{"type":"Topology","transform":{"scale":[0.0003225274165274166,8.571496299999999e-05],"translate":[-176.696676,-14.37374]},"arcs":[[[285458,567377],[25,31],[29,29],[4,-7],[8,3],[-4,12],[21,19],[18,23],[-6,15],[1,22],[15,4],[5,16],[6,4],[10,35],[-5,33],[1,29],[2,0],[5,-1],[8,-8],[4,-11],[4,4],[0,17],[11,14],[5,10],[0,10],[-4,12],[-6,-1],[-6,26],[12,38],[4,-21],[9,0],[6,-21],[3,0],[4,-15],[6,-2],[7,-20],[7,-5],[-10,-20],[10,-6],[7,8],[11,31],[2,28],[4,9],[9,-10],[3,-10],[9,-3],[7,25],[9,3],[14,18],[0,29],[4,22],[0,12],[-6,12],[30,62],[4,33],[-9,27],[1,16],[-7,55],[-3,3],[-9,-15],[-7,7],[9,35],[2,5],[0,1],[-12,48],[3,5],[7,-20],[8,-2],[4,10],[0,75],[18,-11],[0,-22],[-10,1],[11,-35],[12,18],[5,16],[1,30],[-17,6],[1,95],[-8,21],[28,53],[3,23],[-3,6],[0,22],[-3,24],[-10,46],[-5,1],[-4,-16],[-11,13],[-4,-3],[-6,22],[6,30],[-12,16],[-3,-14],[-5,29],[11,9],[-5,16],[0,18],[8,7],[-6,21],[5,2],[-5,39],[-5,22],[-6,-6],[-3,9],[1,29],[2,12],[6,7],[0,9],[14,1],[2,7],[-8,36],[2,15],[5,13]],[[285763,568801],[135,-4],[0,-76]],[[285898,568721],[0,-90],[16,-2],[-10,-57],[-6,-16],[-1,-20],[1,-14],[5,-2],[6,7],[6,-9],[1,-17],[13,-33],[6,-20],[9,-23],[3,-22],[6,-14],[15,-1],[5,-11],[9,12],[0,-34],[-13,-25],[-59,-138],[15,-13],[3,1],[7,-70],[1,-61],[-2,-31],[1,-5],[-5,-9],[1,-16],[44,-1],[3,-35],[-3,-136],[11,-5],[2,29],[6,5],[8,3],[0,-21],[8,28],[4,-14],[5,5],[10,-33],[0,-42],[14,0],[1,-23],[7,21],[6,-6],[0,-40],[8,0],[7,-40],[5,-16],[7,-9],[-2,-37],[-6,3],[-5,-5],[-2,-27],[2,-26],[2,-11],[11,-28],[2,-3],[15,-9],[9,-21],[4,-44],[-2,-10],[-4,4],[-21,5],[-7,10],[-19,49],[-4,1],[-2,-4],[-2,-13],[1,-11],[10,-32],[11,-33],[3,-18],[1,-21],[-2,-14]],[[286077,567363],[-10,-5],[-7,-9],[-5,6],[-7,56],[-4,4],[-14,-11],[-4,-34],[1,-17],[5,-17],[4,-37],[-1,-31],[-10,-26],[-23,20],[-3,19],[-2,2],[-4,13],[-30,-10],[-4,-6],[0,-5],[-1,-51],[4,-54],[1,-36],[-4,-64],[-2,-10],[-3,-20],[-15,-40],[-8,-11],[-17,-3],[-4,-9],[0,3],[-17,-47],[-3,-14],[0,-3],[2,-7],[0,-6],[0,-5],[-4,-28],[-4,-31],[-2,-19],[-7,-79],[-10,-45],[-13,-38],[-4,-17],[-8,-78],[-2,-32],[-4,-75],[-3,-14],[-8,-27],[-4,-22],[-2,-28],[3,-82],[3,-61],[-1,-34],[-3,-34],[-9,-62],[-5,-33]],[[285805,566059],[0,2],[0,-6],[-9,-61],[-3,-18],[-3,-15],[-7,-27],[-2,-13]],[[285781,565921],[-9,28],[-1,14],[0,17],[-4,20],[-11,0],[0,-8],[-1,-3],[-3,0],[-5,16],[-7,19],[-5,17],[-2,10],[2,29],[-1,2],[-2,0],[-3,-3],[-2,1],[-2,3],[-9,19],[-5,6],[-5,16],[-7,13],[-3,9],[-14,23],[-11,32],[-1,1],[-2,1],[-8,-44],[-6,-24],[-8,-22],[-8,-18],[-2,10],[-2,13],[-1,8],[-4,15],[-11,43],[-5,26],[-2,16],[-6,17],[-2,15],[-6,30],[-19,73],[-9,22],[-7,10],[-3,6],[-16,7],[-3,-1],[-15,-2],[-8,-1],[0,16],[-1,6],[-2,20],[-3,12],[-3,1],[-4,-7],[-3,-8],[0,-15],[0,-19],[-1,-23],[-1,-11],[-2,-5],[-4,-1],[-3,8],[-9,24],[-14,19],[-4,-7],[-3,-18],[7,-33],[19,-23],[11,-24],[11,-47],[2,-22],[-1,-36],[-2,0],[-28,-10],[-2,0],[-3,-4],[-1,-5],[-3,0],[-4,-15],[-4,-25],[2,-16],[7,-16],[8,-46],[3,-45],[-1,-55],[-5,-77],[5,-7]],[[285481,565888],[-8,-26],[-3,2],[-16,-11],[-7,1],[-8,33],[-2,27],[-11,70],[-4,8],[-15,-18],[-7,-5],[-11,7],[-13,18],[-9,24]],[[285367,566018],[0,317],[2,27],[4,6],[11,2],[15,-34],[8,0],[1,18],[1,58],[-5,61],[-1,51],[-8,35],[0,27],[12,22],[15,44],[3,20],[24,-1],[0,42],[15,42],[28,0],[3,35],[-1,27],[-3,0],[1,84],[-7,0],[4,29],[4,24],[-2,2],[4,17],[0,5],[-3,2],[-7,-14],[0,20],[-7,0],[-1,86],[-16,0],[0,44],[2,254],[-5,7]],[[286542,559196],[18,0],[-2,18],[4,18],[3,7],[10,25],[3,29],[9,20],[3,18],[4,-1],[8,0],[10,30],[3,24],[5,11],[7,-3],[10,-21],[4,-13],[2,-2],[-15,43],[-9,82],[3,0],[0,18],[0,34],[9,0],[4,16],[5,2],[1,21],[2,4],[5,0],[3,11],[1,-2],[2,12],[5,0],[-1,13],[0,8],[-7,0],[0,55],[-6,29],[-2,28],[1,37],[2,2],[13,0],[-7,33],[0,35]],[[286652,559837],[0,24],[-2,17],[7,8],[19,42],[6,-38],[6,-18],[5,15],[4,6],[-2,3],[0,8],[-1,4],[11,2],[2,4],[1,-13],[7,-10],[7,4],[0,61],[2,-1],[1,-12],[4,-12],[2,-12],[2,15],[18,-52],[4,-19],[2,-3],[15,-3],[5,18],[4,44],[8,34],[11,0],[15,-6],[3,-32],[4,1],[1,15],[2,26],[8,23],[4,41],[4,12],[1,8],[4,16],[5,13],[6,14],[6,52],[1,33],[11,14],[-2,9],[-1,9],[1,6],[2,5],[2,5],[2,7]],[[286879,560224],[0,-2],[0,-2],[-2,-5],[-3,-5],[-1,-16],[2,-10],[0,-2],[0,-2],[-3,-4],[-1,-2],[-1,-3],[0,-4],[11,-21],[24,-16],[4,3],[0,17],[3,7],[4,28],[-1,23],[6,1],[4,13],[4,-3],[9,-75],[2,-5],[5,2],[10,-13],[6,-15],[4,1],[4,12],[9,3],[0,-15],[-6,-11],[-2,-9],[-1,-30],[7,-15],[4,-3],[4,2],[7,7],[15,0],[3,-14],[-1,-25],[3,-15],[12,-11],[0,-20],[4,-11],[11,-9],[4,-26],[6,-12],[-4,-22],[4,-30]],[[287048,559860],[13,-9],[7,-20],[8,-38],[3,-43],[7,0],[7,-12],[2,-23],[8,-6]],[[287103,559709],[-1,-1],[8,-21],[17,-31],[8,-36],[5,-35],[5,-4],[7,-28],[-7,1],[-7,-8],[-1,-16],[4,-20],[-3,-4],[-13,5],[-3,-10],[-13,8],[-7,-8],[-14,-6],[-4,-7],[-9,-5],[-14,-20],[-2,-9],[-4,8],[-20,0],[0,-49],[7,1],[-1,-67],[1,-14],[-5,-7],[-3,6],[-8,1],[-11,30],[-4,3],[-1,-115],[3,-2],[-2,-96],[-10,21],[-20,4],[-1,-84],[0,-64],[-3,-38],[0,-63],[-1,-19],[-1,-26],[-2,-65],[-4,1],[-5,-30],[-7,1],[-8,-12]],[[286949,558779],[-4,-6],[-4,17],[-11,22],[-8,-22],[4,-11],[-6,-18],[-8,-4],[-3,7],[-4,-6],[-3,-19],[0,-1],[-6,-7],[-10,-22],[-2,-15],[-6,11],[6,3],[4,46],[-46,9],[-5,-5],[0,28],[-4,7],[-5,14],[-4,-2],[1,9],[-3,-8],[-3,11],[-15,-15],[-1,-1],[8,-30],[1,-6],[1,-10],[1,-13],[0,-5],[4,-50],[4,-28],[-2,-3],[-2,12],[-5,-32],[-17,31],[-9,13],[-1,-2],[-2,-15],[-15,-27],[-5,-10],[-2,-4],[-20,-41],[-15,-30],[-3,-1],[-11,-5],[-6,-10],[6,-25],[3,-14],[3,-13],[3,-18],[2,-15],[1,-18],[0,-2],[0,-3],[-1,1],[-18,-1],[3,-19],[-2,-30],[-5,-11],[-2,-23],[3,2],[0,-30],[5,-2],[-1,-17],[-6,-28],[7,-3],[0,-16],[8,-37],[9,-6],[-3,-20],[-1,-18],[-8,1],[-11,-13],[-9,5]],[[286693,558162],[-6,-3],[-10,11],[-24,-27],[-15,-26],[-15,-13],[-5,10],[-3,4],[0,85],[1,40],[2,9],[-10,34],[-22,58],[-5,22]],[[286581,558366],[-3,10],[-5,46],[-9,30],[-2,21],[29,7],[3,6],[12,28],[3,9],[-5,4],[-19,44],[10,18],[9,50],[8,2],[-1,18],[-3,0],[-8,27],[-11,8],[-11,-9],[-3,6],[-3,25],[-8,12],[-2,-5],[-12,4],[-2,3],[-2,2],[4,69],[8,48],[-3,1],[-2,-1],[-22,-20],[0,73],[12,0],[10,3],[1,0],[-3,40],[-6,-1],[0,8],[-9,1],[0,16],[-3,10],[-1,6],[-7,5],[-1,5],[-1,12],[0,-2],[-10,-11],[-10,5],[1,38],[3,11],[-7,24],[0,24],[5,0],[18,-1],[4,0],[25,-1],[2,8],[-9,13],[-25,23],[-9,3],[-8,15],[-23,24],[1,24],[28,-1],[0,-6],[33,-1]],[[289205,550380],[-1,-33],[12,-14],[18,4],[17,-30],[3,-11],[7,-41],[6,-12],[9,-1],[5,-20],[8,-16],[5,1],[5,-10],[11,21],[11,-11],[11,12],[11,-34],[4,-15],[12,-4],[11,1],[13,-31],[4,-46],[7,-20],[4,-1],[4,11],[11,3],[11,-21],[6,-1],[2,-12],[7,-5],[5,-20],[2,8],[9,1],[11,-13],[1,-12],[3,4],[3,-19],[6,-5],[14,-79],[6,0],[16,-10],[3,13],[6,-1],[3,23],[6,22],[3,18],[16,7],[7,24],[1,-11],[6,11],[4,0],[0,14],[9,8],[1,13],[8,27],[11,13],[7,-17],[2,-17],[10,-9],[7,20],[6,4]],[[289631,550061],[-4,-22],[-7,-14],[-8,-35],[-3,-82],[-1,-55],[2,-30],[4,13],[16,35],[7,5],[16,-1],[9,15],[6,32],[8,19],[7,-15],[15,-14],[5,-13],[9,-46],[12,27],[13,12],[7,11],[3,-10],[1,-15],[6,-15],[1,-9],[-2,-24],[2,-24],[6,-18],[-5,-5],[-8,4],[-8,-10],[-10,-2],[-4,16],[-6,6],[-11,-33],[-5,5],[-3,-15],[2,-20],[-8,-17],[-4,-27],[-4,-21],[-10,-11],[0,-13],[-10,-10],[-5,-43],[2,-15],[-2,-19],[2,-21],[-8,-30],[-2,-12],[-16,-66],[-4,3],[-3,-29],[-4,-11],[0,-17],[-4,-8],[-3,-29],[3,-21],[3,-3],[9,5],[4,-16],[2,-43],[2,-42],[5,-25],[9,-17],[6,-22],[4,-37],[5,-17],[13,-25]],[[289685,549075],[-2,-7],[5,-52],[0,-70],[-4,-2],[-4,-13],[-5,16],[-2,-7],[-8,17],[-18,-52],[28,-86],[-17,-52],[19,-124],[-22,3],[-5,5],[-10,31],[-2,-31],[-12,-50],[-13,-47],[-1,-48],[-6,-28],[27,-57],[23,-31],[-6,-19],[10,-14],[3,-14],[-22,-67],[-32,103],[-65,-201],[15,-51],[-9,-27],[3,-17],[-3,-10],[5,-30],[-4,-5],[-2,-17],[-11,-18],[-22,42],[-21,36],[-1,-17],[-5,13],[-21,-68],[12,-40],[-16,-2],[-13,-13]],[[289451,547954],[-22,-20],[-16,-9],[-12,-4],[-1,-8],[11,7],[21,-66],[-2,-24],[3,-30],[-12,-33],[-4,1],[-7,-17],[-7,-1],[-13,7],[1,25],[-1,32],[-8,-26],[-15,42],[-9,31],[-4,-14],[-8,21],[1,12],[6,6],[-9,1],[-2,-31],[-1,-87],[-3,-73],[-2,-26],[-2,-32],[2,-22],[11,-37],[-8,-27],[-16,-17],[-2,-8],[-3,-26],[-8,-19],[-10,-42],[-1,-21],[-4,-7],[-4,-4],[-8,8],[-8,1],[-9,-18],[-9,24],[-8,-7],[-4,-14],[-3,5],[-5,-12],[-8,-40],[0,-15],[14,-70],[5,-38],[-2,-24],[0,-49],[2,-21],[-10,-9],[0,-17],[5,-19],[-1,-30],[-4,-21],[0,-27],[-9,-6],[-8,-18],[-10,1],[-12,15],[-7,-21],[-6,-44],[-14,-19],[-1,-24],[6,-12],[1,-12],[-4,-4],[-3,-37],[-3,-29],[2,-19],[0,-109],[-79,-145]],[[289091,546532],[2,90],[2,41],[6,73],[0,25],[-5,58],[-1,22],[6,56],[4,108],[2,19],[10,29],[2,11],[4,47],[4,15],[-3,10],[1,12],[-7,4],[-4,8],[-8,5],[-15,43],[1,23],[2,18],[12,57],[7,22],[28,30],[-3,67],[-2,26],[-7,48],[-16,66],[-7,4],[-12,22],[-8,8],[-4,18],[1,17],[-3,10],[-2,30],[-2,17],[-9,18],[-5,41],[-5,13],[-5,7],[-10,2],[-9,-18],[-5,-1],[-3,-23],[-4,1],[-3,-11],[-2,8],[-1,11],[4,43],[4,9],[4,23],[3,-1],[1,20],[5,15],[0,14],[4,8],[2,31],[5,15],[5,25],[4,20],[4,44],[3,-2],[3,25],[5,14],[1,14],[6,24],[3,2],[1,18],[7,46],[0,14],[2,45],[-3,24],[0,25],[5,28],[1,17],[3,6],[1,25],[5,40],[0,43],[4,19],[5,10],[3,17],[5,12],[8,42],[-1,18],[2,15],[10,29],[4,-7],[5,6],[2,14],[10,34],[8,11],[4,20],[1,33],[7,65],[7,-2],[7,32],[0,29],[0,28],[-8,-9],[-13,-45],[-21,-35],[-8,44],[-1,14],[1,34],[-4,37],[-5,52],[-4,17],[-2,19],[1,25],[6,77],[22,114],[2,6],[11,82],[14,63],[-1,35],[-5,113],[-4,-3],[-16,-27],[-7,-20],[-11,-8],[-9,-16],[-9,18],[-7,25],[-15,46],[-8,20],[-5,17],[-6,7],[-9,19],[-17,56],[4,14],[6,9],[5,23],[7,14],[8,49],[13,19],[3,21],[6,9],[9,2],[6,10],[9,31],[-1,61],[-1,10],[-2,26],[2,20],[5,35],[-1,8],[-10,12],[-9,27],[-1,14],[3,61],[-3,16],[-13,39],[1,7],[-10,193],[1,14],[11,0],[7,4],[4,-3],[23,9],[6,6],[11,1],[16,19],[21,-21],[8,-3],[5,9]],[[285082,565972],[-5,-36],[-2,-47],[2,-48],[5,-59],[4,-76],[-4,-54]],[[285082,565652],[-6,4],[-11,-29],[-1,-6],[4,-23],[-4,-9],[-3,-22],[0,-18],[-5,-12],[1,-10],[-5,-12],[-13,-4],[-6,-15],[-4,8],[2,25],[5,7],[-4,10],[-5,27],[2,18],[-2,4],[-9,-7],[-1,-22],[-8,16],[0,11],[-10,-6],[-2,9],[-5,-1],[2,12],[-4,5],[-3,-11],[1,17],[-6,29],[-3,-7],[-4,9],[0,15],[-7,1],[-3,-9],[-5,12],[-3,32],[5,2],[20,1],[0,6],[-4,44],[1,29],[-1,24],[1,21],[21,0],[0,-19],[13,0],[0,19],[12,0],[-1,-86],[2,4],[10,98],[5,40],[3,15],[8,16],[0,-1],[11,6],[4,6],[4,10],[11,37]],[[284916,568706],[9,-36],[22,-57],[13,-22],[6,-7],[1,-21],[11,-8],[4,2],[12,-7],[15,-39],[12,-40],[5,-12],[15,-20],[11,-24],[15,-27],[1,-36],[-5,-52],[-3,-23],[0,-42],[-4,-13],[-8,-4],[-4,-20],[-1,-22],[3,-6],[2,-31],[-2,-12],[2,-13],[4,-11],[4,-27],[2,-39],[40,0],[-1,-82],[30,0],[0,-133],[-5,-23],[3,-2],[12,53],[5,35],[2,19],[10,0],[3,10],[0,32],[10,-10],[0,-21],[16,-2],[0,80],[86,2],[-1,39],[112,-12]],[[285380,568022],[2,-586],[0,-150],[28,40],[48,51]],[[285367,566018],[-7,39],[-10,37],[-11,13],[-12,-2],[-4,-24],[2,-64],[-3,-28],[-5,-7],[-11,15],[-8,36],[-4,27],[-11,48],[-30,110],[-10,48],[-13,35],[-7,23],[-5,6],[-6,-1],[-24,-32],[-10,-4],[-21,-15]],[[285157,566278],[-6,-11],[-1,22],[-9,30],[1,22],[4,-6],[2,20],[-2,16],[-11,0],[-8,6],[-1,23],[2,-11],[6,-11],[5,14],[6,-6],[6,19],[-1,-11],[12,-47],[-5,-6],[-2,-26],[2,-14],[6,16],[0,-17],[6,13],[3,23],[1,-18],[13,-5],[2,11],[8,6],[-2,13],[-5,-3],[2,13],[-3,14],[-7,-16],[2,28],[-7,9],[10,5],[4,-16],[4,-1],[3,8],[-5,13],[-6,-1],[-3,16],[3,23],[-10,44],[10,-27],[8,-35],[-5,71],[9,9],[3,10],[-1,13],[6,-3],[-1,16],[-5,-2],[3,45],[2,9],[5,-6],[2,15],[-7,36],[-2,25],[12,15],[-2,9],[7,10],[6,1],[6,15],[10,-13],[9,5],[1,26],[-4,20],[3,13],[-5,12],[-2,17],[1,28],[3,6],[2,32],[-1,14],[-9,49],[-9,28],[9,-8],[9,-10],[1,16],[-19,10],[-2,16],[-6,27],[-10,5],[0,21],[-18,5],[0,-25],[-10,-1],[-2,21],[-17,-21],[-3,26],[2,21],[-7,21],[4,18],[0,58],[1,9],[-3,20],[0,23],[-7,41],[-1,-8],[-5,2],[-8,-45],[-8,-36],[-4,-4],[-8,-28],[-2,-47],[0,-3],[2,-4],[1,-5],[0,-4],[-1,-1],[-1,-2],[-3,-1],[-1,-18],[-8,-50],[-3,-8],[-7,1],[-20,10],[-3,57],[-11,55],[-4,-4],[-5,17],[-31,85],[12,-37],[0,-3],[-25,1],[0,0],[-2,-1],[-1,0],[-1,0],[0,-1],[-1,-2],[-5,-8],[2,19],[-4,4],[-7,1],[9,44],[3,16],[0,3],[-16,24],[11,66],[14,41],[5,-18],[7,9],[1,-16],[0,-6],[-18,-83],[0,-1],[21,96],[-4,28],[-5,10],[-12,5],[0,66],[-21,0],[-4,-29],[-15,-54],[-11,-27],[-6,15],[3,36],[2,44],[-2,24],[-1,27],[2,43],[-11,-5],[-5,-2],[-3,-1],[-2,18],[-7,0],[0,29],[-12,-1],[-6,25],[3,35],[-12,2],[-6,-18],[-5,77],[0,8],[4,6],[11,24],[-1,71],[1,18],[-2,49],[1,15],[2,14],[2,6],[-10,10],[0,46],[-15,0],[-7,52],[0,35],[-14,0]],[[284859,568043],[0,24],[4,27],[-4,11],[-10,50],[-5,31],[-11,18],[1,24],[0,6],[10,-12],[15,-3],[4,4],[10,49],[0,94],[22,-1],[0,76],[-14,0],[0,42],[14,-1],[1,85],[14,0],[8,54],[0,15],[-4,27],[8,-1],[-4,15],[-2,29]],[[292121,560150],[6,18],[1,36],[9,-11],[14,-53],[4,-7],[7,3],[5,15],[7,3],[6,-28],[4,-5],[5,24],[-1,32],[4,13],[17,25],[2,11],[-3,42],[3,12],[8,8],[15,-15],[10,34],[9,-13],[3,2],[4,31],[3,6],[7,-1],[10,-51],[9,-1]],[[292289,560280],[4,-18],[-2,-21],[-4,-3],[-5,-18],[-12,-17],[-3,0],[-2,-17],[-5,-12],[-10,0],[-11,-37],[4,-32],[-3,-27],[-5,-21],[0,-10],[8,-17],[9,-11],[3,-13],[4,-40],[5,-14],[2,-26],[8,-20],[-6,-9],[2,-30],[5,-9],[-5,-48],[-5,-8],[1,-18],[7,-50],[5,-14],[1,-19],[-5,0],[-8,-48],[-24,-96],[-7,-32],[5,-10],[9,-38],[8,-52],[6,-32],[5,-40],[-2,-27],[-4,-21],[-2,-20],[1,-58],[-2,-34],[-6,-51],[1,-40],[99,-143],[62,-87],[-15,-31],[-12,-40],[-14,-64],[-7,-19],[-6,-3],[5,-64],[-2,-27],[2,-27],[5,-43],[10,8],[14,-12],[-8,-9],[-7,-17],[0,-32],[8,0],[0,31],[9,-2]],[[292397,558521],[5,-36],[-7,4],[7,-57],[-19,2],[-1,-15],[6,-11],[-6,-14],[38,-132],[3,-64],[-1,-24],[-7,-33],[9,-40],[-11,-17],[1,-4],[2,-20],[3,-5],[13,-13],[6,7],[2,-10],[-5,-9],[-1,-5],[-11,-55],[-9,-65],[-2,-29]],[[292412,557876],[-33,82],[-10,-17],[-10,1],[-44,41],[-2,7],[-12,90],[-9,-72],[-24,27],[-7,-53],[-2,-27],[1,-32],[-7,-8],[-15,-37],[-4,-25],[-4,9],[-9,44],[-6,48],[-2,-1],[-11,6],[10,-96],[7,-36],[-14,-17],[-45,-47],[-10,-9],[1,-24],[-2,-23],[-5,-6],[2,-16],[-4,-11],[5,-19],[34,-103],[-7,-20],[-24,-3],[5,-12],[9,-40],[7,-57],[9,-40],[1,-32],[5,-12],[-4,-24],[5,-34],[0,-71],[0,-12],[-1,-25],[-13,-61],[-10,-28],[1,-10],[-2,-31],[4,-8],[0,-14],[-4,-11],[5,-33],[7,-7],[4,-19],[7,-5],[8,-18],[-1,-23],[-8,1],[-2,-14],[3,-9],[3,-21],[-1,-12],[0,-39],[3,-25],[5,-10],[0,-18],[4,-18],[10,-21],[3,-14],[3,-25],[-2,-15]],[[292213,556662],[-5,4],[-4,-8],[-12,4],[-5,-4],[-8,12],[-15,-12],[-7,17],[-5,-14],[-8,4],[-5,-15],[-9,1],[-4,-7],[-3,14],[-14,-10],[-12,6],[-7,-16],[-8,-6],[-20,-3],[-4,12],[-2,45],[-3,5],[-8,-5],[-9,5],[-12,-11]],[[292024,556680],[-9,21],[-12,39],[-3,21],[-11,12],[-5,0],[-4,9],[-4,33],[-8,15],[-21,30],[-7,-9],[-7,-31],[-5,-2],[-11,-25],[-8,12],[1,24],[-5,34],[3,32],[12,166],[-23,393],[-5,82],[-37,157],[-52,212],[-7,-43],[-3,-38],[-3,-9],[0,-18],[-3,-14],[1,-50],[-7,-16],[-7,-39],[-10,17],[-1,21],[-11,30],[-6,51],[5,16],[4,43],[4,12],[-2,33],[7,15],[4,22],[11,-7],[11,0],[3,32],[-7,62],[-50,458],[-57,-18],[-2,-1]],[[291677,558464],[-2,22],[-5,16],[-3,31],[13,73],[22,-20],[8,9],[15,-3],[-31,294],[-13,-33],[-26,-100],[-6,-46],[-4,-7],[-21,12],[-15,23],[-10,77],[16,22],[8,18],[9,-10],[4,19],[11,32],[8,14],[6,-5],[4,7],[5,48],[13,0],[0,27],[-11,97],[-1,7],[-44,395],[-3,37],[-3,55],[-2,23],[-10,55],[-15,139]],[[291594,559792],[3,-5],[14,-18],[4,5],[-1,12],[3,19],[-3,49],[-6,16],[-1,9],[6,21],[9,-32],[8,-3],[5,-24],[9,-22],[17,5],[4,-3],[11,23],[10,-2],[9,-12],[0,9],[-4,24],[-7,12],[-10,40],[0,27],[4,21],[6,16],[10,-4],[2,4],[6,31],[-6,11],[-5,30],[2,17],[13,18],[6,-4],[4,-41],[0,-34],[8,-18],[5,12],[-1,35],[-6,44],[6,18],[3,2],[8,-11],[6,1],[17,39],[3,1],[6,-16],[6,4],[2,13],[2,47],[5,-2],[3,-14],[0,-28],[3,-34],[5,-20],[7,-9],[4,2],[12,47],[-1,13],[-17,1],[-5,12],[-1,30],[1,37],[1,53],[5,30],[6,-16],[1,-35],[6,-42],[5,-22],[9,-31],[6,-9],[3,8],[6,42],[1,14],[-5,16],[4,7],[10,-3],[6,-9],[5,-7],[3,-19],[7,-88],[7,-18],[1,13],[-5,25],[6,29],[0,36],[4,2],[9,-25],[23,-25],[2,1],[4,16],[7,1],[5,15],[3,65],[0,26],[4,3],[16,-36],[7,-11],[11,-8],[8,2],[9,16],[2,8],[1,25],[-1,34],[2,14],[10,29],[11,41],[4,6],[9,3],[7,-10],[0,-44],[-6,-18],[4,-6],[0,-19],[3,-6],[11,33],[3,7],[12,-33],[5,-2],[9,-16],[6,-7],[10,-24],[-1,-42],[2,-17],[4,-16],[5,-6],[9,-19],[3,6]],[[283412,579791],[-12,-32],[-6,-30],[-6,9],[-9,-16],[-12,-40],[2,-10],[5,-58],[-7,-6],[3,-22],[-1,-25],[-9,-28],[-1,-34],[3,-9],[2,-28],[9,6],[8,-21],[2,-22],[-4,-21],[8,-9],[4,9],[6,-7],[8,-24],[3,-26],[3,-12],[10,-4],[4,15],[5,-5],[5,-20],[7,7],[2,-8],[7,4],[-43,-194]],[[283408,579130],[-2,44],[-10,-6],[-1,8],[3,17],[-7,24],[-3,23],[-7,15],[-5,-20],[-9,-10],[-3,9],[-8,4],[-2,13],[-5,-5],[-5,13],[-9,-4],[-8,14],[-1,15],[-6,14],[-2,21],[-8,9],[-9,35],[1,22],[-9,23],[-4,-13],[4,-16],[-7,2],[-5,-8],[-10,22],[-12,7],[-7,23],[-1,24],[-5,16],[-10,53],[3,38],[-1,12],[8,27],[6,28],[-24,4],[-57,-20],[-17,-48],[-5,-42],[3,-67],[1,-47],[-2,-20],[-10,-15],[-16,-6],[-10,-15],[-5,-14],[-10,-36],[-8,-39],[-5,-35],[-1,-36],[3,-32],[1,-26]],[[283090,579129],[-3,38],[-7,36],[-2,38],[3,25],[7,49],[6,20],[3,39],[7,30],[10,20],[11,2],[-8,20],[-17,-3],[-8,-9],[-5,-12],[-18,-22],[-3,7],[-6,-10],[-5,6],[-12,-10],[-15,10],[7,33],[1,25],[5,28],[-15,50],[-11,-14],[-6,17],[-4,-5],[-19,63],[1,28],[-5,19],[-12,8],[-10,23],[-12,28],[-8,-23],[-5,13],[3,16],[-6,2],[-2,-12],[-15,-13],[-1,35],[-6,-22],[0,16],[-3,1],[-3,-18]],[[286053,579796],[81,83],[30,-2],[0,54],[12,6],[26,-8],[15,3],[-3,35],[1,39],[-11,8],[-7,18],[5,11],[3,23],[6,16],[2,17],[-4,42],[7,19],[-6,8],[-4,26],[-9,-18],[-10,23],[-1,10],[-11,27],[8,16],[-8,53],[1,12],[9,-1],[-9,44],[-1,37],[31,-1],[4,34],[7,4],[31,55],[8,3],[3,32],[-1,26],[12,-4],[6,-29],[0,48],[23,0],[1,27],[-5,13],[-13,-25],[-22,-10],[-5,-9],[-8,5],[-8,36],[-14,51]],[[286225,580653],[18,-1],[0,85],[20,-2],[3,16],[-1,27],[2,9],[8,-7],[7,-26],[14,-23],[-15,34],[-6,24],[-5,37],[-5,-1],[2,6],[2,0],[8,-1],[2,-7],[18,7],[-6,48],[13,11],[1,16],[10,28],[13,9],[-3,21],[2,7],[54,3],[12,-9],[3,9],[10,-3],[0,-13],[6,-1],[-1,48],[-9,-3],[-1,64],[1,6],[8,15],[4,-2],[8,11],[8,-3],[3,11],[6,-1],[9,17],[4,27],[13,-9],[9,20],[2,11],[7,0],[6,20],[11,12],[11,29],[0,18],[13,12],[5,57],[13,28],[7,-2],[9,-5],[3,-3],[0,18],[-1,13],[6,21],[20,23],[4,-3],[9,-33],[7,-5],[5,10],[8,45],[4,14],[9,13],[4,-4],[19,3],[6,17],[-3,41],[-1,32],[-3,31],[14,8],[12,-31],[18,-57],[4,-5]],[[286702,581485],[10,-10],[13,13],[5,31],[3,4],[8,-13],[20,12],[7,22],[7,10],[-1,-34],[7,3],[0,-30],[2,17],[14,32],[4,-13],[5,-3],[-9,-25],[-7,-13],[-1,-22],[-3,-16],[-6,-11],[-10,-4],[4,-16],[22,-33],[12,-13],[2,-16],[8,-31],[-1,-44],[-8,-56],[1,-15],[3,0],[-5,-38],[-5,-8],[-7,-32],[-1,-15],[3,-11],[-2,-30],[4,-20],[2,-35],[-1,-14],[2,-23],[4,-1],[9,0],[19,27],[-4,-20],[-4,2],[4,-23],[-6,-11],[1,-19],[-2,-34],[2,-9],[66,7],[24,-46],[26,-13],[1,-54],[88,13],[2,16],[3,0],[8,-21],[11,-2],[5,14],[6,4],[4,43],[-6,53],[-4,8],[6,13],[9,-10],[-4,17],[2,21],[7,-13],[6,-2],[4,-11],[4,-34],[7,-4],[6,-12],[3,-52],[9,-39],[4,-6],[2,-40],[-4,-18],[3,4],[2,25],[10,18],[4,-23],[5,11],[3,17],[2,-11],[6,-6],[8,-13],[-3,-20],[3,-19],[4,14],[3,-1],[5,-58],[8,-6],[4,-9],[2,14],[3,-13],[17,30],[4,-8],[3,12],[18,-7],[4,21],[4,9],[7,-2],[13,-23],[1,-24],[6,-22],[1,-26],[-2,-14],[2,-12],[6,-8],[7,-30],[3,-11],[15,-19],[11,-29],[7,-4],[3,10],[11,4],[7,-13],[15,-6],[2,-15],[5,-10],[5,0],[4,18],[6,4]],[[287378,580478],[3,-35],[2,-74],[1,-11],[-24,-79],[-12,-62],[-3,-24],[-11,-38],[-4,-4],[-13,-4],[-11,-11],[-1,-8],[-4,-11],[-3,-2],[-5,-1],[-4,-30],[-1,-4],[14,-59],[-5,-15],[-2,-27],[0,-17],[12,-10],[3,-5],[6,-37],[-3,-32],[-6,-22],[0,-24],[-1,-14],[-9,-88],[-1,-57],[3,-11],[19,-18],[7,-13],[16,-92],[-7,-66],[-13,-35],[-4,-7]],[[287317,579431],[-22,-41],[-20,-120],[-31,-98],[-10,-21],[-24,-17],[-22,-34],[-13,-7],[-17,-21],[-2,-3],[-6,-26],[0,-21],[-29,-83],[-18,-33],[-8,14],[-5,-3],[-3,8],[-3,16],[-3,1],[-5,15],[-5,-14],[-2,-8],[-4,9],[-3,-10],[-6,-7],[-4,1],[-2,8],[0,8],[-4,12],[-8,10],[-3,-4],[-4,-15],[-7,-11],[-4,1],[-2,-5],[-4,-34],[3,-43],[-2,-16],[-4,-4],[-6,8],[-9,4],[-12,31],[-10,16],[-11,9],[-25,-3],[-12,-2],[-12,-7],[-4,-23],[-3,-5],[-23,27],[-5,0],[-21,-40],[-4,-20],[-31,-8],[-12,36],[-21,7],[-3,12],[-5,36],[-4,93],[-7,30],[-1,16],[-20,75],[-14,22],[-23,13],[-12,-14],[-13,-37],[-26,-112],[-8,-23],[-31,-43],[-15,-39],[-8,-50],[-47,-83],[-22,-80],[-2,-15],[-15,-25],[-5,3],[-2,10],[-6,-220]],[[286501,578434],[-104,148],[-21,-136],[-24,37],[-7,-40],[-5,-37],[-13,17]],[[286327,578423],[-12,18],[23,152],[-50,74],[12,82],[-70,96],[-22,32],[-2,11],[6,17],[-4,29],[0,17],[-9,22],[3,10],[-2,9],[-6,5],[-9,40],[-5,1],[-12,-16],[-1,14],[-6,-16],[-3,3],[-3,28],[1,33],[-4,6],[-5,47],[1,13],[5,16],[2,43],[-2,31],[-6,18],[-7,1],[-9,-34],[-13,-28],[-7,-34],[-9,-15],[-6,-6],[-6,41],[2,37],[-3,38],[-3,17],[-5,7],[-3,19],[-4,4],[-8,42],[-12,23],[-4,36],[-3,5],[0,40],[-3,16],[-2,6],[-12,4],[-4,12],[-6,-3],[-3,8],[5,10],[11,-1],[-3,21],[0,22],[7,22],[2,21],[10,44],[2,34],[-4,12],[2,9],[8,12],[-2,35],[-4,12],[-3,30],[5,19]],[[287271,552293],[2,280],[1,395],[0,56],[9,-7],[16,7],[10,19],[17,3],[9,33],[1,84],[-7,53],[1,32],[-23,39],[-26,25],[-6,4],[2,616],[3,217],[-1,52],[7,5],[4,-5],[4,16],[10,-3],[9,15],[3,14],[19,33],[2,11],[7,-15],[4,5],[-27,89],[-5,20],[-8,51],[9,9],[5,-2],[6,14],[14,-2],[14,16],[6,12],[9,6],[6,26],[12,16]],[[287389,554532],[4,34],[1,21],[14,-2],[10,6],[8,-32],[8,71],[-8,28],[-1,-2],[-2,66],[14,13],[13,24],[4,11],[11,-2],[2,181],[0,44],[4,1],[-4,56],[25,-18],[7,-22],[11,-16],[9,-20],[10,-8],[11,-1],[18,23],[-1,50],[1,9],[35,-1]],[[287593,555046],[19,0],[10,27],[7,9],[7,28],[13,-6],[-2,-29],[4,-32],[49,-1],[88,8],[18,-5],[10,0],[7,-20],[15,6],[6,-3],[9,-24],[1,-15],[8,-8],[4,-19],[7,5],[10,15],[1,8],[11,-5],[8,-20],[0,-28],[10,-35],[4,1],[1,-35],[9,-28],[8,-2],[8,-23],[-1,-2],[9,-3],[7,-18]],[[287958,554792],[-5,-31],[-2,-23],[3,-53],[-2,-47],[0,-55],[2,-30],[2,-22],[5,-22],[9,-30],[14,-58],[0,-9],[-9,-34],[-1,-37],[2,-40],[2,-53],[-1,-21]],[[287977,554227],[-1,-13],[-1,-49],[-6,27],[-2,38],[2,12],[-3,12],[-13,-19],[-1,-35],[4,-34],[-6,-16],[0,-9],[-3,-22],[-13,65],[-10,-3],[0,-13],[4,-9],[14,-43],[4,-1],[1,-19],[-2,-6],[-14,3],[0,15],[-7,-12],[-15,-2],[-9,-18],[-1,-17],[-3,-7],[-5,8],[-6,-14],[-1,21],[-6,9],[-6,28],[-5,2],[-8,-38],[-4,-35],[1,-17],[-4,-5],[-4,15],[0,34],[-5,8],[-7,-1],[-20,-21],[-7,-16],[0,-30],[-4,-53],[-5,-20],[-11,-30],[6,-25],[-3,-40],[-4,-20],[-1,-222],[-6,1],[0,-31],[5,-22],[1,-21],[4,-6],[0,-24],[-2,0],[0,-42],[8,-74],[41,-56],[5,2],[0,18],[4,52],[10,-16],[3,8],[7,-4],[9,11],[5,-4],[1,11],[7,3],[3,13],[4,-23],[10,-4],[2,-11],[-4,-32],[5,-11],[3,-24],[11,-20],[6,-18],[7,-2],[5,1],[3,-23],[8,8],[1,15],[5,20],[4,-11],[2,-23],[7,11],[5,-3],[7,-30],[12,-10],[7,6],[4,36],[5,-11],[3,-26],[6,-12],[16,-5],[3,14],[8,0],[10,19],[4,-3],[-2,24],[6,12],[6,-13],[-1,-16],[3,-10],[7,17],[4,0],[2,-20],[4,-1],[1,-12],[4,-1],[5,-31],[-5,-3],[4,-7],[0,-32],[9,-27],[3,12],[5,-13],[5,8],[6,-2],[2,-20],[8,-20],[5,-20],[3,13],[7,5],[5,9],[4,-4],[3,-39],[9,-37],[1,-21],[5,6],[4,-23],[7,-13],[5,-19],[0,-18],[5,-27],[3,-41],[-1,-22],[-9,24],[-7,-21],[-2,4],[-8,-23],[-2,14],[-5,19],[-13,-23],[0,6],[-10,-4],[-5,-9],[-10,33],[1,26],[-6,5],[-16,-41],[-5,-26],[-5,1],[-6,-39],[-4,-16],[-4,1],[-3,18],[-5,2],[-3,-13],[-6,19],[-6,5],[0,17],[-10,-20],[-2,9],[-7,-5],[-3,-18],[-10,25],[-6,0],[0,17],[-5,-19],[-5,8],[-7,-23],[0,-20],[-3,-18],[-11,-20],[-8,4],[-10,-9],[-5,-13],[-15,12],[-3,15],[-8,-14],[-13,-6],[-17,-45],[-14,-52],[-2,-18],[6,8],[36,17],[33,-1],[15,24],[20,4],[9,-55],[-11,12],[0,-13],[-12,-40],[-8,-13],[-8,-22],[-12,1],[-2,-22],[-7,-13],[-1,-25],[-6,-10],[-1,-6],[-13,-42],[-3,-3],[-2,-21],[-8,-1],[-7,23],[-6,-3],[-8,-12],[-2,-9],[-8,-9],[-1,-24],[-5,0],[-15,-41],[-3,-15],[-1,-153]],[[287868,552136],[-1,-25],[-3,-10],[-7,-2],[-8,7],[-13,-36],[-8,-14],[-9,-25],[-11,-25],[-9,-12],[-10,-24],[-12,-34],[-4,-17],[0,-11],[5,-38],[-1,-32],[-6,-11],[-2,-50],[0,-43],[-6,-32],[3,-15],[8,-16],[1,-39],[2,-16],[-3,-20],[8,-9],[18,6],[31,-6],[13,3],[14,0],[7,-6],[0,-89],[-37,-34],[-32,-45],[-15,-23],[-2,-7],[-20,-23],[-16,1],[0,-8],[-6,-45],[1,-44],[3,-27],[4,-74],[-2,-30],[0,-26]],[[287743,551110],[-12,-1],[-20,34],[-24,17],[-4,5],[-13,26],[-16,24],[-16,35],[-13,-15],[0,-57],[1,-38],[0,-15],[-7,-31],[-1,-28],[-2,-76],[2,-46],[0,-21],[-9,0],[-36,-1],[-68,4],[0,97],[-30,0],[0,-19]],[[287475,551004],[-3,27],[-7,30],[1,13],[-3,21],[-3,9],[-14,-1],[-10,-17],[-2,21],[-10,13],[1,61],[-2,59],[-8,39],[-6,22],[10,26],[3,46],[-6,10],[0,21],[-23,1],[0,87],[0,53],[8,2],[31,-5],[2,13],[6,19],[18,18],[11,19],[7,16],[9,33],[7,42],[6,21],[10,19],[-4,24],[-12,14],[-7,-21],[-9,12],[-3,17],[-7,16],[-3,-11],[-3,10],[-1,20],[-6,14],[-1,-15],[1,-21],[-8,-3],[-6,-10],[-3,27],[-5,-13],[-5,11],[-4,-6],[-5,6],[-4,-9],[2,-19],[-8,-21],[-6,13],[-1,10],[-9,18],[-6,30],[-8,-4],[-3,21],[-6,-16],[-7,7],[-2,-5],[-10,3],[2,32],[-11,16],[-8,7],[-8,-2],[-4,18],[2,21],[7,12],[0,14],[-2,16],[6,20],[-6,39],[0,11],[-5,25],[1,15],[-19,-9],[-6,7],[-11,37],[-11,10],[-2,14],[-2,-20],[0,-30],[-2,-13],[1,212]],[[287723,559370],[12,27],[0,-2],[3,-9],[-5,-20],[0,1],[-1,5],[-2,2],[-3,-17],[-4,13]],[[286163,561770],[-4,-12],[1,-37],[-2,-4]],[[286158,561717],[-12,37],[-2,19],[0,12],[10,0],[3,11],[2,-10],[4,-16]],[[285489,574335],[3,1],[96,-1],[269,-3],[5,-2],[86,1]],[[285948,574331],[78,0],[1,-19],[4,1],[1,-19],[16,17],[20,-17],[3,4],[33,-29],[-3,-51],[0,-78],[8,-2],[2,-32],[-1,-14],[-9,0],[0,-129],[-1,-44],[4,-1],[0,-26],[4,-38],[-3,-23],[8,-11],[-1,-22],[2,-12],[-1,-18],[1,2],[11,-4],[0,-32],[12,-4],[0,-41],[2,-27],[2,-6],[-1,-49],[7,-28],[-16,-10],[-7,9],[-14,0],[-8,-26],[-5,-4],[0,-39],[3,-10],[-9,-21],[-3,13],[3,-40],[14,-50],[1,-31],[4,-15],[-1,-19],[-6,-31],[9,2],[6,-6],[3,33],[2,9],[5,35],[-4,22],[35,24],[9,25],[-1,-6],[11,-2],[4,16],[10,-8]],[[286192,573449],[-1,-12],[-5,-19],[-5,-31],[-12,-52],[-6,-45],[-3,-47],[-3,-16],[-10,-42],[-5,-29],[-4,-47],[-8,-56],[-3,-16],[-2,-5],[-3,-7],[-18,-29],[1,-5],[-9,-41],[-7,-16],[-10,-43],[-1,3],[-4,-12],[-12,-64],[-5,-14],[-19,-20],[0,5],[-21,-23],[-8,-18],[-10,-35],[4,-1],[-15,-110],[-2,-12],[-12,-66],[-7,-66],[-10,-66],[1,0],[4,-6],[0,-6],[7,-10],[9,-17],[5,-11],[-2,0],[5,-17],[-17,-1],[-1,-3],[0,-2],[-2,0],[0,2],[-1,3]],[[285965,572324],[2,25],[-7,15],[-14,-13],[-5,-15],[-5,-46],[-9,-38]],[[285927,572252],[-3,8],[-21,-71],[-4,-26],[-8,-72],[-5,-38],[-7,-34],[10,-16],[7,-24],[13,-7],[9,16],[11,-3],[0,-32],[-10,0],[0,-32],[10,-8],[0,-16],[-23,0],[-6,26],[-16,12],[-12,23],[-3,-70],[-1,-26],[-2,-16],[-1,1],[-3,-16],[-1,-3]],[[285861,571828],[-10,-39],[-22,-108],[-9,-20],[0,-5],[-8,-381],[0,-253],[-6,-9],[-1,-52],[-6,-34],[-4,14],[-6,8],[5,45],[0,23],[-2,45],[2,35],[11,68],[0,13],[-1,22],[-5,32],[-1,20],[1,32],[-27,21],[-1,-25],[-2,-10],[-8,-6],[-2,-23],[-7,11],[-4,54],[-7,23],[-39,-33],[10,-5],[11,-13],[6,-26],[2,-23],[-11,-50],[-1,-16],[-7,-5],[0,-31],[10,8],[-3,-10],[1,-38],[11,0],[-6,-27],[6,9],[2,-13],[-1,-31],[-6,-17],[-15,27],[-1,-64],[-13,0],[1,-38],[-15,-51],[-5,13],[-12,1],[-9,-25],[-52,32],[2,-30],[-6,-11],[-9,6],[0,16],[-11,49],[0,14],[-7,27],[-1,29],[-6,15],[-11,-3],[-6,12],[-1,26],[-6,38],[-6,14],[-3,17],[-7,24],[-10,8],[-3,25],[-5,-2],[-19,-51],[-5,10],[-11,5],[-7,11],[-7,2],[-9,-10],[-8,5],[-13,-33],[-5,0],[-8,25],[-6,-9],[-6,-33],[-4,-3],[-10,36],[-13,24]],[[285378,571156],[0,4]],[[285378,571160],[0,288],[0,103],[1,96],[-1,227],[0,3],[0,94],[-1,129],[0,21],[-7,739],[2,24],[7,7],[1,31],[8,44],[1,25],[7,55],[-1,15],[13,54],[3,12],[1,18],[6,7],[6,-5],[2,33],[4,45],[1,15],[0,20],[-3,8],[0,15],[8,32],[1,35],[-3,21],[-6,4],[-7,27],[-3,23],[12,35],[4,3],[12,13],[14,34],[15,12],[2,8],[2,32],[12,15],[26,6],[6,62],[7,20],[9,18],[-1,33],[4,25],[0,23],[17,-7],[7,28],[3,31],[-3,22],[9,24],[9,3],[0,16],[5,7],[2,40],[9,15],[2,33],[-2,5],[-2,31],[-3,5],[2,-24],[-4,-13],[-1,30],[-7,21],[-7,13],[-7,40],[5,22],[-9,30],[2,22],[-5,11],[-2,-24],[-11,-11],[-8,0],[-12,25],[-5,17],[1,16],[-8,29],[-11,67],[-15,33],[-4,14]],[[285861,571828],[0,-3],[8,-34],[0,-6],[-8,-52],[-8,-81],[-4,-33],[-1,-47],[-3,-40],[8,4],[11,-36],[10,1],[6,-10],[9,-24],[17,4],[7,17],[6,6],[-5,-34],[-13,-43],[28,12],[4,-5],[10,-30],[7,4],[7,-14],[5,-22],[10,1],[-2,13],[4,1],[6,13],[7,6],[9,-37],[12,-16],[0,16],[22,7],[11,-40],[4,16],[1,30],[5,-1],[0,18],[9,1],[0,14],[13,0],[-3,-32],[12,-1],[5,-21],[0,-32],[-27,0],[0,-42],[27,0],[0,-14],[4,0],[23,0],[0,-10],[9,-12],[7,17],[11,-33],[3,0],[8,-35],[13,-23],[3,-34],[2,-148],[-18,-9],[15,-27],[4,-17],[17,-33],[-3,-46],[4,-11],[-1,-38],[2,-13],[10,-10],[9,9],[3,-15],[6,10],[6,-9],[4,-15]],[[286228,570760],[-131,4],[-1,-12],[-23,8],[-21,-6],[-1,-30],[3,-15],[-3,-33],[-8,-9],[-2,-15],[1,-32],[-6,1],[-1,77],[-16,-1],[-2,-16],[-8,-8],[0,-51],[-28,-1],[0,-76],[28,1],[0,-78],[13,4],[11,27],[13,-9],[1,-19],[-3,-16],[0,-23],[-4,-29],[-4,17],[-12,-14],[-4,0],[-5,-10],[-11,-3],[3,-21],[0,-33],[5,-1],[19,-12],[6,-5],[0,-37],[9,-34],[-12,-32],[0,-15],[-1,-87],[5,-15],[6,-7],[11,-45],[-4,-31],[3,-40],[-3,6],[-8,-23],[-2,0],[-8,26],[0,15],[13,0],[-2,15],[1,12],[-3,1],[-9,13],[1,19],[3,9],[-4,8],[-5,11],[-6,8],[-15,18],[-3,12],[-1,-2],[-4,-17],[14,-29],[2,-17],[1,-38],[-5,12],[-11,-11],[-11,23],[-4,10],[-1,-10],[-4,12],[-8,25],[-5,-5],[-4,-35],[-1,-8],[0,-2],[-4,-8],[-2,-2],[-3,-5],[-2,4],[0,-16],[-6,16],[-4,0],[-1,13],[-10,27],[-9,20],[-35,48],[-1,-17],[0,-7],[0,-15],[-4,-6],[-4,-35],[-5,8],[0,32],[-14,0],[0,-81],[-6,1],[-3,-6],[-7,-1],[0,18],[6,7],[-6,8],[0,98],[-26,0],[0,32],[-4,1],[-11,-21],[2,-9],[-9,-10],[1,-17],[-7,-18],[-26,1],[-3,27],[-8,19],[-7,8],[-9,23],[-4,-12],[-8,-41],[-5,-5],[0,-13],[-5,-27],[6,-22],[-11,-40],[-1,-13],[-8,1],[-12,40],[-10,-10],[-4,-19],[-5,-2],[-9,-23],[-7,13],[-10,-17],[-6,15],[-8,9],[-2,-9],[-10,-5],[-1,-22],[-10,-1],[-6,6],[-2,-10],[-5,-3],[-2,-13],[1,-45],[6,-5],[-2,-20],[-7,9],[-3,-2],[1,-13],[-1,-48],[-4,-22],[8,-25],[7,-35],[-7,0],[-10,14],[-6,1]],[[285573,569759],[0,21],[-7,18],[-5,22],[-7,0],[0,-27],[-24,29],[-1,-18],[-9,14],[-4,18],[-16,29],[-6,-2],[-3,20],[-4,-1],[0,25],[11,-2],[0,41],[-10,0],[-6,38],[5,0],[-1,74],[-29,1],[0,148],[-4,9],[-4,45],[3,28],[-3,13],[-3,28],[-7,40],[-4,32],[-4,19],[-2,52],[-2,21],[-1,34],[-9,11],[-4,37],[-4,19],[3,14],[8,8],[1,18],[-3,15],[0,59],[-6,10],[-3,19],[-4,0],[-4,23],[-23,-1],[0,396]],[[284855,570779],[10,-10],[12,-6],[42,-1],[5,2],[3,8],[-1,1],[-3,31],[0,29],[-1,45],[1,13],[9,20],[7,30],[12,19],[25,2],[8,16],[1,12],[-1,11],[-5,13],[-11,13],[-8,21],[-6,32],[2,30],[3,1],[4,-19],[8,-1],[5,15],[2,18],[7,21],[7,9],[10,55],[6,45],[-2,14],[-10,73],[-4,33],[-2,79]],[[284990,571453],[2,54],[7,-2],[9,11],[13,8],[9,12],[8,-3],[7,-9],[10,-27],[7,-24],[25,-11],[6,11],[1,5],[0,50],[1,31],[0,54],[3,21],[9,-2],[5,5],[11,-2],[8,-11],[26,-16],[13,3],[18,12],[0,-31],[5,-14],[-1,-163],[-26,0],[-1,90],[-25,-1],[0,-164],[80,-2],[0,-90],[12,0],[9,-4],[52,-7],[0,-76],[85,-1]],[[285573,569759],[1,-28],[-1,-58],[21,-1],[0,-60],[6,-22],[0,-93],[-1,-8],[-10,-13],[-7,-23],[-6,-7],[-4,11]],[[285572,569457],[-7,42],[-2,28],[-5,-12],[-7,2],[-23,14],[3,38],[6,46],[9,15],[5,26],[-1,12],[4,16],[-9,-2],[0,9],[-8,-7],[-8,23],[-9,6],[-8,16],[-13,13],[-3,17],[0,-2],[-3,11],[0,50],[-15,6],[-13,-5],[-8,5],[-4,-8],[-10,19],[-7,-4],[-19,60],[-5,4],[-8,16],[-6,-1],[-2,15],[-2,-4],[-3,-42],[-4,-20],[-6,-1],[1,-98],[27,-3],[0,-84],[-29,0],[0,-24],[-9,7],[-13,31],[-3,-9],[-11,-2],[-9,37],[-4,7],[-6,-3],[-4,6],[-1,36],[3,11],[-8,19],[-3,40],[-4,12],[-2,25],[-3,11],[-5,24],[-1,17],[-9,-7],[-6,14],[-1,-22],[-5,-15],[-21,-1],[-7,-30],[5,-41],[-2,-7],[-16,-4],[-5,21],[-3,30],[-3,21],[-6,22],[0,-2],[0,-15],[-2,18],[-10,219],[-1,-1],[-3,0],[-9,4],[-6,6],[-5,-11],[0,-11],[4,-13],[-1,-16],[-8,-19],[-8,-6],[0,-12],[-10,-56],[3,-17],[-3,-6],[-3,-18],[-5,-3],[-4,-23],[-15,-1],[-12,7],[-9,-1],[-14,19],[-3,24],[-5,15],[-6,-4],[-22,26],[-11,22],[-5,34],[-3,-7],[-2,23],[-7,2],[-1,-23],[-5,21],[-6,13],[-4,22],[-9,14],[-5,27],[-11,-1],[-3,-11],[-4,2],[-9,36],[-2,29],[2,12],[-5,12],[-4,24],[-5,-8],[-7,17],[-6,-28],[-8,1],[-1,-15],[-6,-5],[-15,18]],[[284919,570233],[1,22],[-3,3],[3,13],[-2,11],[7,22],[1,40],[4,6],[-7,6],[3,14],[9,12],[1,20],[-4,19],[5,4],[-3,27],[-4,23],[-3,40],[-10,46],[5,10],[-9,8],[-3,10],[-6,-5],[-3,29],[4,14],[-5,8],[-7,-2],[1,-16],[-4,3],[1,33],[-3,6],[-6,-1],[2,-18],[-3,-11],[-3,15],[-7,19],[-3,-12],[-8,35],[-4,3],[-2,35],[-4,7],[-1,23],[6,25]],[[285898,568721],[9,-11],[6,-42],[1,24],[6,-9],[0,-14],[8,16],[0,20],[10,24],[13,42],[8,4],[12,-7],[-2,-30],[-7,-31],[2,-43],[-4,-63],[9,19],[6,-16],[7,-3],[7,40],[7,-7],[7,-19],[14,-19],[1,30],[12,-23],[4,0],[4,5],[0,24],[4,28],[7,28],[5,42],[8,2],[5,13],[11,64],[6,-10],[1,46],[6,27],[0,-76],[39,0],[35,-1],[-1,-53],[1,-31],[26,0],[0,0],[0,60],[9,1],[6,-1],[19,-53],[5,56],[1,24],[1,0],[15,0]],[[286247,568798],[10,0],[0,0],[-9,113],[-3,24],[0,40],[5,32],[2,-17],[1,-57],[3,-12],[0,-1],[2,-8],[0,-3],[0,-5],[10,-4],[12,-25],[6,-35],[-1,-41],[45,0],[-5,28],[-9,38],[-6,18],[-5,4],[-5,-9],[-5,22],[-3,40],[-3,6],[-8,0],[-5,-9],[-3,4],[3,52],[5,16],[1,60],[-2,19],[-10,34],[-1,34],[1,40],[5,-3],[2,6],[1,18],[-7,30],[-1,21],[2,62]],[[286272,569330],[0,23],[3,25],[12,41],[6,9],[19,3],[12,-7]],[[286324,569424],[10,5],[-1,-9],[10,0],[8,-9],[6,-20],[4,-44],[5,10],[11,-39],[22,-39],[15,-46],[13,-12],[7,3],[4,-31],[4,-13],[18,0],[0,-46],[21,0],[10,31],[6,3],[33,-2],[7,8],[12,12],[5,2]],[[286554,569188],[10,0],[1,1],[11,-14],[9,-32],[17,-17],[-3,-41],[2,-17],[8,-16],[-1,-251],[-45,-1],[5,-11],[2,-28],[16,-28],[-4,-4],[4,-15],[-16,0],[0,-172],[-10,-6],[9,-39],[8,-22],[8,-46],[10,14],[10,0],[2,-7],[0,-170],[36,0]],[[286643,568266],[11,-24],[5,18],[7,2],[6,-8],[2,-11],[-1,-20],[1,-24],[6,-42],[7,-67],[-1,-18],[-9,-47],[1,-10],[1,-5],[22,9],[11,-5],[3,-8],[7,-44],[-1,-7],[17,-20],[2,-6],[1,1],[8,-3],[3,-11],[2,-38],[-16,-33],[-9,12],[0,33],[-10,-1],[-7,-8],[3,-9],[1,-28],[-20,-40],[-11,0],[-1,-28],[-5,11],[-12,-19],[-4,-25],[-4,10],[-6,-1],[0,23],[-5,5],[-4,29],[4,12],[-6,7],[-4,-3],[-10,-37],[-5,4],[-6,-13],[-1,-16],[4,-3],[0,-12],[-5,-9],[-3,-12],[0,-2],[-7,-8],[0,1],[1,80],[-28,-41],[-2,-6],[1,-29],[4,-17],[2,-23],[3,-10],[-7,0],[-2,-9],[0,-65],[-12,-28],[0,-16],[5,0],[0,-79],[-7,3],[0,-25],[-5,0],[3,-35],[-1,-13],[4,-18],[-2,-15],[12,-8],[3,-11],[3,-79],[-4,-6],[-7,-33],[0,7],[-10,16],[1,11],[-9,37],[-4,5],[-4,52],[-4,-10],[-5,-30],[-15,-4]],[[286519,567319],[-1,3],[-12,-2],[-4,13],[-10,5],[-7,13],[0,14],[-27,-1],[0,-83],[-5,0],[-14,42],[0,40],[-24,10],[6,-38],[-19,28],[-3,1],[-1,0],[-13,-16],[-5,49],[0,13],[6,15],[5,-22],[3,28],[10,13],[-6,20],[-6,32],[0,22],[8,9],[-2,14],[-27,0],[0,38],[-13,-22],[0,-21],[-13,0],[0,-126],[-14,0],[0,-54],[-4,-11],[1,-21],[-2,-2],[-3,-2],[-6,0],[-3,1],[-1,11],[-5,1],[0,8],[-5,6],[0,18],[-10,0],[-1,-31],[-2,0],[0,-17],[-3,-4],[-6,30],[-6,1],[0,23],[-13,6],[0,-11],[-27,-1],[0,116],[-4,3],[1,11],[-3,14],[-2,33],[-9,28],[-6,35],[-7,13],[-3,18],[1,19],[-5,11],[0,25],[-4,15],[-8,8],[-10,25],[-7,-15],[-6,1],[-9,-16],[-5,-17],[-3,-21],[3,-51],[0,-7],[-2,-10],[-3,-7],[-20,-1],[-9,5],[-9,12],[-12,9],[-21,2],[-2,-7],[-1,-25],[5,-31],[13,-29],[6,-1],[9,-10],[9,-24],[4,-34],[-1,-16],[-2,-5],[-17,3],[-8,3],[-8,12],[-9,26],[-11,24],[-4,-2],[-2,-18],[23,-69],[2,-16],[2,-21],[-1,-9],[-3,-9],[0,2]],[[291193,550474],[10,-17],[29,5],[14,13],[15,1],[4,8],[22,14],[-2,-19],[10,-9],[-4,-14],[3,-20],[-1,-25],[7,-21],[12,-25],[4,-26],[0,-16],[7,-38],[7,-2],[8,-22],[0,-22],[-3,-29],[-4,-13],[1,-12],[10,-14],[0,-31],[36,15],[15,22],[10,-8],[4,8],[39,78],[51,63],[43,-161],[-3,28],[-4,109],[19,17],[8,10],[11,26],[3,11],[25,-53],[6,-20],[5,10],[-3,14],[4,37],[-12,58],[-20,56],[-2,39],[-4,16],[-8,-13],[-9,53],[13,38],[8,-33],[6,28],[6,9],[3,18],[-8,12],[10,16],[5,-1],[-3,20],[21,50],[11,14]],[[290797,549333],[10,10],[6,15],[9,14],[2,11],[9,15],[0,19],[4,23],[6,19],[0,13],[13,43],[1,45],[3,33],[-1,24],[-3,35],[1,11],[-3,27],[1,18],[4,7],[4,22],[6,0],[18,20],[6,29],[2,31],[3,9],[3,38],[3,13],[2,62],[8,2],[5,8],[20,63],[9,-3],[10,-15],[11,-8],[6,-15],[12,-20],[17,-5],[7,28],[5,41],[4,14],[11,4],[3,14],[13,38],[5,12],[26,-28],[0,53],[32,26],[9,15],[6,34],[9,45],[12,29],[7,36],[13,33],[4,19],[13,-10],[9,-22],[-2,26],[5,31],[2,24],[-4,24],[0,42]],[[286148,556203],[2,13],[9,37],[11,-12],[3,-20],[-1,-14],[4,-1],[1,18],[5,11],[-1,24],[3,20],[5,2],[0,12],[0,45],[-2,21],[1,27],[12,-17],[8,10],[1,17],[7,26],[-4,28],[3,21],[-3,6],[2,32],[-3,25],[-4,7],[1,19],[-7,2],[-5,27],[7,20],[-4,12],[3,26],[4,-5],[4,26],[5,-21],[3,-4],[1,15],[-2,5],[3,15],[0,14],[-5,33],[-4,44],[-7,32]],[[286204,556801],[104,1],[30,0],[13,0],[78,0],[0,-37],[-17,-23],[-5,-13],[-7,-30],[1,-38],[4,-1],[7,-36],[17,2],[0,-20],[10,0],[0,-20],[5,-7],[5,-20],[11,-15],[12,-4],[2,10],[15,47],[0,9],[-1,53],[5,0],[5,-18],[9,-4],[-2,28],[2,2]],[[286507,556667],[3,-27],[5,11],[2,9]],[[286517,556660],[18,-19],[17,4],[11,-20],[5,24],[21,54],[2,-25],[4,-25],[28,-1],[1,14],[12,-9],[0,17],[5,0],[-1,-65],[0,-2],[57,0],[4,9],[-1,15],[4,21],[6,-4],[3,-14],[-1,-16],[4,10],[3,-8],[2,-13],[15,0]],[[286736,556607],[5,-19],[24,-70],[7,-31],[7,-27],[9,-7],[3,6],[3,8],[10,-12],[8,10],[14,-13],[7,-17],[7,36],[0,38],[11,-6],[3,1],[3,32],[1,73],[6,0],[100,-362],[6,7],[4,2],[0,-33],[15,-53],[7,-42],[10,-11],[10,-38],[6,-15],[7,0],[7,-7],[3,-11],[-8,-46],[-7,-15],[-1,-57],[2,-3],[23,-2],[7,2],[0,24],[-12,0],[0,21],[15,4],[0,51],[11,0],[6,-69],[4,-36],[10,-56]],[[287089,555864],[-20,-71],[-36,-135]],[[287033,555658],[-6,7],[-7,28],[-12,-7],[-2,-9],[0,-22],[-18,43],[-10,-19],[-11,32],[-2,-38],[-16,-39],[3,-12],[-56,-129],[-10,-22],[-16,-21],[-22,-3],[-33,9],[0,-102],[-32,0],[-2,87],[-11,26],[-11,-1],[-12,-9],[-18,-26],[-7,-8],[-3,-2],[-17,-8],[0,1],[-15,-8],[0,0],[-1,0],[-12,-3],[-5,4],[-5,9],[-19,60],[0,0],[-22,76],[-9,18],[-5,0],[0,-15],[-15,1],[0,16],[-5,0],[0,0],[-5,-3],[-5,2],[-15,-5],[-15,1],[-31,-3],[0,12],[-30,0],[-3,0],[0,0],[-2,0],[-7,-1],[-5,-3],[-6,-7],[-11,-22],[-8,-14],[-32,-47],[-7,-5],[-22,1],[-39,24],[-9,0],[-12,-2],[0,-10],[0,-3],[0,-1],[-2,-1],[0,1],[0,3],[0,11],[-13,-1],[-10,0],[-22,1]],[[286278,555500],[-25,0],[-4,-8]],[[286249,555492],[-4,-8],[-22,-2],[-1,9],[-1,0],[0,-36],[-33,0],[0,-40],[-12,-4],[-17,2],[-1,11],[-16,-1],[-5,8],[-8,4],[-5,12],[-12,11],[-6,-7],[-6,-14],[0,-128],[-28,0]],[[286072,555309],[-10,1],[-11,31],[-6,8]],[[286045,555349],[-1,18],[4,38],[8,12],[2,21],[2,5],[-5,22],[1,5],[3,4],[4,-7],[2,9],[-3,15],[5,7],[5,25],[6,17],[4,22],[8,13],[-5,26],[-2,-7],[-4,20],[-7,10],[-8,58],[0,5],[3,13],[-4,37],[2,25],[4,-4],[3,32],[-1,23],[2,9],[-4,43],[5,8],[-2,5],[0,26],[5,-1],[-1,14],[6,15],[4,20],[-1,14],[6,18],[5,47],[7,1],[4,8],[-3,40],[0,14],[6,2],[-2,17],[8,-9],[4,6],[6,-8],[1,24],[5,-10],[2,10],[6,-7],[1,21],[3,9],[-3,22],[6,9],[1,23]],[[280013,565923],[20,110],[-6,11],[-10,33],[16,1],[4,25],[8,-22],[21,64],[1,16],[0,45],[11,0],[6,-22],[3,-2],[29,31],[6,8],[5,9],[2,-27],[13,6],[4,-41],[6,2],[17,2],[5,9],[10,26],[21,-26],[4,-11],[2,-7],[4,-22],[5,-6],[18,-10],[6,9],[0,73],[-5,0],[2,25],[5,31],[7,31],[-8,0],[0,17],[0,21],[-11,0],[0,16],[-7,0],[0,11],[-6,8],[-4,4],[0,10],[22,0],[12,22],[4,49],[-1,28],[4,4],[0,28],[-9,-1],[0,31],[-3,0],[15,63],[5,-27],[3,-1],[13,28],[13,7],[10,-3],[-2,17],[-5,38],[4,-8],[9,-3],[18,-21],[-3,37],[0,131],[14,0],[0,32]],[[280340,566832],[5,-16],[0,-25],[1,-5],[7,14],[9,32],[2,-3],[8,-3],[-3,-12],[1,-5],[2,-6],[2,0],[2,4],[5,-14],[5,-20],[8,-17],[22,-30],[5,-12],[24,29],[3,17],[3,13],[12,31],[7,25],[11,23],[2,-13],[5,-9],[7,5],[17,35],[7,-3],[5,-19],[10,6],[9,-10],[4,-16],[11,-19],[1,7],[8,45],[5,-2],[1,18],[4,4],[6,22],[8,12],[7,-2],[8,11],[2,0],[4,0],[0,17],[0,23],[1,37],[2,12],[25,0],[0,14],[0,14],[4,2],[5,4],[2,4],[16,-8],[15,-22],[5,5],[1,45],[8,-1],[-1,-37],[7,5],[-4,44],[3,10]],[[280701,567092],[2,-2],[2,-16],[4,0],[-1,28],[-1,11],[2,11],[-3,5],[1,10],[7,15],[-17,1],[3,35],[0,7],[-2,0],[-10,0],[9,33],[-2,10],[-11,0],[0,16],[25,52],[7,17],[2,-8],[0,-22],[5,17],[27,14],[0,-28],[-3,-18],[7,-1],[5,14],[15,67],[6,4],[21,-2],[0,-41],[5,-6],[14,24],[4,13],[0,24],[0,28],[-8,7],[-4,37],[-7,-6],[-6,-27],[-4,-5],[-4,15],[-3,32],[40,73],[3,22],[0,124],[22,-15],[19,-7],[0,-172]],[[280872,567482],[6,-10],[11,10],[9,1],[6,-25],[2,-56],[0,-55],[6,-26],[1,-15],[-3,-25],[8,-52],[0,-13],[7,-35],[-10,0],[-5,-33],[-5,-17],[7,9],[2,-33],[4,0],[3,17],[5,-6],[15,19],[2,-9],[-6,-8],[-1,-16],[8,-3],[4,-7],[1,17],[18,12],[3,21]],[[280970,567144],[2,21],[3,-9],[4,-36],[13,5],[8,16],[4,-1],[7,13],[0,16],[13,-3],[16,-46],[5,11],[15,8],[11,13],[21,-2],[1,-58],[0,-34],[43,34],[10,4],[18,-14],[0,-17],[11,0],[1,-42],[13,0],[0,-65],[2,15],[7,21],[5,7],[0,-141],[0,-53],[-2,-21],[7,3]],[[281208,566789],[-15,-28],[-1,-22],[-13,-56],[-2,0]],[[281177,566683],[-82,1],[0,46],[-11,-5],[-6,-16],[-8,-10],[-5,1],[-4,-16],[-70,6],[-4,2],[-56,2],[-54,4],[1,-86],[0,-39],[1,-44],[-29,2],[-12,1],[-42,4],[-16,1],[-7,0],[-3,1],[-16,1],[-6,0],[-17,1],[-12,1],[-6,35],[-9,5],[1,-15],[2,-11],[2,-14],[-6,1],[-15,1],[-2,-3],[-1,-5],[-2,-3],[-2,0],[-9,-16],[-5,-20],[-3,-9],[-3,14],[-9,1],[-8,-18],[-9,12],[-12,3],[-9,-21],[-9,-6],[0,-7],[-9,-32],[-3,-2],[-6,-10],[-2,0],[-164,-466],[-52,-147],[-95,-271],[-9,-25]],[[280265,565512],[-4,29],[-13,34],[-9,40],[-2,27],[-3,18],[-6,14],[-9,11],[-9,17],[-5,24],[-37,145],[24,1],[-4,34],[-4,-15],[-5,18],[-5,38],[0,28],[-5,-3],[-4,12],[-4,-6],[-9,25],[-9,1],[0,-18],[-3,-9],[-13,-25],[-10,13],[5,-57],[0,-32],[-14,0],[0,-10],[10,0],[0,-21],[10,0],[-10,-26],[-16,5],[-11,-39],[-4,-46],[-5,-13],[-7,36],[-8,-18],[-1,20],[-5,4],[-7,-7],[-13,-56],[-6,-19],[-11,-11],[-3,22],[2,7],[12,16],[3,18],[-1,12],[-7,9],[-3,24],[1,24],[10,15],[1,21],[-2,10],[-9,-1],[-11,-13],[-6,2],[-2,12],[1,16],[10,7],[5,23],[-1,28],[-11,-4]],[[280872,567482],[-10,9],[-3,0],[0,-132],[4,-2],[10,5],[-1,120]],[[292239,567713],[11,-19],[20,-57],[17,-50],[4,23],[13,41],[7,5],[6,23],[6,32],[4,8],[9,3],[8,12],[11,44],[13,26],[12,-13],[19,2],[7,-40],[12,16],[2,6],[18,-1]],[[292438,567774],[17,1],[0,-180],[7,3],[14,-8],[9,18],[8,-7],[12,5],[4,-12],[22,13],[2,-26],[7,-9],[28,45],[14,14]],[[292582,567631],[2,-6],[17,-28],[1,-28],[4,-18],[-4,-36],[-8,-35],[-4,-32],[0,-37],[8,-21],[3,5],[3,-27],[7,-15],[3,-18],[1,-31],[7,-44],[4,-5],[7,6],[11,-10],[-1,-23],[4,-15],[11,-20],[4,1],[9,-12],[18,60],[6,16],[0,8],[6,21],[3,24],[-2,19],[11,-49],[6,-34],[12,40],[18,74],[28,-119],[8,-33],[41,-221],[12,-59],[3,-39]],[[292841,566890],[-10,-23],[-12,-44],[-3,7],[-11,-9],[-4,8],[-4,-28],[-8,-8],[-6,18],[-6,-19],[3,-53],[5,-31],[16,-46],[8,-12],[28,-12],[6,-7],[18,-34],[2,-5],[0,-16]],[[292863,566576],[0,-47],[-3,-15],[-13,-31],[-5,8],[-9,-14],[-14,24],[-4,-21],[-7,10],[-7,-28],[-2,-16],[-11,14],[-8,-41],[-6,-12],[3,-23],[-1,-14],[3,-13],[-6,-12],[5,-21],[1,-24],[-2,-23],[4,-30],[2,-46],[8,-6],[-1,-16],[-11,6],[-3,-22],[-10,-38],[-11,-17],[-3,-15],[-7,-14],[-5,-23],[0,-17],[4,-36],[4,3],[3,-17]],[[292751,565989],[-19,-17],[-12,13],[-4,0],[-13,-9],[-4,-17],[-5,-6],[-6,6],[-2,-16],[-8,-19],[-6,3],[-5,-31],[-1,-29],[4,-16],[-11,-26],[6,-33],[-6,-43],[3,-33],[-4,-19],[-3,-6],[-2,-17],[4,-7],[2,-7],[-2,-18],[-4,-12],[5,-27],[0,-33],[-2,-2],[-7,-60],[-4,-21],[-8,-7],[-7,-1],[-9,-13],[-2,-16],[1,-24],[5,-22],[-8,-6],[-4,-14],[4,-14],[12,-12],[17,-3],[17,-41],[9,-12],[-2,-6],[-76,-192]],[[292594,565104],[-9,-5],[0,-14],[-4,-30],[3,-6],[0,-24],[3,-11],[-2,-23],[-12,-29],[-1,-16],[-6,-18],[-3,-44],[2,-32],[-1,-13],[2,-17],[-11,-62],[13,-10],[-6,-32],[3,-11],[3,-27],[-1,-10],[-7,3],[-3,-18],[-5,-5],[-6,5],[-7,-47],[-12,-17],[-12,-13],[-8,3],[-12,-4],[4,-23],[-10,-14],[-14,-11],[-2,-7],[-2,-1],[-9,36],[-25,44],[-4,12],[-5,37],[-15,78],[-1,18],[-6,47],[21,67],[4,24],[3,70],[5,72],[-68,10],[-156,22],[-4,-13],[7,-31],[6,-18],[17,-31],[17,-35],[25,-22],[6,-24]],[[292289,564884],[-13,-38],[-15,-34],[-12,-14],[-9,-4],[-15,-22],[0,42],[-2,20],[-9,27],[-7,12],[3,41],[-8,0],[-8,11],[-15,-19],[-7,2],[-3,45],[-3,25],[-2,43],[-9,35],[-6,47],[-1,19],[-4,10],[-1,20],[2,5],[-1,23],[-3,0],[1,23],[-2,22],[-5,4],[1,9],[-23,57],[-4,8],[-8,-28],[-3,43],[2,77],[-1,26],[-5,63],[1,28],[-7,37],[-1,72],[2,40],[-15,-1],[12,43],[-6,16],[-7,-11],[-7,6],[-4,-23],[-9,-12],[8,-27],[-39,-6],[-6,45],[8,40],[-2,22],[-4,2],[-9,29],[0,26],[-4,26],[-5,7],[1,28],[-3,-4],[-12,4],[0,37],[1,12],[4,9],[-3,15],[2,24],[-2,6],[-17,12],[3,45],[-3,71],[0,39],[-21,65],[-11,-8],[-3,-36],[-10,-49],[1,-39],[-2,-32],[-20,-13],[-6,-10],[-19,58],[-10,18],[-5,-1],[-3,26],[-23,-23],[0,43],[2,25],[5,33],[-7,33],[-4,50],[-2,25],[-7,41],[-3,42],[0,26],[-4,32],[-4,19],[-17,72],[-13,67],[-17,63],[-4,30],[1,39],[-1,14],[-4,-20],[-6,-68],[-3,-10],[-5,-7],[-31,13]],[[291715,566659],[7,11],[-1,57],[3,24],[5,2],[6,16],[4,-1],[6,32],[2,33],[-4,45],[-22,-6],[-67,-30],[1,8],[-2,24],[12,9],[-3,15],[3,27],[-2,27],[-2,8],[7,4],[4,-7],[3,17],[-6,86],[4,1],[3,28],[-4,29],[-11,26],[8,-1],[-5,33],[8,17],[0,21],[1,9],[-5,45],[1,19],[9,17],[-1,-30],[6,-18],[13,-15],[10,5],[9,50],[-1,22],[-4,1],[-12,22],[3,4],[5,6],[-7,7],[5,7],[7,25],[3,-8],[3,12],[-5,-2],[-6,19],[0,21],[3,-14],[9,3],[4,9],[1,34],[4,25],[-7,3],[-9,-11],[-5,11],[-1,15],[4,-9],[11,3],[-2,43],[8,-35],[3,2],[1,24],[-1,35],[-8,1],[-3,20],[7,5],[1,-13],[8,4],[-7,8],[1,9],[6,2],[-8,41],[7,-14],[2,-19],[13,-10],[4,-33],[2,58],[-4,4],[-3,25],[5,-8],[15,-2],[-5,19],[5,21],[-5,-2],[-1,13],[12,8],[0,9],[-8,-3],[-11,8],[11,3],[-6,10],[12,29],[1,16],[-3,9],[-9,1],[5,4],[-1,16],[5,-15],[5,-2],[4,-40],[8,40],[-3,24],[4,1],[4,22],[-4,16],[6,-6],[4,21],[-5,25],[8,-7],[0,14],[-3,26],[6,-20],[3,15],[-4,22],[10,-18],[7,19],[-4,13],[6,25],[-2,6],[-10,-20],[4,23],[0,15],[4,-10],[7,-5],[-5,-34],[3,-11],[6,14],[7,-7],[4,7],[4,-3],[8,3],[9,-26],[8,-9],[8,18],[16,27],[11,4],[7,-5],[16,-73],[-2,-42],[-8,-32],[0,-34],[3,-22],[-13,-3],[7,-35],[-6,-14],[-17,11],[-1,-8],[9,-47],[5,-23],[7,14],[12,-18],[5,-45],[-1,-36],[1,-16],[7,-27],[5,-8],[0,-24],[2,-26],[5,-40],[9,-14],[9,-30],[10,0],[14,-34],[7,1],[7,10],[1,44],[-3,33],[-5,-3],[-7,9],[-11,43],[-7,12],[-5,24],[-3,50],[-4,20],[-7,21],[-9,32],[-22,51],[4,28],[3,10],[1,6],[21,52],[-10,49],[11,1],[3,5],[5,-21],[11,-18],[16,2],[5,-7],[5,-31],[9,-21],[6,6],[7,14],[7,-2],[7,14],[6,-16],[5,-24],[4,-4],[6,11],[6,0],[5,-30],[14,-39],[12,-14],[-2,-38],[7,-5],[2,-60],[0,-55],[7,-37],[8,-20],[20,-86],[10,-17],[9,-6],[5,-10],[17,-8],[5,1],[2,-5],[0,36],[1,47],[5,30],[8,8],[8,17],[5,-1],[6,9],[-1,21],[-3,17],[6,24],[6,4],[6,20],[2,16],[12,17],[1,44],[-7,29],[-1,11],[5,26],[1,21]],[[281208,566789],[4,16],[-2,17],[9,11],[2,21],[18,53],[6,27],[6,17],[8,44],[2,15],[5,5],[4,31],[6,20],[3,42],[0,19],[-6,3],[4,12],[-1,38],[6,-23],[3,-2],[3,0],[11,33],[4,24],[8,32],[14,44],[3,17],[12,38],[1,14],[5,9],[3,19],[7,30],[-1,10],[7,31],[1,14],[7,13],[10,60],[13,36],[2,24],[7,19]],[[281402,567622],[10,42],[5,28],[7,28],[3,26],[9,62],[1,27],[8,39],[9,53],[-2,10],[-9,-6],[-5,-20],[5,39],[2,10],[4,64],[-2,11],[-2,33],[6,48],[8,33],[14,7],[7,13],[5,28],[7,5],[4,59],[0,51],[5,54],[-14,-6],[-13,2],[-6,-6],[-1,22],[24,39],[17,33],[0,14],[1,7],[0,8],[2,1],[6,-1],[2,-1],[65,228],[-9,34],[17,19],[11,7],[-1,71],[-13,3],[-8,21],[-6,26],[-9,13],[-6,23],[-5,8],[-5,-2],[-1,25],[1,37],[-1,18],[8,-7],[16,-37],[-10,61],[0,27],[-7,66],[2,54]],[[281558,569173],[13,-6],[1,-23],[7,-8],[6,4],[8,-4],[7,95],[1,51],[-1,4],[-2,21],[21,30],[30,21],[3,4],[18,50],[13,-61],[6,-49],[-14,-38],[-1,-9],[8,3],[7,-8],[11,-31],[2,-67],[3,-43],[2,-15],[-1,-25],[-5,-21],[-2,-19],[-4,2],[-1,-15],[-7,-17],[-3,-21],[-10,-38],[0,-26],[8,7],[10,16],[3,44],[8,20],[4,15],[9,-27],[11,-8],[12,-53],[6,-20],[13,-26],[10,-39],[8,-65],[7,-43],[-5,-44],[0,-45],[-10,-81],[-6,-28],[-14,27],[-3,-19],[5,-6],[5,-24],[0,-17],[4,-5],[3,37],[4,21],[8,11],[10,-2],[2,12],[-3,12],[0,36],[14,-17],[-17,-66],[-28,-124],[-8,-46],[-4,-17],[-16,-57],[3,-7],[3,-9],[34,175],[9,40],[14,55],[24,88],[8,35],[20,131],[24,142],[2,0]],[[281865,568943],[10,-11],[8,-2],[17,-42],[8,-10],[3,-20],[-19,-114],[-18,-112],[6,-13],[-5,-32],[-14,-92],[-75,-308],[-18,-96],[1,-5],[0,-19],[6,-34],[-4,-4],[-2,-19],[0,-45],[-14,1],[0,-84],[-7,0],[-6,-38],[16,-26],[-1,-31],[5,11],[15,-2],[12,-34],[5,-5],[15,-5],[1,61],[3,14],[6,-7],[9,-44],[9,-22],[16,-2],[9,11],[2,6],[10,31],[4,10],[1,-38],[-3,-30],[-5,-9],[0,-15],[28,2],[1,27],[8,21],[3,21],[5,3],[7,-6],[12,-20],[4,16],[7,3],[3,10],[24,-20]],[[281973,567775],[0,-13],[14,-59],[-5,-6],[-22,-47],[2,-92],[-11,-36],[6,-4],[4,-30],[-4,-16],[-3,-31]],[[281954,567441],[-7,-2],[-12,32],[-15,-48],[-11,-2],[-1,-5],[-1,51],[-26,0],[0,-47],[13,0],[0,-41],[0,-127],[-14,-1],[0,-35],[-4,-9],[-15,2],[-17,-7],[-5,-7],[1,-81],[11,-14],[-5,-25],[-4,-5],[-1,-20],[2,-9],[0,-47],[-2,-35],[1,-6],[-2,-7],[-14,-6],[1,-11],[-11,-17],[-8,75],[-14,35],[-6,-18],[5,-22],[7,-25],[1,-189],[2,-28],[-1,-202],[-41,-2],[0,-52],[-14,0],[1,-206],[-16,-33],[-13,-51],[-24,-61]],[[281695,566133],[-2,246]],[[281693,566379],[-1,89],[-9,-23],[-15,-5],[-5,-46],[0,-21],[-7,-42],[-9,-15],[-11,-38],[-6,-8],[-17,-31],[-5,-18],[-9,-14],[-11,-27],[-7,-43],[-12,-41],[-7,-47],[-8,-27],[-9,-16],[-8,3],[-6,15],[-4,-20],[-7,1],[-2,-16],[-9,-22],[-1,15],[4,17],[-2,26],[-9,22],[-7,33],[-3,27],[-1,28],[-6,46],[-2,18],[-5,24]],[[281477,566223],[8,47],[5,20],[14,12],[6,-32],[6,13],[16,26],[-1,101],[-1,34],[-12,40],[2,20],[3,17],[1,25],[9,42],[12,27],[2,20],[-6,22],[0,13],[-8,20],[-5,25],[-6,57],[-26,2],[-31,-79],[-1,-7],[-110,-3],[-2,32],[4,11],[5,-10],[4,14],[-3,9],[17,35],[2,43],[-9,-10],[-3,38],[-4,3],[-3,59],[-3,81],[-1,35],[-6,24],[-5,8],[-11,35],[-7,5],[-24,-15],[-5,24],[-11,-55],[-7,-24],[-6,-10],[-6,-32],[-8,-65],[0,-17],[-5,-47],[-5,1],[-7,-14],[-8,-32],[-3,5],[-16,-9],[-4,-19],[-11,-19],[5,20]],[[281257,555707],[-4,-23],[2,-19],[14,11],[3,-7],[1,-26],[-6,-36],[-4,-47],[4,-15],[-5,-3],[-3,-14],[8,-11],[9,-30],[0,-40],[1,-15],[1,-36],[5,-33],[2,-51],[3,-17],[1,-26],[-4,-14],[0,-24],[27,-34],[33,-70]],[[281345,555127],[-4,-3],[-6,8],[-8,19],[-9,2],[-11,16],[-5,-3],[-6,9],[-9,2],[-12,11],[-9,3],[-9,21],[-6,43],[5,6],[-9,41],[-5,5],[-14,31],[-1,13],[-7,26],[-5,42],[-4,21],[-2,42],[-6,34],[0,34],[-4,2],[4,22],[4,9],[6,1],[6,39],[4,7],[5,0],[10,-18],[5,3],[3,12],[0,24],[-3,12],[4,33],[5,-9],[5,20]],[[280786,554784],[59,76],[8,9],[21,10],[28,11],[22,32],[11,6],[28,-5],[12,3],[7,10],[11,21],[10,12],[7,3],[8,-6],[15,-48],[6,-7],[6,-2],[18,14],[-1,-19],[5,-19],[-1,-31],[7,-30],[8,-10],[1,-11],[10,-23],[4,10],[-1,48],[4,28],[10,27],[29,34],[5,2],[15,-3],[8,2],[9,-17],[3,12],[8,11],[13,-20],[5,-20],[-1,16],[8,19],[5,21],[9,25],[4,0],[4,-24],[6,-24],[18,-8],[3,11],[11,-5],[9,12],[11,-11],[0,11],[47,1]],[[281338,554938],[5,-15],[14,-26],[10,11],[10,-20],[15,-1],[0,16],[11,-1]],[[281403,554902],[6,-5],[-4,-19],[-6,-12],[-5,-31],[2,-17],[4,9],[16,44],[12,-25],[6,-31],[-3,-18],[-9,-44],[8,-37],[7,-27],[2,-15],[-14,17],[-7,18],[-2,-9],[6,-45],[-8,-34],[-3,-3],[1,-13],[14,-13],[7,-25],[0,-14],[-3,-12],[-14,32],[-7,22],[-5,-3],[-3,-14],[7,-19],[8,-42],[-2,-16],[-5,-8],[-6,6],[-1,30],[-5,-4],[6,-60],[-3,-12],[-5,-6],[-3,-14],[5,-30],[-4,-10],[-5,3],[-10,-17],[8,-12],[0,-25],[-6,-41],[11,-54],[7,-46],[0,-10],[1,-22],[9,-12],[0,-19],[1,-12],[-2,-3],[-5,-1],[-4,-12],[10,-17],[-8,-26],[-5,-9],[1,-9],[7,3],[6,-23],[-5,-12],[5,-13],[3,-20],[11,-8],[9,-17],[6,9],[4,-16],[-5,-13],[0,-23],[28,-1],[4,19],[9,38],[8,16],[6,-10],[2,-24],[-1,-21],[2,-18],[15,0]],[[288946,564342],[5,-76],[2,-22],[9,-23],[2,-13],[0,-18],[4,-6],[0,14],[-7,29],[7,-25],[0,-15],[4,-16],[2,-15],[1,-28],[3,-42],[1,-18],[6,-48],[7,-21],[12,6],[6,15],[-3,31],[-1,43],[6,43],[0,20],[4,27],[3,3],[-7,-29],[1,-19],[9,12],[11,29],[8,45],[-16,37],[-4,5],[0,11],[15,35],[7,15],[19,29],[0,-6],[10,-46],[5,-38],[1,-15],[12,-21],[7,32],[4,40],[2,-6],[1,-24],[-5,-38],[12,1],[8,-17],[1,22],[7,10],[-1,21],[7,30],[-4,27],[2,12],[10,-33],[5,-12],[9,-19],[20,-36],[-2,-5],[4,-7],[-3,-17],[6,-6],[2,-38],[1,-44],[3,-18],[4,17],[11,-25],[3,4],[8,-28],[2,-52],[13,17],[3,-12],[8,1],[9,-10]],[[289247,564018],[-5,-19],[2,-14],[5,11],[0,-19],[16,-41],[8,-4],[0,-15],[5,-1],[3,-1],[0,23],[11,-5],[5,-18],[6,6],[-1,-17],[-5,3],[3,-38],[1,-13],[-4,-4],[1,-13],[4,4],[2,-13]],[[289304,563830],[1,-13],[-4,-4],[-11,-25],[3,-36],[14,12],[-2,-52],[-4,-1],[0,-20],[4,2],[1,-15],[1,-12],[-4,-1],[3,-22],[3,3],[-1,-6],[1,-10],[9,-34],[1,-29],[-2,-12],[6,5],[3,-14],[7,-49],[1,-39],[-10,-10],[2,-9],[1,2],[8,7],[2,-64],[-1,-52],[-16,7],[0,-7],[-1,-20],[-8,19],[-8,-13],[5,-28],[-13,-19],[0,-10],[-7,-30],[2,-18],[8,-25],[19,-9],[4,-5],[2,-9],[-2,-12],[-6,-16],[10,-20],[5,-4],[3,-4],[1,-5],[1,-19],[5,-6],[0,-1]],[[289340,563078],[-3,3],[-2,2],[-1,6],[0,9],[-2,10],[-8,8],[-10,20],[9,27],[-2,10],[-13,8],[-15,-126],[0,-7],[-5,-78],[-1,-19],[1,-14],[-7,4],[-3,-15],[-6,-2],[0,14],[0,6],[-14,34],[-15,30],[-1,6],[0,6],[-11,49],[-5,1],[-4,5],[-7,-8],[1,-16],[-22,-14],[-12,2],[-1,-1],[-5,14],[-3,-9],[-9,8],[-3,-4],[-5,11],[-9,5],[1,38],[-10,29],[-6,-17],[-7,5],[-2,52],[2,7],[-9,-6],[-7,-21],[2,28],[-11,9],[-6,6],[-4,37],[1,31],[-5,3],[0,26],[8,15],[16,22],[2,-2],[-1,4],[-5,-2],[-5,-1],[3,3],[5,8],[-14,13],[-8,17],[-5,15],[10,19],[14,-9],[4,30],[4,17],[1,15],[5,34],[-6,1],[-11,-16],[-6,2],[-19,25],[-9,-8],[-5,1],[-3,2],[-6,25],[-1,32],[-9,-10],[-3,-11],[-8,-5],[-18,13],[-7,14],[-13,2],[-14,12],[-5,-14],[-5,-10],[-10,8],[-20,-5],[-6,-15],[-1,-38],[-4,-17],[-6,13],[-3,4],[-3,-14]],[[288919,563479],[-17,19],[-11,18],[15,11],[10,26],[15,2],[20,126],[-20,20],[5,24],[7,7],[6,15],[14,-13],[2,9],[22,23],[3,-89],[5,1],[0,-19],[39,2],[-1,14],[5,0],[1,10],[3,-3],[1,8],[-1,5],[1,11],[1,7],[-4,2],[2,9],[6,-14],[7,13],[5,53],[6,14],[4,21],[0,29],[9,36],[-2,13],[-1,10],[-1,18],[1,8],[1,3],[6,12],[4,4],[6,1],[-2,11],[-5,11],[-14,38],[-1,14],[5,9],[0,9],[-5,-2],[-8,-15],[-3,-13],[-3,-30],[1,-24],[-3,-20],[-9,2],[-1,7],[5,36],[-2,6],[-14,12],[-10,35],[-5,3],[-5,-7],[-9,-21],[-2,-2],[-3,-1],[-4,-8],[-3,-1],[-2,4],[-6,19],[-6,40],[-2,34],[-2,24],[-1,38],[-3,22],[-5,8],[-2,7],[-1,20],[-1,11],[-10,24],[-2,14],[-4,70],[0,13]],[[286329,563538],[3,-6],[4,16],[5,1],[3,8],[17,0],[7,2],[3,-11],[6,2],[4,-2],[1,-17],[1,-5],[4,-11],[1,0],[1,-5],[2,-16],[-1,-31],[0,-17],[1,-22]],[[286391,563424],[-11,-3],[-5,-4],[-16,-18],[-15,-17],[-16,-18]],[[286328,563364],[1,52],[0,122]],[[285705,563826],[6,-16],[-1,-16],[-2,5],[-3,0],[0,27]],[[288001,561081],[7,38],[3,-3],[6,-5],[6,-2],[0,-15],[9,4],[14,24],[6,-23],[2,-25],[-1,-35],[-5,-32],[-13,18],[-3,5],[-3,8],[-9,-49],[-4,-1],[-3,0],[-7,18],[-6,32],[1,43]],[[287824,566986],[1,3],[17,43],[3,4],[1,3],[1,1],[1,0],[14,9],[9,13],[17,39],[9,28],[20,93],[2,5],[7,-30],[-7,-49],[1,-11],[10,-33],[1,-7],[-2,-12],[0,-5],[10,10],[9,34],[8,9],[9,23],[0,2],[-2,19],[2,9],[7,20],[2,9],[-1,29],[0,7],[3,19],[2,15],[-8,64],[3,22],[-3,5],[4,27],[2,-2],[0,11],[3,12],[-3,7],[-1,10],[-3,18],[-3,27]],[[287969,567486],[0,3],[7,25],[12,72],[9,36],[8,36],[4,26],[1,0],[1,12],[10,39],[5,19],[1,16],[1,27],[1,14],[2,14],[32,132],[2,22],[-3,108],[3,38],[-5,10],[7,22],[-4,50],[6,24],[13,-6],[4,22],[7,26],[29,109],[7,17],[25,39],[11,25],[36,121],[3,9],[10,26]],[[288214,568619],[7,-27],[1,-6],[6,-19],[1,17],[11,25],[3,12],[11,1],[-4,-36],[1,-18],[8,-10],[1,-24],[-9,-31],[5,-16],[5,-11],[6,10],[13,-1],[9,-5],[3,7],[2,-9],[10,-22],[8,13],[15,3],[10,0],[4,9],[2,-14],[4,11],[6,-3],[4,-13],[7,1],[4,-14],[7,34],[8,7],[0,-28],[-4,-30],[-1,-62],[8,12],[1,-11]],[[288387,568371],[-6,-51],[-4,-8],[-4,21],[-8,-13],[0,-37],[-4,-17],[0,-33],[-3,-4],[8,-62],[-11,-16],[-11,-23],[-7,31],[-2,24],[-25,-24],[-2,-21],[4,-4],[1,-42],[-8,3],[1,-15],[-14,-23],[11,-29],[7,-9],[15,3],[5,-9],[10,-32],[6,-36],[6,-4],[1,-7],[-11,-11],[3,-27],[-2,-80],[-10,3],[0,18],[-3,17],[-7,-17],[-5,-4],[-6,5],[-2,23],[-17,-1],[-5,-6],[-9,5],[0,-16],[9,-31],[-9,12],[-7,-11],[-1,-22],[0,-19],[0,-10],[3,-17],[2,-16],[4,-13],[-3,-75],[1,-3],[6,10],[8,-14],[-4,-29],[-10,-26],[-5,-22],[-1,-17],[3,-26],[7,-14],[6,-25],[10,-15],[20,26],[8,-4],[4,-28],[-1,-13],[4,-23],[4,-12],[0,-16],[3,-17],[1,-5],[13,-26],[13,-12],[4,-9],[-3,-24],[3,-45],[-1,-20],[-6,-15],[-18,-2],[-12,-9],[-14,-41],[1,-26],[6,-49],[1,-20],[9,-17],[12,-7]],[[288349,567046],[-6,-18],[-12,0],[-4,-28],[-12,9],[-8,-15],[-13,-15],[-6,-1],[-8,19],[-7,10],[-7,-9],[-11,18],[0,-19],[-3,-15],[-2,-32],[-15,22],[-8,19],[-7,-19],[-4,-4],[-17,11],[-1,-7],[10,-48],[-3,-18],[-6,-14],[-13,-15],[-5,-18],[-1,-30],[-3,-33],[-11,-42],[-10,-6],[8,-23],[29,-57],[11,-12],[-2,-11],[-26,-82],[13,-28]],[[288189,566535],[-16,-49],[-14,11],[-8,19],[-2,-4],[-2,9],[-5,8],[7,-42],[-4,-32],[-7,-5],[-5,-30],[-13,-48],[2,-50]],[[288122,566322],[-12,-40],[-6,13],[-6,3],[-12,-35],[-2,10],[-4,-11],[-10,9],[-3,37],[2,21],[-6,-27],[3,-5],[-6,-24],[-3,20],[0,25],[-17,-13],[-8,17],[-13,-24],[-4,36],[-30,-25],[-1,10],[-11,6],[-7,34],[-10,-17],[-13,-5]],[[287943,566337],[5,44],[-3,-5],[-10,35],[-4,-7],[3,23],[0,39],[0,29],[6,40],[-1,43],[2,19],[-9,25],[-4,21],[-10,17],[-4,43],[-6,31],[-6,17],[-5,10],[-7,16],[-14,77],[-5,-14],[-9,20],[3,20],[-10,35],[4,5],[-2,17],[-6,-13],[-8,13],[0,2],[-4,4],[-1,-6],[-4,-8],[-10,55]],[[287824,566984],[0,2]],[[289218,567775],[15,38],[14,23],[-1,27],[-3,21],[-7,24],[-6,28],[0,14],[3,51],[1,49],[3,34],[5,14],[13,15],[5,9],[2,12],[2,55],[8,-13],[8,-1],[7,-12],[6,160],[-10,-8],[-3,33],[-2,-3],[-5,11],[-1,23],[5,17],[18,-5],[7,184]],[[289302,568575],[3,-11],[18,9],[6,-3],[22,4],[3,-18],[9,-29],[4,-5],[4,-20],[6,-11],[8,-32],[1,-16],[4,-6],[14,21],[7,6],[3,-11],[-3,-29],[1,-20],[6,-19],[9,-36],[12,-36],[9,-6],[8,-13],[-51,-104],[-20,-41],[-2,-7],[-24,-78],[7,9],[5,18],[3,-2],[14,39],[16,26],[5,-25],[2,-19],[5,-6],[0,-43],[6,-26],[4,-23],[8,-5],[1,-28],[4,-34],[1,-14],[-13,-1],[-6,-18],[-7,-41],[8,2],[8,-6],[8,-15],[2,-20],[22,-7],[10,-26],[-8,-24],[7,-9],[10,-2],[-2,-22],[-14,-35],[-7,-25],[-7,-42],[1,-10],[27,-30],[14,7],[0,-38],[6,-44],[1,-33],[9,-27]],[[289509,567465],[-5,-8],[-1,-15],[-4,13],[-7,-14],[-10,4],[-8,-17],[-1,19],[4,11],[0,30],[-3,2],[-13,-24],[-5,-36],[1,-2],[6,37],[12,24],[1,-28],[-3,-11],[-1,-16],[8,-46],[-4,-24],[6,-17],[1,-14],[-6,-3],[-14,-23],[-12,-5],[-1,-46],[-9,-34],[-5,5],[-11,-30],[3,-21],[-9,-8],[-6,-18],[2,-15],[-10,-36],[-1,-20],[7,-4],[5,-10],[-6,-50],[-4,-49],[-9,-5],[-2,-6],[1,-58],[-9,-8],[-6,-14],[-5,-52],[-9,-27],[-8,-1],[-6,-16],[-1,-18],[-5,-36],[6,-61],[3,-24],[6,-10],[8,12],[8,-3],[-8,-99],[11,-11],[4,32],[5,-19],[8,-10],[4,-26],[18,21],[3,-4],[11,-36],[8,2],[33,-7],[3,32],[16,14],[11,-2],[10,-21],[4,-26],[1,-31],[14,-41],[2,-1],[-3,38],[3,65],[9,-12],[20,-7],[5,3],[3,21],[8,-20],[3,-15],[-2,-50],[0,-23],[5,-24],[3,-2],[3,20],[11,-18],[-3,-14],[-8,-42],[-9,-39]],[[289584,566287],[0,-3],[-5,-40],[-2,-40],[-8,-18],[-5,-32],[-6,-19],[-6,-1],[-17,22],[-5,10],[-2,13],[-6,-22],[-13,-17],[-20,-59],[4,-10],[-8,-25],[-3,-45],[-14,-34],[-6,31],[-25,-65],[6,-32],[-14,-38],[2,-10],[-31,-68]],[[289400,565785],[0,18],[-13,20],[-16,3],[-15,-7],[-2,-6],[4,-29],[-1,-9],[-7,1],[-12,22],[-9,-22],[-13,-37],[-9,-15],[-3,-13],[-4,28],[4,30],[-5,3],[-5,17],[-1,20],[-5,12],[-8,28],[-9,49],[-6,15],[-14,25],[-7,-3],[-5,-26],[-3,9],[-3,31],[2,-41],[-4,12],[-7,-30],[-8,20],[-4,-7],[2,-44],[2,-13],[2,-38],[-1,-57],[-9,5],[0,29],[-13,-5],[4,31],[-2,5],[-14,3],[-3,14],[-2,-2]],[[289178,565831],[3,39],[-1,18],[-1,17],[-7,37],[-3,19],[6,5],[10,-44],[-4,48],[-10,50],[-1,28],[-7,38],[-2,47],[-6,57],[-5,29],[-5,66],[-4,-2],[-4,18],[2,5],[-2,24],[-1,11],[-7,30],[2,21],[2,30],[1,15],[0,5],[4,34],[4,15],[1,4],[-7,37],[0,1],[2,-10],[15,58],[12,30],[5,2],[-1,16],[-5,81],[-17,87],[-9,48],[-11,55],[2,13],[-3,36],[-7,-8],[-1,3],[-2,15],[-2,9],[-5,87],[-4,29],[1,2],[0,3],[1,7],[1,13],[0,4],[1,11],[1,7],[13,58],[9,76],[-18,20],[9,137],[-8,-17],[-6,12],[34,94],[8,32],[16,72],[12,45],[39,115]],[[283579,575548],[3,4],[2,-12],[-3,0],[-2,0],[0,8]],[[283291,575836],[15,1],[45,3],[9,1],[12,0],[6,1]],[[283378,575842],[15,1],[24,2],[4,0],[14,1],[3,1]],[[283438,575847],[8,0],[5,0],[9,0]],[[283460,575847],[25,1],[31,1],[39,3],[21,1],[16,0],[8,0],[4,0],[31,5],[46,-1],[19,1]],[[283700,575858],[1,-10],[-2,-51],[-5,2],[-4,-10],[-9,-33],[-11,8],[-10,-6],[2,-18],[5,-4],[-3,-34],[-12,-45],[-3,-34],[2,-14],[8,8],[-2,-21],[8,-5],[3,-11],[2,-54],[-1,-7],[-7,0],[-12,-15],[2,-5],[5,-13],[-3,-18],[2,-23],[-6,5],[-3,-9],[6,-23],[-2,-26],[4,-9],[-6,-7],[-1,-14],[2,-17],[8,-26],[-4,-10],[-6,13],[-3,21],[-4,32],[-3,-3],[-11,14],[-5,-1]],[[283622,575385],[-1,46],[-4,9],[1,-14],[-11,-5],[0,71],[4,11],[-5,0],[-1,20],[-2,-1],[0,-7],[-7,0],[-3,-43],[-24,27],[0,8],[5,-2],[0,8],[-1,6],[-2,2],[31,0],[-7,1],[1,79],[-2,3],[-24,-8],[-2,-58],[-3,0],[-2,1],[-1,-7],[3,-12],[-7,1],[-3,0],[-15,-5],[-1,37],[-5,-35],[-4,0],[-1,22],[-9,16],[7,5],[0,23],[-4,9],[7,7],[0,50],[0,32],[-18,0],[0,-9],[4,3],[-3,-24],[0,-11],[1,-6],[0,-27],[0,-7],[-1,-5],[0,-11],[-8,-1],[-3,-31],[0,-8],[-4,2],[-3,0],[0,-12],[2,5],[1,-6],[4,3],[1,-9],[-3,0],[-2,-1],[-2,-3],[-2,1],[-3,0],[-6,0],[0,-8],[1,-73],[-2,-10],[0,-14],[-1,-10],[0,-11],[3,-5],[0,-54]],[[283486,575340],[0,-164],[-21,-17],[-6,-31],[-11,4],[-4,2],[-9,16],[-4,3],[-10,10],[-5,8],[-3,-1],[-5,-9],[1,-23],[-6,-1],[0,-37],[9,-2],[-1,-18],[-8,4],[-2,-30],[-4,7],[-14,6],[-7,17],[-34,-3],[-1,-6],[3,-7],[-6,-34],[6,1],[-6,-29],[0,-10],[9,0],[1,-12],[0,-164],[-14,-1],[-4,-19],[-5,-1],[-6,-15],[-6,22],[-1,-10],[-4,6],[-23,-17],[-7,-13],[-8,2],[-9,-15]],[[283261,574759],[-3,9],[3,99],[-6,60],[-4,5],[-10,18],[-7,52],[9,16],[15,-4],[0,35],[-5,1],[-7,25],[4,0],[0,33],[-8,37],[3,13],[10,-9],[2,11],[17,0],[0,40],[1,29],[3,16],[7,0],[5,30],[-5,0],[0,13],[7,2],[6,14],[7,26],[13,2],[11,1],[1,29],[11,87],[-27,-4],[-14,-33],[-7,-4],[-20,22],[0,16],[5,19],[5,1],[2,22],[-4,5],[23,20],[13,-7],[-1,114],[-8,0],[-1,23],[5,1],[0,14],[-5,-1],[0,28],[-10,28],[0,16],[-5,7],[6,6],[-5,9],[1,30],[4,38],[-6,12],[-1,5]],[[288964,546298],[127,234]],[[289451,547954],[0,-25],[-3,-28],[2,-9],[2,-36],[3,-12],[3,-29],[1,-20],[-2,-33],[5,-20],[1,-11],[-12,-36],[-2,-14],[3,-39],[-3,-23],[-14,-45],[48,-161],[5,-36],[5,-28],[18,-47],[-50,-91],[15,-46],[21,67],[63,-205],[4,13],[3,-7],[9,3],[5,-32],[2,-39],[15,-48],[6,20],[6,-21],[8,24],[21,-67],[12,38],[2,31],[7,25],[14,-22],[21,-65]],[[289695,546880],[37,-118],[16,-51],[8,-32],[-12,-6],[-9,-1],[-13,7],[-15,3],[-16,-50],[-2,-7]],[[289689,546625],[-20,-43],[-4,-14],[2,-95],[4,-58],[22,-73],[-18,-20],[-22,-24],[-17,-12],[-4,-51],[7,-34],[9,-22],[5,-19],[3,-33],[11,-12],[7,-22],[3,-30],[1,-39],[-4,-33],[9,-22],[6,-5],[6,5],[7,16],[10,7],[-5,60],[1,15],[6,93],[11,27],[5,26],[22,73],[6,-21],[5,-30],[5,-3],[11,-34],[2,-41],[8,-24],[16,52],[19,-58],[1,-16],[8,-30],[10,42],[14,27],[20,65],[7,-18],[26,-7],[9,1],[8,-16],[1,-9],[-49,-155],[14,-15],[5,-9],[23,-76],[-26,-70],[-19,-53],[-17,-51],[-5,-4],[-39,-103],[0,-29],[-4,-78],[2,-17],[8,-39],[10,-35],[2,-31],[-4,-51],[0,-21],[3,-19],[4,-14],[11,19],[8,2],[7,-21],[-1,-12],[-5,-14],[-9,-11],[7,-25],[4,-23],[2,-32],[0,-42],[6,-60],[10,-29],[9,-41],[1,-13],[2,-74],[-2,-22],[-7,-36],[-3,-25]],[[289876,544837],[-2,-10],[-2,4],[-16,-18],[-8,-17],[-29,-67],[-5,-7],[-7,16],[-5,33],[-8,31],[-5,6],[-11,-8],[-5,20],[-16,21],[-8,32],[-8,-5],[-8,16],[-9,-1],[-13,16],[-4,-12],[-6,11],[0,14],[-5,-19],[-10,-35],[3,-3],[51,-230],[-7,-7],[-19,-10],[-52,-43],[5,-35],[2,-8],[-19,-59],[-19,-67],[-26,-68],[4,-12],[-5,-18],[-16,-47],[-5,16],[-32,-98],[-50,70],[-37,1],[-9,29]],[[289455,544269],[-20,65],[-24,73],[-26,-7],[-17,4],[-7,14],[-4,9],[-18,64],[-9,24],[-16,53],[5,7],[17,11],[-1,29],[4,54],[2,83],[-4,41],[-1,47],[-2,27],[-13,49],[-11,-22],[-49,-155],[-35,113],[-114,363],[-41,-132],[-3,77],[2,105],[-2,50],[1,40],[-19,66],[-87,288]],[[288963,545709],[11,23],[13,9],[15,-3],[5,19],[4,39],[-1,30],[0,81],[-4,4],[-4,39],[9,26],[1,7],[-6,-2],[-7,15],[-4,2],[-2,19],[4,9],[-7,39],[-5,-1],[0,10],[5,27],[4,12],[2,30],[-1,20],[-6,32],[-11,25],[-12,17],[-2,12],[2,35],[-2,14]],[[286472,583524],[33,-2],[0,-11],[27,-6],[-8,36],[-4,66],[5,-1],[12,18],[12,10],[-2,-67],[10,32],[4,0],[-1,-12],[-1,-66],[15,11],[16,25],[-1,11],[0,15],[6,14],[10,56],[-2,38],[6,20],[-14,40],[-2,21]],[[286593,583772],[10,-30],[36,-22],[12,-15],[11,-22],[12,-28],[5,-15],[5,-29],[3,-37],[-2,-50],[-7,-37],[-7,-19],[-10,-18],[-13,-18],[-9,-16],[-3,-16],[-10,-25],[-7,-64],[0,-58],[3,-22],[10,-8],[15,5],[8,9],[24,37],[13,8],[7,-2],[6,-14],[6,-24],[10,-41],[67,26],[12,5]],[[286800,583232],[-7,-17],[-35,-111],[-12,-30],[5,-11],[-3,-1],[-7,-37],[-15,-58],[-11,-72],[-7,-23],[2,-2],[12,-13],[1,27],[6,40],[4,-2],[0,29],[3,18],[8,28],[5,54],[8,-12],[1,-18],[-1,-24],[4,-23],[15,16],[6,18],[9,-8],[8,-8],[1,-13],[9,-11],[-1,-11],[8,-28],[6,-13],[8,-52],[11,-3],[-10,-18],[3,-20],[8,-35],[3,0],[5,-3],[10,19],[3,-2],[-8,-11],[-3,-15],[-6,-4],[5,-16],[10,-13],[36,-17],[8,-22],[1,30],[6,0],[0,-11],[4,-35],[-3,-21],[7,27],[5,6],[-2,8],[3,17],[2,-13],[15,31],[6,18],[6,24],[3,-10],[-14,-42],[-11,-22],[-4,-22],[-8,-16],[-6,-28],[12,-43],[3,19],[-1,-32],[4,-10],[6,30],[-2,-34],[11,-49],[5,-42],[-1,-30],[5,6],[-4,-20],[4,-22],[8,8],[-5,-14],[5,-7],[6,-1],[7,23],[4,24],[-4,34],[-2,45],[-10,23],[-4,23],[-1,26],[5,45],[6,14],[2,21],[22,5],[7,-5],[19,-26],[17,4],[22,-38],[3,30],[10,-18],[-10,8],[0,-15],[7,-10],[7,-24],[-6,16],[-13,9],[-15,24],[8,-31],[1,-5],[17,-62],[8,-11],[9,-1],[17,-22],[8,-15],[3,-9]],[[287115,582486],[-2,-8],[10,-37],[5,-39],[4,-36],[10,-28],[12,-1],[16,31],[22,27],[9,1],[12,-6],[12,-2],[14,8],[8,0],[9,-9],[11,-29],[7,-10],[13,6],[20,36],[7,10],[13,2],[11,-7],[10,-2],[15,2],[5,5],[5,15],[3,43],[4,20],[6,13],[4,4],[17,-1],[4,-6]],[[287411,582488],[9,-15],[6,-34],[-1,-26],[-8,-59],[-1,-19],[8,-67],[5,-29],[2,-25],[-4,-34],[-4,-18],[-24,-25],[-6,-11],[-11,-32],[-7,-34],[-2,-16],[0,-27],[4,-33],[7,-28],[18,-49],[5,-12],[25,-46],[6,-23],[3,-33],[-1,-55],[6,-28],[10,-10],[7,4],[4,11],[5,63],[2,39],[8,47],[4,5],[8,-5],[9,-20],[23,-85],[9,-21],[14,-6],[7,5],[6,13],[18,-2],[5,-5],[9,-16],[4,-14],[-3,-29],[-8,-33],[-6,-20],[-21,-33],[-15,-27],[-11,-17],[-14,-13],[-5,-22],[-1,-50],[7,-27],[7,-9]],[[287528,581433],[0,-11],[-1,-39],[-12,-48],[-4,-5],[-10,6],[-5,-4],[-6,-30],[1,-42],[-17,-13],[-15,-64],[-29,-50],[-12,-50],[-5,-35],[-4,-54],[-2,-11],[-7,-31],[-9,-19],[-20,-64],[-9,-40],[-9,-9],[-12,10],[-5,-5],[-1,-23],[5,-26],[0,-38],[9,-51],[2,-9],[9,-7],[3,-8],[19,-86],[0,-8],[-8,-41],[-2,-21],[5,-20],[1,-9]],[[286702,581485],[5,8],[3,45],[-12,18],[0,92],[6,14],[2,23],[-1,16],[-7,1],[-6,13],[2,13],[-5,-5],[-2,15],[-4,-12],[-5,4],[-4,33],[-5,26],[-4,5],[0,24],[4,31],[-2,17],[-7,15],[-19,-15],[-2,20],[2,14],[6,9],[7,22],[3,18],[-1,20],[2,14],[4,3],[1,-21],[8,-31],[6,1],[4,23],[9,23],[12,4],[5,15],[1,19],[6,21],[8,-16],[0,-11],[12,-33],[9,4],[5,14],[1,36],[-2,30],[1,13],[11,37],[6,25],[-3,23],[1,20],[8,16],[6,28],[3,39],[-20,60],[-4,36],[-3,10],[-11,66],[-2,21],[-11,36],[-15,41],[-4,16],[-3,-9],[-1,-22],[3,-6],[-1,-19],[-6,-10],[-3,-23],[6,-8],[-2,-16],[-6,11],[-3,-23],[-6,-1],[4,-11],[-6,-24],[3,-13],[-8,-1],[-4,14],[-4,-1],[3,-17],[-3,-10],[5,-7],[-7,0],[3,-14],[2,-39],[2,-13],[-5,-1],[-4,-11],[-6,41],[3,-40],[3,-8],[-5,-7],[-4,-27],[-16,-44],[-7,16],[-6,5],[-5,18],[13,16],[0,42],[-13,2],[0,12],[-6,14],[-8,-13],[0,52],[-13,-22],[13,46],[1,93],[-1,4],[-11,48],[-6,-25],[-5,6],[-16,-2],[-2,2],[0,7],[1,-4],[6,7],[22,62],[13,23],[1,10],[1,38],[-4,28],[8,22],[1,45],[3,20],[-5,6],[-4,-13],[-15,1],[0,-85],[-40,0],[0,-44],[-11,1],[0,22],[9,21],[-5,30],[3,6],[-3,27],[2,7],[-33,-67],[-12,46],[0,38],[-6,1],[-1,18],[1,196],[22,45],[6,19],[-1,17],[-10,-2],[-17,4],[1,12],[16,63],[3,21],[7,11],[4,20],[7,61],[-6,24],[-5,-9],[2,22],[-15,-24],[-2,-15],[3,-17],[-5,-22],[-5,8]],[[286509,583213],[-3,13],[-1,39],[-28,4],[-1,164]],[[286476,583433],[0,75],[-4,16]],[[285523,579483],[5,-7],[2,-16],[9,-13],[-9,-31],[-6,-1],[4,-25],[-7,-7],[1,-19],[-8,-21],[5,-25]],[[285519,579318],[-7,-14],[-8,0],[-10,17],[6,-31],[0,-18],[-2,-12],[-8,-6],[6,-31],[-4,-19],[-5,-8],[-2,36],[-3,16],[-5,9],[-10,-28],[-3,-18],[-4,3],[-2,-22],[-1,-33],[-1,-12],[-48,1]],[[285408,579148],[-2,58],[3,2],[0,28],[-8,1],[7,64],[-8,2],[-7,9],[1,37],[3,1],[0,37],[-8,0],[3,15],[-38,2],[2,-47],[-16,0],[-19,6],[-1,21],[-4,12],[2,23],[-1,41],[-1,4],[-10,-13],[-9,-25],[-3,-26],[-13,-80],[3,-13],[-6,-33],[-19,2],[-1,14],[2,29],[-4,18],[5,33],[-1,12],[9,25],[3,17],[-1,35],[-3,25],[0,32],[13,2],[14,-18],[-9,53],[-5,19],[-2,26],[-4,14],[-19,25],[-12,12],[-13,-22],[-4,0],[-1,5],[-3,1],[-8,8],[-3,5],[-3,0],[-5,4],[-2,-1],[-2,4],[10,75],[1,20],[14,94],[-4,6],[-3,-15],[-9,8],[-8,34],[0,41],[-9,14],[-3,30],[-3,5],[-9,-10],[1,35],[-5,7],[-20,-97],[-5,-30],[-15,-81],[-26,-122],[-9,11],[-4,13],[-4,29],[0,19],[2,59],[11,-14],[6,40],[-27,-1],[5,28],[33,161],[-4,5],[-3,-1],[-8,-46],[-6,-7],[-7,7],[-10,-8],[-9,-24],[1,-13],[-10,-22],[-5,5],[-7,-23],[-12,-25],[0,15],[-4,24],[-10,20],[-13,14],[-1,40],[2,10],[-1,47],[3,35],[0,12],[-6,25],[-2,-29],[-14,-63],[-5,-11],[5,37],[-3,45],[-8,21],[-5,18],[1,23],[7,9],[3,21],[12,27],[-8,47],[1,6],[-12,19],[-11,10],[-5,-6],[-30,1],[19,135],[-14,-1],[-5,8],[-8,-36],[-2,9],[1,15],[6,19],[5,4],[14,21],[-3,8],[-2,38],[-2,12],[-1,8],[-11,-29],[-1,-14],[-4,-6],[-1,-27],[-20,-19]],[[284907,580422],[-21,38],[10,36],[6,0],[0,85],[15,-2],[0,27],[7,24],[7,14],[6,-30],[2,-43],[2,0],[10,9],[6,-11],[7,0],[5,34],[-6,19],[-5,30],[-1,26],[8,21],[3,15],[6,-1],[3,-23],[3,-75],[2,10],[8,-7],[23,94],[11,91],[41,96],[20,81],[13,-19],[1,-16],[8,-11],[7,3],[21,-9],[2,34],[6,39],[1,17],[7,7],[1,57],[8,-22],[12,11],[10,7],[10,27],[3,-18],[20,-2],[4,-14],[2,-35],[11,-39],[0,-30],[11,-66],[4,-13],[-8,-44],[-10,-45],[8,-38],[-7,-1],[-3,-16],[12,-32],[24,-2],[20,95],[4,-7],[8,34],[5,1],[2,21],[7,0],[0,-21],[7,-1],[2,52],[8,-35],[-1,-8],[9,-28],[-3,-12],[-4,-39],[-9,-49],[-4,-35],[-6,-11],[-8,-36],[-2,-14],[-10,-32],[-9,-35],[0,-14],[-7,-10],[-4,-23],[-6,-29],[8,3],[11,-5],[10,-24],[17,11],[15,-1],[9,-9],[10,-34],[2,9],[-6,17],[5,15],[-4,16],[9,28],[-10,36],[8,35],[-1,11],[8,31],[0,8],[-2,8],[-1,38],[4,20],[6,-11],[5,13],[8,-12],[0,39],[27,-2],[16,-48],[5,26],[6,-16],[1,7],[9,33],[1,-12],[-8,-15],[-4,-23],[12,1],[4,8],[10,-11],[15,0],[3,16],[11,-18],[19,3],[3,7],[2,-19],[4,-14],[-2,-46],[6,-23],[2,-16],[-6,-8],[2,-10],[-1,-34],[-5,8],[0,-88],[0,-10],[-6,-3],[2,-18],[-5,-8],[-2,-17],[-8,15],[-4,-13],[2,-28],[-2,-5],[-7,-6],[-4,5],[5,23],[-5,8],[-2,13],[4,10],[-6,9],[-5,-15],[0,-13],[-5,-31],[-11,61],[-2,2],[-4,-19],[1,-35],[-1,-12],[-6,-11],[-1,16],[-7,-36],[4,-22],[-5,-17],[-4,5],[-4,9],[-5,-12],[-4,-1],[14,-35],[-1,-18],[4,-1],[0,-164],[1,-22],[9,-9],[0,-59],[-4,-3],[-1,-46],[-6,0],[0,-101],[-21,-4],[-4,-24],[-5,13],[-13,-30],[-6,-30],[11,-1],[10,10],[-1,-107],[12,-1],[-4,-56],[14,46],[9,38],[9,-46],[8,-53],[18,-78],[13,-1],[12,-9],[0,-10],[10,-11],[6,29],[-6,3],[4,21],[-6,17],[6,4],[13,-9],[7,-35],[3,-1]],[[280396,569793],[11,0],[0,-52],[-14,-1],[0,-30],[14,0],[0,-53],[44,1],[0,62],[3,16],[18,9],[2,8],[6,-16],[7,48],[5,-11],[5,27],[10,11],[11,26],[3,3],[5,-12],[-1,-11],[-5,-21],[1,-10],[-7,-32],[1,-14],[5,-2],[0,-18],[-7,-8],[-2,-16],[0,-20],[-3,-3],[-3,13],[-6,-6],[-2,-28],[-5,0],[-6,-20],[-1,-29],[-4,-5],[-3,-26],[-5,-5],[-5,7],[6,-17],[31,-14],[14,-18]],[[280519,569526],[-11,-113],[-7,-133],[18,0],[5,5],[-4,31],[1,-18],[-6,3],[1,40],[4,2],[7,-13],[3,21],[-1,16],[-4,11],[10,24],[-8,-1],[-2,21],[4,16],[-5,32],[6,9],[4,-9],[5,10],[4,17],[5,-2],[-2,-27],[5,-22],[6,37],[3,-12],[5,29],[6,-1],[-1,25],[6,5],[4,21],[7,7],[1,27],[-2,7],[3,33],[4,16],[8,12],[1,35],[2,-4],[1,-48],[12,20],[12,-7],[12,11],[5,-6],[4,-21],[5,-38],[3,-10],[-2,-30],[9,-59],[40,80],[21,31]],[[280726,569606],[0,-65],[-7,-111],[9,20],[-1,84],[14,1],[0,-43],[14,0],[0,17],[13,45],[0,23],[40,2],[28,-85],[1,-152]],[[280837,569342],[0,-14],[-27,-1],[-1,164],[-27,1],[0,-38],[-5,-8],[-21,-80],[-28,-1],[-3,-23],[-9,-2],[-2,-17],[0,-86],[-14,1],[0,-129],[-13,0],[0,-43],[-14,0],[0,-81],[-13,-6],[0,-80],[-23,1],[-7,-21],[-5,-61],[-4,-7],[-9,4],[0,-75],[-20,-1],[0,77],[-4,-8],[-4,-33],[-15,-25],[-3,-18],[-2,-7],[-19,-42],[-19,-23],[8,-66],[11,-40],[6,-15],[18,-10],[4,1],[21,-18],[4,-10],[3,-31],[-1,-57],[4,-34],[17,-36],[-27,0],[0,126],[-13,23],[-42,5],[-15,58],[-1,70],[-7,19],[-5,-10],[-3,-36],[-2,-5],[-4,-6],[-2,3],[-4,7],[-14,9],[-8,-4],[-3,-10],[-2,-2],[-4,-10],[1,-5],[1,-5],[0,-13],[-6,0],[0,15],[-4,-15],[-4,3],[-9,10],[-9,-37],[-2,-2],[-5,-7],[-22,-14],[-8,-32],[0,-12],[31,1],[0,-52],[27,-7],[9,11],[7,1],[5,-12],[0,-40],[2,-81],[-3,-21],[-5,-11],[-4,-15],[-4,-33],[-3,-13],[-7,10],[-2,-31],[-8,-24],[7,-152],[-3,-6],[0,-7],[-8,-6],[-8,3],[-1,-18],[-7,0],[0,-34],[-3,0],[-1,17],[-12,0],[0,22],[-19,3],[-3,-10],[-1,-18],[0,-10],[1,-20],[-1,-15],[4,-13],[0,-10]],[[280388,567876],[-7,0],[0,-7],[0,-39],[-6,7],[-7,10],[-6,-8],[9,-13],[-10,-13],[-7,11],[-4,7],[3,12],[0,30],[0,17],[-14,-3],[-9,9],[3,-5],[4,-6],[-1,-7],[0,-10],[-1,-8],[-2,-1],[-1,-4],[1,-7],[-2,1],[1,-10],[10,-14],[4,7],[2,-3],[-9,-30],[1,-7],[0,-27],[0,-53],[-8,11],[-5,25],[-20,-43],[-8,21],[-12,-37],[-6,-1],[-3,2],[-7,-2],[-4,19],[-10,19],[10,36],[3,30],[-4,0],[-50,-111],[0,-18],[-6,-11],[-2,13],[-5,2],[1,83],[-21,1],[-5,-20],[-24,-27],[-9,-19],[-3,-40],[-5,-31],[3,-21],[2,-14],[-3,-23],[-6,-6],[-5,-7],[-3,-5],[-2,-18],[3,-23],[15,-1],[-1,-42],[-10,1],[-2,-59],[-4,-7],[0,-53],[8,-12],[3,-13],[2,4],[13,-2],[7,-10],[8,-19],[5,-26],[-2,-17],[3,-7],[-2,-26],[3,13],[7,-13],[1,-13],[1,-9],[-19,-4],[7,-72],[-3,-10],[-18,-11],[0,-5]],[[280271,567877],[1,-36],[-1,-20],[3,-1],[-2,57],[24,0],[-12,35],[-7,24],[-2,18],[-3,5],[0,-45],[-3,-4],[2,-33]],[[280590,564226],[3,-13],[1,-24],[2,-6],[14,-12],[8,-8],[-3,-53],[2,-19],[-8,-43],[12,-9],[4,-28],[4,16],[8,5],[13,-17],[5,-22],[6,-30],[13,-6],[2,3],[2,-21],[7,11],[2,-30],[0,-33],[4,-29],[-3,-29],[0,-36],[3,-8],[0,-27],[3,-16],[-3,-31],[0,-3]],[[280691,563708],[-5,-30],[1,-23],[8,-20],[-4,-32],[3,-22],[-6,-3],[2,-17],[-1,-43],[7,-5],[-2,-16],[8,-12],[9,-33],[11,-18],[4,5],[3,-12],[14,2],[10,-41],[2,-45],[5,-13],[4,-53],[-1,-39],[3,-2],[1,-34],[-3,-20],[6,-4],[1,-5],[6,-3]],[[289270,569328],[40,-26],[8,13],[4,46],[1,13],[5,6],[7,-12],[3,-23],[3,-10],[3,-7],[6,-6],[7,-2],[4,5],[-1,-38],[2,-14],[-1,-23],[8,-22],[3,7],[2,-17],[-1,-16],[14,-2],[1,8],[10,5],[1,-6],[-3,-21],[10,-57],[3,-10],[10,34],[13,0],[4,-9],[4,11],[3,19],[10,-13],[-6,13],[-3,37],[3,22],[-2,46],[1,17],[5,15],[2,30],[-5,40],[1,18],[8,7],[5,-2],[2,13],[2,43],[-3,46],[10,-16],[6,-30],[7,-11],[6,2],[1,-25],[-3,-43],[1,-30],[-4,-22],[8,-5],[0,-24],[2,-43],[7,-13],[12,-1],[7,-35],[17,-59],[5,-52],[3,-17],[10,-24],[4,36],[12,21],[9,-44],[6,-8],[1,11],[11,22],[8,27],[-1,21]],[[289608,569144],[7,-45],[14,-38],[10,-13],[16,-29],[-4,-27],[0,-44],[-2,-29],[22,-37],[3,6],[-4,35],[-7,35],[1,29],[6,-8],[16,-45],[7,56],[9,23],[11,50],[2,21],[4,-10],[5,-32],[7,0],[13,22],[11,11],[8,25],[4,19],[-1,31],[4,56],[-2,36],[-13,-12],[-14,28],[-2,10],[-15,38],[-1,15],[6,32],[2,19],[-8,16],[-10,24],[-5,-11],[1,-22],[3,-12],[0,-46],[-2,-13],[6,-15],[-11,-25],[0,-17],[3,-11],[0,-30],[-4,-16],[-8,5],[-8,-1],[-1,34],[-4,38],[0,47],[-1,53],[4,69],[-11,16],[-11,-6],[-11,15],[-6,1],[-8,-49],[-10,-3],[-4,3],[6,-27],[1,-18]],[[289632,569371],[-14,-6],[0,18],[-6,-3],[0,-26],[6,-38],[-4,6],[-17,-7],[-1,17],[-13,-4],[-44,-31],[-2,1],[-3,48],[0,24],[-2,34],[-5,19],[-3,54],[-6,24],[-1,22],[3,39],[-2,20],[5,35],[-4,25],[0,21],[3,12],[-7,20],[-7,11],[-4,15],[-4,28],[-8,23],[-11,20],[-4,15],[-2,47],[44,5],[8,-27],[17,-19],[9,-14],[-4,-76],[11,2],[3,-54],[9,10],[10,-7],[-2,-20],[8,-22],[-6,-14],[1,-16],[11,-5],[-11,-43],[-2,22],[-8,22],[-9,-3],[2,-71],[-6,-2],[-1,-51],[2,-14],[5,1],[11,12],[9,-14],[8,1],[-3,-18],[2,-60],[9,41],[-1,25],[8,32],[9,-11],[6,21],[1,57]],[[289625,569544],[8,11],[7,-1],[3,46],[15,-5],[-4,-48],[2,-6],[14,-13],[11,-34]],[[289681,569494],[1,-22],[6,-2],[1,-6],[4,2],[-1,12],[6,40],[-1,27],[2,28],[10,28],[9,1],[8,-5],[1,-13],[0,-75],[7,-128],[-1,-8],[26,-27],[16,-23],[13,-10],[-11,-23],[-2,-28],[6,-44],[8,-12],[3,-22],[6,-18],[11,-58],[11,-36],[17,-31],[6,-28],[5,-4],[79,143]],[[289927,569152],[0,-2],[2,-24],[-2,-65],[4,-73],[-10,-57],[5,-149],[3,-45],[5,-66],[5,-81],[-3,-24],[-5,-25],[4,-21],[0,-18],[-6,-1],[-1,-14],[-2,-5],[-8,6],[-5,-4],[13,-35],[3,-12],[2,-10],[-1,-14],[-1,-5],[-2,-12],[-10,-12],[-1,-17],[-1,-7],[4,3],[8,-4],[8,-19],[0,-3],[1,-3],[0,-7],[-2,-5],[-1,-2],[0,-2],[2,-5],[-1,-7],[-1,-5],[-4,-1],[-3,-18]],[[289926,568282],[-4,-16],[6,-12],[2,-18],[-1,-35],[-10,-28],[-1,-11],[8,0],[2,-4],[3,-33]],[[289931,568125],[-1,0],[-1,-17],[2,-12],[-4,-21],[8,-20],[-2,-18],[-6,-4],[-2,-28],[4,-8],[8,1],[5,-23],[6,-10],[-5,-12],[0,-11],[5,-16],[1,-15],[8,-8],[1,-10],[-3,-22],[1,-25],[2,-13],[6,-8],[0,-10],[-5,-5],[-3,-51],[4,-10],[-10,21],[-3,-2],[-9,15],[-3,17],[6,19],[-5,11],[-2,21],[2,20],[-2,14],[-6,9],[-10,23],[2,43],[-7,1],[-2,39],[-7,23],[-11,9],[7,37],[0,7],[-12,11],[-11,-16],[-5,20],[-5,-18],[-9,-16],[-10,19],[0,12],[4,18],[-1,6],[-9,2],[-6,22],[0,25],[-3,21],[-15,14],[-17,8],[-6,-4],[-8,5],[-2,0],[-2,6],[-7,34],[-5,3],[-4,-24],[1,-13],[-5,-43],[-3,-15],[-7,-10],[-10,-5],[-13,-47],[1,-17],[-4,-34],[-10,-2],[-1,-28],[3,-32],[0,-17],[-7,-46],[17,0],[22,-35],[-7,-18],[-21,20],[-9,-15],[-5,-17],[-10,-8],[-18,-32],[-6,-2],[-7,9],[-10,-28],[-6,-53],[-11,-29],[-7,-34],[-3,-35],[-8,33],[-14,22],[-11,43],[10,-43],[16,-27],[5,-24],[15,-30],[-1,-33],[-7,2],[-2,-14],[1,-35],[-4,-12],[2,-9],[-1,-41],[-3,-19],[-3,-33],[5,-32],[1,-42],[-15,-21]],[[289617,567323],[-6,36],[-1,18],[-1,8],[-10,37],[-2,4],[-5,-6],[-2,3],[-3,18],[-2,3],[-7,-8],[-11,-17],[-3,-11],[-3,-16],[-9,-13],[-4,7],[-3,-2],[-2,-7],[-4,6],[-3,1],[-1,13],[-9,-6],[-6,5],[1,28],[-6,14],[-6,27]],[[289302,568575],[-2,24],[-7,30],[-14,7],[-8,-3],[-6,-20],[-7,5],[-11,18],[2,26],[7,34],[8,45],[2,33],[-12,30],[-14,43],[-5,26],[7,84],[2,2],[15,-2],[-14,38],[1,11],[10,109],[-13,-54],[-21,83],[-5,4],[-1,37],[12,7],[4,13],[5,-1],[6,13],[6,28],[14,-1],[7,84]],[[285050,573997],[2,6],[7,0],[8,-6],[-6,-39],[-1,-8],[0,18],[-12,1],[2,28]],[[284707,567689],[8,12],[2,33],[-2,21],[-1,17],[5,-11],[8,-49],[9,10],[12,-10],[2,13],[1,28],[-3,18],[7,31],[11,24],[10,35],[0,11],[13,37],[3,55],[7,23],[1,14],[0,7],[14,-50],[0,9],[-2,34],[0,16],[1,9],[9,-19],[6,1],[6,36],[25,-1]],[[285157,566278],[9,-30],[4,-31],[5,-74],[-2,-26],[2,-57],[-1,-25],[-4,-39],[-1,-33],[3,-95],[2,-40],[3,-11],[5,1],[15,17],[8,-6],[3,-8],[2,-32],[3,-76],[19,-156],[2,-7],[-20,-39],[-18,-37],[-5,-15],[-2,-13],[-1,-8],[8,-52],[1,-3]],[[285197,565383],[1,-8],[-5,2],[-10,-16],[-6,-2],[-12,19],[0,-10],[-8,0],[-4,-8],[1,-36],[-2,-44],[-6,0],[-1,0],[-2,18],[-6,28],[-17,45],[-6,41]],[[285114,565412],[-2,25],[-1,38],[0,9],[-3,16],[-21,96],[-4,21],[-1,20],[0,15]],[[285082,565972],[10,82],[0,35],[-7,31],[-7,10],[-16,12],[2,4],[6,20],[-3,5],[0,49],[-4,2],[-4,6],[-7,17],[-5,3],[-11,-18],[-7,-42],[-11,-27],[-2,-15],[-29,8],[-4,5],[-6,15],[0,-1],[-5,16],[-7,20],[-3,19],[-1,60],[2,40],[3,35],[4,53],[2,42],[-1,32],[-2,44],[-8,50],[-1,30],[0,6],[-2,20],[-2,12],[-4,14],[-3,6],[-3,5],[-3,5],[-14,16],[-1,1],[-9,10],[0,2],[-8,10],[-1,1],[-5,5],[-2,19],[-1,5],[-2,-16],[-3,2],[-1,-2],[-15,19],[0,1],[-3,4],[-7,9],[-4,4],[-3,4],[-3,5],[0,4],[-3,4],[-1,-4],[-7,17],[-1,-7],[-11,16],[-4,6],[-13,29],[-23,57],[-5,5],[-23,24],[-1,2],[-4,11],[-3,14],[-1,7],[-8,100],[1,0],[6,92],[-9,-4],[-1,58],[-2,68],[-8,117],[0,0],[-4,47],[-1,11],[-10,71],[10,73],[-16,3],[-2,45],[-6,43],[-3,-5],[-1,4]],[[284244,551710],[0,-4],[-9,-79],[-4,-56],[-2,-9],[-10,-30]],[[284219,551532],[-3,-12],[-2,-10],[11,-33],[14,-10],[13,-15],[12,-27],[4,-20],[1,-47],[0,-23],[-12,20],[-7,26],[-2,41],[-13,8],[-4,-43],[12,-28],[1,-64],[2,-14],[7,-13],[6,-36],[9,-11],[3,-56],[-67,2],[5,-6],[13,-24],[6,-5],[12,2],[8,-4],[25,-28],[1,-84],[5,-1],[6,-13],[-2,-30],[5,-15],[0,-50],[-4,-15],[-9,-3],[-4,-35],[-6,-22],[-8,-5],[-1,-13],[-5,-2],[0,-23],[-6,-21],[-9,13],[-5,-12],[-4,12],[-19,3],[-13,-23],[4,-49],[-1,-21],[7,-3],[9,-15],[4,-17],[5,-5],[4,7],[12,-18],[11,8],[-7,-37],[-2,-32],[-1,-263]],[[284240,550318],[0,-29],[3,-88],[1,-51],[-3,-85],[1,-44],[3,-41],[8,-82],[2,-41],[1,-31],[-2,-38],[-3,-48],[-14,-2],[4,-20],[-3,-26],[-10,-1],[-9,8],[-6,-1],[-2,11],[-12,0],[-17,-18],[-16,-4],[-9,6],[-10,6],[-4,15],[-16,38],[-2,29],[-16,22],[-8,-17],[0,-16],[5,2],[13,-18],[0,-16],[-2,-17],[-18,9],[-11,-8],[6,-28],[-1,-24],[-15,-7],[-6,5],[-9,18],[-10,11],[4,51],[2,54],[-2,62],[1,29],[7,75],[0,23],[-4,38],[-4,19],[-4,10],[-21,37],[-5,13],[-7,29],[-3,-20],[-12,3],[-10,-11],[-5,-18],[-4,-7],[-3,12],[-5,5],[-5,-11],[-4,0],[-8,-21],[-4,3],[-5,42],[-2,-2],[-1,-18],[-6,-30],[-15,-19]],[[283928,550045],[-5,28],[-8,40],[-11,6],[-15,49],[-14,12],[-3,40],[-1,16],[-4,25],[-12,-9],[-15,28],[-4,7],[-3,12],[-29,106],[-5,26],[-13,60],[2,26],[4,45],[4,30],[2,12],[-12,93],[8,49],[2,16],[13,40],[9,14],[9,4],[2,14],[2,21],[0,8],[0,16],[-3,31],[-5,28],[-4,19],[-8,40],[-4,13],[-4,5],[-6,-4],[-7,-16],[-4,-22],[-7,-5],[-22,17],[-3,9],[0,0]],[[283754,550994],[-3,7],[-16,70],[-1,20],[-1,4],[0,65],[1,6],[2,13],[-2,0],[-1,17],[-1,15],[-1,24],[-3,57],[-1,17],[-6,94],[-1,19]],[[283720,551422],[4,-6],[3,-14],[8,0],[4,-2],[3,71],[0,26],[-4,22],[-11,28],[-3,10],[-5,44],[-6,37],[-2,34],[7,63],[5,4],[11,-29],[14,-1],[12,11],[10,-15],[15,5],[9,-11],[17,36],[2,34],[9,14],[9,2],[12,-8],[3,4],[4,-23],[2,-26],[6,-31],[6,-8],[8,72],[1,26],[-36,6],[0,37],[-15,0],[15,1],[8,8],[0,46],[2,51],[6,0],[0,-50],[15,2],[4,-7],[1,54],[33,0],[0,21],[6,1],[1,-7],[0,-38],[8,-27],[30,-14],[17,-24],[8,58],[21,140],[4,20],[2,11],[6,22],[8,-23],[39,-36],[10,-20],[4,0],[15,-109],[23,-45],[7,-28],[2,-23],[13,-22],[5,-13],[11,-2],[7,-22],[1,-19],[15,-2],[40,-3],[0,9],[6,-7],[25,0],[-1,-18],[5,-9]],[[288434,566024],[7,12],[14,-16],[1,-1],[32,70],[-5,24],[-3,26],[-1,1],[-4,44],[0,14],[15,6],[3,13],[0,7],[-2,43],[-4,49],[0,18],[-6,35],[31,23],[10,-21],[1,-4],[5,-4],[3,46],[-4,41],[14,22],[1,15],[-7,36],[22,21],[19,8],[7,0],[28,-9],[7,5],[10,16],[4,13],[-1,36],[21,13],[-5,47],[9,30]],[[288656,566703],[5,-4],[5,3],[14,10],[9,-3],[-4,-28],[17,-74],[9,18],[8,-28],[3,-11],[6,-12]],[[288728,566574],[2,-8],[8,-29],[2,-17],[-17,-33],[4,-18],[-5,-19],[3,-33],[12,-14],[5,22],[5,-8],[7,11],[1,-8],[2,-37],[9,0],[5,31],[14,31],[7,-41],[6,10],[-7,46],[-12,29],[8,-15],[6,0],[8,11],[8,-12],[15,11],[8,-11],[9,-18],[8,-28],[18,-37],[5,-35],[5,-15],[4,-45],[0,-33],[-1,-15],[8,-26],[12,-14],[17,-36],[6,22],[2,-18],[-2,-37],[7,-14],[7,-6],[0,-8],[6,-4],[9,-40],[5,11],[3,-13],[10,5],[7,-49],[5,33],[-5,3],[1,12],[6,8],[11,-15],[16,22],[14,-12],[17,7],[7,-5],[0,-62],[6,0],[10,24],[2,-51],[16,-5]],[[289083,565979],[-4,-28],[-4,-89],[1,-10],[-2,-29],[-6,-13],[-23,-85],[-7,-1],[-3,-10],[2,-25],[-4,-37],[2,-22],[3,-7],[3,-27],[4,-5],[3,-19],[5,-15],[6,10],[7,-12],[4,-47],[8,-11],[-1,-20],[-4,-10],[-17,-15],[3,-8],[3,-41],[5,-3],[4,-31],[2,-3],[7,7],[2,-8],[-2,-24],[-10,-28],[-4,-39],[2,-15],[4,-7],[5,-21],[-2,-7],[1,-20],[-3,-13],[2,-13],[-3,-37]],[[289072,565141],[-1,0],[0,6],[3,29],[-1,17],[2,18],[-49,5],[-1,-46],[-7,-21],[-12,7],[-3,-37],[-1,-38],[-18,-34],[-23,-28],[-14,9],[5,-13],[2,-12],[6,-30],[3,-44],[-43,-34],[0,-8],[-4,-16],[-10,-10],[-14,9],[-5,-7],[-2,-13],[-1,-16],[-5,-7],[-3,-12],[1,-9],[9,1],[3,-12],[13,-26],[5,-17],[6,-53],[-6,-9],[-2,-15],[-9,-33],[-11,-25],[15,-27],[9,-10],[-7,-5],[-3,-11],[1,-37],[3,-17],[1,-38],[3,-26],[2,-36],[8,-24],[0,-9],[-3,-20],[2,-9],[5,-7],[17,-6],[0,22],[3,13],[6,1],[2,-11],[-2,-12],[-1,-6]],[[288946,564342],[0,25],[-5,-1],[-3,-33],[-18,5],[-6,11],[-1,23],[3,8],[-4,5],[-5,-26],[-6,-10],[-2,-12],[-4,4]],[[288895,564341],[-5,43],[0,24],[-8,26],[-15,0],[-8,-13],[-3,3],[-3,24],[1,24],[5,50],[-2,43],[-5,33],[-2,1],[-3,-16],[4,-37],[-1,-9],[-9,8],[-2,35],[4,53],[-3,13],[-4,0],[-6,-12],[-9,-10],[-5,-11],[-6,22],[1,28],[-11,4],[-4,22],[-3,3],[-8,-14],[-8,6],[-10,34],[-6,7],[0,3],[-3,5],[-9,-4],[-5,-11],[-5,1],[-2,3],[-1,13],[-4,33],[-3,18],[1,22]],[[288730,564808],[-1,5],[-12,4],[-21,17],[0,-29],[-7,8],[-4,-13],[1,40],[-7,6],[-10,24],[-6,4],[-7,20],[6,34],[-2,21],[-11,33],[3,7],[-1,25],[-4,48],[0,29],[-6,7],[-5,17],[1,25],[-15,14],[-9,17],[-7,39],[-2,-8],[-6,-8],[1,-17],[7,-32],[4,-13],[-9,-31],[2,-31],[-1,-14],[-8,2],[-17,26],[-12,38],[-7,-46],[-4,-42],[-3,-52],[5,-21],[0,-24],[7,-43],[-3,-6],[-6,-10],[-2,16],[-1,2],[-12,-1],[-1,-2],[-10,26],[-16,12],[-3,18],[-6,-10],[-1,-30],[-4,-18],[-4,5],[-10,3],[-7,11],[-5,30],[0,32],[-5,6],[-7,-12],[-9,0],[1,-40],[-8,-7],[-11,1],[-13,55]],[[288420,564975],[-3,15],[-9,16],[-2,5],[-13,64],[0,14],[7,15],[4,63],[13,32],[-9,21],[-11,-23],[-17,-68],[-2,13],[-11,2],[-17,37],[-3,21],[-4,6],[-2,36],[-8,0],[-5,-12],[-10,17],[7,25],[18,70],[-7,15],[-12,82],[-5,20],[20,57],[8,7],[7,30],[5,-27],[14,-34],[26,-16],[9,0],[-4,37],[1,12],[-12,17],[1,12],[6,7],[-2,10],[8,-1],[4,-12],[7,30],[6,3],[16,23],[2,35],[-16,7],[-11,20],[-9,28],[0,14],[-15,-7],[-1,26],[-6,70],[1,10],[-4,38],[5,42],[10,8],[8,9],[35,65],[0,25],[-4,18]],[[290522,569868],[0,37],[8,40],[2,2],[38,43],[8,-14],[7,-28],[27,35],[7,26],[3,-2],[14,-56],[9,-8],[23,19],[1,18],[12,40],[21,10],[20,-8],[15,-47],[16,8],[10,21],[31,20],[19,11],[28,-65],[16,-3],[20,-106],[0,-12],[-1,-16],[23,-58],[6,-39],[20,-10],[20,-59],[-4,-28],[11,-110],[4,-20]],[[290956,569509],[4,-150],[14,-37],[3,-29],[5,-44],[-3,-13],[2,-73],[2,-22]],[[290983,569141],[16,-129],[-1,-77],[2,-28],[14,-81],[2,-26],[3,-107],[1,-52],[0,-12],[4,-27],[21,-40],[6,-1],[28,-76],[6,0],[3,-24],[44,-116],[12,-15],[4,-27],[7,-85],[-3,-50],[3,-22]],[[291155,568146],[3,-32],[9,-132],[17,-98],[0,-52],[25,-108]],[[291209,567724],[-12,-17],[-3,7],[-2,20],[2,25],[-12,51],[-4,11],[-4,-5],[-1,23],[-10,3],[-4,-12],[-4,12],[4,-27],[-4,8],[-3,-20],[-11,-2],[-4,-17],[-3,4],[-4,21],[-6,10],[-10,-3],[1,17],[-5,18],[-5,-15],[-5,6],[-3,24],[-5,-3],[-4,10],[-8,3],[-6,-8],[-5,-21],[-2,-18],[0,-40],[-9,-35],[-8,-27],[-12,-27],[-6,-11],[-15,-65],[-2,-15],[-7,-26],[4,-53],[-7,-15],[-19,20],[0,-16],[14,-20],[6,-1],[-2,-5],[-27,-49],[-7,33],[-3,34],[-6,-4],[4,-21],[3,-37],[-2,-15],[-41,-38]],[[290925,567396],[-1,11],[-11,-4],[-3,19],[-11,39],[-8,4],[1,20],[4,10],[-1,20],[-9,11],[-2,11],[-5,4],[-21,54],[-16,-13],[-7,7],[-8,-14],[-6,-22],[0,15],[-5,-20],[-9,-53],[-6,13],[-9,11],[-1,-27],[-3,-4],[-11,-36],[-4,-6],[-5,-26],[-8,26],[-4,-9],[-10,2],[-14,26],[-6,24],[-7,14],[-25,-52],[-72,-169],[15,-16],[2,-26],[1,-39],[-8,-17],[-4,-24],[-4,-5],[-4,25],[-18,59],[-13,38],[12,32],[-28,11],[-33,39]],[[290540,567359],[-1,48],[-7,96],[-4,23],[-4,14],[-15,27],[-6,20]],[[290503,567587],[5,4],[34,51],[-3,-2],[-7,17],[-6,1],[-9,59],[5,28],[2,34],[0,33],[-4,46],[-14,19],[-6,27],[3,24],[11,64],[5,28],[4,13],[9,13],[13,14],[-1,14],[-1,17],[5,24],[6,55],[20,-23],[6,3],[4,38],[10,-1],[-1,16],[-4,48],[-1,41],[4,39],[0,50],[11,39],[0,18],[6,13],[-1,37]],[[290608,568488],[6,38],[5,5],[12,-5],[16,26],[-9,14],[-7,5],[-8,-3],[-13,1],[-8,-5],[-6,-25],[-4,-6],[9,32],[12,10],[-2,29],[-10,44],[-2,27],[-2,-4],[-21,29],[-9,22],[-9,10],[-2,8],[-12,27],[-4,26],[-2,18],[-9,6],[-12,-9],[-9,46],[1,23],[-17,4],[-1,-48],[-9,14],[-1,-11],[5,-23],[-4,-12],[-24,63],[-14,25],[-3,12],[-11,65],[1,36],[8,53],[-2,49]],[[290437,569104],[-9,59],[0,64],[14,20],[17,4],[3,-4],[5,-25],[2,-21],[2,-5],[5,26],[-11,34],[3,35],[5,16],[-1,46],[-6,32],[3,12],[6,5],[16,-29],[18,-37],[2,-16],[14,-46],[5,-21],[6,-13],[9,5],[13,73],[4,21],[7,23],[9,11],[9,0],[-12,38],[-3,-2],[-5,42],[-2,25],[2,10],[-13,15],[-4,14],[3,45],[-5,1],[-4,21],[6,19],[2,15],[3,-2],[6,16],[9,17],[-2,25],[3,16],[0,22],[2,26],[-3,15],[-4,6],[15,0],[5,9],[-2,12],[-5,5],[-7,-4],[-2,24],[12,-1],[5,19],[-5,15],[-8,-5],[0,15],[-11,19],[-6,-10],[-2,-16],[-7,23],[-7,-3],[-2,25],[-10,15],[-1,-32],[5,-12],[2,0],[2,1],[-3,-7],[-1,-9],[2,-13],[-6,22],[-7,19]],[[288430,545720],[5,-5],[7,3],[7,-3],[4,13],[8,12],[7,-20],[6,-5],[6,7],[9,16],[8,24],[4,18],[12,2],[0,19],[6,16],[10,1],[6,8],[2,13],[17,178],[11,-10],[9,4],[2,-25],[12,-9],[2,12],[12,10],[3,10],[4,-10],[7,2],[5,-10],[4,5],[15,-15],[5,3],[8,23]],[[288653,546007],[9,-30],[21,-21],[6,5],[12,-36],[-1,-247],[-2,-81],[1,-35],[4,-32],[14,-72],[12,-80],[5,-13],[3,-25],[7,-18],[8,5],[21,51],[1,17],[11,14],[9,28],[7,11],[4,28],[10,-3],[10,15],[5,-10],[54,237],[5,-2],[4,-10],[0,-15],[7,-16],[9,-38],[11,-37],[12,-4],[5,-33],[5,18],[7,-15],[5,49],[1,66],[8,31]],[[288504,544505],[-2,27],[5,25],[2,31],[0,40],[4,21],[-5,42],[1,31],[3,21],[-3,26],[1,14],[-5,39],[-6,25],[-8,22],[0,11],[-5,13],[3,5],[1,42],[-3,34],[-7,11],[1,66],[-7,15],[-10,8],[-5,-11],[-20,-36],[-7,-24],[-7,8],[-4,12],[-8,52],[-8,62],[0,43],[17,37],[2,18],[18,36],[-14,3],[-19,14],[-20,19],[1,90],[-2,29],[1,36],[8,42],[13,-3],[6,7],[5,-17],[12,-19],[7,20],[5,5],[-2,8],[5,23],[1,19],[4,52],[0,60],[5,8],[-9,23],[-8,12],[-13,-12],[2,30]],[[292737,553977],[27,313],[16,181],[-6,17],[-12,49],[-9,55],[-7,26],[-10,33],[-9,16],[-15,22],[-15,27],[-8,9],[-15,11],[-19,27],[1,68],[-7,140]],[[286231,565741],[8,6],[21,38],[5,1],[10,-4],[9,18],[1,3],[2,9],[5,80],[-1,25],[-4,29],[0,8],[5,19],[2,32],[-3,27],[0,33],[3,25],[-4,25],[2,27],[7,5],[2,13],[-4,22]],[[286297,566182],[-3,13],[-5,50],[12,65],[5,55],[-15,1],[0,42],[-27,1],[0,36],[-4,28],[2,20],[-24,2],[0,28],[-7,13],[0,85],[7,-1],[-1,38],[2,4],[7,1],[7,11],[18,8],[17,-6],[5,-4],[0,-10],[-21,-1],[0,-41],[7,-1],[0,-19],[5,-1],[4,-53],[4,0],[1,38],[5,-21],[-1,-9],[22,-80],[19,-60],[5,-4],[2,2],[-4,8],[-1,26],[6,0],[2,84],[-22,2],[0,22],[-6,2],[0,19],[3,0],[0,43],[-17,1],[0,20],[-5,1],[-5,15],[5,11],[23,-16],[20,-18],[3,-9],[7,9],[9,35],[11,11],[3,9],[7,-2],[-1,46],[9,0],[14,11],[6,-36],[6,-11],[1,-15],[8,-31],[5,-13],[2,39],[5,17],[5,31],[14,8],[1,7],[0,18],[14,47],[13,-2],[4,-9],[12,-9],[8,7],[0,-25],[9,3],[8,24],[4,23],[0,23],[5,-1],[0,18],[-8,0],[7,27],[14,2],[1,45]],[[286550,566929],[13,0],[0,-43],[3,-45],[3,-9],[7,7],[5,-10],[1,15],[9,3],[2,-7],[12,-1],[0,22],[3,0],[2,4],[5,23],[9,-30],[9,-31],[20,2],[0,-31],[-11,1],[-5,-4],[3,-15],[7,-17],[-11,-28],[-2,-2],[-17,19],[-2,-1],[-10,-10],[0,-35],[-1,-181],[0,-36],[13,-2],[0,-27],[-13,-23],[0,-127],[9,0],[-1,-15],[4,-6],[0,-64],[8,0],[4,-19],[4,0],[1,-22],[7,1],[8,11],[2,-8],[14,8],[10,14],[0,10],[2,52],[7,10],[3,37],[4,7],[11,-22],[2,-23],[8,-16],[5,-20],[9,7],[2,-51],[2,-25],[2,-66],[1,-26],[11,-35],[2,-25],[-1,-32],[-2,-10],[-2,-32],[-6,-20],[0,-6],[3,-56],[2,-73],[15,75],[0,-4]],[[286754,565866],[-32,-158],[-4,-12],[-2,-1],[-32,-56],[-11,-22],[-9,-21],[-15,-42],[-17,-47],[-3,-10],[-22,-66],[-8,-25],[-4,-23],[-7,-48],[-15,-107]],[[286573,565228],[-8,0],[3,46],[-2,20],[-17,5],[0,-21],[-13,0],[-1,-12],[0,47],[-9,-15],[-1,5],[-2,11],[-2,75],[-3,42],[4,0],[1,-13],[0,-7],[12,-2],[1,22],[9,0],[-5,19],[1,1],[-2,6],[-5,-12],[-12,0],[-2,3],[-12,4],[0,-26],[-4,-4],[-1,18],[-13,-7],[-7,8],[-6,-10],[4,15],[0,29],[0,41],[-14,7],[0,32],[6,0],[0,44],[8,0],[0,38],[-24,18],[-10,0],[-15,41],[-4,-16],[-2,-14],[-12,8],[-4,7],[0,-38],[-6,0],[-1,-43],[-7,0],[0,-15],[-8,0],[1,-18],[-2,-15],[-1,-74],[-3,-2]],[[286383,565476],[0,-3],[3,4],[10,-2],[0,-9],[13,-6],[0,8],[0,0],[0,-13],[5,-4],[2,-20],[0,34],[10,-6],[-3,-11],[2,-17],[-1,-4],[-9,-6],[-3,-33],[18,0],[0,-43],[7,1],[4,-34],[8,6],[3,-1],[1,-1],[0,-38],[-6,-13],[0,-8],[-24,1],[0,22],[-4,19],[-16,-20],[-2,-18],[-9,-24]],[[286392,565237],[-2,-7],[-7,-23],[-2,-2],[-3,1],[-2,-1],[-1,1],[-1,0],[-2,1],[-1,1],[-2,1],[0,0],[-1,-1],[-1,0],[0,-1],[-11,0],[-10,0],[-13,-1],[0,7],[-9,-1],[0,50],[-7,0],[0,-27],[-8,8],[-4,20],[-13,0]],[[286292,565263],[-6,19],[0,25],[5,1],[-1,16],[6,12],[-2,13],[-1,3],[-8,0],[0,41],[4,-1],[-3,14],[-5,45],[-8,11],[-4,7],[-15,61],[4,49],[-9,1],[-1,22],[6,7],[-12,0],[0,19],[5,23],[-8,0],[-1,16],[2,14],[6,6],[1,17],[4,-7],[-3,20],[-15,23],[-2,1]],[[286687,566306],[4,-3],[3,8],[-1,2],[-5,5],[-1,-12]],[[286383,565476],[-1,9],[-19,8],[-8,-7],[0,-79],[0,0],[10,8],[4,-37],[3,-1],[-2,2],[-3,24],[1,1],[0,2],[0,12],[6,14],[12,-23],[5,23],[5,0],[0,17],[-14,0],[0,27],[1,0]],[[288441,570231],[-1,46],[5,37],[8,33],[15,10],[4,36],[3,6],[4,-12],[10,22],[5,3],[9,10],[15,59],[12,23],[11,-5],[4,4],[2,20],[-6,31],[3,20],[8,1],[0,27],[1,11],[5,2],[4,-7],[6,9],[2,45],[7,3],[9,-4],[8,6],[2,18],[-15,15],[3,16],[10,11],[2,14]],[[288596,570741],[1,3],[2,18],[4,7],[1,4],[1,18],[5,2],[3,3],[0,22],[5,-5],[3,2],[4,10],[5,-20],[1,-16],[8,-45],[15,26],[1,-7],[13,23],[5,-15],[6,-36],[9,13],[2,-7],[5,22],[-2,10],[18,25],[8,-35],[5,2],[12,20],[0,12],[6,-8],[6,-1],[3,-12],[-7,-13],[10,-61],[4,7],[-2,13],[9,13],[5,-22],[-2,-11],[4,0],[12,20],[3,10],[5,-6],[5,13],[11,-16],[8,20],[0,-16],[-2,-13],[2,-4],[5,9],[0,5],[11,-3],[7,-22],[3,11],[10,40],[2,-2],[13,33],[3,-15],[5,-15]],[[288875,570751],[8,-37],[2,-4],[15,-16],[2,-6],[6,10],[2,25],[7,-28],[7,23],[9,-4],[1,-7],[2,-11],[14,-52],[7,-4],[7,-20],[2,-5],[-9,-17],[7,-40],[-14,-25],[0,-4],[-5,-2],[-3,1],[-1,-2],[-1,4],[-3,-5],[-12,-21],[2,-16],[2,4],[13,-28],[-5,-21],[-19,-30],[0,-17],[0,-3],[-1,-24],[0,-5],[-2,-10],[5,-6],[2,1],[10,-37],[6,1],[-8,-13],[12,-15],[13,-4],[8,6],[12,19],[5,-14],[0,-11],[12,-31],[-6,-19],[6,-35],[7,-22],[2,-20],[-8,-16],[-6,-4],[-14,-36],[-5,-4],[-7,22],[4,-30],[-4,-17],[-5,15],[5,-28],[5,-4],[-8,-13]],[[288958,570039],[-13,4],[-45,23],[-20,9],[-6,1],[6,14],[-14,48],[6,-12],[-2,12],[6,-5],[0,8],[0,-8],[-18,29],[-4,5],[-8,-21],[-14,27],[-7,14],[-6,0],[-12,-40],[-6,-13],[-2,-3],[-13,-6],[-6,-15]],[[288780,570110],[-5,4],[-3,-3],[-2,5],[-15,-24],[-2,7],[2,5],[3,6],[0,5],[-6,-10],[-2,9],[-4,1],[3,-12],[-15,-23],[-8,40],[3,27],[2,5],[-6,9],[-1,-6],[-13,15],[-4,-7],[1,-2],[-3,-10],[-14,-14],[-7,2],[-16,16],[2,-16],[-4,-3],[4,-27],[-4,-23],[-6,-10],[-10,13],[-6,-20],[-7,8],[-4,-6],[-7,11],[-6,-10],[-4,33],[-1,-5],[-14,-21],[-27,6],[-8,-5],[0,-17],[-9,-18],[-4,13],[-1,-16],[-9,-16],[-1,-22],[-13,3],[0,-19],[5,-16],[-14,-18],[-2,-14],[-6,5],[-6,-27],[1,-20],[-3,-1],[-3,6],[0,-41],[-10,-22],[0,-24],[8,-16],[-8,-6],[-1,-17],[-9,5],[-2,-9],[2,-17],[-1,-24],[11,-38],[-6,-13],[-3,11],[-7,3],[-3,-12],[7,-17],[-11,-20],[-3,-12],[-9,-49],[-6,-7],[-5,-31],[-11,-26],[0,-16]],[[288434,569505],[-4,18],[-3,30],[10,19],[3,40],[-7,38],[-11,66],[-6,-19],[-1,-26],[4,-62],[-3,-28],[1,-18],[-3,6],[-4,-30],[-11,-13],[-5,1],[-7,22],[-3,4],[2,2],[2,-5],[7,-23],[12,9],[3,7],[3,24],[-5,24],[-10,15],[-13,25],[-5,19],[-5,41],[2,52],[7,39],[-1,10],[-4,6],[-6,-3],[-2,14],[5,34],[2,42],[5,26],[7,20],[1,33],[4,18],[8,10],[-4,38],[2,18],[7,15],[3,23],[12,53],[9,25],[6,48],[3,19],[0,0]],[[291598,551584],[11,-29],[8,-32],[8,14],[5,-1],[6,40],[7,9],[9,-9],[4,10],[14,-49],[-4,-15],[-2,-38],[3,6],[24,-36],[12,-7],[5,8],[7,-14],[15,-13],[6,-12],[4,-20],[10,-3],[3,-8],[3,-23],[-2,-35],[11,-28],[5,2],[9,19],[4,-12],[14,3],[3,8],[19,1],[11,-17],[7,9],[15,37],[10,64],[5,-6],[5,7],[6,20],[2,22],[7,10],[14,-17],[23,7],[6,11],[4,36],[3,-10],[13,-21],[2,-9],[3,27],[11,17],[-15,60],[-11,98],[1,26],[-3,63],[-14,9],[-27,6],[-21,21],[-16,6],[19,194],[9,50],[-5,50],[5,24],[48,-35],[-12,333],[-20,476]],[[291628,550726],[-7,24],[-7,3],[-3,16],[2,16]],[[291613,550785],[11,25],[-2,32],[3,28],[-1,55],[-7,22],[-7,10],[-1,32],[-2,9],[0,20],[-3,21],[10,5],[23,22],[4,-17],[6,20],[7,2],[4,-15],[8,3],[5,-11],[3,15],[8,0],[7,-20],[3,-40],[12,-37],[12,-1],[1,16],[4,0],[3,13],[-7,64],[72,25],[6,132],[-16,2],[-14,11],[-8,-27],[-10,-21],[-9,-11],[-24,-34],[-26,-32],[-5,-3],[-9,30],[-6,2],[-3,-9],[-8,12],[-2,42],[-7,17],[-6,22],[-6,-20],[-20,-50],[-10,57],[-4,-25],[-1,-22],[6,-19],[-10,-10],[-7,-23],[-1,-14],[-9,-12],[-1,-14],[2,-29],[-6,-15],[-8,-5]],[[291567,551015],[4,35],[0,45],[6,48],[-7,71],[2,22],[4,16],[-4,35],[9,1],[20,-55],[-5,39],[-6,165],[-8,17],[-4,16],[-16,75],[3,10],[4,28],[12,-6],[5,-11],[7,19],[5,-1]],[[283822,581907],[4,-25],[-1,-41],[-5,18],[-5,-1],[-3,-14],[-2,-28],[1,-11],[11,-25],[-1,-14],[2,-9],[5,0],[8,-7],[3,-13],[-2,-14],[12,-4],[6,-11],[4,10],[-3,15],[-9,15],[6,6],[4,0],[4,16],[6,-5],[-2,-28],[2,-16],[4,-6],[8,24],[4,-3],[8,18],[1,-31],[3,-10],[0,-19],[-5,-3],[-2,-11],[11,-20],[1,-16],[7,-4],[7,5],[6,-15],[-1,-21],[2,-11],[5,10],[9,-21],[12,-15],[8,-22],[13,-65],[1,-41],[-4,-34],[10,-23],[5,-23],[2,12],[12,-11],[8,14],[7,-17],[4,-31],[7,-11],[4,8],[-1,5],[8,25],[6,-21],[-2,-23],[-7,0],[-3,-8],[10,-31],[6,-9],[6,34],[22,-13],[-1,-15],[9,6],[7,1],[4,2],[5,9],[8,-40],[-6,-3],[-5,0],[-2,-4],[-5,-8],[-3,-9],[-10,1],[-13,-54],[-9,-30],[-2,-25],[-8,-15],[-6,21],[-5,2],[-7,-25],[-7,-49]],[[284013,581052],[-20,-20],[-3,-11],[-13,42],[5,13],[-11,19],[-8,28],[-7,5],[-10,-5],[-14,10],[-13,-11],[-4,8],[-7,38],[-14,38],[-15,-3],[-16,14],[-6,-5],[-12,9],[-7,-5],[-9,24],[-11,7],[-5,-6],[-5,13],[-5,1],[-3,12],[-3,26],[-12,45],[-49,-320],[-15,-119],[10,-9],[5,16],[5,-5],[10,14],[5,-1],[6,-15],[3,4],[6,21],[7,9],[7,0],[3,12],[6,-16],[4,17],[3,4],[10,-26],[5,15],[5,3],[5,-17],[10,-8],[2,-12],[-4,-24],[11,-5],[6,-19],[8,7],[6,-12],[7,-1],[2,-12],[7,-15],[4,-37],[-6,-5],[-5,-28],[0,-30],[5,-30],[0,-13],[-11,-35],[0,-19],[6,-49],[4,-16],[-1,-19],[-5,-17],[1,-13],[1,-5],[-7,-19],[-7,-39],[-8,6],[-8,22],[-8,1],[-3,40],[2,24],[-4,33],[-7,6],[-9,-9],[-8,4],[-2,-25],[-11,-22],[-1,-16],[-6,-2],[-12,-14],[-10,-26],[-1,-10],[-9,-15],[8,-21],[5,-22],[1,-22],[4,-12],[2,-25],[-6,-12],[4,-17],[-5,2],[-3,14],[-10,11],[-5,12],[-3,17],[-6,1],[-8,18]],[[283733,580391],[0,-9],[-8,-30],[-6,-1],[2,20],[-6,13],[-5,-7],[-14,2],[-15,-14],[-9,12],[-10,28],[-4,2],[-12,-5],[31,194],[-4,13],[-11,24],[-7,-4],[-3,27],[-12,18],[1,13],[-10,8],[-4,18],[-9,-8],[-4,4],[-11,-28],[-7,-6],[-8,-53],[-2,-7],[-14,2],[-7,-5],[-5,-26],[-3,-6],[-5,20],[-17,8],[-10,1],[-12,-6],[-2,21],[1,16],[-10,-27],[-6,-42],[-10,-46],[4,-20],[-1,-26],[6,-28],[2,-40],[-3,-37],[5,-21],[-1,-66],[8,-15],[2,-13],[5,-8],[2,-15],[6,-28],[2,-24],[3,-16],[-2,-33],[-6,-4],[-2,-10],[6,-32],[-3,-18],[5,-26],[23,-8],[39,9],[-1,-28],[-41,-273],[-8,-35],[-18,-81],[-10,-42],[-10,-2],[-5,28],[-8,-17],[-3,1],[-2,28],[-4,20],[-2,22],[-5,10],[-4,19],[-7,-13],[-7,13],[-1,30],[-3,12],[-9,6],[-2,15],[-7,18],[-12,-1],[-5,15]],[[281722,563808],[37,-38],[22,-21],[10,-10],[51,-27],[139,-87],[17,-15]],[[281998,563610],[8,-20],[20,-12],[-7,-7],[-2,-19],[-9,-42],[-1,-20],[-9,-40],[-5,-12],[-11,-2],[-9,-10],[-12,-41],[0,-10],[-17,43],[-10,44],[-8,-15],[-8,-4],[-7,18],[-15,18],[-9,-3],[-16,6],[5,-32],[1,-29],[-1,-20],[-6,-47],[2,-5],[17,-6],[3,-10],[1,-20],[-1,-26],[-6,-67],[-4,-40],[1,-43],[3,-35],[2,-44],[-1,-7],[9,0],[2,-11],[-2,-9],[-7,-8],[-5,-12],[-9,-2],[-5,-6],[-10,-58],[-2,-15],[-1,-29],[42,131],[0,-193],[19,0],[1,-24],[3,17],[16,43],[5,17],[5,39],[7,83],[7,43],[9,-9],[9,-1],[0,-43],[14,-1],[0,31],[6,-7],[-6,36],[0,25],[-14,1],[0,178],[-4,20],[13,43],[8,-47],[11,-3],[0,-19],[31,-3],[-4,-15],[6,-33],[8,2],[-1,-84],[-13,0],[0,-22],[-14,0],[-2,-20],[-1,-40],[-2,-22],[-10,-41],[4,-41],[-1,-34],[-4,-19],[22,-24],[15,25],[7,-3],[6,22],[5,-6],[-13,-25],[-11,-43],[4,-10],[-5,-18],[6,-1],[16,16],[4,7],[12,1],[0,-23],[5,-11],[-4,-17],[2,-27],[14,-16],[2,-19],[6,-21],[6,-32],[-3,-12],[0,-21],[10,3],[15,40],[4,13],[11,19],[25,34],[84,-3],[0,-39],[5,-4],[2,-11],[-1,-39],[6,8],[-13,-61],[-9,-39],[-11,10],[-8,-6],[-14,-34],[-7,-32],[18,-1],[4,-10],[0,-38],[-6,-42],[-13,-42],[-3,-22],[-1,-35],[-4,-28],[-1,-14],[-4,-6],[-8,-23],[-13,-1],[-6,-23],[-1,-32],[1,-10],[-3,-28],[0,-13],[6,-24],[3,-33]],[[282169,562065],[-1,-5],[-3,-3],[-11,0],[-1,-40],[-3,-31],[6,-56],[-30,-1],[0,-41],[-27,1],[0,-24],[0,-146],[-35,2],[0,-17],[4,-11],[3,-14],[-3,-14],[3,-15],[-1,-29],[2,-17],[-3,-55],[-3,-45],[2,-31],[-1,-12]],[[282067,561461],[-10,6],[-7,17],[-12,16],[4,58],[-2,17],[1,39],[-1,25],[-90,1],[0,39],[-15,0],[-4,-14],[-2,4],[4,44],[-6,-29],[-14,-63],[-3,0],[-4,-5],[-10,22],[2,12]],[[281898,561650],[1,7],[-9,33],[6,14],[-6,14],[1,21],[-18,38],[-2,11],[-3,-11],[-15,-27],[-9,-1],[-9,-21],[-7,1],[-10,0],[-9,1],[-5,-5],[-2,-3],[-2,8],[0,84],[-4,8],[-7,-11],[2,-18],[-1,-6],[-7,-16],[-1,-17],[-6,5],[-4,-7],[-4,15],[-3,1],[-22,-20],[-11,-18],[-20,-6],[-20,-19],[-9,1]],[[281683,561706],[-3,0],[-7,0],[-29,-16],[-18,-7],[0,47],[-14,0],[0,128],[7,0],[0,20],[7,1],[0,21],[0,12],[-3,0],[0,31],[-24,0]],[[281599,561943],[0,42],[-3,6],[2,8],[-4,10],[5,24],[0,176],[6,3],[3,-14],[5,7],[6,23],[-4,30],[2,32],[4,11],[-2,27],[7,17],[14,7],[18,-11],[15,-19],[8,-3],[0,53],[-6,46],[0,28],[-5,11],[-9,42],[-9,26],[-13,3],[-7,17],[-4,30],[4,6],[0,17],[0,13],[-10,21],[-16,-15],[4,19],[-2,17],[3,18],[11,-3],[4,16],[-2,13],[-1,13],[-36,2],[-3,65],[0,20],[3,0],[0,34],[-2,6],[-9,-2],[-3,-11],[0,226],[4,12],[1,18],[-2,18],[0,45],[7,10],[4,-10],[5,4],[2,25],[8,3],[5,21],[6,7],[3,31],[-3,19],[1,31],[12,18],[10,57],[9,31],[6,0],[7,-12],[0,7],[9,4],[6,17],[8,-43],[5,15],[-2,16],[12,24],[4,42],[-1,12],[9,24],[-2,24],[-7,19],[3,36],[3,1],[17,-18],[6,12],[10,7],[5,10],[5,26],[-21,48],[-5,26],[0,121]],[[280837,569342],[10,11],[17,6],[3,-3],[-3,-9],[0,-108],[5,-7],[-2,-36],[1,-21],[3,-12],[1,-28],[13,-13],[10,-34],[15,7],[4,16],[3,27],[10,5],[6,-13],[1,-22],[6,-11],[7,2],[5,26],[5,11],[6,-1],[3,-15],[-4,-31],[2,-17],[8,-21],[10,-7],[10,-13],[8,-16],[15,-4],[5,-11],[3,-19],[1,-20],[3,-14],[24,10],[7,10],[15,50],[2,1],[7,-15],[6,-26],[5,-13],[10,-16]],[[281103,568948],[-2,-54],[-6,-22],[2,-30],[0,-28],[1,-14],[0,-38],[-4,-6],[-11,-4],[0,139],[-5,2],[-8,-80],[0,-64],[-8,-8],[-3,-17]],[[281059,568724],[-10,5],[-7,-10],[-11,-24],[-7,2],[-12,11],[-10,3],[-10,-6],[-10,-17],[-3,0],[-8,-18],[-5,6],[-12,37],[-29,-9],[-19,-48],[2,-22],[13,-57],[5,-15],[-1,-9],[-10,-17],[-15,-40],[-4,-23],[-12,-45],[-7,-3],[-3,-16],[-7,-8],[-2,-3],[-6,17],[-6,-12],[-8,7],[-7,16],[-9,-22],[-11,10],[-7,-28],[-6,-13],[-12,-16],[-6,-18],[-13,-3],[-4,-13],[-9,-4],[-13,-43],[-11,-16],[-9,-32],[-2,-31],[-9,11],[-5,-9],[-6,-26],[0,-8],[9,-21],[1,-12],[-5,-46],[2,-10],[14,-13],[6,-37],[12,14],[8,-10],[14,1],[9,-18],[15,-39],[8,-11],[0,-28],[9,12],[7,3],[-5,-4],[-11,-15],[3,-19],[9,-22],[14,-23],[5,-3],[12,-31],[9,15],[10,-4],[6,-18],[4,8],[5,10],[7,-4],[9,-25],[15,-22],[-2,-47],[-6,-45],[0,-53],[11,-12],[24,-62],[3,54],[8,-10],[16,0],[4,-12],[6,-33],[0,-25],[-8,-2],[-7,12],[-12,-13],[19,-45],[10,-10],[-8,-35],[-10,-23],[0,-69],[41,1],[0,-49],[10,-41],[4,-29],[0,-43],[-4,-8],[-11,9],[-6,32],[-25,-1],[1,-64],[5,-26]],[[280701,567092],[-5,34],[-9,33],[-8,9],[-16,67],[-7,30],[2,4],[5,0],[0,13],[-11,0],[-10,41],[8,3],[-1,26],[-2,6],[-2,-14],[-2,-4],[-3,15],[-4,-7],[-9,39],[-6,25],[-3,44],[-2,6],[0,57],[2,17],[-26,0],[-7,21],[5,19],[-5,1],[0,32],[-7,-13],[-6,-19],[-4,6],[-26,34],[-7,43],[-4,-12],[-6,-8],[-5,7],[-8,48],[-19,-1],[0,11],[-15,0],[-23,28],[1,14],[-4,18],[-17,-5],[0,22],[-1,9],[-14,0],[-8,14],[-4,-4],[-5,7],[4,31],[0,38],[-10,0],[-9,-1]],[[292610,571039],[15,-23],[3,14],[-1,19],[4,2],[-6,66],[22,3],[5,17],[10,17]],[[292662,571154],[20,-49],[10,-16],[7,-16],[6,-31],[-2,-17],[12,-12],[2,-29],[-4,-4],[2,-28],[4,-14],[9,0],[2,-16],[26,-17],[14,34],[6,-10],[32,164],[6,13],[-2,-26],[3,-10],[2,15],[6,-2],[-2,-17],[3,-20],[5,4],[7,-17],[0,-26],[8,-14],[13,29],[4,-2],[4,-19],[-1,-35],[2,-12],[0,-21],[-2,-8],[3,-32],[-2,-10],[0,-22]],[[292865,570861],[0,-21],[-5,-54],[4,0],[13,-19],[-1,-165],[6,-18],[-3,-7],[-1,-37],[-2,-14],[-5,5],[-4,-18],[-7,-52],[0,-8],[4,8],[4,-7],[7,28],[11,-9],[6,-12],[4,-32],[7,10],[17,-44],[-1,-5],[-7,-24],[6,-55],[5,-20],[-3,-23],[0,-31],[-3,-14],[2,-15],[13,-30],[2,-23],[7,-35],[-9,-10]],[[292932,570110],[-2,19],[-8,25],[-13,6],[-13,10],[-6,-3],[-9,12],[-9,-10],[-9,-16],[-7,-15],[-11,-36],[-3,-26],[-4,-24],[-7,-13],[-3,-15],[-5,-7],[-5,-15],[-3,-18],[-4,-4],[-120,-299],[6,-14]],[[292697,569667],[-28,-128],[-30,-82],[-4,-5],[-2,3],[-1,-16],[-8,-46],[-5,-43],[-11,-12],[-8,-23],[-4,11],[-11,0],[-7,19],[-3,1],[-2,-24],[-13,10],[-5,-13],[-8,-4],[-4,-13],[-4,-30],[-7,-15],[-5,7],[-6,-14],[-2,-17],[-2,-25],[-5,-15],[-7,7],[-2,-18],[3,-22],[5,-15],[9,-16],[-3,-33],[-5,-34],[-3,-35],[-6,-40],[0,-35],[-7,-50],[-7,32],[-4,-16],[-4,9],[-19,-47],[-14,-83],[-13,39],[-18,10],[-6,17],[-14,-24],[-24,-30],[-4,0],[-10,-81],[-14,-47],[-16,-64],[-2,-17],[-18,-30],[-9,-38],[-7,-5],[-11,-31],[-1,-13],[-7,-20],[-7,-9],[1,-34],[-3,-10],[14,-33],[-10,-32]],[[292269,568345],[-4,-8],[-13,3],[-21,-35],[-9,-32],[-6,-16],[-10,-15],[5,-15],[-9,-25],[-5,-3],[-11,-32],[-14,-14],[-9,2],[-9,10],[-14,17],[3,15]],[[292143,568197],[0,15],[-6,21],[4,7],[3,25],[-8,21],[12,39],[8,33],[-10,18],[5,19],[1,18],[-5,2],[0,15],[7,17],[-3,11],[3,28]],[[292154,568486],[-12,35],[1,21],[-4,20],[6,39],[2,9],[-2,19],[4,7],[-8,12],[5,33],[8,-10],[2,13],[-3,6],[5,14],[-5,32],[1,24],[-8,10],[1,11],[-5,5],[-8,-3],[-17,55],[-7,34],[0,15],[-6,3],[12,20],[10,44],[8,11],[-3,37],[4,27],[0,35],[10,37],[-7,23],[-2,13],[-9,27],[-5,5],[-1,19],[-6,21],[-5,6],[-10,51],[5,27],[3,-19],[4,11],[-1,17],[5,-7],[12,31],[-3,10],[4,9],[-7,59],[-11,40],[-2,19],[6,7],[7,-10],[11,2],[8,16],[13,1],[-1,17],[-7,8],[-8,19],[-16,6],[-1,62],[-5,-3],[4,22],[4,-17],[8,-9],[10,-18],[21,-57],[14,-27],[15,-3],[-1,19],[1,14],[7,34],[20,76],[6,29],[7,18],[8,78],[0,16],[5,0],[-7,31],[-9,17],[-3,15],[1,45],[-4,39],[7,-4],[-5,5],[-9,22],[8,-13],[16,4],[-2,17],[-20,25],[-7,25],[-13,71],[15,29],[4,33],[11,50],[-2,28],[0,18],[17,15],[8,0],[2,4],[6,15],[5,32],[9,31],[-10,29],[6,44],[4,20],[5,40],[2,6],[20,-49],[3,-10],[18,26],[0,-18],[10,4],[-1,-22],[11,-8],[-2,-14],[7,-6],[-3,-50],[4,-3],[10,47],[2,-5],[9,46],[5,17],[5,-8],[13,76],[14,-18],[3,26],[7,-7],[-4,30],[7,16],[2,-10],[10,13],[7,-31],[4,8],[5,6],[-1,40],[-2,7],[0,26],[5,29],[6,19],[6,6],[12,-17],[7,-28],[1,-24],[21,19],[7,18],[12,-10],[5,21],[9,13],[9,-5],[11,-16],[11,2],[15,11],[14,18],[8,4],[-1,28],[-6,0],[-3,21],[-6,14],[4,22],[1,41],[6,39],[-8,27],[8,21],[5,26],[-4,13],[-6,26],[7,15],[-5,16],[6,37],[-22,2],[-3,32],[22,3],[13,11]],[[289638,561577],[97,-142],[7,21],[1,13],[7,8],[2,31],[7,10],[7,19],[9,-7],[5,5],[3,-15],[10,-8],[2,-8],[15,-14],[11,-14],[15,-8],[3,-6],[18,-93],[10,-25],[6,0],[14,-19],[6,8],[4,41],[3,13],[14,23],[7,33],[3,-2],[2,-4],[8,-16],[14,10],[18,42],[4,5],[3,-33],[5,-24],[8,-19],[8,-8],[6,-1],[2,3],[7,28],[8,11],[12,5],[3,8],[4,-7],[16,-2],[7,-19],[2,-18],[6,-5],[3,-21],[11,-16],[5,-1],[4,-21],[8,-22],[5,-6],[5,-7],[8,3],[7,-4],[6,3],[17,-32],[8,-29],[6,-7],[4,-13],[9,-13],[8,-6],[9,3],[10,19],[5,-3],[5,-24],[8,-28],[22,-9],[10,-13],[5,0],[7,-25],[14,7],[14,-27],[17,-18],[10,-37],[4,1],[6,15],[6,-10],[5,14],[16,-23],[6,-16]],[[290360,561031],[11,-33],[2,-3],[9,-17],[9,-48],[12,-14],[6,-28],[6,-17],[12,-5],[6,-42],[10,-35],[5,-15],[11,-21],[8,2],[9,-4],[7,-13],[10,18],[10,7],[5,16],[8,8],[5,-6]],[[290521,560781],[6,-8],[2,-20],[7,-24],[8,-36],[15,-17],[9,-23],[9,-38],[16,-19],[8,7],[8,-6],[3,-8],[8,-4],[2,-24],[7,-34],[6,-13],[-3,-7],[5,-9],[5,-28],[5,0],[6,-19],[3,-19],[-3,-21],[7,-9],[-4,-24],[3,-12],[0,-20],[8,-12],[27,-9],[10,-20],[13,-14],[4,3],[2,-18],[5,-19],[-1,-13],[15,-27],[-17,-69],[-1,-28],[2,-13],[-11,16],[-11,35],[-11,18],[-11,-83],[7,1],[3,-25],[6,0],[4,-20],[6,-18],[0,-17],[3,-1],[17,-45],[2,-13],[15,-6],[0,-21],[8,3],[-2,-90],[-26,-16],[-9,-10],[-7,2],[-21,52],[-5,33],[-4,-15],[-8,-25],[-2,-66],[-5,-19],[-4,5],[-7,33],[-5,4],[-6,-30],[-10,-8],[-3,-43],[1,-45],[-1,-37],[8,-33],[6,-50],[4,-15],[6,-39],[2,-61],[1,-51],[0,-51],[-2,-17],[-25,6],[-1,1],[-6,-5],[-8,-52],[-7,-28],[-11,-18],[-7,-7],[-1,10],[-6,1],[-7,-8],[-5,15],[-1,17],[-9,4],[-12,-19],[-5,-1],[-8,17],[-11,59],[-7,-34],[-5,-2],[-5,-24],[-3,-2],[-3,-39],[-8,-6]],[[290493,559224],[-29,236],[10,61],[2,5],[-125,181],[0,9],[-11,-22],[-9,0],[-9,5],[-8,-9],[-18,2],[-9,-11],[-8,-3],[-15,12],[3,-82],[-4,-2],[-3,14],[-1,24],[-3,-2],[-2,44],[-8,8],[-14,28],[-3,35],[-5,19],[-2,27],[-4,-14],[-7,14],[-3,17],[-6,-12],[-21,-19],[-8,-3],[-11,-15],[-8,-19],[-3,23],[-1,28],[-3,18],[-3,41],[-2,81],[9,11],[4,13],[5,23],[14,56],[5,23],[11,27],[2,30],[2,3],[-1,17],[-2,14],[-8,7],[-10,15],[-13,29],[-8,26],[-11,26],[-8,7],[-9,21],[-9,6],[-4,0],[-9,-11],[-8,-25],[-11,-6],[-19,-3],[-12,-12],[-8,-40],[-5,-39],[-3,-28],[-5,3],[-8,-10],[-6,2],[-8,-7],[-9,-1],[-14,-28],[-1,30],[-7,22],[-17,30],[-7,21],[-4,19],[-5,59],[-10,-4],[-7,8],[-6,-13],[-17,-4],[-4,-7],[0,-27],[-8,-8],[-9,0],[-8,-8],[-5,15],[-9,17],[-5,-1],[-9,12],[-2,-7],[-11,4],[-9,2],[-3,-13],[-5,1],[-9,-16],[0,-17],[-6,-30],[-9,21],[-9,31],[-11,84],[-4,19],[-17,83],[-3,13],[-5,10],[-23,24],[-12,17],[-11,26],[-29,-39],[-14,-22],[0,4],[-1,2],[-1,-5],[-2,0],[0,-3],[1,0],[-2,-3],[-2,0],[-1,-4],[-1,0],[0,-3],[-1,-3],[-16,-20]],[[289630,560409],[-2,13],[-4,10],[-1,5],[1,43],[-3,16],[-10,13],[-4,41],[0,50],[-5,51],[3,20],[-2,14],[-6,-7],[-3,6],[-3,34],[3,51],[-1,26],[-6,12],[-1,6],[0,10],[2,22],[-2,33]],[[289586,560878],[-1,24],[3,55],[-6,28],[-1,12],[0,9],[6,47],[4,53],[3,5],[4,0],[3,-4],[5,8],[1,34],[-1,35],[-3,37],[0,35],[1,0],[-9,38],[-9,6],[3,59],[13,18],[2,8],[0,58],[7,26],[12,3],[8,23],[-4,20],[5,36],[7,1],[-1,25]],[[285635,555346],[1,23],[6,2],[0,-26],[-1,-3],[0,-11],[0,-14],[-1,0],[0,13],[-4,-1],[-1,17]],[[286439,576748],[4,121],[3,74],[4,162],[1,4],[11,330],[0,1]],[[286462,577440],[0,2],[20,514]],[[286482,577956],[1,20],[1,10],[8,165],[9,283],[0,0]],[[287317,579431],[0,-13],[8,-27],[12,-21],[2,-25],[4,-18],[3,-40],[8,-9],[3,-16],[-1,-16],[10,-20],[11,-16],[0,-12],[-3,-27],[-1,-30],[1,-16],[-3,-34],[4,-21],[-2,-47],[3,-17],[8,-16],[5,-15],[13,-4],[-2,-16],[4,-20],[-2,-15],[-7,-33],[-2,-25],[-6,-20],[8,-22],[0,-41],[8,-32],[12,-17],[11,-7],[9,1],[7,-19],[8,11],[9,-15],[14,-42],[4,-5],[0,-14],[3,-16],[0,-17],[15,-25],[8,-7],[6,-11]],[[287509,578564],[0,-17],[7,-35],[0,-18],[-7,-39],[-8,-62],[-8,-10],[1,-28],[-3,-60],[1,-12],[-6,-16],[-21,-2],[-4,-36],[-5,-13],[-3,-32],[-9,-30],[-7,-34],[-7,-10],[-2,-18],[4,-35],[-2,-20],[-5,-22],[-6,-8],[-12,-28],[4,-46],[-6,-16],[-2,-19],[-12,-37],[0,-8],[8,-18],[0,-21],[-6,-10],[-9,-3],[-11,13],[-12,-15],[-8,-17],[56,-278],[-10,-59],[7,-10],[10,-14],[10,-39],[-5,-91],[15,-4],[-1,-56],[45,-10],[2,103],[37,-10],[2,61],[11,-21],[3,-2],[-1,-34],[12,-12],[2,-26],[5,-23],[-2,-19],[3,-33],[-3,0],[0,-9],[3,-27],[-1,-25],[-3,-11],[26,19],[1,22],[21,-18],[14,104],[39,100],[7,157],[27,10],[14,18],[3,15],[10,13],[20,-2],[15,25],[4,1],[16,-13],[3,6],[15,-15],[10,10],[9,19],[8,1],[4,8],[15,-37],[2,-8]],[[287833,577568],[0,-6],[-6,-43],[-3,-11],[4,-22],[3,-46],[-2,-17],[-9,-22],[-13,-20],[-10,-27],[-3,-13],[-2,-27],[-11,-36],[-11,-18],[-6,-32],[-7,-34],[-1,-14],[-15,-46],[-5,-9],[-6,-31],[-13,-21],[-16,-40],[-2,-60],[-6,-38],[-11,-9],[-8,-13],[-9,-21],[-10,2],[-8,-7],[-9,-33],[-2,-25],[1,-16],[-3,-8]],[[287634,576805],[-2,-4],[-4,16],[-7,15],[2,-5],[-6,-27],[-1,-13],[-11,-47],[-5,-13],[-7,-35],[-4,9],[-7,-24],[-8,-18],[-8,-9],[-10,-3],[-10,10],[-5,-2],[-5,-17],[-6,-37],[-4,-11],[-7,-7],[2,-26],[-9,-20],[-19,26],[-9,21],[-7,-9],[-8,-1],[-7,8],[-3,-5],[-12,1],[-17,-12],[-11,0],[-11,-19],[-7,7],[-32,-34],[-7,-23],[0,-26],[24,-96],[0,-119],[16,-6],[10,17],[4,1],[1,-36],[-13,-31],[-3,8],[-13,-18],[-6,3],[-5,-6],[16,-234],[3,-34],[-7,-25],[2,-19]],[[287391,575876],[-50,0],[-27,-2],[-135,1],[-55,1],[-17,0],[-50,0]],[[287057,575876],[-51,1]],[[287006,575877],[-1,0],[-151,2],[-9,0],[-107,2],[-141,3],[-23,0],[-165,3]],[[286409,575887],[14,390],[0,2],[16,469]],[[289798,553321],[16,28],[2,-3],[2,-1],[-6,-24],[-3,-14],[0,-4],[-7,17],[-4,1]],[[282928,566688],[7,-16],[27,-71],[28,-44],[16,-31],[13,-51],[4,-11],[4,-2],[14,25],[18,83],[9,29],[6,10],[12,3],[12,-8],[8,0],[6,8],[7,30],[2,20],[-3,32],[-7,19],[-8,-1],[-8,-13],[-18,-14],[-25,12],[-7,5],[-19,32],[-11,13],[-20,40],[-22,52],[-15,19],[-8,25],[-2,39],[19,124],[4,12],[17,15],[11,0],[17,-6],[29,-17],[11,0],[6,7],[14,28],[9,27],[15,79],[9,33],[10,50],[8,11],[14,2],[20,-24],[11,-10],[12,-3],[21,2],[50,20],[12,-10],[11,-30],[1,-21],[-4,-39],[-8,-56],[-9,-57],[-4,-28],[-7,-63],[0,-43],[8,-59],[10,-14],[10,1],[13,8],[15,4],[11,-6],[8,2],[14,14],[28,14],[4,-4],[7,-22],[12,-48],[8,-26],[11,-23],[7,-9],[7,-1],[7,0],[7,2],[20,-5],[38,-37],[11,-17],[29,-20],[8,9],[11,18],[13,15],[15,9],[15,17],[10,25],[15,44],[3,10],[22,43],[3,4],[11,19],[9,12],[14,35],[3,13],[2,6],[2,24],[1,2],[0,1],[1,11],[13,90],[5,50],[1,7],[1,9],[0,158],[1,23],[4,11],[2,5],[13,21],[16,-22],[11,-34],[4,2],[0,7],[6,11],[11,35],[-1,26],[-6,53],[-2,24],[1,25],[1,12],[5,27],[1,21],[-7,84],[0,1],[3,51],[5,26],[6,0],[5,-5],[9,-7],[10,3],[4,10],[2,18],[2,33],[4,31],[8,26],[11,17],[7,2],[27,-6],[11,7],[11,15],[12,22],[8,28],[16,39],[6,31],[2,34],[1,29],[2,61],[-2,62],[-2,22],[-7,36],[-8,16],[-17,14],[-10,-3],[-7,-16],[-4,-25],[-4,-33],[-5,-13],[-6,-6],[-5,13],[-8,45],[6,21],[7,41],[3,14],[8,9],[14,8],[12,17],[5,15],[6,17],[11,23],[14,10],[7,11],[2,6],[0,78],[-5,46],[-5,22],[-14,45],[-7,36],[-4,59],[1,54],[4,45],[6,29],[7,8],[20,-11],[11,-1],[13,-8],[18,12],[11,13],[11,19],[16,31],[18,42],[12,35],[2,12],[-7,25],[-10,17],[-15,19]],[[284035,569038],[3,-1],[121,1],[0,-47],[4,-21],[10,-7],[-14,-82],[-1,-196],[0,-25]],[[284158,568660],[-8,-33],[12,-2],[9,16],[-9,-60],[-15,31],[-16,-64],[-11,-24],[-17,-22],[3,-31],[7,-42],[-5,7],[-2,-8],[3,-14],[-5,-21],[2,-4],[5,23],[3,0],[0,12],[9,2],[-2,-12],[2,0],[5,-3],[1,-26],[4,-17],[9,-30],[21,-10],[4,-9],[-4,-9],[1,-17],[10,-1],[0,75],[11,33],[-2,9],[18,-1]],[[284201,568408],[4,-14],[17,-35],[2,-23],[-4,-22],[6,-18],[-8,-27],[-10,-3],[-6,5],[-9,20],[-13,-9],[0,-32],[-5,-35],[-17,-33],[-5,-22],[-4,-4],[4,-12],[-10,-13],[-3,-13],[-11,1],[-1,-50],[-27,-122],[-24,-89],[2,-10],[-6,-16],[-1,-60],[-7,-7],[-2,-39],[1,1],[11,-35],[-1,-51],[6,-30],[-4,-11],[5,-2],[0,20],[19,0],[3,-21],[13,-7],[3,-11],[5,-6],[7,-32],[1,-24],[9,-24],[0,-21],[-4,0],[0,-73],[-7,0],[0,-17],[-10,-17],[2,-45],[3,-20],[4,-2],[16,3],[5,-10],[5,-21],[12,-18],[18,17],[10,2],[9,7],[0,-6],[0,-5],[7,-16],[6,-44],[15,24],[0,-3],[1,-383],[-8,-1],[-3,-28],[0,-33],[-3,-21],[-20,-1],[-7,11],[-7,-13],[-18,18],[0,-3],[0,-57],[7,-6],[3,9],[16,0],[14,-4],[13,-20],[-1,-53],[-5,-45],[5,-25],[0,23],[2,103],[-1,18],[11,0],[0,-41],[29,-1],[-1,-43],[-12,1],[0,-20]],[[284247,566613],[0,-62],[-24,-6],[-11,0],[0,-37],[-7,5],[-9,-14],[-7,8],[-7,-22],[-7,9],[-9,6],[0,-190],[-1,-228]],[[284165,566082],[-16,0],[0,-66],[-21,1],[-7,-4],[-2,-18],[-18,1]],[[284101,565996],[-6,25],[1,34],[-3,15],[-16,41],[-8,12],[-8,4],[-5,23],[-12,12],[-5,19],[0,31],[-2,16],[-19,15],[-6,30],[-5,6],[3,44],[-2,1],[-11,23],[-1,32],[-4,27],[-12,21],[-6,23],[-12,20],[-22,1],[-8,12],[-7,-7],[-16,10],[-1,29],[-2,12],[-4,10],[0,6],[-5,11],[-3,21],[2,39],[5,31],[-1,25],[-7,-38],[-4,0],[-1,14],[4,7],[-1,9],[5,18],[0,1],[-4,-9],[-3,-19],[-2,-3],[-2,-3],[-2,-2],[-3,-1],[-5,-2],[-13,2],[-1,-9],[-13,9],[0,39],[-18,1],[-8,-1],[0,35],[-4,0],[-4,-23],[0,-25],[-2,-4],[-1,19]],[[283811,566685],[-2,22],[-16,1],[1,25],[-13,5],[-5,-7],[-4,26],[-1,8],[-3,-13],[-3,13],[2,-27],[-7,-4],[-5,-24],[-11,0],[4,-6],[0,-94],[-10,-27],[6,-47],[-1,-14],[-17,-9],[-4,-38],[-1,-28],[-10,6],[-1,-9],[3,-44],[3,-71],[-4,-18],[-5,-8],[-1,31],[-11,-5],[7,-47],[-5,1],[-6,5],[-6,83],[-5,17],[0,9],[-2,22],[-3,-3],[-10,-12],[-13,-88],[-4,-39],[-1,-11],[-1,-8],[-9,19],[-3,-39],[-28,-13],[0,-17],[-66,4],[-1,-171]],[[283539,566041],[-14,-1],[1,87],[-40,3],[-1,47],[-1,-2],[-15,-21],[-20,-26],[-25,-38],[-19,-4],[-7,-9],[-4,-10],[-12,-60],[-26,-81],[-5,-1],[-9,12],[-4,-5],[-8,-30],[-5,-13],[-5,-3],[-5,9],[2,23],[-14,18],[-4,15],[-3,46],[-7,13],[-9,2],[-8,5],[-7,12],[-12,0],[-7,21],[-4,25],[1,24],[-14,53],[0,14],[5,13],[8,76],[-1,30],[1,3],[-10,33],[-2,28],[18,12],[-17,217],[-62,86],[-16,-49],[-5,-38],[-7,-8],[-9,9],[-2,22],[-5,3],[-7,15],[-14,-20],[-11,1],[-14,7],[-10,-11],[-7,-19],[-1,-14],[14,-8],[-17,-1],[-10,-51],[-7,-20],[-15,-45],[-3,19],[-4,-13],[1,20],[-15,58],[-12,25],[-3,-12],[6,-23],[-9,12],[1,31],[-4,5],[-20,26],[9,-24],[-5,0],[5,-23],[-7,7],[0,12],[-5,26],[2,8],[-18,46],[-7,20],[-10,21]],[[282928,566678],[0,10]],[[287033,555658],[-6,-21],[0,-45],[14,-1],[0,-50],[-15,1],[-1,-21],[-2,-465],[0,-143],[6,-4],[5,9],[5,-8],[0,-5]],[[287039,554905],[2,-27],[6,-39],[10,-24],[6,-11],[5,6],[6,-8],[2,-14],[-8,-12],[-1,-17],[-3,-1],[-5,11],[1,-13],[-4,-6],[-2,-18],[-4,-4],[-8,10],[-8,0],[-11,-26],[-4,-24],[-8,-14],[-10,-7],[-3,-34],[-3,-22],[-6,-4],[-6,0],[-6,7],[-8,24],[-8,2],[0,-1],[-6,-2],[-4,13],[-7,8],[-1,24],[-9,5],[-8,-11],[-11,-38],[-1,-2],[11,-35],[6,-10],[0,-34],[-2,-13],[-6,3],[-3,0],[-3,-13],[-15,-42],[-4,-3],[-6,14],[-5,-15],[-13,-27],[-7,-24],[-5,-2],[-8,9],[-2,-5],[-4,14],[-5,2],[-4,15],[-11,15],[-2,16],[-10,23],[-2,19],[-17,1],[-7,26],[-6,11],[0,85],[-1,4],[-15,22],[-2,44],[1,46],[-11,-1],[-21,1],[-23,0],[1,34],[0,12],[-16,-16],[-8,18],[-37,0],[-2,23],[-6,30],[0,11],[-6,0],[0,-111],[-2,-9],[-9,-6],[-19,-20],[-1,-53],[-18,-2],[-1,-35],[10,-21],[5,-30],[4,-19],[0,-95],[-5,-13],[-5,-8],[-7,31],[-20,25],[-18,71],[-2,21],[-6,-14],[0,-86],[3,-10],[3,-48],[4,-34],[-16,-11]],[[286538,554417],[-16,73],[-5,8],[-5,21],[-6,14],[-26,12],[-4,14],[9,52],[-29,2],[-7,-72],[3,-10],[2,-18],[0,-43],[-10,-4],[-5,-4],[-17,2],[-6,2],[2,-32],[-2,-16],[-10,-12],[-14,5],[-2,-31],[-8,-16],[-10,15]],[[286372,554379],[1,28],[-4,71],[1,65],[1,8],[-3,58],[1,16],[6,22],[1,31],[3,24],[3,35],[9,64],[0,46],[3,44],[4,7],[1,19],[7,45],[0,27],[19,0],[0,193],[0,42],[7,14],[0,1],[-11,-10],[-7,-14],[-10,-32],[-9,1],[0,63],[-9,-1],[1,-17],[1,-43],[-4,19],[-8,13],[-11,53],[-8,-49],[-4,40],[0,16],[-5,27],[1,49],[-9,3],[-4,18],[-6,-4],[-5,-15],[-7,24],[0,8],[-14,18],[-11,48],[-7,10],[-8,36]],[[286249,555492],[2,-23],[4,0],[-3,-56],[-1,-50],[-18,0],[-12,-1],[-19,-18],[-2,-34],[-10,1],[-2,28],[-21,13],[-9,10],[-1,-56],[-6,-22],[0,-28],[5,-29],[-1,-17],[-4,7],[-10,-2],[-5,-7],[-24,-14],[-8,8],[-13,4],[-8,10],[-17,-1],[0,-13],[-6,31],[1,30],[7,37],[4,9]],[[287848,584775],[1,10],[-2,21],[-7,26],[-16,27],[-11,-36],[-3,-28],[-3,5],[-4,-10],[1,15],[-3,15],[-9,24],[-3,-11],[-6,2],[2,22],[-5,10],[-9,1],[-21,-6],[16,3],[2,-5],[-7,-22],[-1,-4],[-10,26],[-3,-2],[-8,-30],[-6,10],[-8,10],[-4,8],[-12,-2],[-3,-4],[-1,-6],[-3,4],[-4,-15],[-4,9],[1,6],[-2,-1],[-1,5],[-15,-3],[-4,-19],[-2,-21],[-7,-23],[-8,-9],[-4,25],[-6,19],[-1,23],[-2,-12],[-4,12],[-13,-2],[-2,1],[-9,-2],[-13,-2],[-2,0],[-9,-19],[0,-7],[-3,0],[-6,15],[-4,-6],[-7,4],[-6,-2],[0,10],[-10,-2],[-5,0],[-3,-17],[1,-21],[3,-16],[-5,-14],[-24,-42],[-1,4],[-12,71],[5,34],[-11,-19]],[[287503,584812],[-2,19],[-5,12],[-1,4],[-7,-9],[-10,26]],[[281257,555707],[2,23],[-3,22],[12,5],[0,40],[10,44],[0,11],[4,16],[1,28],[4,13],[-6,7],[3,26],[5,26],[8,25],[5,44],[15,34],[5,31],[13,12],[7,0],[35,52],[4,8],[5,30],[4,34],[5,17],[12,1],[5,6],[4,147],[-6,-1],[0,17],[5,30]],[[281415,556455],[2,5],[-1,64],[7,0],[5,11],[9,0],[7,25],[10,8],[3,-24],[10,3],[5,12],[5,20],[6,8],[10,-18],[5,-26],[6,-54],[10,-37],[10,-9],[4,-23],[5,-7],[2,11],[-1,20],[4,15],[2,36],[23,19],[6,28],[2,45],[13,6],[8,-12],[8,1],[11,-18],[10,1],[13,27],[1,-34],[3,-22],[1,-36],[6,-29],[1,-27],[7,4],[10,-25],[4,24],[8,26],[67,-4],[-8,43],[-1,33],[4,53],[-1,59],[12,56],[8,20],[10,48],[11,-48],[14,-49],[7,-3],[8,-32],[-2,-32],[3,-1],[5,-53],[3,-19],[-8,-1],[10,-14],[4,-12],[5,-36],[2,-27],[9,-37],[22,-1],[2,0],[-1,-37],[12,0],[0,20],[4,0],[0,-21],[15,0],[0,-8],[8,0],[0,-35],[16,-1],[-1,-20],[-58,0],[0,-22],[-16,-1],[-2,-7],[-1,-6],[-5,-20],[0,-7],[0,-30],[4,-21],[1,-43],[5,-75],[-3,-19],[10,-29],[3,-5],[3,-7],[4,-13],[15,25],[7,16],[15,35],[0,-15],[3,-8],[5,41],[8,12],[0,-62],[10,-23],[4,-33],[-8,-45],[15,-40],[7,3],[4,-6],[5,13],[1,19],[2,10],[3,-6],[10,0],[4,-23],[5,-5],[11,-42],[-3,-2],[-10,15],[-6,-24],[-4,-2],[-5,-35],[-5,-2],[-7,15],[-7,-21],[-4,9],[-8,2],[-13,-42],[5,-34],[-5,-14],[-3,-24],[19,-3],[12,-15],[9,6],[7,17],[10,11],[2,0],[12,-9],[2,-32],[12,2],[0,-21],[9,-1],[4,-6],[2,-41],[4,-27],[7,-10],[7,2],[9,-5],[4,-12],[9,-1],[1,-20],[7,-20],[4,4],[4,33],[10,14],[10,5]],[[282086,555587],[-43,-312],[-8,15],[-6,1],[-4,-1],[-27,-29],[-23,10],[-4,8],[0,-39],[-2,-60],[1,-50],[-10,-32],[-18,-30],[-6,-13],[-21,-56],[-5,-8],[-1,-35],[-11,-14],[-4,-21],[-7,-26],[0,-14],[-6,-13],[-6,-50],[-11,-17],[-13,-6],[-6,5],[-2,11],[-11,8],[-11,-13],[-13,-32],[-7,-5],[-7,-23],[-9,-16],[-13,-29],[1,-22],[-5,-30],[-2,-25],[21,0],[-3,-23],[-12,-3],[-8,-25],[-4,-5],[-13,-19],[-4,-26],[-6,-1],[-1,-15],[-6,-4],[-1,-24],[2,-13],[-3,-9],[-4,-23],[-7,-24],[3,-22],[-1,-16],[5,-9],[-4,-18],[-7,-8],[-12,4],[-9,-9],[2,-16],[4,-6],[5,-39],[7,-5],[1,-11],[-6,-11],[-8,-7],[-8,6],[-9,-37],[-4,-24],[3,-29],[-2,-24],[5,-15],[10,2],[2,-14],[7,-17],[14,-37],[2,-16],[1,-24],[-2,-8],[-10,8],[-16,21],[-5,2],[2,-17],[10,-23],[6,-26],[1,-33],[-1,-19],[-3,-5]],[[281700,553908],[-2,0],[-91,5],[-97,2]],[[281403,554902],[16,28],[0,14],[-9,14],[-13,32],[-12,35],[-13,30]],[[281372,555055],[-2,5],[-25,67]],[[285117,575883],[24,0],[11,0],[1,0]],[[285153,575883],[-1,-87],[-12,-11],[-2,6],[-19,50],[-5,-70],[-2,-60],[-15,0],[0,83],[-13,3],[0,32],[17,1],[12,10],[0,14],[5,1],[-1,28]],[[291538,565717],[32,43],[7,-2],[8,-11],[12,-5],[4,12],[-3,12],[1,18],[4,4],[13,-1],[9,6],[12,0],[6,-11],[11,3],[13,8],[7,12],[0,20],[-3,10],[-6,-14],[4,21],[-10,-9],[4,11],[-2,9],[-5,-7],[6,21],[-6,9],[4,9],[-4,15],[5,2],[11,-29],[1,19],[-3,9],[3,15],[7,-8],[-1,18],[-7,4],[-5,11],[7,8],[-1,12],[8,-7],[5,11],[7,-8],[-6,25],[-6,-6],[-6,11],[5,10],[-9,9],[-6,-6],[-7,16],[13,28],[5,-19],[5,3],[3,-23],[7,-12],[-4,15],[-6,40],[5,10],[-1,11],[10,-17],[-1,13],[8,17],[10,-8],[-6,14],[-11,2],[0,16],[-5,-12],[-6,9],[8,27],[3,4],[4,-14],[8,8],[-6,20],[6,-1],[2,-23],[14,3],[-10,11],[-2,15],[-4,7],[13,25],[-11,2],[1,16],[-6,-2],[5,33],[-8,-19],[0,-26],[-7,-25],[-2,6],[-6,-17],[-5,14],[-5,15],[10,17],[3,23],[-6,-14],[-9,-3],[-1,7],[7,9],[4,13],[-10,-8],[2,14],[-6,-1],[1,23],[7,8],[-4,31],[3,-6],[10,1],[10,6],[3,28],[-5,14],[-2,-23],[-4,-9],[-4,9],[-13,3],[-3,10],[8,24],[-14,2],[-9,27],[4,17],[9,4],[-2,7],[13,39],[-3,11],[6,-3],[7,20],[5,-15],[-3,15],[-7,8],[7,10],[-6,3],[5,22],[2,37],[7,25],[6,11],[8,5],[-6,54],[6,2],[3,0]],[[292289,564884],[15,-77],[9,-10],[14,1],[7,6],[5,-5],[11,-40],[5,-8],[0,-19],[-10,-61],[-7,8],[-5,-1],[-23,-32],[-18,-13],[-16,-6],[-23,-29],[-13,-38],[-7,-5],[-11,5],[-25,-19],[-22,-33],[-10,-4]],[[292165,564504],[5,51],[-8,11],[-3,-11],[-1,-20],[2,-10],[-6,-11],[-1,11],[-6,14],[-3,23],[2,17],[1,25],[-11,41],[-10,-7],[-4,26],[1,16],[-3,1],[-4,29],[8,20],[8,5],[0,20],[-6,23],[-5,4],[-9,-6],[-10,3],[-16,11],[-34,18],[-12,12],[-13,8],[-6,10],[-12,30],[-4,7],[-21,11],[-10,-7],[-1,-12],[-6,-25],[-17,-60],[18,-41],[3,-10],[16,-91],[-1,-18],[-18,-40],[-9,-34],[-1,-8],[-7,23],[-5,0],[-7,14],[-4,26],[-9,4],[4,47],[-1,45],[14,59],[-22,0],[-2,19],[-17,87],[-11,4],[-16,30],[-98,-336],[-12,-44]],[[291765,564518],[-3,23],[0,54],[5,73],[-1,25],[-6,24],[-13,24],[-22,59],[-10,40],[-7,62],[-20,53],[-3,30],[-4,48],[-10,26],[-7,37],[-12,24],[-10,-6],[-4,1],[-16,33],[-10,51],[-6,44],[1,9],[1,26],[3,11],[3,11],[9,65],[-4,65],[-23,82],[-16,18],[-6,22],[-9,17],[-4,34],[-5,10],[-16,68],[-2,36]],[[290031,567675],[2,-2],[2,-1],[7,-2],[1,-15],[-6,-17],[-8,-3],[2,40]],[[284965,582929],[-17,-21],[-27,-29],[-14,-27],[-11,-34],[-5,-38],[0,-43],[4,-44],[7,-34],[9,-24],[14,-26],[5,-12],[12,-44],[3,-49],[-6,-52],[-13,-39],[-6,-10],[-19,-13],[-22,-5],[-16,10],[-23,22],[-24,18],[-63,52],[-9,5],[-9,2],[-16,-8]],[[284719,582486],[-1,29],[2,17],[-3,-11],[-4,9],[1,21],[-5,5],[-1,-11],[-8,9],[-4,16],[-3,31],[-8,2],[0,12],[-6,28],[-5,-20],[-10,8],[-5,-2],[-5,9],[-3,17],[-13,20],[-3,16],[-1,56],[-3,16],[-10,25],[-5,-2],[-12,-18],[-11,-39],[-3,-24],[-6,-25],[-8,-12],[-10,24],[-20,-104],[-24,-127],[-19,18],[-14,25],[-13,40],[-2,-52],[-12,19],[-4,-10],[-5,16],[-3,-11],[-3,12],[4,10],[-8,9],[-15,-46],[-11,-46],[-6,16],[-12,-48],[-30,69],[-5,-30],[-6,-26],[-10,-50],[2,-5],[-8,-40],[-9,-6],[-1,20],[-19,46],[5,21],[-10,24],[9,45],[-5,22],[3,19],[10,28],[9,36],[5,14],[0,13],[-31,-44],[-2,-8],[-96,-141],[-1,17],[-18,55],[-3,19],[-14,25],[-17,16],[-10,2],[-9,38],[-8,9],[-10,28],[-16,6],[-2,-3],[-3,38],[3,27],[-12,8],[-13,30],[1,55],[-6,24],[-7,4],[-1,19],[-14,12],[0,13],[-14,16]],[[286856,565172],[4,30],[9,30],[5,9],[4,-8],[10,-2],[9,7],[-17,0],[0,83],[-17,3],[-2,-8]],[[286861,565316],[2,48],[-1,6],[3,7],[1,28],[-4,37],[5,11],[-8,19],[1,1],[10,33],[4,2],[5,-8],[14,0],[4,5],[0,16],[-4,17],[-7,0],[0,14],[21,0],[11,11],[-1,4],[-1,37],[-2,24],[-8,17],[2,53],[10,0],[0,-47],[16,1],[0,1],[1,0],[6,0],[9,18],[4,-21],[7,0],[0,20],[13,1],[2,91],[3,5],[4,3],[20,64],[10,18],[0,2],[4,11],[9,3],[3,24],[18,-11],[2,-14],[-2,-32],[1,-6],[4,-12],[7,7],[8,31],[5,-19],[11,-17],[5,-2],[15,2],[1,-4],[1,-25],[6,11]],[[287111,565801],[1,-4],[-7,-12],[1,-35],[-2,-11],[-11,-31],[-1,-45],[2,-76],[6,1],[6,-13],[7,12],[11,-3],[12,-10],[10,-16],[1,-7],[1,1],[7,-25],[2,-8],[2,-8],[3,8],[8,14],[4,-26],[13,14],[3,-15],[1,-2],[1,0],[2,1],[1,-1],[1,-1],[4,-8],[1,3],[16,-39],[-6,-21],[-7,17],[-6,-28],[-3,-39],[0,-19],[3,-9],[0,-1],[2,-15],[2,-11],[-1,-11],[-8,-2],[2,-7],[-3,-20],[11,-23],[6,-33],[-20,-34],[3,-23],[-1,-29],[35,130],[4,12],[1,0],[7,8],[6,1],[17,19],[1,1],[-14,-70],[-9,-37],[1,-2],[2,-8],[7,12],[6,20],[14,30],[10,20],[0,1],[5,-31],[3,-4],[6,12],[10,16],[5,-27],[6,-40],[6,-2],[5,-24],[-1,-28],[1,3],[10,-9],[14,-3],[7,-37],[-1,-17],[-19,-63],[3,-8]],[[287339,565026],[-11,-53],[-8,-48],[-3,-36],[-2,-11],[-4,-17]],[[287311,564861],[-8,-23],[8,18],[5,13],[8,-44],[10,-51],[6,-39],[-7,0],[-2,-6],[-3,-30],[-6,25],[-8,49],[-4,5],[-2,-35],[-5,-45],[6,-33],[-4,-5],[-5,0],[7,-38],[2,-29],[1,-8],[5,-24],[3,-26],[25,73],[2,-9],[5,-21],[4,-9],[7,-16],[-1,-35],[-10,-20],[-5,-28],[-8,1],[4,-21],[0,-23],[5,-57],[-11,-19],[-7,15],[-2,6],[-7,16],[-18,1],[0,-21],[-8,-13],[0,-17],[-6,26],[-10,-21],[2,13],[-9,18],[-15,-4],[0,9],[6,23],[0,23],[-10,-17],[-6,28],[9,16],[-8,20],[-7,29],[0,11],[-8,-27],[-4,-27],[-6,-26],[-4,-9],[-14,45],[-4,-23],[-2,-49],[2,-32],[-5,-5],[-16,13],[0,-2]],[[287178,564370],[-8,7],[-13,4],[-7,4],[-10,28],[-14,71],[-15,62],[-4,5],[1,7],[-5,50],[-2,64],[-14,-15],[0,5],[2,20],[11,59],[-11,-17],[-5,29],[-6,-34],[-3,17],[-5,-2],[-5,12],[-13,57],[-2,-15],[-5,-14],[-10,-13],[-2,-10],[-2,7],[-7,-11],[-4,-1],[-4,1],[1,21],[12,40],[1,47],[-10,43],[-5,12],[0,40],[-11,0],[-1,-29],[-3,-8],[-8,35],[1,35],[6,34],[-6,5],[-7,-4],[-18,-20],[-6,4],[-10,14],[-3,7],[-1,3],[0,7],[9,10],[-2,70],[6,-18],[12,-55],[1,43],[13,0],[0,-48],[10,2],[4,25],[7,-2],[0,31],[-8,35],[-4,27],[7,35],[-2,11],[-12,13],[-5,13],[5,73],[-36,0],[-9,10],[-3,20],[0,-5],[-9,-4],[-9,-21],[2,-21],[1,-47],[-2,-22],[5,-27],[3,-63],[7,-4],[0,-39],[7,-1],[2,-33],[-3,-11],[-5,11],[-9,13],[-17,33],[-11,43],[-17,20],[-28,18],[-2,4]],[[286779,549073],[7,-19],[3,-14],[9,-40],[6,-7],[4,4],[14,-26],[11,-17],[12,-4],[18,-20],[4,-1],[22,4],[14,-2],[15,16],[12,-2],[14,47],[11,25],[7,2],[10,-6],[3,-11],[-2,-38],[0,-18],[13,-30],[5,-10],[19,-16],[8,23],[7,8],[17,3],[6,15],[-1,43],[3,14],[24,21],[5,-2],[5,-21],[0,-35],[-3,-37],[1,-43],[19,-50],[5,-18],[3,-45],[4,-21],[15,-50],[13,-38],[11,-49],[13,-34],[6,-51],[8,-37],[-3,-40],[2,-7],[8,4],[9,14],[8,32],[4,-3],[1,-17],[7,-35],[7,-10],[3,7],[3,21],[4,-10],[-2,-18],[-4,-8],[0,-40],[-2,-6],[-8,10],[-4,-12],[2,-29],[-2,-7],[-11,3],[-7,14],[-8,-8],[-8,-22],[2,-19],[10,1],[0,-21],[-5,-16],[-2,-24],[2,-21],[8,-45],[4,-10]],[[287197,548164],[4,-11],[1,-21],[-6,-20],[6,-31],[-1,-21],[-4,-6],[-11,-52],[2,-49],[3,-23],[6,-20],[8,-9],[7,19],[2,-21],[-2,-21],[-10,-15],[-1,-15],[7,-10],[0,-14],[-3,-11],[3,-16],[6,-5],[-1,-21],[6,-13],[7,9],[3,-7],[1,-21],[4,0],[7,16],[2,-8],[-4,-26],[3,-10],[4,17],[5,5],[6,-10],[-8,-42],[-6,-5],[5,-17],[-4,-18],[5,-23],[5,10],[3,22],[6,-6],[3,-27],[2,-42],[-3,-39],[1,-24],[5,-10],[11,27],[10,-7],[5,16],[2,-45],[6,-3],[6,20],[5,-11],[-1,-12],[11,-42],[0,-35],[7,4],[6,-11],[1,-22],[4,17],[-3,24],[5,15],[-2,18],[2,7],[6,-15],[5,-5],[4,-12],[-1,-16],[-5,-1],[-2,-20],[11,-40],[3,-57],[5,-2],[8,12],[-1,-23],[5,1],[-1,34],[6,-7],[4,-45],[-3,-16],[10,-6],[1,-9],[-4,-30],[0,-35],[6,-33],[2,-30],[-1,-11],[-10,5],[-9,23],[-4,-14],[-3,-40],[2,-21],[-5,-18],[-11,-1],[-4,-14],[-4,-23],[1,-22],[8,10],[-2,-24],[-7,-5],[-5,-21]],[[287351,546931],[-13,-9],[1,-18],[10,-6],[-4,-21],[2,-27],[6,-2],[0,-25],[-10,1],[-6,-47],[4,-43],[-10,-47],[10,-13],[1,-11],[-1,-58],[1,-21],[-4,-15],[7,-16],[-2,-17],[2,-15],[4,0],[2,16],[3,-10],[-5,-25],[0,-11],[12,7],[3,15],[1,-17],[-3,-33],[2,-20],[-3,-7],[-4,9],[-5,-18],[0,-10],[6,-6],[2,-15],[-1,-55],[-8,-18],[-7,-2],[2,-24],[-3,-33],[6,0],[2,-8],[-7,-36],[-6,-3],[5,-29],[12,-14],[0,-32],[-7,4],[-5,-27]],[[287343,546119],[-1,17],[-8,4],[-8,41],[-11,2],[-5,-13],[-5,5],[-11,-5],[-3,-9],[-24,-2],[-2,-32],[-9,-13],[-3,16],[-4,-6],[-6,12],[-16,-19],[-7,2],[-16,13],[-22,49],[-10,11],[-6,18],[-6,-2],[-8,25],[-6,-1],[-7,7],[-16,8],[-12,1],[-9,20],[-13,18],[-1,-93],[0,-38]],[[287088,546155],[-8,1],[-8,11],[-5,2],[-21,-15],[-29,3],[7,-21],[3,-23],[-18,-35],[-2,-96],[-19,3],[-7,94],[-1,43],[-5,37],[-17,1],[-6,-9],[-6,-16],[-7,-9],[-10,-2],[-7,49],[-4,7],[-5,22],[-9,1],[-7,14],[-2,14]],[[286895,546231],[-2,11],[1,25],[-10,20],[3,36],[-4,27],[-5,20],[-4,21],[2,26],[-9,23],[-1,13],[7,25],[8,6],[1,18],[-5,19],[-29,20],[18,37],[19,32],[12,32],[7,26],[10,21],[-4,2],[-3,15],[-9,21],[-27,38],[-6,29],[-4,11],[6,8],[7,23],[10,1],[-8,20],[-9,24],[-6,33],[-5,14],[-5,4],[-18,-1],[-7,10],[-7,40],[-11,33],[-5,32],[-9,23],[-7,8],[-15,11],[-5,55],[-7,54],[-6,31],[12,-3],[16,-1],[21,-6],[23,7],[65,-4],[1,25],[-11,26],[-5,23],[-5,48],[1,54],[-2,24],[-2,6],[-16,26],[-37,2],[0,55],[26,13],[-1,6],[12,7],[13,15],[11,4],[15,10],[14,4],[18,39],[11,14],[10,18],[3,13],[14,40],[-11,39],[-1,19],[0,31],[-5,30],[-16,24],[-4,26],[-9,38],[-19,-5],[-6,6],[-5,13],[-9,0],[-7,-3],[-12,-13],[-11,-8],[-27,-9],[5,29],[2,29],[-3,80],[67,2],[18,-2],[15,4],[6,-2],[2,24],[-23,38],[-7,32],[-1,65],[2,44],[6,14],[7,-7],[13,7],[1,9],[-6,23],[-3,22],[4,8],[-4,23],[-6,15],[-2,30],[2,17],[-4,19],[2,10],[7,10],[-1,22],[2,13],[-7,31],[-6,6],[1,18],[-4,6],[-4,-6],[-5,18],[-2,21],[-2,-7],[-9,-4],[0,-11],[-7,2],[-4,18],[-2,-8],[-3,38],[3,14],[-5,36],[-7,20],[3,15],[17,15],[15,-1],[0,19],[4,20],[-1,14],[-8,27],[-9,65],[-29,5],[-11,-1],[-46,3],[-6,12],[-17,56],[-8,30],[-8,4],[-14,-22],[-11,-23],[-3,23],[1,35],[4,27],[-1,56],[-3,38],[2,23],[-1,21],[0,30],[-2,33],[-10,47],[-13,38],[-10,12],[9,7],[9,15],[7,-11],[11,-11],[8,-12],[8,0],[-3,59],[-6,33],[-3,41],[-4,27],[-6,12],[-19,5],[-6,9],[-10,3]],[[286687,549449],[9,-1],[8,-10],[20,-5],[3,-7],[1,-5],[2,-11],[2,-10],[2,-17],[1,-19],[6,-46],[4,-63],[7,-50],[4,-16],[10,-4],[11,-21],[1,-14],[0,-62],[1,-15]],[[281015,575901],[613,-14]],[[281628,575887],[9,0]],[[281637,575887],[12,-57],[16,-19],[7,-2],[7,-24],[4,-54],[23,-24],[8,-33],[10,-17],[3,-40],[7,-29],[1,-27],[5,-36],[4,-12],[5,-41],[2,-30],[4,-12],[11,-17],[7,-18],[6,-4],[5,-16],[10,3],[8,-2],[9,-11],[7,-46],[6,-6],[12,-41],[3,-23],[4,-17],[2,-17],[4,-11],[1,-26],[7,-16],[9,-11],[11,11],[11,-16],[-3,-13],[10,-15],[1,-5],[2,-4],[2,-32],[15,-17],[27,88],[-3,-57],[1,-14],[-16,-29],[12,-23],[10,-9],[0,-19],[21,-14],[4,-36],[-3,-52],[2,-30],[8,-36],[1,-17],[-5,-23],[9,-30],[14,-27],[10,-29]],[[282007,574703],[-4,-9],[4,-11],[7,13],[34,70],[6,-34],[9,-5],[3,9],[7,2],[9,-31],[4,-7]],[[282086,574700],[-25,-73],[-7,-71],[-1,-28],[-9,-28],[-13,-20],[-3,-12],[-58,-150],[-26,-118],[-14,-72],[-9,-62],[-2,-23],[-3,-36],[-13,-36],[-6,-51],[0,-36],[-8,3],[-5,-15],[-12,-77],[-22,-56],[-3,-24],[-6,-20],[-9,-12],[-6,-22],[-5,-35],[-11,-24],[-11,-30],[-9,-33],[-2,-23],[8,0],[12,-64],[6,-11],[3,-18],[-3,-29],[2,-16],[6,-7],[24,4],[8,-13],[-1,-58],[-5,-27],[-2,-56],[1,-20],[8,-23],[6,-51],[10,-59],[12,-49],[6,-36]],[[281889,572983],[-3,9],[-13,-8],[-20,30],[-11,25],[-15,11],[-15,-23],[-16,-9],[-4,2],[-18,31],[-20,14],[-16,4],[-21,-9],[-24,-3],[-19,6],[-15,-6],[-9,10],[-12,-16],[-10,-9]],[[281628,573042],[12,65],[12,112],[3,99],[22,207],[20,104],[29,86],[1,23],[21,102],[-2,12],[-8,-42],[-12,-51],[-13,-40],[-22,-79],[-4,3],[-5,46],[-3,34],[-8,24],[-6,27],[-18,-29],[-29,-93],[-12,0],[-7,0],[-4,3],[-8,-26],[7,-16],[-22,-98],[-7,0],[-2,2],[-3,-15],[3,-1],[0,-27],[-6,-29],[-25,-80],[7,40],[-7,11],[-5,2]],[[281527,573418],[-11,7],[2,17],[-4,7],[8,10],[-2,20],[3,16],[-3,43],[6,10],[-2,17],[2,26],[3,1],[3,22],[0,16],[-18,66],[0,32],[-16,-68],[-1,126],[-5,4],[-4,15],[-39,-39],[-10,25],[-23,14],[3,114],[2,12],[10,26],[1,24],[0,55],[-3,18],[-1,49],[6,31],[11,71],[2,13],[-1,47],[-5,22],[4,-4],[-7,22],[-3,26],[0,17],[-25,21],[-7,10],[-4,13],[-1,4],[-8,26],[-6,26],[-16,4],[-17,25],[-10,29],[-13,24],[-17,30],[-8,1],[-14,-19],[-9,-8],[-5,-16],[-6,1],[-4,8],[-2,8],[1,66],[2,21],[0,18],[-1,-15],[-8,-10],[-8,12],[-8,-17],[-5,12],[-9,12],[-10,4],[-11,-4],[-4,-18],[-11,-6],[-4,7],[-5,23],[0,16]],[[281182,574656],[-3,19],[-20,27],[-3,38],[-8,30],[-7,14],[-8,34],[-6,18],[-2,29],[-2,19],[-9,44],[-1,59],[3,46],[3,23],[-1,16],[-12,41],[0,35],[-7,78],[-1,17],[-1,8],[-12,27],[-4,16],[-4,-1],[-5,21],[-7,13],[-4,20],[-7,5],[-3,28],[1,12],[-7,14],[8,13],[1,10],[6,13],[8,26],[-2,40],[-9,25],[-4,22],[-6,13],[-1,73],[-4,15],[-1,42],[-4,36],[-5,6],[-8,24],[-2,53],[-4,24],[-3,60]],[[281396,557311],[46,1],[1,72],[3,7],[-1,25],[4,17],[4,0],[6,-11],[15,-12],[8,9],[5,-10],[11,1],[3,-5],[-2,16],[1,20],[10,17],[4,11],[3,19],[-2,19],[7,33],[0,25],[4,9],[-2,18],[-5,13],[-1,11],[9,20],[2,16],[4,12],[0,15],[-6,17],[1,23],[-7,3],[-3,20],[-7,17],[5,14],[0,17],[-10,35],[3,8],[-4,7],[2,14],[7,12],[2,21],[1,26],[-1,12],[-5,-4],[-2,13],[7,9],[-3,13],[3,16],[4,-8],[1,25],[5,16],[9,3],[4,23],[5,-7],[7,3],[11,18],[-1,22],[2,9],[10,-14],[7,5],[3,28],[9,22],[-4,31],[3,11],[-2,8]],[[281589,558167],[291,-2],[-3,-263],[27,2],[3,-10],[9,-5],[11,11],[7,-15],[9,-3],[2,-11],[1,-34],[4,-4],[4,-15],[18,-41],[-1,52],[5,7],[4,-25],[6,-16],[8,-35],[8,-28],[5,-34],[5,-1],[4,8],[-1,18],[6,21],[4,-7],[5,4],[2,16],[8,14],[-2,27],[6,-13],[7,24],[7,11],[5,-6],[4,8],[3,-11],[7,-3],[3,6],[14,-87],[-49,-123],[-15,-54],[8,-3],[11,-17],[5,-31],[2,-47],[-2,-29],[1,-29],[-3,-44],[4,-38],[-10,-8],[6,-28],[1,-25],[5,-15],[-4,-27],[0,-15],[21,-53],[12,-20],[2,16],[9,66],[-1,13],[-6,51],[-2,37],[23,3],[11,3],[-3,-19],[5,-17],[-1,-11],[-7,-12],[-1,-8],[7,-22],[4,-21],[5,-42],[-2,-40],[7,31],[20,71],[1,7],[1,29],[0,47],[-5,22],[-30,202],[8,40],[5,21],[9,60],[12,34],[4,3],[0,-18],[5,-56],[10,-2],[15,-14],[8,-29],[4,-28],[0,-28],[-20,-67],[7,-22],[5,-29],[11,-25],[2,-18],[9,-30],[-6,-6],[-9,-15],[-6,-41],[-12,-40],[-1,-46],[-10,-1],[-13,-12],[-2,-12],[1,-16],[-2,-19],[-16,-45],[6,-39],[13,-29],[15,-9],[14,-40],[3,20],[6,3],[7,-76],[7,21],[4,6],[8,-4],[22,24],[4,31],[8,26],[6,-2],[7,8],[10,23],[1,28],[-2,22],[-1,45],[-6,14],[-2,19],[-12,34],[-4,26],[0,31],[-3,44],[1,26],[3,19],[16,6],[8,-14],[2,-59],[4,-23],[12,-16],[3,-10],[2,72],[14,-54],[21,-39],[4,-4],[15,1],[14,28],[-3,26],[0,42],[-2,20],[2,22],[6,30],[1,23],[0,50],[4,21],[7,5],[10,-7],[7,5],[1,10],[8,17],[5,2]],[[282418,557491],[13,-28],[32,19],[6,-19],[7,-31],[12,-16],[8,-17],[12,-83],[8,-24],[3,-25],[0,-30],[2,-27],[-2,-8],[-12,-6],[-6,-16],[-1,-22],[11,-92],[6,-40],[0,-22],[-3,-12],[-5,-7],[-5,3],[-6,12],[-27,35],[-9,7],[-5,-5],[-2,-24],[3,-34],[10,-20],[6,-16],[14,-63],[11,-27],[2,-24],[-4,-22],[-8,-13],[-6,-16],[-7,1],[-5,26],[-4,7],[-11,-19],[-3,-16],[1,-21],[5,-41],[-1,-41],[-8,-69],[-9,-3],[-5,-9],[-1,-20],[7,-47],[19,-17],[6,-11],[11,-36],[9,-15],[11,-23],[6,-21],[9,-35],[11,-34],[5,-53],[-1,-16],[-3,-23],[-7,-16],[-29,-30],[-8,-1],[-5,4],[-11,22],[-8,6],[-19,-5],[-11,-14],[-5,-9],[-2,-19],[1,-20],[9,-44],[6,-36],[3,-33],[-1,-19],[-4,-16],[-4,-3],[-17,0],[-7,5],[-7,16],[-7,22],[-4,7],[-8,0],[-8,-14],[-4,-20],[0,-22],[4,-29],[2,-8],[35,-47],[5,-17],[21,-45],[17,-13],[12,-45],[4,-33],[-1,-32],[-5,-11],[-8,-7],[-15,-4],[-15,9],[-7,7],[-9,46],[-7,14],[-6,-2],[-4,-13],[-2,-26],[8,-40],[1,-38],[10,-54],[2,-1],[0,-27],[-2,-9],[-2,-16],[3,-23],[7,-20],[13,-9],[9,-28],[10,-45],[7,-43],[1,-17],[-1,-21],[-3,-13],[-20,-35],[-11,-28],[-11,-36],[-5,-31],[0,-19],[2,-28],[2,-17],[5,-13],[5,-5],[27,-1],[15,13],[29,7],[15,-13],[13,-25],[5,-22]],[[282523,555090],[1,-25],[-6,-75],[-3,0],[-1,54],[2,44],[-3,21],[-7,16],[-5,10],[-10,3],[-12,-12],[-13,10],[-7,-3],[-16,-18],[-21,7],[-5,-24],[1,-41],[-6,-23],[-10,-18],[-8,14],[7,29],[-1,19],[-9,-18],[-10,-2],[-4,-20],[-13,-10],[-3,-13],[-9,-9],[-8,3],[-10,33],[-9,-22],[-11,3],[-27,-16],[-6,-65]],[[282281,554942],[0,84],[1,138],[13,-1],[2,169],[-14,1],[2,284],[-6,16],[-11,48],[-10,36],[-64,62],[-23,28],[-49,47],[-36,-267]],[[281415,556455],[1,24],[-11,12],[-2,-21],[-6,16],[-2,-14],[-5,7],[-2,24],[-4,6],[-3,-11],[-4,15],[-2,24],[-6,-5],[-8,9],[-14,-22],[-4,6],[0,17],[-3,20],[-6,9],[5,24],[2,21],[10,10],[3,16],[7,-1],[13,18],[5,23],[5,1],[2,-9],[5,-1],[7,17],[13,-3],[2,5],[0,32],[6,19],[8,44],[1,36],[5,23],[5,5],[7,33],[9,16],[7,28],[-5,13],[-8,1],[-17,-20],[-6,-19],[-8,-7],[-8,30],[-8,9],[-33,207],[20,1],[1,167],[7,1]],[[291197,573914],[7,2],[11,28],[4,3],[3,26],[8,12],[3,5],[3,-22],[5,3],[5,1],[7,-4],[5,-6],[5,-1],[8,-19],[-1,-11],[11,-17],[10,5],[5,27],[5,6],[-3,18],[-1,17],[-3,18],[-6,23],[-11,12],[1,6],[5,-3],[9,8],[2,7],[4,-4],[4,2],[5,14],[7,1],[3,5],[-1,11],[-2,4],[-3,-6],[0,7],[-1,4],[1,15],[2,36],[8,25],[6,12],[5,20],[10,14],[2,10],[6,13],[16,23],[17,16],[8,12],[6,18],[6,12],[6,-20],[5,3],[2,-24],[-4,-8],[8,-11],[-3,-20],[11,-2],[16,9],[2,-17],[5,-9],[3,-18],[5,-19],[-5,-13],[9,-11],[12,12],[15,-3],[11,23],[0,-11],[3,12],[21,21]],[[291525,574216],[-8,-31],[4,-51],[7,9],[8,-26],[3,29],[0,-33],[8,18],[11,-75],[7,-87],[0,-23],[-3,-20],[7,-100],[13,19],[5,1],[4,3],[0,-15],[-1,-16],[3,2],[2,-20],[-7,-4],[-2,-18],[-2,-12],[9,-18],[5,-6],[6,-15],[3,-52],[3,1],[-6,-24],[-11,-20],[-3,-11],[-4,-17],[-19,0],[-6,-13],[7,-28],[3,-28],[3,2],[1,31],[12,29],[8,-12],[1,6],[9,19],[8,-10],[8,15],[9,3]],[[291630,573618],[10,-9],[7,-61],[-3,-5],[-4,6],[-3,0],[-2,-4],[-2,-8],[-4,-15],[12,-46],[-8,-21],[8,-18],[-9,-25],[6,-19],[-5,-26],[6,-20],[0,-11],[-16,-93],[-2,-24],[2,-28],[3,-24],[11,-20],[7,-36],[9,-14],[-15,-28],[1,-15],[9,-36],[-2,-15],[-5,-21],[4,-27],[5,-10],[6,-36],[6,-22],[7,-16],[4,-18],[2,-39],[0,-11],[-6,-35],[10,15],[11,27],[9,-10],[18,13],[4,13],[8,1],[18,-20],[14,13],[12,13],[-9,-53],[0,-33],[0,-78],[-6,-10],[-7,-1],[1,-63],[3,-13]],[[291755,572582],[-4,-4],[-10,21],[-16,-8],[-4,-8],[-7,-47],[-7,-18],[2,62],[-22,24],[-3,-6],[-10,-12],[-41,-8],[-1,-18],[3,-18],[-2,-19],[-1,-38],[-4,-24],[-9,-12],[-19,-59],[-2,-11],[-6,-11],[-1,-52],[-1,-29],[-18,-31],[-4,-15],[-6,19],[-4,36],[4,30],[-1,29],[-12,-21],[-8,-31],[-6,2],[-9,19],[-3,25],[-11,-2],[-7,8],[-8,35],[-3,3],[-9,-55],[-10,-110],[-32,51],[0,7],[2,22]],[[291445,572308],[8,32],[1,26],[3,22],[-1,42],[-6,33],[-2,37],[2,29],[-2,15],[-1,52],[-19,1],[-12,-9],[1,55],[12,29],[3,19],[-8,26],[-14,10],[-14,23],[-8,-18],[-25,-29],[-7,0],[-7,30],[-13,22],[-8,-8],[-3,14],[42,65],[-4,17],[0,21],[6,46],[3,10],[16,18],[3,9],[-44,55],[-24,29],[-38,47],[8,59],[2,10],[-15,41]],[[291280,573188],[10,11],[0,43],[-9,9],[-6,2],[0,12],[2,8],[1,9],[1,5],[0,6]],[[291279,573293],[2,15],[2,-4],[4,27],[-7,90],[1,8],[2,13],[-6,1],[-4,0],[-2,2],[-3,13],[-1,-11],[-8,11],[4,-3],[2,-9],[2,5],[1,39],[-3,34],[1,7],[-3,34],[-1,16],[1,8],[1,5],[6,5],[0,21],[-4,13],[-1,6],[1,7],[2,3],[9,-13],[3,13],[-1,21],[-5,8],[-6,-3],[-15,7],[-7,-3],[-3,-25],[-17,20]],[[291226,573674],[9,43],[-2,30],[6,2],[-1,8],[-3,26],[-10,-8],[-10,2],[-21,27],[2,9],[-5,6],[8,57],[2,33],[-4,5]],[[281808,572342],[6,10],[0,117],[-1,8],[9,12],[20,0],[-1,-96],[30,46],[-1,-16],[2,-20],[-4,-16],[-1,-47],[-4,-14],[2,-58],[-7,-29],[-5,-11],[1,-19],[-9,-22],[-4,-4],[0,-36],[-2,-14],[-8,-22],[-8,-1],[-3,-11],[6,-16],[-1,-17],[-5,-15],[-7,7],[0,89],[-4,7],[0,36],[-10,1],[0,85],[11,-1],[4,44],[-16,0],[10,23]],[[281651,571953],[3,25],[11,-31],[15,-25],[14,17],[5,-10],[-5,-28],[-9,-16],[-16,-34],[-25,-27]],[[281644,571824],[-4,68],[8,31],[3,30]],[[281644,571824],[6,-23],[4,-35],[-2,-21],[7,-18],[1,-15],[-2,-5],[19,-46],[5,-7],[1,23],[8,0],[0,76],[-7,6],[-7,27],[1,20],[2,21],[2,14],[9,8],[29,0],[6,18],[13,12],[8,4],[9,14],[9,29],[4,-13],[8,8],[11,-11],[7,-2],[5,18],[23,6],[0,79],[14,28],[11,34],[8,55],[6,-33],[21,-34],[29,-1],[16,-120],[4,-9],[-2,-14],[2,15],[12,50],[8,36],[-2,9],[0,34],[1,121],[10,-41],[8,8],[6,-15],[21,108],[4,-3],[9,63],[41,206],[8,18],[3,-40],[28,1],[0,35],[5,5],[0,12],[10,9],[6,17],[19,14],[-11,55]],[[282118,572634],[12,11],[3,7],[9,10],[16,-1],[5,12],[-1,-22],[-4,-21],[5,-21],[7,-40],[10,-9],[1,-31],[-4,-21],[-9,-25],[22,-26],[3,-10],[11,-33],[13,-11],[3,-1],[0,-42],[5,0],[1,42],[13,-1],[2,-2],[4,-38],[2,-1],[6,1],[0,42],[14,1],[0,42],[9,0],[1,-12],[-6,-22],[0,-27],[4,-8],[10,27],[14,1],[1,-31],[6,-53],[16,0],[5,-7],[2,14],[9,19],[-5,28],[4,28],[12,35],[4,-9],[7,0],[9,9],[7,-2],[8,14],[6,22],[1,14],[5,-17],[8,-8],[45,4],[20,21]],[[282469,572486],[-11,-28],[0,-21],[-8,-34],[-2,-37],[-13,-79],[-3,-7],[-10,-46],[-3,-4],[-11,8],[-8,-13],[3,-22],[6,-20],[-17,-59],[-7,-45],[-5,-18],[-7,-12],[-4,-32],[-15,-62],[-5,-42],[0,-30],[-4,-34],[-5,-55],[-4,-18],[1,-36],[-4,-20],[-6,-6],[-2,-29],[-4,-19],[-5,-50],[-6,-34],[-1,-37],[-6,-37],[-9,-28],[-7,-9],[0,-26],[-4,15],[-6,11],[-3,-5],[-6,-37],[-15,-9],[-2,-37],[-6,-30],[-6,-10],[-4,-26],[-3,-6],[-5,9],[0,20],[-4,-6],[0,-22],[-11,12],[-11,-54],[-5,9],[-10,-29],[-4,1],[5,33],[-3,7],[2,21],[-1,19],[-3,10],[-8,4],[-14,38],[-19,-1],[-7,13],[-2,0],[-18,12],[-32,5],[-22,10],[-15,17],[0,-13],[9,-1],[15,-34],[-5,-38],[1,-56],[-22,0],[-2,128],[-15,42]],[[282026,571467],[-14,42],[-12,1],[-5,-22],[-5,-53],[-10,-33],[0,-22],[-17,36],[-2,16],[-11,29],[-1,32],[2,6],[-10,9],[-39,-209],[10,5],[1,-10],[-13,-1],[-8,-42],[-7,-43],[10,-6],[2,-22],[1,-8],[-1,-16],[1,-32]],[[281898,571124],[-14,-1],[0,17],[-3,-5],[-6,-42],[-9,-31],[-7,12],[7,38],[-13,-12],[-10,4],[-3,-2],[-1,-5],[1,-9],[0,-9],[-39,-1],[0,34],[-2,-3],[-1,-4],[-1,-10],[-2,2],[-2,10],[-6,13],[-7,1],[-9,0],[-3,0],[1,-32],[3,6],[-2,-33],[-10,-21],[-6,-13],[-3,7],[-2,32],[-2,2],[-8,-12],[-5,4],[-15,-12],[0,29],[-3,0],[-1,18],[11,15],[3,10],[-23,2],[-10,-3],[-18,2],[-4,0],[-14,-19]],[[281660,571103],[-3,16]],[[281657,571119],[-8,71],[-3,14],[-26,95],[-16,45],[-7,37],[50,7],[4,-3]],[[281651,571385],[2,-1],[19,-6],[22,-1],[11,0],[-7,-42],[-10,0],[0,-44],[-10,0],[-1,-123],[28,67],[0,-29],[29,0],[1,24],[6,47],[1,32],[11,-25],[5,-19],[12,-69],[3,20],[0,50],[2,15],[10,25],[2,11],[0,96],[15,-1],[2,-4],[-3,-34],[4,-34],[-2,-20],[4,-12],[-2,-28],[-7,-19],[-2,-39],[2,-15],[-2,-20],[13,14],[15,7],[12,41],[9,37],[3,6],[3,15],[10,26],[13,-17],[3,19],[5,9],[12,11],[3,24],[11,54],[-5,7],[-24,13],[-10,18],[-6,1],[-7,39],[-1,92],[-13,-32],[-63,-155],[-28,-69],[-2,29],[-13,18],[-4,-6],[0,94],[-15,27],[-6,35],[-5,6],[1,24],[-8,18],[-10,1],[-2,6],[-5,40],[-5,-1],[-29,-1]],[[281648,571637],[-26,-2],[-13,-2],[0,84],[-9,10],[-5,19],[1,19],[8,15],[13,16],[27,28]],[[289304,563830],[5,-9],[4,3],[-1,13],[9,8],[7,3],[7,7],[2,-23],[2,1],[1,17]],[[289340,563850],[0,-44],[-5,-63],[-1,-23],[-2,-7],[-13,-23],[7,-28],[15,0],[2,17],[5,-4],[7,-8],[3,30],[-4,58],[2,45]],[[289356,563800],[0,8]],[[289356,563808],[0,14],[-3,35],[-3,4]],[[289350,563861],[2,2],[0,6],[5,-6],[-1,-14],[0,-10],[2,-5],[2,5],[2,-10],[1,-2],[2,5],[1,-6],[2,-5],[7,-10],[0,-8],[3,-7],[4,-7],[0,-3],[2,-1],[2,-6],[1,4],[6,-24],[10,-23],[6,13],[13,11],[3,17],[-3,-1],[4,51],[5,-9],[7,18],[5,-4],[7,28],[5,17],[-3,21],[-8,53],[-5,12],[25,60],[22,37],[1,6]],[[289487,564066],[26,-21],[25,-31],[-11,-76],[3,-7],[-1,-2],[11,-21],[3,-18],[5,-5],[3,27],[6,-10],[-6,-24],[5,-40],[4,-66],[3,-21],[-10,12],[-7,-30],[5,-41],[13,-12],[5,1],[3,-36],[0,-42],[-5,-40],[18,25],[6,-7],[10,-43],[4,-29],[16,-7],[11,-13],[7,-16],[10,-25],[10,-13],[5,-20],[0,-15],[3,-32],[-2,-36],[-10,-46],[1,-38],[-2,-12],[2,-25],[4,-1],[3,-18],[3,-4],[2,28],[5,18],[3,25],[0,20],[4,3],[5,29],[7,-21],[17,-35],[-9,-21],[-7,-29],[-8,-22],[-2,0],[-9,7],[-6,-8],[4,-4],[-1,-33],[5,-10],[-5,-24],[2,-13],[-1,-30],[-4,-14],[-1,-28],[4,-21],[-5,-34],[0,-27],[-2,-1],[-4,-38],[-1,-37],[3,-33],[-2,-29],[-5,-19],[3,-11],[-1,-16],[3,-27],[-4,-18],[-3,-48],[-3,4],[-2,-28],[9,-34]],[[289657,562609],[-4,-21],[-1,-6],[-19,12],[-5,11],[-8,3],[1,-17],[8,-18],[-5,-19],[-9,8],[-1,-11],[3,-28],[-6,-15],[-9,-14],[-9,4],[3,-20],[-7,-41],[6,-12],[-6,-12],[2,-11],[-7,3],[-6,-15]],[[289578,562390],[-4,26],[-15,28],[-7,25],[-6,20],[-12,17],[-10,27],[-13,64],[-9,19],[-7,54],[4,30],[-7,20],[0,7],[7,9],[3,11],[1,26],[-1,13],[-10,40],[-12,26],[-10,4],[-4,9],[-7,18],[-7,4],[-12,14],[-2,8],[-2,30],[-12,-12],[-10,-5],[2,-20],[-6,-10],[-9,1],[-4,3],[-9,19],[0,41],[-3,15],[-5,15],[-2,30],[-7,31],[-13,-12],[-6,-17],[-2,3],[-10,57]],[[289320,563752],[9,6],[-2,24],[-9,-8],[2,-22]],[[289359,563496],[2,-5],[3,15],[4,-18],[6,-2],[-1,23],[11,8],[4,34],[5,12],[-3,8],[-13,-8],[-8,17]],[[289369,563580],[7,68],[1,10],[-12,-6],[0,-23],[-6,-35],[-7,7],[-2,1],[-2,-13],[-9,-39],[4,-96],[9,17],[7,25]],[[284906,550811],[5,0],[6,-18],[6,6],[2,13],[7,13],[4,-4],[7,16],[11,2],[5,-30],[5,-20],[8,-15],[7,-26],[2,9],[3,-12],[10,-2],[2,11],[2,-46],[-4,-12],[5,-20],[0,-17],[-26,1],[0,17],[-24,-2],[0,-10],[-24,3]],[[284925,550668],[1,17],[-18,2],[-4,35],[5,18],[0,41],[-3,30]],[[284219,551532],[4,-3],[9,-27],[14,16],[-5,48],[2,23],[5,-3],[4,-30],[10,16],[4,-11],[3,24],[-2,4],[-11,-2],[0,14],[10,12],[4,20],[8,-12],[12,11],[7,-1],[9,21],[7,-5],[27,36],[10,5],[15,24],[4,-20],[9,-7],[2,-22],[6,14],[13,-7],[-4,-49],[3,-4],[12,6],[9,36],[0,13],[-9,26],[-5,7],[-15,-12],[-3,8],[-2,24],[-8,20],[6,5],[22,40],[6,-4],[0,25],[6,24],[6,13],[11,12],[5,21],[0,17],[9,0],[2,-10],[11,8],[6,11],[10,6],[18,18],[3,14],[-5,20],[2,10],[9,3],[17,16],[8,-1],[1,39],[7,0],[4,21],[4,24],[19,2],[4,5],[15,-35],[6,-3],[3,-14],[7,-11],[8,-22],[11,-2],[10,3],[6,-29],[5,-3],[4,10],[0,13],[6,-11],[3,-25],[-2,-21],[17,15],[10,-5],[17,-31],[42,-3],[0,145]],[[284736,552055],[9,0],[10,-39],[8,10],[7,0],[9,-24],[9,39],[0,24],[3,-1],[6,-10],[8,-6],[6,-18],[8,-16],[12,-8],[10,8],[5,-7],[8,17],[7,-3],[11,3],[21,-53],[7,-9],[10,15]],[[284910,551977],[15,-51],[-19,-79],[10,-2],[15,-25],[11,-31],[5,-26],[14,-36],[1,-16],[-20,0],[-10,-8],[-7,-22],[12,-36],[5,-33],[11,-31],[-1,-21],[11,-59],[12,-28],[4,-16],[5,-5],[2,-17],[0,-31],[-7,-26],[-1,-33],[9,-38],[3,-43],[-18,22],[0,-43],[-2,-7],[-1,-53],[-8,-37],[-6,-19],[-10,7],[-18,2],[-6,-6],[-5,0],[-7,11],[-7,6],[-3,1],[-19,0],[-1,-4],[-8,-17],[12,-10],[5,-9],[8,-42],[2,-22],[-1,-52],[-2,-12],[-11,-24],[-2,-27],[2,-9],[9,-20],[3,-16],[3,-35],[0,-19]],[[284899,550830],[-11,-7],[-10,-17],[-3,-13],[-15,-33],[-9,-12],[-11,-22],[-10,-34],[-17,-48],[-10,-24],[-9,-28],[-8,-21],[-15,-45],[-16,-40],[-16,-37],[-7,-3],[-19,-42],[-3,0],[12,37],[-6,48],[-1,42],[2,45],[-9,-11],[-10,-30],[-26,-31],[-6,-10],[-7,-26],[-15,-15],[-7,-30],[-27,-54],[-4,-18],[-11,2],[-14,10],[-11,21],[-14,-2],[-7,-8],[-12,14],[1,-18],[-11,-22],[-5,-27],[-3,-4],[-7,-26],[-9,4],[-14,-9],[-10,-18],[-14,-39],[-4,-6],[-3,-24],[-9,-14],[-10,-33],[-15,-3],[-7,-24],[-9,-14],[-7,6],[-13,36],[-11,-2],[-4,9],[-4,-28],[-6,-15],[0,12],[-5,18],[-5,6],[-9,0],[-1,-49],[-6,4],[-5,-9],[-4,-19],[-20,-46],[-7,16],[-6,30],[-5,18],[-3,21],[-7,16],[-9,8],[-5,18],[-3,35],[-3,29],[-9,18],[-2,18],[1,20],[-2,29],[-7,10],[-1,-2]],[[283337,576601],[3,0],[0,-15],[-3,0],[0,15]],[[285965,572324],[-1,-44],[-4,-29],[-8,5],[-6,-20],[0,5],[-11,-3],[-7,0],[-1,14]],[[288952,551881],[4,17],[14,69],[6,20],[6,11],[74,63],[16,15],[4,6],[36,72],[12,-7],[13,-19],[32,-42],[3,11],[23,-1],[17,-8],[-5,44],[-8,60],[-9,27],[-5,27],[-4,37],[-5,7],[4,13],[19,103],[5,-1],[17,-53],[16,-10],[17,39]],[[289254,552381],[15,0],[2,-13],[5,-4],[5,14],[5,-54],[-4,-12],[4,-14],[4,3],[5,-27],[5,-53],[8,-38],[4,-4],[8,-18],[8,-2]],[[289328,552159],[-11,-103],[-7,-58],[-3,-5],[-7,-2],[-6,-16],[-14,-26],[-4,-13],[-2,-30],[-16,-57],[24,-68],[-42,-279],[3,-6],[-5,-9],[-2,-20],[-43,-260],[-7,-48],[2,20],[-5,4],[-5,14],[-3,-4],[-3,-26],[-1,-58],[1,-29],[-5,-61],[-1,-49],[9,-10],[22,-38],[1,-30],[-5,-15],[-1,-19],[6,-20],[1,-15],[4,-5],[2,-30],[0,-50],[-2,-35],[3,-40],[-5,-20],[-3,-27],[2,-40],[-2,-71],[-1,-9]],[[289197,550496],[-9,17],[-7,26],[-12,4],[-11,23],[-4,19],[-15,7],[-4,12],[0,15],[-5,28],[0,24],[-19,-62],[-5,-9],[19,-58],[-6,-46],[-9,-52],[-20,8],[0,27],[6,20],[-10,33],[-2,31],[4,21],[-2,-3],[-12,-33],[-10,0],[-8,-24],[2,-13],[-2,-57],[-3,13],[-3,45],[-2,63],[-9,6],[1,-36],[-12,39],[-5,-5],[-5,-19],[-5,17],[-24,-73],[-18,55],[-3,12],[9,24],[0,40],[-10,14],[-12,6],[-6,-12],[-8,-9],[-10,-22],[-8,-5],[-16,-1],[-7,6],[0,-53],[-8,-1],[-10,18],[15,-47],[-4,-11],[-5,9],[-8,-23],[-8,26],[-1,-8],[-10,-24],[15,-45],[-3,-8],[-13,43],[0,-29],[-3,-28],[0,-25],[-7,-2],[-6,27],[-3,-11],[-3,11],[-7,63],[-2,-4],[-54,-127],[-6,-18],[-14,32],[-3,-4],[-1,-3],[-2,-5],[-1,-2],[-6,-7],[21,-114],[4,10],[9,-3],[7,23],[4,2],[15,31],[10,17],[1,12],[8,19],[8,9],[12,-8],[6,11],[7,-45],[4,-56],[14,-38],[3,-24],[9,-37],[23,73],[9,-30],[3,-48],[-4,-75],[3,-16],[14,-19],[-6,-23],[-15,-53],[-3,-5],[13,-46],[14,35],[11,1],[10,24],[20,-64],[3,-8],[-12,-45],[-1,-6],[6,-15],[-2,-29],[-2,-2],[-2,24],[-4,-18],[-1,-17],[2,-17],[-4,0],[-6,-22],[-3,3],[-9,-5],[-23,-67],[-13,-30],[-1,-5],[0,-45],[-6,-31],[13,-51],[-7,-2],[-4,-10],[-9,0],[-9,-23],[-9,-5],[3,-23],[6,-21],[1,-21],[7,-19],[3,-26],[4,-12],[-14,-17],[-25,-71],[-3,0],[-15,9],[-17,-21],[8,-49],[2,-19],[7,-98],[4,-25],[-4,-16],[-5,-5],[-11,-35],[-138,668],[-17,-49],[-19,53],[-10,-25]],[[288640,549671],[-9,13],[0,8],[8,9],[1,13],[-13,34],[0,8],[9,-1],[-1,19],[-5,10],[-2,27],[8,15],[3,20],[0,24],[8,19],[0,20],[3,14],[8,1],[-1,14],[-6,19],[-3,4],[-4,23],[8,-1],[6,-21],[4,-4],[10,11],[-3,29],[-5,5],[-3,19],[3,13],[7,-2],[8,-17],[9,17],[0,14],[-3,34],[-8,14],[-2,15]],[[288675,550110],[2,33],[-4,16],[1,14],[11,18],[5,31],[9,0],[3,9],[7,40],[-6,17],[-4,-29],[-5,-7],[-10,4],[-6,19],[0,8],[9,22],[12,0],[2,11],[-2,15],[-7,14],[-4,11],[2,37],[-2,10],[-4,-2],[-5,-14],[-5,-7],[-8,8],[-5,16],[-8,13],[-10,9],[-2,25],[11,36],[2,25],[0,57],[-1,25],[-6,33],[-17,51],[-8,33],[-17,52],[-11,23],[-5,13],[-5,9],[-11,23],[-13,60]],[[288560,550891],[6,28],[5,-1],[-1,12],[8,12],[5,12],[4,15],[5,0],[1,14],[0,2],[5,0],[0,51],[1,4],[20,4],[0,7],[5,0],[7,0],[0,-11],[5,0],[0,11],[9,1],[12,8],[6,5],[7,11],[20,39],[5,6],[16,2],[5,0],[21,-14],[5,4],[9,28],[2,-5],[2,5],[6,-20],[3,10],[-6,18],[6,17],[-2,5],[7,18],[5,10],[10,20],[8,21],[41,119],[5,17],[5,17],[37,151],[5,28],[28,169],[6,25],[33,115]],[[283733,580391],[3,-18],[15,-46],[7,-1],[7,-29],[6,-7],[7,-16],[6,-31],[5,-14],[8,-3],[7,15],[9,-17],[15,-48],[-5,-37],[0,-23],[1,-5],[13,1],[20,-45],[5,-7],[5,-22],[9,-8],[12,-23],[6,21],[2,-3],[-7,-22],[2,-4],[10,-35],[4,-2],[0,20],[1,19],[3,-1],[12,-22],[2,-1],[4,1],[8,15],[9,46],[6,22],[8,50],[5,-10],[4,30],[9,-12],[-5,-32],[7,-1],[-4,-33],[-5,-18],[-7,-9],[-12,-37],[4,-9],[4,13],[6,-16],[9,-1],[2,-12],[5,18],[11,-10],[9,81],[5,4],[5,-15],[1,11],[12,31],[-4,16],[7,18],[8,-29],[5,29],[12,30],[4,19],[10,65],[2,24],[8,42],[-1,29],[3,16],[5,-10],[8,-24],[11,-21],[1,-45],[4,-15],[11,-14],[6,6],[10,-1],[13,-10],[11,1]],[[284157,580210],[3,-101],[-1,-11]],[[284159,580098],[-4,-90],[-4,-40],[-3,-53],[-6,-57],[-6,-72],[-6,-45],[-7,-42],[-13,-65],[-7,-25],[-7,-32],[-8,-49],[-15,-67],[-4,-20],[-7,-29],[-8,-27],[-5,-13],[-17,-30],[-15,-32],[-14,-42],[-5,-21],[-5,-29],[-5,-66],[0,-27],[7,-64],[8,-49],[4,-8],[14,-48],[19,-80],[4,-40],[9,-26],[5,-32],[5,-42],[2,-44],[-5,-64],[-11,-61],[-7,-29],[-5,-14],[-11,-9],[-5,1],[-8,-14],[-25,-13],[-9,-9],[-14,-3],[-10,-11],[-6,-13],[-6,-9],[-11,-29],[-5,-42],[-11,-57],[-9,-41],[-8,-28]],[[283899,578247],[-5,8],[-20,9],[-5,9],[-3,41],[-4,4],[-21,22],[-4,13],[-2,30],[-1,6],[3,8],[-4,25],[-3,5],[-9,12],[0,8],[-6,30],[-6,11],[-23,40],[2,26],[-10,45],[12,28],[-4,20],[-16,-12],[-8,-5],[-2,-17],[1,7],[1,18],[-5,9],[1,8],[-6,11],[0,20],[-12,16],[-7,-54],[-13,14],[-4,-24],[-9,11],[-7,-23],[-3,2],[1,-18],[2,-2],[10,-25],[-5,-57],[-5,-24],[-12,-8],[0,-7],[-5,-27],[-7,-47],[-7,-10],[-2,-2],[-1,-6],[-1,-11],[-2,2],[-1,4],[2,27],[-7,18],[-10,-13],[-3,14],[3,38],[-5,6],[-8,18],[-3,12],[-5,23],[-2,-6],[-25,7],[-8,-45],[-7,13],[-13,-6],[4,45],[12,87],[1,20],[2,54],[-5,36],[-1,8]],[[283584,578746],[-4,25],[-4,33],[-4,22],[3,47],[-3,16],[-7,35],[-12,11],[-11,-23],[-9,-6],[-16,10],[-4,-1],[-3,17],[3,27],[0,14],[-6,23],[2,22],[-1,27],[5,37],[-1,7],[-13,-4],[-4,4],[-3,12],[-2,37],[-4,2],[-10,-3],[-3,-18],[1,-16],[-2,-12],[-11,4],[-5,-2],[-3,-25],[-7,-27],[-2,-2],[-10,-40],[-4,-6],[-5,9],[0,16],[-5,-1],[-4,-12],[-3,10],[0,17],[-7,7],[3,20],[-9,31],[8,40]],[[279861,565054],[3,2],[0,-84],[3,-41],[5,1],[6,34],[6,19],[0,9],[-2,5],[-4,-15],[1,-10],[-3,1],[1,49],[5,0],[-1,20],[-3,14],[4,5],[2,24],[4,37],[0,-23],[7,0],[4,-42],[-4,0],[9,-7],[1,8],[0,84],[-11,-1],[5,14],[3,6],[9,14],[6,2],[-3,-17],[3,-40],[15,0],[0,-21],[13,0],[0,38],[7,0],[7,-8],[0,-93],[6,-9],[4,-4],[3,-2],[3,-6],[3,-3],[2,-1],[4,1],[2,0],[7,0],[-1,-40],[48,0],[0,-44],[18,0],[6,23],[18,22],[7,-1],[3,-2],[-11,-41],[0,-46],[0,-30],[4,-15],[2,-17],[-1,-24],[-5,-33],[0,-95],[-1,-37],[6,-36],[8,-15],[2,-4],[11,-25],[18,3],[10,-3],[-14,-33],[0,30],[-23,1],[-4,-58],[0,-30],[-9,-22],[-4,-11],[-18,-56],[-8,5],[-8,21],[-15,15],[-11,5],[-10,-9],[-15,-3],[-8,-13],[-3,-27],[-5,-15],[5,-14],[9,-46],[4,-31],[3,-48],[-31,-72],[6,-23],[-8,-51],[3,-13],[10,18],[-12,-50],[5,-2],[-9,-42],[0,-12],[5,-26],[15,-13],[16,-37],[1,8],[-8,19],[1,33],[8,-6],[15,8],[23,0],[12,-3],[6,-9],[0,-32],[8,1],[-1,-41],[13,2],[1,-40],[37,5],[-8,-20],[-7,0],[-8,-10],[-3,-40],[-5,-16],[1,-15],[-18,-46],[-4,-2],[-5,-18],[-2,-17],[70,3],[-3,8],[2,16],[-5,8],[-7,5],[-9,11],[6,18],[3,20],[15,46],[8,-14],[7,13],[8,6],[2,-7],[17,29],[3,-25],[21,0],[0,-31],[1,-13],[-1,-36],[-3,-16],[-1,-30],[2,-7],[3,1]],[[290417,558931],[12,-39],[5,-28],[9,-21],[8,2],[9,-6],[3,13],[8,13],[0,25],[6,38],[3,64],[30,-30],[20,-35],[21,-167],[-3,-10],[0,-18],[1,-95],[14,-7],[14,-27],[5,-7],[4,-17],[10,-17],[12,-32],[-8,-112],[-19,16],[-12,-3],[-17,-26],[-28,-83],[-9,-49],[-1,-27],[6,-13],[12,-51],[-4,-47],[2,-48],[3,-4],[9,9],[5,-2],[4,-15],[12,-2],[9,5],[13,-3],[4,9],[18,7],[-5,-47],[-7,-18],[-4,-85]],[[290591,557941],[-8,4],[-17,-14],[-5,-16],[-3,-3],[-19,53],[-6,11],[-16,60],[-7,15],[0,-20],[-5,-42],[-8,-37],[-2,-23],[2,-25],[-1,-29],[-12,-29],[-9,-17],[-1,-8],[2,-63],[-4,-11],[-6,-33],[-5,-37],[-7,-37],[7,-29],[-7,-49],[-2,-36],[-4,-21],[3,-44],[-3,-18],[-8,-13],[-3,-19],[2,-63],[-3,-31],[-5,-31],[-7,-4],[-6,-16],[1,-8],[-17,54],[-7,31],[-4,30],[-6,-6],[1,-19],[-9,-13],[-6,16],[-1,16],[-5,5],[-6,25],[-2,26],[2,29],[-7,18],[-14,4],[-6,12],[-10,7],[-9,21],[-6,-27],[-9,-9],[2,-14],[-6,-38],[0,-32],[-3,-20],[1,-11],[-7,-28],[-4,-52],[-6,-43],[0,-25],[-9,-25],[-1,-12],[-1,-30],[-3,-25],[9,-43],[2,-18],[6,-17],[-2,-27],[0,-21],[4,-7],[7,-29],[-2,-42],[1,-10],[-2,-21],[4,-30],[-3,-22],[-1,-72],[-2,-24],[2,-13],[-15,-61],[-10,-19],[-13,31],[5,27],[1,21],[-2,37],[-4,36],[-4,87],[-7,49],[-4,45],[-1,39],[-7,67],[-2,38],[-7,76],[0,49],[5,45],[-4,40],[2,26],[6,32],[2,45],[-1,25],[-7,-11],[-81,-230],[-137,-390]],[[289999,556831],[-2,6],[-4,40],[-2,12],[-1,30],[-7,17],[-4,32],[3,26],[-1,20],[-11,32],[1,21],[-5,4],[-11,31],[0,24]],[[289955,557126],[9,-1],[11,-23],[11,14],[-14,138],[-7,21],[-14,69],[-7,46],[-28,87],[7,34],[-7,18],[2,14],[-6,29],[-1,72],[6,53],[0,57],[3,75],[2,41],[-7,14],[-17,78],[-1,52],[-4,20],[2,24],[0,28],[2,13],[6,-5],[8,6],[2,57],[4,14],[16,26],[9,23],[0,16],[5,8],[1,-17],[-11,-25],[-3,-19],[-7,4],[1,-20],[-5,10],[-5,-15],[1,-21],[-3,-11],[-1,-18],[4,-5],[-5,-10],[0,-20],[-3,7],[-9,-8],[-4,12],[-1,-59],[5,-3],[2,12],[11,-6],[6,5],[3,-3],[-10,-6],[-3,-9],[-5,5],[-7,-25],[2,-18],[5,-2],[3,-16],[-3,-11],[2,-18],[5,6],[-3,-16],[8,-2],[-2,-12],[8,-6],[0,-8],[5,10],[7,37],[-7,-62],[6,-2],[1,-16],[-7,-5],[-3,-26],[4,-43],[8,5],[4,28],[-2,17],[6,-11],[9,4],[3,8],[-1,19],[4,-5],[8,25],[5,0],[-2,25],[6,-19],[5,13],[6,33],[0,13],[7,8],[-5,-13],[-2,-25],[-4,-11],[-2,-35],[3,-33],[8,-30],[-6,-22],[-7,-18],[2,-32],[-2,-11],[21,20],[8,-14],[9,17],[3,83],[7,0],[20,-15],[8,6],[20,-4],[4,30],[8,50],[5,24],[1,27],[-2,40],[-6,40],[-2,28],[-6,24],[-2,26],[1,20],[5,30],[0,11],[13,5],[8,-12],[16,-9],[6,14],[4,0],[7,27],[3,33],[5,4],[14,-48],[23,-88],[3,-17],[3,-40],[6,-23],[-11,-28],[-9,-63],[1,-71],[24,-8],[-2,41],[10,3],[-1,50],[4,2],[5,36],[7,34],[11,2],[-2,28],[-6,36],[-5,14],[-4,27],[1,30],[-6,43],[5,62],[-2,45],[2,29],[-14,76],[-1,13],[0,0],[15,-3],[29,-15],[2,36],[4,21],[2,45],[-7,39],[8,37],[0,33],[3,10],[17,-28],[4,23],[49,10],[4,8],[3,31],[8,-33],[-1,-29],[11,7],[0,-18],[14,3],[1,-8],[4,-12],[10,-23],[19,-30],[9,-18],[-10,96],[8,21],[-16,86],[-3,-4],[2,-28],[-1,3],[-9,1],[-12,6],[-11,0],[-9,-7],[-1,6],[-33,109],[11,85],[9,95],[9,-6],[5,8],[10,-9],[18,-22],[11,-22],[13,-9],[7,16],[10,8]],[[287057,575876],[6,-8],[3,-17],[-11,-16],[-5,-17],[-19,-17],[-10,-33],[6,12],[12,6],[4,-7],[4,-21],[5,-9],[5,7],[6,-9],[0,-37],[-8,-1],[3,-18],[-10,3],[1,-46],[-9,-11],[-2,-15],[4,-20],[-5,-49],[-6,1],[-2,-14],[5,-22],[7,-10],[-5,-34],[-3,-43],[-4,-17],[-12,10],[-11,3],[3,-13],[-9,-12],[2,-18],[-22,-6],[0,-24],[-11,-21],[-20,-1],[1,-69],[-21,0],[-15,-31],[-6,-22],[1,-12],[-6,2],[5,-30],[8,0],[13,-6],[10,-19],[6,-61],[9,2],[6,-23],[10,-15],[5,-1],[3,-12],[9,-1],[5,12],[11,-36],[3,-23],[11,-24],[-1,-30],[8,-39],[-12,-7],[-4,-13],[-9,-2],[-4,-40],[-9,-33],[0,-50],[3,-25],[8,-1],[-1,-21],[4,0],[1,-64],[6,0],[0,-12],[5,-6],[-3,-27],[7,-2],[21,-37],[17,19],[6,-9],[-2,-13],[-4,-41],[-11,-35],[-5,-22],[-5,-10],[-5,3],[-8,-11],[-10,2],[-3,-7],[-9,-29],[-2,-14],[-8,-10],[-4,-17],[-19,-40],[-1,-16],[3,-31],[-13,-51],[-4,-11],[0,-29],[3,-20],[-3,-27],[1,-17],[5,-9],[-2,-14],[3,-25],[-1,-42],[3,-13],[-5,-20],[5,-35],[6,-15]],[[286965,573945],[-138,-185],[-1,-13],[5,-6],[0,-18],[-4,-8],[5,-14],[2,-16],[-4,-20],[-8,1],[-4,-26],[-3,30],[-6,0],[-4,15],[-3,-17]],[[286802,573668],[1,-10],[-5,-6],[-2,-38],[-2,3],[-9,30],[-2,-52],[-6,-6],[-1,-10],[-7,2],[-1,-21],[-5,4],[2,6],[-15,29],[-1,29],[-8,2],[-3,-33],[-3,-10],[-6,5],[-5,-8],[-5,-30],[-5,2],[4,-17],[-6,-7],[2,-15],[-6,2],[-4,-7],[-10,-70],[-5,2],[-6,10],[-2,21],[-18,45],[3,26],[0,12],[-2,17],[-11,25],[3,25],[-3,9],[3,22],[-9,31],[-4,47],[1,23],[-3,35],[3,40],[-5,28],[-8,13],[1,20],[12,5],[3,7],[2,20],[-1,7],[-24,-15],[-2,-24],[-4,-9],[-17,-2],[-7,2],[-7,17],[-8,3],[-7,19],[-11,41],[-1,18],[8,52],[0,34],[-7,72],[1,21],[22,31],[3,12],[-6,23],[-3,27],[-9,12],[-11,-9],[-15,16],[-1,16],[3,10],[12,16],[7,31],[5,10],[7,22],[7,30],[7,68],[-6,21],[-4,3],[-23,42],[-15,82],[-1,16],[-4,16],[6,8],[2,4],[0,32],[-6,-18]],[[286539,574682],[-7,8],[-1,15],[7,52],[18,6],[-2,-16],[6,-40],[2,1],[3,6],[3,22],[6,-7],[0,-35],[5,1],[-1,3],[2,14],[16,-8],[1,34],[3,23],[7,3],[-1,14],[14,2],[18,-11],[1,3],[3,5],[0,3],[-3,1],[3,23],[4,6],[-1,25],[-9,21],[-5,-6],[-8,18],[-7,0],[-11,32],[3,10],[6,4],[3,13],[5,1],[7,22],[4,27],[-9,1],[-14,12],[-7,-1],[0,10],[9,-1],[7,6],[3,15],[-8,5],[1,22],[7,1],[5,29],[-2,10],[7,9],[4,-8],[-4,19],[4,17],[10,11],[8,-15],[13,23],[3,-10],[-1,32],[14,38],[3,-19],[6,3],[7,14],[6,4],[6,22],[24,1],[1,37],[-7,40],[-13,19],[-5,31],[9,-35],[13,-20],[12,-10],[12,41],[3,1],[29,-22],[1,57],[5,19],[19,73],[26,79],[4,-16],[-3,-51],[8,-12],[3,-16],[1,21],[4,6],[7,22],[1,27],[6,18],[2,12],[8,4],[6,9],[6,34],[8,12],[3,10],[7,4],[3,23],[7,6],[6,24],[7,2],[4,14],[0,24],[8,29],[5,7],[10,-1],[6,24],[1,10],[8,14],[4,2],[6,21],[7,6],[4,14],[3,27],[6,10]],[[281973,567775],[29,-29],[-5,-37],[-5,-3],[8,-27],[3,-30],[9,-27],[10,-47],[10,1],[9,33],[0,-15],[13,-23],[4,-17],[1,-27],[-2,-16],[2,-70],[16,56],[-2,31],[-4,7],[0,72],[2,22],[15,-26],[9,0],[3,-15],[5,1],[0,-20],[20,2],[0,-10],[51,3],[11,43],[3,27],[3,34],[5,-15],[4,8],[7,22]],[[282207,567683],[0,-6],[8,-9],[5,-20],[5,22],[7,45],[-3,12],[2,21],[9,51],[14,39],[2,16],[14,39],[4,23],[3,50],[6,36],[10,38],[7,12],[2,11],[-3,-20],[2,-10],[0,-33],[12,-22],[6,-27],[8,2],[11,50],[16,31],[13,40],[0,-23],[7,0],[0,-52],[6,0],[1,-83],[14,2],[0,-44],[14,1],[0,-131],[27,1],[0,-75],[-15,0],[-10,22],[1,-32],[-2,-20],[-10,-18],[-4,-28],[-8,-22],[-13,-5],[7,-34],[8,-13],[13,-6],[3,-11],[3,-20],[14,-130],[18,-75],[9,1],[0,-18],[1,0],[-1,-10],[1,-1],[0,-18],[12,1],[2,33],[1,-12],[1,-21],[2,0],[3,-8],[4,13],[0,29],[-11,20],[0,25],[6,1],[6,14],[10,-7],[-2,-20],[12,-20],[5,-28],[5,-21],[2,-27],[11,-28],[14,-12],[3,7],[0,23],[-2,15],[-5,15],[3,40],[-2,21],[9,1],[9,10],[3,17],[-2,41],[5,30],[6,24],[1,6],[7,19],[8,-23],[9,-32],[13,-47],[10,-100],[36,-124],[11,18],[3,5],[-6,20],[-2,16],[0,11],[1,6],[10,14],[4,9],[-8,-29],[6,2],[35,45],[2,32],[6,21],[10,22],[5,5],[8,-8],[18,66],[2,17],[-1,65],[6,35],[116,279]],[[282871,567758],[3,-61]],[[282874,567697],[10,-198],[2,-43],[9,-150],[1,-25],[3,-66],[-8,-26],[1,-40],[-2,-30],[3,-22],[1,-27],[4,-18],[6,-35],[-1,-81],[-5,-38],[-11,-47],[-9,-8],[0,-31],[-3,-6],[-8,-36],[-11,2],[-3,6],[-14,4],[-4,-26],[10,-22],[-4,-2],[-5,12],[-4,-17],[-1,-22],[7,-14],[-7,1],[-10,-25],[7,-4],[12,10],[3,-15],[-1,21],[9,2],[-1,-18],[6,4],[0,14],[9,0],[0,7],[9,0],[14,22],[-4,9],[2,13],[-6,14],[7,-3],[0,13],[12,30],[-9,-42],[1,-20],[5,1],[-2,-16],[15,20],[7,-5],[9,10],[3,-46]],[[282928,566688],[-11,26],[-10,6],[-8,-11],[-33,-35],[-18,-29],[-8,-19],[-14,-37],[-12,-58],[-7,-35],[-2,-53],[-3,-24],[-13,-7],[-5,4],[-8,17],[-5,19],[-9,63],[-7,71],[-4,54],[-2,14],[-14,47],[-13,54],[-10,20],[-13,47],[-8,19],[-8,0],[-9,-8],[-17,-3],[-24,-15],[-10,-4],[-15,1],[-13,-3],[-9,-9],[-9,-13],[-23,-21],[-26,-30],[-14,-20],[-14,-36],[-12,-36],[-9,-33],[-9,-39],[-1,-14],[0,-76],[3,-61],[7,-93],[6,-37],[3,-24],[0,-31],[-5,-28],[-4,-11],[-9,-12],[-7,0],[-7,6],[-20,15],[-8,16],[-10,41],[-17,121],[-5,44],[-8,82],[0,35],[0,41],[6,50],[13,80],[6,46],[5,50],[1,29],[-6,24],[-8,11],[-13,0],[-7,-6],[-12,-19],[-5,-20],[-11,-89],[1,-29],[-1,-50],[-2,-13],[-6,-14],[-7,-8],[-12,-3],[-23,23],[-10,0],[-31,-10],[-10,0],[-7,11],[-57,88],[-6,-1],[-12,-16]],[[282174,566720],[-24,58],[-17,83],[-15,39],[-16,37],[-19,28],[6,35],[5,13],[-7,32],[5,14],[0,32],[3,11],[-22,16],[-2,-32],[-2,-15],[-10,-35],[-4,-26],[-7,-25],[-8,17],[-5,24],[2,17],[4,14],[-5,26],[1,21],[5,10],[2,17],[5,8],[3,16],[-14,15],[-8,4],[-14,-1],[0,-41],[-26,-2],[0,43],[-1,42],[-54,-5],[-1,129],[-9,-1],[0,10],[4,-3],[6,19],[12,8],[8,-2],[15,-13],[8,-23],[7,-13],[5,-16],[1,16],[-6,32],[-1,18],[-9,25],[-3,20],[-9,15],[-5,-1],[-4,11]],[[291100,562648],[5,23],[3,49],[3,-12],[14,-34],[5,-21],[13,3],[12,-9],[14,-1],[7,-6],[7,1],[6,-5],[9,22],[4,35],[16,21],[8,30],[8,-4],[8,-12],[13,-12],[11,1],[8,-31],[12,-24],[7,-8],[12,-8],[1,10],[4,-11],[3,1],[13,10],[13,26],[9,37],[8,-12],[7,23],[6,8],[8,6],[9,-6],[8,8],[3,12],[28,-59],[3,-5],[13,-21],[16,-48],[4,-16],[3,-24],[10,-53],[2,-19],[-1,-16],[-20,-33],[18,-15],[3,-8],[3,15],[2,-15],[6,-4],[0,-14],[15,27],[9,-15],[1,9],[23,-42],[0,-36],[14,-8],[5,43],[12,-19],[4,-39],[10,25],[13,-53],[-14,-33],[-4,-26],[10,-16],[7,-16],[40,-124],[11,-7],[9,19],[6,5],[-2,21],[5,3],[1,17],[5,-7],[7,13],[5,-5],[16,33],[1,8],[16,4],[8,13],[7,18],[1,14],[10,20],[6,2],[5,12],[-1,31],[-3,5],[5,13],[12,8],[3,14]],[[291765,562354],[3,-13],[32,-251],[30,-229],[12,-72],[-7,-44],[2,-20],[3,-5],[1,-28],[3,2],[6,-28],[-3,-36],[-5,-12],[1,-14],[-2,-21],[3,-21],[-21,-3],[-4,-39],[11,10],[9,-59],[14,-30],[-7,-29],[-5,-15],[7,-104],[26,-51],[35,-70],[-1,-15],[10,-68],[11,-13],[3,-9],[2,-36],[7,-19],[21,16],[8,12],[63,-370],[17,-101],[8,-42],[30,-183],[23,-126],[10,-68]],[[291594,559792],[-4,4],[0,16],[-2,10],[-3,-5],[-6,-37],[-5,-14],[2,-8],[-1,-27],[4,-9],[3,-31],[0,-11],[4,-35],[-10,11],[-4,-4],[-2,46],[-5,27],[-6,2],[-4,10],[-5,-4],[-2,8],[-6,-3],[-3,-11],[-4,13],[-5,-3],[0,-14],[-8,-19],[-7,-6],[-9,1],[-6,-12]],[[291500,559687],[-4,11],[-5,-3],[-10,40],[-3,-15],[-3,1],[1,16],[-5,81],[2,39],[-1,16],[-10,22],[0,27],[-11,-33],[-4,12],[-7,4],[-8,-9],[3,-32],[-4,-7],[-11,33],[-6,6],[-1,-38],[-1,-15],[-5,-7],[5,-8],[-8,-7],[-5,-12],[-8,-31],[-7,-7],[-2,31],[2,43],[-1,9],[-7,12],[-7,-19],[-7,-9],[-9,16],[-5,-1],[-14,-17],[-7,1],[-8,22],[-9,-7],[-8,-29],[-5,-1],[-5,24],[2,15],[-5,32],[-12,17],[-8,-11],[-3,-18],[-2,1],[-2,25],[-9,21],[-6,25],[-8,15],[-12,18],[-37,83],[-78,174],[-12,36],[-2,15],[0,22],[-8,19],[-2,6],[-5,-6],[-7,-25],[-3,8],[-9,13],[-8,-7],[-4,-38],[-10,-18],[-7,17],[-8,-1],[-19,-35],[-7,-17],[-6,12],[-9,0],[-6,18],[-10,-1],[-15,30],[-11,13],[-15,31],[-9,1],[-9,14],[-13,-8],[-6,-12],[-7,56],[-9,61],[-8,32],[-10,-11],[-15,-2],[-13,-7],[-20,-25],[-6,67],[-5,34],[-7,59]],[[290792,560594],[14,-2],[11,14],[5,3],[11,15],[7,28],[2,19],[2,38],[9,21],[-5,-1],[-21,47],[4,52],[3,23],[2,69],[-4,26],[-5,24],[0,23],[6,3],[4,15],[-1,17],[8,15],[2,-13],[6,-1],[18,39],[-6,49],[-4,32],[-6,23],[-19,85],[0,6],[-14,51],[-2,14],[-7,-7],[-13,-44],[-4,-6],[-4,1],[-12,14],[-4,20],[-11,-33],[-7,-9],[4,93],[1,55],[1,80],[-3,15],[5,27],[8,18],[5,30],[-1,42],[3,38],[8,50],[-2,10],[1,34],[-10,27],[1,26],[6,15],[0,14],[5,-10],[2,-6],[2,30],[9,11],[32,-56],[20,-9],[0,27],[-1,42],[-8,20],[-7,2],[2,23],[15,-5],[0,-23],[9,-1],[8,4],[-2,20],[4,34],[2,30],[14,91],[2,18],[0,54],[6,-4],[14,-30],[6,-12],[8,-5],[12,-25],[6,-7],[19,-19],[13,-26],[6,2],[6,-10],[6,-23],[3,-32],[5,24],[5,16],[6,50],[8,22],[10,10],[7,38],[12,28],[12,52],[-3,19],[-2,29],[9,-5],[-3,22],[0,37],[5,87],[-1,59],[0,47],[1,4],[7,23],[1,15],[5,17],[9,2],[7,35],[1,26],[-1,38],[3,10]],[[284785,580463],[14,-22],[5,0],[0,-27],[8,-5],[0,-12],[5,0],[2,-24],[14,-20],[14,2],[0,48],[5,20],[6,11],[11,7],[11,-19],[5,-30],[-3,-40],[-1,-39],[4,-14],[1,-23],[-11,-12],[9,-2],[6,16],[4,25],[-1,29],[-3,5],[1,17],[-5,7],[7,3],[12,20],[-2,35],[4,3]],[[285408,579148],[-4,-2],[-13,1],[7,-19],[3,-24],[5,-9],[4,-17],[-12,-14],[-5,1],[-3,-9],[-2,-29],[-2,-7],[-4,7],[-9,27],[-8,9],[-4,-7],[4,-22],[9,-21],[7,-12],[9,-33],[-3,-15],[-2,7],[-1,-15],[3,-11],[-7,-31],[6,-11],[-3,-4],[-10,25],[-6,-7],[1,-16],[5,-16],[2,-34],[-2,0],[-7,17],[-4,-3],[-9,27],[-7,7],[-3,14],[-10,25],[-7,9],[-3,-2],[-5,13],[-3,-2],[-1,-15],[7,-17],[5,-18],[8,-8],[7,-17],[12,-19],[4,-13],[2,-22],[-6,-6],[-5,28],[-15,20],[-4,-1],[-10,17],[-3,2],[-5,-15],[4,-13],[15,-22],[11,-42],[2,-27],[-3,-3],[-7,6],[-14,39],[-9,11],[-4,10],[-17,11],[1,-22],[7,2],[4,-7],[11,-41],[10,-27],[1,-8],[-5,-6],[-10,14],[-5,-4],[0,-16],[2,-32],[-3,-3],[-7,19],[-8,13],[-6,-1],[1,-28],[4,-15],[11,-5],[3,-15],[-4,-6],[-9,13],[-3,-4],[11,-21],[18,-19],[7,-10],[18,-37],[17,-59]],[[285355,578506],[-13,40],[-15,35],[-14,24],[-17,20],[-18,28],[-7,7],[-17,22],[-8,5],[-31,8],[-12,-3],[-7,3],[-7,20],[-2,12],[1,22],[3,21],[6,9],[15,7],[9,14],[3,15],[2,20],[-3,23],[-4,6],[-13,-2],[-4,6],[0,18],[-5,36],[5,17],[20,0],[11,-12],[9,13],[1,36],[-8,40],[-9,25],[-22,38],[-8,3],[-9,-6],[-16,-29],[-7,-10],[-8,-19],[-13,-24],[-7,-3],[-15,11],[-9,13],[-5,18],[-8,72],[-7,51],[-2,9],[-13,21],[-4,17],[1,16],[8,22],[14,9],[11,3],[17,-21],[10,-2],[11,5],[9,11],[9,28],[2,22],[1,44],[-3,32],[-5,28],[-9,21],[-8,1],[-10,-6],[-19,-17],[-20,-24],[-8,-1],[-2,1],[-9,14],[-9,19],[-3,9],[-5,13],[-12,63],[-9,29],[-12,34],[-27,53],[-6,19],[-9,52],[-3,6],[-5,3],[-16,-1],[-26,22],[-7,8],[-6,15],[-3,31],[-1,63],[-5,19],[-10,8],[-5,-6],[-12,-27],[-9,-11],[-13,-1],[-10,13],[-9,29],[-11,29],[-4,15],[-5,39],[-7,38],[-5,18],[-12,27],[-22,40],[-7,8]],[[284768,580065],[-14,19],[-14,23]],[[284740,580107],[5,28],[6,37],[2,29],[4,29],[0,25],[5,45],[-1,38],[5,13],[5,29],[5,37],[9,46]],[[281127,564138],[6,7],[15,10],[2,5],[3,26],[-6,16],[7,11],[0,9],[0,16],[-7,23],[-1,5],[-3,15],[1,22],[-2,10],[-3,1],[2,6],[1,11],[0,14],[-3,3],[-2,5],[-4,0],[-2,-1],[-5,5],[-12,73],[-2,80],[-6,19],[2,14],[1,37],[0,15],[0,12],[-3,37],[3,38],[0,8],[-1,16],[-9,-7],[1,23],[7,13],[-7,58],[2,4],[15,-34],[0,-31],[4,-22],[3,-15],[2,-5],[14,-1],[10,29],[9,1],[29,25],[2,2],[26,73],[0,-51],[-14,-1],[1,-40],[-10,1],[2,-15],[-5,-19],[8,12],[9,30],[7,0],[-6,-19],[-5,-30],[43,184],[-7,42],[5,24],[9,39],[43,153],[24,63],[68,159],[95,285],[88,228],[7,16],[16,46],[8,31],[13,57],[4,33],[3,31],[8,34],[9,28],[8,32],[9,42],[16,58],[9,28],[7,28],[5,51]],[[281695,566133],[1,-81],[4,7],[23,-5],[0,-27],[1,-22],[9,-29],[18,-2],[0,-39],[5,-14],[-2,-84],[-1,-28],[-7,-22],[-4,-36],[11,-23],[-13,-36],[-9,-29],[-8,-16],[-5,-6],[-8,1],[-12,10],[0,-5]],[[281698,565647],[-19,13],[-8,10],[-13,1],[-12,-29],[-9,-30],[-9,-24],[-8,-37],[-3,-50],[5,-61],[12,-46],[6,-13],[25,-42],[12,-26],[16,-66],[7,-16],[26,-50],[13,-32],[7,-25],[7,-50],[3,-46],[0,-53],[-4,-59],[-5,-100],[-3,-28],[-4,-14],[-10,-15],[-27,-22],[-15,-10],[-2,-5],[-6,0],[-19,10],[-9,10],[-13,21],[-24,75],[-9,37],[-7,34],[-13,51],[-6,32],[-7,60],[-5,19],[0,15],[-6,26],[-12,42],[-15,13],[-4,-7],[-9,0],[-26,-22],[-17,-37],[-10,-32],[-3,-19],[-4,-46],[-1,-46],[2,-33],[24,-91],[4,-35],[3,-46],[1,-32],[-5,-115],[2,-16],[12,-41],[17,-42],[9,-16],[14,-30],[4,-6],[25,-98],[-1,-9],[3,-18],[-1,-37],[-1,-14],[-6,-18],[-17,-31],[-13,-16],[-7,-2],[-9,7],[-5,12],[-11,82],[-4,37],[-1,47],[-8,62],[-9,41],[-6,13],[-7,11],[-27,8],[-5,3],[-8,9],[-25,10],[-11,0],[-21,-15],[-18,-41],[-4,-2],[-2,-6],[-7,-8],[-3,-3],[-10,-5],[-12,7],[-42,92],[-21,25],[-9,-2],[-8,-38],[-13,-40],[-3,-13],[-8,-23],[-1,-5],[-2,-7],[-6,-52],[0,-62],[3,-72],[3,-50],[-2,-37],[1,-47],[2,-35],[5,-36],[5,-18],[16,-39],[21,-33],[11,-10],[7,-11],[16,-56],[4,-10],[12,-50],[7,-37],[23,-81],[7,-33],[2,-10]],[[281347,563691],[4,-33],[2,-39],[-6,-29],[-7,-10],[-27,4],[-23,-18],[-8,1],[-27,13],[-1,4]],[[281254,563584],[-19,19],[-16,26],[-12,34],[-19,44],[-14,41],[-19,6],[-11,-16],[-10,-27],[-7,-24]],[[281127,563687],[-4,12],[3,-2],[3,17],[26,65],[3,0],[2,-10],[4,-5],[3,19],[1,-4],[1,-5],[-1,-11],[5,-11],[1,18],[2,0],[1,20],[1,-11],[12,21],[3,-10],[0,17],[-1,9],[-13,-1],[0,43],[-10,0],[-3,0],[-7,0],[-2,0],[2,-10],[0,-15],[0,-18],[-7,4],[0,-32],[-17,-34],[-9,-25],[-7,8],[-2,8],[-2,5],[1,6],[-1,13],[2,5],[-9,-1],[-4,11],[-6,12],[0,28],[7,4],[-1,28],[-1,7],[-5,2],[0,12],[4,3],[6,11],[5,-18],[3,-1],[1,-5],[2,-8],[2,-13],[3,6],[-1,7],[2,0],[0,82],[0,13],[4,0],[0,24],[-2,-4],[-4,11],[0,7],[-12,0],[-4,1],[1,23],[2,5],[-12,6],[0,34],[0,9],[10,0],[17,1],[2,60],[0,8]],[[291280,573188],[-3,-1],[-6,28],[1,-16],[-2,-4],[-2,13],[-1,8],[0,8],[-4,-2],[-12,12],[-14,69],[0,19],[15,40],[3,20],[6,-8],[-9,-41],[3,-11],[7,4],[13,-10],[4,-23]],[[286248,562596],[7,25],[5,7],[0,8],[1,58],[6,-2],[0,-15],[13,-9],[5,6],[3,-3],[0,5],[1,-5],[3,5],[5,1]],[[286297,562677],[0,-25],[3,-8],[2,-28],[2,2],[15,-7],[-3,-16],[-1,-5]],[[286315,562590],[-2,-6],[-13,-25],[-4,-8],[-4,-7],[-5,-22],[-1,-5]],[[286286,562517],[-2,8],[-2,-3],[-12,-30],[-2,24],[10,20],[-15,13],[-7,-17],[0,1],[5,13],[-2,25],[-7,-12],[-2,19],[4,7],[-6,11]],[[288523,550831],[4,1],[2,0],[-2,-17],[-5,3],[1,13]],[[283983,559392],[3,10],[16,0],[9,0],[4,-6],[1,-37],[-9,-7],[-16,-21],[-7,24],[-1,37]],[[280335,558649],[21,33],[24,11],[6,-12],[5,-21],[2,-31],[-2,-37],[-8,-55],[-1,-28],[1,-29],[5,-38],[12,-35],[10,-12],[11,-3],[8,12],[18,24],[29,31],[10,26],[6,34],[-3,102],[15,141],[2,13],[8,30],[7,12],[25,61],[9,25],[9,20],[20,24],[15,27],[12,38],[4,21],[3,41],[-2,24],[-7,45]],[[280609,559143],[20,1],[6,14],[1,36],[3,25],[7,27],[7,-9],[12,-47],[7,-7],[4,5],[1,7],[0,58],[-1,14],[-8,9],[0,27],[10,14],[6,1],[3,-9],[6,2],[3,-13],[1,16],[11,3],[20,-13],[12,12],[5,-18],[-2,-36],[3,-23],[13,-16],[0,14],[0,11],[6,2],[0,-13],[0,-11],[18,-8],[-1,-24],[29,-34],[3,1],[0,72],[5,-16],[5,-5],[11,4],[7,-8],[4,-25],[10,-36],[2,-29],[9,-13],[5,-1],[4,15],[2,32],[-1,-27],[-3,-16],[-2,-6],[4,-27],[2,-19],[6,-19],[4,-4],[2,-22],[-3,-13],[-3,-63],[8,-41],[-1,-37],[-6,-73],[-4,-18],[-1,-20],[-1,-62],[-1,-21],[-4,-12],[0,-16],[3,0],[5,54],[8,45],[11,110],[12,73],[3,34],[-1,34],[-6,33],[1,49],[4,-2],[-1,13],[5,0],[9,-30],[10,-3],[12,-32],[5,0],[10,32],[1,18],[-5,58]],[[280960,559121],[3,22],[6,-3],[6,-28],[10,-36],[1,-69],[4,-13],[9,-15],[5,-2],[4,12],[-3,35],[1,26],[3,7],[8,-8],[6,-43],[4,-21],[12,-20],[11,3],[12,40],[1,4],[14,28],[9,7],[8,16],[4,58],[6,14],[15,9],[10,14],[4,-3],[15,-33],[9,4],[9,31],[-2,17],[-6,38],[7,13],[1,-13],[11,-52],[6,-21]],[[281183,559139],[-22,-76],[-15,-29],[-6,4],[-7,-3],[4,-19],[-40,-81],[-21,0],[0,-12],[-1,-32],[3,6],[-2,-40],[3,-3],[13,-38],[5,-13],[2,-41],[9,-37],[2,-13],[7,-6],[4,-14],[9,-10],[7,30],[8,0],[0,-17],[-6,-26],[-1,-29],[-6,-10],[3,-20],[-3,-36],[1,-19],[5,-25],[0,-12],[-2,-11],[-10,-20],[-6,-48],[-3,-16],[-7,-56],[-1,-5],[-2,-25],[-3,-132],[-1,-35],[20,73],[-20,-79],[0,-29],[-5,-17],[0,-8],[16,-102],[2,-42],[4,-40],[3,-41]],[[281123,557885],[-1,83],[4,15],[8,5],[16,24],[8,7],[6,-2],[11,-22],[7,3],[3,7],[5,33],[-5,17],[9,17],[4,17],[5,8],[13,7],[-1,-38],[-1,-54],[-5,-26],[10,-15],[2,-23],[10,1],[9,-7],[11,-19],[6,-18],[1,-23],[4,-9],[4,-41],[3,-12],[-2,-19],[1,-37],[-5,-12],[-1,-28],[2,-16],[-3,-22],[17,-26],[5,0],[8,8],[0,36],[2,19],[10,59],[5,-25],[10,-11],[6,-25],[6,-3],[10,-35],[4,-5],[11,-41],[1,-10],[0,-23],[-6,0],[-7,-12],[-6,0],[0,-8],[6,-3],[10,-22],[-2,-9],[-6,0],[-8,-17],[7,-5],[-3,-9],[1,-13],[3,-12],[11,-7],[6,0],[4,-7],[6,-21],[6,-4],[1,-8],[-5,-20],[5,-38],[1,-35],[6,-13],[2,-16],[8,-14]],[[281372,555055],[-7,8],[-10,-29],[-20,0],[3,-11],[0,-38],[-6,-16],[6,-31]],[[280786,554784],[-15,-19],[-18,-11],[-46,1],[-10,-5],[-8,-16],[-20,-42]],[[280669,554692],[1,275],[-1,8],[5,30],[-7,35],[-8,23],[-4,-1],[-1,-23],[-2,-1],[-6,34],[-8,17],[-9,4],[-10,-15],[-10,4],[-3,13],[-5,1],[-2,13],[-5,11],[-1,11],[9,2],[3,34],[-5,12],[4,28],[0,19],[-1,19],[4,14],[1,25],[-2,33],[-7,5],[2,-40],[-10,-14],[0,23],[-9,0],[0,-24],[-3,-14],[-18,-5],[-11,-17],[-13,-2],[-4,-9],[-4,10],[2,10],[-20,2],[-6,19],[0,27],[-5,9],[1,24]],[[280501,555321],[5,0],[4,0],[5,10],[11,11],[9,3],[5,23],[4,-14],[5,5],[2,15],[15,5],[11,-1],[4,-5],[0,-21],[9,34],[11,21],[9,35],[2,-4],[11,41],[7,-3],[3,15],[-8,4],[-18,38],[-4,17],[-10,14],[2,36],[1,4],[1,6],[-1,10],[1,20],[-2,44],[2,24],[4,25],[7,23],[5,10],[-40,0],[-18,-11],[-2,-1],[-3,-3],[-2,-1],[-1,-11]],[[280547,555739],[0,17],[-6,0],[-9,22],[-9,11],[7,3],[17,-1],[0,25],[1,17],[-10,0],[-1,-9],[-2,-1],[0,11],[2,22],[-3,46],[2,-9],[2,0],[15,31],[-3,21],[-2,57],[11,-3],[9,2],[4,31],[4,7],[7,20],[5,20],[3,10],[5,24],[7,24],[25,181],[-1,14],[3,48],[-6,15],[-5,3],[1,8],[-9,8],[-7,-17],[0,-15],[-7,-3],[2,130],[2,37],[14,84],[-10,-11],[-9,3],[-4,-5],[-5,-25],[-4,-13],[-10,-15],[-5,-16],[-6,-8],[-6,-16],[-1,-14],[-10,6],[1,195],[-6,20],[1,14],[6,10],[3,13],[0,19],[-5,1],[-12,22],[5,25],[3,-31],[11,10],[4,-2],[6,7],[1,30],[5,-2],[-4,17],[12,27],[-5,15],[5,18],[7,2],[4,22],[8,19],[5,44],[11,61],[5,21],[6,43],[3,4],[8,-2],[6,8],[3,12],[13,28],[7,0],[10,-8],[8,26],[7,27],[-2,29],[-11,11],[-2,19],[8,18],[0,13],[-4,15],[-1,19],[2,6],[9,-3],[6,3],[2,27],[4,30],[1,36],[12,27],[-8,33],[1,18],[3,22],[-14,32],[4,19],[-22,-60],[-20,-42],[-21,-73],[-7,-26],[-13,2],[0,-33],[-7,0],[1,-28],[-4,-15],[-9,43],[-46,142],[-3,6],[-6,3],[-8,12],[-8,2],[-19,30],[-13,-2],[-9,3],[-4,10],[-5,65],[-5,25],[-5,16],[2,24],[-24,23],[-14,-6],[-3,10],[-3,5],[-2,103],[-1,15],[2,-14],[4,27],[-1,35],[-11,17],[-2,-7],[-10,1],[6,-17],[-5,-9],[-5,7],[-5,-11],[-7,-5],[-2,26],[7,-4],[0,32],[-12,-22],[-1,-19],[-4,1],[-6,34],[0,33],[-27,1],[0,36],[2,10],[-7,-16],[-23,-82],[-10,30],[0,25],[-4,11],[-12,3],[-3,8],[-7,92],[-10,11]],[[280266,558093],[0,47],[6,48],[2,33],[11,77],[7,31],[8,19],[9,11],[6,15],[3,34],[-4,63],[0,41],[4,63],[14,63],[3,11]],[[281123,557885],[-1,-57],[-49,1],[-18,20],[-13,-7],[-2,-114],[31,-114],[4,-22],[4,-43],[9,0],[5,-19],[15,1],[-1,-121],[10,-1],[3,-6],[27,-40],[0,-45],[80,-2],[2,159],[3,-8],[20,-2],[6,9],[3,-4],[-1,13],[14,41],[-37,16],[-21,15],[-10,18],[-13,4],[-6,8],[-4,14],[-20,35],[-11,-22],[-7,5],[-3,25],[-2,4],[3,14],[3,46],[8,22],[-4,14],[-18,81],[-5,32],[-3,27],[-1,3]],[[286247,568798],[0,41],[3,20],[-10,37],[-11,46],[-6,32],[-9,100],[-3,17],[-3,54],[-9,41],[-16,111],[1,3],[-2,14],[14,6],[3,-9],[2,18],[10,-6],[5,9],[13,29],[16,-23],[0,-20],[17,33],[10,-21]],[[285602,558748],[18,-1],[1,-42],[-1,-48],[0,19],[0,27],[-19,1],[1,44]],[[285042,559860],[11,49],[3,25],[17,81],[0,27],[12,18],[9,-25],[11,-61],[9,-12],[12,14],[6,31],[7,47],[1,38],[4,23],[15,32],[26,30],[19,54],[48,31],[29,23],[27,51],[10,12],[32,6],[6,0],[16,28],[6,41]],[[285378,560423],[2,1],[-7,-43],[10,-9],[-9,-15],[-7,4],[-11,-14],[-5,2],[1,-44],[24,34],[2,-23],[-2,-36],[36,1],[-1,63],[14,14]],[[285425,560358],[5,-29],[3,17],[10,12],[5,-28],[1,-20],[7,-41],[0,-6],[7,-24],[21,-14],[3,-10],[1,-35],[13,-50],[13,-11],[8,-3],[6,-51],[3,-19],[15,-14],[5,-21],[4,-14],[10,-7],[-1,-8],[4,-42],[7,-86],[8,-17],[1,-2],[7,5],[4,-6]],[[285595,559834],[0,-46],[-1,-9],[0,2],[6,-21],[0,-37],[3,-50],[9,0],[10,14],[3,-43],[0,-39],[7,-18],[6,2],[-3,-23],[-3,-8],[-2,-21],[1,-27],[-4,-10],[13,-62],[5,-6],[12,-1],[0,-17],[-12,2],[6,-25],[0,-1],[5,-25],[2,-47],[-9,-5],[-2,-14],[9,-23],[1,14],[2,0],[-1,-25],[21,0],[0,-28],[3,-52],[5,-2],[3,-3],[7,11],[5,10],[1,0],[22,36],[1,-1],[3,-7],[3,-19],[8,13],[7,-39],[-1,-2],[-11,-22],[-9,-19],[-10,2],[0,-9],[5,-54],[4,-30],[1,-18],[1,-14],[1,-21],[12,-42],[6,31],[8,4],[0,34],[5,3],[0,40],[1,0],[15,13],[10,8],[4,-16],[-6,-53],[14,1],[-5,37],[1,2],[4,40],[8,6],[2,6],[9,11],[3,16],[-3,47],[0,9],[-1,7],[-1,14],[-4,3],[-4,13],[1,4],[15,1],[8,-16],[3,14],[0,80],[9,0],[0,19]],[[285842,559333],[8,-36],[1,-5],[12,3],[2,31],[3,-35],[3,21],[13,1],[6,-35],[-1,-38]],[[285889,559240],[-1,-12],[4,-47],[4,-28],[1,-29],[34,0],[34,-5],[2,-16]],[[285967,559103],[-31,-23],[-28,-24],[-18,-14],[-25,8],[-9,-8],[-8,1],[-6,13],[-6,-25],[-3,2],[-7,-13],[-2,-33],[-2,-2],[-6,-5],[-14,-13],[-19,-19],[-21,-21],[-2,-2],[-1,-1],[-41,-40],[-37,-30],[-30,-28],[-7,-7]],[[285644,558819],[-5,-6],[-18,-18],[-1,-1],[-28,-25],[-9,-41],[-3,14],[-18,-7]],[[285562,558735],[1,6],[3,9],[2,22],[-1,39],[-3,33],[3,31],[-11,13],[-2,11],[-7,17],[-1,4],[-20,-43],[-2,-4],[-13,12],[-5,14],[7,25],[19,71],[-6,15],[-3,2],[-10,-2],[-3,20],[-13,-27],[-17,-38],[-13,-7],[-1,3],[0,3],[-23,-4],[-10,-3],[4,6],[-2,43],[8,3],[-1,4],[-3,0],[0,20],[-22,-2],[0,14],[18,1],[-1,17],[8,0],[0,2],[-8,0],[0,8],[-17,0],[0,19],[8,0],[-2,20],[-6,16],[12,14],[-3,27],[5,18],[0,1],[-6,-18],[-8,47],[-12,-31],[-9,-8],[-5,1],[-2,0],[0,56],[-7,0],[0,51],[-3,-8],[-18,-7],[0,-37],[-10,0],[-8,19],[-4,75],[2,-80],[-7,17],[-5,11],[0,-35],[4,-36],[8,-81],[-1,-13],[-1,2],[0,5],[-14,75],[-5,-4],[1,25],[-18,100],[-22,39],[-9,14],[-6,-6],[0,19],[0,84],[16,-2],[17,-22],[-7,24],[-14,35],[-16,33],[-5,17],[-9,38],[-6,-1],[-7,6],[-4,30],[-6,9],[-3,33],[-2,30],[-3,19],[2,61],[1,10],[8,22],[3,6],[-2,7],[-2,27],[-2,6],[-4,1],[-14,-21],[-15,-1],[13,-49],[-7,-1],[-9,-12],[-13,-62],[11,-35],[4,3],[4,-39],[4,1],[-3,-37],[3,-42],[6,-33],[-2,-44],[-11,-45],[-1,-16],[1,-25],[-3,8],[-8,-4],[-11,32],[-7,2],[-4,17],[2,30],[-4,0],[-14,41],[4,7],[1,15],[-7,11],[-8,20],[-11,19],[-8,9],[-3,10],[-1,22],[4,24],[-5,36],[-6,20],[-16,34],[2,14],[9,38],[17,61],[6,13],[-2,10],[-3,8],[-9,2],[-12,36],[-9,15],[-17,34],[-9,-37],[-8,-52],[-8,-35],[-2,5]],[[285312,554437],[6,66],[-1,85],[3,32],[10,-16],[0,63],[5,33],[28,0],[0,39],[6,8],[5,-6],[3,9],[5,-2],[4,-25],[10,-12],[9,12],[5,-14],[7,0],[10,33],[0,31],[9,30],[1,9],[8,-4],[2,24],[12,39],[9,19],[7,-13],[12,21],[10,41],[-4,27],[-14,-11],[-14,-7],[-19,-5],[-8,-6],[-9,29],[2,5],[2,85],[5,61],[-1,15],[6,-14],[15,0],[5,-20]],[[285463,555098],[8,-15],[-3,-13],[12,-24],[0,-12],[4,9],[6,-5],[8,-15],[5,3],[3,9],[7,-4],[5,-23],[12,2],[6,-23],[5,-10],[-1,11],[6,0],[7,-11],[2,-21],[3,9],[3,-15],[5,6],[4,-26],[5,-12],[5,-2],[-1,-15],[4,-19],[1,-17],[-2,-28],[11,9],[5,-16],[-2,-25],[5,-4],[4,-18],[4,-13],[2,-28],[7,-12],[4,15],[13,-28],[-2,-10],[4,-18],[2,10],[-3,16],[3,15],[3,42],[0,35],[3,12],[-4,8],[-1,21],[10,65],[4,14],[2,47],[2,16],[7,0],[6,11],[5,1],[9,-7],[18,-2],[9,-7],[-8,-68],[-5,-74],[-1,-142],[44,-1],[5,38],[5,56],[71,-2],[7,1],[0,-23],[-9,-29],[-10,-46],[27,-2]],[[285838,554694],[1,-44],[-6,-40],[-7,-30],[2,-15],[1,-41],[5,-21],[0,-11],[-8,-4],[-8,-52],[-9,-21],[0,-27],[2,-19],[-2,-14],[-7,-11],[7,-22],[-4,-25],[5,-17],[7,-60],[6,-3],[-1,-21],[0,-38],[-8,2],[-13,-39],[-1,-7],[1,-9],[-5,-85],[1,-21],[5,-21],[-2,-43],[-1,-31],[1,-18],[-1,-14],[-8,7],[-5,-16],[-11,-12],[-7,-18],[3,-26],[-2,-16],[2,-29],[16,31],[8,-21],[2,-29],[7,-21],[17,-29],[2,-23],[-5,-36],[-1,-30],[-10,-4],[-4,11],[2,21],[-2,10],[-11,-5],[-8,-12],[-5,-20],[-1,-30],[-6,-68],[6,-33]],[[285778,553474],[6,-26],[2,-43],[-1,-33],[-2,-22],[1,-31],[-6,-18],[-3,-52],[-3,-20],[-1,-25],[-4,-17],[-8,2],[-11,-8],[-3,-23],[-3,-40],[0,-10],[6,-26],[1,-35],[5,-29],[-4,-21]],[[285750,552997],[-13,5],[-3,18],[-3,-1],[-6,-30],[-6,-4],[-4,10],[0,25],[-5,10],[-1,29],[-10,-4],[-2,38],[4,28],[-6,5],[0,13],[7,13],[-6,29],[-4,-5],[-15,11],[-14,30],[-13,1],[-4,-3],[-5,19],[0,27],[-5,14],[-4,7],[-6,52],[1,9],[-9,22],[-2,12],[-10,-4],[-5,16],[-5,2],[-1,9],[-8,12],[-5,20],[-3,7],[-2,17],[-5,-7],[-9,29],[-4,-3],[-4,23],[-2,4],[0,30],[-6,4],[0,12],[-10,3],[-2,18],[-4,1],[-1,15],[-4,-3],[-6,22]],[[285520,553604],[-4,20],[-15,-10],[0,3],[2,6],[10,41],[-1,31],[-4,10],[-2,22],[-13,43],[-1,9],[-24,15],[-7,1],[-4,14],[-7,38],[-3,39],[0,93],[3,16],[0,52],[15,20],[3,9],[12,49],[15,0],[4,-2],[-10,46],[-13,47],[-3,16],[-9,65],[-10,48],[-2,25],[-11,-28],[-15,-58],[-5,-14],[-38,-86],[-6,-12],[-7,13],[-11,-10],[-7,9],[-7,-24],[-1,-29],[-9,-34],[-6,-38],[3,-17],[18,-54],[6,-1],[-15,-84],[-3,14],[-8,8],[-9,25],[-13,-25],[-3,8],[-1,31],[-4,18],[-5,26],[-7,47],[-5,24],[7,12],[7,27],[11,11],[10,-1],[6,38],[-2,28],[4,6],[13,-7],[1,17],[7,58],[1,12],[-3,11],[-16,46],[-13,23],[-9,1],[5,76]],[[286214,558041],[1,0],[9,-5],[2,-2],[7,-23],[8,-14],[0,25],[10,0],[0,71],[4,7],[2,0],[10,-7],[5,-2],[9,7],[7,6],[5,9],[8,19],[1,-11],[7,-26],[10,-21],[2,11],[3,23],[-10,26],[0,18],[9,13],[10,14],[4,3],[8,11],[0,-42],[2,-2],[0,-9],[1,0],[0,-9],[-1,0],[0,-38],[-2,0],[-3,-40],[-8,-22],[-1,-36],[8,17],[16,23],[3,11],[1,18],[4,-18],[12,17],[4,7],[-10,32],[0,1]],[[286371,558103],[16,-53],[4,-23],[2,-21],[2,-20],[2,-23],[3,3],[2,-17],[3,-24],[0,0],[2,0],[5,-7],[18,26],[7,19],[7,16],[-1,11],[2,49],[-9,0],[0,18],[10,1],[4,60],[11,45],[2,48],[7,-2],[21,34],[4,9],[3,10],[4,14],[9,18],[14,15],[9,3],[21,29],[12,10],[14,15]],[[286693,558162],[-4,-18],[-2,-36],[1,-11],[8,-33],[-1,-12],[-3,-36],[-4,-6],[-12,-3],[-4,-10],[-1,-23],[-8,-46],[0,12],[-7,0],[-1,-31],[-10,1],[0,-49],[-6,-25],[-13,5],[-6,1],[5,-36],[2,-48],[-3,-22],[-1,-38],[1,-14],[0,-74],[-3,-32],[8,0],[15,-1],[1,-17],[5,-1],[0,-30],[10,0],[0,-24],[15,0],[0,-24],[9,1],[1,-17],[4,-25],[2,-27],[2,11],[9,10],[10,4],[7,40],[15,0],[0,-27],[5,-27],[6,-37],[2,-60],[1,-41],[-1,-21],[-1,-8]],[[286746,557257],[-2,-11],[-20,-24],[-14,7],[-9,13],[-1,10],[-2,-3],[-1,-37],[1,-31],[-6,-28],[-1,-24],[-5,-22],[-4,3],[-1,15],[-9,3],[0,-24],[-2,-7],[-8,-2],[0,-14],[0,-10],[2,9],[22,-1],[-7,-40],[1,-45],[12,-22],[0,-25],[2,-23],[7,-28],[2,-37],[3,-1],[-8,1],[6,-37],[0,-31],[11,-23],[9,-32],[7,-40],[1,-40],[4,-49]],[[286517,556660],[1,12],[-8,-1],[-2,-3],[-1,-1]],[[286204,556801],[-3,14],[2,26],[-6,11],[-4,19],[-11,21],[1,23],[4,18],[2,40],[-9,11],[-1,8],[5,10],[-6,42],[7,10],[10,1],[11,14],[3,13],[-2,9],[-1,32],[-4,-6],[-6,28],[2,44],[-5,16],[-4,1],[-5,15],[4,11],[1,18],[-4,5],[-2,35],[4,18],[9,10],[6,-8],[5,26],[0,28],[8,9],[-2,16],[-6,21],[-1,30],[2,30],[-6,26],[-3,6],[3,17],[13,19],[7,61],[-2,23],[-2,18],[-7,16],[-1,3],[-4,-2],[7,68],[2,4],[1,3],[-1,14],[5,7],[0,0],[0,2],[0,1],[0,2],[0,2],[-1,2],[0,1],[-1,2],[-1,1],[-1,2],[5,9],[-3,18],[0,1],[0,6],[1,3],[1,2],[1,2],[0,1],[0,2],[0,6],[0,2],[-1,2],[0,1],[-1,3],[0,8],[-1,3],[0,1],[-1,2],[-1,0],[-2,-3],[-1,0],[0,1],[-1,1],[0,6],[0,5],[3,5],[2,19],[-6,34],[-5,-15],[-4,22],[0,27],[2,19],[3,1],[2,21],[7,8],[1,18],[-3,6],[0,26]],[[286452,557753],[12,-5],[0,23],[0,2],[-12,-3],[0,-17]],[[286672,558120],[2,3],[3,19],[-3,9],[-3,-4],[1,-27]],[[287089,555864],[0,2],[13,46],[12,0],[14,-19],[8,-29],[6,-12],[10,2],[5,-4],[4,-11],[-2,32],[3,7],[1,15],[12,7],[7,37],[7,7],[8,15],[0,34],[2,10],[10,19],[6,-16],[13,-39],[11,-13],[6,-11],[6,-25],[22,53],[0,139]],[[287273,556110],[37,-1],[11,7],[3,-43],[9,1],[0,46],[11,-9],[11,-14],[3,18],[23,-5],[1,70],[0,15],[-7,10],[-2,68],[-3,29],[0,24],[-8,-15],[-9,0],[-5,12],[-9,-22],[-2,-14],[-14,-18],[-4,9],[-12,40],[-3,-6],[0,75],[10,12],[6,14],[-1,-68],[8,0],[-4,18],[1,24],[4,10],[0,65],[9,-2],[5,1],[39,37],[5,1],[16,-9],[1,4],[-4,15],[-6,33],[-10,44],[-13,20],[-7,37],[3,23],[1,32],[5,24],[8,0],[5,6],[7,28],[10,25],[9,38],[8,-23],[2,-31],[8,18],[6,-33],[1,8],[-3,32],[4,33],[1,32],[4,-4],[3,-25],[4,0],[0,17],[-4,18],[3,20],[8,-2],[-5,10],[-3,20],[1,10],[7,3],[0,36],[3,12],[10,0],[-7,16],[6,26],[9,7],[6,-30],[1,29],[3,22],[-2,21]],[[287485,557061],[6,15],[-5,37],[2,11],[-4,3],[-2,-12],[-4,8],[-7,0],[0,15],[-2,20],[1,8],[-6,15],[-4,23],[4,-47],[-2,-10],[3,-31],[-2,-12],[-6,-2],[-8,27],[2,-26],[-5,-12],[-9,10],[-5,-2],[4,20],[-14,9],[1,27],[-6,30],[3,4],[1,36],[-7,19],[-9,16]],[[287405,557260],[0,21],[-2,13],[9,77],[7,15],[7,2],[0,-39],[6,3],[18,23],[11,45],[0,63],[12,-17],[6,1],[0,-20],[-13,0],[4,-16],[20,2],[1,11],[1,32],[-4,30],[10,-1],[4,-2],[-2,8],[1,31],[-10,1],[0,134],[16,45],[1,20],[5,21],[5,11],[5,27],[8,-10],[6,0],[1,12],[5,7],[-16,15],[-1,-2],[-1,10],[5,19],[1,17],[5,15],[-14,0],[0,87],[10,1],[-3,22],[3,35],[13,-53],[7,2],[-1,21],[18,-1],[11,-10],[16,-39],[6,-36],[8,-3],[8,10],[3,13],[9,17],[3,19]],[[287633,557969],[1,3],[12,-16],[2,-9],[-4,-17],[-4,-38],[1,-8],[8,-40],[9,-27],[2,-11],[-5,-32],[4,-17],[7,24],[2,3],[3,-4],[1,-7],[-4,-30],[6,-25],[0,-7],[-3,-30],[2,-8],[9,-4],[3,-6],[1,-13],[-4,-29],[-3,-16],[0,-38],[1,-1],[4,5],[6,-1],[3,-8],[5,-19],[1,-25],[5,-14],[5,-2],[5,-14],[10,-10],[7,-23],[5,-12],[-3,-3],[-1,-34],[1,-49],[1,-12],[12,-1]],[[287746,557344],[15,-1],[0,-12],[9,-4],[-9,-17],[1,-18],[-7,-17],[-6,18],[-1,16],[-2,-11],[-5,8],[9,-25],[-10,12],[-3,11],[-1,-4],[5,-14],[21,-32],[14,-3],[7,-14],[4,-42],[1,-10],[-1,-25],[10,-52],[3,-8],[14,-9],[10,5],[4,-8],[0,-16],[-7,-34],[7,-27],[4,-25]],[[287832,556986],[5,-34],[0,-28],[-2,-34],[3,-27],[8,-21],[4,-25],[-2,-16],[-8,-41],[-4,-38],[-4,-26],[-1,-13],[2,-13],[14,-23],[9,-42],[7,-14],[11,-12],[8,-3],[20,-50],[2,-13],[1,-38],[-10,-72],[3,-21],[11,-38],[3,-19],[-1,-46],[5,-16]],[[287916,556263],[-5,-6],[3,-6],[18,-66],[3,-18],[0,-32],[5,-35],[-2,-21],[-2,-47],[-9,-20],[-3,-26],[1,-48],[-1,-33],[-3,-17],[-1,21],[-8,32],[-8,16],[-9,26],[-6,0],[-5,8],[-12,-9],[-10,11],[-14,-7],[0,-43],[-2,-7],[-75,102],[-10,-8],[-10,5],[-14,18],[-6,-1],[0,-22],[-3,-44],[-1,-57],[-16,-58],[-7,-38],[-11,13],[-16,6],[-7,21],[-10,57],[-17,38],[-14,26],[-8,11],[-14,0],[0,-25],[0,-10],[0,-41],[-11,8],[-6,5],[0,-12],[-13,1],[0,0],[-1,-92],[-2,0],[11,-34],[15,-51],[-1,-30],[13,-17],[2,-10],[-4,-31],[-8,-7],[-12,3],[-3,11],[-5,1],[-3,15],[-4,0],[-2,-23],[-9,-7],[-5,10],[-4,39],[-7,19],[-15,-5],[-7,-7],[-7,23],[-2,18],[-4,-53],[-5,-35],[-2,-82],[5,-44],[10,6],[6,-1],[4,9],[2,18],[8,10],[8,-2],[12,19],[4,-6],[5,4],[11,-29],[-15,-38],[-12,-2],[-7,-12],[-14,-69],[-6,-1],[-1,-18],[-4,-27],[-5,-5],[-4,-17],[9,-18],[7,-50],[11,34],[25,48],[21,14],[22,-10],[24,-1],[-1,-75],[-13,-143],[-16,-3],[-4,-23],[-7,15],[-6,-6],[0,-25],[-5,-16],[1,-15],[6,-23],[6,-38]],[[287389,554532],[-16,16],[-6,10],[-10,23],[-5,37],[-7,42],[-5,17],[-8,44],[-3,-7],[-15,6],[0,7],[-5,-11],[-12,-36],[-9,-33],[-6,-18],[-2,13],[-12,86],[-7,39],[-15,63],[-5,4],[-7,-12],[-6,-26],[-4,10],[1,22],[-3,15],[-4,0],[-4,-19],[-6,-4],[-3,-47],[-5,-9],[-5,5],[0,20],[-4,20],[0,19],[-4,23],[-8,-6],[-10,28]],[[287169,554873],[-8,25],[-9,21],[-7,6],[-4,12],[-6,31],[-17,35],[1,32],[-5,0],[0,-29],[-12,1],[-2,-23],[-11,24],[-3,10],[-9,5],[0,-15],[-5,0],[0,12],[-11,-11],[0,-12],[-5,-4],[2,-13],[-5,0],[-1,-74],[-13,-1]],[[284710,557708],[5,10],[-4,16],[3,-1],[0,0],[0,1],[8,-17],[-1,-14],[-2,-9],[-2,11],[-5,-10],[-2,13]],[[285212,556031],[4,16],[-4,33],[7,24],[0,34]],[[285219,556138],[7,11],[8,31],[8,24],[9,10],[8,21],[16,14],[9,32],[4,26],[2,-14],[-1,-105],[12,4],[13,10],[-5,-61],[-5,-24],[0,-58],[63,-2],[14,2],[0,98],[0,49],[-6,18],[-1,16],[8,133],[15,65],[0,-91],[15,-1],[0,-46],[15,-2],[0,15],[1,25],[2,14],[2,29],[2,17],[-22,-1],[0,43],[11,-28],[11,-9],[3,39]],[[285437,556442],[6,-13],[8,-3],[3,12],[-3,29],[1,2],[-10,18],[2,14],[-2,9],[-3,6],[-4,-20],[-1,-7]],[[285434,556489],[-2,2],[-22,3],[0,19],[-2,23],[-2,16],[7,8],[5,16],[6,9],[-6,0],[-5,15],[-4,16],[2,17],[1,10],[1,6],[5,0],[4,1],[-1,21],[18,14],[30,39],[6,8],[1,7],[9,13],[9,-4],[24,18],[18,-8],[3,-4],[12,-1],[12,4],[3,-4],[28,-71],[9,-4],[11,8],[9,-8],[9,-34],[3,-3],[16,30],[1,33],[4,6]],[[285656,556710],[4,-26],[2,1],[7,-21],[16,7],[11,11],[7,-25],[0,-19],[13,3],[4,-6],[2,-35],[5,-1],[4,-21],[5,3],[1,19],[5,7],[2,-1],[5,2],[-1,-56],[6,-18],[5,-23],[5,6],[0,5],[-1,98],[19,1],[0,33],[6,1]],[[285788,556655],[13,-50],[12,-69],[6,-33],[9,13],[1,0]],[[285829,556516],[5,-42],[5,-9],[-1,-16],[2,-11],[5,-6],[7,-31],[9,15],[1,-17],[2,-16],[6,-7],[2,-25],[-3,-13],[4,-18],[-1,-18],[4,-7],[-8,-44],[-1,-31],[3,-16],[3,-2],[0,-16],[4,-27],[0,-12],[-7,-7],[-5,-22],[-2,12],[-4,-32],[3,-14],[-3,-28],[-14,-17],[-2,-47],[-3,-9],[3,-17],[-1,-14],[-4,-12],[-4,-2],[2,-42],[6,-7],[6,-26],[-3,-22],[3,0],[5,-28],[3,-36],[-5,-18],[-1,-20],[6,-24],[4,-2],[5,-21],[1,-13],[-1,-46],[-3,-27],[-4,1],[-6,16],[-9,-16],[-7,-21],[-4,4],[1,-32],[-4,-13],[3,-26],[-2,-32],[5,-22],[3,12],[6,2],[6,-25],[0,-37],[6,-4],[-4,-36],[-7,-36],[-6,-6],[-1,19],[-1,-27],[13,-59],[-1,-16],[6,-8],[-2,-28],[-4,-8],[1,-11],[4,4],[4,-19],[0,-17],[5,-7],[-1,-12],[5,-8],[2,-32],[-4,-9],[1,-15],[-4,-5],[0,-35],[4,0],[8,-15],[5,-4],[2,-17],[5,-12],[-6,-23],[-4,11],[-3,-24],[-6,-29],[5,-30],[0,-23],[-3,-12],[-2,-30]],[[285867,554834],[0,-6],[-15,-45],[-7,-12],[-12,-44],[1,-15],[4,-18]],[[285463,555098],[1,25],[-4,12],[0,26],[3,17],[-7,27],[-7,-3],[-5,16],[2,29],[-6,34],[-4,3]],[[285436,555284],[-7,10],[-9,36],[-6,13],[-4,-4],[-6,11],[-6,31],[-6,13],[-5,-1],[-6,42],[-8,23],[-12,0],[-10,22],[-9,-4],[-2,4],[-7,29],[-5,6],[-5,-5],[-2,35],[-4,5],[3,11],[-3,9],[-5,-4],[-5,8],[0,10],[5,32],[-5,22],[-1,24],[2,17],[-7,11],[-1,13],[-4,0],[-7,10],[-4,14],[-11,-5],[-1,22],[-14,15],[-1,12],[-6,18],[-3,42],[-3,8],[1,40],[-5,31],[-3,6],[-10,6],[-15,28],[1,38],[-3,21],[-5,12],[5,10]],[[286372,562064],[14,-31],[0,-37],[13,-12],[4,21],[0,1],[2,-10],[3,-7],[3,11],[1,2],[0,0],[2,-6],[-1,-12],[8,0]],[[286421,561984],[-1,-15],[6,-3]],[[286426,561966],[-2,-3],[-1,-16],[-1,0],[0,-15],[-2,-14],[3,-7],[-11,-19],[-17,-3],[-6,25]],[[286389,561914],[-1,1],[-1,6],[1,1],[0,3],[-1,7],[0,7],[-1,6],[-1,3],[-1,2],[-1,25],[-2,6],[-10,51],[-5,8],[0,19],[6,5]],[[286213,561436],[-4,-11],[-2,5],[-2,-6],[0,-21]],[[286205,561403],[-10,0],[2,11],[4,-9],[-1,22],[3,13],[3,-7],[3,12],[4,-9]],[[287103,559709],[1,5],[15,-22],[7,-22],[54,-180],[23,-110],[-11,2],[-2,5],[-5,-18],[-2,-28],[-4,-21],[1,-9],[-3,-32],[5,-15],[-9,-13],[-2,-15],[-9,-25],[-7,-35],[2,-17],[3,-14],[9,-30],[6,8],[7,-41],[9,-11],[8,23],[5,5],[7,-53],[2,-13],[3,-16],[7,-22],[3,-5],[3,-1],[1,4],[2,9],[2,7],[6,11],[7,-3],[6,-13],[3,-29],[-8,-31],[2,-28],[-1,-42],[-4,-2],[-8,10],[-3,-3],[-1,-45],[7,-7],[13,28],[7,22],[4,3],[5,-25],[0,-32]],[[287269,558823],[-1,-9],[-10,-27],[-19,-31],[-3,-9],[0,-5],[4,-53],[7,-33],[6,-7],[4,11],[-2,24],[-6,23],[1,8],[12,15],[8,30],[7,-21],[-3,-44],[-1,-32],[1,-28],[9,2],[14,-9],[2,-17],[2,-43],[11,-33],[2,-15],[-5,-22],[-17,-11],[0,-14],[6,-1],[17,-29],[5,-18],[3,5],[2,44],[2,9],[7,-2],[16,15],[10,0],[3,-33],[5,-28],[5,0],[1,4],[9,4],[10,3],[8,9],[14,-1],[19,-15],[11,-22],[6,-34],[8,6],[7,-18],[5,2],[9,19],[6,-22],[0,-38],[3,-2],[7,32],[5,6],[7,-7],[10,5],[9,-16],[10,-7],[9,-10],[14,22],[5,1],[8,-46],[-2,-14],[-2,-39],[7,-32],[4,-36],[8,-8],[10,-23],[3,-17],[6,-69],[3,-24],[9,-21],[-1,-29],[4,-16],[4,2],[7,-15]],[[287405,557260],[-8,9],[-2,20],[-6,9],[-20,23],[-3,14],[-17,44],[-6,44],[-6,19],[-5,9],[-2,-7],[-3,-20],[-5,-3],[-10,33],[-3,19],[-4,-14],[-1,12],[-12,-14],[2,-7],[-1,-5],[0,-31],[-7,-43],[-23,-5],[-5,54],[-6,-16],[-2,30],[-10,1],[-23,28],[-8,2],[-1,-7],[-7,13],[-9,4],[-8,1],[3,-24],[-15,11],[-10,-2],[-10,-41],[-9,-1],[3,-38],[-5,-1],[-13,16],[-4,-20],[-11,-24],[-2,-18],[0,-43],[-3,-1],[0,34],[-27,-2],[0,-43],[4,-20],[-4,-3],[0,-13],[-19,-66],[-3,4],[-10,0],[1,-10],[-7,2],[0,-26],[-11,0],[0,-64],[-4,0],[-2,14],[-15,50]],[[287011,557147],[-44,138],[-3,13],[-2,13],[-7,80],[-1,17],[-6,94],[18,26],[-3,39],[-2,86],[0,12],[12,12],[4,11],[0,7],[0,20],[0,68],[0,48],[27,1],[0,33],[-8,13],[1,21],[-4,9],[9,12],[9,-22],[-1,42],[-10,2],[-11,0],[0,19],[2,6],[1,1],[6,6],[0,24],[8,27],[2,0],[0,19],[1,5],[-1,-3],[0,85],[-9,-1],[0,57],[-14,10],[-9,6],[1,16],[0,3],[1,6],[-1,14],[-2,-5],[-7,23],[-4,8],[-1,2],[-4,14],[-2,9],[5,3],[4,4],[-3,19],[-3,36],[0,65],[-2,47],[0,51],[2,19],[17,115],[0,10],[0,47],[-12,-4],[-11,11],[-6,22],[1,41]],[[285437,556442],[-6,27],[3,20]],[[287637,560082],[4,-15],[7,-6],[0,-19],[4,-20],[3,-7],[6,0],[17,-38],[8,-10],[7,15],[24,-38],[9,2],[4,13],[8,-19],[3,-5],[3,-11],[3,-62],[10,-10],[12,-16],[-14,20],[0,13],[5,0],[0,32],[12,-11],[12,1],[5,10],[1,0],[3,-86],[23,0],[2,1],[4,0],[9,18],[0,70],[-2,51],[1,1],[14,4],[10,-7],[0,32],[26,0],[2,14],[-22,1],[0,0],[0,36],[11,15],[5,-16],[8,9],[4,37],[10,0],[3,12],[1,6],[0,5],[2,21],[3,38],[1,14],[0,5],[1,4],[1,4],[6,17],[2,5],[0,-1],[4,0],[7,-36],[12,0],[4,13],[0,66],[3,9],[4,19],[6,42],[1,72],[10,52],[-6,33],[1,9],[-1,7],[-6,1],[-1,14],[-4,4],[-3,16],[2,13],[-2,17],[11,28],[5,30],[-1,41],[3,17],[-10,24],[4,18],[16,-10],[14,8],[15,71],[3,20],[-6,39],[-8,3],[-34,33],[-15,9],[-13,33],[-5,-16],[-2,-18],[-7,0],[0,19],[-18,0],[-6,18],[-1,25],[-9,1],[0,6],[33,-2],[-3,20],[-7,29],[-19,-1],[-7,90],[-2,1],[-4,0],[-11,-7],[-1,40],[9,-13],[11,19],[-9,46],[-2,5],[-8,-10],[0,11],[1,77],[-6,1],[-7,7],[-3,-20],[-11,61]],[[287839,561315],[1,1],[11,11],[6,-35],[4,45],[0,7],[4,7],[26,45],[19,34],[6,11],[-11,64],[-10,21],[-3,7],[-10,55],[20,23],[7,14],[2,-10],[13,-9],[5,5],[5,-15],[5,-46]],[[287939,561550],[3,-17],[12,-36],[8,28],[8,17],[11,23],[3,-11],[6,12],[4,-18],[16,25],[17,-17],[6,11],[9,-14],[4,-28],[5,-15],[7,-43],[0,-26],[4,-14],[3,-32],[-1,-42],[3,-14],[0,-30],[5,-7],[1,-13],[9,-13],[4,-24],[4,0],[3,25],[8,19],[-1,58],[0,30],[16,11],[3,-14],[3,-32],[-1,-18],[7,-5],[3,5],[0,-67],[6,-1],[-3,15],[31,53],[1,-5],[0,-42],[11,-28],[3,-22],[-2,-15],[4,-13],[-2,-18],[10,-60],[2,-54]],[[288192,561074],[1,-25],[-4,-44],[11,-19],[2,-15],[-5,-17],[-4,-38],[3,-16],[-3,-12],[-4,-3],[-1,-4],[-1,-10],[-1,-4],[-2,-4],[-1,-6],[-5,-49],[3,-18],[-4,-43],[-1,-18],[-6,-20],[2,-16],[-2,-17],[1,-20],[-6,-5],[-1,-24],[-10,-7],[4,-39],[1,-28],[-12,-17],[-7,-20],[3,-19],[-3,-10],[-4,-47],[-10,0],[-5,-28],[-22,-38],[-4,1],[-13,32],[-2,-8],[-3,-43],[0,-29],[6,-15],[-2,-6],[-3,-28],[0,-4],[1,-24],[0,-13],[2,-17],[2,-15],[1,-4],[1,-4],[8,9],[-2,-39],[3,-26],[-1,-27],[-6,-30],[5,-17],[1,-1],[0,-4],[-1,-3],[-1,0],[-9,-9],[-5,-31],[3,-15],[-3,-9],[-3,8],[-6,-12],[-1,-16],[-4,6],[-7,-24],[-2,-27],[-3,-7],[-4,-32],[2,0],[10,-35],[17,-47],[18,1],[88,22],[-2,-16],[-4,1],[-2,-38],[1,-25],[-2,-23],[-14,-54],[-2,-14],[24,22],[7,-107],[3,-68],[33,-248],[1,-40]],[[288225,559222],[0,-7],[-8,-79],[-12,19],[-5,12],[-4,-8],[4,-23],[-5,-33],[0,-26],[-10,-19],[1,-46],[-1,-22],[-5,-28],[-27,19],[-16,21],[-8,2],[-1,-19],[-4,-8],[3,-11],[-5,-8],[6,-28],[0,-20],[-13,3],[-25,-49],[12,-40],[-1,-14],[6,-52],[6,7],[3,-1],[6,-22],[8,-44],[-6,-64],[-4,-26],[-8,-52],[0,-12],[-14,-23],[-10,-13],[1,-68],[-6,-27],[10,3],[5,7],[7,-11],[4,3],[15,43],[7,3],[3,18],[2,-14],[0,-25],[-1,-12],[-12,-54],[-22,-61],[-5,-23],[-12,-20],[-3,-37],[-14,-48],[-3,-15],[-8,-21],[6,-19],[9,11],[3,-10],[3,-24],[3,-7],[-7,-16],[-7,-47],[-6,-11],[-10,-8],[-5,11],[-9,10],[-7,-11],[-7,1],[5,-41],[13,-44],[17,-42],[15,-18],[11,-23],[-15,-48],[-12,-10],[-17,-35],[-15,42],[-6,-5],[-14,18],[0,-5],[-9,30],[-6,11],[-4,-17],[-6,1],[-3,-26],[5,-15],[-4,-18],[-15,-3],[-7,19],[-5,-9],[4,-29],[0,-17],[-9,-40],[1,-19],[-6,-23],[-1,-42],[-7,-14],[0,-27],[6,-49],[3,-30],[-3,-7]],[[287938,557494],[1,-15],[-5,-11],[-8,-41],[-18,-30],[-2,-10],[2,-48],[3,-12],[10,-21],[3,-8],[3,-10],[2,-15],[-15,-24],[-4,-10],[-14,-73],[-10,-32],[-2,-14],[-5,-45],[2,-14],[-4,-9],[-11,-16],[-15,-11],[6,-19],[3,-32],[-18,18],[-10,-6]],[[287746,557344],[17,76],[17,53],[2,4],[12,24],[23,36],[6,11],[-7,-4],[-4,42],[-2,39],[13,0],[0,68],[5,4],[11,-2],[0,-55],[3,-35],[7,0],[2,-13],[4,7],[0,25],[5,0],[0,42],[9,-1],[6,27],[-1,14],[6,1],[-15,39],[-21,71],[41,0],[6,80],[0,21],[-1,19],[-2,5],[-1,15],[-5,0],[-1,10],[3,1],[-1,17],[1,3],[3,1],[-2,50],[-1,2],[-12,-2],[0,12],[9,2],[0,10],[3,0],[0,7],[-4,97],[-7,16],[-2,20],[-5,0],[0,48],[5,38],[4,1],[-1,39],[0,3],[-7,-2],[-1,16],[-11,7],[-7,27],[0,12],[5,27],[-2,11],[-4,36],[1,30],[8,2],[0,39],[3,0],[1,34],[6,74],[-5,-1],[3,48],[5,5],[-5,1],[0,46],[-9,0],[0,85],[8,6],[0,12],[3,2],[0,10],[-4,1],[0,12],[-7,0],[0,-17],[-3,-4],[-12,29],[0,53],[28,0],[6,42],[5,-1],[4,16],[-3,6],[0,15],[7,-6],[2,22],[-5,3],[-27,1],[0,200],[-15,0],[0,22],[-1,38],[-3,10],[-32,-23],[-12,-14],[-22,-46],[-7,6],[-2,3],[-2,0],[-2,-5],[-3,1],[-4,8],[-7,8],[-2,2],[0,-2],[-2,1],[0,47],[-12,-6],[-2,0],[-16,-9],[-3,3],[-1,11],[-2,-2],[-12,-9],[8,13],[-4,22],[0,1],[3,0],[0,9],[-3,0],[0,12],[6,-1],[-7,67],[5,13],[1,1],[-4,26],[-5,1],[-8,10],[3,57],[3,0],[-11,36],[-4,41],[-7,65],[-1,20],[-2,50],[-2,23],[-5,37],[-1,16],[-1,17],[-11,23],[-8,28],[3,20],[-10,17],[-47,100],[-6,9],[-10,4],[-12,10]],[[287556,560022],[1,3],[0,1],[26,108],[13,-3],[14,-29],[3,10],[6,17],[1,8],[3,5],[4,-61],[8,-1],[2,2]],[[288225,559222],[17,26],[6,36],[7,53],[26,50],[23,32],[12,0],[8,9],[-2,17],[9,28],[20,39],[5,-16],[11,3],[11,-18],[3,26],[0,26],[-4,13],[0,7],[20,100],[19,93],[1,3]],[[288417,559749],[24,-16],[0,-18],[2,-23],[4,-21],[14,-25],[2,-16],[-1,-28],[2,-19],[11,-29],[4,-32],[6,-36],[8,-36],[4,-32],[5,-55],[10,-24],[1,-31],[3,-20],[-2,-42],[-4,-26],[-7,-14],[0,-23],[-7,-6],[0,-7],[7,-32],[0,-29],[8,-14]],[[288511,559095],[-7,-3],[-13,14],[-6,12],[-4,-1],[-13,23],[-1,11],[-12,19],[-5,-1],[-9,10],[-3,-32],[-6,-49],[-4,-71],[-3,-39],[-4,2],[-4,-13],[-10,22],[-4,29],[-5,12],[-4,-160],[-10,-10],[-10,-20],[-4,-22],[-10,10],[-13,-1],[-9,-9],[-8,-13],[1,8],[-3,23],[-10,46],[-5,3],[-6,-16],[-5,-10],[-3,-25],[-6,-9],[23,-75],[-10,7],[-9,0],[-1,-13],[0,-6],[0,-1],[-15,4],[4,15],[-29,3],[-2,-12],[2,-83],[-2,-26],[-11,0],[19,-62],[10,-22],[9,-32],[-2,-12],[-19,-43],[-14,-25],[4,-33],[8,-31],[-12,-68],[-14,-14]],[[288232,558306],[-8,-7],[-17,-51],[16,-42],[29,-50],[7,-26],[1,-36],[-2,-29],[-3,-6],[-6,-33],[0,-16],[-4,-38],[1,-12],[2,-75],[3,-34],[1,-35],[29,-91],[7,-21],[2,-11],[0,-62],[3,-8]],[[288293,557623],[-12,0],[-4,12],[-6,-3],[-5,-14],[-11,5],[-8,39],[-10,-14],[-4,8],[-6,-19],[-13,5],[-11,-8],[18,-62],[6,-24],[-5,-15],[-9,-4],[-18,-50],[-11,1],[-13,41],[-8,-3],[-3,-15],[-12,-37],[-6,-1],[-18,-62],[-3,-36],[-13,-46],[-3,-50],[-9,-33],[-10,-46],[-30,-15],[-14,3],[-8,6],[-21,30],[-6,34],[-5,3],[-16,55],[1,15],[-6,15],[-8,-2],[-10,-12],[0,12],[-6,23],[2,20],[4,-6],[7,20],[1,23],[-9,-32],[-6,9],[2,-18],[-3,-24],[4,-20],[-3,-22],[-9,-21],[-2,4],[-3,18],[-6,14],[-1,21],[-4,8],[1,37],[9,21],[-3,7],[5,9],[0,27],[4,17],[-9,23]],[[284201,568408],[15,0],[19,-61],[42,-133],[11,-41],[-8,-28],[5,-24],[1,-45],[-5,-43],[1,-32],[0,-40],[21,-28],[15,-31],[6,-1],[13,-16],[3,1],[1,-41],[6,-26],[3,-25],[0,-21],[3,-4],[-1,-38],[2,-12],[3,2],[11,-30],[0,-18],[15,6],[9,-17],[10,-9],[12,-3],[2,26],[-2,44],[-6,35],[-5,13],[0,15],[-5,46],[11,-11],[11,-3],[11,11],[12,4],[-5,30],[-5,1],[0,12],[-7,0],[0,12],[-18,1],[0,187],[55,0],[2,-189],[1,-35],[-9,-7],[-3,-30],[1,-16],[7,-30],[-1,-12],[3,-15],[0,56],[22,-1],[3,5],[5,52],[5,-8],[0,4],[11,17],[3,-3],[8,3],[3,5],[6,0],[3,3],[4,-9],[11,1],[8,16],[10,-5],[1,-9],[6,13],[14,6],[5,10],[16,-5],[5,8],[9,-3],[-1,-94]],[[284621,567801],[0,-17],[-27,1],[0,-76],[-16,1],[-38,13],[-24,0],[-10,-20],[-10,-29],[-6,-7],[-4,-29],[-9,3],[-6,-47],[9,-46],[4,-11],[23,-91],[19,-70],[6,-15],[0,-9],[9,-35],[-13,-134],[-5,-45],[13,-1],[25,76],[7,3],[24,-91],[53,-155],[-21,3],[-9,-5],[-3,-3],[3,-44],[5,0],[-1,-87],[14,0],[-1,-164],[-17,-1],[-4,9],[-3,-9],[-60,2],[-3,-3],[-3,-22],[-6,-4],[-3,-12],[3,-9],[2,-27],[3,-27],[0,-7],[5,-7],[12,-27],[6,-25],[3,-56],[3,-31],[-5,-56],[0,-27],[0,-37],[1,-57],[-1,-19],[0,-16],[-1,-60],[-2,-26],[-2,-8],[-9,-28],[-2,0],[-10,-42],[-18,-10],[-6,17],[-20,-5],[-10,11],[-18,-6],[-3,-8],[0,-71]],[[284464,565966],[-3,-2],[-2,19],[-10,-1],[0,18],[-66,0],[0,19],[-6,1],[1,15],[-3,0],[4,48],[0,55],[16,-9],[5,18],[2,26],[-3,3],[-4,9],[1,57],[4,15],[1,18],[4,4],[0,40],[-2,24],[0,28],[-2,20],[0,13],[-21,-13],[-10,-4],[-3,-1],[-2,0],[-14,-30],[-9,6],[-4,-9],[0,-21],[-3,-23],[-7,1],[1,39],[-11,0],[-5,11],[0,25],[-19,0],[1,37],[-6,0],[-4,1],[-1,28],[3,11],[-11,0],[2,151],[-31,0]],[[286761,561953],[2,2],[0,14],[16,0],[-5,-35],[1,-26],[0,-37],[-7,0],[0,-8],[-2,1],[-3,3],[-2,26],[2,30],[-2,15],[0,15]],[[283973,571210],[119,-4]],[[284092,571206],[0,-141],[16,-2],[1,-293]],[[284109,570770],[1,-84],[-43,-4],[-39,-4],[-1,-416],[-66,-40],[-2,-39],[1,-26],[4,-23],[4,-9],[0,-22],[-17,-1],[-4,-37],[-7,9],[-6,-5],[-8,17],[-7,10],[-2,12],[-7,-29],[0,-13],[20,-26],[3,3],[12,-12],[-1,-55],[-3,-22],[-2,-40],[2,-33],[5,-58],[0,-42],[-7,14],[-5,33],[-6,-1],[-7,13],[-8,4],[-1,24],[-13,-1],[-14,15],[-5,18],[-9,-49],[-9,-46],[-1,-23],[5,-68],[1,-19],[8,-34],[3,-19],[7,-8],[11,-2],[8,-13],[6,-24],[3,-43],[6,-20],[8,0],[5,-30],[13,-13],[6,-17],[2,-12],[0,-11],[4,-7],[11,-49]],[[283968,569393],[-6,-10],[-6,-4],[-7,14],[-9,2],[-1,-10],[-19,-4],[-4,-4],[-1,-5],[-16,-29],[-6,15],[-9,5],[-9,-19],[12,-24],[-2,-21],[-9,-29],[-1,-12],[-6,-6],[-12,17],[-4,13],[-8,-1],[-6,8],[-5,17],[0,-64],[-4,-7],[1,-33],[3,-4],[21,13],[3,-7],[-1,-44],[0,-119],[-5,0],[1,-24],[-5,-70],[1,-35],[5,-30],[4,-39],[5,-4],[10,-17],[-7,-25],[-11,-63],[-4,10],[-2,25],[1,11],[-3,16],[-5,14],[-11,-1],[-19,-16],[-6,-27],[0,-27],[-4,-72],[-10,-28],[-13,17],[0,23],[1,9],[-9,5],[0,31],[-7,-20],[-5,16],[-7,3],[-4,30],[0,5],[0,13],[2,12],[4,11],[1,3],[1,2],[2,18],[-8,3],[-1,2],[-2,7],[-1,7],[2,13],[-4,21],[-3,-3],[0,-9],[-1,-3],[0,-3],[-1,-3],[-3,-5],[-2,-2],[-1,2],[-7,26],[-2,15],[-12,34],[-5,4],[-13,-6],[-3,-17],[-1,0],[-2,3],[0,6],[-3,0],[-3,4],[0,-14],[-2,-4],[-2,6],[-3,-5],[-5,-6],[-4,-9],[-4,-6],[-2,3],[-5,-6],[-2,3],[-2,2],[-2,6],[0,4],[1,6],[0,5],[-1,-1],[-2,3],[-1,6],[-2,20],[0,5],[3,8],[-3,24],[-1,21],[-2,7],[-2,4],[0,5],[0,3],[0,4],[0,5],[-2,22],[-2,17],[-1,28],[-2,23],[-4,-5],[-5,-4],[-11,1],[0,-4],[-2,-1],[-7,-1],[-4,-3],[-6,-2],[-18,11],[-10,26],[-7,1]],[[283558,569121],[0,83],[1,0],[-2,22],[-6,-11],[-3,7],[-8,-3],[-5,10],[-9,-7],[-8,27],[0,23],[-3,21],[5,36],[15,-23],[5,-2],[8,-33],[10,-17],[-1,13],[-4,-3],[-8,27],[-6,36],[-4,15],[2,31],[7,11],[3,19],[-1,15],[4,17],[-1,24],[-4,-3],[0,47],[6,34],[1,33],[-3,4],[2,25],[0,17],[-5,15],[-2,25],[3,30],[6,4],[7,11],[7,25],[9,61],[11,-29],[8,-27],[13,-25],[3,0],[0,15],[8,1],[1,239],[25,-2],[0,-25],[5,-7],[6,-58],[16,0],[-1,-130],[15,-1],[3,6],[11,-3],[9,-6],[1,-23],[14,-23],[12,-13],[13,-2],[7,6],[21,-32],[17,149],[3,36],[5,33],[0,15],[5,59],[0,22],[4,54],[2,48],[5,37],[3,36],[11,53],[7,56],[2,44],[7,58],[1,16],[5,28],[3,26],[10,61],[5,30],[11,52],[14,85],[6,28],[3,32],[7,34],[11,70],[0,9],[7,55],[5,56],[6,37],[4,39],[4,18],[2,45],[14,81],[1,15],[6,45]],[[288487,577604],[36,79],[7,-6],[3,15],[-1,19],[4,11],[14,25],[10,2],[12,-14],[13,-10],[8,-22],[5,-2],[14,21],[2,21],[4,9],[-7,21],[23,55],[14,-11],[4,-10],[19,2],[3,6],[11,4],[17,19],[-3,-16],[9,-4],[-4,6],[10,21],[1,18],[1,4],[2,4],[-4,28],[-3,40],[-14,-3],[-3,-11],[-2,9],[2,52],[-11,-11],[-2,30],[4,-14],[14,22],[4,1],[5,-25],[4,9],[5,20],[6,-2],[3,21],[7,23],[10,2],[9,25],[12,21],[1,44],[5,25],[-4,40],[-3,16],[-2,22],[4,45],[0,19],[-4,22],[-8,14],[-2,16],[-3,71],[-1,13],[3,18],[4,9],[4,15],[7,17],[4,30],[3,11],[-5,41],[-3,40],[4,35],[4,21],[3,31],[4,15],[1,12],[-2,15],[-5,7],[2,49],[0,36],[-17,70],[-8,31],[2,34],[-5,23],[0,23],[-5,25],[2,18],[-9,65],[-4,11],[1,32],[-6,17],[-6,24],[1,15],[-8,22],[-5,9],[-6,33],[1,16],[-4,9],[6,34],[-1,27],[4,28]],[[288708,579423],[209,74],[4,1],[43,16],[9,-36],[5,-26],[7,-28],[1,-41],[7,-21],[9,0],[4,28],[5,6],[12,-7],[5,-16],[-4,18],[-11,12],[-9,5],[-10,30],[-1,28],[-6,15],[-5,23],[5,23],[0,13],[-4,2],[-2,21],[5,21],[13,2],[6,-22],[6,-2],[5,-16],[10,-11],[9,-35],[11,-8],[12,4],[12,14],[3,18],[4,15],[11,1],[6,11],[3,46],[4,6],[0,28],[4,17],[-1,23],[2,13],[8,13],[4,16],[4,2],[13,-4],[6,8],[6,23],[3,32],[10,25],[6,12],[5,-9],[9,1],[0,-16],[8,-17],[11,-45],[7,4],[9,14],[8,-4],[1,-11],[10,-17],[14,58],[1,17],[5,23],[9,14],[5,17],[8,1],[18,-25],[16,15],[9,-3],[13,-12],[10,16],[10,25],[17,-32],[9,-3],[12,25],[9,17],[11,-3],[8,-8],[14,-2],[5,13],[18,16]],[[289455,579884],[8,-18],[2,-18],[6,-23],[2,-29],[-2,-20],[0,-16],[6,-31],[2,-20],[4,-11],[10,-1],[10,-12],[9,-22],[-1,-26],[-5,-28],[4,-25],[-3,-45],[9,-23],[9,-16],[2,-41],[-1,-26],[-6,-35],[10,-43],[5,-13],[5,-33],[-3,-18],[-4,-55],[-4,-13],[0,-19],[5,-38],[-3,-16],[-3,-38],[18,-7],[0,-38],[-3,-15],[8,-28],[5,-5],[16,-4],[10,-8],[7,-43],[3,-50],[-5,-62],[8,-14],[1,-55],[1,-13],[8,-20],[14,-20],[7,-2],[6,-32],[7,-7],[10,-6],[11,5],[12,2],[3,12],[14,4],[5,9],[18,9],[6,-4],[10,1],[9,10],[9,-9],[2,34],[7,38],[0,18]],[[289755,578812],[4,-2],[10,4],[17,10],[17,-17],[8,1],[1,-4],[3,-21],[0,-20],[5,-53],[1,-17],[7,-19],[1,-15],[7,-32],[-5,-20],[0,-52],[2,-31],[4,-12],[0,-56],[-10,-27],[1,-36],[-1,-26],[6,-11],[-1,-17],[-4,-12],[2,-23],[0,-23],[-9,-3],[-4,-11],[-5,-44],[2,-54],[-1,-40],[-4,-40],[3,-15],[0,-17],[2,-34],[3,-25],[0,-7],[0,-8],[1,-5],[-4,-29],[2,-57],[-2,-33]],[[289814,577859],[-19,-108],[-36,-49],[-29,-20],[-5,-7],[-15,-68],[-10,-45],[-7,-22],[-5,-40],[-8,-23],[-8,20],[-8,3],[-1,24],[-17,15],[-6,-11],[-5,-34],[0,12],[-1,-12],[5,4],[-7,-31],[-9,15],[10,-39],[4,-44],[0,-28],[-3,0],[-4,-4],[-3,-14],[-4,-8],[-3,-12],[-2,-31],[-2,4],[3,22],[3,20],[3,3],[-1,8],[0,15],[2,5],[-2,17],[-7,-2],[-4,5],[-8,-15],[-3,1],[-72,-185],[7,-13],[4,-24],[9,-15],[9,-59],[5,-65],[3,-6],[13,1],[5,-10],[8,-33],[5,-28],[5,-16],[16,-31],[8,-45],[7,-27],[0,-31],[-13,-25],[-1,-58],[-9,-24],[4,-2],[-3,-17],[-43,2],[-7,10],[1,18],[-8,-6]],[[289555,576696],[-19,-5],[-3,-56],[-10,5],[-2,9],[-42,3]],[[289479,576652],[-2,13],[-2,41],[-8,22],[-4,-9],[-8,-1],[-6,16],[-5,3],[-2,10],[-8,13],[-4,25],[-9,26],[-5,1],[-1,22],[-5,1],[-1,18],[-10,14],[-6,-1],[-9,-36],[-5,-6],[-2,-20],[-14,0],[-4,-15],[-6,15],[1,-52],[-9,-8],[-9,-14],[-1,-10],[-6,-1],[-7,13],[-6,-33],[-6,-7],[-6,53],[-1,57],[0,10],[4,33],[-1,19],[-5,28],[2,33],[1,45],[-2,17],[4,-5],[6,30],[0,-16],[4,0],[3,77],[0,20],[-4,-6],[0,-15],[-5,30],[-8,-16],[-6,6],[-4,-13],[-7,4],[0,10],[-8,-1],[0,54],[-14,0],[-3,-19],[-1,24],[-8,18],[-5,-7],[-2,25],[3,11],[1,32],[-7,0],[4,9],[-11,1],[-10,-22],[-8,-7],[-5,-28],[-3,-50],[-4,-30],[-1,-46],[-21,1],[-1,16],[-9,-1],[-9,6],[0,-14],[-13,31],[-13,-3],[-11,25],[-8,-34],[0,-40],[-6,-25],[-2,-22],[-8,-28],[-15,-76],[0,-11],[-11,-54],[0,-13],[-3,-15],[-1,-4],[-5,0],[-7,6],[-2,5],[4,-13],[0,-9],[-1,-11],[-1,-17],[1,-5],[-14,-21],[-5,5],[-12,-8],[-10,6],[-11,19],[-10,24],[-1,15],[-13,32],[-5,-5],[-11,-35],[-11,-18],[-10,3],[-12,-14],[-12,-26],[-18,-58],[-7,-6],[-4,-17],[-1,-15],[-7,-23],[-2,-28],[-11,-17],[-8,-21],[-2,-25],[-5,-21],[-8,-10],[-11,-54]],[[288840,576434],[-3,13],[-5,2],[-8,21],[-11,7],[-4,6],[-7,-3],[-7,4],[-15,-11],[-4,10],[-5,25],[-3,40],[-4,13],[-2,20],[-5,23],[-6,17],[1,34],[7,30],[0,17],[5,14],[-4,37],[-10,34],[-4,24],[4,25],[-1,16],[-12,5],[-13,1],[-8,40],[-3,24],[-5,0],[-4,11],[-8,-24],[-25,-37],[-14,-50],[-4,-7],[-7,27],[-6,13],[-3,17],[-4,2],[0,16],[-15,10],[-4,10],[-6,46],[-1,42],[-7,-5],[-8,36],[0,31],[-4,15],[-5,8],[-12,43],[3,42],[6,34],[-3,22],[-6,19],[-6,67],[-5,21],[9,9],[4,27],[7,6],[-6,37],[2,17],[8,22],[2,14],[-1,33],[3,24],[-13,2],[-7,27],[-2,5],[-3,-16],[7,-34],[0,-17],[-7,-12],[-8,13],[-8,-6],[-4,-15],[-1,-28],[-2,-3],[-7,20],[-2,17],[1,19],[-10,56],[-10,14],[0,8],[7,3],[6,-6],[5,5],[3,21],[-6,17],[-3,28],[-5,8],[-4,-5],[-5,-23],[-9,-8],[-6,-16],[-8,10]],[[285882,584764],[-7,22],[-12,16],[0,42],[-14,-28],[-6,-27],[-3,-28],[-14,-40],[-15,-1],[-7,-1],[-24,1],[0,9]],[[291632,571981],[80,-104],[21,-44],[4,-21],[8,39],[-12,19],[-7,-4],[-4,19],[5,17],[5,40],[6,11],[12,9],[10,-6],[12,1],[1,-38],[-6,-64],[-9,-64],[14,-28],[2,-3],[-14,-19],[-3,-8],[-6,-39],[-6,11],[-14,-75],[0,-54],[-9,-41],[-1,-17],[-10,-103],[34,-40],[0,-23],[4,-41],[-2,-14],[-2,-47],[-1,-2]],[[291744,571248],[-2,-26],[7,-77],[-1,-37],[2,-38],[6,-27],[2,-34],[-2,-38],[12,-69],[26,9],[5,0],[12,-10],[10,5],[1,-31],[1,-32],[8,-5],[9,-55],[-10,-14],[8,-8],[-3,-29],[-3,-4],[1,-14],[-7,-29],[-1,-31],[3,-111],[-7,21],[-12,-15],[7,-7],[-7,-35],[12,10],[7,-1],[-6,-27],[4,-18],[-10,1],[0,-33],[-3,-42],[-6,-23],[-5,-38],[3,-38],[-3,-71],[-11,20],[-7,-3],[-2,3],[-7,16],[-11,-15],[-1,5],[-6,0],[2,-17],[-7,3],[-9,-11],[-5,-14],[-4,-15],[-1,-6],[8,-9],[4,-6],[-1,-8],[-4,3],[-2,-37],[6,-3],[14,6],[2,0],[10,-12],[8,4],[6,4],[6,34],[5,13],[5,-10],[0,17],[14,-20],[7,-1],[2,4],[10,-18],[1,-15],[-6,-18],[-13,-1],[-8,-23],[0,-19],[-17,-31],[0,-7],[13,7],[9,-52],[5,-45],[-1,-39],[8,4],[7,9],[17,40],[6,21],[6,15],[33,38],[1,-16],[-8,-7],[2,-14],[-4,-9],[-8,6],[-1,-15],[-3,-1],[1,-26],[17,-15],[8,-18],[6,-5],[6,-32],[4,-7],[4,6],[4,-26],[22,3],[6,-7],[-2,-16],[19,-30],[0,-52],[3,-24],[10,-41],[10,33],[6,-3],[5,13],[4,-11],[-13,-67],[4,-20],[3,-36],[0,-112],[-12,-22],[-1,-8],[-2,-17],[-6,-1],[-16,-51],[-5,-20],[4,-24],[0,-32],[3,-9],[0,-27],[-5,-29],[-8,-24],[7,-14],[9,12],[6,-7],[2,18],[8,24],[13,-10],[9,11],[7,35],[16,-26],[-11,-71],[-6,-22],[-6,-46],[-11,-45],[-7,-13],[-6,-27],[-12,-51],[-4,-29],[17,-38],[-4,-45],[9,-38],[7,-69],[4,-11],[-4,-45],[2,-53],[-1,-68],[2,-17],[4,-12],[14,-16]],[[292015,568552],[-9,-28],[-10,-26],[1,-21],[-2,-31],[-56,-136],[-10,-9],[-9,-16],[-10,15],[1,13],[-15,15],[-7,-9],[-8,-64],[-2,-24],[-6,-30],[-5,1],[-6,-24],[-6,13],[-10,-4],[-3,-23],[-3,11],[-4,-9],[-3,30],[-6,7],[-5,23],[11,-16],[6,38],[10,26],[4,54],[-5,44],[-9,9],[-1,30],[6,16],[-4,-9],[-2,-5],[-4,16],[-3,-5],[-11,22],[-13,55],[-4,24],[5,21]],[[291808,568546],[12,18],[3,17],[5,15],[2,15],[6,5],[2,10],[-5,24],[-10,-11],[-1,-18],[-5,-1],[-1,29],[-6,23],[-1,18],[-6,-12],[-2,12],[5,26],[4,10],[-1,15],[1,13],[3,27],[4,15],[-1,16],[2,13],[-1,43],[1,29],[12,34],[10,53],[-2,20],[-10,21],[-2,28],[-4,5],[-3,21],[-8,14],[-3,14],[0,13],[-9,-4],[-3,9],[1,9],[-6,22],[-2,28],[3,33],[-6,55],[-4,16],[-1,17],[5,28],[-6,28],[-7,-2],[-2,11],[9,40],[-5,19],[-1,31],[-4,13],[-12,11],[-8,19],[4,23],[-6,31],[-5,13],[-2,1],[-2,8],[-2,3],[-9,10],[-2,6],[-4,3],[-2,4],[1,4],[2,4],[0,12],[-2,40],[2,5],[-10,3],[-13,35],[2,51],[-2,36],[5,21],[-12,39],[-7,22],[4,16],[5,-4],[4,11],[2,4],[-3,26],[0,50],[-2,16],[-8,20],[-4,2],[-8,22],[-2,17],[-5,2],[6,21],[4,6],[0,11],[-6,22],[2,17],[-2,21],[-2,15],[-2,10],[-2,2],[-3,2],[-9,12],[2,13],[-20,29],[-5,-3],[4,15],[-7,11],[-9,-17],[-7,7],[-7,-4],[0,-11],[-4,-2],[-5,-3],[-5,-4],[0,9],[-5,1]],[[291587,570239],[-2,17],[5,3],[-1,28],[-1,9],[0,9],[-5,-3],[-1,17],[-3,28],[4,4],[-2,17],[-5,-2],[-1,28],[-5,9],[7,6],[-5,43],[-4,-5],[-4,10],[6,8],[-1,11],[-9,-11],[0,19],[7,8],[-6,32],[-1,7],[-4,-3],[-6,25],[3,2],[-3,13],[-8,-7],[0,24],[-5,10],[-14,2],[-2,-14],[6,-1],[2,-22],[-8,2],[-9,16],[-5,42],[0,27],[6,19],[23,17],[-1,10],[-2,20],[-4,18],[-6,21],[-5,-10],[-2,13],[-11,-14],[-10,21],[0,-9],[-13,23],[-4,30],[5,-3],[3,27],[-4,-6],[-3,16],[2,9],[-12,28],[-2,-7],[-5,-21],[-15,10],[0,28],[-2,3],[-1,11],[-11,9],[-16,60],[-1,4],[-10,40],[-2,14],[-2,16],[-9,72],[-6,14]],[[291387,571130],[3,2],[2,1],[16,15],[22,39],[4,2],[6,-25],[13,-39],[8,4],[2,-2],[0,20],[7,58],[12,60],[3,26],[5,74],[-18,18],[-17,6],[-2,3],[15,106],[9,-4],[3,7],[-14,62],[8,27],[17,43],[9,16],[14,55],[7,15],[10,22],[4,8],[10,7],[2,-1],[27,-46],[6,37],[7,-16],[8,-9],[12,-22],[1,17],[-13,56],[-4,29],[14,9],[9,-5],[0,22],[8,38],[0,33],[1,12],[8,27],[-7,24],[-10,0],[-1,16],[1,28],[18,-24]],[[291528,570602],[8,-1],[1,10],[1,13],[-3,1],[-11,-19],[4,-4]],[[286643,584524],[3,-17],[0,-58],[-7,-37],[-2,-27],[0,-56],[-3,-22],[0,-94],[2,-10],[2,-76],[-1,-41],[5,-37],[9,-65],[-5,-54],[3,-49],[-3,-25],[-2,-8],[-16,-13],[-19,-3],[-14,-20],[-2,-10],[0,-30]],[[286472,583524],[-17,0],[-15,-12],[2,26],[8,8],[11,24],[6,26],[-2,12],[-6,50],[-9,39],[-23,31],[-5,-6],[-9,-11],[-13,44],[-18,-14],[3,40],[1,19],[0,9],[-3,15],[-1,10],[-8,-2],[-7,-9],[-24,-12],[-8,-11],[-26,25],[-2,18],[3,25],[-18,0],[0,22],[-7,-1],[-5,27],[-5,0],[-15,27],[-12,12],[-4,-1],[-26,29],[0,52],[-2,0],[-3,44],[27,27],[2,-1],[-14,35],[-4,-11],[-5,12],[-13,62],[-6,7],[-5,18],[-3,-6],[-8,7],[0,-15],[-7,-5],[-5,-26],[-7,-7],[-8,-22],[-10,-7],[-4,2],[-7,24],[12,50],[14,70],[-15,-26],[-5,-15],[-4,-26],[-7,-13],[-6,-28],[-4,42],[0,75],[-6,-10],[-14,-38],[14,74],[6,23],[0,43],[-2,-3],[-100,-95],[-7,-22],[-8,-19],[-15,-14],[-6,10],[-3,5],[-7,-7],[-18,-17],[-58,-55],[1,28],[5,20],[-11,58],[-3,12],[0,-24],[-16,0],[1,109],[40,144],[-10,2],[-4,11],[-19,-2],[-4,12],[-4,29],[-25,65],[0,51],[5,-10],[7,1],[7,18],[8,53],[7,10]],[[291744,571248],[6,-3],[1,10],[3,-16],[20,-18],[9,61],[6,-3],[4,-2],[13,-19],[21,18],[9,39],[0,18],[4,10],[10,-38],[2,42],[15,-21],[2,-10],[14,-8],[3,-22],[13,-3],[2,-30],[11,22],[-3,-23],[4,0],[7,16],[22,-47],[0,-18],[-1,-20],[4,-15],[15,-25],[6,-2],[14,82],[2,11],[17,-39],[7,-22],[7,-35],[6,-11],[5,-2],[3,38],[4,20],[9,17],[4,-2],[0,-19],[4,-1],[-2,-27],[12,9],[-1,23],[7,5],[6,-80],[24,33],[2,38],[5,18],[8,9],[5,21],[8,6],[2,26],[5,8],[1,39],[-10,46],[57,0],[2,32],[3,12],[-2,9],[14,15],[11,22],[13,44],[3,43],[-2,16],[-10,19],[6,-1]],[[292215,571563],[5,-16],[12,-14],[1,-16],[6,-20],[9,-3],[1,-13],[-2,-10],[-11,-9],[-5,-9],[1,-12],[5,-13],[5,-4],[5,7],[10,-16],[4,-18],[19,-54],[0,-20],[-5,-27],[1,-24],[6,-5],[2,-9],[-2,-23],[3,-15],[5,-1],[6,-11],[-2,-36],[3,-42],[4,-22],[5,25],[6,5],[7,37],[6,-4],[14,17],[10,-4],[6,-8],[15,26],[3,2],[3,-19],[3,18],[1,95],[0,35],[12,31],[-1,16],[7,-2],[0,29],[17,2],[1,51],[11,-55],[7,-3],[6,5],[13,20],[11,24],[6,-14],[7,-11],[-4,-13],[11,-20],[-10,-26],[-8,-32],[-5,-35],[0,-31],[2,-45],[-3,-36],[3,-22],[44,-21],[-3,43],[1,39],[6,10],[12,-26],[15,29],[17,-94],[5,22],[6,-18],[5,12],[1,-23],[12,16],[6,-28],[1,-14],[-8,-24],[0,-9],[27,-41]],[[292154,568486],[-30,9],[-4,-2],[-7,35],[-4,24],[-4,-1],[-16,-17],[-11,-23],[-2,19],[-9,60],[-4,19],[-33,-80],[-6,12],[-9,11]],[[290869,573593],[7,-19],[4,9],[16,5],[4,-6],[4,-15],[7,-1],[4,-18],[8,-23],[9,12],[4,0],[-1,26],[-5,23],[0,16],[9,21],[7,-2],[15,22],[7,29],[6,3],[5,13],[2,-12],[10,28],[-1,23],[-5,-2],[-5,22],[3,22],[3,7],[6,10],[11,6],[8,-5],[11,16],[2,-16],[12,-6],[-6,-19],[27,-85],[1,4],[3,1],[8,-9],[7,1],[0,-11],[14,-3],[1,5],[7,-14],[6,-7],[2,2],[-2,27],[3,8],[-3,33],[7,-17],[14,-3],[9,-60],[-1,-7],[7,-10],[6,11],[-2,11],[8,-10],[-1,30],[6,-10],[3,14],[13,5],[9,-11],[-1,19],[-3,41],[8,41],[10,-10],[4,16],[11,-9],[2,-28],[6,-2],[0,-39],[7,-12]],[[291445,572308],[-1,7],[5,26],[-11,-3],[-1,18],[-10,-1],[-3,17],[-7,1],[-2,-1],[12,-74],[-26,37],[-8,1],[4,-135],[1,-12],[-12,-25],[-10,-37],[-7,-3],[-1,-9],[-3,41],[-17,-4],[-16,-24],[-7,-33],[-7,-6],[-9,2],[-22,13],[-13,14],[-9,-1],[-36,203],[-13,70],[-15,-64],[-9,-34]],[[291192,572292],[-4,10],[7,19],[-14,64],[-12,-31],[-2,33],[-3,-2],[0,10],[-9,77],[-5,10],[-17,50],[5,22],[-3,4],[-2,-2],[-6,17],[-1,-12],[1,-4],[-4,-6],[-3,7],[-1,-4],[-2,3],[-2,-6],[-2,-4],[1,-27],[-12,3],[-4,-12],[-7,-35],[-5,-14],[-2,-6],[-5,-4],[-22,-25],[-2,16],[9,2],[4,13],[-22,41],[7,23],[2,9],[3,19],[2,7],[18,18],[-18,24],[-6,2],[-3,-6],[-2,-3],[-2,-1],[1,6],[-3,10],[-4,26],[-13,34],[-4,3],[-8,-41],[-11,-38],[-7,-14],[-5,-27],[-2,-43],[-17,-34]],[[290974,572473],[-2,8],[-20,18],[-10,0],[-10,29],[-6,14],[0,25],[8,19],[8,7],[2,24],[-2,29],[1,9],[8,21],[2,33],[-8,11],[10,46],[0,51],[-7,47],[-7,25],[-10,9],[-4,-4],[-6,-9],[-7,2],[-16,66],[-16,9],[-5,-2],[-18,-20],[-15,1],[-14,6],[-7,34],[-6,21],[0,15],[6,23],[8,12],[3,16],[2,19],[-2,33],[2,38],[6,20],[4,27],[6,26],[-3,26],[-6,5],[-4,-5],[0,29],[2,12],[4,2],[13,24],[-4,30],[4,18],[-1,29],[13,47],[7,16],[2,11],[-5,34],[3,28],[6,19],[11,-7],[7,23],[-1,6],[-4,8],[-16,-5],[-2,-7],[-4,-1],[-2,4],[-3,16]],[[287848,584775],[-5,-21],[-7,-12],[-32,-86],[8,-30],[11,-20],[-3,-14],[-8,-16],[-4,-16],[-2,-9],[2,-6],[-5,-22],[8,-29],[-8,-23],[3,-16],[5,-4],[4,-15],[-4,-22],[-5,3],[1,-33],[7,-37],[-2,-15],[-8,-23],[1,-53],[5,-13],[16,30],[15,23],[10,0],[9,22],[7,-13],[-9,-13],[-7,-22],[-6,3],[-21,-34],[-10,-22],[-6,-18],[-14,-48],[-7,-16],[-12,-46],[-5,-40],[-8,-38],[-9,-36],[-6,-16],[-5,-32],[-16,-39],[-5,-15],[-5,-3],[-5,-13]],[[287711,583857],[-6,-15],[-3,-17],[-11,-43],[-10,-31],[-11,-28],[-11,-33],[-15,-36],[-6,-33],[-9,-28],[-6,-31],[-5,-14],[-5,-32],[-13,-56],[-3,-47],[-5,-27],[-8,-3],[-10,9],[-2,-10],[-4,-20],[-8,-27],[-25,-6],[-7,-36],[0,-24],[-5,-12],[-5,-37],[-6,-15],[-10,-20],[-7,-10],[-9,-18],[-13,-61],[-19,-72],[-3,-30],[-6,-23],[-10,-42],[-9,-21],[-4,-18],[-6,-58],[-6,-28],[-1,6],[-7,-21],[-6,-44],[-12,-11],[-4,5],[-3,-3],[-12,22],[0,28],[-1,28],[4,12],[-6,8],[-8,46],[-7,34],[-3,16],[-1,29],[1,6],[2,20],[2,108],[-1,12],[0,10],[-12,-15],[-5,-3],[-6,-15],[-4,-19],[-5,1],[-9,-6],[-5,-9],[-4,-3],[32,-198],[-1,-19],[-8,11],[-11,-4],[-21,-40],[-4,-22],[-39,3],[-12,-20],[-8,-31],[-1,-30],[-24,-12],[-25,9]],[[287175,582693],[-10,1],[-5,6],[-4,17],[-16,20],[-1,29],[21,67],[0,69],[-19,-38],[0,26],[-4,19],[-15,-19],[-7,-30],[0,15],[0,14],[4,1],[5,22],[0,50],[-4,6],[0,13],[4,8],[0,36],[5,10],[-6,49],[4,28],[-8,21],[5,25],[2,14],[0,-31],[9,-31],[-7,42],[17,-4],[-18,40],[8,56],[5,78],[5,-21],[6,8],[6,1],[-1,20],[6,-13],[2,11],[-2,11],[3,9],[3,-13],[4,2],[-1,35],[13,1],[19,189],[5,7],[10,28],[17,18],[-6,23],[1,26],[12,23],[6,20],[4,2],[3,17],[11,19],[-1,30],[6,28],[4,9],[4,23],[8,1],[-7,38],[13,5],[3,-11],[13,45],[-15,18],[2,12],[-16,19],[6,53],[-5,46],[11,34],[8,21],[-6,28],[-9,-22],[-6,-4],[0,7],[-2,0],[-2,10],[1,4],[-6,10],[-2,9],[12,33],[15,36],[21,68],[6,17],[11,21],[2,3],[4,-21],[10,16],[7,-11],[6,24],[-3,21],[1,6],[7,13],[4,-13],[10,23],[3,11],[12,38],[-2,8],[9,21],[9,42],[3,-5],[10,51],[6,16],[-2,12],[-2,6],[7,26],[5,-12],[11,48],[2,29],[-1,4],[3,8],[8,35],[3,9],[1,-4],[1,4],[3,7],[-2,4],[5,13],[8,22],[6,-5],[3,1],[5,5],[8,24]],[[287528,581433],[10,5],[7,-9],[8,-33],[11,7],[20,45],[2,26],[16,49],[23,22],[15,6],[12,-5],[5,-1],[4,1]],[[287661,581546],[15,-22],[7,17],[6,-8],[4,-20],[6,-3],[8,-16],[10,14],[3,9],[2,-45],[5,-29],[4,-1],[4,-25],[17,13],[4,11],[15,-5],[7,9],[-1,-12],[14,-16],[20,-47],[9,-42],[1,-46],[3,-18],[-1,-12],[4,1],[23,23],[17,19],[10,2],[13,12],[5,-6],[8,-34],[5,-10],[9,2]],[[287917,581261],[1,-6],[-8,-3],[-7,6],[-6,14],[-6,27],[-7,-6],[-23,-10],[-15,-22],[-6,-1],[-10,-13],[5,-53],[-2,-23],[-7,-132],[21,6],[14,-5],[7,-16],[13,-3],[4,8],[9,-18],[5,-3],[2,-14],[8,-34],[15,-8],[6,2],[7,10],[9,-3],[12,4],[4,-7],[5,-21],[13,13],[14,20],[12,1],[10,-7],[2,-17],[8,1],[18,18],[12,-3],[22,-30],[4,-8],[12,-1],[-3,-28],[11,4],[15,-23],[-7,-9],[-2,-16],[10,3],[1,-20],[17,-22],[2,1],[7,10],[-1,27],[-15,16],[-8,14],[12,21],[3,22],[9,31],[2,0],[7,17],[4,24],[7,11],[12,51],[4,-18],[8,-24],[3,-40],[12,21],[4,0],[5,-16],[13,-15],[15,23],[3,-31],[-4,-17],[-6,-3],[-1,-39],[17,-12],[3,-50],[9,1],[-3,38],[6,22],[-4,21],[-13,6],[-1,16],[4,12],[8,-5],[3,13],[18,38],[3,20],[11,31],[-1,20],[4,-7],[4,16],[1,25],[8,22],[8,1],[4,-17],[6,8],[-8,24],[3,3],[8,-12],[6,7],[4,-35],[4,21],[6,4],[-1,9],[5,-8],[2,-22],[11,-15],[-4,-18],[3,2],[3,-24],[4,-12],[-1,-28],[5,3],[0,25],[7,-5],[-7,17],[-4,22],[2,15],[-4,22],[21,-8],[4,-13],[6,3],[10,-23],[5,-2],[15,6],[9,-41],[15,-23],[8,2],[2,8],[4,-20]],[[288471,581002],[-5,-13],[-10,-9],[-5,-23],[-4,-5],[-11,3],[-2,-23],[-6,-19],[-14,-23],[-7,1],[-4,-8],[5,-17],[1,-17],[6,-3],[-1,-30],[6,-15],[-4,-4],[4,-23],[-8,-15],[-4,-38],[2,-31],[-5,-24],[2,-32],[3,-11],[-4,-41],[4,-13],[1,-20],[-3,-31],[-8,-35],[6,-17],[6,-42],[8,6],[-2,-12],[4,-10],[-1,-20],[8,-22],[10,25],[7,34],[8,19],[2,-20],[3,-9],[5,-58],[0,-24],[24,-379]],[[288488,579954],[-12,-3],[-11,-19],[-5,6],[-9,-30],[-17,-27],[-2,-21],[-7,-8],[-11,-7],[-9,8],[-3,-5],[-7,-32],[-10,-13],[-5,-19],[-2,-22],[-4,-9],[-1,-18],[-6,-9],[1,-33],[-6,-31],[2,-23],[-3,-13],[0,-19],[-6,-3],[0,-35],[-3,-19],[1,-18],[-2,-14],[1,-24],[9,-18],[7,-20],[1,-27],[13,-24],[5,-23],[1,-20],[6,-19],[-2,-22],[1,-23],[1,-4],[2,-5],[2,-3],[1,-3]],[[288399,579283],[-12,-36],[-2,-36],[-2,-12],[-5,-13],[-5,-24],[-6,-48],[-6,-23],[-2,-25],[-4,-12],[-1,-27],[-9,-27],[-3,-19],[-5,-13],[-3,-19],[-5,-27]],[[288329,578922],[-5,10],[3,12],[0,14],[-4,3],[-1,15],[-9,26],[-2,22],[-14,5],[-6,-20],[-12,-32],[-6,-5],[-6,3],[-9,-27],[-4,-20],[-5,-6],[-8,-17],[-3,-12],[-7,-12],[-10,2],[-12,-7],[-13,7],[-5,-12],[-10,-9],[-14,-2],[-6,-8],[-6,23],[-4,29],[-10,15],[-12,-1],[-5,-13],[-15,-16],[-6,27],[-12,24],[-6,24],[-5,8],[-15,0],[-8,35],[-9,13],[-7,4],[-4,-14],[-11,-17],[-6,3],[-8,-20],[-15,-8],[-5,9],[-7,17],[-7,-16],[-12,-14],[-7,-21],[-11,10],[-6,20],[2,8],[-14,29],[-7,-8],[-11,2],[-13,-14],[-12,10],[-11,-23],[-7,-44],[-12,-12],[-17,2],[-6,-15],[-7,1],[-3,-11],[-6,-5],[-5,-31],[-13,10],[-3,-5],[-11,-32],[-6,-30],[-18,-19],[-8,-24],[-5,4],[-10,-8],[-2,-13]],[[287737,578745],[-6,21],[-11,29],[-7,9],[-7,-37],[-8,-5],[-1,-12],[-8,-3],[-6,-13],[-14,-18],[-12,-21],[-8,0],[-12,-12],[-11,-29],[-7,-10],[-9,-20],[-5,0],[-5,-9],[-18,4],[2,-23],[-10,-9],[-13,14],[-13,-15],[-3,8],[-6,-5],[2,-18],[-7,-18],[-18,18],[-7,-7]],[[290283,580318],[-15,13],[-8,22],[-13,-1],[-7,-4],[-6,6],[-6,23],[-11,18],[-15,1],[-1,-29],[-7,-31],[-1,-17],[-6,-15],[-3,-15],[-6,-6],[-18,4],[-4,3],[-2,-53],[-6,8],[-9,0],[-18,-29],[-7,2],[-5,-12],[-7,-36],[-1,-21],[-12,16],[-8,-7],[-7,35],[-5,-16],[-2,-29],[-6,-11],[-3,-14],[-15,7],[-9,-117],[-22,-49],[-3,-153],[-15,-8],[-20,-106],[-16,10],[-2,5],[-4,17],[21,22],[0,40],[-5,31],[-2,20],[3,21],[-1,18],[-11,15],[-13,-11],[-17,-67],[-4,-27],[-8,-5],[-2,-12],[-4,-23],[-7,-15],[-13,-39],[-13,-18],[-5,-26],[-5,-40],[-4,1],[-2,2],[-2,1],[-2,6],[-6,-18],[-3,-28],[-5,-20],[1,-20],[-18,2],[-1,-19],[-8,-33],[8,-80],[1,-19],[-1,-32],[-4,-57],[-6,-42],[-6,-39],[-5,-64],[-5,-27],[-6,-17],[-14,-30],[-11,-36],[-7,-16],[-9,-12],[4,-204]],[[290519,577848],[-2,-9],[-17,-19],[-2,-25],[-4,9],[2,26],[-7,14],[-5,29],[2,27],[3,1],[-2,18],[2,34],[-6,20],[-11,14]],[[290472,577987],[10,14],[4,-4],[2,5],[0,25],[7,7],[4,20],[0,24],[-2,23],[-13,26],[-1,9],[10,22],[8,-16],[12,9],[2,20],[-4,30],[1,13],[6,23],[5,-2],[-2,12],[7,34],[0,21],[8,32],[-3,19],[-6,-15],[-5,6],[-2,-14],[-9,13],[-10,-18],[-7,3],[-10,-26],[-3,23],[1,17],[-5,2],[-4,-28],[-15,-8],[-7,9],[-5,-11],[-3,14],[-12,-30],[-2,17],[-5,7],[-6,-11],[-5,6],[0,-15],[-5,-18],[0,-19],[-4,-4],[-2,12],[0,35],[-3,59],[9,14],[6,18],[3,14],[-1,31],[4,27],[-5,-9],[-2,-32],[-4,-17],[-9,-12],[-16,-45],[-3,1],[-5,17],[-19,-8],[-9,-2],[2,19],[0,19],[13,39],[2,14],[0,17],[-12,91],[-1,7],[0,7],[1,5],[-44,59],[-38,43],[-9,-34],[-6,9],[-7,20],[1,14],[5,6],[-5,19],[-7,-7],[-8,-30],[-10,-9],[-4,-15],[-3,-26],[-5,-8],[-16,-8],[-31,39],[-6,-6],[-25,-11],[-18,-2],[-2,-33],[-4,-4],[-11,-3],[-12,16],[-11,0],[-5,19],[0,1]],[[290072,578623],[1,4],[1,30],[10,25],[-1,23],[-2,23],[4,5],[8,43],[-7,17],[-6,0],[-12,50],[-13,2],[-6,9],[-13,-15],[-13,10],[-12,1],[-11,25],[16,55],[1,42],[0,66],[-2,12],[2,20],[4,33],[11,12],[5,29],[12,7],[5,-3],[-4,-31],[11,18],[11,9],[11,-4],[11,37],[9,14],[11,12],[-1,36],[3,27],[1,35],[-7,28],[-6,9],[-7,0],[-8,-8],[-6,-28],[-2,-1],[-14,52],[-4,31],[18,-65],[3,-5],[5,22],[9,6],[2,8],[2,6],[2,16],[3,-5],[1,-4],[-1,-17],[-2,-6],[12,-27],[3,-24],[24,-10],[8,-17],[26,-17],[8,13],[11,-3],[8,-25],[6,-5],[0,-10],[18,14],[16,18],[4,2],[17,-7],[23,-4],[27,4],[22,30],[26,31],[29,24],[10,39],[17,39],[11,18],[10,15],[8,-6],[7,1],[11,22],[13,20],[13,10],[6,2],[9,-6],[2,-8],[6,6],[3,6],[19,51],[15,28],[11,15],[31,41],[6,12],[4,12],[12,57]],[[290538,580311],[-8,6],[-6,18],[-2,20],[-6,19],[-10,20],[-9,5],[-10,26],[-9,1],[-8,6],[-17,23],[-7,-14],[-4,-1],[-12,19],[-9,33]],[[285329,582483],[9,16],[7,-56],[4,3],[8,-15],[10,6],[9,-1],[11,83],[16,5],[16,-6],[2,9],[10,-8],[9,-38],[11,-20],[15,-89],[9,-21],[-3,-59],[-2,-13],[-2,-2],[-8,4],[-6,7],[-1,21],[-4,6],[-7,-11],[-7,-28],[-25,-41],[-14,2],[-7,-7],[-6,3],[-5,-10],[-4,16],[-11,57],[-8,58],[-6,56],[-5,3],[-3,18],[-10,26],[-2,26]],[[285305,582977],[3,1],[17,65],[20,47],[12,23],[8,1],[11,-13],[8,40],[0,18],[6,8],[5,31],[4,11],[9,69],[7,46],[7,6],[6,-2],[4,31],[8,10],[1,14],[-3,19],[2,9],[6,-3],[8,49],[4,3],[5,23],[15,-25],[2,-36],[9,-18],[-3,-37],[0,-22],[17,0],[9,27],[16,0]],[[285528,583372],[6,-23],[2,1],[7,-24],[-2,-27],[2,-33],[30,-32],[10,-5],[3,15],[8,-15]],[[285594,583229],[10,-10],[5,-25],[7,-21],[5,-9],[25,-8],[-1,-32],[-17,-92],[-1,-20],[7,-25],[7,6],[21,6],[0,-137],[21,-1],[9,-34],[-2,-56],[-3,-38],[2,-32],[4,-31],[-4,-38],[9,-45],[43,164],[5,5],[7,17],[8,7],[11,-16],[-38,-156],[3,-25],[20,-27],[14,12],[11,-14],[-21,-112],[-7,8],[-9,-11],[0,-25],[8,-7],[12,-4],[6,8],[5,14],[8,-14],[9,-3],[8,-14],[2,25],[3,4],[7,33],[1,-4],[-8,-49],[-8,-48],[11,-1],[-27,-180],[-21,-65],[2,-5],[12,14],[5,-8],[16,-10],[10,18],[5,5],[-2,-22],[7,-19],[3,0],[5,-17],[8,-12],[5,-22],[4,-29],[9,-30],[1,-22],[4,-18],[14,-3],[0,-22],[0,-55]],[[285869,581852],[-3,-6],[64,-3],[4,-25],[2,-54],[8,-46]],[[285944,581718],[-29,1],[-8,-12],[-20,-6],[-9,-8],[-8,14],[-12,-30],[-1,18],[-6,10],[-14,40],[-7,11],[-4,-21],[-5,-4],[-6,-21],[-16,-32],[-9,-26],[-3,-6],[-1,44],[-6,15],[-2,3],[0,14],[-2,11],[-10,22],[-5,3],[-2,13],[1,70],[-2,5],[-40,0],[-1,-10],[-10,-12],[-13,-2],[-5,33],[15,101],[-3,-7],[-34,-92],[-40,-122],[-4,18],[-6,-11],[26,58],[7,18],[-4,18],[-1,8],[-4,-18],[-17,-44],[-2,-3],[0,55],[9,18],[-10,-8],[-7,16],[-13,-1],[-5,-7],[-17,10],[-4,-15],[-9,-5],[2,4],[-25,57],[2,35],[-5,5],[-5,32],[3,12],[-6,6],[2,9],[3,109],[-2,40],[-2,22],[-11,169],[-3,6],[-7,9],[-7,1],[-4,36],[1,17],[1,11],[-2,42],[2,29],[0,29],[-1,50],[-5,37],[-14,-2],[0,-42],[-8,-14],[-8,-2],[-5,-27],[-6,0],[0,85],[-3,0],[2,43],[-26,-1],[0,-41],[-39,-1],[-8,3],[1,-21],[-13,-19],[-6,4],[-9,13],[-3,26],[3,7],[-1,44],[-9,50],[-8,-3],[-7,11],[1,22],[-7,23],[0,35],[6,-2],[-1,14],[4,-2],[1,12],[-8,-10],[-4,-11],[-2,-33],[-1,-60],[7,-22],[1,-18],[0,-58],[7,-44],[2,-42],[-9,-3],[-2,-22]],[[285325,582501],[-16,24],[-2,4],[-2,-3],[-13,-1],[7,20],[2,36],[1,29],[-16,0],[-3,-2],[-15,-48],[-23,-47],[6,23],[-1,32],[11,9],[3,14],[2,52],[6,38],[1,51],[-4,8],[-1,21],[9,24],[9,-8],[8,5],[2,20],[11,14],[10,21],[4,14],[10,16],[4,20],[6,10],[-3,25],[1,14],[-17,35],[-5,-4],[-3,-23],[-6,-11],[-3,44]],[[291155,568146],[8,14],[20,41],[-6,10],[16,68],[16,32],[22,18],[20,-23],[56,97],[6,7],[8,-27],[-4,-9],[-7,-38],[-8,-7],[-4,-10],[-3,-35],[0,-27],[7,-54],[-4,-17],[3,-12],[2,10],[11,-39],[8,-45],[0,-13],[5,-30],[4,-47],[4,3],[6,25],[9,24],[9,0],[13,-6],[19,-1],[9,11],[5,13],[12,20],[-5,13],[-3,52],[4,-1],[17,41],[10,56],[3,13],[14,-5],[2,16],[6,36],[7,30],[2,12],[3,6],[4,-6],[17,6],[5,-12],[14,-8],[6,-28],[5,-9],[12,-3],[11,61],[2,24],[6,25],[10,75],[6,8],[15,7],[-6,25],[-15,17],[2,26],[7,-17],[10,-15],[5,-16],[6,-7],[11,-23],[25,-27],[11,-10],[8,1],[7,-7],[1,17],[9,35],[2,62],[4,26],[-16,7],[11,59],[-14,32],[-1,-13],[-18,35],[-6,7],[5,83],[-2,13],[33,-27],[0,20],[13,28],[3,46],[9,-1],[-2,-13],[-1,-22],[11,-8],[1,-45],[7,-6],[4,30]],[[291714,568820],[5,-27],[14,-59],[11,-26],[23,-24],[5,-4],[3,-22],[33,-112]],[[292143,568197],[-9,-24],[20,-58],[10,-33],[18,-77],[5,-24],[14,-88],[-6,-5],[-3,-45],[-6,-3],[0,36],[-9,-5],[1,-34],[-6,-14],[-15,29],[3,45],[6,20],[3,30],[-11,79],[-8,-18],[1,-17],[1,-69],[-6,-30],[-1,-18],[0,-11],[-9,-37],[-1,-12],[4,-40],[20,8],[8,7],[20,33],[20,30],[14,-88],[8,-31],[10,-20]],[[291538,565717],[-2,36],[-21,117],[-11,30],[-24,24],[-12,45],[-6,8],[-10,-2],[-13,6],[-14,20],[-35,84],[-6,27],[-12,113],[-6,66],[-7,46],[-16,64],[-3,29],[-2,42],[2,109],[-3,44],[-28,177],[-1,24],[-2,24],[7,57],[-1,16],[-11,51],[-1,18],[7,35],[-4,128],[-3,24],[-1,50],[5,20],[0,40],[-7,31],[-1,12],[0,38],[-6,27],[-3,40],[6,27],[-12,55],[-10,50],[-23,58],[-3,18],[-12,2],[-17,49],[-7,28]],[[291579,566857],[9,-35],[6,16],[3,-11],[-10,-21],[2,-8],[16,12],[1,-44],[4,12],[1,-31],[5,-10],[7,20],[4,23],[1,30],[-3,32],[-9,30],[-8,12],[-8,3],[-15,-11],[-6,-19]],[[290168,576036],[3,2]],[[290171,576038],[162,160]],[[290333,576198],[3,-18],[-1,-58],[6,-20],[-2,-24],[1,-24],[-3,-17],[6,-36],[4,-35],[-3,-13],[-6,-63],[-5,-15],[-8,-10],[-7,-21],[-6,-47],[-12,-9],[-13,-30],[-1,-44],[-7,-24],[2,-20],[-13,-24],[-2,-9],[-1,-30],[-6,-25],[-8,-13],[-11,-7],[2,-55],[-5,-22],[-6,-105],[2,-29],[-2,-9],[8,-5],[-3,-39],[0,-27],[4,-9],[3,-24],[11,-57],[3,1],[11,-29],[1,-38],[-1,-6],[2,-25],[5,-30],[1,-13],[16,-9],[5,-31],[5,-26],[-2,-30],[4,-9],[-1,-27],[-7,-9],[-7,-27],[-4,-34],[-6,-20],[5,-28],[-16,18],[-5,-6],[0,-10],[-5,2],[-2,-19],[4,-4],[2,-23],[6,-3],[6,12],[7,-22],[13,-19],[3,1],[9,-31],[-5,-25],[8,-38],[7,-42],[-6,-28],[0,-45],[-2,-25],[2,-13],[-3,-56],[1,-13]],[[290308,574402],[-9,7],[-12,-1],[-1,-18],[-8,3],[-1,21],[-9,34],[0,-20],[-2,-39],[1,-22],[7,-4],[10,-39],[3,1],[-4,-23],[-8,-23],[3,-22],[6,-23],[-6,-26],[-5,-9],[-9,9],[-2,15],[-15,7],[-10,14],[-10,-4],[-9,5],[-7,-18],[-4,18],[-2,32],[-4,14],[-4,-11],[-8,10],[-7,-14],[-5,-25],[-7,-18],[2,-8],[1,-6],[1,-8],[-1,-14],[-1,-11],[4,-38],[4,-24],[-1,-24],[-17,-51],[-3,-38],[-5,-24],[-9,-20],[-10,-18],[-5,-13],[-10,-3],[-2,-23],[-5,-34],[-4,-12],[-1,-81],[6,-11],[0,-25],[-4,5],[-5,-28],[3,-7],[0,-23],[-5,-7],[-6,-35],[-6,-20],[9,-28],[2,-15],[-4,-5],[-4,-23],[0,-25],[-12,1],[-7,11],[-10,-2],[-3,-15],[-5,-10],[-2,-17],[-10,-35]],[[290045,573469],[-8,-11],[-4,11],[-4,-12],[-3,-23],[-18,15],[-5,11],[0,-16],[-6,1],[-17,-20],[-11,2],[-2,-16],[-9,-9],[-5,16],[-11,-5],[-5,-17],[-4,-5],[-4,-22],[1,-42],[-10,2],[-8,-24],[0,-24],[10,-16],[-3,-23],[-10,5],[-3,-24],[-7,-3],[-3,-25],[-7,19],[-3,1],[-4,-15],[-7,17],[-9,29],[-4,28],[-7,12],[-4,17],[-5,-6],[-4,-19],[-15,-7],[-9,9],[-1,-19],[-9,5],[-9,26],[-9,2],[-3,12],[-11,-22],[-5,-18],[-3,-32],[-11,-4],[-3,12],[-11,74],[2,5],[0,16],[-4,12],[-10,2],[-2,21],[-2,0],[2,22],[11,16],[4,67]],[[289744,573477],[15,-41],[9,37],[8,10],[6,48],[-12,14],[-3,28],[-9,5],[1,15],[-14,2],[-2,-19],[-4,-7],[-4,9],[-13,6],[-12,-5],[-4,7],[-4,29],[-8,18],[-6,34],[-10,6],[-9,-11],[-10,32],[-4,52],[-6,13],[-11,10],[-4,24],[-6,14],[-10,0],[-7,23],[-6,-17],[-6,-4],[-12,7],[-5,18],[-6,9],[-3,-4],[-7,15],[-8,0]],[[289558,573854],[-1,8],[11,46],[8,-1],[5,-13],[-4,-27],[13,-25],[4,6],[0,25],[15,31],[-4,56],[8,17],[12,-19],[7,-33],[18,-39],[15,14],[11,36],[-4,26],[5,32],[2,73],[-16,27],[11,115],[8,52],[17,-9],[1,-35],[15,-13],[5,2],[12,3],[5,18],[-16,23],[4,42],[-3,50],[20,-11],[2,18],[-6,22],[4,12],[2,6],[-5,36],[4,46],[10,-12],[15,-6],[2,40],[10,21],[-18,24],[-8,54],[10,17],[13,-11],[11,0],[10,21],[2,-1],[26,-18],[1,8],[-1,27],[5,7],[3,8],[-1,39],[10,32],[5,-7],[-6,-47],[8,-17],[7,-27],[11,-4],[16,59],[-11,70],[5,36],[12,-15],[2,-25],[6,4],[-2,22],[-1,28],[10,53],[8,-32],[8,5],[26,87],[0,57],[18,5],[10,42],[8,60],[11,7],[15,-50],[11,-2],[3,25],[-5,35],[1,40],[-5,62],[9,25],[40,-72],[9,1],[31,71],[2,16],[-6,35],[13,37],[3,-3],[18,-61],[5,2],[4,32],[16,-14],[3,13],[-16,80],[-14,-2],[-7,41],[-12,40],[9,23],[-7,27],[1,13],[7,2],[12,-22],[8,-2],[9,-30],[3,6],[-2,20],[-17,56],[0,20],[13,0],[0,13],[-17,29],[-2,18],[5,48],[16,61],[-4,19],[3,6],[12,-3],[3,9],[-4,36],[3,19],[3,-5],[5,-11],[9,22],[-5,20],[12,33],[5,6],[-3,25],[4,14],[8,2],[2,12],[-2,10],[-15,22],[4,17],[-1,22],[-18,40],[-3,6]],[[291944,572228],[-33,-60],[-24,-71],[5,-8],[15,-46],[12,15],[14,-3],[3,-9],[7,11],[16,-5],[-2,21],[0,33],[-5,-3],[-3,30],[2,12],[5,67],[-9,10],[-3,5]],[[292215,571563],[-1,18],[9,47],[-6,13],[-7,-12],[-6,4],[-3,35],[5,47],[-23,1],[1,9],[3,15],[-3,14],[-3,-20],[-10,8],[-4,-18],[1,30],[-5,-14],[-5,-9],[-2,-1],[1,17],[-16,8],[5,-32],[-24,26],[3,-17],[-9,-10],[0,29],[-4,18],[-14,-15],[5,-29],[-7,-11],[-4,-7],[-1,8],[-3,7],[-2,0],[-2,-14],[-2,-12],[-5,6],[-14,26],[-14,52],[-11,-8],[-13,3],[-5,0],[-10,0],[-27,22],[-2,4],[-5,21],[-4,20],[-1,7],[-10,3],[-13,-12],[-16,-19],[-3,30],[2,28],[4,30],[4,14],[4,28],[2,33],[-3,18],[-4,5],[-4,31],[-3,-6],[-2,15],[-11,-10],[-3,-15],[-9,-25],[-4,-3],[-8,-39],[-5,-28],[-3,-3],[1,20],[-5,22],[-1,-34],[-7,14],[-3,-11],[-7,-10],[-3,8],[-11,3],[-6,-8],[0,13],[-3,14],[0,30],[-9,42],[8,26],[4,-1],[2,8],[10,2],[13,14],[6,36],[3,6],[7,52],[-8,18],[-7,5],[-11,34],[-8,10],[-3,18],[2,9],[8,44],[-6,5],[-9,24],[-3,3],[-18,-5],[4,-23],[-4,-10],[2,-33],[-9,0],[-11,20],[-11,7],[1,6],[12,79]],[[286476,583433],[-33,-4],[0,35],[-8,18],[-12,4],[-6,8],[-2,11],[2,17],[-3,6],[-6,-18],[0,-28],[-3,-12],[-7,0],[-4,-9],[-8,0],[0,-33],[-13,-26],[-6,-17],[-5,-24],[2,-28],[-4,-11],[-11,-7],[-9,42],[-10,-18],[-6,-4],[-12,12],[-7,0],[-10,11],[-4,-11],[-7,-7],[-1,10],[-8,10],[-11,0],[0,-34],[-3,-15],[-3,6],[-11,0],[-1,43],[-4,9],[-15,2],[-3,21],[-3,-3],[-2,-7],[-18,-4],[0,57],[-11,-1],[2,13],[15,22],[3,18],[-37,4],[0,-7],[-11,8],[0,-39],[-45,-4],[-27,3],[0,86],[-13,2],[5,29],[4,14],[-3,15],[-12,12],[-4,28],[9,26],[8,47],[4,4],[5,-7],[7,19],[-7,14],[-6,42],[6,0],[3,33],[-2,43],[-6,6],[-11,-3],[-16,-74],[-2,-11],[-3,5],[-2,10],[-50,-2],[-15,0],[-8,-1],[0,51],[-5,12],[-117,-85],[-3,-32],[1,54],[-13,2],[-1,-34],[-42,-29],[-2,-22],[-15,-40],[-14,2],[-6,-18],[-6,-38],[0,17],[-9,10],[-4,18],[0,33],[-37,-25],[-1,6],[0,23],[2,10],[1,85],[-4,-1],[-1,-38],[-6,0],[-6,59],[-13,19],[-9,8],[-11,-68],[-4,-10],[-3,-32],[0,-17],[-4,-35],[-6,-14],[-12,-48],[-11,-7],[1,-39],[-4,6],[-4,-22],[9,-95],[0,-46],[0,-41],[-14,0],[0,-85],[-14,-33],[0,-21]],[[285528,583372],[-2,17],[-8,10],[-13,31],[-7,6],[-5,21],[-12,-1],[-3,9],[-2,37],[-3,-3],[-2,16],[5,5],[9,23],[0,147],[-4,-15],[-10,-12],[-9,-3],[0,11],[2,30],[3,8],[-7,40],[0,43],[51,266],[17,-45],[6,40],[11,44],[7,35],[12,71],[2,-18],[1,-11],[2,14],[13,0],[3,29],[4,2],[2,26],[6,-4],[0,136],[1,19],[3,0],[14,49],[8,55],[2,18],[5,23],[13,38],[4,9],[14,57],[8,22],[4,-29],[4,-4],[5,12],[1,40],[2,12],[14,-21],[10,44],[12,1],[0,26],[59,-19]],[[291056,571989],[11,20],[10,2],[12,15],[12,19],[4,3],[18,3],[3,12],[9,29],[4,15],[3,13],[6,-4],[8,19],[2,4],[1,12],[0,8],[1,15],[-1,4],[7,26],[15,47],[3,6],[8,35]],[[291755,572582],[0,-5]],[[291755,572577],[2,-11],[-3,-35],[0,-14],[9,-56]],[[291763,572461],[-4,-2],[-14,-20],[-19,-30],[-7,-48],[1,-14],[-8,-26],[-8,-9],[-5,-17],[-5,-3],[-1,-42],[7,-47],[-7,-21],[-10,-17],[-9,4],[0,-17],[-7,-20],[-2,-1],[-6,-50],[-21,-69],[-18,9],[0,-11],[3,8],[9,-24],[0,-13]],[[291387,571130],[-4,3],[-38,11],[-12,6],[-8,11],[-15,29],[-6,-16],[-12,55],[-21,-6],[-10,29],[-3,4],[-5,-3],[-8,20],[-8,14],[-12,27],[-11,40],[6,1],[3,18],[7,7],[-3,15],[-4,30],[-2,0],[4,12],[-1,10],[-5,26],[-4,-9],[-8,13],[-11,-8],[0,-9],[-12,73],[-3,23],[-4,-29],[-18,15],[1,9],[-8,6],[-5,-6],[-13,-25],[-7,-28],[-18,22],[0,-41],[-2,-20],[-6,28],[-13,13],[-11,-34],[-24,40],[-2,30],[-6,26],[-1,54],[-9,83],[-5,11],[-4,-2],[-22,-80]],[[291004,571628],[-22,-36],[-2,8],[3,58],[-11,-51],[-6,-3],[-3,8],[9,11],[-4,13],[1,28],[-6,-21],[-5,-5],[2,15],[-4,8],[5,10],[1,18],[2,-5],[2,26],[-9,-2],[-6,6],[1,19],[6,-23],[5,4],[1,20],[-3,11],[5,6],[2,-18],[4,11],[2,34],[5,10],[12,-38],[5,13],[0,16],[13,11],[5,-8],[0,-45],[6,20],[-2,15],[2,21],[4,-9],[0,13],[5,9],[-2,10],[16,34],[-11,-10],[-7,-2],[-6,-20],[-7,-4],[-1,22],[-3,13],[7,0],[0,12],[-8,2],[-2,19],[12,-13],[10,-3],[-16,35],[5,20],[11,-16],[-2,26],[4,12],[13,-17],[-10,28],[2,7],[5,-9],[-2,18],[3,9],[10,5],[2,-11],[4,16]],[[290409,572607],[3,2],[2,20],[17,7],[-1,16],[-2,8],[5,4],[5,-23],[28,89],[4,-1],[1,31],[3,21],[-8,35]],[[290466,572816],[4,33],[8,16],[18,-8],[3,-7],[6,-33],[20,17],[16,-8],[3,4],[-9,35],[-1,-5],[-3,19],[-11,-16],[9,24],[2,33],[-7,-1],[0,10],[-13,28],[8,25],[6,9],[-9,-4],[-4,5],[-3,-11],[-4,7],[2,7],[13,5],[6,12],[3,-14],[-4,-24],[-4,-1],[-2,-15],[10,-27],[6,14],[3,22],[13,-9],[8,8],[1,-6],[28,-76],[4,6],[8,18],[-2,12],[2,17],[6,-3],[0,12],[5,18],[-16,-27],[-6,-1],[-1,24],[7,11],[7,-9],[14,26],[4,18],[2,8],[-4,16],[-1,29],[4,15],[0,16],[-4,8],[-4,-9],[0,18],[-6,10],[5,3],[6,-8],[3,7],[1,40],[-3,-3],[-4,16],[-8,-11],[-7,7],[7,3],[10,16],[1,16],[-19,30],[12,0],[1,8],[-7,18],[6,7],[-1,15],[-5,14],[-28,-60],[-19,92],[-4,24],[-10,26],[-12,9],[-12,-15],[-11,-25],[4,68],[-3,13],[-5,-9],[3,-8],[-6,-16],[-1,8],[-9,-14],[-9,-41],[-8,-3],[-2,39],[7,3],[21,50],[5,21],[0,17],[11,42],[1,33],[-10,5],[-1,22],[2,25],[15,3],[9,-4],[2,16],[9,25],[6,44],[0,23],[3,-2],[3,15],[7,-18],[0,14],[5,27],[6,1],[1,11],[3,45],[10,22],[6,19],[1,24],[5,14],[2,20],[5,10],[9,-3],[-7,112],[-14,11],[-6,-1],[0,21],[5,16],[6,5],[0,7],[-12,23],[-1,12],[-6,-3],[-11,4]],[[290570,574114],[0,2]],[[290570,574116],[11,-4],[4,9],[8,-27],[8,-16],[0,-8],[-11,-16],[3,-21],[14,-1],[3,32],[13,26],[20,16],[6,-11],[3,-16],[14,-2],[9,8],[12,20],[4,-2],[-2,-28],[1,-26],[10,-23],[0,-30],[-3,-9],[-10,-6],[-4,-17],[0,-13],[11,-20],[5,2],[5,19],[7,-1],[5,-39],[22,-53],[8,-16],[1,-22],[1,-26],[9,-69],[4,-13],[21,-48],[10,18],[8,25],[4,2],[3,-1],[21,15]],[[290828,573724],[3,-6],[9,25],[3,17],[8,17],[4,2],[2,-14],[1,-33],[-1,-28],[-4,-20],[0,-27],[4,-24],[7,-17],[5,-23]],[[290974,572473],[-2,-19]],[[290972,572454],[-5,1],[-5,1],[-1,26],[-11,11],[-6,-13],[2,-22],[-10,21],[-13,-6],[6,11],[-3,10],[11,5],[-10,36],[-2,-7],[-13,-1],[9,9],[5,40],[-6,7],[9,6],[-2,9],[0,26],[-8,7],[-22,-37],[-7,-5],[-16,7],[-6,17],[5,-30],[8,-88],[5,-21],[-1,-5],[-53,78],[-9,8],[-7,4],[-17,2],[-8,-3],[-45,-24],[-28,-18],[-3,23],[-6,-9],[-2,-12],[-6,4],[-4,1],[1,5],[-4,-6],[-17,-26],[-9,-6],[-47,6],[-6,-1],[-7,-7],[-19,-37],[-8,-7],[-7,-2],[-4,10],[-1,-10],[-8,0],[0,8],[-3,-1],[1,-7],[-7,-6],[-22,-23],[-11,59],[-1,30],[-3,-4],[-3,-34],[5,-23],[2,-38],[9,6],[-14,-41],[-4,-6],[-16,-23],[-4,-3],[-3,-4],[-2,-3],[-5,-13],[-3,-16],[-6,-40],[-31,4]],[[290440,572264],[-2,19],[-9,-5],[3,13],[6,6],[2,51],[-17,123],[-3,41],[3,3],[-7,51],[-4,-16],[-13,24],[10,14],[0,19]],[[290755,572757],[4,12],[2,-4],[2,-11],[2,-5],[2,-1],[9,16],[3,10],[4,7],[2,12],[8,9],[5,1],[2,16],[-1,11],[-15,5],[-4,10],[-3,10],[-4,-9],[-11,-19],[-3,-11],[-3,-13],[-6,-41],[5,-5]],[[290972,572454],[-2,-15],[-9,-34],[2,-63],[11,-8],[3,-8],[-2,-10],[-13,-31]],[[290962,572285],[-6,-15],[0,-11],[-1,-7],[8,-12],[4,-50],[-2,-23],[5,3],[-1,-15],[10,-17],[8,-3],[3,1]],[[290990,572136],[1,-18],[-3,-15],[3,-20],[6,-6],[19,7],[-12,-25],[12,-17],[11,14],[-10,-30],[-4,6],[-6,-9],[5,-22],[-2,-1],[-9,19],[-2,-8],[-2,-2],[-1,-6],[8,3],[1,-10],[-2,-28],[11,-15],[9,12],[3,10],[-5,15],[6,-4],[5,33],[3,3],[-2,-32],[7,11],[-1,-13],[17,1]],[[291004,571628],[-9,-27],[-5,-23],[-2,-6],[-29,-103],[-3,-7],[-22,-80]],[[290934,571382],[-9,-32],[-25,-89],[-8,10],[-11,-12],[-5,20],[-1,-10],[-5,3],[-2,20],[-9,17],[-4,31],[-5,16],[-13,-11],[-12,-35],[2,-13],[-6,-5],[-7,5],[-8,19],[-11,-8],[0,-17],[6,-16],[2,13],[5,-11],[1,-19],[-3,-4],[-11,-34],[-5,-1],[-2,19],[-6,25],[-1,16],[-7,3],[2,-27],[-3,-30],[3,-28],[-5,-13],[4,-15],[-7,-30],[3,-8],[6,-30],[-6,-14],[-9,-110],[-3,-18],[8,-27],[0,-34],[-2,-89],[2,-24],[-7,-23],[-7,-7],[-16,-6],[-12,-26],[-6,-8],[-12,20],[-11,-6],[12,-13],[-3,-42],[-4,-7],[-9,-43],[0,-43],[-5,-38],[-9,-21],[-11,-1],[-6,-11]],[[290661,570510],[-5,11],[4,42],[-12,45],[-8,19],[-3,38],[-10,0],[-8,9],[-8,22]],[[290611,570696],[-16,61],[-1,14],[-8,39],[1,20],[-4,-4],[-6,12],[-2,24],[-5,-5],[-12,5],[-10,-5],[-11,-18],[-16,42],[8,47],[4,37],[6,22],[6,-15],[6,25],[-9,15],[-3,17],[3,21],[11,1],[2,18],[-4,13],[4,30],[-5,18],[4,19],[22,63],[-2,34],[-9,55],[-4,-6],[6,20],[7,48],[-16,23],[-10,48],[-7,-25],[-11,20],[-9,-50],[-8,7],[-6,-14],[-11,7],[-7,14],[-1,-41],[-6,-12],[-6,10],[-1,-9],[-17,20],[-26,8],[1,14],[-5,0],[4,24],[-5,8],[-9,23],[3,13],[-5,14],[-19,-15],[-10,31],[-3,-1],[-13,77],[-5,16],[-2,6],[-3,113],[-2,77],[-5,141],[1,22],[2,19],[3,14],[10,32],[7,-4],[12,-24],[16,-7],[3,10],[-2,19],[4,44],[0,26],[-4,26],[1,38],[12,19],[29,47],[-4,25],[0,33],[-4,15]],[[283523,577181],[-6,-13],[-32,-51]],[[283485,577117],[-6,16],[-4,42],[1,15],[2,20],[0,44],[3,7],[13,-5],[1,11],[10,0],[10,-31],[8,-55]],[[284975,583302],[6,-34],[6,-35],[9,-56],[4,-59],[0,-45],[-3,-42],[-6,-38],[-15,-44],[-11,-20]],[[282497,579683],[14,11],[59,46],[5,7],[9,44],[96,-138],[24,-45],[39,-9],[16,6],[19,7],[90,30],[19,-12],[10,41],[5,30]],[[283090,579129],[1,-20],[-3,-18],[-5,-8],[-11,2],[-10,-5],[-3,-7],[-5,-24],[-9,-68],[-4,-41],[1,-36],[-5,-56],[-6,-35],[-11,-29],[-10,-11]],[[283010,578773],[-10,-24],[-8,-27],[-8,-33],[-1,-22],[-3,-8],[-11,-49],[-1,-27],[-5,-11],[-3,-35],[-10,-33],[-2,-15],[-7,-19],[-1,-27],[-12,-65],[-5,-38],[-1,-19],[3,-98],[-3,-22],[-6,-20],[-7,-13],[-5,-12],[-17,-10],[-7,-14],[-10,-49],[-7,-51],[-13,-116],[-1,-30],[-1,-57],[-5,-67],[1,-5],[-12,-18],[-12,-30],[-2,-28],[2,-21],[-11,-23],[-6,-52],[4,-22],[-3,-25],[0,-23],[-7,-47],[5,-27],[2,-49],[11,16],[8,-4],[-12,-24],[-4,-21],[0,-29],[-4,-25],[-2,-30],[7,-31],[5,3],[3,-27],[5,-25],[5,-42],[1,-45],[2,-10],[15,27],[5,13],[10,43],[4,-76],[13,41],[9,-27],[10,-1],[4,7],[7,53],[-2,36],[0,52],[3,30],[-4,21],[11,-19],[6,14],[8,-15],[5,3],[-11,-11],[-1,-24],[5,-30],[7,-10],[9,-6],[2,-14],[-4,-18],[5,-70],[1,-23],[-5,-38],[-7,-31],[-2,-16],[-9,-19],[-10,-13],[-5,-19],[-4,-22],[0,-51],[-3,-8],[-16,-22],[-6,-12],[-6,-36],[4,-45],[-11,-1],[-3,-11],[-5,-51],[-2,-43],[1,-11],[8,-9],[9,10],[7,1],[8,-11],[2,-17],[-10,0],[-4,-8],[-4,-22],[1,-37],[3,-37],[13,-71],[7,-23],[8,-16],[15,-1],[9,9],[8,19],[5,21],[3,34],[1,37],[0,54],[-1,31],[-6,41],[-4,22],[2,11],[12,15],[5,19],[9,13],[10,32],[4,35],[-2,18],[7,1],[21,-12],[7,6],[19,33],[17,16],[4,-50],[1,-9]],[[283051,576800],[-13,-24],[-3,-12],[-22,-18],[-5,-10],[-18,-19],[-6,-20],[-4,6],[-6,-18],[4,-2],[-14,-23],[6,0],[-6,-13],[-4,-20],[-2,-39],[1,-52],[2,-40],[0,-66],[-3,-28],[-11,-24],[-8,-25],[-13,-28],[-10,-14],[-22,-13],[-19,4],[-7,8],[-11,20],[-8,33],[-2,40],[-5,49],[-17,118],[2,15],[0,21],[-7,15],[-1,37],[4,102],[4,26],[3,12],[-1,15],[11,51],[3,4],[0,19],[7,20],[4,20],[-15,13],[-5,-7],[-5,-22],[-5,-9],[4,102],[-6,-15],[-15,-3],[-19,-9],[-10,-10],[-14,-26],[-5,2],[-6,-12],[-4,2],[-18,-14],[0,-28],[-13,5],[-8,-14]],[[282710,576882],[-60,-121],[-2,-10],[-5,-1]],[[282643,576750],[-2,23],[2,29],[5,30],[0,32],[3,27],[-11,34],[-16,13],[-1,21],[3,14],[3,-6],[21,-18],[5,-1],[15,11],[12,1],[13,-4],[8,7],[0,32],[2,17],[-14,38],[-6,9],[-11,1],[-8,4],[-20,-29],[-12,-39],[-7,-19],[-9,42],[-6,9],[-14,52],[-20,85],[-7,-7],[-2,-24],[5,-56],[4,-23],[8,-31],[1,-28],[-5,-32],[-15,-16],[-18,0],[-17,29],[-5,12],[-6,37],[0,9],[-5,25],[4,13],[8,52],[2,16],[-7,17],[-3,18],[6,24],[-1,27],[-3,5],[-2,1],[-3,5]],[[282517,577238],[2,36],[-5,10],[-5,-26],[-9,23],[-1,29],[0,21],[3,3],[7,-16],[2,10],[-2,28],[1,23],[10,18],[5,20],[1,36],[3,11],[-4,9],[-7,-21],[-1,25],[-5,16],[-4,14],[-4,19],[2,14],[9,2],[6,16],[-2,22],[6,31],[-6,44],[-12,27],[-3,14],[-5,-18],[-10,-18],[-8,1],[-3,6],[0,45],[3,44],[11,17],[7,23],[5,22],[7,41],[4,54],[-4,51],[-6,14],[-12,-29],[-16,-28],[-6,69],[1,41],[3,33],[6,40],[-5,1],[-11,33],[-5,25],[-3,-4],[-5,11],[-3,23],[4,28],[-4,21]],[[282449,578242],[4,21],[0,34],[5,64],[-1,43],[3,25],[-1,14],[-17,78],[-2,43],[-2,14],[-7,23],[-3,21],[-7,26],[-6,-1],[2,31],[-4,30],[-1,20],[-3,30],[-1,26],[3,43],[-11,37],[-16,9],[-1,10],[0,28],[-2,19],[-7,20],[-7,36],[-7,16],[-5,24],[-3,34],[-9,32],[-7,33],[-7,60],[-5,15],[3,21],[4,56],[-10,21],[-5,17],[-6,3],[-3,19],[10,71],[2,8],[7,8],[-6,44],[-5,15],[-3,43],[-6,20]],[[282306,579546],[2,1],[14,7],[22,11],[153,118]],[[292218,564207],[1,10],[0,28],[-5,14],[-1,11],[-5,11],[-3,19],[-6,19],[-13,15],[-8,0],[-3,8],[1,40],[-2,4],[-12,-2],[-2,8],[-2,47],[-7,-1],[0,11],[4,6],[0,48],[10,1]],[[290617,579701],[-3,37],[7,71],[-1,24],[-4,38],[1,41],[-3,12],[-3,5],[0,12],[-3,23],[-6,17],[-8,43],[-10,-1],[-6,9],[-2,19],[4,50],[-3,15],[-9,18],[-8,23],[-10,17],[-1,55],[-7,23],[-4,26],[0,33]],[[291736,553210],[13,31],[65,406],[14,153],[8,42],[14,47],[3,8],[13,-20],[12,7],[11,-2],[23,-37],[3,-2],[6,3],[18,41],[4,3],[13,1],[12,-19],[16,-13],[17,4],[29,9],[16,-4],[13,5],[5,10],[18,55],[4,25]],[[292086,553963],[5,25],[17,47],[31,104],[5,7],[7,-3],[18,-40],[-5,-25],[-10,-31],[-7,-14],[-3,-16],[0,-30],[1,-23],[-2,-40],[1,-51],[3,-29],[0,-57],[1,-8],[6,-17],[2,-38],[3,15],[2,5],[2,-16],[6,-11],[50,-70],[-20,-141],[16,-29],[6,-25],[34,41],[9,11],[6,24],[2,30],[4,28],[8,28],[2,51],[2,31],[1,35],[5,23],[16,23],[4,1],[-6,45],[-11,49],[-11,76],[-7,39],[-7,22],[-21,39],[-15,26],[-13,42],[-7,26],[13,40],[4,11],[2,3],[30,31],[24,30],[-3,59],[-7,26],[-2,20],[2,26],[13,-6],[12,33],[9,5],[3,-3],[0,-88],[2,-51],[18,3],[24,15],[9,-19],[3,10]],[[292372,554287],[4,-19],[13,-24],[3,-19],[6,-100],[-4,-40],[0,-33],[-2,-34],[4,-7],[12,-42],[7,-18],[16,-32],[12,-1],[4,7],[26,10],[24,-33],[0,36],[-2,75],[0,18],[3,35],[6,45],[15,-28],[25,-31],[4,-9],[9,-61],[0,-20],[11,11],[7,13],[3,13],[14,5],[6,-8],[0,27],[12,-1],[3,26],[6,10],[5,31],[8,20],[1,19],[3,15],[11,7],[6,14],[15,-64],[15,-101],[17,-11],[8,-9],[29,-2]],[[291904,552888],[-2,27],[-5,-7],[-13,-54],[-10,3],[-3,10],[0,24],[-3,-5],[-3,24],[-6,-2],[-1,18],[-6,11],[-7,-17],[-5,17],[-2,-4],[-11,23],[-10,18],[-1,6],[6,9],[-4,12],[-1,20],[-7,18],[-7,3],[-1,-11],[-7,5],[-3,21],[-10,-5],[-12,35],[-8,-5],[-8,-19],[-4,13],[-3,-4],[4,14],[-5,19],[2,16],[-7,-1],[3,21],[-4,38],[-4,31]],[[292184,563028],[13,-53],[22,-48],[23,-28],[6,-14],[16,-57],[14,-37],[8,-13],[5,-7],[13,-5],[38,30],[9,-3],[10,-16],[20,-65],[16,-22],[18,-32],[16,-39],[20,-74],[14,-29],[33,-43],[5,-8],[9,-12],[7,-9],[16,-27],[18,-56],[8,-22],[41,-83],[8,-38],[17,-47]],[[292627,562171],[6,-19],[6,-46],[28,-45],[10,-31],[3,-20],[2,-67],[-3,-78],[2,-24],[5,-17],[8,-13],[7,6],[12,-9],[14,-33],[19,-72],[1,-7],[23,-48],[8,-3],[8,-22],[3,-34],[13,-28],[14,-7],[25,-85],[6,-112],[7,-33],[4,-38],[2,-14]],[[292860,561272],[7,-56],[-1,-18],[2,-48],[4,-39],[5,-87],[-4,-76],[5,-41],[3,-49],[25,-94],[2,-8],[3,-6]],[[292911,560750],[19,-54]],[[292930,560696],[-14,2],[-9,-10],[-7,4],[-9,30],[-15,32],[-14,24],[-7,-1],[-4,-30],[-5,-14],[-18,-6],[-12,-18],[-11,-2],[-7,-9],[-6,13],[-9,-4],[-3,-11],[-2,-30],[-3,-12],[-8,-4],[-10,12],[-5,13],[-7,33],[-13,18],[-12,39],[-10,-5],[-5,4],[-6,15],[-8,-4],[-8,13],[-12,58],[-11,17],[-8,-2],[-11,-28],[-14,-4],[-11,9],[-22,-14],[-6,5],[-8,-54],[-22,0],[-5,-19],[0,-29],[-10,-10],[-4,11],[-5,32],[-6,9],[-6,21],[-7,14],[-4,-5],[-3,-12],[7,-43],[3,-88],[-7,-16],[-14,36],[-9,-3],[-2,-24],[8,-57],[-4,-22],[-8,-5],[-7,12],[-8,70],[-4,11],[-8,-3],[-3,-8],[0,-78],[-4,-6],[-6,16],[-10,3],[-2,-26],[-4,-24],[-20,-10],[-14,16],[-6,-3],[-1,-12],[7,-44],[0,-19],[-9,-22],[-11,35],[-5,46],[-8,8],[-5,-19],[-3,-48],[-6,-13],[-12,23],[-4,-7],[-1,-15],[3,-18],[1,-32],[-3,-28],[-3,-44],[-2,-7],[-7,6],[-9,27],[-5,7],[-7,-16],[-1,-37],[-6,-26]],[[291765,562354],[-2,32],[5,6],[-1,23],[14,21],[2,18],[7,6],[3,28],[6,-9],[2,48],[-3,1],[-3,37],[10,11],[3,15],[7,4],[1,46],[9,20],[0,12],[6,-1],[2,32],[-5,16],[1,26],[6,38],[-5,28],[-9,8],[3,19],[-2,19],[-4,14],[1,14],[-8,5],[-11,-21],[-7,-6],[-4,-11],[-1,14],[13,8],[11,24],[11,1],[3,18],[-3,20],[4,5],[-3,21],[-3,3],[3,41],[-3,16],[3,10],[-2,23],[-4,11],[-8,58],[8,9],[5,15],[-6,9],[-1,10],[12,14],[17,-15],[5,-17],[-2,17],[6,-2],[6,12],[-2,15],[2,24],[-4,8],[-3,25],[7,2],[3,15],[11,-22],[7,-49],[10,-23],[1,7],[-7,36],[-3,36],[2,30],[-2,24],[-5,11],[7,-7],[1,33],[4,8],[2,-16],[7,-12],[-2,15],[8,1],[4,-13],[8,-41],[2,-5],[2,18],[-8,41],[0,14],[5,11],[8,-1],[3,-9],[10,-1],[5,7],[2,-31],[7,-28],[2,-45],[4,-4],[0,27],[-7,76],[2,5],[5,-8],[5,-18],[10,-3],[0,-21],[3,-31],[1,33],[7,15],[-6,0],[-1,18],[-8,5],[-2,28],[6,19],[-5,0],[0,19],[-6,6],[1,19],[9,-11],[1,18],[-4,-3],[-3,12],[6,13],[0,30],[5,7],[-4,11],[8,2],[6,-6],[0,-34],[4,-19],[1,-19],[0,22],[3,32],[7,8],[3,-24],[0,16],[4,20],[-2,13],[5,4],[9,-26],[6,10],[1,-13],[-6,-3],[-2,-15],[7,-2],[2,-15],[5,-12],[-9,2],[3,-13],[-10,-33],[-4,2],[-1,-25],[3,-4],[6,21],[1,-7],[7,17],[5,-14],[7,13],[1,-44],[-2,-25],[8,42],[4,-3],[4,-25],[1,-35],[-2,-13],[5,-5],[-2,-16],[10,13],[5,-5],[6,-18],[-14,-10],[12,-17],[6,9],[2,-57],[5,44],[4,-28],[4,12],[5,-11],[-1,-13],[-4,-21],[5,-4],[5,30],[7,-35],[-11,-19],[1,-9],[12,9],[3,-14],[4,0],[-3,-44],[6,17],[0,-28],[5,19],[6,-4],[0,-24],[-4,-26],[3,-5],[8,16],[4,-6],[2,-19],[8,20],[6,-9],[4,-22],[8,-22],[6,17]],[[291074,557090],[0,10],[-5,17],[5,47],[0,13],[-2,16],[1,9],[-1,8],[-1,7],[6,47],[3,3],[9,-15],[5,-12],[0,35],[9,2],[6,-16],[10,-8],[4,4],[11,-7],[16,53],[10,12],[14,-7],[7,-45],[11,-26],[2,1],[8,25],[8,17],[10,-47],[7,-12],[10,-38],[6,-19],[8,-30],[3,-23],[-6,-45],[7,-35],[3,-4],[2,-33],[15,20],[14,26],[6,15],[15,29],[11,29],[44,43],[-10,51],[-1,29],[-4,35],[-12,50],[-4,47],[0,32],[-8,37],[-9,-9],[-6,5],[-4,27],[-23,-7],[-16,6],[-31,17],[-4,8],[-1,5],[-2,20],[8,68],[23,24],[18,14],[-5,75],[106,-201],[13,3],[15,-3],[3,0],[15,-4],[5,12],[-1,13],[-5,26],[7,21],[3,24],[8,31],[7,33],[13,30],[3,18],[12,26],[-19,102],[-18,115],[2,7],[-3,26],[7,4],[2,51],[12,-26],[8,-10],[3,-2],[58,-5],[8,-6],[2,-12],[15,-62],[-4,56],[0,17],[2,63],[-1,54],[8,-16],[10,6],[7,-37],[8,-17]],[[291585,558027],[-5,-19],[-2,-52],[16,15],[8,1],[2,11],[3,-11],[-11,-22],[-2,-44],[4,-1],[2,33],[10,17],[10,32],[-5,20],[7,28],[-13,21],[-13,-5],[-4,11]],[[291592,558062],[-1,13],[11,56],[42,162],[1,10],[-2,32],[0,31],[8,35],[3,18],[0,29],[23,16]],[[292024,556680],[-3,-7],[7,-15],[2,-28],[-3,-55],[-3,-22],[0,-15],[4,-9],[47,-52],[6,-14],[10,-39],[-4,-26],[-7,-22],[-4,-59],[8,-44],[-3,-27],[-7,-16],[2,-19],[-8,13],[-24,22],[-36,54],[-10,-33],[-11,-48],[-9,11],[-7,-12],[-4,-11],[-4,-36],[-7,-167],[-5,-33],[5,-57],[0,-11],[-6,-26]],[[291950,555877],[-7,-4],[-12,3],[-9,46],[-12,68],[-11,77],[-4,8],[-13,6],[-8,25],[-12,14],[0,49],[1,104],[4,34],[2,47],[13,70],[-5,22],[-4,61],[-28,-22],[-12,-29],[-4,-4],[-20,2],[-6,25],[-4,-1],[-1,36],[4,10],[-7,27],[-14,-17],[-11,8],[-17,23],[-13,-2],[-14,-27],[-4,-26],[-14,-32],[-2,-38],[-3,-11],[-10,0],[-2,-7],[-11,-8],[0,-16],[-10,-15],[0,-31],[-3,-10],[0,-23],[4,-38],[-2,1],[-4,20],[0,17],[-7,14],[-7,-5],[-6,15],[-12,-14],[-2,-10],[-10,-18],[-5,-15],[-5,0],[-5,19],[-2,20],[-11,15],[-5,4],[0,-32],[-5,-18],[-9,-9],[-6,14],[-4,-12]],[[291564,556287],[-2,-16],[-14,-4],[-2,-18],[0,-18],[-6,-15],[-6,-35],[-2,-34],[2,-42],[5,-7],[7,-43],[-15,17],[-16,2],[-5,6],[-11,29],[-16,21],[-14,4],[-31,-16],[-29,46],[-18,48],[-6,30],[0,16],[2,35],[-4,3],[-8,26],[-10,4],[-8,17],[-3,1],[-5,19],[-11,35],[-7,-1],[-4,10],[-7,2],[-11,-7],[-6,17],[-21,-116],[-42,-57]],[[291240,556246],[-8,-11],[0,-47],[-7,-40],[-2,-1],[-3,3],[7,41],[0,37],[-17,-24],[-26,-33],[-5,17],[1,32],[5,21],[-3,29],[-5,5],[2,19],[-5,13],[-9,4],[-14,-12],[-4,9],[0,24],[-5,29],[-2,46],[10,1],[6,9],[5,-10],[0,34],[-20,28]],[[291141,556469],[-4,7],[-1,28],[-7,49],[5,26],[-1,64],[4,13],[-5,25],[1,32],[-1,28],[-9,14],[3,13],[-1,16],[5,16],[5,30],[0,19],[-3,15],[-6,12],[2,33],[-7,16],[-2,23],[-4,3],[-7,-7],[-8,4],[-11,-15],[-5,20],[1,29],[-7,33],[0,19],[-4,10],[-14,8],[14,38]],[[284899,550830],[6,8],[8,-5],[10,15],[5,18],[5,25],[4,14],[7,9],[7,21],[6,9],[10,2],[7,-20],[6,-8],[6,-25],[9,7],[7,17],[10,36],[3,4],[15,-17],[10,-6],[9,-19],[9,-14]],[[285058,550901],[9,-43],[-3,-27],[2,-25],[-1,-130],[-2,0],[0,-19],[-3,-10],[-5,-21],[-5,-32],[7,-6],[10,-29],[-9,-54],[-11,-93],[-26,3],[-3,-19],[-8,-92],[-1,-38],[6,-52],[-3,-16],[-2,-43],[4,-40],[0,-88],[2,-16],[-6,-20],[-3,-48],[-17,-15],[-6,2],[-1,-20],[1,-26],[3,-18],[0,-20],[-8,-18],[3,-21],[-1,-20],[9,10],[6,-13],[2,14],[5,-7],[5,-23],[-1,-30],[5,-12],[-6,-21],[-2,-28],[-5,-25],[5,-17],[-1,-26],[-5,-7],[-8,-23],[-4,-28],[5,-4],[4,-20],[-1,-38],[3,-4],[-1,-66],[-8,-2],[-7,9],[-3,-32],[-5,-11]],[[284973,549383],[-5,10],[-10,-13],[-6,-1],[-3,-16],[-5,-1],[-6,21],[2,11],[7,0],[2,8],[-3,30],[2,23],[-6,28],[-15,-4],[-3,-23],[-5,4],[-3,-11],[-6,8],[-3,-5],[-10,2],[6,-16],[4,-23],[0,-33],[6,-21],[1,-14],[-7,-18],[-6,-37],[-2,-30],[-13,-12],[-3,-32],[-9,12],[-5,0],[-1,-6],[2,-4],[13,-25],[5,-41],[11,-60],[0,-49],[-3,-24],[3,-49],[-10,-20],[-11,-3],[-15,-28],[-9,-1],[-7,-11],[-9,-33],[-1,-12],[-1,-33],[-10,-18],[-7,47],[-3,24],[-13,32],[-4,-9],[-5,12],[-5,-16],[-4,27],[-7,5],[1,17],[-8,45],[3,20],[-9,-10],[-9,0],[8,16],[-4,20],[-2,34],[-2,5],[0,52],[-3,21],[-2,0],[-3,38],[-7,25],[-20,33],[-6,14],[-5,23],[-15,-40],[-7,12],[-3,-23],[0,-16],[6,-14],[2,-26],[-14,2],[-12,0],[-6,-11],[-2,-9],[5,-22],[0,-20],[-3,-12],[1,-24],[-9,-18],[-4,8],[-6,-20],[-8,-2],[-10,21],[-13,-17],[-2,8],[-1,67],[-3,28],[-3,6],[-2,-22],[-3,2],[-16,-8],[-10,9],[-9,-2],[-11,-30],[-10,-11],[-10,2],[0,13],[-16,10],[2,41],[5,6],[5,21],[-10,-4],[-11,5],[-10,-4],[-1,25],[-11,3],[-5,18],[-18,-16],[-9,5],[-11,-20],[-5,14],[3,21],[4,68],[-132,-166]],[[284312,549146],[-33,-39],[-38,-54],[-4,39],[-12,61],[-6,-31],[-32,-120],[-3,-10],[-4,-7],[-9,-9],[-28,-24],[-2,-2],[-3,5],[-11,-21],[-6,13],[-14,16],[-13,-31],[3,-13],[7,3],[-15,-17],[-4,-15],[-4,-3],[0,-12],[-18,-31],[-3,0],[-7,-22],[-9,-17],[-4,0],[1,-44],[-3,-5],[-3,20],[-10,-16]],[[284025,548760],[-8,76],[-33,116],[-27,44],[-6,26],[-2,19]],[[283949,549041],[-5,55],[-7,140],[0,43],[1,28],[-12,66],[4,54],[2,30],[6,22],[5,21],[7,26],[6,46],[-1,34],[-4,28],[-12,31],[-17,11],[-11,16],[-14,15],[-8,28],[-6,19],[-9,69],[-9,74],[6,39],[10,59],[9,18],[11,-12],[27,44]],[[284906,550811],[-8,-13],[-4,-43],[-2,-26],[-3,-52],[-12,8],[-12,-7],[-12,-37],[-2,-16],[7,-45],[-3,-17],[-5,-4],[-1,-14],[4,-13],[0,-17],[-4,-9],[-3,10],[-7,-21],[-2,-29],[-6,-15],[-9,5],[-4,-35],[-9,-14],[-3,-18],[2,-28],[2,-65],[-11,-23],[-5,2],[-4,-18],[6,-35],[9,19],[6,6],[0,-26],[-8,-9],[-4,-54],[-2,-13],[10,-27],[0,-33],[-26,2],[2,-17],[6,-13],[3,9],[6,-2],[13,11],[3,30],[-4,2],[1,18],[4,5],[12,31],[6,-10],[8,12],[7,-24],[3,-34],[0,-32],[7,-32],[3,7],[16,18],[4,20],[2,19],[8,44],[8,4],[0,109],[17,15],[4,8],[6,-20],[27,-77],[6,-25],[8,-17],[7,-26],[0,12],[14,72],[12,36],[-9,69],[-36,-1],[-2,18],[3,23],[-5,1],[-3,18],[10,47],[0,32],[-27,-20],[1,-10],[-11,-12],[-5,63],[-1,34],[7,6],[-2,25],[5,5],[-2,27],[2,28],[0,75]],[[286283,548004],[5,7],[4,9],[3,13],[5,51],[4,-3],[11,-32],[13,-15],[5,0],[11,28],[9,-6],[14,1],[7,-8],[-2,25],[-8,34],[-3,43],[-5,37],[8,9],[6,27],[7,-2],[15,5],[11,12],[14,-5],[10,7],[2,40],[-1,20],[4,21],[-2,28],[-7,13],[-9,43],[-3,56],[-4,21],[0,69],[-10,6],[-9,16],[-20,97],[7,23],[8,17],[-29,19],[-11,4],[-16,-11],[-17,6],[7,27],[8,12],[4,15],[3,32],[-2,46],[-2,69],[2,16]],[[286330,548946],[26,-1],[1,68],[2,417],[9,4],[16,-3],[10,7],[14,-2],[3,19],[9,17],[12,14],[4,12],[5,25],[16,41],[7,19],[8,5],[25,-3],[15,26],[-1,78],[5,53],[4,3]],[[286520,549745],[6,-36],[8,-5]],[[286534,549704],[8,-4],[27,-32],[16,-6],[8,-14],[3,-45],[15,-72],[2,-39],[-4,-19],[3,-19],[9,-6],[1,12],[-4,25],[5,24],[19,31],[3,10],[9,39],[6,39],[8,11],[8,-3],[9,-22],[9,-32],[2,-20],[-3,-17],[-11,-28],[-5,-36],[-3,-38],[0,-8],[13,14]],[[286895,546231],[-101,-530]],[[286794,545701],[-6,38],[1,36],[5,21],[-2,13],[1,41],[2,18],[-3,59],[-2,10],[1,19],[-3,13],[-15,0],[-5,-6],[0,13],[-7,14],[-5,-4],[-4,23],[-3,-5],[-3,17],[1,20],[-6,4],[5,20],[-4,12],[-1,25],[-7,18],[2,36],[-4,14],[5,25],[-4,-1],[3,30],[-4,-10],[-8,40],[-5,12],[-3,17],[-5,9],[-2,-7],[0,-176],[-3,-67],[-5,-47],[0,-142],[-5,9],[-9,34],[2,19],[-1,32],[-9,68],[1,59],[-1,175],[-23,-43],[-14,-34],[-14,4],[-11,43],[-7,5],[-19,51],[-37,1],[0,61],[-5,-35],[-5,-48],[-2,-59],[-3,-29],[-12,26],[-7,1],[-6,14],[-6,3],[-13,-12],[-5,6],[2,18],[-9,11],[-14,-2],[-13,11],[-2,10],[-29,31],[-10,2]],[[286415,546285],[-14,-3],[-8,3],[-50,61],[-29,48],[-28,21],[-1,6],[9,-10],[20,-14],[6,-9],[9,4],[6,-3],[6,10],[8,26],[9,22],[13,23],[4,14],[9,-5],[8,1],[6,-8],[9,3],[2,19],[-5,12],[-7,33],[13,25],[10,31],[8,14],[18,42],[18,46],[6,24],[10,30],[6,9],[7,23],[-5,8],[-1,14],[-3,-6],[-5,17],[3,4],[-2,31],[-3,-1],[0,15],[-4,20],[-2,23],[2,13],[0,20],[-14,-3],[-28,-12],[-20,1],[-4,10],[-7,36],[-2,34],[2,28],[11,42],[21,47],[11,16],[-2,18],[-11,37],[-4,-3],[-4,27],[-7,22],[0,12],[-7,13],[0,22],[-4,19],[2,31],[-6,47],[0,15],[-12,29],[-8,29],[-17,8],[-5,9],[-2,18],[-7,11],[-2,15],[-8,13],[-12,10],[-2,19],[-5,15],[-14,25],[-6,57],[-6,17],[-8,5],[-5,11],[-3,-3],[-3,12],[-9,-8],[-7,16],[-13,6],[-6,12],[-4,-2],[-8,15],[-24,88]],[[286204,547827],[6,37],[1,62],[1,40],[5,14],[6,-4],[48,-47],[12,4],[40,19],[1,39],[-10,9],[-31,4]],[[281389,559244],[-14,19],[-11,56],[1,6],[9,-16],[4,-2],[3,4],[1,6],[-4,30],[-4,3],[-5,0],[-7,-5],[0,7],[4,16],[2,57],[-1,48],[41,17],[0,18],[2,16],[11,55],[-4,7],[-22,-4],[-12,4],[0,12],[5,62]],[[281388,559660],[8,-2],[0,14],[14,4],[0,25],[4,-6],[19,0],[2,0],[5,9],[23,5],[1,-15],[9,0],[5,1],[9,0],[70,-1],[0,15],[3,0],[0,26],[12,-1],[-1,131],[14,0],[-1,-85],[12,-3],[-1,-8],[3,7],[11,27],[15,17],[14,7],[3,17],[6,25],[18,1],[0,-43],[12,0],[10,33],[2,1],[-1,44],[25,2],[1,41],[5,4],[3,-4],[2,4],[10,-2],[1,-5],[5,16]],[[281740,559961],[8,27],[13,45],[-6,-41],[7,0],[3,-18],[3,2],[2,4],[1,6],[0,21],[4,0],[0,-47],[14,0],[-1,-58],[7,0],[8,1],[-1,-25],[3,0],[10,1],[0,14],[5,13],[22,-1],[0,14],[0,28],[14,0],[0,-15],[8,0],[0,-62],[5,2],[0,-32],[0,-19],[17,3],[19,-5],[0,-9],[-1,-23],[-19,4],[-5,-33],[-7,-32],[0,-12],[5,-8],[6,-15],[8,-27],[7,-17],[14,-18],[6,-2],[1,-13],[4,6],[4,-6],[-1,-40],[4,-10],[4,2],[5,-8],[2,9],[-1,28],[3,61],[2,14],[13,20],[-1,-23],[5,4],[5,23],[10,22],[2,-12],[11,8],[14,17],[4,5],[4,-24],[7,-23]],[[282020,559687],[-15,2],[0,-157],[-3,-228]],[[282002,559304],[-3,-127],[-161,1],[-2,-167],[-88,-262]],[[281748,558749],[-4,47],[-7,23],[-5,4],[-2,47],[4,25],[5,-1],[3,8],[0,20],[3,6],[2,24],[-2,43],[8,47],[0,10],[-3,23],[-3,6],[-3,18],[-4,10],[-1,16],[-4,24],[-1,5],[-4,6],[-1,27],[-7,0],[-9,4],[-10,23],[-4,9],[-5,-17],[-5,8],[-23,-11],[-2,-21],[-5,16],[-10,-10],[-21,-13],[-13,-17],[-19,-12],[-1,-49],[-6,1],[1,48],[-19,5],[-2,2],[-1,15],[15,30],[2,-15],[17,-1],[0,-18],[2,2],[5,9],[0,-12],[4,-4],[4,4],[7,10],[-1,4],[0,11],[-3,-3],[0,29],[4,51],[4,-3],[2,4],[2,18],[2,3],[0,-13],[2,-3],[2,1],[5,-2],[3,-9],[19,-30],[3,-1],[2,0],[4,6],[-9,6],[-1,20],[0,26],[13,-2],[1,10],[-13,1],[2,18],[10,-1],[1,38],[-7,7],[-3,15],[-20,-26],[-11,0],[0,-14],[8,-2],[-8,-10],[-4,-25],[-4,12],[-2,16],[-4,-17],[-11,-51],[3,4],[-25,-45],[6,26],[-6,0],[0,15],[1,8],[-1,4],[-5,1],[-7,4],[-4,-3],[-4,39],[0,30],[-7,24],[7,28],[-7,-1],[-3,11],[-10,16],[-12,-5],[-10,8],[-3,-20],[-4,4],[1,31],[-8,6],[4,54],[-1,14],[-3,2],[-5,-16],[-10,-12],[-7,-30],[-15,-8],[-11,9],[-9,-21],[-12,-50],[-11,-33],[-14,-4],[-8,3],[-4,-5],[2,-56],[-2,-56],[-3,9],[-3,2],[-13,-38],[2,-32],[-1,-62],[-4,-1],[0,19],[3,42],[0,12],[-7,-1],[-4,-12],[0,29],[-27,-1],[1,113],[7,19],[2,7],[5,7],[11,-2],[4,-26],[-3,-7],[-13,17],[-2,-5],[1,-11],[10,-50],[15,-20],[0,3]],[[281342,559641],[4,18],[0,-8],[14,-1],[0,-23],[5,7],[0,-25],[-10,-1],[0,-44],[-13,2],[0,75]],[[281362,559746],[2,-4],[13,-20],[-7,-29],[-2,-28],[15,-3]],[[281383,559662],[0,-25],[-17,1],[0,27],[0,28],[-8,0],[0,10],[-6,-9],[-10,1],[2,36],[10,0],[0,16],[-10,0],[-7,13],[-2,6],[2,12],[5,0],[0,-27],[12,-4],[8,-1]],[[285329,582483],[-1,6],[-3,12]],[[285944,581718],[3,-18],[5,-80],[7,-50],[7,-13],[11,-5],[3,-13],[-3,-30]],[[285977,581509],[-7,-24],[-7,-19],[-3,-18],[-12,-25],[-5,-25],[1,-10],[-4,2],[-13,30],[-51,1],[-3,6],[0,-24],[2,-18],[-4,-23],[3,-22],[1,-16],[-6,-15],[-1,-13],[-6,-10],[-5,-16],[-9,-1],[6,-23],[-5,-16],[12,-51],[3,-25],[-3,0],[-7,21],[-3,-7],[6,-33],[-4,-9],[-7,-1],[-5,8],[-2,-12],[0,-23],[-8,9],[-4,-7],[2,-26],[-6,-18],[0,-12],[-27,91],[-6,-4],[-5,7],[0,-45],[-10,-14],[7,-33],[8,-22],[-10,11],[-4,23],[-18,-31],[-27,0],[-2,2],[-10,-5],[-10,-21],[1,-4],[12,7],[0,-22],[-18,1],[-10,-37],[0,-8],[-6,9],[-13,1],[-3,-35],[2,-10],[0,-32],[15,-1],[0,-24],[1,-30],[6,-59],[-1,-10],[1,-28],[7,-17],[0,-23],[-9,-19],[7,-1],[-3,-73],[13,-36],[6,2],[4,-17],[0,-11],[9,-59],[-2,-10],[-4,-51],[11,0],[5,-29],[8,-12],[6,-32]],[[285754,580333],[0,-96],[2,-12],[1,-18],[4,-28],[-4,3],[0,-21],[-4,-10],[-14,0],[0,-9],[-13,1],[-1,9],[-8,0],[-7,33],[9,21],[-3,14],[-8,-7],[-4,22],[-11,2],[-8,-17],[-14,-1],[0,-20],[0,-104],[7,0],[0,-30],[6,0],[0,-49],[-11,-2],[-3,-29],[0,-78],[-1,-24],[-1,1],[-8,-33],[-13,-3],[-4,-18],[-20,-34],[-18,-22],[-2,37],[0,8],[-1,3],[-8,-3],[-2,0],[0,32],[-9,1],[0,19],[5,0],[0,58],[-27,23],[-1,-135],[-6,3],[-5,-10],[-2,-74],[-7,0],[0,-18],[-8,0],[0,-24],[3,-1],[0,-42],[-3,0],[-4,-42],[-15,-33],[-1,-9],[2,-10],[9,-35],[2,-14],[-2,-25]],[[284785,580463],[5,44],[13,76],[4,32],[5,18],[-1,25],[6,11],[3,29],[10,43],[7,14],[10,1],[4,-12],[3,38],[4,13],[4,28],[0,17],[12,47],[0,13],[-10,3],[-9,17],[6,67],[5,20],[3,33],[9,61],[4,19],[11,-5],[9,7],[9,-9],[6,3],[4,14],[3,52],[-5,14],[-8,4],[0,14],[-5,14],[4,28],[13,6],[4,19],[-1,11],[-5,21],[0,9],[7,28],[4,6],[9,-16],[9,22],[7,48],[4,9],[4,26],[6,4],[12,-15],[5,13],[8,8],[6,19],[11,-3],[13,-20],[7,4],[0,-8],[25,-37],[3,16],[7,0],[1,85],[41,-3],[9,50],[16,-1],[-2,68],[14,7],[-5,-2],[-3,19],[2,17],[12,9],[0,88],[-17,6],[17,81],[1,82],[27,0],[0,-29],[26,-1],[0,15],[-5,34],[1,18],[6,-1],[0,-34],[8,-4],[17,2],[-3,29],[11,8],[12,2],[9,-17],[2,40],[-1,58],[15,-17],[-2,103],[-13,0],[2,134],[0,39],[-3,0],[0,43],[11,1],[2,50],[2,35],[12,0],[1,38],[10,1],[-1,-39],[9,-3],[11,35],[9,11]],[[286204,575638],[-1,10],[-7,2],[-2,9],[1,17],[-11,8],[1,15],[8,12],[3,16],[-3,23],[-8,15],[0,10],[4,2],[6,14],[-1,28],[2,8],[11,-24],[4,20],[2,26],[0,-52],[12,0],[3,-13],[-3,-24],[-5,10],[2,-15],[6,-16],[1,-9],[6,10],[8,-21],[6,-5],[1,0],[2,-22],[4,5],[1,15],[1,10],[1,15],[8,-23],[4,34],[7,3],[3,-37],[12,1],[1,-1]],[[286294,575714],[-11,-28],[0,-21],[6,-28],[-6,-43],[0,-43],[2,-9],[17,-18],[4,0],[8,14],[15,-5],[3,-9],[7,-32],[1,-4],[14,-20],[4,-25],[-2,-22],[3,-17],[3,-32],[-1,-8],[-10,-33],[-5,-25],[-12,-4],[-8,-13],[-14,2],[-4,-6],[0,-23],[5,-15],[9,-15],[5,-18],[7,-10],[7,-2],[10,5],[6,-14],[7,-28],[10,-10],[16,-65],[13,-33],[6,-20],[4,-32],[12,-30],[0,-31],[-10,-47],[2,-11],[8,0],[15,23],[16,20],[9,-13],[19,-20],[10,5],[5,19],[3,35],[4,8],[11,-27],[1,-11],[0,-17],[-9,-36],[-18,1],[-6,-3],[-4,-9],[-2,-21],[2,-30],[3,-18],[13,-18],[5,-18],[12,-14],[3,-11],[14,-48],[4,-19],[3,11],[1,7]],[[286802,573668],[4,-8],[1,-14],[-4,-26],[3,-27],[4,-23],[-2,-26],[7,-35],[0,-14],[6,-26],[2,-29],[4,-15],[0,-10],[5,-1],[0,-50],[3,-13],[6,8],[12,0],[6,-16],[-6,-64],[-1,-32],[-6,-31],[-10,-9],[2,-12],[-2,-7],[6,-32],[1,-42],[7,-32],[-4,-20],[-2,-22],[2,-14],[6,-10],[1,-23],[-8,-15],[2,-12],[19,-21],[13,7],[7,-8],[3,13],[-2,27],[12,5],[10,-18],[3,3],[0,20],[7,7],[6,-27],[-1,-33],[-4,-13],[-7,5],[-3,-9],[1,-11],[8,-7],[4,-19],[-5,-21],[11,-13],[5,-12],[7,-30],[2,-20],[-6,-48],[0,-27],[-1,12],[-11,-4],[0,-15],[-5,-16],[0,-8],[6,-9],[5,-27],[4,-4],[9,-24],[2,-21],[-8,-26],[4,-32],[4,-8],[7,-1],[10,-23],[7,-3],[-1,-13],[-5,-22],[1,-22],[6,-13],[-2,-20],[2,-13],[0,-24],[1,-43],[0,-18],[5,-17],[8,-8],[-68,-375]],[[286917,571919],[-95,-532],[-4,24],[2,48],[-6,19],[-17,87]],[[286797,571565],[3,58],[7,27],[-3,71],[-7,35],[-1,21],[6,4],[4,28],[-11,31],[0,14],[-15,-10],[-6,7],[-1,10],[-8,17],[-5,1],[-8,18],[-2,24],[-5,7],[-9,-2],[-9,24],[-6,21],[-16,13],[-2,30],[-8,13],[-3,41],[-4,16],[-4,45],[-8,-5],[-12,26],[-9,33],[-12,-16],[-8,-19],[-10,-38],[0,119],[-4,-3],[-1,-17],[-4,18],[-1,29],[-3,9],[-7,-12],[-7,4],[-8,-21],[2,-10],[-6,-3],[-5,-12],[-12,-7],[-9,-21],[-10,0],[-2,7],[-3,-8],[-9,0],[-11,34],[12,9],[0,26],[6,20],[-2,14],[8,0],[1,24],[4,-10],[8,19],[1,38],[-2,11],[5,28],[-2,7],[-1,43],[-4,3],[0,111],[9,0],[-1,25],[6,18],[21,-1],[0,42],[27,-3],[1,94],[-24,0],[0,41]],[[286598,572775],[10,11],[4,14],[13,-19],[21,-8],[4,14],[-1,75],[15,5],[3,-17],[-1,-16],[5,-30],[8,-33],[10,-30],[5,-24],[0,-8],[-15,-44],[-2,-29],[13,-5],[5,15],[-1,34],[7,20],[2,18],[-3,9],[2,26],[-8,19],[1,9],[-8,29],[-1,15],[-12,34],[-8,9],[4,4],[8,21],[7,30],[7,-2],[11,18],[12,4],[3,29],[-3,19],[-2,43],[3,5],[-5,26],[-5,9],[0,22],[4,36],[1,27],[-14,2],[-6,-17],[5,-28],[-2,-35],[-7,-6],[-2,-15],[-6,-12],[-7,8],[-3,-6],[-5,15],[-7,-11],[-6,35],[-14,1],[-6,18],[-2,-17],[-4,0],[0,80],[5,0],[0,18],[-6,15],[-22,0],[-8,25],[10,-5],[3,30],[-7,11],[17,-16],[13,9],[-4,5],[-9,-7],[-4,4],[-7,24],[-1,18],[-4,11],[-1,35],[-6,5],[-3,31],[-15,-1],[-5,-9],[-5,24],[1,24],[4,10],[-7,7],[-6,34],[1,35],[-14,35],[-3,-12],[-2,24],[-21,0],[-2,83],[-13,-1],[1,158],[-13,-18],[-17,-12],[-5,-18],[-13,-26],[-14,-14],[-11,68],[-10,-15],[-10,-9],[-7,15],[-10,9],[-5,-11],[-6,23],[-6,4],[-7,27],[0,21],[7,19],[3,30],[-2,10],[-9,-5],[-7,21],[-9,17],[0,-39],[-7,-8],[-6,-15],[-8,-37],[-12,-22],[-5,10],[-8,-4],[-8,12],[3,-15],[-10,0],[-3,-32],[0,-50],[-1,-6],[-13,0],[0,56],[3,9],[0,29],[-10,8],[-10,-17],[-9,-56],[-16,-78],[1,21],[-4,9],[8,80],[3,11],[-10,22],[-1,-12],[-45,97],[1,40],[-8,7],[-6,22],[-3,-33],[-3,1],[4,40],[-3,8],[2,29],[4,13],[1,45],[16,36],[-4,22],[-7,13],[0,31],[-4,-10],[-4,12],[-41,71],[-2,12],[-9,10],[-7,-3],[-6,38],[18,1],[3,19],[11,11],[7,-19],[7,17],[-2,76],[-22,-1],[1,40],[0,41],[0,102],[-4,1],[-1,33],[12,63],[-14,1],[6,32],[-9,10],[0,12],[3,14],[-21,-1],[1,-24],[-2,-22]],[[286101,574714],[-2,-6],[-21,11],[-5,-9],[-6,-35],[-4,-10],[-9,5],[-11,-14],[-5,-18],[1,-11],[-2,-23],[-8,-21],[-6,23],[-9,11],[-3,15],[5,19],[3,5],[1,17],[4,10],[8,-2],[8,8],[2,-8],[10,0],[12,13],[8,31],[5,5],[1,31],[-9,-1],[-2,29],[-16,15],[6,4],[7,-7],[7,-1],[9,37],[-1,10],[11,45],[10,-3],[3,17],[9,-14],[3,9],[-11,42],[-1,22],[6,16],[10,7],[6,11],[0,25],[3,22],[2,59],[5,28],[2,-5],[7,10],[11,48],[7,11],[4,-6],[3,-20],[6,-11],[3,7],[-2,1],[1,85],[2,15],[7,9],[5,32],[16,-7],[3,31],[15,13],[-1,7],[4,5],[-4,9],[3,48],[3,5],[-9,21],[-1,20],[4,40],[10,20],[-1,18],[-2,45],[-4,2],[-14,40],[-9,12]],[[285759,575883],[67,0],[3,0],[67,0],[74,0]],[[285970,575883],[-2,-85],[-7,-1],[0,-20],[6,-26],[0,-49],[-7,-6],[-7,-26],[-2,22],[-4,9],[-6,-21],[0,-26],[-3,-32],[0,-170],[20,-1],[2,11],[10,-2],[-3,33],[9,2],[15,37],[4,23],[5,-42],[19,-2],[11,-21],[4,-33],[16,0],[-1,-25],[3,4],[15,-5],[1,-12]],[[286068,575419],[-7,-26],[-2,-9],[13,-33],[1,2],[-2,-36],[0,-32],[5,-34],[1,-22],[5,2],[1,-35],[-2,-49],[-2,-15],[0,-25],[26,0],[-1,-29],[-6,-3],[-2,-22],[3,-3],[-1,-5],[-15,-19],[-7,35],[-1,16],[1,37],[-1,57],[-10,20],[-4,3],[-4,-9],[-7,-36],[3,-11],[0,-24],[-6,-29],[2,-16],[-9,-20],[9,-18],[3,-2],[-3,-23],[-1,13],[-8,4],[-4,-19],[1,-24],[3,-14],[-2,-18],[3,-16],[-13,-1],[0,-26],[-4,-31],[-4,-13],[-10,0],[-3,-15],[-1,-18],[-6,27],[-2,29],[-6,13],[-1,30],[-33,0],[-18,4],[-51,5],[-47,114],[6,22],[-5,9],[-6,32],[-8,19],[1,26],[-3,11],[-3,-9],[-9,34],[1,14],[-3,22],[-11,6],[-3,11],[-7,-6],[3,29],[-6,2],[-3,15],[-6,1],[-3,12],[3,21],[-6,25],[1,-13],[-9,-30],[-8,-50],[-5,-4],[-11,7],[-6,16],[-4,-6],[-8,2],[0,13],[-5,-4],[-7,14],[-6,3],[7,11],[-2,18],[5,16],[-5,19],[6,4],[-1,18],[-11,-8],[-2,16],[7,2],[-1,11],[-8,8],[-2,16],[4,10],[-5,17],[2,12],[-6,-3],[-4,7],[0,23],[4,18],[8,-6],[-7,21],[4,34],[-6,17],[2,17],[-8,-1],[4,21],[-2,8],[-8,-2],[-9,4],[-2,7],[9,2],[3,9],[6,-3],[2,12],[5,-1],[4,17],[10,21],[3,-4],[5,22],[5,31],[6,21],[16,8],[7,13],[10,-17],[8,18],[2,13],[5,56],[-1,11],[-10,7],[-6,18]],[[282002,559304],[4,-23],[7,-15],[20,-19],[10,-6],[4,-35],[5,-22],[6,-1],[14,-24],[12,-33],[4,13],[2,33],[12,34],[10,17],[16,16],[10,18],[3,13],[-2,46],[1,15],[6,22],[12,26],[-3,-56],[12,5],[13,26],[12,2],[11,-16],[7,-30],[5,-38],[8,-7],[10,-19],[-12,-26],[-6,-1],[-3,-9],[-26,0],[-4,-57],[-10,-27],[-12,-1],[-2,-42],[8,13],[9,5],[3,-30],[3,-6],[31,-3],[0,-23],[29,-6],[-1,-42],[9,-2],[-6,-18],[-8,-29],[21,-14],[12,5],[-1,-21],[4,-30],[6,4],[8,-14],[1,-11],[8,-7],[5,6],[7,-6],[0,-33],[4,-18],[-3,-16],[4,-26],[0,-18],[4,19],[15,38],[1,-5],[-3,-79],[-2,-14],[4,5],[11,-7],[11,-23],[5,-24],[2,-16],[8,-14],[-3,-50],[-6,-42],[3,-14],[10,-29],[2,-19],[4,-19],[9,-37],[3,-32],[9,-46],[5,-58],[2,-40],[-1,-26],[-7,-45],[-5,-20],[-1,-19],[2,-50],[2,-7],[3,-6],[14,-6],[5,-18],[2,-35],[-2,-32],[-4,-15]],[[282413,557958],[-1,-13],[0,-53],[-2,-22],[-4,-22],[9,-43],[-3,-3],[5,-13],[5,-44],[4,-20],[12,-38],[-1,-14],[-7,-20],[-4,-37],[-10,-18],[-3,-11],[0,-30],[1,-27],[4,-39]],[[281589,558167],[-35,-1],[0,86],[55,-1],[2,173],[53,1],[1,83],[3,0],[5,16],[75,225]],[[286755,550360],[59,68],[17,2],[111,103],[-2,-32],[-7,-19],[6,-17],[13,-3],[4,3],[21,-1],[12,6],[-2,18],[2,68],[-2,-2],[-38,-18],[-5,15],[3,39],[-1,23],[2,47],[6,48],[0,34],[-5,56],[64,-112],[9,44],[0,195],[0,9],[2,740],[0,73],[20,43],[8,-11],[2,-9],[5,-6],[10,-27],[3,3],[6,17],[7,5],[3,10],[3,23],[-3,35],[-6,13],[-1,53],[72,-3],[-11,35],[-19,114],[-4,18],[-9,28],[-10,25],[14,13],[14,2],[8,11],[23,6],[17,-4],[-1,26],[-5,74],[2,40]],[[287172,552281],[0,33],[11,-5],[11,0],[0,13],[6,9],[9,-10],[3,-15],[12,5],[7,-5],[7,2],[2,-20],[7,1],[0,-15],[8,-7],[6,-18],[4,2],[3,10],[-4,7],[2,20],[5,5]],[[287475,551004],[-1,-77],[-87,3],[-225,2],[4,-28],[1,-70],[3,-46],[24,-157],[9,-24],[5,-3],[0,-53],[-5,-23],[-16,-50],[-10,-37],[-7,-13],[15,-24],[19,-53],[-6,-31],[-3,-52],[-5,-40],[-6,-25],[0,-31],[3,-22],[-1,-39],[-12,-6],[-20,-23]],[[287154,550082],[-20,2],[-5,-6],[-16,-31],[-20,-19],[0,-13],[-5,-39],[-7,-10],[0,-11],[-5,-9],[-2,-35],[-13,-23],[-3,-22],[-1,-35],[-3,-22],[-14,-3],[-10,6],[-10,16],[-11,-12],[-2,-26],[-3,0],[-1,-18],[-7,-3],[-4,-27],[-7,-14],[-9,-3],[3,33],[5,26],[-1,32],[3,40],[16,12],[13,-5],[26,19],[0,72],[-12,-34],[-6,-9],[0,25],[-4,25],[-4,59],[-4,25],[-20,16],[5,61],[3,18],[3,64],[13,77],[1,27],[-2,50],[-3,10],[-67,2],[-49,-393],[2,-41],[12,-67],[4,-70],[-39,3],[-7,-44],[-10,-77],[-57,-448],[-3,-29],[-18,-131]],[[286534,549704],[8,0],[6,-6],[6,12],[3,12],[14,3],[-5,9],[-1,15],[2,29],[8,25],[-2,23],[6,25],[-6,28],[-2,13],[-7,-2],[0,19],[-4,7],[-3,19],[0,22],[-2,6],[-3,42],[1,9],[8,5],[6,26],[-4,5],[2,10],[7,14],[13,13],[3,22],[4,7],[-4,23],[-2,31],[37,40],[7,8],[10,38],[28,3],[87,101]],[[282566,561318],[5,-12],[10,-11],[5,9],[23,14],[0,41],[6,43],[3,30],[3,7],[2,38],[-3,29],[9,30],[-13,26],[-4,22],[-13,24],[-8,60],[-7,13]],[[282584,561681],[1,28],[-5,23],[-1,47],[8,1],[-1,34],[4,9],[2,21],[5,12],[10,16],[4,16],[0,12],[-9,9],[15,79],[12,79],[4,4],[1,-3],[4,15],[2,39],[8,26],[0,25],[-7,16],[-2,23],[8,33],[1,64],[-3,19],[2,15],[-3,37],[-1,36],[8,5],[7,37],[2,29],[-7,15],[-11,45],[-1,18],[-9,8],[-7,26],[1,16],[8,11],[-1,16],[7,17],[5,-7],[13,9],[10,3],[2,18],[0,18],[2,7],[6,-5],[0,13],[4,3],[-10,35],[-2,21],[-4,-9],[-4,9],[-3,21],[-8,27],[-1,39],[-6,35],[136,-1],[42,-9],[-1,17],[-2,36],[2,38],[3,74],[5,8],[9,52],[9,-7],[6,39],[-2,4],[4,32],[7,39],[-4,60],[5,88],[8,-9],[4,7],[10,5],[-1,-103],[5,-4],[3,-37],[12,16],[0,-47],[26,-2],[-1,-28],[11,7],[0,17],[6,39],[8,28],[8,-13],[11,15],[13,5],[6,3],[6,19],[9,-5],[11,22],[11,-28],[-2,-16],[15,-4],[3,9],[5,0],[0,-40],[14,-1],[0,77],[8,4],[1,4],[7,32],[0,4],[21,-1]],[[283101,563341],[7,-132]],[[283108,563209],[18,-329],[4,-84],[6,-120],[4,-62],[18,-375]],[[283158,562239],[-7,9],[-15,-3],[-28,-39],[9,224],[-2,19],[-3,11],[-29,38],[-1,3],[-1,-2],[-8,3],[-1,-67],[-3,-18],[-6,12],[-15,-1],[-2,-16],[-13,-1],[-5,-50],[-10,-5],[-3,-24],[9,-39],[1,-33],[-13,-3],[-20,15],[-4,7],[-21,55],[-1,-6],[-5,-95],[0,-19],[-1,-11],[-1,-12],[0,-7],[-7,-64],[-1,-44],[-4,-19],[9,-20],[12,-44],[7,-12],[6,-2],[4,-13],[-14,-46],[-26,65],[-3,17],[-20,-77],[-6,-36],[4,-15],[12,-27],[7,-32],[9,1],[13,-21],[9,-26],[6,6],[2,-13],[6,-10],[5,-28],[-1,-17],[3,-33],[5,-16],[-7,-25],[0,-13],[7,-14],[3,-23],[6,-8],[0,-29],[8,0],[3,-4],[3,-12],[2,-12],[2,-3],[2,-7],[1,-8],[5,-20],[-1,-19],[9,-21],[1,-15],[-10,-30],[9,-40],[6,6],[6,-41],[2,-32],[-4,-16],[2,-44],[5,-33],[15,-7],[7,-13],[12,-10],[0,-12],[-6,-27],[8,-11],[1,-44],[-8,-81],[-5,-40],[-29,-106],[-1,-24],[-5,-16],[-4,-1],[-6,-19],[-6,-39],[-7,-36]],[[283022,560709],[-7,-28],[-3,4],[-12,-8],[-7,11],[-6,0],[-6,12],[-1,22],[-8,24],[-7,11],[-4,41],[-8,26],[-8,6],[-11,24],[-2,19],[-9,-26],[-5,-26],[-5,0],[-5,-8],[-3,-26],[2,-20],[1,-23],[-2,-18],[-17,-21],[-4,-18],[-7,6],[-8,-4],[-5,5],[0,29],[-3,29],[3,27],[-17,60],[-6,13],[-10,4],[-8,15],[1,-13],[-5,-33],[2,-28],[-10,3],[-29,-26],[-7,-11],[-12,-46],[-6,-10],[-17,-7],[-38,6],[-6,4],[-16,34],[0,34],[2,15],[9,17],[3,13],[13,-18],[14,46],[16,10],[5,66],[-1,12],[2,13],[0,4],[-4,0],[0,8],[2,17],[-1,11],[-5,-9],[-22,8],[-1,29],[-3,13],[-3,33],[-10,-7],[-6,13],[-12,10],[-4,-3],[-7,7],[-3,-5],[-10,11],[-3,-11],[-11,0],[-10,32],[0,13],[-7,-1],[-8,7],[-13,-7],[-5,-12],[-14,-5],[-4,7],[-8,-5],[-5,-15],[-7,24],[-13,25],[1,17],[9,23],[4,34],[3,11],[2,16],[-5,25],[2,45],[3,3]],[[291613,550785],[-14,7],[-6,8],[-11,32],[-2,24],[-5,9],[-5,35],[2,26],[-8,24],[1,49],[2,16]],[[291505,553408],[-4,6],[-4,16],[-13,25],[-1,12],[5,27],[10,-11],[3,24],[0,24],[-4,25],[0,50],[2,15],[-1,44],[-3,20],[-2,42],[1,10],[-3,40],[-8,34],[9,101],[2,34],[-21,131],[8,17],[15,4],[7,20],[3,25],[4,12],[13,18],[11,-4],[11,-18],[6,7],[-1,13],[6,-8]],[[291556,554163],[0,-14],[8,-15],[3,-20],[-1,-30],[3,-16],[6,-6],[2,-18],[9,-8],[2,-20],[-2,-13],[0,-26],[5,-4],[-2,-12],[7,-31],[-2,-19],[3,-13],[4,1],[0,-19],[4,-10],[10,1],[7,-13],[0,12],[8,-10],[2,-45],[-3,-9],[4,-20],[-1,-12],[-10,-27],[-1,-30],[4,-4],[-6,-14],[0,-25],[8,-22],[5,-2],[2,-16],[-3,-14],[6,-20],[2,-17],[10,-6],[8,-17],[-4,-10],[7,-3],[5,-20],[-4,-2],[2,-24],[-1,-21],[-2,-5],[-2,-17],[6,-25],[16,-15],[11,0],[1,-13],[3,9],[5,-4],[2,12],[6,-23],[0,-36],[-2,-24],[-7,-22],[-4,7],[-4,-33],[9,-17],[9,3],[4,-14],[3,6],[3,-15],[-3,1],[9,-40],[4,-2],[0,13],[3,0],[4,-16]],[[291598,551584],[0,10],[-10,36],[-1,13],[-7,15],[-3,-3],[-12,-5],[-4,16],[-8,-15],[-13,22],[-1,5],[-2,8],[-9,-11],[-8,-29],[-4,5],[-4,45],[-13,75]],[[291499,551771],[-1,9],[-4,62],[2,4],[7,11],[-1,81],[4,138],[18,177],[-13,9],[-5,6],[-3,4],[41,69],[-7,51],[-3,-9],[-13,91],[-10,84],[-8,2],[-12,-3],[-22,9],[-32,-3],[8,40],[5,43],[-7,11],[-26,-16],[-6,39],[-7,-15],[-6,3],[-13,-11],[-1,11],[2,84],[10,0],[12,26],[7,3],[14,-14],[10,-5],[16,-33],[5,-18],[12,60],[5,41],[14,47],[6,58],[1,5],[15,9],[31,-12],[6,5],[-3,37],[-7,32],[-4,8],[-6,37],[-8,14],[5,28],[-3,18],[-6,10],[17,41],[33,57],[1,6],[-20,88],[-15,45],[-3,17],[-8,71],[-3,20],[-7,-28],[-8,-17]],[[289197,550496],[7,-34],[4,-33],[3,-40],[-6,-9]],[[288964,546298],[0,20],[8,16],[2,14],[9,-2],[6,15],[0,18],[-7,31],[-6,0],[-2,9],[-2,36],[2,11],[7,6],[1,13],[-7,8],[-2,17],[4,11],[-1,11],[-9,-13],[-1,17],[8,27],[13,7],[4,17],[-5,14],[-2,-14],[-7,2],[4,22],[-1,11],[-8,9],[-9,-8],[-1,19],[10,28],[4,1],[0,-21],[3,-5],[3,20],[10,2],[1,16],[-8,8],[-3,11],[-2,33],[-7,3],[-7,-10],[-9,10],[-7,16],[-14,16],[-15,28],[-10,26],[6,15],[-3,9],[-12,-5]],[[288902,546843],[-2,5],[0,59],[-4,-6],[-1,-16],[-3,-3],[-3,19],[-6,12],[0,19],[4,-8],[3,18],[5,4],[-4,21],[1,17],[-6,-2],[-2,20],[-8,-11],[-4,3],[1,17],[-5,12],[-4,25],[0,17],[-3,2],[-4,-21],[-6,9],[2,13],[-1,24],[-3,11],[8,14],[-2,14],[-9,0],[-3,-11],[-2,7],[2,18],[-7,-9],[-2,6],[5,16],[1,18],[7,19],[1,16],[-2,36],[-5,10],[0,23],[-5,14],[-2,36],[1,15],[6,-8],[3,17],[1,19],[-4,42],[-9,2],[-4,25],[5,12],[4,-4],[2,15],[-5,19],[2,23],[-6,-9],[-6,25],[-3,0],[-2,-16],[-4,7],[3,15],[-2,13],[-7,9],[6,9],[0,35],[-6,-5],[-2,19],[2,30],[-1,56]],[[288808,547695],[1,12],[9,15],[4,0],[7,37],[2,-1],[12,-32],[2,5],[1,19],[-1,51],[1,33],[5,17],[-2,15],[-9,-6],[-2,-25],[-5,10],[-1,30],[5,-12],[5,24],[-9,26],[-1,16],[-1,33],[-2,18],[-1,34],[0,7],[3,11],[0,9],[1,12],[7,0],[-4,17],[-4,20],[1,17],[-2,4],[-3,-9],[-6,14],[2,5],[4,-3],[-5,14],[0,17],[-3,0],[-1,-8],[-4,4],[0,15],[-1,9],[-3,12],[2,13],[-1,8],[-5,12],[2,9],[5,-4],[2,3],[4,11],[1,18],[4,3],[4,1],[1,4],[-2,7],[-6,17],[3,33],[0,8],[-6,11],[3,22],[-6,7],[-1,14],[3,20],[-3,2],[-3,-16],[-7,38],[-5,6],[0,21],[7,31],[-1,32],[-5,-15],[-14,43],[-7,5],[-3,47],[2,10],[3,-18],[6,-6],[1,14],[-2,15],[-4,3],[3,22],[-2,6],[-8,-8],[-5,21],[-4,2],[3,46],[-6,20],[-6,0],[-5,13],[0,-18],[-10,9],[-3,-8],[-1,-24],[-2,16],[-5,-8],[-5,9],[-7,-15],[-7,-5],[-4,-22],[-5,0],[3,21],[1,21],[-5,-1],[-4,-17],[-6,8],[3,22],[-5,10],[3,13],[-4,14],[-6,0],[0,14],[-8,-1],[0,16],[-8,-4],[-1,12],[-8,-24],[-3,3]],[[288655,548773],[1,30],[-6,14],[-1,14],[-5,0],[5,20],[-3,11],[-10,1],[-9,17],[4,26],[-5,39],[0,27],[3,12],[-8,19],[3,29],[-7,8],[-2,20],[6,-11],[0,54],[-6,7],[-4,20],[1,15],[5,5],[-1,26],[5,5],[5,26],[9,-23],[5,3],[-8,18],[7,-2],[8,30],[1,35],[-2,17],[5,19],[0,22],[5,4],[0,31],[-4,-15],[-7,8],[-2,13],[4,11],[-4,21],[-5,-12],[-4,4],[5,23],[4,9],[5,-23],[3,3],[-1,17],[-4,18],[6,23],[-6,7],[-1,17],[6,-6],[3,24],[4,12],[-2,16],[-8,0],[0,11],[8,19],[6,-4],[-2,17],[-13,9],[6,18],[2,16],[-6,-2],[-5,9],[-2,18],[9,11],[-1,8],[-10,10]],[[283822,581907],[2,12],[-9,7],[-3,27],[8,15],[0,17],[-4,-10],[-3,9],[5,28],[-4,9],[2,38],[-6,29],[7,9],[4,19],[4,8],[6,28],[31,71],[26,21],[2,8],[9,-16],[15,4],[-2,-5],[9,-14],[1,14],[14,-4],[-2,28],[7,5],[-2,38],[5,1],[7,-8],[-4,51],[-12,27],[-4,20],[-13,38],[9,90],[16,-20],[3,15],[5,-2],[6,12],[13,0],[2,144],[0,18],[64,190]],[[284719,582486],[-9,-12],[-13,-32],[-11,-58],[-6,-38],[-4,-65],[0,-36],[1,-27],[5,-44],[5,-26],[13,-36],[19,-39],[13,-39],[8,-28],[7,-50],[2,-50],[-2,-48],[-6,-36],[-6,-24],[-15,-45],[-6,-13],[-18,-25],[-22,-17],[-18,-9],[-10,-10],[-15,-22],[-12,-28],[-3,-10],[-5,-20],[-7,-47],[-1,-22],[2,-155],[0,-39],[-3,-43],[-6,-35],[-10,-49],[-16,-44],[-17,-32],[-10,-8],[-18,-3],[-8,1],[-24,10],[-18,19],[-17,31],[-17,44],[-11,38],[-8,39],[-9,77],[-10,86],[-3,10],[-10,21],[-4,6],[-12,5],[-6,-2],[-7,-14],[-7,-33],[-2,-50],[1,-40],[2,-31],[10,-61],[5,-46],[1,-31],[-3,-54],[-5,-23]],[[284363,581124],[-10,-22],[-12,-53],[-10,-39],[-6,-16],[-11,-24],[-7,-25],[-13,-48],[-10,-34],[-11,-30],[-18,-38]],[[284255,580795],[-84,172],[-72,148],[-10,-41],[-17,28],[-2,-16],[-10,22],[-3,-15],[2,-4],[0,-14],[-7,-25],[-2,6],[-14,36],[-12,-29],[-11,-11]],[[284975,583302],[10,41],[4,0],[0,19],[5,23],[-1,13],[11,3],[-2,7],[3,32],[-1,7],[-10,-11],[-1,44],[12,36],[16,-3],[22,6],[-2,22],[19,0],[-8,-44],[19,-9],[10,19],[7,1],[5,-12],[-21,-23],[24,-1],[-2,-33],[5,-9],[55,-2],[0,-43],[27,-1],[0,-22],[5,-2],[-4,-15],[32,9],[6,-18],[8,-44],[3,-5],[5,-24],[23,-24],[9,-14],[16,-18],[14,-27],[12,-40],[4,-54],[1,-12],[-9,-61],[-1,-36]],[[284740,580107],[-21,47],[-12,21],[-21,23],[-8,-77],[-15,-9],[-2,36],[-13,3],[-9,-29],[-6,-9],[3,16],[-3,5],[7,29],[-12,5],[-2,-20],[-1,15],[-10,2],[2,10],[-24,25],[2,-31],[-4,-12],[1,25],[-3,26],[-7,3],[-6,12],[6,57],[6,47],[0,21],[-3,22],[-1,-30],[-30,-21],[-11,-5],[-9,2],[-11,13],[-8,-37]],[[284515,580292],[-6,-2],[4,12],[-7,24],[-4,23],[-1,36],[-8,42],[9,24],[-4,11],[-13,17],[-14,36],[-1,21],[3,35],[-5,-18],[-7,7],[-8,31],[2,32],[-5,-15],[0,26],[-5,-7],[-3,12],[4,10],[-4,8],[3,21],[6,6],[-4,13],[0,25],[2,17],[-4,-1],[-7,-45],[0,-16],[-3,-26],[-9,14],[-7,17],[-4,21],[4,6],[-8,12],[-5,40],[14,-1],[2,-9],[5,17],[-6,-1],[3,30],[-4,-16],[-5,-8],[-3,12],[-7,-7],[-4,27],[-9,20],[-7,26],[-8,46],[4,27],[-6,-12],[-2,8],[0,15],[8,41],[-5,-1],[6,13],[-2,9],[-4,-12],[-2,18],[6,38],[3,-6],[0,17],[-1,9],[-4,39],[-15,24]],[[286194,576643],[1,6],[2,-3],[1,1],[3,4],[1,1],[3,-3],[32,-44],[14,-108],[-1,-8],[3,-25],[-1,-17],[2,-22],[9,-62]],[[286263,576363],[2,-3],[-7,-21],[-8,22],[-10,-7],[-19,14],[-8,0],[-3,0],[-5,3],[-1,0],[-10,4],[7,36],[-1,17],[-6,11],[-15,-1],[1,25],[7,54],[-7,31],[14,95]],[[286598,572775],[0,44],[11,0],[-40,217],[-10,0],[0,-37],[-13,-9],[-14,-21],[-10,11],[-3,-14],[13,-15],[3,-9],[0,-19],[-9,-25],[-8,-12],[-7,10],[0,15],[-8,27],[-7,-13],[-10,-42],[-4,-3],[-8,15],[-9,-7],[-3,-12],[-3,11],[-6,-6],[-7,14],[-19,16],[-11,81],[-6,16],[-1,22],[-3,9],[-8,-19],[-2,29],[-8,15],[-11,-13],[-9,10],[-15,-28],[-9,-28],[-8,12],[-3,17],[-12,31],[-17,-6],[-4,11],[-5,-14],[-9,-6],[-9,4],[-13,-33],[-4,0],[-12,34],[-6,-1],[-3,-12],[-8,-7],[-12,17],[-7,0],[-9,29],[0,46],[-24,0],[1,87],[23,-2],[1,94],[3,47],[-4,70],[-3,17],[-8,9]],[[285948,574331],[7,4],[7,27],[10,-8],[2,-8],[14,-10],[9,7],[4,36],[4,14],[8,40],[3,26],[8,14],[4,18],[10,6],[4,36],[8,13],[6,4],[5,10],[1,17],[5,6],[4,-3],[6,-21],[11,-8],[4,-14],[7,-4],[2,9],[0,23],[2,19],[-9,36],[3,45],[4,13],[1,30],[-1,6]],[[288394,573699],[13,35],[31,31],[4,6],[9,46],[14,24],[4,19],[2,37],[3,17],[9,23],[2,20],[-13,30],[-8,55],[3,17],[-4,27],[1,51],[-1,23],[-6,40],[-1,51],[4,39],[1,43],[6,16],[1,31],[4,15],[-1,17],[6,42],[-4,24],[0,58],[4,22],[1,24],[-6,24],[20,28],[2,25],[9,45],[7,22],[-3,29],[24,19],[6,-8],[8,21],[7,4],[6,32],[3,30],[-2,14],[0,29],[-5,30],[5,8],[6,39],[8,5],[4,-13],[13,-8],[1,7],[0,24]],[[288591,574988],[7,-26],[10,-13],[2,-7],[3,-49],[8,-29],[5,-44],[2,-10],[12,-10],[7,-20],[6,-7],[12,2],[8,7],[7,-12],[15,-15],[11,-23],[8,-7],[5,-15],[-1,-16],[8,-40],[-2,-19],[-11,-28],[3,-21],[14,-34],[5,2],[8,15],[5,0],[5,-26],[-5,-26],[0,-14],[-4,-20],[1,-13],[-7,-35],[-6,4],[-4,-10],[-6,0],[-6,18],[-4,-34],[3,-21],[-1,-20],[-11,-7],[-7,8],[3,-17],[4,-3],[3,-17],[4,11],[13,-12],[2,-13],[11,-48],[5,0],[2,-15],[0,29],[6,16],[-2,-50],[2,-11],[10,-14],[3,0],[12,21],[3,34],[-2,25],[6,-7],[7,20],[4,19],[-2,21],[-5,8],[2,18],[-4,33],[-2,32],[3,8],[0,-31],[4,-12],[9,-2],[7,8],[0,13],[7,16],[3,-8],[-4,-29],[9,2],[4,20],[-4,20],[5,-11],[2,30],[9,8],[3,-5],[-6,-16],[1,-12],[5,-8],[-4,-6],[5,-11],[-1,-25],[5,-19],[-7,12],[-18,3],[-11,-5],[-3,-22],[2,-19],[-3,-4],[-3,-26],[-5,-25],[1,-5],[-7,-32],[0,-15],[4,-7],[-4,-8],[0,-20],[2,-12],[13,3],[18,39],[5,-5],[4,16],[7,9],[-2,12],[5,1],[1,20],[8,-1],[-1,-13],[6,10],[6,-5],[1,11],[10,2],[1,-16]],[[288873,574281],[-20,-25],[-17,-29],[-42,-47],[-6,1],[2,-126],[-6,-38],[0,-27],[-3,-84],[7,-46],[8,-31],[4,-20],[8,-65],[14,-68],[-11,2],[13,-35],[-4,-30],[11,-1],[10,-25]],[[288841,573587],[-17,-28],[-11,-33],[-4,-1],[-14,21],[-5,-3],[0,-30],[-8,0],[-1,-7],[-11,-18],[-6,-19],[7,-33],[4,-32],[0,-20],[-5,-22],[7,-24],[1,-19],[5,-6],[4,-23],[-2,-15],[2,-11],[-4,-31],[0,-23],[-1,-17],[7,-35],[6,-20],[2,-24],[8,-15],[12,6],[9,-3],[6,-14],[11,2],[5,-14],[-6,-22],[7,-65],[6,-11],[11,-6],[7,7],[5,-6],[14,-32],[15,-10],[3,-24],[8,-15],[9,17],[20,14],[3,-15],[6,0],[7,-35],[6,-14],[8,-1],[5,-21],[10,0],[7,-9],[7,5],[2,-13],[7,-7],[4,-12],[4,1],[19,42],[3,5],[8,24],[0,12],[7,26],[3,4],[7,-12],[8,5],[11,-14],[7,9],[15,19],[8,23],[5,7],[0,19],[-4,33],[5,21],[19,-1],[5,-10],[6,2],[10,32],[5,26],[4,-1],[14,-7],[6,-19],[2,-16],[-5,-33],[1,-20],[4,-14],[-1,-15],[3,-11],[5,-2],[10,-18]],[[289213,572918],[6,-11],[7,1],[3,-3],[6,-2],[4,-4],[5,-3],[3,-3],[3,-5],[2,-7],[4,-21],[4,6],[12,20],[10,11],[8,27],[7,15],[2,0],[7,19]],[[289306,572958],[8,-31],[-3,-15],[6,-2],[9,-22],[19,7],[2,-26],[7,-28],[7,-30],[4,-11],[9,-30],[13,-24],[9,-23],[9,-13],[10,1]],[[289415,572711],[4,-38],[4,-54],[6,-26]],[[289429,572593],[4,-21],[-4,-15],[-12,-15]],[[289417,572542],[-9,-15],[-2,-43],[14,-72],[-7,11],[-11,-1],[-9,-23],[6,-15],[2,-32],[4,-19],[8,-8],[8,9],[3,-21],[-48,-79],[-21,-161],[-6,17],[-5,-7],[-5,59],[-5,-2],[-10,-17],[-4,-22],[-3,1],[-10,-58],[-6,-7],[-16,-45],[-13,-28],[-1,-23],[-3,-4],[-3,-23],[2,-3],[-50,-86],[10,-54],[-32,-51],[-12,-14],[0,-14],[-4,-18],[-5,-9],[4,-33],[-2,-18],[9,-31],[-6,-22]],[[289179,571561],[1,-6],[-6,-25],[-29,19],[-7,-13],[-11,20],[-1,29],[-6,-2],[-3,-59],[-6,3],[-4,34],[-12,21],[-5,16],[-7,12],[-11,49],[-6,1],[-8,-8],[-7,18],[-5,-33],[-13,-52],[-17,-100],[-7,-38],[-9,-23],[-14,-24],[-8,15],[-15,-41],[-5,-7],[-19,-66],[0,-13],[-6,-5],[-18,-50]],[[288915,571233],[-35,36],[-6,11],[-1,5],[-13,-28],[-4,-18],[-1,-10],[-4,-2],[-2,10],[-38,49],[-1,14],[10,9],[1,11],[5,-2],[-1,12],[-7,-3],[2,20],[9,26],[-2,8],[0,2],[-20,89],[-21,-29],[-2,11],[-11,-19],[-9,47],[-5,-20],[-8,-2],[-3,39],[-4,28],[-1,5],[-8,18],[-11,-14],[-4,3],[-5,20],[-7,-24],[-23,-38],[-7,30],[-3,31],[-16,-7],[-6,8],[-6,34],[-6,12],[-13,7],[-5,-4],[-19,-29],[1,-38],[5,-29],[-10,-11],[-15,12],[4,15],[-4,14],[-6,-11],[-13,16],[-10,-10],[-8,7],[0,11],[-13,51],[-6,0],[0,6],[-1,7],[-9,42],[-2,17],[0,-1]],[[288517,571677],[-3,19],[-9,34],[-4,22],[1,38],[-2,19],[-8,32],[-1,1],[-3,-1],[-4,17],[-7,18],[-6,38],[1,14],[-1,5],[-4,3],[-8,-4],[-2,8],[1,22],[-2,16],[-3,1],[-6,-5],[-1,3],[0,9],[6,11],[2,15],[-1,43],[6,7],[6,-11],[8,31],[3,4],[3,16],[0,32],[14,-2],[5,15],[8,11],[-1,42],[-7,15],[7,21],[5,31],[-9,0],[-2,15],[-6,30],[2,5],[24,5],[4,-2],[9,160],[2,40],[-4,32],[-5,53],[0,40],[1,11],[4,1],[1,26],[9,38],[0,14],[6,28],[-2,18],[5,21],[5,30],[11,29],[6,3],[3,39],[0,14],[-4,7],[-5,64],[3,29],[1,42],[-12,14],[-2,39],[-8,16],[-1,24],[10,45],[0,13],[4,18],[-2,18],[2,16],[-8,14],[-2,22],[-7,10],[0,39],[-18,24],[-7,2],[-6,-12],[-8,-1],[-7,18],[-8,36],[-16,41],[-4,5],[-13,42],[-24,61],[-11,-14],[-4,1],[-5,14],[-3,38],[-6,25],[2,14],[-9,39],[-2,19]],[[288591,574988],[11,34],[6,-8],[7,1],[7,-9],[4,14],[9,-11],[2,9],[13,-13],[4,4],[2,6],[6,40],[5,10],[1,42],[-19,3],[0,98],[-8,20],[0,29],[3,25],[-2,21],[1,28],[2,5],[11,8],[9,-1],[13,58],[-2,27],[9,21],[-9,10],[-10,15],[-3,14],[1,33],[-5,20],[5,25],[6,-14],[12,-4],[4,-15],[5,-6],[10,6],[8,-8],[2,7],[10,5],[14,-7],[14,35],[20,24],[8,23],[3,1],[4,9],[4,7],[5,16],[-10,0],[-1,44],[-2,13],[2,31],[6,-4],[1,14],[-3,24],[2,10],[0,31],[-10,35],[2,49],[3,25],[-2,17]],[[288781,575934],[23,1],[206,11]],[[289010,575946],[5,-41],[-3,-55],[1,-21],[5,-23],[-1,-43],[1,-37],[6,-17],[2,-33],[3,-7],[8,-61],[7,-23],[8,-3],[-1,-16],[3,-11],[4,-55],[7,-34],[-4,-25],[0,-14],[4,-25],[0,-27],[9,-4],[3,6],[7,0],[3,-42],[7,-19],[5,-4],[7,-28],[-1,-10],[-4,-32],[1,-17],[0,-41],[-5,-21],[0,-21],[-9,-15],[-4,-16],[3,-14],[5,-6],[4,-12],[8,-3],[8,11],[14,-36],[4,-3],[10,11],[6,-17],[0,-18],[3,-21],[9,-20],[6,5],[2,-6],[5,-3],[4,3],[11,27],[6,-15],[3,11],[5,0],[2,15],[9,11],[9,6],[16,24],[9,-2],[3,17],[11,-11],[4,8],[8,-1],[6,2]],[[289277,575074],[-1,-22],[11,0],[3,10],[13,-10],[-5,-32],[8,-5],[1,-12],[-1,-28],[-2,-17],[8,-2],[1,-6],[1,-4],[5,12],[14,14],[6,13],[9,32],[6,50],[0,47]],[[289354,575114],[12,-10],[7,-29],[16,9],[9,-5],[10,18],[7,0],[5,9],[8,-3],[10,20],[8,4],[0,23],[-5,31],[3,43],[-6,36],[8,4],[11,26],[1,24],[10,38],[15,0],[13,-20],[6,8]],[[289502,575340],[6,14],[13,7],[7,32],[4,34],[-1,23],[12,19],[6,46],[7,10],[8,32],[5,13],[1,24],[8,29],[1,40],[-8,18],[-4,22],[3,9],[1,27],[6,8],[9,-6],[13,33],[6,40],[12,-1],[2,12],[6,-4],[9,-21],[8,-13],[6,-2],[12,17],[5,11],[5,-1],[5,-15],[9,13],[10,-3],[9,-12],[-1,-8],[8,-11],[5,4],[8,-20],[2,-13],[-2,-34],[10,-21],[7,1],[0,-10],[13,-7],[5,-17],[5,2],[6,-8],[5,10],[4,-1],[4,-12],[-7,21],[-3,27],[0,36],[-2,28],[-4,21],[-5,19],[0,9],[-6,20],[-5,4],[0,24],[-8,40],[-4,5],[9,36],[9,10],[6,11],[8,-8],[-1,-14],[5,-8],[4,17],[3,1],[-3,10],[-1,16],[-7,26]],[[289770,576001],[147,15],[52,5],[188,16],[11,-1]],[[289558,573854],[6,-36],[14,-12],[0,-25],[-4,-45],[-7,-21],[-32,-27],[0,-36],[-21,-44],[0,-28],[-11,-11],[0,-2]],[[289503,573567],[-8,27],[-3,1],[-5,22],[-1,12],[3,12],[-7,5],[-3,15],[0,14],[6,21],[-1,21],[2,21],[4,23],[-4,23],[-5,1],[-2,-12],[-5,0],[-10,56],[2,24],[4,5],[0,26],[6,10],[-2,33],[-6,37],[2,9],[8,10],[-1,20],[-7,14],[-4,12],[-14,5],[-4,19],[-3,-8],[-3,4],[-8,42],[-15,15],[-12,2],[-5,-7],[-2,-13],[0,-32],[-49,-1],[0,-8],[-11,-23],[-18,-20],[-24,-1],[-3,-3],[-7,15],[-3,18],[1,28],[11,19],[-1,9],[-16,2],[-3,-18],[-13,-9],[-2,-14],[7,2],[0,-11],[-8,2],[-43,-2],[4,26],[-21,3],[-4,11],[0,16],[11,44],[8,3],[3,20],[-3,8],[-4,19],[3,20],[7,25],[-8,41],[5,12],[6,-4],[6,33],[2,11],[2,2],[-1,28],[-12,48],[0,31],[-25,-17],[-9,25],[12,7],[-8,16],[-5,2],[-12,24],[-3,28],[-10,6],[-5,-1],[-7,-13],[0,16],[-38,-40],[-12,-1],[-34,-59],[-3,0],[0,-19],[-8,-10],[-8,30],[-4,34],[1,14],[-2,4],[-2,-4],[-25,-9],[0,-14],[-19,-6],[-5,-22],[-7,3],[-17,-16],[-6,-16],[-13,-7],[-3,-12],[-11,-2],[-12,-14],[-3,2],[-8,-24],[-12,-12],[-26,-50]],[[288728,566574],[5,-5],[27,-17],[-4,27],[2,9],[10,-1],[5,34],[-2,14],[-5,6],[1,67],[2,4],[14,-26],[15,-17],[-3,90],[35,50],[20,19],[8,12],[19,48],[15,32],[-1,24],[-8,32],[-5,51],[1,8],[4,-1],[2,0],[2,3],[1,2],[3,12],[3,15],[2,7],[9,-12],[4,19],[8,-5],[2,23],[-2,40],[-7,8],[0,4],[-10,6],[1,21],[-7,13],[-2,10],[4,0],[13,-20],[1,-9],[3,20],[12,-48],[10,-31],[11,-24],[13,38],[6,36],[7,22],[1,10],[-1,23],[4,23],[1,-44],[21,62],[10,-2],[-1,20],[-7,50],[-8,21],[-5,12],[-1,6],[-13,39],[-6,-15],[1,-4],[1,-9],[0,-6],[-5,-6],[-3,-2],[-5,-1],[-13,7],[-7,16],[-6,29],[-5,8],[-14,-5],[-10,12],[-6,52],[-1,18],[-6,19],[2,11],[23,-24],[-3,16],[10,6],[-1,16],[8,-5],[14,23],[15,5],[1,-25],[4,-9],[8,-4],[3,7],[0,25],[8,29],[-15,21],[-8,26],[9,20],[6,2],[6,59],[4,17],[10,8],[3,19],[-4,27],[-5,9],[-4,31]],[[288982,567827],[17,15],[-1,9],[16,-23],[5,17],[11,23],[-1,47],[2,36],[6,11],[4,21],[9,6],[5,10],[7,0],[3,-4],[1,-24],[6,-6],[6,-35],[8,2],[1,14],[7,9],[9,1],[6,-11],[7,31],[6,1],[7,-21],[0,-17],[6,-8],[3,-29],[6,-41],[9,-4],[3,-20],[4,15],[8,-20],[-1,-15],[4,-12],[13,-11],[11,-26],[6,-7],[5,22],[-5,8],[-5,22],[7,10],[-2,14],[10,5],[3,-12],[1,-39],[3,-16]],[[289178,565831],[-1,-5],[2,24],[-8,4],[-1,-6],[-22,-18],[-4,41],[8,17],[-4,19],[-1,12],[0,46],[-16,7],[-11,2],[-8,-6],[3,18],[-3,6],[-9,-4],[-10,18],[-7,-8],[-3,-19]],[[289876,544837],[5,0],[5,-25],[6,-7],[32,-60],[4,7],[4,-13],[-1,-11],[5,-36],[7,-2],[6,27],[8,9],[7,-8],[14,-34],[15,-24],[12,-22],[2,-8],[15,65],[3,20],[17,-4],[10,-8],[0,24],[17,54],[10,60],[-1,23],[-2,39],[9,58],[1,14],[-5,38],[7,14],[26,-6],[6,-27],[14,-46],[15,-47],[8,-21],[11,-39],[4,11],[6,50],[1,25],[12,33],[2,15],[9,110]],[[282883,555141],[-5,19],[2,18],[6,8],[4,22],[-1,32],[-4,19],[4,11],[5,-7],[8,4],[-1,28],[9,29],[4,36],[1,32],[4,15],[9,14],[7,34],[1,21],[-33,155],[1,5],[2,48],[-7,0],[-4,50],[-5,41],[-19,97],[-7,43],[3,66],[6,12],[9,24],[6,7],[17,-1],[10,19],[5,5],[4,-4],[6,-22],[8,-17],[21,-33],[9,-5],[19,4],[17,-7],[9,-13],[-2,-30],[1,-66],[-1,-37],[-2,-22],[1,-44],[0,-51],[3,-5],[9,9],[10,3],[3,37],[10,40],[8,63],[0,12],[0,12],[-7,56],[-9,44]],[[283037,555971],[6,28],[1,27],[9,7],[7,30],[13,16],[0,7],[11,16],[-7,17],[0,14],[8,-1],[0,16],[-6,9],[-2,18],[6,27],[5,4],[9,-3],[11,-19],[5,-17],[5,-4],[6,6],[6,-13],[18,-10],[9,-14],[8,-20],[3,-16],[8,0],[-1,-42],[84,-5],[-1,-43],[8,-6],[15,-31],[15,29],[23,12],[7,85],[10,22],[1,21],[5,13],[3,61],[22,0],[5,-9],[13,8],[11,-1],[13,-18],[8,5],[14,-6],[14,-22],[11,-53],[5,6],[10,-3],[4,12]],[[283475,556131],[17,-343],[21,-416],[12,-222],[36,-705],[12,-244]],[[283573,554201],[13,-251]],[[283586,553950],[-166,2],[-5,-51],[1,-46],[-2,-35],[3,-40],[-19,8],[-18,-11],[-21,-18],[-30,-4],[2,-18],[-3,-54],[-4,-11],[-7,-5],[-6,-17],[-1,-32],[-3,-8],[-9,12],[-6,13],[-12,-2],[-5,4],[-12,-1],[-3,69],[-2,15],[-18,-9],[-4,-6],[-19,-33],[0,-33],[-6,-1],[-8,-14],[-6,0],[-11,-17],[-6,-4],[-9,-14],[-12,-27],[-17,-26],[-8,-25],[-19,-17]],[[283115,553494],[-3,-1],[-16,10],[-13,-6],[-20,12],[3,22],[7,29],[5,128],[-9,1],[-2,-18],[-15,-32],[-3,-14],[-2,-25],[-5,-11],[-2,-26],[0,-54],[-10,-5],[-16,-14],[-8,-12],[-11,-29],[-23,-3],[-16,3],[-16,-2],[-34,-8],[-8,-11],[-9,-29],[-5,-4],[2,-43],[2,-9],[-2,-91],[-13,9],[-3,16],[-5,-21],[-8,-10],[-1,15],[-7,14],[5,20],[-11,14],[-4,16],[-12,1],[1,9],[-2,45],[-14,-25],[-8,-31],[0,-29],[-10,-8],[-10,1],[-9,21],[-8,-16],[-14,18],[-5,-22],[-10,-13],[-4,4],[-2,17],[-6,-26]],[[282726,553271],[0,22],[6,42],[1,17],[-6,-9],[-11,0],[-2,16],[-7,0],[-4,20],[0,23],[3,13],[8,11],[6,33],[11,29],[4,40],[12,-8],[16,1],[9,15],[10,4],[6,-71],[4,49],[1,38],[4,17],[-3,26],[-8,34],[0,12],[3,28],[0,33],[-2,2],[-22,-20],[-18,-23],[-13,-6],[0,32],[-13,65],[7,6],[7,-14],[5,12],[9,8],[10,20],[11,3],[0,47],[4,-9],[8,10],[1,23],[-3,31],[4,26],[-1,15],[-5,18],[-6,7],[-20,0],[16,36],[4,0],[4,-11],[5,0],[20,44],[6,18],[13,21],[8,29],[17,33],[11,38],[7,16],[7,26],[6,11],[-1,26],[-4,35],[15,24],[2,15],[9,20],[-8,45],[-7,119],[-3,37],[0,12],[2,11],[17,57],[3,29],[6,15],[6,4],[5,11],[15,56],[3,16],[1,71],[1,26],[-1,58],[-6,21],[-6,6],[-3,17],[-6,42],[-24,37],[-1,8],[-1,28],[4,3],[-1,8],[-8,22],[4,7],[-6,18],[0,17]],[[282523,555090],[12,44],[0,12],[10,-16],[-5,-15],[6,-17],[2,-23],[-3,-12],[9,-17],[5,-16],[5,17],[3,-1],[8,17],[7,3],[13,-3],[8,5],[4,-22],[7,-17],[0,-22],[7,-18],[9,9],[7,131],[6,-40],[1,-45],[1,-14],[5,-13],[12,-16],[13,-25],[5,-20],[4,-35],[3,-10],[12,-21],[-1,42],[2,20],[13,39],[1,15],[-3,37],[3,38],[-1,29],[-3,16],[-7,20],[-3,15],[4,37],[8,-3],[4,-37],[4,-12],[14,-29],[3,-15],[5,7],[8,40],[8,11],[-2,21],[5,36],[11,35],[6,-22],[2,-46],[9,-21],[-1,-19],[4,-7],[8,-1],[13,9],[3,-4],[10,5],[3,11],[2,-24],[0,-27],[2,-8],[7,-2],[1,21],[6,12],[10,-31],[8,-1],[7,8],[-5,20],[4,9],[12,7]],[[282726,553271],[-3,-18],[-8,-18],[-9,16],[-3,-9],[-4,5],[-2,-8],[1,-11],[-5,-20],[-5,-3],[-4,19],[-5,5],[2,-25],[-1,-10],[4,-23],[2,-28],[18,-56],[5,-29],[7,-60],[0,-12],[8,-30],[11,-73],[-15,-34],[-9,11],[-10,24],[-14,11],[-3,-4],[-4,-13],[-4,-41],[-7,8],[-17,46],[-4,19],[-5,26],[-10,-34],[-7,-17],[2,-10],[0,-52],[-26,54],[-12,7],[-10,-8],[-23,-120],[-24,-24]],[[282533,552732],[-3,-2],[-24,25],[-14,-6],[-4,-5],[-12,-30],[-9,-10],[1,169],[0,5]],[[282468,552878],[-15,15],[-10,20],[-2,10],[-9,35],[-12,58],[7,10],[0,17],[4,17],[6,10],[1,15],[6,23],[8,15],[-6,36],[1,30],[2,12],[5,-11],[1,17],[-6,29],[-5,10],[-11,6],[-14,23],[-6,-1],[-1,192],[-6,43],[-15,17],[-6,11],[-8,24],[-4,34],[-2,20],[0,38],[6,36],[-7,18],[-2,26],[-8,-11],[-10,-5],[-8,9],[-6,22],[-16,1],[-10,-21],[-8,8],[-2,6],[-3,47],[-4,35],[-2,36],[-3,21],[-7,36],[-1,16],[-194,-10],[-50,-3],[-6,18],[-4,31],[-1,35],[-7,31],[-21,62],[-2,18]],[[281995,554115],[-1,34],[2,19],[0,45],[-5,9],[-8,29],[6,63],[0,26],[2,29],[7,0],[7,16],[8,8],[4,19],[9,3],[9,16],[6,4],[7,42],[8,20],[8,13],[5,-9],[13,8],[2,44],[4,22],[5,8],[9,25],[3,19],[6,16],[8,13],[5,-38],[7,-31],[24,-47],[9,-28],[5,42],[-1,23],[16,25],[5,1],[17,-25],[6,3],[1,-9],[68,370]],[[285609,550883],[16,0],[13,0],[175,332],[22,45],[1,50]],[[285836,551310],[10,-1],[16,22],[4,-2],[21,-28],[11,-22],[11,-11],[16,-4],[3,-4]],[[285928,551260],[4,-7],[2,-38],[-1,-14],[-8,-31],[-9,-14],[-4,-16],[-8,-14],[-7,-26],[-7,-17],[-3,-23],[0,-26],[2,-26],[7,-13],[7,-4],[6,-25],[7,-2],[5,26],[9,20],[6,-4],[8,-19],[14,-13],[4,-18],[5,-39],[7,-26],[8,-33],[4,-44],[3,-109],[2,-15],[4,0],[22,-42],[17,2],[6,16],[4,36],[8,26],[6,38],[3,34],[2,5],[28,1],[10,3],[4,-27],[16,-23],[14,-84],[6,-11],[1,-20],[-2,-32],[7,-25],[12,-28],[2,-16],[-3,-39]],[[286158,550504],[-5,-56],[-3,-12],[-12,-22],[-14,-13],[-5,6],[-1,33],[-5,8],[-6,-13],[-4,-40],[2,-12],[-5,-4],[-4,11],[-1,47],[-4,-6],[1,-16],[-9,-9],[-7,-14],[-6,14],[-6,5],[-6,-11],[1,-28],[-1,-7],[-9,-14],[5,-31],[7,-23],[-3,-3],[-11,20],[-6,0],[-4,-24],[-3,0],[-11,36],[0,-23],[-10,-66],[-10,-22],[-7,1],[-1,-20],[-14,-36],[9,-30],[11,6],[5,-14],[0,-11],[-11,-5],[-4,3],[-9,-60],[-8,-14],[-4,-2],[-9,17],[-7,36],[-3,0],[-3,-12],[2,-7],[-1,-20],[-8,1],[-2,-18],[7,-17],[-8,-28],[-12,2],[1,-11],[8,-12],[3,-18],[-15,-26],[0,-20],[-7,-20],[-2,-15],[-6,5],[-8,-10],[-9,-6],[-4,-9],[-5,3],[-10,-27],[-8,-7],[-5,-4],[-11,22],[-7,-4],[1,-26],[6,-9],[1,-13],[-2,-5],[-6,7],[-5,-14],[-4,-1],[-6,-16],[-7,-2],[-4,-19],[-11,-10],[-2,-21],[3,-10],[-2,-11],[-10,-25],[-6,10],[-4,-3],[-8,-26],[-5,-6],[-26,1],[-7,13],[-16,-18],[-2,14],[-4,5],[-8,-2],[-8,9],[-2,13],[1,30],[-2,5],[-11,-14],[3,4],[-1,42],[3,16],[8,14],[7,0],[9,-8],[8,9],[3,14],[0,31],[-5,15],[-7,12],[-5,15],[0,26],[7,25],[6,11],[-15,0],[0,-95],[-14,0],[-4,29],[-6,-2],[-2,75],[-3,0],[0,-8],[-7,0],[-10,-11],[-5,-12],[3,-13],[5,-6],[-1,-26],[-6,-12],[14,-16],[5,-16],[4,-29],[-1,-16],[-3,-20],[3,-3],[3,-38],[-9,-8],[0,-23],[4,4],[-1,-13],[-6,-33],[-4,1],[-2,-13],[-12,-26],[-5,0],[-1,-35],[-5,-18],[-9,-22],[-12,-14],[-2,-9],[-7,-4],[-5,5],[-3,-29],[-7,-17],[-4,3],[-10,-7],[-15,22],[-9,-15],[-5,-13],[-9,-9],[-4,-13],[-11,0],[-10,33],[-3,23],[-4,9],[-13,0],[-9,-14],[-8,5],[-8,10],[-12,10],[-16,4],[-9,-4],[-18,-21],[-15,-4],[-15,-17],[-16,1],[-12,-13],[-8,-5],[-19,-3]],[[285333,549419],[-10,37],[-10,20],[-2,17],[0,41],[1,24],[-2,40],[1,46],[0,25],[-2,30],[3,19],[0,23],[6,13],[16,-12],[4,4],[0,19],[11,2],[0,66],[3,1],[-5,35],[1,18],[-3,9],[-8,-10],[-4,9],[-1,22],[-7,7],[-8,19],[6,13],[-14,2],[-18,-7],[-5,6],[-22,-4],[-5,-24]],[[285259,549929],[1,178],[5,21],[11,29],[13,-43],[7,-11],[23,-5],[-1,19],[-10,34],[-8,70],[65,172],[7,14],[12,-18],[9,-41],[10,-51],[7,-23],[7,-12],[-8,-47],[13,-14],[9,-4],[14,2],[14,28],[18,-1],[7,4],[14,13],[19,-10],[13,5],[-2,25],[-5,-7],[-4,7],[2,42],[-6,6],[0,15],[2,16],[6,18],[5,-2],[5,18],[14,26],[1,43],[-3,35],[7,15],[9,-43],[4,18],[8,29],[2,1],[6,12],[11,34],[6,-4],[4,-15],[5,1],[10,-15],[12,6],[2,-14],[3,10],[5,-13],[16,-8],[3,-7],[14,0],[9,33],[-29,59],[-13,42],[-16,49],[-4,9],[-16,19],[-14,1],[-7,20],[1,22],[4,24],[-1,21],[-3,18],[1,22],[6,19],[11,10],[8,28]],[[286917,571919],[9,7],[10,28],[4,-8],[5,-43],[8,-4],[14,32],[12,43],[5,38],[-3,16],[-2,26],[3,13],[11,7],[13,26],[10,7],[4,0],[3,-13],[15,-28],[4,-23],[11,-12],[15,-21],[9,2],[5,-15],[19,-20],[7,6],[6,-8],[10,-1],[7,-19],[7,18],[6,0],[15,9],[0,35],[7,6],[12,-7],[8,3],[5,-42],[11,-31],[-5,-30],[16,13],[6,-23],[9,-21],[4,-22],[5,-7],[11,12],[6,-11],[0,-17],[12,-11],[4,14],[6,7],[8,-7],[11,4],[0,19],[-3,23],[0,30],[-4,40],[5,11],[8,0],[4,-8],[7,3],[7,54],[-2,48],[8,24],[1,19],[-3,20],[1,11],[8,40],[17,-7],[9,33],[14,4],[8,-1],[5,8],[20,45],[12,-1],[6,6],[-2,45],[1,34],[4,29],[5,16],[1,40],[5,25],[-5,17],[4,20],[13,31],[-3,26],[1,23],[-7,37],[6,12],[4,39],[4,23],[7,23],[9,7],[8,0],[4,22],[9,9],[3,42],[1,6],[15,2],[11,53],[8,19],[10,8],[11,17],[3,20],[9,24],[9,30],[11,9],[14,23]],[[287596,572999],[12,-33],[6,-3],[9,-21],[15,-14],[12,32],[11,-30]],[[287661,572930],[-11,-4],[2,-28],[-6,-10],[7,-4],[2,20],[8,6],[6,-15],[4,-23],[-2,-14],[6,-32],[-1,-46],[5,-26],[3,-8],[6,4],[6,-6],[-10,-19],[-9,-27],[0,-23],[-4,-18],[1,-28],[-6,-22],[-1,-18],[0,-57],[8,-56],[3,-64],[-17,3],[-1,-121],[-7,0],[-75,14],[-2,-211],[33,-12],[0,-42],[15,-2],[0,-87],[29,-1],[1,31],[-5,8],[11,13],[4,-2],[15,14],[12,4],[5,-29],[1,-33],[-2,-29],[8,-9],[11,17],[1,21],[5,3],[4,-16],[4,-38],[13,-27],[1,-12],[7,3],[3,-20],[10,-1],[0,-49],[8,6],[0,-14],[7,-9],[14,11],[3,-8],[-1,-4],[6,-69],[-12,-18],[1,-23],[4,-22],[3,-2],[3,-20],[-1,-13],[-6,-18],[2,-13],[9,-9],[0,-39],[25,0],[0,-55],[8,-35],[8,-9],[-6,-64],[8,-14],[10,-8],[0,-8],[-6,2],[-9,-8],[-4,3],[7,-49],[6,-17],[-1,-15],[10,3],[0,-39],[7,-8],[-2,-15],[-1,-130],[-12,1],[1,23],[-23,2],[0,-155],[0,-46],[0,-2]],[[287828,570895],[-6,-5],[-8,-25],[-3,-18],[-9,-15],[-9,-27],[-10,-5],[-8,-42],[-8,-11],[-2,-10],[-2,-35],[-4,-6],[-2,2],[-7,-24],[0,-28],[-6,-35],[5,-28],[-6,-8],[-21,-1],[1,-91],[-10,9],[-1,-9],[0,-11],[15,-18],[9,11],[5,17],[9,-41],[15,-38],[-10,-24],[-9,-9],[4,-16],[8,-12],[-3,-44],[1,-10],[-4,-11],[-1,-36],[6,-40],[1,-24],[-2,-27],[5,-12],[-1,-11],[5,11],[4,-28],[5,10],[4,-6],[7,10],[6,19],[0,-48],[-4,0],[-7,-21],[-2,-34],[3,0],[9,-27],[1,-24],[-9,-54],[-3,-27],[-6,-2],[3,-16],[-4,-16],[-8,1],[-6,13],[-9,-19],[-2,-42],[4,-22],[-2,-38],[-8,-20],[10,-25],[0,-11],[-4,-18],[-4,-27],[-5,-11],[-2,-23],[0,-20],[-12,-16],[-3,4],[0,-28],[-19,-17],[2,-19],[-8,-27],[0,-24],[-4,-7],[4,-31],[-7,-16],[4,-30],[-38,1],[-1,18],[-6,-1],[-8,28],[-16,74],[-14,-49],[-10,-18],[-6,27],[-9,11],[-5,44],[-38,-79],[-12,-23],[0,-25],[-16,-6],[-4,-38],[-1,-39],[-5,-9],[-5,13],[-4,43],[2,23],[-5,-15],[-6,23],[-2,0],[5,-19],[9,-82],[-1,-14],[-15,-48],[-8,4],[-7,-8]],[[287467,569237],[-33,44],[0,0],[1,28],[0,32],[-9,77],[0,42],[2,20],[4,22],[12,44],[-9,52],[9,21],[3,0],[-2,43],[-2,12],[-5,0],[0,-13],[-8,26],[-2,49],[-5,9],[-7,-16],[-2,21],[6,27],[10,23],[7,37],[9,26],[-3,4],[0,41],[-27,1],[-26,-47],[-14,1],[0,49],[-12,1],[0,-92],[-24,-1],[20,111],[-5,10],[-12,1],[-9,23],[-1,-8],[1,-64],[-26,16],[-4,-1],[-11,-38],[0,1],[-5,17],[-1,20],[-8,13],[-4,17],[-8,6],[-15,27],[-12,32],[-1,28],[-8,20],[-12,16],[-5,4],[1,-14],[-10,7],[-3,-11],[3,-9],[-7,0],[-2,19],[-6,-6],[-2,8],[-9,-17],[-5,-17],[-13,-18],[-5,8],[-8,4],[-10,18],[-3,-11],[-15,0],[0,42],[-13,1],[0,-16],[-14,1],[-3,29],[-5,-14],[-3,42],[-2,13],[-1,17],[5,5],[1,-16],[8,8],[0,17],[14,-1],[0,61],[-4,-18],[-7,-14],[-16,1],[-9,14],[-4,-25],[-10,13],[-3,10],[-2,19],[5,12],[7,35],[-2,28],[-6,1],[0,12],[-14,14],[-15,34],[-6,30],[-10,33],[-4,-23],[2,-19],[-8,-59],[-13,-30],[-18,-21],[-10,-23],[-11,1],[-12,37],[-5,-1],[-45,150],[-50,149],[-13,-3],[-13,18],[-13,15],[-8,-9],[1,45],[-4,6],[-2,20],[5,21],[2,19],[12,30],[-1,31],[2,27],[-2,34],[-8,7],[2,20],[2,41],[-3,-10],[1,-32],[-4,-13],[-12,20],[-9,-29],[-6,0],[-3,8],[-3,25],[-8,19],[-2,13],[-6,2],[-4,23],[-3,38],[1,73],[-1,26],[7,54],[6,14],[3,-2],[7,22],[-1,52],[-4,24],[-10,20],[-9,21],[-15,48],[-5,-22],[-1,23],[-3,1]],[[286712,571321],[1,28],[5,10],[11,2],[2,40],[5,10],[7,58],[10,17],[5,21],[5,8],[10,-4],[15,22],[9,32]],[[287443,570509],[4,-11],[2,-20],[12,-5],[3,2],[0,18],[3,21],[-8,31],[-13,-1],[-2,-14],[-1,-21]],[[281651,571385],[-2,40],[2,0],[-1,42],[-4,41],[-8,35],[1,25],[8,43],[1,26]],[[281389,572568],[-6,32],[4,20],[7,11],[1,-14],[3,17],[6,2],[-3,16],[3,13],[-4,34],[10,35],[-2,16],[5,-8],[4,21],[9,16],[4,21],[5,-1],[4,11],[15,15],[1,24],[6,5],[4,-9],[7,7],[-1,-14],[4,0],[6,-13],[5,3],[-4,16],[4,27],[5,-17],[-5,-6],[4,-9],[-1,-24],[4,7],[-1,-19],[8,11],[-4,-22],[7,1],[5,-14],[8,36],[5,-6],[7,13],[7,40],[1,-8],[13,49],[-2,30],[1,23],[4,-15],[-2,-37],[2,8],[0,-7],[11,-3],[1,-14],[-4,-42],[17,46],[17,53],[30,76],[4,21]],[[281889,572983],[3,-11],[10,2],[2,31],[7,20],[7,-1],[4,17],[9,15],[3,18],[9,19],[3,-1],[14,15],[9,-9],[14,15],[-1,29],[7,32],[5,13],[6,40],[3,20],[-1,55],[-11,-2],[-5,4],[-2,21],[8,32],[14,34],[9,42],[-1,21],[7,19],[3,-7],[10,-8],[2,-5],[8,3],[5,-57],[1,-59],[-14,-302],[-2,-61],[7,16],[4,0],[3,25],[11,-15],[8,0],[10,10],[8,21],[14,-6],[7,-24],[3,-41],[-3,-20],[7,-9],[4,-13],[1,-52],[4,-9]],[[282122,572860],[-44,-218],[11,-19],[2,0],[10,8],[17,3]],[[281651,571953],[-7,5],[1,45],[-3,24],[-9,54],[5,48],[-3,16],[-2,3],[-1,6],[-1,6],[-2,5],[-3,-2],[-2,-2],[-6,4],[-13,-11],[-11,-2],[-14,-16],[-16,-9],[-3,-19],[-14,-20],[-5,-19],[-18,-34],[-3,-12],[-12,15],[-10,-5],[-4,15],[-4,-7],[-10,-4],[-14,10],[-32,-5],[-34,-11],[-12,-7]],[[281389,572024],[-17,-15],[-14,2],[-3,-12],[-4,13],[-7,30],[-6,23],[6,12],[10,45],[0,12],[4,-2],[6,11],[3,16],[7,11],[1,15],[5,6],[-2,-13],[9,32],[3,19],[7,20],[14,73],[8,51],[6,26],[-4,37],[-13,58],[-12,44],[-7,30]],[[286459,570923],[7,-4],[6,-18],[-1,-16],[5,-15],[3,18],[17,-61],[15,-26],[10,-25],[23,-42],[12,-33],[13,-11],[17,-48],[3,-36],[5,-17],[14,-14],[8,-26],[1,10],[-5,23],[-17,30],[-8,30],[3,28],[0,32],[2,26],[-4,45],[1,18],[-7,-6],[0,17],[4,15],[-3,31],[6,27],[-10,36],[-4,-1],[-6,22],[-4,28],[-3,37],[-4,32],[11,-18],[15,2],[9,-6],[9,-14],[8,2],[6,-9],[1,217],[0,124],[95,-6]],[[287467,569237],[-8,-16],[-5,-63],[2,-10],[15,9],[12,-34]],[[287483,569123],[2,-24],[9,-17],[1,-39],[-3,-32],[-12,-12],[-5,-34],[-1,-50],[-9,-21],[-7,-33],[-2,-29],[0,-8],[7,-18],[8,-9],[7,-17],[-8,-24],[-2,-36],[4,-13],[-1,-15],[-5,-24],[0,-10],[5,-7],[10,-43],[0,-19],[-3,-11],[-13,-28],[-1,-9],[1,-11],[16,-14],[3,-39],[9,-57],[12,-49],[5,-53],[4,4],[9,32],[8,0],[0,-29],[9,-72],[-17,0],[-7,-1],[2,-15],[15,-5],[2,-9],[-2,-22],[-3,8],[-9,-11],[-2,27],[-3,11],[-3,-12],[-9,-8],[-5,23],[-1,-15],[-8,12],[-2,17],[-9,-11],[-5,13],[-16,0],[-6,-8],[18,-6],[7,-22],[1,-13],[-8,-4],[1,-21],[-4,-3],[-12,-24],[-3,17],[-28,-1],[1,-48],[-7,5],[-1,-12],[-7,0],[-8,-8],[-2,-32],[-3,14],[-7,-3],[-6,10],[-3,34],[-19,0],[-5,-26],[0,-14],[-18,-52],[-5,-7],[1,-18],[-5,1],[-1,-21],[-8,-25],[-4,-19]],[[287317,567949],[-5,16],[-5,-45],[-11,0],[1,58],[-3,1],[-1,22],[-2,3],[-5,16],[0,7],[-4,17],[2,88],[-12,1],[1,6],[-6,4],[-5,32],[-6,2],[-1,4],[3,49],[12,27],[-36,0],[0,-17],[-3,-50]],[[287231,568190],[-1,-1],[-18,-17],[-18,-45],[-14,7],[-18,40],[-2,-38],[-6,-1],[-1,-41],[-13,13],[0,-15],[5,-38],[-29,0],[-2,-19],[-15,0],[0,60],[-14,0],[-8,27],[4,22],[2,56],[-8,34],[-4,6],[0,19],[-20,1],[-7,0],[-97,1],[-54,1],[0,-41],[-13,1],[0,-5],[-4,4],[2,10],[-2,15],[1,16],[-17,1],[-217,3]],[[286554,569188],[-1,31],[-4,16],[-6,0],[8,105],[4,57],[-2,32],[-6,32],[-4,27],[0,38],[9,27],[16,1],[18,26],[24,-2],[14,-1],[0,59],[-14,-1],[1,153],[25,5],[22,-3],[7,7],[0,-25],[-2,-17],[4,-20],[1,-26],[5,-29],[1,-39],[2,-13],[7,5],[17,-16],[2,-10],[8,5],[4,25],[-7,22],[-11,-2],[-1,18],[5,43],[9,42],[0,13],[-3,16],[-1,34],[8,47],[7,-4],[3,23],[-9,10],[-5,-17],[-9,-3],[5,47],[-4,5],[-9,31],[-9,-5],[-4,-40],[-3,-5],[-8,-8],[-3,-14],[-8,-5],[-2,44],[7,12],[1,27],[4,24],[6,16],[2,19],[5,-1],[0,33],[-6,22],[6,38],[2,48],[4,24],[1,9],[4,7],[3,9],[5,32],[6,13],[1,8],[-3,14],[6,4],[-9,35],[-1,-24],[-16,6],[-12,-33],[0,24],[-4,7],[0,18],[-9,5],[-9,33],[-3,0],[-10,-26],[-6,8],[-7,31],[-8,26],[5,61],[-1,13],[-3,-7],[-15,7],[2,-41],[5,-30],[1,-22],[-2,-23],[1,-12],[7,-21],[2,-30],[3,-14],[-2,-22],[0,-15],[6,-23],[9,-18],[-6,-27],[5,-26],[-10,-2],[-3,-6],[2,-12],[-9,-8],[-7,-21],[-8,-15]],[[286597,570083],[-15,46],[-8,18],[-2,13],[-18,-34],[0,-15],[-7,-6],[-10,27],[-2,-17],[-17,-21],[1,-31],[-83,3],[0,357],[6,4],[8,-4],[5,5],[9,-10],[5,23],[-1,40],[-9,43],[-8,-3],[-8,10],[-16,33],[-8,20],[-3,27],[-9,11],[-1,10],[-17,49],[0,41],[-4,29],[1,25],[10,9],[9,30],[2,72],[10,17],[5,-7],[8,12],[12,8],[14,-4],[3,10]],[[281182,574656],[-5,16],[-10,8],[0,-21],[-11,-19],[-7,-8],[-7,-23],[-13,0],[-3,-18],[-7,10],[-4,-2],[-1,36],[-2,4],[-8,-15],[-2,-12],[-14,-1],[-11,-16],[-11,4],[-16,-13],[-3,-11],[-11,-10],[-12,21],[-14,6],[-14,15],[-14,-17],[3,-49],[5,-14],[-13,-37],[-4,-40],[1,-6],[4,-19],[-19,18],[-10,0],[-1,-13],[-4,-13],[-1,-19],[1,-20],[4,-19],[0,-17],[4,-32],[-1,-70],[2,-61],[3,-24],[-1,-19],[0,-29],[-1,-60],[3,-29],[5,-33],[8,-12],[9,-24],[5,4],[6,-7],[8,4],[1,-4],[0,-33],[-5,-9],[-1,-15],[-30,-77],[-11,-62],[-3,-68],[-7,-60],[8,-19],[6,-8],[13,12],[5,-10],[0,-18],[4,-16],[0,-18],[12,-19],[5,-35],[6,-18]],[[281001,573473],[-3,-2],[6,-19],[8,-16],[1,-22],[4,-21],[16,7],[7,-2],[7,-9],[4,13],[9,4],[10,-17],[5,-16],[3,-21],[31,-23],[2,-13],[14,-7],[-1,-25],[8,-37],[-16,-33],[-6,-25],[-19,-44],[-1,-6],[-3,-30],[0,-73],[7,1],[14,-7],[-2,-26],[6,-21],[0,-44],[15,1],[14,-15],[0,-58],[82,5],[13,0],[-1,-215],[1,-74],[6,-4],[6,-44],[8,-21],[1,-5]],[[281257,572509],[-36,-154],[-2,-10],[-18,-75],[-18,-76],[21,-33],[-12,-35],[-21,-49],[-11,22],[-30,-120],[-6,-17],[-24,-55],[-11,-13],[-5,-4],[-12,-13],[-27,-60],[-4,-11],[-2,-4],[-29,-73],[-16,-39],[-14,-31],[-17,-14],[-12,-10],[0,-37],[6,-9],[-5,-2],[-4,-12],[0,-8],[-1,-8],[-4,-6],[-1,-8],[-26,40],[-10,18],[-14,-6],[-28,-29],[-7,-7],[-4,-5],[-15,-6],[-11,5],[-36,28],[-6,3],[-93,22],[-24,6],[-3,-40],[-30,-1],[0,53],[-14,7],[-11,1],[-13,-6],[-15,-14],[-35,-53],[-20,-18]],[[286459,570923],[-7,13],[-5,30],[-2,20],[5,19],[9,21],[5,19],[1,26],[-8,2],[-7,13],[-5,31],[-4,-23],[-5,2],[-11,15],[-4,-2],[-2,19],[-4,19],[-9,4],[-11,14],[-8,-2],[-2,-17],[-5,-7],[-5,-18],[-7,3],[-4,-10],[-1,-23],[2,-12],[7,-17],[7,-27],[-6,-13],[-10,6],[-3,-4],[1,-18],[-6,-7],[-5,2],[-4,-25],[-11,-5],[-2,-11],[3,-39],[-26,-2],[-55,4],[1,-168],[-28,5]],[[285480,575886],[165,-2]],[[285645,575884],[114,-1]],[[286068,575419],[8,7],[10,-28],[6,-2],[-2,40],[-1,58],[-2,19],[3,9],[5,7],[13,-5],[6,-14],[2,-30],[10,-10],[7,5],[4,9],[10,7],[-3,47],[7,10],[7,-4],[1,11],[-7,13],[4,23],[-12,7],[-1,14],[8,1],[5,20],[7,-1],[6,-17],[5,-4],[7,4],[8,-17],[11,-11],[2,6],[-2,35],[4,10]],[[285489,574335],[-6,1],[-7,20]],[[285476,574356],[4,1530]],[[282413,557958],[29,0],[0,56],[14,0],[0,-14],[14,-1],[10,16],[0,26],[-2,7],[1,17],[6,26],[-11,26],[6,12],[9,0],[9,-11],[6,2],[12,29],[-7,34],[9,-29],[5,10],[-6,29],[4,20],[5,9],[4,-1],[2,-20],[9,-8],[18,23],[8,1],[5,12],[4,-7],[10,-35],[6,-40],[1,-27],[11,-57],[-2,-24],[5,-1],[6,-12],[6,0],[5,-14],[15,2],[18,22],[9,-4]],[[282666,558032],[2,-30],[6,-28],[8,9],[13,0],[-4,-8],[-1,-21],[10,-32],[5,-5],[1,24],[8,9],[4,-46],[-3,-43],[-5,-27],[2,-28],[7,-8],[-1,-47],[6,-18],[10,-15],[15,-39],[4,0],[10,6],[10,-14],[-3,-4],[-22,-17],[-22,-9],[-3,-2],[-4,-1],[3,-18],[1,-16],[-2,-34],[3,-17],[2,-33],[-2,-12],[1,-28],[6,-12],[-1,-17],[3,-5],[5,-18],[4,-4],[2,-20],[10,-52],[2,-14],[-10,2],[-11,-24],[-10,-59],[-1,-14],[5,-44],[1,-31],[2,-22],[4,-2],[28,-30],[3,-7],[6,20],[0,15],[4,29],[4,-13],[5,-2],[10,7],[5,-45],[14,-64],[33,-11],[0,-40],[-5,-35],[4,-15],[3,17],[11,-29],[4,-21],[10,-9],[6,-24],[8,-3],[2,-13],[-6,-30],[-1,-36],[2,-63],[1,-9],[18,-25],[4,-14],[3,-25],[3,26],[4,7],[5,29],[12,13],[6,12],[4,-2],[10,-31],[5,-20],[7,-3],[13,-93],[6,28],[3,35],[6,41],[10,34],[3,25],[-2,19],[-9,20],[-5,25],[-1,14],[4,21],[7,-24],[13,-16],[3,-16],[2,-36],[-9,-13],[7,-21],[0,-19],[8,-15],[18,-15],[5,-31],[7,-5],[3,-17],[-1,-5],[0,-69],[-12,-76],[13,-15],[10,-17],[-3,-18],[-1,-57],[-11,-18],[-9,-8],[-6,2],[-10,-4],[-8,2],[-27,17],[8,-41],[-2,-41],[9,-21],[10,-14],[-4,-40],[3,-10],[7,-2],[4,-26],[5,-3],[-4,-14],[5,-53],[-8,-5],[-11,-1],[8,-37],[12,-96]],[[289328,552159],[2,15],[7,4],[6,14],[0,19],[4,18],[1,-7],[8,-3],[0,-14],[-10,-51],[-2,-22],[7,-3],[16,3],[3,38],[4,59],[0,27],[-2,16],[5,17],[6,-23],[4,-44],[36,-114],[5,2],[0,28],[-4,39],[-5,77],[-4,33],[-1,24],[-5,30],[4,43],[-2,22],[-6,35],[-2,17]],[[289403,552458],[35,-115],[23,71],[9,-28],[3,21],[17,-54],[8,-22],[11,-11],[14,-35],[8,-8],[19,8],[4,22],[15,15],[12,-4],[3,0],[6,4],[12,72],[6,18],[8,13],[10,26],[3,14],[2,46],[5,37],[0,29],[7,39],[13,27],[14,48],[2,14],[7,1],[7,-15],[-4,-12],[14,-37],[8,21],[-2,20],[3,-8],[2,-9],[9,49],[5,20],[3,10],[0,-7],[6,10],[9,-31],[3,-26],[14,-59],[-11,-43],[-2,-20],[-10,3],[2,-25],[3,6],[4,-14],[3,2],[5,-7],[1,-10],[10,-29],[-12,-36],[22,-71],[11,32],[10,-2],[9,7],[14,-5],[30,44],[-8,-109],[0,-29],[4,-32],[-23,-67],[-21,-62]],[[289797,552165],[-20,-61],[0,-3],[-1,1],[-50,-149],[-6,-27],[22,-73],[-4,-6],[-14,-44],[-1,-22],[5,-35],[0,-29],[-12,-40],[-5,-27],[-8,-26],[-12,18],[-3,-25],[-4,-13],[-1,-44],[4,-46],[3,-21],[1,-25],[-2,-25],[-2,-49],[13,-12],[5,-14],[6,-10],[13,-2],[7,-10],[9,9],[15,-2],[3,-12],[13,-19],[5,3],[3,-13],[7,-8],[0,-7],[-9,-17],[-17,-47],[-26,0],[-5,14],[-8,12],[-20,17],[-24,-12],[-13,7],[-19,29],[-7,14],[-15,14],[3,-35],[-4,-26],[3,-9],[-6,-12],[0,-19],[-10,-32],[9,-29],[9,-22],[20,-37],[58,-98],[12,-19],[11,-4],[2,-57],[-9,-64],[-1,-14],[2,-19],[-7,-20],[-10,-24],[48,-118]],[[289753,550670],[-3,-20],[-4,-68],[7,-30],[10,-29],[3,-31],[9,-13],[9,-32],[6,-53],[-11,-7],[-6,-9],[-7,-19],[-9,-9],[7,-37],[2,-23],[-6,-3],[-8,-26],[-8,-31],[-15,-28],[-2,-16],[-17,-12],[-1,-11],[-9,0],[-5,-22],[-8,4],[-7,-5],[-7,-12],[-5,-20],[-4,-2],[-12,-36],[-2,-16],[-13,-1],[-6,8]],[[288331,553310],[0,5],[5,8],[0,15],[4,9],[19,26],[4,14],[-1,14],[4,-4],[5,21],[7,21],[3,1],[0,19],[3,-10],[6,9],[7,28],[6,-8],[4,25],[3,-4],[9,17],[-2,14],[11,26],[6,-6],[13,23],[1,10],[13,9],[2,9],[5,-37],[14,-47],[17,51],[-4,16],[28,81],[8,-24],[6,3],[0,8],[18,52],[8,-2],[8,16],[6,23],[1,13],[21,-68],[-4,-14],[5,-20],[11,31],[1,7],[5,-17],[3,-30],[20,36],[15,-5],[11,4],[14,16],[20,54],[8,2],[2,15],[7,7],[7,24],[2,14],[15,31],[4,5],[13,57],[12,35],[14,27],[8,10],[5,15],[9,22],[4,32],[7,14],[4,-8],[4,7],[-1,15],[7,13],[6,27],[5,-17],[2,16],[7,8],[-1,29],[8,0],[2,-10],[4,14],[15,33],[12,9],[5,-4],[5,-9]],[[288901,554181],[-6,-73],[-7,-8],[-6,-26],[10,-38],[-2,-34],[3,-26],[-3,-14],[8,-63],[4,-21],[0,-31],[3,-19],[8,-22],[9,-9],[3,-18],[8,-7],[4,-26],[-1,-16],[3,-10],[-6,-22],[3,-11],[-2,-23],[2,-3],[5,-8],[6,-25],[7,24],[13,-21],[6,3],[8,27],[17,10],[10,-18],[-1,-60],[-1,-9],[9,-28],[-4,-16],[-5,-40],[3,-9],[-5,-5],[8,-28],[-5,-13],[11,-35],[10,31],[36,-114],[15,-7],[-2,-26],[2,1],[-1,-23],[-9,-31],[-4,-24],[-15,-48],[-6,-16],[-10,-62],[0,-12],[15,-51],[-1,-20],[-2,-1],[5,-22],[8,-2],[11,-12],[2,-16],[8,-28],[28,78],[0,13],[5,1],[32,24],[8,-24],[5,-1],[8,-15],[-4,-63],[1,-25],[8,-42],[0,-33],[-12,-44],[6,-8],[8,-30],[10,-9],[8,5],[17,29],[10,7],[11,-15],[-4,-55],[3,-2],[3,31],[2,-1],[3,-23],[0,-29],[2,-19],[1,-39],[5,14],[5,-37],[0,-16],[9,-27],[-11,-27],[2,-6],[-5,-11],[9,-60],[-1,-9],[4,-62],[-2,-16]],[[288952,551881],[-15,58],[-25,111],[-5,18],[-1,7],[-1,0],[-2,-22],[1,-12],[2,-19],[-2,-9],[-8,-10],[-4,1],[-13,66],[-20,93],[-8,2],[-16,-18],[-8,10],[-6,-1],[0,-36],[-2,-4],[-14,-43],[-10,-39],[-13,-33],[-8,-26],[-3,-30],[-3,-25],[-5,-61],[-4,-33],[-5,-30],[-2,-24],[-3,-7],[-7,4],[-13,20],[-4,-14],[-10,32],[-9,10],[-10,-13],[-11,-10],[-6,17],[-5,-11],[0,-10],[-1,-28],[-2,-26],[-6,-5],[-3,-13],[-10,-13],[-1,-17],[-6,-22],[0,-15],[-6,-25],[-5,-44],[-10,-23],[-4,10],[2,23],[-4,8],[-2,21],[-6,16],[-3,35],[-6,9],[5,31],[-3,46],[-3,21],[-3,-2],[-18,64],[-14,42],[23,63],[-62,197],[-22,-63],[-4,16],[-4,-10],[2,-15],[-5,-7],[-6,26],[-14,-44],[-6,18],[-13,-46],[-8,29],[-6,-10],[0,-19],[-9,5],[-10,-5],[-4,32],[-5,9],[-2,46],[-2,24],[2,26],[-3,17],[-8,-27],[-25,-77],[-22,11],[-16,-34],[1,-8],[-4,-54],[2,-32],[4,-36],[0,-13],[5,-45],[4,-28],[-3,-8],[-2,-34],[2,-16],[4,-9],[1,-42],[3,-11],[8,-6],[8,-26],[-1,-2]],[[288368,551675],[-15,32],[-3,12],[-3,36],[-3,14],[-1,37],[2,27],[-1,15],[-4,35],[-3,36],[-4,47],[-1,24],[4,46],[-10,42],[-3,25],[-2,5],[-15,16],[-2,15],[2,32],[12,68],[0,35],[-6,26],[-16,18],[-8,17],[-6,39],[-11,22],[-3,10],[-2,19]],[[288266,552425],[5,51],[-1,69],[-8,46],[-1,23],[4,43],[2,10],[11,24],[0,11],[-2,22],[-5,19],[-14,25],[-3,9],[-9,71],[2,16],[7,18],[13,41],[3,50],[-4,27],[2,40],[-3,17],[1,8],[10,25],[24,-203],[8,6],[13,-12],[0,29],[8,44],[1,28],[-7,65],[-12,35],[-4,21],[-4,35],[-6,27],[-4,38],[2,35],[-2,14],[10,0],[7,11],[1,18],[4,4],[8,-6],[6,14],[2,17]],[[288278,554401],[58,32],[11,7],[-5,3],[-14,25],[5,37],[1,35],[4,17],[5,10],[5,-3],[9,23],[9,34],[4,31],[7,28],[3,45],[-4,29],[1,41],[-4,45],[1,19],[-2,26],[-3,57],[-7,65],[-8,38],[1,27],[5,48],[-1,32],[2,19],[-2,36],[2,16],[-6,10],[-5,35],[-3,7],[-9,1],[0,51],[-8,14],[-2,33],[-8,19],[-5,-4],[-6,-14],[-2,-19],[-7,8],[-7,-7],[-7,10],[-1,28],[-9,63],[-2,48],[1,24],[-5,30],[8,112],[8,8],[2,10],[2,1],[4,-1],[1,2],[2,5],[4,-18],[2,-4],[14,-12],[19,8],[9,0],[14,-16],[25,79],[31,-98],[1,15],[2,-38],[4,-35],[1,-5],[13,-17],[24,-13],[4,-9],[30,-103],[4,-51],[-2,-10],[9,-23],[10,-15],[6,10],[12,6],[13,-44],[5,-9],[7,-19],[3,-18],[9,-80],[-5,-3],[-8,8],[-6,-6],[-7,-60],[-6,-4],[0,-30],[-3,-47],[5,-55],[-6,-42],[3,-86],[25,35],[5,-3],[7,-10],[36,-123],[22,67],[-11,35],[12,31],[12,46],[9,22],[15,48],[10,58],[14,22],[29,91],[4,-23],[8,-27],[18,-9],[9,47],[0,42],[18,9],[21,21],[10,21],[-1,10],[8,48],[4,-9]],[[288821,555302],[9,-26],[14,0],[8,7],[7,14],[6,22],[6,13],[4,23],[15,7],[16,-1],[9,-8],[21,-43],[9,-11],[9,-5],[-6,-17],[-2,-19],[5,-29],[10,-21],[8,-44],[5,-59],[3,-12],[-2,-44],[-1,-42],[4,-42],[-1,-45],[15,-80],[-7,-14],[0,-20],[3,-11],[-3,-17],[38,18]],[[289023,554796],[2,-25],[0,-18],[3,-2],[2,-18],[6,-5],[9,-21],[8,-14],[4,2],[2,-18],[-3,-12],[-8,-16],[-6,-22],[-10,-13],[-2,-17],[-5,-8],[-8,-3],[-8,28],[-1,-30],[-2,-9],[5,-12],[-5,-23],[-8,-29],[-6,5],[-2,-37],[-10,-1],[-3,-14],[-12,-9],[-5,-22],[-2,-18],[-7,2],[-4,-18],[0,-20],[6,7],[5,-2],[3,-10],[-2,-8],[-7,1],[-1,-11],[-6,-4],[-8,-34],[-3,12],[-10,-11],[7,-36],[0,-17],[-9,-5],[-7,1],[-6,-17],[-8,1],[2,-61],[-2,-4]],[[288331,553310],[-4,-10],[-7,33],[-5,1],[-5,49],[-5,-2],[-3,9],[2,14],[-2,15],[-4,10],[-7,47],[-6,20],[-1,23],[-3,13],[-7,9],[-3,26],[-16,64],[8,11],[-2,23],[16,6],[-6,31],[-6,-4],[0,21],[-5,14],[-2,20],[3,27],[-4,8],[0,35],[8,35],[2,41],[5,4],[5,18],[3,20],[-2,9],[7,14],[1,14],[4,9],[-2,13],[2,11],[-8,19],[4,19],[5,-3],[4,5],[-1,18],[5,7],[-3,39],[-8,17],[5,13],[0,17],[-5,10],[4,9],[4,33],[0,14],[-11,7],[-2,17],[2,12],[0,25],[-11,31],[-2,20],[3,25],[3,36]],[[286617,545184],[1,22],[4,3],[13,29],[7,1],[9,24],[12,15],[5,-4],[9,20],[16,21],[8,42],[-4,55],[-4,16],[1,84],[9,2],[0,63],[2,54],[-3,32],[0,32],[5,4],[85,0],[2,2]],[[287977,554227],[218,126],[83,48]],[[288266,552425],[-5,-18],[-17,18],[1,-15],[-4,11],[-12,-33],[-11,-25],[-7,-29],[-13,-36],[-4,-40],[-3,-18],[6,-68],[-51,-148],[11,-26],[-54,-3],[-1,1],[-12,17],[-5,-22],[-1,1],[-46,79]],[[288038,552071],[-8,14],[-15,39],[-21,49],[-4,15],[0,-36]],[[287990,552152],[0,-4],[-1,0]],[[287989,552148],[-11,-1],[-8,-6],[-54,-93],[-9,-9],[-12,3],[-4,7],[-5,19],[-6,46],[-12,22]],[[288275,547399],[18,2],[3,-1],[54,1],[3,3],[4,7],[8,31],[2,-11],[-1,-15],[8,-1],[5,-3],[7,-7],[3,-4],[5,-2],[7,0],[8,0],[-2,23],[-5,14],[-1,56],[5,0],[19,0],[6,0],[0,-13],[0,-7],[0,-56],[1,-8],[11,12],[12,0],[6,2]],[[288461,547422],[1,-10],[13,6],[12,-29],[1,-20],[-5,-39],[-13,-5],[0,-17],[-8,1],[0,-7],[22,-1],[6,-25],[-2,-25],[4,-20],[3,-50],[-1,-30],[5,-37],[2,0],[2,40],[10,4],[1,31],[18,0],[4,13],[4,-14],[-2,-7],[2,-1],[13,-11],[20,0],[14,-19],[8,-11],[7,1],[12,-3],[0,37],[34,-1],[0,17],[12,-16],[5,-20],[1,22],[-2,51],[4,3],[2,-44],[-3,-39],[14,-14],[3,0],[3,-11],[3,-5],[5,-4],[3,-5],[5,-18],[3,-12],[5,-8],[14,10],[12,1],[3,-5],[7,-25],[4,8],[7,-21],[2,-1],[5,11],[4,1],[10,-21],[4,-2],[4,-11],[3,-2],[10,1],[7,-12],[2,-17],[9,-10],[6,1],[6,-6],[3,-13],[9,-19],[6,-19],[15,-1],[5,-13],[13,-27],[10,-10],[9,-27],[2,2]],[[288653,546007],[-2,25],[-3,5],[-3,12],[0,20],[-6,24],[-4,4],[-8,20],[2,6],[-6,17],[-3,26],[-6,16],[-5,7],[-9,30],[-6,14],[-10,10],[-6,17],[-4,7],[-1,18],[-2,36],[-4,20],[-5,10],[-1,19],[-5,15],[-8,44],[-2,25],[-6,29],[-14,47],[-3,21],[-2,47],[-5,8],[-7,2],[-9,17],[-12,40],[-10,13],[-2,17],[-6,0],[-12,34],[-1,6],[-3,30],[-8,27],[-2,8],[0,22],[-3,6],[0,11],[-1,6],[-1,8],[-2,11],[-15,14],[-3,8],[-20,10],[-17,17],[-8,16],[-2,14],[-8,21],[-7,5],[0,24],[7,47],[1,17],[-4,0],[-4,20],[-1,67],[-20,0],[-1,-19],[-19,2],[-1,-13],[-9,0],[-9,7],[-2,3],[1,53],[-2,32],[-1,0]],[[288293,547209],[-6,-3],[-10,8],[5,7],[-4,52],[5,13],[-5,20],[3,0],[-5,7],[-1,86]],[[289927,569152],[-2,14],[-7,59],[-1,37],[5,22],[-4,60],[7,8],[-5,35],[6,72],[6,15],[9,-3],[7,-24],[19,10],[9,-29],[10,14],[-2,18],[2,32],[-5,27],[20,39],[-10,23],[4,15],[6,8],[10,27],[6,-37],[9,-27],[5,-26],[0,-25],[3,-20],[7,15],[9,5],[13,41],[4,24],[1,7],[12,-6],[25,9],[8,9],[5,-2],[6,67],[-4,46],[-4,14],[-8,34],[31,5],[7,-14],[4,45],[0,49],[4,43],[1,36],[-3,16],[-18,39],[-6,2],[-3,7],[7,17],[3,25],[5,61],[1,50],[7,16],[2,13],[-9,11],[-3,22],[-20,-24],[-3,5],[-11,-2],[-2,12],[4,9],[1,29],[-4,18],[3,40],[7,26],[5,0],[8,-8],[20,-35],[2,11],[20,16],[-2,41],[-2,6],[-2,35],[-6,6],[4,21],[-2,29],[-6,9],[-5,-8],[1,-14],[-8,-17],[2,22],[-2,8],[-6,-30],[2,26],[-3,24],[3,11],[7,18],[7,-19],[8,14],[7,29],[9,-4],[4,14],[-1,28],[-9,15],[19,54]],[[290187,570617],[2,-48],[18,-12],[13,15],[25,-22],[21,-72],[0,-8],[-12,-27],[-16,-46],[-1,-20],[23,-19],[1,-4]],[[290261,570354],[4,-12],[3,-45],[10,-44],[14,-39],[12,-13],[24,31],[11,-9],[4,-18],[-1,-48],[2,-22],[4,-17],[1,-4],[7,0],[11,-28],[6,-24],[31,-70],[13,12],[2,-4],[41,-70],[50,-62],[2,0],[10,0]],[[290437,569104],[-14,-10],[-5,-8],[-5,10],[-10,-7],[-8,10],[-3,11],[-7,7],[-7,16],[-11,41],[-2,-65],[-4,-39],[-6,-34],[-4,12],[-7,12],[3,57],[-7,13],[-18,10],[-8,13],[-17,-38],[-5,-38],[-3,-7],[-3,-31],[-6,-24],[-2,4],[-14,36],[-10,-47],[-7,-20],[1,-39],[-6,21],[-2,-16],[-6,-11],[-9,-5],[-9,-23],[-6,14],[-8,-3],[-9,16],[-5,1]],[[290188,568943],[-3,30],[0,15],[1,16],[4,41],[7,64],[-1,7],[-18,9],[-4,51],[-5,3],[-3,-20],[-18,43],[4,34],[-7,8],[0,-36],[-4,-23],[-10,-41],[-10,9],[-33,-37],[-9,12],[-3,-39],[0,-26],[-8,-12],[-14,-3],[-14,1],[1,-42],[-10,-40],[-8,-47],[-2,-28],[-10,-8],[-7,-47],[-4,-16],[-4,-61],[-3,-16],[-2,-48],[-5,-23],[5,-31],[-9,-70],[-9,-24],[-1,-16],[5,-39],[-2,-15],[-7,-27],[-5,-23],[4,-19],[-5,-1],[-1,-19],[4,-24],[-4,-38],[-9,-10],[-15,-26],[-11,-9]],[[288137,569596],[11,37],[3,36],[6,32],[3,34],[-2,12],[-7,10],[4,6],[44,0],[13,43],[7,6],[6,-13],[2,-13],[6,61],[10,77],[9,38],[13,27],[18,52],[20,44],[10,56],[17,64],[3,30]],[[288333,570235],[108,-4]],[[288434,569505],[5,-34],[0,-17],[8,-12],[2,-16],[-10,-5],[-9,-21],[-15,-24],[2,-20],[11,-29],[5,-18],[14,18],[9,43],[3,12],[8,2],[5,12],[2,31],[4,8],[10,1],[2,-18],[-14,-25],[14,-12],[-10,-31],[11,-50],[15,43],[-12,-36],[1,-1],[21,-102],[13,15],[5,-10],[1,-4],[1,-1],[10,10],[-2,-10],[2,-14],[11,-15],[3,-24],[15,-41],[8,-16],[2,-30],[5,10],[2,-19],[12,-13],[-2,-24],[39,-50],[2,-29],[7,23],[14,-17],[11,29],[2,-6],[10,10],[4,-15],[9,-12],[0,10],[9,4],[3,38],[4,-18],[4,-9],[28,1],[-1,33],[16,61],[11,58],[25,34],[2,15],[6,-30],[31,25],[9,37],[1,12],[9,36],[7,13],[6,-1],[7,-23],[-2,-30],[10,-33],[10,5],[-5,-22],[10,5],[-1,-7],[-20,-79],[-1,-31],[2,-28],[4,-27]],[[288884,569000],[2,-17],[-10,-39],[-1,-21],[1,-23],[5,-26],[2,-22],[6,-32],[-1,-47],[-3,-24],[-5,-17],[5,-4],[8,-19],[-1,-25],[2,-12],[-7,-22],[6,-51],[2,-7]],[[288895,568592],[-12,3],[-13,35],[-3,10],[-2,1],[-19,-3],[6,-25],[-5,-11],[3,-29],[-9,-30],[-5,17],[-2,25],[-6,27],[-3,17],[-6,11],[-6,-33],[-12,-16],[-8,-4],[-8,12],[-5,21],[-15,23],[-11,4],[-2,-8],[0,-37],[-2,-12],[2,-34],[-6,-18],[-9,4],[3,-26],[-5,-17],[3,-13],[-9,-27],[1,-10],[-1,-4],[-4,-19],[-3,-9],[-4,42],[-8,6],[-8,-36],[-7,2]],[[288695,568431],[-1,24],[-10,37],[-21,-39],[-3,24],[8,15],[-3,11],[-15,32],[1,67],[3,21],[0,42],[3,21],[-2,5],[-7,-21],[-11,-17],[-13,-61],[0,-62],[-7,8],[-2,-15],[-17,-7],[-8,-14],[-3,-27],[8,-8],[4,-14],[-5,-62],[-4,11],[-6,8],[7,-19],[7,-26],[0,-11],[-12,-1],[-2,-13],[-17,19],[-17,-37],[-5,21],[-8,-19],[7,-16],[-4,-8],[0,-26],[-2,-15],[8,-7],[-1,-30],[3,-23],[0,-50],[1,-19],[-2,-17],[-7,12],[-8,2],[-2,-25],[-10,-5],[-8,-25],[-8,-10],[-9,32],[0,-2],[-5,21],[-3,16],[-2,20],[-17,-24],[0,13],[3,27],[-2,13],[-2,32],[-6,10],[-10,2],[-5,-8],[-6,0],[-5,-11],[-4,18],[-5,-11],[-10,-35],[-8,15],[-4,14],[-6,38],[3,4],[-1,17],[4,4],[-6,71],[-11,33]],[[288214,568619],[-8,46],[-1,10],[3,18],[-5,18],[-1,22],[1,10],[1,2],[2,6],[0,3],[1,7],[0,9],[1,4]],[[288208,568774],[13,-12],[5,23],[0,26],[-4,42],[4,30],[7,25],[5,8],[7,61],[1,34],[11,16],[13,34],[-1,22],[-8,-2],[1,26],[3,22],[8,9],[6,38],[-9,-6],[-12,16],[-10,-16],[-5,8],[2,25],[-5,-16],[-9,-17],[-1,17],[4,46],[2,33],[-2,22],[-10,9],[-5,33],[-6,4],[-7,-7],[0,12],[5,22],[-5,24],[-14,28],[-3,-5],[-11,44],[-11,22],[-10,1],[-6,26],[-2,-12],[-7,-4],[-5,6],[0,16],[5,19],[-4,13],[3,26],[-4,31]],[[288895,568592],[5,4],[3,-19],[9,10],[-1,28],[-3,4],[-1,17],[4,3],[7,-2],[5,-11],[2,-22],[13,13],[3,-17],[-4,-50],[-7,-7],[-22,-34],[-11,-29],[-7,-26],[-15,-65],[-5,-44],[-13,27],[-10,7],[-2,-15],[-10,-30],[-11,-14],[-4,-16],[-3,18],[-5,8],[-9,3],[-10,-17],[-7,2],[-4,-8],[10,-26],[20,-21],[4,-8],[7,-37],[4,-11],[16,-4],[-7,-8],[17,-77],[1,-17],[5,-13],[8,-40],[6,-13],[5,36],[7,-10],[4,13],[5,-21],[14,-38],[2,-38],[6,-70],[7,-21],[11,-57],[3,16],[7,15],[19,-65],[19,32]],[[288656,566703],[-12,8],[-26,-33],[-3,10],[-6,-7],[-8,96],[-13,-9],[-8,-2],[-4,44],[-10,-1],[-5,60],[-8,59],[-1,22],[9,8],[9,58],[-3,20],[-9,18],[-6,0],[0,29],[-12,-1],[-10,20],[-2,-2],[-1,3],[-7,28],[-25,-19],[-5,-9],[-8,2],[-8,-24]],[[288474,567081],[-2,40],[0,39],[-1,24],[5,34],[-8,48],[-12,-24],[-15,-5],[-7,12],[-10,36],[39,126],[56,178],[8,-15],[3,-16],[6,-18],[11,25],[4,38],[5,6],[4,14],[14,-3],[12,-17],[5,6],[17,2],[10,12],[4,-1],[8,-26],[7,-70],[11,27],[4,3],[14,-5],[3,-14],[3,-10],[-11,59],[-1,18],[12,28],[-13,58],[-12,5],[4,32],[11,39],[-12,34],[-1,50],[-3,15],[1,6],[9,50],[18,135],[5,-20],[11,-8],[6,-21],[4,-10],[8,-1],[5,-18],[9,-18],[3,-29],[3,-12],[10,-8],[6,0],[14,4],[17,-2],[2,19],[10,23],[4,39],[-7,29],[-3,8],[-5,-9],[-10,8],[-6,13],[-3,20],[-4,12],[-11,10],[-7,-4],[-13,10],[-2,8],[0,24],[7,13],[0,13],[-2,28],[-8,39],[-3,32],[-6,13],[-10,53],[-10,-20],[-5,-21],[-5,67],[21,43],[-4,48]],[[289658,555022],[0,-37],[-4,-64],[1,-21],[3,-26],[13,-3],[22,25],[7,-7],[6,-2],[50,-43],[-5,-16],[6,-33],[-6,-6],[-5,5],[6,-9],[4,-18],[11,22],[-11,-40],[-1,-15],[7,9],[-6,-26],[-4,-11],[3,-6],[13,5],[-3,-10],[8,-31],[10,42],[7,16],[-4,-22],[-3,-37],[5,8],[0,-13],[11,-11],[1,13],[3,-33],[10,2],[0,-16],[5,-8],[9,9],[0,-16],[-5,-5],[0,-26],[3,-2],[2,-32],[5,-13],[1,23],[5,2],[-8,26],[10,2],[0,19],[-6,6],[0,15],[-4,20],[4,-9],[7,0],[7,20],[0,20],[-3,13],[-1,18],[7,-8],[5,12],[-4,24],[-8,22],[7,-3],[3,17],[-4,6],[-2,15],[7,-2],[33,-22],[0,23],[-10,-10],[-4,19],[0,18],[-5,8],[-2,20],[4,12],[-2,13],[5,-9],[8,11],[4,-7],[4,14],[8,3],[18,-33],[-2,-4],[10,-37],[3,-24],[-2,-26],[3,-25],[114,-108],[31,-27],[-6,-8],[-12,-4],[21,-44],[-7,-8],[-3,-16],[-5,3],[-2,-13],[-8,-18],[-16,-8],[-3,-26],[-6,-12],[-9,0],[5,-31],[14,-43],[8,-49],[18,-19],[24,2],[18,13],[11,3],[-11,-87],[12,-21],[4,-14],[13,-16],[19,5],[3,8],[11,-1],[8,32],[10,4],[4,-8],[14,33],[14,-10],[20,16],[13,2],[4,-13],[5,-34],[0,-21],[10,-44],[-2,-42],[-15,-73],[-11,-16],[-3,-29],[-11,-26],[-14,-15],[-3,-50],[3,-33],[3,-18],[14,8],[9,-13],[14,-15],[2,-14],[0,-15],[-4,-31],[1,-31],[-3,-51],[-2,-51],[-3,-17],[-7,-1],[-4,12],[-9,3],[-8,-14],[-1,-15],[-8,-18],[12,-6],[9,-15],[6,-1],[22,-16],[8,1],[14,9],[27,29],[19,-1],[16,44],[7,12],[6,-23],[6,-39],[2,-33],[7,-31],[3,-68]],[[290370,553437],[-1,-40],[-3,-16],[-4,-12],[-1,-21],[-5,-35],[-10,-28],[-2,-16],[-6,-15],[-3,-27],[0,-38],[-7,7],[-12,17],[-16,33],[-11,50],[-8,16],[-10,11],[-2,-6],[-30,-27],[-41,-54],[3,-16],[1,-38],[3,-15],[-1,-13],[-4,-8],[1,-36],[8,-23],[12,-18],[6,1],[2,-22],[8,-17],[-2,-27],[5,-23],[13,-18],[3,-27],[-1,-5],[5,-28],[9,-37],[6,-44],[4,-41],[-1,-24],[0,-22],[-2,-9],[-1,-96],[1,-23],[4,-13],[16,-10],[7,-12],[37,-91],[4,-18],[-4,-5],[-3,-25],[-7,-26],[-2,-15],[-7,2],[-4,-6],[-8,3],[-8,8],[-3,-3],[-6,-38],[-3,-43],[-3,-11],[-1,-41],[0,-29],[5,-42],[3,-58],[-2,-13],[-3,-49],[-9,-6],[3,-31],[8,-21],[-2,-25],[2,-9],[4,13],[1,24],[3,-5],[2,-26],[-1,-53],[-4,-18],[-9,-1],[4,-9],[6,4],[22,17],[1,-20],[4,-26],[-5,-3],[-9,5],[0,-12],[5,-19],[11,-12],[4,4],[2,-17],[-8,-16],[-2,-18],[-1,-31],[-7,-3],[3,-13],[18,11],[-3,-39],[9,-25],[5,-8],[-1,-24],[-6,-11],[-2,-13],[7,-8],[8,10],[7,2],[2,-25],[-5,-8],[-1,-9],[9,-7],[-3,-13],[-7,8],[-3,-9],[2,-17],[8,-3],[-1,-13],[-10,2],[-1,-14],[4,-16],[6,-7],[1,-15],[-7,-21],[-2,-22],[4,-27],[6,-23],[-3,-20],[4,-17],[2,-16],[7,10],[1,-13],[-3,-8],[-11,-7],[0,-13],[4,-4],[6,8],[7,-13],[6,18],[3,-1],[0,-14],[-6,-17],[3,-13],[4,-1],[5,15],[3,-8],[0,-54],[8,-20],[1,-55],[-7,7],[2,-26],[6,-10],[9,15],[3,-12],[2,-48],[0,-23]],[[290416,551061],[-6,-7],[-9,32],[-6,-10],[-5,34],[-4,3],[-4,14],[-11,10],[-9,-16],[-8,13],[-3,16],[-8,5],[-2,13],[-5,8],[-3,13],[0,29],[2,27],[-3,5],[-10,0],[-4,10],[2,11],[0,30],[-11,21],[-8,-2],[-6,-21],[-9,-1],[-4,26],[0,14],[-5,26],[-8,18],[-7,28],[-23,28],[-5,12],[-14,55],[-4,29],[-1,31],[-9,57],[4,32],[-8,38],[-8,18],[-9,9],[-12,33],[-21,35],[-9,21],[-19,33],[-4,-2],[-4,-14],[-6,-3],[-1,-9],[-8,-4],[-3,-8],[9,-66],[14,-79],[8,-28],[2,-14],[1,-65],[-2,-11],[-24,-56],[-7,-22],[-5,-26],[-1,-15],[-4,1],[-9,-13],[-5,-11],[-7,-46],[-10,32],[-7,7],[-15,63],[-10,29],[-1,33],[-6,16],[-3,19],[-5,7],[1,12]],[[290012,551568],[3,59],[4,36],[-3,35],[2,51],[5,35],[5,52],[1,41],[7,103],[-2,11],[-4,11],[-19,25],[-7,21],[-13,14],[-5,-6],[-8,-37],[-23,-28],[-1,14],[-4,-14],[-3,-31],[-3,-18],[-10,6],[-8,6],[-13,37],[0,18],[-4,10],[1,17],[-8,-5],[-5,-18],[-12,65],[-17,58],[-4,26],[-5,54],[1,-15],[-14,12],[-6,-16],[-14,2],[-12,-7],[-8,-26],[-9,-1]],[[289403,552458],[0,16],[-12,47],[-4,1],[-4,20],[-7,17],[0,16],[-10,84],[16,49],[-4,23],[9,27],[6,38],[4,13],[12,17],[19,14],[-3,69],[-4,54],[-3,19],[-10,25],[-11,14],[-5,1],[0,-35],[-7,34],[-8,16],[-12,1],[-9,24],[6,16],[6,-7],[7,11],[-1,18],[7,15],[-4,31],[10,47],[-9,13],[-8,2],[-5,-14],[-15,2],[-5,-5],[-2,-14],[-12,-11],[-8,-3],[-11,-23],[-11,-2],[0,19],[-11,45],[-4,-9],[-13,132],[-5,75],[-11,135],[-5,68],[-10,19],[-10,5],[-1,43],[-7,29],[2,-1],[9,19],[8,7],[-22,282],[-6,110],[-3,33],[-12,234],[-23,469]],[[289177,554852],[8,-31],[5,1],[5,-8],[9,-40],[8,-15],[1,17],[8,1],[4,8],[3,-11],[5,12],[-1,12],[4,7],[11,46],[9,-33],[4,-6],[5,14],[8,-10],[7,4],[8,13],[6,-3],[3,15],[7,9],[3,-31],[-1,-22],[14,-25],[7,-33],[7,-1],[6,8],[5,-5],[-2,-27],[4,-22],[16,10],[3,-3],[6,-27],[8,-14],[6,17],[-3,27],[2,20],[-5,33],[0,25],[2,7],[9,-6],[8,-14],[10,16],[6,-14],[12,-48],[1,-16],[4,-7],[2,-16],[14,-17],[-2,26],[4,5],[7,-3],[18,-32],[8,-22],[3,6],[7,32],[-1,10],[-7,21],[1,12],[4,8],[10,-4],[8,-17],[7,-44],[6,0],[7,44],[2,30],[-1,13],[-10,35],[0,37],[2,4],[8,-28],[9,10],[12,-12],[16,-2],[12,54],[16,47],[5,6],[-4,34],[-2,47],[-7,15],[-5,-11],[0,-2],[-6,13],[-16,13],[-6,16],[-1,10],[-5,11],[-4,-10],[-11,28],[-11,61],[-2,21],[-2,3],[-7,41],[-7,28],[-8,21],[-6,29],[-5,18],[-14,-7],[-6,5],[32,104],[4,-13],[9,-41],[75,-281],[6,6],[-2,28],[4,12],[-3,25],[9,25],[-2,21],[3,10],[-11,39],[-1,18],[7,2],[9,-13],[6,-2],[4,-14],[-8,-34],[14,15],[7,-2],[2,-14],[-5,-20],[5,-2],[8,14],[4,-30],[-3,-19],[-8,8],[3,-19],[-5,-15],[-6,4],[6,-16],[-4,-9],[9,1],[4,-7],[1,-16],[-4,-13],[-6,-3],[4,-20],[6,5],[1,-20],[5,3],[4,24],[11,-8]],[[289814,553249],[8,0],[1,-5],[8,-47],[6,0],[-1,-38],[3,-21],[0,-18],[18,-16],[2,2],[-6,47],[-3,3],[-1,45],[0,31],[0,10],[-4,-2],[-7,-2],[0,13],[-13,-1],[1,10],[-4,34],[-7,-9],[-1,-36]],[[287326,545377],[8,-15],[4,19],[25,-1],[4,-78],[33,0],[8,9],[10,-10],[6,-5],[-2,30],[5,24],[7,22],[5,6],[5,22],[15,16],[13,-6],[7,4],[2,-6],[6,9],[10,25],[13,2],[3,7],[5,-1],[4,-10],[8,-30],[19,38],[15,9],[37,-52],[6,-13],[6,0],[10,102],[6,32],[5,-11],[8,-15],[1,-48],[-1,-204],[24,46],[7,6],[0,129],[-1,29],[-4,31],[-10,1],[11,20],[22,42],[24,15],[6,6],[49,87],[7,14],[12,-14],[2,-10],[0,-23],[2,-21],[6,-17],[8,-47],[-2,-16],[6,-34],[4,-47],[7,-23],[1,-42],[-5,-50],[-7,-18],[7,-62],[-2,-16],[3,-23],[-5,-34],[-6,-6],[1,-44],[4,-38],[1,-46],[4,-31],[-2,-33],[1,-14],[-12,-26],[-4,-17],[-8,-2],[-2,6],[-4,-3],[0,-49],[94,202]],[[287881,545076],[0,-110],[-4,-549]],[[288293,557623],[2,-6],[6,-47],[14,-56],[-1,-29],[3,-19],[11,-36],[20,2],[7,12],[4,19],[7,0],[1,-18],[7,5],[6,-6],[-4,-28],[24,-80],[7,16],[9,-48],[6,9],[8,26],[9,9],[4,-15],[11,-36],[12,-1],[4,-21],[13,-40],[17,-12],[13,-18],[10,-8],[15,10],[5,11],[12,2],[10,-7],[-3,-7],[4,-20],[-5,-22],[-4,-72],[-4,-22],[-4,-8],[3,-19],[-3,-23],[7,-13],[4,-27],[8,-24],[1,-2],[7,30],[6,10],[12,40],[6,31],[10,31],[1,27],[12,39],[-10,31],[3,32],[7,-16],[18,2],[4,-11],[11,34],[7,33],[6,19],[7,-23],[2,21],[8,5],[8,15],[5,18],[15,-29],[2,7],[13,10],[8,-13],[9,-5],[11,15],[2,16],[6,6],[4,26],[28,9],[8,16],[7,-28],[13,-37],[11,-38],[4,-10]],[[288840,557267],[3,-213],[-8,-243],[-1,-479],[-6,-286],[0,-25],[-7,-719]],[[287958,554792],[10,47],[7,26],[9,27],[6,14],[13,17],[2,18],[-2,9],[-6,2],[-11,-12],[-5,2],[-5,12],[-1,21],[12,6],[3,21],[-2,14],[-6,9],[-11,3],[-7,9],[-11,41],[-2,17],[0,34],[-5,16],[-7,2],[-9,-5],[-4,-11],[-5,10],[4,35],[9,31],[7,19],[7,33],[6,17],[6,81],[3,19],[17,120],[3,18],[1,31],[2,8],[-2,24],[2,12],[-10,15],[-1,20],[-10,19],[-1,13],[-10,41],[-3,68],[-6,26],[-5,2],[-5,30],[-4,13],[-4,30],[-1,32],[2,37],[-2,49],[3,24],[9,21],[2,46],[2,21],[-4,33],[-1,37],[-3,35],[-1,10],[-7,13],[-5,23],[-5,16]],[[290396,565510],[0,-10],[10,-12],[3,-9],[10,-45],[9,-26],[5,-24],[18,-70],[8,-32],[12,-31],[3,-3],[1,5],[5,25],[7,2],[5,-8],[1,-29],[2,-18]],[[290495,565225],[4,-41],[5,-16],[14,-28],[7,-8],[9,-17],[4,-15],[2,-28],[-3,-47],[6,-28],[1,-27],[4,-18],[12,-21],[7,-23],[2,-1],[5,16],[3,-4],[4,-59],[7,-15],[9,-4],[17,-12],[4,-13],[6,-40],[9,-8],[7,7],[4,19],[7,7],[8,-16],[6,-18],[2,-19],[16,-67],[4,-6],[7,6],[13,4],[4,-8],[2,-15],[-5,-11],[-7,7],[-6,-17],[-13,-19],[3,-33],[2,-59],[2,-5],[9,7],[5,-4],[13,-23],[11,-26],[5,-37],[6,2],[5,9],[3,17],[4,5],[5,-11],[6,-29],[3,-7],[8,12],[0,9],[-6,39],[2,14],[15,-9],[13,4],[6,-10],[-5,-39],[1,-36],[14,-19],[20,-6],[10,-6],[11,-19],[9,-5],[7,11],[7,-11],[3,-39],[3,-18],[7,-4],[19,-18],[9,-21],[6,-25],[7,-73],[5,-2],[9,10],[9,-3],[12,-16],[21,9],[11,13],[1,68],[2,22],[4,13],[4,-11],[3,8],[10,-25],[10,-16],[14,-48],[6,-7],[5,7],[7,11],[6,1],[2,-3],[13,-44],[14,-15],[9,-14],[26,-18],[13,-24],[13,-18],[15,-26],[17,-12]],[[291191,564019],[-5,-23],[3,-27],[-2,-4],[1,-17],[-5,-8],[-1,-27],[-5,-25],[1,-18],[-8,-7],[-6,-11],[-1,-27],[-9,-19],[-8,-49],[-1,9],[-8,2],[-10,15],[-4,-8],[-4,5],[-8,-6],[-1,8],[-5,-9],[1,-21],[-4,-24],[-6,-8],[-6,-6],[-8,12],[-6,-5],[3,-6],[-6,-7],[-2,-13],[-7,16],[-6,-9],[-3,-20],[-3,0],[-3,-15],[-19,11],[-4,-14],[-8,-13],[-5,6],[-14,-6],[-6,8],[-5,-6],[-5,10],[-6,-12],[2,-7],[-3,-27],[-5,5],[-1,-30],[-6,3],[-3,-24],[-2,-2],[2,-16],[-4,-37],[-2,-7],[-15,5],[-3,-17],[-12,-4],[-2,-11],[-16,-35],[-8,3],[-3,-7],[-1,-41],[-6,-33],[-7,-4],[-3,-14],[-6,-14],[-5,-2],[0,-15],[-7,-32],[-4,-10],[4,-31],[-11,-65],[-1,-32]],[[290849,563150],[-16,-40],[-4,-36],[-19,-73],[-6,-34]],[[290804,562967],[-8,0],[-8,-17],[-6,7],[-23,-18],[-4,-7],[-7,7],[-22,46],[-7,1],[-1,-13],[-8,1],[-6,-10],[-2,20],[-6,-7],[-2,18],[-6,0],[2,-14],[-14,2],[-18,-9],[-5,18],[-7,48],[2,17],[-3,25],[5,27],[1,23],[11,3],[9,-7],[0,51],[-7,-4],[-9,28],[-11,-12],[-4,17],[2,25],[-11,27],[-6,8],[-10,24],[-6,2],[-26,36],[-8,6],[-8,26],[-11,57],[-11,37],[-6,32],[-6,19],[-10,15],[-17,35],[-12,39],[-6,29],[8,24],[21,33],[5,23],[1,17],[-12,84],[-7,49],[0,57],[-3,34],[-2,12],[-8,13],[-9,-17],[-16,9],[10,44],[8,25],[4,1],[1,33],[16,19],[1,8],[-7,28],[-7,-9],[-17,-12],[-5,10],[-1,8],[7,18],[-5,29],[-5,8],[-8,-8],[-15,6],[-12,10],[-28,-73],[-2,-14],[-1,-12],[5,-9],[7,-33],[9,-23],[20,-36],[0,-41],[-6,-53],[-6,-21],[-4,-23],[3,-26],[3,-10],[-2,-38],[-11,-20],[-5,-15],[-17,18],[-3,9],[-4,-9],[-8,-4],[-6,-20],[-7,-3],[-6,-15],[-14,5],[-8,-10],[-7,10],[-7,-4],[1,-21],[-4,-5],[-4,0],[-7,40],[-4,13],[-10,-47],[0,17],[-8,6],[1,12],[-10,37],[-5,2],[3,19],[-4,9],[-2,-9],[-6,1],[10,37],[-6,22],[-3,-9],[-28,24],[-27,-2],[-2,5]],[[290211,563862],[7,34],[3,46],[-1,24],[5,26],[-3,45],[2,8],[2,7]],[[290226,564052],[-4,42],[2,15],[13,43],[2,22],[7,28],[0,23],[8,25],[17,107],[12,23],[8,39],[9,24],[15,14],[3,27],[-4,9],[-12,44],[-3,30],[-6,30],[6,19],[2,17],[-7,-1],[-1,3],[-4,11],[-2,24],[-8,-7],[-4,6],[-2,-2],[1,4],[2,0],[2,21],[8,28],[6,13],[11,53],[20,35],[12,11],[0,6],[-9,2],[-12,31],[7,59],[6,45],[-9,35],[-5,59],[1,37],[-2,24],[-7,-1],[-4,-11],[-4,6],[-11,-34],[-9,9],[-12,41],[-6,-16],[-13,-10],[-4,7],[-3,19],[-1,26],[-3,19],[-4,5],[-2,45],[-9,23],[-9,5],[-6,21],[-1,21],[14,108],[-3,7],[-16,33],[25,-23],[1,20],[7,10],[10,6],[18,55],[3,14],[11,31],[9,-25],[11,-36],[1,-27],[7,-34],[5,-8],[0,-19],[8,0],[5,-25],[1,-19],[5,-9],[5,8],[3,24],[8,9],[6,-10],[6,7],[-1,10],[3,20],[12,38],[9,19],[13,-5],[6,26]],[[290572,551050],[7,21],[4,-11],[2,15],[3,-2],[1,24],[5,8],[2,21],[6,23],[-1,20],[-5,68],[3,29],[0,54],[6,41],[9,42],[10,27],[5,39],[8,16],[0,30],[6,36],[0,29],[-3,57],[0,30],[-7,20],[-2,18],[0,43],[4,22],[-1,14],[13,44],[4,4],[12,24],[20,-16],[16,14],[4,14],[7,6],[5,-5],[6,15],[0,29],[7,8],[14,26],[2,13],[6,9],[5,22],[7,15],[6,0],[8,18],[16,-1],[14,18],[11,-6],[5,3],[15,23],[15,40],[5,5],[11,-1],[16,-19],[8,0],[16,-10],[3,-16],[13,-41],[6,16],[3,13],[20,70],[15,30],[5,8],[10,36],[6,38],[4,14],[9,7],[7,-13],[3,-19],[12,-23],[8,-37],[4,-6],[8,0],[7,12],[1,41],[16,5],[3,-14],[9,0],[3,-27],[2,-29],[3,-31],[7,0],[6,15],[-1,11],[28,1],[-1,-12],[4,-34],[1,10],[2,15],[4,-25],[8,-11],[6,7],[10,31],[7,6],[7,20],[6,-11],[4,2],[11,-11],[5,2],[5,-15],[5,-20],[9,-15],[11,1],[7,-18],[16,-8],[7,6],[6,-11],[2,-66],[-8,-6],[-27,-8],[1,-20],[3,18],[9,-8],[5,-16],[8,11],[2,-6],[15,21],[9,7],[-3,-30],[4,-27],[2,-23],[-7,-39],[-10,-15],[-9,-26],[-4,-20],[9,-39],[1,-20],[13,-5],[13,10],[14,7],[15,13],[10,11],[12,-24],[5,-4],[22,23],[10,-2],[8,38],[21,-33],[11,-85]],[[291424,551683],[-14,-31],[-22,-35],[-10,-14],[-8,-18],[6,-10],[8,1],[-1,-14],[7,-10],[7,0],[9,-9],[7,-16],[3,-6],[13,6],[5,-18],[0,-15],[6,-12],[4,-27],[-6,-12],[-1,16],[-5,9],[-6,-4],[-7,-32],[1,-21],[-13,-14],[-18,32],[-6,1],[-9,-48],[-2,-31],[-6,-19],[-2,3],[-6,-6],[-25,-13],[-22,-21],[-16,-3],[-4,4],[-21,2],[0,-31],[8,-124],[-2,-21],[4,-21],[-6,11],[-7,30],[-3,40],[-9,-54],[-13,-28],[-17,-41],[-7,-30],[-5,-8],[-15,-3],[1,-33],[20,-46],[3,-9],[-3,-43],[-8,-18],[-8,-6],[1,-27],[-8,-42],[-6,-56],[-4,-70],[1,-74],[3,-93],[-2,-17],[5,-10]],[[290797,549333],[-156,-47]],[[290641,549286],[3,45],[0,29],[7,77],[3,19],[8,30],[9,130],[3,55],[0,87],[4,31],[-1,12],[-6,26],[0,20],[1,35],[-10,30],[-1,-21],[6,-23],[-12,0],[-4,-22],[-5,2],[2,23],[-3,17],[-7,-10],[-5,3],[-2,17],[4,28],[-4,25],[-1,29],[-1,80],[10,118],[3,61],[-1,62],[-4,17],[7,19],[5,39],[-7,29],[-5,6],[2,25],[-2,11],[-10,6],[-6,48],[-3,34],[-9,8],[-3,16],[5,19],[-1,13],[-5,6],[-10,28],[1,15],[6,10],[7,22],[0,18],[-14,9],[-5,22],[10,20],[-1,25],[-8,16],[-2,31],[-13,-6],[-7,25]],[[290569,550832],[3,9],[30,87],[4,-20],[2,-4],[14,4],[18,-4],[21,15],[3,1],[3,-22],[1,-9],[2,-9],[-3,45],[13,10],[12,44],[-14,21],[-9,19],[-7,-4],[-3,9],[6,50],[-3,5],[6,40],[-4,1],[-9,-76],[-21,6],[-4,7],[-13,-2],[-5,-8],[-11,-31],[-14,-23],[-9,-31],[-9,37],[-1,17],[4,34]],[[289617,567323],[33,5],[2,-5],[2,-12],[-1,-22],[2,-2],[4,-13],[1,-11],[8,1],[0,-2],[11,-7],[6,-15],[12,9],[20,-5],[9,-11],[1,-26],[4,-11],[2,18],[5,-10],[5,7],[11,-12],[7,-22],[12,7],[-6,44],[3,18],[4,5],[7,-18],[16,-3],[7,-6],[7,-21],[8,3],[1,13],[8,2],[8,11],[7,-11],[-1,-18],[18,0],[10,31],[9,19],[7,-15],[8,-4],[8,5],[10,-23],[16,-25],[20,-35],[16,-4],[8,-13],[16,-51],[4,-18],[17,-38],[1,-34],[-3,-42],[1,-39],[-1,-26],[-7,-19],[-2,-23],[4,-29],[1,-21],[-4,-44],[3,-10],[18,7],[11,-28],[1,-12],[-1,-36],[-2,-27],[3,-29],[9,-9],[3,14],[6,0],[4,-12],[1,-13],[-4,-35],[-7,-3],[-3,-10],[-3,-53],[3,-13],[9,-4],[3,-4]],[[290053,566478],[-1,-3],[10,-25],[8,4],[1,-11],[-17,-86],[-11,2],[-5,-18],[2,-14],[1,-56],[4,-63],[-5,-30],[-6,0],[-4,-14],[-3,-78],[-3,-37],[-13,17],[-2,-2],[0,-27],[-7,-55],[1,-22],[-33,-48],[-23,-46],[-28,-46],[14,-40],[1,-13],[5,-33],[-4,-56],[-2,-8],[22,-10],[-8,-99],[1,-12],[9,-4],[-2,-46],[-9,-42],[1,-23],[6,-14],[10,10],[4,-19],[13,-12],[17,-21],[7,11],[4,-11],[1,-23],[-8,-26],[-10,-57],[-1,-32],[3,-44],[-8,-75]],[[289985,565121],[0,-1],[-9,29],[-3,15],[4,9],[0,13],[-10,17],[-6,26],[-15,19],[-10,2],[-1,32],[-9,18],[-11,31],[-4,6],[-9,-87],[-6,-23],[-8,15],[-12,18],[-13,34],[-9,16],[-13,34],[-10,16],[-28,50],[-16,12],[-7,-3],[-10,3],[-3,10],[2,7],[10,90],[-12,-6],[-15,6],[-4,-19],[-11,-29],[-10,3],[-6,11],[-8,-25],[-9,-5],[-2,36],[2,8],[1,28],[-11,-8],[-14,17],[-5,-9],[0,-26],[-5,-24],[-6,32],[-8,28],[-5,-8],[-10,-57],[-22,-39],[-3,43],[-4,18],[0,13],[-18,-1],[-1,14],[6,39],[-10,22],[-11,-8]],[[289578,565583],[3,41],[-10,-1],[-7,69],[-12,-20],[3,52],[7,25],[7,6],[0,46],[13,-2],[8,6],[-7,55],[-5,12],[2,-13],[-1,-18],[-3,2],[-5,-8],[-9,0],[3,65],[7,111],[4,4],[3,7],[18,-32],[36,-38],[5,-1],[14,16],[11,14],[11,40],[0,34],[5,-2],[2,3],[-6,8],[-4,-11],[-5,35],[2,13],[-6,4],[-6,30],[-4,12],[0,16],[-3,7],[-6,-1],[-12,42],[-7,33],[-5,-11],[-3,21],[3,7],[-7,11],[-14,-5],[-2,-10],[-3,4],[-9,26]],[[290513,565693],[6,3],[-3,-14],[2,-22],[8,-38],[5,-9],[0,-20],[-3,-23],[7,-33],[7,-99],[6,-12],[1,-15],[9,40],[-5,17],[12,50],[2,17],[-2,19],[-7,14],[-3,20],[0,18],[3,16],[-2,15],[4,31],[5,19],[18,-26],[22,-11],[6,41],[9,29],[6,11],[35,96],[7,36],[6,21],[5,56],[9,54],[10,83],[13,5],[22,26],[15,-20],[13,-32],[10,5],[-21,52],[-23,21],[-8,22],[-13,52],[3,0],[8,25],[20,54],[6,10],[6,38],[-6,4],[-9,22],[-3,39],[-11,-16],[-2,12],[-7,-7],[-6,24],[-4,1],[-4,35],[-9,8],[-4,11],[1,41],[17,18],[16,-30],[7,-17],[13,-12],[-1,19],[3,17],[-3,19],[0,31],[3,29],[12,-30],[5,-4],[9,-22],[3,5],[5,-32],[2,3],[1,22],[11,65],[5,19],[10,60],[-9,8],[1,11],[-7,17],[4,23],[-4,8],[1,13],[-17,17],[-3,32],[-9,40],[-3,35],[-2,60],[1,18],[-9,33],[-12,58],[-8,22],[5,15],[-1,20],[7,32],[8,-14],[5,3],[10,17],[8,30],[9,0],[7,25],[15,-12],[5,33],[6,20],[3,0],[5,-16],[6,-111],[-18,-7],[-3,-18],[-13,-49],[-6,-9],[-11,-5],[-5,-17],[-8,-6],[-1,-13],[13,-19],[6,22],[10,6],[9,12],[5,-37],[6,-1],[6,-29],[9,32],[2,17],[6,4],[5,-48],[2,-6],[16,12],[8,-7],[8,14],[19,-6],[10,8],[13,-14],[5,1],[10,17],[4,0],[-2,20],[2,55],[4,20],[3,39],[15,19],[3,17],[4,-13],[3,3],[9,29],[5,28],[-9,22],[-3,14],[2,33],[-8,7],[-3,12],[3,21],[-2,27],[-9,29],[-10,14],[-5,39],[-9,1]],[[291765,564518],[6,-41],[12,-124],[8,-30],[8,-22],[22,-27],[4,-18],[-2,-17],[-12,-32],[-3,-25],[0,-35],[5,-40],[7,-32],[8,-28],[16,-42],[9,-60],[1,-71],[4,-34],[0,-1]],[[291858,563839],[-7,9],[-4,12],[-18,21],[-6,29],[-3,25],[-4,23],[-11,19],[-9,2],[-11,11],[-5,11],[-3,18],[-9,6],[-5,24],[-16,32],[-4,31],[-6,10],[-11,4],[-11,15],[-12,-13],[-26,21],[-7,1],[-11,-12],[-6,-12],[-5,-30],[0,-26],[-4,-11],[-13,-9],[-4,-12],[-2,3],[-3,17],[2,32],[0,32],[-5,34],[-12,15],[-2,11],[-12,23],[-15,49],[-4,2],[-11,-14],[-10,-23],[-17,-32],[-18,-5],[-16,1],[-10,-7],[-19,-9],[-11,-10],[-10,-4],[-19,-15],[-20,15],[-8,9],[-25,16],[-6,1],[-18,-7],[-11,-10],[-6,-12],[-8,-21],[-6,-5],[-19,-7],[-17,-27],[-10,-29],[-7,-29],[-3,-4],[-12,2],[-21,16],[-18,-9],[-12,-6],[-8,-13],[-7,1]],[[290495,565225],[-2,21],[1,17],[-1,8],[-7,13],[-6,-3],[-7,-29],[-5,5],[-8,23],[-21,84],[4,31],[-2,26],[5,36],[4,11],[0,24],[8,24],[6,45],[2,-9],[20,1],[6,3],[9,-4],[0,37],[-13,54],[-5,14],[11,17],[10,-2],[9,21]],[[280777,563170],[10,-22],[7,6],[4,18],[6,46],[11,3],[6,-29],[16,-1],[13,37],[7,8],[6,-7],[5,-10],[1,-5],[2,-30],[-7,-65],[0,-42],[3,-17],[-1,-19],[-6,-9],[7,-37],[1,-25],[6,-7],[3,-22],[12,-22],[7,-43],[-2,-50],[4,-40],[-5,-12],[2,-15],[7,6],[2,-26],[23,17],[9,0],[15,-10],[6,3],[11,24],[11,17],[9,5],[7,-6]],[[280995,562789],[16,-29],[14,-45],[4,-18],[4,-28],[4,-58],[0,-29],[0,-25],[-5,-11],[-9,-5],[-11,-11],[-8,-15]],[[281004,562515],[-4,-13],[-2,-22],[4,-16],[19,-22],[11,-31],[6,-20],[6,-36],[3,-38],[0,-13],[-6,-34],[-25,-83],[-9,-43],[-2,-17],[3,-28],[-4,-33],[3,-69],[2,-21],[16,-85],[13,-36],[4,-18]],[[281042,561837],[-7,-17],[-7,-4],[-10,4],[-6,-14],[-18,-95],[-9,-35],[-14,-39],[-7,7],[0,19],[-82,5],[-49,-2],[1,124],[-38,-4],[-59,-5],[1,-246],[-104,-1],[0,-116],[-5,-14],[-6,22],[-6,15],[-9,-24],[0,23],[4,9],[0,15],[6,37],[3,26],[-76,148],[-8,30],[-8,0],[-26,46],[-4,-5],[-5,6],[-13,-16],[-29,-22],[-8,-14],[-14,-12],[-17,-37],[-4,-2],[-11,-20],[-7,-7],[-22,-29],[-14,-26],[-8,-36],[5,-46],[-1,-24],[-11,-64],[-12,-53],[-4,-25],[-9,-85],[0,-13],[4,-34],[-1,-16],[-8,-42],[-1,-23],[2,-13],[-15,-32],[-3,-12],[-1,-12],[-5,-16],[-4,-23],[-2,-19],[-4,0],[-10,-47],[-5,-18],[-7,-44],[0,-10],[-4,-16],[3,-5],[0,-37],[-8,-9],[0,-15]],[[282999,548118],[45,70],[16,29],[44,84],[44,86],[4,8],[50,97],[4,10],[1,5],[3,10],[2,14],[30,162],[16,80],[21,100],[29,145],[5,27],[16,99],[22,147],[17,115]],[[283368,549406],[1,-42],[5,-12],[9,2],[1,15],[7,7],[2,-5],[-1,-25],[3,-67],[0,-71],[9,0],[0,13],[18,-1],[0,-12],[52,1],[0,25],[-9,18],[-1,17],[-13,27],[-4,-11],[-6,4],[-8,21],[4,7],[0,21],[-10,17],[-6,21],[-3,-17],[-6,5],[-2,29],[4,18],[90,-171],[2,39],[2,16],[6,22],[14,-1],[0,21],[13,0],[0,42],[26,1],[-4,-55],[2,-2],[9,8],[7,1],[0,29],[13,-2],[1,22],[56,2],[-1,-31],[-3,-48]],[[283647,549304],[-16,-32],[-4,3],[0,-67],[-5,-13],[5,-29],[-5,-19],[4,-13],[7,-51],[-3,-47],[9,-9],[8,-54],[-3,-13],[30,-63]],[[283674,548897],[-5,-6],[-3,-27],[-8,7],[-11,-16],[-10,-31],[-21,-33],[0,-7],[-17,-39],[-15,-19],[-2,-8],[-3,-63],[4,-13],[5,-56],[11,-58],[0,-22],[5,-69],[1,-34],[6,-70],[4,-39],[14,-96],[12,-40],[-7,-68],[-8,4],[-8,19],[-5,36],[-15,27],[-8,1],[-4,-28],[-7,-8],[-4,4],[-17,-4],[-10,-54],[-5,0],[1,-27],[-1,-4],[18,-51],[-2,-10],[-20,11],[-8,-8],[-8,-3],[-16,-14],[-4,-15],[-6,-4],[-9,6],[-7,-63],[-4,-23],[-8,-13],[-13,-2],[-8,-9],[-8,-2],[-5,-14],[-1,-21],[-9,-31],[0,-22],[-21,6],[2,-27],[7,-48],[2,-19],[-7,-82],[0,-15],[-3,-2],[-5,-7],[4,-42],[3,1],[12,-27],[13,5],[4,-14],[-1,-41],[3,-8],[0,-17],[5,-2],[-6,-27],[-12,-13],[-3,-8],[17,-59],[28,-82],[5,-17],[10,-51],[5,-9],[4,-36],[6,-14],[-4,-25],[-11,-35],[-4,-20],[-14,-56],[-19,7],[-56,67],[-17,-1],[0,-69],[-13,0],[0,-17],[-26,1],[-1,-99],[1,-31],[-12,-1],[-8,-9],[-26,-54],[-5,-6],[1,-17],[23,1],[15,-4],[2,-104],[13,-3],[0,-16],[41,1],[-2,45],[23,-5],[1,-39],[2,-11],[2,-47],[10,-38],[5,-30],[2,-27],[-2,-22],[1,-18],[5,-27],[0,-52],[4,-21],[7,6],[12,-11],[-6,-87],[-1,-30],[17,6],[20,6],[-2,86],[2,20],[4,39],[27,-10],[2,-19],[5,-6],[0,-43],[2,-20],[10,-40],[19,6],[34,40],[14,7],[28,1]],[[282626,548382],[0,199],[22,27],[10,20],[17,21],[9,17],[-1,23],[-12,-1],[-1,67],[37,-5],[3,17],[0,92],[-1,9],[-11,49],[-11,32],[-1,18],[-9,9],[4,10],[-2,12],[-12,0],[0,12],[0,16],[-6,1],[-1,16],[6,24],[-7,9],[-7,28],[-1,17],[-2,9],[25,52],[15,37],[8,28],[11,70],[8,10],[7,24],[11,-4],[3,9],[4,10],[-2,10],[5,-1],[40,2],[0,12],[8,-13]],[[282792,549376],[-33,-5],[0,-51],[-2,-46],[6,-30],[22,-34],[14,-4],[17,-25],[-6,-48],[-3,-22],[-2,-10],[-3,-11],[-5,-18],[2,-13],[0,-22],[-2,1],[-6,-23],[3,-3],[-3,-32],[12,-11],[-4,-23],[-14,19],[6,-24],[23,-70],[4,-16],[3,-13],[3,-9],[15,-47],[2,-6],[17,-51],[8,-22],[16,-13],[8,-7],[2,-2],[3,-4],[12,-14],[2,-3],[5,-3],[8,-16],[22,-52],[0,-67],[-14,0],[0,-26],[-2,0],[-2,0],[0,-58],[3,0],[15,1],[1,-85],[0,-42],[0,-75],[2,-1],[1,-6],[0,-23],[0,-7],[-1,-6],[-1,-8],[53,-1],[0,-71]],[[282298,552283],[13,5],[12,16],[14,30],[6,16],[2,11],[-5,41],[3,28],[3,45],[5,58],[6,48],[11,26],[9,30],[10,74],[8,45],[11,37],[6,13],[1,16],[-2,65],[-7,42],[-3,9],[-1,25],[2,19],[7,39],[3,2],[7,-17],[16,-68],[3,-19],[8,-19],[9,-12],[13,-10]],[[282533,552732],[5,-106],[-2,-53],[3,-6],[5,-26],[8,-10],[8,-28],[9,-1],[3,11],[19,-18],[2,-12],[-6,10],[-6,-10],[-5,-30],[-1,-35],[-6,-10],[-2,8],[-11,6],[-3,15],[2,16],[-6,13],[1,13],[-6,-3],[-4,9],[0,16],[-6,6],[-9,-17],[-5,7],[-2,-13],[2,-64],[-2,-26],[-2,-28],[-3,-43],[9,-1],[0,-54],[4,-15],[10,-18],[4,-21],[9,-9],[3,-18],[7,-23],[3,-24],[7,-5],[8,-44],[4,-13],[10,0],[9,6],[15,25],[16,15],[1,17],[6,12],[2,-28],[-2,-17],[5,-16],[-5,-68],[-1,-9],[7,-17],[-2,-21],[2,-17],[7,-36],[-1,-22],[4,-18],[1,-16],[0,-9],[-13,-28],[-8,-11],[-3,-12],[-11,3],[-4,-35],[3,-10],[-2,-16],[4,-26],[-4,-2],[-13,18],[-25,0],[-6,-4],[7,-24],[10,-11],[6,2],[9,-31],[6,-15],[-5,-7],[-1,-38],[10,-46],[14,-51],[0,-11],[4,-30],[-5,-24],[5,-21],[-4,-18],[-8,-16],[-26,14],[-23,-17],[-7,-14],[-18,-16],[10,-36],[14,-66],[9,-31],[3,-24],[-1,-17],[-6,-34],[2,-11],[23,-7],[12,4],[0,-35],[1,-69],[1,-67],[2,-29],[-5,-28],[-3,-6],[5,-6],[-10,-5],[-18,-46]],[[282586,550849],[-16,-14],[-17,-33],[-7,-21],[-10,-64],[16,1],[-1,-15],[-1,-37],[5,-34],[-6,-49],[-4,-20],[-14,33],[-5,89],[-4,-8],[-55,-66],[0,-191],[0,-69],[1,-268],[0,-389],[0,-63],[-10,40],[-5,18],[-32,86],[-24,58],[-13,35],[-3,-15],[-17,-59],[-4,-40],[-3,-12],[6,-23],[-3,-6],[-9,-61],[-6,-6],[-5,-14],[-6,8],[0,-93],[10,-38],[1,-12],[-2,-20],[-12,-26],[2,-16],[9,-13],[2,-9],[-2,-22],[1,-45],[38,2],[-9,-42],[-11,-25],[-8,-30],[-9,-27],[-6,-30],[-8,-16],[15,-18],[14,-42],[0,-55],[3,-11],[5,-72],[6,-37],[4,-14],[4,-23],[3,-8],[2,-35],[-5,-23],[-5,-4],[-7,-18],[-8,-10]],[[287981,562277],[14,-19],[9,-26],[18,-59],[8,-25],[6,-11],[27,-35],[11,-11],[30,8],[14,6],[5,-2],[4,-3],[17,-13],[11,-8],[3,-3],[18,-15],[3,-4],[4,-11],[1,1],[3,4],[25,-6],[15,2],[8,5],[6,6],[20,31],[7,5],[7,3],[30,-10],[3,-1],[33,-17],[6,3],[4,6],[23,56],[25,56],[15,39],[15,40],[24,42],[19,46],[17,29],[-8,31],[-3,25],[0,21],[14,11],[14,-23],[-1,26],[-7,31],[10,17],[1,24],[9,-6],[14,-34],[9,19],[-8,64],[8,5],[24,9],[12,1],[12,27],[15,41],[8,32],[5,27],[11,77],[7,28],[20,52],[6,25],[10,56]],[[288671,562972],[2,0]],[[288673,562972],[4,1],[12,21],[8,7],[5,-24],[-6,-20],[1,-21],[-7,-15],[0,-24],[-3,-17],[0,-20],[0,-48],[-9,-38],[-2,-12],[5,-17],[2,26],[6,-8],[4,12],[8,-22],[3,-31],[7,-13],[14,-52],[2,-23],[-1,-15],[0,-25],[4,-17],[5,-11],[6,5],[11,0],[7,-24],[4,-9],[3,-20],[11,-21]],[[288777,562497],[-1,-1],[9,-20],[7,-5],[8,-30],[4,-5],[-2,-14],[-11,-16],[8,-34],[-43,-77],[-14,28],[-4,-25],[-6,1],[-29,-52],[3,-47],[-4,-19],[1,-34],[4,-13],[-17,-33],[-10,49],[-1,24],[-5,-14],[-2,-15],[1,-49],[-6,-8],[5,-23],[-8,-47],[-2,19],[-14,-7],[-2,16],[-19,-57],[0,-15],[-17,0],[-12,-15],[9,-47],[-3,10],[-15,16],[-6,-28],[-5,-33],[-1,-24],[1,-35],[4,-35],[18,-92],[-20,-37],[-15,84],[-26,-46],[-6,-8],[3,-28],[8,-16],[14,-8],[10,-12],[5,-9],[6,-38],[4,-15],[-7,-5],[-6,6],[-9,-14],[-7,-2],[-1,-9],[6,-38],[-15,-25],[23,-69],[11,-16],[3,1],[11,18],[3,-19],[20,35],[4,0],[2,-12],[7,-9]],[[288628,561400],[-4,-30],[-15,-28],[9,-19],[15,-17],[18,-24],[-4,-21],[-15,-31],[-2,-14],[5,-21],[4,-34],[10,-18],[6,1],[4,-11],[-19,-30],[-20,-27]],[[288620,561076],[-17,37],[-6,10],[-19,-43],[-12,-7],[-8,53],[-4,-6],[-5,32],[-7,-13],[-12,17],[-10,2],[-5,-9],[-2,20],[7,12],[-8,42],[-10,13],[0,13],[-1,15],[-5,-9],[-2,15],[-6,-3],[-25,-46],[-3,-33],[-18,-12],[-8,0],[-10,0],[-1,-83],[2,-31],[4,-56],[4,-73],[2,-14],[-6,-11],[-10,50],[-1,56],[-4,38],[-11,12],[-2,-79],[-3,-7],[0,-16],[-33,-61],[-9,-45],[-9,-17],[3,21],[10,125],[-17,-3],[-5,3],[-8,-54],[-4,-17],[-8,38],[-7,42],[10,46],[-8,30],[-10,29],[-3,17],[6,-72],[-9,-16],[-17,90],[-4,-7],[-10,51],[-15,-33],[-4,-33],[-3,10],[-12,0],[-2,8],[-6,-1],[-8,11],[-15,-19],[-9,-31]],[[287939,561550],[11,20],[1,11],[-3,16],[-3,-3],[-3,18],[11,20],[-7,37],[-4,-8],[-10,58],[4,7],[-7,34],[4,7],[4,43],[-5,4],[1,34],[8,3],[6,20],[5,5],[4,-7],[6,-30],[-1,-11],[9,55],[0,7],[-7,22],[-3,1],[-2,23],[-12,56],[13,17],[-8,42],[-22,87],[8,14],[-9,50],[-3,0],[2,31],[7,26],[-1,45],[7,16],[13,-25],[5,14],[12,-21],[10,-13],[1,2]],[[290332,561930],[8,11],[2,22],[4,8],[6,-6],[15,17],[10,35],[5,41],[4,11],[-5,11],[-1,20],[6,11],[3,25],[1,27],[3,10],[3,27],[10,26],[10,9],[21,-12],[2,-4],[5,-15],[28,-99],[16,-78],[5,-10],[18,-18],[10,-7],[25,-6],[33,12],[1,46],[1,6],[10,12],[5,18],[6,6],[2,20],[10,29],[13,16],[3,18],[2,13],[1,36],[5,10],[-1,23],[7,26],[3,34],[-4,12],[0,11],[8,27],[0,19],[4,28],[7,17],[4,30],[0,26],[7,39],[6,43],[7,3],[0,26],[2,6],[10,1],[9,-7],[8,10],[3,-7],[9,12],[5,11],[7,22],[3,21],[7,24],[3,34],[3,16],[1,33],[5,19],[-1,14],[3,28],[10,51],[7,44],[7,4],[7,20],[10,19]],[[290849,563150],[0,-29],[5,-98],[0,-80],[8,5],[9,12],[14,3],[7,-2],[8,-7],[6,-15],[3,-13],[6,-58],[7,-8],[5,-13],[3,11],[15,-20],[4,-11],[16,-15],[9,1],[6,22],[15,25],[4,35],[10,40],[7,-53],[5,-21],[9,-22],[12,-20],[8,-21],[8,-47],[13,-58],[2,-17],[1,-46],[3,-3],[17,21],[6,0]],[[290792,560594],[-11,10],[-16,22],[-3,-4],[-15,96],[-5,-8],[-7,-1],[-13,38],[-1,14],[-7,2],[-16,-18],[-6,18],[-11,16],[8,24],[-1,63],[-6,28],[10,36],[6,17],[2,21],[-9,35],[4,20],[4,4],[-33,218],[-97,-263],[-7,-2],[-20,-50],[-8,-50],[-5,-6],[3,-45],[-9,-34],[-2,-14]],[[290360,561031],[5,54],[6,30],[-5,34],[-12,22],[-9,37],[-18,62],[-8,20],[-6,54],[5,16],[-15,49],[-11,29],[-8,41],[-2,24],[0,79],[9,86],[3,62],[12,6],[7,-2],[5,-12],[9,-1],[4,11],[1,21],[9,26],[-21,80],[5,8],[5,28],[2,35]],[[289931,568125],[12,-12],[9,-17],[9,-2],[0,-27],[8,-40],[-3,-14],[8,-59],[2,-27],[-1,-24],[9,34],[2,15],[6,21],[7,11],[4,-8],[8,-33],[0,-8],[10,38],[7,47],[2,7],[6,-38],[13,11],[6,-13],[8,-33],[12,-17],[7,33],[8,19],[12,5],[7,-17],[16,13],[9,1],[24,7],[2,-16],[9,11],[2,-27],[6,1],[2,-1],[15,-27],[-1,-10],[-2,-50],[2,3],[9,-18],[10,-26],[8,-42],[13,-23],[4,-10],[7,-2],[17,-16],[1,-10],[5,1],[4,2],[0,20],[-5,8],[2,14],[14,28],[4,-2],[0,15],[6,18],[2,-7],[14,0],[19,26],[15,39],[5,27],[5,3],[19,-53],[-2,-52],[-2,-20],[-4,-58],[6,-6],[23,-19],[12,-4],[2,4],[-8,-41],[-9,-10],[10,-21],[4,-14],[13,-24],[14,-13],[8,5],[7,-18],[2,-10],[8,-25],[1,-10]],[[290456,567538],[-6,-14],[7,-25],[3,-22],[3,-66],[-2,-28],[-3,-35],[-7,-50],[-17,-10],[-19,-15],[1,-19],[-4,-43],[0,-15],[6,-62],[3,-19],[6,-20],[9,-17],[-20,-72],[-5,-33],[-11,-14],[-8,-22],[-7,-34],[1,-5],[1,-7],[-7,-9],[-3,-3],[-16,-22],[-13,-1],[-5,18],[-9,16],[-9,-12],[-2,9],[2,20],[-3,29],[6,29],[13,32],[-10,19],[-62,-65],[-3,14],[-1,-28],[-5,-44],[-6,-27],[-8,-43],[-14,-32],[-14,-52],[-6,-21],[2,-28],[-2,-30],[-9,-15],[-10,-3],[5,23],[-1,22],[-4,-7],[-6,-26],[-5,10],[-3,27],[6,10],[-9,40],[-20,35],[-15,19],[-1,-35],[2,-17],[-3,-5],[-2,-38],[-7,-50],[7,-4],[-8,-68],[0,-17],[-3,-52],[-13,-5],[-21,-1],[-16,-26],[-11,-22],[-12,23]],[[290257,558967],[23,57],[5,-21],[3,-19],[1,-16],[1,-19],[-1,-17],[-2,-21],[-5,-28],[-17,43],[-3,14],[-6,8],[1,19]],[[288483,550710],[3,19],[6,-4],[3,14],[7,-16],[4,-9],[-1,-17],[7,-35],[4,-5],[0,-4],[-1,-6],[-16,18],[-10,-8],[-2,-2],[-6,1]],[[288481,550656],[-2,31],[4,23]],[[281556,569229],[4,11],[3,55],[13,15],[10,21],[-12,0],[0,41],[-14,0],[0,43],[8,11],[2,48],[1,26],[2,3],[15,-14],[4,39],[9,8]],[[281601,569536],[7,-50],[7,-5],[5,10],[6,19],[8,37],[3,8],[16,6],[9,-6],[9,5],[11,12],[6,14],[3,38],[-1,34],[-8,20],[-3,18],[2,12],[14,2],[0,27],[5,10],[4,7],[5,11],[5,7],[8,5],[3,5],[2,8],[1,7],[2,15],[2,26],[1,10],[2,11],[2,8],[3,5],[2,2],[4,-1],[3,-2],[7,-11],[5,-14],[2,-5],[4,0],[5,35],[11,8],[6,-26],[10,-17],[5,-6],[8,-2],[8,-14],[6,-25],[20,-50],[10,21],[13,-3],[-2,51],[-8,27],[1,4],[9,1],[-2,16],[-7,22],[-8,10],[-7,3],[0,-33],[-2,2],[-10,73],[6,30],[11,51],[4,22],[9,7],[8,-4],[2,7],[12,-37],[8,-43],[8,0],[15,-36],[7,27],[1,15],[10,35],[7,16],[11,68],[7,28],[6,13],[17,58],[-5,20],[-9,-13],[-14,-27],[-5,-15],[-13,-60],[-13,-44],[-10,0],[-1,127],[25,2],[16,-1],[0,114],[-7,20],[-7,-3],[-4,0],[-4,11],[-2,16],[-5,11],[-6,-7],[4,23],[12,19],[-9,64],[-1,17],[-21,-5],[9,107],[0,39]],[[281912,570610],[0,7],[-5,7],[1,17],[3,9],[0,17],[-1,33],[2,-1],[0,43],[-13,-1],[0,43],[11,0],[16,1],[0,26],[12,10],[3,10],[3,33],[6,-10],[12,5],[0,30],[5,19],[4,1],[10,-11],[-2,142],[-3,10],[-2,4],[-8,-2],[-17,25],[-8,6],[-39,-38],[-4,-1],[0,80]],[[282026,571467],[-1,-9],[0,-32],[-7,-42],[-11,-42],[-5,-46],[20,1],[-5,-19],[0,-24],[31,2],[9,-44],[4,-52],[0,-35],[5,-22],[23,54],[-1,-51],[2,-37],[4,-38],[5,-22],[-5,-2],[4,-50],[22,-32],[5,-23],[-21,-35],[5,-32],[-21,12],[-6,-16],[-6,-4],[1,-92],[2,-11],[3,-10],[21,-28],[6,-13],[-2,-90],[-11,-48],[8,-9],[13,-3],[3,28],[8,13],[4,-15],[0,-108],[12,0],[5,-39],[2,-30],[11,33]],[[282162,570405],[-2,-103],[-2,-55],[2,-20],[6,5],[-8,-35],[-2,-25],[-3,-3],[-7,-45],[-9,-35],[-38,-160],[-9,-37],[-10,-43],[-21,-92],[-45,-204],[-6,-25],[-5,-17],[-18,-54],[-22,-63],[-17,-55],[-9,-37],[-19,-79],[-5,-21],[-11,-46],[-37,-213]],[[281558,569173],[-4,39],[2,17]],[[289578,562390],[0,-63],[-6,-56],[-4,-52],[-10,-60],[-1,-3],[5,-4],[7,15],[14,11],[4,-5],[6,-15],[8,-13],[0,-14],[-6,-24],[0,-27],[-1,-28],[1,-54],[6,-20],[3,-23],[9,-39],[15,-15]],[[289628,561901],[2,-7],[2,-10],[-3,-15],[8,-40],[0,-12],[-4,-21],[-7,-59],[-2,-40],[0,-26],[12,-67],[2,-27]],[[289586,560878],[-8,-8],[-12,-4],[-8,6],[0,-30],[-12,-16],[-6,-25],[-6,-9],[-9,-31],[-11,-9],[-20,-10],[3,-17],[15,-26],[6,-23],[0,-11],[-5,-14],[-7,-34],[-9,-24],[-14,-30],[-3,-15],[-2,-46],[-2,-10],[-8,-13],[-17,-14],[-10,-21],[-13,44],[-8,-1],[-5,-6],[1,-47],[-6,-10],[-23,16],[-21,-8],[-22,-66],[-1,17],[-6,15],[-6,-2],[-10,54],[-4,16],[3,13],[0,31],[-12,30],[-1,18],[-4,18],[-1,36],[-5,18],[-14,35],[-4,40],[2,10],[2,30],[-5,7],[-8,-2],[-3,13],[1,10],[-1,27],[-3,13],[-12,5],[-4,18],[-6,16],[-3,26],[-8,21],[-2,-5],[-12,22],[-4,-10],[-5,19],[0,35],[-15,43],[1,29],[-5,11],[-10,1],[-4,-8],[-6,4],[-5,17],[-3,20]],[[289161,561077],[-6,7],[-6,-1],[-4,-4],[-4,6],[-9,30],[-4,2],[-2,10],[2,36],[-4,37],[-2,41],[-9,12],[-6,49],[1,35],[-4,15],[4,11],[0,13],[3,26],[-1,10],[-5,-3],[-4,19],[0,13],[-5,77],[0,11],[2,5],[0,8],[-4,19],[8,59],[4,-1],[10,20],[23,-64],[13,-10],[-1,-22],[8,-5],[7,103],[2,14],[13,33],[3,13],[5,53],[-1,1],[-12,19],[-19,38],[-6,5],[-7,15],[-12,20],[19,68],[2,31],[-1,53],[3,15],[28,62],[1,1],[2,-52],[9,-44],[6,-71],[-4,-75],[4,10],[15,105],[1,19],[-5,16],[-7,104],[-4,21],[14,59],[29,9],[11,-20],[8,-2],[-8,56],[-7,40],[-3,33],[0,6],[-1,69],[3,39],[3,33],[1,39],[0,15],[-7,25],[-3,33],[2,16],[-11,4],[-8,9],[-9,15],[3,19],[-6,-13],[0,1],[-6,16],[-2,-3],[-6,-10],[-1,-1],[-1,-48],[-3,-20],[-9,6],[-2,-10],[-26,-19],[-2,35],[-4,-1],[0,-36],[-18,-15],[-2,25],[-7,-13],[-3,19],[-3,16],[-2,45],[-5,37],[-19,-20],[-6,-38],[-11,-6],[-8,-20],[-9,-5],[-3,-8],[-12,-12],[-2,-13],[-6,23],[-2,-4],[-12,29],[-6,30],[-7,14],[-3,-13],[-4,0],[-5,6],[3,28],[8,27],[3,16],[1,57],[5,62],[0,32],[-7,-3],[-1,0],[2,-50],[-14,-6],[-2,-15],[-9,13],[-7,-7],[-2,8],[-10,-27],[-5,27],[-1,33],[-10,49],[-3,-4],[-3,20],[-5,3],[-5,5]],[[288933,562854],[0,9],[-4,7],[-6,24],[19,32],[4,89],[1,43],[-1,28],[0,19],[2,20],[2,15],[6,26],[-5,14],[2,33],[10,1],[2,16],[0,7],[-21,127],[-13,4],[-3,16],[1,21],[10,-16],[3,27],[-10,43],[-15,5],[2,15]],[[288027,565072],[6,-6],[3,24],[11,-24],[6,0],[16,20],[9,-1],[9,16],[10,27],[7,8],[3,-9],[12,-23],[-1,-21],[4,-11],[6,1],[2,24],[-2,14],[7,7],[1,-2],[5,-3],[5,20],[8,-1],[24,-27],[19,13],[9,-2],[1,9],[-4,24],[2,14],[3,4],[3,0],[7,-33],[4,-4],[11,12],[1,-8],[-3,-31],[4,-37],[4,-9],[12,7],[13,32],[6,-9],[1,-26],[4,-16],[-3,-12],[2,-17],[-1,-13],[7,-23],[4,18],[4,11],[7,5],[4,-23],[-1,-17],[-3,-15],[-2,-20],[4,-10],[5,-37],[6,-9],[6,11],[10,2],[6,28],[1,49],[4,17],[3,-3],[5,-17],[5,13],[2,24],[4,5],[3,-16],[-1,-23],[7,-15],[5,6],[6,18],[8,-3],[-1,-28],[-2,-30],[4,-17],[11,6],[7,-1],[2,22],[-3,25],[3,10],[6,2],[2,13],[9,-6]],[[288730,564808],[-2,-16],[0,-8],[5,-23],[2,-25],[-11,-7],[-12,-19],[-21,-48],[3,-34],[0,-19],[4,-16],[9,-9],[5,-16],[-17,-17],[-9,-18],[4,-61],[5,-20],[-14,-12],[3,-16],[-2,-18],[-3,-2],[1,-10],[-16,-9],[-4,0],[0,-35],[-14,4],[2,-38],[-2,-35],[-9,4],[0,-21],[-5,-28],[0,-13],[-3,-34],[-6,-28],[5,-36],[-7,-16],[-7,-18],[-2,-2],[0,-20],[-9,-6],[6,-18],[-1,-2],[-8,8],[-10,8],[-27,-14],[-14,-43],[-1,-10],[8,-29],[4,-33],[-5,-4],[-8,-14],[-1,-5],[-2,-26],[1,-6],[-6,3],[-5,-27],[3,-31],[5,-8],[20,-70],[-2,-11],[7,-25],[0,-16],[-5,0],[-8,11],[-10,5],[-19,40],[-17,-43],[10,-26],[15,-30],[8,-14],[14,-11],[19,-23],[13,-42],[-4,-23],[2,-47],[-4,-61],[-3,-43],[11,-12],[13,-23],[-11,-45],[16,-32],[-4,-15],[-9,-22],[-2,-27],[-8,-10],[-4,-16],[15,-40],[4,-4],[2,-15],[-1,-50],[-3,-12],[-6,6],[3,-48],[5,-24]],[[288599,562994],[-9,6],[-2,20],[-9,-9],[-11,11],[-3,-9],[-12,20],[-4,54],[3,10],[-2,58],[-2,17],[-4,18],[0,11],[-7,20],[-1,24],[-4,-7],[-5,48],[-4,0],[-7,-15],[-6,-1],[7,-15],[-9,-10],[-6,16],[8,18],[-3,37],[-2,11],[-25,62],[-28,38],[-12,32],[-6,31],[-19,56],[-17,10],[-9,-2],[-5,15],[-3,-1],[-4,-29],[-21,-29],[-16,5]],[[288340,563515],[-1,6],[-6,8],[-2,-6],[-5,6],[-2,14],[-10,9],[0,22],[7,77],[0,20],[5,31],[4,25],[-2,19],[-7,27],[-6,4],[-6,8],[-6,6],[-4,36],[-5,10],[-15,41],[-4,-4],[-4,-41],[0,-22],[1,-7],[-15,-47],[-12,70],[-5,1],[-2,1],[-7,-9],[-1,-3],[-7,-17],[-14,32],[-1,1],[-3,11],[-5,21],[-10,2],[0,-11],[10,-16],[-8,-29],[2,-10],[0,-24],[-7,2],[-1,23],[-6,-29],[-7,-34],[-4,-12],[-30,64],[-13,17],[3,-44],[4,-12],[-12,2],[-12,-42],[-14,-4],[-2,39],[-4,33],[-22,0],[-17,9],[0,-21],[2,-27],[-1,-40],[1,-31],[-34,-14],[-9,-30],[4,39],[-1,17],[-7,15],[-4,28],[-8,10],[-7,31],[1,43],[-2,16],[-16,46],[-6,31],[-11,36]],[[287952,563938],[5,5],[8,24],[1,13],[29,-19],[6,19],[22,-36],[11,0],[-3,70],[17,-13],[2,-4],[6,-6],[-5,32],[-4,15],[-5,65],[2,17],[2,9],[8,-27],[4,16],[-7,22],[7,22],[8,-28],[5,14],[4,1],[-1,22],[10,59],[-2,11],[-25,-66],[-6,-4],[0,34],[3,17],[-9,44],[-4,-13],[-13,48],[11,30],[4,19],[-10,19],[-15,13],[-2,2],[-1,1],[-18,22],[-5,13],[-16,36],[0,3],[0,6],[-1,19],[5,13],[12,7],[5,-2],[8,-11],[3,-4],[4,-12],[1,6],[2,19],[1,6],[7,22],[9,21],[8,20],[-3,10],[3,10],[8,6],[-6,20],[-8,28],[-5,20],[3,12],[-5,21],[4,17],[8,24],[-14,30],[-3,29],[3,6],[-1,45],[-4,30],[2,29],[1,38],[5,8],[0,5],[6,48],[-13,38],[-6,24],[4,-1],[8,6]],[[283115,553494],[2,-70],[-2,-30],[3,-26],[-9,-16],[-4,-18],[2,-23],[-6,-21],[-2,-3],[-11,20],[-8,8],[-12,0],[-5,6],[-7,-1],[-12,5],[3,-42],[-8,-31],[-7,-26],[1,-35],[-6,-21],[3,-5],[4,-24],[9,-19],[2,-14],[6,0],[8,-19],[14,-13],[8,-16],[10,-58],[3,-9],[1,-18],[4,-36],[9,-33],[6,-8],[1,-35],[5,-49],[0,-35],[-20,-11],[-16,2],[-1,-113],[-13,-59],[16,2],[20,-23],[15,30],[14,4],[7,-19],[5,-63],[13,-21],[-3,-9],[-6,-48],[8,3],[17,-12],[6,-9],[8,-37],[8,-4],[13,-20],[8,-1],[13,-13],[8,11],[5,-7],[7,-20],[2,-14],[-1,-19],[1,-41],[6,-58],[7,-42],[-1,-12],[7,-24],[4,-6],[13,-6],[8,7],[2,-8]],[[283300,552119],[-4,-8],[-6,-34],[-15,-54],[12,-20],[12,-57],[14,-25],[7,-5],[29,0],[20,-3],[5,-6],[3,-21],[-1,-62],[1,-33],[-11,-19],[-3,1],[-6,-34],[-11,-24],[-7,4],[-7,12],[-5,-6],[-5,8],[-8,-3],[-8,-27],[-12,-15],[0,-21],[-7,-22],[-8,-5],[0,-14],[-9,-30],[-6,-7],[-9,-85],[-8,-113],[1,-27],[-5,-30],[0,-30],[13,-3],[28,-28],[-1,-32],[-4,-64],[11,-38],[4,-29],[13,-58],[-1,-32],[4,-42],[-4,-46],[0,-58],[0,-57],[-5,-24],[3,-65],[4,-14],[0,-57],[-6,-33],[2,-48],[2,-14]],[[283306,550562],[-12,4],[-6,-14],[-4,4],[-1,34],[-3,22],[-16,50],[0,-214],[-2,-25],[8,-17],[7,-25],[8,-8]],[[283285,550373],[-12,-29],[-6,-1],[1,-71],[-2,-11],[-2,-41],[-6,-39],[-5,2],[-3,15],[-2,-9],[-4,10],[-1,21],[-7,6],[-6,-9],[-7,14],[-4,21],[-5,-12],[-6,-21],[-5,-10],[-4,6],[-9,-4],[-3,9],[-3,28],[-3,5],[-14,-8],[-4,-25],[-13,9],[-3,-11],[-2,-25],[-3,-11],[-6,2],[0,-21],[-7,-14],[-3,9],[-4,-21],[-15,16],[-3,-47],[-1,-35],[-2,-39],[5,-84],[0,-99],[-39,-11],[-20,-9],[-8,-5],[2,-35],[0,-32],[-4,-26],[4,-29],[4,-4],[2,-21],[0,-8],[2,-9],[3,-27],[-1,-4],[-26,-3],[0,85],[-43,3],[-10,1],[0,-172],[-11,0]],[[282961,549543],[-3,62],[-3,16],[-1,41],[-9,76],[-7,-10],[-27,-19],[-19,-1],[-6,-5],[-6,-6],[-11,-24],[-10,-18],[-20,-24],[-21,-15],[-6,-9],[1,24],[-28,-14],[-8,5],[-22,6],[1,15],[1,58],[12,11],[11,24],[11,0],[2,-32],[11,-22],[10,-1],[14,14],[1,34],[7,59],[6,8],[6,26],[1,29],[5,44],[24,8],[17,13],[-4,28],[-7,14],[-16,24],[-5,13],[-19,85],[-11,1],[-11,-11],[-6,-16],[-2,-29],[-11,-81],[-1,-24],[-16,27],[-14,48],[4,62],[3,3],[7,122],[4,10],[2,22],[-2,21],[11,66],[2,7],[12,1],[11,-22],[24,-12],[4,59],[-12,31],[-2,31],[-69,-3],[-6,3],[-6,20],[-4,-13],[-15,18],[-14,21],[-9,34],[-2,28],[-10,13],[-16,-11],[-8,5],[-6,-22],[-6,1],[-8,23],[-3,21],[-8,19],[-3,0],[0,19],[-10,70],[-26,84],[-14,51],[-9,46],[-2,26]],[[285808,560332],[8,-6],[0,-36],[6,-2],[8,13],[17,-4],[4,14],[6,-19],[7,11],[0,-52],[1,-31],[3,-28],[-10,-34],[1,-45],[1,-9],[0,-4],[3,-1],[-3,-7],[1,-14],[0,-61],[6,1],[0,50],[14,0],[0,45],[5,-31],[1,-4],[1,-13]],[[285888,560065],[5,-94],[0,-11],[0,0],[2,-27],[0,-2],[5,1],[1,-17],[2,-2],[5,-2],[17,12],[14,3],[28,-9],[6,1],[8,-4],[5,-6],[0,3],[9,-9],[18,-10],[22,-12],[12,8],[11,13],[7,9],[18,36],[16,33],[19,48],[13,25],[6,9],[14,12],[8,1]],[[286159,560074],[4,-61],[-2,-26],[1,0],[-1,-11],[-2,-19],[1,-64],[-1,-57],[-4,-71]],[[286155,559765],[-1,-12]],[[286154,559753],[-3,-26],[-9,-109],[-14,7],[0,-9],[-3,-34],[-8,-13],[-2,-28],[-6,0],[-9,-4],[-5,14]],[[286095,559551],[-1,1],[-9,19],[-8,36],[0,35],[-17,-7],[-11,10],[-2,-3],[0,-50],[-14,1],[0,23],[-6,-14],[-3,-22],[-3,7],[-1,-8],[-2,-16],[-2,-26],[-6,0],[-1,21],[7,10],[-13,48],[-1,4],[-2,0],[-2,-31],[-8,-1],[-5,-27],[0,-6],[-18,2],[0,-6],[-3,2],[0,14],[-8,1],[0,-12],[2,-2],[0,-54],[4,-8],[8,0],[0,-10],[-3,-7],[-2,12],[-4,-4],[7,-36],[4,-34],[14,-23],[0,-19],[-1,-7],[-1,-7],[-5,-10],[-9,-14],[-4,-15],[-7,9],[-4,2],[-1,-32],[5,-24],[-2,-18],[-3,3],[0,28],[-23,-3],[-8,15],[1,-19],[-4,-19],[-11,-1],[-6,-8],[-9,-13],[-5,2]],[[285842,559333],[-2,20],[2,2],[0,51],[-9,1],[0,16],[8,-1],[0,21],[-8,11],[3,31],[0,2],[-3,6],[-2,2],[-6,7],[-4,3],[-6,7],[1,4],[-5,19],[-4,0],[1,12],[0,44],[0,2],[0,24],[-4,0],[-1,24],[-5,0],[0,-16],[-5,-10],[1,-76],[-9,-1],[-5,-4],[-3,-1],[-1,0],[-9,36],[-10,16],[3,9],[-12,48],[0,47],[-16,1],[-10,-16],[-10,-34],[-1,0],[-4,0],[0,-75],[0,-75],[-4,-1],[-4,-15],[-1,2],[4,21],[3,20],[0,75],[-2,29],[0,20],[3,-1],[1,21],[0,1],[-1,10],[-4,-1],[-9,11],[-7,-6],[-3,16],[-11,1],[1,45],[-1,40],[-3,1],[2,14],[-15,-7],[0,-66],[-4,6],[-5,16],[-11,12],[2,-35],[-7,27],[-7,-24],[-3,1],[-3,2],[-5,15],[-5,42],[-4,15],[4,20],[-13,17]],[[285425,560358],[-8,60],[4,23],[-10,32],[-6,35],[4,49],[9,36],[33,-22],[8,9],[30,-32],[5,15],[2,26],[7,9],[5,-16],[6,2],[6,15],[38,-50],[3,4],[33,21],[24,38],[12,-9],[13,-1],[21,-42],[-7,-22],[0,-44],[7,-24],[0,-7],[-1,-9],[0,-33],[8,1],[2,-31],[10,-34],[17,-72],[1,-20],[-1,-27],[28,-2],[1,-7],[0,0],[4,-10],[6,5],[7,22],[0,45],[10,33],[6,36],[15,-7],[12,-2],[0,-7],[0,-3],[1,0],[5,-2],[2,1],[11,-8]],[[285843,559942],[18,7],[0,23],[-18,1],[0,-31]],[[284869,574587],[5,23],[-3,4],[0,20],[5,19],[-3,5],[-1,15],[8,3],[-1,19],[3,17],[1,18],[9,15],[-1,17],[3,1],[7,22],[10,-2],[4,-8],[6,19],[7,-17],[3,-19],[8,-8],[1,-12],[5,-3],[4,-20],[5,-10],[5,-1],[7,8],[5,18],[4,2],[4,-10],[10,14],[3,19],[3,6],[2,20],[4,23],[2,23],[17,25],[8,6],[1,-10],[4,-18],[0,-16],[-5,-15],[4,-38],[10,-15],[13,33],[10,3],[3,-6],[14,3],[0,-34],[-1,-117],[-8,-130],[-1,-30],[17,0],[0,13],[6,0],[0,-15],[15,2],[6,-3],[8,8],[16,-15],[3,4],[2,41],[5,3],[3,-13],[3,20],[-3,15],[6,18],[5,-1],[1,-17],[6,18],[18,33],[10,7],[3,19],[13,0],[4,16],[5,-3],[14,14],[1,67],[3,8],[9,-1],[1,20],[5,19],[-3,13],[9,24],[5,-23],[7,14],[7,32],[6,13],[4,24],[5,-17],[7,1],[8,-24],[5,-1],[7,-13],[4,7],[11,-8],[5,-16],[11,1],[10,-8],[0,-23],[2,0]],[[285367,574741],[-1,15],[8,22],[10,7],[-1,20],[8,18],[7,0],[0,18],[4,7],[-2,-23],[-5,-25],[5,-24],[-4,-19],[4,-7],[-4,-10],[-3,-24],[-2,-41],[1,-18],[0,-29],[5,-19],[0,-21],[-6,-8],[0,-27],[8,-80],[14,-27],[4,-37],[5,11],[7,-9],[5,3],[13,-25],[5,1],[7,-17],[5,14],[4,-6],[8,-25]],[[284990,571453],[-17,0],[1,23],[-3,25],[5,41],[-2,0],[0,65],[-29,-6],[-12,20],[-41,0],[0,109],[-18,0],[3,62],[1,61],[-1,38],[-15,-3],[0,-8],[-24,0],[-1,-107],[-10,-4],[0,14],[-22,-2],[6,-43],[1,-24],[-2,-18],[-6,-13],[6,-43],[9,-24],[8,-58],[5,-25],[0,-36],[-13,0],[-8,42],[-49,0],[0,52],[4,0],[0,32],[20,0],[-1,171],[-21,0],[-10,-23],[-24,-42],[-1,-29],[-7,0],[-2,23],[-3,-12],[-2,-16],[14,-14],[0,-8],[-10,-2],[0,-33],[10,0],[0,-56],[14,0],[0,-43],[-14,1],[-13,-1],[-27,1],[-9,31],[0,10],[-8,21],[-7,6],[-3,26],[13,-8],[22,-11],[5,23],[3,32],[-18,-2],[-14,9],[-9,-7],[-4,6],[1,25],[-12,-1],[0,53],[-12,5],[0,31],[-19,1],[-3,12],[6,11],[-1,241],[-19,27],[-14,15],[-19,28],[-5,20],[-5,31],[-3,1],[-4,-11],[-3,-17],[-13,-2],[-6,-7]],[[284529,572139],[-14,5],[-6,-4],[-8,14],[-15,53],[-7,42],[0,41],[4,4],[9,-22],[16,-25],[17,-5],[6,8],[25,52],[10,4],[18,0],[10,-49],[8,-57],[9,-78],[4,-13],[12,-3],[3,2],[12,25],[8,3],[2,10],[2,99],[2,14],[-3,11],[-20,18],[-12,21],[-17,39],[-7,52],[-5,23],[-16,47],[-8,17],[-22,27],[-9,14],[-13,28],[-12,46],[-4,38],[3,24],[2,10],[13,18],[15,18],[5,-1],[22,-32],[58,-71],[11,-23],[8,-3],[2,-17],[5,-6],[0,-16],[4,3],[0,-14],[3,-1],[2,-17],[5,17],[5,-12],[8,-4],[1,-10],[-5,-13],[6,-10],[3,11],[10,-18],[-11,-17],[3,-12],[-1,-11],[11,2],[3,-5],[12,16],[1,11],[6,14],[12,1],[2,10],[-3,13],[6,-8],[7,5],[0,-19],[-7,-6],[10,-11],[-1,-14],[-8,-11],[-1,-11],[7,-8],[4,15],[4,0],[5,-13],[2,-13],[10,-24],[1,-14],[7,-10],[3,-16],[8,3],[5,-11],[5,-18],[0,-12],[12,8],[8,24],[4,29],[-1,44],[2,20],[0,37],[4,44],[6,46],[-5,50],[-6,45],[0,17],[-19,1],[4,45],[7,44],[-8,8],[-3,31],[-12,17],[-10,5],[-5,24],[-7,-27],[-3,0],[-10,-7],[-6,9],[-12,2],[-11,34],[-7,9],[-2,8],[-3,12],[-10,16],[-2,26],[3,15],[3,30],[10,16],[4,-12],[-2,-38],[6,-16],[3,-1],[8,12],[8,20],[4,3],[2,26],[4,23],[11,-2],[3,18],[-3,10],[-7,4],[-8,15],[-3,11],[4,33],[8,5],[-5,25],[-1,14],[-6,37],[-3,12],[-6,7],[-11,-9],[-5,-11],[-5,5],[3,30],[-4,20],[4,19],[-1,60],[-3,9],[-11,15],[-13,38],[-5,43],[-4,17],[-1,20],[8,30],[10,9],[1,10],[-2,25],[-4,23],[2,21],[4,3],[6,-19],[2,-13],[6,-23],[15,-7],[2,4],[2,37],[7,30],[11,34],[9,14],[15,6],[9,0],[12,18],[8,0],[4,55],[-7,12],[-6,40],[-11,3],[-8,-11],[-18,16],[-12,1],[-6,20],[-9,73],[7,12],[8,23],[10,33],[-6,9],[3,13],[0,28],[3,4],[8,-9],[4,43],[6,49],[0,8],[-6,23],[-5,6],[-6,-10],[-4,9],[2,15],[9,23],[1,24],[-4,22],[1,11],[5,-1],[3,20],[7,21],[2,40],[4,12],[7,30],[12,0],[8,7],[1,14],[-5,15],[-4,23],[-6,8],[-2,25],[9,20],[3,-3],[4,-22],[9,-19],[10,1],[18,28],[7,24],[7,16],[6,25],[3,43],[-3,42],[1,28]],[[280243,565155],[8,-4],[19,-11],[0,-22],[-8,-2],[-13,24],[-6,15]],[[282894,571423],[9,3],[4,25],[20,53],[6,4],[8,15],[9,2],[6,22],[11,26],[6,23],[10,20],[5,4],[10,36],[4,29],[7,16],[4,33],[4,13],[2,40],[6,24],[8,28],[11,12],[4,-6],[4,5],[2,31],[6,13],[-4,37],[3,44],[-3,37],[0,23],[4,48],[7,27],[15,41],[6,5],[10,0],[15,-24],[9,19],[0,12],[11,-8],[11,-13],[1,-10],[5,-3],[5,23],[0,16],[2,-30],[2,10],[-1,-30],[7,2],[-3,-19],[13,7],[1,1],[2,-1],[1,-2],[2,-2],[2,-1],[1,1],[11,-14],[13,20],[8,36],[1,24],[-1,54],[-1,27],[-5,30],[-6,25],[-9,25],[-5,7],[-2,92],[11,-28],[9,9],[11,31],[6,26],[2,47],[1,48],[-3,50],[6,11],[9,37],[2,20],[-1,40],[-3,41],[14,19],[19,42],[6,29],[-3,57],[-3,31],[-9,75],[2,20],[13,13],[11,71],[-4,9],[4,10],[-6,24],[5,7],[-4,21],[5,2],[20,-23],[4,0],[0,7],[-23,38],[-1,7],[1,17],[6,4],[7,36],[1,38],[11,7],[5,16],[-6,35],[7,95],[3,14],[13,4],[14,-16],[4,-25],[4,-7],[5,28],[-13,5],[0,75],[26,3],[-1,73],[46,10],[-1,-15],[6,-17],[6,-10],[0,-40],[9,0],[0,14],[0,18]],[[283441,573583],[8,-7],[16,13],[3,29],[7,5],[5,14],[4,48],[3,7],[0,-24],[8,52],[1,-11],[6,-7],[11,4],[0,-15],[16,28],[14,0],[8,0],[8,0],[12,-19],[3,30],[24,-3],[0,-45],[4,-1],[-3,-20],[-12,-65],[-2,-22],[11,-4],[9,-23],[8,-14],[6,-4],[-1,-24],[-6,-44],[9,0],[2,-63],[16,6],[2,-29],[-1,-40],[1,-18],[8,0],[0,-28],[-24,1],[0,-42],[8,-28],[9,-25],[-4,-47],[1,-17],[3,-6],[8,7],[0,-12],[4,5],[5,24],[26,23],[16,-9],[6,-8],[2,-50],[2,-6],[6,-7],[5,30],[4,29],[8,28],[4,0],[3,15],[4,48],[27,39],[12,27],[6,-10],[0,-68],[18,-1],[10,60],[1,26],[39,-3]],[[283858,573312],[-11,-76],[-7,-25],[-8,-68],[-10,-62],[-10,-79],[-5,-22],[-3,-39],[-6,-48],[-10,-46],[1,-20],[-2,-26],[-3,-43],[4,-1],[11,2],[58,-1],[-2,-63],[14,6],[0,-36],[3,-3],[21,47],[6,2],[14,-6],[9,-15],[5,-2],[8,6],[5,-8],[6,6],[26,11],[2,17],[21,37],[10,0],[20,-9],[-3,-20],[-3,-91],[2,-33],[4,-19],[0,-40],[12,-26],[5,-17],[1,-42],[-2,-22],[0,-43],[12,-1],[1,21],[11,1],[0,-20],[5,4],[2,14],[-1,45],[10,1],[0,19],[9,-1],[6,24],[13,7]],[[284109,572509],[-1,-133],[26,1],[2,-176],[-22,-1],[6,-68],[3,-102],[-5,-66],[-1,-88],[2,-63],[9,-108],[4,-62],[3,-26],[-16,1],[0,-412],[-27,0]],[[283973,571210],[-54,1],[0,6],[-53,0],[0,27],[16,51],[3,56],[8,79],[-9,15],[-7,24],[-6,11],[-6,-3],[-9,-18],[-6,15],[-5,-10],[-5,26],[-10,94],[-7,7],[-7,24],[-5,33],[-4,42],[-4,24],[2,20],[1,35],[-2,84],[-6,70],[-1,21],[24,252],[15,136],[2,42],[-10,-2],[-2,-17],[-7,-34],[-9,-10],[-10,-27],[-6,-23],[0,-17],[-10,-28],[-1,-237],[-2,-16],[-2,-52],[1,-74],[-2,-8],[-2,-58],[17,-155],[4,-136],[-9,18],[-6,49],[-5,-4],[-7,32],[-13,11],[-1,17],[-7,1],[-10,45],[1,36],[-6,11],[-13,7],[-5,9],[-1,28],[-6,26],[11,32],[-22,1],[-5,-7],[-5,7],[-2,17],[-20,59],[-10,14],[-1,22],[-5,-3],[-7,7],[-5,-11],[-2,26]],[[283636,571930],[-4,60],[0,18],[6,43],[-3,19],[1,8],[-5,23],[-9,-1],[-1,-31],[-5,-29],[-9,-23],[-4,-59],[-6,-19],[-1,-20],[-6,0],[0,-12],[-9,-81],[-4,14],[0,13],[-10,45],[-4,6],[-9,-3],[15,6],[1,33],[-7,16],[-5,28],[-3,4],[-19,0],[0,-14],[-27,-4],[0,-40],[-17,-6],[0,-80],[4,0],[0,-106],[-14,1],[-1,-32],[2,-9],[1,-42],[8,-4],[2,-20],[0,-11],[-8,-13],[-19,-47],[-7,-39],[-1,47],[3,70],[-5,-5],[-6,-3],[-1,-34],[-3,-33],[-24,-196],[-1,-18],[2,-21],[-7,-17],[-4,38],[-2,-20],[-5,-13],[-11,-15],[0,13],[-77,-2],[0,64],[-3,9],[1,10],[-24,4],[-1,83],[5,17],[-2,18],[7,18],[-2,15],[-5,-5],[-1,39],[5,12],[3,21],[9,36],[-27,5],[-6,-38],[-18,21],[-5,-33],[-10,5],[-4,-21],[-9,-15],[-2,-27],[-2,-15],[-8,7],[2,-23],[9,-12],[-10,-33],[5,-19],[9,-16],[-3,-10],[-8,-6],[-2,-10],[3,-14],[10,-25],[-1,-18],[-23,-2],[0,28],[-3,0],[-1,-20],[-4,0],[-4,-50],[-12,-76],[-3,-28],[-9,-32]],[[283174,571177],[-5,14],[-14,0],[0,40],[-57,0],[0,38],[-6,45],[0,13],[10,43],[-5,40],[-13,21],[-11,46],[-6,16],[-6,26],[-12,10],[-4,-6],[-5,-27],[-5,-8],[-3,-20],[-5,-20],[0,-20],[-3,-11],[-2,-28],[-5,-30],[0,-13],[-8,-15],[-8,3],[-7,-6],[-16,10],[-16,-8]],[[282962,571330],[-9,3],[0,12],[-9,13],[-4,-7],[1,-17],[-6,-16],[-3,10],[-11,13],[-2,13],[-5,-2],[-9,10],[-15,6],[-2,3],[6,52]],[[284293,571541],[29,0]],[[284322,571541],[54,-1],[-5,26],[-8,16],[-1,36],[-4,21],[-6,8],[-3,60],[-9,12],[-7,48],[0,17],[8,-20],[7,-4],[0,25],[9,12],[5,-12],[14,0],[-20,194],[17,23],[2,-17],[5,1],[3,-24],[29,0],[4,15],[1,19],[5,9],[6,34],[1,16],[4,3],[-3,-29],[10,-41],[1,-60],[-8,-12],[6,-34],[-11,-1],[0,-22],[-9,-1],[0,-15],[10,-1],[0,-12],[7,-1],[4,-28],[15,-7],[7,-51],[0,-4],[-6,-81],[2,-11],[3,-23],[0,-2],[1,-8],[3,-55],[-2,-19],[49,-1],[23,0],[3,53],[-8,60],[8,19],[16,18],[14,10],[7,25],[0,30],[1,60],[-1,10],[-13,32],[-9,11],[-8,58],[-4,33],[-2,60],[-4,33],[1,26],[-3,45],[-4,17]],[[284855,570779],[-8,14],[-2,16],[0,28],[4,47],[0,23],[-5,20],[-9,12],[-10,1],[2,42],[-1,9],[-8,23],[-15,15],[-5,28],[-10,34],[-33,51],[-10,6],[-13,-29],[-3,3],[-1,23],[4,59],[-34,19],[-24,5],[1,-25],[-7,0],[0,-22],[-15,0],[-4,23],[-14,-22],[-3,-13],[0,-30],[4,-11],[-7,-8],[0,-13],[-5,-32],[-3,-26],[4,-30],[-4,-4],[4,-38],[-4,-15],[1,-34],[-6,-33],[-2,-64],[1,-85],[-3,-36],[-5,-15],[-5,5],[-13,26],[-4,16],[-5,29],[0,21],[3,39],[1,53],[-3,49],[-7,36],[-10,35],[-10,24],[-12,14],[-27,19],[-23,33],[-3,-1],[-4,-5],[-14,-63],[-19,-39],[0,2],[-41,-74],[-3,-17],[2,-33],[-11,-1],[-3,-13],[1,10],[-6,1],[-2,38],[2,48],[-20,0],[0,-41],[-28,-3],[0,8],[-8,-1],[0,28],[-11,0],[-9,-44],[-3,-34],[-7,18],[-5,52],[1,16]],[[284301,570946],[37,0],[0,46],[-2,15],[6,35],[1,29],[-18,27],[-12,22],[-26,95],[-4,7],[-1,58],[3,37],[4,24],[-6,-4],[-12,7],[-5,-2],[-1,32],[21,0],[1,13],[9,68],[0,47],[-3,39]],[[283496,574897],[11,11],[7,-23],[5,-11],[7,0],[6,19],[11,19],[6,6],[6,18],[5,19],[8,22],[4,7],[16,4],[-4,15],[-3,37],[2,18],[2,60],[7,38],[5,59],[-6,11],[-20,45],[2,7],[16,1],[34,7],[-12,23],[0,23],[8,-4],[6,7],[-5,-35],[17,-25],[10,-6],[7,-1],[11,2],[3,18],[-24,18],[-19,30],[3,10],[1,15],[-8,14],[1,10]],[[283700,575858],[10,0],[20,1],[17,1],[16,0]],[[283763,575860],[65,2],[32,1],[11,0],[5,0],[37,1],[8,0],[19,0]],[[283940,575864],[65,2],[4,0],[38,1],[59,1]],[[284106,575868],[56,1],[5,0],[196,9]],[[284363,575878],[-2,-93],[0,-7],[9,-40],[0,-33],[-55,-4],[0,-68],[-1,-253],[-1,-51],[-3,-20],[-4,-6],[2,-20],[-7,-27],[-4,-24],[-1,-47]],[[284296,575185],[-12,13],[-3,22],[-8,3],[-8,-3],[-5,-8],[2,-9],[-5,-25],[0,-30],[2,-6],[-6,-35],[-7,-3],[-5,-20],[-5,11],[-8,7],[-3,27],[3,14],[1,31],[-16,6],[-12,12],[-6,-3],[-14,19],[-6,3],[-7,-13],[-6,-3],[-9,3],[-6,10],[-1,66],[18,1],[3,88],[0,85],[-22,-1],[-11,-31],[-14,-6],[2,-32],[-12,-19],[-14,-1],[-1,-167],[-7,-1],[-1,-11],[1,-78],[8,0],[1,-81],[-22,-1],[-3,-31],[0,-30],[-3,0],[-2,-31],[1,-8],[10,-35],[1,-29],[58,2],[2,-4],[4,-19],[0,-75],[5,0],[1,-123],[-1,-5],[-52,100],[1,6],[-20,27],[2,-23],[5,-48],[-8,-1],[-4,-5],[-4,-18],[3,-23],[1,-10],[2,-7],[4,-6],[1,-5],[4,-4],[-2,-23],[2,-42],[-4,-66],[2,-53],[-11,-29],[-3,-35],[6,-27],[-4,1],[1,-27],[-2,-24],[4,-8],[-2,-14],[-3,-1],[-3,26],[-9,27],[-4,-37],[-2,-37],[-8,-71],[-1,-22],[1,-82],[12,-5],[-3,-39],[2,-32],[-4,-19],[-8,-17],[-3,-33],[-4,-8],[-15,-3],[-2,-51],[8,-41],[-2,-25],[2,-20],[6,-34],[4,-4],[-2,-25],[-1,-28],[-7,-36]],[[284024,573650],[-22,-7],[-2,-4],[-8,10],[-8,4],[-2,8],[-8,0],[0,-46],[-21,2],[0,-46],[-55,2],[0,76],[-5,12],[-12,0],[-1,16]],[[283880,573677],[-30,-1],[-4,-15],[-56,-1],[-20,1],[-1,-34],[-6,0],[0,13],[-6,0],[0,9],[-7,11],[-14,-1],[0,-32],[-12,0],[1,-47],[-3,0],[0,36],[-11,-14],[-3,-10],[0,-18],[-5,0],[2,13],[1,53],[-2,3],[-3,-17],[-6,2],[-10,80],[-4,-22],[1,82],[-13,41],[-5,2],[2,18],[-12,16],[-2,11],[4,10],[3,44],[1,34],[0,56],[2,7],[1,29],[3,10],[4,-10],[2,18],[0,39],[4,10],[-5,13],[3,10],[-2,15],[3,22],[5,11],[-55,8],[4,11],[-2,38],[-4,8],[0,17],[-14,0],[0,43],[-2,0],[0,22],[9,1],[0,50],[9,0],[0,69],[-3,-12],[-25,-1],[2,-20],[-14,-1],[-2,19],[-4,8],[-2,23]],[[283577,574457],[5,15],[2,46],[-14,10],[1,157],[7,5],[5,12],[6,36],[0,37],[6,24],[-2,14],[-11,5],[-5,-15],[2,-19],[-6,-23],[-9,-38],[-7,-5],[-6,10],[-9,2],[-16,30],[-1,9],[-2,34],[0,7],[-2,-4],[-1,-4],[-30,0],[5,39],[1,30],[0,26]],[[283858,575758],[7,-31],[8,-27],[6,9],[-2,11],[2,15],[4,-1],[6,11],[4,23],[5,13],[5,36],[-13,-62],[-6,-19],[-5,0],[-3,-16],[-3,6],[-10,42],[-5,-10]],[[283174,571177],[5,0],[5,-21],[6,-13],[25,8],[1,-2],[-7,-29],[-5,-11],[4,-15],[7,-10],[11,-31],[6,-30],[7,-28],[5,-28],[1,-38],[2,-8],[4,18],[6,-15],[10,-7],[-2,-33],[-2,-93],[1,-7],[-7,-12],[-6,-72],[-3,-32],[4,4],[5,-1],[-2,-102],[11,-8],[7,-14],[17,-6],[14,0],[1,10],[4,-2],[25,-1],[0,-9],[-1,-20],[-2,-18],[-4,-22],[-7,-40],[-7,-60],[8,-1],[6,24],[3,14],[7,-26],[5,-14],[-4,-18],[-6,-44],[-4,-37],[0,-30],[6,0],[1,-53],[13,25],[-1,24],[6,18],[2,29],[8,31],[4,6],[7,-15],[9,-8],[-3,13],[-2,15],[4,19],[34,181],[4,-9],[6,6],[11,-10],[4,-9],[5,-23],[0,-34],[-4,-27],[-3,-37],[-3,-8],[-8,-54],[-9,-25],[-1,-10],[12,-24],[14,-14],[11,0],[6,38],[24,156],[8,49],[3,24],[10,82],[3,49],[12,68],[4,52],[7,60],[3,22],[11,50],[1,27],[-2,43],[-1,60],[12,153],[2,39],[-4,0],[5,72],[17,147],[14,62],[5,53],[9,45],[2,35],[3,8],[5,63],[17,183],[5,36]],[[283558,569121],[-24,-3],[0,-75],[-5,-3],[-4,13],[-6,-7],[-14,-24],[-2,-11],[-14,-4],[-5,-35],[-10,-7],[-12,-20],[-5,5],[-9,-19],[-10,-31],[-4,3],[-7,-15],[-20,-15],[-13,-21],[-12,-3],[-8,-21],[-7,-13],[-9,-5],[-8,-19],[-8,-7],[-8,-14],[-11,-22],[-12,-10],[-5,1],[-23,-45],[-15,-24],[-7,-26],[-5,-44],[-8,-32],[-7,-15],[-9,-41]],[[283232,568512],[-49,260],[-9,45],[-12,68],[6,80],[-11,12],[-20,13],[-5,-6],[-10,3],[0,11],[-7,16],[4,4],[4,30],[11,26],[7,6],[-15,38],[-14,7],[-3,-6],[-6,40],[4,11],[18,15],[12,21],[4,13],[-17,1],[1,39],[-21,10],[-3,6],[-1,11],[-5,2],[4,17],[1,24],[-5,10],[-17,-1],[0,53],[-11,0],[1,42],[-16,1],[-1,10],[-5,20],[-26,-75],[-8,1],[-10,28],[-9,5],[-1,-32],[13,0],[0,-21],[-23,1],[0,-108],[-13,17],[1,25],[-5,1],[-10,-36],[-23,-50],[-6,9],[-12,2],[-10,-3],[-8,14],[-18,1],[-13,8],[0,-31],[-52,-1],[-3,28],[-6,-2],[6,-12],[4,-23],[-9,-9],[-14,-37]],[[282791,569164],[-19,330]],[[282772,569494],[8,41],[11,107],[13,0],[4,-5],[2,-28],[8,1],[5,7],[7,23],[-3,22],[0,70],[20,-1],[7,11],[1,11],[11,24],[5,11],[3,10],[4,-7],[4,5],[3,-16],[7,19],[3,-11],[11,13],[17,10],[8,-9],[5,-13],[2,119],[14,12],[20,34],[10,8],[20,0],[22,-25],[13,-4],[8,-11],[5,-10],[14,-33],[-1,35],[-3,11],[-1,33],[6,7],[5,47],[4,8],[5,36],[7,1],[7,8],[4,20],[10,33],[7,17],[3,28],[18,55],[-27,-2],[-7,-23],[-9,-17],[-13,-41],[-7,10],[-7,42],[-11,5],[-4,13],[-10,-2],[-14,5],[-3,27],[-10,45],[-13,-63],[-1,-5],[-14,-4],[0,20],[-8,-1],[1,70],[-11,0],[-1,24],[-15,25],[-4,46],[-16,57],[4,13],[5,2],[-1,66],[2,17],[-6,7],[4,34],[7,34],[14,46],[6,29],[-1,15],[11,48],[9,24],[0,10],[8,36],[8,8],[7,-12],[-4,22],[-13,-1],[-8,11],[-8,1],[-10,21],[22,-1],[1,94],[18,-1],[0,84],[-3,0],[15,80],[4,36],[13,58],[5,56],[16,71],[6,66],[-2,68],[-11,23],[-8,-32],[-5,-36],[-6,-35],[-9,-68],[0,-42],[-8,21],[-7,-9],[-14,2],[-9,8],[-13,2],[-8,-5],[0,10]],[[282020,559687],[40,-4],[-1,104],[3,4],[4,20],[-1,34],[102,-5],[0,34],[-2,108],[0,31],[49,-6],[59,-1],[1,128],[13,-2],[0,42],[13,0],[0,84],[27,-4],[0,9]],[[282327,560263],[8,3],[23,-13],[33,3],[16,-10],[-2,93],[0,151],[-8,10],[-7,-13],[-9,26],[2,20],[-2,13],[5,19],[11,26],[3,28],[9,12],[8,35],[11,18],[5,18],[5,33],[4,39],[-3,3],[-2,34],[5,20],[10,29],[2,19],[5,15],[5,39],[3,8],[13,6],[11,-32],[-2,22],[4,18],[0,17],[6,28],[17,-11],[-5,8],[-10,47],[-6,7],[-6,28],[-9,5],[-3,14],[-10,5],[-5,-18],[-3,7],[-12,-18],[-9,20],[4,24],[1,33],[7,-22],[8,4],[2,12],[-1,17],[6,46],[-1,18],[0,38],[-7,24],[4,10],[2,26],[14,-16],[5,-17],[1,19],[-4,9],[-1,23],[3,9],[7,-21],[12,1],[1,11],[-2,25],[4,21],[10,-5],[-6,12],[2,26],[3,-8],[10,24],[4,40],[0,-29],[-7,-30],[9,1],[11,-10],[5,-13],[3,3],[3,-21],[12,-20],[4,-40]],[[283022,560709],[5,-28],[8,-18],[3,16],[4,-14],[-3,-9],[1,-25],[11,-38],[3,-37],[8,-16],[3,3],[-1,-35],[14,8],[8,-5],[6,5],[3,33],[12,-28],[-3,-36],[0,-32],[8,-10],[7,-16],[0,-2],[29,34],[14,4],[10,-22],[5,-39],[0,-35],[2,-10],[-7,-29],[-13,-70],[-13,-65],[-4,-33],[-7,-26],[4,-5],[4,-29],[-1,-33],[2,-14],[14,-8],[5,-32],[6,-13],[-3,-29],[2,-26],[7,-17]],[[283175,559928],[0,-40],[-14,-1],[4,-24],[10,-19],[6,-26],[1,-52],[7,9],[0,-141],[-20,0],[-1,-2],[-12,1],[-7,-1],[1,-85],[-13,1],[1,-89],[-1,-52],[-12,20],[-2,-34],[-7,-17],[-9,-39],[-6,-38],[-3,-41],[-5,-26],[-11,-3],[-8,-15],[-7,-5],[-7,-26],[-17,7],[-4,-6],[-4,-13],[-8,23],[-14,20],[0,-36],[-2,-11],[-6,-11],[-29,-112],[-1,15],[-8,24],[-6,-2],[-1,18],[-6,16],[-8,29],[-11,-8],[-8,20],[-6,4],[-4,16],[-6,5],[-7,-8],[-7,14],[-10,-37],[-3,-16],[-5,-1],[-4,9],[-6,1],[-7,-29],[-2,-32],[-3,-21],[-6,-18],[-1,-29],[7,-32],[-6,-35],[-8,-34],[4,-7],[12,-42],[7,-6],[-4,-18],[-1,-19],[-5,-16],[1,-18],[-5,-26],[1,-21],[-1,-14],[4,-40],[-1,-73],[-3,-26],[3,-18],[12,-14],[12,-18],[9,-6],[8,2],[9,11],[6,19],[16,63],[11,12],[7,-31],[0,-62],[3,-7],[0,-27],[11,-38],[5,9],[7,0],[10,-25],[-1,-7]],[[282980,558450],[-31,0],[-1,-13],[0,-22],[9,-29],[0,-10],[5,-21],[9,-12],[2,-22],[12,-46],[6,1],[-14,-57],[-12,-51],[0,-8],[-6,-12]],[[282959,558148],[0,-24],[-3,-19],[-5,10],[-9,-7],[-9,-19],[-11,-12],[-1,15],[-5,10],[0,49],[-4,0],[-7,18],[-5,4],[-11,-10],[-16,15],[-13,-18],[-5,8],[-9,29],[-8,19],[0,5],[-4,23],[-12,0],[-1,43],[-61,3],[-7,-33],[-12,-16],[-19,1],[-16,12],[-11,-36],[6,-21],[-8,-17],[-1,-19],[-1,-24],[-7,-23],[-15,-18],[-8,-41],[5,-23]],[[287871,565988],[8,-11],[2,-4],[-2,-7],[-2,-21],[6,-34],[11,-73],[3,-7],[6,2],[-3,-9],[-2,-25],[-2,-1],[-5,4],[-2,-2],[7,-4],[3,4],[2,15],[5,-22],[4,18],[14,-57],[-12,-22],[-5,14],[-8,-24],[1,-12],[-7,-16],[32,58],[17,31],[0,-5],[6,-30],[-11,-30],[9,-33],[-8,-21],[-9,32],[-5,-7],[-8,-4],[-10,-5],[-5,-2],[-5,-2],[-3,2],[-4,-16],[0,-11],[-1,5],[-10,-22],[1,-7],[-3,-8],[-2,9],[-7,-14],[2,-6],[-2,-10],[0,-9],[-3,1],[-4,-2],[-3,3],[-11,-24]],[[287846,565567],[-29,-62],[-1,5],[-8,19],[-3,27],[-4,34]],[[287801,565590],[5,5],[-4,36],[3,24],[0,14],[-6,32],[-1,37],[-1,-7],[-3,16],[2,20],[10,30],[-11,54],[-5,12],[-10,-4],[-2,38],[12,-12],[9,0],[5,27],[4,-6],[7,-29],[14,9],[17,-32],[4,-13],[2,62],[-2,36],[7,14],[3,24],[9,10],[2,1]],[[287796,565313],[18,-32],[14,-16],[-8,-32],[6,4],[5,-27],[-1,53],[7,-7],[13,9],[6,21],[2,33],[7,0],[3,13],[4,-17],[11,-15],[13,15],[7,-2],[10,33],[3,41],[7,11],[2,13]],[[287925,565411],[0,4],[28,33],[25,31],[17,14],[35,20],[6,6],[11,17],[4,-10],[4,-25],[3,-53],[18,9],[4,9],[-4,18],[10,27],[5,15],[17,10],[20,32],[4,12],[6,3],[0,8],[5,4],[0,0],[1,-5],[1,-2],[9,8],[0,-5],[10,15],[7,-20],[4,6],[2,19],[-8,36],[5,9],[11,-4],[5,10],[10,6],[8,-8],[-3,32],[4,11],[8,-5],[-1,29],[3,5],[-2,15],[2,2],[3,1],[2,1],[7,36],[8,16],[1,31],[-13,-3],[-15,-11],[0,4],[8,6],[11,4],[-3,47],[0,6],[8,26],[5,27]],[[288241,565940],[5,23],[1,34],[-1,5],[19,17],[-1,22],[7,6],[3,4],[2,-12],[10,2],[2,13],[7,-22],[7,20],[8,2],[0,10],[22,34],[1,-17],[13,22],[5,3],[18,-25],[0,0],[4,-10],[3,-10],[26,-27],[12,-12],[16,-10],[3,8],[1,4]],[[288027,565072],[-5,29],[3,60],[-8,0],[-5,27],[-21,-11],[-19,17],[-7,-3],[-4,2],[7,-15],[2,-21],[0,8],[4,-13],[10,-59],[-9,-74],[-13,-15],[-12,0],[-18,-28],[-9,0],[-16,20],[-8,19],[-12,14],[-2,17],[4,38],[-6,6],[-1,4],[0,5],[1,14],[1,6],[1,2],[9,9],[5,48],[-2,12],[-5,12],[-10,-5],[-3,-2],[-28,-3],[-13,0],[-5,3],[1,-52],[2,-35],[8,-19],[1,-30],[-13,-31],[-22,-53],[-14,11],[-4,10],[-6,-12],[-18,-12],[-2,0],[-6,4]],[[287760,564976],[-2,1],[-8,20],[9,4],[17,16],[8,23],[-10,3],[-6,-19],[-8,30]],[[287760,565054],[10,28],[-21,82],[8,16],[-4,15],[0,33],[1,1],[3,7],[0,5],[3,27],[36,45]],[[288628,561400],[13,-22],[13,14],[8,-4],[2,-23],[7,-8],[7,-25],[14,-25],[2,-19],[9,-27],[3,-2],[-7,-27],[-9,-23],[11,-11],[22,36],[5,-8],[9,-28],[10,-9],[7,-10],[8,8],[6,-5],[-1,-12],[10,-10],[11,-23],[4,-15],[5,3],[3,42],[1,29],[-4,40],[9,-1],[7,8],[9,26],[7,8],[16,53]],[[288845,561330],[16,-42],[1,-7],[1,-28],[5,-38],[11,-46]],[[288879,561169],[17,-32],[20,-9],[18,13],[15,31],[-1,6]],[[288948,561178],[-5,28],[0,7],[0,13],[16,-18],[9,-12],[20,-15],[23,-31],[44,141],[2,10],[3,36],[7,15],[4,32],[6,7],[2,17],[9,-42],[5,-14],[0,-19],[13,-29],[5,-40],[2,-11],[9,-12],[0,-11],[0,-22],[5,-45],[-1,-13],[0,-24],[1,-8],[6,-8],[10,-32],[2,0],[5,5],[4,0],[7,-7],[0,1]],[[289630,560409],[-2,-25],[0,-16],[5,-21],[-5,-24],[-2,-17],[-9,-46],[-6,-17],[1,-9],[13,-10],[-6,-46],[-5,-6],[-4,-21],[-1,-27],[8,-63],[-17,-16],[6,-14],[-5,-22],[0,-19],[5,-20],[-30,-8],[-9,-16],[-10,-5],[-2,-9],[-12,-21],[-9,5],[-9,-11],[-3,-38],[4,-17],[-23,32],[-6,5],[-17,-13],[-39,-61],[-12,-21],[-1,-28],[0,-27],[4,-42],[0,-10],[-6,-18],[0,-10],[14,-13],[7,-1],[6,13],[7,3],[-4,-34],[4,1],[2,-3],[-1,-39],[1,-13],[1,-3]],[[289463,559568],[-6,11],[0,21],[3,-10],[0,32],[-5,2],[0,18],[-13,0],[-19,-61],[-16,-47],[13,-44],[-16,-48],[-6,11],[-7,-5],[-5,17],[-15,-50],[-4,-17],[-7,6],[-1,-7],[6,-17],[-3,-11],[-3,-15],[-1,-9],[-1,-15],[0,-9],[-7,-14],[1,-63],[6,-12],[-12,-36],[-8,-10],[-18,-1],[-11,-19],[-7,-1],[-9,3],[-28,226],[-2,11],[0,26],[-7,-6],[-15,45],[-11,16],[-7,19],[-9,10],[-1,-39],[4,-38],[0,-15],[-5,-17],[-7,1],[-4,7],[-22,-68],[-9,-47],[-6,-21],[-15,-31],[6,-15],[9,3],[13,-39],[8,-18],[9,-4],[13,-1],[12,23],[7,25],[19,34],[10,2],[13,-30],[-12,-37],[8,-26],[5,-6],[16,3],[6,6],[3,-9],[0,1],[0,-3],[0,-1],[-11,-21],[-15,-46],[-8,5],[-5,-8],[-15,3],[-23,-15],[-15,2],[-12,-17],[4,-37],[-2,-92],[4,-42],[7,-11],[46,-19],[30,-20],[14,-16],[20,0],[-6,-41],[3,-28],[9,-22],[9,-57],[-1,-23],[7,-96],[12,-24],[-1,-8],[7,-10],[10,11],[2,-6],[-6,-9],[-18,-44],[-6,-29],[0,-36],[6,-11],[3,-23],[5,-11],[4,-31],[-2,-14],[3,-11],[-9,-10],[2,-21],[-3,-27],[-1,-29],[11,-35],[6,-12],[7,-23]],[[289365,558141],[-69,-45],[3,-17],[11,-81],[-5,-59],[1,-49],[-2,-24],[-7,-37],[0,-27],[-8,10],[-20,38],[-16,42],[-8,36],[-15,120],[-148,-114],[-11,-10],[-71,-56],[-23,-15],[-18,-12],[-29,-25],[-77,-58]],[[288853,557758],[-149,328]],[[288704,558086],[-16,35],[-19,47],[-25,56],[4,45],[-1,23],[2,23],[12,18],[4,-10],[14,-15],[6,7],[16,2],[4,-12],[13,11],[10,0],[3,-6],[-1,-24],[12,13],[9,15],[-3,30],[13,-3],[9,4],[1,10],[-4,6],[1,24],[-5,26],[1,22],[-6,36],[-4,9],[-3,33],[4,30],[1,19],[-4,18],[-10,0],[-4,12],[1,21],[-5,24],[-5,2],[-9,34],[-4,7],[-2,22],[-4,-5],[-4,-18],[-12,20],[-9,37],[-11,18]],[[288674,558752],[0,23],[4,38],[1,30],[-6,38],[-3,28],[-8,37],[2,21],[-1,33],[-3,30],[-9,64],[-4,19],[20,40],[10,17],[-3,59],[4,23],[1,29],[8,-6],[9,-25],[2,8],[-4,13],[3,13],[-3,9],[-3,-11],[-9,10],[-7,25],[15,56],[-6,25],[1,46],[-3,24],[44,-43],[14,-11],[15,-5],[22,1],[22,7],[-3,17],[-4,19],[-2,41],[-10,28],[-3,24],[-10,59],[-10,39],[-8,-2],[-9,19],[-13,40],[-3,21],[-13,8],[-5,13],[-11,12],[-6,29],[2,28],[-2,8],[11,-22],[17,59],[-36,85],[-8,15],[-11,4],[0,4],[11,-2],[4,-6],[28,-66],[4,-12],[25,-58],[14,-22],[41,-37],[3,9],[-12,67],[24,75],[-23,24],[-47,40],[14,35],[7,2],[3,-15],[12,-19],[5,11],[19,-32],[8,-4],[12,10],[15,-1],[8,12],[2,12],[8,14],[-24,33],[-3,19],[-4,49],[-13,65],[0,16],[-11,43],[-20,65],[5,13],[1,27],[6,14],[3,35],[9,19],[8,-8],[8,-20],[9,-1],[4,23],[3,12],[7,21],[1,6],[-1,97],[-10,-6],[-62,45],[-7,16],[-14,39],[24,50],[-9,17],[-4,65],[-13,47],[-13,64],[-9,34],[-7,19],[-30,65],[-3,4],[-31,-146]],[[288647,560843],[-5,12],[-3,12],[6,44],[16,74],[-9,4],[-17,41],[-15,46]],[[289417,572542],[-7,-29],[3,-25],[31,-36],[9,-29],[5,-29],[1,-21],[-14,-49],[4,-19],[8,-15],[27,15],[15,-22],[12,-23],[9,-32],[5,-57],[8,-11],[17,16],[13,-9],[10,-34],[1,-39],[25,-105],[26,-48],[8,-5],[8,-22],[3,-29],[24,-44],[26,-15],[25,-37],[8,-39],[13,-34],[3,-46],[18,-28],[-8,-74],[16,-28],[21,-54],[13,0],[12,-19],[22,17],[23,-3],[30,-32],[7,-23],[-1,-33],[6,2],[20,28],[7,10],[18,10],[31,-1],[2,0]],[[289980,571442],[0,-26],[12,-13],[6,-15],[7,3],[3,-6],[-2,-13],[-7,8],[-8,-9],[-10,3],[-3,-18],[-5,-3],[-4,-15],[8,-4],[0,-43],[-10,17],[9,-41],[-3,-3],[-5,-48],[8,37],[4,3],[15,-29],[-1,-25],[11,-2],[-3,8],[11,16],[7,-7],[2,-24],[-8,-16],[-5,7],[2,-24],[-6,-30],[-14,6],[-5,-4],[3,-11],[-4,-4],[-4,22],[-1,-13],[-7,-9],[1,-22],[-6,-5],[0,10],[-7,16],[0,13],[-11,-9],[-2,16],[-8,0],[-10,-18],[1,-1],[6,10],[-11,-114],[-3,-18],[18,-26],[1,21],[10,6],[-3,-84],[1,-20],[-5,-20],[9,-26],[5,-40],[-1,-40],[4,-34],[16,5],[2,-34],[6,2],[0,-20],[-18,3],[10,-53],[-19,-35],[-6,3],[-3,-11],[0,-15],[-4,-22],[-5,-53],[-2,-14],[-6,6],[-3,-23],[1,-14],[5,-19],[2,-26],[-8,-9],[-7,15],[-1,14],[-8,-3],[1,-36],[-6,-20],[-1,-18],[-6,-9],[-4,-29],[-2,-29],[5,-22],[-2,-10],[-19,20],[1,-37],[-21,29]],[[289860,570268],[-30,44],[-7,1],[-10,24],[-7,6],[-5,0],[-8,-8],[0,17],[10,69],[9,17],[5,12],[-9,10],[-5,40],[-5,32],[8,10],[11,36],[6,-8],[8,37],[-5,11],[4,17],[0,12],[-35,33],[-12,35],[-3,-9],[-3,11],[-4,-5],[-27,18],[0,-15],[-4,-44],[1,-31],[7,-40],[-3,-9],[-13,-26],[-9,-18],[-6,28],[-17,23],[-3,13],[7,41],[0,28],[-5,58],[-7,32],[-2,1],[-9,18],[-9,-38],[-14,22],[-8,18],[3,12],[-8,41],[-10,-42],[8,-7],[-7,-28],[-7,23],[-3,9],[-2,13],[-2,40],[-1,10],[-6,-10],[-11,-1],[-11,-10],[-16,0],[0,-14],[1,0],[0,12],[13,1],[4,0],[6,8],[15,4],[6,5],[3,-53],[-5,0],[-16,-22],[-1,-6],[-2,-4],[-8,-16],[-2,-15],[0,-26],[2,-10],[4,-21],[3,-7],[-8,-14],[-4,-13],[-5,7],[-6,4],[-3,6],[-5,21],[-2,9],[-7,-25],[4,-13],[3,-17],[2,-14],[5,-13],[0,-11],[-9,-20],[-13,25],[0,-46],[11,5],[14,21],[3,17],[1,-2],[-3,-12],[-6,-15],[-14,-15],[-5,-1],[-6,-61],[5,-17],[-1,-20],[3,1],[7,-3],[0,-23],[8,-12],[2,-13],[2,-35],[-15,-30],[-12,-6],[2,-25],[5,-14],[5,-57],[-4,6],[-17,-18],[-5,9],[-4,-6],[-5,-61],[2,-16],[-10,9],[-12,-1],[-19,21],[11,-37],[-6,-58],[1,-46],[2,-25],[-4,-9],[6,-3],[7,15],[3,17],[11,7],[7,-8],[16,0],[7,-16],[11,-12],[-20,-91],[3,-18],[-4,-23],[-6,-20],[25,5],[39,3],[3,-40],[5,-21],[7,-51],[3,-4],[9,-33],[6,-11],[-5,-6],[3,-26],[-1,-134]],[[289632,569371],[-15,-135],[0,-35],[-5,-18],[-2,-3],[-9,10],[-5,14],[-4,-3],[0,-6],[8,-19],[8,-32]],[[289270,569328],[-1,1],[-5,-2],[-4,1],[-6,-4],[-2,0],[-6,18]],[[289246,569342],[1,22],[-5,30],[5,18],[14,20],[4,23],[-4,17],[-13,-21],[1,18],[4,10],[-10,7],[-4,-5],[-1,47],[11,0],[3,32],[-18,27],[4,14],[1,19],[5,23],[2,21],[6,8],[22,46],[4,12],[-5,4],[13,16],[4,10],[15,21],[4,69],[-6,15],[-10,-1],[-24,20],[-17,12],[-11,-7],[-4,5],[-9,-2],[-9,12],[-5,-6],[-11,9],[-13,-13],[-7,0],[-4,-16],[-93,124]],[[289086,570002],[23,170],[90,705],[8,58],[15,118],[29,228],[6,-3],[12,-22],[3,3],[7,29],[6,1],[0,27],[5,24],[-2,14],[8,25],[0,16],[-10,28],[-10,5],[-7,-8],[-7,-54],[-8,1],[-10,75],[-28,40],[2,20],[-21,19],[-18,40]],[[289405,571313],[-2,-19],[9,2],[3,9],[3,1],[0,20],[-6,16],[-9,-8],[2,-21]],[[286158,550504],[5,-20],[1,-11],[7,-16],[6,-33],[4,-49],[-1,-15],[11,-67],[4,-89],[14,-7],[2,-36],[10,-35],[7,-13],[17,-22],[17,-13],[18,25],[3,-5],[10,-36],[6,-13],[6,-1],[3,16],[-1,18],[-8,61],[2,15],[5,7],[5,-1],[10,-14],[18,-83],[2,-37],[6,-38],[2,-26],[5,-45],[3,-16],[9,-21],[9,-1],[5,8],[4,15],[5,9],[8,3],[6,-7],[9,-31],[14,-42],[8,1],[6,14],[8,25],[7,6],[13,22],[5,-1],[2,-9],[0,-38],[5,-22],[5,-8],[10,-2],[9,-6],[4,-10],[8,-36],[4,-29]],[[286330,548946],[-52,3],[-9,30],[-3,0],[-11,-30],[-12,3],[-5,46],[-11,-26],[-8,8],[-1,20],[-6,24],[0,28],[4,6],[3,30],[4,15],[0,17],[4,31],[3,14],[2,28],[1,50],[1,15],[-1,49],[-28,-41],[-15,-8],[-12,-12],[-27,0],[-7,-6],[-19,-28],[-11,-34],[-10,-10],[-17,6],[-22,-11],[-12,0],[-15,9],[-5,-21],[-4,-34],[2,-47],[-3,-38],[-3,-8],[-8,-49],[-12,-16],[-7,-17],[-7,17],[-6,-5],[-5,9],[-4,-6],[-3,-31],[-4,-13],[-8,-2],[-7,-25],[-6,-11],[-1,-11],[0,-21],[-2,-17],[-7,-25],[-3,-18],[-5,-79],[-8,-50],[-12,-22],[-5,-14],[-2,-15],[-2,-56],[-2,-15],[1,-36],[-27,0],[-4,3],[5,-24],[6,-47],[10,-31],[7,-69],[-1,-23],[-3,-22],[-8,28],[-6,-4],[-8,13],[-11,-25],[-8,-35],[-11,-12],[-9,6],[1,-35],[-8,-4],[-7,-16],[-6,-28],[2,-57],[-1,-41],[2,-26],[-2,-1],[4,-18],[11,-114]],[[285828,547914],[-210,9]],[[285618,547923],[-157,2]],[[285461,547925],[0,18],[-6,52],[1,18],[-2,12],[0,26],[-4,45],[1,28],[-2,31],[1,21],[-2,34],[-1,31],[-4,17],[-3,25],[6,46],[2,10],[11,20],[11,32],[1,27],[-1,30],[2,39],[5,22],[-8,4],[-2,9],[-27,-13],[-1,11],[8,29],[1,19],[-5,35],[-3,4],[-5,36],[0,93],[3,4],[-3,18],[0,148],[-4,9],[-44,-58],[-4,18],[-32,1],[-1,27],[-6,-5],[-5,6],[-3,18],[0,51],[2,16],[-11,34],[-8,20],[-17,25],[1,93],[-4,62],[3,36],[9,1],[1,19],[6,17],[0,25],[-7,86],[5,4],[17,8]],[[282162,570405],[11,34],[0,135],[1,40],[13,-2],[-1,-37],[13,-53],[40,127],[11,-37],[13,-44],[7,-34],[1,-31],[11,-40],[5,13],[2,3],[4,-1],[3,-20],[0,-16],[27,7]],[[282323,570449],[6,18],[1,-23],[4,-39],[0,-5],[5,-18],[3,-34],[13,-26],[1,2],[19,-4],[3,-8],[15,-53],[-1,-31],[-2,-25],[2,-30],[-3,-16],[1,-30],[0,-8],[3,-9],[1,-1],[1,0],[1,0],[1,18],[0,-20],[4,0],[7,-11],[4,0],[11,20],[11,-6],[4,12],[4,0],[1,-22],[11,-28],[1,-19],[-3,-21],[5,-21],[8,-17],[0,-44],[-4,-36],[0,-27],[4,-7],[8,6],[9,-18],[0,-27],[-8,-23],[1,-24],[10,-16],[8,-68],[2,1],[6,1],[-5,-13],[4,-36],[6,-37],[3,-67],[1,-68],[-6,-32],[-4,-38],[-3,-18],[-9,-10],[-8,-14],[-4,-17],[1,-25],[4,-20],[-2,-12],[-10,-6],[-9,-13],[-8,-4],[-8,-15],[-1,-15],[0,-24],[6,-13],[-3,-18],[-12,-20],[-7,-15],[-4,-16],[-4,-37],[-6,-10],[-2,-13],[-2,-41],[-5,-25],[-4,-60],[-2,-9],[-3,-5],[-7,6],[-16,31],[-5,13],[-4,-1],[-2,-18],[0,-2]],[[282361,568975],[4,-32],[6,-12],[7,-28],[5,-11],[0,-21],[-10,-27],[-4,-27],[-9,-3],[-6,-15],[-1,-20],[5,-37],[1,-23],[-3,-19],[-9,-10],[-6,-17],[-7,-37],[-4,-5],[-10,-2],[-3,7],[-4,25],[-8,6],[-3,-4],[0,-34],[-2,-23],[-3,-4],[-10,2],[-9,-13],[-19,-7],[-7,2],[-5,-8],[-14,-49],[1,-37],[-9,-17],[-2,-14],[-1,-10],[-2,-16],[-11,-27],[4,-46],[7,-11],[6,6],[5,-7],[1,-21],[-1,-49],[-3,-26],[0,-22],[10,-42],[0,-22],[-6,-36],[-9,-27],[-2,-25],[2,-30],[0,-40],[-11,-51],[-9,-20],[-3,-13],[-11,-30],[-6,-10],[-8,-4],[-4,-7],[-10,-68],[0,-22],[7,-10],[6,-21],[7,-16],[7,2],[7,-24],[8,-10],[4,-23]],[[291058,555849],[6,-20],[6,-11],[10,-12],[4,-20],[6,4],[3,10],[9,6],[5,-5],[5,24],[-1,28],[2,6],[6,-4],[2,-13],[5,12],[12,3],[4,9],[11,13],[6,23],[4,-7],[-1,-65],[1,-14],[12,-60],[2,-15],[6,-92],[2,-67],[5,-65],[38,40],[16,27],[15,36],[6,26],[-6,15],[-2,3],[-6,-2],[-6,-11],[-5,15],[-2,43],[-3,5],[-3,1],[-2,33],[1,16],[-4,24],[2,41],[-9,25],[-10,13],[2,72],[2,20],[11,56],[1,46],[-3,58],[1,12],[9,-9],[7,1],[19,18],[-2,29],[-8,53],[-9,23]],[[291564,556287],[5,-33],[-12,-80],[-7,-81],[6,-48],[12,-38],[10,-67],[-3,-7],[-6,-83],[-5,-42],[1,-36],[5,-60],[5,-24],[-2,-33],[2,-37],[16,19],[3,-24],[1,-59],[4,-44],[11,-60],[-6,-55],[2,-69],[-8,4],[-18,-24],[-16,-17],[-6,-10],[4,-15],[7,-5],[10,-23],[1,-23],[8,-9],[8,-28],[1,-19],[10,-23],[3,-23],[18,-7],[7,-19],[11,-15],[7,-16],[4,-32],[13,-53],[4,-6],[4,5],[1,20],[12,43],[12,30],[20,-40],[2,-13],[5,-65],[6,-30],[13,-44],[4,-32],[2,-80],[-1,-70],[-8,11],[-8,-13],[-22,-8],[-4,-8],[-29,-47],[-11,-27],[-4,-29],[2,-45],[2,-37],[1,-15],[-5,-5],[-6,-16],[-3,-7],[-13,10],[-4,-4],[-12,17],[-13,-3],[-11,10],[-9,20],[-7,7],[-8,0],[-7,-7],[-19,-34],[-8,-4],[-4,-35],[-9,-42],[-4,-37],[1,-17],[10,-7],[9,-21],[2,-13],[5,-2],[4,-28],[-4,-17],[-2,-35]],[[291556,554199],[-4,9],[-7,2],[-2,10],[-9,13],[0,11],[-9,20],[-13,-13],[-3,9],[-3,-12],[-4,-2],[-1,15],[-5,2],[-3,14],[-5,-5],[-4,20],[5,27],[-7,11],[-2,24],[-3,-6],[-5,12],[-5,0],[1,17],[-4,-7],[-5,21],[-1,-10],[-5,4],[-3,-15],[-6,1],[-14,24],[1,15],[-15,28],[-1,20],[-4,5],[1,31],[-4,13],[3,31],[-7,18],[4,11],[-7,13],[-5,0],[-2,15],[3,8],[-9,12],[1,24],[-5,8],[-5,26],[-7,14],[-6,4],[-5,-7],[-1,11],[-6,1],[-4,18],[-7,11],[-7,0],[-6,-15],[-15,18],[3,26],[-17,-14],[-13,-16],[-4,-11],[-6,-33],[-10,-109],[-20,66],[-15,-2],[0,34],[-4,29],[4,24],[-7,32],[-10,27],[-2,2],[-21,-21],[-13,0],[-12,7],[2,55],[-14,9],[-6,9],[-9,28],[-21,13],[-4,6],[-8,35],[-7,11],[-12,6],[-7,29],[-4,6],[37,10],[7,51],[4,22],[-8,18],[-12,12],[-14,54],[-3,7],[4,19],[-9,49]],[[291084,555218],[4,6],[18,39],[25,13],[2,7],[-11,23],[-1,17],[-4,23],[-8,12],[-4,23],[-9,18],[-4,1],[-7,14],[-9,-10],[-12,-1],[-5,-8],[-2,-11],[-11,-22],[-5,6],[-9,0],[-7,-9],[-5,11],[-2,-10],[-7,4],[-5,-16],[-6,-3],[-2,11],[-5,-8],[-6,20],[-8,8],[-4,22],[-3,36],[-5,15],[1,33],[5,11],[-4,60],[-4,27],[-6,10],[4,35],[-3,8],[-2,29],[-9,28],[9,9],[18,6],[29,-11],[5,-6],[-9,61],[-6,26],[4,1],[17,23],[17,-3],[14,26],[2,15],[9,12]],[[283635,561621],[18,-21],[17,13],[6,38],[-1,16],[-6,20],[6,10],[14,-7],[1,-7],[8,3],[8,12],[3,13],[8,4],[7,24],[3,-3],[9,19],[2,12],[15,12],[10,24],[-1,31],[2,46],[1,-1],[22,-17],[4,-7],[3,-14],[-1,-32],[2,-29],[11,-51],[9,16],[13,10],[-2,21],[12,42],[9,2],[1,47],[29,0],[6,3],[-5,17],[0,17],[-8,33],[-2,39],[6,-4],[-2,30],[9,29],[-2,22],[-8,15],[-2,13],[2,19],[-6,9],[-5,34],[5,6],[6,10],[6,0],[4,-27],[14,9],[18,-23],[6,-13],[7,-7],[8,-14],[7,10],[11,21],[9,26],[-9,30],[-11,10],[0,33],[0,58],[1,27],[0,38],[6,26],[0,11],[6,10],[1,17],[17,-7],[14,-15],[12,-24],[-3,-86],[1,-35],[4,15],[11,22],[13,11],[0,-35],[-24,-25],[1,-20],[30,-3],[5,-31],[7,-12],[8,0],[10,12],[13,35],[1,11],[11,36],[6,39],[0,25],[15,14],[9,5],[3,-11]],[[284119,562322],[5,-37],[11,-35],[-11,-34],[-13,-13],[-2,-9],[-12,-18],[-2,-42],[15,0],[0,-61],[14,0],[0,-31],[-7,0],[0,-35],[-7,0],[-10,-8],[-8,-1],[3,-12],[2,-80],[-2,1],[0,-24],[11,1],[3,-14],[0,-36],[-6,1],[0,-33],[-4,0],[0,-12],[-5,0],[0,-61],[-4,-13],[-4,0],[0,-41],[8,-5],[0,-25],[21,-1],[0,-8],[-1,-13],[-14,0],[-8,-15],[-20,-19],[9,-55],[5,-16],[6,-4],[6,-18],[-2,-38],[-3,-20],[-17,-52],[-12,-43],[19,58],[12,10],[6,-3],[15,6],[1,-13],[-25,0],[0,-39],[12,-1],[0,-74],[6,0],[3,-13],[4,18],[0,-24],[4,-30],[3,1],[22,-5],[3,-16],[0,-23],[-18,2],[-4,27],[-5,5],[-14,-29],[1,-78],[18,-1],[3,-15],[3,-17],[-3,-20],[-7,-19],[-3,-21],[-20,1],[1,-49],[-25,-37],[3,-14],[4,-36],[5,-18],[9,-72],[4,-49],[7,-46]],[[284108,560709],[-14,1],[-11,8],[-4,-15],[3,-35],[-2,-15],[-22,2],[0,-60],[-16,-4],[0,-33],[-17,1],[1,-21],[-2,-5],[-7,10],[-7,-19],[-1,-14],[5,-2],[-1,-22],[3,-13],[-4,-23],[-7,-12],[3,-18],[-8,2],[-4,-2],[-4,11],[3,17],[-1,74],[-4,39],[-15,-1],[-9,-15],[-17,-17],[-12,2],[-6,14],[-8,31],[-6,33],[-8,3],[-22,34],[-14,39],[-18,0],[-1,0],[-17,1],[-8,0],[-7,-51],[-9,-74]],[[283813,560560],[0,2],[-7,42],[-5,47],[-4,19],[0,3],[4,18],[-44,26],[-15,5],[0,13],[0,0],[1,33],[17,7],[-1,20],[-6,40],[4,-1],[4,17],[-8,-14],[-5,27],[-10,23],[3,13],[0,15],[-7,-5],[-7,1],[-6,2],[2,-4],[-3,-26],[-8,-13],[-5,-32],[-6,-41],[-2,-7],[22,-23],[2,0],[-1,-8],[4,-6],[-4,-14],[1,-7],[0,-1],[-35,9],[-18,2],[-18,-2],[-29,-13],[-27,-7]],[[283596,560720],[-2,12],[1,23],[-7,10],[-4,16],[-4,1],[-6,14],[-5,-1],[-24,19],[-8,16],[-4,13],[-4,26],[-5,16],[-4,39],[8,19],[25,26],[13,-27],[42,-43],[1,6],[0,29],[-3,23],[0,17],[8,21],[2,19],[5,2],[0,10],[9,6],[-21,32],[-2,3],[-4,11],[20,22],[4,1],[14,-17],[-4,16],[-7,6],[-14,28],[-10,7],[-4,10],[2,19],[-2,11],[-15,16],[-1,23],[5,30],[-4,-1],[-19,1],[2,44],[3,11],[12,22],[2,44],[2,23],[10,58],[12,28],[-4,9],[1,23],[9,48],[-1,29],[5,10],[11,0],[3,22]],[[286746,557257],[8,-53],[6,-15],[2,-27],[0,-44],[6,-29],[4,3],[6,21],[9,12],[15,4],[2,-22],[18,-1],[0,20],[3,1],[0,15],[29,-1],[0,3],[10,-31],[5,-4],[1,-11],[8,14],[3,13],[1,6],[1,109],[27,-2],[2,-3],[6,12],[1,3],[-11,54],[0,20],[-6,5],[1,69],[3,22],[-10,19],[4,24],[8,24],[15,-46],[5,-21],[6,-27],[18,-109],[26,-188],[1,2],[20,36],[5,-8],[6,-28],[5,1],[-4,45],[0,3]],[[287485,557061],[-6,0],[0,-6],[-6,-26],[-6,-3],[-7,-18],[-3,-23],[-7,-9],[-9,10],[-15,2],[-18,2],[-5,-4],[-19,1],[-2,-25],[-9,-39],[-5,-28],[-7,-17],[-10,-11],[-10,-14],[-10,1],[-2,17],[2,33],[-4,4],[-19,0],[-2,0],[-2,-220],[-16,1],[-6,-17],[-7,-3],[0,-53],[-6,7],[-4,8],[-32,-3],[3,-35],[-5,-46],[-18,2],[-3,-52],[10,-26],[-4,-15],[2,-8],[3,-8],[8,-13],[8,-9],[4,-2],[0,-19],[0,-1],[-24,-95],[2,-23],[13,-14],[2,-16],[5,-1],[18,11],[5,-36],[4,-22],[4,-39],[3,-8],[0,-43]],[[284041,562919],[17,18],[16,11],[0,26],[4,13],[6,-24],[1,23],[7,1],[7,-8],[3,13],[2,-33],[6,-9],[6,12],[4,-3],[2,-22],[3,-4],[12,9],[4,-13],[13,39],[4,0],[7,-17],[4,10],[6,-40],[2,-25],[10,-27],[0,17],[5,45],[0,-3],[9,-31],[36,-2],[0,-23],[15,16],[0,-34],[3,0],[2,-23],[14,0],[0,23],[4,0],[-2,40],[4,0],[-1,14],[7,-10],[1,7]],[[284284,562905],[10,1],[0,-30],[3,0],[0,-68],[10,-21],[-1,-11],[5,-11],[-2,-30],[-3,-7],[-2,-20],[3,-29],[11,0],[0,-23],[-8,-10],[0,-43],[4,6],[2,-13],[21,0],[0,-8],[10,5],[4,-13],[12,-37],[2,-16],[4,4],[7,-25],[42,0],[17,6],[10,-7],[0,-57],[6,12],[0,-1],[0,-38],[37,1],[1,-55],[8,0],[0,-77],[16,-2],[3,-24],[3,-1],[1,-97]],[[284520,562166],[0,-86],[-14,0],[0,-41],[7,0],[0,-23],[5,0],[1,-19],[-15,1],[1,-26],[-19,0],[-12,-15],[2,-16],[-15,15],[-65,62],[-3,2],[-2,44],[-6,62],[-6,-4],[-18,-1],[-7,11],[1,21],[-4,13],[-4,-10],[-6,-32],[-11,-34],[-8,-14],[27,-25],[3,-27],[4,-14],[7,-39],[-7,-13],[-13,-30],[5,-2],[0,-11],[6,-2],[0,-120],[9,0],[-1,20],[27,2],[-3,-45],[2,-54],[0,-31],[-3,-31],[-3,-11],[1,-17],[5,-26],[1,-28],[7,-18],[7,-46],[0,-19],[-4,-22],[-2,-6],[-10,-31],[-2,-28],[2,-27],[5,-34],[1,-14],[0,-1],[0,-5],[0,-18],[0,-1],[-3,-7],[0,-4],[-3,-9],[-3,-17],[-9,-4],[-8,-25],[1,-9],[-9,-25],[0,-28],[-6,-8],[-16,-72],[3,-16],[-6,4],[-9,-9],[-4,7],[-2,-28],[21,-5],[41,9],[-10,-43],[-4,6],[-10,4],[-22,-23],[-6,1],[-1,-21],[6,-24],[5,-1],[-3,-35],[24,-6],[1,-24],[-2,-32],[-4,-38],[-7,-27],[-1,-5],[-1,-8],[-12,-48],[37,-2],[0,-22],[1,-26]],[[284372,560682],[-13,1],[0,-47],[-32,2],[-7,-1],[-3,-19],[-11,-23],[-7,-6],[-16,5],[0,-23],[-4,-9],[-11,-3],[0,41],[-13,0],[-4,-14],[-4,-15],[-1,51],[-7,42],[-11,-23],[-14,-89],[-23,-87],[-12,-58],[-7,-21]],[[284172,560386],[-4,2],[10,38],[-1,43],[-13,-1],[-3,5],[-2,31],[0,35],[-8,40],[-1,21],[-9,1],[-1,31],[-23,30],[-4,21],[-4,19],[-1,7]],[[284119,562322],[18,-3],[0,-19],[7,7],[-3,21],[20,1],[-4,19],[-3,14],[-5,-8],[-7,23],[-6,5],[-12,29],[-18,1],[0,31],[-3,7],[-32,8],[-6,16],[0,19],[6,32],[-3,17],[2,50],[-2,15],[3,14],[-7,17],[-2,15],[-7,10],[-15,-2],[-1,44],[7,13],[4,26],[-3,33],[-8,46],[0,8],[9,20],[-1,18],[3,3],[-5,20],[-4,27]],[[288038,552071],[-2,-12],[-22,54],[-9,23],[-5,9],[-10,7]],[[288488,579954],[21,38],[17,-18],[12,20],[5,13],[7,9],[7,16],[17,18],[7,-1],[7,25],[7,21],[3,25],[2,31],[5,40],[9,22],[12,63],[5,11],[6,26],[5,14],[2,10],[0,8],[8,6],[3,5],[7,29],[7,38],[-3,26],[-4,17],[6,19],[1,20],[5,35],[3,62],[2,19],[4,-5],[24,-75],[3,-52],[9,-30],[2,-41],[5,-40],[10,-10],[17,5],[-2,22],[4,51],[-2,36],[5,58],[-9,-13],[-8,0],[-8,-30],[3,31],[-6,35],[-9,0],[5,11],[-5,19],[-6,2],[4,9],[-9,10],[6,3],[1,22],[-10,23],[-8,-6],[6,20],[-2,10],[-8,-3],[3,16],[-10,14],[3,4],[2,50],[6,7],[3,27],[-2,15],[-4,10],[-3,21],[3,25],[-4,14],[1,16],[-9,0],[-3,8],[6,21],[-4,9],[5,20],[-1,9],[5,10],[1,15],[-2,8],[2,16],[-2,26],[0,51]],[[288708,579423],[-286,-101],[-5,-18],[-14,-25],[-4,4]],[[281754,578179],[12,-37],[11,-18],[2,2],[3,-12],[9,-20],[5,-5],[-7,-23],[3,-1],[6,17],[-4,-20],[1,-14],[-3,-21],[-11,-50],[-3,-20],[-13,-18],[-7,-6],[-14,0],[-12,-13],[-9,31],[-9,7],[-5,11],[5,-25],[-3,-12],[-12,-23],[-7,-9],[-22,18],[0,-9],[11,-36],[-2,-21],[8,2],[5,-21],[8,-12],[12,3],[11,15],[-2,-16],[-7,-23],[-6,-56],[-12,-56],[0,-9],[10,1],[24,51],[5,7],[12,6],[8,-4],[9,13],[17,4],[5,-32],[5,5],[-6,-12],[9,-24],[9,-4],[7,15],[16,2],[6,-5],[6,-19],[9,-8],[3,-14],[12,-13],[-1,-10],[-15,7],[-11,20],[-16,21],[-5,-21],[-6,-8],[-8,-3],[-12,-17],[-7,7],[-2,31],[-12,0],[-6,-36],[-12,-13],[-11,-37],[-8,-9],[8,-3],[15,32],[20,17],[8,-18],[8,3],[5,-4],[20,6],[18,-25],[7,-28],[6,-10],[6,-26],[13,-16],[19,13],[4,-2],[-3,-33],[-6,-29],[0,-38],[4,2],[7,-14],[17,-4],[-2,-141],[45,-22],[-1,-20],[35,-11],[-1,-71],[-14,-2],[2,-127],[26,5],[2,-15],[1,-65],[3,-41],[-3,-20],[-6,18],[-6,1],[-21,27],[-8,0],[-3,-13],[-15,25],[-2,11],[-5,75],[-13,76],[3,31],[-2,10],[-15,38],[-3,0],[3,-26],[-2,-30],[-7,-50],[-9,-37],[-3,-4],[-8,8],[-6,21],[-5,8],[-4,35],[-4,-2],[-7,-20],[-5,-1],[0,31],[7,41],[0,19],[-2,46],[-4,37],[-7,16],[-2,31],[-2,3],[-3,2],[-4,-25],[-6,-8],[-8,12],[-13,53],[-16,39],[-10,7],[-1,-11],[4,-17],[2,-46],[-7,-81],[-6,-9],[-10,11],[-13,55],[-13,11],[-9,20],[-4,37],[2,16],[-19,18],[-4,20],[-2,-40],[-10,-26],[-4,-17],[-13,-11],[-16,-28],[-5,14],[-1,15],[-7,-10],[-9,-2],[2,-50],[-2,-20],[1,-26],[4,-10],[6,-45],[3,-9],[7,16],[10,8],[9,-1],[8,-31],[-1,-17],[3,-15],[7,-11],[5,-18],[1,-23],[16,-2],[5,-32],[5,-4],[8,-15],[0,-28],[-5,-21],[11,-30],[5,-21],[-1,-20],[-10,-25],[-4,-42],[0,-11],[-6,-26],[1,-33],[3,-6],[18,13],[3,9],[13,4],[-8,-10],[0,-29],[-2,-19],[-6,-6],[-13,-28],[-11,-7],[-11,-17],[-4,-2],[-1,28],[-45,356],[-26,72]],[[285352,562475],[0,8],[16,0],[0,-8],[9,0],[0,-63],[11,-1],[0,-12],[-7,4],[-5,-5],[2,-21],[-4,-1],[1,-15],[-1,-19],[9,3],[2,9],[-2,19],[8,-2],[4,10],[1,-2],[1,-4],[0,-2],[1,-2],[5,-28],[3,-15],[-13,-22],[-6,-19],[-11,48],[-6,14],[-9,74],[-9,13],[-1,20],[1,19]],[[288879,561169],[8,27],[-5,21],[1,34],[6,22],[-12,40],[14,41],[14,-43],[13,-35],[30,-98]],[[282868,572401],[0,16],[13,17],[-4,34],[5,5],[6,38],[4,-5],[5,11],[-1,48],[5,28],[-8,86],[1,19],[10,1],[8,13],[7,29],[1,21],[4,17],[-4,24],[3,15],[-6,47],[-5,23],[2,6],[29,36],[9,23],[1,39],[4,26],[5,9],[11,47],[6,87],[5,27],[6,15],[6,35],[3,51],[0,22],[-3,28],[-9,7],[-12,-15],[-2,3],[-1,17],[-6,76],[-4,14],[3,64],[-2,10],[23,-8],[1,-13],[8,10],[19,1],[-2,20],[-7,11],[1,12],[7,-2],[8,-40],[9,4],[11,85],[4,0],[-3,7],[-4,29],[-5,8],[-2,15],[3,36],[5,22],[-4,16],[-2,26],[-11,23],[-1,25],[-5,21],[-8,17],[-12,7],[8,16],[16,21],[17,15],[2,12],[9,28],[19,72],[8,55],[5,10],[4,19],[1,22],[-1,58],[-1,62],[-6,44],[-3,16],[7,22],[14,38],[8,28],[7,49],[3,39],[-1,50]],[[283112,574523],[32,-2],[3,-16],[11,6],[11,-4],[7,-10],[-4,-15],[-2,-40],[6,-3],[0,12],[12,39],[4,23],[6,17],[1,22],[5,36],[-1,16],[2,36],[-5,25],[5,29],[13,-5],[2,22],[4,-1],[2,24],[8,-30],[8,26],[4,0],[13,1],[4,-2],[0,9],[-2,21]],[[283486,575340],[18,4],[-2,-59],[-1,-113],[-3,-43],[-1,-25],[2,-43],[-3,-115],[0,-49]],[[283577,574457],[-7,-51],[-20,-1],[0,-84],[-27,0],[13,-126],[-1,-9],[13,-93],[1,-14],[-1,-19],[-11,0],[-4,0],[-10,12],[0,17],[-6,-1],[-9,18],[-3,35],[4,14],[2,20],[-37,-31],[-4,-1],[-8,-3],[-19,2],[-2,-9],[0,-550]],[[282894,571423],[4,20],[-8,33],[-3,1],[4,15],[-4,14],[-6,-8],[-7,0],[1,10],[11,16],[2,18],[-4,54],[1,36],[-2,47],[-6,15],[-8,6],[-1,14],[-8,3],[-2,16],[4,26],[4,42],[3,39],[3,82],[-3,19],[2,23],[1,36],[5,17],[-3,23],[0,39],[-4,11],[3,24],[-2,65],[3,16],[3,37],[0,24],[-3,22],[-5,26],[0,30],[3,13],[0,38],[-4,16]],[[282999,565299],[13,-1],[-5,-42],[0,-30],[4,-58],[3,-10],[8,-1],[18,26],[3,7],[11,8],[4,19],[-4,24],[4,23],[2,32],[84,-3],[3,2],[64,-3],[129,-7],[88,-3],[78,-3],[1,54]],[[283507,565333],[5,-5],[7,11],[4,33],[9,-10],[3,-12],[14,0],[11,42],[3,37],[11,35],[10,65],[71,-3],[1,-18],[8,13],[-7,42],[-4,24],[-8,-7],[1,16],[-14,0],[-5,17],[-9,-16],[-1,17],[-11,0],[6,29],[0,26],[6,30],[14,-2],[0,44],[15,-1],[13,-23],[6,26],[-4,18],[6,2],[0,50],[2,14],[14,1],[0,93],[19,56],[5,-13]],[[283708,565964],[3,-45],[0,-39],[4,-14],[0,-29],[10,0],[-4,-47],[5,-25],[-5,-22],[0,-29],[14,-18],[8,2],[7,-6],[12,-22],[8,-6],[-13,-49],[1,-19],[6,-18],[0,-19],[-5,-20],[-16,-32],[-2,-15],[-35,2],[-5,-24]],[[283701,565470],[-4,-11],[-16,-17],[-6,0],[-14,-12],[-11,-34],[13,-25],[16,1],[3,10],[0,32],[9,-1],[7,27],[0,19],[3,1]],[[283701,565460],[1,-46],[-4,-43],[-3,-111],[0,-5],[5,-16],[15,-6],[10,-14],[12,7],[5,17],[11,3],[6,19],[4,1],[0,-21],[27,0],[11,-3],[7,14],[1,-8],[2,2],[14,18],[7,21],[0,12],[9,28]],[[283841,565329],[75,-2],[-8,-21],[-8,-4],[-9,-10],[5,-7],[0,-39],[18,-1],[0,-43],[13,-2],[0,-43],[9,1],[1,-9],[7,11],[10,2],[1,-45],[-10,0],[-4,-18],[-1,-60],[-10,-5],[0,-39],[-3,0]],[[283927,564995],[-12,0],[-2,-44],[-27,-1],[0,-12],[-3,-27],[-22,-5],[-15,0],[-2,-45],[27,-1],[0,-79],[-13,0],[-1,-87],[-16,0],[0,8],[-9,0],[0,28],[-2,-65],[-4,-3],[4,-27],[4,-16],[7,6],[2,-11],[-5,-8],[3,-14],[40,-16],[3,-8],[-1,-49],[-6,13],[-7,0],[0,-78],[0,-12],[27,32],[0,-52],[6,-22],[-33,-34],[-16,-16],[-4,7],[-15,13],[-14,-23],[-3,-16],[-10,10],[-19,35],[1,-27],[-2,-66],[-2,-4],[-3,-12],[-3,-17],[-3,-6],[-3,-5],[-2,-6],[-3,-7],[0,-4],[-4,-6],[-6,-9],[1,-103],[5,-14],[2,-26],[-8,11],[-1,-98],[14,0],[0,-38],[21,-3],[5,-9],[3,8],[12,0],[3,42],[9,0],[6,-15],[12,15],[11,0],[0,-170],[10,10],[18,46],[4,-56],[0,-21],[5,-9],[9,-14],[-4,-11],[0,-18],[3,-23],[2,-56],[4,-15],[1,-21],[5,-14],[10,-15],[-13,1],[-1,-171],[-7,0],[-7,11],[0,31],[-12,1],[-1,-43],[-40,4]],[[283840,563424],[0,33],[-3,9],[-12,10],[-5,-3],[-11,-25],[0,-18],[-4,-25],[1,-37],[-2,-45],[2,-47],[-6,-12],[-2,-8],[-68,3],[-11,5],[-17,20],[-10,1],[-4,7],[-3,20],[-11,-7],[-26,-1],[0,81],[14,-1],[-1,111],[4,34],[-3,47],[-5,8],[-8,3],[-7,33],[-5,-30],[1,-42],[-4,-18],[-1,-31],[1,-37],[-2,-8],[-17,-18],[-6,1],[-8,11],[-5,-5],[9,57],[1,33],[0,34],[5,24],[1,23],[-2,28],[-6,1],[0,22],[-11,0],[-1,-44],[1,-55],[-13,2],[0,46],[-13,1],[0,-47],[-15,0],[0,-42],[-10,1],[0,76],[5,57],[-5,-35],[-1,-27],[1,-93],[2,-78],[-5,-12],[-9,-8],[-6,36],[-41,2],[0,-41],[-3,5],[-11,-8],[-12,-82],[-1,-48],[1,-29],[5,-52],[-113,6],[1,-17],[15,-25],[0,-42],[20,-2],[-1,-127],[-10,2],[2,-25],[-5,-3],[0,-21],[-14,8],[-5,-9],[-8,26],[-3,65],[-1,113],[-3,58],[-121,7]],[[283216,563204],[-108,5]],[[283101,563341],[-8,164],[-23,432],[-2,33],[-20,387],[-3,26],[0,3],[-17,340]],[[283028,564726],[-24,473],[-5,100]],[[290370,553437],[56,66],[-8,50],[-7,85],[22,-12],[7,-1],[25,5],[7,-3],[9,5],[19,35],[10,26],[26,54],[7,26],[6,46],[6,31],[13,47],[14,29],[9,-6],[7,-17],[8,5],[8,-12],[2,-28],[6,-24],[10,33],[5,-2],[1,25],[5,-12],[6,-1],[17,11],[5,-16],[25,2],[10,-6],[14,-28],[10,4],[15,47],[19,-6],[9,7]],[[290773,553902],[0,-73],[4,-32],[17,-78],[2,-35],[-4,-47],[-2,-61],[8,-78],[1,-22],[-4,-54],[3,-22],[17,-26],[4,-1],[11,17],[19,17],[16,10],[9,0],[8,-16],[29,-113],[15,-24],[17,-29],[8,-31],[2,3],[31,4],[10,-2],[23,-13],[4,3],[14,-21],[1,-16],[-2,-67],[-2,-33],[0,-37],[4,14],[9,20],[9,35],[18,48],[10,-6],[10,2],[19,8],[13,23],[1,18],[45,-60],[9,-4],[3,-68],[0,-12],[-1,-14],[-10,-78],[13,-18],[8,3],[4,-11],[9,32],[4,40],[9,41],[16,50],[16,35],[3,24],[-14,28],[-6,27],[-4,31],[-7,28],[6,32],[-1,22],[4,15],[7,-20],[14,12],[5,23],[9,15],[2,-5],[2,-7],[7,-41],[7,24],[33,102],[2,19],[17,-12],[5,-9],[7,26],[11,18],[13,36],[4,-10],[7,5],[8,-4],[11,53],[6,-21],[-2,-49],[6,-20],[5,-9],[9,1],[6,-20],[9,-19],[3,-20],[-3,-11],[0,-22],[8,-15],[13,7],[10,-1],[3,-1],[13,28],[17,25]],[[291499,551771],[-7,-11],[9,-59],[-5,-5],[-10,18],[-18,24],[-1,6],[-3,-21],[-17,18],[-7,-6],[-16,-52]],[[290572,551050],[-13,-21],[-3,-37],[0,-35],[-5,-13],[-4,-34],[0,-7]],[[290547,550903],[-10,18],[1,17],[4,12],[0,20],[-10,6],[-8,-7],[-5,-17],[-5,9],[0,16],[-1,26],[-3,6],[-6,-10],[-12,-5],[-4,14],[-18,-25],[-3,4],[-1,19],[-4,17],[-6,5],[-15,-13],[4,-22],[-4,-14],[-6,27],[-11,5],[-8,50]],[[284206,554105],[3,-3],[13,26],[2,11],[2,46],[10,11],[4,13],[0,44],[5,3],[3,-9],[8,6],[7,-5],[0,18],[5,15],[5,0],[1,28],[0,54],[11,2],[12,-1],[12,-7],[14,7],[2,-97],[9,-6],[1,-26],[6,1],[-1,27],[9,-16],[2,-32],[9,-9],[5,-25],[8,-13],[-32,1],[0,-59],[14,0],[9,-25],[12,1],[6,-83],[16,16],[13,8],[41,275],[17,53],[1,6],[65,-432],[-13,-82],[-4,12],[-11,-3],[-2,-9],[-6,2],[-30,-50],[-14,16],[-13,2],[-10,-6],[-9,-43],[-14,11],[-7,-8],[-10,16],[-8,-1],[-16,-19],[-19,-111],[10,0],[35,10],[10,-23],[7,-20],[8,-4],[14,-1],[16,-22],[16,-8],[1,-2],[25,92],[0,-87],[13,-1],[10,20],[4,-18],[16,9],[11,-6],[1,-1],[24,103],[1,-26],[-4,-19],[-3,-42],[2,-22],[0,-22],[13,-37],[1,103],[12,0],[1,-45],[4,0],[0,-80],[14,-20],[18,0],[7,-37],[7,-2],[5,10],[7,-2],[1,30],[-15,2],[0,58],[4,21],[0,16],[42,0],[1,51],[-5,45],[-12,0],[1,43],[29,1],[0,26],[-3,26],[3,29],[0,56],[13,-7],[10,-27],[6,-3]],[[284730,553823],[0,-175],[0,-63],[0,-456],[0,-22],[-2,-469],[0,-185],[-2,-29],[2,-50],[-1,-33],[-1,-19],[1,-90],[9,0],[0,-177]],[[284244,551710],[0,6],[0,119],[7,8],[14,58],[8,-12],[9,17],[5,0],[7,-16],[13,15],[6,44],[0,28],[3,9],[3,36],[-14,0],[-1,-50],[-28,1],[1,51],[-15,1],[-2,8],[0,50],[9,0],[0,38],[-17,0],[-2,8],[-5,37],[-10,121],[-3,54],[-5,28],[5,16],[3,33],[16,47],[6,62],[13,14],[0,2],[2,4],[4,6],[-1,60],[6,12],[-4,14],[-7,0],[5,20],[-3,20],[-4,13],[-9,-21],[-2,5],[-32,-84],[-10,-16],[0,42],[0,3],[0,16],[11,5],[4,17],[2,36],[-2,40],[0,6],[-14,0],[0,2],[0,3],[4,1],[-3,22],[-1,0],[0,69],[1,66],[0,11],[5,0],[0,18],[-5,0],[0,7],[3,-1],[0,14],[-3,1],[0,4],[0,115],[4,30],[-5,0],[7,37],[-8,1],[0,9],[1,20],[-2,15],[0,4],[-1,5],[4,61],[1,10],[0,26],[0,45],[1,143],[0,12],[1,51],[0,4],[0,3],[1,20],[-1,9],[-2,20],[-3,23],[-1,12],[0,3],[-1,9],[2,141],[0,6],[-3,28],[-10,100],[-2,13],[-25,135],[6,18],[0,22],[13,5],[12,-8]],[[284410,546767],[25,61],[8,6],[14,2],[5,5],[8,42]],[[284470,546883],[3,-19],[3,-34]],[[284476,546830],[6,-44],[0,-28],[1,-15],[3,-28],[3,-23],[4,-38],[5,-29],[10,-76],[10,-45],[7,-36],[1,-52],[0,-62],[2,-70],[2,-57],[4,-97]],[[286605,552917],[2,19],[14,36],[11,35],[13,33],[11,56],[9,36],[1,41],[16,34],[5,62],[-1,18],[-6,48],[-1,47],[11,50],[2,50],[-31,49],[-4,-3],[-13,-45],[-6,-49],[0,23]],[[286638,553457],[0,113],[-1,36],[11,-14],[10,23],[19,0],[5,-10]],[[286682,553605],[4,-31],[1,-28],[7,-55],[12,-4],[13,5],[4,9],[12,9],[4,10],[0,7],[-5,25],[5,18],[0,31],[-8,38],[6,40],[8,19],[10,32],[2,6],[-1,36],[9,20],[5,-13],[8,-3],[6,38],[16,3],[-3,57],[-1,42],[17,-1],[20,-41],[0,1],[-8,37],[3,15],[1,7],[2,7],[5,21],[4,9],[5,15],[8,32],[2,21],[5,-2],[8,-24],[9,-4],[24,-17],[4,14],[-3,38],[8,-1],[8,25],[1,23],[-3,11],[5,22],[9,-4],[0,141],[2,18],[1,8],[17,43],[4,-22],[7,-11],[4,-15],[0,18],[25,-2],[0,-55],[3,-43],[42,-2],[1,100],[30,-3],[7,-27],[16,-130],[6,-31],[13,20],[4,16],[13,19],[4,28],[7,27],[1,63],[-4,21],[-5,33],[4,55],[0,36],[1,32],[-1,33],[-4,14],[-16,-5],[-19,-12],[-12,0],[1,107],[23,35],[4,10],[18,49],[9,19],[4,-12],[1,-31],[4,-27],[3,10],[9,4],[0,31],[6,53],[7,-2],[-2,36],[-5,0],[-7,-11],[-11,-7],[24,122]],[[287172,552281],[-5,-2],[-3,-34],[0,-69],[-45,2],[0,98],[1,95],[-32,-1],[0,101],[-4,0],[0,94],[-12,0],[-1,-73],[-12,-34],[-1,-88],[-3,-1],[-9,92],[-15,110],[-3,-3],[-39,3],[-10,3],[-1,-26],[-9,-26],[1,-32],[-3,-9],[0,-14],[4,-21],[1,-16],[7,-27],[2,0],[4,-30],[-2,-11],[3,-28],[-15,36],[-12,17],[-8,15],[-13,4],[2,-60],[-10,-22],[-6,4],[-8,-3],[-7,-8],[-7,12],[-3,-12],[-11,-20],[-6,-20],[-5,25],[3,21],[0,20],[-8,9],[-4,21],[-15,0],[-5,15],[-7,47],[-3,42],[-7,19],[-50,0],[-1,-26],[-2,-19]],[[286778,552451],[-3,-12],[-18,-44],[-13,-11],[-9,1],[-23,23],[-1,3],[-1,32],[-4,27],[3,19],[1,90],[10,0],[0,65],[-11,47],[-7,45],[-8,33],[-3,-4],[-6,-30],[-12,-8],[-3,-9],[-12,33],[-12,3],[-4,-16],[-10,-19],[-11,16],[-5,-2],[0,27],[5,57],[-3,13],[-8,16],[-8,-2],[-3,19],[0,21],[6,33]],[[287343,546119],[-13,-37],[0,-30],[4,-28],[-7,-17],[1,-23],[-1,-24],[-10,-63],[-5,-56],[-11,-35],[-5,-21],[-7,-57],[-3,-39],[-2,-11],[-9,-3],[-5,-31],[1,-21],[7,-18],[8,1],[8,-10],[2,5],[-3,33],[4,7],[5,-31],[7,-14],[6,-39],[1,-39],[4,-17],[5,-10],[1,-16],[-4,-17],[2,-14],[9,-10],[0,-8],[-4,-13],[-3,-36]],[[284899,559387],[2,51],[3,54],[5,39],[4,18],[10,24],[14,65],[5,10],[20,33],[17,50],[8,31],[15,40],[20,30],[19,23],[1,5]],[[285562,558735],[-9,-53],[-5,-14],[-5,-2],[-8,3],[-2,-2],[-8,-34],[-3,-29],[2,-28],[-7,-24],[0,-17],[-4,-10],[-5,-67],[-3,-23],[-4,-33],[-7,-31],[-3,-47],[-9,-20],[-5,-6],[-1,-5]],[[285476,558293],[-4,13],[0,25],[4,33],[5,18],[-3,38],[1,43],[-11,8],[-11,16],[-11,10],[-14,21],[-3,-19],[-1,-24],[-11,-21],[-6,-16],[-3,10],[-12,-39],[-26,-107]],[[285370,558302],[0,2],[21,87],[16,59],[-5,27],[-1,1],[-2,15],[-3,4],[-4,16],[-27,-92],[-13,1],[-5,-2],[-3,0],[-8,50],[-17,-2],[-2,-23],[-1,-17],[-17,-18],[-12,9],[-35,-1],[-4,19],[-6,9],[-7,-2],[-12,-13],[-6,4],[0,-58],[0,-7],[-22,-1],[-3,16],[-5,2],[4,17],[-7,23],[-2,15],[-7,-6],[-5,-19],[-11,1],[-9,-19],[-10,6],[-3,-24]],[[285137,558381],[0,83],[4,1],[0,15],[-11,-8],[3,24],[1,10],[3,39],[0,13],[0,6],[-15,6],[1,78],[-35,-1],[-8,2],[-195,5],[-73,2],[-43,0]],[[284769,558656],[5,20],[15,18],[10,1],[20,-18],[11,-4],[11,5],[30,60],[9,32],[1,14],[-1,26],[-5,26],[-13,44],[-4,18],[-8,75],[-9,37],[-9,17],[-6,24],[0,21],[1,18],[5,27],[7,19],[3,21],[1,30],[3,42],[5,33],[3,9],[18,44],[18,30],[5,13],[4,29]],[[284388,557970],[3,-9],[11,-17],[10,-19],[14,-46],[17,-47],[5,-17],[13,17],[16,-42],[6,-8],[18,3],[4,5],[11,53],[8,15],[27,26],[6,38],[-4,24],[0,20],[4,39],[3,12],[8,14],[15,12],[5,7],[3,26],[-2,63],[0,24],[5,26],[15,52],[6,11],[18,18],[5,15],[22,50],[13,38],[13,52],[7,9],[4,1],[17,-9],[6,0],[11,8],[19,24],[5,17],[6,30],[4,38],[3,63],[0,41],[1,9]],[[285137,558381],[2,-24],[-2,-10],[1,-28],[-4,-16],[4,-26],[7,-16],[6,2],[6,-16],[4,-20],[3,8],[11,1],[8,-16],[8,-39],[7,-63],[0,-36],[7,-50],[-1,-36],[3,-44],[-5,4],[-1,-11],[-15,0],[-2,-79],[2,-21],[-8,13],[-7,19],[-7,10],[-8,5],[-4,-4],[-32,-48],[-13,-14],[-11,-18],[-10,-13],[-10,-24],[-1,-1],[-1,-2],[0,-3],[0,-1],[-2,-5],[8,-17],[-7,-32],[-2,-43],[-5,-66],[1,-16],[9,-50],[-23,-1],[-4,-7],[2,-10],[0,-22],[-4,-35],[0,-139],[4,8],[1,-7],[1,-9],[-2,-2],[-4,-7],[0,-19],[-10,-17],[-16,-56],[10,-15],[3,-36],[4,-15],[5,0],[5,-20],[-1,-31],[-3,-15],[-2,-32],[9,17],[6,2],[1,0],[-2,-33],[-3,-66],[-1,-12],[-1,-20],[0,-45],[-1,-72],[3,-1],[17,15],[10,-2],[9,-15],[11,-40],[6,-14],[5,-5],[13,-5],[48,-63],[5,-9],[12,-33],[1,-11],[-12,31],[0,-12],[10,-27],[-8,-34],[23,-17]],[[285203,556577],[34,-25],[-1,-19],[-7,-37],[-4,-10],[-4,10],[-14,-4],[11,-72],[3,-41],[1,-46],[-2,-41],[4,-36],[-1,-6],[-19,-3],[1,-5],[-1,-41],[-1,-9],[11,-16],[4,-13],[0,-4],[1,-21]],[[285212,556031],[-5,12],[-13,11],[-4,11],[1,20],[0,92],[-24,-1],[0,54],[-2,2],[-6,33],[-7,20],[-6,3],[0,83],[4,1],[2,37],[-5,10],[4,22],[-28,0],[0,-48],[-9,-23],[-35,-2],[0,-14],[-11,19],[-5,9],[0,-34],[-15,0],[1,-40],[-6,0],[0,-39],[-5,-2],[7,-28],[1,-15],[-13,-3],[0,27],[-16,4],[-7,24],[-8,13],[-6,69],[-5,42],[-1,-1],[-3,27],[-15,-59],[-4,-19],[-4,-24],[-21,-210]],[[284943,556114],[-9,-18],[-4,-22],[0,56],[-4,0],[0,142],[-18,0],[0,22],[-4,6],[-3,-22],[-5,-6],[-21,3],[-9,-4],[0,-106],[-14,-5],[-12,-59],[-5,-22],[-5,-43],[-6,-41],[-6,0],[0,-11],[-21,0],[-9,-39],[-6,2],[-2,-10],[-5,12],[0,29],[20,98],[-14,12],[-5,-7],[-11,-25],[-18,-1],[-10,5],[-5,-16],[-18,-26],[-3,-1],[-7,42],[-7,12],[-5,-14],[-12,-20],[0,-65],[0,-24],[-7,2],[-7,11],[-7,26],[-10,-26],[-12,-16],[-14,-4],[-15,-42],[-12,-25],[-14,-49],[1,-8],[4,-11],[-1,-53],[-24,-156]],[[284562,555597],[-3,10],[-5,34],[-10,26],[-9,-3],[-10,-12],[-2,-14],[0,-25],[-11,-33],[-5,12],[-12,36],[-10,-15],[-6,16],[-6,1],[-4,-10],[-4,0],[-18,168],[18,1],[0,193],[-25,1],[-5,0],[0,-61],[-30,292],[-56,-57]],[[284349,556157],[5,57],[10,36],[2,9],[1,63],[4,30],[0,10],[-5,21],[-3,29],[2,47],[-1,48],[1,32],[3,44],[-48,478],[0,5],[-23,215],[-38,372]],[[284259,557653],[7,51],[2,8],[4,6],[43,47],[7,13],[26,60],[5,16],[-1,36],[-11,74],[0,17],[8,34],[5,8],[9,2],[7,-8],[10,-20],[8,-27]],[[284568,545958],[19,-1],[44,-2],[10,0],[-3,18],[3,34],[0,20]],[[285869,581852],[18,35],[17,45],[5,25],[11,17],[5,24],[9,-3],[6,8],[13,4],[7,-50],[11,15],[9,20],[0,20],[36,5],[-3,46],[6,9],[0,25],[3,1],[-1,40],[6,4],[7,24],[9,14],[7,9],[6,24],[5,35],[-1,8],[9,54],[7,29],[15,26],[23,29],[4,26],[10,8],[9,-10],[23,-16],[4,4],[2,3],[8,14],[8,30],[16,28],[13,14],[12,23],[3,26],[8,5],[2,35],[-8,-6],[0,24],[26,0],[11,34],[15,-46],[5,20],[2,-41],[4,8],[2,11],[-4,17],[1,8],[2,-2],[3,1],[1,12],[3,4],[2,1],[3,12],[-9,41],[4,11],[3,-9],[-1,17],[4,5],[3,-7],[1,24],[8,38],[7,11],[2,18],[5,5],[4,22],[1,21],[7,9],[3,-8],[2,29],[9,3],[0,21],[3,10],[6,2],[3,27],[10,18],[2,-6],[11,-1],[1,-7],[6,5],[9,41],[6,9],[9,42],[25,50],[-1,23],[-2,12],[-7,49],[12,15],[9,-11],[9,14],[-1,39],[12,-9],[13,38],[10,7],[5,-45],[2,-1]],[[286225,580653],[-3,84],[-14,0],[-4,47],[4,0],[0,25],[-3,1],[-7,-5],[1,17],[-4,14],[7,4],[-5,21],[-4,46],[-12,1],[-3,23],[-56,9],[-38,54],[-30,1],[-3,1],[0,12],[-2,13],[4,16],[-2,45],[-19,-2],[0,24],[15,1],[-12,23],[-12,15],[-12,45],[-4,25],[-10,32],[-8,-14],[-4,5],[15,70],[8,28],[-3,54],[22,1],[6,32],[-9,52],[-21,113],[-5,-8],[-7,-34],[-14,-35]],[[283010,578773],[4,-12],[-4,-12],[-9,-16],[-5,-20],[-2,-23],[-4,-13],[-3,-25],[-6,-9],[-5,-28],[-8,-91],[-3,-12],[-8,-10],[-8,-34],[0,-12],[-4,0],[-4,-12],[-10,-69],[6,-26],[0,-31],[129,200],[4,-21],[2,-22],[4,-22],[10,-24],[4,-29],[3,-28],[-1,-17],[-3,-18],[-10,-32],[0,-25],[4,-39],[5,-28],[9,-29],[6,-53],[-1,-9],[-7,-16],[-4,-23],[-5,-34],[-1,-55],[-3,-16],[3,-25],[9,-46],[9,-32],[4,-44],[-1,-18],[2,-26],[-2,-48],[13,59],[4,-2],[-1,-18],[-6,-22],[5,-16],[-5,-6],[2,-14],[-3,-7],[2,-20],[8,-4],[-3,-49],[2,-9],[2,-112],[2,-34],[3,-16],[4,-8],[5,10],[2,29],[-2,27],[3,-17],[6,-11],[4,3],[-10,-40],[9,-3],[-2,-22],[50,-95],[12,-25],[1,-16],[12,-27],[3,-18],[11,8],[3,-6],[14,19],[8,10],[3,-14],[13,13],[8,16],[4,-8],[2,21],[-1,5],[20,95],[-2,18],[-3,5],[5,22]],[[283313,577460],[10,-11],[5,-30],[11,-6],[-5,-31],[15,-5],[7,-29],[2,-10],[-13,-48],[7,-21],[4,-15],[0,-7],[-8,18],[-4,-22],[5,-8],[-15,-44],[2,-27],[-4,-30],[-7,-23],[0,-15],[12,-2],[1,-30],[-15,-53],[-1,-6],[5,-6],[-14,-73],[1,-7],[3,-13],[1,11],[15,5],[6,30],[0,13],[31,128],[1,-5],[4,-8],[3,-8],[2,-9],[-2,-1],[-2,-8],[-3,-55],[-6,-12],[4,-2],[6,-2],[-6,-17],[0,-10],[8,28],[1,68],[7,-10],[1,-21],[7,-12],[7,3],[7,33],[2,5],[4,12],[7,-19],[8,11],[12,-28],[-6,-44],[1,-5],[5,-4]],[[283442,576973],[-1,-48],[3,-110],[0,-18],[-4,-45],[-8,-40],[-6,-17],[-5,-11],[-10,-11]],[[283411,576673],[-21,-1],[-4,7],[-17,13],[-10,4],[-5,7],[-6,2]],[[283348,576705],[-11,-1],[-11,-9]],[[283326,576695],[-12,-14],[-11,-23],[-6,-25],[-5,-29],[-3,-24],[-2,-52],[1,-32],[8,-124],[-1,-54],[-7,-36],[-5,-11],[-8,-7]],[[283275,576264],[-9,13],[-24,69],[-16,48],[-3,18],[-1,15],[9,108],[3,46],[6,52],[10,70],[6,57],[0,28],[-3,33],[2,17],[-3,74],[4,75],[-2,28],[-3,16],[-5,18],[-11,39],[-15,62],[-2,4],[-42,126],[-10,27],[-16,51],[-15,15],[-13,18],[-15,14],[-8,15],[-7,8],[3,32],[-3,-16],[-22,6],[-27,-12],[-10,-15],[-16,-53],[-2,-10],[2,-53],[-2,-27],[8,-96],[4,-25],[0,-22],[21,-59],[10,-8],[10,8],[19,-10],[7,-13],[17,-68],[2,-32],[0,-19],[-2,-16],[-8,-27],[-8,-17],[-7,-34],[-7,-18],[-13,-19],[-17,-11],[0,6]],[[287269,558823],[35,145],[4,14],[23,99],[1,4],[30,126],[-1,17]],[[287361,559228],[13,33],[0,-40],[10,7],[1,18],[-7,16],[0,2],[-3,0],[10,42],[6,-30],[13,-21],[-3,32],[1,40],[10,-1],[2,-21],[6,-7],[6,1],[-1,45],[2,10],[5,-5],[8,5],[-4,16],[3,19],[0,37],[2,18],[-3,15],[-12,6],[1,20],[15,61],[43,178],[7,-1],[1,-5],[1,-32],[12,-5],[0,-11],[16,-3],[5,0],[-5,22],[-19,39],[6,26],[-9,26],[-2,-2],[14,57],[2,0],[13,-1],[1,8],[8,3],[-1,64],[-3,13],[7,28],[-4,26],[-12,25],[-8,2],[-5,12],[43,-6],[3,13]],[[291500,559687],[-6,-12],[0,-12],[-9,-33],[-5,-11],[0,-10],[-5,-29],[-3,-5],[-14,16],[-6,17],[-9,-22],[-1,10],[-7,-4],[-4,-22],[-5,-5],[-4,-21],[6,-23],[1,-19],[-4,-23],[1,-29],[-9,-27],[-4,2],[1,-17],[-5,-12],[-2,-34],[-5,-1],[-2,-29],[3,-2],[-2,-32],[-4,0],[-2,-23],[-9,-13],[-4,20],[-4,-13],[0,-30],[-3,-16],[-6,-9],[-2,-37],[-3,-7],[0,-25],[5,-2],[8,-13],[-3,-7],[-3,-21],[1,-27],[0,-19],[-4,-18],[2,-29],[-2,-34],[-2,4],[-7,-12],[-8,-44],[0,-17],[-4,1],[-4,-15],[-2,10],[-1,-27],[-9,-7],[-3,-16],[-6,10],[-4,-10],[-5,4],[-3,-29],[-2,-17],[2,-21],[-6,-23],[1,-31],[-9,-26],[-3,-26],[2,-9],[-9,-27],[-7,-6],[-9,16],[-9,10],[-12,-5],[-10,13],[-3,12],[-7,6],[-5,-14],[-9,-11],[-10,-3],[-6,10],[-16,-5],[-8,-17],[-9,-6],[-86,122],[-14,-25],[-11,-42],[3,-22],[-2,-48],[2,-27],[-2,-35],[-5,-22],[-15,-20],[-5,-11],[-14,-12],[-2,-10],[-4,-40],[-3,-26],[-1,-41],[-8,-25],[-6,-9],[-10,-33],[-9,-48],[-11,-28],[-6,-32],[-7,-27],[-7,-11],[-14,-32],[-8,-10],[9,-25],[10,-60],[-3,-18],[0,-20],[9,-5],[4,-11],[4,-30],[0,-43],[3,5],[5,-53],[5,-9]],[[290967,557864],[-4,-9],[-6,-2],[-4,10],[-5,-14],[-2,5],[-5,-17],[-11,10],[-4,14],[-8,2],[-6,10],[-9,24],[-15,-15],[-8,-12],[-6,19],[-7,-20],[-8,-12],[-12,-40],[-7,-16],[-4,1],[-6,23],[-6,-3],[-8,6],[-4,-20],[-7,1],[-4,-6],[-6,13],[-100,38],[-16,52],[-20,54],[-5,6],[-13,7],[-14,-32],[-17,-2],[-8,6],[-11,-4]],[[290417,558931],[-2,11],[-16,51],[-4,34],[-6,17],[-3,33],[-15,9],[31,-16],[78,-75],[1,38],[5,23],[-4,5],[-8,26],[-6,37],[8,24],[11,66],[6,10]],[[291117,559220],[2,-30],[3,-20],[3,-10],[8,-15],[7,-6],[5,1],[-2,43],[0,39],[-3,-3],[-1,12],[-20,30],[-2,-18],[0,-23]],[[286597,570083],[8,-48],[1,-9],[-2,-10],[5,-35],[-4,-121],[-2,-52],[-13,0],[-1,-17],[6,-27],[-3,-15],[-6,-12],[-10,-5],[-10,15],[-4,-9],[11,-18],[9,-34],[0,-13],[-7,-23],[-4,6],[-22,-89],[-3,-4],[-4,-34],[-6,-7],[-10,-36],[1,-22],[-11,-41],[-9,-10],[-3,-19],[-3,-1],[-15,42],[-7,13],[-16,-48],[-4,-15],[0,-91],[-7,-8],[-1,-16],[-5,-12],[-4,26],[-10,4],[-2,-31],[-5,3],[-13,21],[-7,20],[-8,4],[-6,22],[-4,48],[-18,-2],[-5,-9],[-7,32],[-4,13],[3,-3],[-1,58],[-2,18],[-3,-5],[-20,-2],[2,-16],[-8,-35]],[[285763,568801],[-34,1],[0,32],[8,31],[-8,-17],[-7,-7],[-3,9],[-4,32],[-13,34],[-8,30],[-14,39],[-5,34],[-1,11],[-5,16],[-3,27],[-7,15]],[[285659,569088],[2,11],[8,-13],[2,12],[-1,27],[6,30],[12,41],[4,30],[0,28],[-2,11],[-6,-32],[-10,1],[2,10],[5,-1],[0,76],[-16,7],[-9,-7],[0,30],[-28,42],[0,-18],[-17,0],[-11,10],[-9,-1],[1,-24],[-3,-16],[-4,19],[-4,33],[-1,23],[-8,0],[0,40]],[[281698,565647],[15,-9],[10,1],[8,18],[18,51],[33,91],[7,16],[25,22],[11,15],[10,5],[7,-6],[8,-21],[4,-15],[2,-20],[-2,-22],[-12,-74],[-7,-71],[-2,-40],[1,-36],[1,-27],[4,-34],[13,-83],[2,-30],[4,-12],[1,-3]],[[281859,565363],[1,-7],[23,-18],[13,-13],[9,-18],[15,-37],[17,-33],[14,-21],[11,0],[2,-7],[10,11],[4,-3],[0,-17],[-8,3],[2,-20],[8,-7],[3,-13],[15,2],[3,25],[11,8],[7,14],[4,31],[13,-8],[8,4],[1,-11],[15,-1],[14,-28],[9,2],[14,-27]],[[282097,565174],[-1,-30],[5,-10],[3,-22],[0,-29],[-3,-28],[-10,10],[-12,21],[-6,-1],[-13,-24],[-5,-14],[1,-23],[-1,-21],[-10,-30],[0,-24],[-9,-29],[2,-7],[2,-13],[-6,8],[-3,-14],[-18,40],[-8,-5],[-1,10],[-12,3],[-4,-21],[-12,10],[-7,-16],[-7,3],[-7,12],[-7,4],[-2,10],[-2,-12],[5,-15],[-13,1],[-10,8],[-6,9],[2,-14],[-2,-7],[-13,4],[0,-81],[-7,0],[0,-172],[-19,0],[0,-38],[8,-22],[23,-92],[2,-16],[-9,0],[-1,-36],[-3,-6],[-51,-2],[-1,-42],[-2,-9],[3,-21],[-1,-24],[-17,-21],[1,-12],[-12,0],[-1,-18],[7,0],[0,-14],[6,0],[-1,-51],[-1,-43],[-5,1],[-7,0],[-2,-19],[10,-1],[0,-22],[-14,-1],[0,-34],[16,-19],[-1,-34]],[[281828,564069],[-17,-1],[0,-11],[-29,-20],[9,35],[4,39],[6,27],[-6,8],[-2,3],[-2,-25],[1,-24],[-22,4],[-35,0],[-1,20],[2,39],[-3,0],[-3,-58],[-2,0],[-1,32],[-1,-32],[-7,0],[0,41],[-15,0],[-2,-28],[0,-15],[-11,0],[1,13],[0,26],[-43,4],[2,3],[1,34],[-27,2],[4,-46],[0,-46],[1,-13],[-3,-20],[-4,-11],[-2,-8],[-2,13],[-1,4],[-4,12],[-1,9],[-2,4],[-1,9],[-3,23],[-5,27],[-17,-1],[-8,-94],[-28,-1],[0,35],[-13,0],[0,19],[-12,0],[-14,-25],[-2,3],[10,53],[11,6],[-6,0],[-37,-4],[5,17],[-3,26],[-9,13],[-2,-14],[-10,8],[-2,-26],[-8,15],[-3,-41],[-5,-1],[1,36],[-2,16],[-4,36],[-1,26],[-6,-98],[1,-4],[-1,-15],[-4,-1],[-25,-5],[1,-46],[-14,-1],[-1,-91],[-6,2],[-6,16],[-4,18],[-1,-27],[-2,-3],[2,-17],[1,-4],[-1,-6],[0,-17],[-2,0],[-1,-11],[-5,0],[0,11],[-15,0],[-4,2],[-9,10],[-5,4],[-1,-10],[1,-26],[2,-31],[4,-38],[5,-7],[3,-24],[-1,-26],[-3,4],[3,-26],[-1,-6],[6,-55],[-7,-25]],[[280657,564916],[76,153],[5,-8],[11,13],[1,-26],[2,7],[16,26],[10,28],[8,11],[8,17],[-2,12],[-3,30],[-14,77],[0,18],[2,24]],[[280777,565298],[6,63],[16,35],[5,5],[19,34],[2,10],[1,23],[-3,23],[-1,19],[5,17],[4,34],[0,31],[5,24],[2,27],[10,0],[-1,-43],[6,1],[-7,107],[4,0],[2,-44],[6,-17],[55,34],[37,-36],[11,44],[9,38],[-1,16],[7,22],[5,42],[28,95],[7,-22],[3,8],[14,47],[14,40],[8,34],[18,48],[12,42],[8,41],[16,69],[14,41],[18,70],[-4,57],[3,20],[-3,2],[1,30],[6,0],[0,40],[7,0],[0,45],[13,1],[0,83],[13,1],[0,84]],[[281477,566223],[-5,9],[-9,29],[-6,30],[-17,7],[-11,-30],[-3,-30],[-10,-27],[-4,-48],[-10,-7],[3,31],[-19,-32],[-15,-46],[-15,-36],[-2,-21],[-13,-19],[-4,-15],[-9,-39],[-18,-67],[-6,-31],[-15,-39],[-13,-27],[-4,-21],[-5,-16],[-2,-2],[-1,-23],[-4,-17],[-19,-61],[-15,-58],[-13,-46],[-24,-82],[-24,-105],[-14,-59],[-1,6],[-15,-63],[-9,-54],[0,-14],[6,-1],[0,-46],[-11,-1],[-1,-6],[-1,-10],[0,-67],[-2,0],[-11,-2],[0,-42],[-12,0],[0,-42],[-14,0],[-3,0],[-5,-15],[-11,-22],[-3,1],[-5,-9],[-8,-15],[-12,-25],[-6,-11],[-9,-20],[-5,-10],[-7,-16],[-4,-10],[-4,-9],[-14,-33],[-6,-21],[-11,-62],[-2,-28],[2,-23],[29,0],[2,-2],[1,-12],[3,-2],[-4,-7],[-2,-23],[-1,-13],[-2,-16],[-1,-11],[2,0],[-3,-11],[-5,-48],[-1,-4],[-2,-2],[-2,0],[0,-8],[2,-4],[2,-17],[-2,-10],[-3,12],[-9,7],[-8,-54],[-11,-35],[-3,-13],[-2,-7],[-11,-53],[-16,-74],[-2,-7],[-12,-56],[-7,-29],[6,-12],[0,-119],[-13,1],[-1,-43],[-11,-4]],[[280880,563979],[-1,31],[-11,1],[0,-27],[-14,0],[0,29],[-3,-17],[-9,4],[-1,6],[-45,-114],[-19,-43],[-40,-77],[-14,-22],[-32,-42]],[[280590,564226],[-2,23],[-5,18],[12,4],[6,21],[7,4],[5,-6],[14,9],[-1,34],[-4,42],[0,64],[-1,10],[6,18],[5,5],[4,18],[3,7],[10,4],[1,82],[13,-1],[0,43],[7,0],[0,42],[7,0],[-1,56],[-8,17],[-5,2],[-3,-3],[-4,-19],[-7,6],[0,33],[-8,30],[-15,-36],[8,44],[21,56],[26,50],[6,-5],[13,-33],[3,17],[6,-4],[2,12],[6,17],[-11,51],[-5,8],[-4,0],[-33,-55],[-7,5]],[[280827,565467],[28,-16],[-2,40],[-6,-8],[-5,-2],[-5,1],[-4,2],[-4,-8],[-2,-9]],[[290332,561930],[-7,-11],[-18,-11],[-11,33],[-10,20],[-34,42],[-6,14],[-3,38],[9,95],[0,18],[-3,23],[-13,53],[-2,19],[3,44],[0,55]],[[290237,562362],[-1,60],[-2,32],[-6,45],[-25,-7],[-15,17],[-17,-10],[-27,16],[-8,18],[-3,18],[4,70],[-40,83],[-9,8],[-4,15],[-19,33],[-6,18],[-28,-32],[-5,-14],[-9,-37],[-4,-25],[-5,115],[0,20],[2,14],[11,69],[16,10],[10,24],[8,-41],[3,-6],[8,11],[5,47],[11,9],[18,-26],[7,-27],[3,20],[6,20],[0,17],[11,40],[-9,31],[-6,5],[2,8],[-2,7],[4,14],[-4,7],[5,27],[12,20],[12,34],[6,5],[1,-12],[9,9],[1,-30],[10,-3],[-1,39],[-2,17],[12,-3],[4,7],[-1,38],[-1,58],[-2,25],[-10,57],[9,15],[2,12],[0,35],[4,22],[-1,27],[2,31],[-5,39],[-3,11],[-3,52],[3,26],[13,35],[2,18],[14,29],[4,20],[1,24],[1,13],[4,26],[1,24],[-4,57]],[[282361,548808],[2,-14],[12,-38],[6,-31],[0,-27],[8,-15],[3,-11],[1,-34],[10,-36],[5,1],[5,-12],[1,-28],[-2,-21],[6,-26],[-6,-13],[-3,-29],[-2,-39],[-3,-9],[0,-20],[-4,-5],[6,-4],[3,12],[7,-8],[5,10],[-2,16],[2,14],[4,4],[7,-4],[6,-14],[8,2],[7,-6],[1,27],[4,8],[11,-50],[6,-3],[9,-70],[1,-13],[14,-13],[24,2],[1,18],[4,9],[11,12],[9,33],[10,7],[2,14],[11,10],[2,-22],[2,9],[5,-16],[14,-10],[10,-14],[3,-12],[8,3],[3,9],[3,10],[1,8],[4,2],[0,1]],[[283927,564995],[10,-31],[3,17],[4,14],[24,36],[-1,-115],[-1,-9],[15,-6],[0,-39],[14,-1],[-1,-41],[27,-1],[0,15],[7,-1],[1,24],[6,0],[0,-34],[4,0],[6,18],[2,-13],[12,-1],[0,16],[8,-7],[14,3],[3,22],[4,-4],[0,-1],[-1,-12],[-3,-21],[26,0],[0,15],[1,-28],[19,0],[0,-7],[4,-2],[2,1],[-4,-2],[0,-5],[-1,-4],[3,-5],[0,-4],[-2,-5],[0,-4],[2,-8],[1,-5],[-10,-26],[4,-27],[8,13],[2,46],[4,-38],[3,0],[1,-6],[0,-19],[0,-12],[15,-6],[17,-1],[-1,9],[-12,79],[-8,61],[-1,20],[0,17],[28,-2],[20,-16],[1,93]],[[284206,564945],[37,1],[0,34],[12,-2],[1,39],[47,8],[1,34],[4,8],[10,0],[-3,43],[-2,1],[1,43],[9,5],[9,0],[8,-15],[4,0],[4,-14],[2,22],[1,42],[14,-2],[0,-10],[11,-5],[0,-73],[-1,-34],[5,-1],[13,29],[5,20],[15,15],[2,17],[9,2],[-4,41],[9,0],[4,35],[3,7],[23,0],[2,-14],[-2,-20],[3,-10],[-4,-33],[-8,7],[-4,-15],[-1,-22],[-11,-29],[0,-16],[-15,-2],[-8,-23],[-8,-2],[-5,-14],[-4,-22],[-8,11],[2,-22],[5,-13],[-1,-17],[-6,-21],[7,-8],[6,-22],[0,-8],[-6,12],[-4,-1],[4,-18],[-2,-22],[-10,21],[-3,14],[-11,-18],[1,-17],[-5,-18],[-9,17],[6,-54],[-6,-7],[-6,4],[-5,-8],[-6,-45],[-1,-17],[-10,-17],[62,-44],[12,-25],[1,4],[12,0],[5,-12],[4,-19],[-4,-13],[0,-20],[-5,-13],[3,-13],[3,-52],[10,1],[5,16],[7,-10],[7,-18],[6,0]],[[284454,564528],[-24,-218],[0,-5],[55,-1],[0,-133],[13,-14],[7,-24],[8,-10],[14,-33],[1,-9],[5,-98],[-8,21],[-6,-10],[-3,-32],[-6,-4],[-3,-13],[-8,3],[-13,-13],[-3,-15],[6,-16],[2,-31],[-7,8],[-3,-20],[-5,6],[-7,-22],[-4,-24],[-7,6],[2,-16],[-4,-12],[1,-12],[-3,-17],[1,-18],[-3,-36],[-4,-10],[-8,-76],[-5,-24],[1,-13],[-6,-17],[-1,-18],[22,-33]],[[284451,563525],[-14,16],[-42,77],[-10,25],[-7,27],[-4,22],[-8,55],[-2,-23],[-6,-26],[-9,-20],[-4,-22],[-3,-6],[-7,-35],[-9,3],[0,-37],[14,0],[0,-84],[-18,1],[-4,-7],[1,-3],[2,-15],[12,-51],[2,-22],[-1,-32],[-5,-37],[11,-3],[4,-20],[8,-26],[2,-24],[7,-31],[2,-42],[7,-43],[-1,-47],[-1,-55],[-6,-17],[-5,-50],[1,-26],[-4,3],[-12,-16],[-4,6],[-10,1],[-8,6],[-9,-7],[-17,0],[1,-9],[-11,3],[0,-29]],[[284041,562919],[-17,-33],[-1,28],[3,48],[5,11],[-6,21],[-12,26],[-10,15],[-8,0],[-3,-4],[-4,-25],[3,-18],[-1,-22],[-4,-1],[-3,-10],[0,-35],[-10,-25],[-7,16],[-3,-5],[-8,-35],[-3,-17],[2,-22],[-2,-9],[3,-16],[-7,-2],[-3,-8],[-7,2],[-6,-19],[-6,-7],[-3,16],[-3,-1],[-5,15],[-6,-13],[-5,10],[-6,22],[-8,6],[-5,-17],[-9,-16],[-2,-13],[-2,3],[2,49],[4,13],[-2,24],[10,9],[4,17],[-5,26],[-1,41],[5,32],[-1,64],[-3,12],[-6,2],[-7,22],[-3,22],[-7,2],[3,41],[7,13],[12,38],[8,40],[-35,2],[-3,12],[-15,-7],[1,165]],[[289753,550670],[78,-195],[13,42],[2,14],[7,95],[1,31],[6,-2],[2,-17],[18,57],[-4,-4],[-6,27],[4,9],[3,6],[5,9],[4,-18],[3,-16],[4,-2],[35,6],[5,-41],[1,-45],[3,-7],[17,26],[14,5],[16,-57],[3,-23],[2,43],[-8,32],[3,-1],[4,-4],[5,14],[5,-16],[24,-21],[21,-71],[6,19],[8,-2],[13,41]],[[290070,550604],[8,-26],[14,9],[30,33],[21,-69],[14,42],[-3,-41],[-7,-42],[-1,-24],[-6,-9],[-15,-5],[-22,-19],[-7,1],[-14,14],[-10,2],[3,-34],[0,-31],[3,-38],[7,-42],[8,-10],[16,-44],[4,-17],[8,-57],[2,-35],[10,-28],[6,-11],[14,-7],[10,-15],[6,-17],[8,-8],[-7,-39],[-22,-49],[-7,2],[-6,-14],[2,-35],[-2,-13],[0,-62],[-4,-21],[0,-30],[2,-7],[-3,-24],[-5,-15],[10,-38],[1,-12],[9,-6],[2,-8],[36,-55],[11,-2],[5,-17],[4,-1],[15,-36],[3,-17],[8,-15],[13,-9],[12,-21],[10,-4],[5,-11],[-11,-28],[-18,-35],[-16,-3],[9,-20],[40,-104],[106,-261],[4,3],[10,-6],[21,2],[14,-4],[16,-52],[12,-13]],[[290456,548996],[-75,-118],[-162,-285]],[[290219,548593],[-7,57],[-38,122],[-19,-31],[-19,44],[-11,17],[2,34],[-2,23],[-10,29],[-12,14],[-7,18],[-12,-9],[-10,0],[-6,13],[14,41],[5,22],[8,28],[5,10],[9,31],[2,15],[12,47],[3,22],[4,14],[-1,12],[5,16],[-41,109],[-14,44],[-10,-13],[-20,-5],[-6,13],[-2,17],[-14,15],[-8,33],[-5,9],[-11,44],[-4,10],[-13,16],[-19,-8],[-17,2],[-5,7],[-12,2],[-9,-9],[-14,-6],[-11,-16],[-3,27],[5,42],[9,28],[-8,-2],[-15,1],[-14,-16],[-7,-19],[-10,-43],[-11,-4],[-7,-7],[-7,-20],[-4,-49],[-14,-20],[-14,-38],[-8,-28],[1,-39],[-3,-26],[18,-6],[24,-20],[-9,-33],[-2,-49],[3,-30],[0,-37],[-1,-15],[-7,-25],[-19,40],[-6,22],[-20,16],[-11,-4],[-13,19],[-13,3],[-10,-12],[-4,-10],[-4,14],[-7,41],[-4,-11],[-19,-61]],[[292512,556333],[10,29],[62,166]],[[291197,573914],[-7,10],[-5,50],[-8,33],[-8,-26],[-15,-9],[-3,7],[0,49],[-23,3],[1,10],[-7,4],[0,12],[5,-4],[-1,25],[-2,78],[-2,15],[-11,-2],[-6,4],[1,24],[-5,38],[-21,-24],[11,49],[9,30],[0,92],[-4,16],[-7,14],[-6,0],[-9,-15],[-3,8],[-6,-15],[-3,20],[-4,3],[-17,-59],[-2,-1],[-7,29],[-1,20],[-12,35],[3,26],[-5,23],[3,34],[0,24],[3,-2],[-2,43],[-3,16],[1,36],[-4,44],[5,58],[-4,10]],[[291016,574749],[0,88],[-1,13],[-1,5],[-4,14],[13,17],[-2,17],[19,-36],[12,2],[11,-9],[10,38],[17,10],[44,-78],[4,41],[1,8],[9,35],[0,22],[4,3],[5,35],[6,7],[14,7],[9,-3],[14,-38],[9,-10],[8,5],[15,-3],[2,26],[7,11],[6,-16],[2,7],[-1,8],[1,27],[-10,2],[-5,44],[0,24],[-4,26],[0,19],[-3,13],[-8,16],[-11,15],[-4,-12],[-6,12],[-7,-9],[-5,5],[-6,16],[0,17],[-11,18],[-15,-18],[-12,46],[-6,-4],[-8,-21],[-9,25],[4,6],[-6,18],[-27,17],[-4,-25],[-18,-15],[-19,6],[-7,25],[-3,46],[1,18],[5,24],[8,22],[4,-1],[7,15],[22,84],[-3,19],[-19,64],[5,9],[2,48],[13,13],[1,7],[-10,8],[50,109],[3,-44],[20,13],[2,-14],[11,34],[12,3],[2,-30],[8,21],[27,13],[28,23],[-4,35],[28,52],[1,6],[-6,13],[-4,17],[-2,36],[-3,18],[-5,6],[-14,12],[-4,34],[-6,1],[-7,63],[-1,15],[-9,13],[-2,27],[3,38],[3,14],[9,12],[0,-10],[6,20],[7,-4],[0,18],[-5,39],[7,28],[40,-47],[-1,18],[-4,5],[-2,20],[-5,14],[-1,27],[-5,19],[0,24],[-4,25],[0,37],[7,32],[8,17],[-2,16],[-2,34],[-2,28],[-5,33],[-19,30],[-7,45],[-5,14],[-1,27],[-3,31],[-11,52]],[[286519,567319],[2,-27],[1,-64],[-8,-79],[-2,-11],[4,-3],[14,-29],[0,1],[4,0],[2,3],[4,-2],[2,-6],[1,-9],[0,-6],[2,-6],[-1,-5],[4,-9]],[[286548,567067],[-2,-7],[5,-30],[8,-13],[0,-54],[-6,-2],[-3,-32]],[[286297,566182],[-3,-6],[-17,-10],[0,30],[-4,8],[-10,-8],[-41,1],[0,-40],[-2,0],[-1,2],[-1,-9],[-6,-15],[0,18],[-14,24],[-6,17],[-23,30],[0,19],[-19,7],[0,25],[5,12],[-13,1],[0,31],[-18,-3],[1,-16],[1,-12],[14,-68],[-3,-25],[-7,-31],[-1,-18],[-8,-12],[-7,-35],[-3,-27],[-7,-84],[-5,-10],[-5,1],[0,17],[-3,-9],[-7,1],[1,38],[-14,3],[0,58],[7,46],[-6,54],[13,-14],[20,55],[2,33],[7,4],[0,23],[5,1],[-2,23],[1,18],[6,0],[-3,54],[-1,6],[-16,27],[-7,-79],[-2,-11],[0,-6],[-2,-23],[-1,-7],[-19,-4],[2,6],[-2,24],[-2,-4],[-9,-23],[-7,8],[0,-16],[-3,-15],[-14,-9],[-8,-15],[1,72],[-18,0],[0,-1],[4,-39],[-1,-65],[-5,-33],[0,-20],[-17,50],[-5,0],[5,-5],[2,-6],[-3,-22],[-31,-19],[-1,0],[-2,-10],[-12,17],[0,-102],[-9,0],[-14,-33],[0,4],[-3,33],[-9,49],[-5,11],[0,28],[-8,-11],[-1,-5],[-10,8],[-8,15],[-1,53],[-4,13],[-4,-7],[-1,-33],[-5,3],[-7,-25],[-1,-7],[2,-13],[-1,-7],[-8,-2],[-7,-27],[-3,-2],[-4,8],[0,-43],[5,3],[0,17],[10,-1],[0,-55],[-6,-12],[-3,26],[-5,-1],[4,-15],[1,-17],[-7,-10],[-1,2],[-10,17],[-2,-4],[-5,10],[-8,20],[-4,9]],[[283685,559861],[5,14],[4,33],[11,0],[0,33],[26,-1],[-2,8],[2,37],[-7,0],[-1,51],[5,54],[-4,-1],[-3,-13],[-5,0],[-1,-13],[-14,-1],[0,-20],[-6,-1],[-3,15],[-1,44],[0,21],[6,48],[4,4],[7,-4],[12,9],[0,18],[4,-3],[5,35],[1,47],[4,11],[6,57],[10,6],[4,9],[3,38],[13,15],[3,18],[-1,33],[2,16],[6,-1],[4,26],[9,8],[11,-5],[9,54]],[[284172,560386],[4,-19],[0,-74],[-10,0],[-2,-29],[-9,0],[-3,0],[-10,-97],[-1,-10],[33,8],[-4,-45],[-6,-44],[-8,-22],[-2,-30],[-9,19],[-11,12],[-21,-1],[-15,-59],[-21,-62],[-9,-19],[-3,-17],[24,-39],[16,-27],[24,-69],[9,-16],[18,-14],[7,-16],[10,-44],[5,-54],[0,-126],[0,-71],[-1,-1],[-3,-25],[1,-5],[-4,-15],[1,-2],[-16,-44],[-10,-28],[-16,-60],[-14,-34],[-9,-9],[-4,-3],[-23,-1],[-1,-37],[5,-4],[3,-33],[-8,1],[0,-27],[2,0],[0,-2],[-2,0],[-1,-11],[0,-7],[0,-15],[0,-18],[0,-2],[5,-7],[5,-19],[-3,-3],[1,-8],[-8,-6],[0,11],[-2,-153],[0,-12],[-1,-32],[-4,-54],[-9,-103],[-2,-52],[-1,-23],[-7,-50],[-30,-131],[-14,-43]],[[284008,558354],[-2,7],[-8,-6],[0,43],[6,-2],[0,43],[-29,1],[-9,-46],[-3,2],[-3,-8],[-9,17],[-12,26],[-18,22],[-14,-9],[-14,11],[0,-32],[-4,-63],[-4,-36],[-8,-54],[-4,10],[-8,7],[-16,-14],[-17,-3],[-3,-24],[-17,-29],[-13,-18],[0,-30],[-3,-10],[-31,0],[-1,-60],[-25,18],[-2,-10]],[[283737,558107],[-4,0],[-1,-33],[-25,6],[0,10],[-9,1],[0,51],[-18,4],[5,3],[2,10],[-3,26],[3,33],[5,0],[0,88],[15,0],[1,43],[5,-18],[6,-6],[7,4],[-1,22],[-17,2],[0,31],[7,0],[0,24],[16,0],[2,23],[-4,-5],[-5,8],[-7,25],[-11,23],[-8,-1],[5,29],[-1,41],[-15,3],[-3,8],[-1,19],[3,38],[4,22],[7,1],[3,8],[-6,28],[-10,64],[4,23],[-2,61],[4,32],[-9,-12],[1,120],[-2,-10],[-6,3],[-13,-4],[-5,-14],[-8,-39],[-7,-20],[-14,-16],[-6,2],[5,39],[0,32],[-3,10],[-4,29],[7,38],[-2,59],[6,16],[5,31],[3,50],[6,44],[0,51],[-7,-7],[0,52],[8,73],[21,31],[0,34],[-18,29],[-18,7],[-12,13],[-7,13],[0,3],[-3,1],[0,50],[1,10],[15,15],[6,13],[8,6],[18,32],[1,37],[5,22],[-1,15],[7,11],[1,20],[-9,14],[3,31],[13,22],[7,2],[-3,7],[5,38]],[[285355,578506],[2,-5],[12,-70]],[[285369,578431],[-19,-32],[-5,-17],[2,-6],[20,-25],[4,-22],[-1,-14],[-7,-14],[-18,-6],[-5,14],[-22,32],[-8,-35],[-14,-79],[-7,-16],[-2,7],[-6,-14],[-3,11],[-3,-14],[-9,23],[-12,17],[-5,-37],[-10,23],[-8,-12],[-12,-3],[-5,-24],[-10,8],[-5,-27]],[[285199,578169],[-20,27],[-3,21],[3,25],[5,4],[-2,20],[5,4],[-5,11],[-3,18],[2,11],[5,5],[10,-17],[2,-14],[8,1],[2,15],[-8,29],[-51,-14],[-12,12],[-5,0],[9,63],[-2,9],[-11,7],[-3,0],[-9,-18],[-6,-3],[-9,13],[-9,26],[-10,38],[-12,7],[-11,3],[-19,26],[-2,-29],[-5,-12],[1,29],[-10,22],[-5,18],[9,10],[11,-5],[0,21],[-6,1],[1,34],[7,-11],[-2,16],[-4,5],[11,14],[4,15],[-1,14],[10,95],[4,10],[7,37],[-11,13],[0,16],[-7,5],[-21,0]],[[285031,578816],[-7,9],[-17,39],[-4,-11],[-6,-6],[10,71],[6,-7],[2,11],[12,-15],[6,47],[4,15],[7,-5],[3,24],[-3,4],[2,31],[-19,27],[-4,-27],[-4,17],[-2,29],[4,16],[-11,15],[15,44],[4,20],[-7,2],[-14,-13],[-7,6],[-15,28],[3,15],[9,59],[-5,13],[-2,-14],[-5,9],[-9,-46],[-10,24],[1,8],[-10,20],[-11,10],[4,15],[-3,24],[-9,11],[-13,-2],[-5,12],[-17,20],[-2,-11],[-4,-10],[-2,-1],[-7,11],[2,14],[1,10],[-11,13],[-9,10],[-2,26],[10,86],[-6,-10],[-4,3],[3,-19],[-6,-59],[2,-5],[-6,-17],[-8,0],[-6,6],[-7,25],[-11,-20],[0,-60],[4,-19],[-8,-26],[5,-55],[3,9],[3,-15],[2,5],[-15,-37],[-4,-3],[-16,-40],[-21,-38],[-5,-19],[-11,-69],[6,-13],[10,1],[-13,-88],[-10,11],[-1,-20],[-8,-19],[-8,-53],[-4,-27],[-9,-65],[-16,19],[-2,-11],[-3,-12],[-2,-72],[-4,7],[-4,26],[7,8],[-5,28],[-7,16],[1,12],[3,17],[4,-15],[4,-2],[1,21],[5,0],[5,11],[1,11],[-3,27],[4,12],[-5,21],[13,2],[3,20],[5,9],[-1,16],[3,9],[-10,5],[-3,31],[-8,16],[-11,54],[-3,31],[-3,4],[-3,-25],[-48,65]],[[284649,579138],[6,40],[-13,16],[6,39],[6,-7],[6,41],[-5,17],[4,16],[-2,11],[-11,16],[36,246],[9,-13],[4,26],[13,73],[13,-17],[6,37],[9,-11],[2,17],[12,-36],[7,-7],[9,17],[11,-12],[4,1],[-19,42],[-1,19],[7,16],[7,21],[5,34],[3,32],[1,38],[-2,45],[-6,100],[-2,33],[-6,37]],[[291944,572227],[0,1]],[[291806,572381],[-5,26],[-7,3],[-19,51],[2,18],[-14,-18]],[[287833,577568],[15,35],[5,23]],[[287853,577626],[10,24],[9,16],[15,3],[5,17],[9,15],[6,-8],[10,-6],[2,3],[5,-13],[1,-14],[7,2],[17,-9],[5,2],[6,-12],[3,0],[7,-4],[6,5],[6,14],[7,9],[11,2],[3,10],[2,16],[8,9],[5,-3],[6,6],[5,-3],[7,6],[8,37],[10,-11],[14,15],[6,-7],[8,7],[5,14],[8,6],[1,13],[6,24],[6,12],[3,18],[16,13],[6,-17],[3,-1],[12,15],[5,-2],[7,10],[3,-2],[5,24],[6,18],[9,4],[4,-9],[8,4],[11,-16],[5,-14],[3,-24],[5,-2]],[[288219,577842],[7,-16],[4,-20],[2,-15],[5,-9],[6,-34],[5,-10],[6,-21],[16,49],[3,21],[6,14],[6,20],[7,13],[11,-5],[11,-20],[7,4],[19,-10],[0,10],[13,24],[5,5],[3,-10],[16,-12],[3,31],[6,12],[2,-10],[8,2],[10,-18],[5,13],[9,5],[8,-20],[5,-21],[1,-21],[3,-15],[6,-5],[8,23],[6,8],[6,21],[0,22],[-2,20],[1,26],[10,-26],[9,-13],[3,-31],[13,-17],[2,-11],[0,-20],[-4,-30],[13,-28],[-2,-10],[-8,-21],[-2,-20],[-4,-5],[-10,2],[-12,-6],[0,-13],[7,-17],[1,-23],[9,0]],[[288840,576434],[3,-26],[8,-39],[7,-19],[4,-25],[5,-10],[7,-27],[17,-53],[-1,-56],[-3,-15],[-5,-8],[-9,-26],[9,-20],[7,-45],[1,-9],[-3,-44],[7,-30],[4,1],[7,30],[0,25],[7,20],[2,13],[9,10],[5,-1],[7,-35],[8,-15],[4,5],[5,-4],[5,10],[4,-14],[6,-2],[11,-16],[9,-3],[11,1],[5,-21],[7,-40]],[[288781,575934],[-2,0],[-130,-2],[-64,-2],[0,-63],[-305,9],[-97,3],[-127,-3],[-29,0]],[[288027,575876],[-82,-2],[-14,0],[-85,1]],[[287846,575875],[-2,40],[-3,95],[-4,40],[-7,43],[-9,45],[-3,18],[-12,35],[10,29],[6,0],[-2,12],[-19,65],[-6,-87],[-57,98],[-2,10],[-14,72]],[[287722,576390],[-3,22],[-12,48],[-22,70],[1,32],[2,42],[5,2],[10,19],[-5,57],[-4,4],[-7,25],[-7,7],[-9,-18],[-10,6],[-1,8],[-7,34],[-12,10],[-3,12],[-4,35]],[[290825,576676],[0,0],[1,0]],[[290826,576676],[187,183]],[[291013,576859],[79,77],[5,5],[68,73],[14,7]],[[291179,577021],[7,-12],[8,-12],[7,-26],[-3,-52],[-1,-5],[-5,-32],[-2,-17],[0,-21],[-2,-16],[-4,-26],[14,-31],[8,5]],[[291016,574749],[-2,-23],[-12,-45],[-16,-49],[-6,-34],[-7,5],[-9,33],[-10,7],[-6,15],[-2,7],[-2,2],[-2,-4],[-5,-13],[-14,-9],[-7,-15],[-5,-30],[-4,-10],[-13,-17],[-9,-7],[-24,-14],[-9,-12],[-7,-35],[4,-57],[-3,-35],[-10,-36],[-20,-42]],[[290816,574331],[-2,23],[-11,26],[8,64],[-7,32],[-2,45],[0,52],[-2,34],[-3,89],[0,31],[-4,15],[-4,52],[4,12],[6,0],[14,-7],[2,18],[-6,14],[2,19],[6,24],[0,9],[-10,24],[-5,8],[-3,16],[2,46],[12,49],[-2,10],[-8,13],[-11,27],[-2,28],[8,20],[8,37],[-2,20],[-7,27],[1,23],[9,34],[-2,19],[-3,13],[-13,30],[-7,21],[-6,42],[-7,16],[2,21],[12,23],[6,22],[1,18],[-6,18],[-19,32],[-7,14],[-1,26],[3,32],[0,32],[7,36],[1,20],[-6,11],[-21,14],[-15,29],[-14,-5],[-8,18],[-6,33],[0,16],[4,38],[-2,5],[-12,0],[-5,18],[0,11],[10,0],[4,12],[-2,14],[-7,4],[-1,8],[8,12],[5,35],[6,6],[6,19],[-2,32],[5,20],[4,36],[9,9],[0,12],[-5,14],[1,10],[4,4],[8,-4],[15,-16],[10,-22],[8,27],[10,6],[1,7],[-3,39],[-10,9],[-12,18],[-2,7],[1,11],[7,0],[3,10],[-11,32],[-1,7],[10,13],[3,13],[-1,17],[3,18],[-6,38],[3,7],[11,-5],[-14,76],[12,20],[5,24],[9,20],[7,-7],[8,13],[-2,19],[3,13],[5,2],[-2,21],[-6,13],[0,10],[7,10],[5,-9],[9,6],[1,23],[3,10],[-1,15],[2,13],[-1,17]],[[280246,560778],[0,-11],[8,4],[4,-36],[5,-6],[2,-20],[8,-12],[7,6],[8,-22]],[[279836,565412],[27,-12],[0,-58],[14,-11],[1,-22],[0,-86],[0,-37],[-14,-8],[0,-26],[0,-45],[-1,-45],[-2,-8]],[[284051,577669],[5,0],[3,-23],[3,-34],[-1,-27],[-8,13],[1,10],[-1,40],[-2,21]],[[283939,576841],[13,29],[9,15],[8,10],[9,9],[9,9],[1,7],[5,19],[7,15],[7,31],[11,27],[5,30],[4,44],[-1,39],[-3,53],[-6,33],[-3,5],[-3,8],[-8,18],[-13,13],[-12,0],[-12,-12],[-5,34],[-9,31],[-12,7]],[[283940,577315],[0,25],[4,1],[17,-31],[14,104],[-2,17],[-5,6],[-3,9],[-3,19],[-3,54],[-3,26],[-1,11],[-1,13],[58,109],[14,-9],[10,-32],[-9,-140],[8,-11],[8,2],[2,12],[6,10],[8,32],[7,45],[1,15],[-1,26],[-9,53],[-1,21],[10,12],[11,22],[0,7],[-3,25],[0,25],[-1,16],[-8,2],[4,33],[-3,16],[1,11],[6,-8],[17,-21],[7,12],[0,30],[8,7],[10,-12],[4,-20],[-2,28],[-5,13],[-3,-4],[-9,8],[-1,16],[4,8],[5,34],[0,18],[6,45],[12,-16],[1,28],[10,50],[6,32],[-2,11],[-7,10],[-21,27],[-1,5],[10,17],[5,7],[19,-30],[9,66],[2,-1],[2,15],[1,17],[-1,11],[1,5],[3,16],[11,-17],[7,27],[14,-20],[4,29],[-25,36],[8,37],[-9,12],[-19,-90],[-5,34],[-1,15],[3,88],[-1,23],[0,37],[4,46],[-1,22],[2,24],[-3,22],[12,81],[-22,33],[22,145],[1,20],[7,48]],[[284172,578947],[15,-27],[9,-19],[2,9],[-1,-7],[9,-6],[-2,-19],[11,-13],[6,36],[6,-7],[5,34]],[[284232,578928],[31,-43],[5,-19],[1,10],[10,-15],[-7,-31],[3,-6],[-2,-26],[3,-34],[-7,-16],[-2,-36],[1,-70],[-10,-60],[4,-4],[-1,-25],[3,-37],[6,8],[8,23],[5,38],[-1,10],[9,49],[3,5],[10,41],[9,8],[13,48],[14,-39],[-4,-16],[18,-38],[7,49],[13,-20]],[[284374,578682],[-2,-25]],[[284372,578657],[0,-26],[-4,-12],[-2,-33],[-8,-24],[-1,-13],[-6,-20],[-6,-32],[-7,-48],[-1,-17],[-14,-56],[-8,14],[-5,2],[-13,-81],[-3,-44],[-7,-40],[-3,-30],[-4,-32],[-2,-46],[-1,-49],[-2,-10],[8,-5],[7,-1],[2,-9],[-4,-22],[0,-16],[-3,-17],[1,-18],[-2,-43],[-3,-22],[-3,-5],[-1,-37],[-4,-15],[-8,-19],[3,-31],[-5,-9],[-5,7],[-3,-12],[0,-28],[-7,-4],[-14,9],[-6,-72],[0,-38],[-4,-42],[0,-49],[2,-23],[-1,-21],[2,-14],[6,-22],[30,-204],[-2,-19],[-20,19],[-4,-31],[-10,3],[-6,-65],[-13,-5],[-3,-60],[-8,-43],[-20,-137],[19,18],[20,45],[2,-18],[13,21],[1,-10],[-5,-4],[-12,-29],[-13,-18],[3,-16],[0,-7],[-4,-26],[3,-16],[12,-22],[38,-53],[-7,-52],[4,-7],[-1,-14],[9,-26],[-1,-6],[-9,13],[-5,-35],[-12,22],[1,-6],[-6,-38]],[[284227,576656],[-11,-66],[-2,-10],[-20,29],[-10,3],[9,-39],[-4,12],[6,-24],[4,-22],[17,-122],[-6,-17],[1,-31],[1,-6],[-11,-44],[-6,1],[-6,-44],[2,-7],[7,5],[0,-39],[9,-14],[-3,-3],[-21,23],[-8,-9],[2,28],[-6,7],[0,-12],[-11,2],[-10,13],[-2,-21],[-11,7],[-7,-46],[-3,9],[-8,-21],[-5,-34],[-6,1],[-12,17],[-13,-88],[-15,-105],[6,-8],[-6,-40],[6,-19],[8,-19],[18,-19],[5,-3],[1,-13]],[[283940,575864],[4,21],[7,13],[-4,48],[19,-31],[5,20],[18,-21],[6,25],[2,25],[4,10],[2,22],[8,27],[2,62],[5,20],[7,18],[3,63],[-3,5],[2,20],[-11,23],[-1,32],[3,27],[20,-28],[3,22],[-6,6],[-7,62],[-22,32],[2,12],[-11,27],[0,16],[1,4],[1,15],[6,22],[-10,28],[1,18],[-14,-6],[-20,27],[-2,-7],[-12,-18],[6,46],[-8,11],[4,36],[2,9],[-11,15],[5,31],[-8,12],[0,55],[4,33],[-9,37],[-16,-38],[-1,-7],[-5,-45],[-1,-8],[-4,-5],[-6,7],[21,86],[17,40],[1,1]],[[284139,576518],[1,-10],[7,-5],[2,32],[-6,12],[8,23],[3,27],[4,-3],[1,13],[-4,6],[-4,20],[-3,-4],[-9,-46],[2,-36],[-2,-26],[0,-3]],[[285142,577376],[9,56],[13,89],[7,46],[18,124],[2,-2],[15,14],[6,-8],[11,78],[4,26]],[[285227,577799],[11,-15],[-4,-27],[4,-6],[1,-28],[11,-24],[11,-4],[5,-45],[0,-27],[2,-39],[0,-2],[6,-1],[2,3],[2,53],[4,7],[6,-24],[8,-14],[12,-8],[22,-100],[1,-19],[-3,-22],[-5,-13],[-9,-30],[-2,-38],[4,-51],[1,-28],[3,-11],[11,-15],[5,-15],[14,-10],[4,-18],[15,-39],[2,-18],[11,-26],[16,-17],[13,1],[6,29],[18,25],[9,2],[17,-27],[6,-5]],[[285467,577153],[3,-37],[-14,19],[-6,-5],[-6,-22],[-1,9],[1,26],[-2,9],[-3,-16],[2,-27],[-3,14],[-2,-15],[-3,17],[3,6],[-2,20],[-12,-9],[5,2],[7,-14],[-4,-4],[-2,-17],[-1,-15],[-4,22],[-5,-11],[5,-6],[0,-19],[6,-1],[-5,-15],[4,-18],[0,20],[3,-17],[4,18],[4,1],[3,16],[7,-2],[5,14],[-1,-21],[2,-12],[8,4],[-9,-10],[0,-27],[4,-9],[0,-30],[-3,-30],[11,-49],[1,-15],[0,27],[-3,17],[13,-18],[0,17],[7,3],[-6,14],[-1,17],[4,8],[2,-24],[5,16],[7,-7],[6,-31],[0,-39],[9,-11],[14,15],[3,13],[0,28],[3,11],[-4,20],[4,18],[-5,44],[-4,14],[6,-2],[11,10],[0,20],[7,26],[6,42],[5,-16],[3,16],[6,0],[9,39],[0,12],[6,17],[6,-20],[-3,24],[4,21],[3,-18],[4,25],[7,7],[6,-4],[2,-45],[-1,-97],[3,-22],[-3,-12],[8,-17],[-5,-16],[0,-24],[-5,-19],[-3,-19],[0,-17],[-4,-19],[1,-27],[-5,-37],[-5,-40],[1,-14],[-8,-18],[-1,-13],[-5,-5],[2,-24],[-7,16],[-1,-25],[2,-10],[-2,-40],[-3,-20],[1,-21],[-3,-59],[-4,-17],[4,-11],[4,4],[-1,-27],[6,-17],[9,2],[1,-40],[5,-3],[6,20],[5,0],[5,16],[3,-14],[-4,-20],[3,-27],[19,-29],[4,13],[12,9],[8,-51],[6,-29]],[[285657,576383],[-5,11],[-3,-35],[-2,8],[-3,-18],[-6,3],[-9,-5],[-4,-25],[0,-20],[-6,-11],[-4,2],[-4,-25],[-5,11],[-10,-2]],[[285596,576277],[-7,12],[-7,-15],[-4,-15],[-8,-9],[-2,15],[-7,-2],[-3,23],[-13,6],[-4,-18],[-2,4],[0,15],[-5,-4],[3,32],[5,43],[1,21],[5,28],[-2,35],[6,33],[-8,-12],[-10,-22],[3,31],[-4,19],[-13,19],[-6,22],[-2,23],[-4,12],[-5,-21],[-2,-26],[-9,-12],[-12,7],[-8,-5],[-6,-14],[-16,34],[-2,-1],[-6,19],[1,13],[-1,9],[0,8],[-4,15],[-11,17],[3,23],[-3,28],[-4,17],[3,26],[4,15],[3,32],[-3,6],[-4,21],[3,26],[-6,17],[-7,-10],[-1,-15],[-8,5],[-4,-16],[-5,1],[-6,17],[-8,-32],[-8,-9],[-12,-25],[16,-25],[-1,-29],[7,11],[6,-20],[-1,-10],[5,-1],[-9,-15],[-8,11],[-6,-13],[-1,20],[-2,-21],[-2,17],[-10,7],[-9,-2],[-10,14],[-5,12],[-2,47],[1,56],[3,48],[-1,7],[-5,-41],[-14,-87],[2,-19],[-3,-65],[-5,-14],[-7,10],[4,24],[-9,23],[-19,39],[-1,31],[-3,5],[-3,32],[-3,7],[5,45],[-11,-1],[6,29],[3,64],[2,18],[-9,5],[-5,-6],[1,12],[-3,5],[4,29],[3,-4],[8,48],[-24,36],[-7,-41],[-24,31],[-5,-21],[-6,12],[-3,-12],[-3,5],[-7,-22],[-4,7],[-10,33],[-6,11],[-7,6],[-4,18],[-3,22],[-6,0],[-4,19],[-1,-17],[-3,7],[-4,0],[-2,14],[8,42],[-3,21],[-8,2],[-5,13],[-14,-15],[24,159]],[[290826,576676],[11,58],[5,3],[4,17],[12,61],[2,21],[0,14],[-2,18],[5,7],[0,13],[-6,15],[-6,6],[-19,31],[-4,4],[-7,30],[-5,8],[2,18],[-6,17]],[[284621,567801],[33,-3],[0,-14],[8,-33],[9,-28],[7,12],[6,-2],[9,32],[14,-76]],[[285114,565412],[-12,-17],[-12,-32],[-13,-23],[-5,7],[2,12],[-8,21],[-12,12],[-9,-9],[-1,-30],[3,-14],[4,-1],[2,-21],[-15,0],[-1,50],[-6,21],[0,11],[-3,-9],[-2,-5],[-3,-4],[0,-1],[0,-7],[0,-5],[-1,-3],[-2,-1],[-1,-2],[-1,-4],[-6,0],[0,-40],[-12,0]],[[285000,565318],[-95,0],[-69,1],[-3,-12],[5,-73],[-2,-22],[-5,36],[-5,0],[0,23],[-32,-1],[0,21],[-6,-7],[-2,23],[-47,-1],[-10,2],[1,11],[-52,0],[-45,-1]],[[284633,565318],[-1,19],[4,14],[-1,18],[7,21],[-1,19],[5,11],[-33,112],[1,35],[0,67],[-4,-6],[-28,-26],[-18,-22],[-3,23],[-1,19],[-2,47],[-25,-23],[2,38],[-1,37],[-7,13],[-12,-1],[-8,9],[-7,30],[-18,-6],[-14,-5],[-25,-9],[1,210],[5,0],[1,-24],[13,-1],[1,29]],[[284730,553823],[17,-26],[5,-19],[9,-9],[7,-26],[2,-46],[7,-36],[1,-18],[13,-22],[19,-46],[4,-3],[22,-3],[7,-3],[20,-38],[16,-16],[7,-3],[21,3],[13,-24],[12,-12],[27,-3],[0,-97],[2,-23],[7,-9],[0,-76],[9,-40],[0,-31],[2,-17],[20,-1],[8,0],[2,37],[4,26],[1,28],[4,27],[4,16],[1,34],[8,55],[0,69],[-9,43],[-10,53],[-13,53],[1,18],[0,26],[-7,1],[1,27],[-1,14],[0,54],[-35,2],[1,49],[-10,25],[-8,-6],[-7,-14],[-8,7],[-13,72],[-5,16],[-7,51],[-2,61],[8,7],[0,14],[7,10],[0,24],[-8,0],[0,24],[8,0],[0,34],[15,4],[0,9],[15,0],[0,-97],[16,6],[10,17],[0,26],[4,7],[0,41],[19,-1],[3,12],[8,1],[1,46],[9,5],[-8,-43],[-1,-14],[6,-6],[18,-56],[8,1],[6,22],[11,11],[9,-19],[9,15],[1,21],[-1,3],[0,34],[-6,20],[-8,-3],[-17,17],[-5,14],[-19,1],[3,10],[-1,39],[-4,34],[0,31],[1,8],[20,22],[3,12],[-4,13],[0,37],[-91,0],[1,27],[-15,17],[-20,1],[-3,18],[-13,6],[2,11],[-1,16]],[[284895,554532],[10,-1],[6,-7],[10,-3],[11,13],[9,15],[5,3],[14,-6],[11,-10],[17,5],[12,0],[17,42],[3,17],[1,22],[4,-8],[7,-7],[4,-2],[10,-1]],[[285046,554604],[0,-77],[19,0],[0,-12],[33,0],[0,-47],[15,0],[0,-48],[5,0],[3,13],[6,-16],[5,3],[2,-11],[5,-28],[8,5],[1,-16],[22,0],[0,-49],[30,0],[2,-46],[-1,-14],[5,-22],[9,-51],[9,8],[2,-21],[5,15],[3,-4],[5,-36],[6,7],[5,7],[-4,7],[1,19],[-3,11],[2,18],[14,46],[6,22],[4,34],[-4,34],[-2,74],[-1,38],[8,-4],[16,4],[9,-8],[4,-9],[12,-13]],[[285520,553604],[-14,-38],[-10,-29],[-2,9],[-13,-3],[-6,5],[-7,21],[-4,22],[-5,5],[-11,-10],[-4,-17],[-9,-20],[-8,20],[0,-51],[3,-50],[-1,-39],[-1,-12],[-6,-6],[0,-59],[11,0],[0,-20],[-5,-23],[-6,-16],[-5,-2],[-1,-24],[6,-12],[-1,-53],[6,-21],[10,-24],[12,-38],[14,-16],[3,-1],[9,15],[1,-6],[-5,-29],[1,-19],[6,-4],[3,-3],[-4,-21],[3,-28],[-1,-265],[-10,-25],[-5,-40],[0,-70],[-8,-29],[-7,-13],[-10,12],[-74,42],[-68,32],[1,-14],[-2,-48],[-4,-30],[4,-21],[1,-48],[-11,-45],[2,-25],[-4,-34],[0,-25],[-12,0],[-2,-57],[-3,3],[0,-63],[-1,-31],[1,-53],[3,-42],[9,-59],[-10,2],[-11,21],[1,-26],[-6,-7],[-5,11],[-1,9],[-9,7],[-9,-18],[1,-15],[-1,-48],[9,-48]],[[285238,551947],[-24,-19],[-10,-11],[-10,0],[-13,-13],[-4,6],[-6,19],[-4,3],[-28,2],[14,102],[5,107],[1,17],[10,57],[-18,-6],[-17,-1],[-12,10],[-22,0],[-5,-18],[-9,-16],[-5,-35],[0,-18],[-5,-41],[-5,-15],[-8,13],[-11,-5],[-7,-27],[1,-18],[-4,-25],[-6,-14],[-4,-1],[4,47],[1,41],[-3,2],[-24,-5],[-6,3],[-39,2],[-18,-75],[-26,70],[-2,8],[-3,33],[-9,48],[-5,-20],[-12,-5],[-4,-13],[-15,-30],[-8,2],[-4,-15],[16,-18],[12,-24],[23,-74]],[[284778,577966],[11,6],[4,1],[7,5],[9,16],[-1,24],[6,-6],[-1,-13],[7,5],[11,20],[7,-10],[10,88],[9,31],[10,56],[7,40],[13,74],[15,89],[12,-24],[4,24],[10,34],[8,41],[4,17],[6,-15],[11,13],[9,-3],[6,33],[9,-12],[28,228],[7,-10],[15,98]],[[285199,578169],[-1,-15],[5,4],[-1,-20],[-7,-26],[-1,-13],[-5,-5],[3,-17],[-2,-14],[-8,-10],[-1,-9],[9,-24],[10,-5],[7,14],[5,21],[-1,9],[7,20],[6,4],[4,-8],[7,10],[3,-47],[-1,-8],[0,-13],[-13,-85],[-9,-65],[12,-16],[8,-1],[-8,-51]],[[285142,577376],[-24,33],[-5,-38],[2,-4],[-6,-37],[-25,38],[-7,-44],[-11,-72],[-9,11],[-5,-39],[-6,8],[-6,-48],[-3,-25],[10,-7],[-3,-28],[3,-19],[0,-67],[-17,-107],[8,-30],[-8,-21],[-19,27],[-5,-34],[-10,-24],[-5,19],[-6,-38],[0,-25],[3,-20],[-5,-23],[6,-30],[1,-32],[-3,-29],[-5,-6],[-8,5],[4,-55],[7,-25],[3,-28],[-4,-22],[-8,-24],[2,-44],[4,-23],[8,-25],[7,8],[3,-11],[5,-35],[-1,-48],[2,-24],[-4,21],[-8,13],[-9,35],[-6,9],[-3,14],[-5,-22],[-5,-1],[-14,26],[-14,-98],[10,-58],[-12,-17],[5,-35],[-7,-23],[11,-19],[-3,-22],[7,-7],[-1,-20],[-5,3],[-7,-38],[-4,6],[-7,-34],[0,-20],[-6,-42],[-12,20],[-2,-28],[-6,-21],[0,-7],[1,-8],[13,-24],[-2,-18],[-9,-21]],[[284902,575878],[-4,-1],[-4,1]],[[284894,575878],[-1,0],[-20,2],[-10,1],[-11,-2],[-24,3],[-81,-3],[-1,0],[-9,1],[-79,0],[-15,1],[-122,0],[-26,0],[-1,0]],[[284494,575881],[-2,24],[4,12],[3,37],[-3,38],[3,10],[-1,23],[7,28],[2,22],[-3,7],[3,28],[-14,90],[3,9],[5,8],[9,-17],[3,-10],[1,32],[7,60],[3,37],[15,-17],[3,20],[5,-6],[17,109],[-3,4],[1,45],[-7,11],[2,19],[-4,3],[2,15],[-2,17],[7,-2],[3,30],[4,36],[5,-9],[31,194],[-5,9],[-7,10],[11,77],[12,-16],[12,76],[-12,17],[17,116],[3,-4],[6,37],[-3,4],[10,79],[13,-20],[7,49],[-18,25],[-9,15],[1,9],[-17,24],[3,19],[-9,12],[5,39],[9,-13],[12,76],[-9,25],[4,8],[-2,3],[3,15],[3,13],[7,78],[9,-11],[42,-7],[6,-1],[6,-1],[11,-1],[5,4],[6,10],[6,15],[38,192],[8,44],[2,21],[1,24],[-3,28],[-6,45],[-2,27],[-1,7]],[[282097,565174],[10,31],[3,17],[6,16],[5,3],[13,25],[-1,48],[1,34],[32,16],[-7,17],[-6,27],[-7,52],[-5,86],[24,8],[13,21],[6,-2],[7,-21],[17,-25],[7,-24],[0,28],[-3,20],[-6,13],[-3,25],[6,5],[8,46],[30,-5],[5,-21],[5,-5],[2,-10],[-3,-38],[4,-15],[10,-26],[16,-48],[9,-57],[2,-2],[18,3],[14,-19],[3,-12],[8,-42],[-2,-51],[-4,-28],[-1,-42],[6,-4],[5,-12],[9,1],[0,-25],[9,-16],[5,-27],[4,-10],[8,4],[12,-23],[10,-8],[8,-12],[0,9],[3,3],[1,3],[1,4],[1,3],[2,-3],[8,-13],[19,23],[11,-10],[9,5],[6,11],[26,29],[23,1],[5,-37],[8,-5],[17,11],[11,-4],[8,12],[13,32],[4,0],[5,-9],[1,-18],[4,-22],[7,-26],[12,-35],[3,-39],[5,-14],[1,-27],[-7,-10],[-6,-19],[-1,-10],[-6,-6],[-15,-26],[-22,-3],[-13,4],[-3,-25],[0,-72],[-2,-33],[12,-4],[10,5],[10,-8],[4,10],[-1,23],[19,24],[7,-12],[3,-15],[8,-4],[6,10],[6,-6],[4,13],[3,35],[9,-2],[5,28],[0,39],[1,15],[9,29],[3,4],[28,-1],[22,-4],[13,3],[12,12],[15,26],[2,18],[-3,13],[1,20],[-8,21],[-2,21],[1,19],[8,-4],[15,18],[9,-33],[9,-8],[9,17],[-4,-47],[-9,-19],[-7,-41],[0,-41],[-6,-53],[-6,-28],[0,-42],[-8,-46],[2,-43],[3,0],[9,-23],[16,4],[18,25],[7,12],[-1,-11],[-13,-14],[0,-34],[28,0],[-2,-125],[14,0],[-1,-42],[9,0],[22,101],[160,97]],[[282584,561681],[-4,4],[-12,-1],[-15,10],[-6,12],[-9,45],[0,21],[-3,9],[-10,-13],[-18,20],[-6,-1],[-9,53],[-3,22],[-5,10],[-21,5],[-15,15],[-12,-4],[-54,-6],[-1,-66],[-1,-103],[-11,-2],[-41,0],[-1,-607]],[[282327,561104],[-11,2],[-7,17],[-2,58],[4,1],[8,-10],[4,3],[-10,20],[-5,17],[-7,44],[-10,7],[-9,21],[-22,7],[-1,44],[-7,26],[11,44],[2,29],[-5,0],[0,107],[3,46],[-11,18],[-15,1],[1,24],[4,23],[0,23],[5,17],[1,15],[-3,19],[4,10],[-1,20],[1,24],[-2,10],[1,34],[2,19],[4,18],[6,40],[-6,12],[3,3],[-3,32],[1,20],[-10,4],[-13,44],[-3,1],[-2,1],[-4,-2],[-14,13],[-18,10],[-5,9],[-12,22],[-5,-6]],[[281998,563610],[11,-9],[3,217],[-68,-1],[-2,-24],[-4,-11],[-7,-3],[0,39],[-13,0],[0,41],[-54,-2],[-1,-40],[-7,0],[-6,10],[2,111],[-4,8],[5,34],[-1,5],[-12,-1],[1,43],[-14,-1],[1,43]],[[282874,567697],[83,-1],[7,0],[1,17],[7,11],[4,23],[7,19],[9,12],[14,2],[4,11],[6,2],[5,23],[8,20],[7,25],[14,32],[8,-3],[2,-6],[7,15],[-4,-47],[4,-20],[7,-20],[6,-34],[3,10],[2,29],[-2,42],[4,42],[6,34],[4,20],[-4,-44],[-6,-128],[-2,-25],[-7,-37],[-2,-27],[30,0],[13,68],[13,50],[1,13],[-1,17],[-11,24],[-1,28],[10,68],[7,28],[5,39],[1,26],[6,23],[2,42],[11,43],[-1,14],[10,49],[9,77],[1,8],[7,5],[19,69],[8,31],[8,56],[9,40]],[[283968,569393],[3,5],[3,-40],[6,-28],[-3,-16],[3,-13],[6,14],[12,-14],[2,-14],[15,7],[8,8],[8,17],[1,-5]],[[284032,569314],[-6,-12],[-8,-8],[-14,-8],[-11,-19],[-6,-27],[-9,-21],[-4,-20],[-2,-49],[8,-65],[3,-13],[13,0],[12,-13],[27,-21]],[[283529,568109],[1,-46],[9,-5],[7,-14],[3,4],[3,-15],[-20,-67],[16,-27],[6,-18],[15,-7],[9,-29],[60,-2],[14,-22],[0,-50],[2,1],[11,-11],[14,-26],[6,-5],[13,-28],[4,-22],[6,-7],[-2,-22],[4,-29],[-3,-20],[7,-21],[4,-7],[12,-2],[12,8],[0,9],[-1,0],[1,64],[0,6],[13,122],[-21,29],[-10,22],[-2,9],[-5,22],[-5,1],[-6,19],[-3,27],[-14,16],[-2,11],[-7,5],[-3,23],[-10,21],[-5,46],[-9,43],[-5,25],[-16,58],[-4,28],[-4,20],[-13,20],[-2,22],[-8,42],[-4,10],[-5,-10],[4,20],[-8,-13],[-11,-33],[-10,-44],[-10,-34],[-2,-33],[8,5],[0,27],[5,-24],[6,-7],[-3,-27],[-16,-17],[-7,4],[-8,-11],[-10,3],[-5,-18],[4,-19]],[[289955,557126],[2,21],[-5,8],[-8,-2],[-11,13],[-8,36],[3,23],[-1,35],[-2,8],[-12,18],[-10,10],[-5,12],[-4,-7],[-8,-33],[-7,-43],[-16,-19],[-9,13],[-4,-5],[-7,-34],[3,-19],[-3,-30],[-7,-12],[-14,5],[-7,-6],[-4,9],[-1,29],[1,22],[4,26],[10,33],[2,24],[-3,17],[2,11],[4,10],[6,0],[7,19],[5,27],[0,15],[-4,12],[-8,16],[-27,21],[-5,-1],[-11,-23],[-12,1],[-7,-13],[-6,-27],[-12,-13],[-5,11],[-1,34],[5,66],[6,44],[2,45],[-1,19],[3,22],[-2,15],[-4,7],[-9,8],[-10,35],[-3,26],[-1,34],[-6,18],[-6,39],[-7,26],[-5,12],[-3,26],[-6,24],[-7,16],[-3,6],[-1,25],[6,34],[7,6],[4,10],[2,16],[0,44],[-2,16],[-13,21],[-17,36],[-24,30],[-7,40],[-2,15],[-1,91],[-5,79]],[[289640,558329],[-2,27],[3,41],[6,22],[2,36],[-1,13],[-9,56],[-8,31],[-4,40],[0,23],[2,28],[6,39],[4,35],[-2,60],[10,65],[5,15],[17,24],[3,10],[0,30],[-7,43],[-9,41],[-3,9],[-3,7],[-5,18],[-7,-18],[-19,-4],[-6,14],[-8,30],[-4,29],[-8,40],[-10,13],[-12,26],[-5,-8],[-2,27],[4,33],[-1,35],[-7,-8],[-6,23],[-4,0],[-6,-17],[-5,15],[1,19],[-3,4],[0,14],[-10,32],[-4,2],[2,21],[-1,15],[-10,11],[-2,26],[-5,33],[-4,9],[-7,-3],[-2,28],[1,22],[-6,-1],[-8,-9],[-5,28],[-11,31],[-2,14]],[[290283,580318],[10,-11],[7,-1],[15,6],[8,-1],[7,8],[8,0],[7,10],[16,20],[11,19],[20,31],[18,50],[11,43]],[[290072,578623],[-14,-9],[-3,-8],[0,-24],[-8,1],[-4,-7],[4,-14],[-5,-45],[-7,0],[-11,28],[-8,-11],[-7,-3],[0,-9],[11,-26],[1,-25],[-2,-10],[-12,3],[-11,15],[-2,-13],[4,-40],[10,-13],[9,-41],[6,3],[11,-22],[-1,-22],[2,-17],[16,-19],[3,-15],[1,-34],[5,-20],[4,-1],[8,23],[4,6],[5,-11],[0,-12],[-3,-16],[3,-39],[-2,-20],[2,-18],[-7,-24],[-2,5],[-8,-20],[1,-11],[-4,-28],[2,-11],[4,1],[8,26],[3,-8],[-6,-23],[1,-15],[7,5],[2,24],[7,-11],[5,-25],[4,-6],[-7,-9],[2,-18],[-1,-11],[7,-35],[9,-15],[2,21],[1,-13],[12,-27],[-5,-2],[3,-7],[-5,-13],[0,-22],[11,-42],[-3,-23],[1,-24],[4,-16],[-1,-14],[-5,-19],[-2,-21],[0,-66],[-2,-23]],[[290119,577618],[-1,66],[-3,29],[1,32],[-5,9],[-4,-1],[5,36],[-7,26],[-3,2],[0,15],[-4,3],[0,-24],[-9,-25],[-4,-3],[-2,-29],[1,-27],[-6,-14],[-5,-5],[-6,-21],[-2,-35],[-13,-68],[-1,9],[13,75],[-3,21],[-5,-5],[5,-21],[-8,-17],[-4,-32],[-2,17],[-4,4],[1,28],[-4,-2],[-9,-29],[-2,13],[-2,-39],[-4,-25],[-12,-23],[9,-7],[-2,-15],[-1,6],[-13,-6],[-4,29],[-6,-2]],[[289994,577563],[-64,-23],[-1,37],[-7,21],[-6,5],[-2,4],[-2,26],[-8,31],[-6,9],[-12,36],[-3,13],[-8,4],[-7,26],[-1,17],[-9,10],[-1,43],[-1,6],[-9,40],[-12,1],[-4,7],[-7,0],[-10,-17]],[[281866,552280],[14,10],[4,7],[2,22],[0,31],[5,13],[35,10],[9,15],[4,34],[2,33],[-1,41],[2,29],[4,5],[12,-5],[13,-16],[4,4],[4,-16],[11,-4],[9,-21],[11,-61],[0,-24],[-4,-28],[-6,-25],[3,-32],[3,-7],[8,1],[9,20],[4,22],[9,55],[4,14],[14,35],[17,60],[4,10],[9,12],[11,6],[9,13],[4,1],[6,-7],[9,-29],[5,-21],[1,-18],[0,-35],[2,-37],[6,-39],[-1,-48],[6,-34],[-6,-66],[-2,-23],[4,-18],[6,-2],[13,12],[7,17],[8,14],[13,13],[7,17],[7,23],[8,48],[6,21],[10,27],[4,5],[21,-14],[14,-7],[22,-32],[10,-23],[4,-5]],[[288118,550589],[1,0],[12,-6],[-4,13],[6,22],[2,2],[13,0],[-1,22],[2,12]],[[288149,550654],[8,-12],[-1,-8],[-1,-22],[-7,2],[-5,-34],[6,-65],[2,-10],[4,61],[3,4],[-1,-17],[11,-3],[0,-25],[14,0],[-1,-33],[-8,11],[-6,-8],[-9,-24],[-2,-7]],[[288156,550464],[-9,30],[-7,0],[-17,29],[-5,41],[0,25]],[[288166,550320],[4,-12],[9,-9],[10,1],[4,20],[1,-14],[8,-17],[9,-55],[3,6],[6,-9],[6,-30],[0,-7],[1,-12],[1,-4],[1,-3],[0,-3],[11,-6],[6,-9],[8,-39],[7,-5],[6,4],[7,-8],[0,-14],[5,11],[3,-8],[2,-28],[-2,-19],[3,-4],[2,-29],[-2,-11],[3,-19],[2,2],[5,-33],[8,-5],[2,-1],[0,-39],[4,-49],[-4,-38],[2,6],[18,91],[5,-6],[15,4],[4,-9],[8,27],[5,-2],[7,11],[2,-8],[10,14],[5,-11],[6,2],[25,-10],[4,-27],[4,11],[12,-16],[17,11],[2,4],[0,2],[14,-4],[3,-9],[9,-2],[3,-9],[5,3],[10,-10],[2,-13],[4,-3],[27,11],[1,72],[42,1],[0,41],[4,-4],[20,-3],[-7,68],[-11,62],[16,-2]],[[288598,550118],[32,-1],[45,-7]],[[288655,548773],[-15,-18],[-2,-12]],[[288638,548743],[-5,-13],[-8,18],[-2,27],[-3,-1],[-2,6],[-2,-3],[-6,8],[-5,-6],[-3,-15],[-15,6],[-5,9],[-4,23],[-6,6],[-3,19],[-4,7],[-8,-2],[-13,-13],[-8,15],[-9,-5],[-7,10],[-6,18],[-7,32],[-8,-8],[-5,11],[-9,-13],[0,6],[-11,0],[-3,8],[-8,-4],[-3,-5],[-4,15],[-5,-16],[-1,9],[-8,0],[-1,17],[-9,4],[-3,14],[-9,-8],[-13,35],[-18,55],[-7,9],[-5,-1],[-3,-7],[-1,25]],[[288373,549035],[-5,3],[-5,17],[-14,0],[-5,8],[0,13],[-10,22],[-13,2],[-5,-6],[-1,17],[-6,-3],[-2,-13],[-5,6],[-20,7],[-8,-6],[-5,25],[-1,-12],[-6,8],[-4,-7],[-3,11],[0,18],[-10,12],[-5,-19],[-12,-9],[-3,-14],[-4,6],[-6,6],[-2,22],[-7,5],[-3,12],[-7,36],[-1,16],[-4,6],[0,27],[-6,4],[-7,-18],[-1,19],[-5,-10],[-3,10],[0,16],[-5,1],[0,15],[-8,28],[-2,22],[-5,12],[-4,-6],[-1,10],[-21,0],[-1,11],[-7,-9],[-8,10],[0,3],[-3,28],[-5,12]],[[288099,549409],[4,10],[2,16],[-3,30],[1,53],[18,-1],[0,-71],[6,8],[3,2],[15,11],[9,-2],[7,19],[-13,29],[-15,5],[27,54],[8,54],[-5,13],[0,129],[-14,1],[0,43],[15,-1],[0,21],[-15,17],[-3,10],[1,7],[-4,2],[-9,11],[0,180],[0,19],[18,0],[-1,71],[-16,0],[0,67],[-3,6],[9,20],[16,46],[9,32]],[[283573,554201],[64,69],[2,8],[10,44],[9,26],[13,51],[19,-55],[2,-15],[3,3],[248,267],[-1,58],[6,-8],[5,-29],[0,-21],[-7,-47],[0,-13],[5,-57],[21,0],[0,-67],[30,0],[0,66],[12,0],[9,-96],[7,-37],[1,-28],[-3,-40],[1,-62],[6,6],[4,-26],[-9,-25],[8,-2],[4,-22],[5,0],[-2,12],[-1,37],[11,13],[-7,4],[-9,18],[20,9],[-11,11],[8,11],[8,-11],[1,23],[4,7],[15,0],[-18,9],[4,24],[10,10]],[[284080,554326],[11,4],[4,-7],[4,-33],[5,-8],[-5,53],[1,10],[6,-6],[5,-27],[3,1],[-2,24],[5,11],[3,-8],[-1,-18],[4,3],[3,-15],[1,-25],[3,3],[0,24],[-6,33],[5,10],[2,-18],[9,23],[5,5],[5,14],[5,-16],[2,-45],[4,-14],[1,-42],[0,-10],[13,0],[7,0],[-1,-56],[-1,-9],[7,0],[5,11],[0,-22],[15,0],[-1,-71]],[[283720,551422],[-5,100],[-1,28],[-7,122],[-8,158],[-20,379],[-5,92],[-21,390]],[[283653,552691],[-6,107],[2,24],[6,-15],[0,-46],[5,2],[5,14],[3,-8],[5,29],[3,0],[0,41],[-10,-2],[-2,27],[5,10],[-1,15],[-11,26],[7,5],[-2,15],[-7,19],[-9,-7],[-2,13],[11,2],[9,-14],[0,9],[-7,47],[-10,0],[-4,9],[10,6],[0,24],[-3,22],[4,18],[-4,12],[-5,0],[-6,-13],[-5,2],[14,32],[-13,23],[0,12],[-6,-4],[-10,190],[-5,82],[0,15],[-14,250],[-2,36],[-12,230]],[[286174,552602],[88,-4],[4,-14],[2,1],[2,-32],[-3,-5],[0,-46],[-25,2],[-5,-24],[2,-70],[22,0],[0,-56],[36,-31],[10,-11],[21,-2],[1,48],[8,0],[0,29],[6,1],[0,17],[20,-1],[14,-4],[2,-5],[1,-36],[3,-23],[8,19],[19,23],[4,13],[13,7],[-2,-23],[3,1],[12,24],[8,-25],[15,-22],[5,-12],[4,-18],[5,-4],[3,-16],[9,-24],[0,25],[3,4],[1,-1],[10,-14],[4,-13],[8,10],[3,-2],[3,18],[-3,13],[0,28],[2,9]],[[286520,552356],[5,-19],[10,-2],[8,29],[7,5],[3,-2],[6,-24],[5,-1],[6,16],[2,21],[-3,-33],[0,-62],[1,-29],[-1,-18],[6,4],[11,-8],[23,2],[27,11],[4,-4],[2,-9],[-5,-18],[-26,-173],[-1,-33],[53,-3],[3,42],[2,10],[1,83],[10,-12],[7,3],[10,-12],[10,-28],[11,19],[14,41],[2,25],[4,-27],[6,-5],[5,11],[1,35],[4,1],[8,20],[5,8],[4,18],[7,-1],[1,20]],[[286778,552257],[1,-7],[7,-31],[10,-36],[5,-43],[1,-34],[3,-26],[15,-62],[5,-14],[14,0],[20,-29],[14,3],[19,12],[20,-1],[-1,-32],[4,-26],[-3,-48],[-2,-8],[-10,-8],[-7,-15],[-8,-41],[1,-11],[-3,-21],[-3,-1],[-6,-19],[1,-38],[-9,20],[-3,-11],[-3,-8],[-9,-38],[4,-32],[-7,-18],[-7,-42],[-7,-6],[-17,-29],[-5,-1],[-5,-25],[-13,-4],[-5,-11],[-2,-15],[-8,-9],[-2,-5],[-7,-28],[0,-15],[8,-6],[3,-11],[-2,-12],[2,-25],[-3,-15],[1,-36],[-2,-7],[-2,-35],[1,-14],[-6,-12],[-6,-68],[3,-6],[-1,-24],[4,-9],[2,-31],[0,-18],[-7,-10],[-3,-28],[2,-11],[0,-13],[-11,16],[-3,-1],[-5,-16],[1,-6],[17,-11],[6,-11],[10,-6],[17,-1],[9,5],[5,-1],[11,-13],[6,-109],[9,-11],[4,-9],[4,-30],[7,-21],[6,-35],[1,-22],[-2,-53],[-4,-11],[3,-10],[-5,-16],[0,-21],[-3,-22],[0,-11],[-13,-7],[-8,17],[-2,-24],[-4,-6],[-1,14],[-4,11],[-1,19],[6,28],[0,57],[-8,65],[-1,31],[-8,-3],[-16,4],[-8,-9],[-26,-49],[-9,-31],[-11,-24],[-4,-38],[-5,-157],[-1,-24],[-6,-36],[4,0],[11,-30],[4,0],[6,-16],[1,-12],[5,-15],[2,-12],[6,14],[5,-2],[-7,-14],[1,-18]],[[285928,551260],[1,44],[-12,39],[1,20],[8,46],[2,38],[-1,5],[-21,0],[0,90],[-18,0],[0,100],[-14,1],[0,56],[1,132],[26,-1],[0,36],[4,0],[0,31],[7,1],[0,30],[11,0],[0,43],[12,-13],[10,2],[16,24],[-5,23],[-3,32],[-3,0],[0,21],[-9,0],[-5,13],[-1,47],[-6,29],[-14,-13],[-4,38],[1,14],[9,-2],[0,30],[-13,49],[0,45],[14,-1],[0,-47],[14,0],[1,24],[9,-22],[13,-17],[3,3],[9,-12],[-1,24],[10,79],[1,15],[-6,54],[-8,20],[0,33],[-17,13],[-5,22],[15,76],[7,1],[4,-12],[12,-6],[10,19],[9,13],[5,-11],[4,-33],[7,-9],[11,-27],[7,-27],[10,6],[25,-57],[0,51],[15,0],[17,-124],[67,-6],[0,-51],[38,2],[0,75],[12,9],[21,-17],[-4,22],[-10,6],[-7,13],[-3,14],[-3,37],[-6,41],[-14,3],[-20,1],[-2,11],[5,44],[-4,3],[1,37]],[[287483,569123],[5,-25],[8,14],[9,4],[6,17],[7,35],[18,32],[12,13],[18,28],[7,29],[5,14],[4,26],[5,6],[8,-9],[6,-16],[9,-39],[7,-3],[7,-16],[0,-22],[0,-7],[14,-90],[5,-10],[0,-21],[8,-48],[0,-75],[-3,-4],[2,-11],[7,17],[13,17],[15,0],[0,104],[7,0],[23,-1],[2,-13],[11,-3],[5,8],[17,3],[3,28],[7,14],[2,13],[1,40],[3,18],[9,21],[2,10],[-2,37],[8,17],[6,2],[-4,16],[6,38],[3,40],[7,8],[-1,15],[10,1],[3,20],[3,37],[4,5],[9,-4],[2,32],[7,-3],[0,43],[-4,10],[5,17],[16,-60],[0,22],[8,26],[-4,27],[7,-16],[12,-14],[2,-16],[10,18],[2,17],[0,52]],[[287892,569608],[7,0],[2,-21],[10,1],[2,-27],[5,-9],[6,2],[5,5],[0,7],[13,65],[12,-4],[1,-5],[2,-3],[17,-10],[-11,-18],[3,-22],[-9,-9],[3,-10],[-4,-15],[1,-15],[11,-7],[-3,-10],[4,0],[19,60],[6,-3],[5,12],[0,-15],[10,-14],[0,8],[8,-8],[22,-17],[14,5],[9,-7],[10,9],[5,132],[7,-26],[7,-14],[-1,-29],[14,0],[18,4],[0,25],[2,0],[0,-33],[10,1],[3,3]],[[288208,568774],[-10,0],[-7,-16],[-19,4],[-6,-11],[2,-35],[-6,-24],[-11,-20],[-10,23],[-12,4],[-4,-8],[-7,-44],[-23,-64],[-4,-20],[-4,-11],[-9,-33],[-6,-25],[-21,-55],[-6,7],[-8,28],[-8,46],[-7,16],[-7,-1],[-7,-18],[3,-41],[6,-39],[2,-39],[-2,-30],[-7,-16],[-7,-3],[-6,30],[-5,47],[-10,17],[-10,-16],[-15,-6],[0,-1],[-5,42],[1,-9],[3,-28],[-9,-10],[-1,-16],[-10,-57],[-5,-5],[-2,1],[-10,41],[1,24],[-6,13],[-1,-2],[-6,-18],[-2,-9],[-7,-4],[-5,-29],[0,-9],[1,-11],[-2,4],[-7,37],[-5,-3],[-7,-16],[-8,-19],[-11,-19],[-5,-54],[1,-26],[3,-12],[1,-7],[0,-9],[-1,-7],[0,-18],[-1,-5],[-2,-14],[-1,-8],[-9,11],[-15,42],[-7,2],[-32,-71],[-6,-28],[0,-1]],[[287780,568113],[0,-1],[-1,-2],[-7,-54],[4,-84],[5,-60],[-2,-13],[-12,-25],[-2,2],[-1,-9],[-4,-41],[-3,-4],[-5,-2],[-6,-1],[-10,13],[-4,-2],[-3,-2],[-7,-45],[-2,-8],[-1,1],[-2,1],[-7,21],[-9,7],[-2,-2],[-16,-21],[-13,-27],[-3,-21],[-23,-20],[-6,-17],[-2,-54],[-3,-28],[-16,-11],[-17,-31],[-15,-12],[-19,-37],[-8,-14],[-6,-16],[-3,-17],[3,-23],[8,-36],[1,-10],[-6,-37],[-4,-51],[2,-31],[6,-15],[3,-26],[4,-56],[-3,-38],[-15,-28],[-4,-11]],[[287544,567115],[-9,-22],[-7,-23],[-23,-31],[-9,-16],[-3,-17],[0,-14],[6,-38],[6,-8],[9,2],[3,-7],[0,-15],[-7,-49],[-3,-11],[-14,-12],[-17,-2],[-7,-32],[-4,-34],[-4,-52],[-4,-17],[-1,-10],[-2,-16],[-16,-59],[-12,-16],[-6,0],[-13,20],[-11,2],[-7,-31],[-4,-9],[-4,-6]],[[287381,566592],[-9,-8],[-7,2],[-24,34]],[[287341,566620],[12,180],[-9,130],[-15,69],[1,29],[-5,40],[-11,29],[-14,9],[-13,40],[-5,26],[-4,53],[2,13],[1,-1],[3,-20],[7,-24],[7,7],[2,-7],[-7,-15],[3,-18],[4,1],[4,-25],[7,7],[-7,61],[4,17],[4,-25],[6,-6],[2,28],[5,15],[0,3],[16,-8],[3,3],[27,35],[-2,62],[4,29],[-6,32],[8,31],[-2,29],[-1,7],[-2,20],[-1,26],[1,28],[-3,22],[1,44],[5,9],[-7,26],[6,15],[-3,17],[-2,45],[-6,44],[4,43],[0,22],[-9,5],[0,99],[-12,15],[-16,-4],[-11,17]],[[287877,544417],[54,-3]],[[288691,581095],[-8,4],[-6,-8],[-9,-24],[-7,-10],[-12,1],[-6,-7],[-13,-21],[-6,-18],[-8,-8],[-6,6],[-7,26],[-5,50],[-9,24],[-16,10],[-8,22],[-12,26],[-11,14],[-10,-1],[-10,17],[-8,-2],[-5,-20],[-2,-30],[1,-83],[-3,-30],[-6,-22],[-11,-13],[-5,1],[-6,18]],[[288477,581017],[-5,32],[-4,16],[-6,3],[-7,-16],[-5,-1],[-5,4],[-4,27],[-5,16],[-5,7],[-10,-3],[-19,17],[-14,23],[-11,10],[-21,10],[-19,14],[-7,16],[-16,8],[-17,-20],[-9,2],[-16,8],[-22,24],[-7,18],[-7,10],[-14,-6],[-14,-20],[-21,-26],[-5,-5],[-15,3],[-5,-12],[-13,10],[-7,0],[-11,10],[-4,3],[-21,-3],[-7,8],[-10,25],[-5,8],[-16,32],[-16,14],[-11,18],[-15,38],[-7,-2],[-6,-16],[-2,-17],[2,-20],[1,-11],[-4,-23],[-4,-38],[-2,-8],[-7,0],[-18,24],[-3,10],[-4,28],[-4,11],[-7,4],[-14,-4],[-17,6],[-13,-22]],[[280527,571543],[-23,-27],[-9,-31],[-4,-49],[-7,-50],[1,-7],[-8,-23],[110,-5],[0,-23],[-12,-40],[-3,-45],[-14,5]],[[281700,553908],[73,-1],[1,-17],[6,-15],[2,-31],[3,-28],[-3,-25],[-1,-34],[20,9],[35,-117],[5,-10],[2,-19]],[[281843,553620],[2,-51],[-1,-21],[2,-23],[9,-37],[6,-29],[2,-51],[-4,-27],[1,-21],[8,-28],[2,-28],[2,-14],[-2,-11],[-11,-33],[-1,-19],[-15,-1],[-21,-2],[0,-63],[0,-111],[-15,0],[-38,-5],[1,-249],[73,-3],[4,-13],[13,-10],[2,-16],[2,6],[2,2],[12,34],[47,3],[-42,-344],[-3,-20],[-9,-82],[-5,-61],[0,-12]],[[287527,562723],[1,3],[1,27],[8,-9],[3,-2],[0,1],[0,19],[-13,14],[-2,13],[2,24],[1,18],[3,21],[12,24],[3,4],[3,9],[-4,44],[3,28],[10,-22],[6,9],[3,-30],[1,0],[-4,31],[7,13],[1,-7],[9,16],[7,-16],[4,7],[5,10],[1,4],[-4,19],[0,15],[3,7],[-2,11],[6,12],[5,-51],[14,24],[-7,48],[-3,-6],[-4,15],[22,11],[-3,12],[9,17],[5,-27],[3,-5],[8,14],[1,-6],[8,14],[3,13],[-5,25],[1,9],[12,6],[7,21]],[[287677,563174],[3,-5],[16,-21],[4,-3],[13,-17],[8,-41],[5,-9],[8,13],[35,72],[5,0],[5,17],[3,2],[17,-96],[4,8],[1,-20],[6,-2],[8,7],[7,-39],[4,-4],[1,-15],[5,-1],[9,-2],[7,-1],[5,1],[24,70],[1,22],[6,26]],[[287887,563136],[6,-8],[4,3],[7,-15],[2,-27],[5,-28],[7,14],[5,-5],[3,-13],[-3,-26],[7,-11],[10,8],[2,-16],[10,-3],[2,-16],[-2,-18]],[[287952,562975],[-1,-15],[1,-19],[0,-9],[9,-6],[7,-32],[11,-1],[4,-47],[3,-7],[3,-25],[8,-47],[0,-15],[7,-17],[6,-63],[9,-76],[3,-10],[21,-59],[18,-19],[5,-21],[-6,-11],[-2,-7],[-5,-36],[-11,-27],[-6,-22],[-4,-58],[-25,46],[5,10],[2,-11],[8,13],[-9,32],[-2,-14],[-6,-14],[-2,12],[-7,-5],[-1,-3],[14,-75],[-5,2],[-11,-7],[-6,-12],[-6,-23]],[[287839,561315],[-1,-1],[-4,-38],[-9,-20],[-11,25],[-4,-6],[0,9],[-1,28],[3,9],[-1,9],[-13,-12],[-7,-8],[-2,11],[-6,-3],[-15,101],[-4,-18],[-19,-3],[-11,-33],[-5,-5],[-8,-26],[4,-49],[3,-12],[1,-37],[0,-5],[-3,-43],[2,-24],[-16,-4],[-39,-38],[-12,-10]],[[287661,561112],[-14,-10],[-5,-8],[-14,-52],[-7,-49]],[[287621,560993],[-3,40],[-6,25],[-2,33],[-7,31],[3,35],[-2,43],[-3,26],[3,12],[-4,44],[2,48],[-11,34],[4,57],[-1,18],[-6,5],[8,46],[-5,33],[6,22],[15,-34],[-5,24],[-2,39],[-3,23],[-3,47],[-1,57],[-8,29],[-8,11],[-16,58],[-9,24],[-5,-19],[-5,14],[-4,-8],[-10,-16],[7,-37],[-12,-22],[-2,-12],[1,-13],[0,-29],[3,-19],[-1,-31],[7,-49],[3,-5],[0,-14],[-2,-20],[-1,-17],[-9,-3],[-3,15],[-3,-13],[-5,18],[-13,22],[1,8],[-9,13],[-8,-2],[0,-12],[-5,-13],[-2,19],[0,27],[-5,6],[-6,29],[4,16],[1,20],[-4,20],[-9,11],[5,15],[6,8],[-1,36],[20,28],[-28,66]],[[287463,561860],[1,7],[5,36],[-4,20],[2,21],[-2,14],[-4,3],[-1,21],[0,46],[-3,31],[-1,29],[-7,56],[-1,22],[-10,36],[9,84],[2,32],[4,14],[-5,5]],[[287448,562337],[-13,14],[5,44],[1,31],[0,12],[3,16],[-1,5],[0,25],[13,24],[8,14],[1,20],[14,24],[4,-20],[4,-1],[4,18],[5,-5],[2,14],[-7,11],[9,13],[10,-9],[10,19],[10,-71],[7,6],[2,45],[6,42],[0,4],[-9,-17],[-4,2],[-6,31],[2,1],[4,6],[-4,19],[-4,10],[6,11],[-3,28]],[[287411,582488],[-4,17],[4,-1],[13,38],[3,3],[13,-15],[0,-10],[-5,-8],[5,-8],[2,15],[1,25],[-3,32],[1,20],[5,8],[2,28],[9,6],[4,-12],[4,9],[-1,14],[-11,28],[-1,22],[6,-1],[6,18],[16,5],[3,13],[-5,15],[-10,6],[-2,18],[5,8],[6,-12],[6,3],[-5,38],[8,2],[2,11],[-4,20],[1,15],[5,7],[10,-6],[11,-16],[4,4],[-4,43],[-6,24],[7,-4],[9,-21],[7,5],[21,0],[11,-15],[9,16],[9,5],[7,16],[4,16],[-2,38],[2,24],[7,18],[8,8],[5,29],[-3,18],[8,5],[-3,21],[-2,30],[3,-28],[4,-2],[8,-16],[14,21],[5,-12],[-1,-38],[6,-22],[2,-28],[-3,-13],[3,-10],[11,-11],[12,-6],[9,6],[6,-12],[4,-19],[7,7],[1,19],[9,1],[-4,12],[3,32],[8,21],[10,38],[-5,14],[0,25],[-9,20],[-2,24],[-5,12],[-9,-1],[1,25],[-6,18],[-7,-10],[-3,19],[-9,22],[-6,-4],[-5,13],[-4,-3],[6,-36],[-3,-25],[3,-15],[0,-19],[-4,-10],[-9,7],[-5,24],[-13,20],[-1,33],[8,10],[14,40],[2,22],[7,26],[3,32],[6,10],[4,34],[0,13],[-6,43],[-5,9],[0,37],[-3,21],[11,4],[6,-40],[53,220],[7,24],[33,56],[3,-1],[10,-32],[5,29],[-5,20],[7,29],[6,6],[3,38],[5,22],[-6,8],[0,37]],[[285659,569088],[4,-25],[-7,1],[-13,21],[1,-36],[-12,-28],[-3,-20],[4,-25],[-5,-5],[-1,-16],[-7,12],[-1,-14],[2,-10],[-2,-9],[-7,0],[-5,-12],[1,-34],[-3,-4],[-4,-28],[-1,309],[-218,4],[-1,-211],[-8,-7],[-7,-42],[-10,-18]],[[285356,568891],[-5,-2],[-4,-17],[-4,4],[-10,35],[-3,-2],[2,-15],[4,-66],[-4,-26],[-5,-16],[-6,-40],[-8,-4],[-16,53],[-6,5],[-2,-53],[-6,-27],[-1,-32],[-4,-15],[-13,-13],[-4,52],[-9,67],[0,18],[-9,37],[-10,18],[-8,1],[-8,18],[-8,-52],[-1,-17],[-1,-58],[-2,-22],[-8,-54],[-2,33],[-8,-5],[-7,7],[-13,20],[-7,26],[2,36],[-14,17],[-4,-42],[-4,-19],[0,-21],[-9,-29],[-10,-26],[-2,-28],[0,-79],[-12,5],[-7,-3],[1,14],[-11,14],[-4,12],[-8,-1],[-1,19],[-6,37],[1,20],[4,14],[0,17],[4,27],[-10,12],[-5,21],[0,26],[-6,21],[6,8],[-5,10],[0,69],[8,22],[6,46],[7,1],[-1,9],[-7,6],[-77,4],[-1,0],[-9,11],[0,14],[-5,9],[-2,57],[-5,41],[2,15],[-8,52],[-5,-4],[-3,29],[-6,10],[-2,26],[-1,61],[-5,20],[-22,0],[0,21],[-9,37],[-12,-25],[-1,-35],[-7,-2],[-10,9],[-4,-2],[-17,0],[-9,10],[-11,34]],[[284844,569376],[3,28],[4,44],[3,32],[5,64],[7,1],[11,-37],[7,-9],[8,3],[5,15],[5,3],[-5,59],[0,4],[15,0],[20,-5],[16,7],[-2,12],[-8,12],[3,76],[11,43],[1,21],[5,2],[-1,26],[-6,6],[-6,16],[-1,25],[4,-2],[4,-12],[2,21],[6,16],[2,18],[-5,25],[-2,25],[1,18],[-10,12],[-7,-18],[-9,3],[-7,26],[-3,-3],[-3,16],[-3,1],[-11,24],[-2,15],[1,19],[-6,17],[-4,7],[-27,17],[0,2],[1,47],[2,-19],[7,-3],[0,21],[2,30],[3,4],[3,-12],[6,16],[8,11],[9,18],[1,34],[5,13],[7,2]],[[285093,564537],[-2,-33],[-7,0],[9,-33],[-15,-4],[0,-29],[0,-86],[4,-94],[9,-56],[10,-33],[5,-34],[7,-35],[0,-12],[1,8],[0,-142],[4,2],[-1,17],[7,3]],[[285124,563976],[11,0],[0,-32],[-13,-1],[2,-43],[10,-30],[-2,-40],[7,0],[0,-84],[10,0],[12,0],[4,-2],[0,-87],[-1,-61],[0,-2],[36,39],[-1,-11],[6,-5],[-1,-16],[-1,-34],[-12,2],[0,-19],[-11,1],[-1,-24],[0,-31],[-4,-19],[-10,-1],[1,-37],[-3,12],[1,-69],[-1,-38]],[[285163,563344],[-10,2],[-4,9],[-8,2],[-6,10],[-6,-1],[3,-23],[9,-15],[-4,-2],[-13,-1],[-25,20],[-5,-5],[0,14],[-7,-64],[-12,0],[-1,1],[-15,-5],[-13,-25],[-9,12],[-15,-22],[0,17],[-15,11],[1,-13],[-1,-1],[-10,26],[-5,6]],[[284992,563297],[1,1],[1,9],[-8,33],[-4,61],[-6,56],[2,3],[-2,11],[0,21],[0,25],[-4,0],[0,7],[-3,1],[-3,17],[-2,-4],[-9,63],[0,21],[6,74],[1,20],[-1,33],[-1,42],[-3,46],[-2,18],[5,16],[0,3],[4,17],[24,29],[12,1],[-2,4],[-10,67],[-5,17],[23,130],[28,158],[2,11],[30,167],[6,-12],[6,7],[0,43],[7,21],[8,3]],[[284451,563525],[24,-22],[10,-14],[-2,-46],[3,-21],[-2,-17],[6,-5],[-4,34],[1,19],[10,20],[9,-15],[32,-75],[8,-15],[15,-9],[29,-11],[14,-10],[-1,-36],[26,-323],[6,10],[4,12],[14,41],[-5,48],[1,21],[4,16],[-14,96],[4,12],[-23,1],[0,84],[13,-1],[0,18],[32,20],[4,-12],[6,-4],[6,0],[5,15],[-1,19],[15,29],[2,0],[1,-1],[2,0],[1,0],[8,3],[9,-6],[23,-31],[5,-1],[27,2],[8,-6],[3,-7],[11,-30],[14,-38],[6,-10],[7,-3],[23,17],[8,-3],[37,-67],[8,-11],[10,1],[8,5],[13,0],[0,-11],[2,-45],[11,0],[-1,21],[0,35],[1,0],[21,0]],[[284968,563218],[0,-4],[7,0],[0,-31],[0,-120],[-10,15],[1,20],[-19,0],[0,-13],[4,-19],[0,-15],[-5,4],[2,-16],[-4,-10],[-26,-24],[-9,1],[-3,-5],[-1,-9],[0,-20],[-30,-5],[-2,-14],[5,-4],[-2,-16],[-4,-20],[-7,-10],[-4,-14],[-6,0],[-4,-12],[-2,-63],[0,-1],[1,-1],[0,-76],[0,-7],[2,-44],[24,-1],[0,-43],[5,0],[0,-12],[-5,-18],[-4,4],[-22,-12],[-1,39],[-4,0],[0,-27],[-6,-13],[0,-16],[1,-27],[-7,-18],[6,1],[0,-46],[2,-11],[5,10],[2,-6],[-6,-13],[-13,-10]],[[284829,562466],[-1,4],[-9,-9],[-15,-38],[-2,-6],[-12,-67],[-3,-13],[-6,-20],[0,-23],[-8,0],[-3,-20],[0,-32],[-5,-8],[-2,-29],[11,-41],[-7,-31],[-7,0],[0,-11],[-6,-1],[0,-62],[-1,0],[-1,-23],[-5,0],[0,-42],[-14,2],[-1,-87],[0,-40],[-10,-2]],[[284722,561867],[-8,35],[-7,13],[-14,9],[-3,0],[-20,193],[-21,7],[-7,8],[4,12],[-6,34],[-6,-12],[-8,6],[0,2],[-9,25],[-1,3],[-3,1],[-7,-4],[2,-6],[0,-28],[-22,1],[0,-42],[-28,0],[1,42],[-13,0],[1,-42],[-14,-1],[0,43],[-13,0]],[[284158,568660],[28,72],[37,220],[2,-2],[8,-18],[0,-5],[10,-8],[5,14],[41,1],[20,1],[-20,28],[-41,50],[9,52],[9,39],[4,17],[9,-1],[1,20],[20,-18],[3,28],[10,1],[1,35]],[[284314,569186],[11,-1],[3,18],[21,0],[0,10],[19,0],[1,58],[8,-1],[7,-20],[3,14],[2,-11],[70,58],[2,-40],[7,-64],[0,-42],[1,-32],[6,-62],[2,-30],[10,-5],[9,6],[12,-2],[1,-4],[-4,85],[-9,11],[-3,20],[3,40],[-1,12],[7,27],[4,-10],[5,88],[-1,37],[6,0],[-3,32],[-3,0],[-1,40],[2,-9],[8,0],[12,-17],[-5,-14],[6,-12],[1,145],[0,3],[21,-2],[0,0],[6,0],[2,0],[10,2],[1,0],[7,-1],[9,-2],[3,-2],[14,-26],[5,-6],[1,15],[1,51],[29,43],[32,-31],[0,-51],[3,3],[25,0],[3,-13],[1,54],[15,0],[1,50],[2,-3],[1,22],[8,-13],[11,-12],[26,-3],[-9,-47],[4,-31],[-5,-34],[0,-40],[14,-17],[42,-2],[3,-17],[10,-2],[-2,-65],[-7,0],[-1,-23]],[[284819,569311],[-5,0],[0,-17],[-3,-10],[-15,-2],[-22,-34],[6,-26],[4,-40],[2,-10],[8,-10],[4,-10],[12,-6],[2,10],[20,-32],[9,-44],[-2,-48],[2,-26],[5,-11],[-34,1],[4,-29],[0,-15],[4,25],[5,2],[5,-10],[11,-34],[0,-60],[12,5],[0,-30],[6,0],[1,-22],[19,22],[17,5],[0,-84],[9,-38],[11,-27]],[[283635,561621],[-1,5],[9,23],[1,42],[8,12],[0,27],[10,0],[0,48],[8,0],[1,50],[7,-1],[0,54],[8,19],[8,-13],[0,50],[4,22],[-6,21],[3,26],[1,11],[-11,34],[-21,19],[-9,29],[-14,-2],[-3,-41],[-18,-45],[-11,-6],[-2,-15],[-8,-31],[-6,-6],[-6,-20],[-8,-4],[-7,9],[-7,-10],[-6,0],[-1,91],[-14,-37],[-14,-8],[-6,-9],[-3,33],[-10,14],[-8,3],[-16,-2],[-5,-15],[-8,-14],[1,-17],[-37,48],[-4,-2],[-12,-28],[-5,-19],[0,121],[-1,21],[-8,35],[-2,23],[-8,-18],[2,39],[6,-3],[-4,41],[-13,-5],[-3,-32],[-10,-30],[-9,4],[-8,-23],[-5,4],[-10,-13],[-5,8],[5,13],[-7,33],[2,23],[18,39],[-5,28],[2,14],[-5,23],[-16,38],[-3,23],[-6,13],[-10,46],[-2,19],[-10,26],[-2,11],[1,47],[10,13],[9,-1],[16,26],[4,-3],[-9,61],[2,35],[-5,26],[-3,41],[-9,11],[-6,17],[8,9],[7,29],[-2,20],[-32,3],[-24,-21],[0,-19],[-18,1],[-3,-16],[-4,6],[10,27],[6,43],[-9,6],[-31,55],[3,27],[-3,29],[-2,62],[-4,17],[0,18],[3,37],[-4,31],[-1,21],[6,44],[0,15]],[[292184,563028],[-33,78],[-31,105],[-40,92],[-10,43],[-10,62],[-13,85],[-13,63],[-16,64],[-36,75],[-7,5],[-23,-2],[-5,-6]],[[291947,563692],[0,18],[8,63],[13,48],[12,17],[12,28],[6,8],[6,15],[12,6],[3,14],[8,8],[5,-16],[5,-5],[7,8],[5,16],[8,60],[16,31],[3,19],[16,14],[2,8],[3,18],[29,-17],[29,-18],[4,-9],[5,15],[1,34],[-3,19],[7,52],[-6,16],[-1,67],[3,14],[7,2],[10,-10],[9,15],[11,-1],[8,-15],[8,-27]],[[280396,569793],[9,37],[8,27],[7,14],[12,66],[4,31],[1,55],[4,14],[20,5],[1,13],[19,2],[0,28],[27,-1],[1,86],[-21,1],[1,21],[-3,0],[9,34],[2,113],[3,0],[5,1],[7,-16],[3,-21],[6,-19],[15,-14],[2,-16],[-9,-27],[2,-25],[-1,-22],[-8,-16],[-8,-26],[2,-28],[-1,-17],[4,-24],[0,-39],[7,-17],[9,-13],[3,-24],[19,35],[8,24],[55,273],[10,-14],[1,6],[-2,34],[-3,2],[23,114],[1,7],[14,111],[16,28],[13,55],[7,16],[-9,48],[-1,20],[3,16],[-32,2],[0,85],[-27,-1],[1,78],[-4,10],[-10,0],[1,12],[-4,-7],[-4,32],[-11,43],[-2,57],[-10,48],[-9,13],[-9,53],[0,34],[-15,38]],[[281257,572509],[1,-18],[2,-3],[5,-12],[-2,-28],[3,-9],[-1,-27],[4,-46],[84,345],[5,-15],[9,-15],[-25,-70],[0,-192],[12,7],[14,79],[21,63]],[[281389,572024],[-6,-16],[6,-2],[17,-28],[9,-31],[6,-5],[2,-14],[7,-13],[-8,10],[-3,12],[-5,0],[-7,-22],[-9,-12],[-4,-29],[-6,-21],[-4,24],[0,19],[3,17],[0,26],[-3,11],[-8,-6],[-6,-36],[-8,-21],[-12,-13],[-8,-15],[-12,-28],[-10,-42],[-5,-17],[-12,-17],[-2,-3],[-6,-7],[-2,-17]],[[281293,571728],[-11,-65],[-7,-22],[-12,-39],[-13,-84],[-4,-44],[-3,-18],[-8,-25],[-4,-26],[-1,-37],[-5,-28],[-9,-25],[-16,-2],[-1,-271],[-7,74],[-6,43],[-5,22],[-12,-11]],[[281169,571170],[-46,93],[-56,-197],[-23,-38],[-15,-21],[-57,-54],[-8,-8],[-7,-6],[-85,-80],[-13,-16],[-11,-18],[-29,-106],[-26,-79],[-10,-33],[-5,-24],[-15,-111],[-8,-49],[-8,-30],[-13,-33],[-14,-32],[-28,-75],[-17,-63],[-8,-38],[-20,-47],[-14,-32],[-7,-32],[-22,-130],[-12,-53],[-31,-97],[-10,-19],[-19,-118],[-10,-65],[-3,-33]],[[287661,572930],[16,-11],[9,6],[12,-36],[6,-1],[5,11],[8,-1],[5,-16],[6,-8],[6,-39],[5,-12],[15,0],[7,12],[15,-17],[5,-18],[6,-6],[8,20],[16,28],[9,-15],[10,2],[4,-29],[4,-5],[8,3],[6,-17],[19,47],[19,0],[3,2],[7,-16],[5,7],[4,40],[22,10],[5,12],[1,9],[-4,49],[2,44]],[[287935,572985],[16,-34],[8,-32],[11,0],[6,-7],[18,-1],[4,-26],[10,-21],[3,0],[15,-57],[8,-15],[1,-17],[13,-31],[6,-30],[2,-31],[-1,-14],[5,-28],[7,-10],[-1,-24],[-5,-39],[-7,-14],[-2,-19],[2,-10],[11,-23],[7,-25],[8,10],[6,-1],[4,-24],[6,-4],[11,2],[9,-21],[7,-20],[2,-21],[-8,-47],[-1,-29],[-11,-59],[-9,-60],[6,-14],[3,-2]],[[288105,572187],[5,-5],[6,-22],[-3,-43],[5,-20],[1,-26],[-2,-17],[2,-22],[-11,0],[-21,-41],[-4,-11],[-9,7],[-5,-2],[-5,26],[-4,13],[-3,-3],[2,-21],[5,-14],[11,-11],[5,-73],[17,17],[17,1],[17,-21],[8,0],[7,19],[5,-9],[3,-3],[13,40],[13,-3],[-2,25],[5,2],[5,-28],[23,-4],[0,29],[23,43],[-2,7],[11,22],[6,-7],[2,6],[26,-69],[7,-42],[10,0],[17,-1],[33,-2],[0,-48],[-15,0],[-4,-11],[1,-12],[16,-29],[8,1],[4,-36],[9,0],[0,-10],[10,-1],[2,18],[7,30],[-1,11],[-11,9],[-3,16],[2,25],[-5,21],[19,1],[5,8],[11,-29],[5,1],[12,18],[2,24],[7,9],[-5,25],[8,12],[7,-4],[9,23],[2,-21],[1,-2],[8,5],[2,-18],[-1,-22],[3,-8],[10,4],[1,-19],[7,-42],[5,-11],[5,-21],[5,0],[7,-31],[3,-20],[-2,-22],[2,-27],[15,-64]],[[288517,571677],[1,-12],[3,-15],[8,-33],[1,-46],[-2,-18],[-4,-16],[-9,-13],[-4,-16],[-8,-10],[0,-46],[3,-38],[1,-18],[2,-28],[7,-33],[5,-46],[7,-16],[-1,-21],[1,-26],[-2,-42],[2,-66],[9,-32],[4,-18],[3,-32],[-5,-8],[-1,-10],[12,-22],[8,-25],[-1,-34],[6,-33],[3,-9],[8,-6],[3,-9],[8,-41],[4,-8],[6,-1],[4,-16],[-2,-12],[-8,0],[-4,-6],[1,-29],[7,-13],[3,-13]],[[288333,570235],[-161,5],[-4,14],[-2,-13],[-5,0],[-65,4],[1,104],[-34,5],[0,-109],[-136,6]],[[287927,570251],[0,50],[10,7],[2,-16],[4,0],[3,21],[8,1],[7,-11],[1,52],[32,-2],[1,15],[-7,1],[-8,9],[0,21],[4,-1],[0,40],[11,-3],[-1,22],[-14,0],[-6,4],[-1,-17],[-13,20],[0,10],[-14,3],[-9,5],[1,57],[-13,-13],[0,40],[-34,1],[1,87],[0,18],[-31,1],[0,6],[0,102],[-34,-2],[1,116]],[[284109,570770],[26,0],[0,77],[1,8],[11,1],[0,-29],[41,1],[1,12],[14,1],[0,17],[29,3],[0,-64],[4,-29],[-10,-20],[0,-20],[5,0],[1,-76],[-9,10],[1,-19],[7,-46],[9,-49],[7,-5],[11,7],[4,13],[8,69],[1,18],[-1,84],[4,-2],[6,-28],[2,-22],[0,-24],[-2,-20],[6,-23],[2,-1],[0,-25],[8,-18],[6,-58],[6,9],[7,5],[5,-4],[-1,26],[3,-3],[6,-19],[4,16],[7,0],[0,19],[4,5],[2,25],[-1,17],[4,31],[-1,28],[2,9],[-9,11],[-6,22],[-2,26],[-3,7],[-1,29],[-17,53],[2,19],[-32,-5],[-2,19],[-3,33],[13,22],[9,32],[3,1]],[[284844,569376],[-12,-57],[-1,-11],[-5,0],[-7,3]],[[284314,569186],[1,84],[0,86],[-4,0],[-12,43],[1,14],[6,63],[-13,36],[-7,-60],[-3,21],[-2,32],[3,18],[-4,33],[-8,16],[0,8],[-19,40],[-11,10],[-10,-5],[-2,-9],[-8,-6],[-2,12],[-1,-1],[1,-20],[-17,-66],[-7,-26],[-12,-32],[-11,-23],[-5,-24],[-3,-29],[-4,-16],[-9,-11],[-16,-2],[-17,4],[-6,-5],[-7,-17],[-10,-9],[-16,1],[-20,7],[-10,-3],[-11,-13],[-7,-23]],[[289658,555022],[1,15],[11,31],[7,12],[7,28],[10,12],[3,30],[2,51],[5,35],[-2,37],[3,32],[7,46],[0,22],[4,23],[6,11],[2,15],[1,45],[-6,35],[2,18],[-2,11],[-4,18],[2,38],[-1,72],[6,55],[7,12],[9,3],[12,19],[19,3],[18,-52],[9,-20],[3,6],[2,26],[10,81],[1,10],[-4,41],[-10,37],[-4,30],[8,14],[19,5],[6,8],[13,36],[7,7],[5,-2],[8,-36],[15,3],[4,15],[3,36],[5,16],[6,10],[9,2],[14,32],[6,8],[7,2],[25,30],[5,21],[5,52],[15,37],[15,16],[26,37],[5,3],[15,22],[10,4],[5,18],[1,17],[-5,39],[-3,37],[-7,42],[0,14],[7,29],[2,47],[4,23],[9,41],[0,28],[-2,31],[-4,16],[-11,16],[-4,41],[-8,24],[-12,13],[-11,20],[-12,47]],[[290967,557864],[1,-14],[7,-5],[5,-26],[4,-46],[9,-23],[6,-25],[6,-8],[6,31],[11,22],[-2,-44],[4,-10],[7,-5],[10,-15],[2,-8],[5,2],[4,-8],[6,-25],[-5,-15],[0,-28],[3,-12],[-4,-8],[-5,-22],[1,-26],[-2,-30],[0,-13],[8,-22],[2,-3],[0,-31],[2,-13],[-7,-33],[4,-17],[0,-19],[3,-8],[-2,-9],[-11,-4],[-4,-11],[6,-15],[4,-16],[0,-24],[-5,-7],[-5,3],[2,-16],[5,-14],[13,-4],[3,-14],[8,-16],[0,-22],[2,-17],[-5,-59],[5,-22]],[[291141,556469],[-98,-147],[-11,-26],[15,-23],[7,-15],[84,-62],[35,-29],[2,-36],[-16,-6],[-15,14],[0,-14],[-3,-34],[-11,-30],[-2,-29],[-10,-22],[-22,-24],[-8,-2],[-7,-10],[-4,-28],[-5,-45],[-7,-37],[-7,-15]],[[291084,555218],[-15,-14],[-1,-6],[-16,-35],[-5,-21],[-2,-19],[-1,-13],[-6,-34],[-8,-26],[-2,-4],[-16,-13],[-17,-1],[-17,-16],[-6,-7],[-5,-15],[-8,-9],[-7,-31],[-2,-39],[-3,-18],[-13,-22],[-2,-18],[-7,-36],[-6,-16],[0,-18],[-1,-16],[-36,-284],[-10,-18],[-21,-143],[1,-20],[-37,-117],[-3,-2],[-39,-19],[-11,-35],[-22,-65],[-5,-22],[15,2],[10,-20],[0,-40],[14,-7],[1,-20],[-2,-59]],[[290119,577618],[2,-4],[6,-37],[2,2],[11,6],[15,8],[-1,-21],[-3,-12],[-7,-8],[-1,8],[-7,-5],[1,-13],[5,-32],[6,8],[3,-12],[7,15],[5,-20],[13,49],[1,23],[7,0],[7,-13],[5,-18],[-10,-15],[3,-27],[-11,-7],[1,-16],[2,-11],[13,8],[26,7],[16,8],[18,7],[10,25],[4,-9],[14,3],[23,29],[5,2],[4,-4],[5,-11]],[[290319,577531],[-5,-14],[4,-18],[-1,-17],[5,-30],[-4,-26],[3,-6],[-5,-32],[-4,-44],[-17,-16],[-13,9],[-10,18],[-2,19],[-11,-30],[2,-15],[10,-48],[0,-12],[-5,-39],[-2,-17],[2,-9],[-2,-13],[-3,-1],[-2,-6],[1,-7],[-5,-15],[-2,-6],[4,-24],[3,-21],[2,18],[4,5],[0,30],[7,21],[8,-2],[7,7],[6,-23],[0,-30],[5,-15],[-5,-7],[-6,-21],[-4,-24],[6,3],[8,18],[5,16],[8,12],[6,-10],[-2,-14],[3,-11],[3,-32],[-6,-7],[-8,-34],[-2,5],[-4,-20],[-8,8],[5,-17],[3,-16],[5,22],[4,-20],[5,-4],[7,14],[4,-36],[-1,-15],[9,7],[-8,-25],[-3,-35],[1,-39],[-13,-10],[-5,-34],[-5,-1],[1,-31],[-7,-22],[6,-32],[1,-30],[6,-12],[6,11],[10,-9],[8,8],[-1,-27],[6,1],[10,-15],[5,-16],[9,-10],[11,11],[3,-13],[11,-25],[0,-13],[5,-24],[-1,-30],[13,-18],[4,-36],[12,25],[8,-6],[4,-11],[15,-17],[5,1],[0,-8],[6,-19],[6,-4],[8,-38],[3,-18],[4,-8],[3,-15]],[[290481,576345],[-33,-32],[-13,-13]],[[290435,576300],[-102,-102]],[[290171,576038],[-3,19],[4,18],[-2,62],[-6,6],[-4,12],[-1,21],[-7,2],[-8,-19],[-7,20],[-20,24],[1,34],[-4,26],[2,26],[-2,14],[-7,10],[-3,17],[-3,36],[1,18],[13,55],[7,82],[7,19],[6,42],[0,11],[3,15],[4,2],[0,16],[-3,14],[1,43],[2,11],[-2,9],[4,15],[4,-13],[8,21],[5,-8],[5,7],[3,21],[9,27],[5,2],[6,25],[7,7],[2,20],[5,10],[4,26],[-4,12],[4,29],[-4,14],[-5,48],[-5,19],[-8,-26],[-6,-2],[-3,-43],[3,-6],[-2,-22],[-7,21],[-1,20],[-3,2],[4,21],[-7,25],[-2,37],[-15,47],[4,17],[-4,16],[-4,2],[-7,18],[1,20],[-1,24],[-12,36],[-8,17],[-4,-3],[-4,11],[-9,-4],[-11,23],[-8,30],[-9,16],[-4,-4],[-2,18],[-8,-2],[-5,15],[-3,-16],[-8,-32],[1,-21],[-3,-21],[-3,-41],[-7,2],[-13,-16],[-5,5],[-9,35],[-7,22],[-2,34],[-6,13],[-1,12],[5,-7],[9,1],[-1,15],[-6,-4],[-1,32],[14,14],[4,8],[5,32],[6,14],[-9,-11],[-5,1],[0,30],[-9,30],[-6,2],[-7,-22],[-6,-11],[-3,34],[-8,-4],[1,16],[6,2],[4,17],[7,5],[3,21],[5,13],[-12,14],[13,36]],[[291592,558062],[-1,-20],[-2,-4],[-4,-11]],[[289856,548005],[2,-17],[3,-47],[-56,-103]],[[289805,547838],[-9,55],[-24,132],[3,2],[2,5],[9,41],[-2,18],[8,9],[13,5],[23,-17],[10,-12],[15,-56],[3,-15]],[[287391,575876],[80,0]],[[287471,575876],[44,0]],[[287515,575876],[0,-8],[-8,-12],[2,-15],[-15,-87],[-3,-5],[-8,-6],[-6,18],[-2,25],[-10,-21],[-13,-2],[-6,5],[-2,-30],[-8,-8],[-4,32],[-17,4],[-12,-56],[-16,1],[0,-76],[28,-1],[0,-15],[8,0],[0,-44],[0,-10],[-16,-10],[-5,-11],[-5,6],[6,-47],[-2,-11],[8,-17],[2,-43],[-1,-1],[3,-27],[0,-30],[6,-17],[7,14],[10,0],[9,-14],[2,-24],[-6,-24],[-9,-12],[-5,-18],[0,-33],[3,-25],[4,-11],[0,-15],[13,28],[5,20],[22,-127],[3,4],[0,-28],[20,-111],[27,36],[12,1],[10,11],[5,-3],[11,-41],[6,-7],[8,3],[6,-8],[18,20],[24,46],[6,15],[8,-4],[1,10],[6,7],[10,6],[12,14],[12,5],[8,-11],[8,1],[15,17],[6,10],[-1,20],[108,-102],[-2,-21],[4,-16],[-2,-7],[2,-12],[22,-52],[0,-18],[-13,7],[4,-21],[-2,-15],[12,-1],[0,-21],[3,0],[0,-78],[-31,0],[0,-10],[13,-5],[1,-13],[-8,-30],[3,-8],[12,28],[4,-4],[0,-18],[7,-3],[14,27],[7,36],[29,1],[0,19],[23,1],[0,-119],[33,-4],[0,102],[-28,21],[-6,18],[0,40],[0,77],[-21,3],[0,36],[5,-5],[8,2],[17,15],[11,4],[10,25],[12,8]],[[287966,575016],[16,-52],[7,-3],[12,-58],[6,-52],[5,-35],[-1,-50],[-1,-13],[-8,-26],[-2,-23],[0,-33],[-6,-62],[-1,-37],[-1,-15],[-1,-34],[3,-22],[3,-49],[3,-20],[-2,-38],[10,-43],[6,-12],[10,-34],[1,-30],[7,-22],[22,-54],[-1,-14],[-5,-16],[-4,-29],[-4,-44],[2,-42],[-3,-35],[0,-21],[4,-19],[6,-6],[9,1],[6,-15],[10,-43],[13,-11],[1,-46],[0,-253]],[[288088,573606],[-93,-78],[-3,-1],[-25,-41],[-20,-48],[0,-11],[-4,-23],[1,-22],[-3,-21],[-5,-13],[2,-29],[-6,-28],[4,-36],[0,-22],[-2,-21],[2,-22],[3,-21],[0,-28],[5,-34],[2,0],[3,-32],[-1,-20],[1,-26],[-10,-20],[-4,-24]],[[287596,572999],[-11,32],[-6,30],[-10,20],[-6,26],[3,28],[-2,24],[3,29],[-9,67],[-2,14],[-8,29],[-7,14],[-4,46],[-8,71],[-9,10],[-9,3],[-7,11],[-16,46],[-11,18],[-17,-10],[-8,3],[-12,17],[-8,0],[-8,10],[-11,-1],[-20,-5],[-14,19],[-17,31],[-11,11],[-33,-2],[-5,9],[-13,10],[-18,69],[-6,9],[-19,7],[-9,6],[-10,20],[-57,27],[-22,-3],[-7,8],[-20,3],[-14,-49],[-5,-4],[-16,7],[-7,-11],[-5,-20],[-11,-1],[-11,-12],[-9,10],[-17,-15],[-15,-17],[-8,22],[-10,21],[-8,30],[-4,2],[-19,51],[-5,6],[5,35],[-2,26],[-2,80],[-4,29]],[[290456,548996],[155,244],[30,46]],[[290665,546232],[-4,30],[-4,9],[-12,8],[-4,16],[-3,12],[-1,37],[1,7],[5,5],[-2,3],[-6,15],[-8,11],[-8,-3],[-10,-23],[-7,-25],[-9,13],[-5,13],[-6,7],[-12,-11],[-4,7],[-5,-5],[-9,15],[-6,-6],[-6,10],[-2,18],[-7,-8],[-6,0],[-4,7],[-9,-6],[-8,23],[-3,-2],[-7,31],[-10,21],[-6,28],[-14,39],[-9,12],[-6,-4],[-9,-16],[-8,4],[-9,-8],[-5,-18],[-6,-12],[0,-8],[-13,-4],[-4,-21],[-3,9],[2,13],[-1,38],[-7,20],[1,17],[-3,21],[-1,24],[4,16],[3,40],[-6,21],[-4,33],[-3,9],[-8,-12],[-7,10],[-4,21],[-17,-9],[-7,21],[-1,29],[-5,-8]],[[290328,546766],[-10,35],[3,20],[10,9],[4,44],[5,23],[0,39],[2,36],[-4,22],[-5,37],[-8,18],[-17,69],[10,54],[8,31],[-7,14],[-9,29],[22,72],[5,-2],[23,7],[2,6],[-19,-7],[-7,5],[-21,14],[4,21],[-7,11],[19,70],[7,13],[11,20],[26,84],[30,96],[32,-42],[0,63],[3,87],[-4,61],[-7,9],[-26,68],[-9,-12],[-20,-14],[-22,-20],[-18,-12],[-16,45],[-24,74],[-5,20],[-6,-23]],[[290283,547960],[-12,33],[11,30],[-11,63],[6,20],[-4,24],[-7,24],[7,23],[-4,13],[16,51],[0,40],[-6,19],[1,13],[19,60],[7,-20],[5,-4],[21,56],[3,-8],[4,13],[-3,14],[2,30],[-2,30],[-7,11],[-4,-17],[-6,21],[2,19],[-17,60],[-35,-111],[-21,69],[-16,-51],[-6,55],[-1,24],[-6,29]],[[288840,557267],[0,17],[12,393],[1,81]],[[289365,558141],[4,4],[3,-34],[69,-225],[4,-23],[13,40],[11,29],[14,-43],[8,-6],[4,9],[2,-9],[5,13],[4,7],[20,16],[-1,41],[3,23],[-2,22],[-11,12],[14,49],[4,13],[10,-3],[-1,22],[6,30],[0,55],[2,10],[1,4],[5,13],[9,-16],[9,5],[5,-4],[3,32],[-1,21],[4,-22],[-1,-30],[3,-16],[6,0],[1,9],[6,3],[-1,-17],[5,9],[3,-11],[0,-19],[10,9],[2,12],[4,-5],[1,22],[6,-17],[9,17],[2,18],[-8,7],[-3,16],[9,-8],[0,21],[-2,15],[-4,12],[-9,5],[10,11],[-2,13],[3,7],[-6,8],[7,10],[4,2]],[[289177,554852],[-4,2],[-7,-27],[-9,-1],[-4,31],[-2,-1],[-5,-1],[-123,-59]],[[282959,558148],[12,-3],[5,-26],[6,-2],[-1,15],[4,23],[-9,31],[0,22],[10,-9],[7,14],[6,24],[0,40],[5,-3],[11,18],[11,-1],[2,-34],[0,-61],[6,-60],[-2,-48],[0,-19],[6,-73],[2,-84],[4,-46],[1,-67],[8,-16],[6,-1],[10,11],[-1,54],[6,12],[19,9],[15,-23],[15,-7],[7,11],[8,25],[5,19],[7,8],[32,-61],[9,-13],[16,-31],[3,9],[-8,21],[2,14],[9,-5],[10,1],[10,30],[9,-9],[19,-28],[10,-4],[6,-43],[-2,-21],[8,-19],[8,-30],[4,27],[5,15],[9,12],[4,23],[5,2],[5,-13],[1,-5],[9,23],[11,9],[7,23],[15,1],[7,-10],[15,11]],[[283388,557830],[7,-147],[7,-133],[5,-85]],[[283407,557465],[11,-232]],[[283418,557233],[16,-308],[24,-470],[17,-322],[0,-2]],[[289980,571442],[2,0],[16,-35],[14,-11],[2,-15],[-5,-31],[-11,16],[-18,-15],[0,-84],[6,-16],[29,-17],[13,-16],[0,-15],[-10,-36],[-4,-33],[2,-23],[15,-4],[33,-62],[10,-63],[-1,-20],[-1,-45],[8,-12],[14,-22],[12,26],[7,3],[14,-21],[2,-25],[-7,-35],[8,-31],[14,2],[22,-64],[-1,-23],[6,-41],[11,-7],[5,-27],[0,-23]],[[289681,569494],[-8,108],[-4,11],[7,0],[1,-17],[8,52],[9,3],[4,33],[1,25],[5,19],[1,15],[5,-9],[15,-4],[6,-16],[4,76],[-3,29],[0,21],[-2,36],[-6,10],[32,8],[3,19],[3,9],[-10,31],[5,8],[0,34],[7,50],[10,-18],[8,-32],[2,8],[0,7],[3,14],[10,3],[4,-8],[5,68],[12,-28],[26,11],[-1,45],[-13,5],[6,62],[8,35],[9,26],[4,-5],[1,20],[2,10]],[[281859,565363],[15,-11],[22,-19],[11,-23],[13,-35],[23,-41],[8,-12],[12,-1],[2,2],[19,40],[5,36],[3,62],[3,29],[4,40],[1,28],[-4,30],[-13,63],[-2,13],[-8,28],[-11,25],[-15,52],[-12,15],[-4,21],[-1,17],[2,26],[7,15],[16,12],[26,17],[27,-5],[22,5],[23,13],[22,17],[18,7],[17,-6],[24,-29],[4,4],[12,34],[19,49],[5,3],[2,9],[5,53],[-1,19],[-8,23],[-22,10],[-16,11],[-19,-6],[-11,1],[-17,11],[-16,16],[-22,44],[-29,95],[-19,53],[-3,13],[0,37],[-3,31],[-3,13],[-11,20],[-7,5],[-7,30],[0,23],[2,23],[9,41],[11,31],[5,5],[24,-5],[15,-1],[59,48],[5,15],[18,84],[4,22],[8,20],[6,5],[12,6],[22,21],[7,10]],[[282928,566678],[32,-591],[4,-75],[11,-197],[4,-125],[1,-20],[19,-371]],[[291858,563839],[24,-121],[7,-18],[35,-33],[11,7],[12,18]],[[284386,574837],[7,2],[6,5],[4,1],[8,-2],[35,-17],[3,-3],[12,-18],[0,35],[1,8],[10,1],[1,59],[3,3],[6,6],[4,7],[3,4],[11,25],[1,7],[0,9],[2,19],[-3,14],[6,9],[6,-4],[5,30],[10,32],[7,13],[7,25],[13,14],[19,42],[11,2],[8,28],[9,-10],[13,-2],[17,4],[2,-9],[11,-1],[6,6],[30,0],[0,-19],[-3,-15],[0,-202],[-2,-14],[33,30],[4,6],[16,33],[9,13],[23,11],[8,9],[4,10],[15,53],[8,9],[-6,28],[-6,17],[-11,41],[-28,95],[-12,30],[-7,36],[6,3],[58,0],[5,22],[0,22],[9,3],[-11,49],[-4,46],[-1,32],[2,65],[16,-7],[17,4],[-1,74],[-18,-3],[0,44],[31,0],[1,-29],[-2,-60],[5,-11],[3,-32],[6,-48],[-2,-30]],[[284845,575496],[-1,-26],[2,-18],[-5,-2],[-7,-32],[-10,-18],[-6,-45],[2,-33],[-4,-7],[-2,-42],[-8,-33],[1,-23],[-3,-2],[-1,-57],[-5,-52],[-4,-39],[19,-61],[3,-28],[-2,-31],[1,-9],[4,5],[5,-14],[6,5],[7,-19],[5,-23],[10,-16],[0,-9],[-9,-27],[-11,-3],[2,-33],[-4,0],[-4,23],[-3,-9],[3,-27],[3,-9],[5,-30],[0,-13],[4,-15],[6,8],[0,-15],[-5,-17],[1,-8],[8,-21],[-2,-24],[5,-12],[5,-27],[6,7],[1,-32],[6,4]],[[284322,571541],[2,66],[-1,18],[-7,14],[-14,-2],[4,30],[0,40],[15,0],[4,42],[-3,104],[0,23],[2,87],[3,149],[-1,27],[0,4],[-9,42],[-4,39],[4,20],[12,7],[2,42],[-1,3],[-9,73],[-5,26],[14,16],[14,15],[8,12],[13,40],[-3,15],[-3,4],[11,55],[3,21],[12,103],[13,112],[3,29],[-1,1],[3,25],[9,43],[-2,29],[5,53],[6,0],[7,67],[2,33],[-2,29],[-1,9],[-5,15],[-2,20],[-3,64],[-5,35],[-3,25],[-1,27],[3,31],[3,0],[-1,25],[-3,0],[-2,39],[-2,0],[2,5],[0,21],[9,73],[2,43],[-3,48],[9,0],[-1,73],[0,3],[0,8],[0,2],[-6,-8],[-2,-2],[-1,0],[-5,1],[1,14],[5,0],[0,65],[-4,31],[-4,36],[-1,44],[-6,73],[-4,74],[-10,80],[-3,60],[-6,97],[-2,164],[-1,115],[6,166],[2,91],[3,73]],[[290308,574402],[7,-56],[3,-6],[1,-27],[4,-14],[12,-9],[6,-19],[6,-23],[8,15],[6,-4],[6,-17],[7,9],[7,-24],[5,-3],[7,12],[-5,-43],[-3,-7],[2,-17],[4,-2],[3,28],[10,45],[2,27],[1,25],[-5,57],[0,18],[10,21],[3,14],[6,5],[0,26],[11,24],[3,18],[8,-21],[7,14],[6,45],[3,-6],[7,26],[2,-12]],[[290468,574521],[7,29],[7,2],[-4,-11],[2,-17],[14,-41],[2,12],[-2,35],[3,5],[10,-24],[7,-44],[8,-23],[8,-30],[3,-7],[10,16],[0,-29],[9,-22],[4,-42],[9,3],[-3,-23],[-7,7],[-6,-18],[3,-11],[7,8],[7,-19],[7,13],[3,-15],[-1,-9],[-6,-2],[-11,-35],[-5,-23],[6,-33],[-2,-23],[4,-7],[4,-22],[5,-5]],[[290570,574114],[-2,-1],[-3,6],[-1,5],[-2,10],[-3,-7],[-2,0],[-8,-1],[-24,-41],[-5,-33],[-5,-6],[-3,-14],[-3,3],[-7,-89],[-7,10],[-1,4],[-24,11],[-5,-7],[-4,-31],[-6,7],[-6,-50],[-4,-95],[0,-26],[-9,-48],[-7,2],[-5,2],[-11,-11],[2,-29],[19,-94],[-9,-15],[-5,13],[-5,41],[-21,13],[-11,-6],[-1,4],[-2,-4],[-4,-19],[2,0],[1,-13],[-9,-24],[2,-19],[-3,-16],[6,-6],[9,-73],[-11,-23],[-5,29],[-3,24],[-2,-1],[3,-25],[-10,-8],[11,-15],[-8,-108],[3,-10],[4,-8],[3,2],[-1,-24],[-1,-38],[-4,-18],[-12,14],[-2,0],[-1,-10],[0,-12],[3,-35],[0,-9],[2,-16],[7,-31],[-2,-34],[-2,10],[-3,4],[-13,39],[0,20],[-3,34],[-1,7],[-7,-40],[-1,-14],[10,-24],[0,-19],[-13,15],[-1,-33],[2,-21],[11,-33],[-1,-10],[5,-5],[0,-9],[13,2],[5,-3],[-1,-15],[1,-18],[-1,-15],[5,-54],[19,30],[14,-9],[11,3],[2,-17],[1,13],[26,-78],[3,18],[8,-37],[14,-9],[5,-27]],[[290409,572607],[1,15],[-9,21],[-11,10],[6,-44],[-19,-9],[-10,34],[-17,53],[-5,1],[-7,69],[-4,-29],[-8,-17],[-3,12],[-10,-4],[-3,-20],[-9,37],[-1,5],[-9,-27],[-5,-42],[-10,-13],[-18,-1],[-6,-11],[0,-16],[8,-11],[8,-34],[-21,14],[-13,2],[-8,-6],[-4,10],[-15,16],[-7,33],[-8,23],[-4,4],[-19,-1],[-7,10],[-3,33],[3,13],[3,34],[-3,26],[-7,-1],[-6,5],[-5,15],[-19,-3],[-4,-3],[-1,-4],[-39,0],[-1,9],[-7,-22],[-7,-5],[0,13],[-6,28],[3,39],[-9,30],[-22,-6],[-6,-28],[4,38],[-3,42],[-3,13],[-15,8],[3,26],[-4,11],[1,32],[-1,28],[-9,43],[5,18],[6,-1],[0,32],[6,25],[-11,9],[1,31],[2,28],[7,26],[-1,29],[6,31],[2,-1],[8,23],[4,-3],[6,36],[0,24],[1,6],[0,7],[1,4],[8,23],[-5,17]],[[289429,572593],[20,50],[2,27],[8,6],[17,80],[9,-9],[8,18],[6,-2],[6,-20],[10,4],[3,13],[7,11],[50,-31],[9,24],[5,7],[9,47],[0,39],[17,47],[4,-13],[6,2],[13,23],[-9,34],[25,28],[0,20],[9,31],[-1,9],[-14,48],[6,10],[22,65],[-6,23],[30,80],[0,38],[9,-6],[-3,16],[3,5],[-2,14],[7,2],[-6,24],[-3,29],[7,-8],[11,20],[3,-10],[4,11],[10,91],[4,-13]],[[290611,570696],[-17,-11],[-11,-1],[-7,19],[-10,17],[-15,-22],[0,15],[-44,82],[-2,-25],[1,-21],[8,-73],[-8,-8],[-8,2],[-5,11],[-17,3],[-6,20],[-28,-33],[-5,18],[-1,16],[-4,-13],[-7,29],[-15,24],[-10,15],[-6,18],[-2,13],[-22,70],[-9,-14],[-9,-45],[4,-45],[-2,-28],[-5,-43],[-4,-59],[-1,-9],[-22,-26],[-14,-73],[-2,3],[-4,4],[-26,-79],[-3,10],[-11,-6],[-3,-23],[12,-26],[6,25],[6,-2],[8,43],[2,1],[-6,-40],[-26,-75]],[[285531,561055],[8,31],[5,62],[20,46],[5,5],[7,-4],[4,-3],[8,4],[4,16],[9,80],[6,27],[5,34],[3,10]],[[285615,561363],[8,10],[6,14],[44,142],[21,55],[25,58],[15,28],[5,15],[14,94]],[[285753,561779],[7,31],[7,18],[22,45],[5,7],[15,30]],[[285809,561910],[0,-48],[0,-34],[7,0],[2,-5],[12,-13],[-6,-23],[-3,-16],[-7,-46],[-4,-16],[-1,-4],[0,-7],[0,-84],[0,-27],[-7,-2],[-22,1],[-32,-55],[-27,-44],[21,-46],[-3,-12],[-5,2],[-3,-11],[2,-9],[8,-14],[0,-22],[6,0],[0,-64],[-18,30],[-5,-3],[-7,-18],[-5,-10],[-18,-2],[-10,-5],[-5,-39],[0,-47],[-14,1],[-4,15],[-8,3],[-4,-20],[-3,8],[-8,-10],[2,-28],[15,-5],[0,-24],[-15,4],[-2,13],[-4,2],[6,-45],[-3,2],[-6,2],[-11,-66],[0,-8],[-1,-213],[-12,-5],[-6,30],[-15,43],[-3,17],[-5,37],[-4,9],[-67,-224],[-1,1],[-11,15],[-41,5],[-1,0]],[[285453,560776],[-7,72],[1,12],[34,48],[17,60],[24,38],[9,49]],[[286168,561948],[13,40],[9,-52],[1,-14]],[[286191,561922],[-3,-3],[0,-17],[-17,1],[-4,-8],[-2,-3],[-3,0],[-4,0],[0,-9],[-6,-12],[-8,2],[0,5],[-1,11],[17,36],[4,12],[4,11]],[[281754,578179],[-6,39],[-4,9],[-11,9],[-9,2],[-3,26],[-7,41],[0,16],[-3,22],[1,13],[-3,17],[-1,30],[-15,59],[-8,25],[-4,22],[1,11],[4,0],[5,32],[0,11],[4,-41],[5,-27],[4,-11],[18,-4],[7,-57],[6,-35],[7,-55],[5,0],[5,28],[5,24],[-1,14],[-3,20],[-2,9],[0,12],[0,21],[4,28],[8,-13],[1,36],[2,-10],[0,-37],[3,-25],[11,-16],[9,-33],[1,-12],[6,-26],[-3,-91],[15,-7],[6,-17],[0,-27],[4,-24],[9,-9],[3,-40],[-2,-51],[2,-11],[5,-4],[6,-33],[2,38],[24,92],[5,29],[3,52],[-3,44],[-13,54],[-3,23],[9,4],[4,-6],[3,-26],[3,14],[-4,33],[1,33],[2,17],[-2,21],[3,26],[0,31],[3,10],[1,27],[5,10],[5,20],[0,13]],[[281889,578598],[19,-24],[7,-3],[-7,-36],[-2,-7],[-3,-5],[11,-4],[4,23],[1,27],[62,-28],[22,-4]],[[282003,578537],[0,-17],[5,-22],[12,-36],[1,-20],[8,-17],[13,-44],[0,-11],[5,-32],[4,-10],[2,-33],[-1,-27],[-2,-5],[2,-23],[-3,-13],[-1,-18],[-3,-7],[-6,-27],[-4,-15],[15,-64],[2,-39],[7,-11],[1,-13],[9,-21],[0,-25],[3,-18],[0,-31],[2,-18],[9,-14],[8,-27],[9,-23],[7,7],[5,-16],[2,-36],[2,-10],[0,-22],[4,-30],[-2,-17],[0,-30],[0,10],[6,16],[10,1],[4,14],[14,4],[10,-65],[-4,-35],[-5,17],[-4,-66],[-5,-51],[-3,-8],[-1,-50],[-4,-45],[-3,-6],[-8,-42],[-6,-11],[0,-20],[-11,2],[-3,-7],[-8,45],[-7,26],[-7,17],[-25,-4],[-7,-11],[-1,-11],[2,-44],[-2,-32],[5,-3],[13,44],[9,14],[10,-17],[2,-10],[-4,0],[-5,-29],[5,-51],[7,-29],[-11,-62],[4,-10],[-6,-7],[0,-23],[-10,-25],[-8,-10],[4,-19],[3,-53],[11,4],[10,-3],[9,9],[5,37],[15,78],[8,16],[5,22],[5,-12]],[[282136,577207],[-5,-44],[2,-36],[0,-29],[3,-35],[15,-22],[-8,-30],[-17,-49],[-5,-17],[-8,-17],[-10,-35],[-9,-18],[-2,-9],[3,-24],[10,19],[4,17],[6,8],[13,35],[13,18],[4,-8],[6,-72],[5,-13],[7,-3],[-1,-6],[-5,-16],[-3,-13],[-16,-24],[2,-37],[-4,-34],[0,-32],[9,-41],[7,-4],[3,-42],[6,-18],[10,-12],[14,-1],[6,-11],[4,-15],[-19,-13],[-11,-34],[-5,-36],[6,-24],[14,8],[4,-13],[-2,-9],[-10,3],[-1,-7],[4,-24],[-14,-8],[-7,-93],[0,-57],[-4,-26],[5,-6],[4,33],[7,31],[10,29],[14,27],[18,23],[19,-23],[8,3],[12,14],[23,40],[19,29],[8,4],[9,14],[0,9],[8,-17],[8,-29],[9,-65],[-2,-23],[-1,-49],[2,-32],[4,-24],[13,-54],[26,-59],[12,-16],[15,-21],[5,-2],[5,-13],[26,-1],[26,33],[4,0],[26,54],[10,17],[36,40],[14,6],[23,15],[8,10],[16,43],[4,19]],[[282603,576263],[20,-51],[-10,-18],[-9,-23],[-20,-46],[-9,-48],[-4,7],[-4,-18],[-16,-24],[-3,-22],[6,-15],[-7,-16],[-8,27],[-6,1],[11,-36],[7,-11],[7,2],[17,-26],[1,15],[-4,29],[-7,14],[-1,20],[15,-22],[6,1],[5,-9],[6,-40],[-1,-40],[-3,-22],[16,-40],[-15,-16]],[[282593,575836],[-163,8]],[[282430,575844],[-19,1],[-4,0],[-9,1],[-246,14],[-18,1],[0,0]],[[282134,575861],[-5,1],[-61,3],[-13,1],[-30,2],[-30,2],[-10,0],[-28,2],[-119,7],[-37,2],[-50,3],[-14,0],[-61,2],[-39,1]],[[281628,575887],[0,19],[0,37],[1,152],[0,295],[0,192],[-8,-5],[-8,4],[-4,-7],[-3,-22],[-5,-4],[-17,-23],[-6,-5],[-19,0],[-6,8],[-11,26],[-12,11],[-5,22],[-12,26],[3,7],[6,40],[3,6],[8,-3],[3,-10],[14,12],[12,21],[11,-3],[7,9],[17,13],[3,5],[3,25],[-2,36],[2,32],[3,12],[-1,28],[2,37],[3,36],[0,13],[4,14],[-1,19],[5,52],[1,20],[10,5],[0,54]],[[286573,565228],[-9,-69],[-4,-29],[-9,-67]],[[286551,565063],[-5,-19],[-15,-38],[-10,-14],[-34,-37],[-6,-11],[-14,-37],[-25,-93],[-14,-64]],[[286428,564750],[-5,-2],[1,13],[1,2],[0,3],[0,3],[0,56],[-17,1],[-6,17],[10,19],[4,8],[0,1],[-1,24],[9,39],[0,-1],[1,5],[1,11],[2,9],[4,37],[1,5],[5,19],[4,20],[-2,9],[0,18],[0,47],[0,14],[-16,1],[-1,0],[-1,-1],[-1,-1],[-1,3],[1,53],[-19,1],[-3,45],[-7,9]],[[286670,563246],[14,26],[18,22],[6,5],[55,30],[8,11],[25,61],[36,65],[13,24],[9,15],[8,14],[14,25],[29,45],[8,23]],[[286913,563612],[23,60],[21,39],[6,-12],[2,-9],[12,-53],[7,-10],[6,-21],[1,-30],[10,-24],[10,-15]],[[287011,563537],[1,-4],[-1,-12],[9,-32],[9,-45]],[[287029,563444],[-15,8],[-16,-36],[-12,3],[-10,25],[0,-15],[6,-58],[4,-14],[-13,-20],[2,-12],[-17,-29],[-3,5],[-1,-10],[-5,2],[2,45],[-9,30],[0,-1],[-1,6],[-4,8],[-5,-20],[0,-1],[9,-64],[-8,13],[-8,-19],[-4,-7],[-3,24],[-4,8],[-12,-12],[1,-15],[-8,-15],[7,-36],[-5,-14],[0,-2],[-3,11],[-5,-8],[3,-20],[-2,-25],[-9,4],[-6,6],[-2,-4],[2,-16],[4,-6],[10,-44],[-12,-25],[-17,7],[6,-31],[0,-5],[6,-6],[-2,-13]],[[286870,563046],[-4,-15],[-1,-3],[-6,-13],[-6,-25],[-13,-19],[0,-17],[6,-19],[0,-49],[-3,-19],[6,-47],[-13,-14],[-12,3],[-6,1],[-3,-3],[-8,9],[-12,39],[3,21],[11,35],[-12,0],[-7,55],[-1,-18],[-11,-8],[-1,21],[5,3],[14,22],[-5,12],[-6,64],[-2,8],[-10,34],[6,11],[-4,24],[-5,-10],[-2,16],[-12,-22],[-1,10],[-3,-1],[-6,1],[1,-9],[-11,-20],[-17,-17]],[[286719,563087],[-7,10],[-2,9],[-13,63],[-10,43],[-15,29],[-2,5]],[[285617,564246],[13,24],[1,21],[9,3],[9,-29],[-7,-4],[4,-16],[1,-3],[7,15],[0,8],[1,7],[9,16],[6,22],[1,5],[1,4],[0,1],[-5,42],[0,20],[7,98],[1,39],[-1,1],[1,24],[-2,51],[-2,51],[-12,-19],[-4,-13],[-8,-8],[0,73],[9,2],[13,16],[2,1],[13,-6],[19,-3],[-2,64],[-1,66],[6,-1],[0,-14],[17,-1],[7,12],[-3,56],[0,89],[1,5],[2,9],[2,12],[12,24],[0,6],[24,-78],[4,-7],[3,17],[5,26],[3,14],[4,-10],[2,0],[1,5],[3,15],[0,4],[-5,6],[1,14],[-31,3],[-3,9],[0,15],[10,23],[12,17],[-1,8],[8,9],[4,-4],[-5,11],[-10,40],[-3,-1]],[[285770,565152],[1,22],[10,4],[0,47],[8,-3],[0,13],[20,-1],[0,8],[11,0],[0,-9],[17,-1],[5,0],[6,0],[15,-1],[28,-3],[3,0],[10,-1],[26,-1],[7,1],[0,0],[15,-2],[7,-1],[20,-3],[21,-1],[43,-3],[6,0],[19,-1],[0,-21]],[[286068,565195],[0,-65],[22,-1],[-1,14],[5,-40],[-19,-20],[-2,-4]],[[286073,565079],[-6,-13],[0,-20],[-8,0],[-2,-3],[-18,-16],[-8,-20],[-14,-25],[-5,-12],[-14,-37],[-3,-13],[-1,-12],[-1,-6],[-2,-28],[-8,-57],[-4,-14],[2,-16],[-9,-9],[-14,-59],[-3,-12],[-19,-38],[-2,-3],[0,-11],[-8,-4],[-5,-3],[-2,-6],[-5,0],[-1,4],[-3,-4],[-9,-15],[-5,-10],[-3,-7],[5,-22],[-11,-3],[-4,-20],[-11,-47],[-2,-9],[-3,-28],[-9,-58],[-9,-47],[-3,-17],[-4,-21],[-2,-7],[-1,-5],[-4,-12],[-2,-7],[-8,-14],[-6,-1],[-10,1],[0,-14],[-9,0],[1,15],[-11,0],[-13,2],[-10,-34],[-1,-5],[0,-2],[-6,-34],[-1,-5],[1,-1],[2,-8],[1,-3],[2,-7],[13,-48],[0,-22],[-14,0],[0,-35],[7,-1],[-1,-42],[0,-1],[-2,-1],[-6,-8],[0,-1],[-28,104],[-8,30],[-8,30],[-9,22],[-3,-8],[5,-1],[5,-14],[0,-48],[-16,-55],[-24,41],[1,8],[1,-1],[3,-6],[2,16],[-4,0],[0,1],[0,-1],[-1,0],[1,3],[-6,22],[-6,-28],[-26,43],[3,16],[-3,5],[-2,-17]],[[285639,564200],[-14,26],[-5,12]],[[285620,564238],[-3,8]],[[288915,571233],[-2,-7],[-1,-21],[0,-7],[15,-51],[6,-8],[1,-35],[11,5],[10,-28],[0,-12],[6,-36],[1,-5],[9,-18],[7,13],[0,-84],[-27,6],[-5,0],[5,-13],[4,-14],[5,-5],[0,-26],[-23,-66],[-7,-3],[5,22],[-3,13],[-9,-19],[-15,-26],[6,-30],[-8,-2],[-1,7],[-10,-10],[-8,40],[-12,-62]],[[289628,561901],[5,0],[5,57],[11,3],[0,-16],[12,42],[5,-1],[8,13],[11,-2],[4,6],[5,26],[7,6],[9,29],[12,16],[3,16],[-1,27],[12,12],[9,0],[8,29],[1,22],[8,-13],[5,0],[15,24],[3,27],[-3,28],[1,12],[6,25],[-2,4],[-1,32],[-3,31],[8,31],[0,28],[3,7],[2,45],[6,22],[-1,23],[21,28],[4,-1],[11,24],[2,33],[4,12],[8,10],[1,19],[13,42],[0,38],[7,20],[10,15],[4,19],[8,22],[9,8],[4,-3]],[[289907,562798],[-1,-13],[3,-32],[13,-42],[17,-15],[10,-32],[3,-15],[8,-18],[7,-22],[8,-42],[7,-13],[3,-34],[3,-6],[2,9],[10,-21],[6,-33],[5,-11],[4,1],[4,-44],[4,-22],[9,-31],[6,-41],[5,-20],[4,-32],[5,-16],[6,-5],[-2,-32],[0,-23],[5,-13],[2,-25],[4,-14],[18,-14],[7,-16],[8,-32],[10,-7],[8,1],[13,9],[4,-3],[12,20],[5,25],[8,22],[2,25],[11,27],[11,8],[7,16],[2,-5],[4,14],[9,6],[3,24],[5,15],[0,18],[14,59],[9,9]],[[292269,568345],[5,-20],[1,-15],[-1,-109],[2,-35],[4,-11],[4,32],[-2,23],[6,30],[3,35],[-2,16],[4,34],[-2,14],[5,5],[6,-11],[9,38],[9,6],[7,-41],[7,-2],[8,7],[-7,-29],[0,-43],[9,-63],[5,13],[6,34],[5,14],[-7,42],[8,-1],[6,-6],[9,20],[9,6],[18,39],[11,39],[39,-119],[-10,-33],[-2,-19],[-16,-44],[30,-85],[-3,-7],[-13,-4],[-19,14],[-5,-20],[-11,-29],[13,-57],[4,-25],[0,-44],[2,-17],[15,-63],[0,-26],[5,-25],[-5,-29]],[[286204,547827],[-5,10],[-3,-3],[-18,33],[-1,15],[4,45],[-41,1]],[[286140,547928],[0,31],[1,41],[15,12],[11,17],[4,-4],[10,7],[12,-9],[7,0],[6,13],[-4,51],[-9,86],[2,31],[-1,24],[0,20],[2,-6],[19,-4],[9,-12],[9,4],[5,7],[8,1],[16,-25],[8,6],[14,-16],[0,-25],[2,-19],[4,-7],[2,-32],[-8,-21],[-9,-8],[-6,-24],[-6,-10],[-10,5],[-3,-15],[-7,-68],[10,6],[12,17],[18,2]],[[281169,571170],[-3,-13],[-24,-23],[-24,-43],[-6,-16],[-7,-32],[-11,-63],[-6,-39],[-10,-25],[-14,-31],[-22,-53],[-7,-15],[0,-66],[-13,2],[0,-46],[-13,-2],[0,-68],[-37,-3],[1,-37],[12,-1],[2,-255],[-12,-1],[-3,0],[1,10],[-7,21],[-9,16],[-20,3],[-4,9],[-7,-1],[0,-23],[6,-8],[-1,-30],[-3,-21],[-10,-38],[-6,-46],[1,-42],[3,-8],[-4,-25],[2,-62],[9,-53],[5,-18],[-7,-16]],[[280921,570008],[-38,-98],[-13,5],[-12,-35],[-13,-17],[-8,-7],[-59,22],[-19,-4],[-7,-96],[-11,-13],[-2,-20],[2,-33],[5,-19],[8,-47],[-14,-7],[-14,-12],[0,-21]],[[284372,578657],[26,36],[3,-26],[-5,-14],[1,-24],[-8,-37],[-6,-15],[-11,-73],[19,-26],[-6,-36],[3,-6],[-3,-23],[-3,7],[-12,-98],[15,-21],[-11,-79],[-8,12],[-5,-39],[35,-50],[3,-15],[2,-43],[9,4]],[[284410,578091],[3,-17],[4,-9],[6,6],[6,25],[16,-7],[9,-5],[3,-6],[-3,-15],[6,-13],[6,-19],[12,-25],[-2,-20],[4,-13],[7,-2],[20,-2],[15,-24],[-9,-31],[-23,-68],[5,-8],[-3,-22],[6,-9],[3,18],[23,-34],[1,-18],[-5,-23],[-6,-7],[-29,43],[-14,14],[-6,-12],[6,-20],[4,3],[15,0],[30,-46],[6,-13],[-3,-26],[0,-22],[-4,-27],[-11,-20],[6,-13],[-2,-5],[11,-18],[3,-11],[6,-74],[-17,11],[-7,-17],[8,-21],[5,-11],[0,-15],[7,-18],[-2,-24],[-4,-7],[-9,29],[-14,17],[-13,-1],[-4,-2],[-9,-45],[2,-11],[-11,-16],[-9,-3],[-4,-38],[-20,-8],[-14,7],[3,-10],[21,-42],[-1,-18],[-6,-43],[-5,-20],[-5,-48],[4,11],[8,-19],[-3,-22],[1,-21],[-4,-14],[-2,-22],[-7,-14],[1,-11],[-4,-14],[-2,-17],[4,-10],[-3,-34],[-10,-26],[3,-10],[-4,-25],[-4,-24],[0,-22],[-4,-17],[4,-15],[-1,-23],[13,-22],[-4,-50],[-7,-25],[-7,9],[-5,-40],[-5,-10],[2,-20],[-4,-45],[1,-26],[-5,-18],[-7,-39],[-2,-25],[-10,-36],[-14,-64]],[[284347,576382],[-22,49],[-2,10],[-21,115],[7,50],[-12,11],[-11,29],[-6,12],[3,12],[-8,6],[0,-22],[-13,-5],[-6,-13],[-4,-15],[-3,-7],[-4,17],[-18,25]],[[288647,560843],[-58,-279],[-63,-300],[-15,-71],[12,-37],[18,-31],[7,-44],[-9,-14],[-4,-19],[-45,-23],[-3,-3],[-19,-28],[-35,-166],[-16,-79]],[[287931,544414],[2,0],[6,0],[0,68],[61,-1],[0,-44],[43,0],[0,-26],[179,-3],[58,0],[-1,-83],[43,-5],[14,-1],[0,87],[34,2],[14,-3],[4,-1],[11,16],[7,1],[6,-9],[8,2],[5,8],[6,19],[0,26],[6,-3],[12,7],[5,13],[6,7],[14,-3],[12,32],[6,3],[5,-13],[7,-5]],[[284973,549383],[0,-28],[2,-9],[6,-12],[12,-5],[10,4],[5,-6],[7,9],[7,2],[15,19],[7,0],[7,19],[4,-18],[4,4]],[[285059,549362],[1,-38],[-2,-22],[1,-17],[7,-37],[5,-20],[5,-24],[0,-40],[-118,3],[0,-83],[4,-5],[-6,-15],[-11,-7],[-6,-11],[-2,-10],[-11,-36]],[[284926,549000],[-5,-16],[-3,-15],[-4,-36],[-1,-66],[1,-18],[6,-54],[4,-30],[-2,-43],[-7,-26],[-6,19],[-5,-1],[-3,24],[-7,-5],[-9,3],[-3,33],[-6,-3],[-8,10],[0,14],[-4,15],[-4,-21],[-10,1],[-2,-13],[-4,7],[-2,23],[-4,-4],[-5,10],[-6,0],[4,-17],[-2,-22],[-8,-23],[7,-10],[5,-59],[0,-69],[-5,-22],[-10,0],[0,-73],[4,-16],[2,-55],[-14,-5],[-4,-12],[-7,-38],[-10,-24],[-1,-14],[10,-27],[0,-45],[-2,-35],[-5,-60]],[[284791,548182],[-13,32],[-5,6],[-7,-13],[-2,-27],[-5,-14],[-9,-10],[-12,10],[-12,-5],[-4,-7],[-11,-42],[-10,-27],[-8,-10],[-11,-22],[2,-33],[-5,4],[-15,-4],[-18,4],[-6,-5],[-7,-24],[-4,-7],[-21,0],[-15,-3],[0,126],[-16,1]],[[284577,548112],[-40,0],[-8,2],[-2,33],[-12,5],[-12,-40],[-2,32],[10,9],[9,23],[13,20],[0,15],[-7,46],[-1,18],[-23,-1],[0,35],[-8,-9],[-1,9],[-8,-9],[-1,18],[5,25],[-8,7],[0,45],[-3,28],[8,-13],[-1,-15],[39,2],[-1,66],[16,1],[-6,11],[5,18],[-2,21],[-8,-5],[-2,33],[-13,-4],[-9,-19],[-5,-4],[-7,32],[-3,-12],[1,-23],[-7,11],[1,-20],[-3,4],[-8,-9],[-5,34],[-2,20],[-9,-17],[-5,-25],[-1,17],[4,40],[5,3],[2,18],[3,0],[-1,138],[1,37],[-1,11],[-17,1],[-3,33],[-4,-9],[-6,-10],[-5,3],[0,79],[6,0],[2,40],[-2,26],[-20,-1],[0,35],[-11,-1],[1,75],[-12,0],[0,19],[-4,0],[0,19],[-33,2],[0,41],[-5,7],[-5,-21],[-13,-8],[-5,-9],[-7,28],[-9,23]],[[286643,584524],[8,7],[-4,48],[9,4],[15,-36],[11,8],[53,34],[1,-44],[11,-5],[7,11],[11,5],[2,6],[6,1],[34,-102],[-15,-53],[-21,-50],[-4,-1],[-4,6],[-4,-33],[-3,-32],[28,-102],[6,-16],[19,14],[11,-16],[6,-26],[-4,-22],[3,-22],[7,-8],[13,-3],[5,16],[6,7],[2,-9],[10,0],[10,35],[16,13],[-8,56],[-10,31],[-7,43],[3,92],[5,105],[-4,77],[2,14],[2,12]],[[286877,584589],[6,1],[5,-15],[7,22],[-4,11],[8,19],[8,-13],[6,-12],[13,-39],[5,-57],[11,-42],[-1,-37],[2,-6],[6,3],[2,-13],[6,12],[5,-20],[19,-39],[8,6],[8,57],[17,90],[-1,76],[4,39],[11,19],[13,0],[0,7],[0,19],[6,37],[4,-11],[-1,-31],[11,-65],[0,-19],[-18,54],[-2,-15],[1,-39],[4,-12],[-9,-23],[5,-27],[-3,-10],[13,-71],[7,-61],[13,-41],[7,35],[16,-4],[1,31],[6,37]],[[287102,584442],[20,-59],[6,-24],[2,-17],[-4,-18],[-20,3],[-9,-14],[3,-21],[-5,-30],[2,-27],[-2,-33],[-4,-27],[16,-2],[3,-22],[4,-2],[8,-45],[-5,5],[-5,-8],[-2,8],[-6,-6],[-5,40],[-8,-24],[7,-49],[-6,-4],[-9,-22],[8,-35],[8,-66],[1,-22],[-14,-11],[-1,-27],[-7,0],[-5,-14],[2,-8],[11,-85],[-10,-16],[-7,15],[-9,5],[-13,-6],[-2,8],[0,-13],[-8,3],[-10,-22],[9,-51],[-14,-25],[-1,-21],[4,8],[1,-16],[12,14],[4,6],[9,29],[4,23],[4,8],[15,-11],[-3,-18],[-9,-9],[-6,-18],[2,-6],[-15,-42],[-12,-16],[0,-52],[7,-28],[-12,-46],[-9,-27],[-17,55],[-15,60],[-7,-11],[-11,-18],[-2,-6],[-7,-24],[-2,-67],[-19,-98],[-19,-41],[-86,-151],[-9,-6],[-7,51],[-6,39],[-5,-2],[-2,0],[-3,-1]],[[286988,583620],[1,-25],[30,55],[-7,30],[-2,-6],[-15,57],[-14,-28],[7,-83]],[[281127,564138],[-4,-2],[-4,-19],[-12,41],[-5,27],[-2,12],[-4,11],[-10,26],[-13,-2],[-8,19],[-2,5],[-2,-3],[-2,-5],[-4,-3],[-6,-6],[-3,-6],[-2,-21],[-18,-34],[0,23],[-8,18],[6,23],[-15,3],[-6,25],[0,-32],[-13,0],[-3,-11],[3,-31],[-27,1],[0,-15],[0,-24],[0,-48],[6,-42],[2,-19],[-5,-24],[5,-1],[6,0],[13,-2],[0,-39],[-3,0],[0,-21],[-2,-3],[-18,-19],[-8,-4],[-11,-4],[-20,-9],[-19,-30],[-14,-22],[-3,-2],[0,22],[0,7],[-12,6],[0,75]],[[284454,564528],[14,122],[159,-91],[-1,20],[3,-7],[6,12],[9,-10],[3,4],[1,8],[-7,24],[3,37],[-4,33],[4,3],[11,-20],[12,160],[-3,3],[1,19],[-11,12],[-10,22],[-2,49],[-9,2],[-5,15],[-2,40],[-3,25],[-5,21],[1,17],[-4,25],[7,1],[3,9],[-9,18],[-5,22],[2,13],[-2,18],[-4,15],[-6,40],[-1,15],[4,15],[-2,15],[4,13],[9,7],[11,0],[0,44],[7,0]],[[285000,565318],[0,-55],[-1,-115],[13,1],[1,-16],[-3,-24],[-5,-27],[-5,-11],[-7,31],[-6,7],[-4,-7],[2,-17],[-3,-14],[1,-21],[-1,-9],[-12,-29],[-3,6],[0,18],[-1,6],[-4,16],[-2,7],[-2,-1],[-5,-9],[1,-17],[-2,-18],[0,-17],[2,-4],[5,-2],[0,1],[3,-23],[-1,-21],[3,-49],[-4,-18],[-1,11],[-4,6],[0,-1],[-4,-16],[4,-10],[2,-31],[4,-17],[6,-2],[-1,-31],[6,-6],[0,-26],[4,-13],[-11,-21],[25,-44],[7,42],[2,-2],[-1,-16],[1,-18],[1,-5],[0,-2],[11,26],[13,3],[7,-8],[13,1],[18,-16],[21,2],[10,24],[15,-3],[-9,-50],[2,-16],[-8,-47],[10,0],[0,-39],[-10,-6],[0,-19]],[[284992,563297],[0,-2],[0,-8],[0,-61],[0,-9],[0,0],[-24,1]],[[286159,560074],[5,-1]],[[286164,560073],[5,-2],[13,-14],[12,-5],[8,8],[1,1],[0,1],[1,3],[15,50],[12,21],[3,6],[6,20],[5,23],[0,28],[6,1],[5,20],[3,15],[15,-2],[1,0],[17,1],[18,-1]],[[286310,560247],[1,-1],[2,-4],[-3,-38],[5,-16],[6,19],[1,5],[4,-8],[4,0],[-3,-22],[6,-7],[2,-11],[7,-4],[2,-8],[-2,-34],[10,-2],[0,-21],[-4,3],[-5,6],[2,-8],[-2,-36],[0,10],[-4,4],[-4,-4],[-4,-3],[4,-55],[9,3],[1,-4],[3,-45]],[[286348,559966],[0,0],[0,-20],[-7,-6],[0,-68],[14,8],[-2,-17]],[[286353,559863],[-8,-12],[-2,-1],[-20,23],[-8,10],[0,-46],[-4,-2],[-14,0],[-1,3],[-8,-2],[0,-31],[1,-16],[-1,-45],[-6,-10],[3,-2],[11,-7],[10,2],[0,-33],[2,-18],[1,-1],[2,-1],[1,-1],[2,-3],[3,-6],[2,-21],[-1,-8],[-1,-6],[-1,-17],[1,-17],[-7,0],[-1,-46],[-5,4],[0,24],[-21,0],[0,-6],[11,-14],[6,-3],[0,-8],[5,-18],[8,-70],[0,-10],[-7,3],[-2,-2],[-2,1],[0,-14],[-15,0],[-1,-48]],[[286286,559388],[-10,0],[-6,58],[-2,0],[-18,5],[-3,2],[-3,15],[-8,35],[-2,15],[-5,6],[-9,18],[-9,57],[-3,14],[-9,51],[-2,-2],[-5,22],[-7,46],[-4,9],[-22,15],[-4,11]],[[287367,585288],[2,45],[0,16],[-7,105],[-7,-12],[-5,28],[-9,-2],[-3,-7],[-2,13],[-5,-11],[-3,-4],[-5,-9],[-4,-6],[-18,-45],[-9,-30],[-17,-35],[-6,2],[-5,14],[-5,4],[-9,-8],[-7,-17],[-8,-5],[2,-13],[-2,-27],[-9,-18],[-12,-41],[-6,0],[-3,-25]],[[288471,581002],[6,15]],[[290513,565693],[1,34],[5,35],[1,15],[3,15],[-7,13],[16,32],[-6,5],[-8,24],[-4,52],[-8,15],[-6,28],[-6,16],[-1,16],[-12,20],[-1,6],[5,19],[10,20],[6,4],[5,-8],[10,-1],[10,-16],[-1,35],[1,33],[9,35],[1,20],[8,4],[5,60],[-8,21],[-3,35],[-6,25],[13,-27],[9,-9],[6,19],[4,29],[-18,11],[-12,-2],[7,49],[2,28],[-6,51],[-9,16],[1,10],[29,-42],[8,13],[-5,22],[13,63],[-16,41],[-7,-25],[0,26],[2,19],[4,23],[-19,18],[-7,13],[1,56],[-17,3],[-12,-8],[-16,40],[-8,53],[10,49],[-1,17],[-8,62],[5,23],[-13,3],[15,62],[4,25],[6,18],[11,-2],[10,-22],[1,6],[-4,18],[9,32],[-12,28],[4,36],[0,29],[16,73],[10,55],[-2,52]],[[286891,561993],[1,-15],[2,-18],[-1,-11],[4,-41],[9,-14],[-1,-28],[2,-20],[9,2],[-2,-25],[-7,0],[-2,-60],[-1,0],[-3,-65]],[[286901,561698],[-4,-86],[0,-22],[1,-14],[2,-36],[4,-22],[6,-20],[35,-68],[-1,-2],[-22,41],[-6,-11],[-3,-32],[-1,-11],[-5,0],[5,-22],[2,-29],[-18,0],[-2,-46],[-7,8],[0,-9],[-4,-8],[-1,-13],[-3,-25],[-5,0],[7,-13],[-6,-15],[-1,-20],[5,-4],[1,-22],[-1,-23],[-6,0],[0,-40]],[[286873,561134],[-7,3],[-6,1],[-9,44],[6,21],[-8,0],[0,-42],[-9,16],[-10,2],[-1,-4],[-5,4],[-6,12],[4,18],[-2,14],[-9,29],[-6,8],[-5,24],[-8,2]],[[286792,561286],[0,37],[9,4],[-2,18],[0,34],[-4,54],[0,5],[1,35],[0,5],[-4,0],[1,49],[-4,6],[0,53],[3,-3],[5,-6],[1,7],[-2,2],[0,4],[-2,1],[0,7],[4,0],[1,8],[2,18],[3,18],[-3,8],[-5,58],[3,16],[3,-19],[3,-2],[0,11],[5,40],[1,12],[-6,65],[-5,41],[6,2],[25,21],[6,6],[5,4],[9,3],[8,3],[0,7],[9,-5],[6,-2],[4,-5],[4,-8],[5,-12],[7,-13],[7,-5],[-11,81],[-7,54],[1,1],[7,-11]],[[287223,562599],[9,-64],[3,5],[1,-1],[22,-44],[7,-11],[2,-12],[1,-12],[4,-28],[8,-12],[8,-26],[14,-11],[8,-34],[-1,-19],[1,0],[9,10],[9,32],[6,9],[8,13],[6,5],[-1,5],[9,15],[1,-11],[6,6],[4,2],[1,-1],[4,-1],[4,-1],[6,3],[9,8],[9,-52],[-16,-26],[17,-92],[1,0],[6,13],[40,70]],[[287463,561860],[-8,-20],[-28,-85],[-29,-88],[-20,-63],[-29,-88],[-15,-44]],[[287334,561472],[-9,3],[-13,24],[-4,-5],[-11,15],[-3,-37],[-6,-10],[0,-90],[3,-17],[-3,-8],[-2,7],[-24,0],[2,21],[-23,0],[-6,-12],[0,-2],[-4,11],[6,35],[4,5],[1,5],[-1,18],[2,13],[4,7],[1,7],[-1,35],[4,5],[2,3],[1,4],[1,12],[3,14],[0,6],[-1,6],[0,2],[-3,3],[-4,-6],[-2,2],[-5,15],[-5,6],[-2,0],[-4,-11],[-9,5],[0,22],[-1,6],[-5,3],[-3,12],[2,9],[1,5],[-1,9],[0,18],[3,20],[5,8],[4,28],[-1,1],[0,1]],[[287227,561705],[-14,33],[5,4],[-1,19],[-7,-5],[-2,-1],[-2,-2],[-1,-2],[-3,0],[-5,3],[-8,20],[-2,6],[0,26],[2,1],[3,-4],[4,-12],[0,-17],[8,22],[0,19],[-4,17],[4,29],[0,13],[-7,22],[-8,12],[2,37],[-12,42],[-4,47],[3,34],[-5,13]],[[287173,562081],[-8,15],[3,51],[3,6],[2,5],[-6,20],[-10,10],[-13,37],[3,14],[1,25],[-6,35],[-3,12],[2,12],[6,-1],[6,6],[0,13],[-4,28],[7,6],[2,19],[-9,2],[-13,-18],[-4,16],[9,9],[12,22],[6,2],[4,-23],[6,24],[6,2],[17,31],[0,2],[-1,11],[-2,18],[-3,-5],[-29,3],[2,6],[-1,6],[-4,18],[9,14],[11,-2],[-2,16],[11,16],[2,-7],[0,-32],[11,6],[11,-12],[1,6],[8,14],[-6,37],[-2,30],[15,-7]],[[285964,561489],[6,-13],[28,-29],[22,10],[4,-3],[0,-7],[3,3],[12,-30],[5,-10],[4,0],[0,4],[2,1],[15,2],[0,-8],[2,-1],[0,7],[4,-7],[3,0],[1,0],[3,8],[10,-4],[7,-2],[0,18],[11,0],[0,-15],[6,-7],[0,-7],[1,-13],[0,-11],[6,-1],[-1,26],[3,-2],[2,-17],[2,2],[6,-22],[5,-2]],[[286136,561359],[0,-6],[5,7]],[[286141,561360],[0,-2],[1,-26],[3,2]],[[286145,561334],[2,-23],[3,-10],[-8,-1],[9,-17],[4,2],[5,-14],[2,-8],[0,25],[10,-1]],[[286172,561287],[0,-30],[-9,1],[4,-33],[3,-13],[6,-27],[8,-19],[-12,0],[0,-11],[0,-17],[5,0],[-1,-24],[6,0],[-5,-28],[-8,-57],[-6,-33],[-2,-18],[-4,5],[-15,1],[0,-43],[-2,0],[-1,-3],[-1,-3],[1,-2],[1,-5],[0,-4],[-3,-1],[-5,-8],[1,-17],[-3,-74],[12,-1],[0,-8],[0,-1],[-13,2],[-10,7]],[[286119,560823],[-9,1],[-22,0],[-13,3],[0,5],[1,10],[0,11],[-27,2],[0,13],[-15,12],[0,33]],[[286034,560913],[3,12],[9,69],[8,8],[8,18],[0,6],[-1,-1],[0,0],[0,8],[-9,-1],[-2,86],[1,54],[0,3],[2,-1],[-1,42],[0,29],[-1,0],[-1,-5],[-21,3],[-1,6],[-1,0],[-7,0],[-3,0],[0,-6],[-13,1],[-2,8],[-2,1],[-5,-4],[-11,37],[1,13],[-8,3],[-10,-17],[1,-30],[-5,-5],[0,60],[0,58],[-4,2],[1,42],[3,0],[0,43],[-3,0],[0,5],[4,1],[0,28]],[[281912,570610],[-15,-13],[5,-9],[-1,-12],[-8,0],[-9,-25],[-6,12],[-2,-9],[-9,-11],[-9,23],[-8,7],[-9,26],[-11,13],[-3,0],[1,23],[-2,20],[-10,-1],[0,-37],[-9,-6],[-1,-15],[-17,0],[0,14],[-9,0],[9,38],[1,5],[-10,0],[-14,0],[0,-14],[-3,-29],[-17,0],[-8,85],[-4,42],[-6,0],[3,12],[-6,4],[-4,70],[-15,0],[0,127],[-28,2],[0,42],[-3,0],[3,31],[1,5],[-9,23],[-10,50]],[[281561,561230],[5,6],[3,3],[6,-31],[3,-6],[4,6],[2,-13],[3,-45],[6,-35],[-3,19],[-3,61],[-4,13],[-8,64],[7,-12],[9,-33],[3,-1],[13,16],[23,-5],[2,6],[1,22],[5,42],[6,0],[7,-20],[5,3],[6,30],[6,3],[3,22]],[[281671,561345],[7,-3],[2,10],[7,15],[18,-4],[18,20],[9,-12],[6,0],[15,-13],[0,13],[8,-1],[0,21],[10,-6],[3,5],[2,-23],[0,-9],[-1,-10],[40,-3],[0,32],[0,12],[13,-1],[0,43],[14,-1],[-1,19],[7,-2],[3,3],[6,17],[1,13],[3,-2],[4,8],[4,10],[-7,2],[-1,7],[1,11],[4,29],[10,31],[8,31],[14,43]],[[282067,561461],[-3,-21],[-5,-18],[-1,-6]],[[282058,561416],[0,9],[-80,3],[-4,-3],[-24,1],[-13,1],[-4,-1],[-35,2],[-30,1],[-6,-20],[0,-17],[-5,-37],[-6,1],[2,-65]],[[281853,561291],[0,-14],[0,-13],[-10,-3],[2,-54],[-5,9],[-5,-25],[-8,-36],[-1,-6],[-21,14],[-3,5],[-6,-3],[-8,-8],[-5,-13],[-10,-53],[-13,-149],[11,-7],[7,-34],[5,-5],[4,8],[3,11],[10,10],[16,34],[0,-16],[-7,-62],[-10,-29],[-9,24],[-10,4],[-27,-15],[0,-15],[0,-33]],[[281753,560817],[1,-10]],[[281754,560807],[-4,2],[-4,12],[-3,7],[-1,-4],[-5,-21],[-4,-13],[-2,-11],[-3,6],[-2,4],[-4,8],[-2,2],[1,15],[-5,1],[0,-7],[0,-7],[-3,1],[-4,1],[-2,1],[-9,3],[-6,9],[0,-7],[-3,1],[-1,-13],[-5,15],[-7,2],[-2,3],[-3,6],[-14,65],[-5,18],[-8,23],[-6,-17],[-3,-1],[-36,9],[8,91],[1,10],[-14,22],[-3,5],[-2,-5],[-10,0],[-4,65],[-7,-13],[-4,-2]],[[281564,561093],[0,20],[-3,0],[0,117]],[[289689,546625],[27,-88],[8,-7],[7,-1],[6,-8],[13,-40],[3,-14],[49,66],[9,-28],[18,-17],[12,-25],[6,-4],[8,13],[19,14],[29,8],[17,55]],[[289920,546549],[54,-171],[7,20],[12,2],[10,-8],[10,10],[17,-118],[-4,-13],[-6,-4],[-29,9],[-4,8],[-9,-7],[99,-319],[8,-55]],[[290085,545903],[23,-161],[11,27],[24,9],[14,10],[8,17],[39,-127],[-9,-22],[-29,-36],[-24,-52],[-4,-16],[5,-52],[19,-137],[40,-278]],[[285614,562592],[0,12],[6,7],[2,4],[2,23],[-2,44],[-6,0],[2,67],[0,29]],[[285618,562778],[-1,28],[-2,22],[17,2],[4,25],[8,-10],[17,31],[2,-30],[4,-2],[0,-6],[7,0],[3,43],[8,-26],[0,11],[3,14],[2,24],[2,19],[-5,0],[-1,20],[4,11],[1,90],[0,0],[3,-1],[5,15],[2,8],[5,-1],[5,0],[1,8],[1,23],[3,4],[3,18],[3,12],[-6,5],[1,25]],[[285717,563160],[11,0],[1,11],[2,11],[2,-68],[6,-11],[-4,-20],[-3,0],[0,-22],[0,-19],[13,2],[4,-37],[-4,-2],[-1,-22],[1,-33],[0,-12],[11,3],[0,1],[6,-56],[-15,-32],[2,-10],[16,21],[5,-16],[13,-50],[0,1],[2,-9],[21,-81],[8,-33],[0,-1],[-3,-8],[0,-26],[3,0],[2,10],[2,9],[5,-22],[15,-62],[0,-15],[5,-1],[11,-28],[1,2],[14,-46],[5,-18],[2,-13],[4,-83],[2,-17],[-6,-6],[-5,-5],[1,-9],[12,-4],[3,-11],[2,-6]],[[285889,562317],[-11,-38],[-6,-33],[-8,5],[-4,4],[-9,7],[-8,17],[-17,63],[-2,7],[-17,31],[-13,34],[-20,64],[-9,13],[-7,3],[-12,-7],[3,16],[2,14],[3,6],[-3,-1],[-6,-12],[-4,-11],[-9,-20],[-30,83],[-15,16],[-3,-12],[-22,-39],[0,-53],[-2,-2],[-2,-1],[-3,26],[-6,7],[0,15],[-15,1],[0,21],[-21,-3],[0,7],[0,21],[1,26]],[[284109,572509],[25,-4],[0,58],[-25,-2],[0,88],[25,-1],[0,108],[15,0],[0,-92]],[[284149,572664],[0,-20],[1,-1026],[0,-76],[143,-1]],[[289977,563755],[7,27],[2,34],[-2,20],[7,31],[3,15],[8,8],[4,-9],[5,23],[5,-2],[7,27],[9,1],[2,6],[1,31],[7,37],[12,42],[10,15],[3,17],[11,21],[-1,23]],[[290077,564122],[18,-34],[5,26],[9,-18],[4,17],[9,8],[15,7],[22,-5],[4,-4],[9,-31],[10,-17],[10,-27],[12,9],[22,-1]],[[289907,562798],[9,16],[5,3],[14,18],[4,20],[1,31],[1,9],[-3,22],[1,21],[-29,34],[5,19],[-10,21],[2,17],[-4,6],[-2,19],[4,37],[-37,17],[-1,2],[-8,32],[-10,31],[26,188],[3,9],[2,6],[0,2],[1,10],[2,18],[22,-49],[22,-45],[-5,27],[-9,31],[0,8],[7,20],[0,26],[4,18],[1,18],[4,3],[4,21],[4,52],[6,9],[4,68],[3,31],[19,71],[8,40]],[[285596,576277],[7,-10],[5,-16],[-5,-33],[-1,-17],[-4,-18],[4,-27],[4,11],[-3,13],[11,-6],[10,-49],[5,-10],[-3,-23],[5,-60],[7,-16],[9,-12],[2,-14],[2,-87],[-6,-19]],[[285480,575886],[-10,-4],[-178,0],[-30,0]],[[285262,575882],[-109,1]],[[285117,575883],[-115,-3],[-1,0],[-99,-2]],[[285128,575998],[4,2],[9,8],[19,49],[4,-4],[0,17],[0,16],[-7,-13],[-3,3],[-2,-3],[0,-13],[-3,-2],[-5,4],[-7,13],[-3,-41],[-2,-12],[-4,1],[-1,-22],[1,-3]],[[289010,575946],[179,10]],[[289189,575956],[0,-41],[4,-17],[-1,-61],[6,1],[22,-21],[15,-19],[7,-1],[-1,15],[11,0],[5,-17],[0,-22],[7,-25],[-3,-16],[10,-2],[4,-15],[0,-24],[2,1],[8,-21],[17,-22],[1,-5],[12,-73],[17,12],[7,-25],[1,-31],[11,22],[8,7],[-12,4],[-5,18],[1,28],[5,14],[6,33],[2,44],[-1,29],[-8,50],[8,20],[17,29],[2,5],[5,15],[4,10],[18,51],[1,12],[6,5],[4,-6],[6,0],[0,-83],[-5,-14],[6,-16],[-1,-33],[7,2],[4,15],[8,8],[3,15],[-2,16],[2,2],[0,-19],[-1,-10],[2,-24],[-2,-9],[-5,0],[3,-1],[7,-2],[0,-17],[-18,0],[-4,-26],[-1,-36],[-15,-25],[5,-55],[3,-13],[-17,-38],[14,-14],[0,-12],[5,-32],[-1,-47],[12,-5],[2,9],[6,-3],[7,-13],[4,-35],[11,-1],[4,5],[6,-4],[35,-62]],[[289354,575114],[-8,54],[-15,33],[-18,11],[-11,-5],[6,-60],[3,-30],[-6,-33],[-5,8],[-3,-25],[-12,20],[-8,-13]],[[283826,547103],[0,-37],[-5,0],[0,-37],[17,2],[1,-47],[0,-38],[6,-18],[5,-14],[3,-34],[-1,-19],[2,0],[2,0],[0,14],[6,3],[-3,94],[3,1],[0,39],[3,21],[15,1],[-2,-33],[8,-34],[-5,-11],[5,-25],[8,1],[0,-24],[13,4],[0,-36],[2,-9],[5,41],[19,0],[0,42],[30,2],[2,30],[5,-19],[11,1],[18,-9],[0,-24],[14,0],[12,2],[0,-8],[4,0],[0,-11],[0,-12],[8,-2],[-4,-23],[4,-7],[16,2],[7,-9],[6,13],[0,-30],[8,1],[6,-21],[6,-43],[3,-11],[4,10],[7,32],[2,7],[-7,14],[0,42],[1,6],[1,60],[3,-2],[6,1],[5,-18],[7,-26],[0,11],[0,37],[17,-8],[2,2]],[[284137,546940],[3,-8],[-7,-43],[0,-11],[19,1],[2,5],[2,0],[1,-4],[-2,-4],[-1,-26],[5,-12],[6,-34],[3,-9],[4,-10],[0,-16],[2,-10],[11,-1],[6,-16],[0,22],[10,-36],[7,-43],[4,-43],[2,-76]],[[283638,546289],[9,9],[3,25],[-1,57],[6,20],[2,27],[-1,31],[25,0],[-2,19],[-3,1],[3,12],[-10,17],[-3,5],[128,5],[-10,28],[1,10],[-7,12],[2,27],[-5,15],[0,20],[-4,8],[1,18],[6,21],[-1,28],[-5,2],[-8,50],[0,38],[39,-16],[-4,11],[4,33],[-5,23],[1,20],[0,26],[-6,24],[-6,35],[2,13],[5,24],[14,35],[8,11],[0,37],[10,33]],[[285927,563201],[-1,1],[-3,1],[-2,1],[-1,1],[-1,1],[-1,4],[-4,15],[6,21],[0,41],[-11,0],[-6,-25],[-7,21],[3,12],[4,11],[2,-9],[17,24],[14,-98],[3,-14],[6,20],[23,26],[-1,6],[-2,62],[-1,28],[-1,12],[27,6],[13,26],[1,13],[2,1],[1,0],[5,-14],[2,-4],[2,-7],[0,-18],[0,-7],[5,-26],[-4,-33],[0,-14],[-12,31],[-11,-14],[-5,-4],[-7,-15],[-6,-24],[4,-13],[-1,-11],[3,-8],[2,7],[9,4],[1,-20],[5,-3],[7,1],[13,-27],[14,23]],[[286033,563213],[1,-6],[28,41],[6,15],[25,81],[6,13],[9,12],[15,5]],[[286123,563374],[2,-15],[-9,10],[-16,-17],[-10,-33],[5,-3],[-3,-35],[-7,-35],[-9,-11],[5,-21],[1,-5],[-5,5],[-10,-8],[-18,-35],[-5,-42],[-11,8],[1,19],[-3,-23],[1,-16],[6,-33],[-8,-42],[1,-8],[4,-34],[-2,-53],[-3,-30],[-9,-22],[-9,-25],[-12,-58],[-6,-35],[0,-16],[5,-27],[-1,-26],[-5,-17],[-12,-48],[-1,-16],[5,-32],[0,-5],[-5,-75],[0,-38],[7,-60],[9,-58],[-1,-24]],[[285995,562335],[-1,-12],[-7,-14],[-4,5],[-12,25],[-16,3],[-9,-17],[-21,-71],[-7,-29],[-9,-31],[-7,-13],[-11,-9]],[[285891,562172],[-2,11],[7,3],[-4,23],[3,11],[-5,19],[1,50],[4,7],[-6,21]],[[285889,562317],[0,1],[7,30],[3,21],[0,19],[-3,95],[-1,43],[4,-12],[1,3],[-1,18],[3,16],[-2,15],[8,13],[0,11],[-3,-1],[-5,3],[8,73],[12,105],[14,133],[5,46],[1,9],[-1,1],[2,21],[-1,5],[-6,1],[-2,12],[12,29],[-2,8],[-5,23],[0,1],[3,13],[8,3],[0,26],[-10,7],[12,38],[-8,17],[-8,38],[-3,-1],[-4,1]],[[288958,570039],[93,-36],[15,-16],[1,-2],[15,-14],[4,31]],[[289246,569342],[-2,5],[-17,39],[-7,-24],[-6,-15],[1,-30],[-11,-14],[-10,-27],[-7,-48],[1,-12],[-3,-30],[-16,-2],[-7,3],[-22,88],[-3,-51],[-11,24],[-18,15],[-2,34],[-17,7],[-11,20],[-14,14],[-5,10],[-5,-35],[-7,-4],[2,-54],[3,-42],[-5,-3]],[[289047,569210],[-7,42],[-20,18],[-14,-19],[-5,1],[0,9],[-2,-4],[-4,-12],[-1,-33],[-3,-24],[-4,2],[-2,-22],[-20,18],[-8,13],[-8,44],[10,5],[6,10],[7,20],[1,17],[-22,54],[-6,28],[-3,24],[-6,77],[-7,2],[-10,-5],[-3,1],[-3,1],[-5,0],[-3,4],[-7,-7],[0,-4],[1,-6],[-17,9],[-5,23],[5,24],[-9,58],[-12,28],[-2,29],[3,25],[11,16],[7,39],[-10,38],[-12,-9],[-6,4],[-1,-11],[-11,-18],[-3,-20],[-9,9],[-5,-23],[-6,-2],[0,-9],[-17,25],[-3,26],[7,23],[2,-15],[10,32],[-11,59],[-3,6],[-9,8],[-1,2],[-7,10],[-7,33],[1,11],[0,7],[0,6],[1,4],[6,25],[-5,34],[5,12],[9,42],[2,0],[-4,21],[-10,-33],[-3,-7],[-4,21],[5,10],[6,11],[-9,50],[2,13]],[[288368,551675],[5,-17],[7,-16],[19,-64],[9,-13],[8,-8]],[[288416,551557],[0,-14],[-8,10],[-1,-16],[-2,-19],[4,-12],[-10,-34],[-2,-7],[23,-104],[-10,-13],[1,-12],[-16,-26],[-4,-18],[-13,-34],[-2,-13],[-4,-26],[-4,-18],[-1,-7],[10,-4],[0,-45],[-9,1],[1,-11],[3,-47],[-7,-29],[-3,-14],[-5,0],[0,-7],[-11,-3],[-2,6],[0,-26],[5,-1],[1,-30],[7,-9],[-9,-22],[-7,-10],[-7,-19],[-15,-6],[-1,-5],[-10,-52],[1,-28],[0,-17],[-4,4],[-2,1],[-2,-6],[-7,-39],[1,-54],[4,-13],[-6,1],[-2,-31],[7,-9],[-1,-14]],[[288297,550656],[-12,11],[1,-28],[-10,-6],[-4,-7],[-1,3],[0,5],[-1,2],[-4,-3],[-1,-2],[1,-5],[1,-1],[1,-7],[-15,-42],[-5,-10],[-10,145],[-4,32]],[[288234,550743],[-27,222],[-7,53],[-7,30],[-7,25],[-50,175],[-12,41],[-11,39],[-42,194],[-17,78],[-11,60],[-50,358],[-5,39],[0,36],[1,55]],[[290956,569509],[10,23],[26,89],[16,66],[8,48],[4,38],[9,161],[6,62],[7,35],[18,79],[5,16]],[[291065,570126],[29,114]],[[291094,570240],[1,14],[10,4],[9,8],[4,6],[9,24],[8,41],[2,16],[1,9],[1,11],[3,18],[1,5],[5,21],[7,26],[9,0],[12,17],[1,7],[1,21],[4,-5],[15,-32],[26,-66],[3,12],[9,-32],[16,-37],[-1,-8],[-2,-13],[-3,-25],[18,27],[31,-20],[10,-5],[20,-9],[60,-27],[72,-33],[16,-2],[4,10],[5,-3],[0,-7],[7,0]],[[291488,570213],[0,-10],[6,-22],[16,-87],[2,-7],[-2,-7],[-2,-4],[-8,-17],[5,-30],[8,12],[5,19],[5,-18],[-2,-20],[-5,-9],[17,-7],[11,-30],[4,-16],[4,15],[13,-27],[10,-37],[7,-18],[-3,-17],[-6,-24],[-9,-51],[-23,-128],[-4,-27],[-4,-40],[1,-20],[3,-30],[5,-41],[1,-7]],[[291543,569508],[-3,1],[2,-9],[-2,-2],[-1,4],[-15,4],[-2,-1],[-1,-5],[-9,11],[-4,-3],[1,-6],[0,-13],[-3,0],[-4,9],[1,4],[2,4],[-3,4],[-10,-19],[-22,-38],[-53,-100],[-2,-10],[-30,-55],[-14,-15],[-21,-41],[-4,24],[-6,12],[-12,-19],[-12,-36],[-17,-29],[-7,4],[-12,-18],[-22,-27],[-17,-27],[-2,-13],[-15,-42],[-8,-44],[-6,-19],[-10,-14],[-2,-12],[-8,40],[-1,40],[-1,39],[-9,25],[-5,38],[-35,-49],[-7,-14],[-4,-13],[-23,-6],[-7,0],[-3,11],[11,10],[1,10],[-7,-4],[-2,10],[3,18],[-8,-8],[-6,20],[8,6],[-6,14],[-5,1],[-3,-33],[-17,38],[-19,-5],[-16,-21],[-30,-5],[-9,7],[-7,0]],[[284562,555597],[17,-11],[20,27],[12,-27],[17,-22],[13,26],[9,4],[6,-1],[5,-15],[13,-3],[11,-31],[-15,-72],[6,-25],[4,-33],[7,11],[2,20],[-5,1],[0,36],[22,-2],[2,-9],[0,-63],[20,0],[0,-87],[3,0],[0,-18],[3,-2],[1,-93],[-1,-97],[-30,-2],[5,-29],[1,-38],[2,-38],[-2,-32],[9,3],[6,26],[8,12],[0,-93],[0,-13],[17,0],[8,11],[7,0],[0,7],[8,-6],[-9,-34],[-17,-82],[7,-25],[14,-72],[12,-17],[12,6],[7,10],[5,19],[7,7],[7,-5],[9,16],[12,-10],[6,-9],[8,4],[9,-3],[3,4],[11,-19],[1,-14],[-2,-45],[-1,-21],[0,-7],[7,-71],[3,-19],[11,0]],[[284080,554326],[-4,43],[5,5],[18,-1],[14,-14],[8,9],[5,13],[3,21],[5,50],[5,38],[-2,18],[-10,34],[-7,29],[-3,37],[-2,57],[0,25],[-7,41],[-1,41],[3,16],[9,15],[4,23],[11,6],[6,-5],[13,-21],[7,-2],[8,8],[9,40],[3,34],[-4,26],[-16,34],[6,-1],[-1,12],[6,10],[5,32],[6,-7],[4,11],[-5,8],[3,8],[-4,17],[-2,30],[-4,14],[1,26],[-2,11],[5,8],[-3,11],[4,24],[6,-5],[7,8],[12,-2],[-1,33],[3,13],[-1,18],[10,-11],[2,13],[-4,39],[0,26],[10,-17],[5,10],[7,-9],[-6,25],[2,27],[12,10],[0,-12],[9,-14],[7,-17],[7,9],[7,22],[5,7],[-7,39],[8,20],[0,54],[-4,35],[2,50],[0,57],[1,40],[7,14],[-11,337],[-2,56],[15,5],[6,-6],[18,-2],[3,12],[3,30],[16,40],[7,33],[9,10]],[[288310,548407],[8,12],[23,10],[9,0],[0,20],[-3,2],[0,75],[11,0],[2,-44],[1,31],[7,1],[-5,13],[-1,19],[5,-20],[4,0],[0,-12],[9,5],[-2,-50],[-3,-8],[-5,25],[-1,-15],[15,-37],[2,-3],[4,-1],[9,-3],[5,14],[10,9],[0,6],[8,13],[6,-7],[1,14],[-7,7],[-1,43],[0,7],[-5,15],[30,-1],[0,23],[13,0],[0,-47],[0,-40],[0,-21],[0,-36],[-8,0],[-3,-3],[-7,-22],[-4,-15],[1,-9],[1,-38],[-6,0],[0,-2],[0,-34],[-5,14],[-12,11],[-3,26],[0,-26],[-6,0],[0,-74],[-8,3],[0,-19],[0,-1]],[[288399,548237],[-8,0],[-4,0],[0,-12],[-6,0],[0,11],[-5,-1],[-7,-5]],[[288369,548230],[0,71],[-29,2],[-3,-2],[-10,-20],[-5,-11],[-13,0]],[[288309,548270],[0,30],[0,11],[0,50],[4,0],[0,26],[-4,0],[0,2],[0,4],[1,14]],[[285750,552997],[-1,-9],[3,-34],[0,-26],[-12,-86],[-1,-18],[4,-26],[4,-14],[8,-39],[9,-14],[9,-38],[-12,-50],[-1,-28],[8,-47],[-5,-43],[3,-29],[13,-27],[6,-26],[5,-32],[-1,-28],[-9,-28],[-7,-9],[-14,-5],[-3,-14],[-6,-56],[3,-30],[5,-11],[12,7],[11,-8],[4,-16],[12,-79],[2,-48],[-6,-63],[-5,-27],[-2,-31],[2,-47],[-3,-20],[-10,-22],[-5,-28],[1,-29],[7,-25],[3,-28],[0,-45],[-8,-22],[1,-19],[11,-4],[13,18],[8,3],[11,-15],[4,-15],[4,-62],[7,-43],[0,-53]],[[285832,551509],[-207,2],[-2,-8],[-6,-21],[-8,-47],[-16,-30],[3,7],[-1,80],[5,27],[-8,16],[-2,4],[-41,0],[-7,2],[1,19],[-1,55],[-3,39],[-4,48],[-11,81],[-2,29],[3,59],[-1,38],[2,52],[-5,53],[0,5],[-10,13],[-25,-32],[-3,-10],[-7,4],[-7,-7],[-3,-8],[-2,-25],[4,-37],[-2,-37],[-8,-45],[-16,21],[-5,12],[0,-23],[-4,-43],[-15,0],[-3,-6],[-20,-1]],[[285395,551795],[6,26],[0,59],[-2,12],[10,12],[19,44],[-1,34],[-4,6],[9,29],[-23,-41],[-14,-6],[-7,23],[-16,-11],[0,-20],[-3,-13],[-8,-17],[-13,-7],[-9,-46],[4,-24],[1,-21],[-2,-40],[-7,-12],[0,-10],[-8,-7],[-6,9],[-9,-3],[-12,-7],[-16,-27],[-10,8],[-7,17],[-2,18],[-6,8],[-4,-6],[-7,72],[-2,44],[-8,49]],[[292343,556111],[75,219]],[[292418,556330],[16,-8],[10,0],[4,2],[7,-8],[44,22],[13,-5]],[[292649,554971],[2,47],[-1,52],[-4,35],[2,44],[-26,-1],[-1,117],[-2,56],[-4,46],[0,31],[2,33],[-2,25],[-14,63],[-36,-37],[-18,-11],[22,46],[-1,20],[6,47],[-6,23],[-7,21],[-18,27],[-7,-7],[-15,0],[-12,-9],[-3,4],[4,31],[5,10],[13,73],[4,36],[-4,4],[-19,-1],[-20,25],[-2,-13],[-2,-78],[-7,3],[-12,29],[-9,6],[-25,-6],[-16,-10],[-1,16],[-6,97],[0,32],[-6,13],[-1,13],[-7,25],[-9,24],[-15,25],[-5,30],[-6,54],[-2,9],[-15,21]],[[285829,556516],[14,20],[2,5],[11,0],[3,31],[11,0],[0,18],[8,0],[1,44],[-10,12],[4,21],[13,35],[2,-21],[5,-3],[0,-16],[4,0],[4,-19],[5,-10],[42,-4],[-2,-27],[6,-13],[1,-20],[8,1],[0,-18],[16,-4],[6,4],[1,-17],[15,-1],[0,-32],[-13,-3],[0,-50],[6,-17],[17,-1],[10,-19],[0,-15],[6,0],[6,-11],[9,0],[0,20],[3,-1],[0,27],[13,3],[38,-3],[3,3],[2,14],[-3,20],[-1,24],[8,12],[0,-19],[8,-41],[-2,-27],[3,-42],[3,-5],[2,-60],[9,-60],[1,-29],[21,-19]],[[286045,555349],[-8,-25],[-3,-31],[-9,-24],[4,-28],[-7,-22],[-3,-24],[-5,-6],[2,-12],[-3,-28],[-5,-23],[-5,-7],[0,-22],[-7,-33],[0,-11],[-11,-18],[-12,10],[-13,-31],[-4,4],[-2,19],[-5,6],[-1,-12],[-9,14],[-6,-15],[-3,-27],[0,-29],[-5,-28],[-1,-24],[-7,-10],[-2,-24],[-10,-7],[-9,-13],[-9,0],[-9,-5],[-11,-29]],[[281657,571119],[-6,-16],[-76,-187]],[[281575,570916],[-42,-103],[-14,-14],[-3,-12]],[[281516,570787],[0,35],[-3,15],[5,21],[-5,24],[0,59],[2,9],[-56,-2],[0,83],[-4,57],[-12,17],[-8,17],[-6,3],[-1,10],[-5,-16],[-10,1],[-7,-11],[-65,6],[5,44],[6,61],[0,47],[4,40],[5,53],[0,36],[-4,30],[-7,26],[0,-22],[-9,-13],[-14,-3],[0,10],[-10,11],[-4,12],[3,6],[7,33],[1,150],[6,22],[-5,18],[-16,54],[-6,15],[-8,-24],[-2,7]],[[287130,564084],[17,125],[3,27],[28,134]],[[287311,564861],[23,56],[28,50],[25,29],[19,13],[5,-36],[-6,-27],[8,-32],[-4,0],[16,-25],[5,-4],[4,-1],[2,-24],[11,-59],[27,47],[-4,20],[1,11],[14,24],[-6,42],[2,2],[8,-24],[8,15],[6,-22],[0,-15],[4,7],[7,-36],[-22,5],[1,-6],[6,-29],[4,-7],[7,11],[7,-45],[6,3],[1,11],[-8,43],[6,30],[5,-8],[7,6],[-5,21],[11,21],[-5,39],[6,12],[2,12],[3,-21],[9,12],[5,-8],[18,-64],[-39,-69],[4,-24],[-7,-26],[0,-14],[9,5],[3,-10],[1,-7],[8,-18],[7,4],[9,23],[10,14],[6,-4],[4,-3],[6,3]],[[287599,564784],[42,-129],[-20,-34],[-9,-17],[-13,-24],[0,-2],[0,-20],[4,-24],[-3,-27],[7,-36],[-15,-27],[-3,-15],[-4,-13],[3,-50],[-8,-48],[-4,-58],[2,-9],[-11,-29],[-5,-14],[-3,-31]],[[287559,564177],[-7,-1],[-19,-4],[-41,-27],[-8,-6],[-16,-11],[-16,-12],[-22,-16],[-31,-24],[-7,-15],[-5,-14],[-32,-74],[-16,-37],[-9,-14],[-30,-34],[-12,-10],[0,-2],[-8,-3],[-6,1],[-12,4]],[[287262,563878],[-43,17],[-58,23],[-23,9],[-6,2]],[[287132,563929],[-2,1],[-13,45],[-2,17],[7,36],[8,56]],[[286796,560910],[0,1],[11,-17],[8,-6],[6,-2],[17,4],[33,7],[8,0]],[[286879,560897],[17,-1],[39,-2],[19,0],[32,8],[11,-1],[5,-3],[44,-26],[13,-5],[12,8],[16,10],[9,1],[3,0],[24,-14],[9,-11]],[[287132,560861],[8,-14],[37,-74],[-1,-2]],[[287176,560771],[0,-1],[-11,-86],[-17,-120],[-1,-8],[-3,13],[-15,21],[-3,-5],[-4,-10],[1,-12],[-2,-32],[2,-48],[6,-50],[-7,-47],[-12,-85],[-13,-98],[-13,-94],[-36,-246],[0,-3]],[[286879,560224],[0,1],[-12,56],[-2,-19],[-11,-19],[-6,10],[-3,35],[-8,6],[-4,16],[-8,0],[0,1],[-2,-7],[-2,-23],[-3,-6],[-5,13],[-2,16],[5,23],[-1,15],[-23,-10],[-8,-10],[-7,-28],[-3,2],[-1,9],[5,63],[-18,28]],[[286760,560396],[-6,32],[-2,28],[2,14],[7,8],[2,17],[-5,14],[2,22],[5,13],[2,16],[4,3],[3,51],[0,21],[8,-26],[-4,32],[10,24],[-7,22],[1,9],[1,2],[5,8],[1,4],[0,2],[-1,2],[0,1],[-1,0],[-1,-1],[-2,1],[-1,0],[0,1],[3,26],[5,10],[0,7],[-7,10],[8,47],[7,17],[5,-4],[7,18],[-5,11],[-15,2],[1,36],[4,14]],[[290202,545085],[11,55],[19,53],[11,-10],[11,0],[-2,9],[6,46],[7,-22],[11,14],[3,10],[18,-59],[1,26],[6,20],[-1,20],[16,41],[15,51],[11,-30],[2,8],[1,25],[6,-2],[-7,23],[10,11],[-3,10],[-4,-4],[-2,23],[-9,25],[-7,11],[3,57],[8,8],[-11,35],[31,93],[4,-15],[1,20],[5,-13],[10,-18],[2,13],[4,9],[45,-138]],[[289555,576696],[-5,-39],[-1,-26],[5,-26],[5,-15],[-1,-10],[-5,4],[-3,-10],[-3,13],[-4,-4],[5,-32],[-4,-3],[-4,-28],[30,-2],[13,-28],[-3,-96],[18,-65],[10,16],[12,29],[2,-2],[1,-111],[-3,-169],[-7,-26],[-1,-81]],[[289612,575985],[-25,-3],[-80,-8],[-45,-2],[-44,-3],[-8,0],[-3,0],[-2,0],[-38,-3]],[[289367,575966],[1,78],[24,57],[3,29],[6,28],[1,18],[-4,28],[6,18],[13,-1],[7,33],[8,44],[9,64],[7,32],[7,15],[1,31],[6,50],[1,82],[5,8],[8,23],[4,1],[0,14],[-4,28],[3,6]],[[283653,552691],[-10,0],[3,-14],[-8,14],[-11,0],[-2,-17],[-5,1],[-3,16],[-15,0],[-5,25],[-4,56],[-7,5],[-4,-58],[-12,-24],[-32,38],[0,12],[-11,19],[-16,9],[-2,-5],[-7,12],[-10,-5],[-15,-20],[-5,11],[-13,-4],[-1,-7],[-12,26],[-12,-60],[-9,-84],[-7,-33],[1,-13],[-2,-28],[-1,-43],[0,-10],[-8,4],[-5,-41],[1,-50],[-60,1],[-6,-15],[-13,-69],[1,-30],[5,-59],[0,-19],[-1,-20],[-14,-34],[-16,-59]],[[287197,548164],[75,43],[169,109],[14,9],[10,-73],[2,-28],[10,-53],[4,-10],[25,0],[1,55],[5,33],[8,5],[21,33],[17,23],[7,16],[2,2],[14,2],[0,18],[1,34],[0,44],[-3,85],[-4,40],[-16,75],[-2,19],[2,31],[8,-7],[9,8],[1,25],[-3,32],[3,12],[-7,38],[-2,23],[5,10],[0,17],[2,52],[-3,20],[1,23],[4,25],[0,21],[4,6],[6,3]],[[287587,548984],[11,2],[8,11],[7,-3],[15,-15],[0,44],[28,-1],[0,68],[4,2],[-3,41],[5,7],[8,-3],[3,8],[8,4],[10,-1],[5,6],[6,20],[0,13],[10,22],[16,-8],[7,11],[16,7],[6,12],[11,-7],[3,7],[11,-2]],[[287782,549229],[6,8],[8,-6],[10,-16],[4,0]],[[287810,549215],[0,-7],[-5,-22],[56,-107],[5,35],[9,-13],[5,-17],[5,-42],[0,-79],[-11,-3],[-3,-3],[-18,-50],[-15,-21],[1,-188],[30,-1],[-1,-273],[44,114],[3,-3],[1,-29],[3,-9],[3,-27],[8,-5],[5,-18],[0,-14],[4,-17],[5,-6],[-1,-19],[6,-13],[5,-40],[-48,1],[2,-43],[-38,0],[-7,-14],[3,-70],[0,-33],[11,-27],[16,-4],[3,5],[25,-1],[3,19],[-1,-18],[-3,-62],[-2,-36],[16,-7],[4,-34],[-3,-25],[1,-28],[7,-4],[1,-28],[11,11],[-2,19],[0,100],[76,-2],[1,-8],[2,8],[6,-35],[1,-18],[9,-20],[-3,-24],[2,-16],[-5,-13],[4,-21],[-4,-36],[2,-20],[-2,-25],[0,-65],[3,-23],[14,-7],[4,-10],[20,-25],[7,-32],[10,-20],[3,-31],[2,-5],[5,-30],[3,14],[10,12],[9,36],[3,33],[5,31],[1,17],[5,21],[4,44],[5,17],[11,-33],[4,-5],[13,1],[22,-2],[-1,27],[0,36],[1,127],[10,0],[0,20],[-5,41],[1,57],[-4,0],[-2,67],[3,34],[10,14],[6,-9],[-1,17],[18,-3],[0,-17],[-7,2],[1,-31],[0,-78],[-1,-22],[14,-1],[-1,-189],[29,0]],[[288276,547859],[-1,-22],[0,-28],[0,-15],[0,-25],[0,-130],[5,0],[-4,-10],[0,-63],[-1,-167]],[[288293,547209],[-15,-44],[-6,1],[-3,-39],[-3,-25],[-11,2],[-3,16],[-8,-2],[-5,0],[-3,8],[-4,42],[-6,22],[-10,-1],[-11,38],[-4,1],[-13,18],[-2,8],[-1,-134],[-28,-4],[-24,-1],[0,36],[-11,-1],[1,-41],[-7,-5],[-21,-1],[-29,0],[-30,0],[0,-80],[-3,-15],[12,-21],[3,-44],[2,-14],[10,-18],[5,-36],[0,-60],[-31,1],[0,-135],[0,-8],[1,-32],[-1,-13],[0,-258],[-13,19],[-11,-10],[-8,2],[-12,18],[-9,-9],[-5,5],[-2,-63],[0,-98],[0,-79],[-13,-6],[-19,-3],[-1,215],[-3,7],[-12,6],[-6,14],[-10,14],[-8,-10],[-7,12],[-5,30],[-1,23],[-6,32],[1,-340],[16,-1]],[[287900,546148],[-9,-47],[-3,-3],[-38,12],[-27,-7],[0,122],[4,104],[-1,26],[1,54],[-5,9],[-6,-4],[-3,-20],[-10,-23],[-7,-8],[1,80],[16,-1],[-1,25],[-3,12],[2,23],[6,-1],[0,15],[-3,2],[2,17],[-70,2],[-1,73],[-4,32],[-9,23],[-13,6],[-2,54],[-71,4],[0,-68],[-25,5],[22,242],[2,80],[-28,4],[-1,-70],[-119,3],[-1,97],[-49,1],[-1,-96],[-95,4]],[[284372,560682],[1,-26],[-1,-23],[16,0],[34,-2],[-3,-54],[4,-48],[15,-3],[9,-39],[6,-8],[-1,-11],[1,-1],[-16,-105],[-2,-9],[-3,-13],[-18,-55],[-14,-69],[-8,-70],[7,-7],[-2,-17],[6,-14],[10,-3],[6,6],[9,19],[4,-24],[3,-51],[8,-9],[5,-21],[4,14],[5,-11],[11,-2],[8,-37],[6,-1],[5,-25],[2,-19],[9,-53],[8,-36],[10,-40],[5,-10],[12,-6],[4,-7],[13,-50]],[[284550,559742],[2,-4],[29,-15],[4,0],[16,27],[-1,-162]],[[284600,559588],[-1,-209],[3,0],[10,0],[-6,-21],[-8,-20],[-15,3],[-7,17],[-21,25],[-12,-4],[-13,3],[-16,-6],[-5,10],[-4,27],[-7,7],[-5,24],[-13,-20],[-4,1],[-5,-59],[2,-16],[6,-9],[-9,-28],[7,-15],[-2,-35],[3,-12],[-2,-16],[2,-23],[-10,-17],[1,-67],[-5,-39],[-8,12],[-18,48],[-18,20],[-18,39],[-3,4],[-13,3],[-3,-33],[1,-88],[-3,-47],[2,-22],[6,-21],[10,-4],[1,-8],[0,-27],[-2,-32],[-7,-38],[-11,-10],[-11,-32],[-3,-16],[30,-32],[-10,-64],[7,-18],[11,-38],[9,-11],[0,-4],[0,-83],[-3,-9],[-2,-11],[-8,10],[-33,41],[-3,-21],[5,-16],[5,-26],[2,-31],[-2,-14],[-10,-48],[-17,-22],[1,-18],[4,-11],[10,-44],[-11,-12],[-7,-21],[-5,-21],[-6,-40],[-13,2],[-1,-70],[-14,-2],[-7,-38],[14,-57],[3,-31],[1,-5],[10,6],[3,-7],[1,-13],[99,36],[-4,-39],[-8,-10],[-4,-23],[-15,-38],[-5,-2],[-5,-12]],[[284259,557653],[-203,11]],[[284056,557664],[2,19],[-5,21],[-4,70],[2,24],[-7,-7],[0,124],[-13,-7],[-4,21],[-4,12],[-6,42],[-2,45],[-3,-1],[-2,13],[-4,40],[-6,33],[-4,11],[0,51],[3,26],[-5,13],[-7,44],[-5,19],[26,77]],[[284165,566082],[-2,-351],[16,-13],[15,-25],[2,10],[57,4],[21,4],[3,-21],[19,-64],[5,-42],[6,-18],[-8,-22],[-8,-4],[-29,-43],[-9,-19],[-12,-15],[-18,-43],[-1,-53],[-4,-11],[-9,9],[-1,-29],[-4,-14],[88,1],[-20,-37],[-10,-6],[-7,-13],[-15,10],[-10,14],[-3,-3],[-12,-47],[15,-5],[-10,-16],[-6,-22],[0,-21],[-3,-22],[32,-4],[0,-87],[-14,2],[0,-48],[-13,2],[0,10],[-9,1],[-2,-16],[1,-70]],[[283841,565329],[3,30],[2,27],[5,-22],[7,-15],[5,-2],[9,14],[15,0],[17,14],[23,-5],[1,74],[1,37],[-1,4],[29,-4],[9,14],[9,29],[1,44],[5,36],[7,-7],[9,-22],[15,-19],[-29,140],[-1,17],[6,13],[-2,14],[-8,13],[3,83],[-2,22],[4,58],[-2,29],[1,53],[4,26],[4,-14],[4,28],[18,-9],[9,0],[8,-8],[0,5],[4,-8],[20,-2],[-1,-52],[13,0],[0,-32],[28,0],[0,64],[8,0]],[[286064,577611],[3,15],[0,8],[11,20],[-2,28],[-2,13],[6,64]],[[286080,577759],[10,18],[-1,22],[12,15],[3,18],[10,34],[11,24],[8,-6],[9,-24],[0,29],[3,29],[-3,33],[1,25],[-4,25],[-6,15],[0,15],[30,-31],[11,-26],[1,-10],[26,8],[26,-5],[-5,20],[2,17],[-4,18],[3,18],[-4,17],[5,25],[6,1],[13,-23],[7,-2],[4,-8],[3,-22],[6,-19],[12,-7],[9,3],[6,-6],[12,-32],[8,-2],[8,14],[8,23],[9,35],[8,23],[6,23],[5,6],[11,2],[10,-12],[16,-25],[4,-10],[10,-36],[0,-21],[3,-14],[12,-5],[4,7],[7,25],[2,21],[-1,25],[5,34],[5,15],[15,23],[5,22],[7,7],[6,14],[7,-6],[3,-17],[-3,-16],[-11,2],[-6,-50],[3,-21],[4,-8],[1,-15],[-1,-33],[-1,-16],[-5,-17],[4,-28],[8,40],[1,-22],[3,2]],[[286462,577440],[-10,15],[-3,16],[-8,8],[-7,27],[2,16],[-5,58],[-6,12],[-9,8],[-10,21],[9,-28],[-4,6],[-3,-30],[-12,15],[-5,-36],[3,-5],[-7,-22],[-7,-22],[-18,13],[-5,-12],[-11,4],[-4,14],[2,20],[0,57],[4,19],[-9,-5],[-6,-27],[-6,-14],[-7,-8],[-7,18],[-7,2],[-20,21],[-6,-9],[7,28],[0,37],[-10,-5],[-4,4],[1,-12],[-9,-43],[-3,-62],[-5,-32],[-8,-23],[-9,-18],[-2,-10],[-1,-22],[2,-33],[-6,-19],[-3,10],[-3,-9],[4,-6],[-4,-24],[-2,-25],[-4,18],[-3,-15],[-6,-11],[-13,-33],[-4,2],[-5,-19],[-2,8],[-4,-22],[-7,-11],[-1,-20],[5,-2],[-1,-28],[-5,-4],[-2,14]],[[286173,577205],[-11,-15],[-2,18],[-5,-18],[2,-24],[-7,-10],[-3,28]],[[286147,577184],[3,4],[12,56],[8,12],[-1,32],[8,20],[-2,22],[-1,41],[7,9],[5,23],[0,13],[-5,25],[-5,11],[-1,25],[-9,0],[8,22],[1,30],[-3,6],[-12,48],[-7,5],[3,34],[-5,37],[-11,16],[-1,18],[-4,10],[-7,-2],[-9,-32],[-7,-35],[-5,-6],[-1,-14],[-13,-10],[-4,-23],[-5,9],[-5,-6],[-14,15],[-1,12]],[[288394,573699],[-9,8],[-13,-24],[-7,-2]],[[288365,573681],[-2,-7],[-15,-62],[-6,1],[-11,-10],[-7,-16],[-9,8],[-10,-9],[-7,-1],[-3,14],[-6,20],[-17,26],[-2,9],[-8,13],[-9,1],[-23,15],[-7,10],[-5,-1],[-13,14],[-117,-100]],[[287966,575016],[4,59],[-3,49],[8,52],[1,16],[4,27],[0,18],[-4,32],[5,36],[-2,37],[-8,61],[3,27],[9,37],[3,10],[11,16],[9,16],[-24,1],[0,76],[-2,21],[2,0],[0,34],[7,9],[3,23],[5,2],[3,28],[10,12],[4,10],[4,13],[4,75],[5,63]],[[283305,576214],[3,14],[6,-8],[3,22],[-6,9],[6,41],[34,-22],[4,2],[7,18],[2,0]],[[283364,576290],[2,-19],[-5,-50],[9,-13],[-6,-9],[3,-8],[-6,-10],[2,-25],[4,-9],[-2,-19],[4,-11],[-3,-28],[-7,-12],[0,-12],[-2,-30],[6,-38],[7,-18],[-2,-21],[4,-15],[0,-43],[5,-10],[-2,-13],[2,-28],[1,-7]],[[283291,575836],[1,7],[1,21],[2,10],[0,8],[3,-1],[0,7],[7,33],[-1,58],[0,7],[-1,4],[-2,2],[-1,4],[0,13],[-1,8],[1,18],[-2,5],[5,-1],[-2,2],[-1,11],[-1,37],[-1,7],[-3,2],[-1,6],[-2,3],[3,10],[14,2],[-5,32],[-4,7],[-1,10],[4,29],[2,17]],[[289503,573567],[0,-24],[0,-7]],[[289503,573536],[-9,10],[-5,-4],[-5,-16],[-12,9],[-3,7],[-20,-11],[-8,-19],[-10,2],[-12,-15],[-9,3],[4,-33],[-4,-10],[-9,6],[-8,-21],[-6,22],[-3,26],[3,21],[-4,18],[0,18],[-5,1],[-10,18],[-25,2],[-7,11],[-8,-3],[-3,-20],[-5,-21],[-7,17],[-2,-12],[-8,3],[0,-17],[-5,-8],[-1,14],[-6,-14],[2,-9],[-5,-10],[-5,15],[-5,29],[3,16],[-7,3],[1,16],[-6,5],[-1,19],[-3,15],[5,62],[-6,18],[5,50],[-61,2],[-2,61],[-16,2]],[[289190,573814],[1,55],[4,57],[-5,-5],[-1,35],[-1,2],[-3,-37],[7,-9],[-3,-63],[0,-30],[-5,-16],[-3,-35],[3,-23],[-5,-24]],[[289179,573721],[-4,15],[-3,-22],[-5,6],[0,12],[-3,28],[-12,3],[-4,29],[-1,35],[-5,8],[-10,-4],[-4,16],[-3,6],[1,30],[3,17],[-6,19],[-9,0],[-12,-7],[-5,5],[-2,-12],[-8,-6],[-4,7],[-6,-16],[-5,17],[-11,-22],[-14,9],[-5,22],[-7,4],[-89,-96],[-9,-15],[-10,2],[-15,-19],[-16,-31],[-3,-16],[-5,-3],[-6,-46],[-1,-34],[-6,-24],[5,-24],[-12,28],[-4,3],[-10,-6],[-5,-34],[-8,-18]],[[283106,574899],[3,16],[-5,10],[7,39],[5,11],[-2,22],[4,13],[3,35],[0,37],[-6,11],[0,10],[6,9],[6,-7],[4,10],[4,35],[1,43],[5,12],[5,3],[6,22],[2,20],[-1,19],[2,15],[9,12],[0,16],[12,54],[-11,16],[-2,5],[7,20],[6,47],[10,18],[2,14],[7,12],[7,38],[0,23],[6,13],[0,28],[6,9],[2,27],[4,7],[4,3],[5,62],[4,13],[0,31],[6,30],[6,51]],[[283245,575833],[3,0],[25,2],[4,0],[14,1]],[[283112,574523],[-1,42],[4,51],[0,27],[5,104],[-7,11],[-1,19],[3,30],[6,20],[8,51],[1,25],[-8,-24],[-2,27],[-4,-1],[-3,-21],[-6,-10],[-11,-27],[-8,-22],[12,58],[6,16]],[[281466,561988],[11,11],[13,2],[5,67],[15,2],[-2,41],[-11,111],[2,5],[7,-22],[5,-11],[7,-1],[8,11],[4,-3],[3,-15],[1,-23],[-4,-21],[-1,-25],[-4,-11],[13,-9],[5,-12],[5,-25],[4,6],[6,-14],[8,-52],[1,-27],[-2,-53],[4,9],[10,-10],[0,-18],[16,0],[4,12],[0,30]],[[281683,561706],[2,-29],[5,-1],[-3,-169],[-7,0],[0,-27],[-18,-1],[0,-27],[-3,0],[2,-12],[10,11],[14,-5],[0,-18],[-1,-7],[-11,-9],[-5,-17],[0,-31],[3,-19]],[[281561,561230],[-1,25],[-11,-17],[-21,-2],[0,84],[-12,-6],[-27,1],[-5,-13],[-8,42],[-5,11],[-23,6],[-13,47],[-5,12],[16,26],[0,36],[-9,0],[-112,2]],[[281325,561484],[2,12],[-4,0],[1,99],[18,-11],[-1,34],[14,42],[0,75],[28,-1],[8,93],[-2,11],[8,2],[3,0],[8,-12],[4,-3],[12,8],[19,1],[2,4],[5,-4],[12,16],[5,-1],[4,-13],[8,2],[4,8],[6,2],[11,30],[4,8],[-3,9],[-16,49],[-19,44]],[[280521,559539],[5,45],[12,34],[7,8],[6,1],[53,-29],[14,-13],[4,1],[5,6],[7,24],[3,15],[-2,27],[-5,16],[-30,52],[-8,19],[-7,30],[-1,33],[2,16],[4,15],[6,11],[13,10],[20,5],[10,-1],[12,-6],[12,6],[10,15],[8,35],[3,41],[9,86],[3,48],[-1,28],[-4,49],[-12,106],[-4,38],[-4,77]],[[280671,560387],[-5,29],[-21,58],[-10,20],[-28,45],[-13,21],[-10,25],[-10,34],[-3,35],[-2,13],[0,32],[2,35],[5,27],[8,33],[12,24],[9,13],[22,19],[9,0],[10,-6],[6,-9],[8,-25],[6,-23],[7,-52],[2,-44],[1,-76],[6,-35],[7,-22],[12,-19],[12,-11],[12,-3],[11,15],[14,42],[5,30]],[[280755,560612],[64,-11],[6,-2],[52,-9],[-3,85],[32,-4],[-1,40],[26,-4],[15,-5],[20,-3],[7,59],[3,65],[26,-6],[14,76],[6,43],[5,-35],[9,-35],[-2,-25],[6,-37],[3,-2],[-6,-29],[4,-5],[-3,-37],[48,-2],[3,-9],[-5,-21],[1,-15],[-4,-8],[1,-40],[-4,-34],[5,-1],[4,3],[11,25],[26,38],[5,26],[3,8],[6,3],[7,-1],[19,13]],[[281164,560716],[5,8],[8,0],[2,-4],[-1,-11],[-7,1],[-3,-6],[-3,-32],[0,-628]],[[281165,560044],[-27,1],[0,-53],[-7,0],[3,-33],[-11,-1],[-1,-51],[2,-28],[5,-38],[4,-24],[6,-16],[-3,-41],[-13,0],[-9,9],[-23,48],[-6,6],[0,-37],[5,-52],[-19,-2],[0,-25],[-26,0],[0,-57],[-27,6],[-1,-117],[-6,1],[0,-23],[52,8],[21,-9],[0,-25],[0,-7],[-2,-16],[-3,-11],[-3,-5],[8,-4],[-2,-122],[1,-7],[-9,-34],[-17,-14],[-7,-40],[-8,-13],[-8,2],[-6,-11],[-3,-19],[-19,-27],[-6,-12],[-20,-5],[-4,9],[-2,-9],[-11,-1],[-4,-11],[0,-14],[1,1]],[[280609,559143],[-9,23],[-9,13],[-12,9],[-20,33],[-5,19],[-7,41],[-1,20],[2,19],[3,37],[-1,22],[-4,27],[-12,38],[-9,44],[-4,51]],[[281313,559941],[10,9],[2,5],[24,20],[13,3],[16,9],[13,-3],[25,5],[-1,30],[0,611],[-3,12],[4,5],[6,-9],[12,-3],[0,79],[0,16],[9,2],[6,-14],[6,-25],[7,6],[5,-10],[6,-23],[11,0],[11,27],[10,0],[7,28],[18,32],[21,30],[12,12],[4,34],[3,15],[1,12],[0,201],[-6,0],[-1,36]],[[281754,560807],[2,-108],[-1,-22],[-1,-6],[4,-4],[-2,-18],[-4,-21],[-5,0],[-5,-30],[-1,-11],[2,-43],[1,-81],[5,0],[0,-15],[-5,0],[0,-15],[0,-62],[2,-15],[-2,0],[2,-16],[-2,-29],[5,-15],[0,-15],[-5,0],[-1,-16],[4,-111],[4,-1],[-3,-30],[0,-20],[4,-1],[-1,-30],[0,-9],[-1,-19],[-5,0],[-5,-68],[0,-15]],[[281388,559660],[-5,2]],[[281362,559746],[7,1],[0,31],[4,1],[0,-38],[9,0],[0,38],[18,6],[-7,2],[1,26],[-3,16],[-2,6],[2,1],[4,10],[1,11],[-3,44],[-2,24],[-10,-10],[-10,-10],[-30,0],[0,-21],[-16,0],[-18,2],[-6,1],[-9,0],[7,35],[6,12],[8,7]],[[286447,561316],[5,-1],[1,0],[3,0],[0,0],[2,0],[2,-21],[12,-1],[0,9],[0,12],[4,-1],[8,2],[6,-1],[-1,-8],[17,-2],[0,5],[1,0],[1,12],[-1,12],[0,2],[2,13],[-1,10],[1,19],[-3,28],[18,2],[11,9]],[[286535,561416],[7,8],[10,16],[3,7],[5,19],[1,28],[11,-4],[3,11],[-7,14],[1,5]],[[286569,561520],[5,19],[1,26],[10,-10],[-2,-27],[5,-4],[6,34],[22,70],[2,-6],[6,21],[3,14],[-2,11],[0,3],[-3,9],[-2,4],[-2,8],[-7,18],[-4,9],[-1,2],[-2,3],[-1,-2],[0,4],[2,3],[0,4],[1,32],[19,1],[7,27],[0,-63],[8,-1],[11,25],[-4,44],[1,5]],[[286648,561803],[19,6],[-4,9],[-5,14],[-5,6],[-9,22],[0,1]],[[286644,561861],[-1,10]],[[286643,561871],[1,-1],[1,-3]],[[286645,561867],[7,-11],[6,-1],[14,1],[1,0],[5,7],[3,5],[1,-1],[5,1],[3,-14],[1,-5],[-2,0],[1,-73],[-5,-1],[-1,-42],[9,-16],[-9,-25],[2,-9],[-3,0],[3,-23],[0,-60]],[[286686,561600],[1,-88],[1,-42],[1,-1],[4,-122],[-1,-57],[-1,0],[-1,0],[0,-40],[-3,-68],[-7,-34],[1,-3],[-8,-37],[-9,-64],[-3,-16]],[[286661,561028],[-1,0],[-6,3],[-30,14],[-14,3],[-22,-14],[-25,-19],[-16,-11],[-5,-3],[-34,-1],[-8,6],[-16,25],[-4,2],[-21,1]],[[286459,561034],[-1,5],[-6,-1],[-7,11],[0,36],[0,1],[-1,44],[-16,3],[-7,3],[-1,-7],[-4,9],[1,5],[2,30],[15,24],[1,34],[10,-4],[-1,29],[-8,16],[9,44],[2,0]],[[285838,554694],[35,-3],[11,-6],[34,-47],[13,-10],[30,-2],[10,1],[12,-8],[6,-13],[10,-113],[0,-94],[23,2],[1,-33],[11,21],[0,-66],[26,0],[1,22],[10,-14],[17,-14],[19,-58],[2,-6],[-7,-11],[-2,-45],[-11,-74],[-1,-75],[2,-92],[25,-38],[3,-10],[8,9],[13,8],[18,29],[4,-23],[-2,-22],[12,-42],[17,-18]],[[286188,553849],[1,-17],[-8,-72],[5,-86],[-1,-6],[-9,-3],[-3,-39],[-17,-18],[-4,-11],[-6,-26],[2,-19],[0,-69],[6,-11],[20,-3],[12,-15],[5,-62],[-2,-29],[-2,-4],[4,-17]],[[286191,553342],[-4,0],[-23,-36],[-23,-38],[5,-44],[-1,-23],[-48,-93],[-9,-23],[-7,5],[-7,-15],[0,-16],[-12,-22],[-3,9],[-8,-4],[-11,56],[-9,10],[-5,0],[-14,41],[-9,6],[-9,15],[-8,-18],[-1,-16],[-3,0],[-7,-20],[-11,-5],[-1,12],[-7,13],[-5,-9],[1,-29],[-2,-29],[-3,-11],[-5,-2],[0,-20],[-15,3],[-11,46],[-2,18],[-2,46],[-15,54],[-8,17],[-1,-7],[-18,58],[-46,218],[-35,1],[-3,-2],[-8,-14]],[[287029,563444],[3,-6],[1,-1],[13,5],[8,23],[3,1],[10,-14],[17,-56],[-9,-16],[-1,-21],[-4,-10],[-12,7],[-1,-2],[12,-6],[-4,-34],[1,-24],[-1,-1],[0,-14],[-2,-6],[5,-11],[2,-7],[4,-12],[-4,-19],[-12,-16],[1,-29],[12,5],[-1,-18],[16,-60],[6,-2],[1,1],[4,-48],[14,22],[8,-36],[7,12],[1,4],[4,-22],[6,11],[4,-12],[1,-10],[2,11],[0,10],[-2,12],[0,9],[3,17],[1,-1],[-4,-18],[2,-19],[0,-12],[-3,-31],[0,-6],[0,-4],[7,-34],[14,29],[4,-21],[7,-14],[42,73],[3,13],[1,-5],[2,3]],[[287221,563034],[1,-8],[9,-23],[18,24],[1,-5],[10,-1],[2,-1],[1,-43],[-9,-8],[-5,-8],[13,-46],[-7,-15],[-3,11],[-7,-12],[2,-9],[-3,-17],[-2,-22],[3,-10],[-9,-26],[9,-48],[-10,-18],[-9,5],[-2,-61],[-2,-9],[-3,-17],[4,-15],[-8,-14],[8,-39]],[[287173,562081],[0,-1],[-3,3],[-5,13],[-2,6],[-5,-11],[-14,77],[-8,-12],[-22,-40],[-8,31],[0,13],[-9,49],[3,41],[-11,64],[-7,-3],[-2,11],[5,14],[-6,24],[4,57],[-7,12],[-6,18],[0,12],[-1,-5],[-5,-6],[-9,29],[-5,-3],[0,4],[-8,-7],[-3,-9],[-1,-8],[-4,7],[-12,-23],[-2,-3],[-4,17],[-3,13],[-6,5],[-2,-2],[-3,10],[-1,15],[3,20],[-4,26],[4,25],[-6,32],[-8,-14],[-4,16],[-1,5],[-3,0],[-11,13],[-3,6],[-8,39],[2,17],[6,23],[-1,7],[-10,-18],[2,-29],[-6,-28],[2,-5],[0,-5],[-9,24],[-7,2],[-9,54],[-8,-12],[-10,43],[-1,15],[4,36],[-5,31],[-3,-9],[-4,-30],[-10,-9],[-3,15],[2,19],[0,7]],[[286892,562809],[1,10],[11,32],[-1,4],[-11,-30],[-4,22],[12,23],[-4,29],[-3,15],[3,14],[-2,13],[3,-16],[1,12],[0,17],[-1,13],[-6,-15],[0,1],[-2,-5],[-2,4],[-17,94]],[[285368,546124],[5,9],[8,2],[14,24],[15,-10],[10,1],[21,-11],[12,-18],[7,-17],[10,-11],[13,7],[4,-7],[13,10],[8,-22],[14,-5],[7,-20],[19,10],[3,14],[7,12],[10,2],[7,13],[0,40],[3,28],[0,42],[-13,1],[-8,13],[15,110],[10,46],[6,40],[11,-2],[46,-212],[40,-147],[14,-1]],[[285699,546065],[28,-3],[3,1],[7,49],[3,67],[7,-36],[14,-28],[9,-29],[17,-42],[6,-1],[7,-11],[15,-33],[3,12],[1,99],[32,-1],[5,-3],[6,-21],[38,-60],[1,32],[-14,105],[5,1],[5,-9],[1,-19],[3,-11],[3,7],[6,-16],[5,-24],[11,-33],[-1,-11],[5,-3],[2,-22],[4,17],[3,22],[6,4],[23,-1],[1,34],[6,10],[14,0],[11,23],[0,77],[12,0],[3,56],[10,0],[0,32],[3,16],[11,-3],[21,34],[22,27],[2,5],[3,12],[2,-20],[-1,-98],[-5,-100],[-2,-82],[-3,-52],[-21,-117],[62,1],[10,-34],[7,-47],[15,-48],[9,31],[31,85],[0,-53],[31,3],[1,75],[21,-1],[13,-4],[1,9],[12,-6],[13,-1],[-1,-118]],[[286282,545810],[-9,4],[-4,-20],[-5,1],[-5,-21],[-7,-9],[-1,-80],[2,-24],[-2,0],[1,-96],[30,1],[-1,96],[31,1],[0,-119]],[[288638,548743],[0,-53],[-7,11],[-10,-22],[-1,-3],[-3,-24],[1,-1],[8,-37],[-9,0],[1,-10],[16,-180],[6,-63],[9,-108]],[[288649,548253],[-2,-1],[-7,-6],[-18,-1],[1,-11],[1,-24],[-4,0],[-2,32],[-11,-6],[0,-9],[-3,9],[-5,0],[-2,0],[-5,0],[-1,-11],[-8,0],[0,10],[-5,0],[-22,0],[0,-30],[-8,2],[0,28],[-3,0],[0,-7],[-3,-10],[-7,7],[-2,0],[0,-15],[-12,1],[1,15],[-7,-4],[-7,11],[-14,4],[-7,0],[-29,-1],[0,-12],[-11,0],[0,12],[-14,0],[-9,0],[0,-7],[-3,-16],[-4,-10],[-2,17],[-2,4],[-2,1],[0,11],[-12,1]],[[288310,548407],[0,24],[0,97],[0,93],[-1,0],[0,21],[0,74],[1,0],[1,140],[-1,0],[0,36],[2,3],[17,49],[12,36],[32,55]],[[288304,548193],[23,5],[-2,15],[-11,7],[3,20],[-2,19],[-6,-19],[0,13],[0,15],[0,2]],[[288369,548230],[-47,-37],[-18,0]],[[286154,559753],[7,-10],[5,-22],[2,-69],[3,-23],[11,-29],[5,-17],[2,-26],[4,-10],[7,0],[7,-17],[-1,-26],[8,-59],[4,-36],[-1,-18],[8,-30],[3,-22],[-8,-38],[0,-6],[1,-19],[-3,-25],[-7,-45],[-1,-6],[12,-11],[8,-4],[1,15],[24,-1],[-1,-13],[-2,-15],[-6,2],[1,-5],[5,-44],[2,47],[4,0],[2,-67],[2,-24],[-26,5],[-7,0],[-2,19],[-8,0],[0,-47],[-19,4],[-2,-8],[-2,-10],[11,-11],[4,-43]],[[286211,558989],[-10,13],[-7,4],[-5,3],[0,-2],[4,-3],[1,0],[0,-42],[-13,0],[-1,-35],[0,-10],[17,-2],[0,-18],[-2,-74],[0,-1],[0,-8],[0,-79],[-5,0],[0,-33],[-7,0],[0,-13],[-1,-4],[4,-33],[-5,-24],[1,-6],[2,-18],[9,0],[0,-85],[-10,11],[-5,29],[-9,24],[-4,43],[-6,22],[4,30],[-2,37],[2,21],[-23,1],[-6,0],[1,40],[-19,6],[-5,6],[-10,24],[-4,5],[0,1]],[[286097,558819],[5,38],[2,21],[-15,0],[1,19],[9,0],[6,-4],[2,22],[8,99],[4,53],[2,35],[-2,3],[2,16],[1,12],[0,2],[-3,0],[-1,42],[-3,62],[2,59],[-4,25],[3,1],[0,12],[-8,7],[0,84],[9,1],[0,14],[2,0],[-4,30],[-1,2],[-6,20],[-17,1],[-2,42],[0,14],[6,0]],[[286412,563425],[19,0],[0,2],[30,0],[8,0],[12,0],[6,-3],[6,-5],[11,-22],[5,-17]],[[286509,563380],[0,-3],[0,-52],[-4,-2],[3,-15],[0,-2],[1,-77],[0,-66],[2,-5]],[[286511,563158],[3,-1],[6,-37],[1,-47],[1,-12],[1,-32],[2,0],[0,-6],[6,0],[5,0],[0,-27],[4,-11],[2,-3],[11,-5],[4,-12],[2,10],[6,-3],[3,3],[-7,-32],[1,-3],[5,-9],[0,29],[2,15],[4,-8],[5,18],[10,12],[6,24],[1,14],[13,0],[-1,24],[-7,9],[7,1],[3,8],[9,-26],[11,8],[2,-29],[6,-2],[1,-7],[0,-1],[8,1],[5,-18],[9,4],[3,5],[2,-25],[8,-1],[1,17],[2,6],[0,0],[5,-4],[2,-4],[1,-4],[-2,-5],[-3,-57],[-3,3],[-3,1],[-1,-7],[-17,-11],[-4,-5],[0,-30],[-1,-18],[-6,-20]],[[286645,562848],[-7,-7],[-4,-7],[0,-20],[-1,0],[5,-79]],[[286638,562735],[-11,1],[-1,-6],[-3,-12],[-10,33],[0,9],[-1,35],[-12,20],[-4,-4],[-8,9],[-5,-9],[-24,47],[-5,-19],[-3,-5],[-2,-8],[-3,-13],[-10,-25],[-8,6],[2,-26],[-12,-22],[-5,26],[-1,5],[-3,8],[-2,-6],[-6,-28],[-1,1],[-3,4],[-1,2],[-3,5],[0,34],[-4,24],[4,19],[-11,-18],[-3,-17],[1,-20],[-8,9],[0,5],[0,0],[4,11],[-3,1],[-3,-12],[-10,-3],[-12,-11]],[[286448,562785],[-10,-4],[1,18],[-3,17],[-10,0],[-2,-6],[-1,9],[0,16],[-6,0],[2,7],[0,22],[0,64],[1,2],[-2,9],[-1,7],[-3,0],[-4,-5],[-1,0],[-1,-2],[-1,3],[6,24],[7,15],[0,43],[-3,0],[0,44],[0,36],[0,83],[0,23],[-2,-1],[2,7],[-3,45],[0,31],[4,-4],[3,10],[-3,19],[-5,-14],[-2,16],[2,52],[4,6],[3,4],[0,42],[-8,2]],[[286391,563424],[21,1]],[[286448,562785],[-2,-50],[-6,-35]],[[286440,562700],[-5,-18],[-8,-10],[-1,-13],[-4,3],[-16,-37],[-4,-2],[0,-9],[-9,3],[-4,-45],[2,-15],[1,-19],[-5,-19],[-2,-6],[-6,-20],[0,-1],[-10,40],[-8,-18],[4,-4],[-2,-29],[4,-18],[-1,-3],[-4,0],[0,-2],[-9,4],[-5,-34],[0,0],[-3,-6],[-3,-13]],[[286342,562409],[2,25],[-4,27],[3,1],[-1,10],[2,15],[3,23],[1,7],[-3,19],[-16,12],[-1,3],[-4,27],[-8,11],[-1,1]],[[286297,562677],[0,23],[3,0],[0,35],[-3,1],[0,7],[0,4],[0,23],[0,13],[4,3],[-1,9],[1,9],[-1,13],[-3,7],[0,14],[2,11],[-3,6],[2,69],[-1,9],[9,-1],[-1,5],[-2,7],[2,17],[-2,11],[-1,9],[5,20],[-5,12],[-9,12],[7,26],[11,3],[6,5],[6,13],[-6,16],[-5,3],[4,18],[-1,21],[11,9],[1,6],[0,76],[-3,20],[-6,0],[0,28],[5,-17],[2,-10],[2,4],[1,108],[0,10]],[[286586,563551],[24,40],[8,17],[0,-2],[19,41],[15,34],[10,21],[8,15],[8,16],[6,18],[5,10],[8,18],[17,36],[18,29],[29,57],[0,3],[40,78],[1,3],[17,29],[16,26]],[[286835,564040],[17,25],[13,20],[4,12],[2,10],[3,27],[9,17],[9,-45],[5,-12],[-1,-2],[-29,-75],[4,-13],[9,22],[-3,-8],[-2,-6],[4,-23],[-3,-8],[10,-59],[5,-30],[-13,-24],[-6,25],[-13,-24],[-13,61],[-7,-18],[11,-59],[-14,-23],[-9,-1],[-4,-15],[1,-6],[-5,-14],[3,-15],[-3,-5],[-4,0],[-2,-1],[-2,-9],[7,-34],[4,5],[13,3],[3,-10],[3,-34],[6,17],[6,-26],[4,7],[5,-7],[0,6],[4,1],[1,-6],[7,-28],[3,5],[6,15],[5,-20],[-3,-15],[1,-29],[13,22],[12,-5],[2,-9],[-1,-5],[1,-5]],[[286670,563246],[-1,2],[-2,3],[7,15],[7,25],[0,6],[-9,46],[7,22],[-6,33],[11,20],[-2,16],[15,26],[-3,19],[-3,28],[-7,17],[3,12],[-6,-4],[-13,-10],[0,1]],[[286668,563523],[0,2],[0,3],[-8,1],[-8,23],[0,17],[-3,21],[-6,-10],[-10,-1],[-8,-12],[-7,14],[-1,20],[-14,-27],[11,-20],[1,-10],[-14,-26],[-13,17],[-2,12],[0,2],[0,2]],[[283326,576695],[1,-18],[-5,-12],[-11,-8],[-5,-13],[-7,-32],[-4,-38],[3,13],[-4,-63],[5,-44],[10,-17],[1,-27],[2,25],[3,-8],[3,21],[8,-15]],[[283326,576459],[3,20],[13,-18],[1,10],[5,5],[2,-5],[-2,-19],[3,-4],[3,-4],[-1,20]],[[283353,576464],[8,-2],[22,-26],[10,6],[2,2]],[[283395,576444],[-4,-25],[7,19],[5,-26],[10,-15],[7,16],[-2,-14],[-5,-39],[-5,-6],[-15,1],[-6,-51],[15,-22],[-7,-24],[1,-18],[-7,13],[-6,25],[-4,14],[-3,10],[-8,17]],[[283368,576319],[-4,-29]],[[283305,576214],[-5,7],[4,13],[-8,10],[-1,-15],[-6,6],[-5,-15]],[[283284,576220],[-8,7],[-2,6],[0,7],[1,24]],[[283326,576459],[-1,-6],[-2,-14],[6,-8],[3,18],[-5,9],[-1,1]],[[290934,571382],[42,-186],[23,-106],[12,-72],[7,-57],[5,-22],[7,-45],[6,-87],[1,-29],[0,-62],[-1,-27],[2,-18],[2,-6],[3,-11],[12,-27],[11,-33],[14,-73],[-1,-23],[8,-55],[-1,-19],[-3,-17],[-3,-24],[1,-27],[8,-99],[5,-17]],[[291065,570126],[-6,-9],[-2,-3],[-19,21],[-8,5],[-15,2],[-10,-6],[-19,-20],[-7,42],[2,-46],[-2,-7],[0,-51],[-5,-22],[-1,-25],[-5,-12],[-4,-27],[-14,-32],[-14,-12],[-8,2],[-7,20],[-4,32],[-10,-16],[-3,15],[-3,11],[-6,0],[-11,22],[3,-59],[-2,-14],[-5,5],[-3,20],[7,25],[-5,-2],[-9,-13],[-5,20],[5,13],[-6,-2],[-5,10],[-2,-15],[-5,18],[-6,-26],[-10,13],[-6,52],[1,9],[-7,-18],[-2,6],[6,19],[-7,8],[3,30],[5,10],[-12,-24],[-3,3],[4,-31],[-7,3],[-9,31],[-8,7],[-2,13],[7,31],[1,31],[-5,11],[-5,2],[1,16],[8,37],[-11,-24],[0,-10],[-5,-7],[4,-18],[7,-8],[2,-9],[-3,-27],[-4,-17],[0,-30],[-7,-6],[-8,9],[-4,28],[-2,45],[-8,43],[2,11],[-6,5],[-2,29],[-9,18],[-6,-4],[-10,6],[-1,12],[-9,20],[-6,-1],[-6,12],[-32,-13],[32,15],[-5,17],[-7,15],[-2,19],[-16,54],[-7,7],[-4,13],[-4,33],[-5,6],[4,18]],[[283175,559928],[4,3],[17,-43],[11,-17],[19,-4],[3,6],[7,23],[-2,12],[6,32],[2,21],[13,1],[7,5],[14,-2]],[[283276,559965],[27,-505],[3,-72],[23,-426],[1,-21],[0,-11],[3,-55],[0,-5],[30,-547]],[[283363,558323],[-11,-15],[-3,1],[-1,17],[-21,60],[-15,1],[-13,9],[-19,22],[-9,14],[-13,29],[-13,14],[-8,20],[-4,22],[0,15],[-5,7],[-6,-2],[-6,-19],[-8,-9],[5,-75],[-8,1],[-61,1],[-8,2],[-156,12]],[[286294,553116],[6,2],[34,67],[7,4],[0,-11],[1,-19],[-2,-3],[1,-35],[5,-30],[5,-14],[-1,-16],[4,-47],[3,11],[16,40],[2,18],[-5,52],[5,69],[0,55],[29,-1],[1,56],[9,-7],[11,44],[1,3],[0,37],[12,-6],[7,-12],[-7,-24],[21,-15],[0,15],[26,-43],[20,40],[22,4],[0,26],[4,37],[22,56],[15,32],[2,1],[20,1],[17,21],[14,-24],[0,-21],[9,-22],[8,0]],[[286605,552917],[-7,8],[-1,18],[-4,13],[-21,3],[1,97],[1,0],[0,3],[-31,1],[2,85],[-12,1],[1,70],[-2,31],[-6,42],[-4,-31],[-10,-24],[-9,3],[-8,-9],[-11,-19],[-9,-2],[1,-16],[-4,-45],[3,-23],[-1,-60],[48,-2],[-1,19],[9,-27],[5,-33],[7,-41],[1,-18],[-8,0],[2,-20],[6,-11],[-1,-66],[5,0],[-1,-19],[-4,-23],[-1,-215],[14,-15],[2,-6],[-46,2],[1,-17],[7,-51],[0,-18],[2,-30],[-2,-7],[3,-20],[-5,-3],[0,-43],[4,-2],[1,-18],[-2,-23]],[[286174,552602],[1,12],[0,60],[0,20],[-2,18],[6,27],[2,33],[14,52],[-11,20],[0,66],[12,13],[0,41],[28,-1],[0,-34],[14,10],[3,18],[8,14],[14,0],[10,-10],[4,25],[8,40],[-1,37],[10,53]],[[289656,564428],[8,5],[2,-16],[15,-7],[2,19],[8,-1],[2,12]],[[289693,564440],[10,23],[-1,-11],[16,3],[-4,34],[-1,36],[3,24],[5,11],[1,-12],[2,-4],[4,-45],[18,-55],[27,70],[7,-20],[15,-32],[10,-10],[5,15],[4,-11],[5,-37],[1,-55],[7,-1],[-8,-18],[-8,0],[-18,-109],[4,-25],[4,0],[7,-16],[-14,-23],[4,-20],[-4,-15],[2,-9],[-5,-22],[-1,-36],[9,-46],[5,-2],[-3,-21],[3,-16],[22,-62],[6,-22],[9,-45],[7,21],[7,-7],[1,-5],[10,-46],[7,-36],[17,7],[3,4],[5,-18],[1,-11]],[[289899,563765],[-3,-4],[-10,-25],[8,-42],[20,-57],[5,-22],[-6,-47],[-4,-4],[-12,-32],[-12,-20],[-3,-20],[-9,-10],[-10,8],[-9,-7],[1,-63],[-8,8],[-30,-13],[-8,-12],[-5,-16],[0,4],[-13,-26],[7,-80],[13,-101],[-4,-9],[-10,-42],[-10,-10],[-5,2],[-21,50],[2,-47],[-2,-53],[-5,-52],[3,-21],[-1,-15],[5,-29],[2,-28],[0,-35],[-14,-35],[-6,2],[-21,-58],[-11,-12],[-8,-49],[-2,-47],[-13,-2],[-4,-7],[-7,-38],[1,-11],[-4,-23],[-1,-27],[-6,2],[-4,-20],[-12,11],[13,-1],[2,17],[-1,47],[9,84],[-19,-119]],[[289487,564066],[4,22],[0,5],[7,10],[6,16],[0,27],[13,10],[3,28],[6,19],[4,19],[4,34],[11,-16],[18,-22],[8,-6],[11,32],[13,34],[6,46],[5,16],[3,26],[19,-6],[11,3],[10,-4],[9,4],[1,21],[-3,44]],[[280265,565512],[3,-37],[7,-15],[7,-3],[4,-14],[-2,-20],[3,-6],[-2,-13],[4,-1],[2,-18],[4,0],[0,-16],[13,-34],[3,-21],[7,-27],[3,-6],[10,-5],[10,9],[66,93],[8,-41],[2,-12],[3,3],[-2,22],[-10,31],[37,50],[85,168],[36,48],[28,-11],[11,-28],[4,-12],[2,2],[10,-30],[7,-56],[0,-7],[8,30],[20,7],[13,31],[10,9],[0,-149],[27,-1],[0,-15],[5,-27],[3,-4],[17,2],[-3,44],[5,24],[6,17],[-2,-26],[4,-60],[5,-28],[7,-24],[13,-22],[10,-5],[1,-10]],[[280657,564916],[-6,-10],[-15,-35],[-15,-29],[-16,-24],[-43,-59],[-30,-54],[-23,-47],[-29,-34],[-21,-39],[-63,-67],[-2,-4],[-9,-41],[-18,-36],[-10,-29],[-26,-88],[-16,-76],[-8,-78],[-6,-19],[-2,-19],[-7,-30],[-4,-10],[-10,-56],[-6,-21],[-3,-19],[-4,-8],[-4,-23],[-10,-48],[-7,-24],[-6,-10],[0,-16],[-4,-13],[-11,1],[-6,-17],[2,-17],[-2,-18],[-9,-32],[-5,-45],[-6,-19],[-2,-14],[2,-31]],[[279836,565412],[3,42],[-1,46],[1,16],[5,16],[4,2],[6,-8],[9,-28],[5,-1],[5,10],[2,21],[-5,29],[-7,13],[-2,4],[-10,38],[-3,21],[-6,23],[2,27],[5,19],[9,18],[3,26],[8,74],[8,22],[7,14],[10,9],[9,-7],[6,2],[3,4],[9,24],[7,33],[2,31],[53,-1],[3,-13],[9,-12],[18,-3]],[[285754,580333],[3,-10],[19,25],[2,1],[11,0],[1,0],[-4,32],[0,22],[5,34],[14,49],[1,10],[4,69],[14,94],[23,0],[2,-15],[3,-15],[-12,-113],[-2,-30],[-9,-82],[5,0],[10,-7],[-4,-18],[12,12],[11,-24],[4,-48],[11,-22],[-9,-37],[4,-57],[1,-26],[7,-2],[13,-25],[1,-18],[-4,-7],[8,-34],[0,-26],[22,0],[-1,-85],[0,-19],[4,-14],[16,51],[2,3],[2,-37],[3,-32],[-5,-2],[-2,-12],[2,-14],[-3,-23],[-10,21],[-1,-20],[5,-16],[-3,-14],[3,-6],[8,5],[5,-24],[5,-8],[14,-37],[8,2],[10,-28],[8,10],[-1,18],[5,13],[0,-11],[10,-7],[-8,-41]],[[285997,579738],[-9,-24],[-11,-40],[-13,-35],[-11,-15],[-8,-22],[-10,-18],[-9,-23],[-13,-45],[-8,-47],[-20,-75],[-14,-41],[-14,-46],[-5,-8],[-2,-21],[-7,-16],[-2,-16],[-13,-32],[-13,-37],[-5,-22],[-3,-24],[-60,3]],[[285747,579134],[-21,1],[5,29],[-6,-1],[-6,4],[-5,7],[1,26],[0,20],[-2,-45],[-4,1],[-15,25],[2,39],[-4,-10],[1,-36],[-13,3],[-1,-15],[-14,4],[0,14],[-8,-8],[-1,30],[-5,0],[2,-20],[-5,0],[-3,-16],[-7,-15],[-9,9],[-14,10],[5,26],[8,9],[15,-1],[1,20],[-6,16],[-8,-21],[-10,0],[0,-16],[-9,7],[0,23],[-6,-16],[-2,-20],[1,-20],[-4,2],[2,17],[-5,33],[-8,12],[3,20],[-6,11],[-19,-2],[-5,-35],[-9,-24],[-17,37],[-3,11],[-14,39]],[[283652,576821],[9,-5],[36,15],[5,-48],[3,7],[5,43],[16,-4],[38,-37],[13,-11],[17,7],[10,12],[3,8],[5,60],[2,59],[4,11],[12,-4],[-2,-13],[10,-11],[-4,-59],[12,-22],[4,-8],[4,-20],[30,-11],[12,2],[23,36],[10,9],[10,4]],[[283763,575860],[-4,21],[13,66],[-2,18],[-5,24],[-3,7],[-10,-11],[-17,-3],[-2,33],[10,31],[13,26],[1,13],[-13,7],[-1,38],[-9,29],[-5,-17],[-6,5],[-3,5],[-39,-41]],[[283681,576111],[-1,28],[-5,34],[-8,12],[-8,-4],[-4,13],[1,4],[-3,11],[11,26],[3,34],[6,20],[6,42],[-9,-27],[-9,11],[-4,32],[-6,-2],[2,97],[4,43],[-1,30],[-2,27],[4,28],[12,-6],[6,-5],[7,8],[-14,24],[-7,18],[-15,10],[-2,-8],[-2,-15]],[[283643,576596],[-6,3],[-11,-11],[-13,-27],[-4,13],[2,19],[7,4],[11,19],[4,19],[-3,19],[-9,17],[-6,46],[3,9],[23,21],[4,10],[5,32],[0,11],[-3,15],[5,6]],[[283348,576705],[-1,-19],[3,-24],[-4,-15],[14,-29],[-2,-12],[2,-7],[1,-12],[-2,-11],[12,-17],[-1,-10],[-7,16],[-5,6],[-3,-21],[-2,-12],[7,-9],[-7,-46],[0,-19]],[[282136,577207],[6,3],[5,18],[7,7],[21,-85],[1,-22],[5,-15],[9,12],[9,32],[8,10],[0,42],[4,43],[-3,26],[0,51],[2,9],[0,43],[2,28],[0,62],[5,6],[4,16],[11,17],[10,-3],[9,-21],[16,-21],[7,-2],[13,-27],[7,-21],[6,-30],[5,-37],[-1,-35],[9,-31],[5,-30],[1,-23],[6,-4],[0,-11],[20,-53],[6,-12],[17,-13],[0,10],[0,47],[9,0],[16,39],[-4,24],[24,66],[13,10],[-13,75],[-8,40],[16,-53],[5,-4],[-1,-24],[4,-21],[6,2],[-3,-48],[-4,8],[-8,-42],[6,-12],[10,-6],[3,-10],[0,-17],[6,1],[13,32],[16,-6],[20,-42],[6,-2],[8,1],[1,12],[4,3],[2,17],[2,2]],[[282643,576750],[-1,-35],[-2,-23],[0,-28],[-3,-24],[0,-21],[-8,-48],[-2,-33],[-7,-20],[1,-33],[-2,-28],[1,-15],[-3,-28],[2,-21],[-3,-40],[-2,-21],[-11,-69]],[[284649,579138],[-9,-63],[-10,0],[-3,18],[0,11],[-5,-28],[-10,-70],[-7,2],[-1,7],[-2,-13],[-2,4],[-2,-13],[-3,8],[-3,44],[3,29],[-8,11],[3,18],[-32,45],[-4,-19],[-8,28],[-17,9],[-4,2],[-12,33],[-28,114],[-27,-37],[-1,-24],[-7,-43],[0,-24],[-8,-15],[-5,-22],[-5,-2],[-3,-18],[0,-44],[-4,-5],[-8,12],[-4,-10],[-2,-28],[11,-52],[4,-11],[-2,-19],[-5,-13],[-4,-26],[-7,-30],[-8,-22],[-10,-74],[-9,-56],[-7,-70]],[[284232,578928],[17,118],[-7,12],[2,15],[-2,27],[4,22],[3,50],[7,42],[5,-14],[6,15],[13,-12],[9,-13],[-3,22],[1,22],[3,-1],[-3,38],[18,-25],[17,118],[6,7],[6,-16],[6,23],[6,44],[11,-15],[5,24],[18,31],[8,21],[1,18],[-39,52],[11,79],[-12,19],[5,37],[17,114],[7,37],[8,-11],[3,20],[4,-4],[3,19],[-2,20],[0,12],[14,-12],[7,8],[18,0],[36,175],[14,-14],[3,13],[4,-12],[15,-18],[-7,9],[5,19],[-6,51],[5,9],[-1,13],[5,21],[1,19],[4,15],[8,10],[8,39],[5,6],[0,18],[-6,14],[-11,14]],[[290481,576345],[27,27],[317,304]],[[290816,574331],[1,-12],[1,-8],[-3,-26],[-1,-13],[0,-11],[0,-26],[3,-40],[3,-25],[4,-16],[6,-34],[-6,-23],[0,-19],[-4,-16],[1,-36],[5,-28],[-1,-20],[-8,-8],[-3,-10],[3,-27],[6,-32],[7,-30],[1,-17],[-3,-45],[-1,-59],[1,-26]],[[290468,574521],[-1,28],[6,14],[6,38],[1,23],[6,21],[-2,39],[-7,36],[-8,-3],[-7,-8],[-15,-21],[-3,-10],[-2,-11],[-1,-24],[-2,4],[-5,4],[-1,12],[4,21],[-4,39],[3,33],[2,7],[9,1],[11,-22],[11,-1],[6,11],[20,21],[20,49],[-4,31],[3,26],[1,13],[-5,48],[-5,24],[-5,13],[-8,-14],[3,-16],[-2,6],[-12,-2],[-8,39],[-2,24],[-10,8],[-4,18],[-9,9],[-5,20],[5,32],[-11,44],[-13,26],[-5,4],[-12,-9],[-6,8],[-8,25],[-1,18],[7,52],[12,37],[10,-32],[6,-29],[4,-5],[4,-20],[7,2],[4,-9],[4,-30],[-1,-12],[4,-11],[6,-27],[5,30],[0,13],[-3,42],[-2,13],[-8,25],[-6,37],[-1,30],[-4,38],[2,47],[5,17],[2,28],[0,19],[-4,16],[1,42],[-3,17],[-7,16],[-6,25],[-4,6],[-5,24],[-7,10],[-3,45],[2,30],[7,30],[0,15],[-5,39],[0,35],[1,18],[6,17],[-1,24],[-2,20],[2,25],[6,33],[1,60],[2,39],[-6,112],[-2,23],[6,26],[-1,26],[2,14],[6,41]],[[288232,558306],[16,-31],[6,-31],[12,-2],[10,-29],[4,-21],[7,-6],[-1,-15],[7,-17],[5,-24],[19,-3],[14,-27],[6,-4],[-2,-14],[12,-55],[-2,-28],[0,-45],[-1,-26],[6,-18],[16,-1],[4,-5],[12,4],[10,38],[4,9],[7,34],[11,10],[-1,-27],[2,-17],[8,-10],[7,-43],[0,-60],[6,-42],[5,-17],[3,29],[5,12],[-5,12],[0,23],[3,37],[0,37],[5,33],[-9,37],[2,51],[-3,36],[3,37],[11,-12],[11,-1],[9,-15],[18,-11],[9,77],[6,23],[11,9],[17,-69],[5,-36],[13,-117],[5,-40],[8,-38],[9,23],[7,-18],[6,-6],[8,8],[11,19],[5,-4],[7,22],[3,-17],[4,-4],[8,-21],[5,-21],[5,-7],[9,-2],[7,35],[6,15],[4,45],[10,-4],[3,21],[16,15],[-3,26],[6,64]],[[281251,568753],[6,8],[11,30],[17,45],[11,6],[4,10],[4,27],[3,8],[14,17],[11,41],[12,11],[14,3],[11,-7],[9,26],[7,8],[13,4],[12,37],[9,10],[8,-19],[-6,-27],[0,-18],[5,-16],[8,12],[7,44],[14,25],[14,11],[3,16],[-2,36],[3,11],[17,37],[6,20],[7,32],[4,13],[7,8],[24,6],[18,1]],[[281402,567622],[-12,-2],[-24,1],[-3,21],[0,66],[-8,-10],[-19,-9],[-1,15],[0,17],[8,1],[11,9],[7,10],[20,38],[7,26],[4,29],[-2,6],[-1,38],[35,1],[4,19],[-21,30],[-3,35],[-15,38],[-6,24],[-15,13],[-21,-4],[-6,-8],[-6,7],[-5,-31],[-14,-19],[-5,3],[-4,7],[-1,35],[-12,10],[3,56],[11,41],[-12,8],[-8,26],[25,37],[-3,40],[5,10],[2,34],[-4,-34],[-8,0],[-1,-22],[-12,-13],[-7,7],[-5,-20],[-5,9],[-9,17],[0,46],[5,19],[4,59]],[[281275,568358],[5,19],[1,49],[-3,30],[-3,26],[10,45],[-1,21],[16,11],[17,-4],[-1,85],[-1,22],[-8,13],[-4,19],[0,15],[-5,4],[-3,-22],[-4,5],[-4,19],[-10,-10],[-3,11],[-5,-8],[-6,5],[2,-19],[-2,-35],[2,-41],[-2,2],[-4,28],[0,16],[-6,43],[-2,25],[2,9],[-2,12]],[[292213,556662],[0,-15],[8,-23],[12,-6],[5,8],[1,-6],[-5,-89],[30,-62],[11,-44],[8,-2],[14,-18],[5,23],[7,118],[1,22],[4,-8],[-2,-19],[0,-24],[1,-9],[10,-13],[1,-20],[6,-2],[3,-16],[-1,-29],[1,-8],[11,-23],[7,5],[7,-13],[4,-23],[10,-14],[7,0],[10,-13],[16,-9],[13,0]],[[292343,556111],[-47,-137],[3,4],[9,-74],[-1,-36],[-19,-26],[-13,-39],[-1,-16],[-19,-42],[-18,-18],[-25,-143],[25,-31],[17,-40],[19,-36],[37,-61],[3,-3],[17,-58],[-42,-34],[-32,-23],[-6,-3],[7,-23],[3,-31],[-2,-33],[1,-24],[11,0],[8,-58],[42,-72],[28,-49],[4,-11],[4,-20],[-5,-42],[5,-17],[-2,-1],[-27,-73],[4,-14],[1,-28],[-4,-37],[4,-74],[2,-43],[8,-28],[2,-27],[0,-32],[6,-28],[-1,-23],[3,-13],[-1,-37],[-9,-52],[2,-23],[13,-58],[8,-13],[7,-24]],[[292086,553963],[-1,23],[-10,31],[-8,66],[2,48],[2,10],[1,42],[-1,48],[3,31],[3,45],[4,14],[9,51],[5,41],[-2,11],[2,88],[2,7],[11,40],[10,18],[9,10],[2,12],[0,20],[3,9],[-1,27],[4,37],[-2,29],[-5,31],[-11,15],[-4,32],[0,57],[1,14],[-2,49],[2,23],[-3,19],[-2,69],[3,24],[-8,24],[-4,45],[-1,24],[2,18],[-3,21],[3,24],[-5,58],[-4,25],[-2,48],[22,17],[18,-19],[4,35],[0,31],[-4,13],[2,42],[-2,26],[-3,6],[-3,24],[-4,14],[11,30],[-3,31],[-10,58],[-9,26],[-27,-56]],[[292082,555619],[-1,-4],[-3,9],[-5,32],[-1,37],[3,51],[8,52],[-24,90],[-11,55],[-6,46],[-20,-20],[-52,-76],[-20,-14]],[[289400,565785],[-7,-18],[-16,-25],[13,-66],[-10,-39],[0,-29],[-6,-17],[-1,-16],[-7,-36],[2,-26],[-4,-8],[-1,-15],[-3,-7],[1,-15],[-4,-32],[18,-32],[3,-13],[3,-24],[8,-29],[5,-31],[1,-23],[7,-29],[-4,2],[-2,-52],[-4,-2],[-5,-37],[11,-29],[11,-5],[7,-16],[21,-22],[7,12],[3,15],[3,-19],[10,-26],[5,-27],[-7,-26],[-10,-36],[-3,-1],[-15,-51],[-12,-10],[-3,-25],[-10,-12],[4,-16],[1,-27]],[[289410,564845],[-8,11],[-2,-2],[-18,39],[2,11],[-6,13],[3,11],[-5,3],[-10,43],[-4,29],[-5,12],[-5,-34],[-12,-44],[-7,-31],[-25,35],[-2,-18],[8,-33],[-17,-3],[-5,-19],[2,-15],[5,6],[1,-13],[14,-49]],[[289314,564797],[-16,-20],[1,-8],[-11,-13],[26,-53],[-25,-33],[-5,86],[-4,23],[-8,23],[-6,24],[-5,-25],[-10,104],[-5,44],[-4,23],[20,-19],[2,3],[-5,52],[-7,12],[-4,-29],[-3,2],[-4,-16],[-13,61],[-9,19],[-14,8],[2,-47],[5,-21],[-5,6],[-8,-6],[-3,5],[-15,-61],[-9,-46],[-15,-29],[-3,-42],[-1,-37],[-10,-38],[-4,17],[1,10],[-3,28],[4,3],[-2,12],[4,12],[-8,0],[0,11],[-4,16],[-3,26],[-2,29],[-2,-3],[-5,37],[2,17],[-1,27],[3,1],[-8,15],[-3,29],[-8,20],[-2,-3],[-4,15],[-8,-2],[-2,10],[-3,29],[-5,9],[0,14],[-8,13]],[[285254,547913],[0,77],[1,36],[0,132],[8,-49],[3,-36],[3,-9],[14,-38],[7,-31],[13,-35],[6,-31],[152,-4]],[[285618,547923],[-2,-24],[-10,-40],[-17,-127],[30,-2],[20,7],[20,-8],[-6,-19],[-2,-14],[-8,-141],[-1,-32],[-4,-299],[1,-39],[27,-2],[1,82],[-13,1],[-4,22],[2,35],[10,31],[1,22],[4,-3],[10,15],[5,16],[6,7],[2,14],[9,6],[0,-77],[27,-1],[0,85],[30,-1],[0,-83],[17,-2]],[[285773,547352],[10,-17],[8,-13],[13,-6],[24,-25],[20,-3],[15,-10],[12,-13],[22,-27],[5,33],[13,32],[12,20],[0,-44],[13,-21],[20,-1],[5,-6],[12,-27],[8,-10],[17,-7],[3,-23],[-7,-60],[-9,-39],[-20,-70],[-11,-63],[4,-46],[4,-31],[-11,-2],[0,-20],[9,-5],[0,-16],[7,-4],[-1,-134],[-3,-12],[-15,1],[1,36],[-6,9],[-15,0],[-9,-76],[-2,-42],[-5,-48],[-1,-22],[-9,31],[-10,23],[-6,19],[-9,15],[-28,52],[-7,52],[-22,-40],[2,-47],[0,-9],[-4,-28],[-4,-21],[-12,0],[-11,5],[-29,-2],[-13,-18],[-9,-2],[-14,18],[-10,7],[3,-25],[-30,-11],[-6,-3],[-6,-25],[-10,-6],[-1,-7],[-1,-257],[17,-49],[14,1],[-1,-148]],[[285368,546124],[0,49],[-3,2],[4,622],[59,-1],[0,62],[3,405],[-2,-1],[-24,1],[-10,1],[0,-15],[-5,8],[-1,-12],[-6,-10],[-9,-29],[-7,-15],[-12,5],[-12,-18],[0,13],[-6,34],[1,15],[-6,15],[-7,13],[-6,5],[-19,0],[-23,-14],[-7,5],[-19,29],[-9,-1],[-10,-8]],[[285232,547284],[-6,0],[-3,9],[3,67],[-2,11],[-1,31],[2,18],[11,12],[24,5],[23,16],[-2,27],[-2,53],[0,67],[-26,-1],[0,236],[1,78]],[[284974,561112],[11,3],[14,12],[38,50],[7,5],[66,42],[11,13],[15,29],[8,23],[39,139],[6,18],[7,15],[5,7],[8,10],[11,6],[17,10],[30,35],[25,30]],[[285292,561559],[0,-23],[14,-1],[0,-32],[0,-83],[3,-12],[0,-31],[7,-1],[0,-12],[-6,-8],[7,-25],[9,-4],[-2,-10],[-8,7],[-4,-12],[5,-14],[23,-87],[5,-20],[14,-38],[1,-6],[4,-46],[5,4],[5,9],[7,15],[-4,31],[-7,-15],[0,26],[11,33],[-10,13],[0,1],[6,0],[2,-6],[13,42],[7,-5],[0,29],[13,0],[13,-21],[1,-3],[8,-12],[27,-39],[2,-14],[11,-22],[2,-25],[11,-22],[3,14],[7,-1],[4,-28],[-6,-38],[2,-12],[7,-2],[12,14],[5,0],[10,-12]],[[285453,560776],[-1,-33],[-32,-76],[-25,24],[-12,-26],[-3,-98],[6,-54],[0,-32],[-8,-58]],[[284899,559387],[-30,-5],[-18,-1],[0,35],[-17,1],[0,-34],[-8,19],[-9,19],[-2,8],[2,15],[9,33],[7,35],[-10,21],[3,35],[6,22],[-5,24],[-8,11],[-7,-6],[-5,7],[-2,-18],[-15,-57],[-5,-10],[-6,1],[-11,15],[-11,-1],[-12,-8],[-11,-18]],[[284734,559530],[-2,18],[4,11],[6,0],[0,15],[36,4],[0,25],[-10,19],[0,23],[-8,12],[-6,16],[-6,2],[0,89],[7,35],[0,11],[-9,25],[-7,7],[3,78],[-2,50],[5,-2],[13,-36],[18,-17],[12,-29],[1,-1],[1,150],[19,-26],[0,39],[-20,-1],[0,56],[-30,-1],[1,-57],[-5,0],[-1,-22],[-8,0],[5,20],[1,12],[0,11],[-4,6],[1,29],[-6,16],[0,41],[12,0],[0,24],[4,0],[3,21],[0,-7],[2,9],[2,9],[1,33],[-6,-1],[4,29],[-6,3],[-1,84],[8,1],[-2,21],[9,-1],[3,-44],[9,21],[18,-11],[-2,25],[20,-2],[4,27],[2,25],[3,20],[5,-4],[9,10],[-10,15],[-3,34],[-6,39],[-4,6],[-4,-6],[-10,67],[17,-7],[2,2],[8,18],[8,11],[1,-12],[-3,-46],[1,-94],[2,-8],[9,24],[2,20],[-6,15],[0,32],[8,12],[9,25],[6,-15],[9,-11],[10,-6],[6,-9],[13,-48],[0,8],[2,34],[-1,67],[3,13],[-1,6],[0,68],[-4,53],[-4,32],[-2,10],[-5,54],[14,1],[7,70],[26,20],[27,-1],[5,19],[3,-3],[0,11],[-5,1],[0,33],[3,15],[5,-1],[-9,31],[1,63]],[[288884,569000],[45,54],[12,-32],[3,-24],[52,81],[-5,8],[4,0],[9,4],[1,0],[4,0],[2,16],[5,10],[2,15],[3,14],[11,12],[8,-15],[6,32],[1,35]],[[285481,565888],[5,1],[20,-7],[2,-4],[9,1],[1,-7],[10,3],[1,27],[10,15],[1,11],[8,-3],[5,-42],[0,-45],[4,0],[0,-20],[16,0],[6,-33],[4,-12],[7,0],[-2,-15],[-3,-21],[-8,-20],[-11,-51],[2,-3],[10,-61],[20,-1],[7,23],[0,13],[-2,24],[0,0],[3,-30],[0,-10],[1,-5],[4,-21],[-6,-2],[2,-26],[0,-9],[4,-1],[2,29],[6,-23],[3,-9],[-1,-98],[6,5],[-1,-14],[7,-10],[0,-67],[0,-1],[-7,-39],[1,-35],[21,-1],[0,21],[5,17],[8,-14],[1,-13],[5,12],[7,3],[-2,-30],[5,-17],[1,-15],[12,-16],[1,0]],[[285691,565242],[-3,-26],[0,-58],[-14,-1],[0,-41],[-5,1],[2,-27],[1,-9],[-6,-8],[-41,5],[-6,10],[0,-31],[-6,0],[-6,0],[-5,28],[-22,-1],[-11,-20],[0,7],[2,14],[-5,23],[-1,-23],[-9,-25],[-12,-9],[9,-34],[13,-27],[0,-6],[-15,28]],[[285551,565012],[-10,19],[-6,15],[-3,12],[-11,50],[-6,22],[-44,130],[-4,0],[-3,0],[-6,7],[6,12],[-8,20],[-9,7],[-7,-1],[-25,-23],[-16,-6],[-36,7],[-47,9],[-6,5],[-9,10],[-38,60],[-14,15],[-10,4],[-38,-2],[-4,-1]],[[292412,557876],[4,-8],[47,-48],[4,34],[9,41],[10,16],[10,-57],[10,-36],[13,-67],[-14,17],[-1,-63],[-3,-27],[7,-3],[0,-25],[10,-28],[4,3],[1,-26],[-23,-17],[-6,-2],[-20,5],[1,-8],[11,-26],[-15,-21],[4,-45],[-3,-32],[-5,-12],[5,-41],[5,-25],[6,13],[8,30],[12,4],[1,-18],[8,-4],[3,7],[11,-24],[11,-56],[7,-71],[10,-50],[5,-50],[3,-33],[17,-78],[-26,-38],[-14,-10],[-36,13],[-2,-33],[-11,-45],[-1,-32],[3,-44],[-3,-26],[0,-25],[8,-13],[7,-6],[9,-20],[10,-47],[3,18],[8,17],[25,33],[11,6]],[[292570,556793],[0,-62],[18,-21],[-7,-30],[-9,-95],[5,-15],[7,-42]],[[284057,548117],[12,0],[77,-1],[-11,-40],[-6,-12],[-5,-1],[-7,-19],[-7,-24],[-5,-8],[-1,9],[-6,-6],[-2,-16],[-12,-22],[-3,-16],[6,-16],[22,1],[6,12],[7,-14],[4,27],[7,-6],[8,15],[2,13],[2,-3],[7,-30],[3,-3],[6,10],[6,-2],[4,-28],[6,-26],[8,-7],[6,-16],[-2,-23],[4,-28],[12,-3],[8,4],[9,-12],[9,-8],[6,0],[4,31],[4,-20],[0,29],[7,31],[6,57],[4,14],[4,40],[15,27],[9,-11],[9,-26],[2,2],[2,32],[5,-5],[43,0],[0,-93],[23,0],[1,-60],[1,-8],[5,-4],[14,0],[13,42],[7,12],[4,-4],[-1,65],[10,50],[11,-2],[4,18],[7,3],[-10,-78],[-12,-133]],[[284428,547827],[-3,-50],[-2,-140],[-1,-127],[2,-33],[4,-126],[3,-66],[1,-99],[4,-43],[15,-61],[4,-16],[4,-25],[0,-74],[2,-37],[2,-10],[2,-13],[5,-24]],[[284410,546767],[-2,-6],[-19,-48],[-7,-17],[-4,-25],[-6,-16],[-3,18],[-6,-11],[2,-17],[1,-4],[-3,1],[-2,5],[-1,10],[-6,-6],[-5,-31],[-8,0],[1,11],[-1,44],[6,28],[-5,0],[-1,5],[-4,0],[-4,-10],[0,-37],[-11,-2]],[[284322,546659],[1,34],[-3,34],[-3,40],[-5,21],[2,59],[0,17],[-7,43],[-1,25],[0,7],[-2,36],[-1,31],[-1,22],[-4,26],[-13,80],[-4,12],[-17,15],[-6,46],[-2,12],[-2,9]],[[284254,547228],[-8,25],[-2,8],[-6,62],[0,15],[-1,14]],[[284237,547352],[-11,16]],[[284226,547368],[-4,3],[-9,9]],[[284213,547380],[-6,6],[-5,44]],[[284202,547430],[-3,33],[-18,42],[-12,46],[-39,136],[-8,64],[-25,33],[-27,176],[-12,104],[-1,53]],[[288189,566535],[6,-17],[10,-20],[1,-3],[18,37],[1,12],[9,22],[3,7],[5,5],[9,-6],[7,-11],[13,-47],[-6,-6],[-2,-16],[-1,-35],[14,-12],[1,-12],[5,-4],[5,-27],[0,-10],[5,-18],[10,0],[4,9],[6,-3],[8,-18],[11,2],[13,-26],[-3,16],[22,18],[6,-25],[-7,0],[2,-28],[9,14],[4,-5],[-4,8],[-3,11],[5,43],[6,11],[-10,13],[-17,42],[3,19],[5,16],[11,22],[-6,32],[-1,5],[0,8],[-8,15],[3,16],[-4,3],[4,27],[-7,25],[2,23],[6,8],[-11,83],[2,10],[-7,28],[-3,25],[3,8],[12,21],[9,20],[2,-17],[39,44]],[[288408,566897],[5,-35],[3,-9],[5,12],[7,50],[1,22],[4,16],[-7,36],[4,46],[-1,36],[17,14],[18,8],[10,-12]],[[288241,565940],[-5,-10],[-5,1],[-5,19],[-11,34],[10,8],[2,72],[-11,-21],[-6,28],[8,32],[0,11],[-5,8],[7,14],[-8,29],[-7,41],[-6,-8],[-16,-12],[-3,-17],[0,-63],[-7,-22],[-3,20],[-1,-33],[-6,2],[-4,41],[10,0],[-1,16],[-8,-1],[-8,-13],[2,32],[6,16],[4,20],[4,-4],[2,18],[-10,-11],[-7,27],[-3,-8],[-9,22],[-1,16],[-12,28],[-6,50]],[[288673,562972],[13,19],[-5,24],[8,37],[15,38],[11,3],[9,-4],[10,6],[8,17],[7,7],[-14,32],[-9,35],[31,82],[4,14],[-6,23],[4,42],[5,11],[1,69],[5,57],[-4,26],[12,24],[7,-5],[10,5],[2,6],[-12,31],[-4,21],[0,19],[-7,12],[-5,42],[-6,19],[12,27],[2,17],[1,5],[-27,41],[40,82],[14,-5],[4,4],[1,30],[7,15],[1,11],[8,14],[-6,17],[-16,13],[11,36],[16,65],[-4,42],[-10,95],[5,17],[5,-8],[2,-23],[7,-4],[8,22],[6,27],[6,-7],[11,24],[-1,18],[-7,24],[3,4],[-1,20],[4,21],[5,9],[7,-14],[3,-16],[15,34]],[[288933,562854],[-4,7],[-10,-75],[1,-10],[2,-12],[-5,-6],[-9,-18],[-13,20],[-21,52],[-11,19],[-9,30],[-1,-2],[-10,-24],[-2,-16],[7,-41],[-6,-41],[-1,-16],[6,-21],[0,-26],[-6,-10],[-2,-22],[-8,-7],[0,-26],[-8,19],[-4,-10],[4,-12],[2,-40],[-17,-64],[-5,-57],[-3,2],[-5,17],[-3,10]],[[288792,562474],[-5,3],[-10,20]],[[286586,561825],[5,0],[0,-18],[2,35],[8,-3],[0,-17],[12,0],[5,17],[7,2],[0,-16],[4,0],[0,21],[3,12],[7,4],[2,12],[2,-3]],[[286644,561861],[2,-35],[2,-23]],[[286569,561520],[-2,5],[-1,88],[2,0],[0,46],[-2,26],[-4,0],[-2,40],[-4,21],[-6,-1],[0,7],[18,24],[8,10],[2,4],[2,3],[1,3],[1,5],[4,18],[0,6]],[[286123,563374],[23,0],[0,0],[11,-2],[8,-10],[8,-11],[17,-8],[7,-4]],[[286197,563339],[0,-53],[7,-1],[0,-22],[-7,-1],[-5,-19],[0,-21],[8,0],[-1,-19],[8,-18],[0,-61],[-1,-32],[0,-23],[0,-24],[-3,-55],[-3,0],[3,-13],[3,-9],[0,-32],[0,-14],[-13,-14],[-6,-19],[-9,-14],[-2,7],[-4,-11],[-15,10],[-6,-20],[2,-12],[-9,-11],[1,-9],[-7,-7],[-1,-19],[2,-2],[3,7],[1,-5],[1,2],[1,-8],[3,4],[4,-40]],[[286152,562761],[-7,-24],[-5,-37],[-5,-8],[6,-25],[-2,-37],[5,-30],[0,-26],[0,-32],[0,-27],[-3,-16],[1,-30],[1,-7],[1,-5],[0,-26],[0,-30],[-2,1],[-1,-36],[1,2],[2,-2],[0,-9],[0,-11],[-4,0],[0,-8],[0,-24],[2,0],[0,-3],[1,-3],[0,-4],[0,-45],[-13,3],[-3,45],[-11,3]],[[286116,562310],[-1,-28],[-11,-4],[-11,35],[6,-89],[3,-34],[-7,4],[-5,-5],[-2,4],[-2,-11],[-1,3],[-5,10],[3,-8],[-10,6],[-8,49],[-13,27],[0,44],[-4,-7],[-2,0],[-8,8],[-2,2],[-2,13],[0,0],[-4,14],[5,34],[-7,19],[-8,-25],[-3,-42],[-4,2],[-6,8],[-12,-4]],[[283596,560720],[2,-14],[-41,-1],[-31,-13],[-2,9],[-13,-10],[-16,-10],[-1,-1],[-3,-92],[-1,-25],[0,-31],[-6,1],[-16,-25],[-9,-1],[2,22],[2,31],[-2,15],[-8,18],[-4,0],[-5,19],[3,19],[0,14],[-10,-3],[-40,-4],[-17,-5],[-26,-17],[-11,-5],[-23,-3],[-22,-7],[-48,-24],[-6,-5]],[[283244,560572],[0,3],[-4,79],[-27,510],[-8,150],[-5,101],[-2,25],[-9,209],[-4,70],[-9,169],[-18,351]],[[283685,559861],[0,47],[-12,3],[-4,16],[8,59],[5,1],[2,17],[-13,31],[-6,23],[-14,13],[-14,26],[-4,14],[-2,-22],[-7,-15],[-17,-7],[-13,11],[-7,0],[-7,10],[0,37],[-1,18],[-4,31],[1,21],[5,30],[0,56],[-6,-5],[-10,-40],[-3,-22],[0,-53],[-3,-6],[0,-20],[3,-26],[0,-38],[4,-48],[-4,-59],[-10,-18],[-3,-31],[-3,-13],[0,23],[-15,2],[0,24],[-8,-36],[-6,-6],[-8,2],[2,-28],[-1,-20],[13,-54],[15,-54],[3,-39],[-3,-20],[-2,-68],[3,-2],[-12,-33],[-11,-17],[0,62],[-14,1],[-11,6],[-4,14],[-4,36],[2,26],[-4,22],[-7,16],[-2,73],[-4,44],[-15,-64],[-11,-26],[-3,14],[-11,34],[-5,6],[-19,46],[-8,44],[2,52],[8,36],[2,27],[14,27],[2,21],[-6,38],[6,25],[-7,-15],[-5,-34],[-4,1],[-1,32],[-8,38],[-5,11],[-1,25],[-7,3],[-4,14],[4,11],[5,31],[-1,25],[-132,11]],[[283258,560309],[-14,263]],[[285380,568022],[0,208],[-1,173],[25,-1],[4,0],[1,97],[-30,1],[1,20],[0,331],[-4,-3],[-4,-49],[-6,-23],[-3,15],[2,32],[-9,14],[6,30],[-1,20],[-5,4]],[[284600,559588],[7,-13],[10,-35],[12,-5],[16,-31],[15,-35],[4,-16],[3,-31],[11,-3],[-5,-39],[51,1],[23,0],[0,45],[-5,20],[0,49],[-6,11],[2,19],[-4,5]],[[284550,559742],[12,71],[11,-1],[0,17],[29,-1],[3,223],[9,22],[6,22],[6,13],[-1,18],[3,47],[6,40],[8,18],[0,32],[4,3],[6,27],[4,29],[14,72],[6,22],[-9,6],[2,18],[1,69],[-1,16],[6,39],[2,48],[37,-26],[5,199],[4,44],[-3,12],[11,38],[13,-15],[14,-35],[7,-8],[4,28],[14,71],[10,37],[5,33],[12,29],[9,28],[6,29],[0,4],[-23,10],[-13,12],[1,60],[21,0],[2,7],[1,39],[-6,12],[-14,11],[7,41],[24,-55],[-4,15],[1,11],[-6,20],[-10,19],[-1,54]],[[284805,561336],[8,-1],[3,-36],[10,-7],[15,18],[2,-13],[0,-14],[13,13],[3,-10],[5,-42],[4,-2],[17,-28],[19,1],[9,22],[-1,-21],[2,0],[1,-7],[7,15],[4,-12],[30,0],[0,-41],[3,-2],[-9,-46],[-2,-5],[-5,-14],[31,8]],[[285736,565239],[2,36],[8,80],[1,0],[13,128],[3,40],[-1,29],[-7,55],[-3,35],[0,24],[3,36],[4,22],[11,49],[5,31],[2,19],[2,83],[2,15]],[[286231,565741],[-1,0],[-26,7],[-1,-13],[-10,-6],[-6,-36],[-5,5],[-2,-23],[-10,-22],[-2,-18],[-14,5],[-10,-16],[-13,-8],[-3,16],[-7,11],[-11,-15],[-8,-10],[-4,-21],[-8,-8],[-13,-24],[-6,6],[14,-102],[15,-2],[3,11],[6,4],[0,-26],[0,-56],[0,-11],[0,-35],[0,-17],[0,-57],[-2,-13],[-12,0],[0,-44],[-3,-9],[-15,2],[1,-10],[-10,-11]],[[285770,565152],[-6,-1],[-18,2],[-7,56],[1,29],[-3,1],[-1,0]],[[290569,550832],[6,36],[-12,17],[-9,-14],[-7,32]],[[285876,561614],[23,-49],[12,-13],[36,-21],[6,-12],[1,-12],[-13,0],[0,-16],[16,4],[5,0]],[[285962,561495],[1,0],[1,-6]],[[286034,560913],[-3,8],[-8,0],[-5,1],[-4,0],[-1,-39],[0,-47],[-14,11],[-10,-1],[-10,-16],[-18,0],[-6,1],[-5,-2],[-15,1],[-5,0],[0,-38],[-6,-11],[-1,-11],[-11,1],[0,-19],[-13,-18]],[[285899,560734],[-8,1],[-1,16],[-2,11],[-3,-9],[-9,-13],[-19,1],[1,65],[2,30],[4,54],[0,52],[-3,42],[-8,53],[-3,37],[-1,50],[1,100],[1,25],[4,50],[8,102],[5,51],[-1,0],[7,60],[3,47],[-1,55]],[[286136,561359],[5,15],[6,22],[2,9],[4,21],[2,11],[-3,8],[2,5],[2,-6],[2,13],[0,16],[0,1],[-4,11],[4,-1],[0,9],[0,63],[0,29],[0,11]],[[286158,561596],[15,-1],[0,0],[1,0],[-1,8],[-1,25],[-10,3],[0,20],[-5,23],[5,1],[4,6],[1,1],[-5,17],[4,11],[-8,7]],[[286163,561770],[11,-1],[0,-33],[4,-4],[9,10],[0,65],[7,0]],[[286194,561807],[0,-44]],[[286194,561763],[3,-47],[0,-28],[-1,-26],[2,-14],[0,-6],[-1,-17],[0,-10],[-1,-22],[0,-11]],[[286196,561582],[-4,0],[-1,-29],[-2,0],[-4,-9],[2,-13],[-2,-6],[-1,-1],[-8,-14],[10,-13],[-9,-6],[-3,1],[0,-13],[0,-14],[-5,-46],[-2,-11],[-6,-21],[-8,-14],[-2,0],[-7,-10],[-3,-3]],[[285962,561495],[-7,43],[8,0],[1,60],[13,-2],[3,3],[4,12],[1,39],[2,26],[5,-1],[1,-8],[6,-10],[29,-3],[-3,-8],[9,-1],[0,-22],[6,-2],[0,-23],[10,-1],[4,0],[1,19],[11,-12],[1,21],[6,-13],[7,8],[1,26],[1,5],[6,5],[-2,43],[12,11],[0,-21],[6,0],[-1,-29],[9,0],[0,3],[-7,-3],[0,24],[3,-1],[0,-5],[5,-4],[0,-1],[6,0],[0,-3],[1,0],[0,-13],[-1,0],[0,-5],[3,0],[0,-10],[-1,-11],[19,-5],[3,-12],[13,-9],[2,-9]],[[286157,562180],[-5,33],[6,25],[5,-29],[5,-3],[10,5],[7,30],[2,1],[8,-6],[6,-7],[2,-8],[-5,-29],[8,-24],[15,11]],[[286221,562179],[1,-6],[2,1],[-3,-19],[-11,-43],[-1,-18],[3,-22],[20,54],[6,29],[0,-3],[-2,-13],[0,-14],[1,-26],[3,-17],[4,5],[9,-42],[0,-1],[-6,-9],[10,-68],[2,-18]],[[286259,561949],[-8,-6],[-4,-18],[6,-19],[-17,-42],[-1,-26],[16,-28],[13,-1]],[[286264,561809],[-2,-26],[-10,0],[-2,0],[-7,-15],[-7,3],[-11,-1],[-5,1],[-4,1],[-10,2],[0,-8],[-10,-3],[-2,0]],[[286194,561807],[-1,60],[0,34],[-1,21],[-1,0]],[[286168,561948],[-18,9],[0,21],[-7,0],[0,29],[4,11],[7,27],[11,-7],[0,5],[-1,15],[1,34],[-8,47],[2,5],[4,3],[-6,33]],[[285967,559103],[18,14],[31,-1],[29,-2],[14,-106],[0,-11],[3,-63],[1,-40],[1,-10],[-2,-61],[1,-15],[19,-85]],[[286082,558723],[0,-3],[9,-36],[13,-49],[0,-26],[0,-36],[-14,-22],[-8,0],[-1,-26],[-7,-63],[3,-43],[10,-5],[5,-12],[3,-1],[-1,-26],[3,-32],[5,-11],[8,-39],[6,-7],[7,5],[15,-14],[0,-12],[-2,-15],[1,-11],[10,-28],[11,-33],[7,-6],[7,9],[14,8],[10,-17],[2,-28],[17,-23],[1,-1],[2,-7],[2,-4],[0,-2],[0,-5],[1,-2],[2,-2],[0,-2],[1,-22],[-10,-33]],[[286214,558041],[-10,4],[-30,-6],[-23,-12],[-10,-5],[-22,-6],[-13,3],[-7,-5],[-2,-5],[-6,-16],[-3,-5],[0,-2],[-5,-19],[-4,8],[-15,-21],[0,-19],[-3,16],[-19,-4],[-7,-4],[-9,-5],[-15,-14],[2,-25],[1,-13],[0,-1],[5,-46],[4,-62],[-4,-45],[1,-12],[2,-21],[-5,-4],[-3,0],[-27,3],[-4,1],[-1,14],[1,37],[7,40],[1,43],[-19,13],[-6,10],[-7,22],[-6,-2],[-2,-10],[-2,0],[5,19],[-6,0],[-2,18],[-12,7],[-5,2],[0,2],[-4,2],[-7,3],[0,-1],[-12,1],[-4,-8],[0,13],[-11,3],[1,-9],[0,-30],[-4,0],[0,38],[-5,0],[-13,-7],[-13,6],[-5,5],[-5,10],[-6,9],[-1,-38],[-9,12],[2,25],[-15,-8],[0,-53],[-5,0],[0,-29],[-8,8],[-3,8],[-2,12],[0,28],[-1,-2],[0,-26],[-16,3],[-10,-15],[0,-45],[1,-33],[-7,0],[0,69],[-7,-9],[-19,-10],[-29,-38],[-3,-7]],[[285709,557801],[-1,1],[-8,-19],[-4,-10],[-6,-23],[-4,-29],[0,40],[-9,-17],[-1,-2],[0,0],[0,97],[0,53]],[[285676,557892],[16,-2],[0,63],[15,16],[1,14],[-3,5],[-12,52],[-2,17],[-1,24],[13,0],[4,0],[0,96],[-14,0],[0,33],[-8,3],[1,14],[0,24],[8,1],[1,107],[-2,9],[-6,13],[-7,-2],[-1,-23],[-10,11],[0,8],[6,5],[-1,18],[9,18],[12,0],[0,39],[-5,-10],[-9,0],[0,34],[2,-1],[-7,13],[-1,28],[-5,10],[-4,-29],[-9,-34],[-20,0],[-12,0],[-3,3],[-9,7],[4,15],[2,26],[-1,74],[1,19],[12,-2],[3,-2],[4,-7],[9,-19],[5,14],[3,36],[8,16],[12,11],[6,0],[1,0],[7,34],[-7,2],[-2,1],[-4,11],[0,2],[1,9],[0,8],[-1,2],[-1,6],[0,3],[0,11],[-11,0],[0,22],[-13,3],[-7,48]],[[283418,557233],[18,26],[16,43],[24,-7],[9,2],[2,-19],[6,-11],[12,-57],[9,45],[8,20],[0,79],[-2,46],[10,5],[-1,-25],[-1,-29],[24,-4],[0,-26],[-24,2],[1,-59],[10,-61],[9,-1],[0,-26],[-5,1],[-3,-14],[-7,24],[9,-46],[16,16],[11,36],[4,37],[4,5],[14,0],[17,7],[10,-14],[7,2],[8,25],[9,19],[13,16],[18,1],[14,-10],[3,-1],[7,14],[7,-33],[14,-24],[11,19],[10,-21],[5,-20],[5,-29],[7,-21],[-1,26],[11,17],[-4,31],[2,12],[3,10],[2,23],[4,22],[9,-18],[-1,-32],[3,-16],[8,-14],[3,27],[8,-25],[10,-18],[24,-48],[21,-55],[2,9],[-4,26],[-9,18],[7,47],[0,30],[21,52],[6,23],[10,0],[1,47],[15,-2],[1,123],[16,31],[7,-28],[-7,34],[18,-24],[11,-6],[8,-13],[13,2],[8,12],[10,1],[-1,78],[-4,0],[0,52],[-2,13],[-15,36],[29,-1],[57,-3]],[[285809,561910],[15,29],[8,31],[14,37],[3,9],[9,50],[7,30],[7,26]],[[285872,562122],[6,-30],[14,-71],[1,-6],[2,-23],[0,-35],[-3,-26],[-14,-62],[1,-1],[-6,-26],[-4,-31],[0,-90],[4,-60],[2,-13],[-2,0],[2,-24],[1,-10]],[[285899,560734],[0,-96],[-1,-40],[0,-42],[-17,-4],[0,-52],[1,-1],[-1,-33],[0,-6],[-17,0],[-28,2],[0,-13],[-5,0],[-10,-51],[6,-10],[10,0],[1,-67],[-29,23],[-1,-12]],[[285872,562122],[19,50]],[[286116,562310],[4,-50],[-4,-13],[14,-3],[0,-7],[-12,-6],[0,-11],[4,-7],[19,-2],[2,-9],[0,-8],[-2,-1],[-1,-10],[-10,-23],[0,-6],[2,0],[2,4],[3,9],[6,7],[0,-4],[7,4],[7,6]],[[286132,562139],[10,1],[1,1],[0,23],[-4,-1],[-7,-24]],[[286063,560350],[-13,-53],[4,-16],[4,0],[13,-23],[7,-1],[29,-1],[45,-1],[5,-2],[12,0],[6,-1],[-11,-126],[0,-53]],[[285888,560065],[2,0],[6,-4],[2,15],[0,7],[-1,13],[0,94],[1,25],[-3,-7],[-2,5],[-5,38],[1,29],[1,6],[6,-16],[2,-2],[0,31],[9,-5],[4,-1],[8,-1],[2,0],[1,2],[16,21],[-4,32],[4,7],[0,35],[2,15],[4,7],[3,3],[4,6],[3,10],[5,18],[3,11],[5,23],[10,-7],[2,9],[5,0],[3,-13],[3,0],[6,13],[6,-4],[9,-2],[9,0],[9,0],[3,32],[-3,-32],[1,0],[8,0],[2,22],[4,-5],[8,-9],[-1,-8],[0,-10],[1,-13],[6,0],[1,-27],[-10,5],[0,-24],[8,-1],[0,-14],[3,0],[0,-15],[-15,2],[0,-28],[15,-2],[3,-1]],[[285068,555293],[21,0],[15,-1],[19,2],[23,-2],[10,18],[3,24],[12,20],[5,26],[-1,11],[10,10],[-1,18],[15,5],[7,24],[9,-10],[6,0],[3,-10],[-1,-21],[8,-21],[16,0],[8,1],[0,-21],[8,-19],[4,-1],[4,-7],[15,-51],[29,0],[1,44],[15,-1],[1,51],[6,0],[40,-1],[-1,-75],[6,-21],[53,-1]],[[285046,554604],[-11,3],[1,145],[5,-12],[13,-5],[3,14],[8,15],[2,17],[11,28],[3,31],[1,73],[-6,38],[0,33],[-13,28],[-12,49],[-5,45],[-1,22],[2,40],[6,63],[5,32],[10,30]],[[286329,563893],[0,9],[1,5],[2,9],[1,7],[-1,28],[0,10],[2,0],[16,32],[-1,18],[6,0],[1,-9],[5,14],[8,-10],[11,-10],[-1,-7],[6,-10],[2,-1],[4,-12],[4,11],[4,-3],[5,-1],[1,1],[0,-6],[11,-1],[3,-1],[0,5],[3,-5],[4,-6],[2,0],[8,-8],[2,-6],[0,-11],[8,-7],[2,-33],[3,-2],[0,31],[18,-34],[9,-8],[4,5],[13,-1],[10,-16],[9,-5],[12,-18]],[[286526,563847],[-2,-29],[-12,-22],[-8,-40],[4,-10],[4,-26],[1,-5],[-4,-5],[0,-87],[-10,-2],[-1,-6],[2,-8],[9,0],[0,-52],[7,0],[0,5],[5,-25],[2,-32],[6,0],[1,-5],[0,-4],[-6,-3],[2,-20],[-5,-15],[-5,-1],[-1,-3],[4,-42],[-10,0],[0,-30]],[[286329,563538],[-10,12],[-6,-15],[-3,9],[-1,11],[6,12],[7,31],[-3,3],[-8,-1],[0,20],[13,38],[1,36],[2,-37],[2,-3],[0,53],[0,38],[0,28],[0,108],[0,12]],[[286486,559535],[0,47],[5,10],[4,0],[-2,19],[-2,14],[3,8],[15,-3],[7,16],[-11,33],[2,7],[7,19],[8,-20],[21,-12],[16,5],[3,7],[8,-37],[5,0],[5,18],[6,52],[4,5],[4,17],[0,21],[3,9],[21,0],[3,26],[7,0],[0,21],[9,-1],[0,20],[15,1]],[[286542,559196],[-1,26],[-12,-10],[-3,28],[-10,-6],[-5,15],[-11,-8],[-6,8],[-15,-8]],[[286479,559241],[0,4],[1,50],[-10,1],[0,27],[11,11],[5,14],[-4,16],[-4,26],[14,1],[1,-5],[1,54],[4,0],[2,33],[1,1],[0,13],[-15,1],[0,47]],[[286682,553605],[3,70],[-3,14],[-7,18],[-1,56],[1,21],[-2,36],[-10,48],[-5,14],[-7,50],[-13,32],[-4,13],[0,45],[-9,70],[1,48],[-1,9],[13,7],[0,22],[-13,-13],[-18,87],[1,18],[-5,25],[-8,-37],[-12,-38],[-8,-10],[0,86],[-3,6],[-12,49],[-5,10],[-1,17],[-3,-10],[-6,8],[-7,41]],[[286221,562179],[12,14],[9,14],[6,-1],[3,23],[1,38],[1,26],[2,16],[2,10],[11,36],[18,51],[3,14],[0,4],[1,30],[-3,35],[-1,7],[0,21]],[[286342,562409],[-3,-23],[6,4],[-6,-20],[4,-12],[-4,-12],[9,1],[4,-13],[6,9],[5,-23],[0,-8],[2,0],[0,13],[6,6],[1,0],[0,-19],[-1,-4],[-2,-12],[-1,-44],[-6,5],[-10,2],[-3,-20],[9,-19],[0,-33],[-3,1],[0,-12],[17,0],[-2,-22],[0,-25],[-7,-43]],[[286363,562086],[-24,21],[-12,21],[-5,9],[-13,10],[-8,-28],[2,-27],[-2,-18],[0,-12],[7,-21],[-7,-24],[-6,-1],[0,-5],[0,-1],[0,-5],[0,0],[0,-3],[-2,0],[0,-4],[-2,3],[-1,-6],[2,-12],[-3,-5],[-13,19],[-11,-18],[3,-12],[15,-4],[0,-18],[-14,1],[0,-4],[0,-7],[3,-3],[4,-7],[1,-1],[-8,3],[0,-7],[-8,9],[-1,3],[-1,17]],[[286778,552451],[-1,-187],[1,-7]],[[285370,558302],[2,-8],[-6,-18],[-12,-81],[7,-67],[11,1],[0,-70],[-3,-26],[3,-27],[-1,-18],[1,-6],[4,-11],[-6,-11],[-1,-21],[1,-24],[-13,-14],[-1,-69],[-7,-1],[1,-44],[-26,-1],[0,-11],[6,-44],[11,-98],[14,-31],[17,-20],[4,-22],[-3,-3],[-3,-44],[-13,11],[-7,1],[0,-25],[-23,0],[-5,-12],[-1,-43],[-15,0],[-15,7],[0,-2],[14,-7],[19,0],[-1,-64],[11,-51],[-4,-12],[-2,-35],[-3,-16],[7,-14],[4,0],[15,16],[0,-27],[2,-55],[-8,-14],[-12,-16],[-8,-17],[-3,-6],[-9,-5],[-11,-17],[37,-64],[1,-5],[-14,-6],[-13,-23],[-24,-7],[-8,-2],[-1,-18],[-4,-33],[-8,-42],[-5,-39],[-8,30],[-6,28],[-3,8],[-15,0],[0,-18],[-3,-33],[1,-53],[-4,-10],[4,-10],[23,-65],[-8,-39],[-7,-14],[-21,-65],[-11,-9],[3,-30],[-5,-14]],[[285463,557819],[13,-19],[14,1],[3,0],[5,0],[11,1],[7,0],[1,0],[3,-5],[4,-9],[1,14],[1,22],[1,10],[2,15],[3,1],[5,-1],[1,-1],[6,1],[1,6],[0,20],[10,0],[0,21],[27,-1],[2,0],[2,-12],[3,12],[11,0],[0,17],[15,-15],[0,-2],[45,-5],[0,-2],[16,4]],[[285709,557801],[-3,-5],[0,-93],[0,-21],[1,-10],[0,-16],[3,-22],[0,-26],[-2,-24],[0,-18],[2,-13],[1,-27],[-6,-21],[0,-17],[0,-12],[5,-35],[3,-25],[0,-3],[2,0],[0,-66],[8,-27],[0,-4],[2,-6],[0,-3],[1,-5],[1,-1],[1,-5],[2,0],[2,-4],[2,-13],[-1,-7],[1,-6],[1,-10],[0,-3],[3,-12],[1,-6],[2,-5],[4,-6],[8,-1],[10,0],[1,-139],[7,-82],[4,-19],[3,-45],[7,-35],[1,-14],[7,-1],[0,-37],[2,-13],[1,-39],[4,-52],[18,-52],[-11,-10],[-1,12],[-29,3],[1,-5],[0,-12],[5,-10],[5,-18]],[[285656,556710],[-10,21],[-3,21],[-7,3],[-2,25],[-8,30],[-2,16],[0,18],[-2,18],[-9,15],[-10,-27],[-6,1],[-7,14],[-1,33],[-7,19],[5,19],[-2,26],[-11,25],[3,7],[-3,6],[1,11],[-4,13],[-2,51],[2,29],[-4,17],[-2,20],[-7,12],[-1,-13],[-5,34],[2,13],[-5,17],[-5,-2],[-2,16],[-9,36],[-8,7],[3,13],[-4,4],[-1,-10],[-4,7],[1,13],[6,11],[-9,21],[0,2],[-2,19],[4,20],[-13,13],[-9,66],[-3,0],[-3,11],[-3,41],[-3,13],[2,14],[3,7],[0,7],[-4,37],[1,19],[-1,19],[1,13],[-3,34],[-3,15],[-5,44],[1,15],[-3,43],[-8,19],[0,19],[-3,9]],[[285476,558293],[-9,-41],[-1,-27],[4,-18],[5,-56],[-5,-30],[-6,-15],[4,-15],[-5,-30],[3,-16],[-2,-23],[2,-27],[-2,-33],[2,-22],[5,-17],[-4,-9],[-1,-38],[1,-7],[-4,-32],[0,-18]],[[286421,561984],[10,27],[2,22],[-3,11],[3,-10],[2,-5],[0,31],[6,3],[-12,0],[-7,9],[2,14],[0,12],[1,34],[0,40],[24,14],[1,-4],[0,13],[-2,7],[-1,14],[1,34],[17,0],[0,7],[2,0],[0,8]],[[286467,562265],[6,19],[3,-4],[0,1],[5,5],[-1,46],[1,6],[5,-1],[-6,41],[0,22],[6,17],[8,13],[12,-1],[0,6],[3,-4],[4,-1],[5,-22],[2,3],[1,1],[1,26],[23,-4],[0,7],[8,10],[1,-31],[2,-1],[1,0],[1,9],[8,0],[5,30],[1,5],[-3,31],[-10,0],[-10,3],[0,17],[8,4],[1,21],[6,9],[4,-12],[1,-18],[3,-16],[3,3],[6,-15],[2,5],[2,52],[8,-15],[2,0]],[[286595,562532],[2,0],[-3,-33],[-3,0],[3,-55],[7,-3],[4,-1],[0,-31],[-3,-23],[3,-3],[-1,-9],[-5,-1],[0,-15],[-9,1],[0,-25],[13,-1],[6,8],[5,-14],[3,2],[3,-5],[4,-2],[0,-21],[3,-92]],[[286627,562209],[0,-2],[-22,-43],[1,-72],[-4,8],[0,-17]],[[286602,562083],[0,-1],[-3,0],[0,-25],[2,0],[0,-4],[0,-4],[-9,-4],[0,-25],[-4,0],[-2,-24],[3,-10],[-1,-11],[-16,1],[-1,-27],[3,-31],[12,5],[0,-25],[-9,2],[-1,-28]],[[286576,561872],[-2,21],[-3,22],[-10,31],[-11,0],[1,-20],[-13,-13],[-16,-2],[-1,12],[2,9],[-6,3],[-2,2],[-7,9],[0,2],[-4,2],[-14,-16],[0,-2],[-9,-16],[-3,2],[-3,5],[0,-6],[0,-6],[-3,-6],[-4,-8],[-12,1],[1,11],[-4,6]],[[286453,561915],[1,20],[-2,20],[-8,9],[-6,-1],[-6,1],[-6,2]],[[286686,561600],[7,-26],[12,-1],[10,-9],[0,-12],[11,-36],[-3,-26],[-12,-16],[0,-25],[8,-34],[2,13],[11,-11],[10,17],[7,-3],[16,17],[0,-6],[3,6],[1,-4],[2,-19],[-6,-16],[-2,-16],[13,-47],[2,-24],[14,-36]],[[286873,561134],[16,-10],[5,-35],[0,-44],[-5,-6],[0,-28],[-6,0],[-1,-37],[4,-14],[-7,-63]],[[286796,560910],[-27,45],[-3,5],[-12,18],[-21,13],[0,2],[-14,7],[-47,22],[-11,6]],[[286754,565866],[21,100],[33,82],[7,22],[22,83],[5,12],[6,9],[23,22],[9,14],[5,15],[33,129],[7,21],[9,22],[14,23],[13,21],[6,11],[5,17],[6,29],[5,35],[15,77],[1,7],[1,0],[10,45],[2,7],[7,40],[8,89],[0,1],[4,1],[0,3],[1,21],[2,15],[-1,3],[3,8],[28,72],[12,32],[6,32],[3,8],[6,38],[13,121],[3,36],[2,10],[6,59],[1,15],[2,24],[8,78],[7,41],[4,14]],[[287137,567430],[24,92],[5,31],[5,94],[0,1],[6,125],[4,91],[0,6],[2,15],[8,36],[7,30],[7,47],[11,89],[15,103]],[[287341,566620],[-8,10],[-21,4],[-20,-10],[-13,-9],[-19,-25],[-4,-3],[-6,-14],[-5,-18],[-5,-32],[-12,-29],[-4,-19],[1,-34],[-2,-38],[-9,-82],[-2,-7],[-15,-24],[-13,-13],[-10,-16],[-3,-21],[1,-34],[-2,-9],[-10,-25],[-11,-54],[-7,-26],[-3,-29],[4,-37],[-2,-16],[-8,-32],[-8,-43],[-5,-20],[-7,-17],[5,-46],[0,-23],[-3,-19],[-4,-9]],[[286861,565316],[-6,-49],[-2,-45],[-3,4],[-4,-1],[-10,52],[-4,42],[-12,34],[-4,12],[-12,14],[5,26],[2,5],[0,19],[-3,3],[-1,5],[0,7],[2,0],[0,8],[3,-1],[2,2],[7,0],[3,9],[0,39],[-5,18],[5,12],[0,7],[-5,37],[-7,-15],[0,-18],[-16,1],[0,39],[16,2],[0,44],[7,5],[-8,18],[-3,3],[0,20],[4,0],[1,131],[0,17],[-17,-23],[1,-36],[-12,2],[-6,4],[6,24],[0,18],[-12,16],[-6,-6],[-6,-25],[-3,22],[-4,48]],[[287559,564177],[1,-2],[0,-5],[8,-17],[-4,-8]],[[287564,564145],[-11,-25],[-10,-28],[-34,-54],[8,-43],[-15,-27],[4,-20],[1,-9],[3,5],[9,16],[2,3],[5,9],[3,-11],[-4,-7],[9,-52],[-10,-17],[6,-34],[1,-12],[8,15],[1,2],[12,-51],[1,1],[3,-15],[-3,-19],[3,-3],[-6,-27],[-3,4],[-10,-18],[-13,-22],[5,-10],[2,5],[5,-25],[5,-31],[-7,-12],[5,-28],[-4,-7],[-6,-19],[1,-6],[-4,-7],[9,-46],[4,-23],[-8,-10],[3,-14],[-30,-53],[-6,22],[-4,37],[-6,-9],[3,-25],[-6,-11],[-5,-8],[-6,12],[-4,-12],[-13,-4],[-3,-3],[1,12],[-3,18],[-24,-43],[-3,17],[-7,-18],[0,-29],[-2,3],[-9,15],[-7,7],[-11,21],[-4,6],[-2,2],[-1,20],[0,11],[-7,21],[-10,-31]],[[287365,563451],[-7,42],[-3,-7],[-5,-13],[-3,12],[6,14],[-2,11],[-1,5],[2,2],[-11,59],[-11,-20],[-3,18],[-3,14],[-4,19],[1,8],[0,22],[-6,2],[-6,2],[-3,30],[1,15],[-4,-15],[-6,-15],[-8,23],[-8,10],[-6,24],[-5,27],[-3,8],[1,5],[-1,3],[-8,10],[-7,39],[-2,1],[-4,17],[20,35],[-4,20]],[[286264,561809],[0,5],[3,-11],[-3,-4],[0,-2],[1,-7],[1,0],[2,6],[5,-26],[1,-8],[3,-50],[2,2],[1,1],[2,-11],[0,-18],[-3,0],[1,-10],[8,-33]],[[286288,561643],[-8,-18],[-1,14],[-12,-12],[0,-15],[-18,1],[0,17],[-2,0],[0,5],[1,6],[-1,4],[-1,0],[-2,-7],[-1,1],[-3,1],[-1,5],[0,-7],[-1,1],[-2,2],[0,-37],[0,-32],[-3,0],[-9,10],[7,-22],[0,-16]],[[286231,561544],[-3,-6],[-6,-1],[0,30],[-6,0],[0,15],[-6,0],[-4,0],[-10,0]],[[287403,563113],[12,21],[-4,20],[8,22],[4,27],[-3,18],[2,3],[2,3],[10,-16],[11,21],[6,-34],[54,99],[2,-6],[36,61],[3,-3],[1,58],[2,3],[3,31],[14,-10],[13,-16],[7,2],[9,-19],[4,-14],[-2,-12],[-3,-11],[-1,-5],[1,-12],[3,-6],[10,18],[4,-14],[4,-9],[9,-32],[5,-9],[17,-43],[11,-22],[8,-30],[12,-23]],[[287527,562723],[-5,-7],[-8,46],[-31,-33],[2,-15],[-9,-7],[-3,10],[-5,-5],[5,-13],[3,-4],[-12,-21],[-9,-4],[-2,0],[1,25],[-13,-13],[-14,-6],[-1,0],[0,1],[-4,8],[-3,16],[-6,-9],[-10,57],[15,7],[6,11],[2,4],[-2,28],[9,25],[-2,24],[-4,5],[1,24],[-4,6],[8,16],[-3,20],[8,10],[-7,36],[-8,-14],[-11,54],[9,17],[-8,42],[-25,-39],[0,39],[10,7],[-4,19],[10,23]],[[286627,562209],[2,5],[11,21],[2,2],[0,1],[15,29],[26,51],[1,-2],[23,45],[-2,-34],[-4,0],[3,-4],[-1,-12],[3,-18],[1,-4],[5,0],[0,-5],[0,-8],[0,-28],[-2,-8],[6,-3]],[[286716,562237],[7,-2],[0,-3],[9,-5],[0,-38],[-2,-36],[-8,0],[-4,-25],[-10,-2],[0,-11],[-9,1],[-8,-4],[-1,-2],[0,-35],[0,-14],[-2,-1],[0,1],[-2,0],[-1,0],[-1,3],[-2,-1],[0,-12],[4,-1],[0,-25],[0,-2],[13,-1],[19,-1],[-13,-18],[-5,-30],[-1,0],[-3,-37],[-9,-24],[-1,-18],[-6,-20],[-2,7],[0,-7],[-3,-6],[-1,12],[-3,15],[4,0],[0,6],[1,16],[-15,6],[0,10],[-1,18],[-16,1],[-1,-58],[2,-27]],[[286643,561871],[-8,103],[-7,10],[-5,-4],[0,3],[-4,-3],[-1,10],[-4,17],[-2,13],[-10,-29],[-11,-43],[-1,0],[1,7],[1,7],[3,11],[16,49],[0,2],[0,0],[-5,43],[0,18],[-4,-2]],[[286551,565063],[2,-23],[1,-45],[12,6],[5,18],[-7,20],[-1,17],[1,19],[14,11],[6,-6],[1,9],[11,-14],[10,9],[-3,46],[0,6],[44,-63],[-2,-18],[5,-10],[9,15],[20,-19],[6,-11],[5,-22],[0,-1],[4,21],[2,7],[10,28],[17,25],[7,13],[9,10],[5,3],[4,-3],[2,-2],[-1,-9],[1,-2],[0,-6],[-2,-6],[-1,-7],[13,-2],[4,-16],[4,-21],[5,-12],[12,-19]],[[286785,565009],[1,-6],[-4,-7],[-15,0],[0,-8],[1,-32],[-1,-11],[1,-29],[14,0],[0,-44],[5,2],[3,-5],[1,-28],[7,-28],[-1,-22],[10,7],[0,-10],[13,0],[2,17],[10,5],[-7,-27],[1,-38],[4,0],[-2,-44],[-1,-10],[-3,1],[-6,-44],[3,-11],[-3,-72],[-3,-35],[-4,8],[-2,-28],[-11,6],[-3,-15],[0,-13],[-7,-1],[-8,-1],[-18,-26],[0,-33],[-3,-21],[-4,-15],[11,-32],[11,-18],[2,-8],[1,-9]],[[286780,564324],[-3,12],[-8,14],[-21,50],[-29,-3],[-7,5],[-7,2],[-4,-1],[-4,-5],[-11,-18],[-2,-5],[0,0],[-23,-26],[-9,-1],[-15,-12],[-4,-24],[0,-44],[-11,-62],[-4,-12],[-7,-1],[-10,17],[-5,1],[-5,-12],[0,-7],[-1,-5],[1,-26],[5,-71],[0,-25],[-4,-16]],[[286592,564049],[0,2],[-11,-19],[-14,20],[-4,18],[-2,27],[-4,16],[-9,16],[-4,26],[4,27],[-2,42],[-4,8],[2,3],[-10,7],[-11,16],[0,32],[0,31],[0,43],[-4,7],[4,12],[0,43],[6,0],[0,30],[10,1],[-4,31],[0,12],[-2,-7],[-4,-22],[-3,8],[-9,-11],[-1,-20],[-7,-1],[0,20],[-14,0],[0,78],[0,10],[42,-1],[0,39],[0,1],[0,6],[11,3],[0,9],[3,7],[4,-10],[1,6],[4,9],[-1,7],[6,0],[1,19],[6,0],[0,9],[0,9],[-10,1],[-4,57],[0,27],[-5,7],[-11,7],[-4,7],[-15,-6],[-4,41],[-9,1],[0,-91],[-2,-1],[-6,-2],[1,51],[-14,1],[0,7],[-8,5],[-7,-8],[-7,10],[0,11],[-2,-12],[-7,-8],[-14,-25],[-11,-4],[-5,6]],[[285697,563698],[13,-1],[3,-2],[6,-47],[5,-19],[1,-10],[-11,-13],[3,-14],[-3,-3],[-7,-15],[-8,-4],[-6,13],[0,-33],[3,-9],[4,-4],[-2,-32],[2,-33],[-9,-20],[-1,-2],[9,-19],[1,-32],[0,-1],[4,10],[1,1],[4,7],[5,13],[-4,-18],[1,-31],[-4,0],[0,0],[-11,1],[-5,-21],[1,-5],[-5,-15],[-3,-1],[-3,-7],[-4,-18],[-9,-37],[-7,-20],[-12,-31],[4,-10],[-8,1],[-10,-36],[-4,-10],[-5,-11],[-9,-48],[-3,-22],[-19,-44],[-6,-26],[-6,-44],[0,-1],[5,-4],[-3,-41],[-5,2],[-1,-16],[7,0],[0,-16],[-5,1],[-3,2],[-1,-21],[1,0],[3,-51],[-8,0],[0,-3],[-2,-11],[2,-3],[3,-54]],[[285576,562760],[-12,-14],[-4,-1],[-3,6],[-3,-15],[0,-43],[-8,10],[3,14],[-6,7],[-3,-13],[1,58],[-8,6],[0,-27],[-14,-1],[1,-25],[-7,5],[-1,-23],[-13,1],[0,-26],[-1,5],[1,88],[6,58],[-1,1],[-11,0],[-4,-44],[-3,-6],[-5,0],[-4,-9]],[[285477,562772],[-5,15],[-21,25],[9,22],[7,27],[9,57],[6,-1],[5,46],[-3,6],[5,30],[4,16],[0,-2],[1,-2],[1,2],[3,8],[0,2],[-2,4],[12,49],[7,38],[8,51],[11,86],[3,11],[8,29],[12,27],[0,-1],[23,52],[8,-4],[3,19],[5,10],[5,13],[0,1],[2,7],[8,21],[3,9],[10,25],[2,6],[13,34],[4,8],[10,24],[6,13],[0,-1],[9,19],[8,-1],[-4,11],[11,26],[0,2],[2,3],[5,22],[1,0],[4,20],[2,42]],[[285419,562745],[10,22],[1,-16],[16,25],[0,-67]],[[285446,562709],[-14,-3]],[[285432,562706],[-9,0],[-4,-14],[0,39],[0,14]],[[287621,560993],[-4,-29],[0,5],[-1,18],[-11,9],[-13,-33],[0,-58],[-3,-11],[-11,-11],[-11,-18],[-28,-50],[-8,-27],[-4,-32],[-1,-27],[-1,-20],[-1,-30],[-3,-25],[-4,-14],[-5,-11],[-24,-16],[-5,-7],[-3,-9],[-14,-54],[-5,-13],[-6,-14],[8,20],[-16,6],[0,-1],[-1,-3],[0,-2],[-1,-1],[-2,-4],[0,-1],[2,-16],[3,-14],[-4,-10],[-2,-6],[-20,-56],[-4,7],[-8,10],[-4,1],[2,-11],[-8,-21],[0,-2],[6,-40],[-2,-7],[0,-1],[-6,-23],[0,0],[-8,-15],[-16,10],[0,-4]],[[287374,560332],[-16,17],[-10,16],[-33,80],[-3,-1],[-3,9],[-17,24],[-54,72],[-3,5],[-1,5],[-15,46],[-7,37],[-3,16],[-10,51],[-5,20],[-7,19],[-11,23]],[[287132,560861],[1,21],[11,-12],[23,-6],[16,-43],[2,14],[26,186],[9,61],[6,42],[1,13],[1,2],[2,2],[1,2],[0,1],[0,3],[0,2],[-1,3],[2,14],[6,21],[0,1],[16,46],[3,9],[11,0],[9,-8],[-6,-31],[5,-11],[2,-22],[5,2],[-3,33],[1,79],[-2,31],[13,35],[4,13],[18,49],[20,59]],[[287661,561112],[0,-10],[7,-22],[1,-12],[-4,-16],[2,-11],[6,-15],[3,-22],[-5,-25],[-3,-3],[-5,-22],[-6,5],[-10,26],[-5,1],[-3,-11],[2,-20],[-3,-26],[5,-28],[3,-34],[1,-36],[6,-44],[0,-26],[8,-28],[-7,-47],[-7,-6],[-2,-26],[2,-15],[-6,-3],[4,-23],[0,-33],[-1,-18],[-6,-109],[-8,-44],[0,-1],[-1,-5],[-4,-21],[-2,-19],[1,-13],[0,-5],[0,-3],[0,-9],[0,-6],[-1,-13],[-1,-16],[-2,-11],[0,-4],[-1,-1],[2,-11],[-1,-43],[1,-7],[8,-29],[7,-2],[1,-13],[-2,-61],[2,-34]],[[287361,559228],[0,23],[0,14],[-3,46],[0,1],[8,115],[0,24],[-1,32],[0,21],[-2,53],[-2,91],[0,146],[0,10],[0,48],[2,148],[0,17],[-4,13],[-5,17],[-3,48],[-3,26],[0,1],[6,21],[4,19],[-4,0],[0,26],[8,0],[0,22],[2,12],[-1,4],[0,15],[10,61],[4,6],[5,-19],[3,9],[-10,22],[-1,8],[0,0],[0,4]],[[286310,560247],[11,1],[2,186],[0,2],[1,191]],[[286324,560627],[6,0],[4,1]],[[286334,560628],[6,0],[14,-23],[9,5],[3,-7],[8,5],[13,-47],[0,-23],[13,21]],[[286400,560559],[13,-93],[14,-1],[2,-9],[3,-35],[12,-7],[0,-39],[10,5],[5,12],[1,12],[7,-16],[4,7],[-1,0],[-2,2],[-7,13],[6,28],[1,22],[11,10],[0,22],[6,15],[2,23],[9,4],[1,4],[4,-44],[4,0],[0,-45],[-1,-44],[0,12],[-10,1],[-1,-24],[0,-8],[-1,0],[-6,7],[-5,-97],[-6,2],[-18,-39],[-7,-10],[1,-9],[-31,0],[12,-43],[-3,-3],[13,-46],[-4,-9],[1,-6],[-2,-19],[0,-6],[3,-20],[2,-5],[4,-6],[2,2],[1,-23],[-12,-33],[-8,36],[-19,95],[-6,-1],[1,-48],[-13,2],[0,-27],[-5,-13],[-5,13],[0,-20],[-30,0],[-4,-94]],[[286372,554379],[-2,-19],[4,-51],[-3,-57],[-6,7],[-4,-24],[-8,-5],[-3,-10],[1,-14],[-4,-22],[14,-58],[25,-1],[-10,-27],[-12,-51],[-9,7],[-14,2],[3,-53],[0,-8],[-2,0],[1,-28],[-6,1],[1,-23],[-4,-1],[-1,-27],[3,0],[0,-26],[-14,3],[0,24],[-18,-22],[0,87],[-3,-6],[-25,-48],[-4,14],[-5,9],[-35,9],[-18,-5],[-11,7],[-15,23],[-2,-40],[2,-97]],[[286294,553116],[-22,7],[-8,5],[-14,-13],[-8,31],[-1,49],[-6,28],[1,9],[-6,7],[-8,-9],[-9,21],[-10,43],[-12,48]],[[286152,562761],[1,-8],[3,-22],[0,-9],[0,-14],[11,3],[1,-17],[13,1],[5,10],[-1,-26],[-1,-6],[6,18],[7,0],[-2,-19],[5,-27],[21,9],[0,1],[0,3],[10,0],[0,-13],[-4,-11],[6,-21],[14,-24],[1,7]],[[286292,561609],[4,20],[0,24],[1,3],[16,5],[1,24],[1,0],[3,16],[7,0],[0,-9],[23,5],[2,1],[6,-7],[7,0],[1,15],[1,13],[-7,-5],[-8,11],[-10,-6],[-2,9],[9,5],[-1,18],[9,30],[4,19],[3,2],[10,69],[6,19]],[[286378,561890],[-1,3],[2,11],[12,-7],[-2,17]],[[286453,561915],[-1,-7],[-4,-26],[-11,-61],[-1,10],[-7,2],[-5,-3],[0,-12],[-8,6],[0,-25],[-1,3],[-1,-9],[11,-8],[-1,-5],[9,-1],[-4,-58],[6,-2],[-6,-9],[1,-61],[7,-12],[1,-9],[0,-1],[0,-8],[0,-4]],[[286438,561615],[-9,-4],[-5,-5],[-8,-19],[-9,-20],[-6,-8],[-9,-2],[-5,4],[0,-5],[-3,2],[0,-56],[-11,2],[-4,-25],[-3,0],[0,5],[2,19],[-13,-5],[1,-15],[-9,5],[-1,-9],[-8,4],[-12,-3]],[[286326,561480],[-2,1],[-1,0]],[[286323,561481],[-6,0],[0,2],[-3,0],[-4,-8]],[[286310,561475],[0,-7],[-10,1],[1,12],[10,35],[-10,-23],[-22,-16]],[[286279,561477],[0,3],[-1,13],[-4,-3],[2,37],[2,21],[8,24],[3,9],[3,25],[0,3]],[[286378,561890],[6,-9],[3,-5],[1,1],[-1,12],[-2,-1],[-5,8],[-2,-6]],[[285836,551310],[-8,25],[-1,7],[2,44],[-1,68],[4,55]],[[285170,564051],[6,4],[3,26],[11,9],[6,-1],[0,34],[5,0],[0,14],[8,-1],[-1,36],[42,-1],[0,35],[-20,14],[-12,24],[5,16],[2,59],[-5,8],[4,32],[1,4],[24,-6],[10,13],[-6,52],[4,28],[9,-18],[9,2],[11,-3],[9,27],[6,-4],[-1,-16],[2,-11],[2,11],[22,26],[-13,23],[-2,7],[2,46],[1,74],[-4,72],[3,26],[-1,39],[21,-15],[1,5]],[[285334,564741],[22,-16],[34,-25],[2,-1],[20,-15],[0,1],[-12,9],[0,1],[1,8],[-3,14],[14,4],[2,-4],[0,34],[4,9],[3,-12],[-2,-8],[2,-34],[6,-11],[12,0],[5,25],[1,-2],[-1,-5],[1,-33],[-5,-7],[-10,-3],[6,-7],[33,-49],[11,-20],[4,-10],[16,-50],[7,-23],[7,-22],[3,19],[3,7],[0,-1],[2,-13],[4,-12],[13,-68],[6,-26],[6,-9],[6,-3],[3,18],[4,5],[6,0],[1,-28],[0,-9],[7,-13],[8,-18],[6,-16],[12,-37],[13,-39]],[[285620,564238],[1,-37],[-14,1],[3,-12],[13,-12],[0,-8],[11,-10],[4,-16],[3,-10],[3,-27]],[[285644,564107],[-3,3],[0,-61],[-26,0],[0,11],[-1,-2],[-1,-1],[-2,0],[0,1],[-1,3],[-1,2],[-22,2],[1,34],[-7,-3],[-1,1],[-5,-9],[-4,-22],[-2,-12],[0,-8],[-5,0],[-3,-13],[-12,7],[-1,47],[-12,-6],[0,30],[-1,1],[0,0],[-6,16],[-2,-16],[4,-20],[-3,-18],[-4,0],[1,23],[-3,7],[-1,-128],[-1,-2],[0,11],[-13,0],[0,10],[6,30],[2,19],[0,27],[-8,-1],[-13,5],[-1,-35],[-17,-26],[0,-17],[-9,-10],[0,-22],[-2,2],[0,42],[-8,31],[1,14],[-5,17],[6,0],[0,24],[8,0],[0,67],[-19,-1],[-6,-23],[-6,-2],[-3,-20],[-3,27],[-4,2],[-9,-18],[1,-15],[-5,-15],[12,-1],[0,-22],[-9,0],[7,-46],[1,-45],[-5,-6],[-7,23],[0,29],[-5,0],[5,22],[-6,1],[0,23],[-6,0],[-3,-6],[0,-39],[-6,11],[-14,-11],[-16,-22],[-10,1],[-9,-16],[-2,28],[-1,10],[-5,-5],[-3,10],[0,33],[-14,14],[-14,6],[-21,13],[-14,-6],[-1,-9],[10,-4],[10,-8],[-1,-66],[3,-11],[27,-4],[16,-12],[0,-11],[-6,-15],[-28,-14],[5,-14],[0,-18],[-14,1],[-7,-7],[0,8],[-6,0],[-1,-133],[3,-15]],[[285278,563764],[-4,14],[0,5],[-26,1],[0,50],[5,15],[2,17],[-4,6],[1,18],[-3,25],[8,13],[5,22],[-17,12],[1,16],[5,25],[-4,10],[-4,-13],[-11,-9],[-10,7],[0,46],[-4,-14],[-9,-1],[0,-27],[-6,12],[-3,25],[-6,29],[-9,-13],[-4,2],[0,-137],[-7,-3],[-6,1],[0,123],[2,10]],[[284895,562238],[3,5],[2,-37],[12,0],[4,-41],[-21,-1],[0,74]],[[285163,563344],[0,-29],[-1,-84],[0,-8],[-6,-3],[0,-12],[-12,5],[0,17],[-9,0],[0,-74],[3,-10],[4,-21],[12,5],[7,-13],[0,-69],[0,-45],[0,-27],[0,-2],[0,-27],[0,-1],[0,-2],[0,-42],[0,-51],[0,-11],[7,4],[11,-18],[-5,-23],[-11,1],[-2,5],[-1,-89],[-13,1],[-4,-14],[2,-17],[-6,0],[0,-15],[-22,4],[0,-23],[-5,-11],[-2,-16],[-5,0],[1,-27],[-13,13],[-11,0],[0,-68],[-6,0],[-9,-16],[0,-71],[-11,2],[-1,-41],[-1,0],[-1,-86],[1,-55],[1,-40],[-5,-17],[-11,-16],[-10,3]],[[285029,562210],[-4,7],[-15,2],[-12,9],[-6,-9],[-6,-35],[0,-2],[0,-2],[1,1],[-3,-22],[-7,-4],[-4,-19],[-4,-54],[-8,5],[-3,23],[-1,7],[-9,21],[0,26],[-8,0],[-3,-19],[-2,19],[0,84],[-13,1],[-1,-22],[-7,1],[1,30],[-2,13],[-1,-3],[-7,22],[-14,-1],[0,47],[-15,-1],[0,-41],[-13,0],[0,-8],[-12,24],[-5,26],[-2,41],[-7,51],[-8,38]],[[286901,561698],[2,-3],[16,-46],[34,0],[0,40],[0,3],[0,15],[15,-1],[0,-10],[15,-6],[17,-62],[4,-10],[11,-10],[8,21],[6,-12],[9,9],[4,10],[12,-7],[3,36],[11,20],[1,14],[14,-11],[6,-17],[1,20],[-4,101],[2,21],[2,36],[5,-4],[5,-9],[13,-38],[10,-40],[11,4],[7,1],[10,-16],[7,-21],[8,-3],[1,39],[3,5],[2,-7],[15,-29],[40,-26]],[[285697,563698],[4,43],[4,3],[-7,55],[-2,0],[-1,32],[0,5],[3,-1],[0,21],[0,6],[-3,4],[-2,-1],[-5,10],[0,9],[-5,14],[3,9],[-7,23],[-8,13],[-7,41],[-3,19],[-11,67],[-4,22],[-2,15]],[[285639,564200],[-6,-20],[12,-15],[8,1],[7,-13],[9,-40],[0,0],[7,-3],[-1,9],[13,-3],[11,-19],[4,-7],[-2,-33],[1,2],[8,20],[11,-23],[23,-76],[3,-9],[0,-25],[6,0],[17,-54],[1,0],[11,-41],[3,-10],[4,-31],[4,-27]],[[285793,563783],[5,-33],[10,-73],[1,-3],[13,-19],[-1,-5],[-7,-9],[17,-123],[10,-65],[0,-3],[21,-86],[-1,-2],[7,-29],[1,2],[21,-87],[6,-26]],[[285896,563222],[-2,-5],[-5,-7],[-9,-18],[0,1],[-13,-31],[-10,33],[-3,11],[-8,-26],[-11,-9],[-12,-3],[-14,7],[-5,14],[7,0],[4,19],[5,1],[1,60],[-5,1],[4,24],[-6,19],[5,13],[-32,28],[0,-42],[-10,10],[-2,13],[-12,0],[-10,-13],[-6,17],[0,-18],[-8,-27],[-6,0],[0,-66],[0,-16],[-4,1],[-1,0],[-14,0],[-3,0],[0,-6],[5,0],[1,-47]],[[285618,562778],[-5,8],[-12,-12],[-11,-1],[-5,-1],[-9,-12]],[[285477,562772],[13,-56],[0,-1],[-13,-85],[-21,28],[-10,0],[0,51]],[[285419,562745],[-6,-13],[-11,-23],[7,30],[2,2],[21,43],[14,18],[0,13],[-10,38],[4,-1],[-4,63],[-14,47],[3,27],[-1,75],[5,62],[-5,36],[0,1],[-2,17],[3,58],[-10,67],[-1,9],[-7,2],[-7,-10],[0,32],[2,11],[10,-1],[-4,62],[-18,-2],[-1,53],[8,1],[7,8],[-8,126],[-2,11],[1,81],[-6,1],[0,43],[-6,0],[-2,-45],[-4,0],[-2,-29],[-8,0],[1,32],[-12,0],[0,-27],[-4,-17],[-3,10],[-10,11],[-5,-5],[-1,-47],[-3,-9],[-12,1],[0,43],[9,0],[1,48],[-6,2],[1,23],[-22,-4],[-3,-1],[-20,-6],[2,18],[-2,7],[0,27]],[[285124,563976],[7,4],[6,14],[7,-25],[10,-11],[2,-1],[2,18],[1,5],[1,21],[0,3],[-6,1],[0,29],[6,12],[2,0],[8,5]],[[285432,562706],[2,-46],[2,-4],[-9,0],[-36,21],[-12,-26],[0,-14],[12,-19],[2,-27],[-21,-11],[-7,-19],[0,-22],[-8,-15],[-4,29],[-9,-1],[6,-25],[-5,2],[-2,-32],[-6,0],[0,-28],[0,-13],[-11,1],[2,-15],[2,-27],[-7,0],[0,-32],[7,-10],[35,-108],[0,-6],[-1,-22],[-10,10],[-6,-27],[-3,2],[0,-12],[3,-21],[-10,-17],[0,6],[1,0],[-14,3],[-2,10],[-2,-21],[0,-3],[-4,2],[-4,-41],[-9,0],[0,-11]],[[285304,562117],[-7,0],[-27,13],[0,-41],[-15,0],[-10,0],[-3,0]],[[285242,562089],[-32,1],[-20,6],[-28,-1],[0,-5],[0,-68],[-8,-6],[0,-5],[1,-14],[-31,-25],[-8,2],[0,27],[-5,0],[-1,20],[3,28],[-4,6],[-1,-19],[-13,0],[0,-39],[-13,-1],[0,-43],[-12,1],[-10,51],[-2,14],[-1,19],[0,20],[-28,0],[0,152]],[[285242,562089],[-14,-79],[13,-6],[0,-43],[7,0],[0,12],[7,-1],[16,7],[6,-18],[15,11],[7,1],[2,-1],[11,-10],[-9,8],[-10,2],[-8,-6],[-18,-38],[2,-4],[11,7],[-4,-15],[0,-41],[-7,0],[0,-7],[1,-23],[-2,-11],[6,-1],[0,-42],[2,0],[18,-4],[6,-18],[1,-2],[11,-9],[9,-38],[0,-14],[-5,-13],[-3,-24],[-20,-81],[0,-11],[15,14],[-2,-11],[7,4],[0,-2],[-21,-23]],[[284805,561336],[0,74],[-73,5],[0,28],[-5,-3],[-5,-4],[0,52],[-8,9],[-4,-3],[-2,13],[1,35],[-2,20],[-5,27],[-8,18],[7,27],[-2,23],[17,3],[3,-22],[10,2],[6,40],[7,27],[2,19],[0,8],[-32,-3],[-5,34],[17,29],[5,-12],[-4,51],[-4,4],[1,30]],[[290472,577987],[-16,-22],[-25,-15],[-6,-17],[-24,-35],[-5,1],[-9,23],[-7,-7],[-5,18],[1,19],[-2,18],[-7,8],[-9,-5],[0,-22],[-8,-18],[-5,-25],[5,-4],[0,-80],[8,-19],[-3,-19],[6,-9],[-4,-24],[-5,-9],[-2,-26],[-3,-7],[-7,-59],[3,-33],[5,-8],[4,8],[2,-22],[-8,-13],[8,-10],[-2,-7],[-6,-1],[-2,-18],[-12,-11],[-4,12],[-6,-15],[0,-11],[-3,8]],[[285551,565012],[-5,-10],[-5,1],[-1,6],[1,3],[-8,17],[-1,-10],[-2,1],[-2,-13],[2,-4],[-2,-8],[-3,4],[-7,-29],[8,4],[8,-36],[0,-20],[0,-3],[-3,2],[-6,2],[-6,0],[1,46],[-3,7],[-4,-12],[-6,0],[-6,20],[-4,-7],[2,-14],[-4,14],[-13,17],[-16,23],[-11,28],[-8,13],[-3,1],[-6,0],[-6,-1],[0,0],[-3,-36],[-9,-16],[-4,1],[0,-41],[-2,1],[-8,-14],[-3,-3],[-1,-19],[-20,1],[0,41],[-9,0],[-7,-32],[-12,-12],[-6,-21],[-3,-10],[-12,-17],[-10,-19],[-7,-19],[-1,-4],[-2,-78],[21,-16]],[[280288,560681],[6,-45],[-5,-10],[0,-17],[20,-10],[9,-47],[8,17],[4,-63],[-1,-5],[7,5],[3,-13],[-32,-139],[25,2],[0,-42],[14,1],[0,20],[17,24],[22,30],[1,-6],[4,9],[4,-24],[2,-14],[4,-22],[5,0],[23,-29],[38,-106],[5,0],[3,55],[2,13],[12,10],[27,12],[5,15],[-1,6],[0,16],[0,-14],[10,12],[5,10],[-2,19],[6,26],[6,9],[12,-1],[11,-24],[4,-4],[3,-16],[7,-3],[11,10],[10,22],[16,-5],[9,-7]],[[280627,560358],[0,-58],[14,1],[0,-200],[-11,-4],[-8,7],[-31,38],[-18,52],[-8,2],[-6,18],[-4,-11],[-2,-28],[1,-28],[5,-45],[4,-43],[8,-38],[0,-50],[6,-36],[-54,-5],[0,-83],[-14,-1],[0,-86],[-22,-1],[-2,2],[-23,23],[-4,-26],[0,-8],[0,-8],[0,-8],[0,-12],[0,-36],[2,-20],[4,-7],[4,-11],[2,-11],[1,-16],[-7,-53],[-1,-3]],[[283737,558107],[-3,-32],[-11,-44],[-1,-68],[-16,1],[0,-11],[-8,-13],[-6,-22],[-15,0],[0,-20],[-15,-31],[-31,0],[-6,5],[0,-23],[-7,0],[0,-22],[2,-28],[-18,1],[0,-25],[-9,1],[-6,-9],[0,-37],[-78,-47],[26,-1],[4,-22],[-5,-12],[5,-15],[-26,-68],[-6,-22],[-3,8],[-2,-21],[10,-32],[-18,-40],[-9,-3],[-4,-22],[-4,-32],[-5,-8],[-7,0],[-4,12],[-11,10],[-1,-10],[-8,5],[-14,25],[-14,10],[-6,20]],[[283388,557830],[-4,73],[-18,356],[-3,64]],[[283276,559965],[-18,344]],[[280627,560358],[18,-16],[6,4],[7,16],[13,25]],[[280521,559539],[-10,12],[-15,-2],[-8,-12],[-9,18],[-13,4],[-2,4],[-1,2]],[[287221,563034],[5,19],[4,25],[5,-13],[3,-5],[5,2],[14,23],[-1,14],[14,24],[16,35],[2,-1],[24,41],[16,-8],[3,-4],[13,30],[5,-19],[2,-29],[-2,-13],[10,-22],[3,7],[10,4],[-6,32],[12,13],[3,-12],[4,-11]],[[287385,563166],[2,-2],[1,0],[0,1],[12,-38],[3,-14]],[[286758,564232],[6,-54],[3,0],[0,32],[6,25],[4,-5],[29,16],[4,2],[3,8],[20,39],[9,30],[4,18],[2,17],[0,77],[2,12],[2,13],[2,37],[7,68],[3,29],[10,58],[9,33],[3,5],[0,-4],[-4,-9],[6,-32],[6,-5],[10,-76],[6,27],[9,-19],[3,-9],[3,-6],[6,7],[1,1],[8,5],[21,6],[17,-10],[5,-14],[4,-29],[3,-12],[6,-23],[2,-25],[2,-6],[6,-5],[4,-5],[7,-25],[5,-1],[2,-18],[8,-2],[6,-28],[2,8],[2,-2],[4,-14],[-8,-35],[8,-12],[-3,-28],[-7,4],[1,-16],[-2,-70],[-2,-22],[1,-32],[3,-8],[17,-27],[7,-11],[1,-1],[6,-2],[30,-6],[-1,-9],[-3,-17],[0,-15],[3,3],[9,17],[1,6],[1,13],[22,-15]],[[287132,563929],[0,-3],[5,-18],[2,-35],[-4,-13],[13,-19],[4,-11],[-1,-18],[-9,3],[-4,5],[-18,-21],[7,-37],[0,0],[-6,-1],[-8,12],[-8,-5],[-9,-24],[-6,19],[-2,21],[4,9],[-4,11],[-9,37],[-15,25],[-3,-12],[7,-24],[-6,-12],[3,-25],[-9,-15],[-6,7],[-5,2],[-2,-23],[-7,6],[4,-22],[-5,-9],[4,-24],[-7,-20],[4,-24],[-8,-1],[-23,13],[-10,-1],[7,-15],[2,-53],[-2,-3],[-1,19],[-7,-19],[0,-15],[7,-31],[7,-9],[3,-19]],[[286835,564040],[-1,11],[-5,-8],[-4,20],[-9,7],[0,-31],[-2,-8],[-4,-8],[3,8],[-8,42],[-4,-14],[-1,7],[-5,-6],[-4,-10],[-3,-10],[-2,-32],[-5,11],[-8,44],[1,28],[-3,41],[-7,-12],[1,-7],[-7,-7],[-6,4],[-4,34],[0,18],[2,29],[8,41]],[[286785,565009],[5,-8],[3,34],[2,39],[10,5],[0,-3],[3,-25],[-1,-9],[5,-17],[6,-28],[2,12],[11,8],[3,12],[-12,5],[0,43],[8,1],[2,27],[4,39],[-2,22],[16,5],[4,6],[2,-5]],[[286758,564232],[1,10],[-10,-20],[-1,37],[-7,35],[-7,88],[2,15],[14,-2],[17,-46],[9,-14],[3,-13],[1,2]],[[286595,562532],[1,18],[3,5],[8,1],[2,-6],[5,-1],[1,5],[-1,30],[4,-11],[3,-8],[9,-1],[0,8],[3,0],[0,-2],[0,-6],[7,0],[2,56],[1,18],[-1,35],[-4,62]],[[286645,562848],[14,-18],[3,-20],[1,0],[0,1],[20,16],[4,10],[3,3],[3,8],[3,-10],[9,1],[6,1],[1,5],[-2,3],[3,8],[2,-4],[4,-2],[2,2],[-1,17],[2,4],[7,-2],[0,12],[-15,2],[1,24],[12,1],[3,21],[0,12],[-2,25],[-6,-4],[-6,-3],[0,21],[0,36],[-1,3],[-3,7],[-7,25],[10,24],[0,10],[4,0]],[[286892,562809],[-6,-48],[-2,-15],[-12,-39],[-10,-34],[-6,-13],[-4,-2],[-65,17],[-2,-14],[10,-9],[20,1],[0,-16],[-4,0],[-1,-31],[2,-55],[-5,0],[0,-105],[-5,-18]],[[286802,562428],[-7,5],[-9,-1],[1,-3],[1,-11],[-21,5],[0,-20],[0,-15],[-2,-18],[-10,-44],[-5,-12],[-3,-3],[-3,-1],[-10,-23],[-9,-1],[-2,-38],[-7,-3],[0,-8]],[[285793,563783],[7,-1],[1,-2],[2,-7],[0,5],[1,2],[0,2],[3,0],[4,-1],[-1,-10],[20,-5],[11,24],[1,6]],[[285842,563796],[5,1],[8,-2],[7,-17],[-5,-33],[0,-7],[3,-15],[1,37],[3,33],[0,-1],[6,-9],[7,-11],[0,-25],[7,5],[12,-10],[3,-6],[13,-21],[12,-22],[2,-2],[18,-12],[6,-4],[4,0],[8,9],[11,43],[10,3],[0,17],[11,19],[-1,-6],[1,-3],[4,-1],[2,4],[0,-6],[6,3],[1,-3],[0,14],[4,3],[13,30],[5,13],[4,4],[3,3],[1,-11],[6,3],[9,11],[4,7],[0,9],[3,8],[3,11],[4,7],[7,29],[4,15],[12,14],[23,12],[5,7],[7,15],[6,6],[1,-7],[0,-75],[0,-31],[-1,-8],[1,-9],[0,-19],[0,-8],[0,-10],[0,-20],[1,-6],[4,-23],[7,-12],[8,-37]],[[286151,563699],[-17,-54],[-8,-34],[-15,-51],[-30,-58],[-7,-20],[-2,-2],[-18,-26],[-3,-11],[-6,-54],[-22,-61],[-3,-23],[0,-17],[0,-7],[13,-68]],[[285927,563201],[0,-10],[-8,-18],[0,-2],[1,-4],[-6,-13],[-3,9],[-1,3],[-3,12],[-1,2],[-10,42]],[[286184,564387],[5,-33],[11,-17],[4,-20],[-5,-19],[10,-27],[5,-2],[5,3]],[[286219,564272],[16,-27],[6,-20],[4,-19],[-2,-76],[-2,-48],[-6,-33],[-2,-12],[-14,-8],[-4,-14],[0,-22],[4,-23],[0,-37],[-1,-6]],[[286218,563927],[-14,-51],[-2,-10],[-6,-24],[-15,-35],[-8,-20],[-10,-40],[-7,-30],[-5,-18]],[[285842,563796],[-7,-3],[1,3],[9,28],[21,69],[0,1],[3,9],[10,34],[2,13],[2,7],[2,-3],[5,14],[8,0],[1,31],[0,32],[0,4],[2,8],[7,8],[18,5],[13,6],[31,47],[6,6],[18,-2],[3,0],[9,-1],[12,-1],[13,-2],[10,-10],[5,-2],[6,2],[5,6],[20,44],[3,-10],[5,2],[3,-8],[1,4],[2,46],[12,21],[4,13],[12,52],[5,9],[10,13],[5,13],[5,32],[3,14],[7,15],[26,16],[4,6]],[[286292,565263],[-4,-17],[1,-57],[-1,-118],[0,-44],[0,-70],[-1,-27],[7,-24],[-2,-6],[14,-48],[9,-15],[6,-17],[21,-35],[0,-3],[7,-44],[-1,-9],[10,-16],[9,-28],[-4,-14],[7,-10],[3,-27],[1,1],[0,6],[1,3],[1,10],[1,3],[4,-14],[1,1],[4,-10],[4,-11],[5,-6],[3,-5],[3,-2],[-25,-133],[-2,-12]],[[286374,564465],[-4,9],[-6,-1],[-11,-25],[-10,-40],[-23,-9],[-8,-9],[-18,-16],[-28,-19],[-8,4],[-4,4],[-14,4],[-6,-1],[-12,-25],[-3,-69]],[[286184,564387],[0,1],[-6,28],[-4,37],[-9,-5],[0,10],[3,12],[-3,-1],[-2,-6],[-2,18],[-3,2],[-15,4],[-9,-20],[-1,7],[0,78],[-8,-1],[5,21],[4,3],[-2,8],[-12,2],[-14,-14],[1,76],[9,11],[1,14],[-11,1],[-13,1],[-17,4],[-6,13],[-4,13],[0,14],[-3,-1],[-4,9],[0,35],[3,28],[12,0],[5,42],[-13,1],[0,42],[3,20],[-3,5],[-5,5],[-1,7],[4,18],[0,2],[3,29],[1,0],[4,13],[7,79],[-6,27]],[[286592,564049],[1,-3],[-10,-19],[-7,3]],[[286576,564030],[-13,24],[-5,46],[-9,23],[-5,-6],[-6,-24],[-16,-22],[-13,-4],[-6,4],[-6,9],[-10,21],[-4,15],[-4,24],[0,22],[1,11],[11,2],[3,12],[-3,27],[-3,9],[-8,3],[-9,-20],[-5,-33],[-12,-9],[-5,4],[-9,15],[-9,3],[-5,0],[-17,5],[-5,18],[-4,32],[1,43],[-3,19],[-2,10],[-8,49],[-8,34],[-6,69]],[[289367,575966],[-42,-2],[-3,0],[-133,-8]],[[290519,577848],[4,-23],[1,-12],[6,-4],[7,-28],[2,-18],[5,-11],[5,4],[6,19],[12,-22],[3,-29],[-5,-29],[9,-34],[-3,-18],[6,-18],[3,-22],[1,-25],[-8,-34],[-4,1],[-8,16],[-3,-7],[-48,-172],[13,2],[7,-29],[8,-24],[3,-2],[3,18],[7,21],[9,15],[19,-25],[6,-21],[13,-27],[6,-2],[14,22],[-4,9],[-4,27],[-5,10],[2,18],[5,13],[2,-13],[6,3],[2,-9],[-6,-9],[1,-10],[8,-35],[14,4],[4,4],[-2,-15],[5,-23],[-1,-13],[-7,1],[5,-11],[9,-8],[7,-17],[-1,-20],[5,-3],[9,10],[2,-18],[8,2],[6,-23],[2,-33],[0,-37],[-2,-13],[2,-20],[-3,-26],[4,-20],[8,-9],[11,-4],[9,-38],[15,22],[9,-10],[9,-24],[9,-18],[7,3],[8,-9],[4,-19],[8,-23],[7,-1],[1,18],[6,-9],[5,11],[-7,10],[-2,22],[9,-5],[-2,40],[1,16],[6,-11]],[[289770,576001],[-158,-16]],[[290990,572136],[10,1],[2,8],[10,-6],[3,-4],[1,7],[1,14],[1,27],[19,0],[3,4],[5,10],[15,52],[13,18],[-3,10],[-7,10],[-9,1],[-2,0],[1,-9],[-12,-3],[-4,-5],[-1,-21],[-3,2],[1,11],[0,22],[-13,-3],[-1,4],[-2,1],[-3,20],[-2,5],[-4,6],[-15,4],[-9,-1],[-6,-5],[-16,-30],[-1,-1]],[[291587,570239],[-5,-7],[-7,28],[-5,-24],[1,-17],[-3,-1],[-6,4],[-24,5],[-1,13],[-2,-13],[-8,-1],[-4,-1],[-1,8],[-5,-1],[-4,-8],[-19,-10],[-6,-1]],[[288329,578922],[11,-17],[4,4],[5,-33],[5,-12],[9,-8],[-1,-35],[6,-28],[-1,-31],[-5,-24],[-4,-8],[-1,-39],[-6,-16],[-4,-23],[-7,-21],[-7,-9],[-19,-42],[-8,-3],[-4,-19],[0,-17],[-5,-30],[-5,-4],[-13,-28],[-12,-9],[-2,-25],[-6,-16],[-2,-26],[-9,-38],[1,-11],[15,-26],[8,0],[5,-10],[8,32],[2,3],[9,-32],[6,-16],[-3,-46],[1,-16],[-2,-12],[-7,-15],[-4,-18],[-15,-14],[-13,-20],[-3,-22],[-6,-18],[-11,-18],[2,-21],[-4,-20],[5,-43],[-6,-28],[0,-31],[-2,-18],[-5,-14],[-2,-23],[-5,-22],[-3,-44]],[[287853,577626],[-5,33],[-5,79],[-7,30],[2,28],[-3,28],[-8,-13],[-8,2],[-11,-10],[-1,-15],[-12,25],[-5,14],[-9,5],[-5,14],[-6,28],[-6,12],[-17,7],[-12,20],[-3,-9],[-7,1],[5,41],[-5,2],[1,20],[-32,6],[11,5],[-2,42],[5,-1],[1,20],[-11,37],[-3,23],[-2,-5],[-15,-2],[-11,-39],[-6,20],[0,25],[2,30],[16,28],[10,13],[13,20],[42,29],[3,4],[-1,14],[6,3],[13,21],[-1,68],[-7,45],[-8,14],[-10,2],[1,20],[8,6],[-1,28],[-7,17],[2,11],[-6,23],[-1,16],[4,16],[6,1],[9,-15],[-10,36],[-4,16],[1,21],[-5,61],[3,41],[-2,22],[0,35]],[[287722,576390],[-2,-10],[0,-29],[-7,-39],[1,-24],[-11,-24],[-1,24],[-10,-23],[-13,-27],[-3,-17],[2,-10],[-29,-91],[-5,-25],[-5,2],[0,-5],[4,-15],[-2,-45],[-16,-30],[-9,-31],[-3,10],[-6,-16],[-51,6],[0,23],[-5,14],[-10,8],[-3,9],[-6,-17],[-7,8],[-10,-28],[0,-18],[3,-6],[-1,-6],[-21,-16],[-20,-44],[-5,-22]],[[289415,572711],[-1,15],[-2,128],[7,40],[2,10],[4,46],[12,21],[20,0],[1,42],[18,47],[1,34],[19,22],[-3,43],[4,22],[19,7],[3,15],[-13,26],[12,50],[-12,15],[13,60],[-12,74],[5,17],[-9,91]],[[287799,583933],[-7,10],[-4,-2],[-11,12],[-11,2],[-8,-11],[-8,-24],[-10,-16],[-5,-21],[-4,-6],[-20,-74],[-7,-13],[2,-19],[-2,-23],[-10,-47],[-4,23],[1,20],[5,33],[1,18],[14,62]],[[282710,576882],[2,-17],[18,7],[0,-12],[-13,-35],[2,-34],[-12,-5],[-7,-13],[-22,-78],[-8,-39],[-9,-68],[5,-1],[71,-141],[1,-15],[13,-40]],[[282751,576391],[-5,-26],[-4,-13],[-2,-26],[-4,-12],[-8,-2],[2,-10],[-1,-18],[-7,-17],[-10,-52],[-1,-27],[-6,-10],[-6,5],[-9,57],[-1,13],[-4,6],[-6,-3],[-4,-12],[-1,-18],[3,-45],[5,-41],[13,-7],[16,10],[13,26],[-3,-33],[-3,-22],[-6,-21],[7,-29],[2,-65],[4,-18],[-8,-10],[-13,-17],[-55,-59],[4,-41],[-2,-21]],[[282651,575833],[-58,3]],[[283869,577777],[5,26],[9,59],[2,31],[8,43],[-5,23],[-3,16],[-2,19],[-1,11],[2,53],[8,55],[17,57],[3,56],[-13,21]],[[284159,580098],[16,-22],[5,-21],[5,-39],[15,-42],[10,-87],[6,-22],[1,-46],[-2,-18],[-2,-13],[0,-11],[-2,-7],[1,-14],[0,-14],[10,-28],[2,-3],[-4,-13],[-1,-16],[-16,-105],[16,-22],[-58,-349],[6,-45],[7,-22],[7,-11],[11,-2],[-11,-3],[-11,18],[1,-9],[-9,-57],[-2,-38],[-8,13],[-3,-21],[11,-16],[-3,-16],[20,-29],[-5,-21]],[[283940,577315],[-8,5],[-36,-49],[-29,22],[-1,7],[-8,-13],[-8,-9],[-10,-10],[0,54],[-2,3],[1,8],[2,27],[7,25],[9,52],[8,85],[0,26],[5,24],[7,63],[-7,53],[5,60],[-4,15],[-2,14]],[[283438,577421],[6,37],[6,-10],[3,6],[2,-1],[3,18],[8,-7],[1,-6],[-6,-6],[-3,-17],[-6,12],[-3,-15],[6,-11],[-4,-21],[-10,4],[-1,-5],[-4,8],[2,14]],[[283869,577777],[-9,13],[-10,8],[-11,24],[-21,-8],[-13,-25],[-5,-12],[-2,-30],[-7,-38],[-1,-19],[-9,-56],[-1,-5],[-4,-30],[-11,-66],[-18,-62],[-9,-42],[-7,-34],[-2,-9],[-3,-14],[-23,-94],[-5,-11]],[[283698,577267],[-23,71],[-8,12],[-5,-2],[-8,-9],[-12,51],[-9,10],[-21,-2],[-16,-39],[5,-57],[-5,-14],[-1,43],[-2,19],[-3,11],[-9,31],[1,-102],[-4,17],[-5,-1],[-10,-26],[-11,14],[-40,57],[0,8],[6,2],[3,1],[9,25],[-2,14],[-12,17],[-9,-53],[-9,5],[-1,-11],[-6,20],[6,1],[5,37],[-21,16],[-2,27],[-4,4],[0,13],[-11,31],[3,14],[2,-4],[7,35],[3,2],[1,19],[2,11],[-6,13],[8,53],[-13,10],[-3,2],[4,49],[5,33],[4,4],[-1,14],[11,66],[0,14],[5,-7],[-1,20],[7,40],[4,35],[7,29],[-3,8],[-1,13],[3,18],[-2,9],[-5,13],[0,17],[-2,13],[-3,6],[-3,24],[4,17],[-5,10],[-4,-17],[-6,11],[-4,-21],[-4,7],[-5,-23],[-13,27],[-15,16],[-15,46],[-3,9]],[[283427,578163],[3,4],[9,28],[1,4],[-2,7],[-1,11],[-2,2],[-1,-5],[-3,1],[-3,-3],[2,20],[4,20],[3,8],[-3,8],[-11,12],[14,-1],[13,-8],[2,18],[-1,38],[3,22],[18,39],[-6,27],[16,26],[6,17],[7,24],[4,47],[8,-5],[23,2],[21,62],[7,25],[5,29],[3,43],[-6,14],[8,17],[3,3],[13,27]],[[283544,577585],[4,-34],[8,28],[15,-25],[10,-6],[-2,33],[-12,15],[-2,9],[-6,9],[-2,11],[-4,13],[-14,-3],[5,-50]],[[287115,582486],[13,-48],[-6,42],[6,28],[3,23],[5,21],[0,39],[-2,7],[-10,-3],[-3,9],[12,-1],[9,-14],[27,59],[6,45]],[[287846,575875],[-104,0],[-1,0],[-93,1],[-44,0],[-83,0],[-6,0]],[[284255,580795],[-12,-1],[-8,-9],[-7,-40],[-2,-22],[-3,-206],[-11,-72],[-9,-67],[-8,-38],[-10,-37],[-9,-38],[-7,-35],[-4,-29],[-8,9]],[[283548,576671],[9,-15],[2,-6],[-1,-11],[11,-17],[4,-28],[-2,-22],[5,-2],[3,7],[13,-30],[23,5],[2,-29],[8,5],[8,14],[4,17],[6,37]],[[283681,576111],[-21,-26],[-14,-13],[-19,-1],[-19,5],[-6,4],[-14,18],[-19,26],[-19,26],[-18,25],[-7,15],[-2,-19],[-1,-9],[-11,19],[3,20],[-12,19],[10,5],[-12,36],[-2,-21],[-2,1]],[[283496,576241],[-1,18],[1,9],[15,75],[-2,15],[7,-12],[-2,14],[4,18],[7,52],[-3,8],[-2,6],[5,26],[8,0],[4,24],[1,5],[10,43],[2,9],[-5,8],[-1,19],[-3,3],[-4,10],[9,78],[2,2]],[[283460,575847],[0,8],[1,7],[-5,21],[0,23],[-4,4],[5,27],[6,52],[3,13],[5,70],[6,28],[0,22],[-1,7],[0,13],[5,-19],[-3,22],[8,50],[5,11],[-4,6],[7,29],[2,0]],[[287478,584864],[-22,45],[5,40],[-1,16],[-1,4],[-5,-13],[-2,-5],[-1,-4],[-1,-7],[-2,-10],[-2,-17],[-2,-9],[-10,36],[-5,17],[-5,18],[-4,9],[-9,7],[-8,3],[7,27],[-9,15],[-10,17],[-9,31],[-3,-17],[-6,29],[-7,28],[-5,-11],[-4,15],[2,40],[1,6],[2,34],[2,3],[-1,10],[3,51],[2,-4],[-2,8],[1,12]],[[286439,576748],[-14,-3],[-3,-26],[-34,-15],[-23,-5],[-17,-71],[-18,23],[-36,55],[-9,-56],[-2,12],[-9,-14],[5,-11],[1,-30],[-9,-11],[-2,-36],[-2,8],[-7,-11],[6,-29],[6,-12],[1,-16],[7,-29],[-6,-30],[-10,-22],[-6,-6],[5,-50]],[[286194,576643],[-3,23],[2,11],[-4,5],[-15,-23],[-12,29],[-4,2],[1,26],[-3,10],[6,32],[12,28],[5,20],[1,19],[-29,42],[-7,18],[-1,18],[37,241],[0,38],[-6,-3],[-1,26]],[[283442,576973],[2,23],[6,35],[12,37],[6,15],[3,6],[14,28]],[[283523,577181],[6,15],[6,11],[8,11],[22,17],[18,18],[9,8],[4,0]],[[283596,577261],[0,-43],[1,-22],[11,-68],[5,-20],[15,-34],[30,-64],[8,-26],[-8,-8],[-2,-1],[13,-56],[5,-9],[-5,-33],[-9,-43],[-8,-13]],[[283548,576671],[1,9],[-7,10],[3,28],[8,18],[-3,10],[4,14],[-5,-3],[-5,-28],[-8,-34],[-1,-41],[-5,-22],[-3,-21],[-3,-9],[0,-26],[-5,-14],[2,-38],[-1,-51],[-4,-37],[-3,-6],[1,10],[-12,17],[-5,-5],[0,24],[2,4],[2,2],[1,19],[7,29],[-6,6],[-5,-3],[-2,-10],[-6,8],[-3,5],[2,21],[-6,9],[-2,-10],[-4,7],[0,10],[-3,5],[-8,8],[-4,-16],[-15,22],[-3,8]],[[283444,576600],[21,79],[-7,15],[-4,-15],[-13,-28],[-3,-1],[-10,-12],[-13,1],[-4,11],[0,23]],[[282751,576391],[7,19],[7,3],[6,12],[14,2],[4,-33],[-4,-36],[2,-38],[-3,-15],[-10,-36],[-7,-44],[-7,-32],[3,-25],[-1,-35],[3,-10],[-1,-16],[4,-20],[-2,-20],[1,-29],[-3,-89],[-6,-19],[4,-1],[5,18],[9,-19],[5,-2],[7,7],[3,17],[6,1],[15,-14],[13,4],[16,-11],[3,-5],[2,-11],[8,-44],[-20,0],[-2,-15],[5,-30]],[[282837,575825],[-125,6],[-13,0],[-48,2]],[[283368,576319],[1,-15],[9,-61],[4,-50],[4,-19],[4,33],[7,-9],[0,-44],[5,-16],[10,7],[4,27],[-9,13],[1,10],[2,14],[-3,17],[27,-32],[3,20],[2,18],[11,-15],[2,13],[4,-6],[-1,-13],[3,-6],[4,-14],[0,-26],[2,-13],[0,-16],[-1,-6],[1,-13],[-4,-26],[-1,-29],[-8,-69],[-4,-15],[3,-5],[0,-14],[-12,-71],[0,-41]],[[283395,576444],[4,4],[11,27],[6,21],[-2,2],[13,52],[2,-3],[15,53]],[[287205,585200],[7,-18],[11,6],[4,-14],[6,-25],[-4,-34],[-6,-30],[-4,-69],[-5,-13],[2,-20],[-11,-39],[-4,-48],[18,-5],[2,-1],[0,-16],[-1,-6],[-14,9],[-8,-24],[3,-18],[-9,-32],[10,-25],[-2,-14],[13,-8],[1,-16],[8,2],[4,-32],[9,3],[3,-14],[3,2],[6,-58],[8,-26],[4,-6],[21,-40],[3,40],[9,32],[-5,16],[-6,9],[-6,5],[2,20],[6,19],[12,11],[12,-12],[14,12],[10,-25],[-12,-32],[5,5],[-3,-6],[-3,-4],[-14,-48],[-6,-6],[-8,-28],[-9,-10],[2,-11],[6,4],[6,-28],[-14,-31],[-2,-31],[-12,30],[-4,10],[-26,28],[-7,14],[-10,5],[-5,-5],[-3,-8],[-5,8],[-8,-8],[8,64],[-11,31],[-7,-32],[-7,2],[0,7],[1,39],[-11,0],[-10,-19],[-14,-56],[-8,-21],[-14,-15],[-14,-40],[-2,-5],[-15,0],[1,-5],[6,-54]],[[286312,545544],[0,-29],[30,-1],[-1,149],[64,1],[-2,-296],[90,-3],[12,2],[113,-4],[-1,-179]],[[284926,549000],[1,-28],[3,-60],[27,-1],[0,-119],[29,-17],[10,0],[-1,-33],[13,-2],[-1,-43],[3,-16],[-6,-16],[1,-18],[7,-9],[3,-11],[13,-15],[7,-28],[25,-1],[0,-93],[-7,2],[-32,0],[-4,-15],[2,-28],[4,-4],[-2,-36],[3,-21],[-7,-9],[4,-14],[4,-21],[10,-31],[-2,1],[1,-9],[0,-23],[2,-39],[7,4],[2,-4],[0,-70],[-12,-36],[-13,20]],[[285020,548157],[-4,6],[-31,2],[1,97],[-22,0],[-8,24],[-11,9],[-22,18],[0,-41],[-9,6],[-1,-10],[-7,0],[-10,12],[-11,-64],[-23,-1],[4,13],[-4,-10],[-2,-19],[-9,6],[-21,-1],[-24,-34],[-4,-2],[-11,14]],[[292082,555619],[12,-34],[-3,-11],[6,-31],[2,-34],[-1,-36],[-71,-183],[-24,-64],[-3,-4],[-2,-3],[-14,-36],[0,-9],[-88,-225],[8,-22],[10,-38],[14,-64],[-19,-44],[-11,-28],[-3,-23],[-2,-80],[-3,-89],[-9,6],[-3,-6],[-8,6],[-1,8],[-17,3],[-8,-42],[-4,4],[-6,-21],[-6,-8],[1,-26],[-2,-46],[1,-19],[-4,-16],[-9,-16],[0,-16],[-4,-44],[6,-25],[-5,-14],[2,-19],[-4,-12],[8,-28],[-6,-23],[1,-17],[6,-19],[0,-28],[-8,-31],[3,-25],[-12,-11],[-8,28],[-12,27],[-19,2],[-8,-3],[-11,16],[-8,-14],[-6,6],[-20,3],[11,-128],[-14,19],[-17,17],[-4,-17],[-6,15],[-7,-1],[-12,29],[-4,41],[-4,32],[-30,6],[-5,-50],[-31,56],[-31,3]],[[291556,554163],[4,28],[-4,8]],[[290219,548593],[-51,-93],[-5,13],[-6,29],[-21,66],[-3,-17],[-9,-4],[-3,6],[-2,-18],[-3,1],[-6,-18],[-5,9],[-11,-47],[-8,-18],[-39,-32],[-6,-9],[-12,-6],[-6,-5],[-17,-38],[-7,-27],[-9,-20],[-17,-63],[-13,-43],[-17,-47],[-15,-26],[-19,-53],[-17,-32],[-27,-67],[-9,-29]],[[289805,547838],[31,-210],[53,-365],[-52,-166],[-71,231],[-34,-101],[-8,-27],[-27,-79],[-15,-52],[-1,-38],[2,-62],[12,-89]],[[282134,575861],[-1,-41],[-3,-55],[-3,-43],[-5,-59],[-2,-52],[1,-36],[4,-65],[5,-34],[13,-94],[9,-82],[2,-52],[0,-64],[-4,-60],[-5,-53],[-9,-57],[-17,-65],[-15,-44],[-26,-54],[-71,-148]],[[281527,573418],[-15,-73],[1,-4],[-1,-6],[5,-19],[-6,-19],[-16,25],[-20,-4],[-19,-14],[-28,-5],[-9,14],[-5,22],[6,50],[3,71],[-1,22],[-4,17],[-4,4],[-6,31],[-5,-15],[-2,21],[-16,-10],[-3,-26],[-6,0],[-7,13],[-9,1],[-5,-14],[-7,17],[2,14],[-7,20],[-3,-1],[-8,50],[7,6],[-2,13],[6,32],[4,5],[5,0],[2,-19],[1,32],[4,36],[-84,-43],[-1,50],[-14,-3],[-12,-30],[-16,2],[-9,-1],[-11,-13],[-25,4],[-1,36],[-7,-1],[1,173],[-11,-1],[-3,-43],[-4,-21],[-11,13],[-18,22],[5,-100],[12,-125],[28,4],[1,41],[13,-10],[11,-26],[21,7],[1,-16],[-3,-1],[-8,-28],[-3,6],[-6,-20],[1,-30],[-2,-16],[-7,-10],[-8,1],[-4,-6],[-57,-32],[-4,4],[0,37],[-2,12],[-8,13],[-92,-72],[-21,-9]],[[290328,546766],[-6,-9],[-8,12],[-11,0],[-7,5],[-8,16],[-4,-7],[-10,15],[-7,-17],[0,-14],[-10,3],[-9,-25],[-3,-14],[-10,24],[-4,-6],[2,-23],[27,-202],[4,-34],[-27,-27],[-5,-10],[-21,-67],[-23,-52],[-11,-15],[-58,-60],[3,-41],[13,-47],[-3,-40],[-7,-107],[-11,-61],[-19,-31],[-10,-29]],[[289920,546549],[43,137],[7,16],[-19,129],[-33,234],[25,-61],[16,-28],[9,-5],[12,22],[3,20],[13,38],[10,11],[6,-6],[5,-9],[6,-25],[1,-16],[27,73],[22,94],[70,226],[8,27],[-27,24],[-34,38],[13,49],[10,31],[1,10],[0,15],[-5,36],[-5,47],[-2,62],[1,78],[16,13],[48,-153],[20,-45],[18,-45],[25,78],[14,26],[8,-8],[4,2],[-6,21],[1,11],[-10,37],[-11,13],[-4,15],[-6,-1],[-2,23],[-6,20],[-1,13],[1,43],[11,32],[9,5],[7,-11],[36,30],[8,25]],[[284428,547827],[12,-31],[26,-24],[-3,-17],[-1,-13],[3,-57],[-2,-47],[1,-32],[10,3],[-3,22],[3,63],[-4,74],[8,13],[32,35],[22,-1],[3,-2]],[[284535,547813],[0,-75],[8,20],[10,-42],[11,-4],[16,-42],[19,-11],[7,6],[5,-42],[27,0],[0,-47],[19,-1],[26,0],[0,-61],[12,0],[8,-10],[-4,-19],[2,-15],[-12,-9],[8,-31],[4,-33],[-2,-28],[2,-31],[4,-11]],[[284705,547327],[-10,-42],[-15,-47],[-39,-120],[-11,-15],[-39,-9],[-11,-3],[-5,-5],[-4,-7],[-16,-43],[-15,-16],[-16,-35],[-1,-4],[-19,-26],[-12,-17],[-7,-8],[-5,-4],[1,-29],[-3,-24],[3,-27],[-3,-13],[-2,-3]],[[290608,568488],[-7,-9],[-3,-14],[-9,7],[-8,-3],[-6,-28],[-4,1],[-14,-51],[-5,0],[-2,32],[-5,4],[-8,-19],[-6,17],[0,-23],[-6,-10],[-7,1],[-9,1],[-9,-24],[-6,1],[-11,-18],[-11,10],[-10,-4],[0,-13],[-10,-15],[-1,24],[4,62],[-5,-1],[0,19],[4,11],[-8,7],[6,21],[-1,9],[-11,-4],[-5,-8],[-6,18],[-3,-3],[-9,34],[-13,33],[-6,2],[7,13],[-11,-18],[-7,-4],[-28,12],[-13,1],[-3,-6],[-10,-38],[-8,-8],[-10,5],[-19,29],[-12,35],[-12,-26],[-8,-9],[-17,-5],[-9,4],[-13,17],[-10,-30],[-8,42],[5,13],[-7,25],[-6,38],[-3,29],[0,38],[3,52],[-4,10],[6,120],[-10,35],[-3,14]],[[288780,547772],[9,-24],[5,-1],[11,-30],[3,-22]],[[288461,547422],[-1,12],[-2,12],[-3,19],[-1,27],[0,42],[1,12],[0,27],[5,1],[0,17],[-3,0],[-2,8],[0,35],[0,8],[0,13],[0,32],[10,4],[15,4],[4,6],[11,18],[2,3],[2,3],[4,1],[5,0],[17,1],[0,-7],[10,7],[19,2],[13,1],[-1,-19],[7,0],[0,-16],[1,16],[0,20],[33,-56],[9,59],[2,27],[6,63],[11,10],[3,0],[2,-18],[7,-13],[2,-39],[4,-14],[6,-2],[5,-1],[14,-7],[-3,-18],[5,-13],[3,-36],[2,-4],[3,2],[1,-18],[-5,0],[2,-29],[3,-67],[2,-30],[7,-13],[26,-17],[13,-13],[3,40],[-2,57],[14,4],[15,1],[2,-21],[4,-7],[13,20],[-9,45],[-1,20],[4,60],[2,24],[-2,45]],[[287871,565988],[2,9],[2,21],[3,-9],[12,59],[-3,48],[1,48],[9,33],[10,7],[-9,66],[13,11],[2,-20],[4,7],[2,29],[5,17],[0,1],[2,12],[4,-9],[8,4],[5,15]],[[287925,565411],[-39,-47],[-7,-1],[-6,-1],[-17,-6]],[[287856,565356],[-8,16],[-4,10],[0,17],[9,5],[0,14],[-5,4],[-4,7],[-4,5],[-5,5],[0,2],[11,58],[2,45],[-4,9],[2,14]],[[287810,549215],[16,10],[1,13],[6,22],[-4,6],[-8,22],[0,19],[12,47],[1,39],[1,4],[20,0],[8,124],[14,-7],[7,4],[7,-16],[7,4],[9,-4],[11,-5],[13,-37],[11,-11],[11,30],[8,12],[5,31],[18,16],[11,18],[3,-2],[-3,-2],[-2,-8],[2,-13],[4,-8],[11,1],[2,3],[4,-12],[-1,-7],[1,-7],[5,6],[4,-19],[6,-9],[2,6],[14,-9],[6,4],[10,-26],[4,-4],[2,-21],[5,-3],[9,10],[2,-3],[5,-1],[4,-18],[5,-5]],[[288304,548193],[-6,-47],[-1,-14],[16,-37],[-2,-27],[-3,-9],[-7,-4],[-7,20],[-2,-15],[-1,-7],[-1,-5],[0,-38],[-6,-36],[-6,0],[-1,-81],[-1,-34]],[[285369,578431],[7,-16],[2,-9],[5,-3],[12,14],[19,29],[3,-10],[-1,-27],[-4,-36],[1,0],[5,43],[0,22],[7,33],[2,28],[-5,36],[-15,77],[-2,34],[16,-1],[5,12],[5,4],[33,-21],[20,-42],[12,-14],[12,-4],[18,22],[11,28],[14,31],[8,28],[7,30],[9,72],[4,31],[4,19],[4,9],[8,6],[12,-12],[4,-15],[12,-19],[15,14],[9,1],[5,6],[7,-6],[23,-34],[5,-12],[7,-29],[4,-12],[16,-26],[7,-4],[10,-29],[11,-15]],[[285742,578664],[17,-17],[2,-4],[0,-2],[-7,-24],[-10,-17],[-10,-12],[-4,-14],[-6,-34],[10,-89],[-4,-8],[-8,12],[-9,6],[-6,-3],[-5,-13],[-3,-21],[-8,-28],[-7,-36],[-3,-26],[-1,-27],[-3,-37],[11,-36],[1,-38],[4,-20],[-4,-20],[2,-20],[-5,-24],[1,-9],[-6,-23],[-8,3],[-5,-18],[-4,-8],[-9,-24],[-24,-41],[-3,-38],[-8,-19],[-2,-30],[1,-26],[2,-14],[2,-29],[-4,-10],[-7,3],[0,-21],[6,-18],[1,-41],[3,-32],[-6,-58],[-2,-60],[3,-6],[0,-15],[12,15],[7,-8],[11,-24],[6,-25],[-1,-15],[-3,-9],[4,-17],[-5,-4],[-5,20],[-3,-6],[2,-25],[-7,-20],[9,-31],[1,-18],[-3,-14],[-16,1],[-6,-37],[-7,-8],[-1,-11],[8,-13],[16,-4],[5,-6],[-2,-3],[6,-7],[3,0]],[[285648,577309],[0,-7],[-28,-11],[-8,1],[-2,-5],[-25,-6],[-6,-9],[-4,2],[-19,-19],[-4,-18],[-12,-35],[-4,-19],[-7,-15],[1,-38],[-2,-8],[-12,10],[-9,-1],[-13,5],[-7,-2],[-20,19]],[[287969,567486],[0,-2],[-6,-20],[-1,-18],[-2,-63],[-3,-32],[-11,-53],[-11,-28],[-2,29],[-1,14],[-14,17],[-1,34],[-6,29],[-6,9],[-16,-17],[1,5],[16,99],[0,9],[4,35],[0,0],[0,2],[-1,-1],[-1,-9],[-2,-8],[0,3],[0,6],[-1,5],[-3,0],[-2,6],[-2,-16],[-16,-5],[0,-1],[-5,9],[0,1],[-2,3],[1,7],[-10,52],[-1,-4],[-2,5],[-3,13],[-2,7],[6,24],[-1,8],[5,7],[0,9],[2,1],[-2,5],[3,4],[-3,14],[2,3],[3,-19],[4,5],[3,3],[1,18],[3,3],[3,-14],[12,17],[1,22],[-1,11],[-1,11],[-5,5],[1,5],[-1,2],[-2,-1],[-2,-2],[1,-3],[-1,-4],[0,0],[-9,31],[3,5],[-1,1],[-1,-2],[-1,5],[0,-1],[-1,4],[0,0],[0,3],[0,0],[-1,2],[0,1],[-1,0],[0,0],[0,0],[0,1],[-5,1],[-4,-4],[-1,-2],[-2,6],[-6,1],[-5,11],[-15,-13],[-1,1],[-6,11],[-3,3],[1,3],[21,31],[-10,65],[-6,18],[-1,3],[0,-1],[-4,13],[0,6],[-9,61],[0,-19],[0,22],[-6,38],[-6,8],[-13,6],[-11,35],[-5,17]],[[286140,547928],[0,-117],[-1,-233],[-87,5],[-23,-3],[-83,0]],[[285946,547580],[0,20],[-10,12],[-10,25],[-7,36],[-12,12],[-11,-10],[-2,4],[-12,-21],[-20,-7],[-3,3],[1,31],[8,33],[6,46],[11,24],[6,75],[5,17],[2,35],[-40,-3],[-30,2]],[[285235,550877],[73,0],[32,0],[13,0],[0,32],[63,1],[0,54],[-14,3],[-21,-4],[21,7],[0,16],[2,21],[12,0],[0,128],[-4,11],[-2,109],[-6,2],[1,13],[-4,11],[-16,-3],[1,51],[-20,1],[-11,45],[0,22],[31,-1],[0,18],[-7,33],[2,0],[4,1],[1,74],[11,0],[-3,39],[-8,0],[0,122],[6,4],[1,64],[-4,31],[6,13]],[[285609,550883],[-21,-1],[2,-8],[-8,-58],[-10,-29],[-18,-79],[-2,74],[-10,-29],[-8,-3],[-8,-16],[-5,-34],[-6,-10],[-4,16],[-7,0],[-3,8],[-5,36],[0,26],[-10,0],[-3,7],[1,42],[-4,5],[2,13],[-8,-7],[2,18],[8,27],[-7,0],[-1,-15],[-6,-7],[-26,-2],[0,-31],[-20,0],[-1,5],[-3,0],[-7,-5],[0,28],[-4,1],[-8,-13],[0,-11],[-14,-1],[0,-29],[-3,-24],[-1,-106],[5,0],[3,-73],[-14,-2],[-11,-16],[-7,27],[-2,21],[-9,9],[-10,32],[-5,1],[-5,-11],[-9,-8],[-6,14],[-12,-13],[-2,22],[-9,16],[-6,-6],[-3,-24],[-3,-10],[-11,34],[-7,-2],[0,17],[-11,80],[-14,98]],[[284577,548112],[0,-19],[4,-43],[8,-45],[0,-68],[-3,-37],[-4,-44],[0,-22],[-9,-7],[-26,0],[0,-13],[-12,-1]],[[284057,548117],[-1,24],[-4,71],[-5,18],[-5,9],[-6,22],[-3,30],[-3,24],[-1,4],[3,29],[11,29],[8,40],[-4,25],[-8,-7],[-16,-15],[-7,3]],[[284016,548423],[-9,4],[-2,5],[-10,24],[-8,45],[-7,45],[16,62],[12,31],[20,33],[4,24],[-7,64]],[[285946,547580],[-65,-1],[1,-159],[-40,-2],[0,-74],[-69,8]],[[287544,567115],[6,11],[64,-81],[9,-45],[10,1],[12,-21],[0,-17],[4,-6],[-2,-3]],[[287647,566954],[-2,-11],[4,6],[2,8],[13,-41],[7,12],[8,-50],[-8,-15],[8,-43],[15,122],[-4,6],[3,3],[2,-3],[-12,-99],[0,0],[2,-2],[3,-2],[1,-2],[2,-2],[1,-2],[5,-20],[-5,-20],[10,-11],[4,-9],[4,29],[4,23],[11,-56],[17,32],[-15,58],[2,36],[3,0],[2,-1],[1,-9],[4,-17],[4,8],[-3,17],[17,-4],[10,-12],[6,11],[3,-24],[1,2],[0,0],[7,16],[1,3],[18,39],[20,52],[1,2]],[[287801,565590],[-9,7],[-7,12],[-1,10],[5,2],[0,8],[-5,-2],[-1,8],[5,23],[7,0],[-2,15],[0,9],[1,2],[-3,4],[-4,10],[-12,35],[-17,-46],[-8,11],[-11,-35],[-9,20],[-8,8],[3,9],[-3,5],[-2,46],[-24,-5],[2,120],[-1,4],[-14,-44],[-2,-28],[-3,-5],[-12,38],[-4,23],[-12,-15],[-11,34],[-4,9],[-4,5],[-11,12],[-2,2],[-10,17],[2,11],[1,45],[-7,52],[10,18],[-4,23],[-10,-16],[-7,34],[-13,-40],[-1,2]],[[287579,566047],[31,91],[-1,17],[-8,-17],[-6,27],[-4,-8],[-3,0],[-2,3],[-3,6],[-3,8],[-4,2],[-1,4],[-4,22],[-5,-1],[-3,20],[-1,10],[-10,-9],[-8,44],[-10,-43],[-1,-4],[-8,8],[-2,6],[-9,29],[-17,24],[-5,20],[-9,-4],[-6,-13],[-9,-33],[-8,11],[-6,33],[-20,49],[-22,44],[-2,27],[-15,75],[-5,46],[-9,51]],[[284752,578064],[3,32],[2,-27],[-2,-24],[-3,9],[0,8],[0,2]],[[284410,578091],[23,16],[5,12],[13,61],[6,6],[6,-3],[-9,26],[13,84],[2,-13],[10,-13],[11,-22],[6,-23],[0,12],[9,16],[2,24],[-6,9],[3,41],[13,-13],[-2,-25],[33,-46],[-10,-60],[20,-28],[-7,-59],[5,-2],[4,-5],[4,-8],[32,99],[14,26],[21,36],[27,47],[5,-25],[6,-15],[1,10],[11,-18],[2,-7],[-1,-9],[9,-29],[3,-14],[12,18],[-6,-43],[9,-24],[2,10],[4,-7],[-1,-11],[13,-17],[2,-4],[6,-19],[2,7],[11,-16],[7,34],[-3,-43]],[[284752,578064],[-3,-11],[25,-53],[3,-17],[1,-17]],[[284494,575881],[-13,0],[-2,0],[-35,-1],[-66,-1]],[[284378,575879],[7,46],[-3,-4],[-14,-9],[1,23],[-1,26],[-5,27],[-5,17],[5,77],[-1,15],[7,18],[16,-22],[3,41],[8,28],[1,30],[5,44],[1,19],[-4,11],[-25,57],[-27,59]],[[289179,573721],[15,-46],[3,-2],[-11,-15],[-1,-44],[8,-13],[8,29],[12,8],[-6,22],[-6,11],[7,4],[-2,22],[-8,-4],[-11,29],[-1,27],[4,65]],[[289306,572958],[16,75],[4,19],[14,14],[22,-5],[-6,9],[0,26],[-2,16],[-5,-1],[-6,14],[-15,-25],[-5,2],[-4,-16],[6,-9],[-8,-15],[-3,6],[-6,-23],[-6,-4],[-4,-3],[-7,8],[-27,44],[-8,22],[1,31],[-8,14],[-7,-6],[-5,-18],[-13,31],[-17,-25],[33,-171],[-27,-50]],[[285970,575883],[25,0],[188,0],[3,0],[18,1],[16,0],[34,0],[39,1]],[[286293,575885],[3,-8],[-5,-16],[14,-41],[0,-8],[-2,-14],[-1,-5],[-5,-12],[-3,-6],[-1,-6],[-1,-7],[1,-6],[1,-5],[1,-6],[-1,-8],[0,-23]],[[288408,566897],[1,31],[-6,52],[0,56],[-4,20],[-24,-15],[-6,19],[-11,-13],[-9,-1]],[[285657,576383],[0,14],[7,9],[-2,10],[2,29],[-3,2],[0,17],[8,4],[8,13],[3,-3],[6,18],[14,17],[7,30],[22,32],[2,11],[10,6],[12,23],[4,14],[-1,6],[-9,-13],[2,14],[10,37],[10,54],[-1,19],[2,7],[8,5],[7,-11],[-2,-18],[-5,-34],[2,-26],[5,-14],[2,-25],[4,7],[10,-3],[2,-10],[3,12],[16,17],[6,21],[6,3],[9,-8],[2,-8],[11,2],[7,20],[4,-6],[8,5],[10,13],[9,19],[-16,-4],[1,14],[-9,-11],[-5,8],[7,14],[2,23],[-3,10],[3,12],[-6,-2],[4,9],[6,-1],[5,28],[5,33],[6,29],[6,14],[1,1],[1,-1],[1,-2],[1,0],[1,1],[1,0],[2,5],[4,7],[2,-5],[1,6],[-13,22],[0,3],[7,15],[4,16],[-1,8],[13,-4],[19,76],[-4,2],[3,19],[-3,6],[0,14],[4,-5],[7,5],[6,-5],[49,203],[1,8],[3,-28],[6,-22],[5,-7],[0,-22],[4,-9],[6,15],[4,3],[2,-10],[6,13],[4,-6],[10,6],[1,13],[5,-1],[7,-11],[3,17],[2,-7],[0,-20],[-2,-14],[4,2],[2,12],[4,0],[2,-29],[5,-11],[4,-26],[3,-4],[5,12],[7,5],[4,10],[5,28],[4,-6],[3,11],[3,-8],[1,12],[3,-13],[11,6],[4,-12]],[[286409,575887],[-58,-1],[-47,-1],[-11,0]],[[285747,579134],[-12,-68],[-6,-30],[5,-8],[-9,-50],[-5,-1],[-4,-20],[-4,-51],[9,-35],[-3,-14],[-20,-52],[-2,-1],[8,-13],[12,-45],[11,-46],[16,-26],[-1,-10]],[[285235,550877],[-113,154],[-12,-21],[-12,-7],[-4,-11],[-4,-57],[-6,-20],[-13,-23],[-6,1],[-7,8]],[[287339,565026],[5,21],[32,88],[6,18],[38,166],[8,53],[14,92],[2,14],[22,126],[-1,1],[9,54],[34,143],[23,85],[9,30],[13,46],[8,29],[18,55]],[[287856,565356],[-22,-9],[-6,-1],[-12,-10],[-20,-23]],[[287760,565054],[-25,95],[-11,10],[-6,23],[4,9],[-3,24],[5,-1],[9,36],[-63,-15],[-8,-5],[0,0],[-7,-8],[-20,-32],[-6,-28],[-8,-18],[-18,-60],[1,-27],[15,-37],[-8,-13],[-1,-17],[6,-14],[-4,-15],[2,-8],[12,-18],[-1,-1],[-1,-3],[4,-72],[-5,-8],[-4,12],[-10,-21],[-16,-41],[6,-17]],[[290503,567587],[-10,37],[-4,28],[-2,6],[-1,-4],[-5,-43],[-1,-41],[-15,-12],[-9,-20]],[[284321,546309],[-8,101],[0,20],[-1,18],[0,56],[5,32],[4,31],[1,25],[0,67]],[[284534,546130],[1,-35],[0,-55],[2,5],[13,9],[1,-22],[7,-18],[2,-8],[5,-1],[0,-15],[-1,-5],[1,-4],[3,-23]],[[284378,575879],[-9,-1],[-2,0],[-4,0]],[[281245,562947],[3,-1],[-1,6],[1,19],[0,145],[54,-10],[0,123],[0,124],[-12,-35],[-26,-59],[-2,-1],[0,16],[3,9],[-2,6],[-4,18],[-3,1],[-3,5],[-1,6],[-3,-9],[0,50],[26,0],[0,14],[-17,5],[0,36],[-9,1],[0,23],[0,81],[0,34],[5,30]],[[281722,563808],[-39,49],[-1,-84],[-23,1],[-86,2],[-1,-84],[-55,-1],[0,-244],[0,-183],[-33,0],[-3,0],[-2,0],[-1,-39],[13,0],[5,-25],[-13,-30],[1,-15],[-2,-3],[-3,-3],[-5,-3],[-8,-14],[7,-48],[-2,-22],[-7,-24],[4,-100],[-3,-6],[0,-49],[-3,-17],[0,-25],[3,0],[0,-46],[-7,17],[-4,-1],[-1,-10],[4,-28]],[[281457,562773],[-3,0],[-4,17],[0,-38],[-12,33],[-7,11],[-17,55],[-10,10],[-11,21],[2,17],[-1,25],[-13,4],[0,43],[-4,-1],[-4,-19],[1,-28],[-7,2],[-13,14],[-15,-1],[-12,-13],[-5,1],[-3,31],[-12,27],[-9,-36],[-12,20],[-5,3],[-14,-12],[4,-10],[0,-13],[4,-18],[0,-21],[13,-1],[0,-45],[-20,4],[0,-79],[-6,-5],[-8,1],[-5,82],[-1,5],[-1,5],[-2,11],[0,14],[0,15],[0,17],[0,7],[0,19]],[[281127,563687],[-4,-8],[-26,-65],[-16,-62],[-18,-23],[-8,-19],[-14,-29],[-6,-17],[-9,-22],[-14,-28],[-19,-61],[-3,-23],[-8,-36],[-3,-23],[0,-26],[3,-89],[3,-27],[9,-45],[21,-73],[18,-67],[6,-29],[1,-25],[-5,-14],[-14,-16],[-13,-11],[-7,-15],[-3,-13],[-1,-22],[-2,-10]],[[289359,563496],[4,22],[6,62]],[[289340,563850],[-1,8],[8,7],[3,-4]],[[289356,563808],[-10,-2],[1,-14],[9,8]],[[288649,548253],[3,-25],[4,-54],[-2,0],[7,-75],[-8,-4],[-16,-3],[-1,46],[8,1],[0,36],[-12,7],[-12,-2],[-13,-1],[0,-49],[0,-23],[0,-64],[4,0],[26,-1],[0,-67],[6,69],[12,0],[0,12],[10,0],[-2,37],[5,-65],[7,-77],[12,-1],[2,13],[20,-11],[1,-48],[15,-1],[1,30],[4,18],[11,2],[2,-4],[6,-6],[0,-17],[6,8],[0,30],[-1,-116],[-4,6],[-10,-4],[-53,2],[-1,-53],[-6,-47],[4,-19],[14,-12],[7,14],[6,-20],[7,27],[8,-3],[10,34],[6,-17],[8,-1],[3,-14],[9,12],[11,2],[7,17]],[[289314,564797],[6,-40],[11,9],[3,-26],[0,-90],[-2,-25],[-8,-46],[3,-30],[6,-19],[1,-24],[-5,-21],[10,-21],[-7,-25],[3,-14],[4,2],[6,-12],[-1,-29],[4,-19],[-4,-15],[6,-57],[0,-14],[-10,-42],[0,-33],[-2,-11],[1,-19],[0,-19],[-4,-58],[-12,-14],[-8,-11],[-14,-9],[-7,-6],[-5,-8],[-26,-38],[-9,-2],[-7,7]],[[289899,563765],[10,10],[7,-3],[5,7],[6,-12],[4,6],[17,-34],[8,10],[15,7],[6,-1]],[[287900,546148],[14,0],[-1,-191],[0,-251],[-9,-11],[-5,-15],[-12,-9],[-18,13],[-2,-13],[-4,0],[0,-20],[-5,-42],[-3,-52],[-7,-14],[-1,-26],[19,30],[22,46],[11,17],[14,9],[-1,-137],[-60,2],[-1,-85],[1,-64],[0,-138],[30,-1],[0,-2]],[[287882,545194],[-1,-118]],[[286415,546285],[1,-21],[2,-169],[-20,-66],[-11,-43],[-6,-40],[-10,-20],[-18,-66],[-5,-11],[-26,-40],[-11,-28],[-10,7],[-7,-4],[-5,6],[-7,20]],[[287927,570251],[-1,0],[-2,-11],[-12,11],[-7,-5],[-12,-28],[0,-64],[-14,-32],[1,-29],[-1,-19],[-2,-5],[2,-10],[-5,-21],[1,-53],[7,0],[5,23],[5,-7],[1,18],[3,-17],[-2,-6],[6,-55],[8,-23],[-9,-24],[2,-20],[-8,-3],[6,-152],[-2,-2],[8,-27],[-7,-40],[-6,-1],[0,-41]],[[287647,566954],[2,-1],[-1,10],[-2,25],[-6,13],[-8,5],[-6,-3],[-7,27],[9,5],[7,-9],[6,14],[0,10],[6,9],[15,9],[4,44],[16,4],[1,7],[6,-10],[10,24],[9,-21],[11,18],[1,14],[-2,23],[11,7],[5,-6],[-2,25],[1,2],[3,6],[-3,15],[-11,45],[5,-8],[1,6],[-5,14],[-9,6],[-10,-17],[-5,1],[-7,12],[-4,-7],[-7,-23],[-6,-1],[-6,-13],[-11,12],[-27,61],[9,24],[12,42],[35,93],[13,-13],[9,5],[8,18],[6,-5],[17,-55],[6,19],[2,16],[1,-12],[8,3],[-2,18],[8,4],[2,-4],[-2,-13],[0,-2],[1,-6],[-4,-14],[6,-43],[2,-43],[-2,2],[-4,-8],[-5,12],[1,-24],[4,2],[10,13],[9,-51],[-6,-18],[-2,-14],[-5,-25],[-2,-6],[1,-1],[7,1],[4,14],[2,-15],[13,6],[6,-3],[4,-6],[12,-39],[0,2],[0,1],[-11,41],[2,14],[2,-12],[3,31],[6,5],[9,-48],[-2,-4],[1,-2],[1,1],[3,-9],[-11,-31],[1,-1],[6,1],[4,-5],[3,0],[1,2],[8,20],[2,3],[0,-5],[3,-15],[-12,-25],[4,-24],[7,-6],[7,-14],[-3,-17],[-3,5],[-3,-7],[-16,-16],[0,-15],[-10,-13],[-1,7],[-3,-4],[11,-54]],[[288430,545720],[-10,-12],[-4,6],[-7,0],[-7,10],[-6,2],[-10,19],[-5,3],[-10,-20],[-6,-1],[-7,20],[-4,3],[-6,22],[-5,10],[-13,-32],[-5,-5],[-4,-16],[-6,2],[-3,18],[1,23],[-5,2],[-17,-11],[-10,16],[-11,25],[-17,17],[-4,0],[1,21],[0,13],[-1,16],[-8,61],[-56,-193],[-54,-125],[-5,-100],[-3,-463],[1,-35],[3,-64],[-7,7],[0,27],[-6,11],[-28,11],[-15,1],[-5,0],[-19,-9],[-16,11],[-8,0],[-14,9],[-14,20],[-12,13],[-16,24],[-8,8],[-27,12],[-25,1],[4,48],[2,16],[10,34],[-26,0],[-15,-2]],[[286053,579796],[-53,-54],[-3,-4]],[[287414,549478],[10,5],[5,18],[13,46],[13,43],[46,148],[-3,33],[3,36],[14,-27],[18,49],[20,59],[8,26],[-3,8],[2,8],[-14,31],[-8,2],[-1,113],[16,1],[0,175],[15,0]],[[287568,550252],[-1,-81],[35,1],[9,-12],[3,-96],[3,0],[2,10],[8,-20],[3,-18],[7,-20],[-7,-10],[0,-29],[7,0],[-2,-77],[0,-28],[20,1],[3,-6],[0,-82],[-1,-70],[0,-80],[0,-57],[2,-64],[-1,-15],[-1,-12],[125,-258]],[[287587,548984],[-6,35],[-15,0],[1,68],[-7,21],[-9,58],[-2,51],[-16,92],[-18,2],[-16,41],[-5,10],[-6,38],[-8,14],[-11,24],[-14,25],[-13,6],[-8,-7],[0,-9],[-14,-57],[-3,-20],[-4,29],[1,65],[-5,0],[-2,12],[7,-4]],[[287568,550252],[1,107],[30,-2],[0,128],[4,3],[10,-14],[9,-24],[6,-10],[1,-20],[6,3],[6,14],[4,-4],[3,32],[6,3],[9,16],[6,-1],[10,18],[8,-2],[11,27],[5,28],[9,28],[4,-9],[3,21],[11,4],[2,-10],[10,-4],[0,152],[9,-15],[0,50],[20,-11]],[[287771,550760],[24,-17],[19,-12],[1,70],[11,0],[0,-21],[8,-1],[7,12],[-1,31],[-5,69],[10,-8],[8,-26],[15,-9],[0,19],[6,9],[20,1],[0,-14],[4,0],[0,-45],[15,0],[-3,-32],[8,0],[0,-39],[10,1],[0,-24],[-12,-63],[42,-33],[0,9],[-1,43],[5,8],[8,-6],[0,12],[4,12],[-1,-11],[2,-16],[8,-20],[6,5],[1,-17],[-7,-19],[8,8],[-4,-21],[5,6],[3,18],[5,2],[4,-9],[-1,-16],[5,7],[6,-10],[11,5],[4,-13],[-2,-19],[-6,-13],[5,-1],[3,10],[8,34],[8,-9],[-2,-29],[6,14],[10,-11],[1,-16],[11,33],[6,10],[7,-14],[-7,27],[2,17],[3,-1],[9,0],[1,-14],[17,-1],[1,-26],[8,-7]],[[288156,550464],[7,-57],[5,-8],[8,10],[4,-17],[-2,-11],[-14,-16],[-5,11],[3,-34],[3,-17],[1,-5]],[[282122,572860],[31,157],[3,-3],[-8,-32],[-3,-69],[22,-1],[4,26],[9,-103],[4,21],[1,88],[23,5],[5,-24],[0,-14],[5,-21],[10,-20],[8,28],[5,15],[0,87],[-6,52],[5,13],[3,32],[11,26],[7,-14],[5,-2],[0,14],[3,25],[1,26],[6,13],[-3,26],[4,31],[12,11],[4,30],[5,15],[15,-24],[9,-48],[2,-5],[0,37],[2,33],[3,19],[25,-32],[23,-8],[15,-18],[3,-21],[7,-15],[-9,-4],[-12,-30],[-16,-37],[-13,-35],[7,-3],[5,-23],[9,17],[9,6],[9,-10],[8,5],[4,18],[10,-2],[7,-15],[0,-15],[7,-24],[5,101],[8,-13],[8,-30],[25,0],[0,-291],[88,4]],[[282561,572835],[-6,-40],[-5,-18],[-6,-7],[-6,23],[0,16],[-11,12],[-10,5],[-4,-15],[1,-14],[-10,-70],[-2,-36],[-11,-67],[1,-40],[-8,-51],[-11,-38],[-4,-9]],[[288234,550743],[-4,4],[-9,4],[1,-16],[10,-27],[2,-11],[-1,-66],[-6,-23],[-1,-47],[8,-29],[-3,-12],[-13,-24],[-14,-24],[-8,-2],[1,166],[0,122],[-3,8],[-2,6],[-13,-29],[-11,-19],[-10,-47],[-9,-23]],[[287771,550760],[2,59],[0,34],[1,19],[-2,46],[1,16],[6,12],[6,24],[0,42],[17,38],[-2,7],[-28,-65],[-20,0],[1,15],[-3,13],[4,11],[-3,20],[-2,49],[2,14],[-8,-4]],[[283456,549815],[74,301],[65,276],[51,218],[7,31],[23,101],[10,31],[14,40],[10,28],[6,22],[16,51],[12,43],[10,37]],[[283949,549041],[-23,-6],[-10,11],[-14,72],[-2,4],[-11,-5],[-6,-24],[-10,-19],[-8,-1],[-4,11],[-13,-9],[9,-74],[1,-15],[-5,-126],[0,-30],[-6,-59],[-16,-1],[-10,9],[-14,-7],[-18,5],[-14,-2],[-1,20],[-5,-4],[-11,35],[-4,5],[-10,-3],[-2,-3],[-4,-30],[-5,2],[-9,-4],[-50,104]],[[283647,549304],[3,-47],[1,-5],[19,-37],[10,-1],[11,85],[15,2],[10,20],[0,11],[-3,4],[-24,39],[-5,92],[-9,30],[-3,16],[1,90],[2,32],[-4,2],[0,23],[-23,3],[-2,-6],[-12,-16],[-5,-10],[-5,4],[-4,-13],[-7,-10],[-2,-13],[-11,7],[-10,-4],[-4,-14],[3,46],[-14,2],[-44,-4],[-15,-13],[-7,-15],[-10,-10],[-10,11],[-7,-2],[-5,-15],[-1,6],[1,124],[0,12],[-8,-8],[-25,-3],[-8,9],[20,87]],[[288671,562972],[-7,0],[-5,17],[-13,-16],[-5,6],[-3,18],[-5,-22],[-13,-5],[-12,8],[-2,6],[-4,4],[-3,6]],[[281039,569900],[15,10],[5,7],[12,-10],[6,1],[7,12],[3,-5],[4,-27],[7,-9],[14,17],[8,-1],[5,8],[9,39],[0,12],[5,21],[19,0],[12,-13],[13,9],[11,-15],[12,25],[15,25],[7,-5],[5,9],[2,19],[4,7],[9,-8],[7,4],[1,6],[-3,36],[4,13],[13,-2],[12,10],[15,57],[14,21],[12,13],[7,29],[11,-3],[9,-31],[19,5],[6,32],[5,9],[-3,24],[1,14],[-9,40],[21,-1],[12,-29],[1,-25],[11,41],[8,9],[3,24],[10,23],[6,0],[5,12],[0,20],[8,21],[2,13],[7,13],[-3,45],[0,48],[-26,0],[3,43],[-4,0],[0,9],[11,28],[4,-25],[1,5],[0,7],[3,16],[2,19],[27,75],[-10,13],[2,21],[3,3],[11,1],[1,45],[28,0],[0,8]],[[281575,570916],[9,-21],[10,-44],[-3,-34],[1,-45],[4,0],[1,-59],[-5,10],[-3,-11],[7,-28],[-12,-78],[-15,0],[-9,1],[-18,-55],[-1,-24],[-10,-9],[8,-42],[4,-14],[0,-44],[-5,-8],[-9,-47],[0,-16],[0,-25],[-9,5],[-5,-24],[-10,-7],[-3,-7],[-6,-48],[-7,-23],[0,-22],[4,0],[4,-17],[-3,-3],[0,-31],[-4,-17],[0,-37],[14,0],[0,-36],[11,-12],[3,10],[14,-75],[5,-14],[-6,0],[0,-49],[0,-37],[13,0],[1,-42],[14,0],[0,-43],[13,1],[0,-43],[6,4],[-33,-85],[1,-9],[1,-77],[1,-5],[2,-10],[2,-3],[4,-2],[2,-3],[2,-4],[14,-36],[1,21],[-2,0],[0,84],[19,-48],[9,-2],[2,-24],[-2,-10],[0,-7]],[[281251,568753],[-4,3],[-9,7],[-2,5],[-3,24],[0,17],[2,25],[0,20],[-4,11],[-21,21],[-11,-5],[-6,-10],[-6,4],[-12,35],[-14,25],[-4,2],[-8,-21]],[[281149,568916],[-10,36],[16,43],[4,34],[-9,83],[-6,32],[22,3],[4,43],[18,1],[14,21],[3,18],[1,51],[12,31],[1,16],[0,257],[1,22],[-6,25],[-4,26],[-5,3],[0,61],[-2,1],[-12,19],[0,12],[-3,9],[-3,7],[-12,-13],[-4,-11],[-3,-14],[-3,-17],[-3,-7],[-19,-5],[-4,-4],[0,54],[-6,-9],[-72,-1],[4,16],[11,24],[11,46],[2,16],[-11,-1],[-13,24],[-6,5],[-5,15],[-13,12]],[[282361,568975],[7,2],[4,-4],[24,-61],[7,-24],[9,-31],[2,-14],[-1,-24],[-5,-26],[-2,-30],[1,-30],[-1,-25],[-5,-53],[1,-20],[8,-30],[7,-7],[6,39],[-1,12],[4,32],[25,141],[5,5],[5,29],[8,14],[8,33],[4,20],[-1,11],[7,29],[6,5],[17,191],[2,21],[4,9],[12,47],[7,35],[14,33],[4,17],[1,22],[5,12],[15,55],[7,35],[9,26],[3,21],[5,11],[4,15],[3,30],[38,5],[0,73],[21,2],[-2,169],[54,-3],[1,221],[5,9],[10,-8],[9,7]],[[282741,570023],[8,-131],[0,-7],[23,-391]],[[282791,569164],[13,-224],[0,-2],[9,-143],[24,-419],[11,-191],[9,-162],[14,-265]],[[288560,550891],[-15,55],[-5,36]],[[288540,550982],[0,10],[-6,44],[-4,15],[-8,13],[-8,3],[-13,24],[-13,21],[-8,28],[0,21],[3,25],[6,20],[5,10],[13,11],[2,15],[-2,16],[-4,15],[-8,9],[-9,-6],[-12,-16],[-4,37],[-4,84],[-6,43],[-1,53],[-8,31],[-10,19],[-25,30]],[[288297,550656],[2,-1],[3,1],[5,-2],[0,-78],[4,-27],[-9,-1],[-6,-4],[-7,-10],[-15,-29],[11,19],[0,-33],[4,0],[0,-32],[19,34],[0,-42],[7,-14],[0,19],[4,7],[0,15],[6,19],[6,-1],[1,18],[-2,10],[-13,1],[-6,22],[31,-6],[3,27],[6,33],[3,-4],[6,-2],[6,0],[5,3],[4,4],[0,-53],[2,-10],[6,15],[0,-19],[31,-7],[0,18],[11,-1],[0,11],[10,2],[0,34],[2,0],[16,0],[21,-2],[3,-1],[5,-28],[7,2],[0,18],[5,0]],[[288494,550581],[2,4],[1,-33],[7,16],[5,10],[4,-8],[4,-7],[5,13],[7,-16],[9,42],[3,-7],[3,24],[4,20],[-1,4],[3,13],[1,-2],[12,34],[6,18],[2,-90],[0,-20],[-2,-80],[-3,-74],[0,-96],[-3,-57],[35,-171]],[[282430,575844],[18,-384],[1,-19],[1,-61],[6,-129],[1,-22],[4,-89],[19,-379],[14,-270],[5,-98]],[[282499,574393],[-16,-11],[-1,-14],[-15,-45],[-12,-9],[-3,-11],[-14,-20],[-5,92],[1,49],[-7,-4],[-17,-40],[-5,-6],[-1,-15],[-2,-16],[-16,-69],[-12,-28],[-4,-9],[-22,16],[-13,16],[-15,-29],[-1,-10],[-11,-26]],[[282308,574204],[-8,-5],[-8,-18],[-13,-5],[-17,29],[-13,39],[-7,7],[-5,15],[-6,29],[-1,20],[3,27],[-3,20],[3,31],[7,21],[-2,31],[-6,15],[-2,32],[1,17],[-6,23],[-11,-4],[-14,17],[-5,24],[-10,9],[-2,-4],[-9,-64],[-7,-8],[1,50],[-14,47],[-22,95],[-15,26],[-19,16],[-5,-6],[-7,-30]],[[290070,550604],[44,143],[-16,49],[5,17],[-17,27],[-6,15],[-12,17],[-26,25],[-29,24],[2,8],[10,25],[6,17],[1,11],[10,19],[2,-1],[7,-19],[10,-1],[11,12],[-2,14],[1,17],[-1,51],[-5,29],[-8,58],[-3,37],[-4,14],[-4,29],[-3,-23],[-15,-65],[2,-60],[0,-36],[-4,-25],[-3,16],[-16,46],[-4,-1],[-9,38],[-10,35],[-8,-23],[-4,13],[-1,12],[3,32],[-1,35],[-7,27],[0,20],[13,24],[-8,20],[2,9],[-6,46],[1,12],[7,21],[-9,29],[-4,9],[12,33],[8,40],[8,28],[7,18],[5,5],[10,-8]],[[281245,562947],[-23,4],[-1,-80],[0,-91],[-17,1],[-64,13],[0,-171],[-50,9],[-9,2],[-7,0],[-12,2],[-7,1],[0,-47],[-6,-21],[-9,-23],[-17,-12],[-9,-20],[-6,0],[-4,1]],[[288792,562474],[8,-28],[4,-5],[7,-26],[6,-2],[7,-11],[1,-14],[3,-5],[14,-34],[14,-28],[4,-15],[1,-12],[-5,-6],[-4,-14],[3,-7],[12,3],[17,-20],[5,-15],[6,17],[8,-36],[6,13],[17,-26],[2,25],[11,2],[-17,-78],[-3,-24],[0,-35],[2,-27],[3,-24],[6,-71],[7,-28],[8,-21],[3,-22],[1,-123],[-6,-12],[-14,0],[-2,-8],[-7,8],[-9,-10],[3,-19],[-3,-11],[2,-16],[0,-29],[-4,-7],[-6,5],[-5,12],[-6,1],[-4,-16],[-2,-31],[-9,-36],[-7,-41],[0,-26],[-3,-41],[0,-21],[-7,-30],[12,-35],[-27,-84]],[[288494,550581],[0,7],[-6,11],[0,23],[-7,1],[0,33]],[[288483,550710],[-6,-11],[8,39],[-6,0],[5,33],[-5,23],[8,27],[5,25],[5,10],[-3,22],[3,24],[-3,7],[4,37],[3,9],[8,46],[8,-34],[1,-5],[0,-3],[2,15],[6,14],[7,3],[7,-9]],[[284202,547430],[0,-19],[0,-22],[3,-9],[4,-22],[4,22]],[[284226,547368],[4,-10],[-1,-7],[1,-5],[3,5],[2,2],[2,-1]],[[284254,547228],[-30,-6],[0,-18],[-6,24],[-4,-29],[-10,-12],[-1,15],[-12,-1],[-4,13],[-1,5],[-2,0],[-13,0],[0,-38],[4,1],[6,19],[0,17],[7,-7],[-5,-28],[-1,-17],[-11,-1],[0,-31],[-8,0],[-1,25],[-2,45],[0,15],[-23,-2],[0,-83],[-5,0],[0,41],[-9,0],[0,-41],[-8,0],[0,-19],[-4,-21],[-11,-3],[-1,-4],[32,-123],[6,-24]],[[283826,547103],[7,-2],[5,21],[4,22],[-1,44],[-3,27],[0,10],[-4,30],[-5,17],[0,16],[-6,36],[-5,5],[-1,37],[0,18],[1,16],[-2,64],[7,31],[-2,43],[44,4],[5,34],[-1,26],[3,30],[-3,5],[7,34],[-18,43],[3,10],[3,-5],[5,67],[2,3],[34,26],[-1,32],[6,54],[28,54],[-4,30],[7,8],[-3,56],[-7,42],[-12,100],[-5,28],[11,1],[2,-5],[0,-27],[27,2],[-1,143],[27,-46],[0,22],[-7,49],[5,11],[-1,21],[6,6],[0,-21],[7,-20],[6,21],[12,8],[8,39]],[[282961,549543],[-57,0],[-12,0],[-16,1],[-3,-34],[-6,-18],[-14,-15],[-12,-17],[-5,-20],[-19,0],[-8,-6],[-7,0],[-3,-3],[-4,-13],[-5,-10],[8,-32],[-6,0]],[[282625,572084],[13,75],[14,94],[7,29],[-2,7],[4,22],[9,23],[7,41],[8,42],[7,19],[3,29],[8,34],[16,40],[6,38],[7,16],[9,2],[4,17],[-6,16],[4,44],[5,16],[0,18],[8,53],[10,28],[9,17],[8,-4],[4,17],[-9,44],[18,113],[12,34],[8,50],[3,13],[10,8],[2,-45],[-1,-26],[24,-81],[2,-27],[6,-23],[12,135],[8,26],[0,-28],[-8,-117],[-19,-96],[-8,-86],[-1,-29],[-4,-312],[12,-15],[8,44],[6,2]],[[282741,570023],[-5,90],[-6,90],[-11,199],[-5,69],[-1,12],[-2,50],[-8,153],[-31,538],[-21,410],[-1,14],[-22,369],[-3,67]],[[286467,562265],[-7,27],[-2,20],[-3,-2],[-2,20],[-3,57],[0,26],[11,5],[0,-4],[2,0],[0,41],[-2,0],[-1,18],[-3,-2],[-2,43],[4,25],[-1,2],[-1,1],[9,54],[1,6],[-1,1],[-9,-58],[-17,18],[-10,-8],[-1,30],[8,25],[-5,0],[-3,2],[1,10],[9,-5],[-4,40],[2,5],[2,14],[1,9],[18,0],[1,11],[0,5],[-9,0],[-1,-4],[-7,0],[-2,-5],[0,8]],[[284321,546309],[-4,-1],[-18,0],[-10,7],[-5,6],[-9,19],[-6,13],[-9,19],[-20,46],[-11,26],[-6,20],[-5,29],[-3,33],[-1,40]],[[286576,564030],[-4,-18],[11,-27],[3,-36]],[[286586,563949],[-9,-16],[-3,-25],[-8,-21],[-4,-11],[-1,6],[-3,-7],[-1,-6],[-3,-3],[-6,-5],[-6,-7],[-5,-11],[-11,4]],[[286329,563893],[-3,2],[-10,-27],[-14,-16],[-1,-2],[0,9],[6,30],[-6,6],[-2,30],[-12,-9],[1,-26],[-14,-1],[2,-28],[-9,10],[-1,15],[-3,5],[-35,-1],[-5,23],[-2,15],[-3,-1]],[[286586,563949],[1,-4],[7,-32],[-3,-10],[-1,-40],[8,-2],[3,-17],[-1,-24],[4,-9],[0,-16],[-14,-30],[-7,-4],[-2,13],[-2,-4],[3,-25],[-4,-6],[11,-1],[7,-11],[-1,-9],[2,-20],[-4,-4],[14,-75],[-12,-28],[-3,5],[-1,-23],[-6,-7],[1,-13],[0,-2]],[[286668,563523],[-22,-20],[-5,-9],[-1,2],[-5,-10],[-23,-60],[-3,-8],[-4,-8],[-1,-1],[1,-3],[-59,-157],[-2,-4],[-31,-83],[-2,-4]],[[282614,572262],[11,-178]],[[282323,570449],[0,123],[14,2],[-1,84],[11,1],[8,18],[8,7],[3,0],[7,10],[2,4],[2,-2],[0,48],[27,3],[0,41],[26,82],[0,18],[1,15],[0,7],[0,2],[1,18],[4,35],[3,19],[5,16],[13,40],[1,8],[0,84],[13,1],[0,42],[-1,214],[-15,0],[9,70],[58,330],[6,33],[37,160],[32,156],[13,81],[4,43]],[[283638,546289],[-6,-5],[-10,-2]],[[286063,560350],[6,12],[6,-2],[1,17],[3,0],[4,0],[13,-1],[0,24],[1,30],[-18,-30],[0,2],[0,21],[15,8],[0,21],[1,1],[12,1],[2,3],[-1,85],[2,0]],[[286110,560542],[31,-1],[4,0],[5,0],[15,3],[4,2],[0,-6],[6,0],[0,31],[-3,65],[0,0],[30,-1],[14,0],[0,11],[6,17],[0,7],[8,24],[3,2],[3,17],[2,6],[12,-35],[6,-10],[1,-3],[17,-20],[9,-17],[11,-21],[8,-1],[12,16],[8,-2],[2,1]],[[285367,574741],[-3,32],[-8,13],[-5,31],[-1,60],[3,13],[6,8],[12,-10],[6,7],[4,12],[4,28],[-4,32],[-17,14],[-1,8],[-14,1],[-6,-5],[-4,18],[-4,-2],[-7,12],[-7,26],[2,21],[6,10],[-9,41],[-4,-24],[-8,3],[-1,-22],[-4,5],[-5,-6],[-6,18],[2,23],[-6,6],[-6,-10],[-6,8],[-10,-4],[-3,-7],[0,9],[-21,0],[-62,-43],[-16,17],[-11,25],[-1,146],[-44,0],[0,16],[-5,-10],[5,53],[-5,5],[8,52],[-3,3],[4,39],[-5,0],[1,19],[5,19],[-16,36],[-12,13],[5,30],[7,5],[18,-2],[0,15],[4,1],[3,-21],[-1,-38],[-3,-37],[4,0],[2,25],[13,-1],[6,26],[-12,0],[2,33],[10,-7],[9,57],[-6,14],[35,8],[0,108],[1,66],[59,-2],[21,17],[0,85]],[[283456,549815],[76,310],[62,268],[-27,-110],[-14,-43],[-11,-5],[-5,-34],[-11,-38],[-9,-10],[-4,41],[-14,22],[-8,32],[-15,32],[-2,18],[19,30],[6,14],[-3,10],[3,8],[-2,19],[-1,20],[-4,1],[-6,19],[-10,-1],[-7,11],[-4,-14],[-2,-46],[-13,-8],[-3,-9],[-9,28],[-10,-5],[-1,14],[-9,-8],[-2,-14],[-3,14],[-4,-13],[-6,16],[0,10],[-10,-3],[-7,6],[-8,24],[-8,-7],[-2,8],[-6,-6],[-3,6],[-2,-15],[-4,-1],[-4,36],[-10,-12],[-4,-25]],[[283335,550405],[-7,15],[13,74],[-7,17],[-8,-4],[-12,20],[-8,35]],[[284894,575878],[-1,-11],[-6,-4],[-2,-41],[-1,-34],[-4,-46],[4,-48],[-4,-27],[-4,-14],[-3,-33],[-11,-4],[-4,-21],[4,-28],[-2,-12],[1,-17],[-10,-19],[-6,-23]],[[284386,574837],[1,29],[7,0],[0,9],[-6,0],[1,35],[-4,1],[-1,-45],[-3,1],[-2,-18],[0,-15]],[[284379,574834],[5,-38],[-1,-26],[-12,11],[-1,35],[-27,-1]],[[284343,574815],[0,32],[-14,45],[-7,1],[7,137],[-34,0],[0,22],[6,35],[-2,7],[3,56],[-2,16],[-7,13],[3,6]],[[286119,560823],[0,-27],[-1,-2],[-4,0],[0,-3],[2,-11],[-1,0],[0,-15],[0,-34],[0,-33],[0,-26],[-1,-33],[6,-1],[-1,-45],[-9,-7],[0,-44]],[[284149,572664],[9,-41],[8,-63],[11,-14],[8,-2],[8,-18],[24,-98],[7,-40],[11,-37],[7,3],[-2,10],[6,42],[-1,44],[-1,34],[-3,85],[1,32],[2,22],[4,72],[-1,74],[-3,57],[-1,39],[2,31],[3,23],[1,22],[4,22],[2,8],[0,4],[1,7],[0,3],[2,2],[0,4],[0,2],[-1,2],[0,7],[-2,-3],[-2,71],[-1,0],[0,18],[-4,49],[-1,53],[0,50],[5,35],[2,7],[5,15],[2,28],[1,9],[-1,83],[-1,21],[-2,30],[0,7],[0,17],[0,6],[-2,39],[4,49],[-3,25],[2,25],[3,41],[7,30],[2,-3],[7,-18],[3,-18],[3,-7],[2,7],[1,4],[1,2],[2,-2],[3,-1],[-22,50]],[[284271,573721],[1,2],[0,3],[2,16],[1,109],[5,35],[2,35],[-1,26],[2,33],[-4,34],[0,87],[-1,27],[0,60],[-1,42],[6,65],[7,43],[1,6],[0,15],[7,1],[12,3],[7,0],[4,78],[0,47],[12,19],[1,17],[4,11],[8,11],[-1,12],[-5,21],[-8,0],[-5,20],[2,0],[0,21],[3,1],[1,30],[3,42],[8,1],[-1,121]],[[284379,574834],[7,3]],[[281457,562773],[1,-13],[8,-6],[-1,-65],[-4,-7],[5,-38],[13,8],[13,30],[7,0],[1,-9],[10,-60],[-2,-27],[-4,-1],[-6,-32],[-9,-4],[-4,-44],[-15,-16],[1,-25],[-13,-53],[-8,-48],[0,-37],[-13,3],[0,66],[-27,0],[0,-17],[-6,0],[3,-10],[-8,-31],[-10,-63],[-4,-7],[-3,-24],[27,1],[0,-29],[1,-126],[-7,-12],[5,-46],[-3,-12],[2,-8],[11,-20],[9,2],[9,-3],[13,35],[3,-24],[14,-13]],[[281325,561484],[-11,-2],[-42,3],[-37,1],[0,40],[-3,0],[-4,3],[-35,1],[-1,-21],[-12,0],[-1,-106],[-13,-1],[1,-90],[-1,-41],[-6,-1],[0,-30],[-7,-28],[0,-43],[0,-327],[-1,-26],[1,-89],[12,-3],[-1,-8]],[[280755,560612],[4,47],[0,75],[-5,90],[-1,57],[1,25],[7,56],[7,32],[12,41],[5,7],[9,-8],[10,-36],[3,-5],[15,-11],[9,5],[5,25],[1,28],[1,53],[2,19],[5,22],[12,38],[15,40],[20,50],[7,19],[14,18],[18,19],[10,12],[12,27],[13,58],[4,25],[17,60],[25,55],[8,14],[5,7],[15,10],[19,-7],[10,13],[1,6],[-1,63],[-2,34],[-7,38],[-7,56],[-11,48]],[[282928,574869],[93,326],[20,49],[12,29],[11,50],[6,39],[3,22],[13,63],[20,84],[21,75],[12,48],[4,10],[2,18],[4,12],[5,37],[13,43],[7,54]],[[283174,575828],[2,0]],[[283176,575828],[2,0],[57,4],[0,0]],[[283235,575832],[4,1],[6,0]],[[283106,574899],[-8,16],[-3,-14],[-3,2],[-2,20],[-6,-10],[0,-44],[-14,-2],[0,-27],[-19,14],[-3,-8],[0,-20],[-11,-33],[-1,-23],[-5,-11],[2,33],[-2,22],[3,18],[-11,13],[-4,17],[-6,6],[4,20],[-11,-16],[-12,-9],[-13,19],[-2,15],[0,52],[-6,6],[-1,22],[-5,13],[-14,-50],[-4,-19],[-2,-38],[-10,2],[-9,-16]],[[281753,560817],[36,56],[0,-101],[-18,30],[-6,-37],[0,-23],[19,-48],[7,-4],[1,-55],[12,-52],[5,-36],[3,-37],[2,-57],[-2,-45],[-2,-35],[63,-1],[5,-1]],[[281878,560371],[44,0],[6,-15],[6,-23],[12,29],[3,7],[4,0],[38,1],[11,0],[0,162],[1,6],[52,-4],[0,34],[2,52],[-1,42],[2,252],[0,466],[0,16],[0,20]],[[282327,561104],[0,-841]],[[284271,573721],[-13,32],[-4,17],[-2,26],[-1,40],[0,86],[-18,5],[-19,-21],[-13,26],[-3,41],[-9,2],[-9,18],[-8,32],[-2,15],[0,2],[0,2],[0,6],[-2,0],[2,-38],[-1,-32],[-4,0],[-2,32],[-6,21],[-12,-43],[9,-80],[-7,-44],[0,-21],[-5,-10],[1,-75],[-2,-15],[-4,0],[-11,-25],[3,-32],[-14,0],[0,-35],[0,-24],[-9,-1],[0,-57],[-19,0],[-7,59],[-3,4],[0,6],[-10,-2],[-17,4],[-15,1],[-11,7]],[[287365,563451],[-2,-8],[-4,-12],[0,-1],[5,-6],[19,4],[-1,-16],[7,-6],[-8,-68],[-1,-10],[18,-11],[2,-3],[-4,-47],[-2,3],[-9,-104]],[[283539,566041],[-1,-80],[0,-131],[-4,-1],[1,-37],[2,-8],[0,-55],[4,-25],[-4,-30],[0,-20],[-14,1],[1,39],[-28,7],[0,-44],[-27,2],[1,-102],[-6,-24],[-4,-1],[-5,-25],[0,-15],[-7,-2],[-5,0],[-9,-29],[-4,-60],[-6,-15],[10,-8],[16,17],[12,-3],[8,7],[8,-22],[4,13],[6,-1],[3,-13],[0,-24],[3,-4],[2,33],[-2,22],[7,54],[7,27],[-1,-151]],[[288365,573681],[12,-17],[6,2],[1,-14],[-7,-48],[1,-33],[7,6],[-8,-26],[-7,-16],[-5,2],[0,-47],[-1,-30],[-7,-49],[-2,-32],[-9,-37],[-10,-45],[-10,-12],[-6,9],[-10,-8],[-5,0],[-4,-13],[-2,-32],[2,-17],[6,-28],[-3,-20],[-1,-32],[2,-38],[-7,-19],[-7,5],[-7,-7],[-6,-18],[0,-33],[2,-11],[-2,-46],[-12,-51],[-4,-6],[-6,7],[3,-23],[-5,0],[-3,-16],[5,-15],[-1,-19],[-5,-7],[4,-12],[-4,-6],[3,-11],[-7,-7],[15,-11],[12,-1],[8,-36],[8,-6],[1,0],[5,-23],[6,21],[14,-12],[-1,-213],[-6,-16],[-3,-1],[-3,-7],[-4,-18],[3,-4],[0,-6],[0,-21],[-4,-28],[7,-25],[1,-31],[0,-2],[0,-5],[-4,-43],[-6,-67],[-1,-60],[-20,24],[-17,-21],[-14,8],[-3,16],[-13,-30],[-7,22],[-6,-20],[-16,16],[-3,18],[-6,16],[-7,-5],[-8,-30],[-3,-32],[-9,-19],[-5,-21],[-3,-48],[-2,9],[-28,-1],[-5,67],[-3,21],[-8,17],[-3,-16]],[[285614,562592],[-16,-18],[-6,0],[-32,1],[-2,-1],[-8,-11],[-18,-38],[-4,-5],[-4,0],[-7,11],[-1,-9],[-2,-27],[14,-1],[-2,-4],[-1,-79],[-15,-1],[-2,-18],[6,-12],[24,-52],[-12,-18],[11,8],[11,-2],[1,-72],[2,0],[2,-42]],[[285553,562202],[-11,4],[-13,17],[3,22],[-3,0],[-4,-18],[-2,1],[-2,0],[-2,-1],[-3,-1],[-3,0],[0,12],[0,2],[-5,2],[-1,0],[-1,-2],[-3,-3],[-1,-1],[-1,-7],[-1,-4],[-8,-9],[-14,-11],[-20,-19],[-1,3],[-1,4],[-1,1],[-12,-4],[1,-10],[-5,0],[0,-7],[-4,-6],[-1,-45],[-3,-42],[2,0],[-1,-8],[-1,-2],[0,-3],[-4,-15],[-8,-35],[-4,-21],[-1,-6]],[[285414,561990],[-15,22],[-8,26],[-7,45],[0,0],[-2,0],[-7,1],[0,6],[-4,-4],[-11,0],[-22,0],[-1,0],[-11,1],[-2,8],[-14,-4],[0,15],[-7,1],[1,10]],[[286372,562064],[0,1],[-1,1],[-3,13],[-5,7]],[[283701,565460],[0,5],[0,4],[0,1]],[[283708,565964],[3,41],[27,0],[0,55],[10,1],[0,31],[2,48],[6,0],[0,41],[10,-1],[0,48],[19,-7],[1,17],[0,26],[-11,0],[0,18],[2,-11],[9,-1],[0,82],[-6,-3],[-5,36],[-6,19],[0,30],[8,-1],[-1,44],[17,26],[-4,21],[2,31],[-24,21],[1,6],[9,-9],[12,5],[4,-4],[1,2],[-1,109],[18,0]],[[283176,575828],[-3,1],[2,13],[0,8],[1,9],[2,7],[2,-2],[2,2],[2,4],[1,51],[9,57],[2,8],[7,46],[10,23],[6,2],[9,40],[3,27],[3,11],[5,31],[2,4],[3,-28],[1,-20],[1,-21],[-2,-7],[1,-6],[-1,-64],[-2,-31],[0,-21],[0,-11],[0,-10],[0,-11],[-1,-10],[0,-9],[-1,-6],[-2,4],[-1,5],[-4,-4],[-3,-7],[0,-8],[-1,-5],[-1,-5],[-3,-18],[3,-6],[3,0],[2,-1],[2,0],[-1,-15],[1,-23]],[[281995,554115],[-6,-4],[-16,18],[-8,18],[-2,-8],[-2,-4],[-19,-27],[-1,-5],[-7,6],[-18,24],[-5,-1],[-6,-13],[-1,-17],[-6,-8],[-3,-11],[-8,-10],[-7,10],[-7,-18],[-17,-23],[-3,-22],[-8,-18],[-5,-2],[-4,-16],[-13,-26],[-6,-25],[4,-27],[6,-75],[8,-30],[11,-24],[9,-44],[19,-68],[-8,-14],[-9,-6],[-7,-9],[-5,-11],[-2,-5]],[[290396,565510],[9,41],[4,11],[5,7],[-7,72],[4,37],[-11,23],[-5,22],[-4,8],[-9,4],[-11,19],[-7,2],[-5,13],[-2,33],[-5,23],[-1,11],[6,15],[1,14],[-8,17],[-6,25],[-9,50],[-16,37],[-3,19],[0,16],[-4,26],[7,17],[-1,13],[-7,15],[-11,38],[-2,24],[-5,2],[-14,-19],[-8,-1],[-22,43],[-6,19],[-12,14],[-8,20],[-8,2],[-6,11],[-3,15],[-11,42],[-6,13],[-2,22],[3,30],[-4,8],[-10,0],[-10,15],[-7,-7],[-7,-23],[-16,-12],[-8,4],[-8,14],[-2,30],[-3,21],[4,26],[10,30],[-4,26],[-11,-4],[-21,-1],[-16,-27],[-9,-21],[-2,-2],[-5,5],[-8,21]],[[286082,558723],[9,61],[6,35]],[[286211,558989],[15,-17],[0,8],[3,1],[3,38],[12,4],[0,-43],[-5,-26],[16,-24],[1,-15],[-12,-5],[-1,-11],[25,0],[3,-8],[-1,10],[5,-1],[1,-43],[2,-2],[3,-2],[-1,-39],[-3,-29],[3,-56],[-6,1],[1,-13],[4,-2],[1,1],[5,-25],[-3,-3],[0,-52],[-3,0],[-1,-9],[-3,-38],[2,-37],[-8,-12],[1,-2],[1,2],[2,0],[3,7],[3,6],[2,0],[1,-4],[3,2],[2,-3],[3,2],[4,17],[9,-7],[8,18],[2,5],[10,-38],[17,-63],[3,-21],[8,-100],[1,0],[8,0],[-3,-59],[1,-20],[3,-42],[2,-25],[3,-60],[0,-6],[2,-26],[3,-20]],[[288511,559095],[12,-40],[0,-31],[3,-4],[12,4],[2,-17],[-3,-26],[3,-13],[-3,-54],[3,-17],[3,3],[11,-21],[5,-15],[7,-35],[6,-2],[4,10],[5,-1],[4,17],[6,7],[4,-20],[11,-17],[-1,-6],[15,-47],[3,-22],[7,-17],[0,-10],[10,-13],[5,17],[2,29],[4,15],[5,-2],[7,-26],[5,25],[6,-14]],[[287414,549478],[0,42],[-10,1],[-1,-24],[-10,23],[-6,9],[-1,44],[-11,31],[-15,58],[-4,-38],[-1,64],[1,98],[0,25],[-3,25],[-9,-5],[-6,-17],[-6,13],[-5,-4],[-4,14],[-7,2],[-2,26],[-13,-1],[-13,30],[-10,-13],[-16,35],[-1,27],[-13,35],[-1,15],[-6,18],[0,24],[-4,4],[-16,-14],[-3,-23],[2,-18],[-2,-18],[1,-22],[-3,-19],[-7,-6],[-7,3],[-9,-5],[-7,19],[-9,6],[-10,33],[-10,13],[-2,14],[1,69],[-2,11]],[[286145,561334],[0,2],[11,17],[15,26],[2,1],[14,5],[10,-4],[8,18],[0,4]],[[286213,561436],[6,-9],[3,7],[8,25],[2,13],[2,18],[0,14],[1,0],[4,-1],[-4,6],[0,20],[-2,-1],[-2,16]],[[286288,561643],[3,-13],[1,-21]],[[286279,561477],[1,-7],[-13,-20],[-1,-31],[0,-18],[13,-1],[3,-14],[-1,-20],[-1,-3],[-14,0],[0,-3],[0,-8],[6,0],[7,-16],[17,-16],[-3,-38],[-3,-33],[5,0],[0,-4],[-7,-53],[-1,-19],[2,-1],[-3,-41],[0,-39],[4,-15],[-2,-22]],[[286288,561055],[-7,0],[-8,8],[0,20],[-8,21],[0,7],[0,51],[0,14],[-2,0],[0,32],[2,0],[1,77],[0,4],[-6,0],[1,52],[-12,0],[0,-58],[-4,-3],[-2,-1],[-14,2],[-3,4],[-2,0],[-19,1],[-4,6],[-9,-6],[-1,0],[-19,1]],[[285059,549362],[6,0],[4,-33],[5,-27],[3,-4],[13,6],[16,22],[6,-1],[1,15],[-7,29],[-1,25],[10,3],[8,33],[16,48],[2,16],[-4,54],[7,29],[5,9],[3,22],[-5,16],[3,18],[7,9],[3,17],[1,26],[-3,24],[-7,5],[-1,12],[5,1],[4,24],[8,38],[-5,17],[1,36],[-14,10],[-7,38],[-1,16],[4,22],[7,10],[15,16],[10,48],[9,32],[19,4],[11,-19],[12,-11],[7,9],[10,2],[3,-10],[-8,-64],[-1,-15],[2,-49],[0,-42],[9,-2],[6,21],[3,-1],[0,63]],[[285254,547913],[-24,-9],[-7,3],[-138,42],[-8,31],[-3,38],[-8,0],[-4,-19],[0,-42]],[[285062,547957],[-41,16],[2,17],[4,6],[2,24],[-4,48],[0,22],[-3,25],[-2,42]],[[285736,565239],[-6,0],[-3,0],[-3,1],[-26,3],[-7,-1]],[[281853,561291],[14,5],[3,0],[3,-16],[10,6],[0,-32],[-6,-29],[0,-16],[6,8],[5,17],[5,0],[7,-11],[7,65],[3,7],[13,5],[1,25],[7,-1],[1,-26],[2,-14],[6,-51],[0,-27],[-4,-1],[1,-13],[-1,-44],[-2,-10],[2,-34],[1,-62],[2,-15],[7,0],[-2,-61],[-10,-23],[2,-9],[13,-23],[0,-104],[-4,-9],[0,-12],[-6,-15],[-18,14],[-4,-25],[11,-29],[8,-6],[10,-29],[-10,-76],[-6,-16],[-14,-3],[-8,-20],[-6,-5],[-2,-20],[-9,-29],[-4,-7],[0,-26],[6,-20],[-4,1],[-4,-15],[-7,9],[-5,-15],[-1,-19],[4,-51],[2,-13]],[[286353,559863],[14,25],[1,-50],[19,38],[45,-2],[-1,-18],[9,-5],[-1,-18],[0,-22],[-5,1],[0,-14],[0,-9],[-2,-2],[0,-58],[9,0],[0,-48],[-15,1],[2,-36],[7,-7],[6,-4],[-1,-51],[10,-4],[3,-4],[18,1],[0,-42],[11,-5],[4,5]],[[286479,559241],[-18,-12],[-1,19],[-6,0],[0,48],[-15,0],[0,-15],[-12,3],[-3,-10],[-4,30],[-5,-24],[-4,-18],[-4,-24],[-6,-22],[-5,7],[-5,30],[-2,-15],[-10,-23],[0,-5],[1,-44],[-7,-25],[-7,-6],[-30,9],[0,7],[10,149],[0,42],[-1,-7],[-3,-16],[-1,-16],[-10,-1],[-18,1],[0,33],[-5,0],[-3,0],[0,27],[-7,3],[-3,-39],[-7,-37],[-1,19],[-4,43],[-7,20],[10,-2],[0,18]],[[282308,574204],[3,-47],[7,-21],[1,-30],[-6,-13],[2,-10],[-6,-29],[1,-17],[-5,-17],[1,-22],[-5,-4],[40,-12],[0,-56],[-16,0],[-10,27],[-11,-47],[-12,-80],[11,-36],[14,-89],[11,-23],[12,27],[0,-31],[10,1],[3,27],[20,0],[8,-4],[0,17],[5,-1],[2,36],[-3,14],[6,9],[0,14],[6,-6],[6,-19],[10,-4],[9,18],[10,15],[17,48],[21,0],[0,42],[7,0],[0,20],[13,0],[7,-10],[2,-24],[6,39],[6,23],[5,-2],[6,9]],[[282522,573936],[4,-63]],[[282526,573873],[40,-766],[10,-183]],[[282576,572924],[-11,-53],[-4,-36]],[[286760,560396],[-4,-26],[-9,14],[0,44],[-7,6],[-7,-14],[-9,-1],[-4,11],[1,26],[-4,11],[-3,-4],[-2,-10],[-4,-12],[-15,15],[-10,-5],[-4,-18],[-6,1],[-3,39],[-11,39],[-5,-1],[-6,-6],[-8,0],[-11,-21],[-9,11],[-7,-2],[-5,-13],[-4,15],[-9,-30],[-13,16],[-5,-2],[-3,-3],[-4,-15],[-8,5],[3,8],[-16,73],[-3,0],[-4,0],[-8,10],[0,120]],[[286534,560677],[-10,-9],[-16,-5],[0,4],[-16,16],[-7,21],[-8,40],[-11,49],[-1,3],[3,13],[2,16],[5,39],[0,5],[3,-5],[3,54],[-4,0],[-4,8],[-2,-32],[-5,45],[-5,0],[-2,26],[-7,43],[9,19],[-2,7]],[[287952,563938],[-4,11],[-20,13],[-2,16]],[[287926,563978],[0,15],[-1,6],[-1,10],[-1,7],[-2,20],[0,9],[0,6],[-3,14],[1,14],[-7,56],[0,12],[-9,31],[-6,12],[-4,14],[0,5],[-6,10],[-16,36],[-8,6],[-8,14],[-5,21],[-4,5],[-7,20],[-9,50],[-1,3],[-1,6],[-6,18],[-1,5],[-8,3],[6,44],[7,63],[-2,3],[-7,20],[-13,-6],[-9,30],[-15,-35],[-15,41],[-6,29],[-6,11],[-8,31],[2,27],[9,16],[10,43],[-16,36],[-4,2],[6,25],[-2,24],[-14,-35],[-7,25],[6,1],[1,9],[-7,2],[3,14],[5,1],[4,25],[-6,21],[1,17],[10,24],[-3,11],[12,32],[4,-1],[3,8],[-2,12]],[[286400,560559],[12,18],[20,49],[13,-15],[7,7],[11,36],[6,5],[5,-6],[3,4],[13,-1],[32,10],[12,11]],[[286438,561615],[1,-95],[0,-19],[7,-13],[-4,-13],[0,-1],[-3,-14],[3,7],[19,0],[4,14],[4,14],[16,-5],[4,-8],[13,-4],[4,-2],[-1,-25],[21,0],[0,6],[8,-21],[1,-20]],[[286447,561316],[0,7],[-13,1],[-9,1],[-9,1],[-3,-4],[-5,-3],[-2,0],[-13,1],[0,1],[-7,0],[-6,30],[-2,9],[-7,18],[3,24],[-5,-16],[-6,2],[-9,22],[-7,1],[-12,-7],[0,7],[1,0],[0,14],[-5,-2],[-7,-6],[0,8],[2,6],[0,36],[0,13]],[[286323,561481],[0,-7],[-6,1],[-2,-2],[0,6],[-2,0],[0,-3],[-3,-1]],[[282576,572924],[14,-237],[4,-67],[1,-22],[19,-336]],[[284943,556114],[-12,-127],[-19,-188],[-1,-16],[-3,-173],[3,-15],[19,1],[2,-10],[-1,-15],[3,6],[6,8],[10,11],[4,6],[5,16],[0,-22],[24,-5],[0,-17],[1,-7],[3,-4],[3,-9],[3,-7],[-3,-72],[-2,-35],[8,-27],[10,-10],[9,15],[5,-24],[6,-14],[7,-29],[7,-34],[1,-14],[-8,-9],[-19,0],[54,-1]],[[290077,564122],[0,19],[-16,16],[-8,-20],[-3,-17],[-7,-6],[-12,16],[-4,42],[5,33],[5,-6],[2,17],[-3,8],[-28,54],[-12,33],[-3,17],[6,-6],[6,27],[14,-24],[-2,63],[-16,-13],[-14,-6],[0,-26],[-9,12],[-7,22],[-9,13],[-22,68],[-13,32],[-7,9],[-6,3],[12,66],[5,16],[11,6],[4,7],[24,83],[26,72],[9,15],[16,10],[32,36],[21,35],[3,8],[11,12],[0,9],[10,-3],[14,18],[-30,4],[-10,9],[-4,7],[-33,112],[-11,51],[-2,6],[-1,5],[0,9],[-1,4],[1,8],[-2,5],[-8,-18],[-9,2],[-6,-16],[-7,33],[-4,8]],[[283285,550373],[9,21],[11,-9],[12,-29],[10,18],[2,23],[6,8]],[[283335,550405],[6,-20],[-3,-42],[-10,-9],[-8,-17],[-7,-24],[-6,-36],[-6,-63],[1,-59],[9,-60],[3,-11],[-12,-86],[-3,-32],[-10,-101],[-2,-19],[2,-29],[0,-42],[3,-56],[-1,-60],[50,-91],[7,0],[4,-92],[-2,-25],[1,-4],[2,-2],[3,-17],[8,-21],[4,23],[0,-4]],[[286548,567067],[10,-18],[4,0],[31,58],[12,15],[2,2],[11,29],[1,-11],[6,6],[2,11],[8,18],[3,13],[5,-28],[-3,-24],[3,8],[7,-8],[5,6],[4,-11],[2,0],[42,7],[0,20],[5,3],[7,-12],[2,-10],[18,3],[8,-2],[17,-12],[12,-7],[31,26],[14,7],[34,4],[3,-1],[7,-7],[14,-34],[3,-13],[1,4],[3,8],[10,-6],[1,29],[-5,3],[-6,-8],[-1,45],[12,0],[0,25],[-11,1],[-1,18],[-2,-4],[0,104],[-1,20],[0,31],[-2,19],[1,3],[2,4],[3,15],[-2,4],[0,1],[-8,1],[-8,61],[0,10],[3,2],[6,14],[-4,4],[-4,10],[-2,57],[5,33],[1,16],[15,53],[5,22],[1,45],[3,29],[6,19],[4,32],[20,16],[10,-4],[16,-20],[6,-16],[23,-26],[12,-31],[14,-25],[6,-31],[9,-23],[4,-14],[20,-43],[9,-34],[8,-19],[13,-16],[13,-7],[9,-11],[13,-14],[5,-10],[14,-51],[6,-13],[4,-7]],[[286328,563364],[-18,-22],[-11,-20],[-7,-10],[-7,-5],[-6,-1],[-5,1],[-10,7],[-17,12],[-8,4],[-7,1],[-20,2],[-5,1],[-10,5]],[[283880,573677],[-1,-9],[-1,-47],[-4,-31],[-3,-90],[-5,-30],[0,-26],[-8,-132]],[[291714,568820],[3,30],[4,26],[-1,14],[-6,25],[-7,2],[-4,26],[-14,-15],[-9,9],[-17,-18],[-5,-21],[-8,21],[-6,-3],[-17,-28],[-14,6],[0,24],[6,40],[-3,4],[4,16],[1,-7],[3,14],[-4,9],[-4,3],[6,47],[-2,26],[14,11],[-4,3],[-2,24],[10,112],[1,21],[-11,-14],[-11,-3],[-14,1],[-4,52],[-6,24],[-5,5],[-2,-4],[-3,-9],[-4,-4],[-11,38],[-2,19],[-2,-6],[-11,27],[2,16],[1,18],[0,43],[-9,48],[-4,16]],[[280148,567084],[10,1],[3,3],[13,-10],[-1,-50],[-8,-23],[-2,-31],[2,-55],[6,6],[3,-39],[4,12],[7,-18],[6,11],[-3,-32],[4,-14],[8,9],[0,35],[11,30],[5,-3],[-1,39],[11,0],[1,49],[-2,53],[9,-1],[2,63],[-5,35],[0,38],[16,2],[15,-5],[9,26],[6,25],[9,-13],[8,-2],[9,-48],[5,-43],[3,-40],[5,-83],[-7,-64],[7,-26],[4,5],[4,-20],[3,-61],[12,-4],[1,-9]],[[288006,563455],[1,-15],[9,-25],[5,-26],[23,-58],[8,-43],[4,8],[3,-15],[8,-5],[4,-12],[5,-4],[4,-22],[5,18],[5,-26],[14,26],[17,28],[6,6],[10,-17],[2,-45],[3,-21],[-1,-21],[-3,-9],[1,-27],[9,-21],[2,12],[9,15],[12,12],[11,-19],[13,25],[-1,26],[7,14],[-1,41],[10,-32],[0,-21],[5,-16],[5,5],[15,-14],[2,12],[10,8],[5,-28],[5,4],[5,28],[3,-10],[4,-1],[18,28],[10,19],[11,12],[17,1],[7,4],[16,66],[3,4],[9,-1],[-13,126],[-10,9],[2,11],[-5,4],[1,15],[8,-6],[-3,33]],[[287952,562975],[4,5],[1,33],[-2,9],[-8,6],[4,23],[3,34],[0,23],[-6,37],[9,14],[9,4],[16,44],[17,20],[-9,12],[-4,8],[-2,10],[-5,36],[4,-1],[8,28],[8,10],[2,29],[-3,16],[2,55],[6,25]],[[281059,568724],[6,-6],[20,-47],[14,-49],[-2,-13],[-16,-26],[0,-21],[3,-35],[-7,-3],[-15,-38],[-13,-26],[-4,-20],[-4,-55],[3,-2],[24,0],[0,-42],[-3,-27],[-13,-61],[54,130],[6,-1],[11,-20],[16,-1],[1,-10],[1,-80],[1,-23],[-4,-16],[6,-2],[7,35],[9,53],[8,-1],[7,22],[5,7],[1,-13],[4,-21],[2,-14],[27,0],[0,10],[0,22],[0,11],[-1,42],[9,0],[13,0],[0,-75],[9,-16],[7,-22],[10,45],[0,18],[14,25]],[[281103,568948],[12,-14],[11,-88],[6,5],[17,65]],[[290434,545490],[5,42],[7,29],[5,34],[4,15],[31,-93],[3,-6],[14,-6],[0,13],[2,19],[3,16],[2,8],[3,9],[-4,17],[-4,38],[-8,91],[6,59],[2,32],[-2,55],[14,20],[12,-41],[10,10],[5,12],[9,0],[9,22],[16,-31],[16,-91],[4,21],[-4,31],[4,24],[-1,38],[-2,27],[3,21],[-6,47],[-2,26],[6,24],[3,0],[3,-14],[2,8],[-1,22],[7,18],[5,32],[-2,40],[5,26],[6,16],[2,17],[2,36],[14,0],[23,9]],[[285553,562202],[3,-2],[-2,1],[-1,-54],[2,0],[0,-17],[0,-8],[-2,0],[0,-5],[0,-25],[-1,1],[-2,-2],[-1,-3],[-1,-4],[0,-2],[5,0],[0,-8],[-1,-19],[9,-32],[6,4],[2,46],[11,-2],[7,-20],[6,10],[3,-22],[-1,-7],[5,-45],[9,-1],[11,-13],[6,-32],[-2,-5],[-4,16],[-12,-9],[0,-18],[10,-7],[0,-18],[4,-2],[10,-3],[0,-22],[9,2],[-1,22],[13,2],[3,2],[3,4],[0,-5],[36,-1],[-1,-29],[11,-61],[3,-4],[-1,-8],[2,-5],[6,-18],[2,-6],[12,16],[2,13],[10,-14],[4,14],[6,-15],[2,-3]],[[285615,561363],[0,27],[-23,112],[-4,-16],[-11,-18],[-1,38],[-2,12],[-13,61],[-4,22],[10,26],[-18,88],[-5,26],[-1,3],[-1,5],[-1,2],[-11,3],[-3,28],[11,-15],[-11,56],[-12,57],[-8,33],[-7,31],[-3,20],[-1,-59],[1,-37],[-17,26],[1,10],[-2,4],[0,3],[1,6],[2,20],[-17,24],[-5,-10],[-18,40],[-5,-20],[-11,15],[-6,-4],[-3,3],[-3,5]],[[283596,577261],[9,1],[34,-36],[20,-2],[31,25],[8,18]],[[283284,576220],[8,-33],[-3,-4],[-20,47],[-7,22],[-3,4],[-2,7],[-8,22],[-5,2],[-4,-3],[-20,-37],[-4,-3],[-1,-5],[-7,13],[-4,-9],[-3,-31],[-3,-12],[9,-11],[-6,-42],[-12,19],[-6,-38],[13,-20],[-24,-147],[-27,28],[3,-46],[-3,-15],[-7,17],[-2,-16],[7,-26],[-3,-16],[-10,-17],[4,-24],[-5,-21]],[[283129,575825],[-16,-1],[-31,0],[-11,0],[-28,0],[-5,0],[-4,0],[-66,0],[-2,0],[-79,0],[-17,0]],[[282870,575824],[-10,0],[-23,1]],[[289410,564845],[5,-24],[22,-15],[7,1],[-8,46],[9,2],[7,-45],[4,-7],[7,37],[2,24],[4,5],[6,-14],[9,-68],[-1,-11],[-11,-23],[0,-4],[8,14],[12,-60],[3,-8],[2,33],[11,-2],[7,-30],[3,15],[6,-16],[-1,-3],[-13,-23],[5,-10],[3,-8],[-4,-36],[15,-45],[2,-9],[11,17],[3,-30],[10,15],[17,-43],[1,2],[6,-17],[1,-2],[4,6],[12,-21],[-1,-18],[4,-14],[8,-9],[6,-4],[7,-4],[7,-26],[12,-15],[6,4],[11,26]],[[289578,565583],[-1,-18],[4,-49],[-15,-4],[-1,-16],[7,-19],[-20,-13],[-1,-10],[3,-8],[24,-5],[17,6],[9,-14],[5,-37],[4,-5],[7,-27],[-12,-16],[-13,-29],[-10,-6],[-10,-25],[5,-8],[6,-26],[-8,-10],[-3,25],[-8,-20],[5,-59],[6,-10],[-4,-9],[10,-19],[24,-37],[7,-1],[29,-21],[12,0],[16,5],[4,7],[24,7],[22,-13],[-4,-42],[12,-5],[4,-16],[-2,-19],[3,-27],[-4,-1],[-7,-22],[-3,-32],[-4,-8],[-13,3],[-6,-30],[-2,-22],[-19,-8],[4,-33],[-1,-24],[1,-55],[-3,-58],[12,-38],[8,7],[7,2],[0,-10],[-7,-7],[-5,-5],[-4,-43],[7,-45],[0,-25],[5,-13],[-8,-35],[-2,-43],[2,-5]],[[283174,575828],[-44,-3],[-1,0]],[[286288,561055],[6,0],[0,-14],[7,-1],[2,-19],[6,-15],[0,-23],[5,-17],[0,-5],[9,3],[1,-101],[0,-94],[0,-49],[7,-6],[-3,-37],[6,-49]],[[286802,562428],[20,-19],[15,3],[2,11],[2,-8],[2,-4],[13,0],[3,-19],[-4,-33],[0,-3],[6,-17],[15,-62],[11,-13],[8,2],[-2,-3],[-2,-3],[0,-8],[-2,0],[-10,-47],[4,-12],[3,35],[5,17],[3,6],[7,12],[5,-2],[0,-27],[14,14],[6,20],[4,26],[5,-1],[7,-16],[10,-8],[5,2],[9,-17],[8,-21],[5,4],[2,-10],[6,3],[7,-19],[-4,-8],[3,-20],[6,-8],[5,17],[0,17],[5,11],[3,-27],[-6,-19],[0,-21],[6,-18],[11,-60],[2,-19],[-1,-77],[-3,-14],[-2,-7],[-28,8],[1,3],[-10,-2],[-19,5],[-9,-3],[-3,9],[-12,19],[0,20],[-7,10],[-5,26],[-8,19],[-11,15],[-3,-34],[-7,-35],[-2,-2],[-8,-3],[-1,-7],[4,-5],[0,-8]],[[287564,564145],[11,-48],[2,-18],[3,9],[16,18],[1,-22],[4,-9],[5,8],[1,13],[6,-14],[5,8],[5,-12],[6,-2],[8,-12],[0,-20],[-8,-11],[2,-19],[10,-3],[1,-18],[6,-4],[1,-11],[4,12],[-4,16],[0,31],[4,10],[13,8],[27,-36],[0,-16],[-1,-48],[4,4],[10,-53],[-12,-21],[11,-62],[6,-31],[-11,-21],[-6,-31],[4,-30],[2,-25],[-5,-17],[4,-10],[9,-49],[7,-47],[3,-15],[19,-38],[-2,-52],[19,-52],[0,-15],[1,-20],[4,-12],[15,-34],[1,-47],[4,-9],[12,2],[7,-23],[8,-10],[17,-42],[3,-12],[8,-5],[10,-24],[6,-2],[6,7],[8,-7],[6,14],[4,1],[3,-12],[6,-10],[4,2],[0,-11]],[[286576,561872],[-1,-19],[4,3],[7,-31]],[[287926,563978],[-7,-5],[-3,6],[-11,0],[-3,-16],[-1,-25],[-6,-22],[-7,-11],[3,-8],[16,15],[10,18],[5,-5],[-2,-10],[-2,-97],[-2,-24],[2,-2],[2,-17],[4,4],[2,-15],[-11,-14],[18,-91],[8,-22],[9,-4],[15,-49],[7,-9],[9,0],[-3,-17],[1,-12],[3,-9],[-3,-55],[-11,-34],[-11,-31],[6,-32],[6,-31],[35,107],[2,-6]],[[283427,578163],[-6,-18],[-5,-29],[-14,-76],[-12,-53],[-1,-14],[-1,-10],[-9,-37],[-2,-7],[-2,-7],[-1,-10],[-2,-5],[-3,-4],[1,-5],[-7,-47],[-24,-102],[-3,3],[1,-13],[8,-30],[14,-35],[-2,-11],[-12,30],[-9,-113],[3,-9],[-2,-36],[-6,-35],[-6,7],[-4,-18],[-3,7],[-5,-26]],[[280921,570008],[10,-19],[4,-18],[0,-38],[-7,-85],[0,-28],[6,-21],[10,-14],[3,-9],[18,21],[11,4],[6,14],[7,33],[16,16],[8,23],[8,15],[6,7],[6,0],[6,-9]],[[286327,578423],[-8,-26],[-11,-2],[-2,13],[-10,12],[-7,-12],[-5,-24],[-10,-18],[-9,-36],[-8,-4],[-3,12],[-4,1],[-6,-15],[-10,-33],[-16,-17],[0,-19],[-10,-19],[3,-40],[-2,-26],[-8,-5],[-1,-21],[-3,-3],[-4,-47],[-13,20],[-3,14],[-7,11],[-17,7],[-13,-9],[1,-7],[-19,-3],[-7,15],[-6,28],[-8,14],[-25,19],[-9,14],[-9,0],[-5,-41],[-6,-37],[7,-19],[0,-17],[-3,-5],[-4,-32],[0,-14],[-5,-9],[-3,-18],[19,-33],[9,1],[5,-12],[3,-42],[5,-13],[14,-20],[-14,-147]],[[286064,577611],[-13,-75],[-7,24],[-10,-18],[-4,-20],[2,-8],[-9,-21],[-3,10],[-8,-15],[0,-16],[-3,2],[-6,-24],[-6,-5],[-8,-1],[-7,7],[-12,4],[-4,-6],[-8,17],[-24,15],[-4,-4],[6,-56],[-6,0],[-6,-8],[8,-44],[0,-10],[-4,-25],[2,-11],[-11,-24],[-4,-2],[-4,-15],[-5,-5],[-9,6],[-4,-7],[-2,-30],[-6,-16],[-3,-16],[-11,-30],[-4,3],[-3,-9],[-10,-4],[-5,-23],[-9,3],[-1,-13],[1,-12],[-9,-21],[-1,-14],[-4,-14],[-12,-15],[1,-23],[-5,-8],[2,-33],[-1,-1],[-13,-10],[-11,-3],[-5,-13],[-6,-5],[-6,2],[-3,2],[-2,7],[0,6],[2,11],[2,26],[1,43],[-1,11],[-2,4],[-5,5],[-3,13],[-5,16],[-5,33],[-3,13],[-2,6],[-2,7],[-6,-11],[-7,-29],[-2,-3],[-7,-1],[-9,6],[-9,29],[-8,14],[-8,2],[-3,20],[-6,17],[0,21],[2,18],[-1,27],[-3,13],[-7,11],[-20,1]],[[281183,559139],[7,-15],[22,-38],[3,-31],[-3,-34],[3,-19],[4,6],[1,22],[4,12],[6,-11],[1,-20],[6,-8],[3,7],[0,8],[-6,83],[2,28],[6,10],[10,3],[9,12],[14,-28],[4,3],[2,22],[-1,20],[5,25],[13,21],[6,0],[2,12],[-2,27],[12,1],[20,11],[22,61],[4,13],[4,5],[11,0],[5,-24],[-2,-12],[-2,-3],[-3,2],[-9,16],[-2,-3],[1,-16],[10,-47],[14,-16]],[[282822,574541],[3,7],[7,30],[2,31],[9,37],[18,24],[4,9],[7,30],[34,98],[16,41],[6,21]],[[282526,573873],[5,38],[-3,23],[-1,9],[25,13],[8,-18],[11,-1],[4,21],[5,-44],[44,-9],[18,3],[27,-11],[31,-6],[28,-9],[6,55],[5,18],[17,120],[20,127],[8,42],[7,30],[14,-52],[4,-7],[0,-50],[-8,31],[-7,-14],[-2,-19],[5,9],[5,-6],[2,-22],[7,-2],[6,-15],[7,16],[-1,38],[1,34],[3,27],[-6,67],[0,33],[-10,35],[1,17],[-8,29],[-4,6],[-4,21],[9,-2],[46,19],[-19,12],[-4,53],[-6,9]],[[285232,547284],[-13,-8],[-8,8],[-9,21],[-33,32],[-55,67],[-10,10],[-10,1],[-22,22],[-11,21],[-6,4],[-20,-6],[-12,-15],[-14,-3]],[[285009,547438],[-9,1],[-3,25],[2,56],[-3,31],[9,8],[3,13],[5,36],[8,33],[7,12],[1,8],[8,8],[11,-3],[11,18],[6,-2],[1,11],[8,21],[0,114],[3,-1],[0,35],[-4,-16],[-5,0],[0,18],[-5,0],[-1,93]],[[282870,575824],[15,-30],[4,-13],[8,-44],[7,-25],[4,-8],[7,-7],[16,-4],[10,-14],[-2,-3],[6,-15],[12,-70],[1,-14],[5,-12],[7,-47],[5,-18],[-16,-16],[-4,-10],[-5,18],[-6,0],[-5,15],[-9,-9],[1,33],[-11,54],[-8,25],[1,-22],[-5,-28],[-1,-132],[-18,1],[0,14],[-8,4],[1,-101],[-21,1],[0,-31],[3,-11],[8,3],[18,-35],[8,-10],[-7,-34],[-2,-7],[-21,-27],[-3,-12],[-5,2],[-45,-55],[8,-26],[6,-47],[2,-2],[-3,-15],[2,-5],[-6,-29],[-2,-13],[-24,-96],[14,-15],[-7,-24],[6,-3],[17,-47],[-15,-80],[11,-5],[5,27],[3,-6],[-3,-32],[6,-31],[-10,-4],[-7,-47],[1,-52],[3,-37]],[[282522,573936],[-1,30],[-22,427]],[[285009,547438],[-2,-17],[-4,-6],[2,-42],[-2,-16],[-4,-8],[-1,-53],[-3,-25],[-4,-2],[-2,-16],[6,-31],[0,-10],[4,-37],[5,-8],[0,-33],[-2,-28],[4,-20],[-5,-26],[-1,-25],[-6,-21],[-9,-49],[-4,-5],[-5,-26],[-1,-50],[-7,34],[0,10],[-6,19],[4,9],[2,45],[-3,65],[3,59],[3,17],[-7,46],[-6,19],[-3,40],[12,9],[-5,16],[1,41],[-1,14],[-12,29],[-1,13],[3,37],[-15,-7],[-9,-8],[-37,-71],[-3,-6],[-9,-22],[-11,-16],[-9,-8],[-25,-10],[-18,-14],[-14,-21],[-7,-10],[-22,-21]],[[284773,547192],[-2,-2],[-5,-4],[-5,-5],[-14,-33],[-5,4],[0,7],[-7,-5],[-4,-1],[-3,-1],[8,61],[-12,1],[0,23],[-8,64],[-6,15],[-5,11]],[[281165,560044],[1,-78],[0,-8],[18,-1],[26,0],[23,-4],[0,-26],[2,-14],[0,21],[-1,23],[-2,27],[-2,46],[3,29],[1,38],[2,10],[5,3],[10,-5],[12,18],[12,-8],[12,13],[0,-28],[5,-30],[8,-13],[-2,-23],[4,-42],[8,3],[7,-10],[5,-22],[-4,-9],[-9,-7],[2,-2],[2,-4]],[[284773,547192],[1,-26],[-5,-26],[3,-16],[5,-11],[1,-9],[-8,-24],[-3,-29],[-9,-10],[-5,3],[-40,-84],[-2,-1],[0,-41],[31,-2],[0,-195],[-17,-2],[-14,0],[1,-37],[-1,-51],[0,-15],[0,-26],[-1,-90],[0,-168],[-88,4],[-2,-1],[0,-39],[0,-73],[0,-81],[15,-3],[3,-28],[-2,-40],[5,-44]]],"objects":{"cb_2020_us_zcta520_500k":{"type":"GeometryCollection","geometries":[{"arcs":[[0,1,2,3,4,5,6,7]],"type":"Polygon","properties":{"ZCTA5CE20":"30114"}},{"arcs":[[8,9,10,11,12,13,14,15]],"type":"Polygon","properties":{"ZCTA5CE20":"30281"}},{"arcs":[[16,17,18,19,20]],"type":"Polygon","properties":{"ZCTA5CE20":"31044"}},{"arcs":[[21,22]],"type":"Polygon","properties":{"ZCTA5CE20":"30137"}},{"arcs":[[23,24,-8,25,26,27]],"type":"Polygon","properties":{"ZCTA5CE20":"30184"}},{"arcs":[[28,29,30,31,32,33,34,35]],"type":"Polygon","properties":{"ZCTA5CE20":"30824"}},{"arcs":[[39,40,41,42,43,44,45]],"type":"Polygon","properties":{"ZCTA5CE20":"37385"}},{"arcs":[[46,47,48,49,50,51,52,53]],"type":"Polygon","properties":{"ZCTA5CE20":"31029"}},{"arcs":[[54]],"type":"Polygon","properties":{"ZCTA5CE20":"30070"}},{"arcs":[[55,56]],"type":"Polygon","properties":{"ZCTA5CE20":"30332"}},{"arcs":[[57,58,59,60,61,62,63,64]],"type":"Polygon","properties":{"ZCTA5CE20":"30540"}},{"arcs":[[-63,65,66,67]],"type":"Polygon","properties":{"ZCTA5CE20":"30175"}},{"arcs":[[68,69,-64,-68,70,71,72]],"type":"Polygon","properties":{"ZCTA5CE20":"30734"}},{"arcs":[[73,74,75,76,77,78,79,-3]],"type":"Polygon","properties":{"ZCTA5CE20":"30107"}},{"arcs":[[82,83,84,85,86,87,88,89,90,91,92]],"type":"Polygon","properties":{"ZCTA5CE20":"30223"}},{"arcs":[[93,94,95,96,97,98,99,100],[101]],"type":"Polygon","properties":{"ZCTA5CE20":"35957"}},{"arcs":[[102,103,104,105,106,107,108,109,110]],"type":"Polygon","properties":{"ZCTA5CE20":"29620"}},{"arcs":[[111,112,113,114,115,116,117,118,119]],"type":"Polygon","properties":{"ZCTA5CE20":"35961"}},{"arcs":[[125,126,127,128,129]],"type":"Polygon","properties":{"ZCTA5CE20":"30606"}},{"arcs":[[130,131,132]],"type":"Polygon","properties":{"ZCTA5CE20":"30346"}},{"arcs":[[133]],"type":"Polygon","properties":{"ZCTA5CE20":"30090"}},{"arcs":[[134]],"type":"Polygon","properties":{"ZCTA5CE20":"30018"}},{"arcs":[[135,136,137,138,139,140,141,142,143]],"type":"Polygon","properties":{"ZCTA5CE20":"30507"}},{"arcs":[[144,145,146,147,148,149]],"type":"Polygon","properties":{"ZCTA5CE20":"30530"}},{"arcs":[[[150]],[[151,152,153,154,155,156,157,158]]],"type":"MultiPolygon","properties":{"ZCTA5CE20":"30741"}},{"arcs":[[159,-20,160,161,162,163,164,165]],"type":"Polygon","properties":{"ZCTA5CE20":"31014"}},{"arcs":[[166,167,168,169,170,171,-42,172,173,174]],"type":"Polygon","properties":{"ZCTA5CE20":"37885"}},{"arcs":[[175,176,177,178]],"type":"Polygon","properties":{"ZCTA5CE20":"37370"}},{"arcs":[[187,188,189,190,191,192,193,194,195,-146,196]],"type":"Polygon","properties":{"ZCTA5CE20":"30521"}},{"arcs":[[197]],"type":"Polygon","properties":{"ZCTA5CE20":"30724"}},{"arcs":[[198,-27,199,200,201,-22,202]],"type":"Polygon","properties":{"ZCTA5CE20":"30121"}},{"arcs":[[203,204,205,206,207,208]],"type":"Polygon","properties":{"ZCTA5CE20":"31833"}},{"arcs":[[209,210,211,212,213,214,215,216,217]],"type":"Polygon","properties":{"ZCTA5CE20":"30549"}},{"arcs":[[218,219,220,221,222,223,224,225,226,227]],"type":"Polygon","properties":{"ZCTA5CE20":"30643"}},{"arcs":[[232,233,234,235,236,237,238,239],[240],[241]],"type":"Polygon","properties":{"ZCTA5CE20":"30004"}},{"arcs":[[242,243,244,245,246,247]],"type":"Polygon","properties":{"ZCTA5CE20":"30531"}},{"arcs":[[255,256,257,258,259,260,261]],"type":"Polygon","properties":{"ZCTA5CE20":"36265"}},{"arcs":[[[-102]],[[262,263,264,-97,-96,265,-183]]],"type":"MultiPolygon","properties":{"ZCTA5CE20":"35951"}},{"arcs":[[266,267,268,269,270,271,272,273]],"type":"Polygon","properties":{"ZCTA5CE20":"29654"}},{"arcs":[[274,275,276,277,278,279]],"type":"Polygon","properties":{"ZCTA5CE20":"30669"}},{"arcs":[[280]],"type":"Polygon","properties":{"ZCTA5CE20":"30229"}},{"arcs":[[281,282,283,-44,284,285,286,287,288,289,290,291]],"type":"Polygon","properties":{"ZCTA5CE20":"28906"}},{"arcs":[[292]],"type":"Polygon","properties":{"ZCTA5CE20":"31034"}},{"arcs":[[293,294,295,296,297,298,299,300,301,302]],"type":"Polygon","properties":{"ZCTA5CE20":"30161"}},{"arcs":[[[-89,303,304,305,306]],[[-91,307]]],"type":"MultiPolygon","properties":{"ZCTA5CE20":"30224"}},{"arcs":[[310,311,312,313,-125,314,315,-121]],"type":"Polygon","properties":{"ZCTA5CE20":"36251"}},{"arcs":[[316,317]],"type":"Polygon","properties":{"ZCTA5CE20":"30751"}},{"arcs":[[318,-110,319,320,321]],"type":"Polygon","properties":{"ZCTA5CE20":"29628"}},{"arcs":[[322]],"type":"Polygon","properties":{"ZCTA5CE20":"30639"}},{"arcs":[[325,326,327,328,329,330]],"type":"Polygon","properties":{"ZCTA5CE20":"30024"}},{"arcs":[[331,332,333,334,335,336,337]],"type":"Polygon","properties":{"ZCTA5CE20":"31076"}},{"arcs":[[338,339,340,341,342,343,344,345,346]],"type":"Polygon","properties":{"ZCTA5CE20":"35772"}},{"arcs":[[347,348,349,350,351,-312,352]],"type":"Polygon","properties":{"ZCTA5CE20":"36266"}},{"arcs":[[353,354,355,356,357,358,359,360]],"type":"Polygon","properties":{"ZCTA5CE20":"29657"}},{"arcs":[[[361]],[[362,363]],[[364,365,366,367,368,369,370,371,372]]],"type":"MultiPolygon","properties":{"ZCTA5CE20":"35978"}},{"arcs":[[373,374,375,376,377,378,379,380,-128],[381],[382,383]],"type":"Polygon","properties":{"ZCTA5CE20":"30605"}},{"arcs":[[[384,385]],[[386,387,388,389,-205]]],"type":"MultiPolygon","properties":{"ZCTA5CE20":"31822"}},{"arcs":[[390]],"type":"Polygon","properties":{"ZCTA5CE20":"37450"}},{"arcs":[[-61,391]],"type":"Polygon","properties":{"ZCTA5CE20":"30539"}},{"arcs":[[392,393,394,395,396,397,398]],"type":"Polygon","properties":{"ZCTA5CE20":"31217"}},{"arcs":[[-255,399,400,401,402,403,-37]],"type":"Polygon","properties":{"ZCTA5CE20":"37379"}},{"arcs":[[405,406,407,408]],"type":"Polygon","properties":{"ZCTA5CE20":"30678"}},{"arcs":[[-290,409,410,411,412]],"type":"Polygon","properties":{"ZCTA5CE20":"30560"}},{"arcs":[[-116,413,414,415,416,417,418]],"type":"Polygon","properties":{"ZCTA5CE20":"35959"}},{"arcs":[[419,420,-36,421,422,423]],"type":"Polygon","properties":{"ZCTA5CE20":"30673"}},{"arcs":[[424,-178,425,426,427,428]],"type":"Polygon","properties":{"ZCTA5CE20":"37309"}},{"arcs":[[429,-118,430,431,432,433,434]],"type":"Polygon","properties":{"ZCTA5CE20":"35901"}},{"arcs":[[-359,435]],"type":"Polygon","properties":{"ZCTA5CE20":"29667"}},{"arcs":[[436,437,438,439]],"type":"Polygon","properties":{"ZCTA5CE20":"30326"}},{"arcs":[[440]],"type":"Polygon","properties":{"ZCTA5CE20":"31213"}},{"arcs":[[441]],"type":"Polygon","properties":{"ZCTA5CE20":"30118"}},{"arcs":[[442,443,444,445,446,-353,-311,-122,-316,447,-123,448,449,450,451,452],[453]],"type":"Polygon","properties":{"ZCTA5CE20":"35160"}},{"arcs":[[-75,454]],"type":"Polygon","properties":{"ZCTA5CE20":"30177"}},{"arcs":[[[455]],[[456,457,458,459,460,461,462,463,464]]],"type":"MultiPolygon","properties":{"ZCTA5CE20":"30213"}},{"arcs":[[465,466,467,468,469,470]],"type":"Polygon","properties":{"ZCTA5CE20":"30218"}},{"arcs":[[471,472,-15,473,474,-86,475,-84,476],[477],[478]],"type":"Polygon","properties":{"ZCTA5CE20":"30228"}},{"arcs":[[-88,479,480,481,482,483,484,485,486,-48,487,488,-304]],"type":"Polygon","properties":{"ZCTA5CE20":"30233"}},{"arcs":[[489]],"type":"Polygon","properties":{"ZCTA5CE20":"30275"}},{"arcs":[[490,491,492,493,494,495,496,497,-467,498,499],[-281]],"type":"Polygon","properties":{"ZCTA5CE20":"30276"}},{"arcs":[[500,501,502,503]],"type":"Polygon","properties":{"ZCTA5CE20":"30322"}},{"arcs":[[504,505]],"type":"Polygon","properties":{"ZCTA5CE20":"30334"}},{"arcs":[[-13,506,507,-483,508,509]],"type":"Polygon","properties":{"ZCTA5CE20":"30252"}},{"arcs":[[-493,510]],"type":"Polygon","properties":{"ZCTA5CE20":"30289"}},{"arcs":[[511,512,513,514,515,516,-485,517,518],[-55],[-135]],"type":"Polygon","properties":{"ZCTA5CE20":"30014"}},{"arcs":[[-516,519,520,521,522,523]],"type":"Polygon","properties":{"ZCTA5CE20":"30055"}},{"arcs":[[524,525,526,-297]],"type":"Polygon","properties":{"ZCTA5CE20":"30145"}},{"arcs":[[527]],"type":"Polygon","properties":{"ZCTA5CE20":"30072"}},{"arcs":[[528,529,530,531,532]],"type":"Polygon","properties":{"ZCTA5CE20":"30105"}},{"arcs":[[533,534,535,536,537,538,539,540]],"type":"Polygon","properties":{"ZCTA5CE20":"28734"}},{"arcs":[[542,543,544,545,546,547],[548]],"type":"Polygon","properties":{"ZCTA5CE20":"29621"}},{"arcs":[[551,552,-274,553,-544]],"type":"Polygon","properties":{"ZCTA5CE20":"29627"}},{"arcs":[[554,-360,-436,-358,555,556,557]],"type":"Polygon","properties":{"ZCTA5CE20":"29630"}},{"arcs":[[-309,558,559,560]],"type":"Polygon","properties":{"ZCTA5CE20":"37803"}},{"arcs":[[-172,561,562,563,564,565,566,567,568,-285,-43]],"type":"Polygon","properties":{"ZCTA5CE20":"28771"}},{"arcs":[[[574]],[[575,576,577,578,579,580]]],"type":"MultiPolygon","properties":{"ZCTA5CE20":"37826"}},{"arcs":[[581,582,-545,-554,-273,583,-111,-319,584,-222],[585]],"type":"Polygon","properties":{"ZCTA5CE20":"29655"}},{"arcs":[[-586]],"type":"Polygon","properties":{"ZCTA5CE20":"29659"}},{"arcs":[[586,587,588,589,590,591,592]],"type":"Polygon","properties":{"ZCTA5CE20":"29664"}},{"arcs":[[-542,-551,-175,595,-577,596]],"type":"Polygon","properties":{"ZCTA5CE20":"37846"}},{"arcs":[[597,-556,-357,598,599,600,-548,601,602]],"type":"Polygon","properties":{"ZCTA5CE20":"29670"}},{"arcs":[[603,604,605,606,607,-558,608,609,610],[611]],"type":"Polygon","properties":{"ZCTA5CE20":"29672"}},{"arcs":[[-610,612,613,614,-603,615,616,617,618]],"type":"Polygon","properties":{"ZCTA5CE20":"29678"}},{"arcs":[[619,620]],"type":"Polygon","properties":{"ZCTA5CE20":"37351"}},{"arcs":[[622,-39,623,624,625,626,627,628,629,630]],"type":"Polygon","properties":{"ZCTA5CE20":"37397"}},{"arcs":[[637,638,639,640,641,-29,-421,642]],"type":"Polygon","properties":{"ZCTA5CE20":"30817"}},{"arcs":[[643,644,645,-34,646,647,648,649,650]],"type":"Polygon","properties":{"ZCTA5CE20":"30828"}},{"arcs":[[-206,-390,651,652,653,654,655,656],[-385,657]],"type":"Polygon","properties":{"ZCTA5CE20":"31811"}},{"arcs":[[658,659,660,661,-337,662,663,664,665]],"type":"Polygon","properties":{"ZCTA5CE20":"31006"}},{"arcs":[[[666,667,668,669,670,671]],[[672]],[[673,674]]],"type":"MultiPolygon","properties":{"ZCTA5CE20":"36203"}},{"arcs":[[675,-580,676,677,678,-179,-425,679],[-575]],"type":"Polygon","properties":{"ZCTA5CE20":"37303"}},{"arcs":[[[680,681,-412,682,683,684,685,686]],[[687,688,689]]],"type":"MultiPolygon","properties":{"ZCTA5CE20":"30513"}},{"arcs":[[-671,690,691,-349,692]],"type":"Polygon","properties":{"ZCTA5CE20":"36258"}},{"arcs":[[693,694,-54,695,696,-338,-662,697]],"type":"Polygon","properties":{"ZCTA5CE20":"31016"}},{"arcs":[[698,699,700,701,702,703]],"type":"Polygon","properties":{"ZCTA5CE20":"36262"}},{"arcs":[[[-251,704]],[[705,706,-637,-249,707,708]]],"type":"MultiPolygon","properties":{"ZCTA5CE20":"31018"}},{"arcs":[[-396,709,-21,-160,710,711,712,713]],"type":"Polygon","properties":{"ZCTA5CE20":"31020"}},{"arcs":[[714,-325,715,716,717,-253]],"type":"Polygon","properties":{"ZCTA5CE20":"37321"}},{"arcs":[[-324,-622,718,-581,-676,-680,-429,719,720,-716]],"type":"Polygon","properties":{"ZCTA5CE20":"37322"}},{"arcs":[[721,722]],"type":"Polygon","properties":{"ZCTA5CE20":"37326"}},{"arcs":[[-686,723,-59,724]],"type":"Polygon","properties":{"ZCTA5CE20":"30522"}},{"arcs":[[725,726,727,728,729,730,731,732,733,734,735,736]],"type":"Polygon","properties":{"ZCTA5CE20":"30523"}},{"arcs":[[737,738,739,740,741,742,743,-593,744,745,-727]],"type":"Polygon","properties":{"ZCTA5CE20":"30525"}},{"arcs":[[746,747,-150,748,-212]],"type":"Polygon","properties":{"ZCTA5CE20":"30529"}},{"arcs":[[750,751,752,753,754,755,756]],"type":"Polygon","properties":{"ZCTA5CE20":"36274"}},{"arcs":[[-351,757,-757,758,759,760,761]],"type":"Polygon","properties":{"ZCTA5CE20":"36276"}},{"arcs":[[762,763,764,765,766,767]],"type":"Polygon","properties":{"ZCTA5CE20":"31836"}},{"arcs":[[-684,768,769,770,771,772,773],[774]],"type":"Polygon","properties":{"ZCTA5CE20":"30533"}},{"arcs":[[[-372,775]],[[776,-344,777,778,-365,-363,779,780],[-362]]],"type":"MultiPolygon","properties":{"ZCTA5CE20":"35765"}},{"arcs":[[781,-773,782,783,784,785,-78,786,787]],"type":"Polygon","properties":{"ZCTA5CE20":"30534"}},{"arcs":[[-62,-392,-60,-724,-685,-774,-782,791,-66]],"type":"Polygon","properties":{"ZCTA5CE20":"30536"}},{"arcs":[[792,793,-690,794,-687,-725,-58,795,796]],"type":"Polygon","properties":{"ZCTA5CE20":"30541"}},{"arcs":[[-692,797,798,-751,-758,-350]],"type":"Polygon","properties":{"ZCTA5CE20":"36278"}},{"arcs":[[799,800,801,802,-17,-710,-395]],"type":"Polygon","properties":{"ZCTA5CE20":"31031"}},{"arcs":[[803,804,-393,805,806,807]],"type":"Polygon","properties":{"ZCTA5CE20":"31032"}},{"arcs":[[808,809,810,-804,811]],"type":"Polygon","properties":{"ZCTA5CE20":"31038"}},{"arcs":[[813,-812,-808,814,815,816,817,-51]],"type":"Polygon","properties":{"ZCTA5CE20":"31046"}},{"arcs":[[818,819,-711,-166,-230,820,821]],"type":"Polygon","properties":{"ZCTA5CE20":"31047"}},{"arcs":[[822,823,824,-228,825,826,-193]],"type":"Polygon","properties":{"ZCTA5CE20":"30553"}},{"arcs":[[827,828,-248,829,830,831,832,-138,833,834]],"type":"Polygon","properties":{"ZCTA5CE20":"30554"}},{"arcs":[[-832,835,-747,-211,836,837]],"type":"Polygon","properties":{"ZCTA5CE20":"30558"}},{"arcs":[[838,839,840,841,-801,842,843],[-293],[844]],"type":"Polygon","properties":{"ZCTA5CE20":"31061"}},{"arcs":[[-517,-524,847,848,-809,-814,-50,849,-486]],"type":"Polygon","properties":{"ZCTA5CE20":"31064"}},{"arcs":[[850,851,852,853,854,855,856]],"type":"Polygon","properties":{"ZCTA5CE20":"30627"}},{"arcs":[[857,858,-82,859,860,861]],"type":"Polygon","properties":{"ZCTA5CE20":"31089"}},{"arcs":[[-196,862,863,864,865,-147]],"type":"Polygon","properties":{"ZCTA5CE20":"30633"}},{"arcs":[[866,-223,-585,-322,867,868,-852,869]],"type":"Polygon","properties":{"ZCTA5CE20":"30635"}},{"arcs":[[883,884,885,886,887,888,-514,889]],"type":"Polygon","properties":{"ZCTA5CE20":"30655"}},{"arcs":[[890,-854,891,-424,892,-276,893]],"type":"Polygon","properties":{"ZCTA5CE20":"30660"}},{"arcs":[[894,895,-863,-195],[-323]],"type":"Polygon","properties":{"ZCTA5CE20":"30662"}},{"arcs":[[896]],"type":"Polygon","properties":{"ZCTA5CE20":"30665"}},{"arcs":[[897,898]],"type":"Polygon","properties":{"ZCTA5CE20":"31207"}},{"arcs":[[899,900,901,-368,902,903,-114,904]],"type":"Polygon","properties":{"ZCTA5CE20":"35968"}},{"arcs":[[-129,-381,905,906,-280,907,908,909]],"type":"Polygon","properties":{"ZCTA5CE20":"30677"}},{"arcs":[[910,-217,911,912,913,914]],"type":"Polygon","properties":{"ZCTA5CE20":"30680"}},{"arcs":[[-759,-756,915,916,917,918,919,-882]],"type":"Polygon","properties":{"ZCTA5CE20":"36862"}},{"arcs":[[920,921,922,923,924,925,-461,926,-459,927],[928]],"type":"Polygon","properties":{"ZCTA5CE20":"30349"}},{"arcs":[[929,930,-796,-65,-70,931,932],[-198]],"type":"Polygon","properties":{"ZCTA5CE20":"30705"}},{"arcs":[[934,935,936,937,-529,938,939,940,941]],"type":"Polygon","properties":{"ZCTA5CE20":"30728"}},{"arcs":[[942,943,-932,-69,944,945]],"type":"Polygon","properties":{"ZCTA5CE20":"30735"}},{"arcs":[[946,-156,947,948,949,950,951,952,953,954,955],[956]],"type":"Polygon","properties":{"ZCTA5CE20":"30736"}},{"arcs":[[-941,957,-939,-533,958,959,960,961]],"type":"Polygon","properties":{"ZCTA5CE20":"30747"}},{"arcs":[[962,963,-704,964,965,966,967,-798,-691,-670]],"type":"Polygon","properties":{"ZCTA5CE20":"36264"}},{"arcs":[[[968,969,970]],[[971,972,973,-218,-911,974,975,976]]],"type":"MultiPolygon","properties":{"ZCTA5CE20":"30548"}},{"arcs":[[977,978,979,980,-908,-279,981,982,983,984,985,986,987,-888]],"type":"Polygon","properties":{"ZCTA5CE20":"30650"}},{"arcs":[[-734,988,989,990,-190,991,-188,992,993,994],[995]],"type":"Polygon","properties":{"ZCTA5CE20":"30577"}},{"arcs":[[-766,996,-660,997,998,999,1000]],"type":"Polygon","properties":{"ZCTA5CE20":"31827"}},{"arcs":[[-904,1001,1002,1003,-414,-115]],"type":"Polygon","properties":{"ZCTA5CE20":"35967"}},{"arcs":[[1004,-649,1005,1006,1007]],"type":"Polygon","properties":{"ZCTA5CE20":"30820"}},{"arcs":[[1008,1009,1010,1011,1012]],"type":"Polygon","properties":{"ZCTA5CE20":"30110"}},{"arcs":[[1013,-509,-482,1014,-480,-87,-475]],"type":"Polygon","properties":{"ZCTA5CE20":"30248"}},{"arcs":[[1015,1016,1017,1018,1019,-1010,1020]],"type":"Polygon","properties":{"ZCTA5CE20":"30179"}},{"arcs":[[1021,-816]],"type":"Polygon","properties":{"ZCTA5CE20":"31004"}},{"arcs":[[1025]],"type":"Polygon","properties":{"ZCTA5CE20":"30111"}},{"arcs":[[-980,1026]],"type":"Polygon","properties":{"ZCTA5CE20":"30623"}},{"arcs":[[1027,1028,-158,1029,-956,1030,-935,1031]],"type":"Polygon","properties":{"ZCTA5CE20":"30707"}},{"arcs":[[1032,1033,1034,1035,1036,1037,1038,1039,1040,-701,1041,1042]],"type":"Polygon","properties":{"ZCTA5CE20":"30125"}},{"arcs":[[1043,1044,-709,1045,-858,1046,1047,-840]],"type":"Polygon","properties":{"ZCTA5CE20":"31082"}},{"arcs":[[1048,1049,-387,-204,1050]],"type":"Polygon","properties":{"ZCTA5CE20":"30241"}},{"arcs":[[1054,1055,1056,-488,-47,-695,1057,1058]],"type":"Polygon","properties":{"ZCTA5CE20":"30204"}},{"arcs":[[1060,-465,1061,1062,1063,1064,1065]],"type":"Polygon","properties":{"ZCTA5CE20":"30268"}},{"arcs":[[-85,-476]],"type":"Polygon","properties":{"ZCTA5CE20":"30284"}},{"arcs":[[-478]],"type":"Polygon","properties":{"ZCTA5CE20":"30250"}},{"arcs":[[1066,-1065,1067,1068,-491,1069,1070,1071,1072,1073],[-490]],"type":"Polygon","properties":{"ZCTA5CE20":"30263"}},{"arcs":[[1075,-173,-41,1076,-677,-579]],"type":"Polygon","properties":{"ZCTA5CE20":"37354"}},{"arcs":[[1077,1078,1079,1080,1081,1082,1083,-625]],"type":"Polygon","properties":{"ZCTA5CE20":"37405"}},{"arcs":[[1084,1085,-518,-484,-508]],"type":"Polygon","properties":{"ZCTA5CE20":"30016"}},{"arcs":[[-277,-893,-423,1086,1087,-406,1088],[1089]],"type":"Polygon","properties":{"ZCTA5CE20":"30631"}},{"arcs":[[-71,-67,-792,-788,1090,-76,-455,-74,-2,1091,1092]],"type":"Polygon","properties":{"ZCTA5CE20":"30143"}},{"arcs":[[1093,1094,1095,1096,-432]],"type":"Polygon","properties":{"ZCTA5CE20":"35903"}},{"arcs":[[1097,1098,-99,-120,1099,1100,-186,1101],[1102]],"type":"Polygon","properties":{"ZCTA5CE20":"35954"}},{"arcs":[[-855,-891,1103,1104]],"type":"Polygon","properties":{"ZCTA5CE20":"30648"}},{"arcs":[[1106,1107,1108,1109,-1016,1110,-1039]],"type":"Polygon","properties":{"ZCTA5CE20":"30153"}},{"arcs":[[-803,1111,1112,1113,1114,-18]],"type":"Polygon","properties":{"ZCTA5CE20":"31042"}},{"arcs":[[-929]],"type":"Polygon","properties":{"ZCTA5CE20":"30272"}},{"arcs":[[-4,-80,1118,1119,-234,1120]],"type":"Polygon","properties":{"ZCTA5CE20":"30115"}},{"arcs":[[1121,-1011,-1020,1122,1123,1124],[-442]],"type":"Polygon","properties":{"ZCTA5CE20":"30117"}},{"arcs":[[-427,1125,1126,1127,1128,1129]],"type":"Polygon","properties":{"ZCTA5CE20":"37310"}},{"arcs":[[1132,1133,1134,-541,1135,-739,1136,1137,1138,1139,-287]],"type":"Polygon","properties":{"ZCTA5CE20":"28904"}},{"arcs":[[1140,1141,1142,1143,-1118,1144,1145]],"type":"Polygon","properties":{"ZCTA5CE20":"29685"}},{"arcs":[[[1148]],[[1149,1150,1151,1152,1153,1154,1155,-950,1156],[1157]]],"type":"MultiPolygon","properties":{"ZCTA5CE20":"37363"}},{"arcs":[[1158,1159,1160,1161,1162]],"type":"Polygon","properties":{"ZCTA5CE20":"37361"}},{"arcs":[[-526,1164,-203,-23,-202,1165,1166,1167]],"type":"Polygon","properties":{"ZCTA5CE20":"30120"}},{"arcs":[[1168,1169,1170,-471,1171,1172,-388,-1050]],"type":"Polygon","properties":{"ZCTA5CE20":"30222"}},{"arcs":[[1173,-1128,1174,-1159,1175,1176,1177,1178]],"type":"Polygon","properties":{"ZCTA5CE20":"37323"}},{"arcs":[[1179,-1042,-700,1180,1181,-257,1182,-1096]],"type":"Polygon","properties":{"ZCTA5CE20":"36272"}},{"arcs":[[1183,-959,-532,1184,1185,-294,-417],[1186]],"type":"Polygon","properties":{"ZCTA5CE20":"30165"}},{"arcs":[[-278,-1089,-409,1187,1188,-982],[-897]],"type":"Polygon","properties":{"ZCTA5CE20":"30642"}},{"arcs":[[1189,-574,-633,-573,1190,1191,1192,-537,-570]],"type":"Polygon","properties":{"ZCTA5CE20":"28723"}},{"arcs":[[[1194,1195,1196]],[[1197,1198,-397,-714,1199,1200,1201,1202]]],"type":"MultiPolygon","properties":{"ZCTA5CE20":"31216"}},{"arcs":[[1203,1204,-1051,-209,1205,1206,-754]],"type":"Polygon","properties":{"ZCTA5CE20":"30240"}},{"arcs":[[1207,1208,1209,-698,-661,-997,-765,1210]],"type":"Polygon","properties":{"ZCTA5CE20":"30286"}},{"arcs":[[-784,1211,1212,-835,1213,1214,1215,1216,1217]],"type":"Polygon","properties":{"ZCTA5CE20":"30506"}},{"arcs":[[-1158]],"type":"Polygon","properties":{"ZCTA5CE20":"37315"}},{"arcs":[[-845]],"type":"Polygon","properties":{"ZCTA5CE20":"31062"}},{"arcs":[[1224,1225,1226,1227,-890,-513,1228,1229,1230,1231,1232]],"type":"Polygon","properties":{"ZCTA5CE20":"30052"}},{"arcs":[[-72,-1093,1234,1235,1236]],"type":"Polygon","properties":{"ZCTA5CE20":"30139"}},{"arcs":[[[1237,1238,1239,1240]],[[1241,1242,1243,1244,-1017,-1110]]],"type":"MultiPolygon","properties":{"ZCTA5CE20":"30157"}},{"arcs":[[1245,1246,1247,-28,-199,-1165,-525,-296]],"type":"Polygon","properties":{"ZCTA5CE20":"30103"}},{"arcs":[[-1040,-1111,-1021,-1009,1248]],"type":"Polygon","properties":{"ZCTA5CE20":"30113"}},{"arcs":[[1251,-1222,-791,1252,-781,1253,1254,1255,-180]],"type":"Polygon","properties":{"ZCTA5CE20":"35769"}},{"arcs":[[1256,1257,1258,1259,-243,-829,1260,1261,-771]],"type":"Polygon","properties":{"ZCTA5CE20":"30528"}},{"arcs":[[1262,-945,-73,-1237,1263,-1247,1264,-1185,-531]],"type":"Polygon","properties":{"ZCTA5CE20":"30701"}},{"arcs":[[1265,-407,-1088,1266,-651,1267,-1008,1268,-1044,-839]],"type":"Polygon","properties":{"ZCTA5CE20":"31087"}},{"arcs":[[-1192,1269,1270,1271,1272,-588,1273]],"type":"Polygon","properties":{"ZCTA5CE20":"28717"}},{"arcs":[[-422,-35,-646,1274,-644,-1267,-1087]],"type":"Polygon","properties":{"ZCTA5CE20":"30821"}},{"arcs":[[1275,1276]],"type":"Polygon","properties":{"ZCTA5CE20":"31003"}},{"arcs":[[-289,1277,1278,1279,1280,1281,-1257,-770,1282,-410]],"type":"Polygon","properties":{"ZCTA5CE20":"30512"}},{"arcs":[[1287,-984,1288,-1188,-408,-1266,-844,1289,-810,-849]],"type":"Polygon","properties":{"ZCTA5CE20":"31024"}},{"arcs":[[1290,1291,1292,1293,-752,-799,-968]],"type":"Polygon","properties":{"ZCTA5CE20":"36280"}},{"arcs":[[[-990,1294,-823,-192,1295]],[[-189,-992]]],"type":"MultiPolygon","properties":{"ZCTA5CE20":"30557"}},{"arcs":[[1296,-418,-303,1297,-1043,-1180,-1095]],"type":"Polygon","properties":{"ZCTA5CE20":"35960"}},{"arcs":[[-853,-869,1298,-1250,-643,-420,-892]],"type":"Polygon","properties":{"ZCTA5CE20":"30668"}},{"arcs":[[1299,1300,-933,-944,1301]],"type":"Polygon","properties":{"ZCTA5CE20":"30721"}},{"arcs":[[-590,1302,1303,-606,1304,-604,1305]],"type":"Polygon","properties":{"ZCTA5CE20":"29691"}},{"arcs":[[-733,1306,-591,-1306,-611,-619,1307,-824,-1295,-989]],"type":"Polygon","properties":{"ZCTA5CE20":"29693"}},{"arcs":[[1308,1309,1310,1311,1312]],"type":"Polygon","properties":{"ZCTA5CE20":"30336"}},{"arcs":[[1313,1314]],"type":"Polygon","properties":{"ZCTA5CE20":"30363"}},{"arcs":[[-1025,1315,1316,1317,1318,1319,1320,1321,1322,-340,1323]],"type":"Polygon","properties":{"ZCTA5CE20":"37380"}},{"arcs":[[[-237,1324,1325,1326,-238]],[[-242]]],"type":"MultiPolygon","properties":{"ZCTA5CE20":"30009"}},{"arcs":[[1327,1328,1329,1330,1331,1332]],"type":"Polygon","properties":{"ZCTA5CE20":"30093"}},{"arcs":[[1333,1334,1335,1336,1337,1338]],"type":"Polygon","properties":{"ZCTA5CE20":"30066"}},{"arcs":[[-736,1339,-244,-1260]],"type":"Polygon","properties":{"ZCTA5CE20":"30535"}},{"arcs":[[1340,1341,-1104,-894,-275,-907]],"type":"Polygon","properties":{"ZCTA5CE20":"30667"}},{"arcs":[[-272,1342,-103,-584]],"type":"Polygon","properties":{"ZCTA5CE20":"29639"}},{"arcs":[[-666,1343,1344]],"type":"Polygon","properties":{"ZCTA5CE20":"31039"}},{"arcs":[[-1256,1345,1346,-181]],"type":"Polygon","properties":{"ZCTA5CE20":"35755"}},{"arcs":[[1347,1348,1349,-1155]],"type":"Polygon","properties":{"ZCTA5CE20":"37353"}},{"arcs":[[-174,-1076,-578,-596]],"type":"Polygon","properties":{"ZCTA5CE20":"37874"}},{"arcs":[[-1187]],"type":"Polygon","properties":{"ZCTA5CE20":"30149"}},{"arcs":[[-889,-988,1350,-520,-515]],"type":"Polygon","properties":{"ZCTA5CE20":"30025"}},{"arcs":[[-654,1352,1353,1354,1355,1356]],"type":"Polygon","properties":{"ZCTA5CE20":"31804"}},{"arcs":[[1357,1358,1359,-168,-550],[1360]],"type":"Polygon","properties":{"ZCTA5CE20":"37742"}},{"arcs":[[-1100,-119,-430,1361]],"type":"Polygon","properties":{"ZCTA5CE20":"35904"}},{"arcs":[[1362,-1167,1363,-1241,1364,-1242,-1109]],"type":"Polygon","properties":{"ZCTA5CE20":"30132"}},{"arcs":[[1365,1366,1367,1368,1369,1370,-923]],"type":"Polygon","properties":{"ZCTA5CE20":"30297"}},{"arcs":[[1372,-1220,-1023,-565]],"type":"Polygon","properties":{"ZCTA5CE20":"28702"}},{"arcs":[[-224,-867,1373]],"type":"Polygon","properties":{"ZCTA5CE20":"30634"}},{"arcs":[[1374,1375,1376,1377]],"type":"Polygon","properties":{"ZCTA5CE20":"30088"}},{"arcs":[[1378,-1232,1379,1380,1381,1382]],"type":"Polygon","properties":{"ZCTA5CE20":"30039"}},{"arcs":[[1383,1384,1385,1386,1387,1388,1389]],"type":"Polygon","properties":{"ZCTA5CE20":"30310"}},{"arcs":[[-369,-902,1390]],"type":"Polygon","properties":{"ZCTA5CE20":"35988"}},{"arcs":[[1391,1392,-259,1393,1394,1395,1396,1397,1398]],"type":"Polygon","properties":{"ZCTA5CE20":"36206"}},{"arcs":[[1399,1400,1401,-750,-163]],"type":"Polygon","properties":{"ZCTA5CE20":"31012"}},{"arcs":[[1402,1403,1404,1405]],"type":"Polygon","properties":{"ZCTA5CE20":"30082"}},{"arcs":[[-938,1406,1407,-946,-1263,-530]],"type":"Polygon","properties":{"ZCTA5CE20":"30746"}},{"arcs":[[1408,1409,-856,-1105,-1342,1410]],"type":"Polygon","properties":{"ZCTA5CE20":"30630"}},{"arcs":[[-1163,1411,-793,1412,1413,-317,1414,-1176],[1415]],"type":"Polygon","properties":{"ZCTA5CE20":"37362"}},{"arcs":[[1416,1417,-742,1418,-740]],"type":"Polygon","properties":{"ZCTA5CE20":"30568"}},{"arcs":[[1422,1423,1424,1425,1426,1427]],"type":"Polygon","properties":{"ZCTA5CE20":"30339"}},{"arcs":[[-246,1428,-994,1429,1430]],"type":"Polygon","properties":{"ZCTA5CE20":"30511"}},{"arcs":[[-817,-1022,-815,-807,1431,1432,1433,1434]],"type":"Polygon","properties":{"ZCTA5CE20":"31210"}},{"arcs":[[1435,1436,1437,1438,1439,-220]],"type":"Polygon","properties":{"ZCTA5CE20":"29626"}},{"arcs":[[-1072,1440,-1169,-1049,-1205,1441]],"type":"Polygon","properties":{"ZCTA5CE20":"30230"}},{"arcs":[[1442,1443,1444,1445]],"type":"Polygon","properties":{"ZCTA5CE20":"31028"}},{"arcs":[[-470,1446,1447,1448,-1172]],"type":"Polygon","properties":{"ZCTA5CE20":"30293"}},{"arcs":[[1452,-93,1453,-497]],"type":"Polygon","properties":{"ZCTA5CE20":"30205"}},{"arcs":[[-1254,-780,-364,-373,-776,-371,1454,1455,1456]],"type":"Polygon","properties":{"ZCTA5CE20":"35744"}},{"arcs":[[1457,-330,1458,1459,1460,1461,1462]],"type":"Polygon","properties":{"ZCTA5CE20":"30043"}},{"arcs":[[1463,1464,1465,1466,-11,1467,1468]],"type":"Polygon","properties":{"ZCTA5CE20":"30038"}},{"arcs":[[-1090]],"type":"Polygon","properties":{"ZCTA5CE20":"30664"}},{"arcs":[[-539,1470,1471,1472]],"type":"Polygon","properties":{"ZCTA5CE20":"28775"}},{"arcs":[[-755,-1207,1473,-916]],"type":"Polygon","properties":{"ZCTA5CE20":"36855"}},{"arcs":[[1474,1475,1476,1477,1478,-822,1479,1480,-333]],"type":"Polygon","properties":{"ZCTA5CE20":"31030"}},{"arcs":[[-1123,-1019,1481,1482,1483,-1074,1484,1485]],"type":"Polygon","properties":{"ZCTA5CE20":"30116"}},{"arcs":[[-299,1486,-1107,-1038,1487]],"type":"Polygon","properties":{"ZCTA5CE20":"30104"}},{"arcs":[[1488,1489,-283,1490,1491,1492]],"type":"Polygon","properties":{"ZCTA5CE20":"37333"}},{"arcs":[[-1137,-738,-726,1493,1494,-1281,1495]],"type":"Polygon","properties":{"ZCTA5CE20":"30546"}},{"arcs":[[1496,1497,-152,1498]],"type":"Polygon","properties":{"ZCTA5CE20":"37410"}},{"arcs":[[-746,1499,1500,1501,1502,-728]],"type":"Polygon","properties":{"ZCTA5CE20":"30576"}},{"arcs":[[1503,1504,-159,-1029,1505]],"type":"Polygon","properties":{"ZCTA5CE20":"30725"}},{"arcs":[[1506,-261,1507,-1392,1508,1509]],"type":"Polygon","properties":{"ZCTA5CE20":"36250"}},{"arcs":[[1510,1511,1512,1513,1514,-444,1515]],"type":"Polygon","properties":{"ZCTA5CE20":"35096"}},{"arcs":[[1516,-1398,1517,-668,1518,-674,1519]],"type":"Polygon","properties":{"ZCTA5CE20":"36201"}},{"arcs":[[1520,1521,1522,1523,1524,1525,1526,1527,1528,1529]],"type":"Polygon","properties":{"ZCTA5CE20":"30032"}},{"arcs":[[1530,1531,1532,-468]],"type":"Polygon","properties":{"ZCTA5CE20":"30206"}},{"arcs":[[1533,1534,-1383,1535,1536,-1331]],"type":"Polygon","properties":{"ZCTA5CE20":"30047"}},{"arcs":[[[-1201,1540,1541,-1443,1542]],[[1543,-1445,1544]]],"type":"MultiPolygon","properties":{"ZCTA5CE20":"31093"}},{"arcs":[[-925,1545,1546,1547]],"type":"Polygon","properties":{"ZCTA5CE20":"30274"}},{"arcs":[[1548,1549,1550,1551,1552,1553]],"type":"Polygon","properties":{"ZCTA5CE20":"30341"}},{"arcs":[[-132,1554,-1554,1555,1556,1557,-438,1558]],"type":"Polygon","properties":{"ZCTA5CE20":"30319"}},{"arcs":[[1559,1560,-1328,1561,1562]],"type":"Polygon","properties":{"ZCTA5CE20":"30071"}},{"arcs":[[-1083,1563,1564,1565,1566,1567,-1497,1568,1569],[1570]],"type":"Polygon","properties":{"ZCTA5CE20":"37408"}},{"arcs":[[-617,1571,-1437,1572]],"type":"Polygon","properties":{"ZCTA5CE20":"29689"}},{"arcs":[[1573,1574,1575,-966]],"type":"Polygon","properties":{"ZCTA5CE20":"36273"}},{"arcs":[[1576,-1055,1577,-1208,1578]],"type":"Polygon","properties":{"ZCTA5CE20":"30256"}},{"arcs":[[1579,1580,1581,-379,1582]],"type":"Polygon","properties":{"ZCTA5CE20":"30683"}},{"arcs":[[-101,1583,-1098,1584,-405,-1148,1585],[-934]],"type":"Polygon","properties":{"ZCTA5CE20":"35952"}},{"arcs":[[1586,1587,1588,-176,-679]],"type":"Polygon","properties":{"ZCTA5CE20":"37331"}},{"arcs":[[1589,-1157,-949,1590,1591,1592]],"type":"Polygon","properties":{"ZCTA5CE20":"37421"}},{"arcs":[[[-1571]],[[-1082,1593,-1565,-1564],[-391]]],"type":"MultiPolygon","properties":{"ZCTA5CE20":"37402"}},{"arcs":[[1594,-628,1595,-1319]],"type":"Polygon","properties":{"ZCTA5CE20":"37347"}},{"arcs":[[-720,-428,-1130,1596,-1153,1597]],"type":"Polygon","properties":{"ZCTA5CE20":"37336"}},{"arcs":[[-996]],"type":"Polygon","properties":{"ZCTA5CE20":"30598"}},{"arcs":[[-1272,1598,-1146,1599,-607,-1304,1600]],"type":"Polygon","properties":{"ZCTA5CE20":"29676"}},{"arcs":[[-1416]],"type":"Polygon","properties":{"ZCTA5CE20":"37316"}},{"arcs":[[-957]],"type":"Polygon","properties":{"ZCTA5CE20":"30726"}},{"arcs":[[1601,-985,-1288,-848,-523]],"type":"Polygon","properties":{"ZCTA5CE20":"31085"}},{"arcs":[[1602,-905,-113,1603,1604]],"type":"Polygon","properties":{"ZCTA5CE20":"35963"}},{"arcs":[[-33,1605,-1450,1606,-635,1607,1608,-647]],"type":"Polygon","properties":{"ZCTA5CE20":"30823"}},{"arcs":[[-749,-149,1609,1610,1611,-213]],"type":"Polygon","properties":{"ZCTA5CE20":"30565"}},{"arcs":[[1612,-1000,1613,1614,-1538,1615,1616]],"type":"Polygon","properties":{"ZCTA5CE20":"31801"}},{"arcs":[[1617,1618,-1313,1619,-457,-1061,1620,1621]],"type":"Polygon","properties":{"ZCTA5CE20":"30135"}},{"arcs":[[-831,1622,-1430,-993,-197,-145,-748,-836]],"type":"Polygon","properties":{"ZCTA5CE20":"30547"}},{"arcs":[[-26,-7,1623,1624,1625,-200]],"type":"Polygon","properties":{"ZCTA5CE20":"30102"}},{"arcs":[[1626,1627,-1116,-1451,-1606,-32]],"type":"Polygon","properties":{"ZCTA5CE20":"30808"}},{"arcs":[[1628,1629,-1052,1630,1631,1632,1633,1634,1635,1636]],"type":"Polygon","properties":{"ZCTA5CE20":"31904"}},{"arcs":[[1637,1638,-837,-210,-974,1639,-141]],"type":"Polygon","properties":{"ZCTA5CE20":"30567"}},{"arcs":[[1640,-215,-130,-910,1641,1642,-886]],"type":"Polygon","properties":{"ZCTA5CE20":"30622"}},{"arcs":[[1643,-1525,1644,-1523,1645]],"type":"Polygon","properties":{"ZCTA5CE20":"30002"}},{"arcs":[[1646,1647,1648,1649,-1425]],"type":"Polygon","properties":{"ZCTA5CE20":"30327"}},{"arcs":[[-1041,-1249,-1013,1650,1651,-702]],"type":"Polygon","properties":{"ZCTA5CE20":"30176"}},{"arcs":[[-298,-527,-1168,-1363,-1108,-1487]],"type":"Polygon","properties":{"ZCTA5CE20":"30178"}},{"arcs":[[-1012,-1122,1652,1653,-1651]],"type":"Polygon","properties":{"ZCTA5CE20":"30182"}},{"arcs":[[-1235,-1092,-1,-25,1654]],"type":"Polygon","properties":{"ZCTA5CE20":"30183"}},{"arcs":[[1655,-1621,-1066,-1067,-1484]],"type":"Polygon","properties":{"ZCTA5CE20":"30185"}},{"arcs":[[1656,1657,-1622,-1656,-1483]],"type":"Polygon","properties":{"ZCTA5CE20":"30187"}},{"arcs":[[1658,-5,-1121,-233,1659,-1335,1660]],"type":"Polygon","properties":{"ZCTA5CE20":"30188"}},{"arcs":[[-862,1661,-1047]],"type":"Polygon","properties":{"ZCTA5CE20":"31067"}},{"arcs":[[-481,-1015]],"type":"Polygon","properties":{"ZCTA5CE20":"30234"}},{"arcs":[[1662,1663,-1390,1664,1665]],"type":"Polygon","properties":{"ZCTA5CE20":"30311"}},{"arcs":[[1666,1667,-56,1668,1669,1670,1671,-1385]],"type":"Polygon","properties":{"ZCTA5CE20":"30313"}},{"arcs":[[-1667,-1384,-1664,1672]],"type":"Polygon","properties":{"ZCTA5CE20":"30314"}},{"arcs":[[1673,1674,1675,1676,-1670,1677,-1314,1678]],"type":"Polygon","properties":{"ZCTA5CE20":"30309"}},{"arcs":[[-463,1679,1680,1681,1682,1683]],"type":"Polygon","properties":{"ZCTA5CE20":"30214"}},{"arcs":[[-850,-49,-487]],"type":"Polygon","properties":{"ZCTA5CE20":"30216"}},{"arcs":[[1684,-1485,-1073,-1442,-1204,-753,-1294]],"type":"Polygon","properties":{"ZCTA5CE20":"30217"}},{"arcs":[[-1620,-1312,1685,1686,-1666,1687,-928,-458]],"type":"Polygon","properties":{"ZCTA5CE20":"30331"}},{"arcs":[[1688,-1426,-1650,1689,-1679,-1315,-1678,-1669,-57,-1668,-1673,-1663,-1687],[1690]],"type":"Polygon","properties":{"ZCTA5CE20":"30318"}},{"arcs":[[1691,-1366,-922,1692]],"type":"Polygon","properties":{"ZCTA5CE20":"30337"}},{"arcs":[[1693,-499,-466,-1171,1694]],"type":"Polygon","properties":{"ZCTA5CE20":"30251"}},{"arcs":[[1695,1696,-1549,-1555,-131,1697]],"type":"Polygon","properties":{"ZCTA5CE20":"30338"}},{"arcs":[[1698,-9,1699,1700]],"type":"Polygon","properties":{"ZCTA5CE20":"30273"}},{"arcs":[[-305,-489,-1057,1701]],"type":"Polygon","properties":{"ZCTA5CE20":"30257"}},{"arcs":[[[-479]],[[-14,-510,-1014,-474]]],"type":"MultiPolygon","properties":{"ZCTA5CE20":"30253"}},{"arcs":[[1702,-439,-1558,1703,1704,-1675]],"type":"Polygon","properties":{"ZCTA5CE20":"30324"}},{"arcs":[[-1059,1705,-1209,-1578]],"type":"Polygon","properties":{"ZCTA5CE20":"30285"}},{"arcs":[[-1064,1706,-1068]],"type":"Polygon","properties":{"ZCTA5CE20":"30265"}},{"arcs":[[1707,-1683,1708,-495,1709]],"type":"Polygon","properties":{"ZCTA5CE20":"30269"}},{"arcs":[[-1707,-1063,1710,-1710,-494,-511,-492,-1069]],"type":"Polygon","properties":{"ZCTA5CE20":"30277"}},{"arcs":[[1711,1712,1713,1714,1715,1716,1717,-502]],"type":"Polygon","properties":{"ZCTA5CE20":"30033"}},{"arcs":[[1718,-1377,1719,-1464,1720,-1528]],"type":"Polygon","properties":{"ZCTA5CE20":"30035"}},{"arcs":[[1721,1722,-785,-1218,1723,-327,1724]],"type":"Polygon","properties":{"ZCTA5CE20":"30041"}},{"arcs":[[-1461,1725,1726,1727]],"type":"Polygon","properties":{"ZCTA5CE20":"30046"}},{"arcs":[[1728,1729,1730,-1671,-1677]],"type":"Polygon","properties":{"ZCTA5CE20":"30308"}},{"arcs":[[1731,-1225,1732]],"type":"Polygon","properties":{"ZCTA5CE20":"30017"}},{"arcs":[[-1715,1733,1734,-1526,1735]],"type":"Polygon","properties":{"ZCTA5CE20":"30021"}},{"arcs":[[-1326,1736,1737,1738,1739]],"type":"Polygon","properties":{"ZCTA5CE20":"30022"}},{"arcs":[[[1740,1741,1742]],[[1743,1744,1745]]],"type":"MultiPolygon","properties":{"ZCTA5CE20":"30008"}},{"arcs":[[-1380,-1231,1746,1747,-1466,1748]],"type":"Polygon","properties":{"ZCTA5CE20":"30012"}},{"arcs":[[-1747,-1230,1749,-519,-1086,1750]],"type":"Polygon","properties":{"ZCTA5CE20":"30013"}},{"arcs":[[1751,1752,1753,1754,-1368]],"type":"Polygon","properties":{"ZCTA5CE20":"30288"}},{"arcs":[[-1062,-464,-1684,-1708,-1711],[-456]],"type":"Polygon","properties":{"ZCTA5CE20":"30290"}},{"arcs":[[-1454,-92,-308,-90,-307,1755,-1531,-498]],"type":"Polygon","properties":{"ZCTA5CE20":"30292"}},{"arcs":[[-1756,-306,-1702,-1056,-1577,1756,-1532]],"type":"Polygon","properties":{"ZCTA5CE20":"30295"}},{"arcs":[[[-1691]],[[-1649,1757,-440,-1703,-1674,-1690]]],"type":"MultiPolygon","properties":{"ZCTA5CE20":"30305"}},{"arcs":[[1758,1759,-503,-1718,1760,1761,1762,1763,1764,1765],[1766]],"type":"Polygon","properties":{"ZCTA5CE20":"30307"}},{"arcs":[[-469,-1533,-1757,-1579,-1211,-764,1767,-1447]],"type":"Polygon","properties":{"ZCTA5CE20":"30258"}},{"arcs":[[1768,1769,-1339,1770,1771,1772]],"type":"Polygon","properties":{"ZCTA5CE20":"30152"}},{"arcs":[[[1773]],[[-1243,-1365,-1240,1774,1775]]],"type":"MultiPolygon","properties":{"ZCTA5CE20":"30141"}},{"arcs":[[-787,-77,-1091]],"type":"Polygon","properties":{"ZCTA5CE20":"30148"}},{"arcs":[[1776,-1381,-1749,-1465,-1720,-1376]],"type":"Polygon","properties":{"ZCTA5CE20":"30058"}},{"arcs":[[1777,-1771,-1338,1778,1779,1780,-1404,1781,-1741],[-134]],"type":"Polygon","properties":{"ZCTA5CE20":"30060"}},{"arcs":[[-1778,-1743,1782,-1744,1783,-1772]],"type":"Polygon","properties":{"ZCTA5CE20":"30064"}},{"arcs":[[-1775,-1239,1784,-1773,-1784,-1746,1785,1786,1787]],"type":"Polygon","properties":{"ZCTA5CE20":"30127"}},{"arcs":[[-1244,-1776,-1788,1788,-1618,-1658,1789],[-1774]],"type":"Polygon","properties":{"ZCTA5CE20":"30134"}},{"arcs":[[-1229,-512,-1750]],"type":"Polygon","properties":{"ZCTA5CE20":"30054"}},{"arcs":[[-572,1790,-1270,-1191]],"type":"Polygon","properties":{"ZCTA5CE20":"28736"}},{"arcs":[[-1748,-1751,-1085,-507,-12,-1467]],"type":"Polygon","properties":{"ZCTA5CE20":"30094"}},{"arcs":[[-1166,-201,-1626,1791,-1769,-1785,-1238,-1364]],"type":"Polygon","properties":{"ZCTA5CE20":"30101"}},{"arcs":[[-1653,-1125,1794,-1292,1795,-1575,1796]],"type":"Polygon","properties":{"ZCTA5CE20":"30108"}},{"arcs":[[1797,-1511,1798,-1794]],"type":"Polygon","properties":{"ZCTA5CE20":"35135"}},{"arcs":[[1799,1800,-1733,-1233,-1379,-1535]],"type":"Polygon","properties":{"ZCTA5CE20":"30078"}},{"arcs":[[1801,-1463,1802,-1329,-1561,1803]],"type":"Polygon","properties":{"ZCTA5CE20":"30096"}},{"arcs":[[-1738,1804,-331,-1458,-1802,1805]],"type":"Polygon","properties":{"ZCTA5CE20":"30097"}},{"arcs":[[1806,-1552,1807,-1332,-1537,1808,1809,-1734,-1714]],"type":"Polygon","properties":{"ZCTA5CE20":"30084"}},{"arcs":[[1810,1811,1812,-1423,1813,-1780]],"type":"Polygon","properties":{"ZCTA5CE20":"30067"}},{"arcs":[[1814,1815,1816,-1812,1817]],"type":"Polygon","properties":{"ZCTA5CE20":"30068"}},{"arcs":[[-1336,-1660,-240,1818,1819,-1815,1820]],"type":"Polygon","properties":{"ZCTA5CE20":"30075"}},{"arcs":[[-239,-1327,-1740,1821,1822,-1819]],"type":"Polygon","properties":{"ZCTA5CE20":"30076"}},{"arcs":[[-540,-1473,1823,-1417,-1136]],"type":"Polygon","properties":{"ZCTA5CE20":"28763"}},{"arcs":[[-618,-1573,-1436,-219,-825,-1308]],"type":"Polygon","properties":{"ZCTA5CE20":"29643"}},{"arcs":[[-1791,-571,1824,-1164,-1141,-1599,-1271]],"type":"Polygon","properties":{"ZCTA5CE20":"28774"}},{"arcs":[[-1193,-1274,-587,-744,1825,-1471,-538]],"type":"Polygon","properties":{"ZCTA5CE20":"28741"}},{"arcs":[[-609,-557,-598,-615,1826,-613]],"type":"Polygon","properties":{"ZCTA5CE20":"29631"}},{"arcs":[[[-549]],[[-602,-547,1827,-1438,-1572,-616]]],"type":"MultiPolygon","properties":{"ZCTA5CE20":"29625"}},{"arcs":[[-1145,-1117,-361,-555,-608,-1600]],"type":"Polygon","properties":{"ZCTA5CE20":"29682"}},{"arcs":[[-1273,-1601,-1303,-589]],"type":"Polygon","properties":{"ZCTA5CE20":"29686"}},{"arcs":[[-568,1828,-1134,1829]],"type":"Polygon","properties":{"ZCTA5CE20":"28901"}},{"arcs":[[-1140,1830,-1278,-288]],"type":"Polygon","properties":{"ZCTA5CE20":"28902"}},{"arcs":[[-569,-1830,-1133,-286]],"type":"Polygon","properties":{"ZCTA5CE20":"28905"}},{"arcs":[[-567,-1024,-534,-1135,-1829]],"type":"Polygon","properties":{"ZCTA5CE20":"28781"}},{"arcs":[[-1500,-745,-592,-1307,-732,1831]],"type":"Polygon","properties":{"ZCTA5CE20":"29658"}},{"arcs":[[-1596,-627,1833,1834,1835,-1320]],"type":"Polygon","properties":{"ZCTA5CE20":"37340"}},{"arcs":[[1836,-402,1837,-1151,1838],[-1149]],"type":"Polygon","properties":{"ZCTA5CE20":"37341"}},{"arcs":[[-605,-1305]],"type":"Polygon","properties":{"ZCTA5CE20":"29696"}},{"arcs":[[[1839]],[[-403,-1837,1840,1841,1842],[1843]]],"type":"MultiPolygon","properties":{"ZCTA5CE20":"37343"}},{"arcs":[[1844,-560,-1833,-1234,-170]],"type":"Polygon","properties":{"ZCTA5CE20":"37878"}},{"arcs":[[-1139,1845,-1279,-1831]],"type":"Polygon","properties":{"ZCTA5CE20":"28909"}},{"arcs":[[-718,1846,-400,-254]],"type":"Polygon","properties":{"ZCTA5CE20":"37373"}},{"arcs":[[1847,-1592,1848,1849]],"type":"Polygon","properties":{"ZCTA5CE20":"37411"}},{"arcs":[[-1849,-1591,-948,-155,1850]],"type":"Polygon","properties":{"ZCTA5CE20":"37412"}},{"arcs":[[-1491,-282,1852,-722,1853]],"type":"Polygon","properties":{"ZCTA5CE20":"37391"}},{"arcs":[[-1080,1854,-620,1855,1856,-1593,-1848,1857,1858]],"type":"Polygon","properties":{"ZCTA5CE20":"37406"}},{"arcs":[[1859,1860,-1835]],"type":"Polygon","properties":{"ZCTA5CE20":"37396"}},{"arcs":[[-1568,1861,-153,-1498]],"type":"Polygon","properties":{"ZCTA5CE20":"37407"}},{"arcs":[[-1567,1862,-1858,-1850,-1851,-154,-1862]],"type":"Polygon","properties":{"ZCTA5CE20":"37404"}},{"arcs":[[1865,1866,-1355]],"type":"Polygon","properties":{"ZCTA5CE20":"31807"}},{"arcs":[[-648,-1609,1867,1868,-1006]],"type":"Polygon","properties":{"ZCTA5CE20":"30810"}},{"arcs":[[-19,-1115,1869,-1277,1870,-161]],"type":"Polygon","properties":{"ZCTA5CE20":"31017"}},{"arcs":[[-1576,-1796,-1291,-967]],"type":"Polygon","properties":{"ZCTA5CE20":"36263"}},{"arcs":[[-1323,1871,-341]],"type":"Polygon","properties":{"ZCTA5CE20":"35740"}},{"arcs":[[-346,1872,-789]],"type":"Polygon","properties":{"ZCTA5CE20":"35746"}},{"arcs":[[-1286,1873,-1401,1874]],"type":"Polygon","properties":{"ZCTA5CE20":"31022"}},{"arcs":[[1875,1876,1877,-1053,-1630]],"type":"Polygon","properties":{"ZCTA5CE20":"31909"}},{"arcs":[[-826,-227,1878]],"type":"Polygon","properties":{"ZCTA5CE20":"30516"}},{"arcs":[[1879,-712,-820,1880]],"type":"Polygon","properties":{"ZCTA5CE20":"31005"}},{"arcs":[[-969,1881,-142,-1640,-973,1882,1883]],"type":"Polygon","properties":{"ZCTA5CE20":"30517"}},{"arcs":[[1884,-1202,-1543,-1446,-1544,1885,-1478]],"type":"Polygon","properties":{"ZCTA5CE20":"31008"}},{"arcs":[[-1127,1886,1887,1888,-1160,-1175]],"type":"Polygon","properties":{"ZCTA5CE20":"37307"}},{"arcs":[[-834,-137,1889,-1214]],"type":"Polygon","properties":{"ZCTA5CE20":"30501"}},{"arcs":[[-659,-1345,1890,1891,-998]],"type":"Polygon","properties":{"ZCTA5CE20":"31812"}},{"arcs":[[1892,-1448,-1768,-763,1893]],"type":"Polygon","properties":{"ZCTA5CE20":"31816"}},{"arcs":[[-655,-1357,1894,-1876,-1629,1895,1896]],"type":"Polygon","properties":{"ZCTA5CE20":"31808"}},{"arcs":[[-999,-1892,1897,-1614]],"type":"Polygon","properties":{"ZCTA5CE20":"31810"}},{"arcs":[[1898,1899,-143,-1882,-971,1900,1901,-1216]],"type":"Polygon","properties":{"ZCTA5CE20":"30542"}},{"arcs":[[-650,-1005,-1268]],"type":"Polygon","properties":{"ZCTA5CE20":"31045"}},{"arcs":[[[1902]],[[1903,1904,-1179,1905,1906,-1349]]],"type":"MultiPolygon","properties":{"ZCTA5CE20":"37311"}},{"arcs":[[-1503,1907,-1501,-1832,-731,1908,-729]],"type":"Polygon","properties":{"ZCTA5CE20":"30552"}},{"arcs":[[1909,1910,-681,-795,-689]],"type":"Polygon","properties":{"ZCTA5CE20":"30555"}},{"arcs":[[-833,-838,-1639,1911,-139]],"type":"Polygon","properties":{"ZCTA5CE20":"30543"}},{"arcs":[[-1162,1912,-1492,-1854,-723,-1853,-292,1913,-1910,-688,-794,-1412]],"type":"Polygon","properties":{"ZCTA5CE20":"37317"}},{"arcs":[[-1824,-1472,-1826,-743,-1418]],"type":"Polygon","properties":{"ZCTA5CE20":"30537"}},{"arcs":[[-1296,-191,-991]],"type":"Polygon","properties":{"ZCTA5CE20":"30538"}},{"arcs":[[-811,-1290,-843,-800,-394,-805]],"type":"Polygon","properties":{"ZCTA5CE20":"31033"}},{"arcs":[[-1046,-708,-252,-705,-250,-81,-859]],"type":"Polygon","properties":{"ZCTA5CE20":"31035"}},{"arcs":[[-177,-1589,1914,-1887,-1126,-426]],"type":"Polygon","properties":{"ZCTA5CE20":"37325"}},{"arcs":[[-1449,-1893,1915,-652,-389,-1173]],"type":"Polygon","properties":{"ZCTA5CE20":"31830"}},{"arcs":[[1916,-1901,-970,-1884,1917,-977,1918,-1459,-329]],"type":"Polygon","properties":{"ZCTA5CE20":"30519"}},{"arcs":[[-827,-1879,-226,1919,-895,-194]],"type":"Polygon","properties":{"ZCTA5CE20":"30520"}},{"arcs":[[-260,-1393,-1508]],"type":"Polygon","properties":{"ZCTA5CE20":"36277"}},{"arcs":[[-1652,-1654,-1797,-1574,-965,-703]],"type":"Polygon","properties":{"ZCTA5CE20":"36269"}},{"arcs":[[-1189,-1289,-983]],"type":"Polygon","properties":{"ZCTA5CE20":"30625"}},{"arcs":[[-1350,-1907,1922,-951,-1156]],"type":"Polygon","properties":{"ZCTA5CE20":"37302"}},{"arcs":[[1923,-433,-1097,-1183,-256,1924,1925]],"type":"Polygon","properties":{"ZCTA5CE20":"35905"}},{"arcs":[[-1101,-1362,-435,1926,-871,-187]],"type":"Polygon","properties":{"ZCTA5CE20":"35906"}},{"arcs":[[[1927,-383]],[[1928,-377,1929,-375]]],"type":"MultiPolygon","properties":{"ZCTA5CE20":"30602"}},{"arcs":[[-1912,-1638,-140]],"type":"Polygon","properties":{"ZCTA5CE20":"30575"}},{"arcs":[[-1886,-1545,-1444,-1542,1930,-1881,-819,-1479]],"type":"Polygon","properties":{"ZCTA5CE20":"31088"}},{"arcs":[[-1612,1931,-126,-214]],"type":"Polygon","properties":{"ZCTA5CE20":"30607"}},{"arcs":[[-380,-1582,1932,-1411,-1341,-906]],"type":"Polygon","properties":{"ZCTA5CE20":"30619"}},{"arcs":[[-1419,-741]],"type":"Polygon","properties":{"ZCTA5CE20":"30562"}},{"arcs":[[-334,-1481,1933,1934,-846,-1060]],"type":"Polygon","properties":{"ZCTA5CE20":"31057"}},{"arcs":[[-1340,-735,-995,-1429,-245]],"type":"Polygon","properties":{"ZCTA5CE20":"30563"}},{"arcs":[[-1898,-1891,-1344,-665,1935,-1539,-1615]],"type":"Polygon","properties":{"ZCTA5CE20":"31058"}},{"arcs":[[-772,-1262,1936,-1212,-783]],"type":"Polygon","properties":{"ZCTA5CE20":"30564"}},{"arcs":[[-144,-1900,1937]],"type":"Polygon","properties":{"ZCTA5CE20":"30566"}},{"arcs":[[-1936,-664,-813,-1865,-1540]],"type":"Polygon","properties":{"ZCTA5CE20":"31081"}},{"arcs":[[-730,-1909]],"type":"Polygon","properties":{"ZCTA5CE20":"30573"}},{"arcs":[[-1480,-821,-229,1938,-1934]],"type":"Polygon","properties":{"ZCTA5CE20":"31069"}},{"arcs":[[-1911,-1914,-291,-413,-682]],"type":"Polygon","properties":{"ZCTA5CE20":"30559"}},{"arcs":[[-1077,-40,1939,-1587,-678]],"type":"Polygon","properties":{"ZCTA5CE20":"37329"}},{"arcs":[[1940,1941,-1476,1942]],"type":"Polygon","properties":{"ZCTA5CE20":"31050"}},{"arcs":[[-1276,-1870,-1287,-1875,-1400,-162,-1871]],"type":"Polygon","properties":{"ZCTA5CE20":"31065"}},{"arcs":[[1943,1944,-1197,1945,-1203,-1885,-1477,-1942]],"type":"Polygon","properties":{"ZCTA5CE20":"31052"}},{"arcs":[[1946,1947,-366,-779]],"type":"Polygon","properties":{"ZCTA5CE20":"35981"}},{"arcs":[[-818,-1435,1948,-1195,-1945,1949,-52]],"type":"Polygon","properties":{"ZCTA5CE20":"31220"}},{"arcs":[[1950,-207,-657,1951,-877,1952]],"type":"Polygon","properties":{"ZCTA5CE20":"36854"}},{"arcs":[[-216,-1641,-885,1953,-912]],"type":"Polygon","properties":{"ZCTA5CE20":"30666"}},{"arcs":[[1954,-1456,1955,-900,-1603,1956,1957]],"type":"Polygon","properties":{"ZCTA5CE20":"35971"}},{"arcs":[[1958,1959,-961,1960,-415,-1004]],"type":"Polygon","properties":{"ZCTA5CE20":"35973"}},{"arcs":[[-399,1961,1962,-1432,-806]],"type":"Polygon","properties":{"ZCTA5CE20":"31211"}},{"arcs":[[-1949,-1434,1963,1964,-1198,-1946,-1196]],"type":"Polygon","properties":{"ZCTA5CE20":"31206"}},{"arcs":[[[-1103]],[[-100,-1099,-1584]]],"type":"MultiPolygon","properties":{"ZCTA5CE20":"35956"}},{"arcs":[[-1872,-1322,1965,1966,1967,-342]],"type":"Polygon","properties":{"ZCTA5CE20":"35958"}},{"arcs":[[-841,-1048,-1662,-861,-1284,-1113,1968]],"type":"Polygon","properties":{"ZCTA5CE20":"31090"}},{"arcs":[[-434,-1924,1969,-872,-1927]],"type":"Polygon","properties":{"ZCTA5CE20":"35907"}},{"arcs":[[-1007,-1869,-706,-1045,-1269]],"type":"Polygon","properties":{"ZCTA5CE20":"31094"}},{"arcs":[[-1541,-1200,-713,-1880,-1931]],"type":"Polygon","properties":{"ZCTA5CE20":"31098"}},{"arcs":[[-1643,1970,-978,-887]],"type":"Polygon","properties":{"ZCTA5CE20":"30641"}},{"arcs":[[-1962,-398,-1199,-1965,1971,-898,1972],[-441]],"type":"Polygon","properties":{"ZCTA5CE20":"31201"}},{"arcs":[[-960,-1184,-416,-1961]],"type":"Polygon","properties":{"ZCTA5CE20":"30730"}},{"arcs":[[-1896,-1637,1973,-1635,1974,-1633,1975,-1420,1976]],"type":"Polygon","properties":{"ZCTA5CE20":"36877"}},{"arcs":[[-920,1977,-879,-1106,-883]],"type":"Polygon","properties":{"ZCTA5CE20":"36879"}},{"arcs":[[-947,-1030,-157],[-151]],"type":"Polygon","properties":{"ZCTA5CE20":"30742"}},{"arcs":[[1978,-1032,-942,-962,-1960,1979]],"type":"Polygon","properties":{"ZCTA5CE20":"30731"}},{"arcs":[[-1265,-1246,-295,-1186]],"type":"Polygon","properties":{"ZCTA5CE20":"30733"}},{"arcs":[[-1556,-1553,-1807,-1713,1980]],"type":"Polygon","properties":{"ZCTA5CE20":"30345"}},{"arcs":[[[-1634,-1975]],[[-1636,-1974]],[[-1632,-1921,1981,-1421,-1976]]],"type":"MultiPolygon","properties":{"ZCTA5CE20":"36867"}},{"arcs":[[-1820,-1823,1982,1983,-1696,1984,-1816]],"type":"Polygon","properties":{"ZCTA5CE20":"30350"}},{"arcs":[[-1984,1985,-1563,1986,-1550,-1697]],"type":"Polygon","properties":{"ZCTA5CE20":"30360"}},{"arcs":[[1987,-1980,-1959,-1003,1988]],"type":"Polygon","properties":{"ZCTA5CE20":"35984"}},{"arcs":[[-1952,-656,-1897,-1977,-1422,1989,-878]],"type":"Polygon","properties":{"ZCTA5CE20":"36874"}},{"arcs":[[1990,1991,-1752,-1367,-1692]],"type":"Polygon","properties":{"ZCTA5CE20":"30354"}},{"arcs":[[-1413,-797,-931,1992]],"type":"Polygon","properties":{"ZCTA5CE20":"30708"}},{"arcs":[[-1474,-1206,-208,-1951,1993,1994,-917]],"type":"Polygon","properties":{"ZCTA5CE20":"36863"}},{"arcs":[[-952,-1923,-1906,-1178,1995,-1300,1996,1997,1998]],"type":"Polygon","properties":{"ZCTA5CE20":"30710"}},{"arcs":[[-1562,-1333,-1808,-1551,-1987]],"type":"Polygon","properties":{"ZCTA5CE20":"30340"}},{"arcs":[[-1996,-1177,-1415,-318,-1414,-1993,-930,-1301]],"type":"Polygon","properties":{"ZCTA5CE20":"30711"}},{"arcs":[[-1665,-1389,1999,-1991,-1693,-921,-1688]],"type":"Polygon","properties":{"ZCTA5CE20":"30344"}},{"arcs":[[2000,2001,-1998,2002,-1302,-943,-1408]],"type":"Polygon","properties":{"ZCTA5CE20":"30720"}},{"arcs":[[-873,-1970,-1926,2003,-1510,2004,-1513,2005]],"type":"Polygon","properties":{"ZCTA5CE20":"36271"}},{"arcs":[[2006,2007,2008,2009,-1504,2010]],"type":"Polygon","properties":{"ZCTA5CE20":"30750"}},{"arcs":[[-1518,-1397,2011,2012,-1394,-258,-1182,2013,-963,-669]],"type":"Polygon","properties":{"ZCTA5CE20":"36207"}},{"arcs":[[-1999,-2002,2014,-953]],"type":"Polygon","properties":{"ZCTA5CE20":"30755"}},{"arcs":[[-1868,-1608,-634,-707]],"type":"Polygon","properties":{"ZCTA5CE20":"30803"}},{"arcs":[[-940,-958]],"type":"Polygon","properties":{"ZCTA5CE20":"30753"}},{"arcs":[[-1814,-1428,-1405,-1781]],"type":"Polygon","properties":{"ZCTA5CE20":"30080"}},{"arcs":[[-1462,-1728,2015,-1800,-1534,-1330,-1803]],"type":"Polygon","properties":{"ZCTA5CE20":"30044"}},{"arcs":[[-842,-1969,-1112,-802]],"type":"Polygon","properties":{"ZCTA5CE20":"31054"}},{"arcs":[[2016,-1033,-1298,-302]],"type":"Polygon","properties":{"ZCTA5CE20":"30124"}},{"arcs":[[-1908,-1502]],"type":"Polygon","properties":{"ZCTA5CE20":"30581"}},{"arcs":[[-1275,-645]],"type":"Polygon","properties":{"ZCTA5CE20":"30807"}},{"arcs":[[-775]],"type":"Polygon","properties":{"ZCTA5CE20":"30597"}},{"arcs":[[-1325,-236,-1725,-326,-1805,-1737]],"type":"Polygon","properties":{"ZCTA5CE20":"30005"}},{"arcs":[[-1495,2017,-1258,-1282]],"type":"Polygon","properties":{"ZCTA5CE20":"30545"}},{"arcs":[[-909,-981,-1027,-979,-1971,-1642]],"type":"Polygon","properties":{"ZCTA5CE20":"30621"}},{"arcs":[[-1786,-1745,-1783,-1742,-1782,-1403,2018,2019,2020],[-1026]],"type":"Polygon","properties":{"ZCTA5CE20":"30106"}},{"arcs":[[-1557,-1981,-1712,-501,2021,-1704]],"type":"Polygon","properties":{"ZCTA5CE20":"30329"}},{"arcs":[[2022,-1035,2023,-300,-1488,-1037]],"type":"Polygon","properties":{"ZCTA5CE20":"30173"}},{"arcs":[[-1433,-1963,-1973,-899,-1972,-1964]],"type":"Polygon","properties":{"ZCTA5CE20":"31204"}},{"arcs":[[-2009,2024]],"type":"Polygon","properties":{"ZCTA5CE20":"37350"}},{"arcs":[[-352,-762,2025,-1223,-313]],"type":"Polygon","properties":{"ZCTA5CE20":"36255"}},{"arcs":[[-896,-1920,-225,-1374,-870,-851,2026]],"type":"Polygon","properties":{"ZCTA5CE20":"30624"}},{"arcs":[[-1221,-1373,-564]],"type":"Polygon","properties":{"ZCTA5CE20":"28733"}},{"arcs":[[2027,-1547,2028,-472,-1681]],"type":"Polygon","properties":{"ZCTA5CE20":"30238"}},{"arcs":[[2029,-986,-1602,-522]],"type":"Polygon","properties":{"ZCTA5CE20":"30056"}},{"arcs":[[-386,-658]],"type":"Polygon","properties":{"ZCTA5CE20":"31823"}},{"arcs":[[-696,-53,-1950,-1944,-1941,2030]],"type":"Polygon","properties":{"ZCTA5CE20":"31066"}},{"arcs":[[-927,-460]],"type":"Polygon","properties":{"ZCTA5CE20":"30291"}},{"arcs":[[-1822,-1739,-1806,-1804,-1560,-1986,-1983]],"type":"Polygon","properties":{"ZCTA5CE20":"30092"}},{"arcs":[[[-376,-1930]],[[-1928,-384]],[[-382]]],"type":"MultiPolygon","properties":{"ZCTA5CE20":"30609"}},{"arcs":[[2031,-505,2032,-1730,2033,-1766,2034,2035,-1387]],"type":"Polygon","properties":{"ZCTA5CE20":"30312"}},{"arcs":[[-1354,2036,-767,-1001,-1613,2037,2038,-1866]],"type":"Polygon","properties":{"ZCTA5CE20":"31831"}},{"arcs":[[-1659,2039,-1624,-6]],"type":"Polygon","properties":{"ZCTA5CE20":"30189"}},{"arcs":[[2040,-2012,-1396]],"type":"Polygon","properties":{"ZCTA5CE20":"36205"}},{"arcs":[[-1370,2041,-1701,2042]],"type":"Polygon","properties":{"ZCTA5CE20":"30260"}},{"arcs":[[-1968,2043,2044,2045,2046,-1947,-778,-343]],"type":"Polygon","properties":{"ZCTA5CE20":"35966"}},{"arcs":[[-1529,-1721,-1469,2047,2048]],"type":"Polygon","properties":{"ZCTA5CE20":"30034"}},{"arcs":[[[-1918,-1883,-972]],[[-975,-915,2049,2050]]],"type":"MultiPolygon","properties":{"ZCTA5CE20":"30011"}},{"arcs":[[-1755,2051,-2048,-1468,-10,-1699,-2042,-1369]],"type":"Polygon","properties":{"ZCTA5CE20":"30294"}},{"arcs":[[[-1767]],[[-1705,-2022,-504,-1760,-1759,-2034,-1729,-1676]]],"type":"MultiPolygon","properties":{"ZCTA5CE20":"30306"}},{"arcs":[[[-1762,2052,-1521,2053]],[[-1764,2054]]],"type":"MultiPolygon","properties":{"ZCTA5CE20":"30317"}},{"arcs":[[-367,-1948,-2047,2055,-1989,-1002,-903]],"type":"Polygon","properties":{"ZCTA5CE20":"35989"}},{"arcs":[[-1071,2056,-1695,-1170,-1441]],"type":"Polygon","properties":{"ZCTA5CE20":"30220"}},{"arcs":[[-1672,-1731,-2033,-506,-2032,-1386]],"type":"Polygon","properties":{"ZCTA5CE20":"30303"}},{"arcs":[[-247,-1431,-1623,-830]],"type":"Polygon","properties":{"ZCTA5CE20":"30510"}},{"arcs":[[-315,-124,-448]],"type":"Polygon","properties":{"ZCTA5CE20":"36267"}},{"arcs":[[-864,-2027,-857,-1410,2057]],"type":"Polygon","properties":{"ZCTA5CE20":"30629"}},{"arcs":[[-1978,-919,2058,2059,-875,-880]],"type":"Polygon","properties":{"ZCTA5CE20":"36801"}},{"arcs":[[-1706,-1058,-694,-1210]],"type":"Polygon","properties":{"ZCTA5CE20":"31097"}},{"arcs":[[-1283,-769,-683,-411]],"type":"Polygon","properties":{"ZCTA5CE20":"30572"}},{"arcs":[[[-241]],[[2060,-1722,-235,-1120]]],"type":"MultiPolygon","properties":{"ZCTA5CE20":"30040"}},{"arcs":[[-1817,-1985,-1698,-133,2061,-1647,-1424,-1813]],"type":"Polygon","properties":{"ZCTA5CE20":"30328"}},{"arcs":[[-697,-2031,-1943,-1475,-332]],"type":"Polygon","properties":{"ZCTA5CE20":"31078"}},{"arcs":[[-2018,-1494,-737,-1259]],"type":"Polygon","properties":{"ZCTA5CE20":"30571"}},{"arcs":[[-955,2062,-936,-1031]],"type":"Polygon","properties":{"ZCTA5CE20":"30739"}},{"arcs":[[-1828,-546,-583,2063,-1439]],"type":"Polygon","properties":{"ZCTA5CE20":"29624"}},{"arcs":[[-1846,-1138,-1496,-1280]],"type":"Polygon","properties":{"ZCTA5CE20":"30582"}},{"arcs":[[-1625,-2040,-1661,-1334,-1770,-1792]],"type":"Polygon","properties":{"ZCTA5CE20":"30144"}},{"arcs":[[-2026,-761,-881,-1194,-1224]],"type":"Polygon","properties":{"ZCTA5CE20":"36256"}},{"arcs":[[2065,-913,-1954,-884,-1228,2066]],"type":"Polygon","properties":{"ZCTA5CE20":"30656"}},{"arcs":[[2067,-1604,-112,-98,-265]],"type":"Polygon","properties":{"ZCTA5CE20":"35962"}},{"arcs":[[-264,2068,-1957,-1605,-2068]],"type":"Polygon","properties":{"ZCTA5CE20":"35974"}},{"arcs":[[[-1994,-1953,-876,-2060]],[[-1995,-2059,-918]]],"type":"MultiPolygon","properties":{"ZCTA5CE20":"36852"}},{"arcs":[[-2062,-1559,-437,-1758,-1648]],"type":"Polygon","properties":{"ZCTA5CE20":"30342"}},{"arcs":[[-2003,-1997]],"type":"Polygon","properties":{"ZCTA5CE20":"30756"}},{"arcs":[[-1264,-1236,-1655,-24,-1248]],"type":"Polygon","properties":{"ZCTA5CE20":"30171"}},{"arcs":[[-1724,-1217,-1902,-1917,-328]],"type":"Polygon","properties":{"ZCTA5CE20":"30518"}},{"arcs":[[2070,-1310,2071,-2020]],"type":"Polygon","properties":{"ZCTA5CE20":"30168"}},{"arcs":[[2072,-1841,-1839,-1150,-1590,-1857]],"type":"Polygon","properties":{"ZCTA5CE20":"37416"}},{"arcs":[[-626,-1084,-1570,2073,2074,2075,-1860,-1834]],"type":"Polygon","properties":{"ZCTA5CE20":"37419"}},{"arcs":[[-1932,-1611,2076,-1583,-378,-1929,-374,-127]],"type":"Polygon","properties":{"ZCTA5CE20":"30601"}},{"arcs":[[-148,-866,2077,-1580,-2077,-1610]],"type":"Polygon","properties":{"ZCTA5CE20":"30646"}},{"arcs":[[-2074,-1569,-1499,-1505,-2010,-2025,-2008,2078]],"type":"Polygon","properties":{"ZCTA5CE20":"37409"}},{"arcs":[[-401,-1847,-717,-721,-1598,-1152,-1838]],"type":"Polygon","properties":{"ZCTA5CE20":"37308"}},{"arcs":[[-1245,-1790,-1657,-1482,-1018]],"type":"Polygon","properties":{"ZCTA5CE20":"30180"}},{"arcs":[[[-1131,-594]],[[-1132,-595,-552,-543,-601]]],"type":"MultiPolygon","properties":{"ZCTA5CE20":"29697"}},{"arcs":[[-1081,-1859,-1863,-1566,-1594]],"type":"Polygon","properties":{"ZCTA5CE20":"37403"}},{"arcs":[[-1935,-1939,-231,-1352,-1219,-847]],"type":"Polygon","properties":{"ZCTA5CE20":"31025"}},{"arcs":[[-1787,-2021,-2072,-1309,-1619,-1789]],"type":"Polygon","properties":{"ZCTA5CE20":"30122"}},{"arcs":[[-1406,-1427,-1689,-1686,-1311,-2071,-2019]],"type":"Polygon","properties":{"ZCTA5CE20":"30126"}},{"arcs":[[-321,-632,-1251,-1299,-868]],"type":"Polygon","properties":{"ZCTA5CE20":"29840"}},{"arcs":[[-1388,-2036,2079,-1753,-1992,-2000]],"type":"Polygon","properties":{"ZCTA5CE20":"30315"}},{"arcs":[[[-1645,-1524]],[[-1810,2080,-1378,-1719,-1527,-1735],[-528]]],"type":"MultiPolygon","properties":{"ZCTA5CE20":"30083"}},{"arcs":[[-1261,-828,-1213,-1937]],"type":"Polygon","properties":{"ZCTA5CE20":"30527"}},{"arcs":[[-1765,-2055,-1763,-2054,-1530,-2049,-2052,-1754,-2080,-2035]],"type":"Polygon","properties":{"ZCTA5CE20":"30316"}},{"arcs":[[[-1361]],[[-1360,-1864,-1372,-1852,-310,-561,-1845,-169]]],"type":"MultiPolygon","properties":{"ZCTA5CE20":"37801"}},{"arcs":[[-1925,-262,-1507,-2004]],"type":"Polygon","properties":{"ZCTA5CE20":"36279"}},{"arcs":[[-1727,2081,-1226,-1732,-1801,-2016]],"type":"Polygon","properties":{"ZCTA5CE20":"30045"}},{"arcs":[[-79,-786,-1723,-2061,-1119]],"type":"Polygon","properties":{"ZCTA5CE20":"30028"}},{"arcs":[[-1717,2082,-1646,-1522,-2053,-1761]],"type":"Polygon","properties":{"ZCTA5CE20":"30030"}},{"arcs":[[-926,-1548,-2028,-1680,-462]],"type":"Polygon","properties":{"ZCTA5CE20":"30296"}},{"arcs":[[[-2023,-1036]],[[-301,-2024,-1034,-2017]]],"type":"MultiPolygon","properties":{"ZCTA5CE20":"30147"}},{"arcs":[[-874,-2006,-1512,-1798,-1793,-1147]],"type":"Polygon","properties":{"ZCTA5CE20":"35131"}},{"arcs":[[-1070,-500,-1694,-2057]],"type":"Polygon","properties":{"ZCTA5CE20":"30259"}},{"arcs":[[-1736,-1644,-2083,-1716]],"type":"Polygon","properties":{"ZCTA5CE20":"30079"}},{"arcs":[[-1536,-1382,-1777,-1375,-2081,-1809]],"type":"Polygon","properties":{"ZCTA5CE20":"30087"}},{"arcs":[[-1460,-1919,-976,-2051,2083,-2067,-1227,-2082,-1726]],"type":"Polygon","properties":{"ZCTA5CE20":"30019"}},{"arcs":[[-1337,-1821,-1818,-1811,-1779]],"type":"Polygon","properties":{"ZCTA5CE20":"30062"}},{"arcs":[[-624,-38,-404,-1843,2084,-1078]],"type":"Polygon","properties":{"ZCTA5CE20":"37377"}},{"arcs":[[-1154,-1597,-1129,-1174,-1905,-1904,-1348],[-1903]],"type":"Polygon","properties":{"ZCTA5CE20":"37312"}},{"arcs":[[-1347,2085,-1958,-2069,-263,-182]],"type":"Polygon","properties":{"ZCTA5CE20":"35975"}},{"arcs":[[-1827,-614]],"type":"Polygon","properties":{"ZCTA5CE20":"29634"}},{"arcs":[[-2064,-582,-221,-1440]],"type":"Polygon","properties":{"ZCTA5CE20":"29684"}},{"arcs":[[-1285,-2070,-1470,-1402,-1874]],"type":"Polygon","properties":{"ZCTA5CE20":"31019"}},{"arcs":[[-1915,-1588,-1940,-46,2086,-1489,2087,-1888]],"type":"Polygon","properties":{"ZCTA5CE20":"37369"}},{"arcs":[[-1682,-477,-83,-1453,-496,-1709]],"type":"Polygon","properties":{"ZCTA5CE20":"30215"}},{"arcs":[[-1890,-136,-1938,-1899,-1215]],"type":"Polygon","properties":{"ZCTA5CE20":"30504"}},{"arcs":[[-612]],"type":"Polygon","properties":{"ZCTA5CE20":"29665"}},{"arcs":[[[2088,-672,-693,-348,-447,-446]],[[-454]]],"type":"MultiPolygon","properties":{"ZCTA5CE20":"36268"}},{"arcs":[[2089,-2011,-1506,-1028,-1979,-1988,-2056,-2046,2090]],"type":"Polygon","properties":{"ZCTA5CE20":"30738"}},{"arcs":[[-1455,-370,-1391,-901,-1956]],"type":"Polygon","properties":{"ZCTA5CE20":"35986"}},{"arcs":[[-653,-1916,-1894,-768,-2037,-1353]],"type":"Polygon","properties":{"ZCTA5CE20":"31826"}},{"arcs":[[-2038,-1617,2091,2092]],"type":"Polygon","properties":{"ZCTA5CE20":"31829"}},{"arcs":[[[-185]],[[-266,-95,-2065,-184]]],"type":"MultiPolygon","properties":{"ZCTA5CE20":"35950"}},{"arcs":[[-1371,-2043,-1700,-16,-473,-2029,-1546,-924]],"type":"Polygon","properties":{"ZCTA5CE20":"30236"}},{"arcs":[[-2063,-954,-2015,-2001,-1407,-937]],"type":"Polygon","properties":{"ZCTA5CE20":"30740"}},{"arcs":[[-1321,-1836,-1861,-2076,2093,-2091,-2045,2094,-1966]],"type":"Polygon","properties":{"ZCTA5CE20":"30752"}},{"arcs":[[-1895,-1356,-1867,-2039,-2093,2095,2096,-1877]],"type":"Polygon","properties":{"ZCTA5CE20":"31820"}},{"arcs":[[-1967,-2095,-2044]],"type":"Polygon","properties":{"ZCTA5CE20":"35979"}},{"arcs":[[-1124,-1486,-1685,-1293,-1795]],"type":"Polygon","properties":{"ZCTA5CE20":"30170"}},{"arcs":[[-1452,-232,-636,-1607]],"type":"Polygon","properties":{"ZCTA5CE20":"30833"}},{"arcs":[[-2075,-2079,-2007,-2090,-2094]],"type":"Polygon","properties":{"ZCTA5CE20":"30757"}},{"arcs":[[-117,-419,-1297,-1094,-431]],"type":"Polygon","properties":{"ZCTA5CE20":"35983"}},{"arcs":[[2097,-1520,-675,-1519,-667,-2089,-445,-1515],[-673]],"type":"Polygon","properties":{"ZCTA5CE20":"36260"}},{"arcs":[[-987,-2030,-521,-1351]],"type":"Polygon","properties":{"ZCTA5CE20":"30663"}},{"arcs":[[-2097,2098,-1075,-1922,-1054,-1878]],"type":"Polygon","properties":{"ZCTA5CE20":"31907"}},{"arcs":[[-1255,-1457,-1955,-2086,-1346]],"type":"Polygon","properties":{"ZCTA5CE20":"35771"}},{"arcs":[[-2050,-914,-2066,-2084]],"type":"Polygon","properties":{"ZCTA5CE20":"30620"}},{"arcs":[[[-1844]],[[-1842,-2073,-1856,-621,-1855,-1079,-2085],[-1840]]],"type":"MultiPolygon","properties":{"ZCTA5CE20":"37415"}},{"arcs":[[-1873,-345,-777,-1253,-790]],"type":"Polygon","properties":{"ZCTA5CE20":"35752"}},{"arcs":[[-865,-2058,-1409,-1933,-1581,-2078]],"type":"Polygon","properties":{"ZCTA5CE20":"30628"}}]}}}