{"type":"Topology","transform":{"scale":[0.0003225274165274166,8.571496299999999e-05],"translate":[-176.696676,-14.37374]},"arcs":[[[293411,482893],[1,0],[18,0],[0,-27],[13,-1],[2,28],[4,-8],[8,40]],[[293457,482925],[18,-110],[1,2],[17,-97],[21,-128],[21,-134],[7,-45],[5,-57],[0,-55]],[[293547,482301],[-29,-38],[-30,-40],[-1,-56],[-11,-10],[-5,-13],[-23,-64]],[[293448,482080],[-19,1],[-1,-20],[-4,20],[-4,20],[-1,5],[-1,3],[-15,49],[-10,15],[-29,40],[-11,-1]],[[293353,482212],[2,52],[-2,10],[3,0],[-2,26],[2,16],[7,-3],[1,1],[2,3],[0,21],[6,0],[0,21],[-5,0],[-1,0],[-2,0],[7,79],[-2,47],[5,1],[0,-2],[6,0],[4,4],[0,59],[5,40],[4,95],[-1,1],[2,80],[3,6],[2,43],[5,28],[7,22],[0,31]],[[292107,495126],[5,8],[9,26],[4,6],[8,0],[19,-7],[7,5],[25,1],[14,0],[5,0],[0,8],[6,0],[0,-9],[6,0],[7,0],[7,0],[1,15],[5,0],[0,-15],[9,1],[4,-1],[0,10],[13,-1],[6,-1],[0,-8],[7,0],[2,0],[0,30],[11,3],[0,-34],[17,0],[0,-37]],[[292304,495126],[3,-39],[-1,-52],[-9,-13],[4,-10],[16,-1],[1,-19]],[[292318,494992],[0,-127],[-1,-128]],[[292317,494737],[-26,0],[-5,-1],[-25,0],[-7,-8],[0,8],[-6,0],[0,-17],[0,-45],[5,-22],[-2,0],[-12,66],[-3,10],[-9,8],[0,3],[-18,1],[0,-3],[-12,1],[-13,0],[-3,1],[-23,1],[-32,0],[-17,1],[-2,1]],[[292107,494742],[0,5],[0,10],[6,44],[-3,0],[-1,0],[0,20],[-4,15],[-7,-5],[1,16],[6,-2],[2,21],[-5,1],[0,37],[-4,13],[0,65],[0,18],[3,3],[0,34],[5,0],[1,4],[0,85]],[[293761,493530],[9,4],[4,-22],[3,-7],[12,6],[5,-14],[0,140],[17,0],[53,-106],[5,-16],[2,-25],[0,-87],[0,-13],[-1,-8],[-9,-20],[-6,-17],[-1,-6],[0,-25],[1,-17],[6,-20],[0,-39],[0,-112],[8,5],[21,35],[6,5],[58,0],[34,-8],[58,9],[0,8],[-1,10],[1,4],[0,42],[-1,49],[-5,8],[-8,1],[-84,3],[0,85],[13,0],[0,-43],[13,0],[0,64],[-13,0],[0,21],[13,0],[-1,86],[-6,0],[0,43],[6,0],[0,22],[-6,0],[-19,-1],[0,43],[0,22],[12,0],[7,0],[6,0],[11,0],[2,43],[12,0],[0,21],[13,0],[0,21],[-13,0],[0,21],[13,0],[0,37],[-4,20],[0,6]],[[294007,493808],[4,0],[2,0],[-4,21],[-4,22],[44,-1],[0,65],[2,29],[-3,4],[-3,34],[1,22],[3,30],[1,22],[-2,18],[2,41],[2,14],[8,13]],[[294060,494142],[2,2],[5,12]],[[294067,494156],[49,-39],[33,101],[15,-77],[6,-53],[3,-9],[1,-7],[0,-10],[7,0],[2,2],[2,2],[2,-1],[34,-2],[6,0],[0,-85],[8,-5],[-2,-16],[-6,-1],[0,-63],[6,-1],[20,1],[-1,42],[21,1],[-4,-44],[-3,-13],[-7,-10],[-6,-20],[0,-25],[12,0],[1,-16],[13,38],[-1,5],[-1,82],[13,42],[5,-31],[13,11],[5,29]],[[294313,493984],[2,-5],[4,0],[25,83],[1,-4],[-5,-18],[1,-19],[0,-43],[-13,1],[0,-22],[-11,0],[-2,-20],[-5,3],[0,-15],[11,0],[0,-18],[7,0],[0,-14],[13,0],[0,-42]],[[294341,493851],[0,-43],[13,0],[1,-171],[-13,0],[-10,0],[0,-45],[2,-45],[-5,-9],[-12,-61],[4,-20],[54,12],[8,-1],[10,-8],[37,-28],[3,1],[24,45],[16,30],[10,1],[2,1]],[[294485,493510],[10,-5],[16,-25],[-1,48],[11,0],[0,58],[2,52],[18,0],[12,-42],[6,-13],[12,-13],[16,2],[-32,143],[56,-249]],[[294611,493466],[-23,-1],[-2,-24],[-10,-21],[-16,-11],[-3,-27],[-12,-39],[57,-211],[6,-21],[55,-70],[4,-12],[1,-6],[9,-157],[3,-21],[-3,-15],[-30,-116],[-1,-9],[-8,8],[-9,-13],[-1,-18],[2,-21],[4,-5],[-8,-10],[-7,-17],[-1,-25],[2,0],[2,-170],[-18,2],[0,-167],[-35,-5],[0,-23],[-25,2],[1,-67],[7,0],[0,-5]],[[294552,492171],[0,-79],[-51,2],[1,120],[-74,8],[0,11],[-14,1],[-11,6],[-1,10],[-2,-5],[-5,1],[-2,11],[-1,7],[-3,3],[-40,-1],[-73,-1],[-40,5],[-6,-1],[2,-9],[1,-13],[3,-12],[1,-15],[5,-29],[7,-22],[-2,-24],[1,-9],[3,2],[2,-2],[1,-7],[1,-6],[2,-13],[-2,-23],[-3,-4],[0,-31],[2,3],[2,0],[1,-4],[0,-8],[1,-4],[-2,-9],[2,-33],[9,-19],[5,-35],[1,-7],[-3,-13],[1,-28],[-1,-13],[-2,-9],[2,-18],[1,-10],[-2,-9],[-1,-34],[5,-10],[2,-38],[-51,1],[-2,0],[-2,21],[-4,22],[-19,65],[15,1],[5,0],[0,-24],[16,0],[0,36],[-15,0],[-1,33],[-5,16],[0,114],[-7,0],[0,-27],[-7,0],[0,26],[-25,1]],[[294173,492039],[-8,107],[-3,65],[-1,52],[-7,-1],[-14,0],[-1,21],[-6,-1],[1,23],[-5,0],[3,-43],[-1,-16],[0,-58],[-4,-12],[20,-3],[0,-19]],[[294147,492154],[-4,-10],[2,-2],[-13,-1],[-4,-8],[-6,-45],[-7,9],[-19,1],[0,72],[-3,6],[-15,87],[-9,10],[-4,11],[-2,21],[0,42],[-2,22],[-8,14],[-19,0],[-24,0],[-16,26],[-24,0]],[[293970,492409],[-25,-2],[-27,1],[-5,3],[-10,21],[-10,10],[-29,-2],[-8,-7],[-21,2],[-17,-2],[-5,-4],[-1,-12],[-18,-2],[2,-12],[2,-107],[-2,-7],[-3,8],[-25,3],[-19,55],[-5,9],[-25,-2],[-22,-5],[5,63],[-6,11],[2,7],[2,39],[4,47],[5,-1],[15,52],[0,17],[3,7],[7,-13],[5,6],[7,21],[48,4],[17,23],[3,6],[3,10],[3,19],[9,14],[1,16],[1,39],[0,134],[1,10],[10,62],[1,9],[0,130],[-1,37],[-48,0],[-16,1],[0,32],[-9,2],[-7,15],[-18,2],[-3,8],[-4,63],[-11,54],[-7,-1],[-8,13],[1,69],[20,68],[23,42],[6,36]],[[294246,476776],[1,-98],[1,-23],[13,-167],[10,-138],[7,-83],[1,-7]],[[294279,476260],[-11,7],[-6,1],[-24,-2],[-25,-3],[-17,3],[-15,3],[-8,-17],[-11,48]],[[294162,476300],[3,18],[-2,14],[-1,51],[-8,-14],[-9,6],[-11,51],[-9,42],[-2,15],[-10,85],[-16,141],[-4,31],[-8,28]],[[294085,476768],[5,0],[2,0],[9,1],[49,2],[11,0],[26,1],[0,-9],[22,0],[0,9],[2,0],[3,0],[31,4],[1,0]],[[293080,493317],[0,-66],[-15,16],[-2,8]],[[293063,493275],[1,2],[16,40]],[[291014,493176],[17,12],[4,-3],[5,3],[7,6],[8,39],[3,-1],[-2,-15],[1,-9],[8,2],[2,6],[0,-8],[24,2],[13,5],[0,-21],[5,0]],[[291109,493194],[-7,-43],[1,-38],[-3,-12],[-2,-14],[-6,-57],[-2,-28],[1,-21],[0,-22],[8,0],[-6,-12],[0,-12],[-9,-43],[3,-12],[-4,-23],[0,-30],[-5,-38]],[[291078,492789],[-6,0],[-6,0],[-26,1],[-13,0],[0,-10],[-7,1],[1,9],[-19,1],[-3,-4],[-17,-1]],[[290982,492786],[-7,73],[-1,7],[0,41],[-1,17],[7,45],[7,26],[6,25],[1,6],[5,38],[11,55],[4,57]],[[292106,494372],[13,-8],[13,0],[0,-16],[8,-5],[2,-10],[6,-8],[11,0],[3,-15],[2,0],[1,0],[19,0],[17,1],[2,0],[6,0],[26,0]],[[292235,494311],[0,-11],[0,-47],[0,-6],[0,-29],[-1,-10],[1,1],[0,-13],[0,-56],[0,-42]],[[292235,494098],[-13,0],[-13,0],[0,-42],[0,-42],[0,-7]],[[292209,494007],[-3,8],[-4,1],[-1,1],[-8,-9],[-9,9],[-9,0],[0,-10],[-4,6],[-2,5],[-11,-5],[0,9],[-12,-1],[0,-10],[-6,0],[0,-5],[-7,14],[-10,2],[-2,35],[0,6],[-4,3]],[[292117,494066],[10,39],[7,36],[-1,0],[-3,-1],[-5,-2],[-20,0],[-2,0]],[[292103,494138],[0,21],[3,-1],[0,12],[-7,12],[0,21],[7,8],[0,15],[-1,0],[1,9],[0,33],[0,43],[0,26],[0,16],[-3,0],[0,20],[3,-1]],[[291408,495059],[13,40],[-1,48],[4,46],[3,63],[18,0],[1,52],[-1,10],[1,25],[7,14],[24,4],[17,-2],[26,0],[0,42],[38,-1],[1,-85],[7,0],[1,-44],[17,0],[0,-59],[-12,-11],[0,-16],[-6,0],[1,-86],[-7,0],[1,-37],[-27,-1],[-2,-6],[64,2],[1,0]],[[291597,495057],[1,-45],[-1,-205]],[[291597,494807],[0,-58],[0,-173],[0,-8]],[[291597,494568],[-18,-14],[-2,-2],[-7,-36],[0,-15],[0,-25],[8,-10],[-8,-78],[-2,-30],[-11,6],[-6,-9],[-5,17],[1,8],[3,31],[0,10],[-1,44],[-5,35],[-6,47],[6,32],[2,69],[-1,36],[-13,27],[-17,21],[-4,7],[-2,2],[-11,-18],[-19,-14],[-5,-16]],[[291474,494693],[-5,37],[-3,6],[-2,15],[-3,8],[-6,18],[-5,12],[-4,8],[-7,20],[-23,109]],[[291416,494926],[0,2],[-7,0]],[[291409,494928],[0,9],[-8,80],[2,19],[3,10],[1,8],[1,5]],[[290999,493621],[3,-5],[2,0],[48,-2],[7,1]],[[291059,493615],[-9,-76],[-11,-91]],[[291039,493448],[-7,-61],[-1,-8],[-4,-38],[-3,-38]],[[291024,493303],[-40,1],[-5,0]],[[290979,493304],[10,171],[6,110],[4,31],[0,5]],[[296111,484107],[76,3],[-3,1025],[62,2],[0,8],[-75,322],[-16,67],[-15,64],[-8,38],[-11,0],[1,164],[14,-2],[6,1],[1,8]],[[293290,483574],[-12,0],[-2,1],[-36,0],[-27,0],[-26,1],[-3,1],[-58,-1],[-31,2]],[[293095,483578],[0,5],[18,43],[3,15],[-1,115],[-1,26],[3,2],[9,1],[0,60],[64,-3],[9,-4],[11,-11],[13,-26],[4,-13],[63,-214]],[[292065,486176],[0,13]],[[292065,486189],[11,-2],[0,-12],[15,0],[6,0],[9,0],[3,5],[8,4],[16,0],[0,-9],[14,0],[4,1],[0,5],[7,0],[0,-5],[1,0],[0,5],[3,0],[0,-5],[6,0],[20,0],[11,1],[9,-1],[10,0]],[[292218,486176],[-2,-175],[0,-170]],[[292216,485831],[-14,1],[-9,-4],[-13,1],[0,-9],[-12,-4],[-1,-28],[-6,-1],[-14,-24],[-5,1],[-3,2],[2,16],[0,47],[-22,0],[-2,0],[-26,1],[-8,1],[-18,-1]],[[292065,485830],[0,2],[0,85],[0,87],[0,86],[0,86]],[[291465,487866],[10,11],[2,10],[23,94]],[[291500,487981],[27,-75],[40,-113],[21,-58],[108,-501]],[[291696,487234],[-1,0],[72,-345],[14,-64],[31,-148]],[[291812,486677],[0,-9],[-1,-49],[-32,-111]],[[291779,486508],[-1,13],[-7,24],[-10,41],[-6,21],[-20,77],[-24,91],[0,1],[-19,72],[-18,68],[-43,207],[-16,114],[0,0],[-46,218],[-11,48],[-40,129],[-3,8],[0,0],[-19,48],[-10,26],[-17,44],[-6,33],[0,3],[2,48],[0,24]],[[292049,487136],[30,-2],[16,-1],[15,1],[2,7],[4,8],[2,-10],[9,6],[16,-10],[1,45],[13,-1],[3,-31],[10,10],[0,-22],[0,0],[16,-1],[9,4],[1,-20],[3,-16],[8,-9],[12,-36],[2,-15],[0,-145],[-1,-42]],[[292220,486856],[-16,1],[1,-62],[-5,-1],[-30,2],[0,-12],[-12,2],[0,11],[-49,3],[-4,0],[-7,0],[-13,0],[-9,0],[-10,1],[0,-5]],[[292066,486796],[-18,-2],[0,7],[-8,0]],[[292040,486801],[0,22],[0,40],[0,24],[0,41],[0,44],[0,85],[0,21],[3,0],[2,42],[-5,-1],[0,8],[3,8],[6,1]],[[292181,495613],[-1,-76],[-2,-29]],[[292178,495508],[-1,-19],[2,-23],[-12,2],[-2,16],[1,44],[5,1],[0,85],[10,-1]],[[292161,496510],[1,-16],[2,-31],[13,-102],[3,-30],[2,-23],[-1,-19],[-8,-272],[-9,-1],[1,-42],[-6,0],[0,-37],[2,2],[10,0],[-1,-35],[0,-28],[5,-109],[-7,0],[3,-49]],[[292171,495718],[-10,1],[-10,9],[0,-43],[0,-14],[-37,-1],[-9,0]],[[292105,495670],[-1,0],[0,77],[-22,-27],[1,-17],[-13,-1],[-7,-11],[-6,20],[-6,6],[-1,-40]],[[292050,495677],[-22,0],[-22,0]],[[292006,495677],[0,170],[16,0],[28,0],[1,74],[4,50],[8,40],[15,91],[1,6],[0,60],[13,-2],[13,31],[4,0],[7,26],[17,108],[5,31],[22,141],[1,7]],[[294147,492154],[2,-16],[0,-64],[1,-105],[2,-6],[24,1],[2,-3],[-5,78]],[[294552,492171],[2,8],[38,53],[7,4],[9,-5],[2,-13],[1,-35],[2,-4],[116,1],[-2,84],[78,0],[0,-51]],[[294805,492213],[0,-57],[1,-399],[-3,0],[-15,85],[-33,1],[1,-132],[-25,0],[-1,-125],[-25,1],[0,-262],[-10,7],[-2,3],[-1,156],[-23,-6],[-1,18],[-1,61],[-9,-20],[-16,1],[-5,-88],[-19,-1],[-22,-1],[-3,-31],[-1,-31],[2,-23],[4,-25],[3,0],[2,-29],[-3,-17],[0,-25],[4,-27],[4,-34],[2,-65],[4,-20],[2,-25],[11,38],[2,28],[4,6],[7,27],[10,27],[8,17],[47,0],[1,-506],[127,-210],[0,63],[7,-3],[6,13],[8,0],[5,-6],[11,4],[1,-37],[4,0],[2,13],[16,1],[-1,33],[6,34],[2,46],[8,55],[14,-11],[5,-29],[17,-24],[12,-39],[2,-19],[4,29],[6,11],[11,0],[13,-66]],[[294992,490598],[-2,-19],[-1,-38],[-3,-7],[-115,-4],[0,-74],[-5,-22],[0,-37],[-2,-18],[-9,-5],[-3,-17],[-5,-14],[-17,-24],[-13,-45],[-12,-25],[0,-17]],[[294805,490232],[-60,0]],[[294745,490232],[-89,0],[-114,-1],[-132,-1]],[[294410,490230],[-148,-1],[0,120],[-5,-2],[-12,-29],[-14,5],[-9,31],[-2,3],[2,19],[-3,13],[3,7],[-4,14],[2,18],[-3,0],[-4,19],[3,26],[-3,16],[1,15],[-5,16],[3,22],[3,-5],[0,25],[-6,14],[0,23],[5,16],[-4,12],[0,12],[-4,5],[-3,23],[0,13],[1,10],[12,13],[9,45],[-3,21],[5,21],[0,13],[-6,6],[3,9],[-2,16],[4,11],[1,23],[4,18],[0,24],[-3,38],[-3,5],[-8,-2],[-7,-14],[-4,2],[-7,3],[-8,-9],[-8,-182],[-6,-24],[-4,-2],[-89,2],[-25,-23],[-4,7],[-2,37],[2,14],[3,3],[5,19],[-2,40],[-14,0],[-1,-16],[-6,-23],[-18,17],[0,54],[-4,13],[-20,1],[-3,4],[-10,24],[-31,1],[-4,-15],[-1,-33],[-5,-3],[-1,55],[1,61],[-7,7],[-34,4],[-9,28],[-16,-3],[-12,4],[-9,-6],[-13,0],[-17,5],[-10,-17],[-9,9],[-5,18],[-35,73],[-3,9],[-11,51]],[[293754,491146],[-11,43],[-1,48],[2,18],[9,31],[4,24],[3,2],[0,20],[8,0],[23,76],[2,15],[0,628],[-5,18],[90,-14],[3,-2],[9,-25],[7,-10],[10,0],[4,-5],[2,-20],[2,-37],[3,-17],[12,-29],[11,0],[4,5],[1,18],[6,31],[1,13],[5,306],[0,33],[0,44],[1,15],[11,34]],[[295792,487316],[30,3],[2,66],[4,94],[1,38],[1,88],[-1,118],[-6,41],[0,24],[-4,14],[3,13],[-1,28],[14,16],[5,12],[-1,9],[1,17],[3,12],[-3,3],[-1,6],[1,6],[3,8],[4,-9],[-7,-8],[3,1],[3,-5],[-6,-16],[0,-7],[2,1],[6,11],[1,14],[0,7],[-1,-25],[-8,-11],[2,-18],[4,6],[5,2],[5,8],[8,3],[8,5],[6,0],[4,-4],[5,-9],[5,-18],[1,-28],[8,-8],[12,0],[0,67]],[[295913,487891],[1,203],[13,-1],[0,87],[13,-1],[2,239],[17,0],[0,97],[27,1],[85,-4],[8,18],[8,7]],[[296143,485807],[-27,43],[-34,43],[-9,13],[-50,217],[-42,209],[-2,12],[-53,196],[-4,20],[-4,27],[-106,-192],[-18,615],[-2,306]],[[294751,494446],[11,0],[0,-42],[13,0],[0,-42],[13,0],[0,-43],[28,0]],[[294816,494319],[-11,-22],[1,-13],[6,-28],[-2,-28],[7,-44],[7,-14],[4,-4],[3,1],[6,5],[2,7],[2,-6],[-1,-10],[-7,-3],[0,-27],[6,0],[0,-21],[6,0],[0,-20]],[[294845,494092],[-12,-2],[-6,-5],[-4,4],[0,-16],[2,-14],[1,-32],[-8,-2],[0,23],[-4,8],[0,14],[-5,0],[-2,-17],[-19,0],[0,46],[-6,0],[0,-30],[-2,41],[-20,0],[-7,-1],[-1,0]],[[294752,494109],[-1,168],[0,43],[0,9],[0,75],[0,42]],[[294753,494256],[10,0],[11,-4],[1,24],[-18,2],[-4,-22]],[[293420,481297],[1,25],[5,15],[1,2],[1,4],[1,2],[0,2],[3,8],[7,-2],[6,-8],[1,-9],[-5,-2],[8,-17],[7,-8],[7,-2],[2,-17],[-4,5],[0,-31],[4,-3],[-4,2],[0,-48],[14,0],[9,15],[0,22],[4,15],[-3,-34],[-7,-17],[-7,-2],[3,-13],[-1,-37],[16,-39],[7,2],[7,48],[9,21],[4,-7],[11,11],[7,3],[1,75],[1,63],[18,-1],[11,-35],[24,-84],[1,10],[6,-21],[37,3],[0,11],[6,1],[0,-11],[32,4],[-36,129],[1,0]],[[293636,481347],[47,-165],[6,-28],[3,-20],[3,-36],[3,-63],[17,-1],[-3,25],[-10,50],[-3,33],[-4,19],[-1,10],[0,18],[-8,34],[0,35],[-5,66],[-7,20],[10,-3],[27,-4],[3,2],[2,16],[0,87],[-6,23],[30,-1],[0,461],[119,-477]],[[293859,481448],[44,-760],[45,0],[-1,-348],[101,5],[-2,-340],[-15,2],[-46,-1],[-2,0],[-23,0],[-17,0],[-121,1],[-1,0]],[[293821,480007],[-331,4],[-1,-98],[0,-38],[0,-1]],[[293489,479874],[-10,-5],[-9,4],[-12,-22],[-12,6],[-6,-2],[-5,9],[-2,-8],[-14,2],[0,-13],[-7,-5]],[[293412,479840],[2,32],[9,139],[8,50],[3,13],[0,19],[1,106],[15,63],[0,83],[28,6],[9,-21],[-1,9],[-8,13],[-28,-6],[1,28],[4,-11],[21,6],[-20,-3],[2,11],[-6,14],[0,13],[7,-17],[17,4],[-16,5],[15,5],[-16,-2],[-1,8],[16,5],[-16,-1],[-2,16],[9,4],[-6,1],[-7,-9],[1,26],[1,35],[1,25],[1,15],[-3,30],[5,6],[-1,16],[4,-6],[3,0],[3,-9],[6,6],[7,-3],[-11,5],[-6,15],[-1,-6],[0,11],[-2,3],[1,4],[0,7],[0,-7],[-2,1],[-2,3],[1,4],[1,5],[2,0],[2,0],[-1,4],[2,4],[0,7],[2,1],[2,-2],[2,3],[2,1],[1,-6],[2,0],[-1,-4],[2,-2],[2,0],[2,2],[1,-4],[4,2],[-3,4],[-1,-4],[-2,0],[-2,0],[-2,2],[-1,4],[-2,0],[0,7],[-2,0],[-2,-1],[-3,-1],[-5,-17],[-1,4],[-1,-4],[-1,-4],[1,-7],[1,-4],[-2,-6],[-3,2],[2,9],[-1,14],[-1,-10],[-3,-16],[-5,63],[-7,91],[7,125],[3,36],[1,212],[-29,180],[-1,3]],[[293436,498389],[-7,-7],[-7,-40],[-6,-16],[-10,-11],[-7,-18],[-7,1],[-10,11],[1,21],[9,51],[2,22],[3,100],[-1,13],[-5,18],[-4,27],[-7,21],[-20,31],[-13,11],[-19,-7],[-13,16],[-17,8],[-15,-10],[-6,9],[-7,-6],[-8,6],[-8,2],[-9,11],[-1,-10],[-11,9],[-27,88],[-1,14],[0,91],[-7,41],[0,27],[-1,137],[-18,186],[-6,22]],[[294653,479029],[37,2],[3,-2],[121,7],[1,-84],[38,2],[1,-85],[3,1],[21,2],[4,-2],[71,2]],[[294953,478872],[2,-335],[0,-99],[0,-245],[-44,0],[-36,-1],[1,49],[3,7],[-4,28],[-1,42],[-4,0],[0,43],[4,1],[0,42],[4,0],[0,42],[-4,0],[0,42],[-1,46],[-4,-1],[-9,0],[-4,0],[-2,0],[-5,-1],[0,-45],[-13,-1],[1,-125],[18,1],[-14,-5],[-6,1],[2,-41],[0,-84],[-4,0],[0,-29],[-5,-13],[-57,-3],[-29,0],[-23,-7],[7,-15],[0,-11],[-2,1],[-9,22],[-4,20],[-5,9],[-2,4]],[[294704,478211],[-26,36],[-14,26],[-9,39],[0,41],[0,164],[-1,8],[-1,168],[0,83],[0,78],[0,175]],[[296481,491469],[-333,596],[-6,6],[-44,8],[-1,-13],[-4,0],[0,-11],[1,-43],[-2,32],[-1,19],[-2,-54],[-1,-14],[3,12],[6,-36],[19,-107]],[[296083,492081],[-6,45],[-1,20],[-3,-4],[-5,25],[-10,57],[2,4],[-3,19],[6,23],[-15,26],[-8,40],[4,20],[-3,14],[-17,61],[-8,15],[-19,65],[-12,22],[-4,-1],[-10,25],[-11,16],[-1,-17],[-15,36],[-3,-11],[-4,-34],[-6,-14],[-2,10],[1,28],[3,17],[-12,5],[-5,-16],[-11,-17],[2,25],[-7,-14],[-14,7],[-4,10],[-20,21],[-9,3],[-10,18],[-3,26],[-4,18],[0,20],[-25,-2],[-8,3],[-16,23],[-2,15],[-13,18],[2,33],[8,-32],[5,-2],[-1,14],[-18,80],[-7,54],[-1,30],[4,27],[0,16],[-4,57],[-7,42],[-12,54],[-6,43],[-3,37],[1,30],[2,11],[4,40],[1,20],[10,63],[2,65],[0,12],[-12,40],[-6,6],[-4,28],[-7,5],[-3,-6],[4,-16],[2,-24],[-3,-5],[-4,13],[-28,40],[-16,18],[-15,35],[-1,-24],[-9,14],[-7,40],[-6,-2],[-5,18],[-1,19],[5,29],[8,-1],[14,-16],[1,-9],[0,9],[6,63],[0,49],[-3,13],[-9,3],[-7,24],[-3,-9],[-13,10],[-6,10],[4,18],[2,64],[-6,33],[-47,106],[-11,11],[-2,27],[-4,21],[-3,-2],[-10,33],[-4,25],[-7,88],[-2,9],[-2,56],[1,35],[-2,12],[8,46],[4,57],[8,-15],[8,-12],[14,-1],[0,-12],[4,-7],[7,10],[1,15],[-5,9],[3,37],[0,19],[-2,36],[-1,26],[7,6],[5,28],[1,31],[6,15],[9,9],[3,9],[0,11],[-8,3],[6,8],[0,20],[-4,10],[0,25],[-8,-9],[-7,7],[1,-13],[-4,-1],[-2,20],[-2,-2],[-3,32],[-3,-10],[-5,7],[0,12],[4,12]],[[291024,493303],[-9,-104],[-2,-23],[1,0]],[[290982,492786],[1,-7],[7,-43],[1,-9],[3,-37],[4,-62],[1,-7],[3,-44],[7,-29],[0,-12],[1,-31],[10,-51]],[[291020,492454],[-1,-2],[-3,-2],[-5,1]],[[291011,492451],[-13,79],[0,2],[-1,4],[-14,121],[-2,34],[-6,69],[-4,99],[-1,8],[-1,22],[0,20],[-3,117],[5,99],[5,113],[3,66]],[[292304,495126],[5,0],[1,16],[4,6],[16,-2],[2,11],[12,-12]],[[292344,495145],[-1,-22],[16,7],[1,-91],[-9,-15],[2,-32],[-35,0]],[[291673,491850],[-5,-50],[3,-22],[1,-8],[1,-7],[8,-44],[-1,-9],[-2,-25],[-2,-18],[-1,-7],[0,-7],[0,-8],[-2,-84],[-12,-24],[-1,-4],[-1,-8],[-2,-15],[-4,-25],[0,-2]],[[291653,491483],[-1,-12],[-4,0],[-10,7],[0,-3],[0,8],[-5,-12],[-5,0],[0,5],[-1,-11],[-2,-1],[-9,4],[-9,2],[-4,0],[0,62],[0,17],[0,43],[0,34],[0,2],[0,11],[0,37],[0,11],[0,32],[0,34],[0,8],[0,21],[0,22],[0,11],[0,20],[0,16]],[[291603,491851],[0,5],[8,8],[3,-7],[2,21],[0,53],[8,0],[0,-70],[4,0],[0,-4],[2,6],[28,-2],[12,1],[0,-15],[3,3]],[[292124,489151],[0,-25],[0,-81],[1,-5],[-1,-18],[-12,-1],[4,-19],[-10,-23],[5,11],[0,-1],[1,-9],[12,0],[0,-25],[-4,2],[0,-16],[-6,-4],[-2,0],[0,-76],[-3,-15],[0,-53]],[[292109,488793],[-4,1],[-33,28],[-9,2],[-8,0],[-8,-10],[-6,-18],[-1,-3],[-40,-110],[-24,-65],[-6,-3],[-5,-2],[-3,19],[-23,-11],[-7,-5],[-19,-24],[-16,-2]],[[291897,488590],[-1,68],[2,9],[13,-10],[9,-17],[9,16],[12,8],[1,14],[0,8],[-7,0],[-1,26],[-3,8],[-7,0],[-1,27],[0,6],[4,-7],[1,25],[5,4],[0,36],[8,2],[5,18],[1,31],[0,0],[24,0],[25,-2],[12,-1],[9,0],[5,0],[1,-4],[3,7],[6,8],[1,2],[-5,51],[-3,33],[0,29],[0,146],[-2,52],[38,66],[24,38],[0,-5],[13,0],[0,-43],[7,-1],[0,-43],[6,-1],[0,-23],[-25,-3],[38,-17]],[[296268,490194],[57,-2],[1,18],[-1,20],[-7,-3],[-3,4],[-1,19],[1,31],[8,77],[6,73],[10,15],[-1,14],[1,88],[-9,101],[-4,30],[-2,55],[5,14],[4,2],[56,113],[6,22],[86,584]],[[296087,488537],[-5,19],[-1,13],[4,20],[2,27],[-5,-6],[2,21],[7,4],[2,9],[-4,22],[1,33],[-3,11],[-4,-14],[2,-16],[-5,4],[0,20],[-5,-6],[-4,17],[-6,17],[4,20],[-8,14],[-5,18],[-5,26],[4,4],[1,27],[-1,12],[-7,-1],[-4,6],[1,9],[6,11],[-1,12],[4,-2],[4,-15],[5,-1],[1,7],[-3,24],[3,20],[-5,7],[9,24],[5,7],[8,22],[-1,13],[-4,3],[-1,15],[-3,10]],[[294960,486664],[0,380]],[[294960,487044],[13,40],[24,2],[6,8],[50,5],[20,-5],[8,-12],[31,-8],[25,0],[1,43],[25,0],[12,3],[13,40],[26,0],[0,-18],[-5,0],[0,-16],[-4,0],[-1,-34],[-41,-17],[-13,-41],[1,-44],[12,-1],[-1,-81],[1,-78],[19,5],[2,61],[11,3],[0,-21],[11,3],[1,43],[7,2],[0,-43],[31,0],[0,43],[-6,0],[0,42],[6,0],[0,42],[-19,0],[0,43],[15,0],[0,39],[-7,6],[-4,21],[0,43],[35,0],[0,-46],[-1,-23],[24,-7],[0,-87],[22,-6],[27,2],[2,-57],[2,19],[7,-1],[4,-9],[8,-2],[-2,52],[0,115],[19,0],[10,22],[4,-7],[1,-5],[-1,-36],[16,-27],[11,9],[13,-12],[5,-18],[7,-6],[0,-19],[-1,-23],[-7,-16],[-2,-27],[-6,-51],[1,-4],[9,-14],[7,-20],[-5,76],[3,20],[10,2],[-1,41],[21,2],[-8,45],[-1,1]],[[295463,487045],[12,6],[1,-8],[14,11],[0,8],[6,3],[7,16],[7,0],[8,21],[13,41],[2,49],[4,13],[3,42],[-2,28],[0,22],[7,20],[3,-6],[2,12],[11,29],[6,9],[6,-3],[4,-13],[5,4],[6,-17],[2,-25],[10,0],[7,-17],[9,-7],[14,6],[5,11],[7,5],[1,7],[8,-9],[19,4],[26,3],[96,6]],[[296111,484107],[-116,-3]],[[295995,484104],[0,195],[0,13],[-24,40],[-56,35],[-35,55],[0,149],[3,3],[7,-10],[11,12],[-1,96],[-7,-8],[-7,4],[-14,-11],[-6,3],[-6,-48],[-4,-20],[-28,-3],[0,46],[-8,5],[-4,-9],[-13,0],[-1,22],[1,40],[0,86],[0,65],[-113,0],[0,257],[-32,1],[-22,22],[-9,10],[-9,-3],[-21,-24],[-9,-4],[-56,0],[4,-73],[4,-19],[-1,-32],[1,-26],[5,-26],[3,-28],[2,-35],[10,-31],[-7,-11],[-2,-22],[-7,5],[-7,-19],[-13,4],[-2,-31],[2,-20],[0,-100],[-5,2],[-6,-20],[-6,-10],[-8,-3],[-9,-16],[-10,2],[-15,-5],[-7,-55],[-4,-37],[-6,-23],[-4,-75],[-3,-24],[-14,-21],[-10,-12],[-11,-62],[-4,-9],[-9,-34],[-4,-27],[-8,-13],[-7,-26],[-6,-40],[-14,-18],[0,-34],[-108,2],[-8,64],[-1,26],[-4,29],[-8,75],[-3,45],[3,27],[6,30],[32,142],[2,15],[8,160],[12,244],[-8,172],[-15,0],[-18,-5],[-62,1],[2,-50],[-8,-57],[-4,40],[-11,18],[-4,50],[-106,2],[-1,-160],[-12,-171],[-1,-31],[-7,-105],[10,5],[10,-6],[11,1],[5,8],[8,-7],[4,-19],[10,-3],[7,6],[13,-62],[4,-36],[5,-26],[2,-45],[-4,-26],[-4,-2],[-6,-14],[-7,-5],[-2,-13],[7,-50],[2,-31],[1,-36],[-9,-12],[-9,3],[-14,-23],[-3,-9],[0,-35],[-3,-35],[-9,-20],[-13,-24],[-4,-2],[-1,-17],[11,-3],[-5,-12],[1,-12],[-84,3]],[[294964,484103],[-1,1033],[0,27],[-2,818],[-1,511],[0,172]],[[295370,492695],[3,7],[7,-2],[2,18],[5,2],[7,-37],[-4,-14],[-7,3],[-3,-28],[-6,-2],[-4,28],[0,25]],[[295287,494952],[-5,-9],[2,-4],[-1,-58],[4,-37],[-1,-20],[10,-15],[10,-40],[2,-13],[11,-23],[10,11],[7,0],[8,8],[9,-38],[5,-46],[10,-50],[10,-17],[2,-25],[1,32],[4,-53],[6,-37],[1,-16],[-3,-1],[-10,-19],[-6,-16],[-19,-22],[-8,-21],[-15,-84],[3,-11],[-13,-61],[-3,4],[-1,-15],[-5,-3],[0,-27],[-3,-16],[-4,-5],[1,-50],[4,-46],[-2,-6],[4,-31],[4,-11],[0,-27],[-3,-41],[-2,-1],[-3,-3],[-2,-8],[-4,-4],[-5,-30],[-4,-8],[-5,-28],[-5,-12],[-9,-3],[-14,-39],[-5,6],[-12,35],[-18,14],[-8,17],[-6,-6],[-4,-16],[-13,3],[-4,7],[-5,-17],[-3,6],[0,16],[-6,4],[-5,-20],[-4,1],[-2,2],[-5,19],[4,58],[-2,39],[-2,14],[-9,8],[-9,23],[-5,7],[-9,29],[-10,55],[-2,29],[-6,47],[-6,24],[-3,20],[2,8],[-16,34],[-2,8],[4,-1],[-1,26],[3,9],[2,45],[-6,13],[0,25],[1,64],[1,13],[-2,11],[-3,3],[-4,-3],[-2,1],[1,5],[-2,-4],[-2,0],[-3,-4],[-5,-6],[-1,-18],[0,-63],[2,-10],[-9,-3],[-5,0],[-2,21],[-11,-1],[0,36],[-25,1],[0,46],[-13,1],[1,43],[0,43],[-30,0],[-2,43],[-7,-1],[-13,-1],[1,-151],[-13,-1],[0,11],[-25,1]],[[294915,494525],[0,30],[-13,0],[-6,0],[0,-22],[-5,0],[-2,43],[7,0],[-1,22],[7,0],[-1,106],[0,44],[-13,-1],[-12,0],[0,-53],[-6,12],[0,40],[-7,0],[-25,0],[0,21],[-13,0],[0,21],[-13,0],[0,42],[-27,1]],[[294785,494831],[-1,18],[11,2],[2,14],[3,-13],[0,63],[-14,1],[1,7],[0,35],[13,0],[0,44],[-4,0],[-9,0],[-48,1],[5,-53],[-1,-15]],[[294743,494935],[-3,0],[0,34],[-6,47],[-1,28],[-21,18],[-9,24],[-7,4],[1,-26],[7,-14],[-5,-35],[-5,-13],[-2,-1],[-2,-1],[-2,29],[3,30],[-11,32],[2,56],[-6,25],[11,-1],[2,28],[7,11],[1,6],[0,46],[-2,36],[-1,25],[2,61],[-9,6],[6,28],[-3,13],[-18,19],[-2,11],[-4,20],[-8,-9],[-13,21],[-5,25],[2,25],[3,6],[-15,-3],[-7,-41],[-6,0],[-8,-14],[-2,-3],[0,27],[-38,-1],[0,75],[-3,-3]],[[294566,495586],[0,15],[-9,-7],[-2,0],[-2,2],[-10,-9],[1,98],[-13,-1],[0,43],[-8,0],[1,42],[7,0],[13,0],[0,32],[-7,0],[-1,55],[-5,-1],[0,41],[-12,1],[-1,298],[-48,-2],[1,90],[-8,-16],[-3,0],[-12,16],[-21,6],[-2,22],[-23,168]],[[294402,496479],[0,3],[66,98]],[[291597,494807],[28,3],[16,0],[2,1],[16,0],[62,4],[17,1],[13,1],[18,1],[22,1],[10,1],[24,1]],[[291825,494821],[1,-12],[-3,-19]],[[291823,494790],[-12,-77],[-2,-12],[-3,-2],[-5,-5],[-2,-3],[-14,-13],[-1,2],[-22,-24],[-26,-69],[-9,-37],[1,-2],[-3,-13],[-1,-53],[0,-6],[-1,2],[-4,-18],[-2,-47],[-3,-11],[-5,-9]],[[291709,494393],[-7,-11],[-16,-60],[-5,5],[-3,31],[-4,4],[-12,11],[-10,14],[-17,38],[-9,46],[-4,78],[-5,5],[-6,1],[-9,2],[-5,11]],[[291452,488299],[73,-1]],[[291525,488298],[-3,-63],[-2,-11],[-7,12],[-7,-50],[7,-12],[-5,-36],[-11,18],[-1,-28],[1,-10],[-6,-2],[-9,7],[-9,21],[-3,19],[-6,-2],[-3,-1]],[[291461,488160],[-4,67],[-4,51],[-1,21]],[[295429,492693],[5,27],[9,0],[4,-18],[-1,-47],[-8,-20],[-7,1],[-7,25],[5,32]],[[292735,491676],[21,1],[5,-9],[9,-56],[6,-14],[6,-8],[15,-1]],[[292797,491589],[-7,-41],[-18,-2],[-37,1],[0,129]],[[291040,494560],[13,-64],[4,-22],[3,-17],[7,-33],[6,-15],[6,-34],[-2,-14],[1,-1]],[[291078,494360],[-1,-4],[-4,-39],[12,-113],[2,-17],[7,-34],[3,-66],[-3,-86],[7,-16],[7,-15]],[[291108,493970],[-4,-17],[-7,-34],[-4,-22],[-16,-92],[8,0],[-18,-120],[-8,-70]],[[290999,493621],[1,4],[19,146],[5,65],[2,30],[1,13],[3,63],[-1,23],[0,44],[6,144],[1,76],[1,181],[3,150]],[[291862,488574],[0,-1],[19,8],[16,9]],[[292109,488793],[6,-83],[-5,-18],[-17,-15],[-9,-34],[-3,-33],[2,-4],[33,-49],[10,-21],[4,-13],[3,-13],[12,-93]],[[292145,488417],[12,-94],[27,-210],[1,-14],[0,-24],[0,-52]],[[292185,488023],[-1,-1],[-2,53],[-25,-1],[-26,2],[-28,0],[-12,2],[-12,-1],[1,20],[-2,15],[-1,-17],[-2,-5],[-2,-13],[-32,1],[-25,-1],[-5,-3],[-3,-1],[-44,4],[-22,5],[-26,0],[-3,35],[0,-35],[-25,2],[0,6],[-4,-6],[-6,0],[-3,0],[-10,6],[-2,11],[0,2]],[[291863,488103],[0,21],[0,25],[0,21],[-3,1],[0,16],[-4,1],[7,4],[0,21],[-1,43],[1,32],[-1,10],[-1,26],[1,16],[1,44],[0,42],[0,7],[-4,7],[0,27],[3,0],[0,103],[0,4]],[[293688,478631],[0,-15],[5,9],[-2,-15],[0,-24],[-3,-41],[0,-44],[0,-36],[0,-52],[11,-1],[0,-9],[-11,0],[0,-45],[11,0],[0,-11],[-1,-11],[-3,-2],[-7,-3],[0,-43],[0,-13],[0,-75],[3,0],[0,-15],[0,-72]],[[293691,478113],[-3,0]],[[293688,478113],[-19,-1],[0,-34],[-5,5],[-8,14],[-2,3],[-3,3],[-3,2],[-2,1],[-10,0],[-50,-1],[-25,0],[-6,-1],[-19,3],[-27,-1],[-4,5],[-4,9],[-6,44],[-7,33]],[[293488,478197],[-3,11],[-3,18],[-2,6],[-1,16],[-8,170],[-6,1],[-6,1],[0,40],[-22,25],[-1,13],[-3,4],[0,7],[2,30],[-3,8],[0,24],[2,0],[-2,51],[-2,-13],[0,102],[5,1],[0,-74],[49,-6],[51,0],[38,0],[0,-11],[13,-14],[0,19],[18,-10],[10,10],[23,1],[7,-14],[14,24],[6,-42],[13,17],[11,19]],[[293436,494657],[9,15],[38,26],[1,6],[2,-1],[63,41]],[[293549,494744],[0,-25],[2,-17],[9,4],[4,12],[14,-60],[10,-48],[4,-13],[21,-96],[-8,-16],[-30,-53],[8,-18],[10,-35],[12,-27],[16,-12],[41,-21]],[[293662,494319],[1,-5],[19,-55],[2,-16],[2,-96],[1,-31],[4,-53],[1,-80],[2,-36],[4,-43],[1,-45],[0,-13],[-7,-54],[-10,-153]],[[293682,493639],[-11,1],[-68,-2],[-15,1],[-24,0],[-22,-2],[-29,0],[-76,-2]],[[293437,493635],[-1,143],[0,28],[0,128]],[[293436,493934],[0,42],[0,39],[0,46],[-1,86],[0,42],[1,83],[-1,42],[0,61],[0,13],[1,23],[-1,239],[1,7]],[[292773,492691],[0,1]],[[292773,492692],[4,0],[1,3],[1,14],[4,4],[1,5],[6,38],[2,-3],[2,-1],[2,5],[2,1],[1,-6],[1,-3],[2,1],[3,4],[20,67],[3,7],[22,-55],[7,-14],[2,0],[2,2],[2,4],[1,1],[2,-4],[5,0],[3,4],[2,-6],[2,-3],[1,0],[1,2],[0,3],[-1,3],[4,-4],[1,1],[7,14],[0,4],[-2,7],[0,7],[2,16],[6,3],[3,3],[2,-5],[4,12],[2,15],[6,-1],[2,14],[5,-3],[0,-7],[1,-11],[2,-2],[1,2],[1,7],[3,-3],[2,2],[2,-5],[1,2],[-1,9],[-2,7],[0,6],[2,3],[4,-15],[1,1],[0,13],[2,17],[6,2],[4,-12],[1,1],[2,5],[6,5],[6,38],[3,10],[3,-6],[6,4],[4,22],[-7,14],[-1,8],[4,16],[6,1],[0,16],[4,2],[2,14],[4,7],[0,14],[11,14],[3,1]],[[293007,493050],[-1,-24],[8,-10],[6,20],[2,-56],[4,-21]],[[293026,492959],[5,-11],[4,-17],[7,7],[3,-18],[8,8],[2,-28],[-1,-9],[7,-13],[3,11],[8,13],[7,4],[2,1],[-1,-18],[0,-4],[6,15],[7,-4],[-3,-9],[5,-4],[-1,-10],[5,-8],[4,5],[3,-12],[2,9],[5,2],[7,-5],[-4,-6],[8,-15],[4,7],[1,-13],[4,4],[5,-7],[4,-13],[9,-3],[-1,22],[6,-2],[1,-22],[5,-17],[5,-22],[2,-19],[3,6],[4,-10],[2,13],[5,-8],[1,21],[4,-1],[16,20],[5,23],[0,17],[4,7],[2,26],[3,15],[10,12],[4,15],[8,13],[3,27],[4,6],[1,-15],[4,5],[7,-9],[8,1],[1,15],[4,-9],[7,12],[4,12],[3,-3],[12,36],[6,4],[2,-17],[9,-2],[7,7],[0,-16],[3,2],[5,19],[8,-1],[4,15],[10,12],[3,-6],[12,29],[0,16],[4,9],[8,29],[2,18],[-1,19],[8,20],[3,16],[4,7],[3,22],[4,26],[8,-16],[6,8],[11,29],[4,23],[7,3]],[[293438,493280],[-1,-155],[4,-7],[7,-81],[9,-38],[0,-45],[33,1],[41,1],[5,7],[3,24],[0,-152],[-1,-27],[-10,-44],[-5,-8],[2,-17],[11,-29],[6,-54],[0,-31],[-2,-10],[-87,-1],[-12,47],[0,-47],[-2,-639],[-1,-346],[-1,-35],[0,-53],[-6,-43],[-6,-20],[2,-9],[-7,-51],[-1,-61],[-7,-67],[-5,-22],[-27,-65],[3,-8],[9,5],[12,-28],[10,-45],[4,-6],[1,-29],[6,-11],[14,0],[0,-804]],[[293439,490277],[1,-46]],[[293440,490231],[-7,-2],[-242,1],[-36,0],[-200,2]],[[292955,490232],[8,56],[2,30],[6,20],[-4,38],[7,29],[-3,69],[1,41],[4,12],[1,214],[38,0],[0,170],[-37,1],[0,170],[-5,2],[-1,36],[-5,63],[-2,68],[-7,-2],[-12,-15],[-20,-6],[0,146],[12,-1],[0,213],[52,0],[0,85],[-106,2],[-2,15],[1,27],[-20,1],[0,41],[-13,-4]],[[292850,491753],[-7,0],[-2,7],[36,229],[-4,6],[38,206],[-4,7],[3,20],[-21,1],[-1,41],[-2,2]],[[292886,492272],[1,129],[-9,-5],[-7,25],[-8,35],[-4,30],[-7,0],[-7,14],[0,-36],[-3,-6],[1,-20],[-14,0],[-6,3],[0,16],[-10,-1],[0,26],[-14,12],[0,71],[15,0],[1,18],[2,13],[-6,10],[-3,1],[-9,0],[-13,-1],[0,30],[6,-3],[1,1],[7,-10],[2,19],[0,13],[-13,-7],[-16,-1],[0,43]],[[293290,483574],[5,1],[8,-1],[86,2],[41,6]],[[293430,483582],[0,-458],[0,-24],[0,-35]],[[293430,483065],[-2,0],[-9,-1],[-20,0],[-20,0],[-8,1],[-38,0],[-44,3],[-1,-1],[-31,2],[-17,0],[-12,0],[-51,1],[-2,1],[-34,0],[-17,1],[-23,0],[-29,0],[-13,0]],[[293059,483072],[1,34],[1,5],[5,9],[5,25],[9,32],[10,18],[7,28],[12,51],[4,44],[0,9],[-6,43],[-5,27],[0,22],[1,32],[-5,37],[-6,51],[2,39],[1,0]],[[294816,494319],[4,14],[6,9],[1,4],[2,1],[1,27],[28,2],[6,-9],[0,19],[19,1],[0,-20],[24,0],[8,-4],[0,86],[-7,0],[-3,15],[0,26],[10,0],[0,35]],[[295287,494952],[-3,7],[4,0],[-1,17],[3,23],[12,29],[9,-11],[4,5],[19,25],[10,-11],[5,-15],[10,-47],[2,-34],[2,-48],[5,-31],[5,-15],[3,7],[7,-14],[-2,-9],[1,-15],[7,0],[5,13],[3,-21],[16,-7],[10,-17],[12,-35],[2,-19],[8,-26],[5,-9],[10,4],[9,-4],[8,5],[10,-16],[2,-38],[2,-5],[1,-36],[1,-19],[4,1],[11,-24],[5,-5],[10,-56],[3,8],[8,-16],[1,19],[3,1],[3,28],[-4,18],[-4,44],[1,10],[9,32],[2,25],[-2,20],[1,13],[10,25],[12,29],[3,3],[1,20],[6,13]],[[296083,492081],[-3,-2],[-49,3],[1,-70],[-17,-6],[-14,-51],[0,-89],[-1,-48],[35,39],[21,-16],[2,-39],[19,-84],[12,-39],[6,-9],[4,-43],[14,10],[6,-40],[9,-31],[11,13],[4,-21],[-2,-41],[2,-63],[2,-20],[8,-42],[13,-1],[-3,25],[0,9],[2,7],[-4,9],[-3,16],[-3,5],[-1,7],[-1,45],[4,30],[11,5],[4,-2],[0,25],[-4,10],[-2,26],[-13,16],[3,55],[-8,-7],[0,45],[-5,8],[-7,-18],[-9,24],[1,18],[5,20],[-1,10],[-11,37],[0,36],[-5,12]],[[296268,490194],[-202,13],[8,8],[3,142],[5,28],[-4,21],[3,146],[-2,24],[3,5],[1,44],[1,95],[-15,5],[-8,-6],[-4,9],[-6,1],[-8,-12],[-16,16],[-13,2],[-3,-10],[-5,11],[-66,9],[-1,-25],[-12,-4],[-4,-6],[-3,-250],[2,-14],[-2,-17],[-1,-34],[-5,-4],[-81,-1],[-1,175],[-1,5],[-89,12]],[[295742,490582],[-20,3],[-1,55],[-50,191],[-2,16],[-4,60],[3,7],[1,19],[-4,26],[-2,57],[0,19],[-1,36],[4,31],[7,32],[0,38],[-2,25],[-1,43],[1,38],[1,16],[4,8]],[[295676,491302],[-1,31],[2,15],[7,30],[6,33],[6,3],[0,340],[-22,-2],[1,96],[-145,-214],[-4,-3],[-4,0],[0,260]],[[295522,491891],[25,1],[0,-85],[51,0],[0,75],[51,0],[0,-18],[12,0],[0,37],[-12,0],[0,131],[-26,0],[0,-18],[-25,-2],[0,-19],[-25,0],[0,-37],[-26,0],[0,-9],[-25,-1]],[[295522,491946],[0,150],[-16,5],[-5,-27],[-7,-25],[-11,-29],[-14,-23],[-12,-29],[-15,-27],[-14,-13],[-15,-7],[-13,-12],[-10,6],[-16,24],[-6,12],[-14,23],[-14,30],[-11,54],[-1,33],[11,8],[-23,0]],[[295316,492099],[-73,1],[-14,0],[-1,6],[-27,136],[7,-12],[4,14],[-2,26],[-6,6],[-2,35],[-4,13],[1,22],[1,12],[6,9],[-1,38],[7,20],[-6,16],[2,22],[-4,14],[1,20],[-3,40],[2,24],[-9,16],[-4,0],[-6,24],[-7,6],[-2,24],[4,44],[-4,7],[-4,20],[-8,6],[-3,45],[2,34],[-7,37],[-3,52],[-9,17],[-1,5],[-58,23],[-23,-118],[0,-108],[-35,2],[-16,81],[0,46],[-10,-1],[-3,-21],[-5,-7],[-1,-12],[-7,-3],[2,-53],[-2,-36],[2,-25],[-3,-7],[2,-10],[-6,-5],[-6,-16],[-10,-10],[-7,7],[1,-81],[-7,1],[0,-22],[-13,0],[-12,0]],[[294926,492523],[-1,57],[3,9],[2,24],[-5,20],[4,8],[0,52],[-10,0],[1,76],[12,-6],[0,17],[0,84]],[[294932,492864],[0,42],[0,43],[13,-1],[13,0],[0,18],[0,25],[14,1],[13,1],[0,21],[0,21],[0,52],[0,34],[0,64],[0,22],[0,44],[-1,19],[0,19],[1,6],[2,14],[-20,-13],[-1,56],[-12,0],[0,36],[-38,4],[-1,21],[-12,-2],[-2,22],[-11,0],[0,40],[-27,2]],[[294863,493475],[-10,93],[-5,102],[1,13],[10,24],[5,23],[1,41],[0,32],[0,80],[-13,14],[0,23],[13,0],[0,43],[0,22],[-2,0],[-11,-1],[0,21],[13,1],[0,12],[0,8],[-13,0],[0,22],[12,0],[0,22],[0,22],[-12,0],[-7,0],[0,0]],[[293947,477982],[20,2],[38,2],[18,2],[11,1],[12,3],[-2,45],[12,4],[0,34],[0,0]],[[294056,478075],[0,-84]],[[294056,477991],[0,-44],[0,-88],[1,-121],[0,-40],[0,-88],[0,-188],[0,-26]],[[294057,477396],[-23,3],[-28,-1],[-5,-3],[3,-47],[2,0],[1,-21],[-7,0],[0,-30],[5,1],[1,-16],[-6,-1],[1,-21],[6,-2],[0,-75]],[[294007,477183],[-10,-5],[-5,-18],[-2,-17],[-3,-26],[-4,-12],[-5,-5],[-8,-1],[-24,0]],[[293946,477099],[9,31],[3,19],[1,52],[-1,23],[0,134],[2,34],[4,47],[0,39],[0,22],[0,21],[0,11],[3,35],[1,7],[0,17],[-1,59],[0,83],[7,3],[0,32],[5,11],[3,26],[-1,6],[-11,36],[-1,10],[0,45],[0,43],[0,11],[-17,-2],[-9,-5],[4,33]],[[292791,482052],[25,-1],[0,303],[0,39],[0,60],[0,38],[1,187]],[[292817,482678],[0,16]],[[292817,482694],[16,0],[22,-47],[13,-85],[4,-78],[6,-75],[0,-16],[1,-13],[5,-41],[6,-22],[20,-49],[9,-18],[21,-26],[8,-7],[1,-2],[1,-1],[18,-29],[19,-19],[16,-22],[16,-32]],[[293019,482112],[7,-15],[4,-12],[8,-32],[11,-45],[-12,-64],[2,-16],[0,-41],[1,-22],[1,-61],[2,-22],[0,-13],[2,-23],[0,-13],[5,-21],[1,-21],[3,-17],[2,-20],[-3,0],[-1,9],[-3,3],[0,-21],[-3,12],[-3,-3],[-3,8],[-2,-4],[-10,7],[5,-5],[5,-10],[4,3],[1,-7],[4,6],[2,-11],[2,15],[2,-14],[2,8],[5,-32],[0,-17],[-4,-10],[-6,-9],[-1,-9],[-3,-3],[-3,0],[2,-7],[5,4],[1,7],[4,6],[3,-3],[0,13],[3,2],[1,14],[2,-15],[1,-21],[5,-42],[4,-34],[6,-60],[1,-29],[-4,0],[-2,-7],[-4,-3],[-3,24],[-2,17],[-7,4],[-2,-14],[5,-15],[4,-1],[5,-24],[3,6],[5,4],[4,-6],[3,-16],[1,-38],[3,-16],[2,-25],[1,-20],[4,-16],[-2,-10],[3,-16],[8,-65],[-1,-11],[3,-26],[2,-13],[1,-9],[2,-17],[1,-17],[2,-28],[3,-13],[1,-52],[1,-24],[2,-35],[2,-40],[-1,-19],[-2,2],[-1,-2],[-2,-11],[-1,-8],[-6,2],[-6,-2],[7,-8],[2,6],[3,-1],[4,13],[0,4],[-1,2],[1,3],[1,-1],[1,-2],[0,-2],[1,0],[0,-2],[1,-18],[2,-30],[1,-32],[-1,-23],[2,-21],[1,-15],[-1,-8],[1,-14],[2,-43],[0,-18],[1,-31],[2,-32],[1,-17],[2,-28],[-1,-7],[2,-23],[2,-48],[-1,-16],[2,-18],[1,-22],[1,-22],[-2,-18],[4,-27],[-1,-39],[1,-33],[0,-7],[-3,-13],[0,-16],[-4,-16],[-2,-17],[-3,-5],[-7,0],[-11,-6],[-6,0],[-2,-9],[-4,-14],[-6,6],[3,14],[3,7],[1,23],[-3,9],[-4,-2],[1,-17],[3,-13],[-6,-22],[-4,-7],[-2,5],[-1,33],[-3,46],[0,10],[-4,-1],[-1,25],[1,10],[-5,24],[3,-27],[-3,-17],[-1,15],[-3,11],[3,31],[-5,-2],[-2,8],[0,11],[3,18],[5,6],[3,20],[0,63],[-1,14],[-6,24],[3,-4],[6,3],[-4,2],[6,26],[4,23],[-2,-31],[1,-22],[4,6],[-3,15],[2,11],[-1,11],[2,-3],[0,-14],[4,-10],[2,0],[-1,-11],[-2,-11],[5,-6],[0,15],[3,-3],[-3,8],[-1,16],[1,14],[-3,13],[-4,2],[4,29],[3,-11],[0,-12],[3,-5],[0,-16],[2,-5],[4,5],[5,7],[1,-5],[4,11],[-4,-3],[-5,-4],[-3,3],[-3,-9],[-2,24],[6,14],[2,-15],[3,11],[-3,8],[2,5],[0,16],[3,-11],[-2,16],[2,10],[3,-10],[5,9],[-5,-4],[-2,8],[3,3],[-1,9],[-4,-7],[-1,10],[-1,-16],[-8,0],[2,13],[-3,13],[-3,41],[5,19],[-3,17],[-1,31],[2,5],[-1,5],[-2,1],[0,2],[2,0],[2,4],[-3,8],[3,5],[2,4],[-5,-4],[-2,12],[2,8],[-1,9],[-2,-9],[0,-16],[-2,-7],[1,-7],[2,-4],[1,-6],[2,-3],[-2,-5],[0,-45],[-4,-10],[-3,5],[-1,-8],[4,-3],[0,-12],[-9,10],[-4,-11],[-1,-10],[-3,-5],[0,-16],[-5,0],[-7,-7],[0,-16],[0,-21],[-3,-14],[-2,-2],[-5,-21],[-1,-11],[-5,-26],[-1,-12],[-2,-14],[-1,-22],[-4,-5],[1,-8],[4,1],[3,-12],[-3,-3],[-5,10],[-4,-11],[-2,-2],[-7,4],[-3,-11],[-6,-2],[-3,9],[0,-16],[-7,18],[1,-8],[-1,-8],[3,-3],[2,-13],[-2,-5],[0,-9],[-4,13],[0,8],[-5,7],[3,-9],[-1,-11],[3,-16],[-2,-7],[-2,4],[-5,-6],[1,20],[-2,31],[-1,13],[-4,-4],[-3,6],[-1,11],[-2,14],[0,-20],[-2,-8],[-4,10],[-5,-10],[-4,-4],[-2,-8],[-2,0],[-2,7],[0,13],[5,2],[0,13],[-3,-9],[-4,1],[-1,6],[-5,2],[0,-21],[-3,-7],[-1,-14],[-4,-1],[-3,-8],[-4,-2],[-5,-18],[-3,-7],[3,-11],[2,-18],[-4,-44],[-3,-1],[-3,-16],[-4,-16],[-3,-18],[-2,4],[-3,-9],[1,-24],[-1,-13],[-4,-16],[0,9],[-2,2],[-7,-55]],[[292907,480147],[-24,14],[-27,29],[-17,13],[-5,1],[-36,23],[0,2],[-1,172],[1,34],[-1,265]],[[292797,480700],[10,-17],[3,-14],[-1,-22],[5,2],[2,-25],[0,-26],[4,-15],[7,10],[0,11],[5,27],[5,5],[1,-19],[3,17],[2,-7],[-2,28],[3,1],[0,18],[7,2],[4,23],[-5,21],[-4,0],[4,-17],[-3,0],[-3,40],[-7,24],[-5,28],[8,-14],[9,41],[1,27],[5,21],[7,15],[3,-12],[5,30],[2,35],[5,19],[10,-37],[10,32],[25,41],[5,13],[8,36],[4,48],[0,66],[-9,0],[-1,15],[-14,4],[-36,9],[-6,3],[1,31],[0,43],[1,190],[0,2]],[[292875,481453],[1,22],[3,32],[7,43],[-5,0],[7,55],[-6,11],[3,19],[5,38],[12,-10],[2,28],[2,20],[-39,-1],[-21,0],[-49,0],[-32,-1]],[[292765,481709],[9,2],[3,6],[3,53],[3,9],[11,13],[9,30],[2,10],[5,69],[0,3],[-16,89],[0,54],[-3,5]],[[294142,474405],[4,34],[6,23],[-3,6],[5,19],[-2,28],[-4,17],[-7,5],[-2,38],[-4,71],[-4,6],[-5,-6],[-1,-11],[-6,13],[-4,42],[8,17],[3,-5],[3,11],[7,17],[9,15],[2,0],[0,26],[18,5],[4,-2],[0,-61],[43,0]],[[291815,499418],[31,0],[2,0],[3,0],[48,0],[8,0]],[[291907,499418],[8,0],[56,-1],[29,-1],[32,0],[72,0]],[[292104,499416],[49,1],[5,0],[18,0],[8,-1],[20,1],[157,3]],[[292361,499420],[0,-8],[-14,-157],[0,-9],[-16,-181],[-1,-8],[-13,-146],[-1,-13],[-14,-36],[-7,-2],[-7,-15],[-2,-25],[-18,-7],[-3,-21],[-6,-111],[2,-76],[6,-18],[4,-35],[-5,-42],[0,-26],[-10,-19],[-7,-43],[2,-21],[-8,-11],[0,-53],[3,-25],[7,-17],[2,-35],[-2,-67],[-5,-17],[2,-16],[-2,-8],[-2,-32],[2,-13]],[[292248,498107],[-17,4],[-25,-2],[-10,4],[-31,30],[-80,10],[-3,-3],[-34,-46]],[[292048,498104],[-2,-1],[-24,20],[-11,15],[-8,4],[-18,1],[-40,54],[-9,12],[-7,3],[-17,2],[-16,3],[-21,0],[-18,-4],[-13,-8]],[[291844,498205],[0,71],[4,40],[1,48],[9,34],[-4,-3],[-13,9],[-4,-5],[4,34],[0,39],[2,21],[-2,75],[-44,0],[0,42],[26,2],[0,9],[0,32],[-16,-5],[-5,13],[1,77],[7,-1],[0,43],[10,0],[0,21],[2,0],[-5,21],[0,26],[6,-1],[0,49],[-3,11],[-15,0],[0,17],[-4,1],[-3,-17],[-46,-1],[5,21],[-9,-20],[-2,-1]],[[291746,498907],[0,106],[24,1],[9,42],[3,20],[6,33],[9,50],[0,45],[-13,0],[1,42],[13,1],[0,-15],[4,-10],[3,9],[-1,15],[6,1],[0,154],[5,0],[0,17]],[[294738,494874],[-3,-28],[-1,-31],[1,-33],[2,-39],[50,1],[0,35],[-2,52]],[[294751,494446],[-2,1],[0,43],[-13,56],[-7,28]],[[294729,494574],[-9,43],[1,6],[4,35],[4,31],[-2,50],[4,4],[-20,-1],[0,8],[0,10],[14,42],[1,20],[3,-3],[1,12],[1,9],[3,14],[-1,7],[2,12],[3,1]],[[294363,495855],[53,0],[-10,1],[-2,9],[0,85],[-1,15],[-8,28],[-4,31],[-12,33],[-6,39],[-11,37],[1,60],[-1,125],[-21,0],[0,65],[18,31],[43,65]],[[294566,495586],[-2,-1],[-8,-9],[0,-20],[7,1],[0,-43],[-14,0],[-1,-19],[-4,-23],[-2,-55],[-6,-4],[-4,-14],[-9,-57],[-15,-41],[-2,2],[-2,4],[-5,2],[0,-14],[-4,-59],[-17,36],[-12,18],[-7,-2],[-13,-29],[-1,-4],[-3,-25],[0,-19],[-2,0],[-3,0],[0,13],[0,14],[-8,-12],[-9,-15],[-29,-44],[-12,-21],[-2,-1],[-3,5],[1,12],[-4,5],[-3,-20],[-11,-14],[-9,15],[-1,34],[-7,3],[-8,1],[-4,3],[-1,0]],[[294327,495189],[0,67],[-9,-1],[12,59],[7,26],[1,5],[0,31],[5,5],[18,3],[6,1],[0,201],[-4,14],[0,79],[0,176]],[[292575,493459],[2,20],[3,33],[2,50],[4,114],[5,123]],[[292591,493799],[0,-24],[8,-4],[0,-29],[-2,-28],[2,-20],[14,0],[1,-29],[-3,-26],[6,-8],[4,-2],[12,1],[13,0],[26,0],[25,0],[17,0],[0,26],[4,0],[0,-26],[4,0],[0,17],[4,-1],[0,-16],[7,-1],[2,0],[12,1],[26,0],[0,51],[13,-6],[6,6]],[[292792,493681],[0,-18],[7,0],[0,-32],[4,0],[-1,-53],[3,-32],[-6,0],[-1,11],[-4,1],[0,-13],[0,-31],[5,-35],[-1,-17],[0,-47],[14,-24]],[[292812,493391],[-5,-19],[-5,-38],[10,-48],[-2,0],[-11,0],[0,-85],[5,-15],[-3,-1],[1,-69],[-11,-1],[-18,0],[0,-76],[0,-22],[0,-70],[0,-39],[0,-24],[0,-24],[0,-167],[0,-1]],[[292773,492691],[-1,6],[-12,0],[-4,16],[-3,9],[-3,4],[0,2],[-5,17],[-10,5],[-3,6],[-3,15],[0,9],[-3,16],[0,3],[2,5],[0,5],[0,5],[0,6],[-7,29],[-2,8],[-8,31],[-5,10],[-8,37],[-11,-2],[-3,6],[-2,5],[-4,20],[2,23],[-5,20],[-4,12],[-2,4],[-8,-18],[-7,2]],[[292654,493007],[1,7],[11,41],[8,4],[2,23],[-5,-7],[0,40],[-1,38],[-3,43],[-3,1],[-18,7],[-26,-3],[-33,1],[-5,2],[-12,-1],[0,92],[-16,-2],[-3,-13],[-8,-56],[-1,6],[-11,78],[-2,20],[12,5],[3,12],[-1,24],[17,3],[2,-1],[13,88]],[[292800,493392],[4,-13],[3,12],[-5,9],[-2,-8]],[[291321,496803],[20,1],[24,1],[23,0],[2,0]],[[291390,496805],[8,0],[10,-1],[0,-16],[-5,-14],[8,-8]],[[291411,496766],[1,-11],[-6,3],[-2,-14],[-7,1],[-3,-15],[2,-2],[-4,-22],[3,-34],[-5,1],[-5,17],[-4,-2],[1,-17],[-6,-13],[7,-19],[-3,-17],[5,-27],[-4,-59],[7,-25],[3,0],[-4,-14],[-2,-1],[-2,-6],[7,-9],[0,-37],[-6,-46],[-4,-10],[-5,-11]],[[291375,496377],[-4,0],[-8,0]],[[291363,496377],[-16,0],[-4,-1],[-3,0],[-20,1],[-8,-5]],[[291312,496372],[15,10],[0,14],[-7,8],[0,13],[-7,4],[4,5],[0,36],[-5,-5],[1,27],[0,28],[0,37],[3,0],[1,32],[10,5],[-13,48],[1,33],[0,49],[0,51],[7,4],[-1,32]],[[291734,489226],[9,19],[-7,1],[-2,7],[7,12],[6,3],[1,-12],[8,6],[-1,13],[12,59],[1,-17],[0,14],[-3,23],[3,28],[-7,15],[-13,8],[0,10],[12,28],[2,11],[3,-14],[6,4],[5,5],[-2,26],[-2,3],[3,20],[9,0],[11,-3],[20,-25],[1,-1],[1,-8],[0,-10],[9,-66],[-19,-9],[0,-11],[0,-22],[0,-6],[-14,-36],[-5,-29],[-3,-21],[-4,-11],[-1,-15],[-13,-5],[-16,-13],[-12,-31],[3,15],[-6,5],[-3,20],[1,10]],[[291443,492098],[17,0],[0,22],[3,0],[0,-22],[7,0],[6,6],[25,-5],[0,23],[3,-1],[6,-22],[4,5],[39,-4],[2,0],[3,0],[17,0]],[[291575,492100],[1,0]],[[291576,492100],[0,-5],[0,-37],[1,-32],[0,-11],[1,-43],[0,-42],[-1,-43],[-12,0],[0,-42],[11,1]],[[291576,491846],[2,-85],[0,-3],[0,-3],[0,-69],[-5,0]],[[291573,491686],[-5,0],[-16,-1],[-12,0],[-13,0],[-9,-1],[-16,1]],[[291502,491685],[-21,-1],[-5,0],[-17,0],[-21,0]],[[291438,491684],[0,32],[0,32],[0,52],[0,11],[0,31],[0,86],[0,10],[2,1],[1,7],[0,3],[-1,6],[-2,4],[0,11],[1,0],[0,4],[4,0],[0,4],[-4,0],[0,9],[-1,0],[0,25],[1,1],[0,42],[5,1],[-1,42]],[[294366,476267],[-29,0],[-29,-1]],[[294308,476266],[0,28],[-6,28],[-13,32],[-7,26],[-8,58],[-2,18],[-1,54],[4,1],[9,-12],[4,2],[9,20],[12,0],[0,15],[4,-9],[21,-1],[14,3],[1,-7],[12,-1],[4,0],[3,-207],[-2,-47]],[[294494,478181],[2,-98],[2,-74],[2,-88],[1,-32],[-1,-40],[-1,-16],[-3,-23]],[[294496,477810],[-33,54],[-35,58],[-12,31],[-18,59],[-14,46],[-28,90],[-1,4]],[[294355,478152],[0,114],[1,-87],[32,0],[1,-5],[13,-50],[4,15],[0,41],[72,1],[16,0]],[[293634,483064],[2,-48],[3,-53],[9,-48],[7,-25],[4,-73],[-1,-14],[-7,-44],[-8,-47],[-1,-34],[-5,-71],[-3,-13],[-5,-43],[-2,-16],[-2,-10],[-16,-72],[-7,-2],[-7,-34],[-1,-30],[-2,-10],[-9,-25],[-8,-8],[-7,-10],[-3,-6],[-18,-27]],[[293457,482925],[1,3],[-22,136]],[[293436,483064],[20,0],[1,-4],[26,-5],[1,8],[100,-3],[47,0],[3,4]],[[291360,493164],[0,-5]],[[291360,493159],[1,-21],[-5,1],[0,-22],[1,-1]],[[291357,493116],[-2,0]],[[291355,493116],[-1,21],[-6,5],[0,11],[12,11]],[[291245,493887],[7,4],[17,5],[26,0],[8,0],[-2,-43],[3,0],[3,0],[0,32],[5,0],[0,11],[4,0],[0,-11],[-3,-11],[0,-21],[0,-21],[4,0],[2,0],[0,21],[3,0],[3,0],[0,-21],[2,0],[0,10],[4,0],[0,9],[3,0],[-7,2],[5,10],[0,22],[2,0],[2,-4],[0,-28],[7,-1],[2,-16]],[[291345,493836],[17,13],[4,19],[-1,-10],[6,-28]],[[291371,493830],[-1,-4],[-1,-6],[-5,-31],[-1,-24],[-1,-10],[0,-13],[-1,-18],[10,-1],[1,-20],[2,-23],[1,-5],[1,-7],[-15,-31],[-3,-19],[0,-1]],[[291358,493617],[-2,0],[-11,0],[-1,-44],[0,-21],[0,-21],[0,-41],[0,23],[4,-1],[0,8],[2,0],[0,13],[2,-3],[3,-17],[8,-47],[-8,39],[-1,-39],[0,36],[-3,5],[-1,-40],[-6,-1],[2,-86],[1,-88],[1,-29],[2,-31]],[[291350,493232],[2,-32],[-4,0],[-5,1],[-3,0],[-2,1],[-4,1],[-1,42],[-5,-2],[-3,0],[-3,1],[-1,46],[-7,-16],[-10,11],[-3,9],[2,36],[-2,25],[-5,25],[-1,10],[0,34],[-6,1],[0,34],[-13,7],[1,21],[-3,-1],[1,6],[2,17],[-3,23],[-4,17],[0,-40],[-6,0],[-5,1],[-12,0],[-3,0]],[[291244,493510],[0,131],[0,43],[0,42],[2,0],[0,43],[-2,0],[0,17],[0,19],[0,28],[0,11],[0,10],[0,21],[1,12]],[[292766,483855],[53,-2],[0,-4],[0,-198],[0,-95],[12,-1],[1,0],[0,6],[-11,2],[0,27],[13,0],[2,10],[0,0],[8,0],[33,-5],[6,-2],[14,-37],[28,-56],[8,-14],[7,-3],[5,3],[16,32]],[[292961,483518],[6,1],[7,-11],[4,-14],[18,0],[17,-1],[2,-79],[-6,-64],[-7,-51],[-4,-10],[-3,-18],[-7,-47],[2,-17],[-6,-52],[0,-1],[-1,-17],[-4,-38],[0,-3],[1,-3],[-3,-20]],[[292977,483073],[-4,0],[-1,0],[-6,0],[-38,1],[-59,0],[-39,1],[-2,-1],[-2,1],[-9,0],[0,-18],[0,-4]],[[292817,483053],[-27,-55],[-7,-4],[-11,11],[-5,21],[-13,22],[-11,39],[-7,26],[-1,12],[-5,27],[-3,15],[-9,16],[-13,16],[-5,16],[0,2],[0,1],[-1,25],[1,62],[-3,10]],[[292697,483315],[3,6],[5,-9],[2,12],[-4,9],[4,18],[0,11],[6,26],[-1,20],[5,8],[-1,19],[4,7],[2,19],[-1,15],[4,22],[-2,11],[3,22],[-1,12],[3,37],[4,9],[0,12],[0,21],[15,60],[2,15],[10,29],[2,13],[4,8],[0,15],[2,11],[5,12],[0,38],[-6,11],[0,21]],[[291307,492695],[4,20],[11,23],[0,2],[0,20],[1,6],[3,12],[2,0],[-2,6],[18,61],[4,0],[0,14],[0,1]],[[291348,492860],[2,7],[24,58],[9,21],[3,14]],[[291386,492960],[2,-15],[8,0],[4,0],[7,-40],[-8,-1],[0,-21],[12,0],[5,-21],[4,-21],[4,-21],[4,-19],[1,-7],[3,-14],[3,-15],[2,-12],[0,25]],[[291437,492778],[2,0],[26,0],[36,0],[0,1]],[[291501,492779],[25,0],[0,-103],[0,-43],[0,-35]],[[291526,492598],[0,-6],[-10,-22],[-5,-15]],[[291511,492555],[-10,11],[-6,21],[0,22],[-1,0],[-30,-1],[4,-21],[-4,22],[-14,0],[-4,-8],[-1,4],[-8,-1],[0,4],[-19,0],[0,-4],[-28,0],[-3,-1],[0,5],[-27,0],[-5,-11],[-6,0],[0,-11],[-12,21],[-14,0],[-12,-9],[-1,-5],[-13,-16],[-5,12],[0,26],[1,5],[1,5],[1,6],[1,6],[1,4],[0,4],[1,5],[1,5],[1,5],[3,18],[2,8],[2,8],[0,1]],[[291919,486177],[1,0],[4,0],[2,0],[6,0],[1,1],[9,-2],[6,0],[1,-20],[2,0],[0,9],[11,11],[1,0],[3,0],[8,0],[-1,-20],[16,-9],[0,29],[11,0],[9,0],[0,-10],[5,-1],[0,3],[13,-1],[0,9],[13,0],[25,0]],[[292065,485830],[0,-110],[0,-10],[0,-28],[-5,0],[0,-14],[3,-14],[2,0],[0,-9],[-3,2],[3,-28],[0,-21],[0,-68],[0,-81],[0,-36],[0,-20],[0,-40],[11,0],[3,-31],[-4,-11],[3,-1],[0,-31],[5,0],[1,-42]],[[292084,485237],[0,0],[-18,2],[-1,5],[-12,-1],[3,-13],[0,-29],[-4,-8]],[[292052,485193],[-30,156],[-27,169],[-4,15],[-30,119],[-2,4],[-6,38],[-6,34],[-3,13],[-12,96],[-3,11],[-3,10],[-3,48],[-2,33],[2,11],[2,21],[-3,47],[0,6],[-2,131],[-1,14],[0,8]],[[293435,498006],[4,15],[7,12],[12,14],[9,23],[11,7],[6,16],[2,-14],[13,11],[4,13],[4,-3],[14,15],[3,14],[5,-6],[9,5],[3,-9],[3,15],[3,-7],[6,5],[3,-11],[3,10],[17,-16],[8,12],[11,-13],[6,-21],[10,0],[10,-17],[4,-10],[7,-44],[6,-51],[6,-32],[8,-21],[22,5],[4,11],[4,34],[4,7],[4,-19],[6,-2],[20,-4],[15,14],[8,-4],[0,423]],[[293739,498383],[54,1],[257,9],[0,185],[120,-2],[87,2],[0,-180],[94,0]],[[294351,498398],[1,-16],[6,2],[1,-8],[16,-82],[3,-44],[6,-8],[10,-62],[3,-36],[10,-9],[-3,-16],[0,-31],[1,-20],[4,-14],[-1,-22],[8,-42],[3,-46],[4,-24],[4,0],[20,48],[4,29],[16,-15],[1,-586],[0,-816]],[[294363,495855],[0,127],[-108,-1],[13,27],[1,10],[-2,19],[-6,7],[0,-19],[-13,-1],[0,164],[7,-7],[-1,14],[-20,-12],[-2,-6],[0,-14],[-1,-4],[-6,-1],[1,-26],[-10,-17],[-6,-4],[-2,0],[-10,0],[-8,0],[-6,0],[-3,0],[-31,0],[-1,10],[-2,32],[2,-128],[-15,-1],[-1,-84],[-25,0],[-4,0]],[[294104,495940],[-13,138],[-7,69],[-1,12],[-23,-24],[-138,-145]],[[293922,495990],[1,4],[4,24],[4,13],[10,28],[11,19],[0,-49],[25,26],[13,11],[0,48],[13,13],[-1,-18],[13,0],[0,31],[7,10],[19,0],[0,43],[0,12],[-3,-13],[-10,-1],[-13,-25],[-2,-4],[-4,-4],[-32,-14],[0,22],[-5,0],[0,-24],[-5,-2],[-3,2],[-21,39],[-7,11],[-10,1],[0,42],[-13,0],[0,19],[1,70],[-12,0],[0,28],[-1,11],[0,57],[4,7],[-31,193],[0,76],[-3,0],[0,487],[-2,34],[10,38],[-1,28],[-1,10],[-17,64],[-2,20],[-9,0],[-2,0],[0,62],[25,85],[-4,33],[2,38],[-2,17],[-6,12],[-5,27],[-3,35],[-3,15],[-14,12],[-7,19],[-8,12],[-12,-17],[-14,4],[5,-16],[6,0],[1,-39],[4,-27],[-3,-15],[3,-29],[-9,6],[-4,-46],[-6,10],[0,-196],[9,-1],[-63,0],[-2,2],[-7,-30],[-11,10],[-18,-17],[-6,0],[-10,33],[-14,-2],[-31,5],[-7,44],[-20,-41],[-4,-1],[-3,7],[-15,12],[-4,18],[0,27],[-9,-1],[-13,13],[-6,31],[-4,5],[-11,-3],[-11,13],[-5,28],[-15,55],[-5,24],[-6,44],[-8,30],[-7,7],[-21,63],[-8,37],[27,-1],[0,12],[-2,39],[-5,14],[-7,42],[-16,46],[-10,7],[-10,-27],[0,83]],[[291531,499415],[9,0],[2,0],[3,0],[5,0],[21,0],[9,1]],[[291580,499416],[0,-89],[-30,0],[-1,-25],[1,-18],[-4,-7],[-2,-11],[-15,-163],[-1,8],[-17,59],[-4,12],[-7,22],[-2,0],[-13,-16],[-9,-20]],[[291476,499168],[-6,10],[-4,-7],[-4,-6],[-2,-4],[-21,1],[-1,6],[1,8],[16,24],[0,10],[0,19],[-9,21],[0,9],[9,30],[5,0],[6,-6],[6,-7],[10,-9],[10,62],[12,16],[2,3],[1,17],[1,15],[9,-1],[9,18],[5,12],[0,6]],[[291947,492499],[-1,160],[11,0],[37,-1],[6,25],[0,20],[0,75],[24,-3],[1,22],[7,7],[0,3],[1,0],[1,6],[4,6],[0,10]],[[292038,492829],[7,-4],[2,-17],[3,0],[1,-30],[25,-1],[1,6],[0,-5],[16,-1]],[[292093,492777],[1,-17],[4,-18],[14,-65],[6,-25],[1,-8],[1,-1],[3,-7],[23,-61],[4,-23],[4,-24],[-1,-29],[0,-2],[-3,-65],[-3,-57],[-4,-89],[-8,-18],[-46,19],[-66,63],[-49,92],[-5,8],[-16,-43],[-11,32],[0,12],[9,38],[-2,10],[-2,0]],[[292542,494784],[26,60],[0,-55],[13,0],[0,14],[3,17],[0,-27],[2,-7],[4,0],[0,-8],[42,0],[0,43],[20,1],[0,-44],[18,0],[0,74],[38,1],[0,-95],[25,-1],[0,-20],[-2,-4],[0,-41],[11,-5],[4,9],[18,0],[23,42],[5,-87],[-4,84],[10,43],[2,17],[3,-7],[-3,34]],[[292800,494822],[15,0],[0,-52],[6,-10],[1,-4],[3,-11],[1,-94],[24,-1],[-1,-23],[-13,-15],[-2,-30],[-6,5],[1,-51],[-2,-12],[3,2],[0,-41],[3,-1],[1,-47],[-4,0],[0,-13],[-7,1],[-3,-8],[0,47],[-10,0],[-8,-152],[9,1],[-1,40],[4,2],[4,-16],[2,-68],[7,-1],[0,-42],[24,4],[-14,-9],[0,-82],[-6,0],[0,-35],[3,-39],[-10,-10],[-3,0],[-14,-3],[0,-19],[-12,0],[-1,16]],[[292794,494051],[-12,5],[2,-27],[-9,-1],[-2,11],[0,-68],[0,-85]],[[292773,493886],[-16,0],[-3,11],[0,31],[-7,1],[0,-11],[-15,-1],[-1,11],[-9,0],[0,64],[-7,1],[0,10],[-2,0],[-1,15],[0,38],[10,0],[0,60],[-13,-18],[-8,-12],[-7,-4],[-10,5],[-13,7],[-13,6],[-13,-18],[-16,-32],[-9,-4]],[[292620,494046],[0,93],[13,1],[0,32],[6,0],[0,42],[4,11],[2,0],[0,43],[-6,1],[0,23],[4,18],[-7,0],[0,22],[-5,-9],[-11,10],[0,8],[0,17],[-9,-1],[2,17],[-6,11],[-6,1],[-6,-3],[-2,-1],[-3,117],[-5,45],[-6,28],[-29,114]],[[292550,494686],[0,59],[-2,13],[-2,7],[-4,19]],[[292653,494098],[4,12],[4,21],[-2,1],[0,9],[-1,-18],[-2,0],[0,-9],[-3,1],[0,-17]],[[294961,488270],[5,-11],[18,-13],[1,-26],[6,-21],[4,-44],[1,-56],[-7,-3],[73,4],[0,46],[4,18],[13,-12],[6,-29],[8,-9],[9,13],[7,28],[1,28],[3,0],[14,0],[12,0],[14,0],[4,0],[6,0],[2,0],[9,0]],[[295174,488183],[8,0],[5,0]],[[295187,488183],[15,0],[12,-4]],[[295214,488179],[40,0],[-2,-19],[1,-5],[4,-6],[1,-29],[6,-2],[5,-7],[9,-8],[35,-2],[4,20],[16,-1],[4,-22],[8,-42],[16,-34],[2,-6],[0,-99],[0,-72],[0,-73],[10,-65],[2,-55],[7,17],[0,24],[10,10],[-2,25],[5,15],[2,24],[3,4]],[[295400,487771],[6,3],[4,3],[3,-81],[0,-19],[1,-43],[1,-21],[0,-13],[0,-8],[2,-85],[0,-124],[0,-46],[-6,-3],[2,-15],[-1,-34],[9,1],[1,-10],[3,-24],[38,-207]],[[294960,487044],[1,486],[-1,225],[1,515]],[[292875,481453],[-21,0],[-4,-20],[-14,-110],[-17,-194],[-7,-67],[-2,10],[-2,-19],[-9,-8],[-5,12],[-13,-21],[-1,-15],[-10,-8],[-4,-13],[-2,24],[-1,-4],[0,-2],[0,-3],[0,-2],[2,-6],[-1,-141],[-2,-13],[-12,34],[-7,57],[-5,7],[-1,1],[-3,21],[-1,15],[-7,45],[-2,10],[2,7],[2,28],[-12,5],[0,8],[-3,19],[-1,6],[-26,2],[0,34],[-3,7]],[[292683,481159],[6,41],[-2,163],[-5,7],[-22,4],[-11,0],[0,2],[1,19],[0,16],[5,5],[4,8],[2,5],[2,8],[0,12],[0,253],[0,8],[51,0],[26,0],[24,-1],[1,0]],[[293738,483649],[9,32],[-9,27],[0,71],[37,-1],[-18,-60],[-4,9],[-6,-23],[4,-12],[-3,-17],[-2,-11],[-6,-55],[-1,0],[-1,40]],[[291360,493159],[5,-23],[1,-9],[2,-10]],[[291368,493117],[-5,-1],[-6,0]],[[291219,493511],[11,5],[2,-5],[0,-28],[12,27]],[[291350,493232],[4,-33],[4,-21],[2,-14],[0,0]],[[291355,493116],[-3,0],[-4,0],[-3,0],[-4,1],[-1,-13],[-5,-29],[-6,5],[-1,-46],[-3,0],[-2,0],[-20,3],[-7,-1],[0,17],[0,27],[7,0],[-1,5],[-6,1],[0,18],[0,8],[-7,0],[-1,11],[-5,1],[-5,0],[-1,-21],[-7,0],[-6,-11],[0,-18],[-6,0],[-3,-35],[-1,22],[-9,0],[0,11],[-1,-25],[-6,14],[0,-21],[-4,0],[-16,72],[-3,14],[-3,1],[-1,-6],[-6,6],[1,-51],[0,-30],[-3,1],[0,32],[-3,48],[-7,0],[-12,0],[-7,0]],[[291174,493127],[-6,0],[0,50],[5,-9],[0,-11],[2,14],[5,0],[0,27],[-3,-1],[-2,16]],[[291175,493213],[5,0],[0,43],[7,0],[-3,-43],[8,0],[5,0],[-8,42],[-9,43],[-14,72],[0,14],[13,0],[0,-22],[17,-7],[5,2],[-3,14],[0,13],[8,0],[0,42],[13,0],[0,62],[0,23]],[[291226,493083],[5,1],[0,-24],[4,0],[-1,23],[10,-1],[0,43],[-3,0],[-12,1],[-4,-14],[1,-29]],[[291166,493320],[7,0],[5,-22],[-12,0],[0,7],[0,15]],[[291914,495596],[5,8],[6,-3],[1,-2],[2,52],[13,4],[0,26],[13,-2],[0,2],[11,-4],[35,-1],[6,1]],[[292050,495677],[0,-8],[0,-10],[-3,-1],[-6,-16],[2,1],[0,-32],[2,0],[6,0],[0,-47],[0,-59],[0,-55],[-1,-27],[-2,-24],[-6,-56],[-38,0],[0,-14],[-2,-11],[2,-5],[0,-15],[1,-6],[-3,-7],[-9,-14],[2,-21],[9,4],[-1,-31],[2,-46],[-9,13],[-4,21],[-7,0],[8,-39],[-1,-26],[7,0],[0,-23],[6,0],[0,-20],[-6,0],[-4,-43],[10,1],[0,-48],[0,-17],[0,-90],[4,-15],[-4,-2],[0,-22],[12,1],[11,-33],[2,-10],[-15,-1],[0,-34],[-1,-5]],[[292014,494785],[-42,7]],[[291972,494792],[-44,7]],[[291928,494799],[0,27],[0,43],[0,44],[-1,32],[-5,37],[0,11],[6,79],[0,8],[1,97],[0,19],[0,14],[-1,117],[4,9],[2,3],[0,28],[0,38],[0,26],[0,9],[-6,37],[-2,12],[-1,9],[-6,37],[-3,55],[-2,6]],[[291290,495792],[23,-1],[14,0],[20,0]],[[291347,495791],[-1,-76],[8,-46],[8,-41]],[[291362,495628],[16,-93],[16,-86],[11,-57],[4,-27],[0,-20],[3,-44],[-4,-27],[-5,-26],[2,-79],[1,-102],[2,-8]],[[291409,494928],[-8,0],[-20,0],[-10,0],[-8,0],[-5,1],[-13,12],[-11,-2],[-9,-9],[-7,-2],[-13,-2]],[[291305,494926],[-1,29],[7,0],[0,57],[-8,0],[0,71],[-3,33],[4,-7],[4,-1],[0,33],[3,0],[-1,46],[3,0],[0,45],[-3,0],[0,28],[-4,17],[8,0],[-3,10],[-1,131],[-1,30],[6,0],[0,52],[-6,0],[-1,27],[-5,1],[-3,-16],[1,20],[13,-5],[1,25],[-1,48],[0,20],[-5,0],[-1,26],[-7,0],[1,26],[12,-10],[0,40],[-13,13],[-2,30],[-7,3],[-1,5],[-1,7],[-1,8],[0,14],[1,10]],[[292314,484015],[0,-1],[0,-98],[0,-48],[13,0],[0,-14],[-13,-1],[0,-65],[-4,-2],[1,-2],[3,-27],[6,-21],[10,-28],[16,5],[8,15],[10,12],[14,15],[2,-7],[3,-5],[7,-2],[0,-128]],[[292390,483613],[-25,0],[-5,0],[-5,0],[-1,0],[0,-5],[-11,-1],[0,5],[-5,0],[0,-5],[-30,-1],[-14,0],[-1,2],[0,4],[-2,0],[-1,0],[-5,-1],[-2,-2],[-2,-18],[-2,6],[-3,8],[-1,1],[-1,1],[-1,1],[0,-101],[-1,-18],[-13,-91],[-7,-46],[-2,-11]],[[292250,483341],[-1,-1],[-13,58],[-8,0],[-2,0]],[[292226,483398],[-25,241],[-6,58],[-2,11],[-4,53],[-8,95],[0,0],[-5,36],[-11,90],[-2,7],[-5,15]],[[292158,484004],[5,1],[4,-4],[14,8],[4,-10],[1,-43],[13,20],[11,17],[11,16],[1,-5],[1,5],[5,7],[5,6],[1,-10],[5,7],[0,26],[22,15],[3,1],[0,20],[12,0],[12,0],[0,3],[1,2],[0,0],[2,-2],[0,-1],[0,-1],[0,0],[0,-1],[11,0],[0,-20],[-10,1],[6,-27],[16,-20]],[[292201,490225],[33,66],[8,25],[7,36],[16,105],[1,6],[5,1],[7,23],[11,-8],[13,47],[15,5],[3,-28],[3,-13],[14,-2],[2,-2],[1,0],[2,2],[3,2],[2,-4],[1,-5],[0,-13],[-1,-7],[-6,-16],[3,-12],[3,1],[2,3],[1,7],[0,19],[7,-20],[21,-9],[11,15],[4,6],[3,-4],[5,20],[-4,16],[8,29],[5,34]],[[292410,490550],[2,7],[5,8],[1,2],[1,8],[1,13],[10,4],[4,6],[3,-6],[6,-18],[1,-1],[9,11],[10,-25],[4,-20],[5,17],[6,-15],[1,-19],[5,-12],[7,12],[17,20],[3,-2],[4,-16],[8,22],[3,16],[2,11],[5,45],[12,127],[21,215],[3,22],[0,20],[0,39],[0,291],[0,49],[0,42],[0,44],[-6,-2],[-10,24],[-5,6],[-4,18],[-6,8],[-9,-5],[-15,12],[-3,20],[-4,12],[-12,16],[-4,-1],[-7,14],[1,3],[39,0],[35,0],[10,0],[0,22],[0,29]],[[292569,491643],[13,0],[0,31],[7,0],[0,-11],[2,0],[0,11],[4,0],[0,-42],[10,0],[0,42],[16,0],[26,0],[28,1],[60,1]],[[292797,491589],[27,6],[25,-3],[1,161]],[[292955,490232],[-178,-1],[-20,1],[-7,-12],[-6,2],[-3,9],[-6,-4],[18,-104],[-2,-50],[-6,-37],[-7,-14],[-1,-9],[2,-26],[-4,-19],[-34,-24],[0,-35],[-9,-5],[-18,57],[2,48],[-4,24],[-8,6],[-3,20],[-9,15],[3,-2],[-20,23],[-48,1],[-1,36],[-10,-5],[-7,11],[-26,-6],[-11,-2],[-11,13],[-9,-31],[-48,-90],[-7,4],[-4,29],[-17,66],[1,19],[-15,29],[2,-26],[-7,35],[10,53],[-12,0],[-203,-5],[-6,0]],[[292206,490226],[-5,-1]],[[292163,496596],[11,189],[0,23],[0,10],[-3,19],[7,33],[3,0],[6,41],[1,5],[1,18],[-2,33],[1,61],[-8,149],[3,7],[3,28]],[[292186,497212],[7,-1],[0,42],[13,-13],[2,16],[2,8],[3,11],[1,19],[2,37],[-2,30],[3,95],[1,4],[11,23],[3,21],[12,44],[-2,0],[-17,2],[-14,0],[1,19],[-3,2],[-3,-15],[0,63],[-4,17],[4,4],[5,25],[1,18],[-6,68],[18,35],[6,-22],[17,-29],[10,-4],[7,7],[5,51],[1,67],[1,17],[9,26],[2,27],[6,27],[11,16],[2,10],[4,70],[12,78]],[[292317,498127],[92,7],[10,0]],[[292419,498134],[-2,-22],[11,-32],[-3,-36],[-8,-23],[-5,-41],[-1,-30],[-1,-5],[-1,-2]],[[292409,497943],[-4,-15],[-16,-38],[-51,-217],[-4,-40],[1,-19],[-10,-120],[2,-112],[1,-109],[0,-71],[57,0],[0,-86],[-13,-1],[0,-12],[-15,9],[0,-80],[2,-1],[49,1],[20,0]],[[292428,497032],[0,-59],[-12,-31],[-3,-11],[-15,-71],[-4,-26],[-20,-125],[-2,-17],[-2,-66],[2,-20],[5,-23],[2,-17],[4,-51],[-2,-39],[-7,35],[-10,13],[-3,14],[-4,-6],[-5,-5],[-25,0],[-13,0],[-32,1],[0,-4]],[[292282,496524],[-66,0],[-5,5],[-19,30],[-16,25],[-12,11]],[[292164,496595],[-1,1]],[[292409,497943],[1,-53],[151,-2],[1,-22],[27,0],[1,-47],[11,16]],[[292601,497835],[-1,-50],[-3,-61],[-1,-50],[0,-87],[-3,-40],[-6,-66],[-5,-32],[-5,-26],[-23,-83],[-7,-30],[-38,-189],[1,-1]],[[292510,497120],[8,-6],[6,0],[-10,-133],[-1,-19],[0,-165],[0,-105],[-1,-32],[11,-13],[-2,-35],[2,-40],[-6,-32],[4,-11],[-9,-2],[10,-1],[0,-38],[-1,-6],[-1,-18],[-3,-7],[-6,3],[0,-105]],[[292511,496355],[-26,0],[-61,-3],[-4,2],[-7,0],[-10,0],[-10,0],[-6,0],[0,0]],[[292387,496354],[5,47],[9,83],[16,137],[10,70],[14,88],[20,103],[0,31],[0,120],[-12,-1],[-21,0]],[[292683,481159],[-8,22],[-8,2],[0,-12],[-11,-26],[-7,43],[0,12],[-13,0],[-1,3],[-4,34],[-8,-3],[-2,10],[-14,-3],[6,-35],[-13,76],[5,-1],[0,-25],[3,-11],[12,4],[-12,62],[-6,5],[-3,-9],[-9,24],[-1,13],[-9,31],[-2,13],[-8,22],[-5,18],[16,-38],[12,-46],[3,12],[-4,42],[-6,4],[-1,23],[-4,6],[-7,36],[1,25],[-12,11],[-6,-1],[-3,-23],[0,-29],[-2,2]],[[292552,481452],[1,51],[14,89],[-1,22],[-20,116],[14,25],[19,28],[1,3],[0,6],[-4,-14],[-10,-7],[-20,18],[8,47],[6,39],[4,9],[1,0],[5,5],[4,16],[0,32],[7,7],[2,-1],[7,10],[-5,54],[6,2],[7,30],[8,17],[1,0],[2,17],[11,14],[2,18],[13,35],[5,24],[1,77],[25,-2],[-2,-183],[1,0],[13,-1],[34,-1],[51,-1],[28,-1]],[[292111,493797],[0,9],[19,-9],[19,7],[0,-8],[7,0],[0,42],[9,-12],[1,0]],[[292166,493826],[0,-41],[0,-10],[14,-41],[4,-23],[2,-17],[0,-3],[1,-19],[5,-23],[4,-31],[10,-66],[12,-87]],[[292218,493465],[1,-7],[13,-87]],[[292232,493371],[-2,1],[-2,-15],[-3,-23],[2,-28],[-8,-23],[-3,-10],[-6,3],[-2,1],[-2,4],[-1,2],[-4,6],[-4,0],[-17,-1],[-4,15],[0,15],[0,12],[-1,65],[0,9],[0,21],[0,19],[1,7],[3,90],[0,8],[2,73],[-3,9],[-1,4],[-1,4],[-5,-10],[-2,-3],[-6,-12],[-1,-2],[-4,-34],[-17,-15],[-3,-8],[-7,-19],[-19,-50]],[[292112,493486],[-2,13],[-2,-6],[-1,17],[-1,32],[4,-1],[0,22],[0,4],[0,16],[-1,1]],[[292109,493584],[1,16],[-3,26],[4,0],[0,14],[-4,0],[0,15],[4,0],[0,24],[0,16],[0,17],[0,43],[-7,0],[0,25],[7,0],[0,17]],[[294667,475936],[298,18]],[[294517,494619],[15,-1],[4,1],[3,0],[1,6],[3,0],[14,-6],[3,7],[7,3],[3,-10],[7,0],[0,17],[6,0],[0,25],[12,0],[0,43],[13,-1],[0,-42],[0,-27],[2,-16],[18,0],[6,0],[6,0],[6,0],[7,0],[6,0],[0,10],[6,3],[7,12],[0,-26],[3,0],[0,-34],[4,-5],[3,-2],[8,-1],[0,42],[1,-42],[17,1],[0,40],[3,0],[0,-41],[18,-1]],[[294752,494109],[-11,-1],[0,-43],[8,-30],[4,-38],[3,-15],[6,-84],[7,-44],[-3,0],[-3,0],[-8,1],[-5,4],[-3,3],[-30,34],[-18,1],[-39,-2],[0,-67],[0,-18],[1,-137],[0,-22],[0,-13],[12,0],[0,78],[-3,15],[2,0],[1,7],[0,-15],[7,-28],[3,4],[9,-27],[-4,-11],[4,-18],[5,5],[-2,10],[12,13],[5,18],[0,13],[-3,21],[26,-1],[2,-127],[-24,-45],[-34,-18],[-14,-10],[-4,-16],[-8,-47],[2,-34],[-19,0],[0,41],[-13,0],[-12,0]],[[294485,493510],[0,176],[-9,-15],[0,42],[0,10],[14,58],[1,12],[3,2],[9,-7],[0,22],[-9,-1],[-4,0],[-1,9],[-10,75],[28,1],[-1,21],[0,13],[-1,8],[-8,42],[-5,0],[-2,17],[-13,4],[0,20],[-7,1],[0,33],[-7,24],[-2,-32],[-6,19],[0,100],[0,29],[-6,-4],[-6,25],[2,19],[2,0],[1,21],[6,27],[14,-17],[17,7],[1,-29],[18,31],[1,6],[-2,12],[1,28],[0,18],[17,22],[7,31],[-1,15],[-7,12],[-3,1],[-12,12],[1,26],[-1,26],[2,21],[10,34],[-6,15],[1,6],[0,18],[2,4],[3,9],[0,30]],[[291812,486677],[8,9],[0,122],[69,0],[7,3],[6,2],[9,18],[1,-13],[0,-17],[13,0],[14,-1],[-1,-11],[10,0],[3,-1],[0,11],[13,0],[0,-11]],[[291964,486788],[0,-36],[-2,-36],[0,-7],[0,-66],[3,0],[0,-28],[-3,0],[0,-31],[2,0],[0,-3],[1,-4],[0,-7],[-3,0],[0,-14],[3,0],[0,-12],[-3,0],[0,-14],[1,-9],[7,0],[0,-17],[-5,-1],[1,-11],[0,-35]],[[291966,486457],[-25,-1],[0,8],[-8,0],[-2,2],[3,3],[6,18],[0,1],[0,9],[-1,2],[-9,-24],[-19,-1],[6,-104],[2,-131]],[[291919,486239],[-51,24],[-1,-81],[3,-7],[-6,-33]],[[291864,486142],[-11,15],[0,1],[-10,15],[-5,31],[-16,95],[-23,96],[-10,24],[-5,56],[-1,5],[-3,21],[-1,7]],[[294350,480002],[179,0],[128,0],[298,0]],[[294955,480002],[-2,-388],[0,-128],[-1,-127],[0,-7],[0,-51],[1,-158]],[[294953,479143],[0,-102],[0,-169]],[[294653,479029],[-52,-2],[-15,-1],[-34,-1]],[[294552,479025],[-50,-3],[-1,4],[0,88],[-1,97],[19,2],[-6,-1],[0,26],[-6,0],[-1,21],[-6,0],[0,65],[0,83],[11,0],[1,67],[-4,4],[-9,-6],[0,13],[-27,-20],[-12,-5],[-33,-22],[-9,-20],[-12,-17],[-9,-9],[-2,-1],[-12,-6],[-30,8],[-3,-2]],[[294350,479391],[-1,24],[0,31],[0,29],[0,185],[1,342]],[[293195,485119],[63,0],[175,-5],[1,489],[-1,299],[1,195],[1,539]],[[293435,486636],[37,-1],[1,-32],[31,-53],[16,-25],[14,-37],[4,-48],[17,-59],[5,-24],[9,-54],[4,8],[14,8],[75,-3],[1,310],[99,-1],[284,-7],[0,42],[55,-2],[37,0]],[[294138,486658],[72,0],[231,0],[22,1],[40,1],[2,-2],[97,2],[55,3],[303,1]],[[294964,484103],[1,-579],[0,-21],[-1,-370],[1,-6],[-1,-42]],[[294964,483085],[-648,0],[-275,7]],[[294041,483092],[-2,6],[3,1013],[-145,4],[-20,-1],[-2,3],[0,-2],[-2,0],[23,78],[19,96],[23,121]],[[293938,484410],[28,149],[-5,9],[-2,-12],[-4,7],[2,14],[-5,5],[-31,0],[-8,3],[-6,-53],[-4,-15],[-7,-9],[-5,4],[-26,-2],[-7,-21],[-12,18],[-11,-52]],[[293835,484455],[-104,-1],[-2,-26],[-36,-1],[-2,-11],[-8,10],[-165,-1],[-4,3],[-84,2],[0,-162],[-1,-116],[1,-64]],[[293430,484088],[-244,3],[-44,1]],[[293142,484092],[-93,320]],[[293049,484412],[17,131],[1,15],[28,103],[18,71],[7,39],[7,46],[12,55],[6,23],[15,45],[18,58],[17,121]],[[293173,499258],[-94,-3],[0,-85],[25,0],[0,-64],[7,-22],[15,0],[4,-30],[0,-58],[-8,-15],[-5,-43],[-13,-7],[0,-17],[-26,0],[0,-47],[2,-18],[-2,-14],[-13,-12],[0,-37],[-6,0],[-1,-18],[-1,23],[-6,27],[-18,-4],[-1,14],[-6,1],[-1,-27],[5,-10],[3,-33],[-3,-44],[-1,-14],[11,-121],[-4,30],[-3,7],[-4,-7],[-15,0],[0,11],[-10,0],[-3,-11],[-6,11],[-19,-5],[-13,0],[-5,0],[-34,0],[-38,-1],[-19,2],[-3,5],[-13,33],[-3,3],[-26,0],[-10,5],[-11,36],[-5,20],[0,24],[-6,0],[0,17],[-7,0],[0,58],[-13,-1],[0,11],[-19,0],[0,-42],[-7,0],[0,-44],[-25,0],[-10,0],[0,43],[-3,0],[0,43],[-13,0],[0,42],[-13,1],[0,-43],[-13,0],[0,-42],[-26,-1],[0,11],[-12,2],[0,31],[-3,1],[1,-27],[-9,0],[-1,-61],[-30,2],[2,16],[9,-3],[1,30],[9,13],[8,-1],[0,30],[-9,25],[-12,60],[-80,-4],[0,-84],[-9,-1],[-1,-91],[-8,0],[1,-37],[-51,-1],[0,-84],[-16,0],[-1,-41],[-21,-1],[0,-168],[25,-2],[1,-85],[20,-4]],[[292455,498311],[0,-12],[-2,-10],[-15,-58],[-4,-31],[-15,-66]],[[292317,498127],[-36,-3],[-19,-19],[-14,2]],[[291652,493282],[4,-11],[-14,-41],[-4,-18],[-7,-38],[-2,-7],[0,-31],[0,-29],[3,-3],[14,-16],[2,-2],[33,-80],[13,-32],[3,-8],[14,-62],[6,-23],[0,-3]],[[291717,492878],[-5,-18],[-5,-9],[-29,-30],[1,34],[-15,-18],[0,-27],[0,-4],[-8,-10],[-11,-9],[1,32],[-1,1],[0,42],[-5,0],[1,-67],[2,-2],[0,-9],[-3,-2],[-2,-1],[-4,0],[-3,0],[-4,0],[-13,-5],[-12,-22],[0,25],[-1,-25],[-10,-30],[-11,-30],[-7,1],[-2,-20],[-6,-11],[-4,2],[0,41],[7,8],[0,64],[-19,1],[1,-143],[-16,-27],[-8,-12]],[[291501,492779],[0,83],[-1,19],[0,43],[1,9],[0,12],[-1,76],[0,12],[0,18],[0,24],[1,27],[0,16],[19,-1],[17,1],[16,-1],[9,1],[29,0],[11,-4],[5,-1],[31,122],[14,47]],[[291358,493617],[4,-5],[8,0],[4,0],[18,-48],[15,-38],[22,-57],[2,-2]],[[291431,493467],[0,-67],[2,-1],[0,-18],[-11,-2],[0,-12],[0,-10],[13,0],[0,-20],[-4,-2],[-2,-12],[3,-7],[3,-6],[1,-37],[0,-72],[1,-70],[0,-13],[0,-15],[0,-8],[0,-8],[0,-27],[-3,-2],[3,-15],[0,-11],[0,-254]],[[291386,492960],[0,29],[-6,0],[0,20],[0,20],[5,1],[-8,44],[-3,15],[-6,28]],[[291425,492841],[12,1],[0,10],[-4,0],[-3,10],[1,-17],[-6,-4]],[[291919,486239],[-1,-18],[1,-41],[0,-3]],[[292052,485193],[1,-64],[-3,-13],[-12,-5],[-1,-3],[0,-4],[-1,-2],[-2,0],[-2,7],[-9,7]],[[292023,485116],[-1,3],[0,1],[-8,42],[-17,136],[-7,56],[-20,105],[-4,13],[-9,28],[-2,5],[-9,48],[-1,4],[0,35],[-5,32],[-5,33],[-5,21],[-2,12],[-10,45],[-8,16],[-27,51],[-4,7],[-20,29],[0,4],[-9,37],[-6,26],[0,6],[-2,39],[3,14],[3,11],[1,5],[9,32],[9,52],[0,2],[4,56],[1,11],[-8,9]],[[295187,488183],[0,33],[1,137],[22,0],[4,-8],[0,-162],[0,-4]],[[294961,489164],[16,0],[3,-6],[7,24],[5,-27],[13,13],[42,1],[16,-10],[12,-28],[4,13],[3,6],[16,16],[6,-2],[5,-11],[3,-15],[-1,-24],[15,21],[2,-16]],[[295128,489119],[-4,-31],[-10,-13],[2,-57],[10,-76],[12,30],[8,11],[14,-144],[3,-36],[2,-21],[-14,-28],[0,-60],[11,0],[0,-20],[4,-33],[11,21],[4,-44],[-4,0],[0,-64],[10,-1],[4,-30],[-25,1],[-2,0],[0,-43],[-4,-42],[-8,-1],[0,-13],[-13,0],[0,-30],[-16,0],[-5,-15],[0,-16],[-5,-1],[0,-9],[51,0],[-1,-162],[2,4],[9,0],[0,-13]],[[294961,488270],[0,18],[0,66],[0,99],[0,242],[0,469]],[[293938,484410],[-21,1],[0,17],[-5,1],[0,25],[5,-1],[0,61],[-1,8],[-41,-89],[-8,-3],[0,-12],[-28,-88],[0,-85],[-7,-20],[19,-5],[1,-23],[-2,-43],[-22,11],[-1,-49],[-32,0],[-1,1],[16,90],[-6,28],[-11,9],[-1,27],[-3,3],[3,32],[3,9],[10,12],[0,37],[12,17],[5,35],[11,15],[2,24]],[[293688,478631],[8,13],[5,9],[3,-14],[7,-5],[26,0],[0,-7],[3,7],[26,2],[0,-9],[2,0],[2,7],[18,-1],[3,-4],[7,5],[25,2],[2,0],[19,2],[2,0]],[[293846,478638],[-1,-290],[15,0],[5,-4],[14,4]],[[293879,478348],[2,-34],[-5,1],[1,-9],[5,-144],[1,-38],[3,-3],[-3,-8]],[[293883,478113],[-3,3],[-56,-4],[-3,1],[-30,-2],[-28,-1],[-8,-5],[-12,-15],[0,9],[-10,0],[-11,4],[-5,-28],[-2,24],[-1,4],[-23,10]],[[293844,494310],[36,6],[16,20],[11,2],[0,-35],[8,0],[0,12],[5,4],[4,-22],[11,-61],[16,-87],[-4,31],[6,13],[8,-6],[2,6],[21,-2],[0,28],[3,14],[21,9],[50,-93],[2,-7]],[[294007,493808],[-22,0],[-25,0],[-13,0],[-28,-1],[-11,0],[-12,0],[-13,0],[-38,0],[0,85],[0,84],[-1,86],[0,42],[0,22],[0,20],[0,45],[13,0],[0,-44],[13,0],[1,4],[-22,85],[-5,9],[0,65]],[[291802,499418],[-33,0],[-23,1],[-5,0],[-33,-1],[-13,0],[-32,0],[-19,0],[-20,0]],[[292657,488226],[5,-42],[6,-40],[0,-15],[-1,-243],[-1,-445],[-1,-87],[-1,-10]],[[292664,487344],[-21,38],[-4,5],[-118,143],[-9,11],[-34,43],[-8,19],[-19,44],[-6,14],[-3,8],[-23,51],[-4,6],[-3,2],[-30,-1],[-18,1],[-27,0],[-6,0],[-50,2],[0,2],[-2,40],[-9,40],[-3,5],[0,-76],[-30,34],[-11,13],[-17,21],[-5,19],[-2,-11],[-18,21]],[[292184,487838],[1,185]],[[292145,488417],[12,-6],[10,-18],[10,-22],[2,-4],[5,-5],[8,-3],[0,-39],[20,-3],[5,-10],[3,33],[14,10],[-1,3],[24,-2],[6,0],[0,-10],[5,10],[16,-2],[17,-10],[27,-1],[0,2],[7,-1],[6,-5],[5,-8],[1,-2],[4,-13],[9,-47],[5,-14],[8,-10],[9,-1],[41,-1],[35,-1],[-1,-60],[0,-48],[-2,-11],[2,-22],[1,-121],[0,-80],[16,1],[8,5],[39,-6],[0,339],[136,-8]],[[291375,496377],[66,1],[76,0],[7,0],[56,0],[9,0]],[[291589,496378],[2,-331],[1,-96],[3,-441],[1,-58],[0,-32]],[[291596,495420],[-10,0],[-2,32],[-4,42],[-7,63],[-28,176],[-7,-6],[-8,-31],[0,-46],[-27,130],[-22,9],[-2,-48],[-3,-33],[-13,19],[4,23],[-14,-9],[-1,20],[-12,0],[-1,21],[-9,10],[-8,48],[1,20],[7,16],[-4,12],[-22,0],[-3,9],[-17,1],[-7,-32],[-2,-14],[1,-22],[-5,-27],[-5,-23],[2,-17],[0,-45],[-1,-26],[4,-21],[-1,-10],[3,-9],[-11,-24]],[[291347,495791],[0,24],[18,133],[11,164],[0,10],[-2,4],[-4,-5],[-8,-7],[-5,-12],[-6,-39],[-1,14],[-6,10],[1,7],[-4,5],[-4,2],[1,26],[5,0],[3,0],[0,54],[3,21],[5,27],[3,34],[4,17],[-2,54],[4,43]],[[292235,494311],[0,74],[0,32],[0,64],[1,43],[2,1],[1,-9],[10,47],[4,30],[6,17],[1,3],[10,9],[6,12],[1,7],[11,21],[9,15],[4,-3],[4,-34],[1,-55],[-7,-66],[2,-28],[10,-20],[11,0],[5,19],[1,7]],[[292328,494497],[7,-6],[2,-14],[1,4],[1,0],[0,4],[17,0],[0,-4],[6,0],[1,0],[0,-5],[1,0],[0,-6],[4,0],[1,3],[3,8],[3,0],[13,0],[0,-42],[16,1],[-1,-17],[2,-23],[28,82],[8,0],[6,38],[1,44]],[[292448,494564],[60,-50],[2,0],[9,-8],[2,32],[24,88],[1,15],[0,60],[4,-15]],[[292620,494046],[-23,-6],[-1,0]],[[292596,494040],[-1,4],[-26,-8],[0,103],[-20,1],[-25,0],[0,-21],[-1,-7],[-7,7],[-8,8],[4,14],[-21,0],[-29,0],[-46,0],[-28,-1],[-25,0],[-6,0],[-1,-3]],[[292356,494137],[-15,-36],[-5,-4],[-12,0],[-13,0],[-7,0],[0,-10],[-5,-1],[-1,2],[0,9],[-12,1],[-5,0],[-13,0],[-8,-1],[-5,1],[0,9],[-3,1],[0,-11],[-11,0],[-6,-4],[0,5]],[[292387,496354],[-2,0],[-1,-5],[-24,-123],[-9,-59],[-7,-70],[-15,-141],[-25,-192],[-10,-75],[-7,-42],[-5,-16],[4,-8],[10,6],[7,-15],[1,-15],[7,-14],[2,-36],[15,0],[3,-42],[4,-66],[-6,-11],[0,-13],[8,-13]],[[292337,495404],[-1,-43],[-5,-21],[-7,-25],[0,23],[-13,1],[0,-41],[-7,0],[-8,0],[-7,-11],[-2,7],[-15,1],[0,21]],[[292272,495316],[0,25],[0,5],[-2,0],[0,41],[2,0],[1,5],[-5,0],[0,32],[-8,0],[0,32],[13,-1],[0,54],[0,6],[0,4],[-5,0],[0,13],[-8,0],[0,19],[-6,16],[-6,2],[25,41],[0,2],[0,25],[0,126],[0,85],[0,7],[0,7],[0,58],[0,12],[0,86],[1,85],[0,104],[0,15],[0,62],[0,19],[7,52],[1,27],[0,142]],[[293269,478523],[6,-11],[-1,-25],[2,-17],[8,34],[8,-9],[7,2],[9,-47],[3,14],[7,-11],[6,-30],[1,-19],[13,-17],[-1,13],[-6,12],[6,5],[4,-27],[2,12],[-4,10],[6,14],[7,-5],[5,-7],[9,-35],[4,-24],[3,-31],[5,-2],[-7,50],[-9,34],[-1,16],[3,58],[10,1],[11,-26],[5,-2],[3,1],[12,40],[-3,1],[-12,35],[0,39],[-21,38],[-13,36],[2,33],[-18,47],[-12,61],[-2,11],[-1,7],[14,215],[4,132],[2,69],[3,32],[13,134],[11,82],[5,38],[14,102],[11,82],[10,152]],[[293489,479874],[-2,-153],[28,-8],[0,-43],[23,2],[-1,-174],[52,1],[0,-172],[13,0],[0,43],[-7,0],[0,43],[19,0],[0,-43],[26,-1],[0,-43],[8,0],[11,21],[31,50],[0,-67],[-1,-182],[0,-166],[-1,-177],[-1,-128],[1,-46]],[[293488,478197],[-3,-94],[-20,-1],[-3,19],[1,20],[-3,8],[1,14],[-5,13],[1,20],[-2,8],[4,6],[-4,11],[-3,-17],[-5,5],[-3,29],[-3,14],[0,16],[1,14],[0,11],[1,4],[-1,8],[-1,-4],[3,11],[-8,10],[-3,-20],[-7,13],[-14,0],[-4,-20],[-9,-27],[4,-18],[11,-56],[6,-38],[3,-29],[2,-33],[1,-49],[-1,-58],[-6,-66],[-3,-32],[-9,-62],[-10,-105],[-4,-60],[0,-33],[2,-32]],[[293395,477597],[-37,-2],[-2,17],[-7,-17],[1,17],[3,9],[-2,23],[-2,15],[-2,4],[-5,26],[0,12],[-3,-4],[0,25],[-4,13],[0,19],[-6,36],[-13,57],[-5,34],[-1,-32],[-3,14],[3,23],[-2,37],[-3,14],[-5,-3],[-4,4],[3,14],[-5,18],[1,11],[-3,31],[-4,4],[-5,60],[0,29],[-2,42],[2,44]],[[293283,478191],[0,7],[-5,21],[-1,11],[-2,10],[-4,30],[1,46],[-7,3],[-2,20],[-1,101],[1,21],[2,18],[2,28],[2,16]],[[293894,494489],[7,0],[0,-21],[12,0],[0,-21],[-15,-1],[-4,14],[0,29]],[[291886,493971],[22,7],[4,13],[1,23],[0,3],[1,1],[1,0],[0,41],[11,0],[2,128],[12,-1],[0,43],[13,1],[-1,40],[1,42],[24,0]],[[291977,494312],[1,-28],[6,-26],[0,-87],[0,-73],[0,-28],[5,0],[0,-12],[11,-3],[2,-1],[0,-16],[6,-1],[6,2],[13,-5],[0,-42],[-19,2],[-20,-19],[-1,-5],[33,-5],[5,4],[16,2],[0,170],[13,-2],[26,0],[13,-1],[10,0]],[[292117,494066],[-2,-24],[2,-29],[3,-6],[8,-12],[7,-26],[18,-69],[13,-7],[3,-11],[-2,-35],[-1,-21]],[[292111,493797],[-7,1],[0,8],[-12,-5],[-13,-4],[0,-6],[-7,6],[-6,-13],[-11,1],[-1,0],[-1,0],[0,13],[-13,0],[-15,0],[-9,-13],[-20,-2],[-10,-3],[-3,-3],[0,23],[-6,0],[0,-22],[-21,0],[-6,23],[-5,0],[0,-21],[-4,-1],[-1,-8],[-1,2],[-17,-3]],[[291922,493770],[-5,7],[-1,23],[3,3],[3,5],[0,17],[-1,20],[-9,37],[-6,26],[-1,2],[-7,31],[-7,30],[-5,0]],[[291851,494040],[9,0],[7,-2],[8,-13],[0,-8],[0,-6],[-10,-39]],[[291865,493972],[-10,0],[-6,-35],[-5,-31],[-6,8],[-8,11],[7,61],[0,2],[3,23],[12,24],[-1,5]],[[293883,478113],[5,-7],[18,-45]],[[293906,478061],[1,-71],[-1,-7],[-11,-127],[-2,-31],[-7,-41],[-15,-85],[-3,-10],[-3,-9],[-14,-52],[-11,-36],[-6,-31],[-21,-111],[-4,-21],[-13,-64]],[[293796,477365],[-12,-41],[-40,-76],[-2,-5],[-7,-2],[-27,-9],[-16,-5],[-1,0]],[[293691,477227],[-1,65],[-2,58],[-1,8],[-2,13],[1,32],[1,55],[2,12],[0,67],[2,45],[-1,6],[1,15],[-2,6],[-1,182],[0,7],[2,138],[-1,8],[0,7],[1,64],[-2,0],[0,15],[3,0],[0,20],[-3,0],[0,26],[0,37]],[[291272,491683],[11,10],[22,-10],[6,-1],[20,1],[8,0],[11,0],[12,0],[6,0],[20,0],[12,0],[17,1],[4,0],[17,0]],[[291438,491684],[0,-10],[5,0],[-1,-11],[-4,0],[0,-10],[0,-11],[0,-54],[0,-12],[5,0],[0,-10],[-5,0],[1,-29],[0,-6],[0,-26],[0,-11],[1,0],[-1,-10],[0,-9],[0,-13],[0,-42],[0,-9],[1,0],[0,-33],[-1,-40],[0,-11],[0,-78],[11,2],[-24,-86],[-4,-16]],[[291422,491149],[-28,-97],[-5,-2],[1,-20],[-19,-18],[-5,-37],[0,-3],[2,-7],[-5,-16]],[[291363,490949],[1,18],[0,4],[2,42],[-5,69],[2,25],[-5,37],[-17,130],[-3,28],[-3,18],[-11,34],[-5,14],[-9,10],[-15,17],[-7,7],[-6,21],[-4,21],[-6,27],[-9,54],[-4,23],[2,16],[9,43],[3,28],[-1,48]],[[291233,496849],[10,62],[-5,13],[13,47],[8,27],[5,19],[-4,19],[-8,8],[-9,8],[-3,3],[-2,9],[7,117],[3,9],[11,-16],[3,-6],[2,-2],[3,7],[1,4],[8,25],[12,34],[-1,10],[-2,34],[-5,18],[-6,-6],[-16,25],[-1,14],[2,3],[3,8],[23,-1],[2,11],[7,51],[6,48],[3,24]],[[291303,497475],[9,-5],[11,10],[2,2],[-2,-19],[-2,-13],[6,9],[12,0],[9,0],[0,20],[4,1],[0,21],[3,0],[2,-1],[10,-19],[-5,-22],[15,1],[6,0],[0,-25],[6,0]],[[291389,497435],[1,-60],[0,-20],[3,-18],[-3,0],[0,-43],[0,-54],[0,-54],[0,-11],[0,-14],[0,-17],[0,-28],[0,-57],[0,-39],[0,-46],[0,-35],[0,-52],[0,-40],[0,-42]],[[291321,496803],[-6,0],[-6,-1],[-2,0],[0,33],[5,-1],[-2,20],[-6,-2],[-12,-8],[-4,10],[-2,-10],[-24,1],[-24,-3],[-5,7]],[[291306,494738],[0,15],[9,1],[0,-32],[-7,0],[-1,8],[-1,4],[0,4]],[[291313,494676],[5,3],[-5,-10],[-1,-43],[-1,-42],[6,-1],[3,0],[1,-29],[4,-31],[-2,-4],[-4,-11],[6,-39],[13,-1],[-10,39],[6,-20],[2,-3],[4,-13],[4,8],[3,3]],[[291347,494482],[6,1],[0,-98],[-6,-1],[0,-36],[18,-6],[0,-17],[-4,-15],[6,-24],[5,13],[0,-17],[-6,0],[6,-32],[-25,0]],[[291347,494250],[-1,19],[-6,0],[-1,-22],[-5,-7],[-2,4],[-4,5],[-3,-10],[-3,0],[-7,10],[-3,-5],[-5,-5],[-9,-1],[-17,0],[1,4],[0,8],[0,10],[-2,3],[-4,-3],[-1,-21],[-7,0],[-16,0],[0,22],[2,20],[-1,-7],[-1,7],[-5,-3],[-3,-8]],[[291244,494270],[1,46],[-3,4],[0,4]],[[291242,494324],[0,33],[0,48],[1,5],[12,0],[0,36],[4,-14],[9,0],[-1,66],[2,-2],[11,0],[0,44],[13,-1],[0,31],[1,11],[14,0],[3,0],[-8,1],[-6,2],[2,24],[-6,0],[-1,8],[0,19],[7,0],[0,8],[0,25],[14,1],[0,7]],[[291580,499416],[44,2]],[[291802,499418],[13,0]],[[291746,498907],[-6,0],[-42,0],[-3,0],[-5,0],[0,-32],[-8,-11],[-12,-1],[-2,0],[0,-49],[-24,0],[0,22],[-25,0],[0,-20],[-16,0],[1,-82],[0,-10],[-10,6],[0,-18],[0,-148],[-27,0],[-12,-15],[-6,-1],[0,-36],[-6,0],[0,-72],[1,-25],[2,-32],[-3,-62],[-1,-15],[0,-41],[1,-47]],[[291543,498218],[-1,-24],[-10,-1],[0,-8],[-2,0],[-1,5],[-5,14],[-2,0],[-3,7],[-3,-8],[-2,14],[-7,0],[-16,4],[-6,0],[-6,0],[-13,0],[0,-16],[-5,0],[-1,16],[-20,0],[-25,1],[-5,70],[-2,8],[-6,15],[-13,4],[-6,28],[-2,4]],[[291381,498351],[2,9],[2,9],[2,9],[2,9],[1,37],[7,3],[4,1],[1,6],[4,29],[-4,17],[-19,0],[-1,6],[0,34],[15,29],[3,18],[6,34],[1,5],[12,47],[0,14],[-3,2],[-5,3],[0,14],[4,7],[11,3],[8,33],[-4,13],[-9,27],[4,26],[-6,45],[-3,22],[1,8],[3,40],[0,7],[-3,16],[1,29],[6,52],[0,23],[-2,3],[-5,8],[1,11],[6,9],[2,3],[4,-11],[4,3],[20,28],[13,27],[2,3],[3,2],[3,1],[3,15],[-1,8],[0,7],[0,12],[-1,2]],[[295995,484104],[-116,-1],[1,-627],[0,-407],[-80,-1]],[[295800,483068],[-124,-1],[0,85],[-26,1],[-3,-53],[0,-33],[3,-59],[75,-650],[1,-18],[1,-18],[0,-269],[-8,5],[-14,-6],[-7,-7],[-4,-28],[-1,-22],[-11,86],[-16,5],[-17,-6],[-17,28],[-66,85],[-54,138],[7,27],[0,13],[-5,-9],[-26,-33],[-6,-10],[-5,32],[-8,7],[-7,19],[-6,30],[-5,-2],[-5,15],[-3,36],[-7,9],[-17,30],[-5,25],[-28,48],[-4,-1],[-13,27],[-11,15],[-12,29],[-21,24],[-6,40],[-8,-14],[-8,-35],[-6,-2],[-8,15],[-12,-16],[-76,-4],[-4,-7],[-2,-12],[-1,-45],[-2,-15],[-6,-13],[-2,-17],[-1,-88],[3,-24],[5,-25],[2,-24],[0,-164],[-1,-39],[1,-128]],[[295193,482045],[-232,3]],[[294961,482048],[4,1035],[-1,2]],[[291337,492900],[3,0],[0,-11],[0,-3],[-3,-1],[0,15]],[[291348,492860],[0,44],[-6,1],[-2,0],[-15,1],[-2,-42],[-5,0],[1,24],[-9,1],[0,-24],[-14,1],[-12,0],[-1,0],[-1,0],[-12,0],[-16,0],[-1,41],[-8,-15],[0,-24],[-14,1],[-1,-2],[-2,0],[0,-5],[-9,-13],[-6,-57],[-3,-7],[-17,0]],[[291193,492785],[-25,-1]],[[291168,492784],[0,8],[4,0],[-1,4],[-3,0],[0,11],[0,21],[8,0],[0,43],[-5,1],[0,29],[-3,4],[0,42],[4,22],[-4,0],[0,31],[0,17],[2,14],[1,4],[6,3],[-1,-4],[4,4],[0,-17],[4,0],[11,4],[0,18],[-2,1],[0,19],[-3,0],[0,-15],[-19,-1],[-3,18],[0,9],[4,1],[-1,37],[3,15]],[[291964,486788],[6,1],[0,10],[5,0],[1,-4],[0,-2],[23,5],[5,-3],[1,0],[2,0],[5,1],[0,3],[2,0],[0,-1],[0,-2],[1,0],[0,2],[25,-2],[0,5]],[[292066,486796],[0,-39],[0,-130],[-7,0],[5,-23],[-2,-19],[2,-41],[-1,0],[1,-3],[0,0],[-3,-44],[5,2],[0,-1],[0,-37]],[[292066,486461],[-8,1],[-17,-6],[-1,0],[0,0],[-26,-1],[-24,1],[-24,1]],[[291347,494250],[0,-64],[2,0],[0,-17],[0,-15],[-3,0],[0,-73],[29,-14],[-1,-12],[-16,9],[0,-20],[-11,1],[-1,-63],[12,0],[0,-43],[-8,0],[2,-29],[-6,-14],[-1,-60]],[[291245,493887],[-1,10],[-1,0]],[[291243,493897],[-1,24],[0,62],[0,20],[0,24],[18,1],[2,-9],[7,0],[0,57],[-1,35],[-8,0],[-4,13],[-1,34],[-13,8],[0,31],[0,32],[0,11],[0,29],[2,1]],[[292216,485831],[-2,-202],[-1,-28],[-7,-130],[-1,-25],[-1,-54],[2,-47],[5,-44],[18,-148],[6,-56],[8,-118],[4,-70]],[[292247,484909],[-50,-245],[-3,-16],[-6,96]],[[292188,484744],[-15,235],[-11,173],[-8,2],[-66,-2],[0,43],[0,42],[-4,0]],[[294863,493475],[-17,0],[-17,-1],[1,-19],[-9,-6],[-2,3],[-7,4],[-1,18],[-7,-1],[-3,10],[-6,-10],[-19,-1],[11,-76],[2,-9],[17,-40],[2,-6],[1,-34],[-3,-39],[1,-27],[7,-5],[6,-16],[-2,5],[-10,7],[2,-48],[4,-64],[22,0],[2,43],[1,-22],[3,7],[0,-7],[7,0],[0,-76],[-3,-31],[3,0],[3,-42],[2,-24],[2,-19],[11,-87],[14,2],[19,0],[6,0],[26,0]],[[294926,492523],[-20,-1],[1,-86],[20,0],[1,-46],[-1,-9]],[[294927,492381],[-8,-10],[-1,-38],[-13,-8],[-12,-6],[-7,-14],[-5,-22],[-4,-13],[-12,15],[2,14],[-6,-47],[-4,-66],[-1,-53],[-51,80]],[[293438,493280],[-1,226],[0,129]],[[293682,493639],[6,0],[0,-45],[1,38],[3,0],[0,-9],[13,1],[-1,-28],[13,0],[1,-38],[4,-7],[21,2],[4,0],[0,-26],[14,3]],[[293754,491146],[4,-20],[-5,-36],[-13,-23],[-4,-12],[-5,-24],[0,-12],[14,-302],[0,-40],[-13,3],[-65,0],[-9,-7],[-7,-15],[-36,-148],[-6,-10],[-80,-1],[-6,1],[-51,26],[-10,-3],[-8,-19],[-6,-36],[-9,-191]],[[293678,491859],[2,-61],[18,-1],[13,58],[-3,85],[-6,29],[-10,32],[-1,-48],[-13,1],[0,-95]],[[293430,484088],[0,-506]],[[293059,483072],[-54,1],[-28,0]],[[292961,483518],[-1,13],[0,54],[0,0],[0,56],[0,39],[2,0],[0,82],[2,16],[5,12],[7,17],[2,44],[-18,1],[8,62],[-1,20],[4,8],[2,50],[0,0],[5,48],[14,15],[13,27],[3,22],[118,-12],[16,0]],[[292766,483855],[53,2],[0,81],[-5,7],[-9,1],[0,-28],[-10,-1],[-6,-7],[-2,10],[-1,43],[3,47],[7,43],[10,50],[-1,17],[2,6],[2,28],[-1,18],[1,30],[4,46]],[[292813,484248],[4,19],[148,-143],[2,30],[6,24],[-1,25],[-11,61],[0,34],[3,12],[4,52],[-2,15],[1,39],[-7,25],[-10,19],[-4,30],[3,1],[8,60],[4,19],[0,28],[7,5],[5,14],[0,52],[76,-257]],[[292314,484015],[1,24],[0,63],[0,22],[-1,42],[0,21],[7,0],[0,21],[6,0],[0,22],[6,0],[0,20],[-18,1],[0,42],[20,0],[19,-84],[21,-86],[25,-1],[3,0],[46,0],[41,0],[2,-1],[0,65],[-5,18],[-3,63],[1,23],[6,1]],[[292491,484291],[0,-10],[8,-14],[20,2],[-2,32],[-9,11],[-10,-14],[-2,21],[15,26],[9,11],[13,5],[31,-3],[-5,-29],[0,-19],[4,-28],[-1,-31],[-5,-37],[-2,-45],[-10,-49],[117,-1],[11,9],[7,24],[8,10],[1,19],[9,28],[2,17],[4,3],[4,14],[4,1],[2,23],[99,-19]],[[292697,483315],[-8,-3],[-11,12],[-13,27],[-6,43],[-12,37],[-8,9],[-7,21],[7,34],[-1,15],[-11,35],[-2,53],[-5,22],[-1,-2],[-2,-9],[-5,25],[-5,-3],[-10,-7],[-9,-37],[-5,30],[-6,-9],[-61,1],[-21,1],[-16,0],[-1,-15],[-3,15],[-9,0],[-9,1],[-28,1],[-27,1],[-12,0]],[[292817,483053],[0,-220],[0,-78],[-1,0],[1,-61]],[[292817,482678],[-5,4],[-13,-6],[-9,14],[-14,37],[-6,11],[-1,12],[-7,0],[0,85],[-7,3],[0,83],[-12,1],[-25,1],[-26,1],[-23,-1],[-9,-8],[-5,9],[-11,2],[-7,41],[-3,6],[-27,-9],[-13,-20],[-6,-16],[-22,2],[-10,16],[-11,-13],[-15,-3],[-11,15],[-4,-2],[-7,-14],[-34,-1],[-42,5],[-6,4],[-14,-3],[-14,-1],[-1,1],[-7,23],[-1,-8],[-1,1],[0,6],[-3,-3],[-5,1],[-4,-9],[-2,1],[0,-12],[-11,-2],[-3,2],[-13,0],[-15,1],[-4,-9],[-4,-8],[1,-24],[13,-44],[2,-17],[-4,-9],[-53,285],[-1,25],[-8,38],[-20,98],[-6,44],[2,27]],[[294065,487824],[6,20],[5,3],[3,25],[-6,17],[0,9],[6,26],[0,15],[10,23],[-3,13],[2,11],[-1,35],[5,24],[-3,16],[-4,-12],[-7,13],[-4,28],[0,28],[2,27],[10,15],[5,18],[12,-11],[3,29],[11,-32],[12,14],[-3,19],[7,16],[-2,19],[-5,-1],[1,30],[6,24],[1,14],[-3,10],[7,8],[4,30],[-3,15],[5,16],[6,-14],[6,8],[2,32],[5,30],[6,3],[5,15],[3,-3],[-2,-30],[7,-8],[5,-24],[2,14],[6,2],[4,12],[2,45],[-5,59],[-1,11],[5,24],[16,23],[11,-3],[8,1],[3,12],[0,-62],[2,0],[3,0],[7,-1],[26,2],[0,-3],[2,6],[23,22],[0,59],[3,1],[24,1],[16,68],[13,37],[19,66],[15,68],[18,41],[9,20],[25,74],[49,80],[18,24],[41,41],[7,11],[31,51],[16,11],[27,12],[26,26],[7,3],[26,1],[45,40],[3,4],[4,8],[28,71],[13,39],[0,401],[0,8],[-35,112],[6,52],[2,22],[-5,17],[4,32],[-5,35],[-7,14],[1,35],[-1,19],[8,12],[-7,65]],[[294805,490232],[156,2],[1,-382],[-1,-261],[0,-377],[0,-50]],[[294138,486658],[13,17],[-5,33],[0,26],[6,22],[-2,8],[-6,25],[8,49],[-5,22],[-1,19],[-10,34],[3,22],[-2,14],[-7,9],[-1,36],[1,22],[-1,29],[-9,29],[-6,-2],[-5,10],[-5,-2],[-4,22],[-5,13],[1,38],[-5,11],[4,35],[-4,10],[4,13],[-5,17],[-4,7],[-1,15],[-4,4],[-1,12],[4,11],[0,25],[-4,7],[1,17],[-2,42],[2,9],[-3,6],[3,13],[-4,37],[8,14],[0,15],[5,8],[0,10],[-7,13],[-2,33],[1,39],[-8,15],[-2,32],[-3,4],[-1,-33],[-5,-4],[-1,11],[0,11],[9,37],[3,23],[0,38],[7,15],[-3,21],[-8,21],[0,13],[5,20],[-3,16],[-5,-14],[-2,22]],[[295415,488151],[0,12],[13,3],[1,-21],[-14,1],[0,5]],[[295400,487771],[-1,57],[-1,6],[11,1],[0,10],[-1,43],[6,0],[0,28],[-7,-1],[-1,19],[0,14],[9,1],[0,25],[0,42],[0,36],[0,49],[27,2],[0,19],[1,39],[5,0],[0,-14],[15,1],[2,-1],[1,43],[75,-219],[0,-79],[0,-42],[34,5],[109,5],[0,30],[2,131],[0,147],[-35,0],[15,49],[8,57],[3,10],[5,6],[26,-23],[10,-8],[5,-8],[78,-148],[17,-35],[45,-85],[9,-14],[41,-78]],[[292218,486176],[2,0],[17,0],[6,-1],[45,0],[11,0],[16,0],[50,0],[2,-1],[8,43],[2,27],[18,-1],[19,-31],[0,-32],[-1,-43],[4,-27],[5,31],[0,50],[-4,63],[1,233],[1,5],[15,16],[6,-15],[4,0],[5,-14],[5,-5],[0,-322],[36,-78],[13,81],[2,9],[21,78],[4,28],[1,16],[6,-12],[18,-11],[9,-38],[16,33],[15,43],[45,-1],[9,-27],[4,-21],[3,-42],[26,-28],[9,-5],[12,62],[-1,11],[3,51],[3,1],[1,-128],[-1,0],[0,-87],[13,0],[0,-60],[26,0],[0,42],[76,10]],[[292824,486079],[-1,-7],[0,-25]],[[292823,486047],[-1,-14],[-7,-9],[-7,-21],[-2,-14],[-8,-25],[0,-18],[-10,-9],[-4,-16],[-2,-23],[-3,-10],[-8,4],[-3,-6],[-7,-33],[-6,-8],[-16,10],[-9,-34],[-8,-27],[-1,-49],[-5,-23],[0,-30],[-2,-33],[-5,-14],[-9,-10],[-4,-15],[12,-25],[19,-16],[-9,-38],[-10,-70],[-14,-66],[-7,-37],[-4,-53],[-3,-9],[-38,124],[-1,-4],[-9,13],[-4,-15],[-4,0],[3,-24],[-3,-3],[-3,-38],[2,-13],[-8,-10],[-1,-14],[-1,12],[3,11],[-5,16],[1,53],[-3,31],[-4,4],[5,-38],[1,-24],[-3,-42],[-10,-50],[-4,-14],[-11,-15],[-12,-34],[0,-32],[-9,2],[-6,-11],[0,-15],[4,-23],[-2,-15],[-4,-3],[-2,-11],[0,-34],[-3,-3],[-3,-35],[1,-31],[-6,10],[3,11],[-4,-1],[-3,-14],[-2,-26],[4,-10],[1,12],[3,-10],[-9,-34],[2,21],[-3,-16],[-7,-6],[0,-20],[2,-19],[1,-25],[0,-9],[-7,-18],[3,16],[-4,13],[-4,-10],[-5,1],[-4,-28],[5,-5],[2,-16],[-2,-17],[-5,-10],[-1,12],[-5,-13],[-1,-21],[3,-30],[-3,-15],[-5,0],[-4,-21],[-7,-15],[-3,-25],[0,-18],[6,-7],[-1,-15],[-6,-7],[-7,-21],[-2,0]],[[292472,484615],[-1,5],[-6,0],[3,61],[0,41],[-15,0],[-2,340],[-11,1],[-10,26],[-22,-5],[-6,6],[-6,-6],[-15,-1],[-1,-33],[-2,-5],[0,-24],[6,-31],[0,-54],[-9,6],[-7,13],[-14,-3],[-3,-18],[2,-60],[0,-17],[-8,-179],[1,-24],[7,-19],[-1,-1],[-38,-1],[-3,5],[-1,-3],[-4,-14],[-6,-64],[0,-2],[-5,-42],[-1,-12],[-10,54],[-16,89],[-7,62],[-3,32],[-11,171]],[[291760,487417],[26,45],[24,40],[2,4],[7,11],[8,30],[7,16],[9,-6],[5,18],[7,-9],[2,9],[0,12],[5,31],[0,38]],[[291862,487656],[26,0],[12,0],[0,22],[5,0],[0,-26],[6,-3],[-3,28],[4,21],[1,0],[2,1],[11,-1],[0,-1],[13,-1],[0,-10],[6,10],[18,0],[-1,-38],[1,0],[8,0],[19,-11],[0,48],[8,0],[5,0],[13,0],[25,1],[6,-2],[15,-25],[14,-16],[19,-1],[6,-6]],[[292101,487646],[6,-6],[3,-42],[9,-28],[2,-5],[-3,-24],[1,-12],[-2,-1],[-1,-16],[1,-26],[-3,-5],[3,0],[0,-119],[0,-11],[0,-131],[7,0],[20,0],[27,-1],[26,5],[19,0]],[[292216,487224],[6,-94],[1,-159],[0,-115]],[[292223,486856],[-3,0]],[[292049,487136],[-4,7],[-5,1],[-13,-2],[-38,1],[-25,-1],[0,0],[-2,0],[-4,1],[-9,0],[-11,0],[-6,1],[-6,-1],[0,0],[-2,0],[-30,25],[1,-22],[-13,-6],[-8,-2],[-2,-14],[-13,4],[-2,40],[-2,27],[-2,26],[-1,9],[-32,0],[-61,2]],[[291759,487232],[0,47],[0,53],[1,85]],[[293436,488331],[0,-122],[-1,-1573]],[[293195,485119],[-373,8],[0,19],[1,901]],[[292824,486079],[0,104],[-1,8],[1,400],[1,185],[-7,-4],[-43,2],[1,167],[0,256],[-98,0]],[[292678,487197],[1,122],[-15,25]],[[292657,488226],[6,2],[10,10],[-164,208]],[[292509,488446],[15,70],[12,-20],[8,-27],[10,33],[7,4],[6,-8],[15,13],[7,-6],[16,22],[4,57],[0,35],[4,38],[-3,15],[2,2],[100,-5],[8,10],[1,51],[17,1],[5,17],[9,56],[5,56],[-1,20],[-5,17],[15,-6],[3,-18],[14,-37],[2,3],[3,11],[10,23],[4,21],[0,16],[7,34],[3,37],[4,19],[8,14],[10,34],[1,19],[4,11],[7,42],[2,26],[9,28],[59,-14],[28,12],[2,-4],[0,-20],[6,-21],[0,-15],[-3,-18],[-8,-27],[0,-39],[5,-18],[1,-23],[3,-17],[8,-28],[5,-61],[-2,-47],[13,-16],[13,-22],[6,11],[15,0],[11,5],[5,9],[12,-32],[7,30],[4,32],[6,29],[10,17],[9,-7],[8,-12],[19,-1],[6,-3],[13,-2],[2,-26],[-2,-15],[16,-4],[5,16],[20,-14],[5,-13],[10,-9],[-2,-22],[2,-20],[-2,-41],[0,-14],[27,2],[22,-7],[20,3],[96,-5],[-1,254],[19,1],[5,-9],[4,-14],[18,-185],[7,-291],[-12,-46],[21,-11],[13,-2],[3,-10],[19,-37],[3,-22]],[[292066,486461],[0,-5],[0,-38],[0,-89],[0,-42],[-1,-47],[-1,1],[-1,-2],[0,-46],[2,-1],[0,-3]],[[294065,487824],[-4,5],[-6,28],[-3,9],[-16,-9],[-8,23],[-19,-12],[0,-11],[-9,-4],[-4,11],[0,114],[-2,338],[-76,0],[0,470],[-82,1]],[[293836,488787],[-20,417],[-11,239],[9,2],[24,29],[5,12],[0,-112],[204,-1],[-1,87],[26,0],[1,105],[12,0],[0,-63],[25,-1],[3,33],[2,-9],[12,-10],[12,7],[6,10],[1,28],[15,45],[7,21],[11,7],[12,42],[8,16],[11,23],[16,10],[3,-11],[4,-1],[2,-10],[3,9],[5,47],[-1,20],[3,21],[-1,26],[-10,18],[-8,24],[-2,25],[-1,23],[-5,13],[-2,35],[4,14],[11,-6],[69,1],[0,-85],[51,1],[0,-63],[11,16],[5,22],[4,-1],[3,25],[12,24],[9,5],[10,0],[3,18],[6,18],[3,20],[13,0],[5,15],[7,-3],[10,4],[0,66],[-5,9],[-6,23],[-9,11],[-3,13],[0,15],[-4,20],[-5,-1],[-6,46],[-1,18],[-3,22]],[[292472,484615],[0,-17],[3,-4],[-3,-14],[3,-18],[-4,-3],[0,-35],[0,-28],[3,-3],[5,14],[3,-17],[3,3],[2,-14],[-2,-5],[0,-21],[-3,-8],[-6,-1],[0,-26],[2,-15],[-4,-14],[8,-8],[-1,-17],[12,-27],[-5,-13],[4,-11],[-1,-22]],[[292158,484004],[-4,11],[0,11],[-23,291],[-2,21],[-30,203],[-19,113],[-21,137]],[[292059,484791],[17,-3],[22,-138],[5,4],[-1,-6],[2,-39],[7,-30],[4,-3],[3,-16],[4,5],[14,0],[5,8],[2,3],[-1,16],[-5,32],[-3,9],[-2,-4],[-3,23],[5,13],[5,-5],[4,21],[8,5],[4,-12],[0,5],[4,21],[1,-3],[2,2],[1,4],[3,-2],[2,2],[2,13],[-1,-7],[1,11],[10,4],[8,20]],[[292217,487224],[4,-1],[1,0],[16,0],[14,-23],[4,-3],[9,0],[28,1],[23,0],[0,0],[58,0],[17,5],[54,-4],[11,1],[11,0],[47,-1],[7,0],[11,0],[146,-2]],[[292218,486176],[1,115],[0,157],[0,2],[3,188],[1,67],[0,0],[1,151],[-1,0]],[[292216,487224],[1,0]],[[293906,478061],[28,-72],[6,-7],[7,0]],[[293946,477099],[-3,0],[-21,-2],[-10,-2],[-4,0],[-25,-1],[-22,-2],[-3,-3],[-1,130],[0,70],[-10,-20],[-12,-36],[0,28],[5,6],[-1,45],[-1,5],[0,45],[-3,6],[-20,-2],[-19,-1]],[[294004,475961],[7,-20],[29,-109],[16,-84],[2,-20],[8,0],[0,-53],[-1,-88],[-2,-23],[-2,-46],[3,-58],[12,-28],[8,-7],[1,-23],[9,-259],[-6,-11],[-12,-8],[-8,11],[-11,33],[-1,32],[-8,22],[2,26],[-8,28],[-4,27],[2,18],[5,-18],[-1,-17],[4,-17],[4,2],[-3,12],[1,15],[4,2],[-13,121],[-29,262],[-2,11],[-5,19],[-6,12],[-4,6],[-9,5],[-4,3],[-1,-21],[-9,-17]],[[293972,475701],[0,15],[-6,16],[-29,0],[-24,87],[-4,70],[-11,68],[-2,8],[-18,68],[-11,29],[-22,56],[-12,25],[-34,73],[-44,69],[-11,18],[-11,26],[-13,28],[-11,43],[-6,35],[1,11],[7,8],[3,-6],[5,-34],[9,-29],[13,-19],[4,-5],[2,8],[1,6],[-1,17],[-4,68],[0,8],[-9,29],[-31,85],[-10,15]],[[293693,476597],[3,16],[13,12],[1,8],[23,0],[1,111],[3,3],[22,3],[0,38],[6,0],[19,-3],[0,-22],[4,11],[9,1],[0,11],[12,1],[14,1],[3,1],[6,7],[18,29],[18,28],[1,-19],[-11,-41],[7,-9],[1,-12],[2,-8],[2,-14],[0,-11],[3,-13],[1,-5],[1,-14],[-1,-36],[3,-22],[-1,-51],[4,-37],[3,-15],[-1,-23],[1,-36],[-2,-7],[-3,-16],[3,1],[4,-26],[-4,-36],[7,-27],[1,-36],[-2,-15],[-12,-39],[1,-33],[-3,-38],[-6,-8],[-5,-19],[-6,-26],[10,-19],[15,-18],[13,-23],[7,-7],[9,-5],[15,-6],[9,-12],[13,-27],[19,-33],[11,-15],[19,-15],[8,-21]],[[291389,497435],[1,25],[4,0],[0,-32],[8,-1],[0,75],[-4,0],[0,18],[11,11],[0,-8],[6,-1],[0,22],[0,11],[7,-24],[5,13],[13,1],[11,-12],[7,12],[4,4],[0,10],[3,-4],[1,-10],[17,0],[9,-10],[-1,7],[1,88],[5,0],[16,1]],[[291513,497631],[5,-41],[-1,-56],[0,-32],[-6,0],[0,-10],[-2,0],[0,-24],[4,-2],[4,-6],[0,-85]],[[291517,497375],[1,-205],[2,-25],[10,-22],[7,-16],[4,-14],[3,-29],[0,-80],[-1,-45],[-3,-3],[0,-47],[-4,0],[-2,-21],[-4,6],[-19,6],[0,-43],[-5,8],[-3,17],[-3,-7],[-7,8],[-4,20],[-4,4],[-25,2],[0,-17],[-13,12],[-6,-8],[-8,-9],[-1,-28],[-11,-19],[1,-21],[-5,-18],[-4,5],[-2,-20]],[[291517,497375],[5,0],[0,-21],[20,0],[1,-37],[7,0],[8,20],[5,1],[6,-17],[1,21],[8,7],[11,-9],[12,2],[12,17],[-4,14],[8,0],[11,49],[4,7],[9,5],[4,-8],[8,-35],[5,-6],[11,27],[10,-4],[7,3],[6,12],[9,33],[10,8],[28,39],[16,2],[3,6],[5,37],[15,1]],[[291778,497549],[-5,-63],[-23,-115],[-48,-233],[-31,-158],[-7,-23],[-9,-47],[-13,-65],[-16,-86],[-7,-35],[4,-10],[19,0],[2,-14],[0,-93],[32,-32],[7,0],[21,5],[22,9],[4,-75],[2,-1],[6,5],[9,31],[-1,-171],[-58,1],[-99,-1]],[[294953,479143],[6,3],[7,-5],[13,5],[0,-96],[136,2],[1,-174],[-13,0],[1,-172],[151,10],[1,-161],[-19,-1],[-9,14],[-43,-3],[-3,3],[-36,-3],[-2,-165],[-46,-1],[112,-366],[5,-20]],[[295215,478013],[0,-22],[-106,-2],[-1,45],[-51,-4],[-100,-3]],[[294957,478027],[-4,-1],[-42,-1],[-16,0],[-20,-1],[-4,-1],[-13,10],[0,-28],[-3,8],[-33,0],[-2,8],[-15,-1],[0,-79],[-12,-3],[0,-41],[-14,-3],[8,-3],[1,-22],[4,-3],[0,-33],[-2,-16],[5,-11],[0,-40],[-11,-3],[-1,-23],[1,-96],[-3,6],[-9,-1],[0,10],[9,1],[0,10],[-11,-1],[1,-52],[-12,-1],[-17,-5],[-12,9],[-16,-3],[-2,6],[-4,19],[-1,35],[25,0],[0,42],[13,1],[0,43],[12,1],[0,81],[-36,-2],[-2,5],[-12,-1],[-1,-10],[-8,0],[-5,-5],[3,-14],[4,-18],[-4,-8],[-9,43],[-3,-6],[-5,0],[8,-53],[-2,-4],[-11,68],[-18,-1]],[[294656,477839],[-1,172],[-1,87],[0,75],[-22,3]],[[294632,478176],[0,7],[16,0],[3,9],[3,-4],[26,2],[7,0],[14,8],[2,1],[1,12]],[[294955,480002],[2,1024],[4,1004],[0,18]],[[292733,480495],[14,-10],[5,-28],[0,2],[-1,7],[0,8],[1,10],[3,12],[2,18],[1,14],[6,44],[7,109],[4,28],[0,41],[6,-12],[-5,1],[1,-25],[6,8],[-3,-49],[4,22],[0,21],[13,-16]],[[292907,480147],[14,-3],[11,-23],[15,-53],[14,-41],[10,-14],[14,2],[-4,-7],[-3,-52],[-7,-14],[-14,42],[-33,-18],[-31,52],[-23,-34],[-2,-3],[-32,-53],[-1,-2],[-2,-2],[-10,-104],[-4,-99],[-1,-19],[-2,-17],[-6,-78],[-1,-16],[-6,-69],[0,-5],[1,-43],[2,-69],[-10,-16],[-7,36],[1,64],[-3,364],[-14,325],[-8,56],[-7,47],[-26,125],[-6,59],[7,19],[0,11]],[[293993,478741],[19,46],[25,61],[24,56],[3,12],[26,98],[13,49],[6,-15]],[[294109,479048],[11,-23],[19,-81],[5,-11],[-7,-36],[-5,-7],[7,-6],[2,-6],[1,-33],[3,0],[-5,-13],[0,-23],[0,-10],[-2,0],[0,-37],[2,-2],[0,-56],[1,-71],[0,-43],[-1,-11],[3,-9],[9,-65],[11,-6],[29,-35],[1,-105],[-1,-31],[1,-155],[0,-2]],[[294193,478171],[-13,-3],[-5,-3],[-6,-10],[-6,-19],[-20,-65],[-18,-56],[-8,-15],[-8,-6],[-8,-1],[-29,-2],[-16,0]],[[294056,478075],[0,85],[-1,128],[-1,44],[0,20],[-11,49],[-2,14],[0,64],[0,14],[1,8],[-1,39],[-3,26],[3,6],[-1,29],[-1,7],[-7,-12],[-3,13],[-14,47],[-5,-13]],[[294010,478643],[-18,96],[1,2]],[[292186,497212],[-7,8],[-2,23],[3,13],[-18,42],[-1,-6],[-7,28],[-11,60],[-8,20],[-10,67],[-6,48],[-3,22],[-5,55],[-16,132],[-6,42],[-24,128],[-23,92],[-2,18],[0,15],[8,85]],[[291826,498198],[18,7]],[[292163,496596],[-2,1],[-7,12],[-7,8],[-9,0],[-8,1],[-1,-7],[-10,2],[-15,32],[-14,23],[-9,-6],[-16,-38],[-13,-13],[-12,6],[0,23],[-3,0],[-2,-19],[-17,13],[-17,-3],[-6,-1],[0,9],[-15,1],[0,-14],[-21,-5],[-1,11],[1,15],[-9,2],[1,76],[-14,0],[-1,-74],[-4,-38],[3,-23],[-14,-22]],[[291921,496568],[-7,57],[-2,40],[-4,126],[-6,199],[-1,42],[0,156],[1,51],[-1,116],[0,51],[0,205],[-13,-17],[-49,-45],[-34,-10],[-27,14]],[[291778,497553],[16,215],[7,97],[2,13],[4,52],[5,77],[14,191]],[[294279,476260],[3,0],[10,6],[16,0]],[[294366,476267],[41,2],[11,18],[19,5],[25,5],[3,0],[22,5],[39,7],[28,3],[8,-14],[1,143],[42,1],[35,2],[22,1],[46,2],[2,-35],[3,-10],[0,-120],[129,1],[0,62],[9,0],[38,4],[0,-64],[63,3],[4,3],[6,18],[2,15]],[[294964,476324],[2,-370],[-1,0]],[[294667,475936],[-4,3],[-4,-23],[4,-16],[1,-78],[-19,-1],[-32,-6],[-2,52],[-1,10],[-14,40],[-1,20],[-34,2],[-97,-8],[-53,-2],[-41,0],[-59,-1],[-3,0],[-20,-3],[-7,0],[-5,4],[0,43],[-11,0],[0,-45],[-52,0],[1,-18],[1,-154],[-1,-21],[-4,-47],[0,-11],[-14,-10],[-1,0]],[[294195,475666],[-13,0],[-5,43],[-13,-2],[0,43],[-18,0],[-10,1],[-1,25],[-6,25],[2,35],[-16,0],[-3,-8],[-6,3],[-4,-12],[0,-25],[-17,0],[-4,4],[0,19],[4,6],[-1,11],[-3,-5],[-4,25],[-6,19],[3,4],[-4,27],[7,54],[8,-8],[-5,25],[-4,12],[-2,-12],[-5,7],[-5,-6],[-1,8],[4,27],[-8,0],[-2,16],[-7,20],[0,11]],[[294050,476058],[-2,11],[1,11],[2,5],[4,72],[10,-9],[4,-10],[0,-18],[-4,-6],[6,-11],[8,15],[3,1],[1,-5],[-2,-16],[2,-22],[5,14],[6,25],[-8,17],[0,45],[-3,61],[1,25],[3,-4],[26,2],[33,2],[10,1],[0,32],[4,11],[2,-7]],[[293859,481448],[190,-757],[50,0],[-1,-84],[51,2],[0,-48],[-3,-8],[0,-36],[-46,-1],[-1,-28],[34,-142],[15,0],[0,-65],[63,-277],[139,-2]],[[294350,479391],[-11,-13],[-11,-27],[-9,-56],[-17,-68],[-32,-48],[-8,-1],[-14,-8],[-10,-18],[-6,-1],[-4,-1],[-3,2],[-4,16],[-4,4],[-7,2],[-5,-5],[-11,-34],[-12,-10],[-10,-11],[-28,-34],[-9,-2],[-7,-4],[-9,-7],[-10,-19]],[[293993,478741],[-1,36],[-5,2],[-4,33],[-3,-3],[-4,20],[-4,22],[-1,43],[0,59],[-2,26],[-1,25],[-7,53],[-12,96],[-4,32],[-11,53],[-18,82],[-4,15],[-8,80],[-7,70],[-1,8],[-18,124],[-6,40],[-7,45],[-12,85],[-2,18],[-5,30],[-4,30]],[[293842,479865],[-15,105],[-6,36],[0,1]],[[294961,477012],[0,58],[0,2]],[[294961,477072],[-2,280],[-1,250],[-1,262],[0,163]],[[294552,479025],[1,-164],[0,-16],[2,-144],[24,0],[2,-3],[-1,-97],[-1,-22],[0,-8],[1,-40],[0,-9],[0,-12],[-2,4],[-11,5],[-4,0],[0,-65],[-10,2],[-20,53],[-9,11],[0,9],[-6,-8],[-13,-3],[-20,2],[-1,-12],[-4,-23],[-6,-10],[-17,-3],[-5,-17],[3,-16],[-13,-1],[-1,11],[-52,0],[-6,-2],[-3,-3],[-9,-11],[-3,-8],[-7,-71],[-2,-7],[-2,-3],[-2,-2],[-23,-1],[-9,-1],[-14,-1],[-3,-2],[-4,-12],[1,-4]],[[294303,478321],[-22,-67],[-13,-42],[-2,-7],[-6,-30],[-15,0],[-4,1],[-22,-4]],[[294219,478172],[-26,-1]],[[293842,479865],[-15,0],[4,-30],[-38,0],[-1,-85],[2,-86],[8,0],[17,-1],[23,4],[-1,-115],[0,-61],[20,-1],[4,-6],[7,-34],[8,15],[15,17],[0,-95],[10,10],[1,-14],[-11,-11],[-1,-34],[0,-15],[0,-84],[-32,-1],[-4,-52],[-2,-18],[0,-15],[4,-33],[5,-10],[10,-1],[-1,-41],[19,-3],[-1,-27],[-8,0],[1,-54],[-3,0],[2,-9],[-5,-9],[-24,-43],[-6,-11],[0,-16],[1,-22],[6,-1],[1,-20],[6,-1],[1,-21],[-13,0],[1,-22],[0,-85],[-6,0],[0,-85],[0,-1]],[[291203,495072],[3,-3],[4,0],[-2,-16],[-2,0],[-3,3],[0,16]],[[291040,494560],[0,18],[0,13],[2,18],[28,316],[7,-35],[8,-169],[-6,-122],[-2,-103],[22,-64],[-5,-24],[-15,-35],[-1,-11],[0,-2]],[[291179,495012],[2,0],[17,0],[2,0],[0,-7],[2,7],[5,18],[3,23],[2,13],[1,-13],[2,-1],[25,2],[0,-20],[-19,-3],[0,-20],[-7,0],[1,-21],[-7,0],[-1,21],[-5,-32],[0,-31],[0,-21],[2,0],[8,-1],[2,2],[4,6],[5,5],[17,-14],[13,-1],[38,0],[14,2]],[[291305,494926],[0,-49],[14,-4],[0,-21],[-27,-2],[0,-21],[10,-21],[-2,-12],[-1,-5],[7,0],[0,-69],[-13,-1],[0,-11],[16,1],[3,-18],[1,-17]],[[291242,494324],[-9,1],[-4,0],[-5,0],[-2,0],[-18,0],[-13,1],[-9,0],[-4,0],[-13,0],[-23,0]],[[291142,494326],[2,31],[5,75],[-2,53],[-1,4],[0,9],[0,8],[7,75],[1,47],[1,48],[1,77],[3,10],[4,17],[0,7],[0,54],[5,48],[3,27],[-9,7],[-8,1],[-24,-2],[-20,41],[-29,35],[-7,-4],[-15,-7],[-6,19],[-31,94],[-14,184],[4,69],[3,75],[27,-98],[2,-5],[2,-18],[1,-9],[2,-24],[2,-71],[-2,-103],[13,-41],[11,24],[14,-5],[2,-1],[23,-62],[15,-44],[13,0],[9,0],[9,5],[21,-5],[0,41]],[[294632,478176],[-28,-1],[-23,6],[-27,-1],[-50,-2],[-10,3]],[[294355,478152],[-7,24],[-20,64],[-4,13],[-21,68]],[[292420,491260],[1,68],[2,35],[3,26],[6,35],[0,2],[33,169],[14,76],[3,29],[5,65],[4,43]],[[292491,491808],[3,-2],[5,1],[6,-2],[1,-83],[25,-3],[38,-4]],[[292569,491715],[0,-6],[0,-36],[0,-30]],[[292410,490550],[-1,44],[3,1],[8,19],[-1,33],[-3,26],[2,43],[-3,8],[-3,1],[0,190],[0,6],[-10,2],[-2,6],[8,33],[7,44],[4,53],[1,25],[0,176]],[[292317,494737],[0,-10],[2,-1],[1,-1],[0,-10],[-3,-1],[0,-20],[0,-19],[3,-1],[0,-23],[0,-22],[1,-21],[3,-8],[8,1],[10,23],[21,18],[5,4],[7,4],[0,-5],[0,-14],[-13,-11],[-9,-11],[-4,-16],[-12,-14],[-3,-14],[-6,-68]],[[292106,494372],[0,8],[0,15],[-3,0],[0,39],[3,0],[0,27],[-3,1],[1,20],[-1,0],[-1,19],[3,1],[-2,38],[3,27],[1,39],[0,3],[0,20],[-1,-1],[-4,0],[0,16],[5,0],[0,8],[-2,0],[0,22],[-2,0],[0,21],[0,14],[0,3],[1,4],[3,0],[0,26]],[[292324,494588],[0,-2],[0,-5],[6,1],[1,9],[-6,0],[-1,-1],[0,-2]],[[291150,496372],[2,0],[7,-6],[3,0],[5,-1],[4,3],[2,2],[5,3],[32,0],[25,0],[4,0],[9,1],[7,0],[6,0],[13,1],[7,0],[31,-3]],[[291290,495792],[-41,-2],[-13,0],[-25,0],[-8,0],[-13,-1],[0,-4]],[[291190,495785],[-3,6],[-7,-1],[-2,15],[6,30],[1,5],[1,5],[-2,17],[0,14],[-6,84],[-1,15],[-3,9],[-4,-5],[-3,1],[7,38],[-2,13],[-7,74],[-12,67],[-7,61],[-13,2],[0,7],[-1,7],[9,19],[2,5],[2,15],[-7,42],[-11,4],[-2,16],[9,17],[16,4],[0,1]],[[293059,476765],[4,-2],[9,19],[9,-2],[4,-13],[1,-54],[14,-24],[7,12],[5,-6],[0,-11],[1,-37],[16,-13],[2,-2],[4,-12],[10,-25],[29,-3],[23,20],[13,-17],[26,-47],[98,-214],[36,127],[32,0],[12,47],[4,-8],[15,-31],[10,-21],[30,-60],[9,-19],[14,-44],[2,-3],[10,-17],[32,4],[4,0],[6,8],[10,13],[6,-7],[-1,-26],[-6,-13],[-16,-31],[-59,-120],[-72,-146],[-35,-39],[-3,-1],[-15,0],[-8,0],[-47,34],[-30,45],[-15,21],[-44,66],[-31,104],[-11,36],[-14,43],[-12,41],[-67,126],[-8,16],[-13,46],[-11,55],[-8,63]],[[293040,476643],[1,5],[1,8],[17,109]],[[294219,478172],[4,-58],[3,-37],[5,-55],[1,-13]],[[294232,478009],[-2,-11],[-11,-54],[-3,-17],[-5,-45],[-2,0],[-5,-14],[-14,-14],[-1,-23],[-6,-16],[-9,-41],[3,-5],[-5,-26],[-1,-20],[-10,-64],[-3,0],[-16,21],[-11,-109],[-6,-48],[-15,-61],[-3,-21],[-1,-39],[-23,-1],[-18,-2],[-6,-2],[-2,-1]],[[291150,496372],[1,9],[-4,12],[-3,9],[1,7],[5,1],[2,-5],[5,-10],[5,2],[0,16],[-7,18],[-6,13],[-13,32],[-4,32],[-2,10],[5,29],[26,50],[4,6],[2,5],[1,9],[6,67],[2,20],[8,43],[-3,10],[2,21],[13,16],[11,-22],[13,8],[2,10],[9,52],[2,7]],[[291125,496398],[4,5],[4,-6],[0,-12],[-6,-8],[-2,9],[0,12]],[[291114,496425],[3,7],[5,-6],[1,-10],[-3,-7],[-6,5],[0,11]],[[291109,496387],[2,5],[4,-4],[0,-12],[-3,-6],[-3,5],[0,12]],[[291474,494693],[-5,-15],[3,-16],[12,-64],[2,-29],[3,-29],[2,-20],[1,-4],[18,-52],[3,-37],[1,-7],[-2,-9],[-9,-44],[-4,-17],[-10,-50],[-3,-16],[-3,-13],[-2,-9],[-5,-26],[-9,-40],[-7,-28],[0,-7],[-2,-36],[-1,-15]],[[291457,494110],[-4,9],[-1,-9],[-16,0],[-9,-2],[-4,-11],[-9,14],[-4,0],[0,11],[0,31],[5,0],[-1,36],[-4,23],[0,9],[0,22],[1,40],[0,43],[-1,80],[0,49],[0,10],[7,0],[-1,10],[-6,0],[0,22],[0,1]],[[291410,494498],[0,87],[0,10],[0,11],[0,23],[0,120],[4,7],[9,0],[0,22],[-13,14],[-1,11],[0,20],[1,12],[-1,15],[0,24],[0,13],[0,28],[0,-9],[10,0],[-4,21],[1,-1]],[[292455,498311],[2,27],[12,20],[8,-1],[4,-7],[17,-20],[4,5],[10,3],[19,18],[14,23],[5,5],[29,14],[12,-7],[5,12],[13,-18],[-1,-28],[2,26],[6,-1],[0,14],[26,0],[0,48],[13,1],[0,-42],[32,0],[0,32],[-6,0],[0,10],[38,0],[0,-42],[19,0],[6,0],[1,42],[6,0],[0,-43],[6,1],[13,0],[6,0],[15,0],[0,-21],[0,-25],[5,0],[4,-15],[9,0]],[[292809,498342],[-7,-20],[-6,-8],[-5,-28],[-6,13],[0,-28],[45,1]],[[292830,498272],[18,0],[23,1],[2,3],[0,-45],[0,-42],[-13,0],[-1,-44],[-38,-1],[0,-87],[-24,0],[-1,-40],[-10,0],[-3,-9],[-1,-34],[-20,1],[-4,19],[-10,1]],[[292748,497995],[-3,-1],[-1,-6],[0,-99],[-47,-1],[-4,-28],[-5,7],[-22,-1],[-1,-20],[-10,0],[-2,-5],[-1,-29],[-4,-8],[-9,0],[1,347],[-19,6],[-20,-5],[-3,-158],[3,-159]],[[291826,498198],[-22,-8],[-21,14],[-19,23],[-18,16],[-3,10],[-2,8],[-4,14],[-4,9],[-2,3],[-5,3],[-9,4],[-10,15],[-6,7],[-5,-1],[-15,-9],[-9,-20],[-11,-28],[-18,-31],[-5,-5],[-30,0],[-7,-6],[0,-18],[-7,-11],[0,28],[-8,-4],[-18,7],[-18,0],[0,-8],[-7,0]],[[291543,498210],[0,8]],[[291182,495622],[8,-17],[2,-19],[-2,-25],[2,-27],[21,-11],[0,-75],[0,-30],[-10,2],[0,-11],[-5,1],[-1,-18],[0,-29],[4,-1],[0,15],[4,3],[-4,6],[1,16],[0,-10],[15,-20],[-3,-7],[0,-11],[-1,-47],[-2,-18],[-2,-15],[-9,-9],[-10,-10]],[[291190,495255],[-12,34],[0,20],[1,20],[2,29],[2,43],[1,11],[5,77],[-10,97],[4,29],[-1,7]],[[293154,482840],[1,-1],[21,28],[5,7],[42,55],[-2,-23],[0,-6]],[[293221,482900],[0,-79],[0,-7],[0,-86],[5,-14],[0,-25],[0,-3],[3,-6],[-1,-2],[-1,-40],[4,-63],[-3,-24],[0,-34],[2,-68],[4,-25],[-2,-23],[5,-21],[0,-29],[3,-14],[-5,-16],[8,-38]],[[293243,482283],[0,0],[-6,-23],[3,-13],[2,-12],[-1,-31],[0,-1],[1,-13],[1,-6],[2,-20],[-5,-1],[-5,18],[-3,16],[-23,49],[-5,2],[0,-2],[0,-6],[3,-22],[0,-49],[-3,-18],[-1,-8],[-79,2],[-5,5],[-7,25],[-5,30],[-8,26],[-20,46],[-13,41],[0,9],[5,9],[8,-1],[3,45],[-9,1],[-2,7],[-13,1],[-1,-45],[-4,-9],[-19,-1],[-5,-5]],[[293029,482329],[-1,63],[-3,53],[-4,20],[-2,19],[-2,5],[-3,13],[-1,47],[-10,37],[4,21],[-6,16],[0,17],[70,90],[3,4],[50,65],[0,2],[30,39]],[[291182,495622],[-3,18],[7,29],[-3,25],[1,16],[1,12],[3,7],[4,5],[2,11],[2,11],[-1,19],[-5,10]],[[291179,495012],[0,52],[-6,34],[-2,8],[-2,11],[23,89],[1,21],[0,20],[-3,8]],[[291596,495420],[0,-60]],[[291596,495360],[0,-72],[0,-17],[0,-174],[1,-40]],[[293547,482301],[-3,-171],[0,-12],[7,-1],[7,14],[7,-1],[0,-18],[13,1],[1,24],[6,-1],[-4,-6],[0,-19],[0,-3],[0,-21],[1,-2],[1,3],[-4,-16],[-6,-14],[13,23],[4,-28],[-14,-21],[-17,-29],[-4,-48],[2,-31],[-2,-1],[7,-88],[21,-276],[4,-29],[9,-42],[6,-23],[11,-37],[1,-6],[22,-75]],[[293420,481297],[-4,9],[-10,21],[-1,3],[-1,0],[7,25],[7,12],[-8,40],[-6,11],[-12,-2],[-11,14],[-2,9],[-6,-7],[2,25],[-5,17],[-14,12],[-17,26],[-1,7],[0,66],[0,48],[-1,6],[-5,-19],[-11,10],[-9,-4],[0,6],[0,4],[-5,56],[5,33],[10,67],[6,19],[11,36],[11,0],[6,-9],[7,-9],[1,-2],[34,20],[3,6],[4,11],[2,3],[3,7],[6,14],[21,52],[3,33],[0,4],[1,10],[-9,50],[16,43]],[[292977,483073],[-1,-7],[28,-75],[3,11],[26,-69],[-3,-11],[5,-10],[4,9],[13,-4],[0,-12],[19,0],[12,20],[14,-10],[0,-12],[3,12],[24,-1],[0,-19],[5,-8],[8,-14],[1,6],[1,4],[2,2],[4,0],[4,0],[7,0],[-1,-20],[-5,-16],[4,-9]],[[293029,482329],[2,-169],[-11,26],[-1,-74]],[[293430,483065],[6,-1]],[[293411,482893],[-7,1],[0,-10],[-12,0],[1,10],[-4,0],[-1,-10],[-9,0],[-24,0],[0,10],[-14,0],[-13,1],[0,-12],[-11,0],[0,12],[-4,0],[-6,0],[0,-10],[-10,0],[0,10],[-8,0],[-1,0],[-17,1],[-31,2],[-9,1],[-10,1]],[[293242,478183],[4,0],[0,-18],[-2,-2],[-2,20]],[[293395,477597],[4,-39],[3,-31],[3,-91],[2,-105]],[[293407,477331],[-3,-14],[-11,-47],[-7,-114],[1,-19],[9,-123],[10,-80],[6,-44],[2,-6],[11,-39],[7,-22],[0,-39],[-3,-1],[-36,-11],[-7,-2],[-9,-7],[-22,-18],[-7,-6],[-3,-2],[-3,-3],[-32,-65],[-29,0],[-3,87],[12,97],[2,48],[2,40],[1,24],[1,17],[-26,52],[6,35],[16,15],[-8,47],[-2,3],[-21,44],[-5,55],[-1,99],[-27,166],[-8,154],[1,74],[1,29],[0,41],[0,22],[9,33],[-1,13],[-5,38],[-9,9],[-2,29],[-9,120]],[[293205,478060],[1,57],[3,24],[5,-5],[19,2],[1,44],[5,0],[1,-14],[4,-6],[2,-18],[11,1],[0,32],[5,-15],[7,0],[0,22],[7,1],[7,6]],[[292812,493391],[12,-22],[27,-46],[21,-36],[5,-1],[25,1],[25,0]],[[292927,493287],[4,0],[0,-15],[4,-1],[0,16],[2,-42],[-4,-1],[0,-42],[7,0],[0,43],[43,1],[-4,-45],[-1,-27],[10,-11],[3,0],[19,-2],[12,-4],[-3,-21],[-2,-36],[-7,-44],[-3,-6]],[[291890,490224],[32,191],[6,36],[15,90],[4,19],[3,18],[3,16],[10,49],[6,33],[14,49],[22,108],[0,26],[0,17],[9,46],[4,11],[4,11],[52,134],[2,0],[6,2],[26,7],[4,1],[1,3],[9,24],[1,-1],[2,-2],[5,21],[-1,16],[-3,8],[6,35],[-1,18],[-2,43],[0,13],[-6,52],[-1,7],[-1,8],[-3,15],[-3,14],[2,4],[6,25],[2,5],[24,28],[5,-7],[3,-2],[1,6],[2,6],[1,1],[11,20],[4,-30],[2,-9],[3,3],[1,10],[3,19],[3,18],[2,11],[7,14],[8,-2],[0,3],[2,14],[1,2],[12,15],[2,6],[2,4],[1,2],[1,3],[2,4],[8,-7],[14,45]],[[292250,491573],[2,-14],[7,-10],[3,-13],[7,-20],[1,-4],[-6,1],[0,-37],[13,-73],[8,-14],[0,-17],[-19,1],[1,-23],[-7,0],[-1,0],[0,-83],[13,0],[12,38],[2,4],[4,0],[12,14],[8,-8],[0,-49],[20,-1],[5,0],[20,-1],[15,-1],[11,0],[27,-2],[12,-1]],[[292201,490225],[-138,-4],[-5,-1],[-77,0],[-3,-1],[-26,1],[-9,0],[-9,0],[-30,1],[-14,3]],[[292331,491951],[35,-3],[0,-5],[3,-5],[47,-2],[22,-3],[64,-6]],[[292502,491927],[-9,-106],[-2,-13]],[[292250,491573],[1,4],[14,44],[2,8],[1,1],[-1,4],[0,5],[0,3],[0,6],[0,4],[-1,3],[9,32],[1,3],[1,7],[1,5],[0,3],[1,4],[1,18],[-4,2],[-2,1],[-1,-4],[-5,-17],[-5,13],[-1,1],[-5,13],[27,104],[18,71],[6,23],[16,1],[4,10],[3,6]],[[292171,495718],[6,0],[2,-62],[2,-43]],[[292178,495508],[19,-3],[7,4],[1,-11],[2,-15],[0,-3],[-6,-37],[-3,-60],[11,-1],[-1,29],[-7,0],[0,11],[7,0],[3,0],[0,-40],[7,-2],[4,-5],[0,-34],[7,0],[3,-27],[3,-9],[4,-7],[4,-3],[12,0],[-1,22],[18,-1]],[[292337,495404],[4,-8],[2,-8],[1,-2],[-8,-28],[1,-65],[7,6],[9,-3],[3,-18],[3,-1],[3,-2],[2,-1],[11,-36],[14,-31],[13,18],[11,6],[15,-4]],[[292428,495227],[8,-35],[2,-27]],[[292438,495165],[-35,-1],[-16,0],[-11,-1],[-1,0],[-1,0],[-12,0],[-18,-1],[0,-17]],[[292107,495126],[0,35],[-7,19],[1,25],[6,3],[1,-19],[4,12],[-3,3],[0,33],[3,19],[10,4],[3,6],[0,16],[-9,7],[5,12],[-2,19],[2,13],[8,10],[-4,42],[-10,4],[0,9],[2,0],[-1,38],[-4,34],[0,36],[1,5],[4,0],[0,6],[2,-2],[3,18],[6,-5],[3,10],[1,16],[5,0],[0,42],[-20,0],[1,11],[-7,30],[-4,0],[0,-2],[-3,0],[-1,31],[2,4]],[[291823,494790],[1,-3],[13,5],[-6,10],[-1,20],[22,0],[25,-7]],[[291877,494815],[0,-31],[-12,1],[6,-10],[-6,-11],[0,-21],[-13,1],[0,-4],[0,-5],[1,-5],[9,-20],[3,-12],[0,-40],[-1,-97],[0,-16],[0,-6],[0,-10],[0,-43],[0,-17],[-8,1],[-3,-26],[11,-1],[-1,-39],[0,-51],[-3,-1],[-5,-5],[0,-9],[8,0],[0,-22],[2,0],[1,0],[-1,-62],[0,-8],[7,-14],[0,-5],[-1,-46],[1,-23],[-3,-8],[-5,-2],[0,-4],[0,-13],[4,-37],[2,-17],[-4,-15],[-15,0],[-1,-17]],[[291850,494045],[-1,6],[-4,20],[-3,-2],[-10,-5],[-7,10],[-5,7],[-10,14],[-4,6],[-3,4],[-4,6],[0,38],[-38,2],[0,67],[0,61],[-4,2],[-8,-22],[-8,0],[-23,65],[-5,15],[-3,46],[-1,8]],[[291078,492789],[0,0],[13,-2]],[[291091,492787],[0,-42],[-13,1],[1,-5],[0,-27],[0,-11],[0,-18],[6,-3],[0,-64],[7,0],[-1,-86],[1,-43],[0,-86],[0,-16],[-20,-29]],[[291072,492358],[-7,24],[-5,7],[-15,26],[-19,10],[-3,15],[-2,10],[-1,4]],[[292109,493584],[-18,0],[0,6],[-13,0],[-3,7],[-16,-2],[0,-11],[-6,1],[-13,0],[-7,0],[0,11],[-19,1],[0,-11],[-11,0],[-2,3],[1,-14],[-20,2],[-9,2],[-5,23],[-11,3]],[[291957,493605],[3,10],[-6,24],[-2,0],[-2,0],[-5,0],[-1,0],[-5,25],[-17,-1],[-1,8],[-1,19],[0,3],[-1,6],[13,40],[-2,22],[-4,5],[-4,4]],[[292438,495165],[2,-17],[-3,-27],[1,-4],[-7,-4],[-7,-27],[1,-51],[5,5],[3,-15],[11,-9],[3,0],[2,5],[6,7],[8,6],[12,-23],[3,-17],[1,-17],[-3,-23],[1,-5],[0,-16],[-3,0],[-4,-35],[-3,-19],[0,-16],[1,-12],[-1,-9],[-2,-26],[-2,-8],[-2,0],[-4,11],[-2,1],[-2,-4],[-2,-10],[-2,-1],[-2,1],[-3,9],[-3,2],[-3,-6],[-7,-19],[-8,-12],[0,-7],[-1,-22],[2,-15],[4,-17],[-6,-42],[1,-24],[2,-13],[7,-21],[1,-6],[0,-11],[3,-13],[3,-13],[2,-4],[8,-6],[-1,-2]],[[294130,474384],[12,21]],[[291511,492555],[-10,-33],[0,-5],[0,-36],[1,-21],[-1,-21],[0,-22],[-3,0],[2,-21],[2,0],[1,-10],[1,-11],[-2,0],[-1,0],[0,-17],[3,-4]],[[291504,492354],[-3,0],[-2,0],[-1,0],[-13,0],[-4,-21],[-18,-1],[0,-21],[-3,9],[-3,0],[-1,33],[-18,0]],[[291438,492353],[-3,0],[-16,0],[-13,0],[-6,0],[-13,-1],[0,-7],[0,-10],[0,-7],[-3,0],[0,-18],[-3,6],[0,5],[0,11],[-3,0],[-3,0],[0,21],[-5,0],[0,-11],[-2,0],[1,-10],[-4,-1],[0,22],[-6,0],[1,-43],[-4,6],[-7,-1],[0,6],[1,21],[6,-11],[2,10],[0,12],[-8,0],[-3,0],[-3,0],[-1,-1],[-6,0],[-13,1],[-18,-1],[-2,0],[-2,-37],[3,-14],[2,-28],[-5,39],[2,41],[-3,5],[-25,4],[-5,0]],[[291271,492362],[-1,49],[0,12],[4,31],[1,13],[2,13],[-1,0],[7,68],[1,9],[1,4],[-1,10],[1,10],[2,6],[7,38],[2,14],[1,6],[5,28],[5,22]],[[291960,493289],[15,0],[0,4],[1,0],[0,-5],[16,0],[9,0],[0,4],[1,0],[18,0],[13,-1],[0,-25],[6,-1],[0,26],[19,0],[2,0],[17,-5],[10,0],[0,5],[0,0]],[[292087,493291],[4,-84],[1,-11],[0,-3],[2,-46],[1,-12],[2,-6],[5,-17],[11,-33],[3,-9],[2,-5],[-4,-100],[0,-15],[-1,-8],[-6,-11],[-10,-40],[0,-7],[-6,-55],[2,-52]],[[292038,492829],[0,41],[-1,12],[0,22],[1,0],[0,42],[0,17],[-3,1],[0,4],[1,0],[0,6],[-2,0],[1,6],[3,0],[0,22],[0,9],[-6,8],[-6,-8],[-12,0],[-1,-9],[-12,0],[0,12],[-26,1],[0,16],[0,4],[-16,0],[0,6],[0,17],[-12,3],[-3,6],[-13,-8]],[[291931,493059],[0,8],[-2,5],[-2,7],[0,7],[0,8],[1,21],[22,0],[2,6],[6,19],[1,3],[0,18],[0,4],[0,3],[-10,6],[-2,25],[1,25],[0,3],[13,8],[0,3],[0,2],[1,8],[-1,13],[0,3],[-1,3],[0,2],[0,2],[0,18]],[[293634,483064],[2,2],[24,35],[77,-2],[304,-7]],[[293662,494319],[3,0],[19,1],[30,-1],[28,-2],[0,-8],[16,-15],[9,-2],[13,4],[18,8],[22,9],[24,7],[0,-10]],[[291761,488084],[12,0],[13,0],[0,1],[27,0],[0,10],[11,-3],[0,-8],[13,-1],[1,16],[2,6],[10,1],[5,-21],[6,6]],[[291861,488091],[2,-7],[-1,0],[1,-86],[0,-9],[0,-16],[0,-56],[0,-4],[0,0],[-2,0],[0,-43],[2,0],[1,-43],[-2,0],[0,-43],[0,-43],[2,0],[11,0],[0,-42],[-13,0],[0,-39],[0,-4]],[[291760,487417],[1,198],[-1,36],[1,48],[0,5],[13,14],[-2,22],[1,16],[-12,1],[0,20],[0,52],[0,85],[0,65],[0,15],[1,0],[0,6],[1,0],[0,42],[-2,0],[0,42]],[[293435,494785],[0,2]],[[293435,494787],[49,1],[2,0],[3,1],[10,9],[4,8],[12,33],[34,94],[12,32]],[[293561,494965],[5,-10],[4,0],[35,36],[-1,6],[8,-1],[6,1],[8,0],[0,41],[13,2],[0,-44],[24,0],[6,0],[13,0],[17,1],[14,0],[2,5],[3,-5],[10,0],[12,1]],[[293740,494998],[0,-65],[-2,0],[3,-41],[-3,-13],[3,2],[0,-10],[-3,-14],[0,-28],[0,-22],[3,0],[0,-10],[-3,-28],[1,-25]],[[293739,494744],[-3,0],[0,-7],[-8,1],[-8,-24],[-10,-15],[-6,-10],[-3,7],[-6,-20],[-4,-16],[-14,-2],[-12,2],[0,63],[-7,-1],[-6,0],[0,-21],[6,-2],[0,-41],[-19,0],[-2,5],[-8,0],[0,16],[-9,1],[0,-22],[-6,0],[-4,0],[-2,6],[-1,37],[-6,0],[0,21],[-4,0],[0,23],[5,-1],[10,40],[27,21],[-90,-61]],[[293436,494657],[-1,13],[0,29],[0,29],[0,19],[0,14],[0,24]],[[294327,495189],[0,-39],[0,-41],[-6,-4],[0,-11],[0,-53],[-2,0],[2,-10],[0,-32],[0,-48],[-3,6],[-6,10],[-10,19],[0,13],[-13,0],[0,-18],[0,-13],[1,-8],[-1,-46],[5,-5],[1,-13],[7,0],[0,-25],[-12,0],[0,-32],[12,0],[0,-26],[-19,6],[-4,9]],[[294279,494828],[-13,78],[-4,0],[-5,30],[-1,5],[-1,4],[-4,7],[-2,2],[-11,1],[-10,1],[2,-23],[-3,-25],[2,-32],[10,-44],[0,-21],[4,-14],[-4,-54],[-56,0],[0,-7],[-3,-1],[-4,-78],[-12,5],[-2,-11],[0,7],[-31,1],[-7,127],[-15,0],[-9,1],[-13,-5],[-1,-5]],[[294086,494777],[-16,10],[-10,-1],[0,33],[-13,10],[0,42],[0,35],[10,6],[-10,-6],[0,8],[-5,2],[0,50],[-5,-4],[0,9],[-3,1],[0,12],[6,0],[7,8],[0,8],[-19,0],[6,16],[0,117],[13,0],[0,33],[3,5],[0,42],[-55,0],[0,39]],[[293995,495252],[0,89],[7,0],[0,175],[0,43],[5,0],[0,113],[2,14],[19,-1],[5,1],[0,-26],[3,-4],[8,3],[5,0],[-1,27],[25,2],[35,1],[0,205],[-4,46]],[[291072,492358],[24,-84],[15,-49],[15,47],[5,8],[11,-7],[16,0],[8,-1],[2,0],[2,0],[9,0],[2,0],[12,-1],[2,8],[0,34],[-2,15],[-25,70],[25,-68],[0,60],[4,0],[-17,9],[0,7],[17,-4],[-3,8],[-2,9],[1,20]],[[291193,492439],[4,-18],[16,3],[8,-12],[9,-102],[6,-44],[1,-24]],[[291237,492242],[2,-34],[1,-27],[0,-7],[0,-6],[0,-50]],[[291240,492118],[-3,0],[0,-51],[-2,-43],[-7,-15],[-12,-24],[3,-8]],[[291219,491977],[-9,-37],[-13,-52],[-1,-6],[-14,-57],[-5,-9]],[[291177,491816],[-1,10],[-19,93],[-17,47],[-1,4],[-34,98],[-28,79],[-12,36],[-1,0],[-3,15],[-14,53],[-4,16],[-1,5],[-2,8],[-1,3],[-7,42],[-2,13],[-17,104],[-2,9]],[[291176,492141],[16,-36],[1,-17],[10,-17],[4,-26],[5,-17],[8,-6],[-1,-6],[2,1],[1,22],[-4,-1],[1,16],[6,-16],[-4,33],[5,19],[1,23],[-2,28],[4,33],[-8,10],[-35,-1],[-4,-24],[-6,-18]],[[291237,492242],[12,23],[2,0],[12,95],[6,1],[2,1]],[[291438,492353],[0,-8],[0,-3],[0,-31],[3,0],[0,-42],[-3,0],[0,-68],[0,-9],[1,-9],[10,0],[-5,-19],[-2,-32],[5,-1],[0,-12],[-9,0],[0,-21]],[[291438,492098],[-7,5],[-19,-5],[0,6],[-3,14],[-8,-4],[-1,-5],[0,-12],[-2,6],[-24,0],[-1,-6],[-24,0],[0,21],[-13,1],[-4,-11],[0,-10],[-9,-1],[-12,0],[-15,1],[0,7],[-3,0],[0,-7],[-5,0],[-3,-3],[-2,6],[-12,-2],[-12,0],[-2,20],[-17,-1]],[[291735,488142],[0,74],[0,32],[0,12],[0,43],[0,31],[0,11],[0,2],[1,63],[0,21],[0,11],[0,31],[3,0],[0,5],[2,9],[2,29],[2,-1],[4,21],[1,17],[1,9],[2,59]],[[291753,488621],[3,-1],[3,0],[2,-1],[17,-7],[3,-1],[14,-6],[7,-2],[22,-10],[11,-5],[27,-14]],[[291863,488103],[-2,-12]],[[291761,488084],[-4,0],[-9,0],[-5,2],[-8,0],[0,56],[0,0]],[[292511,496355],[6,-1],[46,3],[31,0],[8,0],[14,-1],[18,0],[3,0],[9,0],[33,1],[16,0],[25,0]],[[292720,496357],[0,-20],[10,-26],[9,-2],[13,-30],[0,-43],[-2,-18],[8,-15],[-13,-60],[7,-16],[-2,-7],[-5,-21],[-10,-1],[-3,0],[3,-13],[5,-13],[-2,-9],[-1,-6],[-3,-24],[-15,0],[-1,-20],[-5,0],[-7,0],[0,-34],[0,-7],[-6,0],[-6,0],[-2,-5],[1,-24],[0,-16],[11,0],[2,-20],[9,0],[-3,-16],[-1,-6],[-12,1],[0,-23],[-4,6],[-14,-4],[0,-14],[-6,-7],[-14,0],[-13,17],[-6,8],[-22,-2],[-8,-9],[-3,-14],[-15,0],[-14,0],[-40,0],[-25,0],[0,-86],[-30,1],[1,58],[14,43],[0,44],[-7,46],[-6,-24],[-5,-19],[1,-31],[-4,-29],[-7,-47],[0,-16],[-1,-39],[2,-36],[1,-6],[0,-164],[4,-19],[19,-57],[7,-24],[8,-64]],[[292512,495375],[-3,3],[-12,-13],[4,-20],[-1,-8],[-2,-2],[-3,2],[-9,-23],[-4,6],[-5,-16],[-4,10],[-3,-19],[-4,5],[-2,4],[-4,-10],[-7,-5],[-2,-20],[-5,-16],[-3,17],[-9,1],[0,11],[-4,-25],[-3,-7],[-3,2],[-2,-7],[-1,4],[-2,2],[4,-6],[3,4],[2,-2],[0,-20]],[[293125,496359],[51,0],[2,2],[43,4],[59,-6]],[[293280,496359],[126,-1],[-13,61],[2,2],[7,14],[7,28],[9,19],[10,13],[6,0],[0,120],[90,-1],[-1,45],[12,-30],[5,0],[1,73],[-3,34],[-4,34],[-4,20],[-6,7],[0,35],[-12,11],[0,-26],[-2,-2],[-4,5],[2,26],[-11,10],[0,31],[8,-7],[4,16],[-9,32]],[[293500,496928],[11,1],[-4,15],[10,-1],[9,-34],[12,1],[44,-153],[4,-19],[4,-20],[15,-111],[12,-84],[7,-38],[12,-41],[43,-131],[5,-19],[3,-15],[-4,0],[0,-43],[6,0],[0,-85],[0,-15],[-8,-2],[0,-26],[8,0],[1,-145],[0,-27],[0,-85],[-1,-85],[0,-21],[0,-51],[1,-49],[0,-33],[-4,-2],[0,-14],[0,-22],[4,0],[-1,-50],[0,-17],[0,-38],[-6,-3],[-3,-11],[4,-19],[0,-32],[-5,-21],[-8,-6],[2,-25],[-6,-56],[13,0]],[[293680,495296],[-32,-90],[-9,-25],[-4,-12],[-31,-86],[-31,-86],[-2,-4],[-8,-22],[-2,-6]],[[293435,494787],[0,20],[0,19],[-1,13],[0,72],[-1,383],[-2,0],[0,43],[-10,0],[0,16],[6,0],[-2,110],[-11,-3],[-1,47],[-30,0],[0,172],[-50,-3],[-1,287],[-9,28],[-53,9],[-17,-9],[-12,-28],[-13,22],[-13,3],[-9,11],[-10,-13],[-11,7],[-8,-1],[-6,-10],[-15,25],[-12,-18],[-19,370]],[[291569,492355],[8,0],[0,-5],[22,-1],[0,7],[3,-1],[11,0],[0,-5],[3,0],[1,-9],[3,4],[-1,10],[9,0],[13,0],[0,-8],[5,-4],[0,13],[6,0],[23,0],[6,0],[15,2],[8,13],[12,1],[2,-1],[2,1],[16,7],[15,-51],[8,-16],[7,-7]],[[291766,492305],[2,-17],[1,-13],[17,-30],[-2,-42],[-10,-28],[-7,3],[-9,4],[-1,0],[-10,-56],[-6,-34],[-11,-33],[-1,-8],[0,-17],[-1,-7],[0,-4],[-2,-7]],[[291726,492016],[-5,15],[-1,21],[-3,22],[-12,17],[-4,-2],[-4,-12],[2,15],[0,31],[-6,1],[-1,-16],[-11,-6],[-19,-1],[-8,0],[-13,0],[0,-10],[-8,-1],[0,12],[-11,-1],[0,5],[-5,0],[0,-5],[-8,0],[-6,3],[-6,-4],[-8,1],[-2,8],[-4,0],[0,-4],[-4,-1],[0,-4],[-2,0],[-1,0]],[[291575,492100],[1,41],[1,1],[0,7],[0,36],[0,85],[-17,-1],[0,22],[5,0],[0,21],[4,0],[0,43]],[[292112,493486],[-1,-2],[-7,-20],[-2,-6],[-3,-6],[-4,-11],[-7,-20],[-4,-60],[1,-22],[2,-48]],[[291960,493289],[0,3],[-1,37],[0,29],[0,4],[0,5],[0,9],[-1,1],[-8,6],[-2,19],[2,3],[2,3],[0,5],[0,8],[-2,6],[-1,5],[0,15],[5,11],[0,6],[0,7],[1,9],[3,9],[4,9],[0,21],[-4,9],[-2,5],[-2,2],[-1,40],[2,19],[2,11]],[[293739,494744],[2,0],[0,11],[3,-11],[3,0],[0,11],[3,0],[0,-11],[13,0],[16,-1],[0,-41],[8,2],[6,-9],[4,-10],[3,-27],[34,1],[7,-25],[18,-60],[10,-29],[5,-17],[1,-4],[19,-2],[9,0],[9,-31],[7,-1],[1,-11],[13,0],[1,11],[11,0],[23,0],[16,0],[1,-23],[8,0],[38,11],[31,5]],[[294062,494483],[2,-33],[-3,-28],[0,-8],[8,-35],[1,-10],[4,-16],[-8,-17],[-3,-30],[1,-14],[1,-26],[7,0],[4,-16],[-3,-55],[-6,-39]],[[292101,487646],[9,27],[2,4],[13,-1],[0,-11],[-7,-25],[1,-45],[5,2],[6,20],[11,-51],[2,16],[6,-2],[-2,-14],[16,-8],[1,-29],[6,-25],[5,-7],[5,8],[7,-4],[3,14],[7,-10]],[[292197,487505],[11,-162],[4,-49],[5,-70]],[[291877,494815],[1,-1],[26,-10],[24,-5]],[[291972,494792],[6,-12],[1,-35],[-1,-91],[0,-171],[0,-129],[-1,-34],[0,-8]],[[291886,493971],[-20,1],[-1,0]],[[291851,494040],[-1,5]],[[294004,475961],[30,60],[11,16],[5,21]],[[294195,475666],[0,-32],[2,-31],[1,-19],[5,-111],[0,-11],[1,-181],[0,-73],[5,0],[2,-26],[4,-1],[0,-22],[-10,-7],[0,-30],[13,-7],[0,-32],[1,-9],[-14,0],[2,-92],[3,-102],[1,-75],[1,-92]],[[294130,474384],[-1,19],[-2,34],[-2,22],[-14,161],[-14,155],[-7,72],[-4,31],[-4,39],[-24,196],[-5,31],[-7,42],[-13,87],[0,20],[-12,94],[-3,27],[-4,27],[-23,97],[-24,81],[-4,44],[9,34],[0,4]],[[293414,497379],[22,-2],[0,421],[-1,83],[-6,8],[-8,19],[2,2],[1,28],[5,40],[6,28]],[[293922,495990],[-18,-18],[-11,-14],[-11,-19],[-17,-41],[-27,-84],[-29,-86],[-12,-38],[-11,-49],[-23,-124],[-5,-18],[-8,-26],[-13,-25],[-10,-21],[-27,-76],[-20,-55]],[[293500,496928],[-15,52],[0,71],[-19,9],[0,102],[-19,61],[-11,26],[-4,1],[-21,53],[-1,31],[4,45]],[[293281,497381],[27,0],[0,12],[19,85],[47,-98],[40,-1]],[[293280,496359],[0,299],[0,212],[-1,102],[0,409],[2,0]],[[294738,494874],[0,2],[5,59]],[[291696,487234],[63,-2]],[[291113,493960],[6,100],[9,91],[2,66],[5,19],[1,8],[6,82]],[[291243,493897],[-13,0],[0,-21],[-6,0],[0,21],[-20,1],[-7,29],[-2,1],[-2,1],[-1,4],[0,13],[-4,0],[0,10],[-3,0],[-1,-18],[-1,18],[-17,-20],[0,19],[-6,0],[0,-18],[-10,-2],[0,-7],[-5,-4],[0,31],[-5,0],[0,-10],[-12,-9],[-12,6],[-3,18]],[[291108,493970],[5,-10]],[[291219,493511],[-14,1],[-21,1],[-5,0],[0,48],[0,18],[-13,-1],[-2,0],[-3,-22],[-7,0],[-4,0],[-9,-1],[-3,0],[-1,-7],[-3,0],[0,7],[-3,1],[-3,-1],[-2,-3],[0,-30],[0,-51],[-19,0],[-7,1],[-2,0],[-10,0],[-26,1],[-5,-25],[-18,0]],[[292552,481452],[-3,-4]],[[292549,481448],[-2,10],[-1,3],[-28,160],[-10,61],[-12,69],[-38,223],[-13,81],[0,5],[-6,37],[-14,99],[-35,175],[-24,143],[-22,182],[-6,46],[-25,161],[-5,29],[-14,80],[-45,258],[-1,3],[-10,58],[-12,66],[0,1]],[[294927,492381],[6,-14],[3,-15],[5,4],[-3,55],[4,42],[6,28],[5,15],[14,11],[0,-70],[-9,0],[1,-165],[-12,-47],[-30,-42],[-1,-22],[0,-67],[1,-14],[11,-185],[5,-119],[0,-11],[-17,10],[-12,-13],[1,-6],[3,-13],[6,-8],[6,7],[19,-13],[6,29],[55,4],[-1,149],[0,22],[1,63],[12,1],[0,-21],[7,0],[0,10],[6,0],[0,-10],[13,0],[0,-43],[12,0],[0,64],[13,0],[0,-64],[19,0],[0,43],[7,0],[0,-43],[3,0],[5,0],[1,-6],[1,44],[3,51],[3,9],[7,6],[12,-2],[8,15],[8,-2],[2,-7],[4,26],[6,1],[2,20],[5,1],[-6,-16],[-1,-8],[0,-219],[0,-296],[39,0],[6,0],[18,0],[24,0],[22,2],[46,34],[14,47],[3,17],[1,25],[-9,336],[0,88]],[[295522,491946],[0,-55]],[[295676,491302],[-13,8],[-22,45],[-10,-8],[-8,-1],[-5,-13],[-9,-11],[-3,-14],[-1,-64],[-137,0],[-4,-40],[0,-39],[-34,6],[-10,-10],[-5,-19],[-4,-22],[4,-24],[-14,-34],[-3,-52],[3,-14],[-2,-26],[-8,-32],[-2,3],[6,-12],[-4,-3],[-4,21],[3,9],[0,23],[-6,-4],[0,22],[-3,13],[-13,3],[-2,14],[-7,-4],[-3,18],[-6,1],[-11,18],[0,-35],[-4,-39],[-11,-30],[7,-20],[10,-20],[9,-44],[80,-269],[6,-60],[4,-28],[51,-159],[-33,-122],[-230,0],[10,5],[3,8],[1,38],[6,15],[4,31],[13,41],[4,21],[-5,11],[-11,-1],[0,125],[-38,1],[0,-127],[-26,0],[0,-84],[-50,-1],[-6,10],[-7,-10],[-37,0],[-1,-85],[-22,-1],[-6,1],[-37,1],[-11,0],[0,84],[14,0],[0,23],[10,28],[-44,230]],[[293836,488787],[-13,0],[-23,73],[-26,-1],[-11,4],[-13,6],[-14,15],[-14,20],[-40,29],[-6,17],[-6,29],[-2,17],[-6,11],[-9,6],[-5,31],[-9,18],[-9,5],[-7,-3],[-2,27],[-6,28],[-3,32],[-3,6],[-24,-33],[-5,0],[-5,-20],[-8,-13],[-10,-46],[-9,-28],[-14,-19],[-5,23],[-4,6],[-1,21],[-4,22],[0,19],[-6,32],[-1,28],[0,29],[-2,20],[6,46],[3,14],[5,32],[-5,26],[3,26],[-5,25],[-13,15],[-15,30],[-9,11],[-3,45],[-4,13],[-13,5],[-13,-9],[0,18],[-1,67],[0,43],[4,29],[-12,0]],[[293439,489634],[1,597]],[[295742,490582],[0,-353],[-76,2],[-3,-21],[-27,-71],[-18,0],[-7,-13],[-3,12],[-14,3],[13,77],[1,14],[-20,0],[0,-27],[-5,-18],[-1,-17],[-2,-12],[0,-12],[-2,-3],[-2,-9],[-5,-8],[-3,-9],[-4,-37],[-3,-8],[-1,-7],[1,-5],[1,-6],[3,-5],[-3,-16],[0,-8],[4,-4],[2,-15],[3,-4],[-3,-20],[7,-1],[-6,-22],[6,-35],[0,-34],[5,-17],[0,-17],[-5,-2],[4,-21],[0,-14],[4,-17],[9,-11],[4,-18],[-2,-4],[-1,-23],[4,-14],[-1,-18],[7,-9],[2,-18],[-1,-22],[9,0],[4,-11],[5,0],[3,-19],[1,-33],[-3,-24],[3,-20],[10,-5],[-6,-39],[7,-11],[-8,-52],[0,-34],[2,-7],[10,-8],[8,22],[2,-9],[-5,-31],[-1,0]],[[295645,489384],[-190,-2],[-2,0],[-1,-303],[-6,-12],[-14,-6],[-2,-34],[-10,-33],[-11,-4],[0,-125],[-43,1],[0,43],[-13,0],[-50,1],[0,44],[-13,1],[1,44],[-7,-9],[-6,-11],[-3,-32],[-9,-27],[-2,-1],[-7,24],[-13,9],[-5,-14],[-2,-8],[-3,14],[-2,2],[-11,52],[-7,60],[0,-12],[-37,0],[0,12],[0,19],[0,21],[0,42],[0,74],[-13,0],[-13,0],[-12,-2],[0,-27],[0,-33],[-1,-27],[-5,-2],[-5,-4]],[[291502,491685],[0,-11],[7,0],[1,-18],[-8,0],[0,-24],[0,-42],[0,-43],[2,0],[0,-21],[0,-21],[-2,0],[0,-42],[0,-27],[6,1],[0,-16],[-6,0],[0,-22],[6,-21],[2,-42],[1,0],[2,-51],[-1,-34],[-6,0],[4,-17],[-3,-58],[-1,-25],[2,-27],[0,-2],[0,-30],[-1,-12],[-4,-24],[-2,-13],[0,-8],[0,-17],[1,-57],[5,-13],[1,-20]],[[291508,490928],[0,-5],[0,-121],[0,-3],[-3,-1],[-3,-1],[-2,0],[0,6],[0,59],[-1,3],[0,53],[0,6],[-11,-20]],[[291488,490904],[-11,35],[-34,125],[-1,10],[-17,63],[-3,12]],[[291573,491686],[0,-32],[5,1],[0,-22],[0,-4],[0,-4],[0,-34],[0,-22],[-3,0],[0,-20],[0,-6],[3,0],[0,-11],[0,-26],[-1,0],[1,-38],[0,-5],[0,-21],[-2,0],[0,-10],[2,0],[0,-10],[1,-53],[0,-14],[3,-1],[4,0],[5,-1],[5,3],[4,10],[-2,-14],[0,-15],[4,-4],[1,-53],[-3,-11],[-3,-44],[3,-13],[-2,-22],[-4,3],[-3,-17],[5,-12],[-8,-23],[-11,23],[-12,53],[-3,-9],[7,-36],[16,-54],[-7,-15],[0,-20],[0,-28],[-6,0],[0,-15],[6,0],[1,-43],[0,-42],[0,-13],[-2,0],[0,-24],[2,0],[0,-6],[-3,-14],[4,-13],[-1,-5],[0,-6],[1,-1],[2,-3],[1,-8]],[[291583,490862],[-24,16],[-1,2],[-1,1],[-4,2],[-1,2],[-26,40],[-18,4],[0,-1]],[[293436,498389],[-1,-383]],[[293281,497381],[1,168],[-52,2],[0,94],[-26,9],[0,22],[-16,0],[-2,-21],[-14,1],[-6,20],[-4,0],[-2,0],[-1,6],[-6,3],[0,35],[-3,0],[-1,22],[-21,0],[0,21],[-7,0],[0,21],[-6,0],[0,-11],[-13,0],[0,-31],[-25,-1],[0,-21],[-13,0],[0,11],[-13,-1],[0,-10],[-10,0],[-4,23],[-2,3],[-9,13],[0,-40]],[[293026,497719],[-51,1],[-103,3],[0,-172],[7,-2],[0,-20],[-32,-1]],[[292847,497528],[0,233],[-42,0],[0,70],[16,0],[0,59],[-46,-1],[-8,15],[-6,3],[-3,11],[-1,24],[-6,31],[-4,5],[1,17]],[[292830,498272],[0,18],[0,39],[-12,13],[-9,0]],[[292800,494822],[-2,9],[-10,33],[41,-1],[2,21],[0,22],[5,0],[2,0],[1,43],[10,-1],[0,25]],[[292849,494973],[13,-19],[0,-27],[10,0],[0,-21],[3,0],[2,-1],[2,36],[10,8],[1,21],[10,-4],[9,16],[4,-7],[0,-26],[18,-2],[1,-20],[3,-22],[3,0],[0,-42],[3,0],[0,-9],[4,0],[0,-24],[-7,-6],[4,-4],[0,-21],[9,-1],[0,-98],[-8,-2],[-4,-5],[0,-13],[24,1],[14,-2]],[[292977,494679],[0,-34],[-6,-17],[6,-18],[0,-12],[13,-4],[0,-73],[13,0],[0,21],[6,-12],[0,-40],[6,0],[1,-97],[13,0],[0,-7],[-26,-26],[3,2],[0,-50],[10,0],[0,-32],[13,-11],[0,-170],[7,0],[2,0],[4,-40],[0,-88],[6,0],[0,-5]],[[293048,493966],[0,-38],[4,0],[-10,-24],[0,-11],[0,-39],[8,4],[1,-36],[23,-1],[0,-14],[-11,1],[-10,-17],[-11,4],[0,-165],[38,-2],[0,-126],[-13,0],[0,-41],[13,-2],[0,-142]],[[293063,493275],[-4,-9],[-3,-13],[5,-107],[-19,24],[-13,2],[0,-183],[-3,-30]],[[292927,493287],[1,150],[0,64],[-1,128],[0,87],[0,139],[0,116],[-35,1],[-10,0],[-14,0],[-1,-9],[-17,1],[0,9],[-6,0],[-20,-1],[-3,5],[0,17],[-16,-1],[0,-20],[-15,0],[-3,20],[1,28],[-2,6],[6,0],[2,24]],[[292374,492651],[16,19],[18,31],[11,14],[1,0],[19,-19],[24,-2],[31,-4],[14,3],[11,-9],[8,1],[5,5],[1,-65],[0,-27],[-3,-58],[4,-20],[3,-30],[-1,-41],[-1,-15],[-6,-1],[-1,-41],[3,0],[-1,-43],[9,-70],[-7,-42],[4,-13],[-1,-26],[-4,-18],[1,-27],[5,-7],[-5,0],[0,-10],[1,-8],[1,-5],[-1,-3],[-4,-2],[-2,-9],[0,-2],[4,-1],[-2,-48],[-1,-9],[0,-37],[-12,-82],[15,-5],[-29,2]],[[292331,491951],[0,2],[0,40],[0,10],[0,11],[-1,30],[0,3],[1,45],[2,30],[2,26],[24,16],[1,2],[2,4],[11,19],[15,-1],[5,36],[19,28],[0,4],[-1,10],[0,5],[-1,18],[-1,14],[-16,-2],[-9,107],[3,29],[1,20],[0,4],[-3,46],[-1,8],[5,17],[1,7],[2,15],[-1,6],[-6,-3],[-6,-9],[-2,6],[-1,44],[0,27],[0,6],[-1,20],[-1,0]],[[293050,496868],[2,2],[3,-20],[12,-78],[20,17],[7,-45],[-6,45],[15,13],[11,4],[13,2],[5,1],[4,1],[2,1],[2,1],[12,25],[6,34],[1,8],[0,15],[0,8],[-1,31],[-6,44],[0,42],[0,105],[-12,3],[0,41],[-13,1],[0,63],[-9,0],[9,63],[-13,0],[0,72],[-7,12],[-12,1],[-6,0],[-13,0],[-13,-1],[-3,0],[-4,-6],[1,-16],[-6,0],[-1,22],[-6,0],[-19,0]],[[293025,497379],[0,43],[0,42],[12,1],[-2,88],[-6,8],[2,0],[-5,5],[0,16],[9,0],[0,95],[-9,0],[0,42],[0,0]],[[293125,496359],[8,-170],[-8,5],[-11,-7],[-14,14],[-12,4],[-5,7],[-10,-1],[-10,-8],[-4,-30],[-3,-44],[3,-38],[-10,-7],[-8,10],[-17,0],[0,33],[-15,-7],[-11,-1],[-8,27],[-9,17]],[[292981,496163],[4,35],[11,31],[7,26],[13,21],[9,26],[0,13],[-9,8],[-16,25],[4,14],[-53,0]],[[292951,496362],[18,165],[5,33],[5,21],[34,126],[21,77],[14,56],[2,28]],[[292845,496909],[-1,106],[-1,22],[0,23],[1,63],[3,77],[2,20],[-1,4],[-2,41],[1,113],[0,150]],[[293025,497379],[-7,0],[-2,0],[-4,0],[0,-12],[-4,1],[0,-22],[-1,7],[-1,6],[0,10],[-1,4],[-1,6],[-11,0],[0,-9],[0,-9],[-3,0],[0,18],[-4,0],[-5,0],[-7,21],[1,-21],[-7,1],[-7,-6],[0,-75],[-1,-25],[0,-21],[0,-43],[-13,0],[0,-96],[2,0],[-1,-25],[-1,-8],[25,1],[0,-42],[12,0],[27,0],[0,-15],[0,-28],[0,-42],[0,-22],[0,-64],[0,-10],[7,6],[5,4],[10,-10],[17,4],[0,5]],[[292951,496362],[-21,-1],[-110,-4],[-17,0]],[[292803,496357],[15,42],[3,25],[13,109],[1,18],[7,149],[1,16],[1,10],[2,12],[0,29],[-1,16],[0,126]],[[292161,496510],[0,10],[1,14],[-1,6],[1,21],[2,34]],[[292886,492272],[-35,-1],[-1,3],[0,17],[-27,0],[-1,0],[-15,24],[-7,1],[-27,1],[-3,-2],[-22,-39],[-4,-2],[-60,0],[-9,0],[-16,1],[-28,0],[-4,0],[-37,0],[-8,0]],[[292582,492275],[1,36],[2,38],[1,12],[2,48],[1,21],[0,3],[1,29],[5,1],[-2,24],[2,48],[15,-1],[10,-9],[0,21],[-9,12],[1,17],[1,32],[-2,1],[-1,-40],[-11,1],[-4,15],[0,105],[13,0],[9,-22],[2,25],[-8,45],[-9,41],[3,13],[-10,19],[0,18],[5,3],[14,-24],[14,-9],[8,-19],[2,5],[-2,32],[-2,21],[12,12],[2,22],[-9,49],[-1,5],[2,28],[14,54]],[[293435,494785],[-94,3],[-2,0],[-31,-1]],[[293308,494787],[0,41],[0,11],[0,37],[-1,36],[-12,0],[-26,-1],[-13,0],[-10,0],[-3,0],[-13,0],[-23,0],[3,-42],[-24,-1],[0,-13],[-7,-8],[-4,-13],[-26,13],[-3,-13],[3,12],[26,-14],[0,-27],[17,0],[0,-63],[1,-7],[-36,-48],[-10,-9],[-15,-2],[-7,0],[-7,0],[-90,-2]],[[293028,494674],[-27,0],[-24,5]],[[292849,494973],[0,60],[6,1],[0,21],[7,-1],[-1,151],[-19,-1],[0,21],[-4,1],[-1,21],[-2,89],[9,0],[-4,18],[2,7],[0,119],[-3,22],[-3,-1],[0,88],[24,1],[-6,25],[3,46],[3,10],[3,0],[-1,20],[-7,12],[19,120],[25,143],[13,76],[11,-26],[13,32],[4,0],[1,15],[15,22],[9,1],[4,-7],[3,24],[1,39],[8,21]],[[291573,488090],[7,0],[-2,-5],[0,-8],[-5,0],[0,13]],[[291446,488491],[21,-10],[7,10],[6,10],[1,0],[0,4],[-3,112],[4,18],[6,39],[1,2],[0,2],[27,74],[40,37],[19,-18],[17,9],[6,4],[10,16],[12,21],[-8,34]],[[291612,488855],[18,-36],[15,-29],[18,-35],[9,-2],[14,9],[12,-30],[4,-16],[1,-7],[21,-49],[16,-38],[13,-1]],[[291735,488142],[0,0],[-1,-38],[-12,-6],[0,-11],[-13,0],[0,11],[-12,0],[0,9],[-10,0],[-3,-20],[0,8],[-11,0],[-1,1],[-7,2],[-6,5],[0,27],[-13,0],[0,-25],[-12,1],[-1,-21],[-36,-8],[0,6],[-2,0],[-1,63],[9,8],[2,-18],[-1,15],[13,31],[3,18],[2,0],[-7,12],[-57,84],[-33,2]],[[291452,488299],[-2,70],[-2,117],[-2,5]],[[295645,489384],[-4,-24],[0,-18],[-8,-56],[-4,-13],[-5,9],[-5,-7],[-5,-18],[0,-8],[-3,-8],[3,-14],[-1,-18],[-4,-12],[1,-9],[-1,-10],[1,-8],[-1,-5],[2,-6],[1,-19],[-2,0],[-2,-23],[-4,-13],[-4,-5],[-2,-21],[-7,-5],[-1,-10],[1,-6],[2,-11],[185,-8],[166,-8],[66,0],[4,5],[7,-9],[44,-2],[7,0]],[[292356,494137],[0,-18],[7,0],[0,-21],[0,-64],[-3,0],[0,-21],[2,-20],[1,-3],[0,-3],[0,-17],[-1,-21],[0,-107],[-29,0],[2,-28],[8,-15],[0,26],[19,0],[0,-54],[-13,7],[-29,47],[0,-4],[0,-7],[2,-97],[2,-21],[5,-10],[-53,-118],[0,-2],[-2,1],[0,-19],[6,-31],[3,-204],[-3,-10],[-22,-63],[0,4],[-2,-4]],[[292256,493240],[-20,128],[-4,3]],[[292218,493465],[9,164],[3,51],[2,6],[2,11],[1,16],[1,80],[0,7],[-3,1],[-2,9],[-4,14],[0,8],[0,9],[0,18],[-1,4],[-4,2],[-13,-54],[0,18],[2,2],[1,17],[-3,0],[0,68],[0,23],[0,11],[0,2],[0,27],[1,0],[1,0],[0,13],[-2,0],[0,15]],[[291543,498210],[0,-67],[1,-68],[-1,-48],[0,-15],[0,-60],[-1,-13],[-4,6],[-2,-4],[-3,-16],[-1,-9],[3,-8],[-1,-14],[2,-7],[-6,-28],[-15,-41],[-7,5],[0,-65],[5,1],[0,-44],[0,-84]],[[291303,497475],[1,6],[0,69],[10,4],[8,4],[1,13],[0,9],[-18,17],[-2,10],[3,13],[7,29],[4,4],[5,-11],[5,-10],[10,14],[-1,24],[-1,14],[3,26],[3,2],[4,2],[6,3],[3,2],[5,22],[-1,14],[-1,5],[-8,1],[-3,0],[-10,1],[-7,78],[-1,9],[9,37],[-8,48],[8,64],[2,14],[-5,21],[0,7],[3,53],[3,55],[7,33],[27,134],[4,17],[3,18],[0,1]],[[291914,495596],[-5,6],[-8,0]],[[291901,495602],[0,26],[0,31],[0,165],[-1,34],[-6,1],[-6,0],[0,36],[-3,44],[1,15],[1,10],[17,51],[6,13],[-10,3],[-6,1],[1,20],[4,41],[0,108],[0,23],[4,-3],[10,-18],[15,-26],[12,-2],[0,57],[7,65],[1,42],[-1,33],[-10,109],[-3,22],[-13,65]],[[291576,491846],[2,0],[0,10],[9,-5],[16,0]],[[291653,491483],[2,-26],[2,-25],[12,-9],[3,-2],[4,-45],[-7,-24],[-1,-3],[-4,-13],[6,-98],[-1,-50],[-1,-17],[-11,-84],[-3,-23],[-9,-72],[-1,-9],[0,-3],[-10,-37],[-5,-22],[-5,-19],[-4,-5],[-16,-16],[-15,-17],[-4,-4],[-2,2]],[[291379,488828],[7,3],[27,-38],[-1,-29],[-3,-58],[-1,-27],[-6,-52],[3,-84],[9,-31],[3,-7],[10,-5],[13,-6],[6,-3]],[[291461,488160],[12,-70],[4,-26],[21,-78],[2,-5]],[[291465,487866],[1,8],[-36,347],[-13,128],[-3,30],[-15,101],[-6,48],[-3,13],[-21,107]],[[291369,488648],[3,11],[-13,63],[-4,-1],[0,40],[-4,10],[-1,49],[-5,-28],[5,37],[0,11],[1,1],[24,-33],[4,20]],[[292845,496909],[-38,-1],[-26,13],[-22,11],[-6,7],[-9,20],[-2,4],[-27,54],[-15,24],[-8,13],[-5,7],[-8,14],[-4,5],[-9,17],[-14,46],[-7,16],[-6,3],[-2,0],[-9,0],[0,51],[-13,2],[0,-11],[-12,-1],[-1,-41],[-25,-1],[1,11],[-1,32],[-13,-1],[0,-27],[-5,-6],[1,-10],[-3,7],[-14,-13],[-3,26],[-2,-26],[-8,5],[-2,-11],[-12,-1],[-6,-27]],[[293436,488331],[3,1303]],[[291369,488648],[-7,34],[-1,4],[-21,73],[0,1],[-3,10],[-13,48],[-5,17],[-15,51],[-4,48],[-4,42],[10,6],[24,-52],[7,-14],[3,-6],[3,-4],[26,-48],[4,-7],[5,-23],[1,0]],[[293040,476643],[-1,16],[-9,72],[-7,130],[-8,137],[-8,126],[-15,269],[-9,63],[0,32],[1,25],[-12,136],[-26,140],[-23,46],[-11,109],[1,113],[13,49],[18,-48],[24,-226],[23,-264],[5,-79],[0,-8],[8,-54],[9,-62],[5,-64],[4,-76],[0,-20],[2,-28],[1,-35],[1,-11],[25,-129],[0,-76],[9,-63],[2,-35],[-6,-38],[1,-24],[2,-1]],[[294313,493984],[-10,0],[0,40],[23,-3],[0,42],[-8,1],[-13,11],[1,4],[14,-13],[8,19],[1,9],[0,20],[1,5],[5,8],[6,2],[7,9],[5,14],[2,4],[2,47],[-7,46],[-9,24],[3,11],[21,4],[0,9],[0,15],[1,6],[13,0],[5,0],[1,-43],[6,0],[0,-42],[3,0],[23,76],[-8,-32],[2,-11],[-10,-33],[1,-13],[2,13],[12,-1],[12,-63],[10,-43],[-20,0],[-4,-24],[-10,-22],[0,-17],[7,0],[0,-22],[-3,0],[0,-21],[-3,0],[0,-21],[0,-11],[0,-67],[0,-71],[-18,0],[-4,0],[-4,0],[-38,1]],[[294062,494483],[36,0],[0,175],[-10,1],[-4,10],[2,38],[0,70]],[[294279,494828],[2,-8],[20,-119],[1,42],[26,0],[-1,-43],[16,0],[3,0],[7,1],[2,1],[5,5],[6,1],[9,0],[3,5],[1,-5],[5,22],[4,5],[1,-4],[31,-179],[2,11],[-2,29],[2,17],[1,10],[2,5],[5,-1],[6,-6],[12,-2],[7,10],[8,1],[0,-10],[5,10],[13,0],[0,-10],[8,-13],[9,15],[18,1],[1,0]],[[293353,482212],[-4,0],[-2,0],[-8,0],[-2,-1],[-1,-2],[-1,-3],[-2,-6],[-6,-12],[-7,-19],[-8,-18],[-12,-5],[-6,58],[-1,10],[-1,1],[-8,8],[-9,8],[-11,10],[-8,7],[-2,25],[0,4],[-11,6]],[[292792,493681],[7,15],[-12,-17],[-12,4],[-2,2],[0,30],[0,43],[0,23],[0,21],[0,78],[0,6]],[[291820,490099],[13,21],[10,-43],[0,-31],[-13,9],[-10,44],[0,0]],[[292206,490226],[-16,-32],[-8,-21],[12,-22],[-11,-44],[-10,-145],[24,-1],[10,16],[7,-22],[-2,-334],[-12,11],[-31,61],[-8,10],[-36,1],[0,-45],[12,0],[-1,-99],[1,-24],[0,-160],[-8,-14],[-3,-5],[-2,-8],[0,-176],[0,-22]],[[291612,488855],[-9,39],[2,20],[0,1],[6,10],[18,36],[0,0],[7,13],[3,5],[1,2],[2,41],[6,107],[17,81],[46,144],[-3,136],[1,9],[3,19],[30,54],[17,48],[27,1],[9,22],[10,4],[13,38],[-4,29],[3,39],[16,20],[6,20],[15,80],[4,71],[-5,32],[7,81],[3,76],[2,2],[7,4],[4,2],[1,6],[12,71],[1,6]],[[294496,477810],[2,-4],[107,-175],[52,-84]],[[294657,477547],[44,-72],[21,-58],[11,-32],[6,-39],[4,-34],[8,-33],[9,-16],[22,-20],[30,-29],[20,-19],[53,-51],[25,-24],[50,-47],[1,-1]],[[294961,477012],[0,-95],[3,-593]],[[294246,476776],[-1,205],[0,13],[0,329],[-1,84],[0,89],[1,20],[8,171],[0,10],[0,32],[-1,17],[-8,102],[-4,54],[-8,107]],[[292197,487505],[-5,60],[-5,74],[-2,44],[-1,35],[0,117],[0,3]],[[293048,493966],[9,-17],[6,22],[17,0],[19,0],[7,0],[0,-10],[14,2],[0,8],[10,0],[27,0],[19,0],[6,0],[11,0],[2,-14],[10,-7],[0,21],[2,0],[0,-88],[6,9],[16,71],[1,8],[11,0],[4,0],[27,0],[4,0],[2,-6],[0,-10],[3,-16],[6,0],[-3,32],[12,1],[5,-22],[8,2],[0,-22],[19,1],[0,21],[2,1],[-3,10],[-1,11],[8,0],[4,0],[3,-14],[0,-18],[14,-37],[10,-36],[4,-29],[16,8],[0,127],[25,1],[3,0],[4,-42],[19,0]],[[292512,495375],[2,-25],[1,-79],[0,-9],[11,-65],[10,19],[1,-5],[-9,-31],[-4,7],[-6,-12],[4,0],[0,-10],[-6,0],[0,-19],[0,-112],[6,-11],[6,2],[1,14],[-2,14],[7,62],[-5,38],[3,14],[5,12],[8,-46],[0,-43],[-7,-48],[-1,-53],[2,0],[0,-171],[3,-34]],[[293879,478348],[23,93],[31,122],[3,14],[18,54],[19,54],[7,-30],[6,-39],[24,27]],[[293308,494787],[-13,0],[0,-7],[13,1],[0,-34],[0,-67],[0,-64],[0,-7],[0,-17],[67,43],[9,2],[0,-18],[0,-32],[0,-116],[-12,-1],[0,-58],[-13,6],[0,86],[-25,0],[0,-13],[-6,0],[0,-175],[19,0],[0,-85],[-6,5],[-6,-5],[-1,11],[-3,29],[-4,25],[-39,130],[-5,13],[-1,-95],[1,-106],[-24,-3],[-10,-6],[-18,0],[-25,1],[0,-14],[0,-19],[1,-27],[-3,1],[-2,4],[0,9],[-4,0],[0,26],[-6,-6],[-10,11],[0,14],[0,31],[1,5],[-2,20],[0,33],[0,68],[-6,2],[-10,17],[-10,-26],[-13,-26],[-1,22],[-10,0],[0,-36],[-50,11],[0,58],[-2,0],[0,22],[0,45],[-1,14],[-12,52],[-1,13],[0,40],[-37,7],[0,73]],[[294085,476768],[-10,34],[-13,48],[-5,17],[-19,106],[-12,62],[-2,11],[-12,68],[-3,15],[-1,15],[-1,15],[0,24]],[[291175,493213],[-5,1],[-2,0],[-3,0],[-9,0],[-7,-1],[-7,1],[-13,0],[-12,1],[-4,0],[-2,1],[-2,-16],[0,-6]],[[293691,477227],[-21,-7],[-15,-5],[-24,-8],[-10,-3],[-7,-2]],[[293614,477202],[0,19],[0,10],[0,7],[-3,3],[-4,3],[-13,11],[-4,3],[-2,-4],[-22,-49],[-5,-12],[-7,4],[-25,13],[-22,-29],[-3,-4],[-16,-21],[-4,15],[5,26],[-3,36],[-12,5],[-2,20],[4,23],[-6,40],[-21,28],[-10,68],[-9,3],[-2,1],[-3,-13],[-18,-77]],[[291813,495349],[0,15],[0,7],[25,-1],[-4,25],[1,6],[4,-6],[0,59],[12,-1],[1,21],[6,5],[13,2],[2,21],[5,-13],[13,1],[-2,26],[6,0],[-1,65],[-2,0],[-1,21],[10,0]],[[291825,494821],[1,5],[-9,6],[-6,34],[-9,10],[0,40],[0,174],[0,22],[0,43],[1,56],[12,47],[0,21],[0,46],[-2,24]],[[292014,494785],[29,-5],[13,-2],[-1,-17],[19,2],[-6,1],[-3,10],[3,2],[13,-2],[11,-5],[11,-22],[4,-5]],[[291193,492439],[-5,15],[-3,29],[6,3],[-2,39],[-2,40],[0,51],[-1,44],[3,46],[4,79]],[[291717,492878],[1,-5],[2,-9],[18,-81],[21,-12],[-1,-21],[-6,0],[2,-3],[-7,-2],[0,-7],[11,0],[1,-10],[-1,-18],[-4,-12],[-1,-3],[11,-163],[-1,-12],[2,-9],[3,-9],[-2,-4],[4,-24],[1,-13],[6,-2],[4,-19],[2,-62],[-9,-43],[-9,-18],[1,-12]],[[291569,492355],[-2,0],[-2,0],[0,-9],[-2,-1],[0,-14],[0,-5],[-3,0],[0,2],[0,17],[-3,0],[0,9],[-5,0],[0,-23],[-8,-2],[8,-43],[0,-17],[-4,0],[-1,0],[-6,84],[-2,-40],[-8,1],[0,18],[5,0],[-4,22],[-5,0],[0,-9],[-14,4],[-1,5],[-8,0]],[[291347,494482],[0,15],[24,1],[0,-14],[4,0],[7,13],[15,1],[13,0]],[[291457,494110],[-1,-15],[1,-18],[13,-14],[3,-22],[-9,-22],[-14,-91],[-10,-28],[-3,-7],[-8,1],[-5,1],[-3,0],[-3,1],[-2,-7],[-2,-4],[-1,-5],[-2,-4],[-4,-16],[-2,-5],[-2,2],[-3,2],[-2,2],[-2,2],[-2,2],[-3,2],[-4,4],[-4,-9],[-3,-8],[-9,-24],[0,0]],[[291726,492016],[-1,-6],[5,-28],[-4,-42],[-14,-30],[-11,-7],[-12,-7],[-10,1],[-1,0],[-5,-47]],[[291219,491977],[30,-81],[10,-68],[12,-87],[1,-10],[0,-30],[0,-18]],[[291363,490949],[-2,-6],[1,-14],[-1,-40],[-1,-24],[-5,-44],[-15,-31],[-7,-153],[0,-9],[-1,-14],[-22,-26]],[[291310,490588],[5,48],[3,23],[1,7],[0,78],[1,163],[0,13],[0,16],[-1,17],[-6,116],[-3,17],[-7,52],[-6,44],[-4,27],[-9,29],[-13,42],[-3,16],[-1,2],[-1,8],[-8,37],[-9,41],[-8,64],[-2,18],[-8,62],[-6,54],[-6,48],[-13,43],[-16,56],[-11,61],[-2,26]],[[292733,480495],[0,19],[-1,29],[-22,124],[-35,165],[-2,10],[-3,16],[-34,188],[-25,144],[-13,70],[-5,15],[-16,47],[-6,19],[-15,74],[-7,33]],[[293205,478060],[-6,82],[-21,28],[-18,119],[-2,30],[-8,106],[11,53],[5,57],[-9,48],[-3,18],[-11,54],[-1,5],[-8,26],[-5,21],[-21,71],[-15,54],[-10,84],[-11,25],[-9,-3],[-18,38],[-2,20],[-5,51],[1,85],[7,37],[4,15],[19,72],[49,19],[20,-37],[39,-13],[41,-41],[9,-42],[10,-48],[3,-10],[22,-108],[13,-128],[4,-39],[3,-10],[-3,-35],[-1,-52],[-4,-42],[-3,-81],[2,-41],[-4,-25]],[[292794,479003],[13,47],[4,64],[4,122],[7,22],[11,22],[12,-19],[2,-35],[9,-74],[-7,-50],[-2,-72],[8,-57],[27,-54],[-4,-28],[-6,-62],[-3,-76],[11,-85],[5,-67],[15,-59],[2,-87],[12,-119],[16,-20],[1,-22],[-8,-59],[0,-55],[-7,-10],[-2,19],[-13,151],[-11,88],[-14,37],[-26,183],[-12,95],[-19,64],[-25,122],[0,74]],[[291778,497553],[0,-4]],[[292363,492923],[28,4],[5,3],[2,6],[-2,10],[-3,85],[5,0],[10,21],[18,32],[37,0],[2,3],[0,-16],[10,0],[5,-23],[16,1],[-16,12],[0,32],[17,0],[1,6],[2,4],[2,11],[1,7],[0,15],[0,21],[0,23],[6,-1],[0,17],[-6,0],[0,16],[0,50],[0,10],[0,18],[0,52],[1,9],[-14,1],[0,60],[13,0],[0,42],[20,1],[9,-1],[8,4],[20,0],[15,1]],[[292582,492275],[-2,-22],[-4,-85],[-1,-25],[-2,-47],[18,0],[2,-12],[-13,-23],[-9,9],[0,-12],[-1,-32],[0,-34],[13,-1],[3,-7],[3,-12],[0,-28],[-8,-3],[0,-10],[0,-27],[-11,-14],[-1,-53],[0,-41],[0,-36],[0,-45]],[[292374,492651],[-3,1],[-10,1],[-7,45],[10,34],[-6,155],[5,27],[0,9]],[[291438,492098],[5,0]],[[292509,488446],[-8,31],[-1,16],[-6,12],[1,13],[-5,7],[-4,37],[6,41],[-1,20],[-3,8],[0,-31],[-5,-7],[-1,7],[3,12],[-3,25],[3,7],[-5,18],[-6,5],[-3,17],[-8,20],[-1,-1],[-1,-6],[-1,0],[-1,6],[-4,9],[-1,-3],[-3,26],[-13,-18],[-3,1],[-4,14],[2,9],[6,-16],[2,2],[1,21],[2,9],[-2,15],[-3,6],[-6,-5],[-5,13],[-5,2],[-8,-20],[-7,1],[-3,-4],[-5,6],[-9,-18],[-6,2],[-6,25],[-3,6],[-7,-7],[-3,-12],[-5,-3],[-7,10],[-2,10],[2,20],[-3,17],[-1,3],[-1,-2],[-2,-25],[-4,-9],[-8,1],[-4,-13],[-2,-10],[0,-20],[-3,-10],[-3,6],[-3,13],[-6,-3],[-2,-19],[-9,-15],[-18,6],[-8,41],[-1,26],[-2,12],[-4,4],[-15,-27],[-19,-39],[-10,0],[-2,3],[-13,20],[-14,59],[-7,13],[-14,9],[-13,-2],[-10,10],[-3,-1],[-8,-29],[-15,-20],[-18,-10]],[[291168,492784],[-4,0],[-5,0],[-4,0],[-6,-5],[0,-35],[-3,0],[-4,13],[0,30],[-9,0],[-13,0],[-29,0]],[[292803,496357],[-34,0],[-49,0]],[[291813,495349],[-8,0],[-2,-11],[-3,-7],[-23,20],[-38,0],[-12,-9],[-5,-3],[-3,2],[-3,10],[-7,2],[-10,-9],[0,31],[-11,1],[-2,2],[-1,1],[-1,4],[-3,-1],[-3,2],[-1,-3],[-3,-4],[-7,-18],[-17,-5],[-2,-2],[-7,6],[-11,-3],[-34,5]],[[293740,494998],[0,12],[4,-12],[3,0],[6,1],[0,21],[3,-11],[13,1],[0,-11],[23,-2],[10,-12],[7,-10],[11,0],[4,-3],[12,-34],[12,0],[0,-12],[1,10],[12,28],[3,14],[4,37],[4,32],[2,38],[1,24],[-1,31],[0,31],[6,-1],[0,22],[11,0],[2,24],[0,-13],[11,10],[15,0],[13,0],[21,0],[15,0],[10,0],[8,37],[9,2]],[[291488,490904],[-2,-3],[-1,-2],[-13,-49],[-8,5],[-7,4],[-12,21],[-3,71],[-27,-22],[-12,-10],[-1,0],[-5,-18],[-1,-2],[0,-20],[0,-38],[-6,-28],[-4,-17],[-2,-10],[-1,-7],[-3,-15],[-1,-1],[8,-38],[-8,-29],[-1,-3],[-1,-139],[-14,-9],[-1,0],[1,-54],[9,-39],[0,-11],[-5,-6],[-3,-4],[0,-14],[7,-19],[11,-34],[5,-74],[1,-2],[5,-28],[4,-18],[2,-8],[-6,-14],[-1,-30],[4,-13],[7,0],[10,-136],[5,-11],[6,15],[13,89],[4,6],[2,-9],[-13,-116],[-8,-30],[-79,-128],[-13,-29],[-7,9],[1,55],[3,88],[-5,30],[-1,62],[-7,52],[-13,129],[0,5],[-4,59],[8,196],[3,57],[2,18]],[[291947,492499],[-3,0],[-17,57],[-13,40],[-4,27],[-7,5],[-5,-27],[-4,-25],[-5,7],[-1,27],[9,72],[-3,73],[18,10],[26,15],[2,7],[6,20],[14,53],[4,57],[1,10],[-1,6],[-1,0],[-4,14],[2,42],[0,3],[3,19],[1,5],[0,2],[-3,10],[-25,-7],[-1,-12],[-7,-1],[2,51]],[[292591,493799],[4,115],[1,55],[0,71]],[[292363,492923],[-1,24],[-2,40],[-3,13],[-1,6],[0,3],[-21,109],[-7,39],[-8,37],[-43,-1],[-1,0],[-10,-17],[-3,18],[-7,46]],[[294657,477547],[0,144],[0,10],[1,10],[2,11],[-5,115],[-1,4],[2,-2]],[[293693,476597],[-25,37],[-51,46],[-3,-1],[-34,-9],[-1,5],[-10,28],[6,79],[7,26],[4,15],[-4,58],[3,49],[-8,77],[3,84],[5,11],[7,15],[6,14],[12,26],[3,7],[0,7],[1,31]],[[291431,493467],[12,-8],[2,-1],[3,-17],[3,-1],[1,12],[7,2],[5,30],[8,-10],[2,-61],[13,-39],[23,-23],[15,-8],[16,-8],[17,-30],[30,-39],[9,-5],[2,-2],[2,-1],[1,11],[1,8],[3,24],[1,7],[4,0],[14,-51],[1,-5],[3,-8],[4,-2],[17,45],[2,-5]],[[292059,484791],[-1,5],[-7,89],[-2,18],[-21,173],[-4,36],[-1,4]]],"objects":{"cb_2020_us_zcta520_500k":{"type":"GeometryCollection","geometries":[{"arcs":[[0,1,2,3,4]],"type":"Polygon","properties":{"ZCTA5CE20":"33980"}},{"arcs":[[5,6,7,8,9]],"type":"Polygon","properties":{"ZCTA5CE20":"33612"}},{"arcs":[[10,11,12,13,14,15,16,17,18,19,20,21]],"type":"Polygon","properties":{"ZCTA5CE20":"33830"}},{"arcs":[[22,23,24,25]],"type":"Polygon","properties":{"ZCTA5CE20":"33967"}},{"arcs":[[26,27]],"type":"Polygon","properties":{"ZCTA5CE20":"33530"}},{"arcs":[[28,29,30,31]],"type":"Polygon","properties":{"ZCTA5CE20":"33774"}},{"arcs":[[32,33,34,35,36,37]],"type":"Polygon","properties":{"ZCTA5CE20":"33603"}},{"arcs":[[38,39,40,41,42,43,44]],"type":"Polygon","properties":{"ZCTA5CE20":"34677"}},{"arcs":[[45,46,47,48,49]],"type":"Polygon","properties":{"ZCTA5CE20":"33786"}},{"arcs":[[51,52]],"type":"Polygon","properties":{"ZCTA5CE20":"34289"}},{"arcs":[[53,54,55,56,57]],"type":"Polygon","properties":{"ZCTA5CE20":"34233"}},{"arcs":[[58,59,60,61,62]],"type":"Polygon","properties":{"ZCTA5CE20":"34228"}},{"arcs":[[63,64,65,66]],"type":"Polygon","properties":{"ZCTA5CE20":"34235"}},{"arcs":[[[67,68]],[[69,70,71,72,73]]],"type":"MultiPolygon","properties":{"ZCTA5CE20":"33548"}},{"arcs":[[-21,74,-19,75,76,77,78,79,80,81]],"type":"Polygon","properties":{"ZCTA5CE20":"33841"}},{"arcs":[[85,86,87,88],[89]],"type":"Polygon","properties":{"ZCTA5CE20":"33877"}},{"arcs":[[90,91,92,93,94,95]],"type":"Polygon","properties":{"ZCTA5CE20":"33955"}},{"arcs":[[97,98,99]],"type":"Polygon","properties":{"ZCTA5CE20":"33972"}},{"arcs":[[-49,102,-32,103,104,105]],"type":"Polygon","properties":{"ZCTA5CE20":"33785"}},{"arcs":[[106,107,-7]],"type":"Polygon","properties":{"ZCTA5CE20":"33620"}},{"arcs":[[108,109,110]],"type":"Polygon","properties":{"ZCTA5CE20":"33701"}},{"arcs":[[111,112,113]],"type":"Polygon","properties":{"ZCTA5CE20":"34222"}},{"arcs":[[116,117,118,-85,-51,119,120,121]],"type":"Polygon","properties":{"ZCTA5CE20":"33852"}},{"arcs":[[122]],"type":"Polygon","properties":{"ZCTA5CE20":"33856"}},{"arcs":[[129,130,131,132,-41]],"type":"Polygon","properties":{"ZCTA5CE20":"33635"}},{"arcs":[[133,134,135]],"type":"Polygon","properties":{"ZCTA5CE20":"34215"}},{"arcs":[[136]],"type":"Polygon","properties":{"ZCTA5CE20":"33854"}},{"arcs":[[137,138]],"type":"Polygon","properties":{"ZCTA5CE20":"33503"}},{"arcs":[[139,140,141,-46,142]],"type":"Polygon","properties":{"ZCTA5CE20":"33767"}},{"arcs":[[143,-113,144,145,146,147]],"type":"Polygon","properties":{"ZCTA5CE20":"34208"}},{"arcs":[[148,149,150,151]],"type":"Polygon","properties":{"ZCTA5CE20":"33991"}},{"arcs":[[152,153,154,155,156,157]],"type":"Polygon","properties":{"ZCTA5CE20":"33811"}},{"arcs":[[158,159,160,161,162,163,164,165,166,167]],"type":"Polygon","properties":{"ZCTA5CE20":"33547"}},{"arcs":[[-52,168,169,170,171]],"type":"Polygon","properties":{"ZCTA5CE20":"34288"}},{"arcs":[[172,-124,173,-102,174,-101,-115,175,176,177,178,179,180,181,182,183,-87],[-123],[-137]],"type":"Polygon","properties":{"ZCTA5CE20":"33898"}},{"arcs":[[184,185,186,187,188,189]],"type":"Polygon","properties":{"ZCTA5CE20":"33907"}},{"arcs":[[190,191,192,193,194,195,196,197]],"type":"Polygon","properties":{"ZCTA5CE20":"33981"}},{"arcs":[[199,200,201,202,203,204,205,206]],"type":"Polygon","properties":{"ZCTA5CE20":"34610"}},{"arcs":[[207,-125,-173,-86,208,209]],"type":"Polygon","properties":{"ZCTA5CE20":"33838"}},{"arcs":[[210,-128,211,212]],"type":"Polygon","properties":{"ZCTA5CE20":"33850"}},{"arcs":[[213,214,215,216,-159,217,218],[219]],"type":"Polygon","properties":{"ZCTA5CE20":"33511"}},{"arcs":[[220,221,222,223,224,225]],"type":"Polygon","properties":{"ZCTA5CE20":"34690"}},{"arcs":[[226]],"type":"Polygon","properties":{"ZCTA5CE20":"34250"}},{"arcs":[[227,228,229,230,231,232,233]],"type":"Polygon","properties":{"ZCTA5CE20":"33713"}},{"arcs":[[234,235]],"type":"Polygon","properties":{"ZCTA5CE20":"33965"}},{"arcs":[[236,237,238]],"type":"Polygon","properties":{"ZCTA5CE20":"33973"}},{"arcs":[[239,-2,240,241]],"type":"Polygon","properties":{"ZCTA5CE20":"33983"}},{"arcs":[[[242,243,244,245]],[[246,247,248,249,250,251]]],"type":"MultiPolygon","properties":{"ZCTA5CE20":"33764"}},{"arcs":[[252,253,254,255,256]],"type":"Polygon","properties":{"ZCTA5CE20":"34287"}},{"arcs":[[257,258,259,260,261,262,263]],"type":"Polygon","properties":{"ZCTA5CE20":"33782"}},{"arcs":[[264,-58,265,266,267]],"type":"Polygon","properties":{"ZCTA5CE20":"34231"}},{"arcs":[[268,269,270,-129,-211,271,272,273]],"type":"Polygon","properties":{"ZCTA5CE20":"33868"}},{"arcs":[[274,275,276]],"type":"Polygon","properties":{"ZCTA5CE20":"34679"}},{"arcs":[[277,278,279]],"type":"Polygon","properties":{"ZCTA5CE20":"33621"}},{"arcs":[[280,281,282,283,284,285],[286]],"type":"Polygon","properties":{"ZCTA5CE20":"33584"}},{"arcs":[[287,288,289,290,291,-118,292]],"type":"Polygon","properties":{"ZCTA5CE20":"33875"}},{"arcs":[[-197,293,294]],"type":"Polygon","properties":{"ZCTA5CE20":"33947"}},{"arcs":[[295]],"type":"Polygon","properties":{"ZCTA5CE20":"34267"}},{"arcs":[[[296,297,-244]],[[298,-251,299,-246,300,301,302],[303]],[[304]]],"type":"MultiPolygon","properties":{"ZCTA5CE20":"33771"}},{"arcs":[[305,-73,306,307,308,309]],"type":"Polygon","properties":{"ZCTA5CE20":"33624"}},{"arcs":[[310,311,312,-45,313,314]],"type":"Polygon","properties":{"ZCTA5CE20":"34684"}},{"arcs":[[315,316,317,318,319]],"type":"Polygon","properties":{"ZCTA5CE20":"34285"}},{"arcs":[[320,321,322,-139,323,-166,324,325]],"type":"Polygon","properties":{"ZCTA5CE20":"33598"}},{"arcs":[[326,327,328,329,330,331,332,333]],"type":"Polygon","properties":{"ZCTA5CE20":"34639"}},{"arcs":[[334,335,336,337,338,-331]],"type":"Polygon","properties":{"ZCTA5CE20":"33544"}},{"arcs":[[-198,-295,339,340]],"type":"Polygon","properties":{"ZCTA5CE20":"34224"}},{"arcs":[[341,342,343,344,345,346]],"type":"Polygon","properties":{"ZCTA5CE20":"33606"}},{"arcs":[[348,-209,-89,349,-17,350]],"type":"Polygon","properties":{"ZCTA5CE20":"33884"}},{"arcs":[[-62,351,352,353,354,355]],"type":"Polygon","properties":{"ZCTA5CE20":"34236"}},{"arcs":[[356,357,358,-98,359,360,361]],"type":"Polygon","properties":{"ZCTA5CE20":"33920"}},{"arcs":[[362,363,364,-122,365,366,367,368,369,370,371,372]],"type":"Polygon","properties":{"ZCTA5CE20":"34266"}},{"arcs":[[376,377,-262,378]],"type":"Polygon","properties":{"ZCTA5CE20":"33716"}},{"arcs":[[379,380,-260,381,-297,-243,-300,-250],[382]],"type":"Polygon","properties":{"ZCTA5CE20":"33760"}},{"arcs":[[-355,383,-268,384,385]],"type":"Polygon","properties":{"ZCTA5CE20":"34242"}},{"arcs":[[[-290,386]],[[387,388,-288,389]]],"type":"MultiPolygon","properties":{"ZCTA5CE20":"33872"}},{"arcs":[[-287]],"type":"Polygon","properties":{"ZCTA5CE20":"33550"}},{"arcs":[[-369,390]],"type":"Polygon","properties":{"ZCTA5CE20":"34268"}},{"arcs":[[391,392,393,394,-149]],"type":"Polygon","properties":{"ZCTA5CE20":"33990"}},{"arcs":[[395,-12,396]],"type":"Polygon","properties":{"ZCTA5CE20":"33812"}},{"arcs":[[398,399,400,-146,401]],"type":"Polygon","properties":{"ZCTA5CE20":"34211"}},{"arcs":[[-224,402,403,404,-312,405]],"type":"Polygon","properties":{"ZCTA5CE20":"34688"}},{"arcs":[[406,407,408,-285,409,410,411,-34]],"type":"Polygon","properties":{"ZCTA5CE20":"33610"}},{"arcs":[[-332,-339,412,413,414]],"type":"Polygon","properties":{"ZCTA5CE20":"33559"}},{"arcs":[[415,-95,416,-152,417,418,419]],"type":"Polygon","properties":{"ZCTA5CE20":"33993"}},{"arcs":[[420]],"type":"Polygon","properties":{"ZCTA5CE20":"33840"}},{"arcs":[[[421,422,-37,423,-342,424,425]],[[426,427]]],"type":"MultiPolygon","properties":{"ZCTA5CE20":"33607"}},{"arcs":[[-150,-395,428,429,430,431]],"type":"Polygon","properties":{"ZCTA5CE20":"33904"}},{"arcs":[[432,433,434,435]],"type":"Polygon","properties":{"ZCTA5CE20":"33707"}},{"arcs":[[436,437,438,-221,439]],"type":"Polygon","properties":{"ZCTA5CE20":"34652"}},{"arcs":[[[440]],[[441,442,443,444,445]]],"type":"MultiPolygon","properties":{"ZCTA5CE20":"33763"}},{"arcs":[[-276,446,-398,447,-207,448,449,450]],"type":"Polygon","properties":{"ZCTA5CE20":"34667"}},{"arcs":[[-366,-121,451,452,453,454]],"type":"Polygon","properties":{"ZCTA5CE20":"33960"}},{"arcs":[[[455]],[[-304]],[[-301,-245,-298,-382,-259,456,457,458]]],"type":"MultiPolygon","properties":{"ZCTA5CE20":"33773"}},{"arcs":[[459,-66,460,461,-353]],"type":"Polygon","properties":{"ZCTA5CE20":"34237"}},{"arcs":[[-444,462,-247,463,464]],"type":"Polygon","properties":{"ZCTA5CE20":"33765"}},{"arcs":[[-57,465,466,467,-266]],"type":"Polygon","properties":{"ZCTA5CE20":"34238"}},{"arcs":[[[-90]],[[-350,-88,-184,468,-182,469,470,-76,-18]]],"type":"MultiPolygon","properties":{"ZCTA5CE20":"33859"}},{"arcs":[[471,-156,472,-22,-82,473,-163],[474]],"type":"Polygon","properties":{"ZCTA5CE20":"33860"}},{"arcs":[[-371,475,-169,-53,-172,476,-254,477]],"type":"Polygon","properties":{"ZCTA5CE20":"34286"}},{"arcs":[[478,479,-372,-478,-253]],"type":"Polygon","properties":{"ZCTA5CE20":"34291"}},{"arcs":[[480,481,-479,-257,482,-316]],"type":"Polygon","properties":{"ZCTA5CE20":"34292"}},{"arcs":[[-317,-483,-256,483,-192,484]],"type":"Polygon","properties":{"ZCTA5CE20":"34293"}},{"arcs":[[485,-79,486,-390,-293,-117,-365,487]],"type":"Polygon","properties":{"ZCTA5CE20":"33890"}},{"arcs":[[[488]],[[-83,-119,-292,489]]],"type":"MultiPolygon","properties":{"ZCTA5CE20":"33876"}},{"arcs":[[-56,490,491,492,493,-466]],"type":"Polygon","properties":{"ZCTA5CE20":"34241"}},{"arcs":[[494,495,496,497,498,-64,499,500]],"type":"Polygon","properties":{"ZCTA5CE20":"34243"}},{"arcs":[[501,-363,502,-492,503,504,-399,505,506]],"type":"Polygon","properties":{"ZCTA5CE20":"34251"}},{"arcs":[[-462,507,-54,-265,-384,-354]],"type":"Polygon","properties":{"ZCTA5CE20":"34239"}},{"arcs":[[-80,-486,508,509]],"type":"Polygon","properties":{"ZCTA5CE20":"33873"}},{"arcs":[[-467,-494,510,-481,-320,511,512]],"type":"Polygon","properties":{"ZCTA5CE20":"34275"}},{"arcs":[[513,-504,-491,514,-498,515]],"type":"Polygon","properties":{"ZCTA5CE20":"34240"}},{"arcs":[[516,-190,517,-430]],"type":"Polygon","properties":{"ZCTA5CE20":"33919"}},{"arcs":[[518,519,520]],"type":"Polygon","properties":{"ZCTA5CE20":"33931"}},{"arcs":[[521,522,523,-222,-439]],"type":"Polygon","properties":{"ZCTA5CE20":"34653"}},{"arcs":[[-524,524,525,-403,-223]],"type":"Polygon","properties":{"ZCTA5CE20":"34655"}},{"arcs":[[-99,-359,526,527,528,529,530]],"type":"Polygon","properties":{"ZCTA5CE20":"33936"}},{"arcs":[[532,-195,533]],"type":"Polygon","properties":{"ZCTA5CE20":"33921"}},{"arcs":[[534,535,536,-186,537,538]],"type":"Polygon","properties":{"ZCTA5CE20":"33916"}},{"arcs":[[-204,-376,-328,539]],"type":"Polygon","properties":{"ZCTA5CE20":"34637"}},{"arcs":[[540,-205,-540,-327,541,542,543]],"type":"Polygon","properties":{"ZCTA5CE20":"34638"}},{"arcs":[[-24,544,-235,545,546,-348,547,548,549]],"type":"Polygon","properties":{"ZCTA5CE20":"33928"}},{"arcs":[[-93,550,-362,551,-535,552,553]],"type":"Polygon","properties":{"ZCTA5CE20":"33917"}},{"arcs":[[-361,556,557,558,-536,-552]],"type":"Polygon","properties":{"ZCTA5CE20":"33905"}},{"arcs":[[-94,-554,559,-392,-417]],"type":"Polygon","properties":{"ZCTA5CE20":"33909"}},{"arcs":[[[560]],[[-140,561]],[[562,563,-446,564,565]]],"type":"MultiPolygon","properties":{"ZCTA5CE20":"34698"}},{"arcs":[[-360,-100,-531,566,-239,567,-557]],"type":"Polygon","properties":{"ZCTA5CE20":"33971"}},{"arcs":[[568,569,570,-322,571]],"type":"Polygon","properties":{"ZCTA5CE20":"33573"}},{"arcs":[[-9,572,-407,-33,573],[574]],"type":"Polygon","properties":{"ZCTA5CE20":"33604"}},{"arcs":[[575,-225,-406,-311,576,577]],"type":"Polygon","properties":{"ZCTA5CE20":"34689"}},{"arcs":[[578,579]],"type":"Polygon","properties":{"ZCTA5CE20":"33957"}},{"arcs":[[-537,-559,580,581,-187]],"type":"Polygon","properties":{"ZCTA5CE20":"33966"}},{"arcs":[[[-440,-226,-576,582]],[[583]],[[584]],[[585]]],"type":"MultiPolygon","properties":{"ZCTA5CE20":"34691"}},{"arcs":[[-43,586,587,588]],"type":"Polygon","properties":{"ZCTA5CE20":"34695"}},{"arcs":[[-330,-375,589,590,591,592,-335]],"type":"Polygon","properties":{"ZCTA5CE20":"33576"}},{"arcs":[[-206,-541,593,594,-449]],"type":"Polygon","properties":{"ZCTA5CE20":"34669"}},{"arcs":[[595,596]],"type":"Polygon","properties":{"ZCTA5CE20":"34681"}},{"arcs":[[597,598,599,600]],"type":"Polygon","properties":{"ZCTA5CE20":"33948"}},{"arcs":[[-596,601,-577,-315,-563,602],[-561]],"type":"Polygon","properties":{"ZCTA5CE20":"34683"}},{"arcs":[[603,604,-39,-313,-405]],"type":"Polygon","properties":{"ZCTA5CE20":"34685"}},{"arcs":[[-3,605,-91,606]],"type":"Polygon","properties":{"ZCTA5CE20":"33950"}},{"arcs":[[-255,607,-601,608,-193,-484]],"type":"Polygon","properties":{"ZCTA5CE20":"33953"}},{"arcs":[[-477,-171,609,-241,-1,610,-598,-608]],"type":"Polygon","properties":{"ZCTA5CE20":"33954"}},{"arcs":[[[611]],[[-419,612,613,614]]],"type":"MultiPolygon","properties":{"ZCTA5CE20":"33956"}},{"arcs":[[[-220]],[[615,616,-160,-217]]],"type":"MultiPolygon","properties":{"ZCTA5CE20":"33596"}},{"arcs":[[617,618,-572,-321,619]],"type":"Polygon","properties":{"ZCTA5CE20":"33570"}},{"arcs":[[620,621,-569,-619,622]],"type":"Polygon","properties":{"ZCTA5CE20":"33572"}},{"arcs":[[-71,623,-69,624,-414,625,626,627,-107,-6,628]],"type":"Polygon","properties":{"ZCTA5CE20":"33613"}},{"arcs":[[-132,629,630,631]],"type":"Polygon","properties":{"ZCTA5CE20":"33615"}},{"arcs":[[-31,632,633,634,-104]],"type":"Polygon","properties":{"ZCTA5CE20":"33776"}},{"arcs":[[-425,-347,635,636]],"type":"Polygon","properties":{"ZCTA5CE20":"33609"}},{"arcs":[[[-575]],[[-8,-108,-628,637,-408,-573]]],"type":"MultiPolygon","properties":{"ZCTA5CE20":"33617"}},{"arcs":[[-264,639,640,641,642]],"type":"Polygon","properties":{"ZCTA5CE20":"33781"}},{"arcs":[[643,644,-279,645,646]],"type":"Polygon","properties":{"ZCTA5CE20":"33611"}},{"arcs":[[-240,647,-367,-455,-532,-357,-551,-92,-606]],"type":"Polygon","properties":{"ZCTA5CE20":"33982"}},{"arcs":[[-397,-11,-473,-155,648]],"type":"Polygon","properties":{"ZCTA5CE20":"33813"}},{"arcs":[[649,650,-495,651]],"type":"Polygon","properties":{"ZCTA5CE20":"34207"}},{"arcs":[[652,653,654,655,656,-153,657]],"type":"Polygon","properties":{"ZCTA5CE20":"33815"}},{"arcs":[[-272,-213,658,659,660,661]],"type":"Polygon","properties":{"ZCTA5CE20":"33823"}},{"arcs":[[-105,-635,662,663,664,665,666,667],[668]],"type":"Polygon","properties":{"ZCTA5CE20":"33708"}},{"arcs":[[669,-642,670,671,-665]],"type":"Polygon","properties":{"ZCTA5CE20":"33709"}},{"arcs":[[672,673,-148,674,-650,675]],"type":"Polygon","properties":{"ZCTA5CE20":"34205"}},{"arcs":[[-338,676,677,678,-626,-413]],"type":"Polygon","properties":{"ZCTA5CE20":"33647"}},{"arcs":[[679,680,681,682,-654,683]],"type":"Polygon","properties":{"ZCTA5CE20":"33810"}},{"arcs":[[684,685,686,-229,687]],"type":"Polygon","properties":{"ZCTA5CE20":"33703"}},{"arcs":[[-636,-346,688,-644,689]],"type":"Polygon","properties":{"ZCTA5CE20":"33629"}},{"arcs":[[-657,690,691,-13,-396,-649,-154],[-421]],"type":"Polygon","properties":{"ZCTA5CE20":"33803"}},{"arcs":[[692,693,-516,-497]],"type":"Polygon","properties":{"ZCTA5CE20":"34201"}},{"arcs":[[694,-309,695,-422,696,-427,697,-631]],"type":"Polygon","properties":{"ZCTA5CE20":"33634"}},{"arcs":[[-519,698,-549,699,-199,-639,700]],"type":"Polygon","properties":{"ZCTA5CE20":"34134"}},{"arcs":[[701,-274,702,-682,703]],"type":"Polygon","properties":{"ZCTA5CE20":"33809"}},{"arcs":[[-75,-20]],"type":"Polygon","properties":{"ZCTA5CE20":"33847"}},{"arcs":[[704,-704,-681,705]],"type":"Polygon","properties":{"ZCTA5CE20":"33849"}},{"arcs":[[706,-126,-208]],"type":"Polygon","properties":{"ZCTA5CE20":"33851"}},{"arcs":[[-65,-499,-515,-55,-508,-461]],"type":"Polygon","properties":{"ZCTA5CE20":"34232"}},{"arcs":[[707,-500,-67,-460,-352,-61]],"type":"Polygon","properties":{"ZCTA5CE20":"34234"}},{"arcs":[[708,-565,-445,-465,709]],"type":"Polygon","properties":{"ZCTA5CE20":"33755"}},{"arcs":[[-142,710,-710,-464,-252,-299,711,-47]],"type":"Polygon","properties":{"ZCTA5CE20":"33756"}},{"arcs":[[-318,-485,-191,-341,712,713]],"type":"Polygon","properties":{"ZCTA5CE20":"34223"}},{"arcs":[[-471,714,-180,715,-178,716,-77]],"type":"Polygon","properties":{"ZCTA5CE20":"33843"}},{"arcs":[[-669]],"type":"Polygon","properties":{"ZCTA5CE20":"33744"}},{"arcs":[[-164,-474,-81,-510,717,718]],"type":"Polygon","properties":{"ZCTA5CE20":"33834"}},{"arcs":[[-717,-177,719,720,-388,-487,-78]],"type":"Polygon","properties":{"ZCTA5CE20":"33825"}},{"arcs":[[-434,-233,721,722,723]],"type":"Polygon","properties":{"ZCTA5CE20":"33711"}},{"arcs":[[-232,724,725,-722]],"type":"Polygon","properties":{"ZCTA5CE20":"33712"}},{"arcs":[[-183,-469]],"type":"Polygon","properties":{"ZCTA5CE20":"33853"}},{"arcs":[[-97,726,-702,-705,727,728,729,-592,730,-590,-374]],"type":"Polygon","properties":{"ZCTA5CE20":"33525"}},{"arcs":[[-282,731,732,733,734,-28,735,-161,-617,736]],"type":"Polygon","properties":{"ZCTA5CE20":"33527"}},{"arcs":[[737,-621,738]],"type":"Polygon","properties":{"ZCTA5CE20":"33534"}},{"arcs":[[739,740,-728,-706,-680,741,742,743]],"type":"Polygon","properties":{"ZCTA5CE20":"33540"}},{"arcs":[[744,-729,-741,745,-744,746,747]],"type":"Polygon","properties":{"ZCTA5CE20":"33541"}},{"arcs":[[748,-333,-415,-625,-68,-624,-70]],"type":"Polygon","properties":{"ZCTA5CE20":"33549"}},{"arcs":[[-740,-746]],"type":"Polygon","properties":{"ZCTA5CE20":"33542"}},{"arcs":[[-218,-168,749,750]],"type":"Polygon","properties":{"ZCTA5CE20":"33569"}},{"arcs":[[-742,-684,-653,751,752,753,-733,754]],"type":"Polygon","properties":{"ZCTA5CE20":"33565"}},{"arcs":[[[755]],[[756,757,-673,758,-134,759]]],"type":"MultiPolygon","properties":{"ZCTA5CE20":"34209"}},{"arcs":[[-475]],"type":"Polygon","properties":{"ZCTA5CE20":"33835"}},{"arcs":[[-721,760,-116,-84,-490,-291,-387,-289,-389],[-489]],"type":"Polygon","properties":{"ZCTA5CE20":"33870"}},{"arcs":[[-35,-412,761,762,-344,763]],"type":"Polygon","properties":{"ZCTA5CE20":"33605"}},{"arcs":[[-450,-595,764,-522,-438,765]],"type":"Polygon","properties":{"ZCTA5CE20":"34668"}},{"arcs":[[-542,-334,-749,-74,-306,766,767]],"type":"Polygon","properties":{"ZCTA5CE20":"33558"}},{"arcs":[[-231,768,-110,769,-725]],"type":"Polygon","properties":{"ZCTA5CE20":"33705"}},{"arcs":[[770,-760,-136,771,-59,772,773]],"type":"Polygon","properties":{"ZCTA5CE20":"34217"}},{"arcs":[[-593,-730,-745,774,-336]],"type":"Polygon","properties":{"ZCTA5CE20":"33545"}},{"arcs":[[-391,-368,-648,-242,-610,-170,-476,-370],[-296]],"type":"Polygon","properties":{"ZCTA5CE20":"34269"}},{"arcs":[[775,-718,-509,-488,-364,-502]],"type":"Polygon","properties":{"ZCTA5CE20":"33865"}},{"arcs":[[-774,776]],"type":"Polygon","properties":{"ZCTA5CE20":"34216"}},{"arcs":[[-580,777]],"type":"Polygon","properties":{"ZCTA5CE20":"33924"}},{"arcs":[[-15,778]],"type":"Polygon","properties":{"ZCTA5CE20":"33839"}},{"arcs":[[779,-660,780,-351,-16,-779,-14,-692]],"type":"Polygon","properties":{"ZCTA5CE20":"33880"}},{"arcs":[[-611,-5,781,-599]],"type":"Polygon","properties":{"ZCTA5CE20":"33952"}},{"arcs":[[-283,-737,-616,-216,782]],"type":"Polygon","properties":{"ZCTA5CE20":"33594"}},{"arcs":[[[783]],[[-620,-326,784,-114,-144,-674,-758,785],[-227]]],"type":"MultiPolygon","properties":{"ZCTA5CE20":"34221"}},{"arcs":[[-558,-568,-238,786,787,-555,788,-546,-236,-545,-23,789,-581]],"type":"Polygon","properties":{"ZCTA5CE20":"33913"}},{"arcs":[[-400,-505,-514,-694,790]],"type":"Polygon","properties":{"ZCTA5CE20":"34202"}},{"arcs":[[-27,-735,791,-157,-472,-162,-736]],"type":"Polygon","properties":{"ZCTA5CE20":"33567"}},{"arcs":[[792,-286,-409,-638,-627,-679]],"type":"Polygon","properties":{"ZCTA5CE20":"33637"}},{"arcs":[[793,-538,-185,-517,-429,-394]],"type":"Polygon","properties":{"ZCTA5CE20":"33901"}},{"arcs":[[-553,-539,-794,-393,-560]],"type":"Polygon","properties":{"ZCTA5CE20":"33903"}},{"arcs":[[-731,-591]],"type":"Polygon","properties":{"ZCTA5CE20":"33574"}},{"arcs":[[-753,794]],"type":"Polygon","properties":{"ZCTA5CE20":"33563"}},{"arcs":[[-582,-790,-26,795,-188]],"type":"Polygon","properties":{"ZCTA5CE20":"33912"}},{"arcs":[[-48,-712,-303,796,-29,-103],[-305]],"type":"Polygon","properties":{"ZCTA5CE20":"33770"}},{"arcs":[[-151,-432,797,798,-613,-418]],"type":"Polygon","properties":{"ZCTA5CE20":"33914"}},{"arcs":[[799,-767,-310,-695,-630,-131,800]],"type":"Polygon","properties":{"ZCTA5CE20":"33625"}},{"arcs":[[-308,801,-574,-38,-423,-696]],"type":"Polygon","properties":{"ZCTA5CE20":"33614"}},{"arcs":[[-457,-258,-643,-670,-664,802],[-456]],"type":"Polygon","properties":{"ZCTA5CE20":"33777"}},{"arcs":[[-263,-378,803,-685,804,-640]],"type":"Polygon","properties":{"ZCTA5CE20":"33702"}},{"arcs":[[-443,805,-588,806,-248,-463]],"type":"Polygon","properties":{"ZCTA5CE20":"33759"}},{"arcs":[[-470,-181,-715]],"type":"Polygon","properties":{"ZCTA5CE20":"33827"}},{"arcs":[[-687,807,-111,-769,-230]],"type":"Polygon","properties":{"ZCTA5CE20":"33704"}},{"arcs":[[-667,808,-436,809,810]],"type":"Polygon","properties":{"ZCTA5CE20":"33706"}},{"arcs":[[-340,-294,-196,-533,811,-713]],"type":"Polygon","properties":{"ZCTA5CE20":"33946"}},{"arcs":[[[-420,-615,812],[-612]],[[813]]],"type":"MultiPolygon","properties":{"ZCTA5CE20":"33922"}},{"arcs":[[-594,-544,814,-525,-523,-765]],"type":"Polygon","properties":{"ZCTA5CE20":"34654"}},{"arcs":[[815,-219,-751,816,-570,-622,-738,817]],"type":"Polygon","properties":{"ZCTA5CE20":"33578"}},{"arcs":[[-36,-764,-343,-424]],"type":"Polygon","properties":{"ZCTA5CE20":"33602"}},{"arcs":[[-672,818,-234,-433,-809,-666]],"type":"Polygon","properties":{"ZCTA5CE20":"33710"}},{"arcs":[[-785,-325,-165,-719,-776,-507,819,-112]],"type":"Polygon","properties":{"ZCTA5CE20":"34219"}},{"arcs":[[-641,-805,-688,-228,-819,-671]],"type":"Polygon","properties":{"ZCTA5CE20":"33714"}},{"arcs":[[-30,-797,-302,-459,820,-633]],"type":"Polygon","properties":{"ZCTA5CE20":"33778"}},{"arcs":[[-314,-44,-589,-806,-442,-564],[-441]],"type":"Polygon","properties":{"ZCTA5CE20":"33761"}},{"arcs":[[-634,-821,-458,-803,-663]],"type":"Polygon","properties":{"ZCTA5CE20":"33772"}},{"arcs":[[-748,821,-677,-337,-775]],"type":"Polygon","properties":{"ZCTA5CE20":"33543"}},{"arcs":[[-526,-815,-543,-768,-800,822,-604,-404]],"type":"Polygon","properties":{"ZCTA5CE20":"33556"}},{"arcs":[[-179,-716]],"type":"Polygon","properties":{"ZCTA5CE20":"33855"}},{"arcs":[[823,-661,-780,-691,-656]],"type":"Polygon","properties":{"ZCTA5CE20":"33801"}},{"arcs":[[-810,-435,-724,824]],"type":"Polygon","properties":{"ZCTA5CE20":"33715"}},{"arcs":[[-646,-278,825]],"type":"Polygon","properties":{"ZCTA5CE20":"33616"}},{"arcs":[[-72,-629,-10,-802,-307]],"type":"Polygon","properties":{"ZCTA5CE20":"33618"}},{"arcs":[[826,-410,-284,-783,-215]],"type":"Polygon","properties":{"ZCTA5CE20":"33510"}},{"arcs":[[-817,-750,-167,-324,-138,-323,-571]],"type":"Polygon","properties":{"ZCTA5CE20":"33579"}},{"arcs":[[-759,-676,-652,-501,-708,-60,-772,-135],[-756]],"type":"Polygon","properties":{"ZCTA5CE20":"34210"}},{"arcs":[[-659,-212,-127,-707,-210,-349,-781]],"type":"Polygon","properties":{"ZCTA5CE20":"33881"}},{"arcs":[[-754,-795,-752,-658,-158,-792,-734]],"type":"Polygon","properties":{"ZCTA5CE20":"33566"}},{"arcs":[[-822,-747,-743,-755,-732,-281,-793,-678]],"type":"Polygon","properties":{"ZCTA5CE20":"33592"}},{"arcs":[[-411,-827,-214,-816,827,-762]],"type":"Polygon","properties":{"ZCTA5CE20":"33619"}},{"arcs":[[-529,-556,-788,828]],"type":"Polygon","properties":{"ZCTA5CE20":"33974"}},{"arcs":[[-703,-273,-662,-824,-655,-683]],"type":"Polygon","properties":{"ZCTA5CE20":"33805"}},{"arcs":[[-798,-431,-518,-189,-796,-25,-550,-699,-521,829]],"type":"Polygon","properties":{"ZCTA5CE20":"33908"}},{"arcs":[[-823,-801,-130,-40,-605]],"type":"Polygon","properties":{"ZCTA5CE20":"33626"}},{"arcs":[[-567,-530,-829,-787,-237]],"type":"Polygon","properties":{"ZCTA5CE20":"33976"}},{"arcs":[[-820,-506,-402,-145]],"type":"Polygon","properties":{"ZCTA5CE20":"34212"}},{"arcs":[[[-383]],[[830,-379,-261,-381]]],"type":"MultiPolygon","properties":{"ZCTA5CE20":"33762"}},{"arcs":[[-385,-267,-468,-513,831]],"type":"Polygon","properties":{"ZCTA5CE20":"34229"}},{"arcs":[[-675,-147,-401,-791,-693,-496,-651]],"type":"Polygon","properties":{"ZCTA5CE20":"34203"}}]}}}