{"type":"Topology","transform":{"scale":[0.0003225274165274166,8.571496299999999e-05],"translate":[-176.696676,-14.37374]},"arcs":[[[285622,624144],[6,1],[-1,19],[1,13],[5,1],[4,6],[4,2],[2,0],[15,-14],[1,-5],[6,-9],[-1,-6],[-11,-43],[-14,-13],[13,-32],[5,14],[5,-12]],[[285662,624066],[-1,-20],[-2,-11],[2,-6],[-2,-17],[3,-1],[-1,-40],[4,-1],[4,0],[3,-8],[-2,-8],[-3,-32],[3,-1],[0,-17],[4,-1],[2,-18],[-1,-26],[-2,-18],[-9,-44],[-5,9],[-4,8],[-17,-7],[-8,-14],[7,28],[-8,-3],[-7,8],[-2,34],[-10,0],[0,-12],[-4,8]],[[285606,623856],[-5,4],[-13,15],[-1,15],[-8,-1],[-2,3],[-6,4],[-8,2],[-7,10],[1,24],[4,-9],[1,34],[9,-4],[5,3],[-12,21],[2,22],[8,18],[2,10],[11,29],[4,9],[1,5],[2,6],[4,38],[1,6],[11,20],[12,4]],[[280392,654125],[11,28],[4,16],[4,10],[-4,-50],[0,-3],[8,0],[9,0],[1,14],[5,-1],[-1,-12],[7,0],[10,0],[1,-5],[7,0],[0,-12],[1,0],[12,1],[0,-5],[0,0],[9,-2],[15,1],[11,16],[2,1]],[[280504,654122],[4,0],[4,1],[1,0],[22,1]],[[280535,654124],[0,-12],[-7,0],[0,-22],[6,0],[-1,-5],[1,-21],[2,0],[0,-9],[0,-13],[0,0],[-3,-7],[1,-4],[-1,-3],[0,-34],[3,0],[0,-3],[0,-12],[0,-21],[-2,0],[0,-26],[2,-16],[0,-44],[3,-16],[-14,0],[-4,-2],[0,22],[-15,8],[-1,9],[-12,8],[-2,-6],[-14,-5],[1,-54],[-1,-13],[-1,-7],[-4,-9]],[[280472,653807],[-1,2],[-4,34],[-10,14],[-4,4],[-7,37],[-9,31],[-3,16],[8,41],[-3,50],[-6,10],[-4,1]],[[280429,654047],[-10,-3],[-3,-1],[-12,22],[-9,15],[-5,30],[1,7],[1,8]],[[283057,636751],[-1,-15],[7,0],[0,-16],[-6,0],[1,-28],[-16,0],[-6,0]],[[283036,636692],[0,13],[1,12],[0,28],[-1,0],[0,29],[-16,11],[5,8],[4,4],[-1,8],[3,16],[5,-7],[13,-17],[2,-4],[3,-35],[3,-7]],[[282604,630842],[86,1],[2,0],[1,-140],[4,-7],[4,-21],[2,-25],[10,-29],[4,9],[5,-10],[6,6],[2,50],[-9,29],[-3,32],[13,22],[-1,18],[3,6],[-2,19],[-8,3],[-5,22],[-6,4],[-3,12],[61,3],[1,-2],[1,-92],[36,-1],[-1,98],[-2,129],[-9,90],[-2,34],[27,2],[-1,170],[-15,-2],[0,84]],[[282805,631356],[59,9],[72,-1],[-1,169],[46,-1]],[[282981,631532],[59,2],[58,2],[-1,169],[59,-1],[36,7],[3,-114],[-3,-28],[14,4],[7,24]],[[283213,631597],[1,-57],[29,0],[-1,-170],[13,0],[0,-44],[3,-26],[6,-56],[-10,-30],[-1,-13],[-38,1],[-56,-7],[0,-86],[-4,-17],[-2,-30],[5,-19],[4,-26],[0,-30],[3,-45],[4,0],[-1,-21],[3,-20],[5,-16],[3,-28],[25,2],[1,-43],[16,-9],[4,-19],[9,-6],[4,-19],[18,-32],[8,-50],[26,1],[13,-77],[11,6],[0,72],[59,4],[58,1]],[[283431,630688],[1,-255],[-58,-1],[1,-169]],[[283375,630263],[-44,-4],[1,-250],[-59,-30],[-15,-6],[1,-46],[-65,-25],[1,-73],[0,-182],[47,-51],[20,-36],[0,-54],[0,-86],[43,-2],[2,-36],[0,-49],[15,-3],[1,-510],[58,-1],[1,0],[61,0]],[[283443,628819],[22,1]],[[283465,628820],[5,-33],[0,-121],[-16,1],[1,-61],[-3,0],[0,51],[-3,1],[-10,-17],[0,-59],[-21,1],[0,-40],[-4,2],[-3,-32],[0,-132],[9,-5],[6,-19],[2,-33],[4,-4],[8,-35],[-2,-19],[3,-19],[0,-35],[1,-11],[-2,-27],[1,-26],[0,-83],[-37,-3],[-1,-24],[-5,-5]],[[283398,628033],[-14,16],[-1,10],[1,-82],[-88,-2],[0,-226],[-29,1],[-7,-1]],[[283260,627749],[-19,53],[-10,0],[-2,3],[0,-53],[-6,-1]],[[283223,627751],[-16,-5],[-8,2],[-59,-4],[-28,-2],[-13,0],[-19,8],[-28,-12],[-14,-12],[-6,12],[15,4],[6,12],[13,36],[7,14],[-6,15],[-2,31],[6,30],[7,24],[-1,20],[9,17],[2,13],[9,-1],[10,-20],[12,11],[6,31],[-43,-3]],[[283082,627972],[0,175],[-30,1],[0,190],[3,18],[14,31],[12,6],[-3,421],[0,3],[-10,0],[-7,12],[-6,23],[-5,0],[-1,90],[-8,-15],[-5,-18],[3,-10],[-2,-18],[-7,-21],[-7,-4],[-8,9],[-11,-22],[-13,-2],[-1,142],[-43,-3],[-3,-17],[-1,-56],[-11,-24],[-2,-8],[-13,-8],[-8,-41],[1,-21],[-30,4],[-1,-55],[-4,-68],[-7,-66],[-2,-15],[-5,-14],[-16,-28],[-4,-6],[-4,-14],[0,28],[-14,4],[0,85],[-106,-5],[11,-57],[-3,-85],[-4,-27],[-14,0],[0,86],[-67,-1],[-3,-24],[-4,-9],[-6,-1],[-9,-41],[-7,-1],[-6,-11],[-16,-1]],[[282589,628483],[1,258],[-29,0],[0,62],[-5,5],[0,84],[-28,3],[-16,3],[0,85],[-1,86],[15,0],[29,-5],[0,114]],[[282555,629178],[0,57],[-11,2],[-1,53],[-6,8],[-1,24],[-10,2],[-1,8],[0,98],[20,23],[38,33],[0,65],[-5,5],[0,37],[-3,12],[-8,7],[-15,-20],[-6,-26],[-3,-65],[-2,-34],[-10,-11],[-7,20],[-13,15],[-2,180],[-7,0]],[[282502,629671],[-37,2]],[[282465,629673],[-1,145],[43,-1],[-1,257],[41,1],[-1,70],[-7,7],[3,13],[-4,34],[-1,64],[5,28],[-8,41],[13,25],[6,28],[11,16],[2,19],[-3,22],[3,10],[10,7],[3,-19],[4,6],[0,-14],[8,2],[0,63],[15,-1],[-2,346]],[[282970,631352],[8,0],[3,21],[-3,0],[-8,0],[0,-21]],[[283739,649182],[7,-5],[21,14],[17,2],[-3,337],[-26,-1],[12,22],[-1,231],[1,168],[-11,0]],[[283756,649950],[1,41],[4,34],[4,16],[1,22],[0,56],[-5,0],[0,43],[15,17],[6,16],[1,37],[4,55],[-3,3],[0,73],[-5,54],[0,44],[46,2]],[[283825,650463],[1,-171],[59,5],[15,-1],[0,-12],[6,0],[0,12],[21,0],[2,-11],[0,11],[15,0],[19,2],[40,2],[0,-2],[-8,0],[1,-47],[8,0],[0,-111],[0,-1],[0,-1],[0,-9],[7,0],[-2,-81],[23,-1],[2,4],[0,-211],[-18,-47],[-1,-9],[-16,-123],[-13,-42],[16,-5],[12,1],[-12,-20],[-1,-14],[-4,-28],[-2,-67],[-5,-44],[8,-36],[0,-11],[-6,-23],[-77,-5],[-2,0],[-12,-70],[8,-12],[3,-31],[-1,-21],[-24,-75],[1,-43]],[[283888,649115],[-7,-1],[-137,-7],[-3,30],[-2,45]],[[285359,658394],[4,0],[9,0],[0,-12],[-9,1],[-4,5],[0,6]],[[288072,644255],[0,340]],[[276262,629521],[42,0],[0,-84],[0,-38],[-17,37],[-25,1],[0,84]],[[286680,652235],[16,10],[22,5],[0,-21],[34,0],[0,-35],[-8,0],[-22,-1],[0,12],[-9,-1],[0,-11],[-17,0]],[[286696,652193],[-16,-1],[0,43]],[[280423,654230],[4,0],[1,-3],[0,-20],[-4,-3],[-1,26]],[[275675,640555],[-2,-2],[-26,-2],[-12,-1],[-13,-1],[-3,-3],[-1,-16],[3,-149],[-26,-2],[-20,-169]],[[287366,642885],[40,0],[19,0],[0,-83],[28,1]],[[287453,642803],[0,-43],[-21,0],[3,-42],[3,0],[0,-16],[15,-5],[0,-65],[-8,0],[0,-20],[7,0],[0,-63],[-11,-1]],[[287441,642548],[0,20],[-6,0],[0,-19],[-9,-1],[-1,41],[-15,1],[0,42],[-3,0],[0,33],[-22,0],[0,-46],[-19,27],[0,40],[-7,1],[0,31],[-8,1],[0,42],[-15,1],[0,41],[9,0],[0,39],[10,0],[0,25],[11,1],[0,17],[0,0]],[[287366,643022],[-10,2],[-14,31],[-22,-1],[-13,0],[-14,-1]],[[287293,643053],[-1,45],[74,29],[0,-72],[0,-33]],[[286537,642185],[11,0],[0,171],[5,0],[0,84],[6,42],[-6,0],[0,44],[30,0],[-2,34],[-5,17],[-12,7],[-4,27],[37,31],[5,4],[-5,6],[0,33],[16,-1],[0,179]],[[286613,642863],[13,1],[30,1],[-1,228]],[[286655,643093],[2,-50],[52,1],[6,-11],[0,-42],[0,-125],[30,1],[29,4]],[[286774,642871],[0,-65],[0,-53],[-7,-16],[-19,-16],[1,-98],[0,-95],[-25,-1],[0,-66],[-5,-13],[5,4],[0,-53],[9,0],[0,44],[16,1],[0,-43],[11,1],[0,42],[5,1],[-1,41],[11,9],[0,-7],[48,0],[2,2],[0,-9],[12,1],[12,12],[0,38],[15,1],[0,28],[-1,11],[7,5],[4,1],[12,-16],[0,-49],[22,0],[0,-42],[7,0],[9,40],[5,10],[0,29],[5,4],[0,34],[4,1]],[[286938,642589],[17,4],[21,27],[31,3],[-36,-86],[-3,1],[-30,-68],[0,-21],[15,1],[0,-43],[15,6],[7,-5],[33,2],[-3,-43],[4,0],[9,0],[17,113],[22,141],[14,0],[1,-73],[0,-40],[-9,-13],[-4,-12],[-34,-116],[6,-1],[2,1],[3,5],[27,3],[0,17],[9,23],[0,-37],[23,0],[30,1],[7,-1],[12,0],[-1,128],[9,3],[9,6],[6,9],[6,24],[15,1],[3,0],[0,-10],[18,-75],[34,0],[4,23],[0,-13],[9,-1],[36,-9],[0,42],[7,0],[0,26],[8,0],[0,17],[92,-1],[12,-1],[-1,-37],[16,0],[0,-48],[-39,1],[0,44],[-8,-1],[-64,1],[-1,-21],[-4,0],[0,-17],[-3,-5],[0,-7],[15,-5],[0,-35],[11,-14],[0,11],[8,0],[1,10],[8,0],[0,16],[6,-1],[0,12],[5,-1],[3,14],[2,-13],[0,-99],[9,-5],[18,3],[2,26],[3,3],[4,26],[3,2],[7,-6],[14,2],[0,-14]],[[287426,642389],[0,-181],[-30,1],[0,-85],[7,-3],[0,-40],[14,-7],[9,7],[-1,-42],[4,-1],[54,3]],[[287483,642041],[0,-127],[1,-43],[-59,-1],[0,-28],[-8,1],[0,-58],[-51,0],[0,-84],[-59,-1],[0,-141]],[[287307,641559],[-7,5],[-3,17],[-8,3],[-5,33],[-21,-1],[-24,3],[-3,23],[-5,20],[-13,22],[-6,19],[-68,-4],[1,115],[-16,-23],[0,32],[-5,-9],[-6,-45],[-9,-22],[-4,0],[-3,-25],[-11,-7],[0,29],[8,1],[0,36],[-11,-1],[0,20],[-10,-1],[-1,22],[-4,0],[0,37],[26,2],[0,64],[-15,-1],[1,55],[-12,0],[0,53],[-73,-3],[-1,-37],[1,-79],[-8,6],[-8,-1],[0,24],[-31,-1],[-38,-254],[-19,-1],[0,159],[-1,16],[0,122],[-59,-4],[0,44],[-72,-1],[-2,-44],[6,-3],[4,-10],[0,-13],[5,-22],[0,-17],[-3,-23],[-6,-16],[-2,-24],[2,-14],[-2,-12],[-6,-14],[-42,-3],[-1,170],[-59,0],[0,64],[-16,19],[-3,16],[-8,14],[-14,-3],[-5,-13],[-7,1],[-5,20],[-4,51],[-18,0],[-7,8],[-15,-10],[-17,0],[-2,42]],[[279637,633456],[116,-2],[4,4],[0,-42],[19,1],[1,10],[0,32],[34,1],[59,3],[6,2]],[[279876,633465],[2,-18],[3,-5],[10,1],[12,-34],[3,-20],[-1,-18],[9,-6],[3,-43],[3,-1],[9,14],[0,-53],[15,0],[1,-130],[-9,0],[0,-17],[-6,0],[0,-10],[-59,-4],[1,-170],[-24,0],[-5,5],[0,-13],[8,-7],[13,-19],[9,-16],[14,-34],[0,-53],[-2,0],[-6,-17],[-6,-3],[0,3],[0,46],[-3,15],[-24,-1],[0,8],[0,0],[-3,-8],[0,-77],[3,0],[0,-59],[-3,3],[0,-32],[0,-16],[0,0],[31,-16],[11,-11],[0,-41],[-7,-1],[0,-16],[-5,-8],[14,1],[1,-28],[-14,-7],[6,-3],[3,-13],[5,4],[-6,-19],[0,-13],[-18,-1],[0,17],[-20,-2],[1,-121],[3,2],[0,-40],[-3,0],[0,-7]],[[279845,632353],[-29,-4],[0,-45],[-28,-1],[-1,43],[-30,0],[-15,11],[-3,-6],[-12,8],[0,61],[-15,1],[0,86],[-49,2],[0,-66],[-10,0],[0,-11],[-12,0],[-2,-9],[-87,-1]],[[279552,632422],[-1,299],[43,-1],[2,7],[13,2],[0,45],[30,0],[-1,78],[0,77],[-1,527]],[[279490,621866],[21,1],[-1,-128],[2,-67],[2,-25],[6,-29],[20,-44],[-2,0],[-20,40],[-7,-1],[-7,14],[-8,35],[-6,1]],[[279490,621663],[0,45],[3,-11],[2,1],[1,41],[5,1],[0,12],[-11,1],[0,113]],[[283844,622338],[0,9],[4,0],[0,-13],[-4,0]],[[283844,622334],[0,4]],[[283704,652846],[0,-59],[-1,1],[-18,0]],[[283685,652788],[0,55],[3,10],[16,1],[0,-8]],[[280734,637728],[5,1],[0,41],[13,-26],[9,0],[-18,-17],[4,1],[-8,-19],[0,-21],[-5,40]],[[285924,626444],[5,2],[-2,-63],[-4,0],[1,61]],[[285606,628906],[4,-1],[0,54],[54,4],[0,-59],[0,-50],[29,-1],[19,-4],[1,33],[9,2]],[[285722,628884],[1,-86],[28,2],[7,0],[0,-40],[15,0],[1,-45],[36,1],[0,-144],[12,0],[0,-31],[6,-18],[5,0],[-1,-16],[3,-26],[5,-1],[0,-19],[28,1],[0,-112],[16,-8],[5,-48],[0,-75],[9,-3],[0,-90],[1,-4],[2,4],[1,-6],[10,17],[1,-14],[15,1],[1,-105],[2,-166],[-20,1],[0,-37],[4,-38],[11,1],[5,-19],[0,-12],[-17,-2],[0,-27],[-9,-16],[-13,3],[0,-40],[-7,-5],[5,-12],[2,-3],[17,31],[9,4],[12,14],[2,1],[2,3],[2,1],[3,5],[7,19],[21,23],[22,23],[14,20],[16,71],[7,12],[6,5],[10,-2],[11,-10]],[[286053,627867],[5,-22],[-5,-15],[1,-24],[6,6],[1,-15]],[[286061,627797],[-3,-20],[2,-9],[-3,-5],[-1,-32]],[[286056,627731],[0,-8],[10,5],[5,-11],[7,-2],[-4,-28],[0,-27],[21,-3],[-1,-42],[21,-4],[-1,-17],[22,-4],[-1,-27],[4,0],[-1,-20],[4,0],[-1,-45],[-1,-39],[-1,-60],[-1,-26],[-9,2],[1,-36],[5,-48],[1,-13],[15,-3],[3,-10],[10,-5],[-1,-16],[-9,-16],[0,-7],[-3,-2],[-7,-10],[10,-84],[4,-31]],[[286158,627094],[3,-26],[6,-51],[-3,0],[-28,8],[-47,7],[-28,5],[-21,4],[-9,1],[-21,4],[-14,3],[-17,2],[-56,9],[-3,-101],[17,-5],[2,1],[-1,-56],[-19,13],[-1,-167],[-2,-5],[32,-66],[26,-54],[-1,-35],[-1,-14],[-3,-101],[0,-18],[6,-2],[-1,-28],[20,-7],[1,22],[28,-9],[3,-18],[7,-39]],[[286033,626371],[-7,4],[-4,2],[-1,-10],[-6,-3],[-25,10],[-1,-9],[-22,8],[1,22],[-36,-11]],[[285932,626384],[5,41],[-3,19],[5,38],[15,46],[-10,14],[0,18],[-32,-12],[-31,29],[2,123],[-3,0],[-14,-5]],[[285866,626695],[1,55],[4,12],[13,-11],[0,34],[-3,9],[-24,-13],[-4,3],[-2,0],[-8,139],[-10,13],[-30,40],[-3,7],[-26,77],[2,14],[-1,17],[-10,2],[1,21],[-15,20],[-5,2],[-4,-43],[-9,2],[-2,-4],[0,-11],[-15,3],[-1,-35],[-10,8],[1,-16],[-2,17],[-7,-3],[-12,121],[-1,5],[-3,-2],[1,-42],[-9,-35],[-7,1],[1,88],[-2,13],[-13,2],[-16,4]],[[285636,627209],[-1,8],[-1,16],[0,26],[0,20],[1,13],[2,19],[7,33],[3,10],[6,20],[4,15],[3,12],[14,67],[8,31],[18,53],[2,16],[16,87],[3,2],[-1,21],[0,35],[1,41],[2,24],[1,8],[11,16],[8,79],[-12,65],[12,53],[-3,18],[-19,3],[-15,10],[-3,4],[-18,24],[-3,28],[11,41],[0,21],[-9,35],[-11,63],[-14,36],[17,1]],[[285676,628283],[18,-73],[0,13],[14,0],[-1,47],[0,14],[15,1],[0,16],[-24,0],[1,69],[23,3],[1,72],[-3,6],[-2,2],[-25,1],[0,-21],[0,-23],[1,-68],[-10,0],[-9,39],[-12,28],[-13,31],[-1,-34],[-2,-6]],[[285647,628400],[-6,25],[-12,-16],[-11,13],[2,24],[-9,24],[-20,10],[-15,16],[0,21],[0,16],[0,21],[0,51],[-1,153],[10,0],[0,23],[4,31],[18,-1],[-1,95]],[[285811,627998],[0,-53],[18,49],[3,9],[4,10],[4,11],[-3,20],[0,25],[-26,-11],[0,-60]],[[280850,631126],[11,1],[0,86],[30,1],[0,41],[9,1],[20,2],[0,-36],[6,-15],[0,-6],[10,-27],[13,3],[1,-26],[0,-8],[0,-12],[28,4],[7,-20],[24,-59],[0,-47],[-4,3],[-16,38],[-32,-2],[7,-20],[1,-63],[-11,-1],[0,45],[-4,-1],[0,-101],[0,-1],[0,-7],[0,-2],[0,-21],[0,-84]],[[280950,630792],[-29,-2],[-13,-1],[-1,0],[0,13],[-8,-1],[0,31],[6,1],[1,-10],[12,5],[3,3],[0,31],[-2,13],[-10,-1],[-3,0],[0,27],[3,0],[1,0],[0,2],[-1,12],[0,14],[-9,6],[-9,-8],[0,7],[5,0],[3,24],[-5,36],[2,15],[-1,31],[-1,3],[-3,0],[-30,-2],[0,6],[-2,37],[2,0],[0,13],[-2,0],[0,6],[-11,0],[2,23]],[[282772,649969],[3,-3],[-5,-36],[-9,21]],[[282761,649951],[6,1],[5,17]],[[287552,651420],[-5,30],[12,16],[0,70],[30,1],[0,-170],[-43,-1],[6,54]],[[287572,647893],[26,1],[0,-71],[4,-16],[-22,18],[-1,-17],[-7,0],[0,85]],[[279088,619407],[32,42],[16,5],[-1,-29],[-7,-5],[1,-11],[-6,-2],[2,-25],[4,-5],[0,-42],[-15,-69],[0,-18],[-6,-4],[-6,10],[-6,-10],[-4,-22],[-4,-7]],[[279088,619215],[0,192]],[[279891,647682],[0,-22],[7,-10],[11,-11],[10,-1],[-3,-17],[-39,61],[14,0]],[[281567,617735],[27,-1],[5,3]],[[281599,617737],[19,2]],[[281618,617739],[0,-44],[14,10],[0,-52],[-2,-10],[-12,8],[0,-37],[2,-5],[5,-24],[5,-14],[7,-15],[16,-62],[8,-21],[-11,-40],[3,-28]],[[281653,617405],[-32,0],[0,-335],[-57,-3],[0,-116],[-20,11],[-19,30],[-5,15],[-23,20],[-10,29],[-5,-22],[-10,2],[-4,11],[-8,60],[-10,3],[-3,13],[-10,-8],[-12,-3],[-1,-140],[5,-57],[1,-30],[-6,-2],[-15,-1],[0,-42],[-11,7],[-16,-19],[-19,-33],[-3,-13],[-16,-29],[0,-33],[-4,-14],[-15,-2],[-23,1],[-1,20],[-14,-1],[0,-110],[-11,29],[-13,-9],[-9,69],[-27,-1],[1,-150],[-3,-20],[0,-54],[-2,-140],[-13,-3],[-3,7],[1,-34],[-4,-1],[-3,-35],[-7,1],[0,-57],[14,1],[0,-59],[-14,0],[0,-43],[20,0],[1,-19],[4,0],[4,-61],[6,-5],[1,-149],[7,-21],[2,-44]],[[281239,615816],[-16,0],[0,-79],[-8,6],[0,17],[-7,1],[0,13],[-14,1],[0,-32],[-16,0],[0,-31],[-16,-1],[0,-22],[-16,-1],[1,-42],[-14,-1]],[[281133,615645],[0,86],[-11,-1],[0,86],[-18,-2],[0,84],[13,2],[-1,19],[-11,13],[1,122],[2,19],[10,32],[7,57],[0,14],[-7,8],[0,9],[-15,7],[0,18],[-11,10],[0,16],[-144,9],[-12,50],[-13,-80],[-2,-53],[-56,3],[-1,23],[-13,2],[-1,-64],[-8,15],[-18,16],[0,108],[-18,-27],[-3,-7],[-16,16]],[[280787,616255],[-29,9],[-12,-1],[8,49],[-6,25],[-2,34],[-5,12]],[[280741,616383],[9,17],[0,65],[-4,13],[-9,14],[-21,9],[-8,13],[1,13],[6,10],[20,-6],[19,2],[12,22],[7,44],[7,21],[-1,15],[-10,-3],[-2,27],[5,14],[8,9],[6,19],[0,16],[-5,22],[-13,-35],[-10,-1],[-5,16],[-4,33],[8,15],[18,13],[10,-22],[19,0],[6,-23],[0,35],[2,40],[11,2],[3,17],[0,186],[12,-52],[5,40],[24,-2],[0,-19],[9,-1],[0,-12],[6,0],[0,-31],[9,0],[5,-31],[0,27],[3,4],[25,1],[1,-42],[7,0],[0,42],[10,0],[1,-42],[17,85],[2,-25],[-1,-101],[12,0],[0,10],[8,1],[5,-10],[6,0],[-1,42],[-9,0],[-1,67],[15,1],[-1,59],[14,1],[0,130],[20,1],[0,43],[21,1],[0,-51],[19,1],[-1,-17],[4,-12],[7,-6],[0,54],[-6,31],[35,2],[21,4],[-13,38],[-1,44],[20,4],[0,-24],[16,-14],[0,41],[10,2],[2,22],[11,31],[2,25],[1,9],[11,2],[3,63],[4,25],[-1,80],[27,1],[2,0],[13,2],[-1,71],[3,15],[1,36],[4,22],[-1,28],[29,1],[1,-34],[2,-21],[-2,-8],[1,-23],[12,0],[0,34],[7,1],[-1,12],[10,2],[0,-92],[14,1],[0,43],[43,1],[0,85],[29,0],[0,-42],[15,0],[0,-85],[7,0],[0,-41],[19,0],[-3,28],[-1,56],[5,0],[3,17],[1,36],[12,-1],[0,-51],[4,0],[0,-44],[25,1],[0,130],[10,1],[5,-9],[11,-32],[5,-28],[4,-37],[4,-5],[0,23],[5,-12],[10,1],[14,50],[6,17],[18,-15],[1,22],[0,22]],[[287156,646366],[9,16],[-3,-22],[19,-89],[0,-28],[-8,3],[-7,31],[1,25],[-8,8],[1,25],[-4,31]],[[285687,640060],[9,0],[0,39],[4,-3],[1,1],[1,0],[1,4],[0,-11],[2,-8],[1,-5],[1,-2],[3,1],[6,-15],[5,-20],[-34,1],[0,18]],[[286940,644672],[5,0],[0,-14],[29,-4],[5,7],[0,-33],[-11,3],[-12,-16],[-4,-19],[-3,1],[-4,25],[-2,9],[1,10],[-3,-1],[-5,20],[4,12]],[[276282,636068],[4,1],[0,-40],[-4,0],[0,39]],[[276162,636525],[6,1],[0,-35],[-3,0],[-4,-7],[1,41]],[[275887,635547],[27,32],[16,48]],[[275930,635627],[8,23],[2,-1],[5,-17],[6,-12],[4,1],[7,8],[2,13],[-2,21],[-2,8],[-5,10],[-3,10],[1,10],[10,25],[15,15],[16,-8],[9,8],[5,-7],[16,8],[10,-9],[1,-157],[30,2]],[[276065,635578],[-1,-37],[0,-87],[1,-24],[11,26],[2,0],[13,-3],[1,-64],[0,-19]],[[276092,635370],[-7,-1],[-20,1],[1,-166]],[[276066,635204],[-30,-1],[0,154],[-27,-65]],[[276009,635292],[-73,-177],[-3,0],[0,31],[2,-1],[-2,6],[0,13],[3,12],[10,25],[2,6],[-1,249],[15,1],[0,85],[-45,-2],[-25,1],[-2,0],[-2,3],[-1,3]],[[275582,636377],[18,89],[-2,0],[3,11],[1,144],[0,16]],[[275602,636637],[29,3],[89,13],[-1,147],[6,-21],[8,30],[9,-27],[2,-26],[4,-11],[18,22]],[[275766,636767],[8,3],[17,-8],[6,-24],[19,4],[7,-11],[2,0],[-2,270],[10,0],[1,14],[14,13],[1,21],[-1,124],[45,2],[-3,255],[-71,-3],[-1,84],[-3,213],[14,0]],[[275829,637724],[0,-42],[107,3],[61,-8],[72,5],[3,-59],[5,-73],[4,-41],[32,2],[4,0],[41,1],[0,-33],[9,1],[1,-21],[5,1]],[[276173,637460],[1,-25],[7,-3],[0,-56],[6,-7],[0,-64],[46,-2],[1,-121],[30,1],[0,-84],[-29,-2],[0,-90],[-28,0],[-7,-65],[-2,-21],[-1,-31],[1,-148],[36,3],[1,-169],[43,2],[1,13],[2,15],[6,13],[6,4],[3,-3],[0,-15],[4,-7],[0,-18],[4,5],[6,-2],[29,6],[45,3],[0,-127],[49,127],[27,1]],[[276460,636593],[0,-17],[-1,-153],[0,-85],[-1,-253],[0,-64],[-1,-201],[0,-87],[0,-106],[0,-65],[-1,-69],[0,-101],[0,-89]],[[276456,635303],[0,-262],[0,-31],[-1,-345],[0,-172]],[[276455,634493],[-4,3],[-21,-22],[-6,-12],[-4,0],[-4,6],[-2,15],[-2,49],[-6,24],[-14,15],[-12,33],[2,59],[-1,36],[-58,-6],[-12,-1]],[[276311,634692],[-1,79],[-8,42],[-2,41],[-7,33],[-4,48],[-6,-2],[-11,-19],[-11,-5],[-10,-26],[-7,-8],[-1,-18],[-4,-1],[-55,-3],[-1,87],[-29,-1],[-2,5],[-1,36],[-10,0],[25,6],[0,44],[-7,1],[2,37],[5,16],[9,9],[4,16],[-1,92],[-8,-1],[0,20]],[[276170,635220],[3,9],[3,55],[-5,1],[-19,-1],[0,88],[-16,-1]],[[276136,635371],[0,5]],[[276136,635376],[30,5],[0,-9],[8,1],[7,0],[29,1],[14,-4],[0,20],[26,-2],[4,-15],[8,-13],[3,-14],[-3,19],[-8,17],[-2,15],[-7,20],[0,24],[16,26],[3,19],[0,17],[-10,38],[2,13],[-17,46],[-6,19],[7,0],[-1,69],[0,22],[0,14],[26,9],[-1,37],[-4,19],[3,-2],[1,-14],[1,-4],[2,-3],[1,-11],[15,2],[0,-21],[16,1],[8,59],[6,16],[0,49],[-1,11],[2,25],[13,1],[-4,7],[-8,29],[0,38],[1,5],[-2,-1],[1,12],[1,32],[0,8],[-19,0],[0,-15],[0,-29],[-3,0],[-4,11],[2,35],[5,-1],[0,41],[0,24],[0,19],[0,39],[-1,24],[0,7],[-1,20],[0,35],[-9,-1],[-41,-5],[-7,0],[-1,24],[0,23],[-2,126],[-14,-2],[-13,-1],[-1,14],[0,28],[-27,-2],[-6,-43],[-3,-1],[-1,86],[-1,42],[-3,34],[-3,5],[-2,62],[6,1],[-1,26],[-6,-3],[-6,0],[0,-19],[-5,-1],[-2,21],[-16,0],[0,58],[13,7],[-2,21],[-25,-1],[-12,0],[-2,7],[2,-62],[-1,-28],[0,-12],[0,-10],[0,-8],[-3,-14],[-1,-22],[2,-22],[1,8],[0,23],[2,-26],[-1,-10],[-1,-7],[0,-42],[3,-8],[1,-46],[4,-13],[2,-7],[-1,-6],[-2,-5],[-4,-27],[-2,4],[-4,6],[-6,26],[0,9],[-33,-1],[0,-12],[-15,-1],[1,-91],[11,-1],[4,-5],[0,-10],[10,-15],[0,-37],[-10,0],[1,-76],[20,8],[-1,55],[-6,10],[6,4],[0,28],[8,-8],[4,12],[0,-30],[5,10],[6,-12],[0,-84],[-19,-18],[-10,-9],[2,-27],[-15,-1],[-15,0],[0,-82],[1,-40],[-14,-11],[-12,7],[-7,-4],[4,-42],[-1,-45],[-4,-20],[-10,-12],[-45,0],[0,26],[-4,1],[-11,-1]],[[275945,635911],[0,62],[0,10],[-13,25],[-2,6],[0,34],[5,86],[7,-1],[-1,13],[-18,0],[-9,10],[0,-10],[-29,0],[0,-15],[-7,-21],[-7,-48],[-8,-11],[-25,-1],[-4,-18],[-11,-19],[-12,-10],[-2,-31],[-11,-17],[1,25],[1,5],[3,15],[1,10],[0,8],[1,8],[5,11],[1,6],[0,8],[-4,13],[-1,18],[4,19],[7,-1],[6,13],[-1,31],[-3,34],[-9,19],[2,21],[-10,43],[-3,18],[2,34],[2,18],[8,26],[14,2],[2,2],[-1,8],[-1,5],[1,15],[-3,0],[-22,0],[2,20],[0,40],[-37,7],[-12,8],[-4,13],[-30,1],[-5,2],[-68,-9],[0,-84],[-53,-6],[-12,-4]],[[285742,630326],[6,3],[15,19],[2,6],[16,-5],[-6,-42],[-1,-23],[20,0],[0,65],[7,1]],[[285801,630350],[0,-158],[-10,0],[0,-22],[-13,-1],[-36,-3],[0,65]],[[285742,630231],[-1,52],[6,-1],[-4,9],[-7,23],[2,2],[4,10]],[[286353,627676],[-9,2],[-20,5],[-2,1],[-12,-1],[-1,-51],[-16,3],[1,6],[0,11],[-2,3],[-16,3],[-4,1],[0,26],[0,7],[1,5],[-23,1],[4,80],[-16,4],[2,59],[-6,1],[-3,-17],[-18,9],[-10,16],[-2,-57],[-14,0],[-7,39],[-9,12],[-3,5],[-3,0],[1,32],[8,-1],[24,-1],[-10,54],[1,33],[3,10],[4,73],[-8,1],[-1,64],[39,-6],[5,-14],[0,13],[63,-10],[0,-23],[27,-6],[1,18],[-8,14],[2,7],[8,-25],[-8,-60],[-14,-83],[-1,-28],[16,49],[8,67],[37,-69],[1,53],[2,69],[15,-47],[12,-4],[-2,-37],[-10,-84]],[[286061,627797],[7,23],[3,9],[12,39],[7,20],[11,-4],[21,6],[-1,-57],[7,-1],[-2,-112],[-70,11]],[[277389,644288],[0,43]],[[277389,644331],[73,2],[1,30],[5,13],[40,0],[0,-71],[8,-32],[11,-56],[6,-52],[5,-2],[0,-41],[140,3],[0,104],[19,30],[21,-4],[20,40],[57,2],[0,87],[5,6],[21,58],[-1,19],[34,1],[1,-233],[8,-2],[7,-21],[0,-42],[13,-41]],[[277883,644129],[8,-42],[-12,-36],[2,-29],[23,-63],[-49,0],[0,-142],[-24,0],[-13,-13],[-5,-9],[-17,0],[2,-339],[2,-169],[1,-339],[4,0],[-1,-175],[1,-164],[-59,-6],[-1,-332],[59,-1],[0,-118],[-1,-21],[1,-28],[0,-170]],[[277804,641933],[1,-123]],[[277805,641810],[-32,-40],[-10,1],[-6,5],[-36,13],[-18,14],[-9,30],[-6,8],[-14,5],[-36,29],[-9,12],[18,22],[8,22],[6,14],[8,3],[6,14],[13,-6],[-1,143],[-58,1],[0,169],[-59,1],[0,172],[-118,0],[-59,1]],[[277393,642443],[-1,338],[-59,6],[-1,162],[1,170],[59,0],[0,133],[59,-5],[0,212],[-59,0],[-2,339],[58,0],[1,134],[3,19],[-62,-1],[-1,338]],[[276301,652763],[-5,-66],[0,-87],[0,-84]],[[276296,652526],[-38,1],[-34,-1],[-17,-1],[-32,1],[-5,-1],[0,36]],[[276170,652561],[-1,220],[-7,-1]],[[276162,652780],[7,3],[0,38],[-9,1],[-3,-1],[3,10],[0,32],[33,0],[5,-32],[1,-11],[0,-15],[3,-24],[6,0],[15,0],[8,-1],[7,-3],[16,-8],[17,-6],[7,-1],[2,0],[21,1]],[[282075,624384],[-15,0]],[[282060,624384],[-7,-1],[-1,78],[-9,-2],[0,8],[-12,-1],[0,42],[20,10],[14,0],[0,-9],[10,-1],[0,-124]],[[278323,633800],[11,5],[0,28],[12,0],[3,25],[0,53],[4,8],[5,-23],[16,-30],[0,-43],[-7,0],[-1,-23],[-1,0],[0,-6],[-3,-14],[0,-26],[-13,1],[0,-12],[-7,49],[-13,-27],[0,16],[0,19],[-6,0]],[[286360,645398],[17,2]],[[286377,645400],[0,-7],[7,0],[0,-74],[4,-19],[-8,-15],[-3,-7],[0,-21],[2,0],[0,-20],[5,0],[0,-54],[-18,6],[0,-42],[-5,-7],[-12,6],[0,-8],[0,-29],[-12,-1],[-4,40],[1,15],[13,1],[-1,22],[-5,7],[-2,15],[2,25],[-7,2],[0,-10],[-15,-1],[-4,10],[0,42],[33,2],[10,-2],[2,122]],[[277446,640411],[25,-66],[13,-29],[-7,1],[-11,0],[-7,-1],[-1,11],[4,0],[0,9],[-4,9],[-12,60],[0,6]],[[279550,624609],[2,0],[3,0]],[[279555,624609],[6,0],[0,6],[4,0],[1,4],[2,0],[0,-11],[0,-2],[4,0]],[[279572,624606],[-1,-14],[5,0]],[[279576,624592],[10,0],[7,-1],[1,14]],[[279594,624605],[11,0],[0,14]],[[279605,624619],[7,0],[10,-2]],[[279622,624617],[0,-12],[5,0],[3,0],[31,0],[-6,39],[9,2],[2,-6],[0,-35],[23,0],[0,7],[15,-7],[10,0],[0,23],[6,-11],[14,8],[3,-20],[5,1],[1,1],[-1,126],[14,5],[8,-13],[8,10],[0,-103],[16,4],[5,-2],[3,-2],[7,-20],[2,12],[9,5],[16,0],[0,21],[56,0],[0,-25],[-7,0],[-2,-14],[26,0],[15,-3],[10,4],[44,1],[5,-27],[-2,-22],[7,-33],[7,-21],[9,-53],[16,0],[14,10],[0,20],[10,-4],[1,19],[19,-7]],[[280058,624495],[42,1],[0,13],[15,0],[-2,-45],[-9,-13],[-10,2],[-9,8],[-27,9],[1,-67],[5,6],[3,-21],[4,11],[1,16],[12,9],[5,-12],[13,-3],[10,10],[6,-11],[3,5],[1,15],[9,-5],[0,-67],[-3,-22],[5,-9],[3,-29],[-1,-31],[1,-12],[-5,-28],[-6,-18],[-2,-15],[3,-36],[-4,-10],[-16,-14],[-4,-24],[-3,-6],[0,-26],[-8,-17],[1,-17],[-10,-25],[-4,18],[-5,5],[-5,-9],[-3,-26],[0,-20],[-4,-14],[0,24],[-18,8],[-7,-13],[-6,3],[-4,14],[-3,-5],[-6,20],[-8,6],[0,15],[-6,-8],[-4,21],[-16,1],[-9,8],[-6,24],[3,24],[2,10],[9,-7],[7,1],[12,12],[8,43],[2,5],[-9,3],[3,-14],[-2,-9],[-6,1],[1,-13],[-8,-26],[-9,-1],[-11,8],[-3,10],[-10,0],[-11,23],[-6,1],[-7,14],[3,-35],[-1,-33],[7,7],[1,-40],[7,9],[0,-16],[5,-1],[4,11],[5,-1],[15,-41],[14,-13],[8,-1],[2,-10],[5,4],[9,-11],[4,-14],[-6,-34],[-10,-5],[-10,-15],[-21,-34],[-9,-18],[-9,-12],[-3,-12],[-3,10],[-7,-14],[3,-17],[6,-2],[7,16],[9,-22],[5,-43],[4,-23],[0,-29],[8,-45],[4,2],[3,23],[5,5],[-2,-39],[5,-22],[16,-3],[13,16],[0,-13],[5,-6],[10,0],[4,8],[-1,-19],[14,-32],[0,-25],[0,-176],[-2,-156],[60,4],[42,3],[59,-2]],[[280220,623258],[0,-167],[-14,-3],[-6,-42],[-5,-9]],[[280195,623037],[-10,-5],[-7,-20],[-8,-11],[-11,13],[-1,20],[2,11],[-2,22],[-7,5],[-5,-2],[-4,-20],[-9,-15],[-5,-25],[-7,0],[-4,-14],[-10,-11],[-4,0],[-7,17],[-3,1],[-4,-24],[-6,-23],[-1,-11],[-8,-4],[-9,-22],[-11,8],[-4,-1],[-13,-18],[1,-50],[-1,-15],[-4,-8],[-7,-1],[-15,28],[-6,19],[-7,4],[-15,-7],[-9,-11],[-12,-5],[-2,38],[-9,28],[-2,20],[1,30],[-4,23],[-40,2],[0,-40],[-15,1],[0,-127],[-12,0],[-4,25],[-1,15],[-4,31],[0,24],[-5,36],[-12,34],[-11,3],[-12,16],[0,13],[-12,22],[-5,26],[-6,0],[-9,24],[-4,-2],[-3,22],[-17,8],[0,-150],[-5,-7],[-4,-10],[0,-6],[2,-12],[2,0],[0,-7],[1,-8],[1,-11],[3,-5],[0,-49],[-1,3],[-2,1],[0,-8],[-2,-11],[-1,-2],[-1,-6],[4,-7],[4,2],[0,-49],[0,-11],[-1,-17],[-3,15],[-10,-5],[1,-36],[6,-16],[-1,-8],[-6,17],[-4,-22],[1,28],[-4,6],[-11,-13],[-3,-40],[-2,9],[-12,-12],[-1,-54],[21,0],[0,-41]],[[279746,622592],[-28,1],[-49,0],[7,21],[-6,0],[-5,11],[0,21],[-3,0],[0,82],[-2,3],[-8,0],[-5,-28],[-20,-66],[0,-20],[4,-22],[-40,0],[-8,0]],[[279583,622595],[8,14],[-3,37],[-7,3],[0,81],[-4,12],[-11,20],[-11,-10],[-1,7],[9,51],[2,20],[-7,23],[-18,14]],[[279540,622867],[2,57],[0,2],[7,83],[0,40],[-4,72],[-1,31],[-1,19],[0,402],[-2,31],[-4,29],[-14,50],[1,3],[-8,37],[-2,51],[-2,38],[8,-4],[6,13],[7,36],[4,1],[1,-11],[12,37],[3,11],[-3,9],[0,22],[4,0],[2,7],[0,7],[2,0],[1,28],[-3,6],[-6,0],[0,49],[6,0],[0,15],[3,0],[0,38],[-3,0],[0,25],[3,0],[0,4],[0,155],[0,15],[-8,0],[-3,0],[1,45],[-6,95],[5,5],[3,25],[0,33],[-3,0],[0,6],[0,20],[3,0],[0,12],[-4,15],[0,17],[1,23],[2,0],[0,35],[0,3]],[[279631,623501],[1,-1],[3,-3],[4,22],[-5,-1],[-1,-9],[-3,4],[1,-12]],[[284102,652510],[-1,171],[25,1],[21,0],[1,-255],[15,0],[2,22],[24,9],[18,10],[0,45],[25,0],[-1,20],[10,2],[0,-191],[50,1],[22,2],[1,-112]],[[284314,652235],[0,-58],[-29,-1],[-7,-79],[0,-18],[2,-190],[-2,-46],[-5,-46],[0,-41],[-133,-9],[-82,-5],[0,-3],[-74,-3],[1,-64],[-15,-1],[0,-20],[-10,0],[-8,33],[-13,-2]],[[283939,651682],[-1,28],[-17,-7],[0,30],[-20,-1],[-10,59],[-2,25]],[[283889,651816],[-5,85],[10,1],[44,2],[-1,264],[74,1],[45,1],[19,1],[0,7],[0,45],[1,75],[-3,6],[-18,-1],[0,37],[48,1],[-1,169]],[[280970,633503],[1,0],[19,0],[11,1],[16,42],[1,0],[5,0],[-5,-11],[0,-31],[9,0],[7,0],[15,0],[6,0],[8,0],[30,0]],[[281093,633504],[-28,-155],[7,-3],[-2,-11],[3,0],[7,-2],[-16,-84],[8,0],[-8,-28],[-1,-24],[0,-42],[0,-24],[0,-9],[0,-42],[13,0],[0,-31],[-13,-2],[0,-52]],[[281063,632995],[-4,0],[-10,0],[-20,0],[-24,0],[-1,0],[-6,0],[-8,0],[-12,-1],[-20,-1],[0,7],[-30,-3],[0,-5],[-3,0],[0,15],[-19,-8],[-5,-5]],[[280901,632994],[0,91],[4,-1],[-2,78],[-2,0],[0,119],[0,33],[1,22],[-6,3],[-13,-19],[7,25],[9,13],[11,-5],[1,-44],[7,-19],[5,7],[4,64],[6,23],[11,11],[12,3],[3,2],[10,12],[4,7],[3,14],[2,13],[-8,57]],[[277630,636334],[29,-2],[0,-29],[-5,-1],[-2,-30],[7,0],[0,-64],[-14,0],[0,22],[-5,0],[-10,-2],[0,106]],[[287527,636910],[4,0],[3,125],[20,-40],[4,-12],[0,-80],[-13,3],[0,-130]],[[287545,636776],[-15,106],[-6,5],[0,24],[3,-1]],[[287537,643192],[4,19],[0,43],[6,14],[9,-17],[20,1],[1,-45]],[[287577,643207],[0,-39],[-19,-1],[0,-11],[-1,-10],[-29,-3],[4,12],[1,33],[4,4]],[[281838,633937],[7,7]],[[281845,633944],[4,-23],[-11,-23],[-3,-21],[0,-40],[-12,0],[0,-32],[-5,1],[0,-19],[-4,-11],[-7,-5],[-10,-11],[-3,-11],[-7,2],[-1,-40],[-7,-1],[0,-4],[-14,-1],[-13,0],[-3,14],[27,51],[3,6],[4,8],[4,7],[6,19],[0,0],[-1,2],[0,1],[-6,7],[0,-3],[-7,14],[0,9],[0,15],[12,0],[10,-9],[0,28],[-7,0],[0,17],[2,0],[42,46]],[[285881,634208],[8,8],[-1,29],[-5,5],[19,3],[0,-25],[4,-60],[-10,-1],[-3,3],[-7,3],[-5,2],[0,33]],[[286150,633343],[3,78],[35,3],[2,-179],[-3,0],[-4,-21],[-7,-1],[0,-44],[-7,0],[-2,24],[-24,1],[0,20],[-1,18],[4,0],[-3,1],[0,14],[9,1],[0,23],[-14,57],[12,5]],[[278537,629399],[14,-26],[-3,-13],[-8,-2],[-5,-40],[-10,-19],[-9,18]],[[278516,629317],[8,58],[-1,16],[-1,8],[6,3],[-1,19],[10,-22]],[[277533,624123],[-1,-11],[0,-222],[-15,11],[-14,-9]],[[277503,623892],[0,210],[7,0],[1,11],[7,0],[0,10],[15,0]],[[283797,641655],[41,0]],[[283838,641655],[1,-85],[77,-1],[0,-84],[-77,0],[1,-160],[1,-11],[-73,2],[0,170],[30,-1],[-1,170]],[[283647,660156],[13,-13],[12,17],[5,-1],[0,41],[1,25],[2,18],[10,80],[4,24],[25,121],[5,43],[5,54],[6,63],[2,20],[1,11],[5,42],[8,86],[0,14],[1,17],[0,41],[-1,256],[0,24],[-2,14],[-2,18],[-6,49],[-4,17],[-1,6],[-4,20],[0,21],[1,13],[9,30]],[[283742,661327],[2,12],[3,33],[3,21],[2,9],[14,-10],[6,9],[3,-5],[1,12],[14,-8],[11,32],[9,16],[9,10],[12,36],[1,11],[-2,77],[4,34],[5,14],[15,-2],[-3,51],[0,8],[-2,29],[11,6],[2,10],[-3,22],[12,12],[-1,32],[6,0],[-2,14],[5,3],[3,-18],[6,17],[4,-5],[5,18],[-5,38],[3,13],[-5,5],[3,17],[-8,18],[5,29],[13,33],[-2,17],[6,8],[-2,20],[7,38],[-6,16],[12,43],[0,34],[6,5],[2,13],[30,-1],[0,86],[15,0],[0,86],[10,0],[0,44],[5,7],[0,16],[-2,18],[-15,1],[16,21],[16,-1],[0,-13],[30,-1],[0,34]],[[284031,662471],[67,1],[7,8],[2,-51],[29,85],[0,45],[1,30],[4,19],[7,0],[2,-28],[5,-5],[-4,-16],[-1,-7],[1,-7],[1,-9],[2,-5],[2,-3],[1,-8],[-1,-8],[-15,-14],[0,-17],[6,-10],[-3,-19],[4,-12],[-10,-12],[0,16],[-5,-2],[6,-35],[1,-17],[-9,1],[4,-11],[-2,-6],[-12,12],[0,-16],[-4,-14],[7,-1],[12,-40],[13,5],[9,20],[9,2],[0,-168],[11,0],[9,-22],[6,2],[13,-21],[3,-13],[7,15],[13,12],[-1,70],[58,2],[4,-48],[-15,0],[0,-83],[13,0],[-3,-24],[1,-14],[-26,-1]],[[284260,662049],[-12,6],[-14,-6],[1,-42],[-5,-14],[-3,-22],[4,-33],[-1,-18],[-7,1],[0,-54],[6,-27],[2,-8],[1,-250],[10,0],[0,-17],[5,0],[0,-62],[25,-1],[-1,-60],[-8,-2],[0,-23],[-7,1],[0,-43],[7,0],[0,-42],[23,-1],[1,-74],[-3,-11],[-50,1],[0,-81],[-3,-2],[-26,0],[-5,8],[4,-11],[6,-15],[-5,8],[-32,-3],[1,-68],[15,1],[0,-79],[-15,-1],[1,-37],[0,-9]],[[284175,660959],[-29,13],[-15,2],[-3,34],[-7,11],[-6,24],[0,-13],[-5,-20],[-1,-21],[-7,-23],[-7,4],[-3,-17],[-25,6],[-21,20],[-68,99],[-8,15],[-17,-26],[5,-16],[10,-10],[14,-68],[14,-23],[14,0],[7,-14],[0,-34],[-7,1],[0,-167],[0,-168],[-60,-1],[-4,32],[-12,29],[-30,-4],[1,-57],[0,-42],[-8,0],[1,-106],[8,-21],[13,-1],[-4,-1],[0,-18],[-7,-22],[-32,0],[0,7],[-5,-7],[-71,-2],[0,-42],[5,-15],[-1,-16],[0,-53],[6,-128],[6,-3],[0,-40],[10,1],[0,-21],[5,0],[0,-21],[15,0],[0,-42],[-15,-1],[-1,-84],[1,-85]],[[283831,659804],[-43,-5],[-7,-5],[-4,-2],[-7,-32]],[[283770,659760],[-14,0],[-2,3],[0,76],[-25,4],[1,13],[-9,28],[2,19],[7,9],[3,49],[-3,10],[-7,-5],[0,89],[12,2],[-1,84],[-13,-1],[-29,0],[0,-85],[-27,-1],[-33,-2],[-1,65],[6,38],[10,1]],[[286503,643535],[0,10],[2,5],[10,23],[21,1],[0,71],[2,43],[12,-8],[0,-58],[9,1],[-2,29],[9,21],[6,75],[5,25],[-13,35],[0,53],[4,-17],[8,3],[-1,14],[-11,19],[8,0],[21,0]],[[286593,643880],[0,84],[-34,-1],[-4,41],[0,31],[-16,1],[-5,28],[-1,65]],[[286533,644129],[30,1],[29,0],[0,171],[60,0],[0,-71],[20,15],[38,15],[0,120],[99,5]],[[286809,644385],[258,15],[1,-82],[4,-32],[13,-56],[42,0],[0,170],[52,1],[7,84],[1,-36],[7,0],[-8,-16],[1,-52],[14,-5],[5,-38],[14,-43],[11,-8],[6,4],[4,-6],[0,-20],[6,-12],[0,148],[34,0],[24,1],[34,1],[9,-18],[3,-22],[0,-42],[-3,-26],[0,-26],[-2,-10],[2,-24],[-27,-2],[0,-112],[3,12],[1,22],[4,26],[8,16],[6,-35],[2,-32],[7,-13],[1,-11],[-14,-41],[-56,-1],[0,71],[-6,0],[0,97],[-30,0],[0,-255],[16,3],[19,-3],[14,-3],[25,1],[0,-79],[44,1],[0,18],[6,15],[30,31],[4,16],[19,0],[0,-40],[16,40],[3,3]],[[287443,643980],[11,23],[9,8],[44,4],[10,10],[4,10],[5,24],[0,18]],[[287526,644077],[30,1],[1,-144],[-11,-10],[-6,-19]],[[287540,643905],[-115,-6],[-1,-84],[-2,0],[0,-60],[-5,0],[0,-12],[-7,0],[0,-12],[-14,1],[0,-43],[-30,0],[0,97],[-91,-225],[-16,0],[0,85],[30,0],[6,-6],[0,92],[-47,0],[0,163],[-61,-2],[-16,0],[9,55],[7,1],[0,23],[-38,-2],[-5,-78],[-38,-1],[-13,-11],[0,-19],[-15,3],[0,-14],[-9,-8],[0,-86],[-6,10],[-7,37],[-5,3],[-3,11],[-8,0],[-6,14],[4,30],[3,11],[-7,-4],[-10,5],[-9,16],[-10,0],[5,-18],[-2,-8],[1,-150],[1,-169],[0,-12],[0,-72],[0,-17],[0,-13],[-2,0],[0,-20]],[[287008,643410],[-3,1],[-2,-3],[1,-5],[1,-5],[-16,-3],[-9,0],[0,64],[-51,-2],[3,-84],[6,-18],[12,-36],[1,-75],[-32,57],[0,32],[-17,-1],[-7,14],[0,-20],[16,-27],[0,-43],[-2,-4],[-14,0],[0,-19],[16,4],[4,-7],[8,5],[0,-10],[0,-9],[-2,0],[-5,-4],[-4,-4],[-2,0],[-1,-20],[-14,0],[0,-34],[0,-12],[8,-8],[6,-6],[1,-71],[1,-61],[-15,-1],[0,-42],[-16,0],[0,-8],[-10,-2],[1,-25],[-5,0],[-1,-21],[-12,-21],[-25,-2],[-1,79],[-5,0],[-10,-8],[0,-55],[-6,-3],[5,-16],[-37,0]],[[286655,643093],[-2,0],[0,-60],[-40,0],[-17,-1],[0,26],[-29,0],[-6,15]],[[286561,643073],[5,22],[2,21]],[[286568,643116],[-32,-2],[-12,0],[1,84],[-11,0],[-50,-1],[1,43],[4,41],[-7,0],[6,22],[-6,16],[3,9],[2,35],[5,45],[0,21],[3,9],[0,19],[2,3],[2,-1],[2,-5],[1,-5],[2,-1],[2,2],[3,12],[6,5],[2,4],[2,14],[-2,24],[1,6],[4,1],[2,5],[-1,14]],[[286799,644272],[6,-28],[18,-23],[4,-15],[1,-44],[3,0],[7,-63],[23,1],[0,36],[-23,-1],[0,47],[5,0],[2,18],[7,-7],[-4,27],[-11,17],[-15,-11],[-1,37],[-5,19],[-4,-5],[-7,12],[-6,-17]],[[287118,644057],[6,-10],[-3,-28],[30,0],[0,-16],[13,1],[1,71],[-9,0],[5,72],[-3,-37],[-8,-35],[-29,3],[-3,-21]],[[286593,643880],[0,-36],[1,-136],[22,3],[22,0],[1,-84],[12,1],[0,-22],[-5,-18],[7,-35],[0,75],[6,12],[3,16],[9,10],[-3,32],[-5,0],[-6,34],[-4,9],[4,-7],[6,22],[0,41],[-10,0],[0,84],[-43,-1],[-17,0]],[[286568,643116],[43,1],[-1,170],[45,3],[-1,85],[2,1],[4,36],[10,0],[-2,46],[0,85],[-88,-4],[0,-169],[30,2],[0,-42],[-9,7],[-11,-12],[-1,-21],[-4,-19],[-4,-6],[-3,-19],[1,-35],[-3,-14],[3,-20],[-9,-26],[4,-19],[-1,-14],[-5,-16]],[[278217,620049],[-4,52],[15,8],[4,15],[16,6],[0,18],[11,34],[27,1],[0,-43],[11,2],[4,8],[0,79],[14,2],[0,-43],[6,0],[5,-20],[3,-48],[15,10],[0,191],[11,1],[-2,49],[3,82],[37,5],[2,47],[-1,15],[9,40],[-43,-2],[1,25],[-2,17],[43,2],[0,105],[1,227],[12,-17],[11,28],[0,36],[-23,1],[0,418]],[[278403,621400],[19,4],[0,23],[3,-11],[34,-5],[18,-23],[-14,15],[-7,-12],[-10,-4],[-3,-11],[1,-17],[-3,-15],[-9,12],[-11,3],[-1,-15],[7,-52],[12,-13],[1,-9],[-15,7],[7,-18],[19,0],[1,-20],[-5,-22]],[[278447,621217],[-5,4],[-2,-37],[-8,-23],[-3,-24],[-4,-3],[-3,-16],[2,-27],[8,-54],[0,-12],[-3,-55],[3,-10],[13,-6],[11,-28],[9,-59],[6,-12],[-8,-8],[-2,-30],[2,-16],[5,-25],[1,-20],[3,-29],[7,-22],[6,-5],[-6,-22],[-5,-10],[6,-5],[10,-22],[-9,-22],[0,-10],[-12,-59],[-5,-36],[0,-90],[-1,-95],[10,-48],[-3,-18],[15,-22],[0,-34],[4,-13],[-1,-24],[3,-68],[2,-17],[12,-34],[8,-41],[5,-13],[1,-17],[-1,-39],[8,-41],[-1,-18],[-2,-14],[-14,-5],[-10,-35],[-3,-3],[-1,-22],[-9,-10],[-1,-26],[1,-40],[14,-1],[8,0],[6,0],[25,-1],[32,-2],[102,-7],[39,-3]],[[278712,619713],[11,0],[0,-41],[-3,-64],[5,-33],[-4,-51],[-6,3],[-10,-25],[-7,-30],[1,-36],[1,-26],[-15,-1],[0,-45],[-14,0],[0,-43],[-19,0],[5,-18],[0,-69],[-13,-4],[-1,47],[-21,1],[0,-22],[-7,1],[-4,-26],[-10,-3],[0,26],[-5,17],[-9,8],[-8,-9],[-6,3],[0,-255],[-1,-52],[-14,7],[-5,-3],[-28,-49],[-8,-23],[-9,-38],[-7,-26],[-10,-24],[-7,-25],[-4,-30],[-4,-55],[0,-34],[-3,-31],[-8,-41],[-14,-52],[-6,-52],[1,-35],[11,-73],[1,-15],[-2,-27],[-4,-41],[-2,-21],[7,-30],[7,-27],[8,-15],[15,-6],[18,13],[6,15],[9,30],[12,21],[23,13],[7,-1],[10,-8],[3,-10],[13,-9],[7,-18],[1,-13],[-9,-3],[-5,-9],[-8,-33],[-8,-48],[-1,-23],[2,-38],[13,-57],[1,-22],[-3,-44],[1,-42],[-2,-33],[-1,-55],[-3,-29],[-15,-99],[-3,-44],[3,-10],[8,3],[14,-17],[13,-39],[18,-54],[11,-33],[14,-32],[17,-32],[7,-21],[6,-27],[4,-35],[0,-20],[-3,-27],[-6,-16],[-13,28],[-8,2],[-12,-16],[-13,-40],[-5,-24],[-2,-48],[3,-32]],[[278611,617164],[3,-33],[-4,-24],[-10,-32],[-11,-43],[-9,-15],[-20,-43]],[[278560,616974],[-7,-12],[-11,-8],[-11,-2],[-21,-20],[-14,-34],[-7,-27],[-2,-52],[-6,-23],[-4,-1],[-26,2],[-13,15],[-16,48],[-8,10],[-18,-9],[-7,-13],[-13,-40],[-4,1],[-13,11],[-5,12],[-7,22],[-6,64],[-28,0],[-11,-13],[-8,-28],[-3,-31],[2,-29],[-1,-20],[-8,-28],[-9,-16],[-7,-9],[-15,2],[-9,13],[-3,18],[0,69],[2,35],[-2,15],[-19,12],[-19,-3],[-16,-23]],[[278187,616882],[0,7],[-9,-3],[-17,25],[-15,41],[8,-5],[8,16],[6,18],[1,18],[5,14],[-1,9],[5,22],[7,12],[-3,26],[4,28],[-8,29],[3,14],[7,16],[1,11],[9,-4],[0,48],[9,14],[8,55],[-3,12],[6,8],[6,25],[-7,8],[2,27],[-2,17],[4,10],[-10,4],[-44,-2],[-1,68],[2,19],[-1,211],[10,-13],[9,2],[20,-19],[22,-27],[-6,44],[5,20],[14,45],[-1,16],[-6,13],[-5,22],[-7,9],[-4,18],[5,0],[-16,70],[-2,16],[1,17],[-2,28],[-5,39],[-3,14],[0,23],[0,132],[-12,0],[0,41],[-3,4],[0,77],[-3,17],[-2,32],[49,0],[1,173],[44,3],[0,39],[-44,85],[0,225],[-102,-24],[4,6],[11,3],[0,74],[-6,5],[-9,30],[-9,9],[-9,3],[-9,11],[-6,16],[-7,8],[-12,-12],[-6,-16],[-9,14]],[[278057,618992],[-7,17],[0,7],[27,0],[0,99],[4,0],[0,29],[14,-4],[15,0],[0,47],[4,1],[-2,12],[4,43],[-1,30],[24,3],[1,31],[-4,0],[0,35],[-9,0],[0,12],[-8,-9],[2,13],[-11,0],[1,163],[51,8],[0,85],[-7,-1],[0,87],[-7,-1],[0,30],[-5,0],[-1,55],[5,1],[0,28],[8,5],[0,-32],[29,2],[0,35],[-3,8],[-11,2],[0,82],[58,7],[0,86],[-7,41],[-4,0]],[[280058,624495],[0,124],[0,154],[-5,524]],[[280053,625297],[49,5],[-3,29],[1,26],[9,31],[-2,25],[2,32],[-13,-4],[-7,11],[-12,-29],[-5,6],[-1,16],[-9,16],[-10,5],[0,3],[-1,125],[5,-1],[39,23],[-4,3],[0,18],[-4,8],[-1,-19],[-4,5],[-7,26],[-3,-27],[-10,-10],[-5,17],[-1,-22],[-5,1],[-23,2],[0,52],[9,63],[5,-8],[5,4],[5,18],[13,-38],[4,33],[10,-5],[6,-17],[4,8],[15,-9],[10,6],[-3,-18],[15,19],[3,21],[10,20],[11,-6],[8,21],[3,6],[-16,38],[1,53]],[[280146,625879],[0,13],[6,-4],[0,33],[18,1],[0,46],[25,1],[0,129],[20,-1],[1,-46],[6,-14],[2,14],[29,-1],[0,-83],[21,1],[5,-27],[4,-3],[0,-59],[5,0],[0,-14],[-5,-16],[1,-53],[8,-1]],[[280292,625795],[-3,-1],[0,-10],[4,0],[0,9]],[[280293,625793],[5,-7],[6,-5],[14,5],[11,29],[9,-11],[-3,-17],[-14,-17],[-1,-13],[-7,-15],[-15,-8],[3,-33],[-3,-26],[7,-6],[8,1],[9,16],[14,16],[5,5],[12,15],[3,8],[1,70],[7,19],[12,9],[16,-7],[0,-29],[-3,-15],[-4,-8],[2,-10],[8,-4],[-2,-8],[11,8],[6,-22],[5,0],[0,23],[14,3],[4,37],[1,-15],[4,-27],[9,4],[1,-22],[14,-2],[21,13],[0,-2],[0,31],[-1,111],[30,5],[70,5],[8,-20],[3,20],[0,21]],[[280593,625918],[7,2],[0,15],[12,8],[5,-2],[4,13],[3,24],[6,-3],[0,-49],[15,1],[0,43],[15,-1],[4,-28],[11,-32],[0,-87],[15,2],[0,-68],[3,-27],[-4,-13],[-15,42],[-35,-2],[-8,-37],[-17,2],[-13,19],[1,-92],[2,-4],[57,3],[0,11],[9,8],[-1,12],[4,1],[5,-7],[-6,-18],[-20,-46],[-6,1],[-13,-20],[-3,-43],[8,2],[7,-8],[-1,-17],[2,-13],[5,0],[3,-14],[13,-8],[14,14],[9,14],[16,38],[1,32],[3,-18],[12,-1],[0,84],[23,4],[0,61],[6,27],[3,1],[1,0],[-8,19],[-4,27],[-8,10],[-8,-16],[-3,-23],[-6,-11],[-16,10],[-6,18],[-4,33],[2,33],[-4,23],[15,0],[0,40],[14,1],[0,47],[-7,0],[0,59],[2,28],[5,0],[0,43],[-28,-2],[-1,0],[-2,-1],[1,-42],[-30,-3],[1,-31],[-30,-7],[-1,78],[-15,0]],[[280614,626077],[-3,68],[0,58]],[[280611,626203],[3,0],[0,20],[8,7],[7,0],[0,-13],[14,1],[1,-11],[16,1],[-1,-40],[29,3],[0,-24],[9,0],[1,33],[-7,21],[1,34],[-2,52],[1,-1]],[[280691,626286],[3,-63],[5,-20],[2,-39],[-3,-20],[5,-2],[0,5],[15,2],[-1,131],[15,-1],[6,-6],[6,36],[0,22],[4,10],[1,-32],[0,-39],[-2,-11],[2,-344],[-15,-1],[0,-77],[17,-7],[1,-25],[9,-12],[-1,-32],[1,-17],[3,-2],[0,44],[27,2],[-1,84],[26,1],[1,-41],[72,6],[1,-169],[3,0],[0,-41],[29,1],[0,-128],[29,0]],[[280951,625501],[1,-84],[0,-88],[-99,-6],[-1,-32],[43,-94],[0,-40],[15,0],[0,-43],[-14,-1],[0,-94],[14,10],[0,-17],[14,-2],[1,21],[11,-1],[2,-19],[-1,-29],[12,5],[5,4],[1,-170],[1,-127],[34,3],[10,-7],[0,-35],[-7,-1],[0,-93],[5,12],[16,1],[0,8],[15,1],[0,21],[4,-5],[0,-32],[-5,-8],[-14,-4],[1,-84],[13,0],[-1,-18],[-4,-6],[-4,-21],[4,-14],[11,8],[19,-1],[0,-12],[-8,-18],[0,-12],[-23,-17],[-14,10],[-16,-17],[-7,-50],[2,15],[-1,42],[-17,22],[-12,41],[-14,20],[-6,29],[-10,9],[-9,23],[-7,5],[-8,-3],[-5,-33],[-11,-24],[-3,-42],[-6,-27],[-1,-18],[-6,7],[-15,-43],[-5,-7],[-10,-47],[-12,-1],[0,-63],[-15,0],[0,43],[-28,-1],[-2,7],[-12,-9],[-4,-35],[-2,3],[0,208],[-15,0],[0,-42],[-15,-1],[0,-86],[-14,-4],[0,-42],[14,3],[0,-20],[4,0],[-1,-23],[11,1],[17,-17],[-1,-13],[-14,18],[-15,-6],[-7,-12],[-10,0],[-7,6],[-5,-9],[-16,-13],[-5,-9],[-8,-4],[-3,7],[-11,-11],[-19,-6],[-10,-7],[-10,-47],[4,-23],[0,-19],[-6,-7],[-5,7],[-1,-26],[4,-13],[-4,-7],[-2,-17],[-7,-14],[0,-40],[2,-19],[-6,-26],[-6,-15],[-1,-26],[-12,-21],[-8,6],[-9,-17],[-9,-5],[-3,-11],[4,-14],[-2,-21],[13,-3],[1,-14],[-14,-2],[-10,-8],[-8,13],[-9,-5],[-1,14],[-10,-25],[-2,-15],[5,-20],[-3,-32],[-1,12],[-9,8],[-8,-19],[-3,22],[-5,14],[0,15],[-8,30],[-2,-23],[-5,-11],[-2,-16],[-6,-9],[-7,20],[-6,-9],[-1,-12],[-12,5],[-13,-15],[0,-55],[3,-10],[-8,-14],[-9,5],[-17,-8],[-4,3],[-2,-17],[-10,0],[2,-49],[-1,-18],[15,-3],[8,-11],[12,-1],[16,-16],[12,-4],[2,-45],[-4,-23],[-6,-17],[-1,-35],[-5,-13],[-6,-40],[1,-40]],[[280431,623263],[-154,-4],[-57,-1]],[[282912,634412],[7,0],[0,20],[0,27],[15,0],[17,-11],[0,-36],[-17,0],[-1,-42],[-14,-1],[0,36],[-7,7]],[[286483,649819],[20,41],[20,34],[0,-70],[-29,1],[-10,-9],[-1,3]],[[279999,659794],[18,32],[6,8],[3,-27],[-9,1],[0,-21],[-8,-50],[1,14],[-5,9],[0,22],[-6,12]],[[277663,650159],[30,1],[-1,267],[8,-20],[14,-10],[5,-13],[6,-29],[18,-17],[15,-27],[8,-2]],[[277766,650309],[-1,-11],[-11,-34],[-1,-103]],[[277753,650161],[-30,-1],[1,-85],[-61,-1],[0,85]],[[279032,652288],[2,4],[5,-43],[2,-23],[-2,-85],[-7,-1],[1,59],[0,5],[-1,16],[0,68]],[[277877,628988],[10,0],[0,-5],[-2,1],[-1,-37],[1,-22],[-9,2],[1,14],[-4,42],[4,5]],[[280745,662543],[16,3],[32,-28],[12,0],[0,-112]],[[280805,662406],[-60,-1],[0,138]],[[281158,664992],[0,136],[29,-1],[0,-51],[7,-20],[23,1],[0,-16],[60,-4],[1,85],[2,0],[13,-96],[0,96],[6,0],[31,-133],[10,-35],[118,-1],[1,170],[11,1],[19,13],[10,-12],[21,-1]],[[281520,665124],[-1,-169],[60,4],[-1,170],[62,5],[0,-171],[38,2],[0,83],[16,0],[-1,-41],[8,0],[1,146],[14,17],[2,9],[7,4],[20,1],[18,15],[1,19],[3,-18],[11,-1],[1,-28],[12,-8],[19,8],[15,10],[-1,-185],[10,-28],[51,2],[32,-1],[0,-43],[14,0],[-5,-5],[-30,-124],[0,-10],[-10,30],[-1,-190],[-1,-56],[-8,-1],[0,-21],[-21,-1],[-1,-6],[1,-79],[16,0],[-1,42],[15,0],[0,-42],[62,2],[0,-84],[40,-2],[5,10],[0,27],[16,0],[-1,47],[10,0],[9,-25],[43,-141],[61,-4],[0,-113],[18,2],[13,8],[0,-47],[6,-14],[7,1],[0,-11]],[[282174,664119],[-13,-1],[0,-19],[-15,0],[0,25],[-16,0],[1,-170],[-91,0],[1,-170],[-14,0],[-8,0],[-8,0],[0,41],[-31,1],[0,-42],[5,-60],[-4,-19],[-7,-17],[3,-33],[-2,-35],[-5,-5],[-80,-1],[1,-126],[0,-157],[-14,-24],[-5,-13],[-12,-12],[-7,1],[-2,38],[-8,-30],[2,-20],[10,0],[6,-21],[1,-148],[2,0],[0,-82],[-32,-2],[1,-275],[4,-20],[12,-29],[8,-2],[5,7],[1,-20],[4,-13],[5,11],[4,-20],[1,8],[9,-18],[6,9],[2,-11],[0,-33],[-19,5],[0,-21],[16,0],[0,-12],[-5,-2],[-1,-55],[-25,3],[0,-25],[-5,0],[0,-16],[-10,1],[0,-85]],[[281845,662405],[-30,1],[0,86],[-19,1],[-14,1],[-6,5],[-4,24],[-6,-2],[-6,-33],[2,-11],[-6,-11],[-7,-44],[-10,-11],[-1,115],[25,0],[6,12],[4,56],[-64,-1],[4,11],[-2,39],[-10,30],[-13,-10],[-3,-9],[-8,13],[-5,0],[-15,-24],[-3,15],[-13,24],[0,12],[-7,12],[-7,5],[7,7],[2,32],[-15,0],[-1,91],[-88,-4],[-1,69],[0,-69],[-60,-5],[1,-209]],[[281472,662623],[-13,0],[-1,11],[-6,1],[-10,-27],[-3,0],[-6,30],[0,22],[7,12],[3,18],[-14,2],[-4,-7],[0,63],[-16,0],[0,-41],[-12,0],[5,41],[-15,0],[0,-43],[-8,1],[0,42],[-45,-1],[0,44],[-15,0],[0,-20],[-13,-1],[0,58],[-18,0]],[[281288,662828],[0,44],[-16,0],[4,20],[2,25],[-8,15],[-7,24],[-5,0],[-30,-1],[-1,41],[-29,0],[-1,43],[-17,-1],[-1,28],[-11,0],[0,15],[0,45]],[[281168,663126],[43,-1],[0,41],[14,0],[-5,28],[-6,3],[1,23],[-7,35],[-2,32],[-10,12],[0,35],[29,1],[1,-85],[61,1],[-2,169],[-60,-1],[0,83],[7,1],[0,-26],[23,0],[0,-15],[15,0],[0,8],[15,0],[0,-18],[20,-2],[0,53],[10,1],[0,42],[-23,0],[0,45],[-8,7],[0,84],[-49,4]],[[281235,663686],[5,37],[-3,19],[2,7],[-7,20],[-9,-1],[0,40],[-1,126],[-4,503],[-1,180],[28,-1],[-6,18],[-6,-5],[4,7],[-3,12],[3,16],[5,11],[-1,23],[4,22],[-4,24],[4,13],[-7,23],[-5,-18],[-5,-5],[-3,34],[-10,21],[-6,-5],[-6,7],[-9,41],[-12,27],[-5,19],[2,31],[-5,8],[-6,-13],[0,-22],[-3,-9],[-6,9],[-2,45],[0,7],[-2,3],[-2,6],[-2,11],[1,6],[2,-3],[2,-4],[2,3],[0,13]],[[277292,619526],[-1,6],[0,10],[3,33],[4,11],[5,-7],[-1,-25],[3,-17],[8,-5],[5,6],[3,-34],[9,-16],[9,14],[1,24],[-3,17],[-5,10],[-10,2],[-7,15],[-1,14],[3,21],[9,29],[3,24],[5,17],[6,10],[4,-1],[7,-16],[6,-7],[8,8],[2,18],[-3,10],[-12,4],[-6,18],[1,36],[-9,21],[-15,46],[-2,29],[6,18],[10,-1],[5,-23],[5,-53],[2,-19],[10,-11],[5,9],[0,14],[-7,14],[-5,15],[-3,26],[-2,28],[1,29],[6,26],[10,37],[-5,23],[-7,9],[-9,-10],[-7,-23],[-6,-10],[-8,-6],[-10,11],[-6,35],[1,35],[2,27],[0,32],[4,24],[8,10],[20,3],[7,-9],[5,1],[7,24],[2,60],[-1,38],[-5,65]],[[277356,620299],[-3,32],[6,31],[-2,24]],[[277357,620386],[14,-4],[19,0],[22,-47],[0,26],[4,24],[5,7],[103,2],[4,2],[0,-23],[-58,2],[0,-68],[58,2],[0,-85],[-10,-28],[-18,-2],[-11,20],[-12,9],[-5,-25],[66,-147],[7,0],[16,106],[18,69],[7,0],[0,27],[14,58],[44,0],[0,26],[0,30],[3,-8],[11,13],[44,0],[1,-141],[0,-31],[1,-198],[-18,-35],[-11,0],[0,-129],[-29,-2],[1,-216],[-15,1],[-1,41],[-43,0],[0,-131],[117,-7],[57,-4]],[[277762,619520],[51,-5],[0,-76],[5,-10],[1,-84],[9,-24],[6,-53],[15,-8],[0,-255],[-30,2],[0,-170],[30,-2],[30,-1],[45,1],[0,-54],[-25,-13],[-14,-8],[-32,-10],[0,-85],[-3,0],[-31,1],[1,-85],[0,-20],[-1,-66],[1,-168],[51,0],[0,-21],[-7,0],[0,-105],[-15,-1],[0,-24],[-6,-19],[-3,-24],[-8,-8],[-1,-13],[-10,-11],[0,-199],[29,1],[-1,-43],[-10,-6],[-5,-12],[-4,-24],[-18,0],[-3,-26],[-6,-6],[2,-21],[-4,-24],[-10,-10],[-4,-15],[0,-18],[-4,-19],[2,-6],[-18,-14],[-1,-274],[6,0],[1,-23],[7,0],[0,32],[14,0],[1,-133],[-6,14],[-16,24],[-7,-4]],[[283408,627479],[31,2],[-3,9],[-2,32],[-6,19],[5,20],[10,4],[0,39],[5,0],[4,-20],[6,-25],[5,-27],[8,-15],[2,-14],[0,-21],[98,4],[-9,33],[3,36],[-5,18],[0,21],[-8,25],[-12,63],[-8,14],[-1,29],[29,0],[0,-84],[27,0],[-7,-35],[-8,-47],[-3,-3],[11,-36],[10,-14],[6,-19],[71,5]],[[283667,627492],[-3,-47],[4,-49],[1,-1],[14,5],[5,-14],[8,-5],[4,4],[10,-11],[1,-23],[-1,-210]],[[283710,627141],[-45,-2],[-3,-160],[1,-11],[31,4],[7,-6],[8,6],[-1,-260],[-13,4],[-7,-22],[1,-15],[0,-15],[-8,-2],[1,-16],[-15,-1],[-14,-16],[-6,1],[-4,14],[-12,8],[-5,9],[-44,53],[-11,0],[2,83],[17,1],[0,82],[15,0],[0,-82],[12,1],[1,-84],[42,-1],[-1,32],[6,8],[4,19],[0,56],[-2,17],[-8,13],[-54,107],[0,13],[0,35],[4,2],[-6,24],[-12,1],[-11,-11],[-4,4],[-11,-5],[-2,-8],[1,-21],[-5,-34],[-3,-27],[-4,-10],[-13,-1],[-6,7],[-10,1],[-14,-31],[-10,-1],[-8,33],[-5,3],[-13,-41],[-6,1]],[[283467,626900],[-7,11],[-4,25],[3,48],[-2,21],[-10,3],[-2,7],[-10,10],[3,23],[-5,13],[-14,72],[0,12],[-1,4],[-3,42],[-6,45],[-8,17],[-14,12],[0,4],[15,-2],[3,32],[-3,15],[-2,99],[5,28],[3,38]],[[285416,650493],[5,0],[-1,118],[7,53],[23,0]],[[285450,650664],[1,-426]],[[285451,650238],[-7,0],[-7,15],[-4,19],[-4,-2],[-14,20],[2,36],[4,18],[1,25],[5,36],[1,29],[-12,59]],[[285850,624317],[5,-11],[-1,-23]],[[285854,624283],[-14,3]],[[285840,624286],[1,33],[9,-2]],[[286143,633929],[0,-45],[-30,-3]],[[286113,633881],[-14,2],[0,99],[44,0],[0,-53]],[[278948,642167],[10,0],[18,0],[0,-44],[-28,-1],[0,45]],[[279144,628966],[1,-26],[16,0],[14,28],[19,27],[10,42],[5,-12],[125,-1]],[[279334,629024],[44,-1],[0,-85],[29,0],[-1,-117],[5,-52],[11,-1],[-1,170],[109,-2],[0,-86],[29,-5],[0,-37],[-2,0],[-1,-36],[6,-15],[0,-19],[24,9],[-22,-105],[10,-29],[2,-14],[12,-20],[16,-36],[3,7],[6,6],[6,35],[30,-1],[0,44],[13,-2],[0,47],[22,0],[0,20],[3,11],[9,1],[8,-6],[16,-1],[8,-9],[6,-18],[15,0],[0,43],[11,0],[1,128],[-26,0],[-2,105],[-13,1],[0,106],[29,-1],[0,28],[5,0]],[[279754,629087],[-1,-19],[10,-2],[0,121],[72,-2],[-2,-13],[1,-23],[7,-6],[1,-23],[11,0],[0,-22],[15,1],[-1,-125],[15,-1],[0,-41],[14,1],[0,41],[15,1],[1,109],[23,2],[0,16],[21,2],[0,12],[14,0],[0,33],[22,2],[0,-10],[7,-6],[0,-67],[15,1],[0,-21],[10,1],[2,64],[1,0],[-2,-63],[6,-73],[4,0],[8,-39],[2,-4],[6,-8]],[[280051,628926],[-2,-5],[1,-1],[1,-2],[-3,-21]],[[280048,628897],[-1,0],[-7,-70],[-2,-4],[-5,-8],[-13,-32],[0,-33],[-30,-64],[31,2],[4,0],[3,-1],[-5,-35],[0,-28],[6,-40],[-2,-17],[-61,-54],[-4,-22],[8,-19],[13,-23],[16,-1],[4,1],[8,1],[4,-11],[-2,-19],[2,-10],[6,7],[3,12],[8,-1],[7,-17],[7,17],[1,41],[8,15],[4,-8],[4,-42],[8,-2],[4,10],[3,40],[10,21],[5,6],[15,8],[16,27],[8,19],[11,1],[13,-22],[16,-2],[5,6],[5,18],[3,22],[-2,27],[1,18],[5,12],[11,-18],[3,6],[1,21],[-7,49],[0,30],[8,33],[4,1],[8,-18],[7,-4],[12,19],[6,28],[4,28],[1,40],[6,34],[4,4],[22,-18],[4,26],[-3,33],[1,25],[-1,21],[5,27],[9,0],[7,10],[1,17],[-8,30],[1,9],[7,-9],[6,3],[13,46],[-3,20],[-4,8],[-5,26],[4,31],[10,17],[11,-6],[20,11],[17,3],[17,20],[20,27],[4,30],[2,35],[-5,27],[8,-1],[2,25],[-10,23],[-5,25],[1,19],[4,36],[-5,38],[3,38],[-2,39],[13,1],[11,-24]],[[280429,629584],[0,-39],[0,-134],[0,-96],[7,19],[0,-8],[0,-37],[5,-4],[6,-69],[6,-45],[3,-5],[9,-2]],[[280465,629164],[-31,-104],[-5,-2],[0,-67],[-11,6],[-4,8],[-10,-28],[-12,7],[-3,-9],[1,-26],[-10,-29],[-4,-3],[-4,-21],[8,-12],[5,-25],[20,-3],[0,-12],[5,-3],[4,17],[7,3],[4,-8],[5,7],[0,-58],[0,-85],[-4,-1],[0,-146],[-7,0],[0,-17],[-8,0],[0,-82],[-15,-1],[0,-43],[13,1],[0,-42],[9,1],[9,4],[0,-173]],[[280427,628218],[-15,-10],[-10,26],[-5,23],[-9,7],[-20,-1],[-1,-32],[1,-149],[15,1],[0,-31],[14,2],[0,-102],[13,7],[12,33],[5,21],[0,-126],[0,-175],[0,-6],[-52,-4],[-8,-1],[-3,-41],[-19,-14],[-2,-39],[-6,-5],[0,-62],[-20,0],[0,-44],[-8,0],[-1,44],[-42,-3],[0,-56],[-3,1],[-1,-33],[4,-17],[-11,0],[0,-14],[-18,0],[0,-14],[-14,0],[0,-130],[14,1],[0,-43],[15,0],[0,-151],[-11,37],[-8,7],[5,-24],[1,-23],[5,-54],[1,-34],[3,-12],[0,-50],[-38,-1],[-3,2],[-97,-12],[-11,-13],[-11,-26],[-5,10],[-1,-57],[1,-175],[-17,-1]],[[280066,626655],[-42,-3],[1,-316],[-8,10],[-5,17],[-11,12],[-3,11],[-4,-1],[-6,17],[-5,-1],[-3,10],[-7,-2],[-5,9],[2,14],[2,56],[4,48],[7,32],[6,19],[4,33],[2,31],[-100,-7],[8,-14],[1,-13],[-7,-27],[-1,-29],[0,-20],[5,-16],[6,-45],[7,-5],[1,-10],[-3,-12],[-6,-6],[-7,-22],[3,-22],[-3,-34],[-5,-8],[0,-32],[-11,-18],[-5,3]],[[279878,626314],[-8,17],[-8,1],[-5,20],[-13,18],[-6,4],[-10,14],[-7,-10],[-8,7],[-6,-6],[-13,12],[-5,24],[-4,9],[-6,1],[-10,18],[-4,13],[-9,14],[-9,20],[-5,17],[-5,-10],[-9,-34],[-13,-28],[-11,21],[-11,14],[-10,36],[-4,12],[-6,25],[-5,8],[-10,3],[-2,24],[-10,-2],[-7,7],[-11,21],[-7,-7],[-4,-12]],[[279617,626585],[11,55],[-3,2],[-35,0]],[[279590,626642],[1,14],[-6,30],[-21,1],[-3,9],[0,50],[-13,4],[-2,38],[-13,43],[-1,49],[-5,-9],[-5,18],[-2,18],[3,8],[-11,4],[-1,15],[-8,-2],[0,57],[-24,4],[-4,7],[-1,40]],[[279474,627040],[13,-7],[22,-4],[6,24],[8,17],[12,11],[8,-10],[8,5],[3,9],[0,26],[-7,21],[-5,27],[1,22],[0,32],[38,115],[3,12],[1,34],[-11,-6],[-27,-2],[-1,9],[29,27],[1,104],[7,38],[0,43],[-29,1],[-5,-8],[-3,8],[-14,1],[0,235],[-15,0],[-1,23],[1,38],[-14,9],[-1,39],[-3,22],[-3,31],[-5,21],[-3,45],[-1,7],[-13,3],[-7,8],[-2,11],[-3,41],[-4,10],[-1,34],[5,22],[6,9],[6,45],[12,52],[0,37],[-5,38],[-30,31],[-8,20],[-21,8],[-59,-3],[-15,1],[-14,1]],[[279334,628427],[-1,85],[-29,2],[0,169],[1,8],[29,-1],[0,80],[-51,0],[0,42],[-7,0],[0,85],[-15,1],[0,-44],[-29,1],[0,-77],[-11,-3]],[[279221,628775],[0,16],[-1,2],[-7,0],[-1,-36],[5,0]],[[279217,628757],[0,-60],[-1,-12],[44,0],[0,-4],[0,-167]],[[279260,628514],[-122,0],[-2,17],[-6,-8],[-1,10],[3,25],[-6,14],[-1,13],[-5,-2],[-5,10],[2,38],[2,11],[-6,18],[-6,-2],[-3,27],[-30,-1],[0,94],[7,-7],[6,15],[3,16],[-1,30],[5,11],[10,-4],[2,33],[8,-13],[6,7],[-3,15],[11,34],[-8,20],[4,9],[14,-4],[-2,9],[8,17]],[[280652,633502],[15,35],[7,4],[2,21],[9,8],[4,30],[3,52],[-6,21],[8,0],[23,1],[1,0]],[[280718,633674],[6,1],[0,-64],[-7,0],[0,-68],[37,1],[0,-2]],[[280754,633542],[0,-26],[-3,0],[-5,21],[-19,-2],[-2,-31]],[[280725,633504],[-9,0],[0,37],[-22,-1],[0,-37],[-22,-1],[-10,20],[-9,-20],[-1,0]],[[283927,618519],[-6,6],[4,24],[5,18],[16,-51],[27,-46],[13,-26],[15,-39],[2,-13],[1,7],[23,-99],[5,-23],[4,10],[7,9],[13,3],[-6,4],[-4,16],[0,51],[-5,25],[0,13],[6,22],[-5,28],[1,10],[9,-11],[6,16],[10,0],[2,37],[-11,-1],[-13,9],[-9,-5],[-18,6],[-3,10],[0,20],[9,-9],[15,37],[12,12],[7,48],[5,22]],[[277062,652644],[30,-2],[30,-1],[33,8],[26,19]],[[277181,652668],[1,-9],[0,-39],[-16,1],[-2,3],[-18,-70],[-3,-19],[-3,-41]],[[277140,652494],[-5,0],[1,-28],[-14,-8],[0,-7],[1,-42],[0,-73],[0,-53],[0,-40],[1,-91],[0,-40],[-3,0]],[[277121,652112],[2,15],[0,7],[-44,1],[-4,0],[-12,0]],[[277063,652135],[0,64],[0,21],[0,21],[0,43],[0,85],[0,17],[-1,25],[0,25],[0,81],[0,21],[0,28],[0,78]],[[281288,647849],[8,-1],[0,5],[14,1],[1,-46],[-3,-5],[-10,0],[-2,5],[0,31],[-29,31],[21,-21]],[[278271,650240],[50,-2],[0,95]],[[278321,650333],[10,26],[8,49],[42,-2],[0,-168],[120,-4],[-1,-169],[29,-1],[115,0]],[[278644,650064],[36,-1],[121,-1],[-1,-167],[0,-9],[-1,-162],[93,-4]],[[278892,649720],[-7,-20],[-39,-89],[-69,-259],[-97,-139],[-22,-15],[-6,-2],[-14,-11],[-35,9],[-11,-33]],[[278592,649161],[-16,-25],[-22,-13],[-16,-2],[-30,-13],[-10,-15],[-11,-36],[-28,-29],[-15,-15],[-7,-12],[-13,-9],[-34,-64],[-22,-37],[-16,-11],[-30,-96]],[[278322,648784],[2,144],[0,115],[-1,5],[0,173],[-1,81],[-1,767],[-24,1],[-1,22],[-5,74],[-20,74]],[[283472,616905],[60,231],[7,24],[32,93],[-1,20],[-4,24],[2,14],[-1,37],[3,27],[-8,12],[-5,18],[1,26],[-7,22],[-3,25],[0,11],[-4,29],[-1,30],[-12,21],[-3,14],[-5,6],[-7,41],[3,29],[-4,28],[0,45],[-4,27],[-14,39],[-5,7],[4,70],[1,30],[4,2],[11,-22],[11,-2],[9,-26],[3,-23],[1,-22],[11,-5],[5,3],[12,25],[5,4],[6,19],[7,13],[5,-10],[7,-25],[-2,10],[-7,23],[-3,3],[0,19],[-5,42],[5,3],[7,17],[2,38],[3,19],[1,18],[-7,31],[-4,38],[-25,17],[1,13],[-10,36],[-1,46],[-3,7],[9,22],[11,4],[7,23]],[[283573,618265],[3,36],[9,3],[11,35],[-3,-25],[-1,-25],[-3,-27],[4,-32],[6,-10],[5,-22],[9,-14],[8,-20],[5,-24],[-1,-28],[2,-7],[0,46],[-5,26],[0,7],[11,14],[3,-27],[14,-14],[12,24],[4,1],[0,15],[5,7],[0,-20],[3,23],[-2,22],[9,5],[3,-20],[13,-51],[13,19],[6,23],[15,-27],[14,-51],[7,8],[5,17],[11,26],[1,30],[8,15],[11,-8],[5,-14],[9,-8],[-16,-53],[-7,-55],[-6,-24],[-4,-27],[0,-41],[-4,-37],[-5,0],[-10,17],[-6,-10],[-28,22],[-11,-151],[1,-17],[71,32]],[[277601,652105],[30,0],[0,-166],[0,-53],[-15,18],[-5,2]],[[277611,651906],[-26,33],[-43,-1],[0,56],[-13,15],[2,39],[-4,58],[74,-1]],[[281366,637683],[3,0],[0,-7],[4,0],[0,-1],[1,-13],[-8,0],[0,21]],[[280327,630346],[15,-3],[0,-22],[-2,-6],[-4,-10],[3,-22],[-5,0]],[[280334,630283],[-5,3],[0,42],[-3,8],[0,0],[1,10]],[[282336,632541],[60,0],[0,-85],[30,1],[0,170],[30,0]],[[282456,632627],[0,-424],[29,3],[0,-85],[0,-89],[3,-100],[-3,-2],[1,-64]],[[282486,631866],[-30,-1],[-89,-4]],[[282367,631861],[0,56],[-59,-8],[-2,632],[30,0]],[[279221,628775],[0,-5],[-4,0],[0,-13]],[[278069,631018],[1,167],[2,308],[0,29],[0,173],[-22,1],[-5,11],[2,15],[17,33],[-5,20],[2,9],[9,0],[2,0],[1,29],[17,9],[2,-1]],[[278092,631821],[-2,-10],[1,-28],[185,-10],[5,-18],[19,-16]],[[278300,631739],[-2,-115],[6,-34],[111,-1],[-1,-202],[12,4],[4,13],[5,-7],[5,8],[6,-1],[4,13],[-1,11],[8,13],[8,-4],[3,10],[8,8],[-3,18],[8,9],[14,-56],[5,-23],[8,-69],[2,-24],[3,-67],[44,-2],[0,-80],[1,-8],[-1,-78],[-15,-4],[0,-80],[2,-3],[56,-2],[0,36],[9,19],[1,27],[9,2],[11,33],[14,33],[2,14],[12,0],[1,84],[-15,1],[16,73],[3,23],[11,195],[0,-15],[15,7],[15,0],[0,31],[5,0],[-1,16],[6,5],[18,0],[12,-9],[2,-14],[0,-315],[80,-2]],[[278826,631230],[-6,-66],[6,-5],[1,-21],[-3,-12],[-5,3],[-3,-8],[1,-18],[7,-5],[-9,-16],[-3,-26],[-6,-2],[-12,-21],[-3,-18],[-10,-16],[3,-25],[-2,-20],[-6,-3],[-6,-19],[-6,-3],[0,-31],[-7,-6],[-3,-18],[6,-33],[-7,-52],[-8,-7],[-10,-14],[-5,-18],[-9,0],[-4,-11],[-1,-12],[-5,-25],[4,-22],[-8,-25],[4,-18],[-6,-1],[-8,12],[-8,-41],[13,10],[0,-23],[14,-32],[-1,-42],[-13,1],[-1,-75],[15,-1],[13,16],[15,24],[-1,-179],[-19,2],[-1,-38],[3,0],[1,-46],[5,-14],[11,-8],[18,-19],[20,-28],[13,6],[5,26],[6,12],[6,22],[16,10],[6,15],[12,7],[5,-10],[7,10],[1,-34],[-2,-5],[0,-127],[3,0],[0,66],[41,-1],[0,-20],[14,0],[0,59],[9,0],[0,-59],[32,-1],[0,-57],[2,-7],[0,-245],[-21,-23],[0,20],[-15,1],[0,-27],[-7,0],[-7,8],[2,-19],[-10,-6],[0,17],[-34,1],[0,-57],[-10,-6],[3,-18],[2,-1],[-1,-2],[6,0],[6,-14],[0,-242],[43,-2],[0,-64],[74,86],[0,-23],[6,-3],[-7,-83],[15,-1]],[[279002,629364],[-1,-85],[-13,-1],[-1,-83],[44,0]],[[279031,629195],[0,-55],[-20,-13],[-16,-14],[-66,-71],[0,156],[-56,2],[0,38],[-2,8],[0,89],[-73,-60],[-21,-12],[-36,-36],[1,146],[-9,5],[-20,-1],[1,70],[-10,-24],[-4,-22],[-4,6],[-4,-11],[-7,3],[-4,16],[-7,1],[-7,70],[-9,76],[-7,-11],[-16,15],[-6,0],[-12,-31],[-16,-22],[-3,-23],[-8,-22],[-6,-6],[0,-29],[-4,1],[-13,-22],[-30,-13]],[[278516,629317],[0,-12],[4,-17],[11,-76],[1,-20],[-3,-28],[-5,14],[-6,-1],[-7,6],[-10,-5],[-5,23],[-6,13],[-3,17],[-3,-51],[-4,-5],[-8,7],[-10,-6],[-6,-14],[0,-16],[-8,-11],[1,-20],[-3,-22],[-9,-35],[-13,-5],[-18,4]],[[278406,629057],[-6,2],[-20,35],[-9,1],[-8,-30],[-3,-2],[-5,35],[-8,14],[0,16],[-4,40],[-10,-4],[-2,-1],[-3,3],[-3,40],[-4,63],[0,53],[-21,-68],[-4,24],[-4,0],[0,115],[-40,0],[0,85],[-9,0],[0,33],[-4,0],[0,25],[-10,0],[0,19],[-5,8],[-13,2],[-1,82],[-39,1],[-1,-29],[-16,-5],[-1,-31],[-7,-1],[-22,15],[0,99],[-15,3],[0,43],[2,42],[5,1],[1,38],[-35,-45],[-17,-11]],[[278065,629767],[1,317],[-58,1],[0,160],[30,-1],[0,87],[-16,34],[1,21],[1,74],[-5,18],[-3,29],[-4,3],[-3,26],[0,58],[59,-2],[1,168],[0,44],[0,214]],[[285724,624141],[2,1],[1,-46],[2,-12],[4,-114],[0,-31],[11,-3],[0,45],[13,-3],[2,-9],[2,-1],[3,-2],[7,-2],[7,-2],[7,-1],[5,1],[-1,-14],[2,-7]],[[285791,623941],[2,-24],[-2,-32],[-9,-3],[2,-8],[2,-10],[2,-41],[-1,-60]],[[285787,623763],[-7,1],[-9,15],[-30,47],[-12,20],[-7,5]],[[285722,623851],[0,16],[-1,9],[-3,7],[-2,11],[3,55],[-3,73],[4,42],[4,22],[1,22],[-1,33]],[[285962,624649],[19,-1],[2,46],[1,33],[0,29],[-4,1],[1,10],[4,-1],[3,1],[8,-2],[1,11],[-5,39],[6,2],[24,-6],[7,-2]],[[285946,624522],[0,34],[-1,9],[0,9],[-6,5],[3,18],[13,-2],[-1,15],[7,0],[1,31],[0,8]],[[285848,624440],[7,-6],[4,26],[1,17],[14,28],[4,11],[0,22],[-6,4],[2,20],[13,-3],[3,-4],[1,35],[18,0],[0,9],[2,52],[-4,9],[4,-2],[1,39],[-3,3]],[[285909,624700],[-7,20],[6,-2],[17,-5],[5,-4],[23,-38],[4,-7],[5,-15]],[[285946,624522],[-3,1],[1,-13],[-1,-21],[-8,-34],[-5,-28],[-8,-18],[-8,-16],[-6,-21],[-1,-8],[0,-15],[1,-13]],[[285908,624336],[-1,-5],[-2,-9],[-6,-17],[-16,-29],[-5,-16],[-11,0]],[[285867,624260],[-13,6],[0,17]],[[285850,624317],[-3,24],[-8,7],[1,51],[2,26],[7,5],[-1,10]],[[287326,634964],[-2,13],[-11,7],[1,19],[2,0],[0,12],[0,23],[2,0],[5,27],[5,-1]],[[276463,637532],[-1,-237],[0,-186]],[[276462,637109],[-1,-93],[0,-155],[0,-36],[-1,-143],[0,-21]],[[276460,636661],[0,-43]],[[276460,636618],[0,-25]],[[276173,637460],[-1,56],[44,2],[1,-44],[2,-1],[8,1],[-1,45],[5,0],[232,13]],[[285137,652137],[0,41],[6,1],[0,-15],[2,0],[0,9],[0,6],[4,0],[0,-30],[-4,-9],[0,-30],[-1,-1],[-1,0],[0,-15],[-9,0],[3,43]],[[288116,648155],[-25,-1]],[[288045,648274],[-59,22],[0,113],[-30,-1],[0,254],[-49,1],[7,29],[9,21],[4,17],[-1,75],[-25,-38],[-6,-2],[1,67],[-61,0],[-1,167],[-9,0],[-53,-1],[-1,169],[-36,0],[6,14],[10,36],[-3,10],[8,42],[3,-3],[4,31],[-3,40],[-14,0],[-1,-12],[-20,-44],[-5,8],[-9,-31],[0,78]],[[287711,649336],[-1,170],[0,171],[16,0],[6,42],[4,0],[0,10],[19,0],[0,118],[14,3],[0,84]],[[285636,638216],[0,-20],[1,-111],[-17,0],[0,55]],[[285620,638140],[0,51],[10,0],[0,25],[6,0]],[[276092,635370],[15,0],[14,1],[-1,42],[3,0],[0,-10],[6,11],[0,-38],[-2,-1],[0,17],[-4,0],[0,-18],[13,-3]],[[276170,635220],[-4,-23],[0,-61],[-6,-20],[-29,-1],[-4,0],[-5,0],[0,21],[-1,-17],[-12,-4],[-2,0],[-2,0],[-4,-1],[-35,0],[0,90]],[[276136,635376],[0,38],[-4,0],[0,21],[4,0],[-1,64],[-4,0],[0,27],[-4,16],[-5,0],[0,-43],[2,39],[2,-39],[2,-49],[-8,-8],[0,13],[-1,87],[0,15],[5,24],[8,41],[-2,1],[-9,13],[-2,0],[-3,-10],[-17,7],[-7,2],[-26,1],[-1,-58]],[[275930,635627],[-6,0],[0,85],[6,0],[5,25],[-7,13],[-29,46],[-14,21],[0,14],[4,19],[5,1],[3,-14],[8,-4],[11,18],[-1,45],[7,-1],[0,-13],[6,0],[3,13],[0,-28],[15,-4],[-1,48]],[[286078,651007],[19,0]],[[286097,651007],[38,2],[25,-2],[21,2],[20,-1],[2,0]],[[286203,651008],[-14,-13],[-7,-2],[0,-28],[-4,-4],[-1,-30],[3,-87],[-73,0],[0,115],[-18,10],[-10,36],[-1,2]],[[286617,632253],[-17,-2],[-1,81],[3,51],[-33,0],[-1,28],[-8,0],[-33,-2],[-25,-1]],[[286502,632408],[0,20],[4,0],[-1,35],[-3,1],[-1,26],[0,16],[0,71],[0,9],[9,13],[-1,53],[12,3],[0,-8],[3,0],[2,1],[2,39],[7,5],[0,-17],[9,12],[-5,18],[34,31],[1,1]],[[275961,638021],[2,-172],[-60,5]],[[275903,637854],[-2,167],[60,0]],[[285871,653364],[-9,-1],[0,87],[-5,0]],[[285857,653450],[0,27],[14,6],[0,-25],[5,-1],[0,-7],[18,0],[2,0],[-21,-38],[-4,-8],[0,-40]],[[285452,650183],[17,-5],[36,-14],[8,-13],[58,-21],[1,-141],[-60,-1],[0,-341],[-1,-169],[2,-169],[-1,-338]],[[285512,648971],[-60,-1]],[[285452,648970],[-1,317],[-5,2],[-3,14],[-50,3],[-1,100],[-60,10],[-2,569],[64,1],[-1,13],[-1,201],[60,-17]],[[286579,651161],[24,-26],[1,21],[5,1],[0,31],[0,67],[6,-24],[12,-26],[9,0],[8,43],[8,6],[-17,-71]],[[286635,651183],[-19,-43],[12,0],[-4,-18],[12,-7],[3,-79],[-1,12],[-18,-6],[-9,2],[-2,32],[-19,0],[-4,15],[-7,4],[0,66]],[[285223,624361],[5,-2],[1,-14]],[[285229,624345],[-11,-9],[-2,-28],[7,-14],[-2,-9],[16,-31],[4,-2],[6,-22],[-4,-9],[13,-44],[0,-13],[-6,-17],[-13,39],[-7,1],[2,18],[-13,32],[-20,-27]],[[285199,624210],[-6,26],[-14,52],[-14,35],[-5,11],[-4,11],[-1,1]],[[285155,624346],[0,19],[1,15],[67,-19]],[[285234,628787],[77,5]],[[285311,628792],[0,-85],[-56,-6],[0,66],[-13,0],[-8,5],[0,15]],[[285324,628793],[-3,54],[3,45],[-1,72],[0,16],[6,9],[11,7],[0,32],[20,0],[0,50],[21,0],[0,-50],[28,0],[0,-29],[18,0],[1,-19],[8,1],[5,-17],[25,-1],[-13,15],[-10,8],[-2,6],[-5,61],[6,-5],[-3,26],[0,45],[-8,25],[9,-16],[3,-18],[13,-1],[1,-39],[3,0],[6,18],[14,-12],[6,-1],[0,-26],[35,1],[-3,-16],[7,-13],[13,2],[0,-58],[36,0],[1,-7],[3,0],[0,-9],[20,0],[0,-13],[8,-1],[0,-29]],[[285647,628400],[21,-84],[8,-33]],[[285636,627209],[4,-47],[4,-20],[3,-52],[-4,-41],[-3,-18],[-6,-31],[-7,-27],[-3,-14],[-7,-53],[-6,-19],[-19,-43]],[[285592,626844],[-14,-30],[-5,-18],[-3,-16],[-3,-21],[2,-22],[3,-33],[-2,-31],[0,-7],[-13,-16],[-18,-22],[-16,1],[-11,1],[0,-18],[-5,-19],[7,-73],[0,-53],[7,-48],[2,-25],[-10,-1],[-8,7],[-11,32],[-9,7],[-17,-13],[-1,28],[-5,8],[-2,16],[3,15],[-7,2],[-11,-11],[0,-26],[-17,-4],[-2,-6],[-11,-36],[-4,0],[-21,0],[-17,4],[-6,-24],[0,-27],[4,-30],[3,0],[2,-16],[14,12],[19,-84]],[[285409,626247],[-31,-3],[-15,1],[-30,-94],[-16,-43],[-4,-18],[-2,-38],[-8,4],[-15,-7],[-22,-19],[-7,2],[-15,15],[-12,0],[-72,-40],[-4,-17],[-11,0],[0,33],[9,6],[3,14],[-3,17],[3,18],[-4,33],[2,19],[-3,11],[0,34],[-4,19],[4,50],[-41,0],[-18,0]],[[285093,626244],[3,22],[-2,21],[2,23],[5,24],[1,36],[-6,13],[1,45],[-7,13],[-7,37],[3,21],[-2,6],[0,10],[28,-1],[0,110],[15,1],[0,42],[13,0],[1,28],[0,41],[-7,0],[0,16],[7,0],[0,85],[-14,0],[1,47],[-8,1],[0,26],[-4,10],[-3,1],[0,85],[-7,-1],[-13,-50],[-8,2],[0,113],[26,1],[0,18],[2,0],[1,163],[-67,1]],[[285047,627254],[0,449],[13,-24],[0,21],[11,-9],[9,0],[19,12],[16,-11],[7,-37],[10,-32],[4,-22],[12,-18],[-2,36],[3,34],[6,43],[8,37],[3,27],[61,0],[0,242],[1,98],[16,1],[16,-61],[12,-66],[16,0],[-1,212],[57,1],[0,77],[-3,11],[0,99],[19,-12],[14,-2],[10,16],[15,2],[9,-12],[8,-18],[11,-39],[0,-11],[-2,-30],[34,6],[-2,116],[60,3],[2,-59],[-1,112],[-4,0],[0,23],[-17,3],[0,36],[5,0],[0,22],[-14,0],[0,69],[29,0],[1,52],[-9,53],[-23,87],[-101,2],[0,-27],[-3,-29],[2,-27],[-14,-6],[0,29],[-21,-1],[-1,26],[-14,0],[-1,27],[-7,8],[-2,0]],[[285018,624802],[4,0],[0,29],[32,0],[-1,-57],[0,-47],[-4,18],[-19,-4],[-12,-1],[0,62]],[[285329,623866],[7,15],[7,11],[24,1],[10,-6],[4,3],[3,2],[2,-1],[23,-43],[7,-33],[-5,-4],[-5,-20],[-15,20],[-29,31],[-25,10],[-9,9],[1,5]],[[287041,655049],[9,-10],[11,7],[9,-9],[11,3],[6,13],[12,-13],[4,9],[1,-71],[-9,1],[0,30],[-53,-4],[-1,44]],[[277939,634181],[3,0],[0,-39],[-15,0]],[[277927,634142],[-1,40],[13,-1]],[[278827,640065],[15,-1],[-1,17],[4,0],[0,18],[32,4],[9,7],[47,75],[0,-5],[-74,-116],[2,0],[-11,-17],[0,-43],[-3,0],[-2,-28],[-3,32],[-2,26],[-7,-10],[-2,27],[-4,14]],[[283299,625101],[0,-8],[6,1],[1,-3],[-1,-11],[5,-1],[6,-7]],[[283316,625072],[-22,0],[0,-40],[-11,0],[3,-22],[-2,18],[-2,22],[-1,30],[1,27],[-1,12],[3,-19],[15,1]],[[281985,616114],[3,0],[8,37],[5,-9],[18,31],[5,37],[-13,53],[11,19],[4,42],[22,48],[-2,9],[-19,79],[-8,19],[43,92],[28,-113],[3,13],[-9,41],[-2,23],[-5,3],[-10,42],[-4,-6],[-5,23],[-14,9],[-3,30],[-8,14],[3,17],[0,25],[5,30],[-1,10],[4,44],[3,18],[-2,29],[1,27],[8,35],[-3,52],[-3,7],[8,15],[-2,26],[-27,-56],[-17,70],[-7,-14],[-15,70],[-3,49]],[[281985,617104],[-4,24],[7,20],[2,24],[6,31],[-1,42],[2,7],[17,-37],[4,-29],[10,13],[22,-23],[4,25],[5,10]],[[282059,617211],[6,-29],[14,-30],[13,-54],[10,-12],[32,69],[8,-33],[14,29],[4,-16],[-37,-78],[21,-87],[-3,-16],[10,-44],[10,-50],[6,14],[6,28],[1,37],[8,14],[1,20],[-2,17],[2,21],[9,38],[0,15],[20,40],[6,-25],[-20,-43],[25,-112],[6,11],[1,31],[3,1],[15,13],[18,-23],[13,-44],[10,21],[5,-19]],[[282294,616915],[-3,-30],[5,-24],[7,-5],[-2,-16],[5,-5],[2,-1],[0,-22],[3,-8],[7,15],[6,-11],[9,-8],[1,-22],[3,-8],[1,35],[-6,27],[-9,-3],[-9,20],[-1,18],[5,22],[16,-29],[6,8],[0,19],[-4,9],[-8,31],[-2,20],[3,7],[13,-11],[5,8],[5,-17],[1,13],[5,13],[2,27],[-11,40],[10,1],[8,16],[10,-4],[5,11],[2,-5],[65,-264],[8,43],[6,15],[10,39],[10,14],[21,55],[-8,37],[18,31],[2,-8],[2,6],[-53,216],[28,59],[5,8],[9,-1],[6,-7],[-7,28],[27,58],[4,-11],[13,27],[43,-173],[33,-134],[-41,-86],[-11,48],[-63,-130],[10,-37],[5,15],[15,-63],[7,14],[6,-23],[5,10],[3,-12],[11,23],[3,-9],[5,10],[3,-11],[4,7],[17,-69],[11,23],[-8,31],[13,29],[-3,12],[5,18],[8,18],[-10,44],[25,56],[-16,66],[6,1],[0,16],[106,3]],[[282742,617088],[56,0],[0,10],[9,17],[7,3],[10,18],[0,30],[4,15],[8,6],[4,-5],[7,6],[4,-36],[10,-9]],[[282861,617143],[1,-13],[-7,-38],[-2,-37],[-4,-2],[1,-28],[11,-20],[-3,-26]],[[282858,616979],[-19,-61],[-6,-20],[-13,-106],[-6,-72],[-5,-31],[-18,-90],[-8,-39],[-23,-75],[-19,-32],[-14,-23],[-19,-28],[-28,-41],[-42,-28],[-12,-5],[-32,-14],[-31,-3],[-12,-6],[-27,-3],[-34,-29],[-18,-29],[-17,-29],[-23,-50],[-16,-70],[-26,-99],[-7,-44],[0,-25],[-5,-42],[-6,-52],[-19,-117],[-9,-78],[-2,-27]],[[282342,615611],[-1,25],[-7,14],[-6,23],[-4,6],[-6,-2],[-2,-3],[-3,-4],[-1,-4],[-3,1],[-3,1],[-5,-2],[-1,-4],[-3,0],[-3,5],[-2,-1],[-4,-10],[-4,7],[-3,1],[-3,-4],[-1,-9],[-4,-12],[-4,-1],[-2,-2],[-2,-4],[-1,-7],[1,-16],[4,-1],[5,-24],[-15,-28],[-13,56],[-8,27],[-11,-19],[-12,51],[-2,8],[-4,19],[-2,8],[-3,-34],[-4,-66],[-5,-42],[-3,-15],[-7,-21],[-9,-29],[-9,-28],[-13,-89],[-13,51],[-3,-8],[-10,-27],[-14,60],[-9,8],[-5,-3],[-3,-3],[0,-17],[-5,-3],[-3,-13],[-3,11],[-2,-28],[-4,-9],[-4,-32],[2,-12],[-7,-5]],[[282071,615352],[-1,21],[-9,16],[-14,55],[-9,24],[-6,29],[3,2],[11,-18],[13,-29],[2,1],[1,21],[7,72],[8,38],[0,30],[-10,26],[-7,10],[-6,2],[-3,28],[-5,20],[-11,28],[-1,10],[0,80],[-8,20],[0,25],[-4,-6],[-7,4],[-9,12],[-2,6],[0,51],[-10,51],[-6,22],[-2,27],[-11,44],[10,40]],[[281874,648511],[15,1],[0,-48]],[[281889,648464],[0,-36],[-30,-2],[-15,0],[0,69],[-41,40],[1,-17],[1,-8],[1,-11],[0,-31],[0,-11],[0,-61],[-52,-3],[0,28],[-15,-1],[0,33],[-15,-1],[0,29],[-7,-1],[1,22],[19,2],[2,11],[0,0],[0,13],[4,-15],[8,2],[1,1],[10,27],[-6,22],[2,27],[-1,1],[1,17],[-14,52],[13,27],[-7,40],[-12,-13],[0,30],[9,-9],[2,-3],[5,-8],[0,4],[0,2],[55,-55],[34,-36],[0,-1],[0,-35],[0,-11],[16,1],[5,-52],[0,-32],[10,0]],[[276045,652138],[0,-43],[-15,0],[-1,-28],[-4,-4],[-8,-1],[-2,0],[0,-10],[0,-17],[0,-22],[0,-45],[0,-42],[0,-23]],[[281034,619572],[3,-4],[14,2],[1,15],[5,1],[-2,167],[-4,10],[-4,33],[1,20],[17,3],[9,-3],[-11,22],[0,32],[-3,13],[-2,83],[2,1],[12,-50],[8,-18],[7,0],[14,10],[6,-5],[6,-32],[7,-28],[5,-5],[1,15],[-2,19],[1,40]],[[281125,619913],[7,22],[7,39],[4,3],[15,-26],[1,-9],[-7,-41],[2,-35],[6,-12],[16,-1],[10,35],[9,10],[8,-9],[8,6],[5,23],[2,29],[5,19],[6,9]],[[281229,619975],[9,-1],[12,9],[9,-4],[1,-18],[-6,-8],[-2,-19],[2,-17],[-3,-35],[1,-21],[4,-1],[10,18],[4,-14],[-3,-20],[1,-15],[4,-20],[7,-9],[7,5],[5,16],[15,11],[2,12],[1,41],[2,18],[11,28],[5,7],[6,-23],[4,-10],[6,-3],[11,3],[7,-10],[-7,-20],[0,-18],[4,-29],[3,-11],[5,-3],[7,7],[3,19],[-1,30],[6,19],[7,3],[8,25],[7,5],[1,-11],[-4,-13],[-2,-16],[5,-42],[8,-8],[5,8],[15,3],[1,-11],[-5,-20],[2,-32],[9,-1],[7,-27],[19,-31],[4,4],[-1,17],[-7,17],[-4,19],[3,43],[7,-3],[0,-24],[7,-27],[5,-24],[4,-2],[4,10],[-1,17],[-6,21],[-2,14],[3,20],[0,26],[6,6],[4,-11],[-5,-39],[2,-15],[5,-7],[6,23],[9,-13],[7,24],[14,-39]],[[281528,619778],[0,-9],[-6,-9],[-1,-16],[4,-31],[0,-12],[-9,-7],[-1,-13],[5,-19],[7,8],[5,-14],[-1,-22],[5,-4],[5,-15],[-4,-18],[-4,-42],[4,-19],[7,-2],[5,11],[-2,22],[1,18],[4,6],[1,-186],[135,-1],[6,1],[8,16],[3,0],[11,40],[6,41],[6,3],[15,-3],[56,-11],[39,-6],[5,-14],[6,-7],[5,-2],[40,-2],[6,-8],[15,-54],[0,49],[29,2],[0,84],[14,1],[4,42],[8,0],[0,36],[35,1],[0,-57],[5,-7],[0,-14],[6,0],[1,-150],[19,15],[11,-1],[6,6],[3,16],[-1,35],[1,7],[11,14],[7,23],[0,74],[8,5],[1,24],[8,-2],[8,17],[-4,6],[-3,14],[3,62],[2,17],[4,0],[-1,197],[1,22],[13,102],[-42,-2],[-1,247]],[[282071,620283],[9,-4],[7,6],[6,-7],[12,-26],[4,10],[8,4],[9,-21],[11,-8],[10,-3],[0,-15],[8,-29],[10,5],[-1,-21],[6,-17],[5,-3],[3,8],[-1,23],[4,-20],[6,0],[0,-176],[-3,-10],[-1,-21],[-9,-25],[-1,-28],[5,-35],[6,-7],[3,-17],[0,-122],[29,-1],[0,-95],[7,0],[3,17],[0,-12],[5,-1],[0,-13]],[[282231,619619],[-3,0],[-2,-14],[0,-28],[-35,-2],[-3,-41],[-17,1],[0,-21],[3,0],[0,-22],[-14,0],[1,-126],[23,-2],[1,-54],[5,3],[28,1],[0,-51],[0,-24],[-9,0],[0,-19],[-14,-1],[0,-65],[9,0],[1,-42],[-8,-1],[1,-50],[-7,-10],[0,-24],[-43,-3],[0,-82],[-14,0],[0,-43],[7,1],[0,-21],[7,0],[0,-22],[47,0],[4,-50],[0,-53],[2,-19],[5,-24],[1,-24],[37,1],[6,-8],[0,-55],[0,-23],[-11,-26],[-9,-22],[-7,29],[-20,-41],[29,-115],[-6,-11],[-1,-15],[4,-19],[-7,-16],[9,-37],[-17,-31],[14,-58],[4,-6],[-10,-21],[16,-57],[-2,-6],[-3,-36],[-5,-25]],[[282228,618089],[-11,-1]],[[282217,618088],[0,20],[-14,30],[-3,15],[3,35],[-4,20],[-6,-9],[-3,31],[-6,13],[-4,18],[-6,-3],[-10,24],[-53,-116],[-34,135],[0,129],[-20,-1],[1,-31],[1,-75],[5,-15],[0,-32],[-3,-19],[-15,-32],[-26,-43],[0,63],[-15,0],[0,-8],[-7,0],[-1,16],[-6,6],[-15,0],[0,42],[-29,-2],[0,-41],[-3,0],[-36,-3],[-7,-50],[-4,-35],[0,-44],[-13,-3],[0,-42],[-38,-3],[-48,-2],[-5,-7],[4,12],[11,6],[6,-4],[8,9],[8,-6],[6,4],[4,17],[4,-1],[0,41],[2,8],[11,-3],[5,13],[-74,-3],[-1,138],[0,34],[-4,-1],[-3,22],[-7,0],[0,64],[8,0],[0,43],[-7,1],[0,46],[-8,25],[0,23],[-10,-2],[-4,-44],[-6,-39],[0,-37],[-10,-52],[-1,-32],[-12,-6],[0,-10],[-8,-16],[-1,-22],[3,-7],[-4,-15],[-2,-39],[-3,-7],[2,-28],[-5,-10],[-14,-4],[4,-20],[-8,-14],[-1,-16],[-8,-21],[-4,0],[-9,-29],[0,-32],[-5,-40],[-9,-23],[-1,-23],[-5,-33],[0,-13],[-6,-21],[5,-24],[-1,-13],[-8,-29],[-8,-3],[-17,-41],[-3,-16],[-9,-13],[1,-26]],[[281567,617735],[-6,0],[-4,856],[-4,0],[-226,-5],[-6,3],[12,22],[11,0],[10,29],[3,14],[7,15],[10,4],[2,15],[-1,29],[8,31],[6,9],[0,163],[-75,-82],[-8,-20],[-27,-90],[-7,-18],[-35,-75],[4,22],[0,20],[-22,0],[-13,-8],[1,85],[11,2],[0,22],[6,0],[2,35],[-6,31],[-3,37],[10,65],[-4,17],[5,15],[8,8],[6,24],[0,12],[3,30],[-14,-1],[0,-42],[-8,0],[0,64],[-8,5],[-10,-4],[-5,-19],[-6,-4],[-5,-28],[-12,-32],[-4,-21],[-6,-12],[-5,-22],[-6,11],[0,224],[-15,0],[0,-40],[-46,-1],[0,20],[-14,0],[0,20],[-14,-1],[0,43],[-29,-4],[1,-43],[-5,0],[-6,-1],[-11,0],[4,141],[6,19],[-2,16],[-3,66],[9,53],[4,9],[5,32],[-3,24],[2,34],[-5,14]],[[280951,625501],[0,67]],[[280951,625568],[10,8],[31,-46],[15,-3],[6,-9],[19,-6],[8,-7],[24,2],[3,-24],[8,-17],[50,9],[-2,216],[-1,68],[1,56],[10,2],[10,20],[17,15],[9,12],[11,2],[0,19],[0,10],[-2,227],[0,49],[-1,202]],[[281177,626373],[6,7],[0,28],[10,27],[3,0],[1,17],[9,12],[5,-1],[15,-20],[11,-26],[8,8],[1,14],[5,0],[2,14],[9,-17],[5,14],[3,-14],[2,-37],[5,-3],[5,23],[5,2],[5,-33],[1,5],[10,1],[19,-149],[1,-3]],[[281323,626242],[4,-34],[6,-37],[7,-33],[12,-40],[9,-40],[5,-41],[3,-49]],[[281369,625968],[5,-86],[7,-111],[4,-60],[0,0],[1,0],[5,-86],[-5,0],[-1,-29],[3,0],[0,-56],[9,0],[9,-33],[13,-32],[-1,-11],[13,-27],[19,-40],[5,-8],[7,-9],[20,-4],[0,2],[18,7],[0,-6],[3,2],[13,-1],[2,26],[7,0],[1,1],[1,-49],[-3,-13],[5,-9],[5,-13],[7,-22],[3,-9],[6,1],[-1,-19],[16,-52],[3,7],[8,-19],[3,-23],[12,1],[-1,-19],[-5,-20],[4,-11],[10,-19],[3,-7],[15,-27],[4,-10],[10,-31],[4,0],[15,0],[0,-60],[5,1],[1,-26],[37,3],[0,-38],[15,1],[0,-48],[-35,-2],[6,-12],[-3,-19],[3,-3],[2,-34],[13,0],[0,-15],[12,0],[-8,-7],[-3,-32],[4,-24],[-3,-17],[1,-4],[41,2],[1,-6],[0,-13],[-13,-16],[-7,-15],[-12,-8],[-4,-28],[-6,11],[0,-101],[1,-143],[1,-25],[11,-103],[2,-26]],[[281712,624237],[2,-76],[0,-137],[-58,0],[-4,169],[-3,-55],[-6,-23],[-5,-77],[-4,-23],[-13,-12],[-2,-20],[5,-8],[-4,-8],[-4,-34],[3,-11],[3,-29],[-1,-16],[-8,-16],[-2,-11],[6,-26],[-5,-30],[8,-9],[8,21],[8,5],[6,-6],[4,-13],[1,-45],[-2,-12],[-7,-25],[3,-39],[-2,-30],[1,-28],[3,-20],[14,-12],[1,-24],[-10,-18],[10,-14],[-2,-12],[2,-9],[0,-11],[-3,-29],[7,-3],[3,-5],[3,-11],[8,-40],[0,-18],[-4,-13],[2,-14],[6,-8]],[[281680,623352],[0,-4],[0,-15],[-8,-3],[-5,8],[-7,-9],[-8,-39],[-5,-19],[-8,-3],[-6,-9],[0,-27],[9,-21],[1,-20],[-4,-25],[-41,-3],[-12,-3],[-23,2],[-64,-2],[-5,0],[-7,-1],[-56,-13],[-44,-1],[-60,-11],[-25,0],[20,75],[-7,20],[-5,1],[0,14],[-7,65],[1,22],[-10,30],[4,5],[-14,9],[-17,26],[-12,17],[-14,10],[-18,1],[-10,-5],[-16,-1],[0,-43],[-62,-4],[-1,59],[-8,-4],[0,-8],[-10,-3],[1,-106],[-16,-1],[-2,12],[0,26],[-15,0],[0,39],[-14,0],[-2,80],[-13,26],[-1,40],[-14,-1],[0,21],[-14,-1],[0,22],[-15,-1],[0,44],[-41,-2],[-9,-5],[-5,-17],[0,-17],[4,-21],[-4,-6],[-1,66],[6,0],[-1,168],[-24,1]],[[280936,623787],[-2,26],[-5,2],[0,14],[-26,-2],[0,27],[-7,15],[-30,-1],[0,-43],[-5,-2],[-1,15],[-15,8],[0,22],[-29,0],[0,-84],[-15,-3],[0,-20],[-16,-1],[0,-109],[-20,24],[0,16],[-17,0],[-11,-2],[-14,31],[-3,-16],[1,-199],[-12,-47],[-7,1],[-8,24],[-14,-8],[-3,-12],[-8,8],[-7,-25],[-15,21],[-6,-1],[-4,-19],[-15,-9],[-8,11],[-6,16],[-11,-17],[-8,-6],[-6,3],[-18,-22],[-9,22],[-9,-4],[-4,8],[-10,-26],[8,-32],[3,-27],[0,-7],[-8,-12],[-2,-14],[5,-37],[8,1],[12,-12],[9,-28]],[[280568,623255],[-120,-2],[0,9],[-17,1]],[[281546,623415],[0,-39],[-3,-24],[21,0],[4,27],[-4,0],[0,37],[-10,-1],[-2,21],[-13,-16],[7,-5]],[[284083,644049],[2,-350],[1,-507]],[[284086,643192],[-59,-2],[-1,168],[-36,0],[-95,-132],[-13,-28],[-1,501],[0,49],[-3,0],[-1,36],[-11,0]],[[283866,643784],[0,85],[44,0],[0,37],[15,0],[0,49],[14,0],[7,15],[1,29],[7,0],[0,13],[11,-6],[0,15],[4,20],[-1,170],[18,0],[12,-31],[56,-133],[29,2]],[[280674,622248],[87,3],[0,-85],[30,5],[0,-37],[0,-3],[3,-547],[33,3],[29,2],[0,42],[28,1],[2,-81],[27,-3],[0,-115],[1,-11],[29,2],[-2,337],[-68,-2],[0,40],[9,14],[37,50],[-11,33],[-8,16],[-6,1],[-7,18],[-8,-15],[-16,2],[-11,5],[-5,38],[-11,51],[-5,14],[-5,34],[-10,27],[-7,15],[-1,27],[-6,26],[-3,21],[-1,28],[-7,9],[-1,42],[72,5],[48,2]],[[280910,622262],[56,5],[28,-2],[31,3],[0,-117],[5,20],[27,99],[54,3],[4,-3],[2,-32],[-32,-143],[4,-12],[9,-3],[0,-106],[-14,-5],[-15,-110],[-2,-17],[-12,-86],[-7,-54],[-6,-31],[1,-28],[-4,-16],[-7,5],[-4,-5],[-1,54],[-19,-1],[4,49],[8,110],[0,19],[5,95],[-7,27],[-8,30],[-13,5],[-15,-75],[-5,-2],[-22,-28],[1,-148],[29,1],[0,-166],[11,-19],[4,-1],[4,-16],[1,-34],[6,-25],[5,-10],[-5,-32],[11,19],[7,19],[0,-3],[8,13],[2,32],[-4,22],[13,21],[7,-3],[7,7],[10,23],[6,4],[3,0],[6,-19],[2,-16],[-1,-27],[-5,-20],[7,-27],[5,-3],[7,17],[0,-5],[6,26],[12,20],[8,28],[4,23],[3,38],[4,19],[11,20],[7,19],[7,5],[7,-3],[16,-17],[8,-1],[3,6],[10,-43],[15,-36],[12,-13],[1,0],[-5,-20],[20,-30],[0,-58],[15,1],[-1,21],[15,1],[0,-42],[14,0],[1,-170],[-28,-2],[1,-86],[28,1],[25,-47],[3,-9],[1,-196],[93,-4],[1,170],[21,-1],[0,-170],[2,0],[0,-42],[-2,-8],[1,-122],[-72,4],[0,-172]],[[281369,620624],[-3,0],[-2,-8],[-10,-13],[0,-237],[-9,-5],[-2,-8],[7,-35],[-12,-58],[-20,-51],[-9,-46],[-7,-47],[0,-51],[-2,-13],[-21,-25],[-22,1],[-8,-3],[-20,-50]],[[281125,619913],[-4,5],[5,42],[-8,9],[-4,-16],[-4,37],[-5,19],[-8,21],[-4,-1],[-1,10],[1,53],[11,37],[2,17],[7,20],[4,4],[0,16],[5,45],[7,21],[-1,21],[4,16],[11,21],[-1,14],[8,34],[2,28],[-10,-11],[-8,6],[1,14],[-6,23],[4,34],[-13,-4],[-1,128],[1,7],[0,42],[29,4],[-1,85],[-38,-6],[-6,8],[-14,-9],[-6,9],[-7,53],[2,18],[-46,-9],[-2,170],[-57,-12],[-1,110],[-30,-76],[-13,-24],[-7,-2],[0,24],[-8,44],[-1,121],[2,27],[-11,11],[-5,-4],[-1,-23],[2,-21],[1,-33],[-3,-8],[-14,-2],[-7,-24],[-1,-12],[4,-28],[-7,-30],[-9,-3]],[[280865,620983],[-2,20],[-3,21],[-9,28],[1,30],[6,45],[-2,155],[-1,10],[1,73],[-1,138],[-61,-3],[2,-84],[-58,-6],[1,-82],[-23,2],[-4,29],[-2,51],[-5,6],[0,18],[-12,28],[-5,34],[1,36],[-9,4],[0,43],[-72,-4]],[[280608,621575],[-1,169],[-43,-2],[-2,43],[0,41],[-14,-1],[0,14],[5,7],[1,41],[10,1],[-2,189],[29,2],[-1,125],[12,0],[12,-33],[14,-26],[16,-6],[6,6],[-3,67],[-16,-9],[-3,9],[-15,-5],[-6,2],[-7,14],[-14,13],[-2,8],[90,4]],[[281603,626008],[9,3],[9,0],[0,-48],[-15,-1],[-3,0],[0,46]],[[283336,662755],[0,52],[3,24],[9,10],[4,0],[0,42],[-1,128],[0,43],[31,2],[0,13],[10,0],[0,14],[17,2],[1,14],[10,-10],[-1,-19],[2,-25],[21,0],[17,-4],[0,-32],[24,-1],[-1,19],[8,9],[-3,1],[3,8],[0,48],[23,3],[4,10],[2,50],[-3,50],[4,16]],[[283520,663222],[10,4],[3,-28],[11,-7],[2,-20],[-7,-11],[-5,-32],[-7,-7],[-3,-22],[10,3],[16,0],[0,67],[7,17],[8,1],[0,-211],[23,0],[0,-58],[8,0],[0,16],[15,0],[1,-134],[15,1],[0,-36],[8,0]],[[283635,662765],[5,-85],[18,1],[0,-86],[1,-54],[8,9],[7,-9],[-1,40],[5,1],[1,-10],[10,11],[9,-2],[-3,8],[5,7],[6,0],[6,-1],[6,0],[25,1],[1,-15],[4,15],[31,1],[0,85],[8,0],[0,-11],[8,0],[0,-23],[8,0],[0,23],[4,11],[18,0],[1,-84],[68,1],[15,0],[6,1],[1,23],[9,-3],[2,21],[-1,44],[17,0],[2,-10],[-6,-5],[-3,-23],[7,-12],[17,10],[14,41],[34,0],[0,-77],[0,-7],[47,2],[-18,-41],[-19,-49],[12,0],[1,-43]],[[283742,661327],[-11,1],[-2,3]],[[283729,661331],[-5,41],[-15,48],[2,17],[2,16],[5,33],[22,-17],[8,0],[0,15],[-5,57],[-9,17],[0,17],[-10,0],[3,9],[13,1],[-2,19],[9,18],[0,8],[0,17],[0,18],[-1,85],[-2,0],[2,38],[0,47],[-11,0],[0,-10],[-9,-1],[0,11],[-9,0],[-32,-2],[0,-83],[0,-43],[-4,31],[-2,11],[-21,-1],[-3,1],[0,41],[-16,0],[1,-43],[-16,0],[0,42],[-15,0],[0,21],[-8,0],[0,16],[-9,2],[-5,17],[-1,12],[0,27],[6,-4],[5,-13],[19,-4],[0,54],[-23,0],[0,-9],[-7,-2],[-1,9],[-10,1],[-4,-17],[-1,-15],[-2,0],[-5,0],[0,31],[-5,-5],[-40,-2],[-4,6],[0,37],[-3,-20],[-7,0],[0,-18],[-2,0],[-9,0],[-1,13],[-22,4],[0,38],[-29,2],[0,-23],[-27,-2],[0,-33],[-17,16]],[[283397,661928],[0,60],[6,16],[4,43],[-2,13],[4,22],[-20,-1],[2,21],[0,44],[16,1],[5,25],[-2,12],[1,26],[6,11],[2,32],[-33,-1],[0,33],[-6,-1],[-2,298],[2,5],[-30,-1]],[[283350,662586],[1,85],[-4,0],[-16,28],[6,0],[-1,56]],[[282180,626155],[-1,48],[1,51],[2,0],[7,31],[4,1],[8,17],[-1,22],[5,17],[6,30],[3,47],[-32,4],[2,350]],[[282184,626773],[0,387]],[[282184,627160],[168,-143],[0,98],[44,2],[0,-133],[3,0],[7,12],[4,20],[3,42],[-3,59],[64,0],[40,4],[1,329],[6,23],[-35,47],[-9,23],[-2,22],[1,29],[-5,40],[2,6],[4,-3],[1,-26],[5,-12],[0,-12],[6,-16],[13,10],[11,-15],[5,-1],[3,14],[9,-3],[14,-23],[4,5],[0,33],[7,18],[17,-2],[4,14],[-3,19],[11,6],[-2,49],[15,-2],[9,6],[8,35],[10,7],[11,-14],[9,90],[-4,30],[0,20],[-4,6],[3,40],[4,25],[12,31]],[[282655,627969],[10,-1],[40,2],[15,0],[-3,-21],[3,-49],[0,-15],[14,0],[0,22],[24,26],[14,12],[6,3],[0,21],[1,2],[43,1],[0,172],[59,-3],[0,-165],[56,1],[87,-2],[28,0],[30,-3]],[[283223,627751],[1,-24],[5,20],[9,1],[22,1]],[[283398,628033],[6,-2],[9,-27],[12,-24],[2,-17],[3,-78],[-3,-20],[-7,-32],[-4,-4],[0,-24],[-5,0],[-26,-1],[0,-213],[1,-112],[8,0],[14,0]],[[283467,626900],[-12,-7],[-2,-8],[-20,-44],[-5,-19],[0,-9],[7,-34],[-3,-17],[2,-17],[1,-40],[-13,-6],[-4,-9],[1,-15],[-5,-89],[-15,4],[-6,-23],[-8,22],[1,-166],[2,-37],[2,0],[2,-14],[8,-10],[-2,-74],[-10,3],[0,-172],[-42,5],[-1,-30],[2,-26],[12,-73],[10,-39],[4,-25],[2,-45],[-1,-28],[9,-29],[1,-17],[-1,-15],[-4,-26],[-16,-50],[-4,-18],[0,-43],[5,0],[7,-14],[4,-21],[-16,-10],[-3,-2],[-3,-17],[-5,-12],[-18,-1],[-1,13],[-24,-17],[-5,0],[-1,0]],[[283299,625579],[-39,-5],[-117,-225],[-119,-220],[-2,-7],[-5,-46],[1,-29],[-3,-35],[-6,-18],[-1,-51],[-4,-4],[-3,-18],[-1,-137],[-31,-3],[-13,-22],[-1,-21],[-15,-1],[1,84]],[[282941,624821],[2,93],[-1,57],[7,18],[9,16],[-4,30],[-3,-11],[-9,1],[-3,-9],[-11,32],[2,9],[-6,13],[-54,7],[-7,170],[-87,0],[0,31],[-40,-27],[-34,-2],[0,127],[-8,-1],[-2,1],[-4,-44],[-15,-30],[-3,-36],[-5,-10],[-10,-10],[6,-30],[-12,-5],[-2,-12],[11,-46],[-2,-23],[0,-23],[8,-11],[8,-50],[-2,-10],[-6,-1],[-20,39],[-7,-9],[10,-30],[2,-13],[-8,-29],[1,-8],[12,-22],[2,-20],[-13,-12],[-6,-18],[-22,2],[0,83],[-151,-7],[-30,0],[0,158],[-145,-64],[1,71],[-59,-1]],[[282231,625155],[1,258],[1,172],[-50,3],[-6,-4],[0,2],[6,15],[8,6],[10,24],[3,41],[-2,9],[7,57],[-31,1],[2,416]],[[283267,626296],[29,-24],[3,0],[5,-4],[0,23],[3,0],[0,6],[-14,0],[0,11],[-26,-12]],[[283268,642739],[11,2],[4,7],[-1,18],[2,6],[21,7],[17,3],[0,229]],[[283322,643011],[33,1],[4,-45],[9,-51],[14,-17],[-1,113],[82,0],[36,3],[2,-686],[-59,0]],[[283442,642329],[-77,0],[0,-169],[-41,-1]],[[283324,642159],[0,169],[0,115],[-56,-14],[0,241],[0,69]],[[282642,620811],[-1,450]],[[282641,621261],[5,-20],[28,-108],[16,-40],[-5,-1],[-10,-14],[1,-10],[5,2],[6,-14],[-7,0],[-4,-15],[-2,-31],[2,-6],[18,-6],[1,-10],[-4,-10],[-8,-65],[2,-18],[10,-7],[-4,-20],[-9,-11],[5,-12],[6,5],[3,15],[3,-2],[0,-17],[-4,-19],[-14,-12],[-7,-11],[1,-17],[10,-12],[-2,-17],[-6,-14],[6,-8],[12,0],[0,21],[5,19],[0,46],[3,35],[17,20],[8,18],[18,-37],[0,13],[8,21],[6,6],[11,0],[17,-40],[8,16],[7,-15],[6,7],[-1,20],[14,35],[13,12],[3,13],[14,-43],[-1,74],[4,3],[13,-22],[5,-4],[-1,-11],[2,18],[-1,10],[-1,12],[-2,511],[0,8]],[[282870,621502],[117,2],[2,-598],[141,4],[23,686],[1,13],[11,71],[11,63],[17,88],[-10,15],[-9,45],[-3,23],[-5,21],[9,257],[6,173]],[[283181,622365],[23,4],[1,-11],[24,2],[3,4],[40,0]],[[283272,622364],[0,-175],[117,-1],[143,4],[88,-1],[40,3]],[[283660,622194],[3,-24],[2,-61],[-30,-6],[-16,3],[-72,1],[0,-84],[-15,-1],[1,-101],[4,-3],[1,-22],[1,-28],[3,-13],[1,-33],[4,-10],[6,-2],[4,-26],[7,-6],[2,-19],[9,-23],[0,-10],[5,-41]],[[283580,621685],[-35,0],[-13,-1],[-101,0],[0,-56],[5,-36],[12,0],[5,-14],[5,-47],[5,-20],[0,-27],[4,-25],[13,-22],[-1,-43],[-3,-38],[1,-13],[-8,-24],[-3,6],[-3,20],[-10,9],[-4,-3],[-9,9],[-4,28],[-5,13],[6,-19],[-12,-24],[-2,-45],[-11,-11],[-3,-19],[0,-45],[-1,-12],[-7,-17],[-8,-49],[-1,-20],[3,-1],[0,-16],[-2,1],[0,-40],[-3,-1],[0,-49],[28,5],[1,-27],[37,57],[-1,-24],[4,-18],[1,-21],[9,-22],[12,-13],[5,-11],[1,-27],[9,-41],[6,-20],[-2,-51],[3,28],[0,20],[-10,41],[-6,33],[0,22],[8,1],[10,12],[2,27],[8,2],[6,52],[-5,35],[3,6],[0,20],[15,1],[0,-29],[4,-2],[39,1],[0,-84],[53,1],[0,-14],[-10,-10],[0,-40],[58,75]],[[283678,621019],[0,-173],[0,-49],[0,-36],[2,-6],[13,0],[-2,-38],[-1,-36],[5,-62],[5,-23],[-3,-9],[1,-23],[-5,-17],[3,-24],[20,13],[12,-3],[14,20],[20,-1],[-1,-80],[17,-51],[-3,-5],[-42,-1],[0,-87],[10,2],[21,-4],[41,0],[-1,-22],[3,-45],[4,-11],[-11,-29],[13,0],[0,-32],[-48,-455],[-3,-49],[-13,1],[-5,-36],[-5,-8],[-8,-1],[-11,-35],[-26,1],[6,-26],[1,-17],[-3,-15],[2,-22],[-21,0],[0,-34],[-10,-27],[-19,-40],[-5,1],[-16,23],[-10,27],[-8,6],[-8,-11],[-6,-19],[-2,-13],[-4,11],[-11,-62]],[[283580,619387],[-2,12],[-35,158],[-8,15],[-31,57],[-30,28],[-32,18],[-32,8],[-21,-4],[-29,-6],[-86,-62],[-2,-1],[-8,-14],[-2,-1],[-37,-29],[-45,-19],[-6,-3],[-5,6],[-5,-1],[-4,-2],[-8,-3],[-6,5],[-9,7],[-10,7],[-12,9],[-13,10],[-28,21],[-39,19],[-29,-19],[-12,-20],[-6,-9],[-34,-53],[-2,-10]],[[282952,619511],[-7,26],[-4,-8],[-8,-38],[0,52],[0,76],[-13,12],[-7,-19],[-1,17],[-3,6],[-19,0],[0,65],[-41,0],[-2,-7],[1,-59],[-6,0],[0,-27],[-4,-20],[-7,-5],[-2,1],[9,51],[-2,0],[-10,-57],[-14,-33],[-2,-26],[-3,-3],[-15,29],[-2,-5],[-10,-11],[-12,29],[-2,-1],[-11,-44]],[[282755,619512],[-6,38],[-33,-1],[0,41],[-9,0],[-3,21],[0,20],[-5,-1],[-20,-5],[0,-17],[-33,2],[0,19],[-10,0],[-3,-27],[4,-11],[-1,-4],[-12,30],[-1,11],[-9,0],[-1,17],[-4,-6],[-1,31],[-13,0],[-1,29],[-3,99],[19,0],[3,19],[-3,26],[-13,10],[-9,-26],[-8,46],[-8,-8],[-7,18],[-4,30],[-7,30],[10,11],[2,11],[-17,20],[-7,28],[-12,-26]],[[282530,619987],[-2,2],[-1,8],[-2,6],[0,10],[1,6],[4,8],[3,4],[7,-2],[4,7],[1,28],[-1,8],[-5,14],[-2,-1],[-7,-23],[-2,-9],[-3,-6],[-3,1],[-2,11],[0,12],[3,12],[7,9],[-1,27],[0,29],[7,6],[6,-7],[4,-14],[-1,-31],[3,-9],[7,5],[12,-4],[11,25],[7,-3],[-3,-34],[4,-13],[5,4],[7,25],[-1,9],[-8,17],[2,25],[4,-3],[8,-24],[11,4],[1,58],[3,6],[-2,102],[-4,9],[2,24],[-1,151],[-43,0],[-7,37],[-2,20],[8,63],[3,30],[9,18],[73,1],[3,50],[0,29],[4,6],[0,28],[-10,9],[0,44],[-9,0]],[[281949,622804],[15,0],[-1,84],[29,1],[0,43],[7,0],[0,75],[4,9],[3,0],[4,0],[0,21],[6,0],[0,22],[45,0],[-1,43],[-11,0],[0,34],[14,8],[1,20],[4,11],[10,1],[1,-74],[36,0],[0,42],[7,10],[0,32],[29,-1],[0,13],[0,78],[0,41],[-18,-3],[-5,37],[-3,-2],[-2,36],[-5,-6],[1,-23],[-12,0],[3,-12],[0,-31],[-18,0],[0,-80],[-16,-5],[0,-42],[-9,0],[0,35],[11,31],[-1,104],[13,0],[0,30],[2,-1],[-1,56],[29,0],[4,5],[8,-35],[9,18],[16,-38],[9,-1],[-1,57],[15,11],[13,-1],[0,86],[-9,-8],[-37,-6],[1,17],[-5,18],[-7,12],[-4,43],[-7,6],[-1,14],[-3,2],[-10,-21],[-7,-6],[-9,2],[-15,31],[-6,29],[4,15],[10,-13],[15,2],[3,9],[8,-20],[9,9],[1,22],[12,29],[2,23],[6,-5],[6,-17],[11,1],[8,23],[11,-3],[3,5],[1,10],[11,-21],[-1,-29],[23,-15],[6,21],[-5,2],[-9,20],[-2,14],[4,33],[6,4],[5,32],[-2,9],[6,36],[8,29],[0,61]],[[282234,623962],[4,0],[4,8],[0,39],[4,18],[-4,17],[6,17],[3,33],[6,25],[8,12],[6,23],[11,58],[-2,9],[8,2],[4,0],[1,-201],[-15,-20],[0,-36],[2,-3],[13,9],[7,7],[8,25],[1,11],[-3,21],[11,23],[5,-7],[0,16],[17,14],[5,21],[2,51],[5,8],[8,-7],[7,21],[9,4],[0,44],[34,2],[1,-337],[22,0],[3,23],[6,12],[17,12],[23,32],[7,17],[11,18],[-2,42],[9,16],[16,10],[4,9],[-4,23],[-10,3],[-15,36],[-10,-6],[-17,18],[0,9],[2,14],[5,1],[19,-17],[6,-1],[15,16],[3,7],[3,49],[4,1],[-1,32],[3,3],[60,97],[47,55],[3,-16],[25,47],[37,40],[0,-85],[59,-2]],[[282760,624404],[-1,-301],[35,0],[13,-21],[9,6],[16,-1],[0,-18],[5,-9],[-6,-54],[-10,-38],[-18,-40],[-4,-16],[0,-27],[4,-26],[-2,-26],[-11,-8],[-5,-22],[-12,2],[-3,-16],[-1,-60],[-9,-17],[-20,11],[-10,-16],[-1,-8],[6,-16],[-1,-17],[-9,11],[-8,34],[-7,0],[-1,-16],[7,3],[5,-62],[-10,-29],[0,-14],[6,-20],[2,-22],[-1,-44],[1,-72],[0,-10],[-12,-37],[-8,0],[0,22],[-10,10],[-10,-38],[2,-27],[0,-23],[3,-22],[14,-29],[2,-10],[13,4],[11,-7],[1,-18],[-29,-1],[0,-32],[-18,8],[-11,-3],[-9,-41],[-5,2],[-1,-64],[53,1],[5,-43],[-48,-46],[10,3],[24,0],[0,-82],[-4,-4],[-25,0],[0,-43],[26,0],[0,-43],[3,1],[-1,-104],[-1,-33],[-3,-3],[-8,9],[-4,-18],[-9,-10],[-4,-15],[-16,-28],[-16,-17],[0,-108],[16,8],[11,-27],[10,5],[18,-2],[3,-10],[0,-64],[6,-34],[-3,-35],[9,-27],[10,-19],[18,7],[8,-1],[10,-12],[0,-55],[-43,-2],[1,-106],[4,-52],[-2,-22]],[[282710,622088],[-13,27],[-6,-3],[-5,-16],[1,-28],[7,-39],[-1,-15],[-17,-20],[5,-7],[2,-14],[-4,-27],[-5,-11],[-15,-7],[-2,-13],[2,-20],[-4,-5],[-16,10],[1,31],[-6,5],[0,-74],[1,-147],[0,-51],[-18,-1],[-7,0],[1,-136],[4,-2],[14,18],[8,-1],[2,4],[1,-225]],[[282640,621321],[-16,0],[-13,46],[0,125],[-13,0],[-4,-26],[4,-11],[-1,-38],[-21,75],[-49,-2],[1,-157],[-4,9],[-10,1],[0,45],[-4,0],[0,18],[-28,1],[-6,5],[1,22],[-10,2],[-3,14],[-7,10],[-5,-2],[-9,20],[-12,-1],[-7,-5],[-5,12],[-10,7],[13,32],[12,19],[6,16],[-9,18],[-9,25],[-10,-2],[-7,13],[1,44],[-27,0],[-7,-86],[0,-78],[-135,-4],[-5,0],[-14,-1],[5,14],[2,11],[3,58],[6,86],[-49,0],[0,-86],[-73,-3],[0,-54],[-15,1],[0,10],[-29,2],[0,-43],[-8,1],[-2,109],[-14,55],[-2,3],[-4,4],[-13,-2],[-130,-2]],[[281895,621651],[1,758],[-1,84],[-28,-1],[4,37],[9,78],[14,23],[-13,46],[45,1],[4,32],[0,22],[4,3],[4,24],[11,8],[0,38]],[[282400,622550],[6,-12],[-5,-29],[2,-13],[7,-17],[0,-7],[4,-2],[6,-2],[0,4],[2,0],[3,16],[6,8],[2,21],[-7,7],[-5,17],[-1,17],[-3,9],[-17,-2],[0,-15]],[[287400,639992],[26,-2],[0,12],[0,13]],[[287426,640015],[14,-10],[18,0],[32,18],[11,-10],[7,-18],[18,-78],[5,-51],[7,-22],[2,-24],[123,0],[1,-122],[19,-65],[10,-10]],[[287693,639623],[2,-3],[12,-10],[8,-1],[5,7],[2,8],[1,15],[0,48],[12,-22],[8,3],[2,-3],[7,30],[6,77],[12,13],[4,3],[-22,30],[1,5],[2,3],[6,-11],[23,-15],[9,12],[0,-24],[11,10],[-8,-13],[1,-18],[6,-5],[11,-13]],[[287814,639749],[29,-34],[-6,-206],[-10,-365]],[[287827,639144],[-2,-66],[-2,-89],[-14,4],[-4,-86]],[[287805,638907],[-45,10],[4,138],[-10,0],[-1,87],[0,84],[-2,0],[-8,0],[-20,0],[0,-184],[-14,-8],[-6,-19],[-30,5],[-3,31],[6,1],[-5,46],[-21,-3],[-10,-6],[-2,-33],[4,-22],[-9,6],[-14,53],[0,47],[-7,-52],[-9,-37],[-13,-9],[-15,6],[0,177],[-89,0]],[[287486,639225],[-29,0],[-30,0]],[[287427,639225],[0,55],[0,73],[-26,0],[0,128],[-1,86],[27,-1],[0,85],[-27,0],[0,341]],[[283460,652243],[4,-2],[1,-22],[3,-10],[-5,-4],[-7,16],[4,22]],[[283614,644550],[59,-5],[0,-507],[0,-177]],[[283673,643861],[-58,0],[0,-125],[0,-37],[-21,9],[-9,14],[-11,2],[-6,28],[-11,17]],[[283557,643769],[0,36],[-50,12],[-10,0],[-58,0],[-1,81],[-29,0],[0,41],[-30,2],[0,103],[2,0],[-1,172],[118,-5],[-1,169],[59,1],[0,169],[58,0]],[[283414,645054],[6,0],[6,0],[12,61],[1,8]],[[283439,645123],[4,16],[8,0],[0,-19],[15,0],[0,-52],[3,-14]],[[283469,645054],[-3,0],[0,-62]],[[283466,644992],[-5,3],[-10,-6],[-15,2],[-5,-4],[-19,-48],[-9,13],[21,97],[-6,-1],[-4,-16],[0,22]],[[281680,623352],[-1,30],[15,20],[2,22],[8,-10],[20,17],[15,0],[4,21],[7,11],[5,39],[5,-11],[6,4],[9,21],[2,-17],[11,-13],[-2,16],[8,-1],[9,13],[10,1],[11,-20],[6,-7]],[[281830,623488],[1,-309],[58,6],[0,-47],[-7,-33],[-2,-29],[3,-24],[-1,-38],[0,-18],[-3,-60],[-9,-16],[-1,-55],[-3,-18],[83,-1],[0,-42]],[[281895,621651],[2,-125],[-3,-6],[3,-65],[-6,-3],[-13,11],[-6,14],[1,31],[-8,-5],[-1,17],[-4,-5],[-2,-18],[-3,0],[-6,24],[0,17],[-9,18],[-2,-5],[0,-209],[26,0],[4,-4],[10,-34],[15,-19],[5,-22]],[[281898,621263],[0,-74],[-59,107],[0,-152]],[[281839,621144],[0,-175],[-45,0],[-3,-33],[-6,-47],[0,-24],[3,-7],[-9,2],[8,62],[5,47],[-23,-2],[0,85],[-6,1],[-4,-87],[-62,-4],[0,43],[4,3],[0,83],[-16,-1],[-2,-38],[0,-34],[-10,-27],[-4,-27],[1,-23],[-3,-23],[-4,-22],[-10,-2],[-3,-18],[2,-26],[5,-26],[-6,-21],[-6,25],[-6,-20],[0,-25],[-5,-10],[-2,-20],[-4,-1],[-2,9],[1,26],[-5,-4],[0,8],[-69,-7],[1,-172],[-53,2],[-3,-24],[-11,-39],[-24,-67],[-8,-33],[-12,7],[-12,-6],[-13,1],[-1,167],[-48,4]],[[280910,622262],[0,91],[-8,-18],[-8,-1],[-9,15],[-1,-7],[-8,0],[-1,36],[-4,-5],[-7,15],[-20,-10],[-4,2],[-3,30],[2,31],[-1,30],[-3,31],[3,5],[14,0],[-1,73],[4,45],[7,13],[0,11],[5,0],[3,11],[0,20],[4,1],[0,41],[28,1],[0,21],[-28,-1],[-1,106],[29,0],[-2,251],[-48,-3],[-5,-5],[-18,5],[-13,-9],[-12,-13],[-4,38],[2,26],[-2,73],[22,7],[7,8],[12,-2],[4,-15],[6,11],[1,45],[-1,37],[6,6],[0,81],[5,5],[14,0],[3,22],[6,15],[-1,39],[3,8],[11,6],[0,81],[11,3],[11,44],[-16,2],[-1,85],[15,0],[-1,59],[8,1],[-1,10],[8,0],[0,16],[4,1]],[[281323,626242],[9,31],[15,52],[6,-98],[4,0],[33,0],[-6,-26],[-3,-60]],[[281381,626141],[-2,-46],[1,-36],[7,-19],[2,-70],[-18,-2],[-2,0]],[[281034,619572],[-5,10],[-6,-1],[0,-36],[-40,-4],[0,35],[17,6],[14,2],[0,30],[-14,-2],[-4,6],[-1,42],[4,6],[0,27],[-14,-1],[0,11],[-14,-2],[-1,-17],[-12,-13],[0,-16],[-5,-37],[-14,-17],[-20,-50],[-2,-16],[8,-22],[-3,-11],[4,-19],[-3,-20],[5,-8],[6,-34],[-5,-35],[0,13],[-4,-11],[-26,5],[-6,13],[-7,-4],[-8,-23],[-9,-13],[-17,5],[-7,-5],[-11,7],[-19,-5],[-8,7],[-5,-4],[-6,7],[-5,13],[-10,0],[-9,35],[-6,9],[-6,35],[-2,25],[-3,10],[-7,-1],[-6,10],[-9,69],[-1,48],[-20,9],[-9,26],[-7,12],[-5,-3],[-8,14],[-8,1],[-4,9],[0,20]],[[280671,619719],[3,0],[-1,43],[-19,2],[-2,79],[-19,3],[-8,30],[-15,4],[-3,-5],[-26,-1],[-3,14],[-28,-2],[-8,-25],[6,25],[-11,21],[-1,58],[-4,49],[-5,0],[-7,16],[0,18],[3,29],[-11,34],[-10,-18]],[[280502,620093],[9,19],[3,-2],[8,-21],[1,-13],[-2,-34],[2,-17],[5,-6],[7,2],[7,29],[0,18],[-4,28],[2,11],[5,8],[10,1],[7,-14],[0,-23],[8,-27],[4,-3],[19,0],[1,20],[-8,6],[-7,0],[-2,24],[-8,22],[0,22],[6,9],[11,-2],[9,-19],[1,-29],[6,-14],[15,-5],[10,10],[-6,23],[3,17],[7,23],[4,8],[8,-14],[3,-17],[4,-40],[8,-31],[14,-23],[15,-3],[2,10],[-3,42],[-3,19],[5,2],[4,-12],[14,-26],[5,2],[1,10],[-4,20],[-4,36],[1,42],[-5,36],[-1,19],[7,9],[19,-8],[8,13],[6,24],[-5,4],[-7,-11],[-7,9],[-1,14],[2,23],[-9,18],[-10,-4],[-6,10],[-3,28],[-2,3],[1,16],[6,17],[2,14],[5,-3],[1,-19],[6,-4],[5,13],[1,27],[3,11],[13,28],[0,17],[-4,18],[-5,6],[-6,-3],[-8,5],[-3,19],[6,27],[9,11],[6,2],[3,-27],[10,-20],[5,0],[3,11],[0,46],[4,12],[2,18],[-2,11],[-14,13],[-3,18],[7,12],[3,20],[2,13],[8,-2],[2,-34],[6,-17],[5,0],[11,44],[14,17],[2,34],[-2,31],[7,11],[13,-4],[2,7],[2,19],[-1,17],[-7,-5],[-6,2],[-5,13],[-1,36],[2,21],[8,19],[14,-5],[3,6],[1,26],[-5,9],[-11,1],[-3,-5],[-4,11],[0,11],[11,25],[3,5],[23,11],[4,-5],[4,-20],[8,-3],[8,10]],[[283807,646732],[14,32],[13,12],[0,-6],[2,0],[0,5],[3,0],[6,0],[0,-5],[0,0],[0,5],[9,0],[0,-5],[2,0],[8,1],[0,6],[10,0],[5,-5]],[[283879,646772],[0,-12],[2,-12],[0,-12],[0,-7]],[[283881,646729],[-2,0],[1,-43],[1,-21],[7,1],[1,-39],[0,-1],[0,-20],[-8,0],[0,-14],[0,-28],[0,-4],[2,-5],[-1,-2],[1,-5],[0,-15],[-1,-1],[0,-52],[1,-90]],[[283883,646390],[0,-10],[2,0],[1,-37],[-2,0],[0,-30],[1,-94]],[[283885,646219],[-1,0],[-1,-5],[-12,0],[-5,15],[-3,20],[1,51],[-2,13],[-6,30],[-7,18],[-7,15],[-9,29],[-11,52],[-4,5],[-10,6],[-6,10],[-6,22],[-1,14]],[[283795,646514],[-5,29],[0,14],[0,16],[5,20],[3,6],[6,9],[13,-2],[0,6],[1,17],[-1,4],[2,30],[-1,18],[-4,13],[-2,6],[-5,32]],[[275629,639874],[0,-51],[9,-28],[1,-49],[1,-41]],[[282964,632051],[4,-15],[-10,-1],[-5,-10],[-11,0],[0,20],[5,1]],[[282947,632046],[-5,2],[-4,11],[-7,1],[1,5],[1,2],[2,2],[3,2],[4,10],[19,-1],[-1,-29],[4,0]],[[282909,656760],[7,0]],[[282916,656760],[0,-15]],[[282916,656745],[0,-22],[13,1],[-6,-16],[-7,1],[0,-23],[-2,29],[-5,0],[0,45]],[[282860,632947],[2,10],[0,23],[11,0],[0,-31],[3,0],[1,-49],[-4,8],[-8,-4]],[[282865,632904],[-4,3],[-2,3],[0,28],[3,4],[-2,5]],[[276826,628234],[17,-2],[0,-12],[1,-77],[-18,0],[0,91]],[[278771,638806],[70,-3],[0,-21],[0,-18],[1,-47],[4,-1],[5,-12],[-7,0],[1,-31],[0,-74],[-6,6],[-11,0],[-1,29],[-2,21],[0,12],[-2,38],[-14,2],[0,13],[-32,0],[-1,-1],[0,2],[-6,82],[1,3]],[[276140,656341],[5,0],[9,0],[0,-15],[5,0],[0,15],[5,0],[3,0],[2,0],[0,-28]],[[276140,656370],[0,-29]],[[283099,635247],[-15,0]],[[283084,635247],[0,170],[14,-1],[1,-169]],[[277560,630268],[10,-3],[11,38],[4,29],[3,0]],[[277588,630332],[3,-2],[10,7],[13,-44],[-5,-19]],[[277609,630274],[-23,2],[-5,-8],[-15,-12],[0,-39],[-11,1],[-6,-44],[-9,18],[-3,-4],[-2,33],[4,23],[7,19],[10,8],[4,-3]],[[282513,639166],[3,0],[4,0],[23,-2]],[[282543,639164],[0,-42],[15,-1],[0,-14],[-16,1],[0,11],[-6,1],[0,-39],[-8,0],[0,21],[-3,18],[-12,0],[0,46]],[[276203,656385],[-12,2],[-9,2],[-7,3],[-5,1],[-3,-1],[-5,-10],[-4,-6]],[[281679,645751],[44,4],[1,-25],[0,-22],[-7,-14],[-1,-38]],[[281716,645656],[-21,9],[0,22],[-11,-1],[-1,7],[-8,11],[4,26],[0,21]],[[280081,657300],[12,2],[9,-22],[8,-28],[-2,-21],[-6,-9],[-14,12],[-10,33],[3,33]],[[279374,656857],[7,43],[20,115],[12,92],[17,126],[11,107]],[[279441,657340],[17,-7],[14,-20],[12,8],[8,-2],[6,0],[8,0],[16,0],[24,200],[6,0],[0,-152],[10,8],[17,0],[3,-15],[15,0]],[[279597,657360],[1,-104],[-16,0],[1,-81],[-12,0],[0,-129],[7,0],[5,-25],[0,-254],[0,-122],[16,-1],[0,-45],[14,0],[0,-85]],[[279613,656514],[-59,0],[-31,0],[-7,1],[-53,0],[-25,1],[0,84],[0,87],[-12,0],[-9,0],[-10,-43],[-14,4],[-1,5],[8,33],[-24,1],[-1,168],[-1,2]],[[284551,637155],[5,0],[0,-10],[14,-25],[0,-26],[-10,-5],[-4,0],[0,19],[-5,0],[0,47]],[[279554,656250],[0,-12],[-11,-10]],[[279543,656228],[-12,-12],[-2,-1],[-11,-1],[3,-33],[-5,-6],[-11,22],[-16,7],[-3,18]],[[279486,656222],[-2,15],[-12,-17],[-4,17],[-14,-14],[-5,11],[13,34],[92,-2],[0,-16]],[[277361,626306],[1,253],[25,-4],[-5,18],[2,13],[-4,17],[3,43],[-7,8],[-2,32],[-4,26],[-2,61],[3,86],[-1,18],[7,22],[-15,3],[0,339],[1,440]],[[277363,627681],[0,66],[72,-1],[5,16],[2,1],[0,-5],[-4,-12],[44,-3],[0,-23],[-1,-206],[23,-51],[14,-14],[-2,-19],[7,-22],[1,-15],[9,-11],[3,-25],[-4,-31],[1,-19],[5,-1],[0,44],[14,0],[1,27],[6,8],[8,-3],[0,-79],[29,-3],[0,72],[15,-6],[-1,-110],[10,-10],[4,-34],[31,-3]],[[277655,627209],[5,-43],[2,-9],[4,-34],[3,-10],[0,-49],[-2,-71],[-3,-52],[-3,-8],[6,-23],[2,-27],[-3,-14]],[[277666,626869],[-7,-29],[-5,-49],[-6,-14],[-5,-29],[-2,-45],[1,-24],[-9,-30],[-7,-11],[-6,-19],[-7,-3],[-4,-20],[-7,-13],[-10,-4],[-7,-22],[-6,-6],[-6,3],[-17,-24],[-13,-66],[0,-72],[-3,-12],[-14,-12],[-9,-40],[-12,-2],[-5,-14],[-6,0],[-11,8],[-4,-12],[-6,-1],[-2,-10],[2,-25],[-3,-12],[-6,8],[-4,-8],[1,-29],[-2,-24]],[[277459,626207],[-97,13],[-1,86]],[[277188,645497],[0,-64]],[[276888,633003],[-3,-7],[0,-53],[-47,2],[-6,-3],[-15,1],[-1,13],[-5,43],[-6,30],[-14,38],[-14,34]],[[276777,633101],[-29,74],[-9,38],[-2,28],[8,-49],[8,6],[1,8],[6,-11],[13,0],[8,-12],[1,-14],[9,-20],[5,11],[13,-4],[2,-15],[10,-10],[3,-38],[6,-26],[0,-30],[6,-4],[19,36],[6,-11],[-2,-29],[12,1],[4,13],[9,-22],[0,-9],[1,-4],[3,-5]],[[279754,644971],[111,-5],[0,85],[186,0],[7,-23],[17,-30],[13,-33],[15,0],[75,3],[3,-3],[36,0],[15,0]],[[280232,644965],[94,0]],[[280326,644965],[-7,-189],[-7,-56],[-6,-20],[-5,-2],[-6,-20],[-6,-1],[-8,-11],[-12,-47],[-6,-36],[2,-38],[14,-46],[4,-10],[18,-29]],[[280301,644460],[-33,5],[-124,1],[-1,-170],[-37,1],[-113,-2],[4,-42],[-1,-44],[-70,-1],[0,-43],[-59,0]],[[279867,644165],[0,128],[-15,0],[0,170],[44,0],[0,167],[-15,3],[-1,169],[-14,1],[0,73],[-22,-3],[-10,13],[-18,2],[-4,11],[-19,14],[-26,30],[-13,26],[0,2]],[[280806,644031],[33,-2],[1,-2],[1,1],[6,-4],[4,5],[3,-30],[0,-53],[12,-33],[0,-22],[-7,-38],[-5,11],[-1,-58],[-11,-16],[-10,-21],[-18,-19],[-1,9],[-7,2],[0,270]],[[280619,643358],[0,-85],[53,-1],[7,12],[-17,-57],[-4,2],[-65,45]],[[280593,643274],[1,85],[25,-1]],[[279572,624606],[0,49],[11,-1],[0,12],[0,25],[3,0],[5,10]],[[279591,624701],[0,-10],[6,0],[10,0],[-1,-19],[0,-13],[-1,-40]],[[279594,624605],[-8,0],[-10,0],[0,-13]],[[279591,624701],[0,19],[-1,57],[7,0],[-1,56],[3,0],[1,22],[9,-11],[12,-19],[12,-39],[-2,-5],[-14,-6],[-1,-26],[-8,-41],[12,-7],[0,-11],[11,0],[3,-2],[0,-29],[-4,0],[0,-8],[-3,-1],[-5,0],[0,-33]],[[277092,631232],[6,-1],[0,-8],[1,-23],[-1,-14],[1,-29],[-1,-22],[4,-41],[-2,-37],[-7,-5],[-3,-24],[3,-42],[11,-22]],[[277104,630964],[-5,-47],[-6,-26],[-3,48],[0,25],[-3,43],[-4,29],[-7,23],[0,32],[0,2],[-2,0],[-1,0],[-1,19],[-5,0],[0,14],[5,3],[0,20],[-27,0],[0,44],[26,1],[4,8],[-4,35],[3,15],[5,0],[4,-66],[14,15],[-5,31]],[[276672,629446],[0,41],[8,-24],[3,-28],[12,-11],[0,-36],[-17,47],[-10,0],[4,11]],[[276891,622939],[6,0],[0,-15],[-3,1],[0,-9],[-3,0],[0,-47],[-1,-4]],[[276890,622865],[-1,9],[-10,49],[7,2],[0,9],[5,0],[0,5]],[[276558,625906],[4,2],[0,24],[13,-26],[1,-22],[-10,3],[0,-17],[-4,-2],[-3,-1],[-1,39]],[[276810,629707],[1,-27],[-2,0],[0,-17],[-4,0]],[[276805,629663],[0,17],[-2,0],[0,16],[4,1],[0,9],[3,1]],[[277493,628378],[6,0],[13,-2],[0,26],[8,-4],[21,-5],[0,-18],[-21,-5],[-3,-24],[-19,-1],[-5,17],[0,16]],[[280592,642486],[20,0],[0,-46],[-2,1],[-8,10],[0,-11],[-10,0],[0,46]],[[279460,648027],[28,0],[-2,20],[-8,6],[-3,25],[0,34],[54,-1],[9,-73],[2,-11],[1,0],[5,-35],[-5,-6],[-17,4],[-10,17],[-4,-8],[-4,-31],[-6,-13],[-9,0],[-3,-7],[-3,-28],[6,-13],[-5,-13],[-7,-4],[-3,-15],[-9,-4],[-8,-18],[1,174]],[[284991,662845],[-9,-51],[1,-8],[2,-15],[-1,-164],[-19,0],[0,-82],[-12,-1],[0,83],[-10,0],[0,-30],[7,-1],[0,-73],[-16,0]],[[284934,662503],[1,92],[1,12],[-99,2],[-22,0],[-1,10],[1,235],[22,72],[4,21],[4,0],[0,64],[-23,0],[0,21],[-7,1],[0,292],[-3,6],[-20,0],[0,43],[-8,0],[0,85],[-31,0],[-3,17],[-8,13],[-9,-8],[-6,-31],[-11,-42],[-17,-51],[-19,-70],[-17,-48],[-31,-66],[0,9],[10,24],[-3,12],[7,29],[11,4],[7,29],[0,18],[9,44],[3,35],[-29,0],[0,58],[-8,1],[0,17],[-8,0],[1,167],[3,15],[-41,0],[-49,-141],[-13,-31],[-24,-1],[-3,-6],[0,-29],[-12,-7],[-15,0],[0,-42],[-15,-1],[0,-21],[-15,-1],[0,-99]],[[279137,621157],[4,6],[15,-1],[8,4],[2,12],[-12,37],[0,8],[10,44],[3,33],[8,45],[6,-3],[6,-18],[2,-14],[-7,-40],[9,16],[-1,26],[-3,24],[0,32],[-12,13],[1,12],[11,1],[4,-8],[12,-2],[10,-23],[17,0],[4,24],[-1,8],[-10,20],[-5,32],[10,24],[5,27],[7,17],[8,44],[5,-2],[6,19],[41,0],[15,-21],[7,-27],[43,-89],[3,38],[0,22],[-7,23],[2,37],[-2,17],[23,0],[2,0],[0,-90],[61,-1],[0,91],[0,41],[15,0],[-1,41],[15,1],[12,12],[1,-7],[1,1]],[[279490,621866],[0,44],[-11,-1],[-4,1],[0,-86],[-29,-1],[-8,337],[-8,1],[0,67],[-1,10],[5,-15],[18,-15],[4,-12],[4,-34],[1,1],[10,-2],[20,0],[3,-2],[0,-97],[18,-15],[9,-15],[8,-22],[6,-8],[8,3],[8,-25],[6,-35],[-2,56],[-12,104],[-4,27],[0,30],[1,39],[-1,17],[-8,0],[1,-13],[-15,-1],[0,43],[-23,0],[2,38],[9,50],[-10,-55],[-2,-33],[-19,-1],[-6,-16],[0,-25],[-8,-11],[0,58],[-1,78],[-28,-1],[-2,1],[-1,96],[0,160],[0,11],[15,0],[64,-1],[11,-3],[22,1],[1,-1],[20,-1],[22,3]],[[279746,622592],[29,0],[32,-3],[-8,-12],[-8,2],[0,-25],[2,-9],[12,-1],[0,-46],[9,0],[0,-26],[10,-52],[0,-38],[-4,-9],[12,2],[4,-12],[12,-2],[7,-8],[8,5],[1,-281],[29,2],[1,-64],[14,0],[0,-63],[7,-1],[1,-42],[-71,3],[-9,5],[1,-175],[1,-85],[1,-84],[86,-2],[0,-60],[2,7],[11,23],[10,9],[6,20],[14,-1],[158,-3],[6,-3],[14,-70],[3,-23],[2,-34],[25,-1],[28,-1],[2,-211],[8,1],[2,0],[20,26],[5,1],[1,-1],[6,-12]],[[280248,621238],[6,-12],[5,0],[15,0],[46,-2],[6,3],[20,40],[0,-44],[1,-172],[1,-157]],[[280348,620894],[0,-39],[-5,-9],[-20,3],[-2,-9],[1,-75],[10,-3],[3,-41],[5,-17],[9,-59],[1,-263],[2,-376],[1,-73]],[[280353,619933],[-7,-9],[-7,1],[-10,37],[-5,-14],[2,-21],[6,-25],[-4,-27],[-10,-44],[-5,-43],[0,-41],[-11,-62],[3,-46],[1,-26],[-5,-15],[-9,7],[-10,-6],[-7,-17],[-1,-17],[3,-30],[-7,9],[-3,33],[2,30],[-19,-20],[-5,-12]],[[280245,619575],[-7,-14],[-8,-3],[-13,25],[-3,14],[0,19],[11,28],[1,16],[-9,34],[-5,30],[-5,49],[-1,37],[14,57],[9,31],[17,38],[3,35],[0,53],[-2,16],[-8,21],[-9,7],[-14,-12],[-12,-20],[-14,-17],[-6,-15],[-12,-40],[-9,-38],[-8,-23],[-11,-11],[-8,-2],[-10,6],[-14,25],[-13,51],[-14,69],[-7,23],[-13,6],[-10,-6],[-12,-38],[-8,-51],[-2,-34],[-2,-102],[-1,-10],[-18,-13],[-5,34],[-8,26],[-1,10],[1,95],[-2,4],[1,40],[-4,15],[-23,2],[-10,-6],[-24,-33],[-19,-30],[-6,-1],[-1,12],[-8,24],[-9,51],[-6,51],[-5,84],[-4,38],[-8,26],[-8,10],[-32,23],[-4,11],[-1,43],[0,34],[3,66],[0,50],[-2,8],[-7,4],[-16,-16],[-3,-5],[-18,-51],[-9,-36],[-10,-50],[-5,-14],[-3,-2],[-15,8],[-8,11],[-13,31],[-7,25],[-15,91],[-5,17],[-11,1],[-26,-23],[1,-24],[-1,-23],[-4,-36],[-2,-26],[0,-8],[3,-61],[0,-7],[-1,-12],[0,-7],[0,-10],[8,-32],[3,-18],[-32,-1],[-2,15],[-5,6],[-5,-5],[-11,4],[-4,14],[0,42],[-11,-1],[0,-17],[-4,15],[-14,0],[0,-33],[-7,0],[0,-27],[-4,-14],[-1,41],[-16,-1],[-1,-30],[-5,0],[0,-12],[-1,37],[-7,5],[-29,0],[0,41],[-14,-1],[-61,-4]],[[279429,620304],[-1,83],[-2,1],[-10,0],[-17,7],[-7,-2],[-2,-1],[-7,-9],[-11,-4],[-1,35],[-4,0],[1,19],[-12,0],[0,29],[-14,0],[0,73],[10,4],[19,16],[0,68],[-1,5],[0,9],[-19,-1],[3,6],[17,16],[9,9],[28,41],[9,17],[20,26],[3,19],[12,32],[12,0],[10,9],[18,2],[7,8],[6,33],[-28,26],[-9,20],[-5,31],[2,22],[-51,-53],[-30,-5],[-11,35],[15,37],[-2,12],[0,41],[-15,1],[0,26],[-5,0],[0,11],[-6,7],[-46,1],[-26,-1],[-4,-16],[1,-44],[-3,-16],[4,-19],[-1,-47],[-3,-23],[-124,2],[13,20],[8,37],[11,40],[8,14],[2,33],[-10,10],[-12,3],[-2,6],[4,42],[-11,37],[-4,5],[-16,-23],[-4,-2],[-6,8],[-2,25]],[[279548,621506],[0,-7],[0,-7],[0,-8],[0,-105],[5,9],[4,-3],[16,-71],[10,-10],[8,4],[3,3],[10,15],[1,65],[13,18],[-2,3],[-13,34],[-8,32],[-14,53],[-4,25],[0,6],[2,6],[-6,3],[0,4],[-2,-19],[0,-25],[-7,0],[-5,5],[-2,-2],[-1,-1],[-1,-2],[-4,-2],[-3,2],[0,-25]],[[280132,619970],[8,0],[4,0],[-4,23],[-4,0],[-4,-23]],[[279512,622846],[4,0],[0,-2],[0,-15],[-4,0],[0,17]],[[276669,630010],[8,0],[5,-20],[19,4],[6,-6],[2,1],[4,-4],[2,-7],[8,-6],[10,-10],[3,-2],[0,-7],[-1,-11],[-26,0],[3,-53],[-4,15],[-15,0],[0,54],[-7,-1],[0,11],[-5,0],[0,-23],[-11,0],[-1,65]],[[281722,642151],[14,0],[2,26],[4,-2],[0,-44],[-14,-1],[-6,0],[0,21]],[[280102,641135],[30,5],[-1,-182],[-3,0],[0,21],[-11,-1],[0,51],[-15,2],[0,104]],[[279087,619836],[18,25],[5,23],[0,16],[-3,27],[6,30],[-3,13],[6,2],[2,-16],[6,-13],[3,-18],[-3,-15],[1,-27],[4,-4],[6,-36],[1,5],[-4,31],[50,-1],[3,-15],[3,-40],[-1,-30],[4,12],[1,24],[7,6],[17,5],[1,38],[25,1],[9,24],[8,0],[-1,140],[29,0],[0,-30],[7,0],[0,-11],[21,1],[0,22],[15,1],[0,-42],[7,0],[0,-8],[7,0],[0,29],[7,1],[0,-22],[7,1],[0,21],[33,2],[0,20],[8,0],[0,21],[2,0],[1,84],[28,1],[-1,170]],[[280245,619575],[1,-28],[2,-329],[1,-168],[-57,3]],[[280192,619053],[-2,0],[-46,154],[-29,99],[-10,0],[0,30],[-64,216],[3,-26],[-2,-67],[7,-28],[4,-3],[-2,-28],[3,-13],[-1,-23],[3,-19],[-14,-2],[-5,-1],[-64,-1],[8,-31],[-15,7],[-3,8],[-2,-13],[-5,-14],[-24,-1],[0,-41],[15,-6],[9,1],[0,-22],[-9,2],[0,-18],[-29,-1],[0,8],[-15,0],[0,39],[-40,-90],[-18,-32],[0,-95],[-51,1],[-14,1],[0,12],[-116,-5],[-8,-2],[-52,-2],[-91,-4],[-23,-1],[1,252],[-14,0],[1,66],[-38,-44],[-8,-7],[1,-57],[-59,0],[0,-105],[-14,0],[0,-65],[-34,0],[-8,-2],[3,-19],[1,-23]],[[279322,619038],[-51,-3],[-3,3],[-180,-6]],[[279088,619032],[0,183]],[[279088,619407],[-1,36],[-16,-30],[-7,-38],[-4,-9],[-21,12],[-6,-6],[-5,-19],[2,-44],[-3,-13],[-9,-23],[-3,-16],[-12,-86],[-13,-17],[-11,-13],[-3,-11],[-9,-26],[-3,-15],[-4,-7],[-13,-8],[-5,42],[-1,35],[5,18],[3,28],[-1,14],[10,24],[0,44],[2,10],[6,13],[5,30],[1,14],[-12,-7],[-1,-14],[-15,0],[-29,-24],[-15,0],[-3,-25],[-8,-6],[-7,11],[-9,7],[-13,3],[-4,-5],[1,53],[-17,9],[-5,-6],[0,27],[-5,2],[-1,94],[12,0],[7,8],[-7,23],[13,-36],[3,-3],[10,-11],[21,-33],[21,-5],[20,8],[17,21],[4,12],[-3,28],[-10,28],[-17,34],[-6,15],[0,12],[7,39],[4,31],[4,17],[11,22],[27,28],[9,27],[3,21],[13,48],[3,16],[2,26],[-1,16],[-15,82],[-7,29],[-3,43],[6,37],[7,22],[17,25],[19,6],[17,-16],[4,-9],[2,-17],[-1,-49],[3,-73],[3,-55],[6,-22],[11,-21],[14,-11],[8,8]],[[286932,659691],[-21,1],[-23,-6],[-49,-34],[-11,2],[-3,11],[-10,10],[-1,9],[15,26],[1,58],[-2,9],[1,92],[-16,-2],[-1,-89],[0,-41],[-30,-3],[0,-79],[-15,0],[-8,-7],[-1,-42],[-7,-1],[0,-42],[-28,-2]],[[286723,659561],[-2,44],[1,125],[-6,15],[0,17],[-16,-1],[0,52],[19,1],[-3,21],[0,21],[-8,7],[-15,-5],[0,17],[6,14],[8,-3],[1,-9],[12,0],[-3,16],[3,23],[-6,45],[-5,11],[-16,9],[-2,-12],[4,-34],[-9,7],[-5,40],[-46,-3],[0,47],[17,0],[17,19],[5,-11],[13,-4],[18,28],[3,8],[1,-5],[2,163],[-15,-1],[0,11],[4,0],[0,22],[11,0],[1,123],[10,1],[0,15],[5,18],[-7,12],[-8,-1],[0,22],[-15,4],[-15,-1],[0,37],[-30,-2],[-5,6],[0,35],[-11,0],[-1,39],[-3,-3],[-1,312],[-7,12],[0,21],[-6,55],[2,8],[-10,-21],[-6,3],[-2,-18],[-10,-24],[-6,10],[-1,6],[-2,1],[-13,0],[-7,-1],[-8,31],[0,57],[-15,-3],[0,17],[-16,-25],[0,31],[16,2],[19,31],[3,13],[4,40],[-3,10],[-18,4],[-5,-18],[-5,16],[2,31],[6,17],[-8,18],[-9,10],[-5,14],[-4,44],[-23,-1],[-47,-5],[-3,-7],[-5,16],[-9,58],[6,41],[5,17],[10,-23],[14,68],[1,33],[-18,-2],[-6,8],[-12,-29],[-6,22],[9,26],[15,43],[9,28],[18,30],[2,2],[26,78],[17,48]],[[278423,639229],[2,-3],[3,-33],[0,-11],[1,6],[1,15],[0,-11],[4,-1],[0,-8],[0,-13],[2,-23],[-2,-9],[3,0],[6,0],[15,0],[-1,37],[4,3],[-1,32],[7,-6],[10,20],[5,0]],[[278482,639224],[0,-2],[0,-9],[2,0],[1,1],[1,-5],[0,-17],[7,-4],[6,-21],[-1,-1],[-2,0],[0,-12],[6,0],[5,-14],[6,-31],[3,5],[2,-5],[6,-24],[5,-7],[2,-5],[9,34],[1,34],[-1,85],[5,0],[2,0],[9,0],[-1,72],[-9,-36],[-1,50],[10,0],[-5,43],[0,42],[-5,0],[0,37],[5,3],[-6,37],[-1,9],[3,22],[2,3],[3,0],[7,0],[0,81],[-9,-14],[-21,-64],[3,-6],[-1,-4],[-17,31],[-17,43],[-11,19],[0,5],[1,-2],[5,76],[2,20],[8,44],[4,27],[12,140]],[[278517,639904],[17,-16],[22,-39],[13,7],[23,36],[12,19],[4,16],[7,65],[10,56],[17,57],[12,31]],[[278654,640136],[19,53],[16,35],[21,38],[10,22],[17,43],[19,23],[4,-1],[5,-1],[28,60],[23,68],[9,16],[2,4],[22,31],[12,19],[5,11],[0,23],[-1,12],[6,47],[5,20],[6,10],[8,31],[11,57],[7,21],[13,13]],[[278921,640791],[12,1],[8,-4],[11,-16],[20,-2],[12,16],[13,29],[29,37],[6,11],[9,48],[2,0],[7,-1],[0,-65],[0,-103],[1,-167],[0,-6],[1,-590],[0,-81],[0,-82],[0,-73],[8,22],[6,3],[8,-7],[4,-22],[-1,-53],[2,-26],[12,3],[9,-7],[6,3],[2,11],[-4,20],[-1,33]],[[279103,639723],[4,-11],[5,-54],[0,-75],[-60,1],[0,-19],[60,-1],[0,-169],[-52,2],[-1,-85],[-7,0],[0,-61],[7,0],[0,-8],[-1,-11],[-3,0],[0,-4],[-3,0],[0,-77]],[[279052,639151],[0,-93],[31,0],[-1,-169],[-30,0],[0,-254],[0,-85],[-30,-2],[0,-21],[15,-19],[0,-34],[14,-20],[0,-413]],[[279051,638041],[0,-172],[0,-231]],[[279051,637638],[-4,24],[-21,41],[-33,4],[-22,-1],[-9,-23],[-11,-16],[-8,18],[-6,-1],[-5,-13],[7,-38],[29,-96],[-75,1]],[[278893,637538],[-1,141],[1,28],[30,0],[-11,47],[-35,118],[-13,46],[-4,-4],[-2,-16],[-6,-1],[-4,5],[-1,-14],[-3,6],[-4,-4],[0,-12],[-3,-6],[-13,0],[8,20],[21,63],[-75,259],[-19,-2],[2,7],[0,34],[-2,15],[-2,16],[-54,184],[-6,0],[0,21],[-7,24],[-23,0],[0,42],[-14,1],[-16,0],[-7,-8],[0,92],[-42,0],[-12,7],[1,81],[30,-3],[2,43],[-4,10],[-21,61],[-12,39],[-6,-12],[-18,0],[0,18],[7,-1],[15,2],[-1,3],[-11,46],[-2,-1],[-8,-1],[0,-5],[-15,-1],[0,44],[-11,0],[-3,0],[0,-5],[-2,0],[-10,-1],[0,5],[-2,0],[-16,0],[-30,-1],[-21,-1],[-7,5],[-3,-2],[-15,-17],[-3,-5],[-12,44],[-3,32],[-10,12],[11,22],[0,11],[-2,28],[2,14],[8,23],[16,76],[3,19]],[[284031,624373],[4,15],[9,9],[7,41],[9,12],[0,50],[25,-1],[0,-51],[6,-5],[13,-6],[-1,11],[-8,37],[7,0],[2,14],[18,-1],[0,42],[14,0],[0,-42],[44,-1],[0,29],[17,0]],[[284197,624526],[3,-43],[47,0],[-1,-22],[8,-12],[5,0],[7,22],[-1,11],[7,-10],[3,11],[2,-25],[0,25],[4,0],[3,-24],[9,0],[2,-24],[12,-3],[5,45],[4,10]],[[284316,624487],[3,8],[15,-80],[8,-25],[7,-6],[2,-20],[17,34],[40,1],[0,-73],[3,-15],[10,-11],[7,14],[8,0]],[[284436,624314],[0,-27],[4,1],[-2,-19],[5,7],[6,-23],[5,10],[3,-15],[4,11],[12,-25],[2,9],[9,3],[11,18],[5,-5],[4,-31],[-9,0],[-3,-7],[7,-27],[3,-3],[-8,-37],[6,-32],[8,25],[14,26],[0,-197],[38,-1],[21,-58],[6,-1],[5,-27],[3,-28],[6,-17],[1,-14],[-15,-16],[-6,2],[0,-91],[19,-1],[3,-36],[5,1],[0,-64],[1,-25],[17,4],[12,-4],[4,-14],[-1,-15],[2,-12],[11,-1],[48,-2],[14,2]],[[284716,623558],[-16,-28],[-23,-25],[-23,-37],[-3,-5],[-13,-45],[-12,-59],[0,-8],[1,-27],[0,-13],[11,-50],[12,-72],[8,-43],[3,-20],[20,-44],[4,-20],[2,-5],[17,-44],[23,-93],[43,-177],[9,-78],[24,-78],[7,-29],[2,-9],[11,-76],[9,-77],[0,-8]],[[284832,622388],[-12,-4],[-37,1],[-9,-4],[2,80],[-4,59],[-3,26],[-15,1],[0,22],[-16,0],[0,-22],[-31,1],[-8,16],[-4,3],[0,-18],[-22,0],[-15,-7],[0,-36],[-21,3],[-28,9],[-14,-10],[9,-42],[-8,0],[-16,32],[0,62],[-5,0],[2,13],[-5,24],[-5,12],[-1,25],[-11,-2],[-9,-24],[-6,-9],[-7,-23],[-6,-12],[-5,-35],[-3,-10],[-12,-17],[-3,-34],[3,-29],[-1,-30],[-4,-15],[-13,-38],[-15,-9],[-7,-48],[-2,-43],[-4,-7],[3,-8],[7,-20],[-7,0],[-16,0],[-44,2]],[[284404,622223],[-26,61],[-11,42],[3,25],[-3,31],[-5,22],[-4,47],[-3,9],[2,20],[14,23],[-1,46],[3,12],[-36,59],[-8,-7],[-5,-13],[-13,-92],[-7,-7],[-3,41],[9,80],[1,17],[1,9],[2,4],[-6,8],[-18,0],[0,22],[-6,2],[-11,16],[-9,26],[-8,49],[-7,6],[-4,22],[-6,-59],[-7,0],[1,86],[7,-1],[10,33],[0,29],[-3,34],[4,1],[2,19],[-13,1],[-9,-17],[-12,-10],[-11,-1],[4,31],[-2,25],[-13,16],[0,13],[-17,1],[0,7]],[[284180,623011],[6,21],[2,2],[8,-5],[18,-2],[12,3],[19,27],[7,22],[6,56],[3,14],[5,2],[13,17],[5,-3],[6,6],[0,8],[7,2],[15,18],[16,41],[3,7],[2,6],[3,3],[6,4],[4,1],[23,-21],[6,-1],[5,5],[12,18],[1,52],[-24,1],[-5,9],[3,16],[4,59],[-2,2],[-12,-1],[-1,-7],[-64,7],[0,42],[14,1],[0,43],[-4,42],[-2,36],[5,14],[0,-29],[6,7],[0,16],[-8,42],[-8,3],[1,24],[15,-19],[-8,36],[0,69],[-11,1],[0,15],[65,-3],[57,1],[-9,32],[-5,7],[-8,24],[-4,0],[-4,15],[-2,49],[1,31],[-6,5],[-17,-4],[-11,18],[-17,-18],[-1,-8],[-33,6],[-6,4],[-29,-3],[-4,-3],[-13,8],[-3,6],[-10,40],[-7,23],[-5,22],[-25,11],[-13,29],[-6,22],[-12,7],[-4,20],[-6,9],[-2,23],[-17,39],[-2,20],[-11,-3],[-9,13],[-6,16],[-11,39],[-6,15],[-5,0],[-8,12],[-2,8],[3,9],[0,46],[-13,0],[-8,16],[-10,-6],[-17,20],[0,13]],[[286723,659503],[0,-10]],[[286723,659493],[-14,8],[-1,16],[-12,15],[-12,-10],[-9,-24],[-11,2],[-13,17],[-2,17],[-12,10],[0,18],[-5,2],[-12,-8],[-29,1],[0,96],[35,-58],[0,45],[11,0],[9,9],[15,-13],[0,-16],[-6,-1],[1,-59],[17,-7],[5,-7],[22,-8],[23,-35]],[[286834,659547],[9,-2],[9,-4],[-2,-20],[-13,0],[-3,26]],[[279042,651711],[2,-3],[13,-1],[17,-40],[6,-13],[7,-17],[0,-57]],[[279087,651580],[-15,0],[0,-83],[-36,-1],[-1,85],[-1,85],[8,45]],[[277292,621396],[8,0],[26,-36],[14,-2],[15,29],[3,26],[0,-157],[51,0],[31,0],[8,-67],[-7,-35],[0,-48],[-17,-71],[0,-34],[0,-137],[0,-13],[14,-30],[-1,-76],[-14,-1]],[[277423,620744],[-29,0],[-16,0],[2,12],[0,126],[-8,34],[-8,-41],[-7,-52],[0,97],[8,32],[4,8],[0,44],[0,118],[-11,5],[-1,12],[-33,-1],[-31,172],[-1,86]],[[282003,645524],[7,1],[4,-11],[-6,-23],[-5,0],[0,33]],[[276145,653370],[24,0],[12,0],[11,1],[0,42],[0,42],[0,22],[0,19],[0,41],[9,5],[6,0],[45,0],[0,-45],[30,0],[5,-2],[25,-34]],[[276312,653461],[0,-38],[0,-52],[-2,-39],[0,-45],[1,-21],[13,0],[3,0],[0,-20],[1,-13],[0,-30]],[[276328,653203],[-6,-11],[5,-16],[-7,-1],[2,-50],[6,-7],[-6,0],[-12,-1],[-4,15],[-21,70],[-24,83],[-5,0],[-2,-8],[0,-55],[1,-22],[9,1],[2,0],[9,0],[5,0],[0,-42],[0,-8],[0,-36],[-3,-2],[-8,-9],[-17,2],[0,29],[0,23],[0,42],[-30,1],[-2,1],[0,20],[-2,22],[-2,0],[-1,42],[-8,0],[-15,0],[-4,0],[-7,6],[-11,-6]],[[276170,653286],[-9,0],[-2,6],[-12,24],[-7,18],[5,36]],[[287069,638799],[7,0],[38,1],[5,174],[1,68],[0,87],[-2,14]],[[287118,639143],[119,4],[44,-1],[0,-43],[12,-7],[10,2],[5,7],[9,-13],[1,-30],[8,-7],[6,5],[40,-5],[14,0],[0,-86],[15,-21]],[[287401,638948],[0,-35],[-9,-3],[1,-253],[2,-372],[0,-221],[1,-58],[-7,18],[-4,26],[-9,11]],[[287376,638061],[-11,15],[-4,1],[-20,60],[-11,7],[-12,26],[-9,14],[-16,36],[-10,44],[5,14],[-8,19],[-3,39],[0,65],[-16,0],[0,-73],[-28,0],[0,61],[-29,0],[0,-50],[-9,0],[1,60],[-22,-1],[2,27],[-2,9],[-1,133],[-59,-1],[-12,-1],[-15,0],[-16,-1],[-33,-1],[-1,36],[-6,133],[0,30],[38,16],[0,21]],[[277197,631971],[51,-5],[9,0],[17,-2],[0,26],[11,7],[0,42],[-5,46],[5,7],[0,88],[26,2],[3,-4],[0,-131],[30,-1],[2,-30],[0,-57],[28,-1],[0,30],[0,127]],[[277374,632115],[59,-1],[2,16],[46,-15],[0,-3],[35,-3],[-2,-26],[9,-1],[12,9],[1,17],[12,29],[3,28],[6,25],[2,23],[5,18],[46,0],[1,343],[15,-1],[0,168],[-3,6],[0,65],[-1,0],[19,84],[35,0]],[[277676,632896],[54,-2],[-10,-50],[-4,-9],[-17,1],[-9,-7],[-5,-18],[43,-2],[20,0],[0,-36],[6,-4],[-1,-119],[7,-22],[10,-15],[5,-19],[3,-29],[11,-9],[10,5],[11,-23],[5,-15],[4,3],[5,25],[5,9],[114,-6],[1,171],[44,-3],[-1,-170],[88,-7]],[[278075,632545],[-1,-165],[-1,-215],[-59,-165],[0,-40],[17,-6],[20,-1],[0,-85],[22,1],[0,166],[23,-2],[1,-3],[0,-61],[10,-17],[-8,-38],[-2,-35],[3,-42],[-8,-16]],[[278069,631018],[-6,-2],[-9,-40],[-13,-5],[-9,-33],[-11,-22],[0,-15],[-14,-29],[-9,0],[2,14],[-19,1],[-17,-1],[-17,-10],[-3,3],[-6,-16],[-14,-6],[-1,-86],[-28,-1]],[[277895,630770],[0,132],[6,-1],[-4,38],[-3,4],[-10,44],[-5,12],[-18,6],[-6,-5],[2,-34],[3,-15],[-5,-25],[-1,-24],[0,-52],[-5,-4],[-10,-34],[-11,1],[-3,-14],[-16,-20],[-3,-3],[0,-35],[1,-11],[-4,-24],[-10,-12],[-1,-34],[5,-36],[-9,-48],[3,-6],[-6,-50],[-4,-5],[1,38],[-21,-15],[-1,-10],[-16,-4],[-20,3],[-21,-11],[-17,-13],[-7,-9],[-15,-10],[-24,-1],[-6,3],[-12,-5],[-13,-38],[-13,-1],[-2,-35],[2,-36],[-2,-18],[-6,-21]],[[277560,630268],[-1,13],[-12,19],[-14,-3],[0,10],[-5,5],[-7,47],[1,22],[-4,27],[-12,0],[0,35],[-8,30],[-7,16],[0,48],[-4,18],[-11,29],[-5,32],[-17,25],[-7,5],[0,31],[-5,-22],[-15,-20],[-4,-17],[-3,-30],[-3,-5],[-7,-3],[-8,10],[-20,0],[-13,-17],[-6,-28],[-6,-18],[-1,-13],[-18,-36],[-8,-29],[-13,-6],[-13,-24],[-9,-25],[-2,-35],[3,-21],[-11,-23],[3,-33],[-12,-30],[-3,-14],[-14,-32],[-1,14],[-10,-6],[-3,10],[-9,-13],[-10,2],[-8,30],[-13,12],[-5,39],[-6,4],[-6,21],[1,25],[-12,5],[-5,19],[-2,37],[-13,21],[-8,35]],[[277149,630461],[-4,22],[-9,21],[1,14],[5,13],[-2,13],[3,13],[-2,19],[2,35],[-4,18],[8,25],[-1,17],[-6,20],[3,36],[-2,17],[-7,7],[1,19],[5,16],[-1,21],[-6,24],[0,25],[-12,18],[1,15],[5,7],[-4,17],[-9,16],[5,18],[-1,13],[-14,4]],[[277092,631232],[-7,12],[-3,36],[-3,14],[1,15],[6,25],[0,16],[8,22],[-2,24],[-6,21],[-15,-9],[-2,9],[3,29],[0,22],[-5,20],[-12,44],[-5,30],[5,19],[9,14],[4,22],[-4,5],[2,33],[9,18],[-1,21],[12,5],[6,-3],[5,-14],[9,15],[0,13],[15,25],[-9,-4],[-20,-1],[-8,8],[-9,33],[3,20],[5,3],[-2,29],[89,-2],[16,47],[6,11],[1,8],[1,7],[4,9],[-1,68]],[[276562,619976],[7,6],[13,-36],[6,-1],[18,17]],[[277014,619523],[1,-167],[11,-7],[11,-37]],[[282281,650119],[1,-65],[0,-139]],[[282282,649915],[1,-115],[2,-255],[-2,1],[-43,-2],[0,-32]],[[282240,649512],[-15,-1],[0,32],[-8,0],[0,9],[-12,-1],[0,43],[-7,0],[-2,33],[-32,-2],[-4,0],[-2,-20],[3,1],[0,-24],[-9,-6],[-2,0],[-1,48],[-21,-1],[1,-53],[21,1],[0,-29],[-30,-3],[-1,84],[-15,-1],[-14,-2],[-1,74],[-14,3],[-3,16],[-5,10],[0,38],[-5,31],[-12,17],[-7,-2]],[[282043,649807],[5,13],[-1,51],[-4,0],[-2,236],[67,4],[24,1],[32,-2],[19,3],[98,6]],[[276484,631032],[4,0],[0,-15],[-3,-1],[-1,16]],[[280691,642105],[25,0],[3,-29],[0,-47],[2,-6]],[[280721,642023],[-5,-2],[-25,-1],[0,85]],[[287717,645942],[60,0],[0,171]],[[288014,645283],[-45,1],[0,-86],[-15,0],[0,-63],[-10,-24],[-109,-1],[-1,343],[-53,0]],[[287781,645453],[18,56],[-8,48],[-2,70],[-12,25],[0,22],[0,70],[-5,15],[-3,18],[-6,6],[-4,17],[-3,-3],[-11,29],[-15,19],[-10,56],[-3,4],[0,37]],[[285428,638459],[-5,1],[0,-20],[-25,-1],[0,21],[0,0]],[[285398,638460],[0,21],[14,0],[0,38],[5,0],[10,-7],[0,-30],[4,16],[-3,-39]],[[280292,625795],[0,-1],[1,-1],[0,0],[0,0]],[[279192,656164],[12,35],[49,151]],[[279253,656350],[8,-37],[18,0],[0,-85],[-14,1],[-1,-23],[-7,-9],[-1,-10]],[[279256,656187],[-7,0],[-33,-55],[-4,17],[-16,-6],[0,29],[-4,-8]],[[280704,631573],[6,0],[-1,-29],[-5,0],[0,29]],[[287482,644116],[44,2],[-6,-42],[6,1]],[[287443,643980],[-2,0],[20,50],[-8,-1],[0,43],[20,1],[-1,15],[4,2],[0,-17],[6,0],[0,43]],[[286584,641675],[16,2],[-1,19],[7,0],[3,-18],[2,-19],[7,-27],[-4,-20],[5,-18],[-6,-1],[-4,0],[-9,0],[-15,0],[-1,82]],[[285918,643020],[15,0],[0,-53],[-15,0],[0,53]],[[286741,645921],[5,0],[5,13],[3,3],[9,9],[1,8],[0,10]],[[286764,645964],[23,1],[7,-7],[0,-36],[7,0],[0,43],[23,0],[1,-42],[-7,-1],[-15,-47],[9,-1],[12,17],[29,1],[15,-7],[0,-26]],[[286868,645859],[0,-57],[-7,0],[-46,1],[10,-64],[13,1],[1,-12],[-21,-2],[-3,19],[-3,-2],[-7,40],[-2,5],[-4,0]],[[286799,645788],[-6,-39],[-4,11],[-6,4],[-2,3],[-2,4],[0,10],[-2,8],[-16,50],[1,15],[-2,7],[-1,6],[-4,0],[-6,3],[-8,21],[0,30]],[[285583,647090],[31,1],[1,-64],[-11,-2],[0,-20],[-20,0],[-1,85]],[[286049,647088],[30,4],[0,5],[-1,42],[30,0],[0,-37],[0,-5],[15,2],[1,-10],[0,-19],[11,-53],[-4,-17],[-18,-1],[4,-40],[-6,-33],[-3,2]],[[286108,646928],[-59,-1]],[[286049,646927],[0,161]],[[287573,640893],[-1,-151],[-4,0]],[[287568,640742],[-10,75],[-4,12],[-10,-8],[0,26],[-11,7],[3,44],[9,-5],[10,4],[18,-4]],[[287131,640846],[32,3],[0,-20],[0,-64],[2,-41],[5,-54],[-37,0],[0,136],[0,20],[-3,20],[1,0]],[[285022,643662],[0,-6],[-18,-1]],[[285004,643655],[-15,0],[0,85],[33,1],[-1,-42],[-2,0],[-2,-30],[5,-7]],[[282964,632051],[1,1],[71,22],[-2,267]],[[283034,632341],[15,0],[1,40],[8,14],[5,3],[11,-16],[11,0],[0,42],[9,32],[0,10],[71,1],[0,60],[2,26],[16,1]],[[283183,632554],[-1,-66],[4,-38],[1,-38],[2,-9],[8,-18],[118,-2],[44,2],[1,-376],[-4,-9],[0,-46],[-3,-37],[-6,-41],[13,0],[12,1],[59,3]],[[283431,631880],[0,-169],[-59,-2],[0,-170]],[[283372,631539],[-120,0],[3,9],[-1,161],[-7,-2],[-5,-11],[1,-23],[-2,-12],[-20,-1],[-4,-58],[-4,-5]],[[282981,631532],[-2,343],[-16,-1],[-2,-39],[-5,-31],[-11,-1],[-10,72],[-17,0],[-1,161]],[[282917,632036],[0,11],[30,-1]],[[276614,652643],[5,-2],[10,10],[3,1],[2,-1],[20,24],[5,-8]],[[276659,652667],[13,-5],[2,6],[5,-5],[7,9],[3,4],[4,1],[-1,-7],[4,-14],[7,-2],[7,-10],[3,2],[-1,22],[3,4],[15,2],[5,-3],[-2,-28],[3,-7],[21,14],[7,-18]],[[276764,652632],[0,-80],[0,-50]],[[276764,652502],[0,-45],[1,-39],[0,-27],[0,-100],[-15,0],[-24,0],[-20,1],[-1,-77],[0,-93],[-1,0]],[[276704,652122],[-30,1],[-15,0],[-15,1],[-29,0]],[[276615,652124],[0,128],[0,42],[0,20],[-1,18],[1,52],[0,37],[0,39],[-1,58],[1,6],[-1,109],[0,10]],[[286910,647199],[76,7],[2,3],[0,72],[38,2],[4,-9],[-1,-51],[-11,0],[0,-15]],[[287018,647208],[12,0],[0,-10],[-25,-1],[-5,-21],[0,-64]],[[287000,647112],[-89,-1],[-1,88]],[[280010,647437],[0,12],[3,-3],[-1,-9],[3,-6],[-2,-10],[-3,8],[0,8]],[[276720,648056],[6,-2],[8,-9],[40,-60]],[[276774,647985],[26,-33],[21,-37],[3,-1]],[[276824,647914],[3,-7],[8,3],[5,-10],[3,-23],[-9,-16],[-5,-19],[2,-20],[0,-33],[3,-60],[2,-19],[-33,0],[-82,2],[-1,344]],[[280895,639145],[-2,16],[-22,-1],[0,84],[10,1],[-1,37],[0,4],[5,-41],[2,20],[4,0],[0,-20],[28,2],[-19,-80],[-5,-22]],[[283866,632165],[5,0],[0,22],[22,1],[0,-11],[-5,0],[0,-11],[-3,0],[-1,-15],[-4,0],[0,5],[-13,-1],[-1,10]],[[287185,649323],[18,0],[111,3]],[[287314,649326],[-1,-11],[5,-24],[5,-5],[1,-21],[7,-9],[5,1],[1,-27],[5,-47],[1,-26],[70,1],[0,-169],[1,-172],[60,2],[2,-424],[-61,-1],[1,-82],[-60,-2],[1,-223]],[[287357,648087],[-24,52],[-96,-2],[1,-170],[-39,-1],[-1,170]],[[287198,648136],[-1,148],[-19,-14],[-31,-39],[0,110],[-25,0],[-5,-6]],[[287117,648335],[-1,308],[0,167],[7,3],[33,0],[4,3],[15,-3],[0,170],[-2,248],[2,2],[2,5],[3,15],[2,10],[0,11],[2,11],[1,38]],[[281569,653973],[55,2],[0,-53],[-15,1],[0,-33],[13,0],[0,-72],[-1,-13],[18,0],[15,0],[4,0],[0,-26],[1,21],[3,-6],[10,-1],[0,-30],[19,0],[0,-29],[3,0],[6,3],[0,26],[4,0],[1,30],[10,7],[0,7],[45,1],[0,29],[3,32],[11,59],[5,26],[2,47],[8,-3],[0,22],[38,3],[0,-43],[22,2],[0,42],[38,0],[0,-31],[23,-1]],[[281910,653992],[0,-8],[0,-4],[11,-19],[1,-20],[15,1],[0,-43],[15,0],[0,-39],[4,-31],[-9,0],[0,-16],[-33,-2],[0,-50],[-1,-16],[10,3],[21,0],[1,-58],[-6,0],[0,-123],[14,9],[10,11],[3,13],[0,42],[-12,0],[1,31],[14,-23],[15,-7],[27,1],[0,-30],[-14,-18],[15,-38],[-24,0],[-4,-3],[0,-25],[-29,0],[0,-16],[-8,-8],[-7,3],[-11,25],[-13,-4],[-4,-10],[1,-362],[18,10],[25,1],[0,86],[74,4],[1,-55],[24,-9],[16,2],[11,10],[9,-5],[0,-66],[30,1],[0,-78],[-30,0],[1,-35],[-5,-1],[-12,-37],[10,-12],[48,0],[2,-8],[10,-4],[7,-10],[-1,108],[30,0],[-1,81],[13,0],[33,-77]],[[282226,653064],[0,-4],[45,1],[1,-103]],[[282272,652958],[1,-152],[-6,0],[0,-25],[-7,0],[0,-12],[-9,-1],[1,-10],[-5,-18],[3,-50],[-4,-8],[1,-62],[-5,-1],[-11,-21],[-2,-23],[-8,-20],[-4,-30],[-1,-58],[-119,-2],[0,-171],[0,-93],[-4,9],[-12,-16],[-13,6],[-10,26],[-12,10],[-1,14],[-8,4],[-4,14],[-17,13],[3,-24],[-3,-24],[1,-25],[-32,0],[1,-85],[-22,0],[0,-12],[-10,1],[0,-21],[-9,-1],[0,-41],[15,1],[0,-45],[9,1],[3,-30],[-3,0],[-1,-12],[-13,-2]],[[281955,651962],[-3,-17],[-2,8],[3,7],[-6,15],[-2,35],[-6,-1],[-2,39],[-7,0],[0,23],[-11,-2],[0,-9],[-3,34],[-10,0],[-4,27],[-11,0],[-2,0],[0,26],[0,-4],[4,0],[-1,20],[-3,0],[0,13],[-1,115],[0,10],[0,32],[0,36],[0,7],[0,32],[-2,15],[-1,7],[-10,30],[-27,78],[2,8],[-2,14],[7,19],[6,-6],[-4,14],[-21,-1],[-9,27],[-6,3],[-4,12],[-5,-1],[0,14],[-25,72],[-8,24],[-7,20],[3,12],[-7,-1],[-9,27],[-8,20],[-7,2],[0,15],[0,-15],[-10,-1],[-10,0],[-2,0],[-1,16],[3,0],[0,16],[-2,0],[-1,16],[1,4],[0,28],[-3,0],[0,12],[-5,4],[0,-17],[-12,0],[-2,0],[-11,-2],[0,18],[-1,-18],[-20,1],[-8,12],[0,12],[-2,0],[-1,31],[-11,17],[0,17],[-8,13],[-2,1],[-20,49],[-30,71],[-3,6],[-1,3],[-10,23],[-16,40],[-1,1],[-44,102],[-16,41]],[[281495,653333],[1,3],[1,2]],[[281497,653338],[15,-39],[-2,11],[3,41],[-2,37],[0,4],[-4,27],[-7,16],[1,38],[-14,2],[0,1],[1,1],[0,1],[1,1],[2,3],[-1,29],[2,15],[-1,17],[-6,1],[-5,-7],[-5,24],[2,10],[10,12],[0,11],[-6,5],[-7,-5],[-8,13],[7,10],[1,15],[-6,20],[-7,11],[-6,-4],[-3,11],[12,17],[2,29],[3,0],[22,0],[3,4],[0,84],[7,0],[8,0],[0,-59],[3,0],[9,31],[17,24],[6,2],[9,1],[1,0],[1,0],[0,20],[5,0],[6,-14],[11,-5],[-1,4],[-6,44],[0,79],[0,6],[-1,36]],[[280123,658532],[31,0],[0,52],[6,39],[3,33],[6,45],[29,0],[1,-76],[7,-10],[68,-1],[15,0],[1,-85],[29,-1],[0,24],[16,-1],[0,-23],[41,-1],[0,40],[19,1],[0,43],[39,-1],[0,42],[3,5],[4,-36],[5,3],[3,29],[20,1],[9,17],[7,-7],[0,-34],[15,-1],[0,-106],[15,-1]],[[280515,658522],[0,-171],[-60,2],[0,-422],[33,-1],[0,89],[27,1],[0,-91],[38,-2],[0,-39],[12,0],[0,-46],[-10,0],[0,-72],[-3,0],[-1,-31],[8,-5],[7,-14],[7,-37],[-6,-84],[0,-34],[3,-19],[-3,-16],[-18,-23],[-2,0],[-1,60],[-3,5],[-3,0],[0,2],[-5,-1],[-1,1],[0,3],[-2,4],[-3,10],[-14,2],[0,-84],[28,-2],[0,-32],[-28,1],[0,-41]],[[280515,657435],[-61,0],[1,74],[-60,2],[-9,1],[0,-30],[-22,1],[0,-42],[-25,1],[1,-80],[-21,11],[-28,-3],[-2,-13],[0,-86],[-33,0]],[[280256,657271],[-46,0],[-3,16],[-8,13],[-11,-2],[-17,-13],[-7,18],[-4,15],[1,27],[10,35],[0,7],[-18,30]],[[280153,657417],[0,104],[1,168],[0,95],[-8,1],[1,29],[-53,99],[0,30],[60,0],[0,63],[0,95],[0,46],[-13,49],[-19,72],[-6,-10],[-1,-62],[-21,-1],[0,169],[12,0],[-1,22],[7,3],[0,24],[-6,10],[0,14],[-6,9],[24,51],[-1,35]],[[282775,638950],[-11,-42],[19,-28],[-4,-16],[11,1],[8,29]],[[282798,638894],[-3,-19],[5,-13],[-16,-2],[0,-24],[-5,25],[-13,-44],[-33,65],[-1,3],[-6,20],[0,2],[7,-23],[1,25],[8,27],[12,14],[-1,3],[5,4],[17,-7]],[[280619,643358],[-1,85],[66,-2],[0,83],[0,86],[-74,2],[-1,43],[-18,1],[5,45],[10,38],[4,29],[6,20],[8,12],[7,32],[3,21],[6,20],[11,3],[5,6],[12,3],[6,5],[11,-12],[0,2],[-9,12],[-3,1],[-5,-6],[-8,3],[-2,-1],[-6,-9],[-2,1],[-10,-5],[-7,-19],[-3,-24],[-7,-29],[-9,-17],[-7,-29],[-3,-21],[-10,-36],[-5,-45],[-5,9],[4,117],[0,23],[-4,-2],[1,91],[25,0],[2,56],[15,1],[0,85],[59,-2],[1,170],[-119,2]],[[280568,644206],[0,85],[85,0]],[[280653,644291],[34,-2],[-1,170],[119,-5],[43,3],[2,-81],[5,-8],[14,-4],[1,-33],[7,0],[15,0],[4,-10],[25,48],[9,1],[11,16],[18,-37],[12,5],[1,-3],[7,9],[9,-4],[6,-14],[5,-24],[2,-40],[9,-6],[12,40],[1,18],[7,8],[2,-5],[1,-6],[-1,-23],[8,-25],[15,-16],[7,-1],[8,15],[5,27],[5,8],[4,-8],[6,-28],[7,2],[2,8],[0,29],[6,47],[9,7],[12,-14],[12,-7],[11,41],[8,5],[13,-9],[12,-17],[-4,-29],[4,-8],[8,10],[13,5],[14,-6],[5,2],[12,31],[1,10],[-6,35],[-6,6],[-1,15],[10,29],[7,9],[7,-19],[2,-39],[6,-13],[4,1],[6,12],[6,21],[1,37],[-5,28],[0,20],[4,9],[8,9],[8,-9],[4,9],[0,14],[6,7],[11,-3],[3,20],[0,19],[5,1],[2,18],[5,5],[3,-9],[-3,-38],[3,-8],[16,-2],[-1,-12],[6,1],[2,19],[4,4],[8,-6],[-2,-31],[-1,-6],[8,-25],[7,2],[4,9],[6,-18]],[[281382,644504],[0,-31],[3,-511],[1,-169],[-60,-3],[1,-85],[29,1],[1,-84],[30,1],[0,-255],[0,-3],[0,-5],[8,7],[21,-1],[10,11],[0,-18],[6,-6],[12,-2],[4,-239],[-35,-28],[-6,25],[-3,28],[-10,28],[-5,2],[0,-210],[1,-193],[2,-401]],[[281392,642363],[2,-413],[0,-72],[-112,-5],[-4,13],[-20,34],[-4,19],[-10,-20],[-12,16],[-18,-24],[-2,-15],[-9,7],[-4,-2],[-7,17],[-14,-18],[-9,6],[-7,-5]],[[281162,641901],[-30,-9],[-9,18],[-10,33],[-39,0],[-1,84],[-54,0],[0,35],[-19,20],[-8,1],[-8,10],[-14,-5],[-10,4],[-8,-7],[-5,3],[-19,58],[-5,6],[-9,-3],[-5,3],[-9,5],[-6,6],[-1,1],[-2,4],[-2,1],[-1,2],[-2,7],[-3,19],[-9,2],[-6,-17],[-6,9],[-9,0],[-13,-20],[-5,6],[-9,37],[-8,16],[-4,12],[-3,27],[-2,-14],[-1,-79],[0,-48],[1,-60],[0,-3],[-14,-42],[-4,10],[-34,-98],[14,1],[-1,-33],[-3,-11],[-16,-2],[0,-35],[-24,-3],[-34,-98]],[[280693,641754],[-1,83],[0,15],[1,6],[27,76],[3,0],[-1,5],[-1,84]],[[280691,642105],[-2,144],[0,21]],[[280689,642270],[2,371],[-5,7],[-11,61],[-9,30],[-27,35],[-4,0],[-7,-21],[-8,18],[1,23],[-3,11],[-13,1],[-4,-17],[-8,0],[-5,-16],[-7,18],[-6,-3],[-5,34],[-8,20],[-7,-3],[-12,14],[-4,-1],[-7,-30],[-6,8],[-7,65],[0,60],[8,4],[1,70],[-7,23],[-1,37],[-1,3]],[[280519,643092],[4,6],[-5,21],[0,29],[-14,73],[0,76],[65,-8],[24,-15]],[[287220,655357],[121,6],[-1,85],[60,3],[-1,105],[-1,86],[36,5]],[[287434,655647],[31,4]],[[287465,655651],[0,-86],[-29,-4],[0,-119],[-16,-2],[1,-82],[15,0],[3,17],[7,-3],[5,12],[1,-13],[7,19],[-2,-16],[5,-3],[5,18],[4,0],[0,-29],[-33,-2],[0,-104],[-15,-1],[-1,-63],[12,0],[39,2],[2,-166],[-36,-3],[0,-169],[8,1],[29,1],[1,-84],[2,-3],[6,16],[3,24],[7,17],[1,17],[8,15],[30,1],[62,2],[2,-335],[59,4],[1,-16],[-39,-104]],[[287619,654410],[-81,-10],[-127,-15]],[[287411,654385],[-64,-2],[-56,-7],[-105,-13]],[[287186,654363],[-1,69],[-9,49],[-2,25],[55,4],[-3,339],[-61,-4],[-3,269],[2,-4],[3,27],[9,-3],[-1,14],[7,-1],[4,10],[11,-2],[15,21],[1,9],[5,-4],[4,0],[-2,176]],[[283384,647245],[18,-1],[12,-12],[12,0],[-9,-8],[-13,-12],[-23,21],[3,12]],[[285843,638317],[-1,16],[5,0],[0,-16],[10,2],[0,44],[32,-2],[0,-20],[6,0],[1,-8],[-6,-15],[-1,-40],[-44,-3],[-1,30],[1,5],[11,1],[0,7],[-16,-2],[3,1]],[[287841,641201],[59,1],[4,-28],[1,-71],[9,-128],[2,-51],[6,-37],[-5,-9]],[[287917,640878],[-3,13],[-19,55],[-10,53],[-5,33],[-4,39],[-4,17],[-21,49],[-10,64]],[[276460,636661],[7,21],[7,16],[5,-18],[9,0],[-1,-33]],[[276487,636647],[-15,-1],[0,-28],[-12,0]],[[286029,624809],[0,8],[16,-4],[2,49],[0,29],[1,17],[0,15],[12,-3],[0,33],[10,4],[0,15],[45,-9],[-1,-18],[18,-6]],[[277002,652927],[13,1],[2,-19],[2,19],[9,0],[8,-5],[3,4],[7,0],[15,-1],[4,9],[18,-17],[4,-2],[30,-45],[-1,-5],[5,-7],[44,-70],[16,-25],[6,-9]],[[277187,652755],[-1,-34],[-6,-29],[2,-3],[-1,-21]],[[277062,652644],[-30,1],[-31,17]],[[277001,652662],[0,48],[2,6],[0,58],[2,21],[-4,0],[0,42],[0,43],[2,0],[0,8],[0,13],[-2,0],[0,21],[1,5]],[[278204,648585],[19,33],[24,32],[37,38],[15,20],[23,76]],[[278592,649161],[3,-1],[15,-31],[-24,0],[-6,-7],[-9,-39],[0,-38],[21,0],[0,-346],[0,-167],[-15,0],[1,-167],[-15,0],[-1,-335],[-13,0],[0,-45],[-7,-64],[-1,-23],[5,-65],[22,-61],[-15,-25],[-2,-2],[-49,6]],[[278502,647751],[-3,0],[-8,42],[-24,0],[-1,68],[-145,8]],[[278321,647869],[1,157],[-119,5],[1,168],[59,0],[1,304],[-8,0],[0,44],[-4,32],[-13,30],[-2,14],[-10,-3],[-23,-35]],[[280811,641517],[57,2],[0,34],[3,-6],[3,0],[2,22],[7,0],[-1,-49],[16,0],[0,-17],[-10,-23],[-14,-6],[-6,-12],[-10,14],[-33,7],[-14,-10],[0,44]],[[282513,662204],[4,-14],[9,-16],[20,-22],[13,-28],[8,0],[7,39],[6,0],[6,32],[0,-49],[6,-59],[5,4],[-1,72],[16,0],[0,-21],[15,1],[0,21],[15,0],[0,-72],[16,-2],[0,-12],[0,-15],[-16,0],[1,-26],[-35,-1],[-1,26],[-12,0],[-2,17],[-77,-1]],[[282516,662078],[-6,38],[-13,46],[3,29],[-4,14],[17,-1]],[[281936,662366],[0,9],[50,1],[2,-18],[1,-124],[91,0],[1,12],[8,11],[0,11],[-1,6],[-10,-4],[-2,22],[3,32],[-4,3],[2,45],[-6,12],[-4,19],[42,0],[41,2]],[[282150,662405],[10,-58],[6,-29],[4,-80],[52,4],[10,52],[16,90],[16,32],[20,40],[8,4],[0,-39],[28,0],[1,-85],[80,0],[0,-26],[10,0],[3,-6],[15,0],[0,48],[15,0],[0,68],[5,1],[25,-104],[5,-25],[27,-217],[3,0],[7,3]],[[282516,662078],[3,-11],[1,-23],[4,-19],[-2,-13],[3,-38],[-3,-25],[-1,-58],[-3,-41],[-2,3],[-1,-78],[2,-95],[-3,-12],[-10,-24],[-8,-1],[-14,26],[-5,20],[0,52],[-4,0],[0,-10],[-43,-1],[2,-12],[0,-63],[0,-41],[15,0],[0,-29],[5,-13],[-20,0],[-19,0],[-57,0],[-30,-1],[-27,-7],[-2,-1],[0,-19],[1,-23],[-1,-45]],[[282297,661476],[0,-72],[0,-91],[0,-12],[-18,3],[0,12],[-30,-3],[1,-20],[14,1],[0,-19],[8,-14],[1,14],[24,2],[0,-56],[0,-76],[0,-58],[14,-1],[0,-15],[3,-8],[44,-4],[-4,-34],[-8,-4],[0,8],[1,6],[-3,1],[-2,-8],[-1,-6],[-8,-1],[-10,15],[-18,-4],[-5,-9],[-3,0],[0,-16],[30,-2],[0,-30],[-14,0],[-2,-32],[-14,6],[0,-16],[0,-16],[-24,10],[7,-105],[16,13]],[[282296,660835],[1,-30],[-1,-84],[-8,-1],[8,-36],[0,-7],[17,-71],[7,-56]],[[282320,660550],[-24,0],[0,-39],[-2,-21],[0,-19],[1,-8],[1,-15],[1,-74],[0,-227],[0,-12],[-2,0],[0,-37],[0,-10],[2,0],[0,-53],[0,-8],[0,-71],[0,-51]],[[282297,659905],[-28,0],[-27,1],[0,-42],[-4,0],[-4,0],[-1,10],[-10,0],[0,53],[-16,0],[0,22],[-15,0],[0,-84],[-15,0],[0,-21],[-5,0],[-2,-22],[-61,0],[0,-33],[-12,1],[0,32],[-7,0],[0,-21],[-19,0],[0,21],[-37,-1]],[[282034,659821],[0,43],[22,-1],[-2,49],[6,28],[-1,6],[43,3],[0,85],[-8,0],[2,17],[-3,25],[6,28],[-2,15],[-10,-1],[0,41],[9,15],[-2,39],[4,36],[-9,3],[-4,-16],[-7,21],[-5,-2],[-1,-14],[-8,-11],[-7,15],[2,9],[0,34],[-16,0],[-2,-68],[-7,-16],[-8,-1],[0,-30],[-8,1],[0,-13],[-56,0],[0,42],[3,0],[0,74],[-15,-1],[-14,-26],[0,-47],[-3,-1],[0,87],[0,14],[20,69],[-7,0],[-12,0],[-2,-3],[-1,174],[1,358],[0,64],[-6,21],[-9,1],[0,21],[-15,0],[-31,0],[1,29],[5,0],[0,14],[10,-1],[0,54],[15,1],[0,29],[-18,1],[-5,0],[6,35],[-8,22],[-4,-19],[-8,35],[-8,13],[-5,-3],[-3,13],[-5,0],[-7,20],[-7,-4],[-6,5],[-6,28],[-7,9],[-2,-3]],[[281809,661286],[2,23],[1,76],[12,4],[33,85],[15,-1],[1,88],[60,-3],[3,582],[0,226]],[[276637,627014],[2,-5],[-1,-9],[-3,5],[2,9]],[[280385,633481],[44,6],[-18,17],[-6,36],[10,6],[0,22],[26,7],[0,-35],[-9,-27],[4,-24],[24,4],[-1,94]],[[280459,633587],[5,-14],[2,-27],[5,-1],[0,-52],[23,1],[23,1],[59,4]],[[280576,633499],[0,-30],[1,-39],[0,-18],[0,-19],[0,-65],[0,-63],[0,-12],[0,-7],[-13,0],[-2,-3],[0,-17],[3,-2],[5,4],[7,0],[0,-60],[0,-11],[0,-69],[0,-59],[0,-24],[0,-19],[0,-1],[0,-12],[-4,-18],[-9,-11],[13,0],[0,-23],[0,-65],[0,-10],[2,-17],[2,-13]],[[280581,632816],[-4,0],[-3,0],[-8,-1],[-19,-1],[-10,0],[-4,0],[-14,-1],[-25,-1]],[[280494,632812],[-6,-1],[-29,-3],[-10,0],[-8,-1],[-12,0],[-13,-1],[-12,0],[-4,-1]],[[280400,632805],[0,92],[-2,0],[0,30],[2,0],[0,48],[-3,0],[-1,20],[-10,0],[15,6],[-1,143],[-20,-2],[-2,27],[1,45],[21,1],[0,14],[-14,-2],[0,43],[14,0],[0,44],[-1,126],[-7,27],[-7,14]],[[277390,625028],[7,-79],[2,-21],[4,-26],[8,-44],[-24,1],[2,41],[-19,-1],[-11,-19]],[[277359,624880],[0,67],[0,78],[5,-1],[4,4],[22,0]],[[278234,626357],[5,0],[0,-26],[10,-4],[7,-6],[0,-10],[-13,11],[-9,13],[0,22]],[[276158,656376],[-4,0],[-5,0],[-4,-5],[-5,-1]],[[280951,661717],[9,18],[4,14],[5,32],[6,0],[6,12],[0,23],[31,0],[0,-127],[-33,0],[0,33],[-24,0],[-4,-5]],[[277109,621257],[6,7],[3,23],[-1,29],[2,38],[3,21],[0,45],[5,20],[0,60],[-4,21],[0,22]],[[277123,621543],[120,-2]],[[277243,621541],[-1,-145],[50,0]],[[277423,620744],[0,-105],[-12,-17],[-3,-31],[-5,-25],[-3,-41],[5,-30],[-2,-40],[-4,-6]],[[277399,620449],[5,38],[-1,12],[-5,13],[-12,0],[-9,-28],[-7,-1],[-5,13],[0,21],[3,11],[12,11],[0,10],[-6,20],[-9,16],[-3,-5],[-8,-37],[-3,-57],[-3,-23],[-7,-18],[2,-15],[14,-44]],[[277356,620299],[-9,-6],[-43,1],[-1,-128],[14,-1],[0,-37],[-5,-16],[-5,-22],[0,-22],[-3,-31],[-45,0],[1,132],[4,27],[-2,13],[-22,0],[15,30],[-3,12],[-10,13],[-16,49],[1,27],[19,39],[0,143],[-4,14],[0,129],[0,299],[-4,7],[-25,70],[0,-161],[-29,0]],[[277184,620880],[0,182],[23,-10],[3,3],[3,13],[0,243],[-29,-1],[0,-103],[-2,-10],[-14,-36],[1,19],[-14,0],[0,44],[-14,-1],[0,-43],[6,-12],[-2,-19],[-11,35],[-10,35],[-11,21],[-4,17]],[[280741,616383],[-12,27],[-12,18],[-14,37],[-12,3],[-10,36],[-5,10],[-18,0],[3,27],[0,9],[0,33],[3,32],[2,57],[-3,12],[-53,-1],[0,171],[-114,-1]],[[280496,616853],[-5,11],[-10,22],[0,174],[-18,0],[0,44],[-11,0],[0,86],[30,2],[1,324],[0,84],[-29,1],[0,254],[-37,2],[-2,3],[0,82],[-19,2],[1,83],[43,-1],[0,84],[26,0],[17,-67],[1,263],[10,-6],[21,11],[22,3],[0,81],[29,-38],[0,29],[28,29],[0,119],[-52,-2],[5,17],[4,31],[-12,56],[0,10],[-9,8],[-3,20],[-4,44],[0,27],[-3,23],[4,22],[0,27],[-4,17],[2,21],[-1,22],[128,-1],[1,20],[11,8],[6,11],[10,3],[2,7],[-4,36],[2,22],[-1,38],[0,80],[-3,20],[-12,11],[-3,25],[-14,36],[-7,31],[-12,30],[-2,14],[-8,-1],[-7,15],[-25,15],[-14,-11],[-7,12],[-6,30],[-11,-23],[-1,32],[-7,6],[-12,24],[7,14],[8,-1],[18,7],[-15,6],[0,35],[7,0],[-1,29],[9,3],[8,11],[5,0],[13,16],[11,4],[7,11],[10,0],[-1,46],[16,1],[21,0],[4,24],[0,25],[9,41],[7,12],[1,66],[2,2]],[[280622,665216],[-5,-41],[-6,-45],[-4,-16],[-1,-5],[-6,-16],[-8,1],[-1,20],[-42,-2],[0,-83],[0,-12],[-15,0],[-1,67],[-6,-1],[0,28],[11,1],[-4,9],[-1,32],[-35,-1],[0,2]],[[276898,652119],[45,-1],[45,-1],[0,19],[45,-1],[30,0],[0,0]],[[277121,652112],[-4,-41],[-3,-62],[0,-34],[6,-6],[4,2],[0,-30],[0,-118],[60,-35],[27,-15],[3,0],[-2,24],[8,25],[17,-7],[5,-20],[2,5],[0,13],[8,-26],[2,-39],[3,-19],[0,-13],[21,-36],[6,23],[0,-25],[5,-8],[0,16],[10,-1],[0,-39],[5,-8],[0,-121],[15,0]],[[277319,651517],[0,-44],[45,-1],[0,-25],[-31,-58],[-29,-37],[0,-52],[-8,18],[-7,6],[-10,-19],[-11,-12],[-6,-41],[-14,-15],[-3,2],[0,35],[-24,-29],[-15,5],[-15,-15],[-6,-1],[0,137],[-8,-35],[-7,-2],[-4,-12],[-2,-49],[-3,-19],[4,-13],[-4,-14],[-3,-28],[-7,-22],[-9,-15],[-1,-21],[-16,-21],[0,-26],[-11,4],[-5,-2],[-1,165],[-44,3],[-14,0],[-30,1],[-8,0],[-21,0],[-17,0],[0,22],[0,20],[-15,0],[-15,11],[1,-53],[-2,0],[-55,3],[0,42],[-1,180],[-1,56]],[[276886,651546],[0,147],[0,85],[-1,43]],[[276885,651821],[0,123],[0,45],[0,39],[0,14],[-1,77],[14,0]],[[283710,627141],[41,4],[30,-3],[0,88],[14,0],[0,-42],[29,-1],[0,-41],[14,0],[1,42],[7,0],[1,43],[-13,0],[-2,7],[0,14],[7,0],[1,64],[58,0],[0,11],[23,3]],[[283921,627330],[-10,-45],[-1,-44],[-11,-49],[1,-29],[3,-4],[4,-9],[14,-73],[1,-28],[6,-33],[-7,-27],[-4,-12],[0,-13],[36,3],[1,-145],[53,2],[-11,-34],[-6,-4],[-9,-23],[-7,2],[5,-17],[6,-43],[5,-6],[1,-41],[4,-10],[-4,-33],[-11,-25],[0,-8],[6,-16],[3,-35],[3,0],[14,40],[1,-55],[13,-30],[1,-2]],[[284021,626484],[3,-21],[-2,-6],[-8,1],[-7,9],[-5,-14],[3,-33],[-4,-12],[2,-28],[-2,-12],[-8,9],[-5,14],[-2,-10],[7,-15],[0,-13],[-7,-5],[1,-40],[-33,-1],[0,-67],[8,-18],[12,0],[9,-25],[0,-19],[-3,-13],[-8,-11],[2,-25],[-6,8],[-9,1],[-71,-3],[29,-95],[6,-18],[3,-18],[-8,-16],[-11,-6],[-4,9],[-13,-10],[-4,-16],[18,-5],[91,2],[-38,-4],[1,-17],[-6,-43],[-3,10],[-6,-3],[-5,-20],[-7,-5],[-4,-13],[-8,1],[6,-6],[3,-35],[2,-34],[-64,-2],[-6,10],[-23,53],[1,-120],[4,-51],[-4,-31],[-1,-39],[-57,-2],[1,-85],[0,-86],[-30,-6],[1,-163],[3,1],[26,-2],[-17,-56],[0,-12],[-6,-3],[-18,-36],[-18,-10],[-14,-14],[-12,-6],[-7,3],[-3,-6],[0,-31],[-2,-14],[8,-4],[-3,-21],[-6,-17],[-3,-29],[-11,-44],[-6,-12],[0,7],[-9,-15],[-13,-13]],[[283641,624937],[-8,53],[-10,2],[-3,21],[-9,24],[-2,39],[-7,12],[-6,-4],[-4,-12],[6,-22],[0,-12],[-11,-2],[-9,17],[-6,-1],[-2,11],[2,24],[-2,29],[-4,20],[-9,20],[-4,2],[-2,-21],[-6,-7],[-5,-13],[-8,4],[-4,-9],[-6,14],[-10,-8],[-3,32],[-4,-10],[2,-24],[5,-14],[-2,-23],[5,-25],[-3,-19],[-10,-17],[8,-16],[7,-2],[2,-21],[5,5],[5,35],[4,-1],[6,-29],[-10,-3],[-9,-21],[-17,-2],[-7,-4],[-15,8],[-11,1],[-62,24],[0,57],[9,0],[0,86],[-22,0],[-3,35],[-4,0],[-1,-169],[-17,7],[-41,48],[-13,16]],[[283299,625101],[0,209],[-12,-1],[-1,35],[-1,10],[-1,10],[9,46],[1,36],[-3,22],[-4,55],[7,40],[5,16]],[[283761,625980],[21,-23],[1,3],[-19,19],[0,6],[-2,1],[-1,-6]],[[285474,623556],[10,-10],[38,-3],[11,6],[9,4],[28,47],[63,46],[1,2]],[[285634,623648],[8,-27],[6,11]],[[285648,623632],[3,-8],[3,-8],[13,-16],[-1,-14],[-4,6],[-2,-11],[2,-7],[-2,-7],[1,-15],[5,-12],[6,5],[2,32],[0,10],[1,18],[2,15],[-1,9],[1,7],[2,-3],[1,-13],[-1,-19],[0,-21],[2,10],[3,2],[5,8],[1,22],[2,8],[6,14]],[[285698,623644],[-8,-27],[-1,-29],[0,-11],[-1,-17],[-14,-63],[-1,-14],[2,-46],[3,-61],[-1,-16],[-4,-15],[-5,-4],[9,-8],[-6,-20],[1,-20],[6,1],[21,-8],[2,3],[7,15],[3,-12],[6,-13],[5,-1],[3,-4],[3,-21],[0,-9],[-1,-6],[0,-9],[1,-5],[2,-23],[4,-33],[3,2],[8,-34],[3,-10],[17,50],[-7,52],[-5,3],[-3,24],[6,13],[3,-2],[4,-13],[-2,-13],[6,-28],[2,-9],[7,-26],[6,7],[3,9],[3,9],[10,65]],[[285798,623267],[1,7],[1,-17],[-6,-36],[2,-20],[-3,-3],[0,-7],[-3,-3],[-2,-2],[-2,-4],[-5,-9],[-1,-4],[-2,-1],[2,-3],[4,-21],[-6,-21],[-3,-37],[-10,10],[-6,-4],[5,-26],[-3,-29],[-7,-18],[8,-14],[29,-36],[10,-51],[-6,-15],[-14,-35],[1,-32],[-2,-7],[0,-12],[8,-21],[13,-30],[-1,-41],[-9,-43],[-3,5],[5,-80],[5,-5],[2,-5],[-1,-13],[0,-11],[10,-31],[5,-27],[14,-32],[2,-23],[-1,-17],[0,-14],[2,-17],[1,-12],[14,-22],[3,-1],[0,-8],[-2,-25]],[[285847,622344],[-13,-14],[-11,-3],[-2,12],[-15,10],[-22,-49],[2,-10],[-9,-11],[-3,7],[0,7],[-12,1],[6,25],[-1,16],[-1,7],[-1,8],[-2,-1],[-1,6],[-4,3],[-7,-13],[-2,2],[-4,-1],[-3,8],[-2,22],[-6,12],[-9,-39],[5,22],[-4,31],[1,18],[4,34],[-4,7],[1,20],[6,36],[-4,-18],[-4,12],[17,38],[1,24],[-3,15],[-11,41],[-3,-5],[1,8],[-3,-10],[-6,-1],[-6,-34],[-16,-41]],[[285697,622546],[-7,-5],[-10,7],[-13,21],[-7,3],[-11,-12],[-4,11],[2,4],[5,24],[0,9],[-4,1],[-6,2],[3,14],[-4,15],[-2,4],[-8,25],[-6,36],[-1,6],[-2,33],[-5,21],[-12,20],[-1,-12],[-1,-19],[-2,16],[-3,-5],[-6,22],[-5,25],[-6,24],[-1,8],[-2,-5],[2,-6],[-4,-9],[-2,8],[6,16],[-2,14],[-5,31],[6,9],[-2,22],[8,9],[2,-6],[2,19],[-3,17],[-3,10],[-8,29],[12,59],[4,25],[-10,37],[12,34],[3,-16],[-1,-30],[8,70],[-2,-4],[-7,-10],[0,17],[-6,-4],[-9,21],[-4,-30],[-14,-9],[-11,15],[0,19],[-1,-6],[-2,-6],[-1,-7],[-1,-5],[-4,3],[-1,-4],[-5,-34],[-9,23],[-3,18],[-7,-13],[-12,40],[-1,8],[4,11],[3,-9],[9,0],[2,16],[-1,17],[1,27],[-4,16],[-5,-1],[-5,18],[-1,10],[0,27],[-2,3],[-5,18],[0,7],[-9,14],[-5,8],[-4,12],[-2,8],[-1,3]],[[285478,623418],[-2,83],[-1,12]],[[285475,623513],[-1,43]],[[286094,660575],[0,72],[0,13],[4,0],[0,7],[10,0],[2,-6],[1,6],[3,0],[1,-7],[1,6],[14,-3],[0,47],[11,0],[2,-48],[12,-2],[3,0],[2,0],[20,5],[13,-1],[5,2],[2,-2],[7,2],[1,-5],[-1,-42],[-1,-5]],[[286206,660614],[-2,-1],[2,-37],[-8,0],[-8,0],[0,-20],[-25,25],[5,-8],[1,-7],[-4,-8],[6,-29],[-5,0],[-3,3],[-4,-2],[-2,2],[-3,-2],[-7,3],[-9,0],[-8,-5],[-2,4],[-1,-4],[-7,0],[-1,4],[-5,-3],[-6,3],[-8,0],[-1,-4],[-3,-1],[-4,0],[0,10],[-2,0],[0,11],[2,2],[0,25]],[[285742,661979],[3,7],[1,-6],[12,-48],[23,5],[0,-41],[6,4],[17,0],[40,-6],[0,-43],[21,0],[0,-52],[15,-1],[0,-55],[15,-7],[16,7],[0,22],[0,70],[15,0],[0,15],[16,0],[0,-42],[11,0],[4,-43],[15,0],[0,21],[31,0],[-1,107],[9,-1],[-8,65],[-13,63],[34,0],[0,25],[-6,0],[0,19],[11,0],[4,6],[0,37],[44,-1],[17,1],[0,41],[8,0],[0,-15],[13,0],[-6,-12],[-1,-13],[32,-6],[10,-46],[-3,-23],[3,-89],[-3,-26],[1,-103],[7,-9],[13,3],[10,-13],[10,2],[6,9],[18,-1],[4,6],[0,36],[15,0],[0,16],[7,0],[0,16],[27,3],[0,50],[11,-1],[0,22]],[[286276,661954],[30,0],[0,-53],[14,0],[3,-33],[0,-16],[3,-35],[0,-35],[37,0],[0,19],[-7,-1],[0,58],[10,1],[4,11],[0,42],[27,-2],[1,19],[1,20],[1,174],[15,1],[0,16],[-9,-7],[-2,8]],[[286404,662141],[10,8],[5,8],[0,-14],[8,-8],[4,12],[10,-35],[13,11],[12,-4],[0,-116],[12,-32],[0,-25],[0,-69],[-14,3],[-4,9],[-4,-21],[9,-4],[-16,4],[-17,1],[0,-43],[-23,-1],[-22,1],[-5,-20],[0,-13],[-9,-1],[-4,-10],[-5,-11],[0,-31],[8,0],[0,-42],[23,0],[7,1],[1,-44],[7,1],[8,-1],[0,43],[4,62],[7,0],[0,24],[19,1],[14,-4],[1,-20],[40,115],[-2,-19],[8,-24],[0,-19],[15,0],[1,-22],[-2,-2],[-6,-39],[3,-35]],[[286723,659561],[0,-58]],[[286723,659493],[3,-3],[16,-44],[12,-3],[1,-53],[-114,-3],[-2,1],[-2,0],[1,-163],[-5,0],[1,35],[-5,21],[-8,15],[-11,11],[0,24],[-8,22],[-3,38],[-52,4],[-15,0],[0,-85],[-45,0],[-45,-1]],[[286442,659309],[0,50],[-11,0],[0,35],[11,0],[0,85],[-105,-1],[0,43],[-23,-1],[-2,35],[-2,6],[-2,22],[-1,19],[-3,10],[-10,12],[-16,2],[0,-63],[0,-151],[-1,-20],[-28,1],[0,40],[-16,2],[0,41],[-10,0],[2,-36],[-4,-8],[3,-45],[1,-13],[-5,-26],[-2,-18],[-18,-33],[0,-14],[-9,10],[-3,34],[-15,-1],[0,-21],[-15,-1],[0,-12],[-8,0],[0,-9],[-22,-1],[-1,21],[-11,0],[1,-84],[-5,-1],[-1,-71],[-13,7],[-10,4]],[[286088,659158],[-18,9],[-5,8],[-18,-1],[-33,33],[-7,0],[0,-74],[-45,-1],[-1,254],[-8,0],[0,22],[-7,0],[-1,124],[8,-1],[0,26],[7,0],[0,84],[-4,0],[0,22],[-11,0],[0,42],[-18,-1],[0,-63],[-10,1],[-45,0],[-61,0],[-2,84],[-15,0],[0,41]],[[285794,659767],[0,11],[0,8],[4,1],[0,15],[7,2],[0,22],[4,0],[0,29],[-8,0],[0,29],[-8,0],[0,56],[0,32],[13,10],[0,16],[15,24],[1,45],[10,0],[1,11],[-5,12],[-1,16],[4,10],[-3,22],[-4,-1],[-2,52],[2,14],[7,15],[1,31],[19,8],[0,26],[-24,-29],[-9,-17],[-12,-24],[-1,24],[-7,6],[0,36],[-8,0],[0,21],[-15,0],[-1,22],[16,0],[-1,42],[0,21],[8,11],[-8,11],[15,0],[0,23],[-15,-1],[-1,107],[-16,-1]],[[285772,660535],[0,40],[-31,1],[0,57],[8,0],[-1,22],[3,45],[-5,5],[1,29],[-8,19],[1,26],[9,35],[1,12],[-13,2],[50,0],[0,88],[-23,0],[4,12],[-1,15],[4,19],[6,5],[6,25],[0,7],[0,14],[5,7],[4,8],[10,1],[0,47],[15,-1],[0,-30],[16,-1],[0,83],[-16,1],[0,53],[-11,-1],[0,18],[-5,100],[-7,75],[-3,7],[-3,45],[5,2],[-1,11],[0,31],[-5,1],[0,20],[-12,0],[5,20],[0,41],[7,2],[0,43],[-7,0],[-23,1],[1,21],[-10,3],[-14,-18],[-9,28],[2,32],[-9,18],[25,-1],[0,83],[-15,1],[0,173],[15,0],[-1,42]],[[285930,660662],[1,-87],[1,-42],[3,-107],[15,-19],[6,-29],[2,-15],[1,-23],[9,0],[-1,-61],[-8,-2],[0,-52],[7,-6],[19,-1],[0,-46],[-4,-1],[3,-25],[6,3],[19,9],[21,2],[3,-29],[-7,-16],[-12,-5],[-8,-25],[-5,0],[-14,-21],[-2,-8],[4,-33],[-2,-6],[3,-38],[5,-5],[-1,-23],[-4,-4],[-6,-10],[-1,-41],[-8,0],[0,-68],[13,0],[2,-13],[8,-17],[5,13],[33,0],[-1,64],[5,0],[-4,12],[-1,68],[4,0],[1,25],[12,0],[1,-26],[7,7],[6,0],[-1,-5],[-4,-3],[-2,-12],[3,-4],[6,-1],[2,-19],[9,1],[-2,-11],[4,1],[0,-16],[6,-7],[-2,-57],[9,-6],[2,20],[10,11],[5,-5],[0,-18],[-7,0],[0,-61],[7,1],[0,-34],[2,-8],[13,0],[0,65],[1,18],[17,1],[8,12],[5,-12],[1,-18],[-3,-2],[-2,-17],[2,-7],[6,4],[-2,-14],[4,-7],[2,-1],[6,18],[2,-8],[9,-11],[5,5],[0,60],[15,0],[0,64],[15,1],[0,21],[43,0],[1,86],[16,0],[15,0],[8,0],[36,-1],[-1,77],[-3,7],[-31,1],[1,10],[-2,76],[2,16],[-6,1],[-12,37],[-1,130],[1,-4],[18,-17],[3,-35],[9,-10],[9,-25],[-4,-25],[4,11],[4,0],[-1,-26],[10,-54],[29,-1],[-1,42],[10,0],[-1,42],[5,0]],[[286378,660238],[1,-51],[18,8],[7,-20],[-5,-22],[38,0],[11,0],[3,10],[3,28],[4,5],[9,-7],[7,5],[1,43],[-12,1],[0,30],[-2,34],[7,0],[0,20],[40,-1],[5,17],[-24,12],[-6,-3],[0,17],[-45,1],[-3,21],[0,16],[2,7],[-3,3],[0,14],[-9,-1],[-2,-4],[-1,121],[-7,0]],[[286415,660542],[6,14],[8,46],[1,4],[-25,4],[-7,19],[-2,5],[-8,11],[-6,6],[-9,1],[-4,1],[-12,13]],[[286357,660666],[0,27],[0,13],[15,1],[0,43],[16,1],[-1,42],[-12,0],[-2,2],[5,15],[-6,-1],[0,26],[-46,-3],[0,-20],[-15,0],[4,19],[1,9],[0,46],[11,11],[9,22],[21,1],[9,-3],[-90,0],[0,-66],[-25,0],[-8,-20],[-28,0],[0,70],[0,15],[0,7],[-30,-1],[0,36],[-15,-1],[0,-32],[-15,1],[3,60],[3,14],[4,25],[2,9],[-5,8],[-7,0],[1,43],[-6,-1],[-14,0],[0,25],[-11,5],[0,39],[10,0],[0,21],[20,0],[2,18],[-11,2],[1,25],[-3,-7],[-16,0],[-3,7],[0,-7],[-26,0],[2,-85],[7,-42],[13,0],[-2,-14],[-9,-1],[13,-78],[-8,17],[-6,-3],[-11,16],[0,20],[-21,0],[0,-31],[-5,0],[3,-69],[-6,-3],[-4,22],[0,19],[-3,4],[-15,-15],[-13,21],[0,-49],[-15,-1],[0,59],[-16,0],[0,-56],[-5,-2],[-1,8],[-8,-8],[0,-27],[13,0],[-3,-9],[-20,-1],[0,10],[-2,0],[-4,0],[0,-45],[-15,0],[0,-42],[-49,1],[18,-2],[3,-161],[0,-3]],[[283372,631539],[1,-337],[121,9],[-1,-171],[0,-85],[7,-2],[0,-85],[-66,-2],[60,-148],[0,-35],[-63,5]],[[282286,630668],[29,0],[0,-295],[0,-129],[-29,1],[0,158],[0,265]],[[283921,627330],[91,1],[0,154],[12,28],[-5,15],[11,7],[-6,33],[3,5],[14,0],[0,97],[-29,-1],[0,90],[5,25],[12,0],[10,13],[4,14],[-1,19],[6,13],[6,-8],[2,-18],[-2,-27],[3,-5],[16,1],[7,10],[8,-2],[14,-25],[27,-31],[7,-1],[3,-17],[-3,-30],[16,-21],[9,0],[8,26],[4,-6],[0,-32],[-7,-13],[0,-16],[11,-29],[15,-1],[4,9],[0,33],[2,46],[3,13],[12,18],[16,13],[10,-24],[3,-22],[7,-22],[1,7],[1,16],[6,6],[-5,3],[-9,24],[1,49],[-21,18],[-18,-16],[-2,-10],[-14,-6],[-10,2],[3,69],[-24,0],[-5,-33],[-4,3],[-2,-14],[-5,5],[2,15],[-10,1],[0,24],[-8,0],[-6,20],[0,21],[14,0],[1,204],[-7,0]],[[284128,628070],[-7,2],[0,39],[14,6],[0,40],[-34,1],[0,81],[20,0],[0,85],[-15,0],[0,85],[-10,0],[0,-42],[-33,1],[0,42],[-29,0],[0,81],[-18,7],[-3,-6],[-4,9],[7,29],[3,40],[0,6],[14,4],[2,6],[-9,-2],[-6,8]],[[284020,628592],[0,151],[26,3],[3,-6],[0,23],[4,4],[-7,64],[99,-3],[0,-31],[6,0],[16,-16],[21,-6],[6,-8],[34,-3],[5,2],[3,40],[48,-1]],[[284284,628805],[52,-2],[3,-20],[-1,-20],[9,-36],[6,13],[9,24],[5,0],[13,39],[59,1],[-1,-80],[22,2],[2,55],[5,10],[4,-12],[10,-5],[5,31],[41,2],[58,-4],[58,-4]],[[284643,628799],[89,-5],[-1,-166]],[[284731,628628],[0,-331],[-2,-14],[0,-76],[1,-12],[0,-160],[58,-2],[1,172],[9,16],[15,61],[7,21],[27,1],[20,-2],[7,-20],[4,0]],[[284878,628282],[0,-24],[-3,-518],[-2,-310]],[[284873,627430],[-18,-2],[-11,-27],[-2,-54],[-9,19],[-19,36],[0,-10],[0,-130],[-116,6],[0,64],[-30,1],[0,22],[-58,2],[0,86],[-16,0],[8,51],[-1,34],[-1,-11],[-6,0],[0,-10],[-7,-1],[2,-11],[-7,0],[0,-51],[10,-1],[-4,-51],[-8,-17],[-3,-45],[-11,-32],[-4,-25],[-32,3],[0,281],[-28,3],[-2,-277],[-9,-25],[-2,-19],[-11,-37],[-5,-33],[2,-39],[9,-40],[5,-11],[-6,-24],[1,-25],[-7,-25],[-3,-33],[0,-30],[4,-33],[5,-11],[-1,-28],[3,-4],[6,-4],[-3,-14],[-4,-9],[-8,-6],[-3,-4],[1,-14],[2,0],[1,3],[6,-2],[27,2],[1,-1],[3,-7],[15,-10],[0,-4],[14,-17],[6,-12],[9,-31],[-4,-33],[-7,-2],[-7,-19],[4,-40],[11,-45]],[[284555,626597],[-12,0],[-9,48],[-5,0],[0,-13],[-6,51],[-19,3],[-13,13],[-20,-16],[-6,6],[-11,35],[3,38],[-7,-34],[0,-23],[3,-72],[-2,-26],[-10,-58],[-1,-114],[-43,1],[0,-80],[-15,-7],[0,-83],[1,-170],[50,-1],[-1,-43],[2,-41],[-5,-65],[1,-20]],[[284430,625926],[-19,0],[0,-9],[-4,0],[0,-36],[-6,1],[0,-39],[-5,0],[1,-255],[14,0],[0,-42],[-7,0],[0,9],[-13,1],[-8,33],[-34,1]],[[284349,625590],[-3,22],[1,53],[-2,16],[-12,26],[-1,44],[-3,22],[5,46],[-4,28],[1,25],[-5,14],[-9,-8],[-6,3],[-13,22],[-7,8],[-5,19],[2,30],[-14,-6],[3,16],[-1,20],[1,38],[-11,-7],[-39,-1],[0,37],[7,0],[-1,32],[7,0],[0,181],[-73,1],[-25,170],[-3,-46],[-1,-29],[4,-21],[0,-27],[4,-46],[-42,1],[1,33],[-35,-1],[2,96],[0,82],[-29,0],[-3,-12],[-11,-8],[-8,21]],[[276661,628687],[10,2],[0,-14],[12,-3],[3,21],[8,1],[1,-29],[-4,4],[-1,-16],[3,-9],[-2,-30],[-9,-7],[-4,-35],[-5,2],[-3,6],[-10,23],[5,32],[-6,12],[2,40]],[[278426,653044],[1,41],[1,17],[43,3],[19,2],[12,16],[16,-4],[11,-12],[19,1],[2,20],[15,1],[1,65],[-1,8],[-14,1],[1,21],[1,68],[-16,0],[1,73],[30,0],[0,15],[11,6],[19,-1],[0,108],[-15,-1],[0,42],[8,1],[2,20],[-1,38],[-2,26],[-6,0],[0,42],[7,0],[0,26],[8,10],[0,6],[5,0],[-3,16],[-2,37],[7,0],[4,28],[4,-11],[3,10],[-1,4],[41,-2],[-5,17],[0,25],[-8,1],[0,35],[-7,1],[1,50],[-6,9],[7,12],[35,78],[1,6],[6,16],[3,12],[1,-1],[3,19],[2,13],[4,38],[16,-13],[5,0],[4,-1],[2,52],[3,18],[3,-9],[5,13],[12,16],[8,-1],[10,-28],[12,-15],[10,-21],[3,-35],[8,-27],[3,12],[0,41],[12,0],[0,21],[15,-1],[0,-21],[26,-1],[0,-15],[4,-12],[0,-53],[8,-4],[1,84],[14,0],[0,25],[7,-2],[0,19],[30,0],[0,57],[17,0],[0,28],[8,1],[-3,47],[-20,162],[12,1],[2,84],[-24,-1],[-5,37],[-7,89],[38,1],[10,45],[17,65],[2,21],[-44,-6],[-36,0],[-9,87],[5,12]],[[278878,654888],[9,0],[5,0],[1,0],[74,-1],[70,-1],[96,-1],[26,0]],[[279159,654885],[59,-1],[4,1],[176,-2]],[[279398,654883],[0,-86]],[[279398,654797],[-5,0],[0,-14],[-11,0],[0,-61],[-36,2],[-8,-8],[0,49],[-5,12],[-16,24],[-10,-2],[-1,-19],[-4,-8],[0,-25],[4,-28],[-3,-6],[2,-30],[3,-3],[5,-38],[-40,-7],[-6,25],[-3,28],[6,16],[2,17],[-10,0],[0,42],[-30,0],[0,11],[-15,0],[0,12],[-15,0],[2,-94],[5,0],[2,-57],[2,-78],[4,2],[0,-9],[0,-11],[-7,0],[0,-28],[-8,0],[0,17],[-13,0],[-2,-12],[0,-29],[23,-3],[0,-19],[7,0],[0,-29],[1,-7],[10,3],[3,-19],[1,-15],[-10,-30],[0,-22],[-2,-24],[5,-11],[14,-12],[10,1],[5,-16],[0,-11],[-5,-13],[-9,-2],[-7,7],[-6,-8],[-11,-45],[0,-88],[0,-17],[4,-8],[11,8],[1,-67],[-10,0],[1,-140],[-2,-19],[-3,-108],[3,-18],[12,0],[-7,-28],[7,-12],[-6,-11],[-59,-122],[-23,-47],[13,-37],[0,-18],[-8,0],[0,-27],[24,21],[0,-29],[10,-85],[13,1],[2,-27],[12,-11],[4,8],[7,-6],[3,9],[10,-17],[4,-20],[13,-10],[13,-67],[6,-67],[16,51],[20,58],[3,11],[30,1],[0,-9],[5,9],[10,1],[1,-62],[47,1]],[[279403,653214],[0,-108],[0,-170],[-2,0],[-9,-1],[0,23],[-2,6],[-2,27],[-7,7],[-2,17],[-6,-8],[-7,8],[-9,28],[-8,4],[-7,-29],[0,-425],[43,4],[0,36],[16,28],[-1,-75]],[[279400,652586],[0,-74],[-1,-91],[3,-163],[0,-171],[0,-342],[0,-8],[-41,-48],[-8,-11],[-6,-11],[-5,-16]],[[279342,651651],[-120,43],[0,54],[-30,-1],[-113,2],[-1,-3],[-1,0],[-2,4],[-25,3],[-8,-42]],[[279042,651711],[-17,46],[0,5],[-51,18],[-60,21],[-37,13],[-13,57],[-10,-14],[-2,202],[-92,1],[-5,3],[-26,-2],[0,24],[-12,38],[-4,36],[6,30],[-5,38],[-42,3],[-65,18],[7,-186],[-7,1]],[[278607,652063],[-23,1],[-3,80],[-16,6],[-6,33],[4,9],[-2,58],[1,122],[-18,-42],[-59,1],[1,137],[-19,-1],[-33,-23],[-9,-4],[0,55],[0,49],[21,0],[0,45],[-9,0],[0,-12],[-7,12],[2,0],[0,17],[-7,0],[0,26],[21,0],[0,-19],[14,-2],[4,-13],[0,78],[-8,0],[0,102],[15,0],[0,27],[15,0],[0,71],[-15,-7],[-10,0],[0,22],[-18,4],[-19,0],[0,16],[2,66],[0,67]],[[280368,653917],[12,10],[0,-8],[10,2],[-2,6],[-5,16],[4,12],[9,-5],[0,-7],[7,22],[4,21],[5,1],[2,-11],[3,0],[2,53],[10,1],[0,17]],[[280472,653807],[2,-18],[3,-16],[8,-23],[9,-13]],[[280494,653737],[-2,-13],[0,-13],[-13,14],[-2,0],[0,-5],[-16,-1],[-2,6],[0,-7],[-26,-2],[-2,6],[-31,-2],[0,11],[-10,-1]],[[280390,653730],[6,39],[-4,12],[4,1],[0,53],[-13,10],[-3,5],[-3,4],[-9,9],[-7,9]],[[280361,653872],[0,38],[7,1],[0,6]],[[276943,648053],[33,30],[33,39],[23,27],[12,2],[2,0],[27,4],[5,2],[22,40]],[[277100,648197],[16,-11],[15,-41],[1,-99],[-3,-76],[-48,-4],[-4,15],[-6,32],[0,-10],[-2,4],[-7,38],[-51,-2]],[[277011,648043],[-60,1],[-7,4],[-1,5]],[[285818,624574],[6,5],[6,11],[2,10],[2,9],[0,28],[5,9],[-1,28],[3,55],[-1,6],[-3,28],[2,20],[2,7],[10,9],[13,33]],[[285864,624832],[4,-12],[18,-1],[12,-18],[1,-13]],[[285899,624788],[0,-8],[-16,-71],[11,0],[15,-9]],[[285848,624440],[1,21],[-10,20],[-10,-26],[3,10],[-14,-2],[1,44],[4,25],[-6,13],[1,29]],[[277101,619722],[9,-13],[4,10],[2,-9],[-2,-7],[-8,-19],[-5,15],[0,23]],[[286580,648124],[0,170],[60,1]],[[286640,648295],[60,1],[0,84],[119,4],[-1,423],[59,1],[1,-189],[8,-14],[7,-22],[29,-28],[15,0],[1,-84],[59,1],[1,-170],[59,1],[1,-106],[11,-15],[13,-3],[21,-17],[15,6],[-1,167]],[[287198,648136],[-80,-2],[0,-170],[-60,0],[-59,-1],[0,-72],[-60,44],[-6,5],[-10,21],[-17,0],[-28,-1]],[[286878,647960],[-178,-3],[0,170],[-60,-1],[0,-170],[-60,-1],[0,169]],[[287814,639749],[15,26],[6,1],[9,-9],[1,69],[2,99],[-3,3],[-7,-5],[1,-27],[-5,-6],[-11,19],[-6,-40],[-11,-21],[-5,-35],[-6,-11],[-14,187]],[[287780,639999],[-8,102],[3,54],[7,149],[68,-132]],[[280042,639054],[0,-170],[58,3],[2,-326],[15,-1],[-3,-9],[6,-15],[7,-40],[8,-24],[6,-27],[6,-17],[8,-8],[5,3],[0,-42],[0,-89],[0,-82],[59,0]],[[280219,638210],[0,-169],[-59,0],[1,-169],[-59,0],[-7,0],[-1,25],[-12,26],[-7,-12],[-16,-58],[0,-151],[43,1],[0,-5],[-59,0],[-1,-82],[-60,-3],[0,74],[-4,13],[-12,-2],[-41,2],[0,167],[126,5],[0,45],[-17,13],[-10,0],[-2,-9],[-10,-7],[-11,-14],[-13,-23],[0,77],[-44,-2],[-1,86],[-28,-1],[-1,34],[32,49],[-3,2],[1,85],[-34,-1],[-1,17],[-10,6],[-29,-1],[0,147],[0,23],[11,23],[12,8],[13,-4],[4,-11],[5,-3],[7,6],[7,-5],[0,134],[0,85],[58,1],[0,128],[-59,-2],[0,122],[60,3],[0,170],[54,1]],[[279905,632011],[15,1],[0,0],[2,0],[35,3],[7,0],[22,2],[8,1],[29,2],[22,1],[37,2]],[[280082,632023],[21,1],[2,0],[29,3],[1,-86],[-5,0],[10,-118],[1,-53],[0,-11],[0,-13],[3,-18],[15,-45],[3,-26],[1,-51],[5,1],[0,4],[25,4],[0,-16]],[[280193,631599],[0,-46],[0,-41],[-21,-1],[5,-39],[-9,5],[-1,1],[0,2],[-1,1],[0,1],[-2,5],[0,-19],[-3,0],[0,-6],[0,-16],[1,-3],[2,0],[0,-16],[-10,0],[0,-43],[-19,0],[-1,42],[-11,0],[0,-11],[-3,0],[0,11],[-9,-1],[-6,-1],[-7,0],[2,-54],[-5,-24],[-10,-9],[0,-24],[1,-62]],[[280086,631251],[-4,0],[-3,-5],[-6,-36],[-1,1],[0,37],[-1,2],[-2,0],[-8,0],[-20,-1],[-1,0],[-15,-1],[0,-86],[0,-9],[-11,0],[-18,-2],[0,6],[0,82],[-28,-7],[-1,-3],[-15,-1],[2,-9],[-2,-34],[0,5],[-21,-1],[3,-48],[3,-4],[1,-60],[2,-5],[-29,-1],[0,0],[0,8],[1,7],[5,9],[0,5],[-3,37],[-4,4],[-6,27],[-7,-4],[-5,2],[0,4],[0,8],[0,8],[2,7],[2,5],[-6,18],[-1,10],[0,5],[-2,10],[-7,-4],[-7,9],[5,-7],[0,-60],[-11,14],[-11,-3],[-3,10],[-5,-5],[-15,-4],[-12,0]],[[279821,631191],[-10,3],[-4,43],[-18,-2],[0,85],[0,87],[0,8],[-15,102],[14,1],[0,10],[0,1],[0,16],[-6,0],[0,19],[6,0],[0,4],[0,10],[0,0],[7,5],[0,16],[8,0],[1,46],[6,0],[0,20],[-5,0],[0,14],[-4,5],[-7,5],[-6,18],[1,39],[0,257],[29,1],[29,2],[3,1],[26,2],[29,2],[0,0]],[[281147,633677],[13,68],[21,107],[1,0],[15,78],[8,27],[19,15],[47,20],[12,4],[9,7],[16,25],[2,5],[31,55],[8,15],[17,30],[18,33],[1,1]],[[281385,634167],[24,44],[16,23],[20,14],[12,2],[0,1],[31,0],[20,0],[7,0],[14,0],[75,5],[29,8]],[[281633,634264],[0,-2],[0,-51],[0,-34],[1,-136],[0,-89]],[[281634,633952],[-16,0],[0,-18],[-22,-1],[-5,18],[-16,1],[0,-84],[-14,-1],[0,85],[-15,0],[0,59],[1,6],[-1,3],[-11,-37],[-4,-60],[-5,-10],[-10,-19],[-5,-2],[-16,-35],[-2,-1],[-4,-29],[-2,2],[-6,6],[-21,-5],[0,-43]],[[281460,633787],[0,23],[-6,1],[-12,-15],[-20,-17],[-5,-11],[-2,16],[-8,-49],[-20,-84],[-5,-40],[2,-17],[-3,-12],[4,5],[1,-16],[7,-18]],[[281393,633553],[-19,38],[-5,1],[-13,0],[-8,-16],[-8,-6],[-9,2],[-6,4],[0,15],[-20,-1],[-1,18],[-6,-2],[-5,-18],[-7,-1],[-3,-35],[-3,-47],[-15,0],[-33,-1],[-11,0],[-20,0],[-15,1],[-14,0],[-5,2],[-3,1],[-18,-1],[-22,-1],[-9,-1],[33,172],[-1,0]],[[276764,652502],[1,50],[29,0],[31,0],[0,-8]],[[276825,652544],[-3,-7],[2,-38],[0,-13],[-2,0],[-1,-26],[-4,0],[-7,-4],[0,-18],[15,-5],[0,-48],[0,-45],[0,-51],[35,0],[7,-44],[10,-1],[2,1],[0,-20],[8,12],[0,-28],[23,21],[3,-24],[0,-44],[-14,-1],[-1,-42]],[[276885,651821],[-21,20],[-8,26],[-1,4],[-6,18],[-6,8],[-4,-2],[-17,-25],[10,-51],[18,-83],[3,-12],[-12,13],[0,-44],[-2,-2],[-28,0],[0,81],[-7,1],[-6,0],[-17,-4],[-4,6],[1,4],[-10,7],[-2,2],[-1,157],[-31,0],[-29,1],[-1,67],[1,13],[-1,96]],[[280743,631570],[0,5]],[[280743,631575],[8,0],[3,-6],[0,4],[5,0],[4,17],[0,-18],[2,0],[6,-12],[2,7],[0,-1]],[[280773,631566],[0,-5],[9,0],[0,-10],[3,0],[16,-3],[0,4],[5,0],[8,-21],[2,1],[0,15],[9,6],[5,0],[0,-6],[12,1],[3,5],[-1,-27],[-14,0],[0,-28],[14,1],[14,46],[14,-19],[1,5],[1,24],[0,-3],[1,-7],[0,-5],[4,13],[1,2],[2,0],[-1,-5],[9,1],[0,2],[2,-8],[5,5],[23,1],[0,6],[3,0],[4,-4],[22,-1]],[[280949,631552],[0,2],[2,0],[0,-37],[-2,-1],[0,-11],[0,-16],[39,4],[20,9],[10,0],[22,-9],[7,7]],[[281047,631500],[5,-4],[-10,-18],[4,0],[-1,-77],[4,-28],[3,0],[1,-59],[0,-142],[8,-16],[-2,-13],[-6,-44],[10,2],[1,-23],[-11,-1],[-3,-20],[-2,-44],[5,1],[2,-30],[10,1],[0,-13],[3,1],[0,-7],[-15,-4],[0,-14],[7,-17],[-7,-19],[0,-8]],[[281053,630904],[-7,-1],[0,-21],[-12,-1],[4,46],[-14,-1],[0,21],[-11,-1],[-4,-8],[0,-14],[0,-43],[-29,-1],[0,-54],[-12,6],[0,-8],[-7,0],[0,-17],[-6,-15],[-5,0]],[[280850,631126],[-4,0],[0,-6],[-5,0],[-2,0],[0,6],[-7,-1],[-18,0],[-10,-1],[-10,0]],[[280794,631124],[-19,-1],[-2,-2],[-7,-1],[-11,0],[-4,-1],[0,-10],[-9,0],[-2,10]],[[280740,631119],[5,0],[1,22],[7,0],[-7,63],[-4,39],[1,4],[-1,5],[0,4],[0,7],[0,4],[-2,1],[-3,22],[6,-1],[2,26],[-2,20],[0,6],[2,25],[-2,0],[0,34],[0,10],[0,24],[0,11],[-1,32],[0,13],[2,0],[0,17],[-1,0],[4,5],[0,19],[-4,0],[3,19],[-3,20]],[[283386,623851],[25,-20],[14,-18],[53,-2],[8,-52],[27,-97],[15,-45]],[[283528,623617],[-2,-12],[7,8],[0,-44],[8,-13],[22,-3],[5,-16],[-1,-29],[2,-29],[1,-49],[7,-30],[3,2],[6,5],[12,26],[10,14],[16,-8],[9,2],[11,-12],[24,5]],[[283668,623434],[-1,-47],[4,-123],[1,-45],[-29,-5],[0,-75],[4,-23],[12,-22],[6,-27],[2,-21],[13,1],[4,-54],[-1,-34],[7,-17],[2,-25],[11,-18],[-3,-46],[2,-38],[4,-12],[-4,-33],[2,-22],[4,-10],[22,-8],[1,-17],[0,161],[109,5],[2,-31],[9,-11],[5,2],[5,-16],[-4,-20],[3,-27],[4,-17],[-5,-38],[8,-37],[5,-28],[-5,-31],[2,-30],[4,-44],[-5,-38],[2,-8],[9,-12],[5,-34],[-4,-28],[2,-69],[-2,-13],[-6,-8],[-2,-19],[3,-19]],[[283875,622303],[-3,-9],[-8,-1],[-12,14],[-8,21],[0,6]],[[283844,622338],[-10,29],[-11,-5],[-12,7],[-11,-44],[-11,1],[-10,-21],[-8,-62],[-9,-1],[0,42],[-27,-1],[0,9],[-31,-2],[0,76],[-15,0],[1,-159],[-20,-2],[0,-10],[-10,-1]],[[283272,622364],[0,344],[-4,3],[0,84],[-13,0],[-2,-13],[-36,-8],[0,78],[-19,0],[12,46],[8,20],[12,-2],[3,8],[-4,33],[2,23],[11,16],[-3,18],[6,12],[7,-8],[11,19],[-1,31],[6,30],[-4,17],[5,38],[0,38],[2,18],[-3,10],[59,1],[1,343],[72,-2],[0,76],[-15,8],[0,82],[1,124]],[[278201,646854],[15,-1],[0,-84],[44,1],[1,43],[14,-1],[0,208],[46,-1],[0,170],[-33,0],[-4,17],[-15,12],[4,18],[2,38],[-13,0],[0,252],[0,84],[58,3],[1,5],[0,251]],[[278502,647751],[0,-61],[89,0],[0,-85],[-7,1],[-26,-13],[-4,-38],[-4,-14],[-14,-19],[70,0],[0,-15],[14,9],[3,6],[27,1],[0,-169],[29,1],[0,120],[1,50],[15,-1],[15,0],[71,-2]],[[278781,647522],[-7,-102],[2,-236],[-36,0],[0,-169],[58,0],[-2,-27],[0,-137],[-59,-1],[0,-340]],[[278737,646510],[-58,-2],[0,171],[-44,-3],[-1,-171],[-74,0],[-23,1],[-25,-39],[-4,-13],[-8,-40],[-3,-24],[-1,-51],[-13,-1],[-42,0],[0,169],[-30,0],[0,-21],[-8,-11],[-4,-31],[-7,-15],[-2,-36],[-13,19],[-7,4],[-29,2],[-9,26],[-4,19],[1,45],[-9,1],[0,-170],[-74,3],[-1,214],[-30,0],[0,124],[-5,-13],[-25,-29],[-4,-16]],[[278181,646622],[-6,29],[-5,35],[0,101],[16,6],[4,22],[2,39],[9,0]],[[277187,652755],[-1,17],[-2,16]],[[277184,652788],[-3,16],[0,44],[10,-2],[31,31],[4,-3],[15,-1],[11,0],[0,22],[28,11],[0,19],[0,21],[0,9],[16,-1],[35,-2],[28,0],[58,0]],[[277417,652952],[0,-54],[0,-96],[0,-15],[0,-64],[0,-24],[1,-33],[0,-21],[0,-31],[0,-42]],[[277418,652572],[-15,0],[-4,21],[0,22],[-11,0],[-22,-4],[-1,-39],[-7,-24],[1,-17],[-29,0],[-3,38],[-12,0],[-2,5],[-14,0],[-1,40],[-11,4],[-4,0],[-15,-34],[-4,0],[-10,4],[-8,-5],[-4,-9],[0,-39],[0,-43],[-13,0],[-1,-39],[-8,0],[0,7],[-5,10],[0,-11],[-3,-1],[-3,-7],[-20,0],[-10,0],[-4,0],[-34,1],[-1,42]],[[277762,635843],[0,171],[59,-1]],[[277821,636013],[73,0],[0,-86],[5,1],[53,0],[0,169],[42,2],[16,-33],[16,-37],[24,-79]],[[278050,635950],[0,-106],[3,0],[0,-132],[-14,-1],[-6,-11],[-6,-32],[-6,-9],[-14,-47],[-2,-18],[-10,-40],[8,15],[35,0],[0,-52],[0,-64],[-4,-36],[-6,-16],[-4,0],[0,-181],[18,-14],[14,-31],[11,-18],[18,-8],[0,-30],[-4,-2],[0,-136],[30,0],[-1,-161],[2,-8],[-59,0],[1,-73],[1,-13],[0,-79],[-58,5],[0,-172],[38,-2],[-62,-251],[-32,0],[0,-36],[-2,-10]],[[277927,634142],[0,-84],[-52,2],[-1,-20],[-20,-5],[0,-34],[-16,-7],[-13,0],[-1,150],[0,169]],[[277824,634313],[-1,168],[-59,1],[0,167],[15,3],[0,66],[0,95],[-35,-1],[-12,2],[0,85],[58,-1],[1,167],[14,2],[1,85],[14,0],[0,133],[-4,8],[-3,0],[-3,11],[-4,0],[0,17],[15,0],[0,52],[0,267],[-1,19],[73,-1],[0,128],[-1,57],[-71,0],[-59,0]],[[276786,628342],[27,2],[9,0],[0,-12],[10,0],[6,0],[0,12],[5,0],[10,1],[4,0],[5,-6],[10,0],[2,6],[5,0],[8,0],[14,-6],[3,6],[7,-5]],[[276911,628340],[0,-20],[13,-5],[0,-19],[7,0],[0,-36],[0,-32],[0,-37],[0,-9],[-8,-5],[-3,-7],[-4,-3],[-4,4],[-8,-6],[-2,-1],[0,-75],[-6,0],[-2,-21],[2,-32],[0,-32]],[[276896,628004],[-5,0],[-4,11],[0,-11],[-6,0],[-8,31],[0,-31],[-9,0],[-12,0],[-13,0],[-4,0],[0,12],[-8,-1],[0,-11],[-2,11],[-2,0],[0,-11],[-9,-12],[0,-73],[-2,0],[-20,0],[-2,-1]],[[276790,627918],[8,41],[3,23],[5,78],[0,62],[0,18],[0,66],[1,25],[-1,5],[-7,13],[-11,73],[-2,20]],[[284673,637965],[58,2],[1,166],[60,-1],[0,170],[30,4],[19,1],[2,27],[10,62],[7,12],[7,23],[7,9],[0,19],[3,14],[4,1],[-9,-61],[-4,-48],[-3,-21],[-10,-34],[23,-8],[36,3]],[[284914,638305],[0,-89]],[[284914,638216],[1,-243],[-1,-89],[-2,-409],[-3,-509],[0,-2],[-1,-140],[0,-20],[0,-6],[0,-5],[0,-2],[0,-79],[0,-41],[0,-6],[-1,-63],[0,-3],[0,-14],[-1,-128],[0,-10],[-5,-586],[0,-24],[-1,-231],[-1,-118]],[[284899,635488],[0,-52],[0,-81],[-2,-429],[0,0]],[[284897,634926],[-30,2],[1,86],[-29,2],[0,86],[-16,1],[0,13],[-4,4],[2,25],[-8,26],[0,35],[-24,23],[1,43],[-86,8],[12,152],[0,13],[3,30]],[[284719,635475],[9,125],[-58,0],[0,371],[-4,28],[2,14],[0,42],[1,17],[-2,31],[-54,2],[1,169],[-8,0],[3,15],[5,11],[1,98],[0,81],[28,18],[-2,12],[2,9],[-9,15],[-2,24],[-4,10],[-13,-7],[0,52],[13,29],[19,13],[28,22],[1,276],[-2,0],[0,228],[-10,19],[-6,-25],[-5,-10],[-18,-22],[-2,-22],[-17,-1],[-1,269],[-19,69]],[[284596,637457],[19,0],[-1,508],[59,0]],[[283490,645643],[62,2],[-1,85],[40,1],[8,-24],[8,19],[2,5],[2,-169],[17,-2],[23,-3],[1,-1],[15,12],[3,14],[11,5],[0,19],[10,-2],[9,-17],[10,-31],[76,1]],[[283786,645557],[0,-20],[5,-13],[3,-2],[3,-15],[3,-11],[-13,-4],[0,-29],[0,-5],[2,15],[13,-27],[14,-13],[10,0],[20,-27],[3,-12],[-62,-7],[-30,-1],[9,-1],[1,-27],[-4,-12],[1,-17],[16,-13],[5,-9],[3,-19],[1,-211],[0,-28]],[[283789,645049],[-34,-2],[0,-81],[-25,-2],[-14,1],[0,-21],[-14,1],[0,63],[-28,2],[0,39],[-60,4],[0,170],[-60,1],[0,-66],[-59,64],[1,-168],[-27,0]],[[283439,645123],[-2,-3],[0,17],[3,26],[2,60],[16,0],[6,31],[-17,14],[3,18],[0,21],[15,0],[0,11],[-9,1],[3,30],[-17,0],[0,29],[-7,7],[-1,174],[10,3],[4,-3],[-1,2],[-1,82],[19,0],[12,-15],[13,15]],[[275375,632614],[1,-255],[59,1],[0,-250],[7,-5],[1,-23],[1,-72],[51,2],[0,-76],[87,-2],[18,0],[0,-179],[-2,-2],[-28,0],[-57,-6],[1,-342]],[[285227,625212],[4,-25],[11,-28],[5,-20],[-12,-18],[-16,-19],[-8,-5],[4,22],[7,51],[-4,0],[1,39],[3,0],[4,2],[1,1]],[[280375,654292],[1,0],[1,11],[2,14],[37,-3],[2,-4],[2,-22],[10,1],[0,0],[42,1],[3,1],[0,-40],[10,1],[0,-16],[5,0],[0,56],[10,0],[5,-46],[0,-10],[-13,0],[1,-48],[0,-6],[14,0],[0,-16],[0,-11],[-3,-32],[0,-1]],[[280392,654125],[11,30],[7,28],[4,37],[-2,13],[-6,2],[-17,-15],[-3,4],[-5,29],[-3,13],[-2,16],[-1,5],[0,5]],[[278801,637727],[0,25],[5,0],[3,-31],[10,-37],[0,-30],[-9,0],[-5,2],[0,27],[-9,23],[5,21]],[[278818,641284],[1,35],[7,14],[7,1],[12,15],[6,-2],[14,-25],[13,-4],[13,16],[9,24],[1,28],[-4,25],[-4,9],[-8,6],[-4,-2],[-12,-18],[-6,-2],[-9,6],[-10,19],[-11,51],[1,10],[7,14],[12,10],[10,-2],[7,-8],[8,0],[11,8],[7,15],[4,26],[4,26],[0,22],[-2,18],[-3,12],[-7,7],[-7,-8],[-5,-17],[-6,-33],[-11,-21],[-4,-1],[-14,13],[-1,20],[3,30],[7,22],[7,38]],[[278861,641681],[10,-3],[0,20],[9,0],[0,42],[6,19],[7,2],[38,-3],[-1,173],[-33,0],[-1,88],[0,89],[30,-7],[0,86],[0,31],[-1,10],[92,1],[-1,217],[0,86],[30,2],[-1,84],[30,-6],[0,171],[29,-4],[59,0]],[[279163,642779],[60,-2],[0,-169],[59,-1]],[[279282,642607],[0,-171],[-25,2],[-4,-29],[2,-23],[-6,-6],[0,-37],[-4,-15],[4,-36],[0,-10],[-6,-32],[-7,-19],[2,-15],[13,-8],[12,-2],[5,28],[9,33],[34,-1],[1,34],[22,28],[22,44],[4,15],[21,34],[36,65],[10,30],[0,-11],[6,-7],[3,-52],[24,17],[25,23],[13,14],[5,15],[9,44],[7,54]],[[279519,642613],[0,-9],[6,19],[11,12],[11,22],[7,-4],[5,-16],[5,-53],[6,-5],[8,-19],[0,-127],[0,-170],[35,0],[3,19],[5,21],[9,12],[26,1],[10,8]],[[279666,642324],[0,-7],[-21,-42],[-4,-4],[-4,-5],[0,-12],[-8,-17],[1,-3],[4,8],[3,-14],[0,-4],[0,-292],[-1,-12],[-20,-81],[-22,-89],[-74,2],[-74,3],[0,-61],[14,-3],[0,-105],[74,-4],[0,-42],[0,-22],[-2,-18],[-16,-3],[0,-17],[2,0],[0,-25],[-2,0],[-1,-32],[20,15],[11,-47],[-5,-20],[-7,-3],[-8,28],[-5,29],[-5,-7],[-1,-20],[3,-21],[-1,-18],[-15,6],[-4,29],[-15,5],[-5,-5],[-10,-23],[-13,5],[-9,15],[-5,-16],[-5,-1],[-6,14],[-13,-17],[-3,-9],[11,-18],[2,-11],[-27,0],[0,-85]],[[279400,641248],[0,-337],[-47,0],[3,-24],[0,-35],[6,-24],[9,-18],[0,-68],[0,-169],[1,-169]],[[279372,640404],[-16,-1],[-3,-20],[-5,-11],[-42,-46],[-12,-17],[-10,3],[1,-332],[-17,-2],[-42,1],[1,-70],[1,-12],[60,0],[0,-63],[5,-22]],[[279293,639812],[-9,-6],[-11,-30],[-12,-16],[-5,8],[1,32],[-4,0],[-7,12],[-9,-16],[-3,-17],[-14,-25],[-7,17],[-5,5],[-10,-11],[-4,-11],[-5,-40],[-6,-11],[-5,3],[-3,21],[-17,43],[-4,-4],[1,-21],[-3,-16],[-14,-25],[-17,-20],[-5,15],[3,45],[-3,14],[-8,-5],[-5,-30]],[[278921,640791],[4,35],[-1,45],[20,7],[3,34],[-74,0],[-1,-40],[-15,0],[-11,-53],[11,-1],[0,-32],[-17,1],[0,16],[-23,-39],[-5,19],[-20,15],[-3,15],[-2,57],[2,30],[5,12],[14,1],[6,-24],[7,-43],[7,-10],[13,25],[-2,36],[-5,16],[-5,25],[0,18],[6,41],[39,0],[-1,84],[-14,3],[-1,83],[-36,1],[-5,43],[2,24],[-1,29],[4,19],[-4,1]],[[280515,657435],[0,-252],[0,-170],[2,1],[25,0],[0,-39],[0,-44],[0,-33],[0,-8],[0,-7],[0,-39]],[[280542,656844],[0,-103],[-6,6],[-1,32],[-21,0],[0,65],[-80,3],[0,-14],[5,0],[0,-49],[-11,0],[0,19],[-7,2],[-42,1],[-2,17],[-5,0],[0,-16],[-9,-1],[-59,1]],[[280304,656807],[0,133],[-46,54],[-7,28],[-7,11],[-1,73],[-15,1],[0,30],[7,27],[14,6],[3,35],[6,25],[1,24],[-3,17]],[[277126,624880],[5,10],[-4,6],[9,24],[5,6],[0,50],[5,13],[3,26],[22,8],[0,-34],[0,-42],[2,-36],[29,-1],[7,-5],[0,-68],[-4,0],[-4,-13],[-1,-37],[-44,1],[0,30],[-5,0],[3,22],[-5,23],[-20,-1],[-3,18]],[[276083,655288],[-8,-3],[0,-8],[2,0],[0,-32],[0,-22],[-1,-21],[2,-5],[-2,-32],[2,-5],[0,-37],[-2,0],[0,-11],[2,0],[0,-13],[-2,0],[2,-3],[0,-19],[-1,-23],[2,0],[0,-16],[-2,0],[0,-27],[2,0],[0,-15],[-2,0],[2,-6],[0,-21],[-2,0],[0,-22],[1,-5],[2,-37],[0,-21],[-2,0],[0,-21]],[[277624,636785],[0,13],[6,0],[8,-20],[7,-3]],[[277645,636775],[22,-20],[0,-34]],[[277667,636721],[0,-38],[-43,-1],[0,103]],[[277259,626307],[0,-342],[7,-30],[2,-53],[-102,2],[-4,-44],[-6,-27],[31,-69],[0,-32],[-1,-173]],[[277186,625539],[-171,2],[1,172],[0,170],[-57,-1],[0,155],[-6,-26],[-13,-50],[-5,-12],[-6,-2]],[[276929,625947],[1,351],[0,-9],[-6,1],[0,17],[93,-1],[127,3],[-1,5],[1,186],[7,-58],[7,-44],[6,-30],[14,-60],[81,-1]],[[278426,639317],[2,0],[8,0],[7,-7],[9,0],[0,-23],[4,0],[0,-21],[1,-10],[5,0],[3,0],[2,0],[1,5],[2,0],[1,-5],[15,-14],[0,-18],[-4,0]],[[278423,639229],[-3,4]],[[278420,639233],[6,34],[0,50]],[[278270,626416],[13,-1],[1,88],[125,-7]],[[278409,626496],[0,-42],[26,-2],[0,20],[14,1],[0,-11],[7,0],[2,-12],[20,0],[0,-44],[29,-34],[-1,10],[7,1],[8,-48],[14,5],[19,1],[9,-8],[4,-10],[11,-6],[12,26],[3,45],[-3,37],[-3,8],[0,60],[32,-3],[3,3],[0,133],[0,42],[1,271],[1,405],[-87,5],[0,169],[11,9],[8,23],[10,-1],[10,16],[9,36],[0,7],[8,32],[2,23],[13,-7],[3,-14],[10,0],[1,-25],[10,-18],[17,-1],[4,11],[2,28],[-5,0],[2,10],[0,37],[-28,0],[1,232]],[[278625,627916],[10,-8],[-5,-24],[0,-8],[4,11],[10,3],[8,-21],[3,11],[-1,-27],[23,-1],[-2,-21],[3,-8],[5,-37],[4,-1],[7,-29],[13,-5],[-23,-9],[1,-20],[11,-17],[13,-31],[8,-6],[12,-16],[3,15],[-1,64],[11,13],[11,-11],[6,15],[8,9],[18,-18],[9,25],[1,3],[15,-25]],[[278810,627742],[23,-11],[7,14],[1,-12],[1,-98],[5,-60],[0,-67],[0,-11]],[[278847,627497],[-1,-159],[1,-82],[7,-3],[33,-2],[-5,-8],[-2,-28],[-4,-20],[-14,-9],[-6,-38],[24,-55],[10,-35],[10,-60],[62,2],[0,-85],[-14,0],[-2,-3],[-2,-33],[-3,-36],[2,1],[20,0],[1,-111],[48,-47],[-30,-27],[-7,-8],[-23,-43],[-7,-28],[-1,-6],[1,-46],[20,1],[6,-21],[-4,-26],[-11,-28],[-2,-50],[-4,-10],[0,-31],[4,-9],[10,-7],[2,-28],[10,-40],[-2,-14],[7,-19],[0,-33],[2,-6],[14,-17],[7,-3],[7,7],[8,-3],[5,-17],[1,-14],[15,-13],[42,-2],[1,-172],[1,-337],[29,-1],[1,-16],[8,-17],[10,-4],[9,-15],[17,-56],[5,-24]],[[279163,625503],[1,-284],[0,-29],[-10,-14],[-9,6],[-13,19],[-24,2],[-5,7],[-17,-7],[1,-144],[-16,-38],[-3,-39],[3,-50],[-6,-43],[-2,-38],[-4,1],[0,-110]],[[279059,624742],[0,-11],[-14,1],[0,-24],[-22,1],[-7,-10],[0,31],[-7,1],[0,21],[-8,0],[0,-63],[-14,1],[0,7],[-14,1],[-1,55],[-22,2],[-2,-28],[-6,1],[-11,-30],[-3,-15],[-14,-20],[-1,-35],[-56,3],[-116,3],[-8,0],[-9,0],[-48,-212],[-9,9],[-13,40],[-16,23],[-2,50],[-9,21],[-2,0]],[[278625,624565],[-37,1],[4,29],[4,46],[-14,3],[-42,-4],[-47,3],[-6,-2],[-17,3],[-26,1],[-7,3]],[[278437,624648],[-14,-1],[6,38],[6,19],[44,47],[11,7],[13,23],[8,22],[2,13],[1,48],[-3,93],[-1,20],[1,18],[7,41],[0,19],[-5,30]],[[278513,625085],[8,0],[6,37],[-4,22],[2,11],[14,-3],[3,10],[4,27],[10,13],[9,-9],[5,-23],[7,-9],[6,4],[2,10],[-1,52],[2,14],[6,3],[6,-12],[9,-34],[9,-11],[1,-20],[-2,-12],[0,-23],[-2,-29],[7,-34],[8,2],[7,9],[5,13],[3,35],[3,85],[3,17],[16,20],[12,8],[6,-3],[11,23],[-1,30],[-11,10],[-1,9],[5,26],[5,16],[15,29],[5,36],[7,18],[6,26],[1,16],[5,29],[1,27],[-4,33],[3,64],[-21,1],[-2,-26],[-4,-20],[-12,-27],[-12,-14],[-11,-4],[-3,4],[-18,-1],[-5,-22],[-3,23],[-71,1],[0,44],[-19,0],[-8,-14],[-10,-12],[-1,-13],[-11,-9],[-16,7],[-12,-2],[-6,11],[-6,-7],[-8,-16],[-5,-31],[-9,19],[0,32],[17,83],[2,12],[-2,28],[3,23],[-6,11],[-15,48],[-1,27],[-3,12],[-17,10],[-2,28],[-4,18],[-7,0],[-7,34],[2,19],[-7,8],[-13,52],[-18,3],[-5,18],[-10,18],[-3,12],[-5,2],[-1,53],[-12,-13],[-37,2],[-6,14],[-17,7],[0,-22]],[[278283,626078],[-14,1],[0,165],[-12,5],[1,61],[7,-7],[0,6],[1,5],[1,8],[1,2],[1,11],[1,81]],[[286265,633076],[57,4],[28,5],[1,-90],[29,2],[0,-39],[0,-19],[1,-21],[6,0],[0,-18],[36,13],[18,5],[0,-92],[1,-80],[-10,-1],[-11,0],[-12,-1],[-9,-37],[0,-23],[-18,14],[0,-35],[60,0],[0,-37],[0,-51],[2,-70],[-1,-6],[13,-30],[4,20],[19,-6],[9,-35],[-1,-41]],[[286487,632407],[-4,2],[-4,-2],[-10,-1],[-26,-1],[-3,0],[1,-171],[-46,-2],[-2,15],[-9,5],[-6,30],[4,34],[1,15],[-11,9],[-2,24],[2,25],[-8,12]],[[286364,632401],[-9,12],[-6,60],[-11,21],[0,40],[-5,32],[-2,3],[-19,-2],[-4,12],[-11,-13],[-12,-1],[-1,88],[-9,0],[-2,0],[-6,-6],[0,11],[-13,4],[-14,61],[-2,11],[-5,104],[-1,8],[6,2],[28,10],[-1,218]],[[287370,637863],[-2,-68]],[[287368,637795],[-61,-14],[-1,-77],[-2,-85],[-91,20],[7,253],[144,-30],[6,1]],[[288091,648154],[-30,0],[0,42],[-15,0],[-1,78]],[[280042,639054],[58,3],[0,169]],[[280100,639226],[0,167],[88,0],[0,-85],[-14,-1],[0,-83],[44,0],[0,168],[29,0],[0,-506],[88,0],[1,-171],[29,0],[0,-169],[44,0],[0,-56],[5,9],[14,6],[14,2],[5,16],[6,-1]],[[280453,638522],[0,-145],[0,-84],[0,-84],[-29,0],[0,-96]],[[280424,638113],[-3,6],[-8,-5],[-9,2],[-10,-8],[-3,-9],[-11,3],[-8,22],[-94,1],[0,41],[-15,-12],[-8,46],[-8,3],[-10,-4],[-4,11],[-14,0]],[[286066,647952],[1,0],[-2,34],[-3,56],[-3,20],[-19,47],[-5,29],[-1,28],[2,36],[0,24],[-12,71],[-2,27],[4,32],[16,42],[7,30],[4,34],[26,1],[0,-63],[19,0],[0,-22],[-12,0],[-1,-46],[17,-1],[0,-17],[4,0],[0,-21],[90,0],[34,0],[-2,-8],[0,-77],[60,0],[0,-85],[30,0],[0,-85],[-30,0],[0,-84],[60,-1]],[[286348,647953],[0,-88],[-1,-423],[-30,0],[0,-171],[30,1],[0,-170],[0,-171],[0,-162],[0,-13],[13,-33],[4,-55],[11,-71],[2,-5],[5,-9]],[[286382,646583],[6,-14],[11,-8],[6,7],[1,-35],[0,-24],[-32,0],[-16,0],[-12,0],[0,-47],[0,-40],[-59,-2],[0,91],[0,80],[-61,-3],[1,-77],[-43,-1]],[[286184,646510],[-17,0],[0,79],[-59,-1],[0,340]],[[286049,647088],[-30,-4],[0,13],[-30,0],[-28,0],[-32,-1],[0,340],[0,170],[22,0],[39,-30],[0,198],[1,9],[26,-1],[15,-229],[29,1],[1,-36],[4,2],[-3,42],[7,41],[10,32],[0,39],[-5,81],[2,22],[8,25],[4,29],[-4,21],[-12,35],[-3,24],[-4,41]],[[287483,642041],[0,42],[29,1],[15,0],[0,-45],[15,-1],[4,4],[40,1],[15,-62],[24,-106],[94,1],[1,-253],[-23,0],[51,-168],[11,-30],[19,-39],[47,-95],[2,-6]],[[287827,641285],[9,-43],[5,-41]],[[287917,640878],[-6,-12],[-6,-4],[0,-32],[-4,-45],[-6,21],[-14,20],[-18,-32],[-6,-16],[-6,5],[-4,30],[-10,14]],[[287837,640827],[0,35],[-19,-1],[-39,-44],[0,137],[-38,-2],[-36,5],[0,156],[-74,-3],[0,-84],[-58,-1]],[[287573,641025],[-14,0],[-76,-2],[0,85],[-39,-2],[-15,4],[-3,-4],[0,87],[0,254],[-45,0],[0,-85],[-14,0],[0,168],[-53,1],[0,23],[-7,5]],[[278340,639224],[2,37],[6,2],[0,42],[7,-1],[9,0],[0,17],[-4,7],[4,24],[0,36],[0,16],[-8,2],[-1,6],[0,62],[4,0],[3,2],[4,-18],[2,-6],[0,-8],[1,-45],[3,-11],[11,-39],[1,-24],[-11,-2],[0,-20],[0,-9],[5,0],[0,-14],[-5,1],[0,-22],[5,0],[0,-18],[5,6],[1,-7],[0,-24],[-41,2],[-3,5],[0,1]],[[281628,640449],[15,0],[0,170],[87,4],[0,171],[16,1],[0,133],[7,-6],[5,4],[15,34],[3,6],[14,18],[11,22],[4,12],[0,12],[0,6],[0,21]],[[281805,641057],[59,-6],[0,-43]],[[281864,641008],[0,-6]],[[281864,641002],[0,-38],[1,-169],[0,-168],[0,-43],[0,-194],[0,-17],[-29,-1],[-1,-40],[-15,-10],[2,-35],[43,1],[1,0],[0,-169],[61,3],[0,-170],[0,-170],[-37,-1],[0,-168]],[[281890,639613],[-23,0],[0,-170]],[[281867,639443],[-42,0],[-7,33],[-8,5],[0,-39],[-73,0],[-104,-1]],[[281633,639441],[-2,336],[0,163],[-1,170],[-1,170],[-1,169]],[[282944,617350],[-83,-207]],[[282742,617088],[0,167],[-29,-1],[0,87],[-17,0],[0,59],[-12,1],[0,-61],[-57,-2],[-1,111],[0,33]],[[282626,617482],[0,66],[-6,2],[0,29],[5,0],[0,14],[-8,8],[0,16],[-4,10],[-16,0],[0,98],[-17,1],[-8,45],[17,23],[3,10],[6,-8],[7,5],[5,13],[8,-23],[8,1],[-1,-86],[1,-18],[7,1],[0,-14],[21,1],[0,-53],[14,6],[1,-20],[4,0],[0,-17],[9,0],[11,1],[14,43],[28,26],[5,-1],[13,3],[4,9],[-1,32],[6,12],[0,31],[6,-4],[0,35],[6,17],[0,7],[0,41],[-6,3],[-1,84],[55,3],[0,-73],[31,-1],[0,-102],[21,2],[1,17],[29,2],[56,-389],[-16,-40]],[[282562,663964],[0,-126],[0,-43],[-62,0],[1,-170],[-78,-2],[0,-45],[-46,-1],[0,45],[-15,-1],[0,-92],[-30,1],[-2,-83],[-13,-1],[0,37],[-16,4],[2,-41],[-9,0],[-9,0],[0,21],[-8,151],[-22,-2],[0,-102],[0,-69],[1,-84]],[[282256,663361],[-16,1],[0,84],[0,43],[-8,-1],[1,21],[-8,0],[-1,22],[16,0],[0,27],[-10,57],[-37,215],[-1,187],[2,22],[19,-1],[9,14],[-2,7],[-13,4],[-1,60],[-17,1]],[[280104,660664],[84,501],[55,383]],[[280243,661548],[48,1],[-14,-137],[2,3],[52,-2],[0,-41],[45,-1],[-9,42],[86,-1],[0,41],[55,1],[4,-4],[-1,105],[9,1],[16,0],[0,-105],[43,1]],[[280579,661452],[0,-68],[-7,0],[0,-100],[-5,0],[0,-43],[17,0],[0,-83],[5,0],[0,-42],[39,2],[0,-81],[-45,0],[1,-130],[-16,-2],[0,-126]],[[280568,660779],[-55,0],[0,-44],[0,-122]],[[280513,660613],[-31,0],[-41,-7],[0,-32],[-9,1],[0,-46],[-9,0],[-31,1]],[[280392,660530],[-27,0],[-33,0],[-30,-1],[0,84],[-15,0],[0,74],[-5,10],[-46,-1],[25,169],[-20,-1],[0,87],[4,37],[4,85],[0,55],[2,4],[4,37],[4,9],[14,3],[0,21],[-17,1],[-7,4],[-14,-99],[-46,-225],[-14,-97],[-6,-43],[-4,-48],[-9,-1],[-6,-13],[-12,-33],[-5,15],[-7,-2],[-12,-2],[-10,5]],[[280577,638556],[59,3],[0,-170],[5,0],[7,15],[0,26],[8,3],[6,27],[11,17],[8,1],[4,-15],[10,7],[0,-77],[0,-171],[118,6],[58,4],[0,168],[-40,-1],[8,58],[3,7],[0,105],[75,3],[-1,-127],[0,-63],[0,-148],[14,1],[1,169],[60,1],[22,-168],[34,1],[1,169],[117,6]],[[281165,638413],[57,5],[0,-86],[-57,-3],[0,-85],[57,4],[0,53],[13,70],[17,26],[0,-148],[29,2],[0,-169],[30,1],[29,1],[0,-169],[29,2],[1,168],[29,2],[-1,-169],[59,1],[1,-169],[58,4],[36,1],[8,0]],[[281560,637755],[-7,-33],[-2,-21],[4,-61],[-3,-43],[-36,12],[0,-3],[0,-20],[-13,-2],[-1,-170],[-45,-3],[0,-85],[45,3],[0,-65],[-11,7],[-18,-5],[-4,-25],[-13,-14],[0,-28],[45,2],[0,-126]],[[281501,637075],[-104,-3],[1,169],[-87,-2],[-42,1],[0,-22],[-12,-3],[0,-12],[-13,-27],[-12,-2],[-5,-63],[-5,4],[0,124],[-44,0],[7,-16],[4,-37],[-6,-1],[-18,-17],[-2,-14],[-47,-2],[3,-86],[-5,1],[-36,-1],[0,85],[-43,-2],[0,-46],[-15,6],[-8,-24],[-15,-1],[0,-21],[-95,-2],[-3,-169],[-29,-1],[2,83],[1,87],[-63,-3],[-1,-169],[0,0],[-148,-5]],[[280661,636884],[-30,-2]],[[280631,636882],[3,145],[-13,1],[-7,-7],[-9,16],[0,27],[-9,27],[-5,0],[0,126],[-74,-3],[1,85],[28,1],[0,249],[30,4],[58,0],[2,414],[-44,-1],[0,38],[-9,3],[0,38],[-6,2],[0,84],[59,4],[0,84],[-59,-3],[0,170],[-2,53],[-2,12],[4,9],[-7,0],[-8,17],[-7,24],[-6,2],[-8,-8],[-10,9],[-13,17],[0,32],[59,3]],[[281302,632774],[-11,-23],[0,77],[11,23],[4,-19],[-4,-15],[3,-26],[-3,-17]],[[281174,632541],[10,16],[14,27],[2,3],[1,-6],[32,5],[-1,60],[15,26],[39,70],[0,-7],[5,0],[0,-41],[0,-21],[7,1],[-2,35],[9,34],[0,24],[-3,7]],[[281302,632774],[9,-14],[-1,21],[10,21],[7,-4],[0,28],[12,14],[0,20],[10,23],[7,36],[42,1]],[[281398,632920],[0,-84],[-49,-1],[1,-158],[0,-34],[0,-137],[0,-13]],[[281350,632493],[1,-73],[0,-86],[1,-35],[0,-39],[0,-97]],[[281352,632163],[-35,-2],[-23,-1],[-32,-1],[-7,-1],[-21,-1],[0,60],[-28,-20],[0,22],[-3,-3],[-27,0]],[[281176,632216],[0,24],[0,4],[-1,35],[0,13],[6,16],[0,18],[-6,0],[0,31],[0,11],[0,8],[0,35],[2,0],[0,23],[-2,0],[0,4],[-1,58],[7,1],[0,21],[-3,0],[-4,15],[0,8]],[[280474,634806],[12,10],[-1,25],[3,1],[0,10],[11,-1],[6,7],[0,69],[12,1],[0,212],[-30,-1],[0,63],[15,28],[12,11],[8,15],[5,21],[19,32],[0,-168],[29,1],[74,4],[0,-43],[8,0],[6,9],[0,27],[-3,7],[3,0],[6,0],[14,1],[10,-2],[0,-40],[14,0],[0,8],[0,77],[0,42],[15,1],[0,8],[17,3],[-16,69],[-7,9],[-9,6],[3,2],[9,1],[-3,17],[2,-6],[16,1],[0,17],[17,0],[1,0],[-1,21],[5,10],[10,1],[0,29],[-15,-1],[0,26],[15,1],[0,15],[14,-5],[18,7],[1,9],[10,-16]],[[280809,635457],[1,-2],[0,3],[20,-10],[10,3],[6,-24]],[[280846,635427],[-3,-8],[-1,-1],[-6,-6],[21,-34],[5,-8],[5,-8],[0,-35],[0,-24],[0,-26],[0,-78],[0,-53],[8,0],[0,-33],[-8,0],[0,-85],[21,-1],[0,-38],[8,0],[1,115],[0,-248],[-10,0],[-19,-1],[1,-12],[0,-17],[18,0],[0,-1],[11,0],[0,-42],[-16,-1],[1,-40],[-4,0],[0,-6],[4,-15],[1,-92],[-15,0],[0,-15]],[[280869,634614],[0,-42],[-15,-1],[0,-21],[-14,-1],[0,64],[-29,-1],[-13,-2],[8,-83]],[[280806,634527],[-1,0],[2,-20],[-8,5],[-10,-29],[-35,-5],[-30,-1],[0,-18],[-29,-2],[0,-23],[0,-5],[0,-38],[0,-42],[0,0],[-58,-3],[0,-1],[0,0],[0,-83],[-49,-2],[-3,-13],[0,-49],[-7,0],[0,-22],[8,0],[0,-30],[7,-6],[-15,-7],[0,-41],[-59,-3],[0,-43],[-29,0]],[[280490,634046],[0,20],[-6,11],[-7,11],[-19,0],[0,96],[1,72],[0,23],[2,18],[4,42],[0,1],[0,2],[15,0],[-1,30],[18,1],[0,53],[3,17],[13,0],[-1,36],[-6,0],[0,19],[-6,6],[-3,6],[-15,0],[0,34],[-8,0],[0,135],[-16,0],[0,24],[16,0],[0,48],[-8,0],[0,38],[8,0],[0,17]],[[281989,637929],[1,-1],[117,1],[58,1],[0,84],[59,2],[0,-85],[47,-1],[11,-1],[236,1]],[[282518,637930],[1,-171],[44,-2],[0,-170],[6,-1],[7,-2]],[[282576,637584],[1,-213],[-13,18],[-2,21],[0,-12],[-5,1],[0,-23],[-8,1],[0,-85],[-29,2],[1,-43],[0,-171],[30,0],[0,-171],[-29,0],[0,-132]],[[282522,636777],[-7,-21],[-19,-21],[-6,-12],[-5,10],[-4,-2],[-5,-40],[2,-5],[6,18],[38,-2],[0,-258],[0,-86],[-35,2],[-7,-15],[-8,-1],[-4,9],[-9,1],[-3,3],[-5,-8],[-2,3],[0,8],[-9,-1],[2,7],[-5,80],[-1,0],[6,32],[-2,8],[9,34],[1,32],[3,17],[5,5],[6,44],[-118,-2],[0,-171],[-91,0],[-2,13],[0,46],[-12,0],[-4,30],[-5,64],[0,9],[-2,2],[-6,1],[0,-60],[-15,2],[0,-25],[-15,2]],[[282194,636529],[1,58],[-6,0],[0,-58],[-9,1],[0,42],[-15,0],[-2,49],[0,31],[-13,0],[0,48],[-29,-1],[0,85],[-14,0],[-50,0],[-1,134],[-8,0],[-4,0]],[[282044,636918],[-1,43],[2,41],[-4,43],[-5,19],[0,24],[-18,1],[1,59],[-17,-1],[5,45],[-3,13],[0,40],[-2,11],[-13,1],[-58,-1],[0,167],[-18,0],[-7,88],[7,12],[-7,3],[-1,68]],[[281905,637594],[-2,166],[28,2],[0,168],[58,-1]],[[282034,637507],[15,0],[0,-17],[0,-15],[0,-19],[0,-1],[4,0],[0,20],[3,11],[22,-15],[0,21],[-5,0],[0,16],[7,0],[0,42],[-2,19],[4,0],[0,18],[-4,6],[-14,-1],[0,-37],[3,-6],[-29,-5],[-4,-37]],[[281690,636238],[1,-147],[59,4],[0,170],[120,2],[0,174],[0,165],[0,7],[60,0],[0,171],[9,0],[39,-130],[0,124],[11,5],[0,134],[0,0],[55,1]],[[282194,636529],[0,-86],[0,-212],[-1,-129],[0,-90],[1,-79],[-2,0],[0,-63],[0,-3],[0,-3],[-11,-116]],[[282181,635748],[-13,-9],[-6,-9],[-8,-13],[-13,4],[-7,-6],[-1,-1],[-7,-19],[-2,-41],[-4,-7],[-19,1],[1,-20],[0,-9],[0,-73],[0,-47],[3,0],[0,-22],[-3,-4],[0,-60],[0,-77],[14,-7],[-6,-36]],[[282110,635293],[-7,-51],[-24,-172],[-23,-170],[-10,-73],[-3,0],[0,0],[0,-25],[-5,-39],[0,-4],[-2,-19]],[[282036,634740],[-16,2],[-35,-40],[0,3],[0,133],[0,59],[-22,0],[-4,-26],[-10,-40],[-2,-5],[-5,-13],[0,83],[-4,0],[0,48],[-3,5],[-24,0],[0,31],[-35,0],[0,-15],[-10,0],[0,-71],[-57,-3]],[[281809,634891],[-1,2],[-1,337],[0,36],[-28,7],[-8,14],[-3,19],[-10,12],[-9,0],[-12,21],[19,49],[-6,19],[-10,-24],[-6,-5],[0,70],[15,4],[-1,118],[-118,-3]],[[281630,635567],[-1,338],[2,33],[0,232],[6,11],[25,9],[18,22],[4,-1],[5,23],[1,4]],[[277350,629380],[0,-47],[5,1],[11,22],[2,23],[6,20],[15,1],[6,4],[7,18],[7,6],[3,24],[16,-11],[3,22],[6,30],[11,11],[10,-11],[8,8],[18,48],[4,3],[0,-120],[13,24],[4,-2],[6,-18],[14,-5],[16,25],[4,-5],[1,58],[65,-2]],[[277611,629507],[52,-6],[56,0],[0,-92],[54,-1],[0,85],[58,-4],[1,85],[43,-2],[15,1],[0,135],[59,21],[0,19],[-30,1],[0,84],[30,-1],[0,85],[-58,3],[0,70],[7,14],[8,0],[0,85],[-14,1],[0,169],[1,21],[-13,43],[-4,2],[-12,38],[-1,22],[-4,3],[-6,53],[2,11],[5,0],[-1,16],[-13,9],[-3,41],[-4,30],[-3,7],[9,5],[0,127],[-3,10],[0,19],[-4,59],[57,-5]],[[278065,629767],[0,-22],[-1,-301],[0,-90],[-3,5],[-12,0],[0,-101],[15,1],[-1,-29],[-28,0],[0,-3],[-1,-157],[29,17],[-1,-154],[-1,-212],[0,-338],[-1,-112],[1,-57]],[[278061,628214],[-1,-31],[4,-9],[-1,-18],[6,-36],[21,-64],[2,-18],[-16,-20],[-17,18],[0,7],[-59,6],[0,-182],[-11,10],[-47,4],[0,-112],[-34,30],[-24,26],[0,59],[-15,0],[0,18],[9,-1],[0,60],[2,19],[-2,19],[-11,11],[-41,0],[0,-125],[-56,3],[4,-34],[-1,-30],[-8,-16],[0,-10],[7,-79],[-21,1],[-3,-180],[-35,2],[-1,-92],[-17,4],[-6,-7],[-32,-54],[-3,-1],[-2,-1],[2,-41],[0,-131],[1,-10]],[[277363,627681],[-12,9],[-12,1],[-5,-8],[0,65],[-6,0]],[[277328,627748],[2,23],[-4,38],[4,25],[-15,38],[-10,-3],[0,216],[0,84],[1,139],[0,31],[50,1],[8,2],[0,134],[0,48],[0,131],[-12,7],[-7,28],[-9,16],[-20,-2],[-10,4]],[[277306,628708],[1,56],[0,30],[13,-12],[16,-11],[0,24],[14,0],[0,137],[-14,0],[0,47],[9,8],[5,18],[5,36],[3,10],[7,5],[0,36],[-6,10],[0,47],[-7,-14],[-16,9],[-14,1],[-1,112],[-8,14],[-15,0],[42,93],[10,16]],[[277799,628732],[29,-2],[1,62],[21,0],[0,88],[-13,-12],[-30,-24],[-2,-29],[-6,0],[0,-61],[0,-22]],[[280823,633732],[19,1],[1,-19],[-17,1],[-3,10],[0,7]],[[280718,633674],[-1,86],[37,2],[20,-1],[29,-2],[-2,18],[1,4],[3,-2],[1,-10],[0,-10],[7,-1],[0,-84],[3,-1],[0,-22],[12,0],[0,-57],[12,-7],[18,0]],[[280858,633587],[0,0],[10,-7],[3,-32],[16,-3],[26,2],[-1,20],[2,21],[-6,1],[0,39],[9,1],[0,43],[14,-1],[37,1],[7,-2],[5,37],[1,28],[-3,85],[7,9],[3,-19],[6,-13],[2,23],[8,24]],[[281004,633844],[1,-1],[-7,-22],[-3,-20],[-2,-30],[9,-40],[1,-22],[-1,-22],[-2,-9],[-4,-6],[-4,-4],[-11,-29],[-5,-39],[-6,-80],[0,-17]],[[280970,633503],[-1,0],[-38,-1],[-7,0],[-30,0],[-2,29],[-6,0],[-7,4],[0,-33],[-21,0],[0,0],[-45,0],[-14,0],[-16,17],[-16,17],[-13,6]],[[281398,632920],[0,42],[0,75],[0,2],[0,50],[0,84],[0,68],[0,100],[0,123],[2,12],[3,15],[1,19],[-2,22],[-8,19]],[[281394,633551],[-1,2]],[[281460,633787],[0,-6],[-2,-52],[-1,-100],[0,-18],[7,-17],[9,-3],[12,-25],[17,-7],[15,-14],[0,-6],[7,1],[0,-18],[8,1],[9,0],[23,1],[11,0],[0,-139],[58,114],[0,-15],[1,-128],[-59,-2],[0,-169],[59,1],[0,-9],[3,-75],[41,2],[0,53],[-5,0],[0,21],[17,1],[2,11]],[[281692,633190],[0,-22],[10,6],[0,-26],[5,0],[0,-42],[15,1],[0,-86],[-88,-5],[0,-170],[6,1],[1,-334],[0,-14],[-47,-34],[-11,-10],[0,55],[-26,0],[-1,38],[-11,89],[2,43],[-24,0],[0,-133],[-3,23],[-5,3],[-46,-48],[0,-19],[-60,3],[0,-16],[-28,0],[-14,-9],[-5,12],[-10,1],[-2,-4]],[[279322,619038],[52,0],[-4,-32],[-3,-51],[-7,-6],[1,-80],[-3,-54],[3,-19],[7,1],[7,-11],[5,-30],[8,-21],[9,-2],[17,-19],[6,-10],[16,5],[18,2],[4,-10],[13,-2],[2,-26],[7,-46],[11,-7],[0,-133],[-40,-75],[12,0],[5,-5],[3,-17],[12,-1],[7,26],[-1,17],[8,1],[14,-23],[12,-4],[11,-9],[11,3],[6,-21],[10,-11],[17,2],[2,-259],[14,-24],[12,-15],[3,0]],[[279609,618072],[34,-1],[-1,-84],[-2,-83],[0,-42],[-31,-1],[-5,-1],[0,-20],[-7,-13],[-7,-29],[-11,-12],[-19,2],[-9,-27],[0,19],[-8,-10],[-10,-54],[-6,-18],[-4,24],[-4,10],[-7,4],[-6,-8],[-14,-31],[-6,-1],[-5,10],[-15,8],[-11,28],[-12,23],[5,-83],[0,-166]],[[279448,617516],[-10,19],[-7,30],[-1,17],[-10,15],[-13,0],[-19,22],[-4,-23],[-34,-1],[0,-28],[-14,-10],[-6,-11],[-27,1],[-4,26],[-7,1],[-1,-5],[-13,-30],[-7,-9],[-8,-10],[0,33],[-28,-1],[-3,-42],[0,-42],[-10,1],[-9,39],[-12,14],[-7,28],[-6,4],[-10,18],[-7,-2],[-9,20],[-3,2],[-18,0],[-5,3],[-10,24],[-10,12],[-12,3],[3,57],[9,24],[-3,5],[-13,-2],[-10,-16]],[[279090,617702],[0,255],[0,52],[0,268],[-1,37],[-1,212],[0,173],[0,333]],[[281867,639443],[0,-17],[17,10],[3,7],[33,1],[1,-45],[7,-24],[4,-12],[2,-49],[11,-38],[42,2],[0,24],[4,0],[0,-17],[11,8],[0,71],[15,1],[0,-44],[15,1],[0,85],[15,1],[0,42],[28,3],[31,1],[-1,169],[58,0],[59,0],[1,-169],[26,2],[0,169],[59,1],[0,-80],[24,4],[3,0],[46,1],[-1,-87],[1,-170],[44,1],[0,-86],[44,1],[1,-44],[43,0]],[[282543,639164],[30,-3],[-1,-128],[18,0],[0,25],[-3,6],[-9,72],[1,20],[25,-72],[0,205],[27,1],[-3,341],[46,-1]],[[282674,639630],[3,-33],[-1,-39],[-3,-39],[4,-18],[16,-46],[0,-24],[5,-26],[4,-9],[11,-2],[18,-48],[1,-8],[-2,-52],[1,-17],[4,-16],[10,-10],[4,-14],[0,-34],[1,-30],[-2,-52],[1,-24],[4,-12],[-1,-28],[0,-72],[2,-10],[8,-11],[9,3],[5,-3],[-1,-6]],[[282798,638894],[5,-8],[0,3],[12,-17],[10,5],[1,-12],[-2,-40],[1,-48],[-1,0]],[[282824,638777],[-226,-3],[-4,-1],[-3,1],[-19,3],[-59,6]],[[282513,638783],[-32,3],[-88,0],[-169,-5],[0,2],[-28,-7],[-29,-5],[-59,1],[-34,0],[-24,2],[-45,1],[0,-85],[-14,0]],[[281991,638690],[-122,1],[0,42],[1,10],[4,23],[3,10],[-8,0],[-59,-3],[-4,8],[-12,-6],[-9,2],[-6,17],[-9,3],[-13,13],[-6,19],[0,-58],[-16,1],[-15,43],[-11,51],[-9,24],[-8,30],[0,14],[-59,-1]],[[281633,638933],[1,169],[-21,0]],[[281613,639102],[1,42],[5,26],[9,11],[0,30],[-6,38],[11,-7],[0,199]],[[284049,637276],[205,5],[11,1],[20,-85],[7,-1],[0,-83],[28,-2],[1,173],[177,6],[0,160],[59,-80],[23,-28],[2,32],[-8,19],[0,31],[-6,15],[-3,18],[31,0]],[[284719,635475],[-17,2],[-13,-39],[-20,-6],[-58,-3],[0,169],[-56,-5],[-1,-167],[-29,0],[-1,-167],[-87,5],[-58,-5],[-2,-169],[-34,2],[4,85],[-3,53],[-9,33],[-77,-1],[-13,-3],[-46,0],[-58,-1]],[[284141,635258],[0,127],[14,43],[-73,-4],[0,15]],[[284082,635439],[-2,323],[0,168],[-14,4],[-3,51],[-7,16],[-4,39],[0,47],[-10,-7],[-16,12],[-2,7],[-60,0],[-1,170],[44,0],[0,84],[1,19],[21,30],[11,11],[-2,40],[-16,14],[0,80],[58,-28],[0,83],[-59,8],[-2,327],[2,0],[-1,169],[30,1],[-1,169]],[[283789,645049],[177,8],[82,5],[-1,189],[21,-43],[22,31]],[[284090,645239],[19,-35],[5,-2],[-2,-24],[-6,2],[-5,-19],[6,-8],[0,-17],[11,-25],[4,-18],[1,-28],[-1,0],[6,-10],[-2,-34],[-3,-4],[0,-28],[-4,-20],[1,-24],[-5,-11],[-1,-20],[-6,0],[-1,-15],[-15,-1],[8,-38],[0,-30],[9,-36],[1,-189],[-8,-18],[-1,-27],[-21,-2],[2,-501],[1,-8]],[[283866,643784],[-30,-1],[0,71],[-15,0],[0,-138],[-4,16],[-1,-36],[-24,-1],[-32,-2],[1,-61],[-12,0],[0,18],[-40,1],[0,36],[-10,5],[-14,0],[-3,57],[-7,24],[-2,12],[0,76]],[[283614,644550],[0,146],[-7,-5],[-5,19],[-7,10],[-39,0],[0,134],[-9,-2],[-12,7],[-5,30],[-33,-1],[0,50],[-7,8],[-15,1],[-6,37],[-3,8]],[[286459,651180],[60,1],[0,46]],[[286519,651227],[0,292],[59,1],[1,-333],[0,-26]],[[286635,651183],[7,-1],[2,0],[8,0],[46,1],[0,169],[54,2],[-1,200]],[[286751,651554],[20,3],[13,5],[27,-1],[1,93],[13,36],[46,3],[148,1],[32,1],[59,-3],[0,-134],[60,1]],[[287170,651559],[0,-204],[13,-2],[10,-13],[2,-37],[15,-9],[13,-22],[5,-22],[2,-27],[0,-35],[11,0],[3,-23],[12,-2],[3,-9],[7,5],[10,-16],[8,-20],[5,-23],[1,-27],[0,-53],[15,0],[0,-102],[15,20],[30,55],[16,29],[14,3],[0,-121],[-2,-80],[6,-2],[-3,-34],[29,-36],[5,-8],[13,-6],[11,3],[16,22],[8,19],[14,45],[11,42],[16,48],[11,21],[14,12],[16,0],[22,-13],[47,-39],[13,-7],[8,-1]],[[287635,650890],[0,-21],[-14,2],[-19,16],[-2,-24],[-12,-28],[0,-139],[-4,0],[3,-11],[-8,-24],[-8,-8],[-4,-38],[-4,-7],[0,-15],[-5,-24],[-14,-5],[-31,3],[0,-43],[-15,0],[0,-85],[-60,-2],[1,-187],[10,0],[0,-40],[6,-1],[0,-27],[14,0],[0,-50],[0,-35]],[[287469,650097],[-61,-1],[0,82],[-30,0],[0,-168],[-29,0]],[[287349,650010],[-120,-3],[-1,-77],[-2,15],[-9,-8],[-7,13],[-12,-4],[-11,19],[0,7],[-14,3],[-4,5],[1,-149],[-30,0],[1,-169],[1,-84],[-21,0],[-9,-2],[1,-84]],[[287113,649492],[-52,-1],[-9,0],[-149,-5],[1,-9],[-5,-16],[-1,-23],[-6,-18],[3,-17],[-2,-36],[-3,-2],[-15,0],[-1,121],[-171,-6],[-1,-4]],[[286702,649476],[0,22],[0,38],[14,32],[4,35],[7,27],[27,64],[-2,1],[6,15],[10,41],[1,19],[-9,-32],[-10,-26],[-3,-14],[-45,33],[0,151],[-12,9],[-12,-3],[-6,-6],[-17,2],[-13,-11],[0,121],[0,22],[40,65],[-17,6],[-5,16],[-6,-3],[48,79],[-2,664],[-1,170],[-241,-2],[2,6],[-1,163]],[[278513,625085],[-1,-2],[4,-35],[-7,-65],[0,-10],[3,-71],[-1,-53],[1,-24],[-3,-13],[-4,-4],[-23,1],[-8,-12],[-7,-4],[-17,-31],[-8,-7],[-16,-5],[-22,0],[-5,-2],[1,82],[-1,305],[-5,18],[-40,2],[17,83],[-60,1],[1,42],[-72,1],[0,42],[-3,0]],[[278237,625324],[2,31],[14,11],[3,25],[-6,6],[-6,38],[-10,39],[-7,31],[-2,30],[-10,40],[-3,36],[-5,13],[-1,37],[-149,3],[9,45],[2,18],[-8,44],[-2,58],[-11,6],[23,101],[4,44],[9,24],[12,42],[6,-2],[11,18],[9,3],[12,14],[21,1],[6,-23],[0,-45],[1,-19],[20,-51],[8,-30],[4,-33],[6,-23],[12,-30],[4,-40],[-1,-22],[-8,-54],[1,-41],[9,21],[9,12],[1,25],[6,9],[7,1],[10,-6],[6,16],[-2,32],[7,0],[4,26],[-6,21],[10,0],[14,0],[1,252]],[[280627,628069],[59,4],[1,174],[29,-2],[1,0],[0,174],[-31,1],[0,225],[6,0],[9,3],[16,1],[-1,-9],[10,-6],[22,-1],[0,43],[-15,2],[-16,1],[-1,64],[-1,26],[0,41],[-1,245],[0,31]],[[280714,629086],[9,0],[49,2],[2,3]],[[280774,629091],[0,-120],[7,-7],[8,1],[0,43],[14,0],[0,-43],[15,1],[0,19],[15,1],[0,42],[12,0],[0,59],[2,32],[15,0],[-1,65],[30,3],[0,-4],[0,-37],[0,-1],[-5,-20],[-7,-11],[-5,-3],[0,-6],[-2,-6],[-10,-1],[0,-64],[0,-26],[-7,-26],[0,-13],[28,-1],[0,-23],[8,2],[0,-2],[9,17],[8,2],[3,-17],[-1,-17],[0,-11],[11,0],[0,11],[0,55],[8,28],[2,6],[1,8],[9,32],[4,-40],[1,-4],[7,-76],[1,-6],[0,-1],[1,1],[27,2],[-9,86],[2,-17],[7,-69],[41,3],[43,2],[34,2],[6,2],[-1,6],[-13,77],[4,0],[-1,86],[29,1],[2,2],[1,2],[66,8],[1,131],[-15,-1],[0,15],[-4,8],[-1,56],[-11,0],[0,55],[-6,-1],[0,40],[-20,-1],[0,43]],[[281137,629471],[1,1],[41,2],[29,5],[29,5],[-1,43],[8,-43],[30,-2]],[[281274,629482],[-1,-42],[-5,-23],[1,-33],[-2,-28],[6,-49],[8,-2],[0,-84],[4,-1],[11,-59],[-1,-201],[-43,-3],[0,-45],[8,-25],[1,-17],[50,4],[1,-87],[21,2],[14,21],[0,15],[-9,5],[-2,19],[6,13],[-1,15],[7,0],[8,-43],[1,-42],[2,-279],[7,-47],[6,1],[3,11],[9,75],[4,44],[5,41],[38,1]],[[281431,628639],[14,1],[0,-171],[73,5],[0,-120],[-14,-2],[0,-136],[-14,-1],[1,-170]],[[281491,628045],[-45,-4],[0,-84],[-5,-2],[1,-42],[-26,-2],[-18,-11],[-9,-19],[-23,-16],[-8,-1],[0,-88],[-5,-2],[0,-188],[-2,-423],[-75,-2],[-24,181],[-7,0],[-7,-10],[8,-75],[2,-39],[1,-59],[-15,0],[-42,53],[-2,-12],[-10,-17],[-4,15],[-5,3],[-3,-12],[-16,-9],[-10,9],[4,-32],[0,-9],[-5,0],[-20,-9],[-19,0],[-15,-15],[-16,0],[-3,5],[-2,-26],[-6,5],[-2,-8],[-4,8],[0,23],[-3,10],[-49,-6],[-8,13]],[[280994,627148],[3,26],[-1,45],[-36,0],[-18,-1],[-19,-4],[0,82],[-7,0],[-1,53],[-18,-3],[0,34],[-15,-2],[0,60],[-8,-1],[-4,25],[-2,-1],[0,128],[11,2],[2,9],[2,33],[7,3],[-1,51],[-7,-1],[-4,9],[0,27],[-7,-1],[-3,16],[-14,-2],[-28,-69],[-14,3],[0,-25],[-15,1],[-21,1],[-16,-7],[1,91],[-45,-2],[0,192],[-5,-10],[-4,-27],[-6,-33],[-15,-25],[-5,-14],[-8,-2],[-28,8],[-18,21]],[[280627,627838],[-3,13],[3,44],[0,174]],[[276315,651505],[8,0],[6,0],[2,0],[45,1],[6,0],[94,2]],[[276476,651508],[0,-66],[0,-27],[-1,-100],[0,-93],[0,-26],[0,-92],[0,-101],[0,-9],[-1,-228]],[[276474,650766],[0,-13],[0,-72],[0,-164]],[[285971,624109],[3,0]],[[281648,658497],[23,0],[29,0],[0,73],[-1,102],[3,1],[-3,11],[-11,40],[6,0],[4,-12],[3,7],[2,-11],[-2,-15],[0,-8],[4,-12],[5,2],[50,106],[0,55],[29,1],[0,44],[29,1],[0,37],[78,2],[-1,-43],[14,-1]],[[281909,658877],[0,-41],[1,-85],[-31,0],[2,-254],[60,0],[323,10]],[[282264,658507],[0,-29],[-8,-43],[-41,-1],[1,-255],[-15,-1],[0,-171],[-15,0],[1,-254],[-60,-1],[0,-170],[-15,0],[-70,-1],[-5,1],[0,-86],[-30,0],[1,-8],[0,-163],[-61,1],[0,-71],[-30,-26],[1,-29],[-1,-41],[-4,-12],[-4,-1],[-6,-8],[-8,3],[-6,9],[-14,2],[-3,11],[-10,-4]],[[281862,657159],[-94,1],[-1,85],[-104,2],[-16,-3]],[[281647,657244],[0,88],[-30,-1],[0,-78],[-1,-7],[-25,0],[0,86],[-19,0],[0,9],[-5,27],[-4,-1],[-2,-11],[-4,2],[-12,-4],[0,-7],[-4,5],[-3,-4],[0,-12],[6,-4],[-29,0],[0,23],[12,29],[52,115],[-42,-1]],[[281537,657498],[0,64],[8,4],[9,34],[-4,26],[0,41],[-80,-2],[-2,168],[-65,0],[0,-9],[-10,1],[0,-76],[-30,0],[0,42],[-14,0],[0,42]],[[281349,657833],[-1,36],[8,17],[5,-3],[-1,15],[8,9],[3,31],[4,10],[0,53],[3,10],[5,-4],[4,18],[8,8],[4,13],[11,-10],[10,23],[-2,6],[11,19],[12,11],[5,-8],[8,13],[6,22],[4,3],[4,18],[11,17],[10,-12],[10,11],[3,13],[8,5],[8,23],[22,24],[9,32],[10,-10],[13,-6],[4,-9],[12,-4],[0,20],[21,-4],[10,-20],[6,-1],[10,-18],[3,2],[7,25],[-1,33],[-8,44],[-12,19],[-4,16],[-1,31],[14,47],[0,18],[3,3],[1,31],[11,24]],[[284731,628628],[29,-1],[1,124],[2,15],[7,27],[50,-7],[0,79],[-5,20],[7,-14],[6,14],[3,-10],[2,-23],[14,2],[0,-16],[2,21],[6,10],[8,33],[0,27],[5,15],[-1,15],[-5,-8],[-8,42],[-2,19],[12,16],[6,25],[-3,26],[2,17],[-2,13],[11,-18],[2,-1]],[[284880,629090],[0,-7],[-1,-305],[-1,-127],[0,-31],[0,-338]],[[281950,656297],[8,-1],[19,8],[2,178],[30,-1],[0,-176],[15,0],[16,30],[13,28],[16,0],[0,31],[6,0],[-6,27],[0,12],[29,0],[1,-39],[25,1],[5,25],[12,60],[17,-1],[33,0],[-2,-7],[0,-31],[0,-12],[0,-10],[0,-27],[30,1],[0,63],[-1,23],[31,0],[45,0],[16,1],[15,0],[76,0],[0,112],[7,14],[7,-7],[0,-12],[6,-3],[4,10],[11,4],[7,-12],[-4,-7],[7,-7],[1,-14],[11,-16],[1,-14],[4,-3],[3,11],[2,-13],[6,3],[-1,27],[7,7],[1,9],[12,-11],[1,30],[8,14],[-4,22],[7,-15],[7,10],[5,24],[9,2],[1,8]],[[282527,656653],[24,0],[0,-132],[-3,-10],[4,-28],[0,-165],[91,-1],[0,-170],[-90,1],[1,-276],[0,-14]],[[282554,655858],[-10,-17],[-9,-31],[-19,-1],[19,-1],[-1,-4],[-25,-1],[0,-37]],[[282509,655766],[-11,1],[-4,-7],[0,-26],[-15,-12],[-45,-1],[0,35],[-4,3],[-10,22],[-14,24],[-17,0],[-16,0],[1,-170],[-62,-1],[-45,-1],[1,-169],[-1,0],[-15,0],[-120,-1],[0,85],[-6,0],[-9,-18],[0,43],[-14,-14],[-3,-27],[-17,-29],[-12,-15],[3,-24],[-7,0],[-2,-13],[-6,-2],[-4,14],[-2,10],[-5,9],[-3,1],[-7,-5],[-9,-16],[-17,0],[-25,-1],[-5,-1],[-32,1],[0,84],[0,2],[-34,-1],[-27,2],[0,169],[-60,0]],[[281829,655717],[0,294],[3,-8],[23,1],[16,-17],[10,23],[4,-12],[7,-3],[14,14],[9,12],[3,35],[9,11],[12,1],[10,28],[1,201]],[[285794,659767],[-7,-3],[0,-37],[-59,0],[-9,6],[0,16],[-3,-23],[-12,0],[0,-61],[-15,-1],[-1,62],[-30,0]],[[285658,659726],[0,43],[-30,1],[0,21],[-1,135],[-18,1],[0,-22],[-9,0],[0,-15],[-19,0],[-1,28],[-9,0],[0,-21],[-14,-1],[-3,256],[-45,-3],[-1,21],[8,2],[0,20],[-9,1],[0,42],[-30,-1]],[[285477,660234],[-1,64],[15,0],[-1,65],[15,0],[16,0],[1,-85],[15,1],[1,-43],[15,0],[5,0],[-1,45],[20,-1],[0,83],[30,0],[0,-42],[3,-72],[13,33],[0,-47],[16,0],[30,0],[0,10],[15,3],[-1,73],[22,0],[-1,22],[-3,42],[24,0],[0,21],[6,1],[8,6],[4,21],[15,1],[0,57],[15,0],[-1,43]],[[284991,662845],[6,16],[15,0],[15,85],[52,-1],[-2,-12],[0,-72],[-3,-4],[-2,-18],[-11,-3],[-18,-70],[0,-104],[15,29],[1,-19],[0,-65],[30,-1],[-1,127],[29,-1],[6,24],[-4,26],[-1,54],[1,65],[15,0],[0,-38],[15,0],[0,-88],[30,2],[0,-171],[32,1],[22,0],[7,19],[0,16],[4,9],[8,76],[-2,33],[-10,16],[0,31],[4,17],[4,-26],[9,-39],[8,-54],[-5,-98],[35,1],[1,-137],[21,1],[19,6],[1,-38],[0,-33],[11,36],[37,116],[3,12],[5,38],[3,0],[3,-11],[26,-61],[9,-7],[41,-2],[3,0],[-3,-43],[-6,-46],[-2,-42],[11,13],[4,12],[8,6],[4,30],[-4,28],[0,25],[6,18],[19,1],[0,80]],[[285515,662610],[31,2],[0,-255],[9,-29],[28,-41],[24,-43],[-1,-137],[31,0],[0,-61]],[[285637,662046],[-15,-3],[0,-21],[-16,0],[0,-128],[-30,-1],[0,-85],[-31,0],[0,42],[-46,-2],[0,-21],[-15,0],[0,-64],[-44,0],[-3,-4],[-4,-19],[-2,-47],[-4,-12],[-10,-50],[-11,-15],[-9,-24]],[[285397,661592],[-27,-6],[-7,6],[0,171],[-62,-1],[0,-170],[-122,-1],[-18,-1],[2,-12],[-2,-33],[-42,0],[-1,45],[-30,0],[0,42],[-27,0],[-4,48],[-5,36],[-4,12],[-10,15],[3,8],[18,23],[8,15],[3,26],[15,6],[0,19],[-9,26],[4,40],[-8,17],[16,36],[-3,11],[-10,-5],[-4,-10],[-5,14],[-2,48],[-11,0],[-7,35],[-3,34],[1,57],[-17,0],[-1,129],[-15,-1],[0,-31],[-7,-12],[0,36],[-3,32],[-7,24],[-15,20],[-12,-16],[-3,-25],[-9,-31]],[[284955,662268],[-7,0],[-7,0],[-7,0],[0,49],[-15,0],[0,122],[15,0],[3,-1],[-2,59],[-1,6]],[[283777,617849],[-2,49],[-5,39],[1,14],[7,40],[0,41],[2,17],[9,28],[8,54],[19,51],[4,18],[9,63],[5,20],[4,9],[23,27],[10,10],[8,-3],[8,10],[22,8],[12,-23],[6,-2],[0,21],[-4,7],[8,7],[6,-14],[1,-20],[26,2],[7,21],[-9,19],[-5,31],[4,37],[8,17],[-2,18],[-11,18],[-32,33],[3,3]],[[279829,650274],[0,-24],[3,0],[0,-21],[-3,6],[-8,2],[-25,16]],[[279796,650253],[2,2],[6,18],[25,1]],[[284354,621119],[2,-3],[5,-16],[11,-23],[19,44],[9,0],[0,-82],[18,-1],[12,-11],[6,-23],[6,-56],[5,-28],[10,-24],[5,-30],[-1,-32],[-2,-12],[3,-35],[3,-62],[4,-25],[2,-28],[13,-13],[0,-23],[8,-5],[8,-22],[4,-31],[11,14],[2,19],[16,36],[3,16],[-2,34],[6,6],[1,12],[-4,17],[-6,47],[6,-1],[8,16],[6,26],[8,0],[1,42],[19,-1],[52,-2],[0,-167],[54,0]],[[284685,620692],[1,-350],[-33,-33],[-23,-17],[-3,-5],[1,-16]],[[284628,620271],[-9,-13],[-13,-19],[-15,-28],[-16,-30],[-6,-11],[-34,-42],[-21,-35],[-33,-24],[-13,0],[-44,32],[-55,16],[-32,-10]],[[284337,620107],[1,16],[3,24],[7,26],[-6,23],[7,1],[13,18],[19,0],[4,-10],[11,21],[9,-1],[13,9],[1,44],[-37,172],[-3,35],[-1,30],[0,19],[11,10],[0,59],[21,2],[14,-4],[5,15],[9,-1],[-1,17],[-11,14],[-4,18],[1,20],[-5,20],[0,36],[-4,15],[-8,14],[5,27],[2,56],[-1,15],[-12,1],[0,84],[-29,1],[1,82],[-16,-1],[0,21],[-17,41],[2,15],[-6,5],[19,3]],[[279134,655354],[0,158],[0,169],[0,39],[1,47]],[[279135,655767],[0,41],[12,0],[32,7],[1,34],[-15,0],[0,43],[-6,0],[0,16],[-13,1],[-3,10],[1,15],[29,88],[5,21],[22,63],[-14,37],[-2,-1]],[[279184,656142],[4,11],[4,11]],[[279256,656187],[0,-7],[1,-3],[-1,-11],[15,0],[0,-22],[45,-1],[0,-15],[0,-26],[15,37],[8,46],[38,-2],[-1,-169],[10,1],[12,10],[8,2],[9,-12],[21,0],[28,-1],[1,89],[19,81],[2,38]],[[279543,656228],[1,-16],[-8,-20],[8,-35],[3,-14],[7,-2],[0,-129]],[[279554,656012],[0,-339],[17,-4],[13,-43],[0,-62],[22,-24],[0,-38],[-112,4],[0,-85],[3,-50],[3,-1],[0,-35],[-67,3],[-2,-422],[11,1],[-2,-34]],[[279440,654883],[-9,0],[-33,0]],[[279159,654885],[5,15],[-1,18],[5,-1],[-2,31],[2,5],[-2,24],[5,7],[-7,28],[-5,-1],[-3,13],[-3,35],[-8,33],[-3,24],[-3,-2],[-1,27],[-4,13],[-1,23],[1,166],[0,11]],[[279421,629699],[49,0],[0,-136],[59,48],[5,-44],[-4,-2],[0,-119],[44,-2],[108,-1],[-1,22],[0,20],[-5,6],[0,56],[-14,3],[-2,20],[-12,1],[-1,126],[83,1]],[[279730,629698],[24,0],[-1,-87],[-5,-1],[0,-64],[1,-20],[7,-1],[1,-15],[6,5],[0,-74],[-29,0],[1,-83],[-9,-1],[1,-2],[18,-33],[0,-46],[0,-7],[0,-8],[-2,-5],[1,-69],[4,0],[0,-4],[-3,-35],[0,-31],[9,-30]],[[279334,629024],[0,76],[44,1],[0,262],[-15,1],[0,83],[15,0],[0,30],[0,117],[5,12],[20,87],[1,6],[17,0]],[[285230,622516],[8,-18],[-6,-11],[-7,-43],[5,-4],[2,2],[19,-24],[2,4],[2,9],[2,6],[4,9],[1,-19],[2,-6],[8,-7],[3,-18],[5,-19],[1,-23],[0,-12],[16,-3],[-1,-24],[8,-31],[21,25],[7,-100],[12,-3],[0,-17],[5,-1],[-1,-13],[1,-6],[5,-26],[17,-21],[6,4],[6,11],[6,14],[3,-14],[10,-41],[6,-63],[8,-32],[-1,-56],[2,-6],[3,-2],[4,21],[11,7],[-4,-29],[3,-4],[5,32],[8,-18],[0,-15],[2,0],[2,-32],[11,-2],[-1,-7]],[[285461,621890],[-1,-7],[-9,2],[6,-158],[-5,-3],[-4,-5],[5,38],[-4,112],[-4,12],[-15,-23],[-2,-27],[7,-5],[-1,-11],[-6,-2],[-6,-36],[-2,-20],[19,-66],[-3,-12],[-10,-33],[-9,-50],[-4,10],[-8,7],[-25,11],[-7,8],[-21,14],[-22,36],[-12,11],[-8,18],[-6,2],[-3,0],[0,-41],[3,-3],[8,-34],[9,-24],[8,-11],[9,-36],[8,-10],[7,-62],[-13,-8],[-24,-41],[-60,-93],[-2,-25],[-14,-52],[-5,6],[-7,-22],[-7,-2],[-4,-39],[-13,-16],[-6,3],[-6,24],[1,15],[-18,6],[-4,-85],[-2,22],[-6,20],[-6,13],[-6,26],[-13,22],[0,-160],[-9,-31]],[[285129,621075],[-26,-91],[-10,17],[-6,34],[0,18],[-8,25],[-8,7],[-10,-14],[-10,3],[-3,-7],[-8,5],[-17,1],[-4,-10],[0,-18],[-2,-28],[-4,-10],[-12,-15],[-6,0]],[[284995,620992],[-3,58],[-5,-3],[-8,-20],[-3,-19],[3,-13],[-17,6]],[[284962,621001],[4,7],[2,30],[8,62],[6,54],[2,30],[0,91],[-1,50],[-6,30],[-13,36],[-9,21],[-24,39],[-7,6],[-33,40],[-25,23],[-28,11],[-1,0]],[[284837,621531],[4,15],[-4,14],[3,32],[4,17],[-5,20],[-10,-2],[-22,62],[-15,6],[-13,14],[-16,25],[-5,7],[-10,2],[-2,19],[-23,20],[10,82],[6,26],[9,34],[14,34],[5,-17],[-4,-4],[16,-14],[2,18],[6,-11],[6,-1],[6,76],[12,8],[11,-7],[5,3],[12,-8],[6,-5],[7,-19],[18,54],[9,2],[7,14],[5,21],[11,-20],[7,1],[5,-12],[7,-2],[4,52],[8,-7],[5,44],[15,-41],[6,-28],[-5,-10],[11,-14],[7,40],[8,-21],[12,20],[3,-13],[14,33],[-3,-22],[-7,-6],[-5,-20],[15,-7],[5,18],[2,37],[20,31],[15,45],[22,2],[8,6],[11,-14],[14,4],[3,25],[0,37],[2,16],[-6,30],[0,14],[6,5],[9,27],[6,4],[-3,28],[54,136],[1,-25],[8,-14],[13,-3],[12,130],[4,4],[-3,-28],[-2,-23],[20,-11]],[[280195,623037],[0,-28],[-3,-5],[0,-61],[-2,-52],[1,-17],[-7,-38],[0,-25],[-2,-22],[-5,-19],[-1,-15],[-9,-1],[-15,-16],[-3,-9],[0,-20],[-2,-30],[-12,-5],[-13,-59],[-17,-23],[-1,-10],[-37,0],[-4,0],[-3,33],[-5,21],[-14,37],[2,-93],[1,-95],[-1,-113],[-11,-62],[0,-14],[11,-5],[0,31],[4,11],[2,33],[5,16],[-4,-49],[2,-43],[13,-30],[0,-14],[8,2],[8,-5],[9,7],[4,-5],[3,-10],[3,-29],[11,-24],[1,-13],[5,-10],[4,-21],[8,-4],[7,-21],[8,-11],[9,3],[5,-4],[9,11],[2,-3],[12,4],[8,22],[6,27],[29,11],[21,-24],[1,-12],[7,-18],[14,-21],[12,0],[15,33],[7,11],[22,9],[11,-8],[6,8],[0,-41],[1,-9],[-13,-31],[-5,-18],[-16,-72],[-7,-22],[-12,-17],[-17,-3],[0,-123],[-57,3],[0,-169],[24,-1],[12,-5],[7,6],[0,-89],[1,-19],[-7,-57],[0,-13],[5,-30],[3,-70],[0,-26],[-3,-58],[-6,-32],[-2,-17]],[[281907,632682],[12,9],[0,4],[7,0],[0,-22],[-7,-11],[0,11],[-1,-3],[-11,0],[0,12]],[[282479,661003],[7,-1],[13,0],[12,-1],[12,22],[2,-9],[15,24],[-7,28],[-6,-11],[-14,54],[2,4],[4,-7],[4,0],[2,-14],[4,7],[-1,5],[1,23],[4,1]],[[282533,661128],[10,-16],[7,-3],[5,-4],[5,-8],[4,-5],[3,-2],[8,-10],[-3,-23],[12,-18],[-1,-25],[17,-42],[-7,-15],[1,-40],[6,-20],[5,-12],[40,-32],[16,-13],[0,-40],[0,-49],[0,-139],[0,-40],[0,-26]],[[282661,660546],[-30,1],[-16,0],[-15,0],[-20,0],[-3,0],[-7,-1],[-30,2],[-17,0],[-3,0],[-3,0],[-8,0],[-24,0]],[[282485,660548],[8,31],[-15,0],[0,48],[0,12],[0,44],[1,35],[0,8],[-1,34],[0,32],[2,11],[-2,19],[1,23],[-1,6],[0,19],[3,-2],[3,17],[-6,2],[1,23],[0,36],[3,0],[-2,4],[1,5],[-1,6],[-1,4],[0,7],[2,4],[0,12],[1,5],[-3,0],[0,10]],[[285090,659886],[19,-1],[60,-1],[0,43],[26,0],[0,21],[-2,106],[59,2],[-2,85],[7,1],[1,10],[-8,0],[-1,74],[16,1],[1,-85],[15,1],[-1,42],[7,3],[0,41],[29,2],[9,0],[4,-7],[7,-36],[8,2],[-3,33],[-7,6],[0,27],[3,8],[1,21],[-6,14],[1,35],[-7,6],[-6,-5],[-6,7],[-7,20],[0,18],[16,-12],[10,-16],[15,-36],[9,-10],[19,1],[12,12],[13,21],[12,33],[7,29],[8,0]],[[285428,660402],[9,1],[-2,-13],[-14,-18],[7,-21],[2,-27],[1,-91],[46,1]],[[285658,659726],[-7,0],[1,-63],[-8,1],[-1,16],[-8,-1],[-4,-37],[-17,0],[7,-41],[3,-44],[-8,0],[0,-102],[-15,-1],[2,-254]],[[285603,659200],[-38,-2],[-60,1],[0,-82],[-45,-3],[-1,168],[-38,-2],[1,-21],[7,1],[0,-63],[-14,-2],[-31,-1],[0,-42],[-45,-2],[0,29],[-20,-3],[-2,-27],[-31,-4],[1,-21],[-5,-64],[-6,-40],[-11,-1],[-1,170],[-15,0],[-1,43],[-13,-1],[-1,48]],[[285234,659279],[12,14],[0,43],[6,10],[10,34],[0,146],[-3,21],[-58,0],[-1,43],[0,49],[-47,0],[0,38],[-15,-1],[0,39],[-25,1],[-36,0],[-2,86],[15,0],[0,84]],[[282536,661226],[4,0],[-1,17],[0,26],[4,4],[9,11],[3,14],[7,13],[0,17],[6,3],[2,-19],[8,1],[10,18],[3,27],[7,5],[3,-16],[4,3],[2,31],[3,15],[-2,16],[10,18],[0,10]],[[282618,661440],[3,-4],[1,-93],[6,11],[16,29],[0,96]],[[282644,661479],[0,15],[9,-7],[6,29],[1,55],[26,-1],[3,0],[0,10],[0,26],[12,-1],[0,-24],[-4,0],[0,-11],[2,0],[6,0],[39,0],[35,0]],[[282779,661570],[89,0],[41,0]],[[282909,661570],[-6,-43],[-15,-22],[-2,-32],[-4,1],[0,-29],[9,0],[0,-52],[39,1],[-5,-8],[0,-15],[-10,0],[0,-62],[-15,0],[-15,0],[-1,30],[-8,0],[0,19],[-6,0],[-4,0],[-11,-1],[0,-92],[-8,0],[0,-34],[-5,-8],[-2,0],[-5,0],[0,-34],[-10,0],[0,-51],[-15,0],[1,-82],[19,0],[-12,-3],[0,-42],[0,-25],[-1,-6],[2,-40],[21,1],[0,-96],[50,-15],[22,2],[8,-3],[1,-4],[1,-23],[-20,-1],[0,-211],[16,0],[0,-14],[11,0],[0,-22],[4,-6],[61,2]],[[282994,660550],[0,-86],[-30,0],[1,-164]],[[282965,660300],[0,-42],[-5,-1],[0,-20],[-6,-8],[-19,0],[0,-21],[-29,-1],[0,-83],[-5,-2],[0,-42],[-19,0],[0,21],[-7,0],[-1,34],[-17,-14],[-11,1],[1,82],[17,0],[-1,13],[-8,-6],[-3,14],[2,24],[-40,0],[-1,169],[-23,0],[-8,-6],[-14,-34],[-3,-32],[-10,-2],[0,31],[-51,0],[64,-296],[-16,-1],[-6,-4]],[[282746,660074],[-3,5],[-4,1],[-4,16],[-11,9],[-6,-20],[0,-12],[-5,-15],[-20,-21],[-6,-17],[0,-10],[-11,-43],[-4,-6],[-9,4],[0,24],[6,-5],[-6,18],[0,33],[-1,294],[0,46],[0,81],[0,48],[-2,27],[1,15]],[[282533,661128],[-2,12],[4,27],[-6,24],[7,23],[0,12]],[[286748,657192],[18,-37],[45,-118],[4,-6],[9,-3],[-2,169],[121,6],[-2,334],[60,0]],[[287001,657537],[59,-39],[31,1],[8,1],[0,-147],[30,-3],[0,-60],[2,-17],[13,-10],[0,41],[21,0],[0,-36],[15,1],[0,80],[41,0],[0,85],[15,-1],[0,41],[30,1],[0,-9],[16,-1],[0,27],[11,1],[0,19],[31,2],[6,0]],[[287330,657514],[-2,-54],[0,-115],[9,-1],[0,-42],[23,0],[0,-41],[17,4],[0,71],[10,0],[0,11],[6,1],[13,-6],[4,-3],[5,-24],[-5,-13],[-10,-49],[24,-1],[0,49],[13,3],[4,48],[8,-1],[0,-21],[12,-1],[0,-114],[11,2],[0,34],[43,9],[2,0],[3,17],[10,1],[0,36],[15,-7],[0,-44],[1,-17],[-16,-7],[4,-70],[0,-43],[-8,-1],[0,-34],[21,2],[25,1],[2,-29],[3,-17],[1,-25]],[[287578,657023],[0,-98],[16,1],[0,16],[14,2],[0,25],[26,0],[1,-32],[3,-10],[30,2],[2,-170],[14,1],[15,1]],[[287699,656761],[2,-169],[-30,-2],[-45,-3],[-45,-3],[-1,-54],[1,-161],[-7,-30],[-27,-1],[-25,12],[-16,-6],[-23,8],[-1,-74],[-3,-27],[-16,-7],[0,-62],[8,-7],[-1,-12],[19,-17],[5,-3],[28,-25],[0,-40],[0,-79],[1,-90],[-29,-2],[0,-85],[-60,-5],[0,-83],[0,-87]],[[287220,655357],[-22,-2],[6,26],[-1,164],[-3,0],[-42,-4],[-1,85],[-6,-1],[0,28],[-46,-4],[0,32],[51,98],[-2,48],[-13,-24],[-4,0],[0,-19],[-6,-2],[-7,-19],[-4,-20],[-5,20],[-7,-32],[-9,-11],[-4,-27],[-7,-3],[-12,11],[-7,-5],[-4,-16],[-3,8],[-13,-4],[-2,25],[-12,23],[0,-31],[-15,-1]],[[287020,655700],[-1,84],[9,1],[7,0],[-1,85],[-2,169],[-30,-1],[-36,-2],[0,-9],[-9,-1],[1,-75],[-30,-2],[-1,84],[-15,-1],[-1,89],[-60,0],[0,64],[60,32],[-1,27],[0,99],[3,18],[8,10],[25,2],[4,5],[7,25],[0,23],[-7,5],[-2,19],[-2,29],[-5,21],[12,1],[10,1],[2,13],[0,13],[-3,0],[0,84],[-36,-2],[-1,21],[-9,0],[1,-64],[-13,-1],[-2,-11],[0,-31],[-12,-1],[1,12],[-9,9],[-6,-13],[-21,9],[-5,22],[-7,5],[-8,17],[-6,-14],[-3,10],[-16,0],[-4,-13],[-4,0],[-2,36],[-4,9],[-6,-8],[-7,12],[0,28],[4,6],[-1,15],[3,19],[-84,-1],[0,94]],[[286705,656777],[10,11],[2,22],[9,-3],[-5,46],[-16,-1],[-1,170],[30,1],[-1,165],[15,4]],[[284916,648335],[0,283]],[[284916,648618],[86,1],[0,170],[29,0],[1,-169],[44,0],[-15,259],[4,-2],[0,-15],[10,-19],[9,5],[5,11],[1,-11],[6,-10],[6,1],[3,-19],[1,147],[44,0],[60,0],[1,14],[14,0],[4,15],[14,13],[14,22],[4,15],[9,16],[5,-5],[12,16],[12,-16],[9,9],[5,12],[19,19],[1,-129]],[[285333,648968],[-1,0],[-1,-395],[13,18],[10,4],[17,-9],[19,-1],[0,-181],[60,60],[0,-9]],[[285450,648455],[0,-31],[-30,-1],[0,-309],[-31,0],[0,153],[-30,-6],[0,-317],[-87,-1],[1,-364]],[[285273,647579],[-29,0],[0,27],[-91,3],[0,-171],[-60,-1],[0,171],[-60,0],[1,-170],[-117,-1]],[[284917,647437],[0,1],[-2,169],[0,54],[1,247],[0,28],[0,7],[0,100],[0,8],[0,130],[0,154]],[[280638,663415],[16,-1],[0,44],[7,0],[0,30],[7,-6],[17,-2],[-1,20],[61,2],[-1,92],[60,2],[0,86],[27,0],[-1,85],[9,-3],[6,-29],[0,-53],[17,0],[-2,85],[37,0],[-1,-124],[0,-46],[27,1],[4,1],[12,-2],[15,1],[1,-115],[30,-2],[0,21],[121,1],[0,-84],[30,2],[0,178],[30,0],[43,0],[0,82],[26,5]],[[281168,663126],[-1,42],[0,124],[0,15],[-31,-3],[0,-10],[-29,-2],[1,-211],[-40,-2],[-1,-11],[-5,11],[-15,2],[0,-42],[-15,0],[0,-42],[-15,-1],[0,-39],[-9,-20],[-6,7],[-3,-16],[-5,3],[1,11],[-10,-8],[-7,2],[-6,18],[-31,7],[-15,0],[0,36],[-1,-69],[-7,-11],[-1,11],[-6,-7],[-5,8],[1,17],[-5,-5],[-5,22],[-3,-4],[-13,33],[-9,1],[-6,12],[0,-14],[-13,-5],[-8,12],[-39,0],[0,-81],[-29,-1]],[[280777,662916],[-1,82],[-15,0],[0,43],[-16,-1],[1,79],[0,47],[-16,-1],[-28,-1],[0,45],[-12,0],[-4,28],[-1,95],[-47,1],[0,82]],[[286487,632407],[11,1],[4,0]],[[286617,632253],[0,-60],[-53,0],[-6,13],[0,-13],[0,-26],[1,-90],[0,-32],[2,0],[0,-36],[-2,-1],[1,-12]],[[286560,631996],[0,-8],[-13,-1],[-10,8],[0,-20],[5,4],[6,-26],[13,-23],[5,-8],[1,-5],[1,-8],[0,-13],[-2,-20],[2,-13]],[[286568,631863],[0,-26],[-7,-9],[-13,1],[29,-44],[4,-10],[0,-32],[-3,0],[-1,-10],[-14,0],[-4,9],[-21,-2],[0,-25],[-2,-19],[-23,-97],[-1,-14],[-2,21],[-8,-1],[-1,69],[-17,-1],[0,-65],[17,-1],[-1,-19],[-8,0],[-3,-16],[-18,0],[0,19],[-27,0],[-2,149],[-58,-1],[-59,-1]],[[286325,631738],[-5,24],[-22,-1],[0,24],[-14,0],[-5,18],[-9,7],[0,86],[-1,87],[-26,-2],[-8,6],[-5,16],[-11,58],[50,3],[0,175],[14,-1],[43,-3],[-2,114],[-1,50],[41,2]],[[285996,639363],[0,86],[51,3],[1,-87],[37,0],[-1,-85],[38,0],[88,1],[18,1],[7,0],[13,1],[1,-86],[9,0],[0,42],[-4,0],[0,44],[44,2],[0,107],[0,22],[0,15],[0,28],[51,-2],[7,4],[1,-168],[6,-2],[26,2],[34,2]],[[286423,639293],[1,-45],[30,0],[0,-90],[-30,0],[1,-36],[32,2],[14,1],[13,1],[0,-44],[1,-129],[59,2],[0,-171],[-59,-3],[0,-121],[0,-123],[-80,-34]],[[286405,638503],[-58,-24],[1,-114],[-38,-2],[-6,0],[-1,43],[-9,-1],[-1,53],[14,5],[-1,11],[-8,-4],[0,46],[-40,-1],[0,35],[-10,-4],[-8,62],[-1,32],[-10,0],[-2,16],[-18,0],[0,47],[1,24],[-30,-1],[0,42],[-7,2],[-112,-2],[0,-85],[-66,0]],[[285995,638683],[-15,0],[0,171],[15,0],[0,85],[-29,0],[0,170],[29,0],[1,171],[0,83]],[[276101,656054],[4,-54],[-4,-7],[0,-24],[3,1],[2,-26],[2,-12],[4,9],[7,29],[4,23],[2,0],[1,-13],[-2,-9],[-3,-1],[-5,-24],[-3,-10],[1,-10],[-3,-5],[3,-15],[-13,-14],[0,-8],[2,0],[0,-21],[1,-21],[-2,-1],[2,-3],[0,-15],[-2,0],[0,-24],[2,-5],[0,-37],[0,-22],[-2,0],[0,-21]],[[282789,658516],[30,0],[152,3],[15,1],[0,85],[-14,-1],[0,170],[43,1],[16,0],[62,1],[0,-39]],[[283093,658737],[0,-16],[-14,-11],[-1,-6],[0,-10],[-30,-4],[-1,-40],[17,-8],[0,-39],[-16,-1],[0,-81],[4,0],[42,0],[60,1]],[[283154,658522],[1,-161],[-61,0],[0,-170],[-1,-211],[1,-45],[0,-85],[-30,-1],[0,-42],[39,1],[-3,-26],[-4,-16],[0,-16],[-8,-2],[7,-21],[8,12],[6,-13],[-4,-17],[-5,-11],[1,-9],[4,-6],[3,8],[3,26],[3,3],[11,-5],[4,-9],[-1,-22],[9,-10],[5,-13],[-2,-7],[-7,13],[-10,8],[0,-68]],[[283123,657607],[-7,-14],[-14,-24],[-7,-8],[-34,-33],[-12,-11],[0,-7],[15,-1],[-1,-86],[-9,0],[71,2],[1,-85],[-72,-2],[-19,-1],[1,-170],[11,2],[50,0],[0,-33],[-16,-9],[-10,8],[-16,-13],[-19,-1]],[[283036,657121],[-13,-8],[-11,2],[-11,-10],[-14,-22],[-4,0],[-8,-16],[-9,0],[-6,-15],[-26,-15],[-4,-3],[-1,93],[-14,0],[-1,-79],[-11,14],[-6,-6],[-9,2],[-1,8],[3,17],[-5,0],[0,41],[-31,0],[0,-42],[-15,1],[0,43],[-31,-1],[1,-119],[-14,10],[-1,6],[-1,146],[0,171],[-30,0],[-31,0],[0,54],[-7,-9],[-4,-17],[-8,-8],[-11,13],[-11,0],[-6,6],[-16,-1],[0,16]],[[282669,657393],[0,23],[-29,3],[-5,-1],[-3,-38],[-55,-4],[-6,2],[-10,-21],[-1,-24],[-11,0],[0,85],[0,42],[0,29],[1,11],[28,1],[0,172],[-3,-1],[11,55],[8,19],[14,12],[0,22],[-17,-20],[-2,-16],[-11,-6],[-2,-7],[-3,27],[-6,31],[12,3],[-1,21],[8,-4],[3,25],[12,9],[13,31],[2,11],[6,-5],[2,21],[5,15],[4,-10],[9,-7],[5,36],[6,9],[4,22],[11,5],[3,14],[8,2],[-2,20],[11,8],[7,46],[6,3],[5,8],[-5,21],[7,34],[0,15],[7,0],[0,42],[16,0],[-1,52],[11,3],[12,21],[9,48],[11,-2],[-11,6],[-2,27],[5,11],[10,-4],[0,11],[0,82],[15,2],[-1,75]],[[281488,655358],[38,-57],[1,83],[60,-3],[1,43],[16,0],[0,-25],[5,-4],[1,-3],[4,4],[5,14],[0,-31],[60,-1],[0,-12],[16,0],[15,10],[0,-31],[14,0],[-1,99],[-1,20],[0,4],[2,11],[7,-20],[8,-66],[6,-12],[10,-39]],[[281755,655342],[9,-22],[0,-43],[2,-16],[8,-10],[3,-20],[-1,-41],[-4,-5],[5,-12],[1,-20],[-8,-47],[-1,-31],[3,-1],[2,-20],[-4,-47],[4,-51],[-1,-7],[-6,15],[0,-85]],[[281767,654879],[-89,1],[-75,1],[-9,0],[-9,0],[-1,0],[-33,1]],[[281551,654882],[0,0],[-27,0]],[[281524,654882],[0,36],[-7,1],[0,-17],[-23,0],[0,61],[8,-1],[0,43],[17,-2],[1,52],[5,10],[0,65]],[[281525,655130],[1,93],[-6,13],[-12,1],[-8,11],[-1,22],[-8,2],[1,14],[-12,12],[-5,2],[3,21],[5,12],[5,25]],[[276055,653473],[3,-7],[6,2],[2,-4],[5,-13],[11,-34],[5,-11],[5,-19],[1,-17],[16,0],[8,0],[15,0],[13,0]],[[276170,653286],[3,-33],[1,-11],[3,0],[2,-20],[-14,3],[-3,11],[1,27],[-1,18],[-7,0],[0,-12],[-3,0],[-5,-1],[0,-21],[0,-46],[2,0],[12,0],[9,0],[0,-52],[0,-32],[0,-18],[-7,-2],[-16,-3],[1,-11],[-13,34],[-3,0],[0,-8],[4,-3],[3,-9],[11,-26],[3,-17],[-3,0],[-8,-6],[0,-14],[5,-2],[0,-44],[11,0],[0,-40],[-15,0],[0,-42],[4,0],[0,-43],[-3,0],[0,-14],[-9,-7],[1,-19],[-2,0],[-2,-2],[0,-5]],[[284871,627023],[2,236],[0,171]],[[284873,627430],[92,-9],[23,-64],[10,-19],[34,0],[0,-53],[3,-18],[8,0],[0,-13],[4,0]],[[285093,626244],[-10,2],[-41,0],[-11,-1],[-20,4],[-71,6],[-74,-6]],[[284866,626249],[1,50],[3,457],[1,225],[0,42]],[[285223,633381],[96,1]],[[285319,633382],[-3,-69],[-1,-16],[11,0],[58,0],[0,-257],[-45,0],[8,-15],[12,-37],[3,-19],[0,-31],[13,-12],[8,-27],[2,-31],[0,-89],[1,-49],[0,-118]],[[285386,632612],[0,-174],[-77,0],[1,-85],[-5,0],[14,-64],[0,-20],[-20,1],[0,20],[-30,2],[0,-73],[-28,0],[0,133],[-17,0],[0,83]],[[285224,632435],[22,0],[0,82],[27,11],[2,31],[-6,10],[-1,35],[-6,18],[-2,20],[-7,10],[-1,19],[-4,7],[-2,21],[-1,268],[-4,0],[0,72],[-11,-1],[0,43],[26,1],[0,42],[-9,0],[0,15],[-17,1],[0,27],[-8,0],[0,129],[1,85]],[[284753,631336],[1,42],[25,0],[0,-84],[-26,-2],[0,44]],[[283506,632765],[0,-35]],[[283506,632730],[0,-33],[-17,30],[0,37],[3,-3],[14,4]],[[284890,633705],[1,231]],[[284891,633936],[6,-2],[1,-120],[14,1],[51,3],[1,81],[14,0],[0,84],[43,-1]],[[285021,633982],[0,-85],[29,-1],[0,43],[14,0],[-1,42],[27,-2],[-24,-82],[-16,-43],[0,-44],[59,-2],[6,1],[0,22],[20,-1],[9,-32],[1,-31],[20,6],[-1,-230],[57,8],[2,-170]],[[285224,632435],[-18,-2],[-12,-5],[-16,-12],[-43,-45],[-21,-14],[-10,-3],[-69,0],[-46,0],[1,-75],[5,-34],[-5,-1],[0,-283],[-37,45],[-7,-65],[3,-61],[-66,0]],[[284883,631880],[0,139],[0,136],[0,32],[1,122],[0,25],[0,22],[0,21],[0,37],[0,110],[1,84],[0,35],[1,230],[1,209],[0,8],[1,124],[0,172],[0,57],[1,65],[1,197]],[[282020,620591],[8,32],[13,19],[0,24],[-2,11],[-10,15],[-2,13],[2,15],[4,7],[7,-9],[6,-27],[7,-21],[1,-29],[10,-17],[13,2],[3,7],[-3,28],[11,24],[9,2],[7,-11],[4,-19],[9,-17],[2,-15],[-3,-21],[2,-29],[8,-26],[10,18],[5,-4],[-2,-27],[6,-8],[8,31],[11,-17],[22,-7],[8,0],[6,13],[7,2],[9,-12],[4,-20],[-1,-9],[-10,-32],[-2,-26],[3,-24],[8,-23],[9,-20],[4,-21],[10,-21],[7,15],[2,25],[6,18],[12,1],[7,13],[3,20],[-1,14],[-5,15],[1,30],[7,12],[15,-10],[5,24],[1,20],[-6,-3],[-2,7],[-2,47],[10,22],[16,4],[-2,21],[7,0],[-4,50],[-8,19],[-8,2],[2,35]],[[282304,620743],[-1,62],[3,87],[7,0],[-3,-44],[0,-40],[14,0],[7,30],[6,-5],[2,-23],[-1,-21],[5,-12],[4,3],[2,31],[7,22],[0,10],[-13,7],[-12,40],[-11,18],[5,13],[13,4],[11,9],[6,17],[5,30],[-6,24],[-12,25],[0,20],[4,-1],[13,-27],[5,22],[-4,15],[-11,8],[-1,21],[5,14],[9,-9],[4,-12],[7,-47],[-2,-28],[-3,-83],[-2,-49],[18,-8],[2,-10],[0,32],[6,19],[9,2],[7,19],[4,1],[0,54],[55,0],[1,-20],[2,-42],[0,-71],[2,-42],[1,-90],[15,6],[11,26],[22,9],[8,10],[12,17],[5,1],[12,29],[14,1],[5,16],[2,63],[33,1],[1,-7],[0,-59],[-2,-20],[31,0]],[[282530,619987],[0,-25],[1,-84],[-14,0],[0,-84],[-98,-1],[0,-43],[0,-127],[-30,0],[-115,-4],[1,-81],[-28,1],[0,80],[-16,0]],[[282071,620283],[-4,3],[-11,26],[-7,11],[-36,2],[-19,4],[-38,25],[0,165],[4,18],[-1,2]],[[281959,620539],[-3,36],[10,18],[6,5],[5,-7],[6,-56],[7,0],[-2,39],[-2,7],[3,34],[5,7],[4,-13],[-2,-26],[6,-10],[10,8],[6,6],[2,4]],[[283104,617036],[0,9],[-9,-7],[-15,28],[-8,-4],[-11,11],[-6,-6],[-7,9]],[[283048,617076],[4,56],[11,10],[4,-5],[0,39],[5,0],[1,12],[7,10],[20,-23],[11,11],[3,12],[18,30],[5,-3],[13,13],[12,4],[11,-6],[23,-26],[4,-1],[16,24],[27,-19],[11,12],[3,0],[16,9],[-4,-32],[24,8],[11,16],[10,26],[3,14],[10,-2],[2,33],[6,-1],[0,36],[27,1],[1,15],[6,37],[1,-48],[3,-16],[0,-17],[5,-10],[-3,-6],[0,-34],[9,-54],[0,-44],[7,-28],[3,-48],[12,-17],[3,-21],[6,-21],[14,-23],[4,-24],[2,-55],[7,-26],[12,-18],[5,-20]],[[276474,642205],[0,-144],[0,-125]],[[276474,641936],[0,-489],[0,-339]],[[276474,641108],[0,-7],[0,-128],[0,-35],[0,-172]],[[276474,640766],[-42,-5],[-30,-7],[-29,0],[-2,1],[-58,-4]],[[275799,640553],[-14,0],[-2,0],[-8,-13],[0,-69],[-5,-5],[0,-73],[6,-6],[-40,-2],[-1,167],[-60,3]],[[283831,659804],[0,-28],[9,0],[2,-56],[5,0],[43,0],[-11,-40],[-9,-19],[-1,-24],[7,-37],[2,42],[18,1],[0,42],[17,-1],[0,37],[43,0],[20,0],[2,2],[24,3],[0,62],[5,18],[42,1],[-3,22],[5,18],[7,0],[0,67],[20,8],[0,19],[15,0],[0,-10],[6,5],[21,-1]],[[284120,659935],[14,-10],[16,0],[2,-34],[51,-2],[19,28]],[[284222,659917],[1,-109],[-16,-1],[0,-216],[-20,1],[0,-41],[63,-1],[-8,-22],[-9,-17],[-3,-17],[-10,-22],[-13,-4],[-1,-5],[1,-37],[6,-9],[-1,-29],[0,-58],[13,-53],[0,-9],[-7,-49],[-36,0],[1,-212],[22,-4],[0,-88],[-23,-13],[0,-151],[1,-42],[-64,-1],[0,-170]],[[284119,658538],[-61,0],[1,170],[-46,-1],[-1,52],[15,22],[10,6],[-4,51],[8,18],[-13,0],[0,38],[-15,-42],[0,161],[-12,4],[-2,22],[-4,9],[-28,0],[-15,0],[-46,0],[0,86],[-21,0],[-9,33],[-14,22],[-19,-26],[-15,-8],[-8,7],[-5,40],[-1,21],[0,67],[-4,-2],[-3,23],[-7,-9],[-13,0],[-6,-28],[-8,-8],[-2,-13],[-7,-8],[-8,35]],[[283756,659280],[-1,268],[-1,85],[18,0],[-2,127]],[[282110,635293],[7,24],[14,12],[30,0],[8,0],[36,1],[15,1],[19,0],[0,2],[14,0],[0,5],[6,8],[16,39],[8,13],[0,9],[7,-6],[32,-38]],[[282322,635363],[20,-24],[0,-42],[0,-3],[0,-24],[0,-14],[0,-6],[0,-171],[0,-111],[0,-59],[-1,0],[0,-170],[-15,0],[0,-35],[-15,0],[0,-43],[15,0],[0,-74],[8,0],[0,-10],[7,0],[0,-36]],[[282341,634541],[-24,17],[-4,25],[-10,-1],[-8,-7],[-22,-6],[4,-16],[0,-64],[-27,-1],[-4,-8]],[[282246,634480],[-6,8],[-20,0],[-1,133],[-14,-23],[0,16],[0,41],[-41,69],[-3,8],[0,-73],[-59,-1],[0,-43],[0,-43],[0,-9],[-11,0],[-5,-19],[-9,0],[-10,-17],[-9,-33],[0,16],[-6,-5],[1,5],[-2,0],[0,50],[-8,0],[0,-55],[0,-20],[0,-4],[-3,0],[-4,-12],[-1,-13],[-2,-1],[-7,-6],[-5,7],[-2,3],[0,55],[10,66],[8,34],[6,12],[0,33],[2,14],[1,6],[8,32],[-5,8],[-13,21]],[[278953,631230],[4,39],[7,15],[-9,47],[6,7],[3,27],[10,10],[0,22],[0,38],[-2,14],[2,32],[0,85],[29,-1],[7,32],[3,33],[-6,16],[7,40],[-2,36],[10,22]],[[279022,631744],[55,-1]],[[279077,631743],[52,-1]],[[279129,631742],[0,-33],[-2,-6],[0,-36],[2,-18],[-4,0],[0,-15],[-12,0],[0,-47],[26,-1],[0,-13],[24,0],[0,-10],[-19,1],[0,-255],[-15,0],[0,-254],[29,2],[30,-3],[11,27],[46,49],[88,91],[4,-1],[-3,-2],[1,-39],[-3,0],[0,-75],[-9,-11],[-1,-30],[-8,-52],[-12,-4],[1,-19],[-3,-19],[5,-26],[-4,-23],[3,-18],[0,-37],[6,2],[5,-19],[-6,-8]],[[279309,630840],[-3,0],[0,-43],[-2,0],[-6,0],[-11,1],[0,-121],[-1,-6],[3,-6],[15,0],[0,-33],[5,0],[1,17],[6,38],[8,25]],[[279324,630712],[8,0],[30,-1]],[[279362,630711],[0,-72],[4,-13],[0,-22],[-3,-11],[-1,-47],[21,-3],[-4,-13],[-1,-16],[-8,-17],[-6,-23],[0,-11],[-17,-1],[-6,-20],[-8,-13],[0,-51]],[[279333,630378],[-10,0],[-48,2],[0,71],[-3,1],[-7,-46],[1,-35],[-14,-38],[-4,-39],[0,-1],[-2,-25],[0,-50],[2,-16],[0,-1],[-2,-22],[-17,-13],[-7,-16],[-1,-34],[-1,0],[-5,-42],[2,-35],[-1,0],[11,-83],[5,-54],[0,-32],[-2,-37],[-2,-24],[-9,-60],[-5,-22],[-25,-25],[-19,3],[-1,-24],[5,-30],[11,-13],[-7,-54],[0,-38],[-6,-5],[2,-17],[-8,-8],[3,-17],[-6,-34],[2,-11],[-4,-8],[3,-34],[10,-18],[-4,-17],[-6,-2],[5,-18]],[[279169,629357],[-14,18],[-25,-11],[-99,0],[0,-169]],[[279002,629364],[0,84],[72,2],[0,42],[56,0],[0,84],[-14,1],[-1,-20],[-27,-3],[0,32],[-46,-58],[-25,-25],[-1,88],[-28,1],[-1,27],[-14,0],[0,88],[100,-3],[14,0],[0,263],[14,16],[-5,14],[-5,46],[-16,1],[0,114],[-22,0],[0,194],[-37,0],[0,-54],[-14,1],[0,-85],[14,-1],[0,-169],[-6,0],[-8,4],[0,121],[-14,3],[-1,42],[-1,32],[1,164],[-6,-29],[-4,-9],[-16,35],[-12,-5],[-5,4],[0,62],[-35,3],[0,93],[-2,95],[-36,-36],[88,97],[-13,0],[-1,169],[14,0],[0,42],[20,0],[1,42],[9,-1],[0,47],[-9,0],[-11,19],[-5,-27],[-9,6],[2,33],[-4,-6],[0,18],[-1,1],[0,16],[4,14],[-1,40],[14,43],[-6,24],[-4,33],[-6,-3]],[[281017,653766],[59,22],[120,45],[0,9],[0,-1],[0,-8],[0,0],[6,3],[33,29],[4,-35],[5,-27],[9,-1],[0,11],[25,-1],[0,-11],[5,0],[0,5],[8,0],[0,5],[7,0],[0,-11],[15,-1],[15,1],[15,0],[8,0],[20,-84],[0,0],[18,-73],[0,-2],[2,-9],[6,-21],[33,-93],[1,3],[18,-50],[43,-118],[5,-15]],[[281495,653333],[0,-5],[0,-34],[0,-8],[0,-20],[0,-16],[0,-41],[1,-85],[-23,0],[-7,0],[-30,0],[-1,85],[0,38],[-10,0],[0,35],[-5,0],[0,-28],[-11,-8],[-19,-18],[1,-36],[-15,-3],[0,-65],[-30,0],[-30,25],[0,-24],[0,-8],[1,-161],[-60,-1],[1,-169],[-58,-1],[0,-169],[0,-76]],[[281200,652540],[-11,-9],[-42,-2],[0,43],[8,0],[0,36],[-12,0],[-3,6],[0,24],[-12,0],[-3,7],[2,22],[7,30],[3,66],[-8,20],[-64,-1],[4,13],[3,26],[-3,45],[-51,-1]],[[281018,652865],[0,255]],[[281018,653120],[0,6],[0,165],[30,1],[0,85],[-15,0],[0,46],[8,6],[22,0],[0,-52],[12,1],[0,73],[-2,32],[2,13],[-1,17],[-9,-2],[-9,24],[-6,-12],[-5,21],[-3,0],[-5,26],[-7,21],[3,17],[-7,-2],[4,15],[0,12],[-3,-6],[-8,-1],[-1,-3],[-1,14],[0,4],[0,4],[0,68],[0,40],[0,13]],[[279050,622961],[-1,-10],[8,-13],[0,-23],[-10,-61],[2,-20],[3,-5],[1,-23],[10,-59],[6,-23],[8,49],[14,-1],[16,0],[6,-6],[4,8],[12,-4],[60,-1],[0,-21],[9,-17],[-1,-34],[9,-12],[14,-36],[6,21],[0,13],[29,0],[0,43],[-7,0],[1,42],[35,1],[0,-24],[29,0],[1,219],[-15,1],[-1,15],[0,43],[18,-1],[-1,18],[5,0],[3,-18],[48,-1],[0,-128],[14,0],[0,-42],[43,-1],[0,-94],[4,8],[12,3],[6,22],[9,7],[5,30],[0,-23],[8,0],[0,-40],[16,-2],[0,39],[6,6],[16,3],[6,8],[1,-29],[0,-86],[-2,-34],[6,9],[11,3],[8,5],[0,171],[0,11]],[[279137,621157],[3,30],[-1,25],[2,19],[-4,54],[-3,7],[-18,18],[-8,-3],[-14,8],[-6,11]],[[279088,621326],[1,155],[0,96],[-144,-2]],[[278945,621575],[0,85],[0,33],[3,17],[1,42],[3,5],[0,12]],[[278952,621769],[2,0],[12,5],[7,-4],[0,57],[0,84],[4,1],[0,44],[-18,0],[0,-45],[-29,0]],[[278930,621911],[1,173],[-15,0],[0,43],[-11,0],[-3,14],[0,71],[-1,0],[7,53],[9,29],[-40,61],[25,15],[18,18],[-2,10],[-4,21],[-2,4],[-21,1],[-5,-3],[-19,1],[-10,31],[-6,3],[-2,22],[2,23],[19,25],[8,27],[4,5],[21,10],[2,9],[5,33],[5,27],[2,14],[0,8],[-5,3],[0,17],[-9,3],[0,21],[-4,1],[0,19],[4,0],[1,55],[-43,2],[1,125],[28,-1],[0,41],[15,0],[0,-41],[14,-1],[0,-19],[39,1],[-1,4],[1,33],[7,36],[2,29],[51,-1],[12,8],[20,-33]],[[281633,634264],[0,33],[0,85],[0,98]],[[281633,634480],[8,6],[1,22],[5,21],[19,11],[8,36],[1,20],[69,-47],[36,-31],[0,206],[0,166],[4,0],[25,-56],[0,57]],[[282246,634480],[0,-34],[9,0],[0,-43],[76,3],[1,-31],[7,-66],[2,-23],[1,-42],[-15,14],[9,-34],[1,-42],[-6,-28],[-49,45],[1,-136],[0,-153],[-1,-18],[59,3],[-1,-32],[-1,-121],[-8,1],[-5,-21],[-32,-1]],[[282294,633721],[-17,-1],[-1,-11],[-4,1],[-5,-31],[0,-13],[-4,-8],[2,-37],[-5,-4],[2,-52],[-7,-23],[-4,8],[-28,-1],[-6,2],[-42,-2],[0,104],[-14,-53],[-13,-46],[-1,8],[-5,-10],[-7,9],[-9,-2],[-5,-11],[-19,-2]],[[282102,633546],[-59,-1],[0,43],[-44,-2],[0,42],[-15,0],[0,-85],[-14,-1],[0,-125],[-14,-5],[0,-40],[-40,-1]],[[281916,633371],[-40,-2],[1,83],[6,7],[-1,251],[0,270],[38,73],[-2,0],[-4,-6],[-1,3],[-11,3],[-12,-22],[-4,15],[2,34],[-15,-19],[-6,-6],[0,-56],[0,-16],[-11,-28],[-11,-11]],[[281838,633937],[0,40],[-7,34],[-4,-1],[-4,1],[-7,-5],[-6,-20],[-12,-9],[-18,-37],[-7,-1],[-6,12],[-6,0],[-6,13],[-10,8],[-12,4],[-9,-11],[-4,4],[-7,-6],[-3,12],[-8,1],[-5,-17],[-5,1],[-4,-1],[-22,-24],[-7,-1],[-3,-8],[3,-21],[-4,-2],[-8,-21],[-3,1],[1,19],[-3,-5],[-2,-8],[-2,-40],[-5,-13],[0,1],[1,34],[0,81]],[[281713,616079],[0,-49],[4,-1],[0,-34],[52,1],[0,-87],[-13,0],[0,-42],[14,1],[1,-44],[-13,-1],[-16,-47],[2,-10],[-9,-27]],[[281320,615390],[0,14],[8,0],[3,23],[7,0],[11,-7],[0,56],[18,1],[0,42],[15,1],[-1,55],[6,1],[0,29],[3,0],[-1,33],[5,10],[7,0],[0,-22],[10,1],[-1,-64],[15,1],[0,42],[15,1],[0,-42],[14,16],[15,-3],[11,13],[3,17],[7,0],[9,77],[-1,52],[28,-1],[9,0],[4,11],[0,117],[14,-2],[15,3],[0,150],[13,1],[4,-10],[0,-18],[-3,0],[-1,-42],[13,1],[2,9],[0,34],[62,3],[-1,41],[27,3],[0,41],[29,1]],[[280400,632805],[-12,0],[-22,-1],[-7,-24],[-4,-13],[0,-2],[-6,20],[-10,18],[-3,9],[-6,33],[-9,41],[-22,69],[-24,76],[-3,-32],[-9,-26],[-12,-67],[-1,-21],[-5,-30],[1,-14],[-7,-69],[5,-36],[4,-50],[-3,-9],[-6,1],[-2,-9],[6,-4],[2,-13],[-2,-21]],[[280243,632631],[-12,-3],[-41,0],[-1,85]],[[280189,632713],[0,80],[0,51],[-8,0],[0,28],[3,-8],[12,2],[-1,13],[-10,0],[-4,13],[0,87],[14,0],[1,3],[-1,65],[-9,0],[0,14],[-10,1],[0,55],[9,-19],[10,-12],[0,215],[-14,0],[-1,124],[-10,46]],[[280170,633471],[2,0],[1,-1],[11,1],[10,-2],[16,1],[0,-54],[8,-10],[4,12],[-2,53],[33,2],[1,-116],[4,18],[16,0],[0,22],[6,0],[0,-22],[32,0],[0,96],[14,5],[17,1],[31,2],[11,2]],[[280888,632318],[14,0],[17,1],[5,0],[22,1],[6,-1],[5,4],[25,0],[0,20],[4,1],[0,-25],[19,1],[0,-51],[0,-33],[1,-6],[5,1],[0,-16],[7,1],[0,-11],[-9,-1],[-1,-5],[0,-40],[-2,0],[0,-9]],[[281006,632150],[0,-58],[0,-33],[0,-25],[0,-2],[2,0],[0,-29],[-2,0],[0,-3],[3,0],[-3,-8],[0,-13],[1,-86],[0,-21],[-4,0],[0,21],[-4,0],[0,-6],[-3,6],[-19,-1],[-29,0],[-6,0]],[[280942,631892],[-9,0],[-1,0],[0,6],[-16,-2],[-3,-1],[0,-4],[-5,0],[0,6],[-3,0],[0,-6],[-16,0],[-11,0],[-12,0],[-8,-2],[-6,-20],[-1,-4],[-6,-11],[0,17],[0,3],[4,5],[3,9],[-1,8],[-4,0],[-1,-5],[-1,0],[-3,-7],[-7,2],[-3,6],[-8,-10],[-3,13],[-7,-11],[-1,5],[-2,-2],[8,31],[-3,1],[-7,-16],[-12,-22]],[[280797,631881],[0,3],[-2,4],[-9,1],[0,42],[8,0],[0,49],[-8,-3],[0,19]],[[280786,631996],[0,20],[0,23],[4,0],[-4,22],[0,64],[2,22],[-2,61],[1,8],[2,16],[-10,0],[-1,13],[5,13],[13,38],[5,23],[1,7],[3,10],[3,-5],[0,-12],[8,0],[8,-1],[15,-1],[10,0],[10,1],[11,0],[5,-1],[2,6],[0,-6],[1,0],[5,0],[5,1]],[[276512,653668],[17,0],[-1,-120],[5,-19],[2,-13],[1,-36],[1,-36],[1,-13],[2,-14],[-12,-1],[0,64],[0,63],[-13,57],[-3,20],[-3,21],[3,27]],[[276477,653324],[8,-4],[6,-3],[7,-8],[16,-25],[14,-24],[19,-23],[8,7],[5,0],[8,-29],[15,-3],[2,20]],[[276585,653232],[0,-20],[0,-53],[1,-15],[12,-4],[17,-1],[0,28],[11,-17],[6,-3],[43,0]],[[276675,653147],[0,-9],[0,-55],[-5,-2],[-9,-32],[-2,-11],[0,-67],[0,-9],[-7,-22],[-18,31],[-20,1],[0,-43]],[[276614,652929],[-7,1],[-52,-2],[0,42],[-8,0],[0,11],[-13,31],[-6,19],[-3,5],[-12,1],[-4,0],[0,17],[-11,1],[-1,-18],[-1,-5],[-7,0],[-2,5],[-10,1]],[[276477,653038],[0,74],[0,20],[0,10],[0,10],[0,31],[0,20],[0,42],[0,41],[0,38]],[[277464,639943],[5,6],[1,37],[6,21],[14,21],[24,3],[3,10],[15,0],[20,27],[-1,320],[4,8],[1,16],[82,0],[0,169],[42,1],[-2,337],[-2,168],[15,1],[0,96]],[[277691,641184],[-1,242],[117,5]],[[277807,641431],[2,-339],[60,-3]],[[277869,641089],[0,-77],[0,-89],[2,-163],[-59,-4],[1,-487],[0,-23],[30,0],[1,-131],[0,-39],[34,1],[2,2],[24,-35],[-1,-54],[-4,-9],[-54,43],[0,-33],[-23,0],[0,-22],[-7,0],[0,-14],[3,-29],[0,-20],[0,-93],[-30,1],[0,-254],[-15,1],[0,-88],[-5,-10],[0,-70],[-9,0],[-1,-8],[-21,-3],[-13,2],[-2,10],[-23,0],[0,-276],[9,8],[20,-7],[4,75],[3,11],[23,9],[3,-37],[10,1],[23,10],[-3,33],[12,-1],[14,0],[0,-21],[-44,-114],[0,-31],[44,-2],[1,-168],[2,0],[0,-87],[1,-56],[-1,-101]],[[277820,638640],[0,-8]],[[277820,638632],[-5,-4],[-8,5],[-22,-61],[-3,-16],[1,-17],[-3,-27],[-4,-17],[-37,-79],[-10,-13],[-13,-23],[-18,-51],[-15,-22],[-14,-3],[-8,-7],[-20,-26],[-13,-11],[-14,16],[-19,-14],[-6,1],[-4,0],[-2,29],[6,3],[41,40],[30,16],[13,19],[-1,220],[-28,0],[0,67],[11,45],[16,60],[0,39],[-27,1],[0,87],[-44,0],[-1,7],[0,247],[-45,1],[-14,0]],[[277540,639144],[-1,465],[14,0],[-1,295],[-88,1],[0,38]],[[282285,631036],[0,313],[39,-2],[1,11],[20,6],[7,8],[9,-9],[21,19],[0,23],[-4,13],[-16,12],[-3,12],[1,69],[9,53],[-1,18],[11,24],[10,27],[5,-7],[10,45],[-1,15],[-45,-1],[1,85],[-16,1],[-1,90],[25,0]],[[282486,631866],[119,2],[2,-1],[-1,-79],[-4,-15],[-9,0],[-1,-33],[-4,-15],[-15,-5],[-3,-10],[0,-22],[10,0],[-29,-123],[-6,-34],[-3,-41],[2,-60],[8,5],[0,24],[8,26],[11,4],[20,43],[7,11],[-1,38],[4,19],[2,17],[5,-3],[2,19],[13,42],[9,2],[6,37],[4,6],[2,25],[8,2],[5,10],[1,-99],[7,10],[8,19],[7,-16],[0,-42],[4,-13],[3,-27],[-3,-19],[3,-21],[5,-13],[2,-24],[4,-21],[13,0],[6,-8],[6,2],[4,-19],[7,-58],[12,-54],[59,2]],[[282604,630842],[-3,33],[-1,136],[-81,-2],[0,-171],[-58,-3],[0,150],[-6,8],[-1,11],[-8,0],[1,9],[10,40],[14,38],[18,2],[1,26],[-5,28],[-15,-22],[-5,2],[-8,-41],[2,-15],[-5,-22],[-20,-7],[1,-15],[-6,1],[-2,-10],[-7,-9],[-9,-40],[-8,-2],[-6,-12],[-11,-30],[-17,-2],[-13,21],[0,18],[-12,7]],[[282344,630969],[-7,-11],[-3,16],[-4,7],[-23,-9],[-22,15],[0,49]],[[277766,650309],[3,23],[133,-1]],[[277902,650331],[54,-1],[12,19],[24,2],[0,-276],[31,-1],[-1,170],[132,-1],[3,16],[14,-16],[1,66],[19,17],[2,18],[10,23],[14,20],[-1,23],[30,-1],[0,-30],[7,13],[7,-50],[2,-72],[9,-30]],[[278204,648585],[-27,22],[-3,7],[-19,64],[-84,154],[-69,155],[-35,77],[-47,102],[-41,43],[-91,91]],[[277788,649300],[-2,265],[31,2],[3,10],[17,97],[7,22],[0,42],[-22,-1],[-1,170],[-56,-1],[-1,43],[-7,42],[64,2],[1,83],[-59,0],[-9,12],[-1,73]],[[279440,654883],[141,-1],[15,0],[54,1],[85,1],[60,1],[36,0]],[[279831,654885],[54,1],[36,0],[50,1]],[[279971,654887],[21,0]],[[279992,654887],[4,-10],[0,-127],[-23,5],[-21,20],[-5,18],[-11,-2],[0,-44],[16,-21],[9,-18],[38,-98],[14,-28],[14,-20],[0,-24],[-75,1],[0,-148],[-4,-13],[0,-51],[4,0],[0,-196],[-2,1],[0,-31],[3,-10],[0,-59]],[[279953,654032],[-1,-171],[0,-1],[-30,0],[-11,0],[0,-23],[-4,0],[0,-101],[-15,0],[0,-85],[-15,0],[0,-42],[-15,0],[0,-42]],[[279862,653567],[-30,0],[0,-40],[6,-6],[0,-81],[-66,1],[1,83],[-16,1],[-61,-12]],[[279696,653513],[-63,5],[0,87],[-60,5],[1,85],[-30,0]],[[279544,653695],[1,92],[1,16],[-11,-3],[-14,39],[-1,18],[-32,2],[1,8],[-35,2],[3,256],[-36,0],[20,45],[14,25],[-4,29],[-6,77],[-6,39],[-2,28],[1,29],[6,55],[9,62],[7,12],[5,1],[-3,8],[-9,-12],[-14,-13],[-13,-6],[-29,-2],[1,295]],[[276474,642205],[0,201],[1,539],[0,7],[0,150]],[[276475,643102],[47,-105],[0,126],[60,0],[0,-170],[129,-3],[32,0],[0,169],[60,-1],[0,-169],[119,-1],[58,0]],[[276980,642948],[0,-160],[-58,3],[0,-256],[59,-2],[1,-255],[-59,1],[0,-191],[3,-18],[1,-23],[-4,-108],[1,-308],[1,-21],[-7,3],[-171,-2],[-54,-4],[-5,0],[7,212],[-12,45],[-6,13],[-12,4],[-11,19],[-25,2],[-15,-17],[-30,5],[-15,14],[-15,23],[-3,-8],[-11,-2],[-9,15],[-36,-18],[-9,4],[-9,19],[-3,-1]],[[277984,626769],[2,37],[-4,38],[8,17],[-2,-18],[2,-13],[5,8],[2,19],[-1,25],[3,22],[-1,23],[6,19],[0,41],[5,44],[0,28],[-3,10],[-7,1],[-6,20],[-10,3],[2,14],[-4,3],[0,83],[35,-1],[7,-3],[18,-18],[3,17],[-1,26],[-4,19],[-8,1],[-4,20],[4,18],[10,1],[8,39],[5,7],[7,23],[4,8],[12,20],[1,26],[-7,12],[1,8],[10,16],[8,24],[6,7],[7,-6],[1,-17],[5,-5],[6,15],[-1,16],[6,10],[-6,41],[-1,26],[3,41],[-3,17]],[[278113,627601],[19,13],[18,-56],[64,-76],[21,5],[2,50],[6,6],[6,23],[5,43],[16,0],[4,-29],[1,-38],[-3,-17],[0,-69],[3,-38],[9,-11],[1,-53],[0,-251],[28,0],[0,-69],[3,-14],[12,54],[0,-132],[6,-6],[30,-2],[4,4],[2,5],[0,-21],[8,-31],[7,-1],[0,34],[14,1],[0,-38],[21,-2],[15,-6],[0,21],[11,0],[-2,-17],[6,0],[0,-42],[-15,1],[0,-164],[-17,-2],[0,-12],[6,-8],[0,-26],[3,0],[0,-48],[7,0],[1,-10],[-1,-77],[-25,1]],[[278270,626416],[1,57],[-2,43],[2,14],[-2,55],[-58,0],[1,-234],[-7,-2],[-14,4],[-22,-8],[-15,12],[-15,0],[-15,9],[-15,22],[0,-138],[-54,3],[-7,5],[-81,2]],[[277967,626260],[0,170],[24,-1],[5,23],[0,121],[-2,11],[-5,41],[-2,13],[0,46],[-19,1],[1,49],[4,18],[12,13],[-1,4]],[[284495,633231],[-8,-1],[0,-16],[-10,-1],[1,-42],[-20,87]],[[284458,633258],[6,20],[1,15],[-4,10],[2,19],[9,24],[1,32],[4,21],[7,8],[7,23],[0,17],[6,-3],[3,14],[0,25],[1,-25],[-6,-23],[0,-204]],[[284919,644544],[56,0],[0,-167],[45,-2],[0,-85],[30,-1],[0,-254],[44,-1]],[[285094,644034],[0,-85],[0,-78],[-1,-7],[120,0],[0,86],[0,169],[59,1],[14,0],[2,14],[25,0],[8,-12],[13,1],[4,4],[0,-264],[3,0],[0,-170],[264,4],[0,-255],[31,-2],[-1,69],[4,-1],[6,35],[8,12],[6,-6],[10,-16],[12,-35],[3,-12],[12,-7],[0,-126],[5,0]],[[285701,643353],[6,-51],[-1,-30],[5,-16],[6,0],[7,36],[9,12],[3,-10],[3,-28],[2,-60],[3,-19],[-48,-1],[0,-169],[18,1],[-3,-14],[-11,-23],[-4,-33]],[[285696,642948],[-2,-15],[-16,-36],[-11,20],[0,14],[-31,1],[0,2],[0,83],[-2,1],[-28,-1],[-89,-1],[0,-170],[-77,-2],[-58,0],[0,169],[-111,2]],[[285271,643015],[-30,1],[1,85],[-30,1],[0,256],[-60,-1],[0,85],[-60,2],[0,85],[-59,0],[0,125],[-11,8]],[[285004,643655],[0,-85],[-39,0],[-3,-3],[-42,0]],[[284920,643567],[0,129],[0,169],[-1,228],[0,451]],[[283105,634408],[4,0],[0,18],[6,2],[0,-4],[2,0],[0,-10],[2,0],[0,-6],[3,0],[0,-7],[-1,-4],[-2,0],[0,-11],[-13,0],[-1,22]],[[283439,654013],[0,-22],[-9,-7],[0,36],[-15,0],[-49,36],[-22,9]],[[283344,654065],[-1,124],[56,2],[23,-92],[17,-40],[0,-39],[-5,-3],[5,-4]],[[284685,620692],[-4,20],[-2,43],[-2,18],[10,0],[0,42],[-14,1],[-6,26],[-7,38],[0,64],[-9,0],[0,84],[16,0],[-1,21],[2,1],[4,25],[-2,45],[-7,24],[2,40],[-3,26],[7,29],[4,51],[-2,10],[0,62],[21,-1],[6,-10],[11,-8],[12,-22],[-2,-37],[6,-33],[0,56],[4,22],[3,28],[6,18],[9,38],[1,26],[-8,29],[1,27]],[[284741,621495],[91,-5],[6,-3],[36,-22],[13,0],[36,-44],[3,-3],[7,-16],[17,-35],[19,-52],[3,-21],[3,-60],[-4,-68],[-8,-60],[-8,-44],[-9,-32],[-3,-7],[-12,-23],[-14,-53],[-44,-85],[-17,-44],[-2,-5],[-13,-50],[-7,-50],[0,-61],[9,-79],[33,-156],[15,-146],[-1,-42],[-3,-36],[-6,-19],[-21,-16],[-23,2],[-28,19],[-46,53],[-28,19],[-47,17],[-32,26],[-21,-12],[-7,-11]],[[285319,633382],[6,0],[32,1],[27,0],[16,-1],[0,34],[9,15],[5,2],[10,20],[2,15],[44,1],[1,41]],[[285471,633510],[4,0],[0,43],[83,3],[-1,70],[16,16],[41,1],[-2,-84],[29,2],[0,48],[42,1],[0,-36],[-2,-10],[5,-29],[5,-14],[6,-8],[4,-12],[-4,-29],[-6,-11],[-4,-23],[1,-10]],[[285688,633428],[-8,0],[-12,-3],[0,-34],[-55,-2],[1,-87],[-13,-34],[-1,-10],[-1,-50],[0,-75],[-2,-45],[-33,54],[-4,4],[-1,-21],[1,-176],[0,-77],[1,-87],[0,-169],[-29,-10],[-5,13],[-24,36],[-19,54],[-25,34],[-1,-161]],[[285458,632582],[-22,-6],[-4,16],[-9,-6],[-7,-16],[-5,-1],[-3,2],[2,20],[-4,11],[-6,-7],[-6,16],[-8,1]],[[279982,640036],[0,23],[7,106],[1,21],[7,0],[7,-40],[9,-13],[4,-13],[-1,-12],[2,-29],[6,-7],[6,7],[0,19],[6,7],[6,-3]],[[280042,640102],[0,-42]],[[280042,640060],[0,-327]],[[280042,639733],[-54,-1],[0,112],[-8,0],[0,46],[-7,0],[2,43],[-15,6],[-7,-6],[-4,0],[0,43],[26,2],[3,14],[0,42],[4,1],[0,1]],[[287158,633996],[8,337],[9,-2],[0,-27],[11,-26],[6,-24],[1,-21],[3,-10],[12,-10],[4,-16],[0,15],[7,41],[3,9],[-2,17],[-4,5],[-3,21],[2,16],[28,-7],[18,-16],[10,-22],[4,61],[4,9],[2,43],[4,11],[0,51],[-25,30],[-5,2],[8,1],[3,28],[0,13],[-9,68],[-4,59]],[[287253,634652],[38,-8],[4,180],[20,-4],[0,38],[11,51]],[[283123,657607],[17,30],[0,-126],[121,-3],[-10,9],[-6,14],[-5,48],[8,36],[-1,39],[4,19],[11,6],[5,-8],[4,11],[6,0],[0,170],[61,0],[-1,330],[22,36]],[[283359,658218],[38,60],[45,75],[6,7],[9,1]],[[283457,658361],[2,-482],[0,-27],[49,0],[0,-44],[3,1],[1,8],[4,7],[0,28],[5,-1],[0,-30],[-8,-12],[-4,-18],[-1,-27],[9,-18],[-4,-29],[1,-20],[-6,-4],[-11,-47],[-8,19],[-6,3],[2,19],[-19,-26],[-5,9],[-10,-16],[-9,-31],[-5,6],[-1,-12],[-11,-17],[4,-22],[6,10],[9,-8],[-4,-18],[3,-25],[-7,0],[0,-24],[1,-4],[22,1],[0,-164],[-30,-1],[1,-204],[13,-29],[6,5],[1,-10],[9,1],[0,-103],[31,0],[0,-200]],[[283490,656805],[0,-55],[-16,0],[-1,0],[0,-3],[-12,-38],[-1,-4],[0,-125],[-15,0],[0,-44],[-15,-1],[0,-42]],[[283430,656493],[-30,0],[0,86],[0,170],[-106,0],[-14,1],[0,-16],[-15,-4],[-2,-14],[0,11],[4,45],[5,73],[-1,1],[-10,-23],[-2,-40],[-6,-12],[-4,-31],[-8,-33],[-2,8],[-7,-3],[-4,-23],[-9,23],[0,36],[-20,-1],[-10,-26],[-12,-3]],[[283177,656718],[-3,29],[-25,-1],[-6,9],[0,105],[-14,4],[-1,9],[-30,-2],[0,43],[-61,0],[-1,41],[0,42],[0,95],[0,29]],[[285812,654227],[119,9],[1,0],[29,3],[30,2],[58,5],[119,11]],[[286168,654257],[1,-126],[-13,1],[0,26],[-8,16],[-10,0],[0,-124],[8,-7],[0,-81],[-7,0],[1,-170],[30,0],[0,-170],[-34,0]],[[286136,653622],[-6,0],[-3,-33],[-8,-18],[0,-24],[-6,0],[-4,-17],[-8,-18],[-15,-17],[-3,-8],[1,-17],[-5,-1],[-12,-15],[-8,6],[-9,1],[-5,-5],[-15,-4],[-20,-3],[-11,-14],[-8,11],[1,-15],[-28,20],[-33,0],[1,-170],[-16,0]],[[285916,653281],[-46,-1],[1,84]],[[285857,653450],[-46,-1],[0,169],[0,332],[2,9],[13,0],[0,117],[3,52],[-18,0],[1,99]],[[279051,638041],[92,-2],[0,172],[7,7],[3,29],[5,17],[6,-34],[2,-43],[0,-28],[6,-57],[0,-63],[72,0],[7,4],[-3,27],[3,-2],[-9,28],[-3,20],[-4,8],[-5,23],[1,11],[-12,12],[-6,-4],[-5,-14],[-10,-5],[-2,10],[3,43],[-3,18],[-8,-6],[13,22],[1,8],[36,-52],[35,-65],[3,8],[8,4],[3,10],[2,-7],[-5,-32],[5,-10],[0,-6],[15,-29],[1,113],[-6,6],[-9,2],[0,22],[3,0],[-3,34],[0,25],[26,7],[13,18],[6,-8],[14,17],[0,74],[1,169],[0,84],[56,3],[13,-2],[-10,83],[35,0],[1,12],[-1,14],[-12,7],[-7,-6],[-7,9],[-6,46],[-12,22],[-1,19],[5,48]],[[279404,638881],[55,-1],[5,0],[113,-2],[1,509]],[[279578,639387],[9,-1],[-4,33],[0,70],[9,-10],[3,2],[11,41],[3,2],[60,1],[17,5],[10,-1],[0,42],[58,2],[0,-21],[35,3],[7,11],[7,-3],[8,10],[2,4],[228,15]],[[280041,639592],[0,-198],[15,0],[0,-85],[15,-1],[0,-83],[29,1]],[[280424,638113],[-1,-168],[-4,-13],[-6,-33],[0,-28],[-18,0],[0,-156],[58,2],[1,-169],[-15,-1],[0,-338]],[[280439,637209],[-73,-1],[-29,-1],[0,60],[14,4],[-1,103],[-131,-7],[0,119],[-8,-1],[-18,-13],[-9,-11],[-2,-5],[-10,-48],[-10,-27],[-2,-14],[-8,0],[-10,-29],[-13,-43],[-13,-17],[1,-249],[-16,-3],[-65,-4],[12,-98],[-10,-25],[-11,-5],[-9,-17],[-2,-25],[-144,-6],[-5,2],[1,-259],[-58,-1],[0,-168],[-54,1]],[[279756,636421],[-117,3],[-207,4],[-28,0],[-1,1],[-56,3]],[[279347,636432],[-51,4],[-7,4],[-16,56],[-15,71],[-17,58],[17,68],[16,0],[28,-3],[0,161],[14,0],[1,91],[-1,8],[-10,33],[-21,58],[1,-20],[-57,1],[0,-81],[-4,-3],[1,-37],[3,-3],[0,-98],[-23,-51],[-36,125],[-11,28],[-18,44],[-14,48],[-1,-54],[-76,1]],[[279050,636941],[0,254],[19,0],[-19,63],[0,74],[10,29],[5,6],[32,-1],[0,32],[7,11],[-16,7],[-38,-2],[1,224]],[[277112,632814],[29,0],[0,-104],[4,2],[32,-39],[9,1],[17,10],[5,36],[11,30],[5,45],[1,33],[-1,38],[-4,25],[-8,2],[-3,10],[5,30],[6,3],[10,21],[-3,15],[7,13],[14,1],[7,9],[-1,27],[8,22],[-2,26],[-5,35],[5,24],[-2,16],[-4,16],[0,76],[-3,5],[0,34],[-11,8],[-4,11],[0,114],[-44,2],[0,72],[-15,5],[-9,9],[0,62],[-2,21],[-4,4],[0,84],[103,-3],[0,48],[30,-4],[6,-1],[1,-6],[8,0],[38,2],[11,-8],[9,4],[-1,20],[-12,87],[118,3],[43,-2],[12,0]],[[277528,633808],[1,-155],[-36,5],[-10,11],[-9,-13],[-14,-5],[0,-18],[4,-7],[-13,-24],[6,-26],[3,-37],[-2,-25],[3,-9],[7,19],[3,-12],[-2,-13],[4,-9],[10,15],[3,-2],[1,-50],[3,-39],[8,-24],[-1,-19],[-12,-20],[-13,-32],[-5,-5],[9,-5],[4,-22],[8,-26],[11,-5],[1,-23],[6,-38],[9,-12],[11,-48],[3,-42],[5,-27],[-63,0],[0,-33],[-5,-12],[-6,-4],[-14,9],[-24,3],[-10,-12],[7,-15],[1,-29],[3,-29],[-1,-44],[30,0],[2,-30],[0,-55],[-13,0],[-1,-62],[-5,-2],[0,-54],[-14,4],[-8,-12],[-38,3],[0,-109],[15,0],[-1,-27],[-15,1],[0,-236],[0,-20],[0,-186]],[[277197,631971],[1,107],[6,4],[0,51],[-2,4],[-5,25],[-12,27],[-14,17],[-33,101],[-12,64],[-9,41],[-6,21],[2,6],[0,36],[0,156],[-10,118],[9,65]],[[280596,631918],[18,0],[0,74],[5,0],[6,0],[0,5],[8,4],[0,14],[21,0],[3,-14],[2,8],[4,16],[18,-35],[1,-3],[2,-3],[1,-2],[2,0],[2,1],[5,3],[3,1],[5,8],[1,-4],[16,0]],[[280719,631991],[8,2],[0,-2],[3,0],[8,1],[1,0],[13,2],[5,1],[15,0],[14,1]],[[280797,631881],[1,-8],[-16,-39],[2,-8],[11,14],[-1,-3],[-11,-25],[5,-9],[-2,0],[0,-93],[1,-22],[0,-51],[0,-11],[14,-3],[0,-9],[-16,2],[0,-28],[15,-23],[-27,1]],[[280743,631575],[1,41],[3,2],[7,0],[0,17],[-5,9],[1,32],[-6,1],[1,8],[-6,0],[0,33],[3,0],[3,-9],[0,8],[3,0],[2,10],[0,5],[8,1],[0,22],[-2,6],[8,0],[1,36],[-4,-12],[-5,1],[-4,-23],[-2,0],[0,-16],[-5,-13],[-6,0],[1,15],[-6,1],[0,14],[3,14],[-8,6],[0,-7],[-6,-2],[0,4],[0,17],[6,0],[0,10],[-6,0],[0,14],[0,7],[-11,12],[0,-18],[-6,0],[-5,0],[0,-6],[5,0],[0,-14],[0,-8],[-3,0],[0,-72],[-3,0],[-1,-49],[-11,-7],[-7,-2],[-12,3],[-4,0],[-4,-10],[7,-14],[-1,-5]],[[280667,631637],[-7,12],[-24,24],[-7,19],[-8,39],[-5,40],[2,21],[2,-4],[6,15],[1,46],[-8,12],[-11,1],[-12,22],[0,10],[0,24]],[[277973,644386],[25,-1],[-1,254],[34,-2],[114,5],[0,130],[25,-4],[24,-8],[29,4],[-19,24],[5,1],[0,24],[97,6],[18,4],[55,2],[0,22],[-8,-17],[-48,-2],[-17,-4],[-2,3],[-13,47],[-4,34],[0,91],[33,1]],[[278320,645000],[162,0],[18,0],[60,0],[-1,169],[107,-2],[7,-62],[6,-20],[7,-10],[11,-35],[17,-31],[0,-8],[12,0]],[[278726,645001],[-4,-35],[17,-28],[13,-102]],[[278752,644836],[8,-88],[5,-82],[-87,8],[1,-169],[0,-86],[64,-8],[30,0],[1,-253],[-30,4],[-29,-4],[-2,0],[-4,17],[-17,-3],[-3,9],[-3,19],[0,48],[-5,-15],[2,-36],[-3,-10],[-8,5],[13,-31],[-1,-6],[13,9],[11,-8],[-5,-22],[-4,-29],[2,-17],[-1,-8],[0,-87],[-19,0],[0,-45],[0,-84],[-60,-4],[0,-87]],[[278621,643773],[-60,-11],[0,130],[-71,-2],[-1,99],[0,-99],[-46,-1],[-37,4],[-20,-3],[-5,-3],[-23,-32],[-29,30],[-7,74]],[[278322,643959],[0,8],[1,156],[-6,-15],[-7,-8],[-36,-5],[-34,-1],[-22,14],[-11,15],[0,11],[-35,-4],[-24,1],[-19,0],[-6,18],[-8,31],[-4,3],[-7,-4],[-16,-2],[0,-46],[-114,0],[-1,255]],[[281890,639613],[37,0],[60,3],[0,170],[-1,169],[59,2],[0,-168],[80,2],[20,111],[18,20],[0,33],[0,5],[15,0],[13,0],[17,0],[-3,-16],[6,-1],[-1,-18],[-5,0],[-11,-31],[2,-21],[-5,-33],[-9,-14],[-3,-25],[-5,-10],[48,1],[-1,101],[14,0],[0,-12],[14,0],[1,-44],[43,1],[0,45],[1,34],[3,43],[-12,0],[10,9],[28,69],[0,6],[-4,1],[11,44],[5,1],[-2,14],[6,-2],[0,-39],[19,-1],[1,5],[4,9],[6,12]],[[282369,640088],[-1,-13],[-2,-20],[0,-9],[0,-33],[-1,-8],[-1,-31],[5,-18],[4,-2],[8,-29],[2,-14],[3,-26],[7,-30],[15,-18],[11,6],[15,-13],[2,-4],[19,-89],[1,-7],[6,-20],[12,-25],[7,-4],[13,4],[12,-12],[9,0],[11,0],[9,-30],[12,8],[14,52],[4,2],[11,-17],[18,-29],[9,3],[4,8],[1,9]],[[282608,639679],[6,28],[4,8],[4,-5],[4,-32],[5,-4],[7,13],[17,14],[6,1],[5,-9],[6,-35],[2,-28]],[[282322,635363],[0,17],[10,-6],[10,-1],[0,66],[0,4]],[[282342,635443],[3,6],[15,8],[13,23],[2,48],[7,27],[1,16],[-17,29],[-2,17],[-1,8],[-3,14],[0,26],[4,16],[2,0],[3,18],[6,17],[10,7],[5,-5],[5,-1],[6,-1],[1,16],[-2,2],[0,2],[1,29],[2,6],[8,5],[13,-11],[1,-5],[-2,-23],[4,-4],[10,26],[2,-1],[8,-1],[5,4],[4,0],[5,-11],[10,1],[5,13],[3,8],[12,-23],[4,-9],[21,-6],[5,18],[0,-3]],[[282521,635749],[0,-46],[0,-3],[0,-3],[0,-36],[19,0],[-2,23],[4,-1],[0,-84],[0,-35],[0,-53],[-5,-66],[-4,-34],[-13,-71],[0,-26]],[[282520,635314],[-3,0],[-11,-58],[4,0],[-1,-8],[-8,-16],[4,-4],[0,-58],[13,1],[1,-80],[-19,0],[-7,4],[-3,-23],[15,1],[0,-148],[-11,0],[-1,-12],[-18,0],[-1,5],[-2,2],[-4,2],[-1,3],[-6,-1],[-1,-11],[-30,-1],[0,-289]],[[282430,634623],[0,-4],[-30,0],[0,-87],[-14,7],[-12,-23],[-33,25]],[[278300,631739],[1,24],[-1,8]],[[278300,631771],[49,-2],[4,82],[5,1],[0,166],[12,3],[0,0],[4,48],[5,28],[2,1],[6,-13],[9,-40],[21,-27],[-1,-168],[131,-7],[2,-2],[3,11],[5,2],[1,73],[14,-1],[1,170],[58,-3],[-1,-339],[2,0],[55,-3],[31,-1],[0,254],[29,0],[31,0],[2,-11],[16,0],[3,-24],[0,-24],[6,-6],[6,10],[11,-13],[2,-19],[115,-2],[7,-22],[0,18],[10,-4],[0,-23],[11,-1],[0,-54],[51,0],[0,-43],[10,0],[0,-19],[-6,-23]],[[278953,631230],[-3,-2],[-49,1],[-14,0],[-61,1]],[[281713,616079],[14,1],[14,42],[8,-1],[0,44],[3,13],[3,-12],[0,34],[-15,35],[3,21],[9,13],[-1,14],[5,6],[5,-27],[7,2],[11,16],[1,8],[11,26],[-8,38],[13,38],[-3,17],[0,41],[40,90],[12,24],[-7,27],[9,21],[-6,25],[-8,20],[-5,3],[12,25],[-13,49],[-4,-8],[-2,11],[3,8],[-10,46]],[[281814,616789],[7,13],[10,-12],[18,6],[11,25],[2,18],[9,36],[6,2],[3,-25],[14,34],[16,1],[3,9],[4,9],[2,4],[3,5],[13,25],[7,16],[6,54],[-2,18],[-7,27],[-2,28],[0,25],[5,18],[2,94],[-1,25],[-3,9],[-3,48],[11,-40],[2,-47],[1,-21],[8,20],[26,-109]],[[281985,616114],[5,20],[6,35],[-2,9],[-19,7],[-7,-16],[-15,65],[1,24],[-9,11],[-8,-4],[4,-71],[-10,-20],[-7,69],[-7,-16],[-7,26],[-13,-29],[19,-81],[-8,-7],[-1,5],[-4,-5],[-2,0],[-3,5],[-1,-12],[-1,-4],[-1,-5],[-2,-1],[-10,5],[-2,15],[-11,9],[-2,6],[3,25],[-1,9],[-2,-2],[-9,2],[-1,6],[2,11],[-4,13],[-3,-3],[2,-18],[-5,-11],[-6,21],[-4,0],[-4,9],[0,10],[2,6],[-5,19],[-24,-52],[-11,-35],[1,-39],[9,-42],[3,-11],[3,-20],[-2,-54],[-7,0],[-4,-9],[9,-75],[6,-134],[-8,-20],[-5,-10],[-1,-10],[-63,-1],[-4,0]],[[276456,635303],[67,1],[-4,21],[-1,25],[-6,32],[-4,45],[-8,39],[-4,9],[147,3],[63,7],[58,-2],[29,1],[2,-23],[12,-27],[12,-38],[8,-7],[1,-24],[-5,-84],[-7,-80],[-1,-83],[-4,-78],[-3,-30],[-8,-26],[-15,-30],[-10,-16],[-7,-26],[0,-13],[2,-18],[6,-20],[13,-26],[1,-15],[-2,-19],[-14,-39],[-6,-23],[-7,-45],[-4,-30]],[[276757,634664],[-1,-34],[0,-67],[5,-184],[1,-11],[0,-81],[6,-44],[11,-43],[1,-55],[-3,-63],[-6,-65],[-4,-27],[-7,-28],[-14,-40],[-5,-30],[2,-14]],[[276743,633878],[-6,-1],[-14,25],[-9,9],[-7,-1],[2,74],[0,70],[-31,0],[-1,305],[-10,-1],[-19,-79],[0,33],[-60,-7],[0,45],[-59,-1],[-6,29],[-5,12],[-9,3],[-7,-5],[-12,1],[-13,15],[-6,17],[-3,27],[-6,14],[-7,29]],[[276455,634491],[0,2]],[[280717,632991],[7,0],[4,0],[4,0],[4,1],[18,1],[13,1],[1,22],[4,5],[-3,58],[1,0],[4,-55],[2,-30],[5,4],[2,1],[2,-11],[5,-3],[-3,22],[-5,32],[1,2],[2,-13],[2,-11],[3,-23],[12,-1],[0,12],[5,-6],[0,-6],[6,0],[15,0],[0,11],[14,0],[0,-11],[5,0],[2,8],[7,0],[3,-2],[2,2],[8,0],[0,-8],[3,1],[29,-1],[0,1]],[[281063,632995],[0,-84],[2,-67],[-1,-35],[0,-17],[0,-10]],[[281064,632782],[-5,1],[0,27],[-12,4],[0,-30],[-3,-9],[-14,-5],[-4,-6],[-2,-4],[-8,-1],[-13,22],[-2,14],[-6,-3],[-6,-26],[-10,-17],[-7,7],[-2,-61],[-10,0],[-1,-10],[-13,-8],[0,-12],[-5,0],[-10,0],[0,-34],[-4,-5],[-9,-24],[-4,-10],[-16,-5],[-11,-11]],[[280887,632576],[-3,7],[-2,-5],[-19,0],[1,6],[-6,20],[-1,-17],[-16,0],[-8,-9],[-5,-1],[-15,0],[-3,1],[-8,-1],[-4,0],[-11,0],[0,4],[-7,0],[0,-4],[-6,-1],[-4,-6],[-3,0],[0,5],[-2,0],[0,3],[-2,-1],[0,-3],[-1,0],[1,-4],[-13,-1],[-9,0],[-15,-1],[-1,0]],[[280725,632568],[-2,7],[0,36],[-2,42],[1,48],[-3,4],[0,5],[-1,50],[5,20],[4,0],[0,31],[-3,3]],[[280724,632814],[3,0],[0,28],[-5,10],[-2,26],[3,22],[-4,52],[-2,39]],[[276585,653694],[4,0],[22,-1],[3,0],[0,85],[14,-1],[0,43],[45,-1],[-1,117]],[[276672,653936],[39,68],[9,-11],[7,-60],[1,-11],[5,-54],[0,-52],[1,-6],[13,-35],[14,42],[-8,37],[-1,13],[-5,54],[-3,34],[24,67],[20,51],[21,-17],[7,-5],[16,-49],[9,-44],[-9,-22],[-7,-18],[-5,-12],[5,-18],[12,-41],[1,-5],[-38,-126],[-7,-7],[-28,-29],[-4,-4],[-10,-11],[-1,-13],[6,-6],[7,-52]],[[276763,653594],[0,-20],[0,-41],[2,-18],[1,-20],[0,-25],[0,-23],[-1,-74],[1,-187],[-1,-11]],[[276765,653175],[-2,-1],[-2,1],[-2,0],[-2,0],[-5,1],[-21,-15],[-8,-8],[-13,3],[-12,51],[-9,14],[-7,-3],[-7,-33],[0,-38]],[[276585,653232],[0,16],[0,22],[0,22],[0,43],[0,63],[0,85],[0,82],[0,128],[0,1]],[[280480,616639],[13,0],[2,11],[14,0],[0,23],[20,10],[-2,14],[-15,45],[-14,55],[1,38],[-3,18]],[[275629,624596],[65,-42],[8,0],[1,-170]],[[275703,624384],[-14,-1],[2,-167],[14,-6],[1,-168],[0,-63],[1,-25],[0,-85]],[[286158,627094],[13,-11],[4,-4],[3,-5],[13,-13],[33,-7],[51,-7],[1,50],[1,-5],[15,-7],[0,-12],[17,-4],[-2,-66],[12,5],[0,15],[11,-3],[4,4]],[[286334,627024],[-1,-37],[0,-23],[-4,-153],[-1,-18],[0,-22],[0,-16],[-1,-19],[-1,-53],[-1,-18],[-1,-43],[-1,-52],[-1,-29],[-1,-73],[-2,-62],[0,-13]],[[286319,626393],[-29,2],[0,-7],[-4,-18],[-9,7],[-3,-15],[-10,-2],[0,22],[-5,10],[-13,-34],[-17,-42],[-3,2],[-9,-21],[-8,8],[1,16],[-5,4],[0,-27],[-6,-1],[0,-14],[-25,1],[-5,-13],[-10,-14],[-21,-22],[-2,-1],[1,-27],[-4,2],[1,-30],[1,-11],[3,-4],[0,-23],[-3,-25],[-28,22],[-1,-15],[-11,9],[2,15],[-13,1],[-5,8],[1,17],[-3,1],[-33,14],[-2,1]],[[286042,626189],[6,50],[-15,130],[0,2]],[[284919,640518],[0,206]],[[284919,640724],[56,-1],[0,-86],[29,-1],[13,-1],[0,-73],[15,-1],[3,-54]],[[285035,640507],[0,-174],[0,-39],[4,-13],[29,0],[0,7],[1,6],[1,-61],[4,0],[-5,-51],[-10,1],[-1,-60],[-14,0],[-34,0],[1,-77],[24,0],[0,-94],[28,0],[3,-9],[6,-17],[12,-21],[10,-10],[7,13],[4,-5],[8,6],[14,-3],[9,-7],[4,19],[13,-2],[0,-134],[6,0],[10,15],[0,30],[-4,8],[-1,23],[-5,12],[-4,42],[8,10],[20,-4],[7,-8],[6,4],[16,-2],[5,-22],[6,-10],[14,-1],[0,-97],[34,0],[0,-170],[1,-84]],[[285272,639528],[-1,-111],[-19,-1],[0,-59],[-10,0],[-30,0],[0,-162],[19,-32],[5,-28],[-2,-22],[8,-6],[5,-8],[7,-19],[18,11],[-1,-65],[1,-16],[-6,4],[-2,-285],[61,0],[0,168],[3,3],[2,18],[4,8],[9,0],[4,-20],[8,-18],[8,-22],[12,-13],[6,-34],[2,-25],[9,0],[3,7],[3,33],[59,-34],[-1,-267],[-1,-28],[-5,-29],[-5,-17]],[[285445,638459],[-17,0]],[[285398,638460],[-67,0],[-15,1],[0,-168],[-30,1],[-27,1],[0,167],[-53,1],[-55,1],[0,-169],[-38,1],[6,-44],[2,-57],[10,-69],[-10,1],[-1,-169],[-44,2],[0,-170]],[[285076,637790],[-44,1],[0,170],[-29,0],[0,127],[0,127],[-32,1],[0,-77],[-26,-1],[0,78],[-31,0]],[[284914,638305],[0,58],[0,108],[-1,334],[0,182],[0,63],[0,107],[0,60],[1,359],[1,176],[0,33],[2,225],[2,200],[0,86],[0,220],[0,2]],[[281016,653961],[25,17],[34,19],[6,-29],[13,-23],[9,6],[3,15],[-4,30],[-11,11],[-1,23],[9,24],[16,-27],[10,-7],[2,-98],[7,-3],[13,31],[15,-16],[2,-3],[7,-4],[7,-5],[18,24],[0,2],[8,8],[2,2],[2,-1],[2,-7],[14,-52],[7,0],[4,22],[-3,37],[0,13],[5,17],[4,5],[1,1],[12,-20],[8,-1],[3,8],[0,23],[-5,19],[1,34],[7,21],[3,14],[10,6],[5,-6],[17,5],[8,11],[1,1],[7,4],[15,-6],[18,28],[11,20],[11,-2],[1,0],[5,-2],[52,-8],[3,4],[9,-1],[18,-19],[21,16],[14,25],[10,3],[16,6],[6,28],[-2,15],[3,24],[22,22]],[[281552,654265],[0,-6],[7,-1],[7,-7],[20,-20],[12,19],[3,-8],[4,3],[3,-20],[0,-48],[0,-3],[0,-38],[0,-76],[-30,-2],[0,-34],[-14,0],[4,-34],[1,-17]],[[281017,653766],[0,4],[0,29],[-1,140],[0,18],[0,4]],[[275474,628247],[6,0],[5,-19],[6,2],[5,-14],[2,-43],[14,-22],[5,-26],[11,-6],[5,3],[8,-12],[8,4],[7,-11],[-1,28],[6,50],[0,20],[-4,9],[2,31],[2,14],[58,9],[-1,85],[28,4],[2,0],[87,7],[87,4],[-2,211],[71,4],[6,-5],[5,13],[1,18],[6,18],[91,8],[-2,-40],[11,-5],[-2,-4],[8,-26],[0,-28],[6,-22],[18,-5]],[[276039,628501],[0,-123],[58,0],[0,-126],[73,-2],[0,-168],[77,0],[2,-40],[3,2],[-4,-26],[0,-94],[-6,-26],[0,-153],[0,-106],[6,-14],[8,-48],[169,-1],[5,-22],[8,-18],[8,-34],[1,-15],[11,-33]],[[276458,627454],[0,-30],[0,-360],[-1,-46],[0,-133],[0,-136],[0,0]],[[276457,626749],[-2,-1],[-15,48],[-10,10],[-11,0],[-6,-9],[-11,-51],[-1,-14],[-2,-38],[-12,-33],[-20,-19],[-41,30],[-34,-48],[-13,-41],[-3,-20],[-21,-117],[-12,-41],[-16,-87],[-21,-29],[-24,-17],[-2,-35],[6,-29]],[[276186,626208],[-5,12],[-24,-1],[-6,-40],[-8,-3],[-1,-16],[-1,-79],[-5,-30],[-9,0],[3,-34],[4,-9],[-3,1],[-62,0],[1,208],[-85,6],[-1,-493],[-5,48],[-5,3],[0,14],[-9,23],[-8,-10],[-10,-2],[-10,-16],[-15,28],[-3,10],[3,14],[-3,10],[2,24],[-4,14],[7,22],[-10,17],[0,21],[-7,20],[-7,7],[-8,34],[3,15],[4,3],[12,22],[12,3],[3,24],[-4,23],[-7,3],[-2,13],[-9,19],[-14,19],[-5,27],[-8,18],[-2,23],[-4,0],[-4,16],[0,25],[-13,4],[-8,26],[-14,0],[-17,22],[1,-80],[-2,-5],[11,1],[6,-23],[9,-11],[3,-11],[2,-31],[10,-30],[3,-29],[9,-26],[10,-5],[7,-17],[-3,-17],[-12,-6],[0,-143],[11,0],[3,-27],[1,-58],[20,1],[16,-18],[6,-14],[-9,-5],[-5,-25],[-7,-7],[-5,13],[-6,38],[-12,-3],[-12,9],[0,-72],[14,0],[0,-39],[-14,0],[0,-45],[14,0],[0,-63],[-29,-2],[0,64],[-25,-12],[-21,-38],[-19,-51]],[[275790,625529],[-1,156],[4,24],[-2,41],[4,28],[-3,39],[-3,14],[-1,7],[-4,317],[-14,-2],[-15,-1],[-29,-2],[2,32],[-3,54],[3,16],[-3,11],[-6,-1],[-5,16],[-4,27],[-1,57],[16,-1],[21,3],[8,-11],[0,102],[18,0],[0,38],[8,1],[-1,86],[-1,77],[-34,0],[-7,27],[-6,9],[-11,-15],[-3,-5],[-21,10],[-5,30],[-3,33],[-8,1],[-7,-9],[-11,-2],[0,75],[14,1],[-1,54],[3,19],[-5,33],[-1,14],[-13,12],[-3,6],[-20,0],[-76,-111],[-2,142],[-43,-4],[-1,118],[1,9],[1,6],[-1,18],[-1,15],[-1,69],[12,-21],[8,-23],[8,5],[0,147],[-2,170],[-57,-6],[-1,42],[-73,-11],[0,41],[-14,-1],[-2,146],[4,4],[2,39],[17,5],[12,44],[2,20],[13,45],[1,46],[16,2],[-1,85],[18,-9],[-2,265]],[[278855,621796],[4,-1],[0,31],[5,0],[0,12],[16,1],[1,32],[11,-4],[7,-16],[-15,-39],[-10,-19],[-11,-33],[-6,6],[-2,30]],[[278212,623560],[6,26],[4,1],[13,-13],[8,6],[8,17],[5,37],[-7,14],[-14,-2],[-8,7],[-16,24],[-12,1],[-1,5],[10,31],[6,-6],[6,0],[3,12],[-3,19],[1,28],[-7,22],[-10,0],[-4,9],[1,13],[11,32],[3,27],[2,47],[0,57],[7,46],[0,39],[-4,10],[-1,31],[-12,11],[10,4],[7,10],[8,-1],[7,11],[12,44],[6,24],[4,38],[5,14],[23,9],[10,10],[7,-5],[9,-22],[9,-1],[7,5],[19,33],[3,10],[32,144],[7,43],[6,32],[0,-14],[-6,-21],[-3,-40],[0,-17],[6,-23],[4,0],[17,30],[-10,28],[4,17],[7,0],[8,-15],[5,3],[5,12],[1,45],[3,32],[0,67],[-2,31]],[[278625,624565],[2,-390],[12,19],[18,9],[-1,-144],[-1,-2],[-5,0],[3,-69],[-14,-53],[-7,-15],[-3,-18],[0,-14],[-1,-63],[3,17],[12,6],[4,9],[8,-1],[17,17],[6,-7],[9,18],[9,10],[5,17],[8,5],[5,12],[6,1],[19,-117],[6,-12],[-7,-24],[-11,-4],[-8,5],[-10,24],[-12,-4],[-8,-17],[-9,2],[-13,-10],[0,-12],[-11,-5],[-3,-20],[0,-10],[-3,-20],[-12,-39],[-5,-2],[-5,28],[1,25],[-1,7],[0,-87],[2,0],[0,-101],[11,-2],[2,-20],[0,-93],[-6,2],[0,-22],[7,-44],[10,-38],[18,30],[6,22],[-2,22],[13,-3],[2,16],[6,1],[5,-16],[5,-26],[11,-37],[9,17],[7,-4],[8,14],[4,-8],[10,15],[1,17],[8,7],[2,-11],[6,5],[1,17],[7,26],[8,18],[10,5],[16,-13],[7,9],[1,-12],[5,-3],[10,9],[8,-1],[4,-5],[4,-26],[12,-23],[10,6],[15,-11],[3,-4],[12,-40],[5,-7],[9,7],[15,1],[4,17],[11,-50],[15,-28],[13,15],[13,24],[6,-4],[13,3],[14,10],[10,0],[-2,-16],[-8,-22],[-10,-39],[-24,-62],[-4,-21],[10,-3],[12,-11],[33,-1],[8,-17],[5,22],[1,42],[5,11],[0,30],[-4,25],[6,29],[-1,19],[14,21],[6,0],[10,22]],[[279091,623349],[0,-339],[-6,-25],[-6,-3],[-18,-30],[-11,9]],[[278930,621911],[-8,0],[0,-41],[-14,4],[-7,-19],[1,19],[0,37],[-15,0],[0,86],[7,1],[0,43],[-7,0],[0,42],[-29,0],[0,85],[-43,2],[-3,12],[-7,-14],[-13,40],[-3,-1],[-4,24],[-8,12],[0,22],[-4,11],[-15,-1],[0,-69],[14,0],[0,-254],[43,0],[0,-126],[-14,-1],[0,-32],[-17,-6],[-7,-9],[-14,-25],[-9,-11],[-8,-2],[-32,1],[0,39],[-8,2],[0,23],[-7,0],[0,-23],[-13,1],[0,84],[-28,0],[-1,-84],[-29,0],[0,-130],[16,46],[14,-1],[0,39],[205,0],[0,11],[12,0],[-3,4],[12,6],[9,16],[18,15],[18,-7],[10,11],[13,-24]],[[278945,621575],[-58,-1],[-144,-1],[-115,0],[-50,-1],[-137,-1],[-10,0]],[[278431,621571],[0,38],[-8,10],[-9,21],[3,50],[-8,12],[-6,21],[0,-49]],[[278403,621674],[-4,0]],[[278399,621674],[-7,13],[-6,1],[-4,3],[-5,6],[-12,24],[-5,-7],[-7,-18],[-6,-3],[0,46],[-9,4],[-10,13],[-2,7],[-15,-27],[-11,-4],[-6,9],[-7,2],[-12,20],[-2,23],[2,34],[-9,22],[2,16],[-3,10],[0,18],[-15,-33],[-7,4],[-3,63],[-2,10],[3,27],[5,36],[0,15],[-7,36],[14,0],[2,-11],[9,-12],[0,7],[10,20],[6,19],[6,7],[1,48],[2,35],[0,81],[-1,81],[-10,4],[-9,-6],[-10,-22],[-12,8],[-15,-17],[0,126],[-7,-7],[-3,-23],[1,-22],[-2,-13],[-10,-34],[-10,-22],[-9,-9],[-9,2],[-8,16],[-8,31],[-4,0],[-23,-85],[-12,-35],[-3,-13],[-7,-65],[0,-28],[5,-25],[1,-25],[-6,-27],[-25,-39],[-5,-23],[-4,-30],[6,-48],[-3,-18],[-19,-22],[-11,-2],[-10,7]],[[278047,621853],[6,98],[0,22],[2,422],[0,318],[0,81]],[[278055,622794],[0,98],[2,23],[11,69],[2,39],[-58,17],[0,93],[30,2],[16,2],[3,-15],[9,-9],[-1,274],[9,5],[23,-1],[3,-35],[3,-60],[1,-88],[10,-48],[5,-51],[5,-15],[8,4],[9,-15],[8,19],[11,-9],[5,-10],[10,-2],[7,9],[13,-5],[9,4],[1,-21],[-4,-16],[2,-16],[13,63],[1,23],[-5,41],[-6,-5],[-6,17],[-4,27],[3,25],[-1,22],[-10,5],[-4,-7],[-6,-8],[-4,-4],[-6,2],[-2,13],[1,19],[12,12],[9,14],[3,15],[1,51],[-8,17],[-1,12],[2,20],[7,12],[9,8],[3,22],[-1,51],[2,39],[3,18]],[[276133,652716],[1,25],[3,14],[4,10],[9,9],[12,6]],[[276170,652561],[-7,0],[-16,-3],[-14,0],[0,-33],[-15,0],[0,-48],[0,-42],[13,-1],[3,0],[0,-86],[0,-40]],[[276134,652308],[-3,0],[-12,-1],[-15,0],[-8,0],[-3,0],[-10,0],[-4,0],[-4,0]],[[280236,651375],[1,23],[0,18],[4,0],[8,7],[0,-6],[4,1],[14,0]],[[280267,651418],[0,-28],[-9,0],[25,-6],[4,3],[2,-33],[-23,0],[-6,-10],[-2,-16],[1,-56],[-19,-4],[3,79],[-3,0],[-5,8],[1,20]],[[275676,625292],[40,7],[12,1],[5,0],[14,-46],[4,3],[23,-28],[6,-1],[9,-1],[3,-6],[9,-3],[3,-13],[5,-13],[4,-15],[5,-10],[8,-2],[2,-16],[37,-291],[3,-18],[0,114],[32,0],[9,-30],[0,-9],[-14,0],[0,-45],[31,-2],[11,0],[-1,86],[29,-1],[10,-1],[9,1],[0,-255],[27,0],[19,0],[39,-1],[-1,-167],[11,1]],[[276079,624531],[-16,-43],[-8,-67],[-2,-6],[-6,2],[-3,36],[-5,7],[0,18],[-5,39],[-1,17],[-4,21],[-5,8],[-14,-3],[-1,-40],[-6,6],[-7,-10],[-12,-33],[0,-121],[0,-37],[7,-40],[-94,-2],[0,77],[33,-1],[-97,98],[-22,15],[0,-109],[-26,1],[-9,7],[-10,14],[-3,1],[-60,-2]],[[275629,624596],[-1,173],[-66,-6],[-1,167],[58,6],[-2,340],[59,6],[0,10]],[[288126,655941],[-36,-8],[-38,34],[-17,13],[-15,14],[-12,10],[-3,3],[0,24],[-1,51],[0,18],[-7,-1],[-22,-1],[-6,-1],[-25,-2],[-2,84],[0,41],[16,4],[-1,128],[-1,136],[18,26],[6,3],[6,14],[0,76],[-106,-5],[-60,-3]],[[287820,656599],[-2,168],[0,1]],[[283178,636620],[-9,-21],[-15,-14],[-17,-12],[-14,-11],[-8,-5],[-1,-14],[-6,0],[0,9],[-10,-7],[-21,-14],[-21,-14]],[[283056,636517],[0,20],[-17,17]],[[283039,636554],[4,16],[22,23],[4,14],[5,16],[3,3],[11,-2],[9,17],[4,12],[-1,7],[-7,36],[-2,26],[14,15],[16,-17],[3,-14],[5,-7],[7,-18],[4,-16],[23,18],[5,-47],[10,-16]],[[280994,627148],[-5,-52],[1,-50],[-6,-51]],[[280984,626995],[-12,-15],[-6,8],[-17,-3],[-7,18],[-8,6],[-9,26],[-7,8],[-6,20],[-6,1],[-2,14],[-6,-1],[-7,12],[-8,0],[0,-155],[0,-29],[-15,-1],[4,-16],[0,-21],[-33,-2],[0,15],[-4,-14],[-6,-1],[0,14],[-11,-9],[6,-17],[0,-158],[-51,-4],[-14,1],[3,-16],[7,-19],[0,-7],[-17,-2],[0,-44],[-7,-1],[0,-129],[-1,-43],[-14,-5],[1,-83],[-29,-2],[0,-27],[-8,2],[-3,-30]],[[280611,626203],[-12,-1],[0,50],[-6,-6],[-11,-1],[3,28],[2,37],[-14,-11],[-13,-1],[0,30],[24,2],[-1,86],[0,87],[11,1],[0,35],[3,0],[0,141],[-29,-1],[0,46],[26,-8],[0,42],[-9,0],[0,8],[-17,0],[0,86],[15,1],[0,86],[-15,0],[0,47],[18,-7],[12,-13],[0,149],[-12,-12],[-16,6],[-9,-15],[0,16],[-8,0],[0,42],[-30,0],[0,-40],[-14,0],[0,-48],[-27,-1],[-3,39],[1,40],[-1,29],[4,23],[-19,-1],[0,48],[18,53],[24,90],[24,119],[23,75],[-1,91],[-26,0],[-4,-3],[14,21],[2,29],[4,20],[8,7],[3,18],[0,27],[6,25],[8,1],[4,11],[10,-1],[10,18],[8,-7],[3,-12],[18,15],[7,-1]],[[285993,641661],[66,0],[-1,173],[27,1]],[[286085,641835],[2,0],[1,145],[16,-3],[9,-9],[4,-32],[1,-16],[59,0],[0,88],[125,-1],[8,8],[1,-94],[4,-7],[11,-5],[7,12],[9,34]],[[286342,641955],[1,-7],[12,-31],[0,-85],[0,-128],[51,2],[1,-127],[0,-85],[-39,-1],[4,-25],[14,-2],[-1,-56],[10,-33],[6,-59],[0,-24],[6,-28],[-7,-46],[8,6],[5,-5],[8,-33],[2,5],[0,-9],[4,-27],[8,-5],[-1,-20],[-6,-18],[15,1],[0,-42],[10,0],[0,-117],[14,0],[0,-10],[13,1],[2,-27],[0,-25],[-44,-16],[0,-18],[-6,-1],[0,-42],[-3,-1],[28,2],[28,0],[0,-92],[-15,-12],[1,-17],[7,-15],[0,-25],[-2,-14],[7,-21],[-4,-36]],[[286479,640587],[-23,-1],[1,-16],[-32,0],[0,87],[-15,-1],[0,-84],[-54,3],[0,-60],[5,-19],[48,-184],[-53,-1],[0,79],[-23,-1],[0,-17],[-3,-31],[1,-10],[-4,-22],[4,-28],[-3,-54],[-2,-13],[1,-43],[-6,-14],[1,-23],[-26,-1],[0,-84]],[[286296,640049],[-55,0],[-4,68],[-4,15],[1,17],[-20,0],[1,43],[19,0],[3,110],[0,42],[-14,1],[-5,-13],[-12,-2],[-1,-17],[4,-37],[-8,-35],[4,-22],[-3,-16],[-10,7],[-3,-19],[-9,-22],[1,-13],[-2,-24],[-119,-2],[-64,-1]],[[285996,640129],[0,127],[0,123],[0,41],[0,29],[-1,275],[-4,-2],[-2,4],[0,10],[0,47],[6,0],[-1,27],[0,171],[-1,161],[0,519]],[[287349,650010],[1,-174],[30,1],[29,3],[9,-2],[51,1]],[[287469,649839],[0,-170],[65,1],[1,-170]],[[287535,649500],[2,-169],[54,2],[0,-85],[-54,-2],[0,-30],[-6,7],[0,-63],[-60,-1],[0,134],[-29,35],[-30,-1],[-22,2],[-76,-3]],[[287185,649323],[-38,0],[1,26],[-4,0],[-2,143],[-29,0]],[[279844,615827],[9,100],[7,23],[12,-4],[9,27],[5,8],[1,23],[7,53],[4,10],[0,49],[-5,49],[40,-4]],[[275687,639206],[59,3],[0,-50],[56,-6],[27,0],[2,-128],[31,1],[2,-160],[116,3],[10,0],[2,0],[2,0],[2,-4],[1,4],[-1,42],[-3,10],[-8,3],[-6,14],[-1,32],[2,5],[3,2],[1,6],[1,5],[4,3],[-3,0],[0,8],[-1,4],[-5,5],[-1,14],[-2,7],[-3,4],[11,40],[0,32],[6,2],[13,-115],[6,-42],[15,-1],[10,-1],[59,3],[7,-1],[25,2],[106,9],[-3,171],[45,4],[-3,103],[-1,66],[150,8],[-1,84],[29,3],[9,-55],[13,-29]],[[276470,639316],[-1,-423],[-1,-172],[-2,-509],[-1,-315]],[[276465,637897],[-1,-22]],[[276464,637875],[-117,-11],[-1,124],[-16,44],[-91,-5],[-12,0],[-6,-1],[-3,37],[-6,32],[-23,100],[-83,-7],[-3,4],[-45,-1]],[[276058,638191],[-2,24],[-11,15],[0,45],[-60,1],[1,208],[-5,15],[-20,-6],[-5,-6],[-12,-46],[-14,-23],[-3,-30],[0,-30],[-117,1],[1,-61],[-15,-9],[-12,-27],[-11,-50],[1,-25],[-19,-1],[-2,178],[-43,-1],[-1,-43],[-44,-2],[-1,83],[15,6],[-2,124],[15,1],[-1,172],[-37,-6],[-16,0],[-6,3],[-148,-8]],[[275484,638693],[-2,333],[44,3],[135,8],[28,1],[-2,168]],[[286471,633438],[49,2],[25,0]],[[286523,632837],[-6,10],[-16,41],[-4,23],[-2,3],[-6,44],[-1,6],[13,48],[1,16],[1,27],[1,21],[2,77],[-9,18],[-6,20],[-3,31],[-2,21],[-2,56],[5,47],[1,43],[-3,15],[-10,9],[-6,25]],[[285877,633211],[5,-8],[0,-25],[14,0],[0,-16],[7,0],[0,46],[2,-13],[12,0],[0,34],[-7,0],[0,7],[-5,0],[0,14],[-3,0],[0,43]],[[285902,633293],[0,22],[-1,85],[1,4],[8,1],[-1,94],[58,1]],[[285967,633500],[34,1],[25,-6],[0,7],[60,0],[1,-84],[30,1],[-3,7],[1,13],[-1,152]],[[286114,633591],[36,1],[30,1],[22,1]],[[286202,633594],[1,-44],[1,-125],[2,0],[0,-13],[8,0],[0,-43],[-5,-1],[0,-33],[0,-82],[-3,0],[0,-177],[59,2],[0,-2]],[[286325,631738],[2,-174],[-43,-5]],[[286284,631559],[-14,-1],[-10,-1],[-10,90],[-1,20],[-8,-5],[0,-20],[-40,-1],[-1,-45],[-10,-9],[2,-31],[-9,0],[0,-57],[-10,0],[0,-28],[-15,0],[-33,8],[0,49],[-3,27],[-27,-1],[-3,16],[-11,0],[0,40],[-15,-1],[0,32],[-10,0],[0,64],[-14,-1],[0,16],[-6,0],[-51,-1]],[[285985,631719],[-2,14],[2,28],[23,1],[-1,42],[-9,0],[-1,76],[-2,8],[-17,0],[-1,254],[-7,0],[-60,-176],[3,79],[5,69],[-1,26],[-8,0]],[[285909,632140],[0,88],[-1,149],[-1,89],[-27,-1],[0,8],[12,-1],[4,15],[0,42],[11,13],[-1,179],[-2,336],[-27,-1],[-2,7],[0,21],[5,10],[-6,79],[3,38]],[[279850,630431],[5,4],[3,-30],[5,2],[13,-29],[6,1],[2,-9],[8,16],[1,-14],[6,-13],[2,-59],[38,1],[0,9],[6,14],[0,-13],[9,1],[4,12],[0,-22],[-4,-2],[0,-64],[15,0],[15,-4],[0,-15],[21,-1],[8,-7],[0,-16],[17,-2],[-2,-22],[0,-76],[4,-3],[0,-25],[4,-18],[6,1],[1,0],[27,2],[2,0],[2,0],[9,1],[8,5],[13,0]],[[280104,630056],[21,2],[2,0],[-9,-31],[-4,-22],[0,-2],[-2,-10],[-2,-22],[7,1],[0,-15],[-2,0],[0,-5],[2,-1],[0,-14],[14,1],[0,35],[13,2],[10,-26],[1,-11],[10,-8],[15,1],[0,-40],[5,0],[0,-36],[22,0],[17,-4],[0,-40],[15,1],[14,1],[8,0],[0,-63],[1,-1],[14,1],[-8,-26],[0,-35],[15,-2],[0,-37],[24,0],[2,-9],[2,15],[27,0],[0,16],[0,20],[-8,-1],[0,15],[11,6],[0,22],[-3,16],[20,0],[2,-3],[3,47],[8,8],[6,-4],[3,22],[5,47],[5,28],[1,12],[0,20],[6,23],[4,4],[13,-3],[4,-8],[1,15],[5,23],[0,25],[-1,6],[-8,-3],[9,43],[1,28]],[[280425,630080],[6,1]],[[280431,630081],[0,-345]],[[280431,629736],[-3,0],[1,-152]],[[280048,628897],[9,42],[8,1],[8,17],[-4,17],[1,0],[2,56],[0,25],[5,32],[-1,3],[-9,4],[-6,13],[1,-25],[8,0],[0,-12],[-3,-4],[0,-20],[-5,0],[0,14],[-7,5],[0,-110],[-4,-29]],[[279730,629698],[2,27],[4,15],[1,2],[4,27],[16,14],[5,18],[0,67],[-23,-1],[-9,-14],[-10,-27],[0,-16],[-2,228],[-1,52],[15,-2],[0,39],[14,-1],[0,17],[9,-5],[4,12],[0,46],[7,0],[0,13],[6,1],[0,170],[19,1],[60,1],[-1,49]],[[280779,636540],[5,10],[13,14],[12,1],[8,10],[52,0],[0,-171],[51,2],[0,77],[1,93],[11,0],[0,-169],[30,0],[0,169],[30,0],[0,-170],[21,0],[5,27],[2,-4],[7,28],[8,7],[0,28],[4,17],[-4,11],[-3,22],[4,33],[42,0],[0,-38],[19,-4],[24,0],[1,93],[9,0],[-1,35],[7,-1],[-1,85],[23,0],[2,34],[5,15],[0,84],[5,-8],[10,-45],[-1,-14],[-13,-16],[-4,-28],[3,-35],[-7,-27],[1,-33],[3,-10],[1,0],[5,0],[5,-29],[-5,-20],[1,-11],[11,-25],[3,-23],[12,-23],[5,-49],[12,-6],[6,-13],[0,202],[14,1],[0,85],[163,3],[-2,-340],[59,2],[1,133],[7,-2],[5,-13],[1,-18],[5,-6],[6,-31],[3,13],[3,43],[6,50],[3,12],[2,29],[-1,45],[4,6],[-1,-171],[-14,-4],[-1,-82],[28,3],[4,3],[25,0],[10,44],[5,-13],[19,-11],[-1,-190]],[[281572,636256],[-59,0],[-2,-2],[0,-168],[0,-4],[-32,-3],[-1,-26],[-8,-29],[-2,-27],[-4,-3],[-12,14],[0,68],[0,104],[-11,-23],[-6,-37],[-16,-17],[-12,9],[-3,14],[-10,17]],[[281394,636143],[0,136],[-10,-1],[-3,8],[-12,5],[-7,28],[-11,12],[-15,-3],[0,85],[-58,-3],[0,-170],[-59,1],[-14,0],[-1,151],[-11,-3],[-4,-6],[-7,-24],[1,-31],[7,-7],[0,-16],[4,-8],[3,-22],[-13,-32],[5,-22],[-5,-31],[0,-19],[2,-26],[9,-16],[1,-26],[-3,-47],[-6,9],[1,1],[-8,5],[-4,-11],[-2,-32],[-9,1],[-3,0],[-12,-25],[-1,-2],[-4,-18],[6,-37],[-4,-12],[-16,-33],[-1,-2],[-5,0],[-2,23],[-9,4],[3,36],[-5,33],[0,61],[-6,10],[0,-41],[-15,0],[0,83],[-101,1],[0,-43],[-69,1],[-1,151],[0,18],[-104,-4],[-6,-8],[0,-261],[2,-27],[5,-13],[0,-23],[-8,-1],[-1,-15],[0,-25],[-7,0]],[[280801,635860],[1,11],[-20,-1],[-2,14],[-99,-6],[3,3],[0,27],[6,43],[9,23],[-3,48],[-4,26],[88,5],[-1,339],[0,148]],[[281394,636143],[0,-70],[0,-105],[-12,9],[-5,-1],[-4,-17],[-12,8],[-10,-1],[-17,-31],[-7,-26],[-3,-28],[-31,-110],[-8,-13],[-5,-22],[-1,-29],[2,-13]],[[281281,635694],[-1,-9],[-26,-13],[-11,3],[0,27],[-6,15],[-14,-1],[-1,-125],[-8,-1],[-50,2],[-13,2],[-2,-48],[-30,-3],[-16,-2],[-12,1],[-8,0],[-3,0],[-6,0],[-14,0],[-16,0],[0,-85],[-30,-1],[1,85],[0,170],[-44,-3],[0,-31],[-21,4],[-10,-10],[-28,0],[-1,-91],[-29,2],[0,-21],[-13,4],[-2,-24],[-5,0],[-1,-51],[-7,-38],[-8,-25]],[[280809,635457],[0,81],[-2,-1],[-26,-3],[-1,184],[4,19],[11,1],[0,53],[5,1],[1,68]],[[281685,641957],[29,4],[74,2]],[[281788,641963],[1,-155],[15,0],[0,-508],[-13,-1],[1,-200],[-12,-33],[6,-5],[19,-4]],[[281628,640449],[-39,-2],[-1,11],[-10,19],[-8,0],[-1,139],[0,168],[-114,-6],[0,85],[-59,-2],[1,-85],[-36,0],[7,16],[3,16],[-4,21],[0,16],[-6,35],[-8,4],[-5,12],[-5,47],[-65,-3]],[[281278,640940],[0,170],[79,3],[-13,15],[3,32],[7,24],[3,-1],[-1,35],[7,19],[6,36],[4,10],[23,1],[30,0],[29,1],[0,80],[0,5],[0,77],[6,8],[78,2],[-1,123],[15,1],[9,-15],[21,-17],[9,-19],[5,-16],[0,444],[28,0],[24,-4],[36,3]],[[283974,633392],[53,-1],[45,2],[2,24],[2,41],[6,22],[-1,22],[5,13],[5,48],[-2,19],[12,57],[14,-1],[23,-11],[4,10]],[[284142,633637],[1,-72],[58,1],[-1,42],[8,-42],[39,0],[9,60],[6,3],[5,13],[3,22],[-5,-50],[-4,-23],[-11,-25],[10,16],[7,35],[15,0],[7,-8],[8,10],[7,20],[6,1],[8,13],[0,-170],[0,-85]],[[284318,633398],[0,-170],[1,-329],[-29,48],[0,-58],[-6,0],[3,-44],[-3,-27],[5,-11],[11,1],[1,-16],[12,-53]],[[284313,632739],[-3,-7],[-2,-12],[0,-2],[-1,-3],[-97,0],[-12,-1],[-24,-13],[0,-235],[-29,1],[-40,1],[0,-11],[-11,-28],[-40,-5]],[[284054,632424],[1,26],[9,39],[-6,39],[-4,34],[5,37],[5,-1],[4,21],[12,12],[5,54],[-11,8],[1,28],[-14,1],[-2,157],[-30,1],[-59,3],[0,40],[-11,-6],[-8,6],[-7,-6]],[[283944,632917],[2,29],[13,52],[0,33],[-2,23],[71,-1],[0,25],[-1,113],[-33,30],[-23,2],[0,135],[1,34],[2,0]],[[283517,654888],[68,-1],[112,-2],[67,-1],[9,0],[152,1],[18,0],[84,1],[12,0]],[[284039,654886],[8,-28],[-1,-108]],[[284046,654750],[0,-47],[-17,-1],[-29,-15],[-14,2],[0,-41],[-5,6],[-14,-27],[-2,8],[-4,-18],[-5,17],[-5,-7],[-1,-20],[-6,-9],[5,-64],[-1,-42],[9,-33],[-3,-11],[-12,0],[0,-45],[5,0],[0,-48],[9,-14],[-11,-1],[-3,15],[-1,-19],[-4,5],[-2,30],[-5,15],[5,40],[-7,22],[-11,-18],[-11,-8],[-2,-10],[-37,-8],[0,-56],[0,-156],[-60,0],[1,-15],[0,-242],[-29,1],[0,-128],[-77,1]],[[283702,653809],[-1,298],[-3,40],[-12,1],[0,42],[-46,0],[-1,256],[0,281],[2,19],[-6,13],[-3,-7],[-11,8],[-2,17],[-11,2],[-1,66],[-14,-13],[-20,-7],[-70,1],[-15,-6],[-5,-8],[-11,-28],[-12,0],[-2,102]],[[283458,654886],[2,1],[3,1],[54,0]],[[276561,625117],[63,2],[1,27],[6,35],[-3,13],[-2,27],[-3,6],[0,56],[-3,1],[0,26],[-2,19],[1,7],[29,0],[1,36],[28,1],[48,0],[29,0],[2,-22],[7,-50],[15,-46],[8,-30],[1,-50],[8,-47],[24,-72],[13,-16],[7,-1],[0,79],[60,0],[57,1],[1,85],[56,-1],[6,-1],[58,-2],[0,40],[-7,5],[1,41],[13,1],[0,168],[39,1],[23,-2],[1,-76],[-5,-46],[2,-37],[-3,-33],[-4,-15],[3,-47],[31,-6],[0,-36],[43,1],[1,83],[14,2],[0,126],[7,0],[1,84],[9,0]],[[277246,625454],[30,2],[8,57],[47,-102],[29,-69],[7,-10]],[[277367,625332],[23,-293],[0,-11]],[[277359,624880],[0,-19],[-93,1],[0,-12],[-6,-42],[-8,-40],[-2,-20],[1,-23],[-2,-32],[67,-3],[0,-166],[-74,1],[-4,-1],[4,-8],[1,-5],[0,-73],[-14,1]],[[277229,624439],[-24,0],[-20,7],[0,33],[-14,1],[0,21],[-39,1],[-5,-13],[0,34],[-14,-5],[-2,-28],[-8,-8],[-34,1],[0,-68],[-26,-12],[-47,0],[1,36],[0,84],[-14,-1],[-4,8],[-4,-8],[-8,24],[-9,9],[-4,10],[0,25],[-8,25],[-3,-9],[-14,13],[-7,25],[-1,24],[-5,25],[-13,0],[-7,1],[0,-170],[-56,0],[-14,0],[-12,18],[-21,-12],[-7,-24],[-8,-14],[-12,-7],[1,40],[-6,1],[-38,2],[-1,-85],[-45,1],[-2,-2],[-72,-4],[-10,51],[-1,35],[-110,-3],[4,-23],[-4,-9]],[[276482,624489],[-5,40],[2,31],[-14,9],[-10,59],[-1,22],[-10,15],[0,28],[5,2],[40,1],[-1,81],[-2,46],[30,-1],[1,43],[36,-2],[0,99],[8,-3],[0,158]],[[282638,634193],[0,46],[29,0],[0,-61],[11,-18],[6,-31],[42,-1],[0,113],[6,-1],[1,-43],[20,-70],[4,-56],[13,-1],[45,0],[-1,-169],[44,0],[1,255],[74,1],[0,85],[34,-1],[27,-1],[1,277],[29,-1],[0,31],[30,-1],[0,31],[0,85]],[[283054,634662],[0,101],[12,22],[12,1],[0,10],[4,-9],[12,-7],[-1,-92],[5,8],[8,-34],[36,0],[31,-1],[0,8],[5,0],[0,14],[9,0],[0,44],[15,0],[0,11],[29,-1],[0,-24],[4,-22],[10,2],[-3,17],[0,34],[15,0],[3,11],[2,35],[20,-19]],[[283282,634771],[29,-25],[21,-1],[6,0],[1,1],[4,81],[0,3],[10,0],[0,-85],[1,-169],[14,-1],[36,1],[0,-21],[-14,5],[0,-27],[7,0],[0,-42],[-15,-1],[1,-43],[-8,1],[0,-27],[-7,-15],[0,-128],[43,-1],[1,-212],[57,0],[0,-170],[21,0],[0,-160],[35,0]],[[283525,633735],[89,-1],[-2,-256],[58,1],[15,-5],[0,-145],[-5,-2],[-4,7],[-6,2],[0,-25],[14,-1],[0,-170],[-14,30],[-1,-116],[15,0],[0,-171]],[[283684,632883],[-62,-3],[-107,-4]],[[283515,632876],[-12,0],[-38,-1],[-62,0],[0,-149],[-88,-3],[0,-79],[-35,3],[-59,-7],[-10,-4],[1,-13],[0,-24],[-27,-28],[-2,-17]],[[283034,632341],[0,43],[0,170],[0,29],[0,63],[0,78],[-24,0],[-13,31],[-5,28],[4,41],[-2,35],[-9,11],[-3,-1],[-8,-33],[-15,-72],[-1,-14],[-2,-9],[-9,-16]],[[282947,632725],[-30,1],[-1,-1],[-1,-8],[-22,-1],[-2,7],[0,2],[-8,50],[-10,28],[0,76],[-7,-1],[-1,17],[0,9]],[[282860,632947],[-4,1],[-12,16],[-88,-3],[0,85],[-15,0],[-35,-2]],[[282706,633044],[1,63],[3,9],[25,21],[6,-9],[0,88],[14,1],[0,170],[-58,-1],[0,170],[-74,-2],[1,170],[29,1],[0,175],[13,-10],[5,20],[10,0],[0,32],[14,1],[0,42],[-29,0],[0,42],[-29,3],[1,163]],[[282272,652958],[64,-148],[6,6],[0,77],[-8,2],[0,83],[67,3]],[[282401,652981],[20,0],[1,-137],[0,-32],[1,-169],[30,1],[0,-98],[-45,96],[-11,0],[3,-27],[7,-21],[1,-121],[-23,-2],[0,-21],[-6,0],[1,-106],[7,0],[0,-42],[7,0],[2,-168]],[[282396,652134],[-60,-3],[0,41],[-32,2],[-8,9],[-12,-6],[-8,6],[1,-55],[0,-6],[-4,0],[1,-71],[-18,2],[0,-41],[10,-11],[8,-1],[0,-33],[5,0],[14,1],[0,-138],[9,-30],[6,-32],[1,-53],[-30,-2],[1,-84],[-3,-1],[-24,47],[-23,40],[-11,1],[0,-86],[-31,3],[0,-60],[-45,3]],[[282143,651576],[-14,0],[-15,69],[-6,22],[-16,37]],[[282092,651704],[4,14],[-1,177],[-6,16],[-11,18],[-7,-14],[-5,-20],[-5,-1],[-6,41],[-5,-3],[-3,11],[-6,-5],[-5,7],[0,-26],[-5,15],[-7,-2],[-5,12],[-4,15],[0,33],[-4,5],[-5,-5],[-5,-22],[-12,-12],[-7,2],[-8,-15],[-5,6],[-9,-2],[-5,13]],[[284170,621557],[1,278],[2,18],[4,12],[3,2],[3,5],[6,18],[40,-1],[1,90],[45,-2],[1,-51],[13,-4],[12,0],[12,27],[4,21],[21,0],[3,4],[-6,27],[-3,27],[-7,8],[-13,29],[-7,51],[-5,9],[-1,24],[3,14],[-2,27],[-6,29],[-5,7],[10,3],[1,-15],[16,0],[5,-5],[18,-55],[7,-26],[7,-9],[22,10],[11,8],[2,1],[0,85],[16,0]],[[284832,622388],[2,-56],[-8,-93],[-1,-4],[-3,-13],[-4,-24],[-16,-39],[-3,-10],[-1,-5],[-8,-27],[-16,-32],[-3,-12],[-9,-40],[-2,-10],[-7,-19],[-2,-5],[-25,-70],[-19,-66],[-21,-103],[-5,-50],[1,-32],[6,-51],[18,-85],[2,-9],[1,-6],[8,-15],[21,-17],[3,0]],[[284354,621119],[4,0],[0,53],[-7,0],[0,10],[-3,0],[-3,23],[4,17],[-5,11],[0,5]],[[284344,621238],[11,2],[2,13],[4,0],[85,77],[4,30],[7,26],[4,2],[8,-8],[8,12],[-4,21],[0,18],[3,26],[3,41],[-7,37],[-11,0],[-116,4],[0,34],[-9,-24],[-3,-10],[-57,1],[-48,2],[-58,3],[0,12]],[[281430,628724],[44,3],[0,-24],[15,0],[0,25],[29,2],[0,20],[15,1],[0,54],[60,5],[-2,270],[-2,246]],[[281589,629326],[105,4],[1,31],[5,70],[3,22],[2,25],[4,4],[-1,20],[-1,0],[2,25],[12,50],[2,13],[32,-83],[-32,86],[-14,39],[1,42],[-2,141],[58,1],[0,176],[30,0],[-1,165]],[[281795,630157],[30,2],[1,-5],[41,1],[27,1],[3,-83],[18,-1]],[[281915,630072],[12,1],[-1,90],[-2,25],[-10,54],[115,3],[1,-253],[29,0],[1,0],[2,23],[9,21],[0,4],[0,5],[-2,6],[-1,5],[2,15],[9,12],[3,12],[-6,20],[-5,-2],[-6,-13],[0,21],[-2,33],[10,19],[7,22],[0,18],[-2,16],[1,47],[8,-8],[1,-23],[89,-1],[64,0],[0,-254],[45,-1],[0,-130]],[[282286,629859],[1,-43],[1,-139],[19,-1],[-3,-16],[0,-26],[-9,-22],[-6,-8],[1,-12],[-6,-34],[-5,-15],[-2,-31],[-8,-15],[9,-31],[6,-16],[5,-31],[14,0],[1,-28],[25,13],[4,8],[15,-18],[0,-63],[2,-342],[-15,0],[0,-80],[7,0],[-1,13],[9,29],[1,-134],[0,-68]],[[282351,628749],[0,-9],[-2,0],[1,-9],[-9,1],[-1,11],[-8,0],[-3,-10],[-13,-3],[-1,18],[-80,0],[1,-257],[-53,-3],[-29,2],[-19,-1],[50,-138],[0,-119],[-60,1],[-15,0],[0,-34],[-2,1],[1,-53],[-28,0],[0,-86],[-25,0],[-6,-14],[-4,-46],[-8,-7],[0,-19],[-13,0],[-3,-11],[-13,-6],[4,-8],[-11,-32],[-8,-10],[-7,-31],[-8,-18],[-15,-47],[1,-9],[6,-96],[7,-67],[1,-87]],[[281979,627553],[0,-171],[-1,-23],[-6,-26],[-11,-33],[-13,-1],[-25,-14],[-20,-12],[-14,15],[0,179],[-59,-2],[0,-41],[-13,-6],[-16,-1],[0,46],[-6,-6],[-28,-5],[-24,-1],[-1,-109],[-10,-14],[-5,-21],[-1,-11],[-7,-31],[0,-13],[-5,-15],[-4,-28],[0,-16],[-13,-29],[-8,6],[-6,-1]],[[281683,627169],[2,194],[-16,-1],[0,-82],[-3,-4],[0,32],[-22,0],[0,146],[-19,0],[0,59],[-13,-1],[1,102],[-15,-1],[0,96],[-44,40],[3,8],[2,33],[-13,0],[-1,15],[8,25],[-2,14],[2,23],[-16,10],[-3,341],[-3,0],[-6,-62],[-6,-6],[-3,-45],[-5,-21],[-1,-25],[-3,-13],[-16,-1]],[[281431,628639],[-1,85]],[[282772,649969],[-3,117],[-30,4],[-11,-2],[-11,-15],[-6,57],[-6,48],[-9,37],[-2,37],[-1,217],[30,0],[0,105]],[[282723,650574],[2,-2],[28,18],[29,25],[1,138],[-8,-3],[-10,4],[-11,-22],[-5,5],[-3,20],[-11,19],[0,9],[10,3],[7,25],[-7,17],[7,-3],[2,-12],[8,4],[6,17],[-4,23],[9,6],[2,32],[-4,10],[-9,-3],[-2,-24],[-6,6],[-3,19],[12,30],[-7,26],[4,16],[-9,37],[32,-2],[0,123]],[[282783,651135],[151,3],[0,12],[0,193],[60,-16],[0,-188],[60,-2],[-2,159],[2,8],[28,3],[75,-2]],[[283157,651305],[15,-1],[0,-170],[-4,-155],[60,0],[0,-153],[16,-1],[-2,-47],[-5,-2],[-4,-21],[0,-31],[-4,-12],[-31,2],[-1,-74],[31,-4],[1,-139],[33,-16],[26,-35],[0,-151],[30,-2]],[[283318,650293],[0,-126],[-30,1],[0,-43],[1,-60],[-20,-18],[-6,-20],[-5,-26],[-18,-38],[-7,-30],[1,-13],[12,-10],[2,-1],[0,-81],[-15,-5],[-1,-208]],[[283232,649615],[0,-169]],[[283232,649446],[-179,7],[-30,1],[0,-75],[-5,-4],[-1,-14],[-9,-15],[-8,-24],[-5,-40],[-2,4],[-16,34],[-13,41],[-1,-247]],[[282963,649114],[-1,0],[-30,0],[-58,2],[-30,0],[-1,80],[1,95],[-76,7],[-3,9],[-7,13],[-6,2],[1,-12],[-6,0],[-4,-26],[2,-13],[1,-26],[4,-24],[-5,-1],[-6,19],[-6,-9],[-3,11],[8,18],[-20,1],[3,-22],[6,-3],[3,-16],[-14,2],[0,20],[-13,11],[-6,41],[-25,2],[0,62],[-8,-5],[-21,14],[1,100],[0,83],[0,3]],[[282644,649552],[1,175],[-2,-2],[-3,2],[0,4],[0,3],[1,4],[1,3],[2,8],[1,2],[8,2],[7,-13],[1,4],[-2,29],[1,28],[7,37],[1,52],[20,6],[0,-41],[15,0],[2,-17],[13,0],[4,-6],[0,63],[14,-1],[0,26],[12,-1],[0,-26],[9,-1],[0,53],[-5,12],[3,9],[6,-15]],[[282673,639885],[10,24],[1,51],[7,0],[-1,170],[59,-2],[0,62],[7,-20],[0,-16],[6,-19],[6,-2],[6,14],[4,-2],[4,18],[10,25],[8,27],[6,-1],[0,244],[28,-1],[29,-5],[60,-1]],[[282923,640451],[1,-504],[2,-335],[-22,4],[-7,-31],[1,-39],[-2,-7],[0,-89],[-30,4],[1,-171],[30,-3],[1,-170],[29,-1],[1,-85],[16,0],[-7,-13],[-2,-32],[2,-21],[4,-6],[5,-55],[3,-3],[-1,-24],[6,-26],[-13,-28],[-7,-28],[-5,-3],[0,-6]],[[282929,638779],[-29,1],[0,-22],[-2,-26],[-9,-6],[2,-28],[-11,-3],[-11,-24],[-8,-32],[-3,-24],[-3,-2],[-5,29]],[[282850,638642],[5,52],[-7,28],[-12,-17],[-13,10],[-4,18],[5,44]],[[282608,639679],[0,72],[1,0],[9,26],[8,6],[4,17],[-3,-1],[0,23],[34,-1],[4,3],[5,53],[3,8]],[[283232,649446],[30,-2],[31,0],[0,-169],[29,-2],[2,-21],[28,2],[1,18],[119,-1],[1,-170],[19,0],[21,-1],[14,0],[24,45]],[[283551,649145],[17,-45],[24,0],[1,-227],[-15,-4],[0,-63],[-10,0],[1,-45],[18,0]],[[283587,648761],[-1,-19],[-6,0],[-5,-12],[-5,-38],[-2,-5],[-4,-43],[0,-202],[14,-2],[-1,-19],[2,-40],[5,8],[5,-10],[-1,-12],[-8,-29],[0,-43],[-8,0],[0,-31],[-5,0],[-2,-11],[-31,0],[0,-42],[0,-111],[-98,5],[-19,19],[-8,14],[-8,31],[-2,32],[-8,10],[-13,1],[-15,-23],[-3,4],[-9,-19],[-5,4],[0,-65],[-89,-1]],[[283257,648112],[-36,0],[-6,30],[-6,55],[3,0],[0,85],[15,0],[-1,84],[-37,-4],[0,22],[-7,-1],[0,59],[-1,5],[-1,-1],[-13,-1],[-59,7],[-1,168],[-13,17],[-8,3],[-13,24],[-11,4],[-4,-12],[2,-36],[0,-32],[-3,-9],[-8,3],[-1,55],[3,242],[-10,-4],[-8,6],[-3,31],[3,26],[1,22],[-4,16],[-11,9],[-6,14],[-3,27],[2,21],[-5,23],[1,11],[11,23],[0,10],[-27,0],[-29,0]],[[278187,616882],[-7,-4],[-6,5],[-18,31],[-32,94],[-5,6],[-3,-6],[-4,-23],[-6,-22],[-8,-8],[-7,-3],[-9,9],[-11,35],[-6,-1],[-9,-27],[-12,-21],[-11,-7],[-6,2],[-11,15],[-13,41],[-7,2]],[[277996,617000],[8,2],[9,-32],[8,-18],[10,-8],[9,4],[13,18],[13,35],[18,15],[4,-8],[5,18],[7,11],[2,21],[13,26],[6,31],[0,29],[-24,0],[-9,6],[-6,-5],[-2,342],[-28,-1],[0,171],[57,1],[0,170],[-57,0],[-1,123],[0,132],[1,10],[-1,42],[5,1],[16,33],[34,0],[2,0],[-1,287],[4,45],[-1,261],[1,35],[-14,2],[-2,35],[-44,-11],[-1,23],[-23,-8],[-1,22],[15,-9],[1,24],[-6,11],[6,11],[5,29],[1,56],[9,10]],[[288065,650703],[0,29],[4,0],[0,140],[0,170],[-60,1],[0,42],[29,68],[14,27],[13,28],[4,2],[10,2],[6,9],[7,21],[4,24],[0,52],[-3,27],[1,38],[6,24],[8,5],[26,-11],[2,-9],[10,-1],[17,11],[6,8],[9,20],[12,16],[-2,-17],[4,11],[-1,10],[-3,7]],[[283372,660837],[13,22],[0,11],[0,5]],[[283385,660875],[0,348]],[[283385,661223],[28,-29],[38,1],[-1,-34],[0,-92],[3,-14],[8,29],[4,42],[8,45],[44,222],[4,21],[35,-1],[9,-6],[9,-5],[1,-18],[1,-25],[7,1],[1,-15],[13,1],[11,-3],[4,15],[0,-15],[11,1],[0,-15],[4,0],[2,0],[10,5],[1,11],[15,0],[2,-12],[11,0],[18,-5],[13,0],[14,6],[-1,-6],[15,-2],[2,5]],[[283647,660156],[0,68],[-1,85],[8,0],[0,43],[-23,0],[0,42],[-12,3],[-7,11],[-12,0],[-9,-6],[-21,-1]],[[283570,660401],[1,79],[-2,45],[-25,0],[-2,13],[0,25],[-7,1],[-28,-1],[0,37],[-13,-19],[-12,1],[0,66],[-5,0],[1,121],[-1,36],[-10,7],[-5,-5],[0,-77],[-77,-3],[0,88],[-5,3],[-8,19]],[[276166,655293],[15,1],[15,0],[-1,43],[7,0],[19,1],[5,1],[0,-43],[8,1],[7,0],[5,0],[10,1],[1,-4],[2,-1],[2,1],[5,4],[3,2],[10,-1],[5,0],[-1,-21],[4,0],[4,0],[0,7],[-4,0],[0,14],[4,0],[4,0],[4,1],[9,0],[11,-1]],[[276319,655299],[-10,-20],[5,-45],[1,-14],[3,-22],[1,-6],[3,-18]],[[276322,655174],[1,-35],[-1,-9],[-13,-11],[-15,10],[-3,-31],[1,-32],[-4,-22],[0,-11],[-2,0],[0,-10],[2,0],[0,-21],[0,-11],[-3,0],[0,-31],[-2,0],[-5,0],[-3,-1]],[[276275,654959],[-2,0],[-4,0],[-5,0],[-23,-2],[-10,-1],[-3,1],[-8,-1],[-7,19],[0,-19],[-8,0],[-7,-1],[-5,0],[-3,0],[-7,-1],[-15,-1]],[[276168,654953],[0,21],[0,21],[-1,42],[0,24],[0,61],[0,37],[-1,6],[2,0],[1,21],[-3,0],[0,22],[2,0],[1,21],[-1,21],[0,22],[-2,0],[0,17],[0,4]],[[277338,629391],[5,-3],[2,-1],[1,0],[5,6],[-1,-11]],[[277350,629382],[-1,-1],[-8,-12],[-3,-6],[0,22],[0,6]],[[284881,629978],[0,47],[1,104],[0,187],[0,24],[-1,156],[1,131],[0,55]],[[284882,630682],[139,-1],[-1,-22],[-6,-47],[0,-31],[7,1],[0,-73],[205,-1],[0,27],[-1,58],[2,0],[14,-40],[11,0],[12,-59],[5,-6],[8,-1],[4,-33],[-4,-71],[8,-43],[22,-2],[80,1],[3,3],[7,7],[-1,12],[3,5],[3,21],[1,40],[12,68],[6,45],[4,13],[14,-7],[-1,-41],[0,-164],[25,-1],[6,2],[8,45],[5,67],[12,18],[-1,22],[-3,19],[-13,38],[3,2],[24,1],[14,4],[1,-15],[10,-30],[4,0],[35,1],[28,1],[0,20],[28,3],[1,-189],[29,-3],[2,-34],[23,-1],[6,-17],[0,-49],[0,-47],[57,33]],[[285801,630350],[95,3]],[[285896,630353],[-8,-14],[-2,-14],[-3,-40],[-8,-25],[-15,-14],[-1,-10],[3,-17],[1,-30],[3,-10],[-5,-5],[0,-18],[8,-8],[2,-24],[28,-25],[1,-101],[-10,0],[1,-216],[29,-2],[1,-44],[0,-6]],[[285921,629730],[-4,-9],[-8,-1],[-1,-62],[-2,-14],[-15,0],[1,-82],[-3,-19],[0,-23],[-4,-8],[0,-32],[-15,-4]],[[285870,629476],[1,60],[6,14],[-5,34],[4,55],[-3,20],[0,57],[-22,-14],[-26,-30],[-2,-5],[-1,-4],[-21,-3],[0,22],[-7,11],[-10,0],[-10,-11],[0,82],[-26,0],[-2,10],[-8,0],[2,-68],[3,-15],[-27,-1],[0,60],[-29,0],[1,17],[8,42],[-45,-1],[1,-55],[15,-41],[0,-20],[-9,-1],[0,-37],[-30,4],[-2,3],[0,24],[-20,0],[0,18],[-8,0],[0,17],[-18,-1],[-9,16],[-7,7],[-17,26],[-6,19],[-33,53],[-21,37],[-1,-56],[-3,-2],[1,-171],[17,0],[1,-47],[-6,1],[-1,-21],[-12,-11],[-8,-19],[-21,0],[0,-91],[-15,0],[-4,-20],[-13,-11],[-4,-38],[-4,-4],[-2,-22],[2,-31],[5,-26],[-7,0],[-8,0],[-13,0],[-144,1],[-7,0]],[[285240,629309],[-13,0],[-34,0],[-23,1],[-19,0]],[[285151,629310],[3,59],[0,39],[-2,8],[-12,16],[-13,-10],[-9,21],[-9,8],[-3,13],[-2,18],[4,-2],[28,-1],[1,85],[-9,1],[-1,68],[-8,1],[-2,17],[-14,56],[-47,212],[-2,-20],[2,-17],[-1,-15],[-6,-14],[0,-22],[-10,-2],[-2,-34],[6,-19],[1,-28],[-7,-13],[-5,4],[-21,1],[-9,83],[-4,4],[-26,-4],[-12,36],[-5,44],[2,12],[-3,39],[-7,26],[0,17],[-26,0],[17,-83],[0,-59],[-27,4],[0,17],[-30,-1]],[[284881,629875],[0,103]],[[276045,652138],[7,0],[6,-1],[0,18],[0,15],[2,9],[2,0],[7,1],[6,0],[-1,82],[0,27],[1,18]],[[276134,652308],[0,-10],[19,0],[-4,-31],[-5,-46],[-2,-19],[-2,-19],[25,-1],[0,-85],[6,0],[5,29],[10,56],[8,0],[0,20],[15,0],[0,-19],[15,-1],[0,-38],[6,0],[9,-1],[0,39],[15,-1],[0,-39],[0,141],[0,14],[10,-11],[0,-18],[12,5],[12,-13],[0,-78],[-10,0],[-1,-11],[-2,-16],[-2,-11],[12,-1],[15,0],[-1,18],[-1,27],[2,0],[0,29],[-1,27],[0,64],[0,44]],[[276299,652352],[14,0],[0,173],[5,1],[10,-1],[6,0],[9,0],[9,0],[8,0],[13,0],[0,-43],[1,-127],[4,-1],[17,0],[4,0],[10,0],[8,1],[3,0],[14,0],[0,-17],[0,-26],[42,8]],[[276476,652320],[0,-134],[0,-67]],[[276476,652119],[0,-60],[0,-89],[0,-15],[0,-113],[0,-42],[0,-7],[0,-54],[0,-84],[0,-41],[0,-45],[0,-61]],[[276315,651505],[0,84],[-22,0],[-2,0],[-5,0],[0,7],[-9,5],[-3,14],[-11,12],[-1,7],[-5,38],[-2,18],[-21,-5],[-4,19],[-2,-14],[-3,-3],[0,-7],[-15,-13],[-15,-11],[-28,-11],[6,-58],[-7,1],[-15,0],[-4,0],[-17,-1],[-6,0],[-18,-1],[-30,0],[-1,35]],[[276075,651621],[1,19],[0,32],[0,24],[-1,60],[-3,0],[0,40],[-57,0],[0,48],[0,59]],[[284561,655654],[107,0],[29,0],[16,-1],[15,0],[0,107],[0,148],[0,43],[17,-1],[1,-15],[10,-28],[62,-1],[0,85],[31,0],[0,169],[4,2],[55,-1],[-1,170],[21,-1],[10,19],[3,37],[-2,19],[3,8],[0,40],[6,0],[3,-22],[8,-5],[4,8],[7,63]],[[284970,656497],[27,0],[0,169],[90,1]],[[285087,656667],[0,-170],[34,1],[0,-90],[57,0],[0,-42],[24,-1],[0,-22],[6,0],[0,-95],[19,-5],[-9,-87],[21,0],[28,1],[1,11],[0,-35],[4,-8],[2,1],[2,5],[-2,26],[7,0],[8,2],[15,-36],[7,-15],[1,-55],[-1,-65],[14,0],[-5,-15],[-14,-11],[0,-46],[-21,-1],[0,-22],[6,0],[0,-74],[8,0],[0,-31],[4,0],[2,-6],[4,-9],[1,0],[7,7],[0,-56],[13,1],[9,-32],[-5,-17],[-19,-4],[-1,-22],[1,-170],[15,1],[2,-1],[2,1],[56,0],[30,0],[1,-81],[28,0],[0,-84]],[[285449,655316],[-20,0],[2,-11],[-3,-22],[-7,-5],[-1,-37],[-6,1],[0,13],[-7,0],[-4,-8],[-1,-36],[-9,-12],[-3,-39],[-1,-32],[-9,-49],[-4,34],[-15,28],[-16,3],[-45,0],[-29,0],[-1,169],[-61,0],[0,-8],[-61,5],[-120,-3],[-1,-145],[-5,-2],[-8,-5],[-4,16],[-8,-3],[-9,9],[-10,24],[-1,-64]],[[284982,655137],[-15,0],[-17,0],[-13,0],[0,17],[13,67],[3,15],[5,30],[9,48],[0,7],[0,71],[-31,-1],[-13,0],[-6,0],[-8,34],[-4,36],[7,-7],[2,14],[-3,14],[-7,0],[-4,20],[0,31],[-6,25],[-6,-4],[0,-54],[-10,0],[0,-17],[-22,0],[-1,1],[-2,2],[-1,0],[-2,-3],[-2,0],[-27,0],[-140,0],[-13,0],[-16,0],[-30,0],[-105,0],[0,-170],[-14,1],[-16,-1]],[[284487,655313],[0,44],[0,126],[0,171],[30,0],[44,0]],[[285701,643353],[84,2],[0,85],[51,1],[7,19],[0,16],[7,24],[12,18],[2,12],[6,14],[7,-2],[8,17],[-4,15],[1,28],[15,7],[9,-10],[8,-2],[2,29],[6,10],[8,-17],[11,21],[0,36],[3,5],[16,-10],[7,-9],[10,9],[6,26],[9,3]],[[285992,643700],[36,0],[0,-58],[19,-3],[-1,-30],[16,16],[0,67],[3,7],[-8,2],[1,172],[30,0],[-1,-89],[30,-1],[1,91],[57,1],[1,-343],[0,-32],[0,-137]],[[286176,643363],[-59,0],[0,-508],[-8,0],[-37,29],[0,-30],[-79,-2],[0,-168],[-16,-3],[-44,-1]],[[285933,642680],[0,171],[-59,0],[-59,0]],[[285815,642851],[-119,-2],[0,99]],[[284518,646414],[13,-11],[9,-20],[11,-20],[0,-10],[8,-15],[8,-6],[5,4],[7,-13],[-1,172],[-7,11],[-8,28],[-1,18],[-6,15],[-9,7],[0,9],[-3,163],[-14,14],[-8,0],[-18,38],[-3,2],[-16,-22],[-1,84],[60,7],[1,-85],[59,7]],[[284604,646791],[38,1],[22,-66],[0,66],[122,10],[1,-171],[59,5],[-1,170],[45,4],[1,-170],[25,2]],[[284916,646642],[0,-508],[0,-65]],[[284916,646069],[0,-171],[0,-2],[2,-778],[0,-2],[0,-235],[0,-195]],[[284918,644686],[-65,-4],[1,94],[-6,12],[-3,-18],[-7,-1],[-12,23],[-11,4],[-9,-35],[-11,-1],[0,169],[58,6],[0,178],[-59,-6],[1,-92],[-60,-6],[-59,2],[0,85],[-60,-3],[-84,-2],[-37,-5],[-1,0]],[[284494,645086],[-2,173],[2,168],[-61,-1],[-1,170],[-40,-4],[-80,-6]],[[284312,645586],[-1,169],[31,3],[-2,8],[0,75],[32,3],[-1,44],[16,1],[-4,128],[18,2],[0,-86],[30,4],[0,155],[1,6],[20,2],[68,-95],[-1,100],[3,0],[-4,309]],[[282351,628749],[31,-85],[10,-32],[19,-30],[29,-62],[0,-47],[13,0],[0,-24],[-4,-21],[-8,-16],[0,-109],[22,0]],[[282463,628323],[-1,-40],[3,-19],[6,-24],[0,-71],[-1,-14],[-9,-15],[-6,-49],[-11,-27]],[[282444,628064],[-1,-20],[-20,-12],[-8,-12],[22,-43],[-24,1],[-58,-7],[1,-163],[-2,-3],[-100,-1],[-3,-17],[-12,-23],[0,-45],[-3,-3],[-1,-124],[-13,5],[-5,-10],[-11,8],[-8,-46],[-13,-1],[-11,-17],[-11,-34],[-18,3],[-4,-5],[-5,-23],[-6,-56],[-10,-39]],[[282120,627377],[-12,-26],[-9,-36],[-4,-7],[-14,-5],[-7,-26],[-4,-22],[-2,292],[-29,2],[0,87],[-30,1],[0,-86],[-30,2]],[[285619,631709],[22,0],[0,44],[7,0],[0,20],[9,0],[0,40],[20,0],[0,-18],[15,1],[0,-47],[15,0],[0,-39],[43,1],[0,81],[9,-22],[14,6],[2,5],[-4,0],[-6,14],[-7,61],[-4,14],[-2,21],[10,29],[1,17],[-2,55],[-3,16],[0,15],[3,11],[2,18],[30,1],[0,50],[23,8],[25,1],[0,-19],[4,0],[-1,-26],[4,-11],[41,0],[0,60],[14,17],[6,-2],[0,9]],[[285985,631719],[-1,-8],[11,-9],[3,-20],[8,7],[-1,-44],[14,-33],[8,-25],[-3,-36],[-45,-2],[0,-85],[6,0],[1,-60],[-3,0],[0,-24],[-39,-1],[0,-240]],[[285944,631139],[-30,2],[0,-20],[2,-276],[1,-254],[0,-74],[1,-87],[1,-15],[0,-9],[-1,-52]],[[285918,630354],[-22,-1]],[[285742,630326],[0,22],[0,54],[-1,12],[-1,34],[2,56],[-1,14],[-64,0],[6,-24],[0,-60],[-21,-2],[-7,32],[-6,7],[-7,36],[1,27],[-2,39],[-3,12],[-5,38],[0,34],[-9,17],[-1,272],[-57,-2],[0,79],[-1,346],[-1,171],[47,0],[-8,2],[-5,24],[-4,-1],[-7,23],[-13,-9],[-8,8],[-2,16],[-1,108],[1,-4],[55,2]],[[285912,631683],[3,-8],[16,0],[0,-79],[-19,-1],[0,-62],[8,0],[0,-31],[7,0],[1,-81],[18,0],[0,-20],[4,0],[0,-16],[7,1],[0,16],[4,0],[-1,60],[5,0],[-1,65],[8,0],[-2,22],[0,85],[-6,0],[0,84],[-52,-1],[0,-34]],[[276474,650517],[-1,-401],[0,-30],[0,-43],[0,-36],[0,-345]],[[276473,649662],[0,-78]],[[275799,640553],[16,-1],[28,-1],[2,-253],[0,-82],[118,0],[-3,336],[-1,84],[15,2],[12,2],[0,-33],[8,1],[16,-388],[11,0],[-3,171],[60,-2],[1,-170],[120,12],[-2,170],[60,5],[-1,142],[5,0],[0,28],[54,4],[-2,171]],[[276474,640766],[0,-341],[0,-307],[0,-32],[-1,-167],[-1,-174]],[[276472,639745],[-1,-206],[0,-136],[-1,-87]],[[275687,639206],[-2,337],[-4,-3],[-48,-2],[5,25],[1,37],[7,33],[-9,28],[3,44]],[[275629,639874],[39,4],[-11,33],[-6,13],[-2,30],[-4,26],[-8,8],[-6,0],[-6,15],[-13,12],[-5,28],[-16,56],[-15,44],[-3,4],[-6,4],[8,59]],[[285383,634058],[14,0],[0,28],[11,24],[8,32],[4,9],[7,1],[5,9],[-2,19],[4,28],[0,23],[7,7],[7,1],[-5,73],[1,94],[25,1],[1,91],[25,-2],[1,70],[55,14],[0,76],[10,56],[-10,35],[2,24],[16,2],[-1,49],[4,25],[13,45],[11,30],[101,5],[0,-57],[18,0],[1,-66],[0,-8],[3,-6],[4,-9],[5,-10],[10,-2],[3,-6],[4,-3],[5,0],[54,2],[-2,170],[29,3],[17,1],[-1,7],[14,2],[0,-9],[29,2],[-2,168]],[[285888,635106],[128,9],[0,-42],[45,1],[0,-41],[0,-85],[17,0]],[[286078,634948],[0,-108],[0,-229],[1,-129],[-2,-42],[2,0],[19,1],[12,-28],[1,-113],[1,-11],[-1,-22],[-30,-1],[-59,-5],[1,-169],[-31,-2],[5,-47],[-1,-49],[-2,-13],[-11,-32],[-13,-9],[-4,-10],[0,-11],[1,-419]],[[285902,633293],[-11,-26],[-11,-2],[-3,-23],[-3,-1]],[[285874,633241],[-1,78],[-16,82],[-17,-1],[-25,-1],[-12,-1],[-3,-16],[0,-25],[-5,-5],[-1,-49],[-3,-12],[1,-18],[-5,-25],[-5,-4],[-8,6],[-4,18],[-6,10],[-11,-4],[-14,13],[-10,16],[0,43],[-7,48],[-13,-1],[6,32],[-5,8],[-8,-16],[-7,-1],[-7,12]],[[285471,633510],[-6,82],[6,-1],[-2,25],[-7,21],[-8,8],[-8,-12],[-10,13],[2,18],[-5,38],[-10,21],[-40,-1],[0,336]],[[280905,659520],[83,0],[0,-7],[0,-78],[10,6],[4,15],[5,-4],[11,4],[14,21],[1,31],[4,2],[8,-12],[9,-4],[6,26],[48,-2],[25,0],[2,55],[3,62],[5,-1],[8,18],[0,10],[7,11],[12,9],[3,-27],[11,-4],[5,4],[2,14],[10,12],[12,-5],[1,9]],[[281214,659685],[3,-32],[11,-1],[0,-48],[25,0],[24,0],[0,-17],[4,-16],[-1,-24],[4,-28],[29,1],[31,0],[27,0],[33,3],[0,-93],[-4,0],[0,-43],[-26,2],[0,-107],[45,0],[0,21],[15,0],[0,42],[30,0],[0,178],[0,33],[26,16],[6,22],[0,13],[13,0],[25,-33],[13,3],[3,23],[5,2]],[[281555,659602],[0,-79],[-58,0],[-7,0],[4,-42],[2,-8],[-3,-28],[0,-39],[2,-11],[0,-47],[2,-9],[-32,-62],[1,-17],[30,-5],[-7,-16],[-9,-63],[57,-2],[1,-37],[3,-5],[18,-1],[12,0],[15,-4],[0,-39],[0,-204],[-14,0],[0,-49],[-46,2],[1,-169],[-76,1],[1,-116],[-1,-53],[2,0],[13,-1],[33,0],[58,0],[30,0],[53,-2],[8,0]],[[281349,657833],[-27,1],[1,-9],[-14,-28],[-3,-21],[-6,-12],[-1,-22],[-9,-6],[-2,98]],[[281288,657834],[-1,380],[-15,1],[-10,0],[-20,0],[0,43],[-11,-1],[0,84],[-30,0],[-2,121],[2,7],[0,38],[-17,0],[-13,-27],[-29,-66],[-1,-7],[-11,9],[0,54],[10,37],[-59,1],[0,-41],[-10,0],[-5,-13],[-2,-31],[-9,-2],[-5,-15],[0,2],[-7,-16],[-3,-7],[-3,-5],[-16,0],[0,-42],[-30,2],[0,52],[0,118],[0,253],[-61,2],[0,43],[-30,0],[-23,-79],[-1,-6],[-3,-19],[-1,-21],[0,-2],[-1,21],[-14,6],[-15,29],[-17,-10],[-13,-28],[-1,154],[-60,0]],[[280751,658853],[-31,2],[1,85],[-16,0],[1,63],[-8,0],[-6,22],[51,-3],[8,3],[0,161],[0,36],[-61,3],[0,97],[61,-4],[-1,127],[60,-2],[0,77],[61,0],[34,0]],[[287779,643921],[0,88],[28,3],[28,-1],[0,79],[60,-2],[0,29],[-6,6],[-3,22],[1,27],[126,1],[0,83],[59,-1]],[[287780,642900],[-7,10],[0,31],[-23,1],[0,43],[-59,-2],[0,255],[30,0],[0,22],[-30,-11],[0,158],[0,127],[5,-1],[2,11],[9,11],[9,-3],[10,13],[2,16],[5,-2],[7,10],[2,13],[13,-21],[10,9],[6,0],[3,16],[5,11],[0,304]],[[286334,627024],[4,130],[3,88],[2,88],[2,53],[38,-9],[4,117],[15,-4]],[[286224,656972],[0,43],[27,1],[33,1],[119,3]],[[286403,657020],[1,-171],[59,1]],[[286463,656850],[1,-104],[-2,-14],[20,-13],[13,-20],[26,-1],[-7,-35],[1,-34],[-4,0],[-2,-38],[-8,-36],[5,-24],[-2,-20],[46,0],[5,-666],[121,7],[0,-84],[-16,-1],[-4,-88],[-40,-3],[-28,2],[0,-170],[83,4],[8,1],[10,1],[9,-120],[-5,-38],[-12,-17]],[[286681,655339],[-30,1],[-6,9],[-5,13],[0,20],[-7,11],[-3,17],[-4,-17],[-5,1],[0,-36],[-31,-2],[1,-132],[1,-27],[11,6],[10,-25],[15,5],[3,-14],[1,-23],[-8,-1],[-32,-2],[-90,-9],[0,-33],[-30,-67],[-2,-33],[1,-51],[-4,7],[-6,-2],[-15,-26],[0,-21],[-28,3],[-3,16],[-19,21],[-8,-30],[-3,0],[1,-29]],[[286386,654889],[-16,-4],[0,58],[-2,-4],[-4,-3],[-2,0],[-1,5],[-3,-1],[1,6],[-4,2],[0,-76],[-20,-1],[0,57],[-5,8],[-2,14],[-17,-20],[-4,2],[-19,-29],[0,-9],[0,-82],[-60,-3],[0,169]],[[286228,654978],[-1,167],[-121,1],[-1,79],[3,0],[1,6],[3,4],[1,5],[0,5],[1,15],[1,6],[0,4],[2,5],[2,21],[6,10],[4,22],[5,16],[3,11],[0,27],[-7,1],[1,63],[35,-2],[0,44],[-30,1],[0,142],[-12,28],[-2,43],[14,-2],[-1,126],[14,0],[1,83],[-16,0],[1,87],[-17,0],[-13,0],[-60,0],[0,169],[30,0],[0,76],[14,0],[0,-16],[16,-1],[0,44],[-7,0],[-3,14],[-7,13],[-8,40],[-35,-1],[-1,170],[99,2],[-3,86],[4,0],[0,44],[20,0],[0,48],[4,-5],[1,-3],[1,1],[0,-2],[2,-3],[1,3],[1,-2],[2,0],[0,3],[1,-2],[1,3],[12,-2],[2,0],[0,85],[32,0],[0,190],[0,22]],[[276311,634692],[-15,-1],[1,-85],[7,1],[1,-11],[6,0],[0,-14],[6,-35],[8,0],[0,-22],[8,-3],[2,-14],[11,-11],[4,-17],[-14,-4],[3,-27],[-4,-12],[-118,-10],[-1,87],[-27,-1],[0,-85],[-60,0],[0,39],[-15,0],[0,-39],[-73,0],[-1,84],[-42,-1]],[[275998,634511],[0,42],[1,16],[-18,-1],[0,27],[0,86],[-45,0],[0,218],[-1,39],[59,0],[-1,87],[-1,8],[0,82],[17,-1],[0,178]],[[286574,632737],[-3,13],[-9,24],[-7,24],[-28,34],[-4,5]],[[285613,624736],[0,10],[9,32],[3,36],[8,23],[1,15],[2,8],[1,9],[5,16],[0,16],[-4,18],[6,8],[3,11],[12,-32],[6,-10]],[[285665,624896],[7,-8],[4,-10],[4,-49],[0,-23],[30,-9],[9,13],[0,-10],[11,9],[1,17],[2,5]],[[285733,624831],[9,-47],[-3,-28],[4,-19],[0,13],[16,-1],[-3,-23],[0,-14],[2,-12],[2,-30],[-2,-16],[7,-58],[29,40],[0,-23],[-5,-2],[-19,-39],[1,-7]],[[285771,624565],[-11,-16],[-14,-10],[-6,-18],[-3,-13],[1,-18],[1,-4],[5,-11],[-2,-16],[-6,-14],[4,-35],[10,-46]],[[285750,624364],[-3,-6],[-11,48],[-8,70],[-15,-50],[-6,1],[-3,-9],[-3,-28],[1,-35],[-2,0],[-2,21],[-1,6],[1,45],[-7,9],[5,31],[3,-2],[1,14],[-5,5],[-1,4],[-6,1],[-2,-1],[1,60],[6,0],[0,19],[-7,10],[-8,-1],[-22,-43],[-5,-5],[-3,3]],[[285648,624531],[2,15],[-5,-5],[-9,10],[-4,30],[1,42],[-3,15],[-5,17],[-17,36],[2,11],[3,34]],[[276484,630459],[3,0],[0,14],[4,0],[0,-25],[0,-11],[-7,0],[0,12],[0,10]],[[275707,623869],[28,0],[0,-113],[74,1],[0,-70],[2,-3],[0,-76],[14,-15],[15,0],[0,-47],[143,-2],[0,-29],[29,0],[0,35],[17,-1]],[[276029,623549],[1,-38],[22,0],[0,-133],[-15,2],[-1,4],[0,-176],[-33,3],[10,-25],[12,-9],[8,24],[9,-2],[4,-19],[5,-7],[5,10],[5,-17],[4,1],[-1,-216],[19,-3],[-2,-20],[-5,-16],[-41,-25],[0,-105],[87,-6],[-102,4],[0,-84],[7,-3],[0,-340],[6,-2],[7,25],[0,22],[11,13],[12,-11],[6,-13],[13,-6],[7,17],[-4,39],[3,23],[6,7],[3,18],[11,9],[8,-4],[7,11],[9,-16],[3,-21],[10,-10],[0,-149],[-57,0],[-2,-127],[0,-479]],[[287770,651827],[8,0],[9,-18],[33,-9],[3,5]],[[287823,651805],[2,-6]],[[287825,651799],[-16,-18],[7,-44],[-9,-11],[3,-14],[-14,-1]],[[287796,651711],[-26,-1],[0,117]],[[283459,616856],[13,49]],[[287866,658634],[23,2],[8,1]],[[287897,658637],[1,-67],[6,0],[0,-68],[8,-6],[11,-23],[124,5],[2,-15],[6,-9],[11,-4],[-8,-40],[-7,-29],[5,-43],[1,-28],[15,-1],[-143,-6],[-5,-13],[-8,-5],[7,-15],[7,-34],[0,-103],[26,0],[4,-23],[6,-7],[-2,-9],[-12,-14],[-1,-20],[-6,-2],[-1,-14],[-8,-20],[-7,-2],[-5,-30],[-5,-4],[-1,-43],[-3,0],[-14,-25],[-6,-29],[-21,-59],[-1,-19],[0,-12],[0,-12],[-4,-1],[-4,-24],[-19,7],[-3,8],[0,8],[-22,-1],[-9,-1],[1,-84],[0,-63],[-24,1],[0,-12],[8,-15],[8,-2],[7,-13],[5,-39],[-4,-36],[-16,-1],[1,-42],[13,2],[3,0],[-6,-34],[-47,-4],[0,-84],[-32,-2],[-1,-42],[-15,-1],[0,-21],[-11,0],[-4,-21],[-7,-1],[0,-16],[-6,0],[1,-29],[-35,-3],[-1,45],[-15,-1],[-47,0],[6,-30],[0,-27],[3,-7],[-4,-6],[7,-1],[-4,-49],[-7,-12],[4,-7],[-4,-32],[0,-14],[-9,-23],[6,-16],[-8,-20]],[[287330,657514],[8,1],[-1,42],[-5,0],[-3,321],[-13,13],[-14,2],[-18,28],[-8,27],[-8,11],[-1,62],[-1,93],[-12,-1],[-3,77],[-15,-4],[0,87]],[[287236,658273],[-1,85],[44,4],[0,-44],[16,1],[0,-42],[15,1],[0,42],[15,1],[0,-43],[15,-1],[1,-21],[27,4],[0,-28],[17,1],[1,-14],[14,1],[0,-45],[20,0],[1,-80],[31,2],[-1,85],[0,42],[30,3],[1,-43],[6,1],[5,32],[6,13],[7,4],[0,15],[4,-18],[4,2],[-3,-46],[29,4],[-14,76],[3,5],[44,8],[43,3],[-3,30],[3,22],[7,31],[9,2],[1,-84],[17,2],[43,2],[32,5],[0,-19],[12,-19],[10,-30],[1,22],[5,46],[1,-82],[17,80],[37,2],[-1,82],[9,21],[6,-3],[1,-20],[0,9],[45,3],[-1,128],[2,11],[-2,16],[-1,94]],[[285877,633211],[-3,14],[0,16]],[[276473,648231],[76,-3],[6,5],[114,190],[29,-200],[-1,26],[15,0],[0,138],[7,-1],[0,7],[56,21],[0,-201],[-29,1],[-1,-82],[15,0],[0,-69],[-1,-11],[9,5],[6,-14],[0,-58]],[[279613,656514],[1,-80],[-30,0],[0,-27],[-10,-19],[-11,-33],[-6,-87],[-3,-18]],[[279253,656350],[0,2],[25,76],[8,32],[7,27],[1,2],[7,29],[20,80],[31,137],[4,20],[18,102]],[[279255,634305],[7,0],[1,63],[21,0],[23,-1],[0,-126],[-23,-1],[0,-20],[-4,0],[0,24],[-17,-1],[-1,41],[-7,0],[0,21]],[[277045,640627],[0,-39],[63,-7],[1,-170],[0,-7],[-63,3],[3,-66],[4,22],[7,-13],[-3,-10],[0,-20],[-10,-9],[1,-14],[17,-46],[14,-3],[1,-291],[2,-21],[-1,-22]],[[277081,639914],[-1,-40],[-44,0],[1,-382],[86,-3],[2,-2],[-2,-33],[-10,-53],[-9,-3],[0,-27],[-5,-51]],[[277099,639320],[-32,0],[1,-85],[-15,1],[0,-42],[-19,0],[-7,-10],[-6,16],[-4,-6],[-15,-2],[-8,6],[0,-46],[-16,0],[0,-170],[-42,1],[-60,-1],[0,170]],[[276876,639152],[0,85],[-59,-1],[-1,508]],[[276816,639744],[0,174],[1,847],[58,-3],[54,5],[116,-7],[0,-133]],[[275556,636888],[1,-170],[44,4],[1,-85]],[[275582,636377],[-3,-15],[-5,-50],[0,-17],[29,2],[1,-170],[-17,-1],[2,-306],[44,7],[0,-125],[-26,-4],[-1,-5],[-17,-2],[1,-98],[1,-6],[-2,-129],[-4,-9],[-2,-2]],[[287381,637026],[63,-11],[0,20],[6,-2],[2,65],[9,-2],[2,86],[45,-10]],[[287508,637172],[-3,-86],[1,-21],[14,-106],[7,-49]],[[287545,636776],[18,-130]],[[287563,636646],[-12,3],[-1,-30],[-9,2],[-4,-10],[-1,-54],[-11,15],[-6,17],[-6,-3],[-2,-13],[-8,3],[-4,22],[-12,11],[-6,26],[-12,16],[-2,11],[-4,-7],[1,15],[-7,1],[-84,18],[-5,-196],[-1,-42],[-2,-82],[-32,7],[-10,-385],[4,-1],[74,-50],[4,-33],[-1,-27],[-3,-11],[-32,-25],[0,-7],[7,-2],[-1,-80],[-14,3],[-1,-68],[-44,8],[-1,-43]],[[287315,635655],[-20,4],[-3,-103],[-8,-7],[-4,-141],[-10,3],[-20,-30],[3,135],[-22,-7],[-9,-5]],[[287222,635504],[6,40],[8,23],[-4,32],[7,71],[-41,9],[8,307],[7,-7],[11,0],[2,8],[8,3],[4,-7],[8,9],[7,-15],[12,9],[9,409],[-3,4],[-3,20],[-4,68],[-8,31],[-96,18]],[[287160,636536],[3,67],[3,97],[174,-30],[1,26],[4,194],[22,-5],[1,56],[11,3],[2,82]],[[275583,635447],[2,-54],[4,-22],[4,-14],[12,1],[0,-33],[16,-29],[5,-14],[17,1],[10,32],[1,22],[-3,25],[12,1],[9,1],[19,2],[-6,-44],[9,17],[13,-11],[10,1],[7,12],[20,13],[5,20],[21,1]],[[275770,635375],[14,0],[1,-258],[0,-124],[3,-14],[0,-82],[45,-1],[1,-215],[-75,1],[1,-170],[61,-2],[0,-18],[5,-25],[-66,1],[0,-129]],[[275760,634339],[-14,-1],[-19,2],[-44,-6],[-15,-1],[1,-340],[-73,-4]],[[276037,653907],[2,18],[14,1],[2,0],[0,-21],[1,-63],[5,0],[4,0],[3,0],[5,0],[4,1],[5,0],[4,0],[4,0],[20,1],[6,1]],[[276116,653845],[0,-22],[0,-21],[1,-21],[0,-21]],[[276117,653760],[-18,-1],[0,-29],[1,-43],[17,5]],[[276117,653692],[15,0],[4,0],[11,1],[2,0],[19,41],[10,8],[6,-7],[4,-24],[19,1],[5,0],[10,0],[30,3],[10,-3],[2,0],[10,-42],[4,-2],[13,3]],[[276291,653671],[14,-59],[4,-26],[3,-42],[0,0]],[[276312,653544],[0,-83]],[[276055,653473],[1,10],[0,15],[-1,88],[-25,-1],[3,12],[16,14],[6,11],[22,23],[8,24],[4,3],[-4,0],[-28,-3],[0,36],[-4,-5],[-4,-4],[1,19],[-8,-2],[-1,42],[-7,0],[-8,-1],[-4,0],[4,40],[2,24],[2,21],[3,27],[4,41]],[[277883,644129],[31,0],[0,169],[30,1],[-1,85],[30,2]],[[278322,643959],[0,-110],[-2,-50],[-53,-2],[3,-34],[5,-98],[-1,-8],[-10,-13],[2,-480],[-25,0],[-3,-11],[-12,-84],[-6,-24],[-14,-35],[-14,-17],[-13,-8],[-13,-27],[-5,-18],[-12,-70],[1,-101],[-60,2],[2,-307]],[[278092,642464],[-8,12],[-13,-66],[-4,-7],[-23,-4],[-11,4],[1,-143],[-55,-3],[0,-330]],[[277979,641927],[-175,6]],[[278644,650064],[36,81],[0,88],[0,137],[7,32],[5,31],[-11,13],[2,625]],[[278683,651071],[0,8],[-2,170],[41,-2],[8,-42],[13,-108],[13,-5],[3,-15],[164,-3],[0,-166],[60,0]],[[278983,650908],[0,-187],[-1,-153],[-59,1],[0,-85],[40,0],[-5,-58],[0,-25],[41,0]],[[278999,650401],[-5,-29],[-18,-69],[-5,-20],[-8,-49],[-1,-8],[-2,-91],[-9,-55],[-4,-20],[-19,-85],[-7,-64],[-1,-86],[-8,-50],[-20,-55]],[[284133,648123],[6,43],[-3,28],[2,22],[4,1],[5,-14],[6,-49],[4,-8],[9,11],[2,14],[-1,26],[5,13],[11,6],[6,11],[9,34]],[[284198,648261],[2,-40],[5,7],[42,50],[11,23],[8,-1],[20,-12],[0,-17],[4,1],[0,-32],[21,2],[0,-36],[-4,0],[1,-52],[-20,-2],[0,-16],[-3,-1],[-3,0],[4,-37],[1,-86],[11,10],[37,-1],[9,-64],[4,-72],[-7,-66]],[[284341,647819],[-31,-3],[-4,-4],[0,-12],[4,0],[-2,-26],[-3,-31],[1,-70],[-8,-1],[-5,-55],[-1,-12],[1,-52],[1,-5],[0,-5],[-1,-2],[0,-45],[-12,-3],[1,-36]],[[284282,647457],[-26,-5],[-7,6],[-5,-17],[-4,-6],[-5,0],[-6,2],[-3,0],[-28,0],[-24,-3],[-13,-1],[-39,-5],[-6,-2],[-60,-7],[-5,0],[0,8],[-4,0],[0,13],[-16,-2],[0,-12],[-2,0],[0,-10],[-3,0],[-3,0],[-22,-4],[-4,-1],[-5,-8],[-20,-72]],[[283972,647331],[-26,29]],[[283946,647360],[11,43],[6,38],[0,19],[-2,0],[-1,28],[1,28],[1,34],[1,8],[11,1],[4,14],[1,6],[2,18],[11,61],[4,42],[-2,32],[4,21],[7,3],[10,-14],[3,2],[5,12],[0,21],[-14,25],[-11,38],[2,26],[9,12],[9,-20],[12,-40],[5,6],[2,30],[4,-1],[8,-16],[5,-1],[13,24],[2,18],[-9,30],[-1,18],[7,29],[9,23],[7,9],[13,2],[1,3],[7,16],[6,57],[4,12],[15,4],[6,16],[-1,27],[0,-1]],[[282302,642993],[20,1],[1,0],[59,3],[0,-178],[60,0],[-1,182],[60,3]],[[282501,643004],[28,0],[1,-176],[0,48],[11,22],[7,-5]],[[282548,642893],[-2,-24],[0,-38],[14,3],[0,-22],[-4,-30],[-9,-9],[-3,-12],[-7,-8],[-7,-20],[-3,-25],[-11,-60],[-24,-87],[-16,-78],[-33,-1],[1,-222]],[[282444,642260],[-6,-4],[-4,-40],[-6,-8],[-2,-25],[-11,-39],[-30,1],[1,-117],[-10,-52],[-49,-1],[-115,-4],[-48,-1],[16,-109],[-15,-6],[-5,8],[-1,-15],[-9,15],[-4,-3],[-11,-20],[-10,7],[-4,-9],[-2,13],[-11,-5],[-7,-13],[-5,2],[-8,-11],[-87,-4],[-5,28],[-7,72],[-4,24],[-1,23],[-12,-1],[-1,0],[-10,-4],[-11,4],[-37,-1],[-7,-20],[-7,22],[-37,-2],[-74,-2]],[[281685,641957],[-3,33],[-6,-8],[-8,11],[-3,20],[-8,23]],[[281657,642036],[6,24],[6,-6],[-2,7],[12,25],[5,22],[-1,21],[9,53],[4,6],[36,11],[8,8],[3,31],[0,26],[6,26],[3,25],[2,-14],[12,6],[12,24],[-4,31],[6,21],[11,14],[10,-2],[0,68],[59,2],[22,1],[-1,170],[30,1],[0,79],[-1,72],[6,-4],[14,7],[12,-7],[8,2],[16,-18],[7,5],[4,13],[14,9],[5,-11],[12,-10],[8,-14],[7,6],[11,0],[13,14],[6,-5],[5,-19],[3,4],[18,-10],[1,-105],[70,0],[58,7],[-2,336],[96,5]],[[283528,623617],[1,11],[5,-10],[20,-1],[4,6],[-2,33],[-9,32],[3,25],[8,9],[13,7],[9,10],[-1,-16],[6,13],[-1,12],[-7,15],[-10,3],[-15,16],[-18,39],[-1,7],[14,-3],[9,2],[13,20],[7,-3],[4,13],[-14,40],[-6,3],[-6,-3],[-14,4],[12,32],[-1,46],[-4,27],[-1,17],[-10,27],[-2,28],[9,10],[2,-16],[5,0],[11,34],[0,133],[1,70],[-28,-3],[-6,73],[9,24],[10,0],[-4,18],[11,18],[8,-2],[0,-23],[20,0],[-1,-45],[14,1],[0,-12],[10,1],[0,11],[8,0],[4,-10],[0,-16],[7,0],[0,-43],[25,-7],[30,-14],[19,-11],[13,-3],[15,2],[0,151],[-19,-2],[-1,43]],[[283706,624460],[20,1],[0,120],[3,-8],[9,4],[3,12],[35,1],[10,2],[-4,22],[-10,21],[-5,5],[-5,37],[-1,24],[-12,2],[-3,16],[-6,7],[3,21],[-4,2],[1,6],[9,1],[7,24],[13,38],[5,22],[65,7],[-1,145],[11,10],[5,18],[3,84],[40,3],[11,24],[0,62],[4,0],[0,43],[14,1],[1,-107],[14,-8],[15,1],[-1,-82],[1,-1],[1,5],[5,-2],[8,-22],[29,4],[0,-64],[5,0],[0,-18],[10,0],[0,22],[23,1],[6,129],[29,0],[-4,-24],[-1,-31],[0,-25],[2,-15],[26,-2],[-1,-74],[15,0],[0,-117],[76,-158],[-1,-11],[7,-14],[0,-35],[9,-3],[-3,-60]],[[284031,624373],[-8,21],[-14,1],[-12,-259],[-3,-53],[-2,-53],[-34,30],[0,-64],[-13,0],[0,36],[-16,0],[2,45],[-4,0],[0,-34],[-7,0],[1,40],[-9,-1],[-3,-36],[2,-14],[18,0],[0,-231],[4,-19],[-4,-9],[4,-20],[-6,-26],[3,-38],[-11,-19],[-3,-13],[-8,-8],[-1,-5],[3,-9],[-8,-24],[2,-27],[6,-13],[9,11],[17,5],[6,-16],[8,-7],[13,-25],[5,-2]],[[283968,623537],[-2,-61],[-10,-3],[-27,0],[-14,11],[-14,1],[-1,16],[-18,10],[0,-84],[-18,-1],[1,-28],[7,0],[0,-54],[-15,-1],[0,-50],[-6,-11],[-8,7],[0,-195],[-21,-29],[-4,-15],[-8,-1],[-13,-10],[2,45],[6,44],[-2,16],[-3,182],[-23,19],[-11,4],[-40,51],[-19,23],[1,118],[-4,14],[-7,-1],[0,41],[-13,3],[-17,-5],[1,-123],[0,-36]],[[283909,624935],[46,0],[0,85],[-34,0],[0,-56],[-13,2],[1,-31]],[[280719,631117],[2,1],[0,-6],[8,0],[0,6],[11,1]],[[280794,631124],[4,-28],[2,-10],[3,-8],[1,-4],[28,-36],[15,-19],[13,-27],[6,-36],[4,-56],[0,-9],[8,-104],[14,-163],[7,-77],[-8,-43],[0,-36],[2,-8],[-2,-9],[-3,-1],[3,-19],[0,-26],[-2,-1],[1,-71],[1,0],[0,-9],[-1,-45],[2,0],[-1,-76],[0,-35],[0,-61]],[[280891,630107],[-14,-1]],[[280877,630106],[-11,-1],[-5,1],[-18,-2],[-30,-1],[-18,0],[-21,-2],[0,0],[-6,-1],[-14,0],[-22,-1],[-17,-1]],[[280715,630098],[0,57],[0,34],[0,37],[0,85],[3,0],[0,37],[-3,1],[0,90],[0,35],[0,136],[0,14],[0,14],[1,19],[4,23],[1,15],[1,15],[-6,63],[-1,1],[1,13],[-1,83],[0,54],[2,1],[1,21],[1,58],[-4,4],[-1,24],[3,0],[2,85]],[[283587,648761],[7,0],[0,-42],[54,-4],[4,-19],[2,3],[0,-67],[26,24],[17,22],[17,1],[14,1],[1,-65],[7,0],[0,-19],[15,1],[8,0],[14,0],[1,-20],[0,-26],[2,-9]],[[283776,648542],[-1,-16],[1,-55],[0,-42],[0,-1],[1,-51],[10,-116],[1,-1],[0,-3],[2,-36],[1,-47],[1,-79]],[[283792,648095],[0,-28],[0,-79],[1,-41],[0,-44],[1,-128],[3,-42],[6,-82],[1,0],[6,-85],[7,-37],[-8,-2],[-17,0]],[[283792,647527],[-25,-1],[-11,-7],[-10,-14],[-5,-13],[-14,-45],[-11,-40],[-6,-22],[-18,-65],[0,-4],[-25,-93],[-45,-165],[-2,0],[-16,1],[0,-31]],[[283604,647028],[-30,28],[0,-68],[-1,0],[-36,16],[-24,-2],[-29,-3]],[[283484,646999],[-14,-1],[-16,7],[-7,3],[-7,2],[-88,-2],[-45,-1],[-30,-1],[0,-70],[-1,3],[-4,-9],[-9,4],[-1,20],[-13,-2],[-14,-18]],[[283235,646934],[-1,0],[-3,2],[-27,5],[0,82],[-1,44],[28,1],[0,128],[19,0],[0,24],[-3,19],[5,0],[-4,20],[0,31],[7,22],[3,25],[-58,58],[61,-52],[-2,239],[-2,455],[0,75]],[[280686,644628],[60,-3],[-1,75],[3,14],[-20,84],[17,-3],[69,0],[5,-73],[8,8],[0,24],[5,8],[-2,34],[39,0],[0,-40],[6,-43],[9,-2],[0,-84],[30,0],[-1,80],[0,90],[0,182],[58,6],[291,24]],[[281262,645009],[55,2],[4,-11],[-6,-19],[-6,-30],[-1,-15],[2,-25],[11,0],[0,-59],[13,0],[25,7],[2,-29],[8,-18],[12,1],[59,3]],[[281440,644816],[1,-97],[-10,5],[-5,-24],[4,-19],[2,-29],[-5,5],[-10,-9],[-14,-4],[-22,-2],[1,-138]],[[280653,644291],[3,24],[-9,10],[-3,18],[8,2],[5,29],[-1,86],[-21,0],[0,49],[-9,8],[0,114],[60,-3]],[[280690,629748],[6,-1],[1,-3],[0,-17],[-6,-2],[-1,23]],[[280431,629736],[7,3],[0,19],[13,-1],[28,-10],[10,20],[5,39],[-6,9],[0,15],[8,-2],[2,33],[8,2],[17,-20],[7,-2],[0,-35],[4,-16],[-7,-42],[7,-3],[1,0],[30,2],[0,0],[0,-8],[18,1],[0,9],[12,0],[29,2],[30,2],[30,2],[4,0],[0,-36],[7,1],[0,-19],[15,-3],[3,0],[0,51],[5,0],[0,9],[54,2],[0,0],[2,0],[26,2],[5,0],[2,0],[2,0],[12,-1],[11,0],[14,0],[0,-42],[7,0],[0,19],[2,24],[6,0],[8,1],[5,0],[3,1],[-1,85],[0,22],[0,0],[-1,34],[1,2],[-1,0],[0,47],[1,1],[0,3],[-3,36],[4,3],[0,18],[0,54],[0,37]],[[280891,630107],[59,7],[26,2],[33,2],[14,1],[15,2],[4,0],[25,2],[1,0]],[[281068,630123],[44,0],[36,1],[15,2],[-1,-128],[27,2],[3,-14],[-1,-79],[2,-6],[5,-4],[11,1],[-3,103],[15,1],[1,43],[5,0],[2,-31],[9,-18],[26,-64],[2,-12],[-3,-44],[32,2],[0,-173]],[[281295,629705],[0,-5],[0,-77],[-14,-3],[-5,-66],[-2,-72]],[[281137,629471],[-11,-1],[-1,-14],[-30,1],[-3,39],[-12,22],[-6,27],[-5,1],[-3,0],[-46,-1],[-6,1],[-4,0],[-17,-3],[2,-24],[11,-31],[1,-117],[-58,-6],[0,43],[-14,-1],[0,-6],[3,-38],[-9,86],[-28,-2],[-7,-1],[-3,0],[0,20],[-4,-1],[-3,-8],[-3,-9],[-1,-3],[0,0],[-5,-1],[-29,-3],[0,-3],[-18,1],[-11,-1],[0,-34],[0,-51],[-44,-3],[0,-85],[0,-6],[1,-168]],[[280714,629086],[0,171],[0,55],[-8,-13],[-11,-1],[-9,0],[-1,0],[0,-27],[-5,0],[0,26],[-10,-12],[-10,-4],[0,-20],[-4,-1],[0,-8],[-2,0],[-9,0],[-3,-43],[-12,0],[0,-43],[7,0],[0,-86],[-41,-1],[-20,-2],[-23,50],[-19,16],[-12,49],[0,1],[-21,34],[-1,1],[-14,9],[-21,-73]],[[276476,652119],[23,0],[7,1],[21,0],[25,2],[22,2],[8,1],[1,0]],[[276583,652125],[1,-7],[-5,-2],[-2,-13],[0,-24],[8,-22],[0,-27],[-4,-18],[3,-16],[12,-11],[0,-37],[-11,0],[0,-55],[1,-140],[0,-143],[-9,0],[0,-48],[10,-28],[0,34],[15,0],[24,0]],[[276626,651568],[6,-1],[0,-42],[-20,0],[-8,-26],[-2,-1],[0,-7],[-2,6],[-6,-14],[-7,0],[-58,2],[-1,-11],[2,-159],[-6,-19],[-1,-6],[0,-17],[6,0],[0,-99],[12,-7],[3,37],[6,23],[8,1],[4,-30],[-2,-24],[-7,-29],[2,-19],[4,-6],[7,-7],[7,5],[7,-15],[9,0],[0,-25],[-1,-88],[0,-7],[0,-47]],[[276588,650936],[-14,0],[0,-85],[-12,0],[-11,0],[0,-50],[-51,-3],[0,-32],[-26,0]],[[280576,633499],[54,2],[6,0],[16,1]],[[280725,633504],[-1,-22],[5,1],[1,-135],[2,-14],[-8,0],[0,21],[-6,0],[0,-21],[3,0],[-1,-75],[2,-54],[-5,-1],[0,-44],[3,-12],[1,-71],[0,-79],[-4,-7]],[[280724,632814],[-6,-1],[-3,9],[-4,-13],[0,-62],[-8,1]],[[280703,632748],[8,72],[-17,-2],[0,-12],[-5,-20],[-10,4],[-1,-30],[-11,8],[0,39],[-7,-2],[0,5],[-8,9],[-14,-2],[-16,-40],[0,41],[-27,1],[-2,-10],[-11,0],[-1,7]],[[279049,634906],[30,87],[118,-2]],[[279197,634991],[-1,-169],[45,-1],[0,-20],[16,6],[5,8],[8,-6],[3,-16],[12,-10],[0,-224],[59,-1],[0,-85],[29,1],[0,-169],[10,1],[7,15],[2,12],[10,0],[0,-27],[57,-2],[0,-126],[-29,0],[-1,-212],[29,0],[0,10],[36,2],[0,27],[9,4],[18,62],[4,21],[5,0],[1,-36],[-1,-6],[-3,-13],[-10,-29],[0,-128],[8,0],[0,-47],[-1,-4],[-7,-16],[-6,-8],[-6,-11],[0,-46],[6,-32],[9,-12],[0,-82],[15,-1],[29,-1],[1,64],[13,-1],[0,-62],[15,-2],[0,-84],[15,1],[0,-80]],[[279608,633456],[-59,-1],[-29,0],[-58,-1],[0,-150],[0,-50],[-1,15],[-3,12],[-2,2],[-38,0],[0,-32],[-4,8],[-11,15],[0,160],[0,21],[-19,-1],[-25,-1],[-63,0],[-8,0],[-2,0],[10,-22],[-10,-24],[1,-34],[7,-19],[2,-42],[-8,-15],[-17,4],[0,-64],[29,-32],[15,-6],[0,-84],[-32,0]],[[279283,633115],[-44,1],[0,40],[-2,92],[4,50],[0,29],[-73,4],[0,-42],[-88,-4],[0,85]],[[279080,633370],[10,1],[3,8],[2,11],[0,65],[-44,-1],[0,171],[0,174],[94,-1],[-1,29],[-6,20],[0,35],[0,85],[0,82],[-30,2],[0,37],[-2,23],[-19,25],[-37,1]],[[279050,634137],[0,57],[-1,113],[2,-1],[57,-1],[1,170],[-44,1],[-16,3],[0,342],[0,85]],[[278611,617164],[17,-1],[19,-1],[19,1],[75,-4],[6,0],[157,2]],[[281131,632911],[10,1],[15,9],[0,-14],[9,1],[1,30],[10,12],[13,-9],[5,7],[-2,13],[4,6],[0,16],[-4,23],[10,21],[0,19],[2,27],[3,9],[7,2]],[[281214,633084],[22,0],[0,-43],[-14,-2],[-1,-39],[-15,-1],[0,-127],[0,-43],[-3,-26],[9,-6],[20,0],[0,-39],[5,0],[1,-34],[-28,-54],[-22,-43]],[[281188,632627],[-14,-27],[0,11],[-28,0],[-1,-2],[1,-18],[-1,-10],[-23,-1],[0,83],[17,3],[0,27],[-7,9],[0,31],[4,23],[-4,80],[-1,1],[0,74]],[[278726,645001],[27,168],[46,0],[60,0],[0,138],[-13,14],[1,37],[-14,13],[0,24],[-11,27],[35,2],[-6,27],[2,26],[6,27],[1,174],[-29,-2],[17,86],[-47,-2],[-1,237],[37,-1],[-3,76],[4,53],[8,36],[12,3],[2,129],[3,44],[-6,1],[0,171],[-57,-2],[-3,2],[-3,-1],[-57,2]],[[278781,647522],[3,60],[-39,203],[-12,73],[34,2],[29,6],[1,35],[3,84],[14,0],[11,-7],[33,1],[14,27],[6,24],[162,0],[75,0],[1,83],[44,0],[0,-84],[30,0]],[[279190,648029],[90,0]],[[279280,648029],[59,-1],[6,0],[11,-49],[18,-38],[10,-52],[9,19],[5,1],[-1,-340],[3,-4],[-1,-38],[4,-5],[3,36],[12,-12],[14,18],[10,-2],[1,-21],[-7,-23],[-4,-32],[1,-58],[7,-7],[0,-18],[-8,0],[-1,-15],[8,-20],[0,-11],[12,10],[6,22],[10,9],[0,28],[-8,13],[0,75],[60,-1],[0,-169],[59,0],[1,-103],[8,16],[11,8],[5,31],[17,26],[6,6],[9,-10],[7,-29],[1,-16],[12,-42],[9,-7],[3,13],[5,-2],[3,-25],[17,-47],[31,-77],[14,-81]],[[279737,647005],[-33,-1],[-8,1],[1,-82],[51,-3],[9,-20],[0,-107],[-1,-290],[0,-7],[-119,1],[0,-42],[-31,1],[1,-162],[-3,-16],[11,-35],[8,0],[7,-26],[8,-22],[10,-15],[3,-38],[14,-45],[1,-24]],[[279666,646073],[-29,0],[-1,-84],[-104,1],[0,143],[-22,27],[-37,0],[0,-43],[-22,-13],[-1,-46],[4,-23],[-3,-45],[-54,0],[0,127],[-20,0],[12,87],[-13,3],[-6,-35],[-11,-19],[-11,-49],[-9,-7],[-2,2],[-22,10],[-8,-12],[-11,-29],[-4,-25],[-5,-8],[-13,2],[-12,-30],[-9,-16],[-10,-37],[-9,-21],[-18,0],[-18,-29],[-3,-35],[-7,-39],[-3,-30],[-6,-21],[-6,-36],[-5,-22],[-10,-23],[-22,-26],[-17,7],[-8,0],[-16,-22],[-17,-16],[-2,-6],[7,-51],[-2,-41],[2,-43],[-6,-29],[-7,-5],[-15,-45],[-1,-14],[6,-30],[-8,-29],[1,-10],[9,-31],[-2,-28],[-12,-55],[-5,-70],[-6,-13],[0,-6]],[[279037,645135],[-21,-41],[-4,-16],[-3,-35],[-7,-46],[-201,4],[1,-29],[0,-138],[-50,2]],[[282089,625403],[1,83],[-8,6],[0,46],[10,33],[3,58],[9,-12],[2,-36],[10,-9],[18,2],[0,148],[-5,18],[-5,28],[-3,-2],[8,61],[0,31],[0,29],[13,38],[2,33],[-5,17],[0,19],[10,12],[1,91],[10,2],[4,8],[4,21],[12,27]],[[282231,625155],[-55,-1],[0,-252],[0,-8],[-2,0],[-1,-25],[-3,-13],[-6,-51],[0,-31],[-4,-24],[-6,-13],[-5,-22],[-6,-51],[-5,-27],[6,-50],[0,-18],[-1,-14],[-25,0]],[[282118,624555],[-58,-1]],[[282060,624554],[0,167],[14,1],[0,168],[0,43],[-15,1],[0,42],[-58,-29],[0,111],[-5,2],[-9,169],[102,3],[0,171]],[[278847,627497],[43,0],[0,-32],[14,3],[28,1],[0,40],[0,69],[-10,23],[-12,66],[-9,8],[0,76],[86,1],[7,-8],[8,7],[15,-1],[110,1],[3,53],[0,31],[57,1]],[[279187,627836],[-4,-63],[-7,-46],[-3,-62],[9,2],[51,0],[1,36],[13,11],[0,-3],[1,-45],[2,-1],[-2,-107],[1,-33],[1,-97],[0,-90],[14,40],[9,-32],[5,-9],[7,-33],[6,-42],[1,-29],[7,-16],[4,-25],[6,-24],[-1,-19],[0,-59],[-14,-21],[0,-64],[-15,-1],[-1,-11],[-7,-25],[-12,-25],[-9,-23],[0,-181],[7,14],[3,19],[8,15],[32,29],[0,18],[7,18],[5,-4],[1,20],[6,21],[0,13],[7,39],[6,5],[5,26],[0,150],[59,74],[-1,-88],[-9,-26],[6,-46],[9,-28],[0,-23],[11,9],[10,-1],[18,37],[25,13],[9,-3]],[[279590,626642],[-58,3],[3,-3],[0,-38],[-8,0],[0,-46],[29,0],[0,-214],[0,-38],[-35,-48],[-22,-38],[-1,-14],[0,-72],[-14,-3],[-2,-42],[3,-56],[-2,-9],[-15,23],[-6,17],[-24,38],[-12,-19]],[[279426,626083],[0,158],[-11,12],[-10,22],[3,114],[-21,4],[-5,11],[-13,7],[10,29],[-26,2],[1,85],[-25,5],[0,-39],[-34,0],[0,-77],[-24,25],[-19,16],[-42,38],[5,-21],[7,-2],[14,-27],[4,-19],[1,-37],[-6,-31],[-8,-29],[-6,-12],[-7,-1],[-5,-20],[-4,0],[-6,-26],[-9,-10],[-4,-21],[3,-9]],[[279189,626230],[-2,-33],[-3,-6],[-4,-36],[10,-13]],[[279190,626142],[7,-42],[3,-38],[-5,-13],[-2,-21],[8,-12],[-1,-15],[7,-59],[1,-7],[0,-47],[-29,1],[1,-129],[-5,1],[0,-33],[-9,-2],[3,-24],[-4,0],[1,-69],[4,0],[0,-12],[-8,0],[1,-24],[0,-42],[29,-3],[0,-63]],[[279192,625489],[-12,-5],[-17,19]],[[282286,629859],[45,-2],[0,-38],[14,0],[1,0],[11,0]],[[282357,629819],[49,-1],[1,-144],[-15,1],[0,-172],[73,-2],[0,172]],[[282502,629671],[1,-38],[-1,-22],[3,-31],[-6,-41],[0,-12],[7,-23],[-1,-17],[7,-72],[2,-55],[8,-92],[8,-27],[2,-25],[14,-15],[9,-23]],[[282589,628483],[-29,0],[0,-81],[5,-28],[13,-15],[-3,-8],[3,-10],[-5,-14],[-7,-16],[-36,0],[-31,10],[0,160],[-14,-68],[-5,-16],[-2,-27],[-6,-20],[2,-15],[-3,-11],[-8,-1]],[[283661,637792],[14,-7],[25,14]],[[283700,637799],[1,-362],[204,4],[55,1],[1,-169],[29,1],[0,169],[29,2],[1,-169],[29,0]],[[284082,635439],[-17,-3],[-16,14],[-8,0],[-15,18],[1,-44],[-23,-1],[-41,7],[-51,-4],[-51,1],[-6,32],[-34,139],[-27,-1]],[[283794,635597],[-1,330],[0,2],[1,0],[0,64],[-36,1],[-1,-3],[1,-62],[-17,1],[-6,23],[-1,271],[-1,130],[59,-1],[0,86],[0,121],[59,-3],[0,223],[-1,152],[-58,-1],[-59,0],[-1,254],[59,-1],[-1,85],[-88,-1],[1,-84],[-30,-1],[-1,253]],[[283672,637436],[-1,315],[-42,-1],[0,30],[12,18],[11,-22],[9,16]],[[280351,632297],[17,0],[8,0],[36,3],[0,-5],[25,-3],[0,-8],[0,-28],[3,28],[8,-1],[14,4]],[[280462,632287],[0,-32],[2,-33],[0,-5],[-2,-62],[0,-24],[0,-8],[0,-10],[2,0],[0,-17],[-1,0],[0,-15],[14,0],[0,39],[1,0],[0,-61],[-6,10],[-9,2],[0,-25],[0,-15],[0,-96],[0,-60],[15,1],[0,-65],[2,-14],[-21,13],[0,-10],[7,-10],[-17,-1],[2,-34],[7,-11],[-2,-1],[-4,1],[-4,5],[1,-52],[6,-1],[2,-44],[8,0],[0,-43]],[[280465,631609],[-4,-29],[-16,-2],[-2,34],[-13,4],[0,-31],[-11,14],[0,16],[-19,-2],[-21,0]],[[280379,631613],[-7,65],[-2,30],[-1,7],[0,22],[-1,47],[0,65],[-2,31],[-9,74],[-3,34],[-1,26],[0,21],[0,2],[-1,0],[0,28],[0,19],[0,41],[0,6],[-1,79],[0,43],[0,44]],[[279129,631742],[58,-1],[-2,21],[0,149],[157,-2],[0,17],[-11,3],[-8,25],[-5,-5],[-9,26],[-2,31],[-4,14],[-7,6],[-1,11],[-8,5],[0,121],[7,11],[2,22],[14,6],[3,-3],[4,14],[11,4],[4,-9],[19,25],[3,16],[29,-1],[-13,36],[-10,32],[0,3],[0,98],[58,-1],[0,8]],[[279418,632424],[134,-2]],[[279845,632353],[0,-4],[1,0],[2,-43],[5,0],[1,-32],[-5,3],[-2,-12],[16,-1],[12,-9],[0,-59],[15,0],[0,-16],[7,-33],[9,-19],[0,-11],[-6,-10],[3,-40],[8,-20],[-6,-36]],[[279821,631191],[12,-84],[1,-37],[-45,-4],[-21,-1],[3,-34],[0,-25],[1,-4],[6,-16],[6,-8],[20,1],[0,-70],[-16,-2],[-4,-16],[0,-33],[-9,-5],[-12,14],[-4,21],[2,36],[-3,20],[-8,21],[-10,0],[2,-14]],[[279742,630951],[-27,-11],[-6,7],[-10,15],[-3,-6],[-5,11],[-3,41],[-6,13],[-7,0],[-2,32],[-17,-2],[-145,-1],[0,-85],[-44,0],[-5,-29],[-9,-32],[-5,-9],[-2,-15],[-33,0],[-2,-16],[2,-33],[-3,-19],[0,-22],[-3,-8],[2,-30],[0,-41],[-47,0]],[[279324,630712],[-5,3],[-1,34],[-5,6],[-3,42],[7,0],[0,44],[-8,-1]],[[287122,641429],[13,-6],[-1,20],[10,1],[1,-52],[7,19],[7,-14],[0,-38],[-7,0],[-5,-50],[-1,15],[-9,0],[-1,28],[-8,15],[0,32],[-6,0],[0,30]],[[285881,658227],[0,38],[30,-2],[1,24],[13,0],[0,49],[0,33],[0,85],[49,1],[5,-15],[19,-32],[15,-31],[0,37],[-2,126],[15,0],[29,0],[-1,170]],[[286054,658710],[34,0],[3,21],[1,4],[7,18],[15,-1]],[[286114,658752],[0,-38],[15,0],[1,-172],[-13,-1],[-4,-10],[0,-10],[0,-66],[-5,-12],[-4,2],[-4,-7],[3,-13],[-1,-22],[14,-3],[-4,-13],[-9,-9],[6,-15],[8,-14],[0,-19],[-8,0],[-7,-16],[0,-24],[4,-1]],[[286106,658289],[0,-24],[2,-2],[-3,-14],[-6,-14],[-2,-60],[1,-13],[4,-22],[0,-53],[4,-22],[7,-18],[0,-14],[1,-9],[0,-7],[-1,-21],[-2,-13],[9,0],[0,-33],[43,-4],[-1,-81],[16,0],[15,1]],[[286193,657866],[30,0]],[[286223,657866],[0,-61],[9,-4],[3,-20],[4,0],[2,-27],[1,-51],[5,-10],[0,-71],[-9,21],[-15,12],[-7,1],[-19,18],[-17,-20],[0,-9],[-1,-33],[-76,-3],[0,-85],[0,-42]],[[286103,657482],[-14,0],[0,-42],[-13,0],[0,84],[-94,-1],[-55,0],[0,168],[-3,-7],[-27,-120],[-19,-41],[-11,-1],[0,-87],[-60,-1],[0,25],[-15,0],[0,15],[-9,1],[0,25],[-3,21],[-3,0]],[[285777,657521],[0,13],[-1,327],[61,1],[-1,224],[0,79],[0,36],[45,0],[0,26]],[[286223,657866],[60,1],[-1,391],[14,-4],[6,-48],[13,-48],[7,-23],[25,-58],[21,-46],[-1,156],[15,1],[0,32],[0,34],[64,17],[2,-38],[8,-24],[9,-8],[8,8],[1,31],[7,0],[1,27]],[[286482,658267],[5,-6],[0,-42],[0,-32],[9,-21],[5,1],[3,-2],[6,-9],[2,6],[9,-17],[0,-60],[29,-1],[0,-43],[37,-3],[10,-28],[2,-36],[5,-16],[7,-2],[0,-44]],[[286611,657912],[1,-126],[-23,-1],[-38,1],[-15,1],[0,-24],[-15,0],[0,-8],[-8,10],[-5,5],[-10,2],[-27,-60],[-6,-140],[26,1],[0,43],[15,0],[0,-12],[-14,-42],[7,-20],[0,-12],[-24,0],[-33,1],[-3,-2],[-26,0],[28,-69],[3,-23],[2,-73],[-39,-1],[-6,2],[1,-88],[1,-257]],[[286224,656972],[-17,0],[0,41],[-14,1],[0,-26],[-14,0],[0,21],[-6,23],[6,18]],[[286179,657050],[15,46],[0,10],[12,34],[3,38],[-45,5],[-1,170],[-12,-1],[0,65],[-8,0],[0,23],[-9,1],[1,41],[-32,0]],[[285603,659200],[2,-141],[15,1],[-1,57],[75,3],[1,-84],[11,0],[1,-42],[8,0],[-2,-11],[28,1],[0,-32],[15,1],[0,43],[16,1],[31,-1],[0,44],[30,2],[0,-42],[15,1],[0,-43],[8,0],[0,-40],[8,0],[0,-143],[-4,-26],[-3,-27],[12,-4],[9,-13],[-6,0],[-2,-18],[-5,0],[-4,-19],[-6,-3],[-2,-23],[-11,-17],[-4,-2],[0,-41],[-5,4],[-28,0],[0,-53]],[[285805,658533],[-33,-1],[-58,-2],[-28,-1],[-16,-1],[-46,-2],[-27,0],[-28,0],[-61,-4],[0,88],[-4,-4],[-71,-3],[-1,85],[-15,-1],[-30,-1],[-60,-2],[0,42],[-27,1],[-4,-1],[-1,-54]],[[285295,658672],[-7,39],[-3,27],[-15,33],[-10,12],[0,18],[6,8],[0,18],[-4,3],[3,22],[7,-2],[-2,13],[-2,50],[2,7],[-3,15],[-32,-1],[0,-85],[-30,-1]],[[285205,658848],[-1,331],[-1,64],[5,14],[9,2],[3,12],[14,8]],[[287426,642389],[10,-7],[5,20],[18,30],[6,3],[0,29],[-8,27],[-18,36],[2,21]],[[287453,642803],[14,0],[0,42],[15,0],[0,-41],[74,2],[0,43],[30,1],[0,35],[13,0],[0,9],[2,0],[10,0],[-13,85],[4,3],[0,81],[-16,0],[-2,10],[4,0],[0,37],[8,2],[0,36],[-4,0],[0,65],[-15,-6]],[[287537,643192],[-54,-20],[0,97],[-1,219],[-18,-40],[-10,-2],[-1,74],[15,1],[0,43],[28,0],[5,-63],[9,6],[2,-25],[15,21],[8,-4],[7,5],[1,25],[14,0],[0,190],[22,1],[0,22],[7,0],[1,30],[-9,-1],[-5,14],[0,41],[28,2],[0,83]],[[287601,643911],[89,5],[0,-290],[30,27],[0,265],[59,3]],[[287780,642900],[-1,-596],[-10,0],[-3,-27],[-13,-4],[-4,-20],[-1,-36],[-6,-11],[-3,-51],[10,0],[0,-74],[8,1],[0,-33],[7,0],[0,-38],[15,-1],[0,-45],[98,2],[9,-88],[41,0],[3,1],[55,-1],[23,-57],[-2,-28]],[[288006,641794],[-80,0],[1,-126],[-15,0],[-7,-11],[-8,-1],[0,-327],[-59,-1],[0,-43],[-11,0]],[[286963,635728],[36,-8],[4,13],[-1,29],[-6,11],[4,286],[4,170],[59,-13],[9,342]],[[287072,636558],[88,-22]],[[287222,635504],[-143,31],[-51,11],[4,-17],[-9,-37],[-5,-28],[-1,-18]],[[287017,635446],[-10,32],[-5,33],[3,17],[-4,23],[-41,9],[2,91],[1,77]],[[285869,646754],[119,2],[1,0],[0,-110],[6,3],[0,18],[5,2],[-1,16],[7,6],[1,17],[5,10],[6,1],[2,-21],[-2,-25],[6,-3],[5,9],[14,1],[5,-15],[1,262]],[[286184,646510],[3,-32],[11,-28],[9,-4],[13,6],[2,-37],[5,-25],[-1,-17],[-6,-19],[-12,-17],[-5,2],[-5,-44],[0,-171],[-30,0],[0,-206],[1,-9],[29,1],[1,-172],[29,1],[0,-33],[-14,1],[0,-48],[15,0],[0,-40],[-15,0],[0,16],[-18,0],[0,-65],[-4,0],[0,47],[-22,0],[0,-49]],[[286170,645568],[-46,0],[-4,-28],[-6,-12],[-3,-19],[-1,59],[-59,-2]],[[286051,645566],[-58,0],[-3,2],[-60,-1]],[[285930,645567],[-23,2],[4,11],[-1,14],[11,24],[-3,39],[4,21],[-1,17],[-34,39],[-16,-1],[0,22],[-7,9]],[[285864,645764],[-43,54],[-6,11],[5,15],[-2,16],[5,25],[16,20],[-28,0],[0,170],[-60,0]],[[285751,646075],[0,84],[-60,0],[0,85],[60,0],[0,170],[59,0],[0,116],[9,28],[7,-5],[7,-42],[17,-10],[9,26],[11,-19],[-1,246]],[[285880,625094],[1,45],[26,1],[-2,5],[0,40],[13,-5],[2,52],[2,-4],[5,-14],[5,-7],[1,13],[5,1],[1,4],[14,4],[1,-6],[8,-1],[1,9],[16,-1],[-2,-43],[-2,-8],[-6,-19],[-13,-85],[5,-2],[-5,-30],[0,0]],[[285956,625043],[-4,-24],[-9,-31],[-10,-31],[1,-15],[-4,-36],[-1,-50],[-1,-17],[0,-15],[-21,8],[-2,-4],[-6,-40]],[[285864,624832],[8,39],[10,20],[0,8],[2,9],[-10,22],[2,17],[-13,58],[-6,11],[-5,2]],[[285852,625018],[2,47],[8,12],[4,-3],[3,-3],[8,-24],[10,-31],[6,-6],[0,14],[4,24],[12,35],[-5,16],[-3,-16],[-22,-1],[1,12]],[[286382,646583],[10,-14],[13,1],[10,18],[5,24],[7,20],[7,6],[8,-7],[15,-43],[8,-11],[-8,15],[-15,45],[8,0],[0,43],[15,0],[0,-24],[17,0],[0,24],[12,0],[30,0],[-1,85],[60,2],[0,168],[29,2],[1,-169],[87,2],[3,1],[0,-264],[12,11],[3,-8],[5,-13],[11,0],[6,-5],[8,11],[1,10],[2,14],[2,10],[3,4],[8,6],[6,21],[-3,39],[26,-1]],[[286793,646606],[0,-172],[0,-171],[-30,0],[1,-43],[-16,0],[1,-85],[-13,-1],[0,-42],[28,1],[0,-129]],[[286741,645921],[-7,26],[-7,-25],[6,-38],[-4,-17],[-5,0],[-1,32],[-18,6],[0,-50],[-13,17],[1,-28],[7,-19],[3,-35],[1,-29],[-2,-15],[-7,-32],[-4,-27],[-5,-8],[1,-9],[-8,-52],[-10,-35],[-7,-46],[-8,-30],[-1,-12],[-4,-4],[0,54],[-59,-103],[-16,-27],[-10,-8],[-33,-2],[0,168],[-88,-2],[0,-210],[-24,-2],[-5,-7],[0,51],[-37,-3]],[[286360,645398],[-12,7],[-59,-2],[-119,-3],[0,168]],[[287178,653630],[4,20],[11,11],[-1,13],[45,2],[-3,338],[60,3],[61,3],[59,-4]],[[287414,654016],[3,-232],[21,1],[12,7],[8,15],[-1,36],[3,9],[98,4]],[[287558,653856],[1,-167],[-3,0],[4,-53],[0,-32],[23,-1],[1,-82],[22,0],[1,-109],[-2,10],[-13,2],[0,10],[-15,0],[0,-84],[-5,0],[0,-86],[21,1],[0,-20],[16,1],[0,-20],[-18,0],[0,-336],[0,-96],[0,-56],[0,-19],[0,-148],[-17,15],[-14,6],[-30,-1],[0,-68],[6,-5],[10,8],[10,-10],[6,-15],[6,-23],[1,-18],[4,-15],[18,-8],[0,-58],[-1,-170],[-11,0],[-2,-85],[-17,0],[0,-86],[-1,-25],[-15,0],[0,-53],[10,0],[-3,-31],[6,-13],[5,-20],[-2,-29],[6,-80],[4,-21],[-7,-19]],[[287563,651747],[-27,1],[-7,-43],[-30,-1],[0,17],[-3,0],[-2,17],[-10,0],[0,-34],[-74,-3],[-45,-2],[0,85],[-60,2],[0,-85],[-15,0]],[[287290,651701],[0,170],[-59,-9],[0,643],[-60,-2],[0,377],[-76,1],[0,31],[0,11],[15,0],[4,11],[0,16],[7,-1],[7,26],[3,0],[2,33],[7,0],[1,47],[0,170],[60,0],[-5,26],[2,14],[-9,20],[-15,-20],[-4,0],[2,32],[-7,9],[0,26],[15,0],[0,29],[7,0],[0,8],[8,1],[-1,134],[15,0],[-1,55],[-12,-11],[-7,-1],[-9,11],[-2,72]],[[287812,647803],[25,0],[0,180],[113,2],[-8,-36],[-5,-13],[-1,-17],[8,-20],[1,-18],[-5,-24],[-3,-52],[94,2],[0,178],[32,0],[25,0]],[[287777,646343],[0,276]],[[287777,646619],[0,293],[0,47],[0,309],[-1,197],[31,0],[-1,166],[1,84],[4,3],[1,16],[0,69]],[[283975,619359],[25,77],[31,66],[3,12],[27,42],[19,38],[21,36],[19,27],[12,22],[26,42],[25,36],[21,35],[21,30],[17,30],[1,9],[19,30],[23,47],[22,59],[8,21],[20,27],[21,15],[6,2],[8,0],[12,-6],[25,-2],[8,-4]],[[284415,620050],[-3,-101],[-12,-5],[-5,-18],[4,-30],[-5,-19],[20,16],[7,-32]],[[284421,619861],[24,-109],[2,-35],[1,-6],[-8,-7],[2,-40],[-5,-19],[-2,-14],[2,-30],[6,-4],[1,-33],[2,-68],[-4,-23],[-2,-45],[2,-15],[-4,-47],[-4,-11],[-4,-38],[-2,11],[-17,-14],[2,-28],[-2,-74],[5,10],[13,-5],[7,11],[5,-56],[-1,-34],[-30,-32],[-2,-41],[3,-55],[3,-15],[2,-13],[-6,21],[-13,11],[-12,1],[-21,39],[-29,41],[-27,-7],[-8,6],[-2,6],[-7,46],[-6,11],[-8,19],[-8,3],[-8,-2],[-15,-14],[-2,1],[2,-28],[-17,8],[-7,28],[0,13],[-6,25],[-6,-7],[-5,-27],[-10,2],[-2,-35],[-13,-20],[-3,29],[-8,2],[-1,-24],[-8,-14],[7,-29],[-34,-66],[-12,-20],[-15,-18],[-4,38],[-8,2],[-14,-24],[-6,-18],[9,-37],[-7,-30],[-2,-5]],[[284074,618909],[-7,-13],[-9,11],[-7,-6],[-16,2],[-13,70],[0,24],[-9,18],[-8,25],[-12,50],[-12,25],[-11,13],[-4,9],[-1,16],[52,114],[-7,20],[44,106],[-12,56],[-13,-32],[-21,-35],[-16,-12],[-6,7],[-11,-18]],[[279223,644828],[114,-2]],[[279337,644826],[0,-42],[-4,-61],[2,-29],[10,-28],[0,-179],[30,0],[0,-68],[30,0],[2,-441],[-2,-258]],[[279405,643720],[-1,-266],[-1,-301],[0,-43],[-1,-171],[149,-3],[-1,-77],[4,-2],[0,-62],[2,0],[0,-21],[22,-1],[0,-38],[0,-12],[-16,-20],[-10,-30],[-14,-27],[-13,-17],[-6,-16]],[[279282,642607],[60,-1],[0,85],[-60,1],[1,252],[0,257],[0,246],[-7,22],[-3,22],[-6,9],[-5,25],[-1,19],[-7,0],[1,257],[29,-2],[1,180],[2,0],[-1,441],[-61,0],[-1,238]],[[279224,644658],[-1,170]],[[284110,634710],[7,21],[14,76],[-2,28],[70,1],[0,85],[0,168],[-58,1],[0,168]],[[284897,634926],[-2,-172],[-2,-339],[0,0]],[[284893,634415],[-77,5],[0,-218],[-24,7],[-16,1],[1,212],[-58,3],[-61,4],[-19,0],[-1,-13],[-115,1],[-89,0],[-26,-1]],[[284408,634416],[-150,-2],[0,169],[-59,-2],[0,85],[-66,0],[-6,7],[-5,-6],[-9,-2],[-3,45]],[[281068,630635],[17,2],[28,0],[4,0],[9,0],[14,2],[0,-6],[8,0],[0,7],[31,1],[29,-71],[0,42],[7,0],[5,10],[-1,24],[4,1],[15,1],[43,0],[8,0],[8,-33],[0,19],[0,3],[16,-40],[11,-18],[-1,19],[4,29],[-7,18],[1,52],[-4,43],[-8,79],[47,2]],[[281356,630821],[-1,-170],[29,0]],[[281384,630651],[0,-200],[3,-24],[-4,-17],[-28,83],[0,-2],[26,-81],[6,-11],[21,-32],[14,-29],[-19,33],[-3,2],[-45,-1],[0,-162],[40,-98],[-10,-58],[-1,-60],[5,-21],[-9,-16],[-12,-4],[11,-1],[8,13],[8,-15],[1,-23],[6,-25],[0,-22],[5,-5],[0,-24],[-3,-17],[5,-33]],[[281409,629801],[-13,-3],[-43,-3],[0,-97]],[[281353,629698],[-27,-1],[-11,3],[5,25],[1,4],[-12,1],[-13,-9],[-1,-16]],[[281068,630123],[0,43],[0,27],[0,53],[0,48],[-2,0],[0,53],[0,39],[2,0],[0,27],[0,53],[0,169]],[[277008,643946],[89,0],[0,13],[0,157],[84,1],[-4,15],[-7,9],[-7,17],[-7,0],[0,129],[60,1],[0,-170],[44,0],[3,21],[1,32],[5,23],[6,10],[4,5],[6,22],[8,10],[2,38],[-1,5],[95,4]],[[277393,642443],[-63,4],[-52,-3],[-1,343],[-60,-4],[1,-255],[-60,2],[0,254],[-59,3],[-59,0],[0,161],[-59,0]],[[276981,642948],[0,80],[-6,18],[-6,47],[-5,23],[-29,1],[1,21],[-6,25],[4,24],[0,40],[-10,22],[2,17],[-2,21],[116,-7],[0,92],[28,0],[-8,18],[-5,27],[-5,14],[-11,3],[-5,15],[-5,39],[-6,60],[1,75],[-15,2],[-1,321]],[[284222,659917],[30,31],[3,9],[15,-17],[17,-54],[14,-24],[7,-68],[11,-45],[0,-30],[28,0],[2,-13],[-1,-48],[-14,-63],[-4,-44],[1,-39],[8,-63],[1,-34],[-4,-41],[-9,-55],[-5,-57],[-1,-43],[13,2],[-1,73],[2,10],[50,-2],[13,86],[86,-4],[1,-169],[25,0],[0,43],[15,-1],[0,43],[13,-1],[-5,39],[-1,26],[8,1]],[[284540,659365],[0,-12],[31,-1],[0,-154],[30,4],[0,-116],[49,0],[12,-33],[1,-179],[-5,-7],[0,-15],[-10,0],[0,-63],[-8,0],[-1,-55],[0,-51],[6,-1],[0,-32],[3,0],[0,-92],[-4,-24],[20,0]],[[284664,658534],[0,-35],[-12,-3],[0,-38],[-20,0],[-14,0],[0,-44],[-13,-2],[-1,-88],[8,-38],[37,-2],[0,-41],[-107,0],[0,-127],[-5,2],[-51,0],[0,-39],[-7,11],[-9,4],[-5,11],[-9,1],[-11,-33],[-7,-4],[-13,7],[-17,-3],[-18,15],[-12,15],[0,-31]],[[284378,658072],[-1,33],[-6,10],[-17,7],[-7,15],[-12,4],[-3,31],[-13,14],[-16,-6],[0,16],[-46,0],[-14,4]],[[284243,658200],[0,24],[-2,8],[0,2],[-2,1],[0,12],[1,6],[1,3],[7,9],[4,15],[6,-7],[6,15],[5,24],[-27,1],[1,-37],[-5,-21],[-19,1],[0,104],[-13,-1],[0,11],[-6,0],[1,82],[-50,-1],[-8,-41],[-13,-13],[-11,-28],[0,169]],[[282310,646049],[91,3],[-1,85],[90,4],[0,-64],[30,1],[0,-21],[30,1],[1,-171],[23,-5],[2,14],[29,1],[-1,164],[34,2]],[[282638,646063],[150,8],[117,12]],[[282905,646083],[0,-346],[26,0],[2,-40],[9,-17],[12,-34],[6,-9],[2,-62],[2,-7],[1,0],[0,169],[66,-2],[-1,-64],[-8,-21],[7,-18],[6,-27],[-3,-21],[2,-14],[16,-6],[-3,1],[0,-67],[-13,-75],[-6,-26],[59,-5],[52,1],[-11,-89],[-7,-51],[-10,-49],[6,-2],[10,41],[-9,-70],[-13,-48],[-6,-71],[64,1],[-13,-40],[3,-12],[22,-22],[0,-31],[14,-1],[0,-8],[15,-3],[1,-383],[31,2]],[[283236,644557],[1,-170],[-30,-1],[-60,-2],[1,-173],[40,3],[0,-34],[-3,-48],[2,-18],[5,-7],[0,-51],[5,-12],[10,0],[0,-10],[-8,-14],[10,-8],[-32,-110],[1,-2],[-50,-175],[-8,-41],[17,-8],[-3,-31],[8,-11],[3,-11],[4,5],[9,-30],[-6,-12],[-4,-30],[-9,-10],[1,-26],[-22,0],[0,-44],[-3,-34],[-4,-29],[-14,-68]],[[283097,643345],[-6,-29],[6,31],[-7,15],[-1,-11],[-63,-2],[0,-49],[4,-19],[0,-251],[0,-9],[-11,-10],[-48,0],[-42,1],[-18,178],[-1,5],[-5,71],[-52,-2],[0,-169],[-59,-1],[0,-33],[-7,-10],[-8,10],[-12,-8],[-1,-10],[1,-34],[-29,2],[-25,-4],[-10,-1],[-8,-3],[-8,-9],[-26,-40],[-7,-8],[-9,-4],[-15,12],[-14,22],[2,24],[2,7],[-25,-3],[-6,2],[-13,0],[-4,0],[-12,0],[-3,0],[-1,-35],[5,1],[0,-19],[0,-4],[-2,-8],[-11,-48]],[[282501,643004],[5,22],[12,14],[2,10],[1,17],[-12,26],[-7,34],[-6,48],[-2,4],[-15,-13],[-10,11],[-5,30],[8,29],[-1,16],[-8,22],[-10,10],[-4,13],[1,29],[-9,35],[-17,14],[-7,-4],[-11,-21],[-11,5],[-11,-8],[-4,3],[-1,240],[60,2],[0,86],[59,2],[-1,170],[59,6],[0,163],[-1,172],[54,28],[0,58],[-6,22],[-15,18],[-9,3],[-9,28],[4,27],[-4,-16],[-15,-1],[0,56],[-17,0],[0,92],[-7,4],[-11,18],[6,29],[-1,17],[2,8],[10,-7],[0,4],[-5,10],[-13,6],[-9,18],[-13,17],[-16,6],[-6,-11],[-6,-30],[-8,-10],[-5,-16],[-6,-49],[-4,-19],[-6,-7],[-3,44],[-4,14],[37,82],[-6,35],[-11,21],[10,44],[-13,-1],[0,43],[-9,0],[-6,16],[1,13],[-5,16],[2,7],[10,2],[2,30],[20,2],[-1,171],[-89,-3],[1,-172],[-14,-1],[-6,31],[5,25],[0,14],[5,23],[-6,15],[-6,29],[-8,-3],[-12,36],[-8,1],[-10,-1]],[[282316,645027],[-1,0],[-1,169]],[[282314,645196],[-3,690],[-1,163]],[[280233,635506],[46,4],[0,170],[117,3],[-9,-30],[-10,-16],[-4,-66],[2,-28],[-3,-30],[-34,-1],[1,-168],[23,-1],[1,-18],[8,-40],[5,-28],[-7,-28],[-1,-55],[-29,-2],[1,-169]],[[280340,635003],[-40,-1],[2,-20],[-5,0],[1,-42],[-17,-1],[0,-24],[-59,-3],[-1,-85],[-32,-4],[3,-19],[-4,-14],[6,-30],[4,-7],[1,-14],[11,-9],[4,-17],[7,6],[1,-11],[0,-42],[-1,0],[0,-170],[0,-84],[-10,-2],[0,-83],[-19,-1],[0,-169],[-7,0],[-1,-21],[-7,-1],[-5,0],[-5,-23],[1,-38],[5,-19],[2,-8],[3,-19],[11,-41],[3,-51],[6,-33],[-35,-2],[0,-84],[-1,0],[0,-17],[-15,3],[-10,0],[-2,12],[0,-7],[1,-45],[-13,-3],[-13,-19],[14,-54],[12,-53],[0,-52],[0,-27],[-28,0],[-4,0]],[[280104,633555],[0,85]],[[280104,633640],[0,45],[-7,1],[2,21],[-4,19],[-20,-2],[0,67],[-33,104],[-12,-1],[0,37],[-11,39],[-3,9],[-32,-2],[-6,12],[-8,8],[-3,6],[-20,-13],[-9,-15],[-12,-1],[4,27],[0,24],[-4,0],[0,34],[44,1],[0,37],[1,7],[3,15],[3,8],[6,17],[2,8],[0,165],[0,170],[20,1],[0,5],[6,-5],[32,3],[0,40],[12,0],[1,-8],[2,-6],[-3,-14],[2,-4],[1,-10],[44,-1],[-1,170],[-6,-1],[13,34],[11,12],[14,33],[0,86],[29,1],[2,1],[-1,120],[-11,-7],[-7,11],[-4,-5],[-7,14],[-1,119],[18,5],[-1,81],[0,81],[-3,63],[11,6],[9,20],[19,2],[5,12],[0,158],[42,2]],[[284899,635488],[15,-3],[0,37],[16,-3],[0,-15],[12,-1],[0,15],[7,0],[0,84],[23,-1],[1,58],[13,-1],[0,17],[31,-2],[0,28],[-30,1],[0,53],[31,-2],[0,16],[2,340],[59,-2],[0,85],[0,85],[58,-2],[1,75],[73,2],[-1,85],[0,44]],[[285210,636481],[32,-26],[0,-18],[160,3],[0,37],[9,127],[21,1],[0,-165],[58,0],[1,-66],[0,-57],[14,-1],[0,46],[18,0],[0,-8],[13,1],[-1,7],[7,0],[6,30],[18,63],[4,17],[12,26],[5,2],[3,18],[-9,-6],[-8,1],[-7,14],[-11,-10],[-7,-15],[-9,-49],[0,-12],[-5,0],[-14,0],[-17,-1],[0,97],[22,0],[23,2],[21,1],[1,12],[-4,28],[2,21],[12,-1],[8,0]],[[285588,636600],[11,1],[-7,-61],[8,-6],[0,-17],[17,-9],[2,-23],[-3,-16],[2,-18],[5,-11],[5,2],[5,30],[13,22],[-3,20],[-1,28],[59,2],[17,1],[4,0],[2,0],[4,0],[31,-36],[0,-45],[24,0]],[[285783,636464],[2,-342],[2,-449],[-11,5],[-2,-6],[4,3],[10,-17],[2,-22],[8,-18],[11,-8],[17,-9],[13,-23],[-5,4],[-13,-5],[-7,-25],[14,-4],[11,3],[13,11],[-4,-119],[-4,-126],[43,3],[1,-214]],[[285383,634058],[-38,3],[0,90],[9,-1],[-1,80],[-12,1],[-17,2],[-29,-2],[1,79],[-10,10],[-2,84],[4,97],[-1,107],[-16,-17],[-15,-12],[0,99],[-18,0],[-1,139],[-15,-4],[-4,3],[0,13],[-57,-1],[-1,65],[-7,3],[0,46],[-2,12],[-9,-5],[-33,-12]],[[285109,634937],[4,4],[0,16],[-4,-1],[2,31],[-10,-8],[-2,-22],[-18,0],[0,-22],[12,1],[1,-47],[7,0],[0,12],[1,1]],[[285102,634902],[0,-46],[-10,-13],[0,36],[-6,10],[0,10],[-9,-8],[-18,-8],[-15,-1],[1,-34],[-7,0],[0,-16],[-27,1],[-1,-22],[-23,-1]],[[284987,634810],[-14,1],[-1,25],[-14,1],[0,44],[-16,1],[1,42],[-46,2]],[[286392,636665],[30,2],[10,0],[19,1],[-1,171],[29,1],[-3,255],[43,1],[1,32],[15,2],[3,9],[26,1],[-1,140]],[[286563,637280],[6,-2],[6,-14],[1,-15],[7,-29],[7,-49],[10,-5],[14,-38],[9,0],[1,-21],[13,-2],[-1,-17],[-6,-14],[-10,-8],[-8,-20],[1,-26],[2,-16],[11,-10],[2,-35],[-9,-16],[-2,-13],[1,-27],[5,-23],[12,-9],[14,-6],[1,-13],[9,4],[10,13],[2,-14],[12,1],[0,168],[26,5],[54,2],[0,-13],[7,-15],[2,-32],[-17,-41],[-7,-36],[-7,-75],[-5,-31],[0,-34],[-3,-43],[-4,-22],[-1,-48],[4,-6],[29,-6],[47,-10],[18,-4],[6,19],[35,-11],[2,66],[117,-26],[-2,-85],[58,-13],[30,-7]],[[286963,635728],[-56,12],[-4,-167],[-63,12],[-26,8],[-28,5],[-14,14],[2,73],[-15,3],[0,23],[-17,-4],[-6,-9],[-5,67],[-26,-203],[-14,38],[-2,14],[-11,-15],[-15,-12],[0,-28],[0,-77]],[[286663,635482],[-59,1],[-59,-3],[0,85],[-23,-1],[1,85],[-20,-1],[0,-18],[-8,-1],[0,-27],[-24,0],[0,26],[13,1],[1,18],[-13,-3],[0,56],[-3,0],[-9,1],[-5,1],[1,-142],[-30,-2],[0,80],[-2,93],[1,76],[-1,167],[-1,95],[-29,-2],[-1,428],[-1,170]],[[276203,656385],[-1,-4],[4,-1],[-1,-25],[0,-15],[-1,-10],[-10,-14],[0,-17]],[[276194,656299],[-13,0]],[[276181,656299],[-7,-1],[-4,0],[-1,15]],[[276312,653544],[45,-1],[1,-79],[-1,-92],[15,0],[8,0],[3,-1],[12,0],[10,0],[13,6],[0,36],[6,1],[10,-25],[17,-8],[3,-8],[9,0],[15,1]],[[276478,653374],[-1,-50]],[[276477,653038],[0,-7],[0,-18],[0,-43],[0,-14],[0,-28],[0,-53],[0,-21],[0,-30],[0,-19]],[[276477,652805],[-8,13],[2,29],[-8,3],[-5,31],[-3,-2],[-8,-6],[-6,17],[-8,-21],[-9,30],[5,39],[-11,11],[-13,0],[-3,4],[-7,-11],[-5,24],[-10,-7],[-7,-2],[0,-93],[-9,0],[-6,0]],[[276358,652864],[-8,0],[0,89],[-2,4],[-5,26],[-4,-12],[0,-32],[-10,15],[-12,3],[-1,33],[-1,43],[-2,0],[1,26],[0,18],[0,23],[-1,4],[7,-23],[1,5],[21,5],[0,27],[0,85],[-2,0],[0,-11],[-1,-5],[-4,0],[0,10],[2,0],[-2,6],[-7,0]],[[281053,630904],[0,-18],[12,1],[0,-18],[3,0],[0,-68],[0,-18],[0,-145],[0,-3]],[[281093,633504],[11,0],[0,127],[5,6],[0,-1],[0,-2],[0,0],[0,-1],[-1,-1],[0,-1],[0,0],[0,0],[-1,0],[-1,-1],[0,-7],[0,-1],[5,0],[0,0],[0,-12],[8,43],[0,0],[0,5],[0,17],[1,0],[3,0],[14,1],[10,1]],[[281394,633551],[8,-21],[-2,-25],[-25,-1],[-10,0],[-4,0],[-62,-2],[-10,-102],[-4,-20],[-29,-115],[-14,-56],[-4,-18],[-8,-24],[0,0],[-7,-44],[-9,-39]],[[281131,632911],[-27,1],[-8,-1],[0,-3],[-12,-39],[1,-38],[3,-2],[-3,-20],[-17,-28],[-4,1]],[[280969,647352],[119,7]],[[281088,647359],[1,-169],[59,5],[105,0],[0,-83],[8,0],[5,-9],[0,-23],[4,-14],[-2,-18],[9,7],[0,-28],[7,0],[0,21],[9,0],[4,-20],[4,5],[10,-26]],[[281311,647007],[0,-22],[4,-8],[-2,-37],[0,-36],[7,-5],[1,-32],[-5,-1],[-1,-263],[-30,-2],[0,-85],[90,6],[0,-171],[-60,0],[-32,-4],[-8,-5],[23,-110],[8,-25],[6,-8],[19,-17],[44,1],[0,-128],[-29,0],[0,-23],[7,-15],[1,-5]],[[281354,646012],[-87,-3]],[[281267,646009],[-193,-11],[3,-76],[0,-78],[-47,-5],[-9,-1],[-36,-2],[-1,57],[-15,11],[0,-70],[-117,-13],[-2,158]],[[280850,645979],[0,101],[-9,6],[-21,-17],[1,332],[30,2],[0,221],[0,2],[0,31],[54,4],[-33,68],[-7,36],[-4,5],[6,8],[12,-3],[10,11],[12,3],[12,-3],[13,-23],[0,130],[-36,-1],[-38,18],[0,95],[0,0],[-1,170],[119,7],[-1,170]],[[279037,645135],[0,-137],[9,0],[58,-3],[1,-140],[17,-8],[5,-17],[43,163],[53,-2],[0,-163]],[[279224,644658],[-120,3],[-20,2],[-18,-86],[-14,-82],[54,-3],[0,-71],[-60,0],[0,-97],[61,-2],[0,-127],[-61,-1],[0,-127],[77,0],[0,-84],[-77,0],[0,-39],[0,-48],[15,-2],[11,-9],[11,-22],[6,-18],[5,-10],[10,-2],[3,-8],[1,-17],[-62,5],[0,-171],[62,-5],[-1,-119],[-8,-14],[-13,3],[-7,-4],[-14,7],[-19,3],[-1,-300],[30,-3],[-1,-52],[62,19],[1,-56],[27,-3],[-1,-56],[0,-101],[1,-12],[-1,-170]],[[278861,641681],[0,13],[-6,41],[-13,29],[-3,0],[-8,35],[-12,-9],[-1,139],[-7,0],[-4,0],[-87,1],[-33,1]],[[278687,641931],[-3,428],[0,81],[-12,3],[-3,22],[-3,4],[-9,1],[-3,8],[-1,47],[-28,-3],[-1,84]],[[278624,642606],[-1,169],[-2,181],[60,4],[-1,87],[-59,-3],[0,19],[4,0],[19,6],[36,0],[0,401],[-10,-12],[-11,2],[-17,29],[-82,22],[1,80],[59,8],[1,174]],[[278892,644624],[7,1],[0,9],[3,0],[0,19],[2,0],[0,10],[-8,0],[-2,0],[-2,-2],[0,-37]],[[282563,642144],[114,2],[0,-169],[68,1],[11,64],[5,33],[16,73],[138,9],[18,-6],[10,0],[0,-24],[-3,-16],[6,-20],[6,-6],[0,-18],[-5,-25],[-10,-13],[1,-24],[-6,12],[-7,-3],[-4,-33],[40,0],[0,-56],[-4,-7],[-2,-25],[-9,-7],[-11,-27],[-5,-18],[-3,7],[-7,-22],[-4,-6],[1,-172],[1,-173]],[[282918,641475],[1,-165],[-60,2],[2,-189],[-9,18],[-109,-4],[-1,119],[4,0],[2,8],[1,12],[3,11],[3,5],[2,14],[-15,-1],[0,47],[-4,-7],[-8,7],[-13,0],[-4,27],[-5,-33],[-9,1],[-8,14],[-10,43],[-1,17],[-5,32],[-9,7],[-4,-11],[-14,-9],[-4,9],[2,20],[-4,4],[-16,-71],[-1,17],[-11,11],[-26,6],[-8,0],[-7,19],[-6,5],[1,-1],[-16,-7],[-9,-8],[-25,-30],[-7,-9],[-3,0],[-1,86],[-1,88],[-3,398],[60,-1],[0,168]],[[282621,654881],[55,1],[23,1],[1,0],[7,-2],[91,1],[168,3],[15,0],[6,0],[7,0],[8,0],[37,1],[92,1],[34,0],[41,0],[15,0],[61,1],[38,0]],[[283320,654888],[31,2],[31,-1],[19,-1],[57,-2]],[[283702,653809],[0,-42]],[[283702,653767],[-61,-2],[0,85],[-101,0],[-7,24],[-5,2],[-6,15],[-9,9],[-5,14],[-7,-5],[0,17],[-9,-1],[-2,8],[-12,-1],[-15,26],[-5,19],[-1,19],[-10,-7],[-8,24]],[[283344,654065],[-29,11],[-65,18],[-14,6],[-13,14],[-10,11],[-55,60],[7,0],[0,31],[2,-2],[0,32],[4,7],[5,-13],[-3,17],[-3,1],[-5,-12],[-6,11],[-8,-3],[-4,18],[-4,2],[-3,-14],[-7,-4],[-16,14],[1,-8],[13,-12],[1,-37],[-3,-13],[-4,0],[0,-14],[-22,0],[-61,-2],[-56,0],[2,-340],[-8,0],[-4,38],[3,22],[-1,28],[-10,9],[-1,31],[-3,9],[0,31],[-37,-2],[1,-53],[-30,-2],[0,40],[-31,-1],[0,13],[-15,-1],[0,64],[-15,-1],[0,21],[-30,-1],[0,79],[-1,8],[-29,-1]],[[282777,654175],[10,4],[4,42],[7,-3],[5,17],[-2,29],[3,6],[-1,45],[-2,250],[-14,-1],[-3,3],[-74,107],[-1,126],[-7,-5],[-7,34],[-7,-5],[-7,20],[-7,-12],[-6,-21],[-4,5],[0,19],[-8,-17],[-1,13],[-6,-4],[0,-18],[-6,-14],[-4,19],[-2,-25],[-12,-8],[-2,5],[-2,95]],[[280042,639733],[-1,-141]],[[279578,639387],[-119,2],[-14,0],[-15,0],[0,120],[-7,65],[-18,0],[-1,69],[11,1],[-11,105],[-5,51],[-9,48],[-1,22],[-14,3],[-6,-8]],[[279369,639865],[-5,4],[-9,28],[3,7],[1,31],[6,16],[-2,28],[2,2],[12,0],[-1,7],[16,20],[11,3],[0,54],[27,0],[103,-1],[0,168],[30,-1],[15,0],[0,-42],[9,-136],[0,-44],[-1,-37],[26,-29],[4,0],[6,14],[1,13],[-4,19],[0,18],[6,17],[5,7],[6,-7],[7,-27],[1,-12],[-11,-24],[-4,-24],[1,-14],[11,-1],[12,13],[4,9],[4,26],[7,6],[8,-6],[12,-20],[8,5],[9,-5],[2,5],[17,7],[9,9],[4,28],[6,-8],[8,9],[3,-4],[19,-36],[1,7],[3,52],[6,1],[9,0],[8,13],[-1,18],[8,-2],[4,19],[18,-7],[6,-14],[1,-17],[6,-17],[6,7],[1,15],[-4,16],[6,16],[8,5],[7,10],[8,-10],[11,0],[12,15],[14,0],[6,-11],[2,-15],[-1,-28],[4,-11],[8,12],[9,1],[10,-20],[5,-5],[5,7],[5,19],[18,0]],[[281223,639092],[59,3]],[[281282,639095],[59,2],[0,167],[44,2],[0,-152],[6,-12],[10,0],[4,12],[5,-9],[15,24],[4,-3],[8,16],[11,-9],[1,25],[9,8],[0,-68],[155,4]],[[281633,638933],[-40,-1],[7,-22],[6,-8],[4,-20],[1,-18],[3,-5],[6,4],[8,-11],[-4,-19],[0,-22],[7,-21],[2,-20],[1,-169],[-59,-3],[0,-167],[-29,-1],[1,-170],[-59,-1],[0,-170],[21,1],[-2,-170],[9,1],[0,-124],[56,-1],[-1,-10],[-8,-17],[-3,-14]],[[281165,638413],[1,85],[-15,-1],[0,255],[72,4],[0,336]],[[288055,653822],[-12,1],[0,54],[-16,0]],[[283678,621019],[15,20],[1,24],[6,31],[0,48],[6,22],[1,19],[50,1],[24,-2],[10,-4],[28,1]],[[283819,621179],[15,0],[1,-7],[15,-32],[3,51],[10,199],[20,-1],[1,170]],[[283884,621559],[7,0],[1,2]],[[283892,621561],[104,-4],[5,0],[12,-186],[1,-160],[46,-2],[12,0],[-9,-49],[-3,1],[-58,-17],[-53,-17],[-22,-3],[-42,-2],[4,-12],[0,-23],[7,-23],[7,-38],[3,-44],[1,-24],[7,-38],[2,-26],[8,-8],[4,-15],[-3,-23],[3,-19],[6,-7],[11,-28],[4,-29],[5,-7],[5,-56],[9,-46],[2,-55],[-1,-18],[-7,-32],[1,-29],[0,-50],[9,-54],[4,-8],[16,-25],[3,-6],[3,-5],[6,-18],[8,28],[-2,24],[-1,35],[10,33],[1,14],[-7,44],[5,19],[10,19],[10,11],[2,26],[0,28],[3,6],[14,-32],[3,-13],[5,-3],[7,7],[6,24],[5,14],[4,16],[10,27],[10,34],[6,12],[7,22],[3,25],[8,25],[-16,65],[52,-2],[0,10],[27,-1],[-3,12],[11,71],[-3,1],[-13,24],[-10,14],[0,16],[10,-1],[0,23],[8,-4],[9,-19],[3,23],[6,9],[8,0],[16,82],[8,84],[7,0],[2,23],[14,5],[19,5],[0,16],[7,0],[-1,-25],[11,5],[12,0],[0,16],[10,0],[0,32],[19,0],[0,-47]],[[284337,620107],[-5,-2],[-4,-6],[-21,-39],[-34,-89],[-39,-58],[-30,-45],[-24,-36],[-36,-82],[-10,-15],[-12,-17],[-13,-15],[-25,-29],[-24,-55],[-39,-75],[-7,-14],[-10,-20],[-12,-12],[-17,-57],[0,-10],[-21,-52],[-36,-87],[-8,-27],[-13,-42],[-14,-32],[-8,-12],[-53,-81],[-44,-42],[-8,-7],[-2,1],[-9,4],[-11,-3],[-26,-7],[-11,17],[-29,23],[-9,8],[-28,44],[-24,64],[-16,57],[-25,130]],[[284425,631168],[2,0]],[[284427,631168],[-10,-46],[1,-26],[7,-82],[4,-9],[-23,-36],[-7,0],[-7,-17],[-3,-33],[-10,-15],[-5,-29],[-3,-32],[-8,-21],[-7,-31],[4,-25],[7,-16],[5,7],[-4,-70],[-10,0],[-3,-25],[-4,-25],[4,-19],[-12,7],[-4,-26],[-1,-24],[-5,1],[0,-59],[-27,-1],[-7,-51],[-4,4],[-2,-14],[-4,3],[-1,-14],[8,-8],[-2,-13],[-2,-68],[-42,0],[7,-138],[4,-36],[-5,-7],[0,-111],[1,-9],[-15,1],[-9,8],[-20,28],[-15,7]],[[284198,630098],[0,70],[-29,0],[0,155],[1,31],[-30,0],[0,300],[29,-10],[1,182],[-11,32],[-18,0],[0,170],[-57,2],[-10,-2]],[[284074,631028],[-1,18],[-7,15],[-4,36],[-4,16],[4,9],[10,6],[8,-2],[10,12],[7,-2],[3,-10],[9,-8],[5,5],[13,27],[7,-17],[8,24],[0,37],[8,30],[-1,12],[7,32],[-1,15],[45,-1],[0,-85],[147,-4],[0,42],[16,0],[13,-7],[0,-15],[15,5],[13,-4],[1,15],[11,-12],[4,21],[-6,-71],[11,1]],[[286631,639477],[-29,-5],[-18,-2],[-12,4]],[[286572,639474],[0,86],[30,3],[30,-1],[-1,-85]],[[277819,637031],[0,-170],[58,0],[1,-140],[10,-15],[19,-9],[5,-6],[12,9],[2,-7],[9,7],[3,-23],[10,-25],[7,1],[6,-11],[4,4],[30,-30],[0,-128],[1,-218]],[[277996,636270],[0,-129],[25,-1],[0,-41],[29,0],[0,-149]],[[277821,636013],[0,175],[-25,2],[-3,26],[-6,15],[-10,13],[-10,8],[-5,13],[0,90],[-21,0],[-1,109],[-9,3],[0,12],[-11,0],[-9,-14],[-7,1],[0,38],[25,-1],[1,161],[-15,28],[-2,10],[-30,-1],[-16,20]],[[277645,636775],[0,22],[0,63],[71,0],[0,170],[103,1]],[[285636,638216],[0,94],[58,0]],[[285694,638310],[1,-82],[44,1],[-1,-62],[7,-21]],[[285745,638146],[-35,-341],[-58,-2],[-14,0],[0,-87],[0,-84],[-29,0],[0,-119],[0,-50],[-61,0],[0,-102],[-47,-1]],[[285501,637360],[-52,1],[9,83],[-24,0],[-1,-166],[-21,-1],[-9,20],[-7,24],[-12,16],[0,107],[-42,1],[0,-83],[11,-2],[1,-168],[-98,1],[-14,0],[-21,1],[-8,0],[5,39],[-2,16],[7,11],[2,13],[-17,6]],[[285208,637279],[-1,168],[0,20],[0,149],[-58,2],[-1,19],[-29,1]],[[285119,637638],[0,116],[9,-1],[79,-59],[0,93],[48,-1],[0,170],[105,-2],[13,0],[0,74],[0,11],[-14,2],[0,69],[3,-1],[18,-27],[0,-11],[8,-19],[9,-6],[3,-19],[9,7],[2,-6],[-4,-24],[-4,-6],[0,-18],[7,-10],[6,-2],[2,31],[13,13],[1,-5],[0,-54],[0,-85],[58,0],[29,1],[0,84],[0,22],[29,-1],[32,-4],[0,170],[19,0],[21,0]],[[287768,650029],[2,11],[8,-4],[3,-11],[8,1],[3,14],[10,-12],[3,7],[-1,25],[2,14],[7,-21],[5,67],[11,38],[1,31],[15,1],[0,170],[44,1],[8,0],[0,-84],[49,0],[4,20],[-1,149],[0,83],[37,3],[23,1],[0,169],[56,1]],[[287769,649934],[-1,84],[0,11]],[[277144,636822],[21,-1],[0,-41],[8,0],[2,-32],[28,0],[1,196],[44,1],[0,-248],[60,1],[7,18],[24,9],[13,-1],[0,-35],[3,10],[10,2],[3,-10],[14,7],[6,-16],[14,-1],[1,19],[8,12],[0,34],[15,-2],[23,-24],[21,-22],[0,161],[-1,78],[30,3],[27,4],[16,4],[1,40],[81,-203]],[[277762,635843],[-117,2],[0,-95],[-18,1],[-47,-2],[-51,-2],[-1,-87],[-14,-1],[0,-56],[3,-10],[-18,3],[0,-37],[-3,-19],[-8,5],[-4,-8],[-1,-22],[-9,-13],[-9,-38],[1,-13],[13,24],[12,-4],[2,-10],[-4,-11],[2,-18],[-2,-47],[6,-26],[0,-19],[-6,0],[2,-19],[37,2],[0,-170],[88,1],[-1,-338],[-56,-1],[1,-156]],[[277560,634659],[-92,1],[0,154],[-11,1],[-21,34],[-26,8],[-1,-49],[0,-148],[-58,-1],[-58,-6],[-60,9],[-43,-2],[-13,-1],[-46,2],[1,-172],[-15,0],[-29,0],[-1,172],[2,0],[-2,0],[-2,18],[-7,22],[3,13],[-7,8],[-11,-9],[-7,15],[-1,28],[-8,23],[-2,-10],[-11,-16],[4,-24],[-15,-53],[-2,-16],[-1,-6],[-16,-48]],[[277004,634606],[-7,37],[-12,0],[-1,18],[-40,-1],[-3,0],[0,35],[-1,15],[3,26],[4,9],[10,8],[2,35],[4,34],[5,28],[3,4],[7,-28],[6,10],[6,32],[5,47],[14,-20],[12,6],[12,24],[8,5],[2,15],[-4,8],[7,14],[9,-11],[4,3],[0,104],[26,2],[21,-2],[-3,333],[14,83],[0,7],[-74,-2],[0,217],[73,-39],[0,151],[-4,3],[-8,-15],[-11,-15],[-9,-5],[-27,0],[9,68],[35,169],[37,4],[8,-4],[28,-1],[0,424],[30,1],[0,83],[0,171],[-60,0],[0,126]],[[275401,628322],[56,7],[17,2],[0,-84]],[[275790,625529],[-13,-38],[21,-56],[-7,-2],[1,-83],[-25,1],[0,40],[-14,-1],[-15,-20],[-4,-14],[-8,-14],[-7,50],[-3,-7],[-12,1],[-29,-5],[1,-89]],[[276132,652816],[1,-100]],[[280653,649050],[40,-2],[34,-1],[3,0],[0,-339],[118,6],[0,170],[36,0],[6,-25],[0,-32],[4,-21],[1,-44],[5,2],[1,-16],[-4,-32],[-1,-23],[5,-21],[8,30],[5,-8],[1,-28],[6,14],[3,-7],[0,-36],[4,0],[3,19],[2,-28],[6,-7],[1,16],[5,-8],[6,-35],[0,-21],[-7,-27],[56,2],[1,-25],[7,7],[-9,-32],[1,-17],[-6,15],[-7,-4],[0,-23],[-2,-6],[6,-19],[1,-60],[15,-5],[0,-16]],[[281007,648363],[1,-193],[-27,39],[-33,-1],[0,-49],[-3,-5],[-13,-53],[0,-15],[-19,-49]],[[280913,648037],[-7,-13],[-3,-22],[-11,-22],[-14,-18],[-18,-15],[-3,8],[-4,35],[-6,1],[0,13],[-9,7],[-8,14],[1,7],[-3,2],[-16,0],[-1,-13],[-5,-32],[-1,-13],[-3,6],[-3,-6],[0,38],[3,0],[-1,19],[-69,-1]],[[280732,648032],[-1,507],[-8,0],[-19,21],[-17,14],[-1,133],[15,0],[0,31],[-17,36],[-2,27],[-5,15],[-11,13],[-10,23],[-3,198]],[[287563,636646],[33,-8],[46,-8],[2,85],[59,-14]],[[287326,634909],[0,42],[0,13]],[[287328,635064],[-27,6],[7,289],[7,296]],[[285617,624190],[1,21],[7,-12],[4,-9],[0,9],[5,5],[0,10],[5,-2],[0,38],[1,6],[10,3],[0,10]],[[285650,624269],[20,-47],[6,-2],[6,18],[6,-1],[1,-19],[8,20],[7,-7],[4,-29],[12,-3],[-5,56],[-4,3],[-2,9],[-2,27],[3,-1],[13,-3],[15,-63],[5,-14],[12,4],[-8,-76],[2,-1],[4,-2],[0,40],[5,31],[4,-1],[1,9],[4,-5]],[[285767,624212],[2,-5],[-4,-10],[-7,-34],[-1,-12],[6,0],[-1,-18],[12,-4],[3,13],[-1,-18],[3,-11],[17,-21],[3,-8]],[[285799,624084],[1,-6],[-2,-9],[-7,10],[1,-35],[-3,-1],[1,-13],[2,-20],[2,-40],[1,-6],[1,-20],[-5,-3]],[[285724,624141],[-3,0],[-4,-1],[1,-7],[-15,-10],[-1,-47],[-13,-30],[-10,3],[-9,-8],[0,17],[2,39],[5,5],[-9,2],[-1,-15],[-5,0],[0,-23]],[[285622,624144],[1,23],[-7,4],[1,19]],[[285089,654169],[121,9],[59,5],[60,5]],[[285329,654188],[1,-238],[12,1],[-1,-16],[-3,-14],[9,7],[16,1],[1,14],[21,0],[-1,-18],[6,-1],[1,-57],[60,1],[0,-85],[89,1],[0,170],[30,0],[1,-213],[17,1],[6,-11],[2,-11],[8,-12],[9,10],[7,-7],[6,13],[5,-11],[0,-79],[0,-89],[-6,-14],[-54,-1],[1,-280],[10,-4],[9,-9],[6,-9],[5,2],[25,-1],[4,3],[0,127],[90,4],[0,-137],[14,-1],[9,-4],[0,-52],[0,-93],[-15,0],[1,-44],[14,0],[0,-85]],[[285744,652947],[0,-83],[60,0],[0,-169],[0,-53],[4,18],[15,-4],[0,-10],[-5,-31],[1,-12],[12,-21],[3,-17],[-2,-12],[3,-10],[-5,-16],[-16,-7],[-4,-7],[-6,3]],[[285804,652516],[-13,2],[-4,-31],[-14,-35],[0,-16],[-10,-8],[-10,6],[-10,-27],[0,33],[-33,2],[-1,-85],[-25,0],[-44,0],[-3,0],[0,5],[-1,37],[0,3],[-1,46],[-5,23],[-1,55],[-2,0],[0,-85],[-61,-1],[1,-422],[-60,-1],[0,169],[-60,-1],[0,-169],[-31,-1],[-89,-1],[-3,-1],[-61,0]],[[285263,652013],[-2,4],[-5,21],[-8,30],[-4,12]],[[285244,652080],[7,28],[7,-13],[5,9],[8,6],[3,-14],[9,26],[2,16],[8,7],[6,-2],[3,9],[-4,9],[3,19],[4,-2],[15,-22],[4,14],[3,31],[-7,12],[-11,10],[5,25],[13,24],[0,25],[4,19],[-3,35],[-17,0],[10,32],[6,24],[5,-28],[5,0],[0,31],[-16,37],[-7,21],[-4,27],[0,33],[-13,15],[0,147],[-35,0],[-15,-1],[0,168],[17,2],[0,250],[-16,7],[0,-12],[-10,12],[-4,-3],[-10,18],[-1,-11],[-7,7],[-11,-1],[-2,-6],[0,120],[0,30],[-51,-2],[-2,423],[-1,170],[-60,-3],[0,85],[46,2],[0,39],[0,129],[-46,0],[0,56]],[[280431,630081],[21,1]],[[280452,630082],[28,2],[88,4],[1,0],[28,2],[33,2],[5,0],[20,2],[1,0],[20,1],[9,1],[13,1],[17,1]],[[276757,634664],[40,-2],[2,-2],[25,1],[25,-3],[-5,-170],[68,-6],[-1,-51],[4,-26],[-3,-15],[-16,-30],[0,-12],[-7,-37],[10,-1],[3,-26],[7,-3],[3,31],[-1,26],[4,19],[9,12],[9,34],[126,0],[-1,86],[-10,0],[-1,24],[-18,2],[0,16],[-7,1],[-12,42],[-2,29],[-4,3]],[[277560,634659],[26,-1],[0,-341],[41,0],[0,-43],[-3,0],[0,-21],[6,0],[0,14],[13,-6],[2,-22],[-4,-1],[-4,-7],[1,-32],[-3,-8],[3,-11],[7,6],[0,-13],[15,0],[7,-5],[15,5],[16,-27],[9,-1],[1,-82],[6,-8],[2,-37],[0,-42],[51,-1]],[[277767,633975],[0,-82],[1,-13],[-15,-9],[-1,-22],[-29,0],[0,-19],[-8,-5],[0,-16]],[[277715,633809],[0,-2],[-69,1],[0,-149],[-44,-2],[0,152],[-74,-1]],[[277112,632814],[-12,0],[-1,-17],[-7,-20],[-7,9],[-8,-13],[-5,-2],[-4,-34],[-6,-23],[-5,-12],[-1,20],[-10,34],[-5,0],[-12,46],[-1,11],[-63,-2]],[[276965,632811],[-28,69],[-7,31],[1,21],[5,12],[19,29],[3,8],[7,43],[0,32],[-3,21],[-14,74],[-16,70],[-4,14],[-15,27],[-23,7],[-23,32],[-17,14],[-8,13],[-7,18],[-11,57],[2,14],[7,13],[16,36],[2,25],[-7,30],[-4,5],[-11,-2],[-18,-31],[-5,-4],[-9,2],[-8,8],[-20,35],[-7,21],[-2,23],[1,21],[13,34],[20,65],[5,36],[4,59],[0,8],[-6,46],[-5,1],[-16,-20],[-8,3],[-11,15],[-14,32]],[[279403,653214],[-1,150],[107,-14],[31,0],[4,345]],[[279696,653513],[2,-300],[-1,0],[0,-109],[1,-88],[0,-37],[0,-5],[-98,-127],[-4,-82],[-18,0]],[[279578,652765],[-11,0],[-3,-9],[-17,-9],[-15,-42],[-7,9],[0,7],[2,1],[5,13],[4,29],[-16,-19],[-35,-57],[-21,-26],[-64,-76]],[[282120,627377],[12,-3],[5,10],[12,1],[5,-24],[1,-29],[8,-41],[7,0],[0,-119],[14,-12]],[[282184,626773],[-106,0],[-71,1],[-89,1],[-84,-1],[1,-87],[-5,0],[-104,-18],[1,101],[-68,-4],[-11,-2]],[[281648,626764],[-2,42],[-5,13],[0,29],[-5,24],[6,28],[10,27],[-2,2],[15,29],[1,44],[2,4],[1,13],[4,20],[7,5],[3,125]],[[280243,632631],[7,3],[10,1],[2,-343],[0,-2]],[[280262,632290],[-10,-1],[-2,0],[-6,0],[0,-40],[-6,0],[1,-43],[7,-2],[5,-6],[0,-40],[2,-2],[-2,-20],[0,-9],[30,-32],[0,-12],[-11,-3],[-5,-9],[-13,-56],[8,-56],[-6,4],[0,-16],[-2,0],[0,-51],[10,1],[0,-15],[-10,0],[1,-63],[-2,-43],[0,-24],[7,-10],[7,-61],[-14,-42],[0,-36],[-8,0]],[[280243,631603],[-8,-30],[-22,27],[-20,-1]],[[280082,632023],[-1,86],[23,1],[7,22],[2,26],[2,0],[0,-47],[19,1],[-1,187],[0,2],[-1,18],[15,-26],[0,34],[23,1],[6,1],[0,42],[-29,-2],[0,22],[8,1],[7,-13],[0,26],[12,-11],[-58,218],[0,13],[0,10],[1,12],[-2,63],[2,-1],[72,4]],[[282522,636777],[23,22],[4,10],[7,38],[4,-3],[7,8],[-1,-290],[-2,-61],[-7,-62]],[[282557,636439],[-4,-42],[-4,-49],[0,-30],[-1,-219],[0,-58],[-5,-270],[-9,1],[-13,-23]],[[282342,635443],[-14,-4],[-12,22],[-9,42],[-8,10],[-11,25],[-5,6],[-9,9],[-15,-13],[-3,0],[-21,27],[-2,3],[-3,6],[-4,11],[-3,8],[-7,19],[-6,17],[-1,22],[5,25],[1,11],[-15,28],[-13,31],[-6,0]],[[277715,633809],[108,-2],[0,-86]],[[277823,633721],[0,-76],[-18,-75],[-11,0],[-1,-169],[30,-2],[0,-169],[-97,2],[-53,-226],[3,-8],[0,-102]],[[282655,627969],[-67,-1],[-57,-2],[0,10],[-44,2],[-1,86],[-42,0]],[[283318,650293],[30,-3],[0,73],[23,-29],[26,3],[0,37],[-15,1],[-1,140],[20,-3],[-5,10],[1,21],[-1,75],[11,1],[0,7],[33,0],[0,84],[4,-53],[21,-8],[28,1],[0,19],[7,-1],[0,-11],[29,0],[0,-31],[12,1],[1,0],[8,-52],[5,-22],[5,6],[26,-14],[2,7],[0,77],[118,-6],[2,3],[24,2],[-1,64]],[[283731,650692],[11,3],[4,28],[5,3],[5,-3],[4,-17],[11,-15],[-2,-21],[0,-40],[55,4]],[[283824,650634],[1,-171]],[[283756,649950],[-1,-18],[-19,-43],[-2,-21],[-16,-14],[-12,1],[-7,-6],[-3,-40],[-11,-13],[-7,-21],[-41,0],[3,-19],[-4,-5],[-20,3],[-30,-8],[-28,2],[1,-59],[-28,-2],[3,-86],[-15,1],[0,-83],[-46,5],[-38,-1],[0,28],[-16,0],[0,15],[-5,1],[0,-37],[-17,50],[-17,31],[-30,5],[-1,55],[-15,29],[-41,0],[0,-86],[-61,1]],[[281334,650240],[50,2],[14,0],[30,-71],[39,-93],[62,-149],[5,0],[-1,149],[30,1],[65,5],[30,1],[-1,169],[30,2],[49,2],[-3,-148],[-5,0],[0,-22],[79,6],[1,-80],[37,3],[1,16],[21,1],[0,63],[-1,150]],[[281866,650247],[16,3],[24,-16],[20,-7],[1,-127],[1,0],[55,4],[2,-239],[18,2],[0,-18],[-3,-4],[1,-31],[11,-6],[9,-26],[4,0],[4,-3],[-4,11],[1,28],[14,6],[3,-17]],[[282240,649512],[0,-53],[-71,-3],[10,-42],[-5,-13],[-7,-2],[-1,-11],[9,-36],[-6,-2],[-3,-23],[-7,-11],[-8,-26],[-7,6],[-1,33],[-6,17],[2,31],[-2,-8],[-26,45]],[[282111,649414],[1,31],[-6,0],[0,7],[0,1],[0,6],[-9,12],[-2,17],[-4,0],[-1,1],[-17,14],[0,30],[-1,-11],[-15,14],[8,-32],[-5,-9],[-3,4],[-1,-27],[-7,-6],[-8,26],[-4,-9],[-1,15],[-10,11],[-16,-16],[-6,6],[-2,-44],[-8,-33],[-10,20],[-12,0],[1,-43],[-42,-1],[-1,127],[-1,182],[-11,9],[-9,25],[-10,7],[-28,7],[0,-11],[-9,2],[0,11],[-5,5],[-1,1],[-2,-5],[0,-5],[5,-5],[-3,-17],[-5,16],[-4,-6],[4,-14],[-9,-1],[-10,-10],[-3,-30],[-4,5],[-4,-16],[-5,3],[-2,-28],[-5,0],[-1,-27],[-9,-9],[0,16],[-5,-27],[-4,20],[-3,-13],[-9,-6],[2,-20],[-9,-17],[-11,-8],[3,-10],[-11,-10],[-1,-21],[0,0],[0,38],[-1,114],[-1,18],[-13,-1],[-1,41],[-45,-2],[-1,42],[-59,-2],[-30,-2],[1,-171],[-34,-1],[-1,170],[-121,-9],[1,-78],[-6,-9],[4,-9],[-13,0],[0,10],[-15,0],[-3,84],[-27,-1],[-30,-2],[0,42],[-15,0],[0,40],[-30,0],[-15,-1]],[[281296,649829],[0,82],[7,2],[1,40],[6,5],[0,51],[13,1],[0,37],[1,25],[15,1],[6,54],[-3,75],[0,2],[-8,36]],[[280354,651538],[3,66],[5,3],[9,32],[4,42],[23,49],[11,-2],[5,-7],[9,-29],[11,1],[-10,52],[0,32],[-3,43],[-2,33],[2,19],[0,71],[-1,198],[0,115],[9,-33],[1,-4],[1,49],[1,0],[0,-52],[10,-19],[-1,-54],[7,-45],[62,0],[0,170],[15,0],[0,21],[-15,-1],[0,132],[-1,17],[-26,-1],[0,12],[12,28],[-1,15],[-5,14],[-14,26],[-10,27],[-13,21],[-5,28]],[[280447,652607],[92,0],[19,1],[0,10],[11,-2],[0,77],[30,1],[0,-43],[29,-1],[0,-42],[33,-1]],[[280661,652607],[118,4]],[[280779,652611],[1,-428],[0,-37],[60,0],[1,-197],[42,1],[-2,-9],[11,-23],[9,-4]],[[280901,651914],[1,-218],[60,0],[0,-85],[0,-199],[-44,-89],[-4,-10],[-3,2],[-69,1],[0,-49],[113,-32],[8,-17],[0,-35],[15,-4],[1,-76],[0,-107],[-20,1],[33,-40],[32,-29],[0,0],[17,-2],[17,-13],[11,0],[0,-83],[-45,-3],[0,-85],[12,0],[0,-42],[18,1],[0,-43],[-15,0],[0,-85]],[[281039,650573],[-15,0],[-15,0],[0,62],[-15,1],[0,-30],[-29,0],[0,-13],[-8,0],[0,55],[-8,-10],[1,-233],[-107,3],[1,-170],[-20,1],[-2,20],[-27,26],[-11,-1],[0,123],[-59,2],[-6,1]],[[280719,650410],[-24,1],[-1,171],[-45,2],[0,63],[-5,9],[-8,34],[2,34],[5,31],[-24,3],[-39,0],[-3,4],[-3,-4],[0,-127],[-14,-5],[0,-35],[-26,-2],[-4,28],[-11,30],[-5,25],[-14,15],[-1,38],[-4,13],[-10,-25],[0,-38],[-17,2],[-14,-28],[-29,1],[0,202],[-31,-6],[0,75],[3,10],[12,2],[0,166],[-59,-2],[-1,256],[0,23],[44,-10],[0,71],[-3,0],[-36,101]],[[280678,652143],[42,1],[0,37],[-36,1],[-8,-11],[2,-28]],[[280086,631251],[0,-21],[7,1],[0,21],[23,2],[4,0],[15,1],[0,-64],[0,-21],[21,-1],[5,4],[0,13],[0,0],[4,0],[2,0],[2,3],[0,7],[5,0],[0,4],[5,0],[0,5],[0,25],[0,10],[0,15],[0,1],[15,0],[0,-57],[0,-1],[-13,-14],[-20,-13],[-7,-6],[-14,-39],[0,-25],[11,1],[0,-11],[9,-8],[1,0],[3,-45],[1,-93],[0,-31],[0,-24],[1,-62],[0,-61],[1,-9],[2,-13],[16,-61],[-128,-200],[0,-3],[1,-114],[1,14],[3,12],[8,1],[5,16],[2,0],[43,1],[5,-13],[24,3]],[[280149,630401],[0,-26],[-1,-17],[3,-39],[-7,-4],[-1,-24],[-6,-15],[1,-19],[-4,-21],[-3,-6],[1,0],[-3,-24],[1,-24],[-4,-31],[-7,-8],[0,0],[-6,-64],[-9,-23]],[[279850,630431],[0,122],[-3,0],[-9,50],[-5,51],[-5,2],[-5,60],[-3,-1],[-25,-19],[-4,19],[-16,2],[-18,-5],[-13,0],[0,60],[10,0],[0,68],[-1,21],[6,6],[-9,52],[-8,32]],[[282923,640451],[-1,186]],[[282922,640637],[56,-4],[0,168],[58,1],[-1,166],[1,0]],[[283036,640968],[60,1],[22,1],[-1,-26],[-3,-4],[1,-25],[-9,-26],[-2,-26],[3,-12],[-7,-19],[9,-20],[16,-8],[5,6],[13,0],[5,12],[4,-2],[4,-19],[59,-3],[2,-83],[14,-34],[5,0],[16,-24],[8,9],[14,-16],[1,-199],[53,0],[-1,-169],[43,6],[3,-172],[13,2],[59,-2],[0,-85],[119,2],[0,85],[60,0]],[[283624,640118],[0,-85]],[[283624,640033],[0,-86],[0,-167],[42,0],[0,-9],[-18,-26],[-18,-30],[-6,-15],[-1,-598],[-57,-2],[-1,-169],[-27,-1],[1,-61],[-34,18],[0,-111],[-59,-6]],[[283446,638770],[-64,-1],[0,88],[-1,46],[-15,-11],[-11,7],[-16,20],[-8,1],[0,-67],[-49,-1],[-4,-47],[0,63],[-1,-10],[-58,-3],[-30,1],[-28,10],[0,-94],[-59,2]],[[283102,638774],[-173,0],[0,5]],[[276083,655288],[3,0],[4,0],[8,0],[7,1],[15,1],[8,0],[8,1],[3,0],[9,0],[9,1],[9,1]],[[276168,654953],[0,-43],[0,-22],[1,-20]],[[276169,654868],[-5,0],[-3,-1],[-3,0],[-5,0],[-5,0],[-2,-1],[-11,0],[-11,-1],[-1,-21],[-3,14],[-4,8],[-4,-1],[-4,0],[-4,0],[-3,0],[-8,-1],[-7,0],[-8,-1]],[[283822,657343],[29,1],[0,87],[30,0],[-1,84],[60,0],[60,0],[0,128],[45,-1],[0,-40],[75,2],[0,255],[17,0],[45,1],[43,-1],[3,-2],[-1,327],[7,9],[8,1],[1,6]],[[284378,658072],[7,-11],[4,-20],[13,-25],[9,3],[11,-19],[2,-10],[-3,-16],[19,-23],[1,-91],[45,-1],[3,0],[15,0],[0,-84],[-8,0],[0,-86],[46,1],[1,-169],[32,0],[1,-174],[-59,1],[1,-363],[0,-12],[10,-18],[4,-13],[16,-22],[-1,-72],[5,-30],[10,0],[1,-178],[8,0],[0,-14],[-15,0],[-7,0],[-1,-44],[-21,0],[0,24],[-10,0],[1,-107],[9,-1],[0,-59],[22,0],[0,-23],[-6,-22],[4,-3],[0,-6],[0,-5],[0,-20],[2,-15],[-2,-3],[-5,-21],[1,-11],[1,-8],[-5,-42],[-8,-19],[-3,-26],[1,-5],[1,-14],[-1,-33],[4,0],[0,-40],[-15,1],[0,-77],[-1,-223],[0,-114],[3,4],[11,-4],[18,24],[8,6],[3,-24],[1,-62]],[[284487,655313],[-59,1],[-105,2],[10,-131],[64,-41],[0,-16],[5,4],[24,-55],[0,-25],[4,2],[5,-24],[8,-5],[10,-50],[1,-15],[11,-24],[3,-21],[7,-32]],[[284475,654883],[-46,-1],[-1,0],[-2,1],[-31,0],[-4,-2],[-53,1],[-93,3],[-39,1]],[[284206,654886],[0,63],[-4,-1],[-4,39],[0,13],[-4,27],[-2,2],[-15,-21],[0,18],[7,38],[0,40],[-29,0],[1,23],[5,19],[-7,0],[-15,1],[-13,0],[0,88],[13,2],[0,124],[-13,-1],[-1,122],[1,5],[-68,0],[2,48],[3,36],[-42,0],[-1,85],[-2,254],[-29,0],[0,128],[-59,-1],[0,-85],[-45,0],[0,38],[4,29],[11,18],[3,0],[-1,58],[-5,29],[1,42],[-6,47],[3,39],[5,8],[-1,25],[5,14],[-2,27],[5,18],[-1,18],[-4,13],[11,43],[5,-9],[5,25],[4,0],[-7,27],[4,15],[9,13],[10,7],[-70,0],[-85,-1],[8,28],[1,30],[3,11],[35,-1],[4,-6],[9,13],[1,13],[6,13],[4,24],[17,22],[6,22],[-8,15],[-1,14],[11,17],[7,42],[-8,0],[-1,85],[-30,0],[0,43],[-15,0],[0,42],[-30,0],[0,48],[7,38],[8,0],[0,335]],[[281288,662828],[1,-82],[-60,-1],[0,-169],[-6,0],[0,-213],[-45,1],[0,-59],[-1,-22],[-14,4],[0,-36],[-4,-13],[9,0],[1,-89],[24,-2],[30,8],[0,-181],[9,18],[2,7],[3,-7],[0,-10],[-3,-14],[-2,-7],[-9,-2],[0,-106],[-1,4],[-29,1],[0,-67],[-9,6],[-2,-18],[5,-22],[5,-8],[1,-18],[-8,-19],[-3,14],[2,11],[-6,-1],[0,-47],[15,0],[0,-51],[0,-74],[-29,-1],[0,-77]],[[281164,661486],[0,-113],[-18,0],[-2,43],[-4,35],[-10,19],[-1,16],[-6,11],[-5,26],[-7,12],[-1,27],[-6,0],[0,-105],[-60,4],[-1,54],[-15,0],[0,-14],[-17,11],[-11,-4],[-9,18],[-7,37],[-2,35],[-68,1],[1,29],[2,19],[-34,2],[0,19],[-13,-1],[0,65],[-3,0],[-1,13],[-6,15],[-7,0],[0,21],[-24,-1],[0,31],[-8,0],[0,90],[-15,0],[0,42],[15,0],[-1,127]],[[280820,662070],[15,-1],[0,77],[-17,6],[-13,12],[0,73],[0,169]],[[280745,662543],[0,36],[1,74],[7,14],[4,22],[-4,21],[2,36],[51,1],[0,65],[-9,6],[-23,3],[-3,-7],[-11,3],[1,11],[-10,18],[-4,19],[4,17],[-2,25],[-4,7],[32,2]],[[285460,625431],[7,31],[5,15],[27,61],[4,12],[4,17],[8,34],[8,34],[21,49],[-1,9],[-2,-5],[-9,7],[0,7],[8,11],[-7,46],[-1,10],[1,14],[5,34],[0,13],[-5,95],[-1,44],[-1,74],[-5,30],[-4,12],[-11,25],[-17,41],[-7,27],[-17,83],[-19,67]],[[285451,626328],[3,1],[36,-8],[6,-1],[21,-11],[3,-2],[31,-18],[50,-5],[9,-1],[26,0]],[[285636,626283],[-2,-66],[0,-22],[2,-20],[0,-83],[-2,0],[-5,-9],[7,-34],[-1,-33],[-1,-37],[-4,-17],[0,-17],[-1,-47],[-2,-2],[0,-24],[1,-4],[-11,1],[-8,-16],[2,-46],[10,3],[0,12],[6,-21],[-1,-35],[0,-8],[3,-19],[0,-23],[0,-20],[0,-9],[0,-12],[-1,-31],[2,-1],[-4,-7],[-4,-45],[2,-6],[2,-12],[-1,-34],[-6,-3],[1,-10],[0,-9],[-1,-54],[1,-9],[2,-14],[5,-35],[6,-22],[1,-13],[-4,-30],[0,-20],[3,-20]],[[285633,625300],[-5,5],[-4,3],[-40,12],[-37,17]],[[285547,625337],[-25,2],[-37,8],[-12,60],[-8,18],[-10,-45],[-5,-11],[-7,8],[8,17],[9,37]],[[286394,629680],[-2,17],[-5,6],[-2,17],[-14,23],[-1,7],[2,10],[5,5],[15,1],[0,52],[0,44],[17,-1],[2,21],[7,6],[-7,13],[-16,0],[-4,7],[0,42],[0,74],[-34,-1],[-7,67],[-2,12],[-1,19],[-2,22],[-3,44],[10,36],[4,-13],[8,0],[0,-14],[6,0],[0,32],[13,0],[-1,91],[5,0],[0,20],[-4,-1],[6,24],[2,6],[11,15],[0,15],[10,-2],[0,44],[13,0],[0,-31],[12,-1],[0,77],[9,0],[0,33],[-3,4],[0,20],[-7,0],[8,34],[-10,21],[-2,42]],[[282994,660550],[0,42],[15,0],[0,29],[12,0],[3,14],[18,0],[-1,85],[10,0],[0,42],[-4,0],[0,43],[28,0],[3,6],[-10,56],[0,24],[28,0],[0,-85],[15,0],[0,64],[30,1],[1,-234],[61,2],[1,32],[2,8],[2,5],[6,17],[1,11],[6,4],[5,6],[4,4],[1,5],[2,7],[2,8],[3,8],[-2,30],[8,17],[1,6],[18,1],[2,6],[5,0],[0,42],[7,0],[1,59],[8,0],[0,21],[37,-27],[28,-19],[4,-5],[2,-4],[15,-44]],[[283570,660401],[0,-97],[-62,1],[0,-42],[-14,1],[0,-46],[-16,-1],[0,86],[-61,-3],[1,-256],[2,-169],[-31,-1],[1,-85]],[[283390,659789],[-45,0],[0,-27],[-3,-29],[1,-29],[-44,-1],[0,66],[-25,0]],[[283274,659769],[8,19],[2,20],[1,65],[-26,0],[-9,85],[3,54],[0,30],[-30,-1],[-1,43],[-13,16],[-6,-9],[-4,6],[-11,4],[-11,-14],[0,-38],[2,-8],[-32,1],[-1,169],[-9,0],[-51,-102],[0,14],[-1,85],[0,19],[-12,-19],[-18,0],[-1,86],[-29,-1],[0,-27],[-15,-13],[-20,-1],[-2,22],[-12,5],[-11,21]],[[287540,643905],[61,6]],[[287366,642885],[0,137]],[[287293,643053],[-69,-1],[-6,0],[-14,-1],[0,21],[-31,-7],[-14,-4],[-29,-5],[0,-94],[-5,0],[-5,-1],[-4,0],[0,22],[-4,7],[-1,-6],[-14,-27],[-3,-5],[-4,-3],[-11,-6],[-3,-5],[-2,-3],[-14,-19],[-4,-1],[-4,-1],[-14,-16]],[[287038,642898],[0,15],[0,29],[2,0],[-2,15],[0,32],[-11,0],[0,27],[11,3],[0,60],[-2,4],[-14,25],[-9,15],[-2,5],[-5,11],[-1,49],[3,17],[3,-2],[0,20],[-16,0],[2,26],[3,-7],[11,0],[0,8],[-8,0],[-1,6],[0,13],[9,0],[-1,56],[0,9],[0,78],[-2,-2]],[[281073,639255],[4,0],[30,2],[0,-99],[-12,-19],[-18,-2],[0,108],[-4,10]],[[279189,626230],[10,-7],[0,-6],[1,0],[4,4],[0,-24],[-7,5],[0,-22],[-4,-2],[0,-36],[-3,0]],[[286613,642863],[-21,0],[-2,48],[3,18],[-4,30],[-20,28],[-13,20],[-5,18],[4,29],[4,2],[2,17]],[[285992,644295],[62,0],[0,33],[0,10],[12,-1],[4,-7],[2,15],[-2,24],[16,4],[5,-8],[7,10],[0,32],[4,10],[10,-19],[1,17],[-1,477],[1,10],[-1,159]],[[286112,645061],[59,1],[59,2],[1,-82],[29,-50],[0,49],[60,0],[30,-1],[33,1],[0,-82],[0,-9],[1,-135],[22,-30],[35,58],[16,43],[0,-44],[-5,-12],[-9,-8],[1,-14],[-5,-20],[-8,-20],[-10,-5],[2,-19],[-4,-2],[-3,-15],[-4,-7],[-5,10],[-5,-17],[-3,-23],[4,5],[69,1],[4,-85],[8,-54],[2,-29],[0,-44],[5,-40],[2,-8],[14,-78],[4,-95],[5,-5],[10,36],[3,25],[-4,38],[-5,11],[-6,40],[-7,-2],[1,39],[10,-1],[10,0],[1,-24],[4,0],[0,-17],[28,1],[1,-144],[-29,-6],[0,-65]],[[286503,643535],[-2,0],[-31,-1],[-16,-81],[-13,-51],[-12,-39],[-11,-82],[-47,-3],[0,-9],[-18,-1],[-2,14],[-27,-2],[0,-85],[-29,-1],[0,85],[-1,168],[0,87],[-60,0],[0,-139],[-3,-2],[0,-31],[-25,1],[0,-52],[-6,-14],[-7,-3],[-6,-13],[-11,0],[0,82]],[[285992,643700],[0,171],[0,424]],[[287253,634652],[-20,4],[-1,-34],[-29,6],[-2,-72],[-29,5],[-1,-60],[-111,25],[-1,-42],[4,-1],[-2,-63],[-11,2],[3,106],[8,333],[-85,13],[-4,49],[1,18],[19,22],[8,-1],[2,40],[4,-1],[-2,9],[-9,17],[7,16],[4,0],[2,22],[1,62],[3,88],[10,12],[12,0],[1,31],[7,-3],[2,72],[-34,-33],[-18,-33],[6,28],[2,37],[6,57],[8,19],[3,44]],[[278237,625324],[1,-14],[-5,-33],[-17,-38],[-7,3],[-12,-19],[0,-67],[15,-1],[0,-84],[-34,0],[0,10],[-9,0],[0,-53],[28,1],[0,-159],[-4,-29],[-5,-8],[6,-40],[-7,-22],[-6,-1],[-1,-17],[-4,-11],[1,-23],[-7,-14],[-6,13],[-2,-21],[-4,-7],[1,-15],[8,-7],[-4,-19],[-63,2],[-6,13],[-18,-1],[-4,14],[1,-17],[-16,-1],[-16,33],[-7,4],[-6,-10],[-6,-33],[-3,-2],[-25,-1],[-58,0],[-26,-1]],[[277910,624649],[-13,11],[0,37],[-3,12],[-6,12],[-16,10]],[[277872,624731],[-7,50],[8,25],[-3,17],[4,43],[-11,0],[1,153],[0,17],[29,0],[0,128],[-58,1],[-1,172],[59,-3],[1,87],[-1,43],[15,0],[1,98],[5,0],[-2,32],[5,36],[-7,3],[0,12],[6,5],[-4,24],[23,-1],[0,42],[1,123],[2,423],[29,-1]],[[282248,647656],[0,85],[90,5],[1,157],[-2,10],[0,0],[-21,41],[-35,83],[-2,6],[0,61],[4,0],[25,0],[0,64],[-25,25],[0,3],[2,247],[0,77],[2,268],[10,-5],[14,27],[1,135],[-1,3],[0,37],[-24,-3],[1,141],[-1,84],[1,-5],[21,-77],[1,-1],[0,77],[1,8],[1,17],[15,7],[14,1],[1,230],[-30,-1],[1,84],[-5,81],[9,-8],[12,16],[6,-4],[27,35],[11,9],[0,127]],[[282373,649803],[65,2],[3,-13],[0,-44],[-7,8],[-3,-15],[3,-21],[0,-32],[10,1]],[[282444,649689],[0,-34],[9,1],[21,-23],[5,-18],[0,-14],[-5,-10],[-1,-16],[4,-21],[-4,-2],[-70,-2],[0,-84],[75,1]],[[282478,649467],[0,-56],[5,-30],[-2,-168],[48,1],[0,-21],[4,-63],[-73,-2],[-1,-304],[-8,1],[-7,30],[-23,-1],[-8,-14],[-8,-4],[-5,-9],[-2,-389],[1,-87],[-2,-243],[-12,-8],[0,-7],[-1,1],[-1,-2],[10,-11],[66,-90],[10,-5],[33,-9],[3,-17],[3,-38],[3,-29],[3,-8],[-11,-35],[7,-24],[-18,2],[-1,-85],[-11,0],[2,-18],[-7,-87],[-7,0]],[[282468,647638],[-39,84],[0,-61],[-46,-1],[0,-123],[-2,-18],[1,-27],[0,-85],[-37,-1],[-98,-3],[1,253]],[[285770,625890],[7,-3],[10,3],[22,8],[9,4],[7,-51],[4,-11],[4,-7],[3,-7],[5,-51],[-1,-8],[-4,-19],[-2,-5],[-3,-4],[-3,-7],[-5,-7],[-4,4],[-6,7],[-2,0],[-2,-2],[-2,-2],[-1,-4],[-2,-5],[-3,-17],[-2,-4]],[[285799,625702],[-5,-14],[-12,15],[-17,0],[1,17],[-15,16],[1,11],[-5,28],[7,21],[15,16],[2,49],[-1,29]],[[282075,624384],[44,0]],[[282119,624384],[0,-170],[58,1],[0,-13],[5,-10],[2,-35],[4,-15],[5,2],[2,-13],[-3,-16],[6,-8],[5,-22],[-6,-22],[-2,-18],[10,0],[-16,-71],[-3,-14],[48,2]],[[281830,623488],[0,118],[42,1],[6,13],[8,1],[4,10],[13,-7],[8,41],[7,14],[6,33],[8,12],[14,-4],[15,22],[0,54],[3,23],[11,2],[6,-15],[6,17],[17,3],[3,-17],[1,35],[-4,13],[0,20],[-2,247],[59,4],[0,85],[-1,171]],[[281934,648603],[0,41],[-1,125],[25,2],[1,73],[29,-72],[59,0],[1,169],[-15,-1],[0,84],[-1,83],[46,3],[0,0],[1,8],[-2,214],[15,1],[7,-35],[7,1],[1,16],[-13,77],[-2,-3],[1,5],[13,5],[3,17],[2,-2]],[[282282,649915],[39,1],[0,-114],[52,1]],[[282248,647656],[-69,-5],[-59,0],[0,-176],[1,-78],[0,-111],[5,2],[19,-17],[14,-28],[0,-14],[-38,-2],[-59,-3]],[[282062,647224],[-25,-3],[-20,12],[0,1],[-15,9],[0,-23],[-8,-1],[0,34],[-5,3],[-1,8],[6,0],[3,26],[5,0],[-1,101],[0,118]],[[282001,647509],[-1,168],[6,54],[-6,2],[0,44],[2,19],[-1,23],[-8,3],[-2,27],[3,17],[6,2],[1,14],[-6,21],[5,-2],[15,0],[45,1],[-1,88],[1,39],[-17,5],[-12,19],[-5,17],[-14,7],[-2,20],[-9,-1],[-20,1],[-40,-5],[-7,0],[0,127],[-15,0],[3,30],[-4,13],[-7,0],[0,27],[7,14],[8,2],[0,11],[-7,0],[0,53],[5,6],[-5,6],[0,92],[-24,-2],[-6,-7]],[[281874,648511],[0,78],[-2,3],[2,2],[0,16],[13,-13],[46,-47],[0,4],[1,49]],[[284916,646069],[135,1],[-1,-170],[164,1]],[[285214,645901],[45,-1],[15,0],[17,0],[0,-170],[62,0],[5,-13],[10,-4],[7,10],[6,-7],[6,8],[9,-1],[22,8],[5,6],[4,23],[14,-2],[12,7],[0,-34]],[[285453,645731],[1,-170],[-58,-1],[0,-170],[-59,0],[0,-85],[0,-130],[59,-2],[0,-122],[0,-172],[-1,-11],[1,-82],[-57,81],[-11,14],[-18,1],[10,-33],[19,-41],[0,-96],[-66,1],[0,-206],[-28,1],[-11,-7],[-20,0],[0,-43],[-6,-7],[-10,-1],[-6,-14],[-9,1],[0,22],[-59,-1],[0,-43],[-30,0],[0,-43],[96,2],[0,-17],[-7,-30],[6,-38],[-7,-14],[-3,-35],[-6,-9],[-10,10],[-11,20],[-18,-10],[-13,-19],[-7,-18],[0,-23],[-9,-32],[-11,7],[0,-132]],[[284919,644544],[-1,142]],[[282520,634409],[47,2],[5,-5],[-3,-34],[9,-6],[1,-20],[0,-106],[3,-28],[5,0],[1,-13],[6,0],[0,-43],[14,-1],[1,64],[14,-1],[0,-16],[15,-9]],[[282706,633044],[-10,0],[0,-43],[-15,-48],[-14,-30],[-17,-50],[4,0],[-22,-20],[0,-9],[-3,-45],[68,2],[1,-169],[9,0],[1,-47],[0,-40],[-78,-1],[-16,-12],[-28,-40],[-19,63],[9,0],[6,15],[-1,59],[-39,0],[-29,95],[0,62]],[[282513,632786],[0,12],[0,14],[-1,59],[-38,0],[-1,341],[1,170],[-10,0]],[[282464,633382],[-1,23],[7,28],[-1,28],[8,7],[9,26],[0,45],[3,13],[-30,0],[0,43],[-8,0],[-7,52],[0,45],[10,0],[1,30],[65,0],[38,2],[-23,111],[0,405],[-15,0],[0,169]],[[282682,633193],[10,1],[4,-20],[7,0],[0,35],[10,1],[-2,17],[-7,-5],[0,80],[-4,0],[0,22],[-3,-1],[0,-35],[-6,7],[-9,0],[0,-80],[0,-22]],[[282710,622088],[4,-19],[9,-5],[6,35],[2,2],[6,-18],[16,-4],[11,2],[0,19],[-9,28],[1,21],[17,33],[13,-29],[10,-11],[8,-3],[17,1],[10,-26],[6,-155],[10,35],[18,-23],[6,-14]],[[282871,621957],[-1,-6],[0,-278],[0,-103],[1,-45],[-1,-12],[0,-11]],[[282641,621261],[-1,60]],[[285799,624084],[3,6],[0,8],[6,3],[-1,-5],[-4,-11],[2,-6],[5,18],[3,-6],[4,-14],[2,5],[2,-2],[-1,-12],[10,-3],[-2,-2],[-1,-35],[4,-3],[3,15],[11,2],[2,-1],[7,-2],[2,29],[0,18],[-3,35],[0,10],[-2,18],[-3,0],[0,18],[3,0]],[[285851,624167],[6,-2],[-2,-45],[4,-24],[3,-1],[-4,-28],[7,-15],[7,-26],[5,-3],[2,-16],[14,56],[5,-2],[-1,23],[2,-7],[4,-16],[9,23],[11,18],[19,32],[10,12],[5,2],[12,2],[1,14],[0,10]],[[285970,624174],[6,1],[4,-17],[-3,-11],[10,-6],[14,-13]],[[286001,624128],[-1,-12],[-7,6],[-2,-13],[-16,14],[-1,-14]],[[285971,624109],[-23,-3],[-2,-4],[-15,-23],[-11,-20],[-4,-8],[-12,-40],[-8,-27],[-16,-79],[-3,-18],[-7,-21],[-2,-8],[-2,-4],[-5,-11],[-10,-26],[-13,-19],[-11,-17],[-19,-11],[-12,-7],[-9,0]],[[276139,656141],[-2,0],[0,-58],[-2,-28],[-4,-1],[-7,1],[-15,5],[-2,11],[0,-16],[-6,-1]],[[283177,656718],[-78,1],[0,25],[-56,0],[-7,0],[-30,0],[0,42],[0,43],[-45,1],[-1,-43],[-28,-10],[-13,0],[-3,-17]],[[282909,656760],[-7,0],[-2,22],[0,48],[-29,-1],[-16,0],[-10,0],[-5,0],[0,-85],[-27,0],[-4,12],[-4,3],[-10,3],[0,-19],[0,-43],[0,-21],[-30,-1],[0,-191],[-30,0],[0,-83],[0,-30],[4,-1],[14,-2],[0,-51],[3,0],[0,-86],[-13,0],[3,-57],[0,-28],[-73,-2],[1,-170],[-6,-9],[0,-13],[-9,0],[0,-104],[-15,-1],[0,-42],[-90,0],[0,50]],[[282527,656653],[-4,4],[4,22],[6,-6],[10,51],[8,-13],[-1,112],[-30,0],[0,157],[27,2],[0,11],[3,0],[-1,169],[106,1],[-1,114],[16,-2],[-1,29],[-5,11],[-1,40],[6,30],[0,8]],[[281047,631500],[20,31],[7,20],[-1,21],[9,1],[36,1],[7,3],[3,1],[50,2]],[[281178,631580],[59,4],[0,21],[25,1],[1,23],[-4,39],[22,3],[0,-69],[15,0],[0,31],[14,6],[4,-17],[5,2],[-2,-26],[5,0],[3,31],[0,-41],[22,1],[0,31],[7,0]],[[281354,631620],[0,-116],[1,-171],[0,-80],[-24,19],[-4,-23],[0,-88],[29,3],[0,-115],[0,-9],[6,-1],[0,-32],[9,1],[0,-15],[14,1],[0,-63],[-29,-2],[0,-107],[0,-1]],[[280310,631578],[7,1],[0,18],[17,-6],[0,16],[25,3],[0,-17],[10,1],[0,16],[3,2],[7,1],[0,0]],[[280465,631609],[11,-5],[0,-27],[12,1],[6,1],[14,1],[16,3],[6,1],[2,-8],[21,-18],[-3,-37],[-6,-9],[0,-1]],[[280544,631511],[4,-22],[10,-15],[4,-19],[-1,-10],[4,-20],[15,-50],[4,-57],[3,-19],[10,-9],[0,-6],[-6,-15],[-16,-53],[-6,-15],[-5,-11],[-54,-94],[-2,1],[0,-1],[-11,-21],[-3,-7],[-15,-25],[0,2],[-49,-85],[0,-3],[-19,-31],[-15,-48],[-1,2],[-24,-75],[-15,-45],[1,-7],[-3,-8],[-36,-108],[-18,-55],[-1,0],[-14,-40],[-38,-115]],[[280247,630427],[0,37],[5,1],[0,20],[-12,-2],[0,50],[-30,-11],[-2,-31],[-14,-1]],[[280194,630490],[0,36],[-1,57],[1,55],[0,4],[-1,49],[1,4],[0,3],[27,48],[1,17],[-7,23],[-2,26],[5,29],[15,44],[7,50],[12,41],[-21,20],[-5,-14],[-6,-1],[6,20],[-2,82],[3,6],[-6,0],[-20,-2],[2,28],[16,70],[-1,-31],[20,-11],[5,11],[-5,16],[-5,54],[49,45],[15,13],[14,12],[0,2],[-1,37],[0,9],[2,0],[0,28],[-2,0],[0,64],[0,48],[0,37],[0,14],[0,30],[0,15]],[[280427,628218],[0,-5],[10,-2],[10,20],[7,1],[12,26],[26,21],[23,2],[7,-11],[1,-17],[0,-14],[15,1],[16,0],[0,8],[13,1],[0,71],[6,8],[9,0],[1,-44],[14,7],[9,0],[0,15],[6,0],[0,23],[15,1],[0,-87],[0,-174]],[[280614,626077],[0,-21],[-14,-2],[0,-22],[-26,-4],[11,-37],[-1,-21],[2,-36],[7,-16]],[[280146,625879],[-24,-2],[1,-54],[-19,-1],[-4,40],[-4,13],[0,16],[13,15],[-3,58],[0,74],[-8,0],[-1,95],[-13,-2],[-2,178],[-42,-3],[0,42],[28,2],[0,75],[-12,21],[4,32],[8,29],[-1,66],[-1,82]],[[281353,629698],[2,-475],[39,3],[2,11],[1,34],[0,-20],[4,-24],[13,1],[0,40],[3,-14],[20,0],[4,21],[8,0],[-1,-104],[-4,0],[0,-29],[-4,-20],[0,-26],[-5,-36],[1,-82],[15,1],[-3,-132],[-9,-17],[-1,-33],[-9,0],[1,-73]],[[280984,626995],[-8,-72],[-13,-3],[-1,-18],[-5,-1],[0,-29],[0,-83],[7,-83],[-11,1],[-7,-1]],[[280946,626706],[-5,-2],[3,-189],[0,-46],[-9,7],[-7,-4],[-16,-29],[-3,-13],[-5,-1],[-8,-10],[-2,-25],[3,-15],[-3,-31],[9,-20],[3,-13],[9,-20],[2,-12],[14,-14],[14,13],[0,-94],[0,-4],[3,-509],[2,0],[1,-107]],[[278406,629057],[-1,-181],[0,-248],[-1,-40],[0,-9],[0,-5],[0,-4],[0,-13],[0,-12],[0,-12],[0,-4],[0,-7],[0,-3],[0,-3],[0,-4],[0,-8],[0,-15],[0,-7],[0,-32],[1,-61],[-1,-37],[0,-32]],[[278404,628320],[-11,74],[0,31],[-3,-34],[-7,-15],[-17,5],[-10,-17],[-6,10],[-15,7],[-13,16],[3,20],[0,19],[-10,15],[-4,50],[-10,28],[-2,3],[-2,3],[-8,-1],[-10,-36]],[[278279,628498],[-4,-18],[-10,-3],[-7,-12],[-2,-16],[-11,-13],[-7,-21],[-7,-39],[-11,3],[-10,8],[-14,-8],[-22,1],[0,-116],[-4,-18],[-3,11],[-4,44],[-8,3],[-4,-7],[-10,1],[-3,27],[-8,25],[0,-135],[-69,-1]],[[278309,632794],[40,-1],[50,-1],[13,-1],[7,1],[74,-2],[12,-3],[37,0],[-1,-10],[9,-7],[10,-25],[7,3],[6,-17],[6,-3],[16,6],[10,26],[8,3],[14,-20],[13,-8],[6,-27],[0,-37],[9,-5],[13,-36],[2,-11],[7,-14],[12,9],[10,-2],[8,-13],[1,20],[-8,7],[0,19],[14,2],[2,44],[2,44],[-8,12],[-12,31],[-3,5],[1,20],[-3,18],[-9,6],[-4,-6],[-17,20],[-5,-1],[0,20],[11,24],[8,9],[7,0],[6,23],[8,19],[0,17],[27,-1],[-6,-169],[3,0],[6,1],[1,157],[13,-6],[20,0],[4,-20],[8,-18],[21,17],[9,25],[16,-5],[5,12],[13,4],[2,-6],[14,-4],[8,-34],[5,19],[8,-3],[4,29],[40,-1],[0,-170],[-3,0],[0,-138],[161,3]],[[279077,632644],[0,-303],[0,-89],[-44,0],[0,-339],[44,0],[0,-170]],[[278300,631771],[-1,8],[1,161],[-8,0],[0,43],[-5,24],[-9,24],[-2,34],[0,54],[10,9],[15,0],[0,17],[-9,0],[0,48],[5,-1],[-4,21],[-3,28],[11,0],[0,44],[-9,0],[0,17],[9,0],[1,102],[5,15],[1,27],[5,0],[8,-37],[8,-16],[5,9],[14,-12],[16,18],[-2,30],[3,8],[1,17],[-8,13],[3,16],[-9,16],[-14,-4],[-11,-1],[-10,4],[-15,12],[1,259],[6,16]],[[280703,632748],[-2,-89],[-3,-13],[-4,-8],[-20,-16],[-17,-4],[-4,-8],[-5,-27],[0,-17],[5,-88],[1,-44],[-3,-12],[-10,-19],[-6,-8],[-11,83],[-3,-2],[-5,-9],[3,-23],[-3,-17],[3,-37],[-10,11],[-6,-4],[-4,-19],[1,-10],[3,-25],[9,-34]],[[280612,632309],[-18,0],[0,-2],[-14,-7],[-29,1],[-16,-1],[-14,0],[-14,0],[-2,1]],[[280505,632301],[0,88],[0,86],[-1,171],[-2,90],[-8,76]],[[281367,632078],[1,0],[0,9],[-1,30],[12,15],[2,0],[1,-79],[-15,0],[0,25]],[[281352,632163],[0,-62],[0,-3],[1,-107],[27,2],[0,-9],[2,-25],[-3,-52],[-8,-1],[8,0],[1,0],[6,1],[0,8],[1,-50],[-10,-43],[0,-1],[35,1],[0,0],[1,-61],[0,-17]],[[281413,631744],[0,-12],[-25,-3],[-28,-11],[-1,-16],[-5,-9],[0,-73]],[[281178,631580],[0,104],[0,9],[0,25],[3,1],[0,33],[-4,0],[0,60],[0,86],[0,85],[0,49],[-1,14],[0,23],[0,64],[0,22],[0,22]],[[281176,632177],[0,39]],[[280243,631603],[6,-40],[14,10],[3,14],[1,11],[0,-38],[31,2],[0,37],[12,-7],[0,-14]],[[280194,630490],[-28,-3],[-1,-84],[-3,-1],[-4,-1],[-5,0],[-4,0]],[[278279,628498],[5,-43],[0,-56],[-5,-20],[-6,-10],[-14,-39],[11,-47],[-1,-17],[-3,-18],[2,-17],[0,-19],[-40,1],[-4,-38],[-8,-50],[-5,0],[-1,-19],[-5,-40],[-15,-67],[2,-40],[0,-28],[-5,-16],[-2,-32],[-7,-10],[-7,0],[0,-16],[-11,-10],[-2,-26],[-10,-17],[-6,-5],[-7,-24],[-6,5],[-3,-18],[-5,-50],[-4,-7],[-2,-15],[2,-5],[12,16],[5,-45],[-4,-15],[-11,-8],[-6,-32]],[[277984,626769],[-12,-8],[-19,-21],[-14,1],[-15,5],[-31,28],[-14,4],[-3,-3],[-7,-13],[-6,-19],[-4,-24],[-8,-30],[-31,0],[-5,-13],[-4,5],[-2,14],[-12,3],[0,-17],[5,-24],[-7,-16],[-15,28],[-3,-19],[-6,-12],[-6,-2],[0,57],[-50,3],[-6,169],[-43,4]],[[284704,638943],[44,-2],[0,-127],[-5,0],[0,-23],[4,0],[0,-15],[-14,-4],[0,20],[-9,5],[-11,0],[-9,3],[0,143]],[[276825,652544],[0,-42],[30,-1],[0,51],[21,-41],[8,-9],[0,50]],[[276884,652552],[14,2],[4,-6],[13,-1],[12,8],[37,71],[37,0],[0,36]],[[276998,653127],[1,-23],[0,-18],[2,0],[0,-20],[-2,-16],[0,-34],[2,0],[0,-32],[-2,0],[0,-17],[23,-1],[3,0],[4,0],[0,-21],[-29,3],[1,-18],[1,-3]],[[276884,652552],[0,119],[1,40],[0,85],[-2,0],[0,21],[-3,21],[-8,1],[-2,0],[0,42],[7,0],[0,-21],[8,-1],[0,22],[0,42],[-2,0],[0,21],[2,0],[0,18],[0,18],[0,54],[-1,9],[56,1],[8,0],[-11,22],[-10,21],[-4,8],[-12,33],[14,6],[27,-2],[46,-5]],[[276754,650933],[3,0],[12,0],[0,42],[0,18],[0,24],[0,40],[0,8],[0,35],[0,17],[-7,1],[-16,5],[-8,6],[4,13],[0,45],[5,30],[9,6],[21,26],[6,2],[0,18],[-15,0],[0,42],[-15,0],[0,43],[0,25],[-1,17]],[[276752,651396],[0,21],[7,0],[1,21],[7,-1],[0,43],[0,9],[13,1],[0,13],[-12,21],[5,46],[-2,16],[-4,2],[-1,13],[0,41],[0,7],[12,0],[3,-17],[32,-25],[0,34],[-1,7],[12,0],[6,3],[0,-38],[0,-22],[26,-24],[18,-13],[12,-8]],[[277319,651517],[100,-1],[5,-3]],[[277424,651513],[1,-245],[-1,-6],[2,0],[0,-22],[13,0],[0,-53],[-13,0],[1,-10],[9,0],[3,-10],[0,-33],[15,0]],[[277454,651134],[0,-42],[20,0],[-3,-33],[9,-15],[4,-26],[0,-42],[-15,1],[-1,-53],[1,-165],[0,-91],[0,-26],[0,-16],[-34,0],[0,-21],[4,0],[0,-48],[-9,0],[-2,-50],[-3,5],[0,-14],[0,-171],[-39,1],[-1,-25],[-13,25],[-45,0],[-6,-79],[-7,-55],[-4,-20],[1,-17],[-9,1],[33,-65],[-3,-184],[-29,-1],[1,166],[-46,2],[8,-38],[5,-11],[-1,-22],[2,-17],[7,-7],[10,10],[-2,-84],[-18,-1],[-14,63],[-3,23],[-8,26],[-10,48],[-3,8],[-25,1],[-4,22],[-10,21],[-22,-1],[0,42],[-15,0],[0,-170],[-8,0]],[[277147,649989],[-81,4],[-30,1],[1,-213],[-30,0],[1,-127],[-45,1],[-2,297],[-4,0],[0,42],[-12,0],[-14,1],[-42,2],[-28,1],[-3,0],[-1,-34],[-3,-1],[0,8],[-4,2],[-3,-7],[-1,8],[2,11],[0,12],[-13,1],[-4,16],[1,5],[1,6],[-7,42],[-2,5],[-2,-1],[-2,5],[-4,3],[-2,3]],[[276814,650082],[-2,9],[2,57],[9,0],[6,36],[8,-21],[1,4],[-3,7],[1,6],[2,8],[-4,20],[-5,0],[0,42],[-1,85],[30,0],[0,84],[-29,1],[0,169],[-1,-21],[-15,-1],[-3,0],[0,-18],[-3,-4],[-5,0],[-3,-5],[0,9],[-6,0],[-2,7],[-2,7],[-9,-13],[-11,-1],[0,43],[-50,1],[-8,171],[-3,42],[1,85],[7,0],[0,-42],[23,-1],[0,75],[15,4],[0,6]],[[285461,621890],[3,-1],[5,84],[0,10],[-2,5],[-17,22],[1,4],[16,-13],[-7,26],[15,-9],[2,4],[0,22],[2,29],[5,-1],[11,121],[6,1],[17,-5]],[[277100,648197],[38,106]],[[277138,648303],[42,115],[11,35],[29,80],[30,39],[154,197],[23,76],[62,206],[0,-10],[3,14],[30,-3],[86,3],[0,0]],[[277608,649055],[1,-421],[0,-76],[0,-9],[4,1],[11,-29],[-1,-116],[-4,-38],[0,-45],[-6,-25],[25,-1],[-1,-235],[0,9],[-13,0],[0,-29],[14,0],[0,-45],[-8,15],[-7,-24],[0,-49],[-7,-2],[1,-37],[5,6],[15,0],[0,-31],[30,0],[-1,-170]],[[277666,647704],[-30,0],[0,-170],[-28,0],[-60,2]],[[277548,647536],[-60,2],[-237,-1],[-80,3]],[[277171,647540],[-19,87],[-18,0],[-1,16],[-3,-4],[0,75],[-60,-3],[-35,-1],[-5,30],[2,32],[-1,22],[-20,0],[0,83],[0,166]],[[280505,632301],[-28,2],[-15,-1],[0,-15]],[[280351,632297],[-17,-2],[-6,0],[-1,0],[-13,-1],[-5,-1],[-2,0],[-1,0],[-5,0],[-14,-2],[-3,-5],[-2,5],[-3,0],[-1,0],[-4,-1],[-12,0]],[[276614,652929],[4,0],[-2,-36],[2,-6],[-2,0],[0,-43],[2,0],[0,-42],[-4,0],[0,-30],[3,-52],[42,-1],[0,-52]],[[276614,652643],[-14,-11],[-6,9],[-4,0],[-7,-13],[-5,24],[-2,9],[-7,2],[-8,16],[-6,-18],[-2,15],[2,20],[-23,-2],[-5,-1],[0,-7],[-14,7],[-4,19],[-8,-21],[-4,27],[-2,16],[-1,17],[-17,21]],[[276477,652772],[0,32],[0,1]],[[276478,653374],[0,33],[0,29],[0,44],[0,63],[0,64],[0,105],[0,15]],[[276478,653727],[24,6],[25,-1],[2,1],[6,2],[42,3],[8,-1],[0,-43]],[[281047,654895],[32,-1],[0,0],[0,0],[113,-4],[27,-2],[14,0],[0,0],[51,-1],[0,0],[0,0],[38,-1],[63,-1],[50,-1],[89,-2]],[[281551,654882],[0,-237],[1,-102],[11,3],[43,5],[1,-39],[-31,0],[-11,-18],[-14,1],[0,-23],[-3,1],[-27,1],[0,-127],[-15,0],[0,-5],[15,0],[0,-38],[16,0],[1,-29],[14,13],[8,-2],[0,-4],[7,-14],[13,-4],[-4,-11],[-18,24],[-6,-2],[0,-10]],[[281016,653961],[11,15],[5,3],[0,9],[-3,0],[0,37],[-13,-2],[-1,9],[0,22],[7,0],[0,31],[-1,5],[-6,0],[0,7],[0,38],[-1,5],[0,37],[15,0],[0,19],[4,-33],[6,-22],[3,26],[0,34],[-2,24],[-9,53],[13,27],[0,20]],[[281044,654325],[0,42],[-5,0],[0,44],[-26,28],[0,35],[29,0],[-10,46],[0,29],[18,4],[24,-55],[0,72],[0,3],[0,29],[0,7],[3,0],[0,35],[26,-1],[5,51],[2,26],[7,0],[-1,7],[-6,0],[-29,1],[-1,43],[15,-1],[2,43],[-2,0],[1,6],[-5,1],[-1,12],[-17,1],[0,-20],[-31,-1],[1,48],[6,1],[-2,34]],[[277454,651134],[26,0],[0,-32],[19,1],[0,-11],[7,0],[2,10],[0,22],[6,0],[0,-11],[4,0],[0,10],[7,-6],[5,6],[10,-4],[-1,-27],[5,0],[5,-1],[0,-19],[11,-10],[6,-35],[-2,-25],[10,8],[0,-69],[6,-1],[3,-16],[-9,0],[0,-84],[7,1],[5,-17],[-5,-1],[0,-69],[-7,0],[0,-32],[15,0],[0,-16],[5,0],[3,-18],[0,-21],[7,13],[0,-97],[0,-255],[-36,0],[-23,27],[-1,-45],[11,-36],[11,-26],[11,-4],[3,-55],[10,-8],[9,-21],[12,-12],[8,-32],[15,-34],[-1,76],[30,1]],[[277788,649300],[-60,61],[-2,2],[-28,-2],[-87,-116],[-3,-190]],[[277138,648303],[-51,0],[-15,-5],[0,88],[-1,172],[59,1],[1,191],[-6,-10],[-7,-44],[-6,-16],[-12,-22],[-10,-9],[-19,-11],[-1,301],[6,6],[54,66],[0,216],[6,3],[0,42],[-7,131],[-1,72],[11,11],[5,-5],[-4,26],[6,17],[12,0],[0,42],[13,0],[-1,160],[-1,29],[-5,70],[-17,164]],[[281273,649076],[10,-11],[-5,-9],[0,9],[-4,0],[-1,11]],[[281039,650573],[45,2],[0,-72],[0,-56],[-60,-2],[1,-41],[0,-168]],[[281025,650236],[0,-170],[1,-81],[2,-296],[2,-381],[0,-15],[0,-28],[1,-33],[0,-10],[-60,-1],[1,-85],[59,2],[2,-199],[1,-51],[14,0],[8,-31],[-2,-17],[0,-11],[-2,-3],[-2,-9],[2,-21],[4,-12],[5,-4],[-7,-14],[-3,-17],[-7,-7],[0,-7],[1,-3],[0,-7],[-4,-1],[-1,-3],[1,-7],[1,-7],[3,-5],[2,2],[1,-5],[-3,-4],[-2,0],[-1,-2],[-1,-3],[-1,-2],[-1,0],[-2,4],[-1,-1],[-1,-4],[0,-6],[0,-35],[0,-11],[8,-2],[22,-26],[0,-56],[60,3]],[[281125,648554],[1,-169],[-89,-5],[0,-67],[-8,-14],[-1,11],[-5,22],[-11,15],[-1,12],[-4,4]],[[280653,649050],[1,169],[-45,1],[-1,253]],[[280608,649473],[-1,205],[0,5],[-13,15],[-11,26],[2,3],[22,1],[-1,169],[62,-2],[-1,94],[-2,86],[29,-2],[1,11],[7,12],[-3,21],[-5,7],[0,38],[-4,46],[6,35],[0,39],[9,5],[6,10],[0,42],[5,22],[0,25],[3,24]],[[281767,654879],[86,-2],[1,0],[50,2],[3,-1],[73,0],[1,0],[68,0],[11,0],[41,0]],[[282101,654878],[1,-24],[-17,-33],[-35,-56],[9,-8],[0,-17],[21,0],[0,-25],[-12,-11],[-18,-22],[1,-198],[-15,0],[1,-85],[-23,0],[0,73],[-18,2],[0,-67],[-4,-9],[-35,1],[0,-16],[-7,2],[-3,-14],[1,-140],[-7,-31],[-3,-56],[-2,-49],[-5,-14],[-9,-6],[-7,-25],[-4,-2],[-1,-4],[0,-52]],[[281419,648059],[28,4],[40,1],[4,1],[95,5],[15,0],[4,-26],[4,-80],[0,-59],[14,-6],[0,-11],[10,-10],[1,14],[6,-21],[3,-31],[10,1],[0,42],[26,1],[-2,25],[5,2],[15,12],[7,5],[6,32],[1,9],[3,0],[-2,-29],[6,-11],[7,-28],[9,-31],[13,-16],[14,-8],[11,-26],[2,-27],[10,-7],[2,-24],[1,-50],[46,2],[4,-13],[11,-6],[4,7],[13,-7],[8,-35],[9,-24],[20,-43],[10,-13],[2,-27],[28,1],[1,-46],[26,1],[21,-1],[11,1]],[[282062,647224],[-1,-18]],[[282061,647206],[1,-152],[1,0],[0,-165],[-10,0],[5,-17],[-1,-17],[6,-16],[0,-34],[-14,-1],[2,-17],[-10,2],[-11,-13],[0,-11],[-6,-9],[-5,17],[-14,11],[0,-69],[-118,-9]],[[281887,646706],[-2,326],[-13,9],[-36,-2],[-119,-2],[0,24],[-24,-2],[-15,-11],[-3,-12],[-76,-1],[-1,7],[0,162],[-59,-2],[-27,1],[-21,-2],[-1,86],[1,11],[-12,5],[0,-29],[-7,6],[-1,18],[-10,7],[-19,1],[-4,15],[-10,-4],[-4,-14],[-18,0],[2,-47],[6,-9],[6,-24],[-1,-18],[-6,-17],[-4,3],[-7,18],[0,-10],[-15,0],[1,-43],[-15,0],[0,-34],[1,-8],[0,-3],[1,-82],[-26,0],[-1,24],[-6,21],[-14,5],[1,-46],[1,-12],[-15,-8],[-4,-6]],[[281088,647359],[-1,170],[60,4],[27,-3],[9,52],[5,34],[2,9],[-3,28],[13,-17],[7,-21],[1,82],[-15,0],[-1,168],[59,3],[1,-169],[89,8],[-1,13],[-4,21],[-6,19],[2,28],[4,19],[3,37],[-1,29],[31,2],[0,84],[25,-2],[5,0],[0,20],[-6,17],[4,18],[7,6],[6,-21],[-3,24],[-9,37],[1,4],[1,1],[0,5],[3,1],[1,1],[0,-5],[1,-6],[14,0]],[[276583,652125],[2,0],[26,0],[4,-1]],[[276752,651396],[-10,0],[-5,-26],[-15,0],[-15,-9],[-2,-7],[-3,-1],[-3,12],[3,32],[0,7],[5,4],[0,31],[-7,0],[-14,0],[-2,0],[-5,0],[-5,0],[-4,0],[-3,0],[-5,0],[0,43],[0,40],[-2,0],[0,87],[-13,1],[-5,0],[0,-29],[-12,0],[-3,-7],[-1,-6]],[[285697,622546],[1,-6],[-12,-11],[-11,-25],[-11,-46],[-12,-5],[-3,-21],[-12,-25],[-2,-1],[-5,-6],[-3,-2],[-4,-9],[-1,-5],[-6,-9],[-5,15],[-2,3],[-10,-26],[-9,6],[-16,-6],[-7,-18],[-9,-11]],[[285558,622338],[10,63],[1,23],[-26,-5],[1,18],[20,34],[0,25],[-6,13],[-10,-8],[-3,27],[-14,-21],[-5,1],[0,64],[-2,0],[-5,25],[9,46],[-2,-1],[-2,8],[-1,4],[-3,4],[-1,4],[-2,6],[-2,10],[-2,8],[-1,5],[-1,8],[-1,4],[-2,3],[-1,4],[-2,14],[-5,35],[-4,110],[-1,26],[0,9],[-1,31],[-5,-9],[-13,-30],[-1,6],[5,13],[-9,50],[-2,-4],[-14,-40],[-5,10],[-10,-2],[-15,32],[-4,9]],[[285421,622970],[-1,11],[-9,35],[8,23],[3,7],[-8,33],[8,19],[-1,6],[1,5],[-2,0],[-1,6],[-4,23],[4,12],[5,-18],[2,5],[2,-6],[6,15],[-9,30],[-2,37],[-9,45],[0,75],[3,-19],[15,-53],[-3,-7],[6,-22],[27,71],[4,40],[0,19],[-3,24],[-15,16],[9,18],[3,1],[18,-3]],[[278892,649720],[28,0],[1,-338],[60,1],[0,-169],[59,0],[-29,-64],[0,-105],[30,0],[0,-255],[59,-5],[1,-84],[-30,2],[0,-168],[30,-2],[0,-42],[15,0],[0,-126],[45,1],[59,2],[0,-170],[-3,0],[-27,-169]],[[282812,616566],[6,49],[9,67],[9,84],[10,61],[14,54],[12,36],[8,17],[2,4],[8,14],[17,36],[17,29],[9,7],[15,22],[21,30],[7,8]],[[282976,617084],[4,-5],[17,20],[10,-18],[18,-17],[23,12]],[[283104,617036],[-10,-39],[2,-12],[-7,-41],[7,-30],[-2,-23],[-8,-17],[-12,20],[-10,-50],[1,-11],[-5,6],[3,-12],[-16,28],[-10,6],[-12,-18],[-11,-21],[-13,-6],[-7,5],[-21,-36],[-14,-17],[4,-44],[-11,-28],[-6,-5],[-6,13],[-10,-11],[0,-48],[-8,-1],[-4,8],[-23,-19],[-9,10],[-7,-12],[-4,-17],[13,-34],[10,-9],[9,-26],[18,-78],[5,-17],[6,-27],[9,-24]],[[282945,616399],[-14,25],[-6,28],[-5,14],[-3,24],[-6,29],[-12,36],[-7,8],[-3,11],[-9,12],[-9,0],[-1,8],[-10,-11],[-6,-1],[-24,-26],[-2,-31],[-13,15],[-3,26]],[[281916,633371],[1,-88],[-8,-1],[2,-19],[6,-17],[1,-215],[-64,-2],[0,-170],[-44,-2],[-44,-3],[0,164],[-7,0],[0,21],[7,9],[0,18],[-13,0],[-2,84],[0,33],[-7,0],[-4,9],[-35,-1],[0,1],[-1,0],[-12,-2]],[[281691,636431],[0,170],[77,5],[-4,20],[5,4],[-7,20],[6,33],[1,23],[-4,-4],[-2,9],[0,43],[7,22],[11,0],[1,138],[20,1],[-3,25],[-2,44],[-4,14],[2,15],[-4,14],[5,16],[1,29],[2,9],[8,3],[5,0],[0,8],[11,-1],[16,19],[5,40],[-2,34],[7,16],[2,55],[20,0],[8,11],[7,37],[2,19],[-2,18],[-10,25],[0,21],[5,37],[-10,1],[0,169],[34,1]],[[281690,636238],[1,193]],[[280453,638522],[0,193],[0,171],[17,0],[0,-84],[4,-86],[44,5]],[[280518,638721],[0,-84],[59,3],[0,-84]],[[280631,636882],[-59,-2],[-28,-2]],[[280544,636878],[-1,0],[4,163],[-10,-2],[-17,-20],[-7,7],[-33,-3],[1,45],[7,51],[5,11],[-39,-2],[-15,0],[0,81]],[[281633,634480],[0,243],[-2,161],[0,171],[0,59],[0,1],[0,81],[-1,371]],[[278201,646854],[0,33],[-2,10],[-28,-2],[0,42],[-15,-1],[0,43],[-30,-2],[0,-42],[-15,0],[0,84],[1,87],[0,83],[-23,0],[23,31],[0,53],[-28,1],[-1,84],[-120,3],[0,143],[-46,2],[-6,13],[-6,52],[-11,51],[-3,43],[-1,36],[-11,-22],[-14,-6],[-4,-19],[-1,-119],[-16,28],[0,-30],[-118,0],[0,42],[-30,1],[0,22],[-15,0],[0,31],[-14,0],[0,38],[8,15],[-4,22],[-5,0]],[[279293,639812],[6,1],[3,38],[7,-14],[1,-22],[5,-6],[4,18],[9,-3],[5,22],[9,-17],[7,-4],[-5,-19],[1,-13],[7,-1],[14,30],[4,15],[-1,28]],[[279404,638881],[-18,0],[-1,51],[-7,14],[-7,22],[-18,-11],[-6,2],[0,-77],[-55,1],[0,-83],[-59,0],[0,85],[-58,1],[-11,0],[-5,29],[0,23],[-13,27],[-5,2],[0,238],[10,13],[-7,-2],[-9,-18],[-7,-1],[-4,-13],[-19,-13],[-4,-10],[-14,-12],[0,-18],[-4,-4],[-12,10],[-5,-4],[-11,32],[-3,-14]],[[278815,636541],[13,4],[1,7],[9,17],[6,4],[4,11],[18,19],[13,48],[4,7],[17,49],[22,45],[8,27],[9,3],[5,9],[3,22],[6,18],[12,4],[7,22],[47,0],[0,-247],[20,-1],[3,28],[7,13],[0,206],[1,85]],[[279347,636432],[-5,-31],[-12,-34],[-7,-5],[-14,13],[8,-32],[0,-6],[1,-31],[-31,3],[-1,44],[-147,5],[0,-244],[-1,-7],[-9,-8],[-12,-32],[-6,-8],[-16,-2],[-4,-17],[-4,-27],[-4,-7],[-3,0],[-6,15],[-5,32],[-3,2],[-7,-16],[-10,-9]],[[279049,636030],[0,154],[-28,1],[-6,-8],[-11,8],[-14,1],[0,170],[-88,0],[0,170],[-87,0]],[[278815,636526],[0,15]],[[285518,622189],[-2,77],[-2,50],[-1,44],[14,1],[8,-25],[22,-3],[1,5]],[[277899,652607],[34,0],[0,-12],[-2,-6],[0,-9],[2,1],[4,5],[0,21],[18,2],[6,-1],[1,-106],[13,-1],[0,-42],[8,0],[0,12],[8,0],[-1,-33],[32,-1],[-3,117],[0,10],[10,9],[17,8],[6,-8],[-6,-6],[-1,-21],[12,-29],[10,-12],[11,13],[4,-13],[12,21],[1,14],[16,-1],[13,-12],[0,72],[15,-1],[0,79],[14,5],[31,23]],[[278184,652705],[0,-23],[15,-1],[0,-66],[9,-5],[3,-18],[8,-1],[1,-20],[-6,0],[1,-64],[15,-1],[0,-84],[-30,2],[1,-97],[75,0],[0,-79],[-17,1],[0,-21],[-12,1],[0,-21],[-15,2],[0,-64],[30,-2],[0,-22],[-7,-19],[-3,-22],[-1,-12],[-1,-90],[-2,-31],[-2,-23],[-9,-35],[10,-13],[0,-108],[77,-4],[1,-117]],[[278325,651648],[0,-222],[-3,-171],[-22,2],[0,-78],[-7,-45],[0,-20],[29,-3],[0,-23],[0,-254],[0,-255],[-1,-246]],[[277902,650331],[0,255],[0,272],[15,0],[0,90],[-10,1],[0,42],[2,21],[13,0],[-1,49],[-15,30],[-5,1],[0,248],[5,17],[3,22],[-5,3],[-7,3],[2,21],[12,-3],[6,36],[-8,14],[-8,16],[0,10],[0,12],[0,25],[0,37],[2,21],[4,21],[6,-7],[0,13],[-9,0],[-3,3],[0,12],[0,22],[8,-1],[0,24],[-8,0],[0,46],[0,32],[0,22],[0,7],[0,87],[0,25],[0,53],[0,7],[0,31],[0,11],[0,7],[0,112],[8,7],[0,13],[10,-5],[2,12],[0,-12],[7,0],[0,14],[-3,31],[-4,23],[-9,0],[0,23],[-4,0],[0,19],[-7,-2],[-1,45],[0,169],[-1,169]],[[277601,652105],[-1,170],[0,42]],[[277600,652317],[31,-1],[0,44],[0,84],[-2,0],[0,70],[-16,0],[0,58],[18,-1],[29,-2],[7,0],[8,0],[3,57],[11,48],[11,3],[1,16],[13,11],[5,11],[-8,-12],[-10,-7],[-2,12],[-14,36],[0,22],[34,-26],[0,124]],[[277719,652864],[15,0],[0,-42],[30,0],[0,-42],[10,0],[5,0],[0,84],[30,0],[0,-87],[0,-16],[-12,-1],[-3,-22],[-7,-1],[-2,-18],[2,-25],[23,-5],[0,-16],[-30,23],[0,-86],[0,-51],[15,-14],[9,5],[10,24],[3,4],[18,-11],[5,-9],[0,51],[2,0],[5,-19],[0,-24],[38,-1],[0,21],[11,0],[1,21],[2,0]],[[277424,651513],[30,3],[0,12],[14,-12],[0,189],[45,3],[0,45],[3,0],[0,-27],[42,1],[-1,42],[15,0],[0,28],[15,0],[0,15],[15,1],[0,17],[6,0],[5,12],[0,13],[-2,14],[0,37]],[[276479,654093],[0,42],[0,42],[0,22],[1,21],[0,65]],[[276480,654285],[9,20],[20,-63],[-7,-19],[3,-17],[16,-46],[1,-17],[9,-23],[4,15],[3,-8],[5,-12],[-1,-16],[-1,-9],[13,-28],[6,-12],[23,-38],[2,-1],[5,-4],[10,-9],[5,-12],[-3,-9],[-1,-7],[8,-21],[9,-8],[3,12],[9,-23],[1,-9],[-2,-21],[17,-28],[9,-5],[11,52],[5,15],[1,2]],[[276478,653727],[0,110],[0,65],[1,191]],[[276881,653457],[71,-74],[10,-11],[19,-16],[15,-8],[32,-16],[61,-19],[29,-16],[0,-28],[20,-6],[3,16],[16,3],[5,-33],[16,-4],[4,48],[14,5],[8,-8],[5,-6],[1,-19],[5,-1]],[[277215,653264],[0,-18],[-1,-37],[-1,-31],[0,-45],[-1,-22],[-46,0],[-5,-4],[-15,-27],[-6,-22],[-2,-9],[12,-22],[6,-26],[44,-36],[13,-2],[-5,-4],[-44,3],[-6,1],[-4,-8],[1,-81],[5,-23],[19,-47],[5,-16]],[[276998,653127],[-1,22],[0,78],[-52,70],[-5,9],[-6,-3],[-27,20],[-23,31],[-4,33],[2,46],[-1,24]],[[276473,649662],[30,0],[29,0],[5,35],[7,34],[5,149],[7,36],[-2,35],[-1,51],[5,40],[61,1],[1,-127],[89,0],[0,42],[14,0],[1,19],[6,0],[0,-19],[8,0],[0,101],[-7,24],[38,-1],[30,-1],[15,1]],[[276943,648053],[-19,-19],[-29,-85],[-10,-27],[-61,-8]],[[276473,648231],[0,60],[0,171]],[[276473,648462],[0,515],[0,346],[-1,176],[1,85]],[[277023,648261],[4,3],[1,-24],[4,-13],[6,0],[4,-11],[0,73],[-5,12],[-10,-1],[0,45],[-21,6],[17,-90]],[[280618,631110],[2,1],[6,1],[30,2],[0,-20],[23,2],[5,15],[-3,-81],[19,1],[-1,59],[6,0],[-1,15],[7,0],[0,12],[3,0],[5,0]],[[280452,630082],[-1,7],[-9,50],[1,12],[7,1],[13,-13],[3,8],[-2,50],[2,77],[8,43],[4,31],[-1,19],[-4,36],[1,21],[0,30],[-2,12],[0,4],[6,33],[6,18],[10,5],[13,20],[5,20],[-1,24],[-1,6],[2,7],[0,7],[0,9],[-1,16],[-2,13],[0,8],[0,37],[0,4],[4,5],[4,44],[-1,17],[-1,2],[-2,22],[2,37],[21,46],[12,45],[6,27],[3,-1],[3,13],[6,6],[3,3],[10,6],[3,4],[1,4],[2,6],[3,27],[-2,2],[11,44],[15,12],[5,9],[1,7],[1,10],[-1,16]],[[280612,632309],[2,-20],[0,-54],[-13,-100],[-6,3],[1,-220]],[[280667,631637],[2,-15],[0,-17]],[[280669,631605],[0,-4]],[[280669,631601],[-8,1],[-7,4],[-6,1],[-23,-4],[0,-17],[-25,-24],[-4,-6],[0,3],[-30,-28],[0,0],[-22,-20]],[[281006,632150],[21,1],[0,32],[8,0],[0,15],[20,0],[0,-24],[9,-16],[0,-7],[21,0],[0,6],[9,-1],[0,-5],[16,1],[3,-1],[10,1],[18,1],[35,24]],[[280949,631552],[0,7],[-3,0],[3,45],[0,37],[-3,0],[0,20],[3,1],[0,12],[0,11],[-1,14],[-2,26],[1,4],[-1,0],[0,71],[2,0],[0,6],[0,12],[-2,12],[0,35],[-11,0],[0,16],[7,11]],[[280669,631605],[9,19],[32,-2],[0,-17],[11,-1],[0,-32],[5,-1],[17,-1]],[[280618,631110],[0,44],[1,9],[2,4],[11,2],[17,1],[10,9],[2,5],[4,19],[12,76],[1,9],[2,0],[2,55],[-3,21],[-8,44],[-6,48],[0,8],[2,23],[1,27],[0,6],[-2,18],[-1,11],[3,43],[1,7],[0,2]],[[279049,635038],[0,260],[0,205],[0,467],[0,60]],[[279756,636421],[-1,-115],[-14,-1],[-1,-10],[-24,0],[-2,-14],[-15,0],[1,-40]],[[279700,636241],[-8,-5],[-5,-13],[-11,-3],[-11,17],[-4,-11],[3,-27],[-7,-23],[-14,24],[-10,27],[3,14],[-9,-1],[-5,-16],[-6,-8],[-11,1],[-11,11],[-3,18],[-10,10],[-3,-33],[3,-16],[7,-18],[3,-18],[1,-24],[9,-18],[3,-23],[5,-6],[2,-16],[13,0],[-1,-253],[-66,1],[2,-36],[8,-20],[20,6],[7,-15],[-1,-190],[-8,1],[4,-15],[-3,-19],[-6,-15],[0,-12],[8,-25],[-25,0],[-13,46],[-1,-2],[-1,-46],[-87,4],[-1,-170],[1,-80],[3,-8],[0,-81],[-42,-1],[-19,2],[-1,-169],[-25,2],[-93,1],[1,-30],[-10,7],[0,23],[-78,1]],[[279049,634906],[0,132]],[[280576,639229],[30,2],[29,2],[0,-170],[59,3],[45,2],[73,5],[48,2],[21,35],[14,35]],[[280895,639145],[0,-9],[10,36],[10,1],[0,-88],[13,0],[0,-7],[2,0],[59,3],[29,2],[30,1],[1,-170],[1,3],[28,12],[1,17],[17,33],[2,11],[9,12],[45,2],[0,77],[7,1],[0,8],[64,2]],[[280518,638721],[-1,253],[59,1],[0,85],[0,169]],[[280340,635003],[102,7],[-5,-23],[-5,-5],[-5,-47],[-4,-12],[-10,-59],[-14,-27],[59,3],[0,0],[3,0],[3,-33],[10,-1]],[[280490,634046],[1,-80],[8,1],[6,-33],[5,10],[0,-24],[9,-8],[0,-41],[-3,-34],[0,-52],[-3,9],[-11,-1],[-8,0],[0,-42],[-7,-1],[0,-21],[-17,-3],[8,-43],[-2,-18],[-13,0],[2,-27],[6,0],[5,-17],[-3,-32],[-14,0],[0,-2]],[[280170,633471],[-19,-1],[-14,0],[-22,-1],[0,44],[-11,0],[0,42]],[[280247,630427],[-6,-18],[3,0],[9,29],[20,64],[29,-5],[0,-47],[4,-27],[6,-3],[0,-8],[5,0],[10,-7],[0,-59]],[[280334,630283],[0,-40],[-7,0],[0,-85],[38,2],[-1,-84],[10,-2],[51,6]],[[283375,630263],[0,-26],[50,-228],[4,-16],[41,16],[26,1],[-1,-85],[-1,-83],[3,-13],[0,-164],[-5,1],[4,-17],[12,-11],[5,-31],[15,-40],[3,-56],[6,-14],[-14,-7],[-7,2],[-8,9],[-19,3],[-13,-5],[6,-27],[6,-32],[0,-21],[6,-40],[10,-35],[9,-17],[-15,0],[0,-85],[28,-1],[0,-105],[21,0],[-1,-19],[-33,0],[0,-43],[-14,0],[0,51],[-14,1],[-1,59],[-14,-7],[0,-47],[-4,3],[-10,28],[-29,36],[-10,41],[-7,6],[-6,31],[-11,25],[-12,5],[1,-254],[21,-18],[17,-43],[10,-15],[11,-7],[15,-35],[0,-30],[5,-25],[-2,-39],[-8,-15],[-8,-6]],[[281384,630651],[28,0],[25,3],[-6,33],[11,70],[-3,26],[0,45],[19,2],[3,-13],[0,-44],[-6,-5],[3,-21],[-5,-51],[-7,-41],[27,4]],[[281473,630659],[0,-91],[-2,-1],[-1,-33],[-5,-44],[10,-8],[11,1],[7,0],[3,-10],[3,-20],[0,-96],[-14,-1],[-2,1],[-4,-29],[-3,17],[4,11],[-8,-1],[0,-37],[-16,-8],[7,-31],[1,-21],[-5,-7],[15,-29],[1,16],[8,-36],[29,-62],[16,5],[11,1],[2,37],[7,24],[6,51],[-5,58],[97,5],[1,-170],[33,1],[3,4],[2,0],[5,7],[1,16],[0,3],[0,-30],[15,1],[89,4]],[[281589,629326],[-14,0],[-1,172],[-3,-11],[-7,-8],[-17,-55],[-9,-7],[-7,-13],[-8,0],[-1,-15],[-16,-18],[-12,14],[-7,17],[-4,19],[-19,3],[-5,-16],[0,-18],[-4,-13],[-11,6],[-5,10],[2,28],[-12,34],[2,13],[19,15],[3,35],[-1,40],[-9,10],[-6,19],[-1,41],[-5,16],[3,22],[8,16],[3,15],[-3,37],[1,12],[-8,26],[-4,30],[-22,-1]],[[282357,629819],[5,37],[5,12],[7,-22],[8,5],[1,-8],[11,11],[8,-11],[2,20],[0,125],[-59,1],[0,355],[1,493],[56,-2],[0,70],[-19,0],[-1,8],[-7,7],[-31,2],[0,47]],[[279876,633465],[53,0],[-1,85],[58,1],[5,-20],[1,-27],[-5,-14],[0,-24],[8,0],[22,1],[0,84],[29,0],[8,7],[0,-6],[35,3],[0,42],[8,1],[0,41],[7,1]],[[279169,629357],[8,-17],[-3,-16],[6,-48],[10,21],[6,-6],[-9,-26],[4,-22],[-3,-15],[-7,-13],[6,-86],[-1,-24],[-3,-1],[-4,24],[-4,-5],[-4,-28],[-5,-2],[-1,-18],[-8,-5],[-2,-12],[5,-10],[-6,-9],[-4,-23],[3,-22],[-9,-28]],[[279260,628514],[-1,-32],[-3,-24],[-6,-18],[-7,-36],[-4,-31],[-12,-27],[19,-1],[0,-94]],[[279246,628251],[0,-77]],[[279246,628174],[-88,0],[0,171],[-82,-1],[-1,135],[-30,-1],[0,-21],[-4,-12],[-11,3],[0,-13],[-7,0],[0,-43],[-7,1],[1,-215],[-54,2],[-18,-1],[0,171],[-102,-5],[-30,7],[0,-170],[20,-5],[-1,-221],[-3,-24],[1,-10],[5,-78],[-14,1],[-11,-103]],[[278625,627916],[-6,8],[3,21],[-3,32],[-4,10],[-1,-17],[-4,26],[-9,4],[-7,-25],[-1,-13],[-6,-19],[-1,-26],[-13,-7],[-6,-16],[0,55],[-12,-44],[-11,21],[-8,6],[-4,35],[-11,34],[-2,12],[0,27],[6,20],[-9,-18],[-8,12],[5,10],[1,19],[-3,9],[6,5],[-5,14],[6,5],[-1,9],[-5,-6],[-5,17],[1,-24],[-5,-6],[-6,5],[-5,-11],[-4,4],[2,15],[-5,12],[-1,15],[-11,27],[-7,-4],[-6,-11],[-1,-35],[-6,-21],[-3,10],[5,11],[1,15],[-9,8],[-6,24],[1,16],[-5,16],[-34,1],[1,117]],[[285851,624167],[1,26],[7,-5],[3,22],[4,34],[1,16]],[[285848,626253],[33,-29],[22,-17],[2,0],[2,79],[3,6],[5,7],[7,6],[-14,44],[20,8],[0,26],[4,1]],[[286042,626189],[-4,-58],[-1,-56],[2,-3],[4,-230],[1,-61]],[[286044,625781],[-4,1],[-4,1],[-1,-54],[-25,15],[-1,21],[-34,11],[-12,3],[-7,-9],[-3,12],[-1,-8],[-2,11],[-1,-1]],[[285949,625784],[-16,-2],[1,16],[12,4],[-17,65],[-4,0],[0,17],[-12,3],[-4,-20],[-16,1],[-7,-27],[-7,33],[0,18],[1,14],[13,-8],[1,55],[5,-4],[0,32],[3,2],[-2,1],[0,10],[-9,8],[-3,-5],[-5,0],[-6,4],[-5,4],[-4,1],[-1,4],[-1,4],[2,4],[0,43],[-2,1],[-2,-3],[-18,12],[-1,6],[0,20],[1,29],[0,16],[1,22],[1,89]],[[285352,625747],[-1,-20],[7,9],[7,6],[-2,-69],[8,-2],[-3,-34],[9,-1],[0,-48],[3,-9],[3,-7],[5,-3],[4,4],[8,0],[6,16],[-1,-50],[24,-11],[12,-1],[-1,-65],[16,-2],[-1,-27],[4,-1],[1,-1]],[[285547,625337],[-1,-15],[-3,-29],[-1,-29],[2,-12],[1,-29],[2,0],[9,-7],[-1,-38],[-5,1],[0,-7],[-2,0],[1,-14],[2,-13],[6,-19],[12,-36],[-21,3],[5,-2],[-1,-40],[-5,-19],[1,-26],[-4,1],[-1,-8],[11,-36],[-3,-5],[-1,-6],[-1,-31],[-3,-21],[-5,-17]],[[285541,624883],[-3,-9],[-2,-26],[-2,-20],[-1,-22],[-7,-23],[-9,3],[-1,-8],[0,-20],[-52,15],[-1,14],[-5,7],[-6,4],[-1,-22]],[[285451,624776],[-20,8],[-2,-3],[-6,17],[-2,6],[-13,-15],[-7,2],[-3,23],[-9,31],[-4,26],[-10,24],[-17,61],[-3,-7],[-9,-6],[-1,6],[0,15],[2,6],[4,8],[-2,4],[-17,-7],[-9,11],[-5,20],[-6,69],[-2,72]],[[285310,625147],[-2,25],[-6,18],[-2,-1],[-17,1],[1,22],[-3,12],[-8,-3],[-36,-2],[-10,-7]],[[285227,625212],[1,24],[14,27],[5,25]],[[285247,625288],[-3,35],[-6,27],[-6,50],[-7,30],[-17,33],[-11,9],[-7,14],[-4,21],[-2,39],[8,8],[11,-14],[7,-2],[5,16],[3,18],[6,26],[7,77],[4,20],[12,43],[6,16],[8,9],[9,-2],[27,-1],[19,19],[6,-8],[7,-10],[8,-4],[13,-8],[2,-2]],[[285220,624651],[5,5],[-2,40],[6,5]],[[285229,624701],[7,-9],[16,6],[0,10]],[[285252,624708],[2,82],[10,1],[17,21],[3,-12],[5,-4],[0,-9],[9,-15],[0,-14],[28,-6],[0,38],[15,22],[1,4],[0,7],[-12,0],[1,37],[-23,0],[-7,8],[0,39],[-2,13],[-6,9],[7,35],[-10,88],[3,98],[17,-3]],[[285451,624776],[7,-7],[-3,-2],[-1,-6],[-2,-6],[2,-1],[0,-11],[3,-1],[0,-12],[-3,-8],[3,-23],[-2,-10],[-9,-12],[-1,-39],[6,-8],[3,0],[-1,-24],[3,-23],[-2,-44],[1,-10],[0,-15],[5,-42],[1,-19],[0,-23],[0,-8],[1,-6],[8,-27],[-1,-14],[5,-7],[0,-21],[13,-3],[3,-7],[2,-6]],[[285492,624331],[1,-5],[-6,-11],[-6,17],[-1,-20],[-2,0],[1,21],[-6,2],[0,-33],[1,-12],[-9,6],[-1,-18],[-4,10],[-3,-18],[-4,1],[2,28],[-11,2],[-5,-27],[1,-10]],[[285440,624264],[-4,1],[1,9],[4,26],[-8,-10],[-1,16],[-16,3],[0,-33],[-10,-7],[0,19],[4,20],[2,48],[-2,1],[-3,0],[0,-8],[-4,2],[-11,3],[0,7],[-2,0],[-2,1],[-5,-20],[-2,-21],[-6,1],[-1,-22],[5,-12],[-7,0],[-3,-8],[-2,-37],[-9,2],[2,92],[-4,9],[-17,4],[-1,24],[-8,2],[-27,6],[-2,-14],[-14,1],[-16,-6],[-5,1],[-37,-19]],[[285223,624361],[5,27],[16,18],[8,75],[21,-5],[3,80],[-39,30],[1,15],[0,9],[1,17],[-18,15],[-1,9]],[[285417,626248],[6,44],[4,10],[4,6],[20,20],[0,0]],[[285352,625747],[10,2],[6,12],[8,32],[-12,63],[2,19],[9,89],[6,82],[-4,8],[-13,-4],[-7,4],[-12,44],[1,52],[11,27],[12,14],[21,-10],[13,17],[9,24],[5,26]],[[286423,639293],[13,1],[0,88],[28,0],[1,87],[2,0],[14,1],[61,0]],[[286542,639470],[30,4]],[[286631,639477],[34,-1],[-10,-84],[-4,-172],[2,-16],[2,26],[7,18],[8,-2],[10,8],[41,-15],[0,106],[11,16],[12,7],[6,18],[4,19],[-33,0],[0,67],[60,0],[6,4],[10,25],[7,10],[11,28],[5,48],[2,37],[7,14],[19,2],[2,-82],[-5,2],[0,-27],[6,0],[0,-57],[2,-1],[17,-1],[7,-3],[4,-39],[-12,0],[0,39],[-12,2],[1,-29],[8,-6],[6,-34],[11,-1],[104,-2],[0,74],[63,3],[1,-78],[24,0],[0,80],[32,2]],[[287107,639482],[4,-46],[1,-39],[4,0],[-4,-13],[0,-157],[1,-50],[5,-34]],[[287069,638799],[-73,-2],[0,-49],[0,-85],[-8,-9],[-9,-19],[-9,0],[-1,-29],[-11,-8],[-20,-38],[-2,1],[1,5],[0,160],[6,5],[0,66],[-34,-2],[0,-62],[-31,-4],[-2,66],[-95,-1],[-1,-134],[-20,-8],[0,-99],[-1,-61],[-23,0],[-16,59],[-78,-4],[-1,-64],[-16,0],[-42,-3],[0,64],[-59,-3],[1,-170],[-59,-2]],[[286466,638369],[-60,-4],[-1,138]],[[285501,637360],[0,-252],[23,0],[1,-81],[-6,0],[-1,-84],[30,1],[1,21],[33,-3],[18,3],[1,-51],[16,-6],[4,23],[-3,-51],[-69,-19],[0,-139],[34,0],[1,-12],[18,0],[-3,-25],[-11,-85]],[[285210,636481],[0,33],[0,92],[-59,3],[0,37],[4,14],[11,18],[-1,46],[6,16],[19,20],[2,18],[6,21],[1,12],[7,7],[-1,102],[-4,28],[-51,2],[-1,255],[59,-2],[0,76]],[[286691,640150],[30,1],[0,-106],[0,-16],[1,-48],[2,0],[159,2],[133,4],[59,5],[59,-1]],[[287134,639991],[0,-170],[-59,0],[0,-170],[103,2],[-7,-31],[-7,-54],[-31,-2],[-16,-55],[0,-29],[-10,0]],[[286542,639470],[-1,173],[-44,0],[-14,0]],[[286483,639643],[-1,157],[120,5],[0,85],[5,1],[7,1],[5,-1],[0,46],[11,0],[0,39],[61,3],[0,171]],[[285783,636464],[-1,100],[2,24],[2,-2],[7,3],[0,-39],[13,1],[1,-85],[8,0],[4,1],[33,2],[-1,115],[6,9],[8,-1],[13,7],[12,-45],[15,1],[16,-4],[3,11],[4,18],[5,-4],[6,-44],[13,-31],[21,-38],[7,1],[21,0],[0,133],[14,0],[0,-14],[29,1],[0,-37],[-5,-50],[3,-2]],[[286042,636495],[-3,-31],[15,1],[13,0],[59,2],[0,-18],[1,-166],[3,-23],[6,18],[12,14],[5,-4],[4,-26],[7,-38],[5,-36],[13,-43],[5,2],[0,-25],[12,3],[1,-39],[-4,10],[-18,2],[-10,8],[0,-26],[20,1],[0,-78],[1,-193],[-24,16],[-1,-22],[-10,1],[1,-55],[5,1],[-1,-60],[-4,-13],[-2,-35],[-1,-13],[9,0],[1,-170],[28,2],[0,-140],[-6,9],[-17,-13],[-10,-20],[1,-26],[-6,-11],[-12,-2],[-11,-55],[34,2],[2,-256]],[[286165,634950],[-16,0],[-8,2],[-3,8],[-5,-2],[-12,0],[0,-9],[-43,-1]],[[285850,635753],[0,-82],[13,9],[0,-31],[-2,-3],[1,-4],[3,0],[7,5],[13,17],[3,3],[4,30],[-7,0],[0,46],[-21,1],[0,41],[-18,-1],[4,-31]],[[285771,624565],[26,37],[4,-3],[1,-4],[4,0],[1,-18],[9,-3],[2,0]],[[285840,624286],[-5,2],[-8,8],[2,-27],[-5,0],[-10,3],[-3,0],[-1,-28],[-5,-15],[-3,-26],[-3,-11],[-4,-4],[-2,14],[0,8],[-8,4],[-3,15]],[[285782,624229],[2,21],[-9,2],[-2,-4],[-10,-4],[-1,46],[-2,27],[1,6],[-6,-6],[3,23],[-8,24]],[[285703,625230],[23,-8],[4,-17],[9,-8],[0,14],[10,2],[2,-7],[9,-2],[3,5],[4,-8],[1,8],[10,-1],[22,-1],[0,-13],[5,8],[11,-1],[3,5],[7,-1],[1,-15],[0,-35],[-4,-15],[0,-26],[9,0],[1,87],[9,13],[4,3]],[[285846,625217],[28,-20],[5,-5],[-1,-86],[0,-15],[2,3]],[[285852,625018],[-17,6],[6,-24],[2,-22],[-6,-4],[-1,11],[-23,-24],[-21,-26],[5,28],[-3,18],[-2,44],[0,11],[-3,0],[-5,-38],[-5,-3],[-2,-43],[-16,-3],[-3,-2],[-3,-7],[-1,-20],[-8,0],[-3,-72],[-10,-17]],[[285665,624896],[1,54],[-10,25],[0,29],[2,0],[2,8],[2,19],[-1,6],[1,11],[-1,20],[-4,0],[-3,4],[1,40],[6,3],[1,23],[7,-1],[9,-2],[2,0],[10,-2],[2,4],[4,6],[9,42],[-1,16],[0,10],[-4,4],[2,15],[1,0]],[[285636,626283],[9,0],[19,0]],[[285664,626283],[-3,-96],[7,-7],[-4,-12],[-2,-60],[1,-7],[-5,-2],[0,-27],[0,-7],[0,-19],[0,-35],[0,-17],[-1,-35],[2,-20],[1,-13],[5,3],[3,-1],[0,-38],[-4,-8],[1,-7],[0,-9],[9,-7],[3,-10],[5,9],[5,-28],[6,-17],[0,-25],[18,-6],[-2,-27],[6,-2],[1,31],[7,5],[4,-15],[4,15],[0,-16],[10,10],[-2,10],[2,13],[9,19],[3,30],[-2,32],[-4,15],[23,-12]],[[285799,625702],[5,-29],[5,11],[6,29],[14,1],[8,-29],[5,-2],[5,22],[0,17],[8,8],[4,3],[8,-1],[6,-16],[4,19],[10,-13],[7,28]],[[285894,625750],[-2,-100],[-4,-11],[0,-30],[2,-2],[-1,-28],[-15,0],[-4,28],[-6,-14],[4,-18],[-2,-32],[2,-10],[17,-10],[-1,-32],[3,-1],[1,32],[7,0],[0,-8],[-3,1],[-2,-19],[4,-17],[-4,0],[-1,-42],[-4,1],[0,-31],[-2,-2],[-13,6],[0,16],[-13,6],[-2,-69],[9,-11],[0,-7],[-10,5],[-1,-77],[-8,-7],[-1,-24],[11,0],[15,-18],[-7,-1],[-9,13],[-2,0],[-13,-16],[7,-4]],[[285703,625230],[1,31],[-2,0],[1,8],[-12,3],[-2,16],[-2,0],[-11,7],[-2,2],[-2,-15],[-4,-2],[-13,0],[-12,3],[1,5],[-11,12]],[[285440,624264],[3,-11],[0,-25],[-1,-32],[-1,-20],[8,-2],[0,-21],[-4,1],[-5,-14],[0,-7],[-1,-44],[-1,-13],[3,-1],[-1,-46],[-3,1],[-1,-26],[0,-13],[9,-8],[8,-16],[-9,-83],[-9,-2],[2,-13],[-3,-4],[-1,-6],[7,-18],[0,-19],[-6,-11],[-3,1],[-1,-29],[8,-25],[12,-10],[-7,-14],[-6,-25],[10,-57],[6,-23],[12,-16]],[[285465,623613],[-7,-9],[16,-14],[-2,-18],[0,-14]],[[285472,623558],[-26,26],[-10,33],[-45,141],[-22,44],[-27,30],[-35,3],[-23,26],[-15,43],[-9,39],[-14,64],[-15,70],[-1,5],[-29,122],[-2,6]],[[286056,625192],[0,40],[29,-6],[6,-8],[2,-1],[6,6],[16,37],[0,21],[3,0],[-1,12],[5,22],[-2,15],[-2,-1],[-1,8],[2,13],[1,38]],[[286132,624939],[1,19],[-3,0],[0,19],[-3,17],[-6,-3],[1,26],[-2,18],[-10,2],[1,51],[-5,1],[1,28],[-18,4],[0,9],[-6,1],[0,10],[-3,1],[-4,22],[-11,-1],[-3,20],[-7,0],[1,9]],[[285664,626283],[24,-8],[31,-11],[6,-2],[35,-21],[22,-13],[3,-1],[15,9],[17,9],[25,13],[6,-5]],[[285949,625784],[-1,-12],[-15,-3],[0,13],[-24,-3],[-13,14],[-2,-43]],[[286120,625388],[0,27],[-13,3],[-7,-10],[-3,5],[-5,19],[-14,9],[-6,13],[-1,16],[3,17],[1,4],[-21,3],[1,63],[-32,11],[2,27],[16,133],[3,53]],[[276079,624531],[32,1],[43,-5]],[[276154,624527],[5,-16],[-3,-27],[-9,-10],[-8,5],[-10,39],[-14,3],[-9,-32],[-21,-43],[-5,-34],[0,-43],[-15,-66],[-1,-17],[-1,-11],[11,-43],[12,-17],[16,-11],[10,-15],[3,-41],[0,-22],[3,-5],[9,8],[9,-13],[1,-26],[-3,-21],[-18,-44],[-29,22],[-3,-10],[-7,-26],[-2,-28],[7,-48]],[[276082,623935],[-4,-7],[7,-21],[10,-9],[12,-5],[17,-46],[-29,-4],[0,-162],[29,0],[1,-139],[-96,7]],[[276086,621699],[0,-42],[22,0],[28,3],[0,37],[30,2],[1,-28],[2,-3],[5,0],[2,-3],[5,-4],[2,-4],[2,-1],[4,0],[15,0],[0,41],[13,2],[69,1],[6,-44],[30,0],[0,109],[56,3],[0,-24],[29,-1],[0,129],[11,1],[36,-1],[5,1],[9,-2],[32,-2]],[[276500,621869],[-3,-22],[0,-54],[-6,-18],[-16,-4],[-6,-34],[6,-56],[-6,-52],[2,-23],[9,-23],[20,5],[3,-18],[-4,-16],[-13,-4]],[[276486,621550],[-28,-7],[-7,-10],[-9,-63],[0,-11],[6,-26],[1,-23],[-3,-29],[-1,-8],[-2,2],[-4,25],[-1,16],[-2,20],[0,34],[-2,7],[-8,3],[-7,-15],[-3,-19],[-1,-23],[3,-30],[19,-37],[8,-49],[2,-31],[-6,-18],[-26,-7],[-7,-13],[0,-37],[15,-68],[-2,-28],[-7,-14],[-20,17],[-4,-24],[4,-25],[46,-78],[16,-13]],[[276456,620968],[12,-10],[7,-33],[-2,-120],[8,-66],[5,-28],[2,-46],[-7,-50],[-8,-20],[-2,-28],[17,-60],[42,-202],[16,-33],[22,-87],[2,-40],[-7,-53],[-21,-42],[-23,-3],[-9,-20],[1,-31],[7,-19],[12,-3],[18,22],[13,-10],[1,-10]],[[287719,654421],[59,2],[65,13],[21,2],[39,4],[60,5]],[[288027,653877],[-59,-3],[-59,-9],[0,-36],[-20,-30],[-14,-17],[-24,-47],[-1,128],[-5,-1],[0,39],[-10,0],[-1,48],[-15,-1],[0,41],[-29,-2],[0,16],[-6,-1],[-3,13],[0,13]],[[287781,654028],[-2,311],[-20,15],[-12,-1],[-7,-9],[-14,5],[-4,-5],[-3,-1],[-1,51],[1,27]],[[285804,652516],[0,-74],[39,1],[23,1],[-1,-141],[-10,-29],[32,0],[15,0],[23,-1],[0,-44],[0,-41],[27,-1],[11,0]],[[285963,652187],[-1,-85],[-37,1],[0,-84],[2,0],[58,-1],[-1,-57],[-46,0],[0,-107],[-7,1],[-4,0],[-1,-87],[34,21],[0,-26],[21,0],[0,-164],[0,-37],[3,-1],[0,-68],[3,5],[7,-18],[6,5],[1,-32],[14,5],[20,-16],[3,12],[1,-25],[-3,-16],[1,-27],[16,-12],[1,-28],[54,0],[0,-83],[38,-1],[1,-22],[-1,-62],[-9,-1],[-6,-22],[-7,1],[-2,18],[-8,-22],[0,-32],[-3,-12],[-6,-5],[1,-12],[-11,-14],[-3,8],[-4,-29],[7,4],[-5,-25],[7,-28]],[[286078,651007],[-31,-1],[1,-163],[-64,-4]],[[285984,650839],[-60,3],[-1,32],[-4,2],[-10,-34],[-45,-3],[-117,-5],[-17,1],[5,-19],[9,-19],[-4,-21],[-1,-34],[2,-21],[5,-12],[-2,-22],[0,-20],[-31,1],[-28,-2],[0,169],[-56,-1],[0,-5],[0,-44],[3,-6],[2,-39],[5,-6],[12,-1],[5,-29],[5,-11],[4,-27],[7,0],[7,-36],[7,-17],[1,-116],[-57,0],[-1,169],[-60,-1],[1,-169]],[[285570,650496],[-60,0],[1,-270],[-11,5],[-11,-22],[-8,-7],[-16,-3],[-10,34],[-4,5]],[[285450,650664],[0,87],[1,14],[5,22],[15,44],[-22,2],[0,156],[0,12],[-45,-1],[-14,0],[-2,251],[-10,7],[0,43],[-20,1],[-13,3],[-1,9],[-17,5],[0,22],[0,47],[0,6],[-1,288],[-36,0],[-26,2],[-1,328],[0,1]],[[275961,638021],[24,0],[29,0],[6,-3],[1,-25],[42,0],[-2,145],[-3,53]],[[276464,637875],[0,-92],[0,-84],[-1,-167]],[[275829,637724],[-1,128],[75,2]],[[275462,637167],[105,2],[1,-172],[-12,0],[0,-109]],[[285694,638310],[56,5],[58,2],[0,169]],[[285808,638486],[64,1],[77,1],[6,13],[6,31],[4,2],[-1,-46],[7,0],[0,48],[24,3]],[[285995,638539],[65,-48],[0,-83],[0,-94],[0,-164],[29,0],[1,-132],[-29,0],[0,-86]],[[286061,637932],[-119,-2],[1,-170],[-71,-2],[-7,33],[-14,26],[-4,16],[-5,-1],[-1,148],[-31,-1],[0,23],[0,43],[-1,104],[-12,0],[-7,0],[-17,-1],[-28,-2]],[[287103,638185],[15,27],[-3,13],[0,52],[11,-29],[-6,-21],[9,12],[10,-32],[0,-8],[-1,-7],[-2,-6],[-3,-4],[-6,3],[-11,-12],[-5,-7],[-3,-9],[-5,28]],[[286119,637812],[17,-48]],[[286136,637764],[43,-120],[18,-51],[-2,0],[1,-82],[13,-1],[3,-1],[0,-71],[12,-1],[0,72],[15,1],[1,4],[22,2],[0,-99],[12,0],[0,-34],[24,0],[0,-42],[1,-100],[3,-410],[1,-170]],[[286303,636661],[-60,-4],[-26,0],[-33,4],[-30,-1],[-13,-2],[-75,-4]],[[286066,636654],[0,108],[-1,109],[-2,187],[0,69],[0,40],[-1,167],[0,173],[0,7],[-1,249],[8,-1],[51,1],[-1,49]],[[287376,638061],[-1,-5],[-5,-193]],[[287368,637795],[-7,-249],[0,-25],[-4,-172],[-4,-145],[33,-7],[-5,-171]],[[286563,637280],[-1,73],[-12,19],[1,20],[-6,-31],[-11,2],[-14,16],[-2,-28],[-20,0],[-8,43],[-11,30],[-6,6],[1,89],[-4,0],[0,84],[-29,0],[-1,43],[-22,-1],[0,94],[-8,2],[0,10],[-2,0],[-1,20],[-12,0]],[[286395,637771],[0,85],[-15,0],[0,20],[2,22],[15,0],[0,44],[12,0],[59,1],[-1,256],[-1,170]],[[275770,635375],[0,68],[-1,19],[0,41],[5,-14],[-2,-21],[2,-14],[9,-11],[8,-1],[20,9],[8,22],[2,20],[-5,41],[-4,11],[4,83],[37,-3],[3,-21],[9,-27],[3,-7],[14,-8],[5,-15]],[[275998,634511],[-45,-2],[-1,-42],[1,-39],[0,-51],[0,-39],[0,-218],[1,-124],[1,-87],[-30,-3],[-1,-54],[-2,-16],[-5,-34],[-4,-17]],[[275913,633785],[-4,12],[-10,4],[-3,0],[-41,2],[-2,1],[0,106],[-1,82],[-2,4],[-89,0],[0,87],[1,40],[4,44],[0,58],[-2,65],[0,28],[6,18],[-10,3]],[[286554,633775],[1,4],[12,0],[0,119],[10,1],[4,20],[30,-4],[-1,75],[15,0],[-1,51],[75,3],[1,-69],[2,0],[-1,-14],[6,0],[0,-7],[23,-1],[0,10],[30,4],[-2,83],[-19,-2],[-2,85],[-2,0],[-1,25],[-7,0],[0,49],[-5,0],[-1,6],[0,11],[1,22],[35,4],[20,-58],[9,-25],[0,22],[0,24],[6,-1],[6,-29],[9,-11],[1,-35],[8,0],[16,1],[-2,23],[0,8],[-18,9],[-8,0],[0,46],[8,0],[0,34],[-1,5],[-16,-1],[-9,11],[1,26],[0,-23],[16,27],[19,-1],[4,1],[9,-1],[1,-21],[16,-88],[8,-15],[9,-2],[5,-24],[-2,-37],[-1,-13],[15,-31],[2,-15],[35,-8],[38,-8],[3,5],[-4,15],[25,53],[10,0],[24,23],[16,13],[0,44],[47,-9],[0,-24],[-6,1],[0,-19],[3,-1],[0,-19],[4,-1],[0,-23],[6,-1],[-1,-26],[16,-4],[12,-31],[-1,-30],[43,-10]],[[286545,633440],[0,33],[10,-8],[0,20],[0,12],[7,5],[2,17],[-1,34],[3,0],[-1,45],[-6,0],[0,7],[-4,-1],[-1,171]],[[276455,634491],[0,-136],[0,-98],[0,-64],[-1,-173],[0,-177],[0,-85],[0,-21],[0,-23],[-1,-146]],[[276453,633568],[-12,16],[-6,23],[0,19],[-4,12],[-11,0],[-2,-19],[-6,-7],[-9,12],[-8,-2],[-1,22],[2,27],[-45,-3],[-2,-10],[-4,5],[-6,-15],[-9,-3],[-4,-8],[-8,-30],[-7,-2],[6,-56],[-5,-5],[-6,19],[-8,-1],[1,-16],[-3,-10],[-4,1],[-4,-49],[-3,-7],[-5,1],[-6,18],[0,34],[-8,64],[-9,7],[-6,10],[0,48],[0,87],[-44,-3],[-1,76],[-14,-1],[-10,-9],[-16,0],[-4,-8],[1,-147],[-54,-4],[-2,-43],[-14,1],[-5,1],[-9,-1],[-2,-10],[1,10],[-15,2],[0,36],[-35,0]],[[276028,633650],[0,61],[-28,3],[-1,31],[-14,0],[-6,-8],[4,-8],[0,-14],[-12,1],[-5,-11],[3,-18],[-2,-25],[-10,-2],[-5,-5],[-17,18],[-10,-20],[-9,4],[1,21],[-6,14],[-6,-4],[-4,11],[-1,14],[10,12],[5,27],[-5,22],[3,11]],[[287825,651799],[8,-1],[22,1],[1,-85],[0,-84],[30,1],[1,-42],[0,-128],[6,0],[2,7],[1,34],[8,41],[12,4],[15,0],[-1,-5],[1,-79]],[[287931,651463],[1,-85],[15,0],[1,-38],[30,0],[5,0],[12,0],[13,0],[5,0],[5,0],[20,1],[0,-27],[7,-19],[6,-15],[18,42],[18,-48],[5,30],[-3,52],[0,28],[5,28],[5,11],[11,8],[11,-5],[15,-11],[5,4],[15,-7],[12,9],[9,19],[11,17]],[[287768,650029],[0,17],[0,142],[1,321],[0,19],[0,170],[0,7],[0,98],[0,55]],[[287769,650858],[1,102],[22,14],[7,16],[-2,43],[-10,44],[-17,-18],[0,228],[-30,-1],[0,33],[16,0],[0,52],[12,0],[2,0],[28,1],[-1,171],[-27,-2],[0,43],[0,24],[26,-1],[0,80],[0,24]],[[276186,626208],[13,-9],[30,27],[21,-36],[4,-37],[-8,-39],[-28,-81],[-3,-61],[1,-34],[7,-27],[16,-12],[2,-34],[-13,-115],[2,-26],[2,-8],[1,0]],[[276233,625716],[18,-63],[14,-77],[8,-3],[12,28],[6,41],[14,24],[23,-7],[6,-38],[-5,-54],[-16,-22],[-4,-15],[6,-51],[9,-242],[-7,-85],[-25,-68],[-5,-66],[-24,-55],[-18,-17],[-9,-25],[-7,-64],[-18,-21],[-23,27],[-6,-14],[-3,-74],[2,-47],[4,-32]],[[276185,624696],[-3,-20],[-14,-12],[-36,-6],[-12,-24],[-5,-50],[2,-25],[12,-15],[22,-8],[3,-9]],[[284914,650430],[7,3],[2,9],[9,-1],[1,14],[5,6],[14,-8],[8,-16],[9,-2],[1,107],[3,-3],[5,14],[13,14],[5,-5],[3,8],[7,0],[1,-8],[12,-13],[6,10],[3,13],[1,-172],[0,-32],[31,-11],[0,0],[27,0],[0,129],[1,0],[30,1],[0,73],[89,-1],[0,-70],[60,2],[0,36],[10,-9],[11,-23],[11,19],[12,8],[5,16],[0,22],[-6,54],[-2,6],[5,42],[17,0],[1,-169],[60,-1],[25,1]],[[285451,650238],[1,-55]],[[285452,648970],[-1,0],[0,15],[-10,8],[-6,10],[-2,16],[-6,-5],[-3,13],[-6,4],[0,10],[-16,6],[-3,12],[4,3],[0,26],[-6,-2],[-5,-7],[0,-110],[0,0],[-59,-1]],[[284916,648618],[0,350],[0,0],[0,215],[0,1],[0,0],[0,3]],[[284916,649187],[-1,384]],[[284915,649571],[0,242],[0,0]],[[284915,649813],[0,174],[0,209],[0,119],[-1,85],[0,30]],[[286870,654327],[120,12],[46,6],[15,2],[60,7]],[[287111,654354],[58,7],[17,2]],[[287411,654385],[2,-200],[30,2],[-3,-31],[-18,-63],[-8,-6],[0,-71]],[[287178,653630],[-23,-1],[0,15],[-3,0],[-5,26],[-30,-2],[-2,170],[-59,-4],[-15,-1],[-2,140],[-35,14],[-20,2],[-6,3],[-15,18],[-17,16],[-20,22],[-8,18],[-1,98],[-45,-4]],[[286872,654160],[-2,167]],[[285944,631139],[0,-36],[29,4],[43,-3],[0,42],[3,42],[15,-1],[-1,98],[30,0],[0,33],[15,1],[0,-73],[11,1],[0,-18],[-11,-1],[0,-36],[4,0],[0,-25],[11,1],[0,-18],[0,-44],[13,1],[5,-45],[6,7],[19,-49],[17,1],[31,0],[3,17],[0,30],[39,2],[0,-48],[7,1],[2,-7],[0,-44],[6,1],[2,17],[4,7],[6,1],[0,10],[9,5],[0,11],[9,0],[11,-6],[7,8],[9,-4],[1,22],[-5,43],[3,29],[-6,30],[-7,26],[-3,-6],[-5,51],[4,-38],[10,-10],[40,2],[-1,-124],[4,1],[0,-45],[-3,-26],[0,-100]],[[286330,630877],[-59,-1],[-5,-1],[0,-8],[-10,-2],[-1,-93],[0,-89],[-47,-1],[2,-149],[-27,-1],[10,-73],[-3,-43],[15,-48],[8,6],[0,-10],[1,-12],[-21,0],[0,11],[-20,-1],[-89,-2],[-42,-2],[-4,1],[-73,-2],[-47,-3]],[[284913,651859],[24,-37],[1,0],[15,-2],[11,8],[0,-120],[32,64],[24,59],[71,176],[52,3],[0,-16],[7,2],[1,-25],[11,-28],[-1,-18],[14,-15],[10,17],[2,23],[6,-7],[5,6],[-4,24],[-7,2],[-2,22],[5,0],[1,14],[1,0],[0,12],[2,2],[3,-6],[3,-4],[3,-2],[5,3],[1,-6],[16,0],[9,16],[3,20],[6,12],[1,22]],[[284914,650430],[0,355],[0,1],[0,38],[0,168],[0,1],[1,110],[-1,108],[0,237],[-1,270],[0,141]],[[284987,634810],[0,-37],[-7,-1],[0,-52],[-15,1],[-1,-55],[-7,1],[0,-71],[12,0],[0,-16],[134,-6],[-1,-154],[3,-17],[-47,-4],[-2,-33],[-5,-45],[-7,1],[1,-47],[-8,-78],[-14,-103],[-3,-4],[1,-108]],[[284891,633936],[0,102],[1,263],[1,114]],[[286392,636665],[-89,-4]],[[286136,637764],[22,-1],[0,27],[14,2],[0,-26],[66,-3],[0,-18],[8,-3],[8,-5],[2,-2],[0,-49],[10,-8],[5,-20],[3,-31],[6,-10],[9,4],[13,24],[9,-21],[10,-1],[9,-15],[4,-17],[0,25],[7,15],[6,-3],[-1,34],[-4,12],[11,18],[-4,22],[6,17],[0,11],[-4,16],[13,-2],[0,61],[15,-5],[0,-35],[16,-6]],[[287134,639991],[24,0],[124,2],[0,78],[-1,5],[12,0],[0,29],[36,0],[0,56],[16,0],[1,-7],[10,-19],[15,-30],[0,-113],[29,0]],[[287427,639225],[-26,0],[0,-277]],[[286165,634950],[1,-167],[-15,-1],[1,-169],[41,0]],[[286193,634613],[1,-47],[3,-37],[0,-84],[1,-79],[1,-76],[-7,-4],[-5,-10],[-2,-5],[5,-12],[9,-14],[8,-11],[0,28],[7,9],[14,1],[4,-27],[0,-33],[23,-24]],[[286255,634188],[2,-3],[1,-83],[0,-30],[-10,-1],[-7,-39],[-10,0],[-5,-41],[-5,0],[-21,26],[2,-255],[-43,-1],[2,21],[-2,14],[3,20],[-3,22],[4,7],[2,26],[6,-3],[1,20],[11,23],[6,19],[-17,-1],[-29,0]],[[286113,633881],[1,-122],[-29,0],[-1,-28],[1,-46],[29,0],[0,-94]],[[285619,631709],[-1,258],[0,81],[1,112],[-10,9],[-2,29],[-44,-13],[-1,136],[0,40],[-51,-2],[2,13],[-2,22],[-7,17],[-2,20],[5,23],[-3,20],[-14,11],[-6,26],[-6,12],[-5,2],[-2,16],[-9,6],[0,15],[-4,10],[0,10]],[[276082,623935],[11,-24],[14,-4],[19,17],[18,-11],[44,-8],[11,-19],[3,-36],[-5,-44],[-15,-50],[-2,-40],[9,-35],[7,-29],[16,-16],[30,2],[17,-28],[13,-68],[4,-10],[20,-51],[15,-72],[19,-52],[0,-84],[-23,-95],[0,-30],[16,-62],[16,-128],[0,-31],[0,-12],[-12,-125],[-16,-73],[0,-34],[10,-35],[26,-35],[13,11],[8,-24],[-5,-34],[-10,-8],[-25,31],[-11,-2],[-5,-18],[6,-35],[50,-63],[38,-33],[18,-34]],[[276424,622404],[40,-43],[8,-36],[6,-58],[13,-47],[10,-19],[13,-26],[4,-18],[-3,-50],[-10,-53],[-10,-29],[-6,-15],[-1,-20],[14,-60],[2,-23],[-4,-38]],[[285102,634902],[0,12],[7,-1],[0,24]],[[286165,634950],[29,1],[0,-41],[15,0],[0,-42],[15,1],[0,34],[5,0],[0,40],[-4,11],[4,1],[0,30],[2,50],[21,3],[-1,173],[57,2],[1,18],[0,59],[4,5],[1,-31],[10,-9],[14,1],[59,3],[25,-16],[16,5],[11,13],[34,3]],[[286483,635264],[3,-169],[0,-57],[1,-70],[-59,-3],[0,-96]],[[286428,634869],[-44,57],[0,-49],[-14,-3],[1,-140],[-18,0],[0,31],[2,11],[-14,0],[5,-64],[1,-65],[-11,-10],[-27,-11],[-35,-29],[-17,-4],[-2,4],[-9,15],[-22,0],[-4,15],[0,30],[-4,13],[-20,7],[-3,-64]],[[275613,632742],[60,-1],[28,6],[0,122],[0,58],[-5,38]],[[275696,632965],[34,0],[101,1],[10,0],[62,0]],[[275903,632966],[1,-176],[167,4],[7,1],[59,4],[53,3],[1,20],[186,2],[-34,72],[3,-2],[58,3],[0,90],[48,3]],[[276452,632990],[0,-128],[0,-217],[1,-243],[0,-108],[0,-144],[0,-172],[0,-182],[0,-412]],[[276453,631384],[0,-170],[0,-202],[1,-54],[0,-27],[0,-140]],[[276454,630791],[-14,0],[-2,37],[4,1],[-1,18],[-10,-2],[-13,-13],[-14,23],[-3,14],[-7,55],[-7,-9],[-1,-33],[-3,-32],[-5,-21],[-4,-33],[-9,26],[-10,10],[-19,-4],[-16,-21],[-1,149],[-32,-1],[0,85],[-40,-2],[0,-84],[10,0],[3,-32],[-9,-14],[-5,-27],[8,-2],[1,-14],[-4,-31],[5,-23],[-5,-19],[-7,0],[-12,-13],[-6,0],[-9,12],[-3,17],[-6,7],[-5,-11],[-4,20],[5,22],[9,2],[0,22],[-6,31],[1,23],[-4,8],[-4,-5],[-15,25],[-40,0],[1,-42],[-44,-1],[1,29],[-42,-2],[-1,41],[-56,-5],[-21,-6],[0,-38],[-124,-10],[-3,0],[-3,340],[-25,-2],[-15,-1],[-61,-4],[-2,-13],[2,-56],[0,-32],[3,-26],[-6,-43],[-11,-1],[0,90]],[[275738,631170],[-1,80],[0,171]],[[275737,631421],[57,3],[0,86],[-58,-3],[0,425],[-6,0],[0,472],[-12,-10],[-15,0],[-8,-8],[-13,17],[-27,-5],[-12,5],[-18,1],[-17,22],[-7,21],[-4,40],[16,0],[0,255]],[[275514,631405],[1,-42],[72,6],[1,-108],[7,30],[3,23],[16,31],[17,49],[0,21],[77,4],[29,2]],[[275738,631170],[-29,0],[1,-92],[-30,-2],[1,-171],[-48,-2],[-30,-3],[-127,-12],[-1,-92],[-1,-73],[-10,-5],[53,7],[1,-173],[-58,-6]],[[275416,630198],[-42,-3],[5,-31],[0,-36],[-5,-14],[-2,-19],[2,-26],[5,-29],[-2,-16]],[[287290,651701],[-30,-5],[-1,21],[-13,31],[-7,14],[-8,23],[0,-92],[-61,0],[0,-134]],[[286751,651554],[0,135],[-17,0],[-1,-57],[-19,0],[0,56],[-17,-1],[-1,464],[0,42]],[[286680,652235],[0,42],[-9,6],[0,15],[-12,0],[-1,32],[-19,-1],[0,33],[5,-1],[0,101],[-9,0],[0,409],[0,41],[-1,149]],[[286634,653061],[0,157],[4,2],[52,0],[0,80],[8,11],[-1,128],[16,14],[1,19],[5,33],[7,30],[0,59],[3,32],[11,57],[15,2],[1,17],[-1,111],[74,4],[-4,80],[-2,26],[-3,64],[-2,101],[8,-16],[11,-4],[6,-7],[0,12],[6,5],[13,2],[10,6],[0,74]],[[275377,630024],[4,-30],[-2,-33],[-9,-28],[4,-80],[6,-42],[11,-29],[1,-18],[12,-1],[0,-41],[0,-38],[0,-35],[4,-16],[8,7],[3,-12],[8,3],[6,-13],[7,8],[24,0],[5,-9],[8,4],[0,-13],[-72,-9],[1,-170],[-29,-3],[3,-424],[84,9],[5,-14],[-1,-10],[0,-141],[2,-45],[3,-343],[-8,-4],[-8,-40],[-26,-3],[-3,-8],[-27,-10],[0,-71]],[[287823,651805],[-2,22],[0,20],[-4,21],[0,57],[-8,-1],[0,43],[6,0],[0,54],[4,0],[2,20],[40,1],[0,8],[6,0],[0,132],[-7,0],[0,100],[-11,50],[-4,54],[-6,37],[5,5],[16,0],[0,83],[30,2],[0,8],[8,0],[0,36],[7,0],[0,-128],[33,1],[-3,7],[-1,27],[6,-10],[7,-1],[18,8],[5,13],[37,0],[3,-8]],[[287619,654410],[99,11],[1,0]],[[287781,654028],[-75,-3],[1,-82],[-15,-1],[1,-80],[-135,-6]],[[288010,652466],[0,94],[-60,-2],[0,83],[60,0],[0,-25],[16,-23],[14,-14],[0,85],[-13,-3],[0,9],[13,3],[0,15],[-15,-1],[0,26],[7,0],[0,13],[5,9],[-8,1],[-4,0],[-2,5],[-13,11],[-1,131],[7,4],[10,-30],[9,-61],[10,7],[7,-49],[12,7],[5,-2],[0,57],[0,97],[0,64],[0,11],[0,70],[0,13]],[[285329,654188],[279,22],[23,2],[181,15]],[[285916,653281],[0,-62],[0,-17],[8,-2],[0,-95],[-60,7],[1,-80],[-16,0],[-2,-16],[2,-25],[7,-17],[-6,-9],[1,-18],[-107,0]],[[285963,652187],[22,0],[0,85],[202,0],[7,129],[8,-6],[7,-11],[6,11],[-4,9],[-7,1],[-4,23],[6,12],[-5,33],[9,14],[0,-17],[7,-5],[9,34]],[[286226,652499],[1,-197],[29,-14],[0,-100],[-22,0],[0,-85],[23,1],[0,-85],[90,1],[0,-248],[-20,0],[-20,-216],[33,0],[-8,-14],[0,-18],[6,-6],[-35,1],[-1,-43],[7,-20],[14,-2],[8,10],[16,-2],[6,-14],[10,-4],[6,17],[-1,-69],[151,-165]],[[286459,651180],[-91,0],[0,-68],[-5,1],[-11,-18],[-4,0],[0,-85],[-142,-1],[-3,-1]],[[275903,632966],[56,0],[-2,430],[30,-1],[2,3],[2,-3],[25,-2],[0,97],[4,-1],[0,40],[3,13],[0,26],[-9,0],[0,56],[-14,1],[0,26],[28,-1]],[[276453,633568],[0,-24],[0,-209],[0,-26]],[[276453,633309],[-1,-319]],[[285984,650839],[2,-682],[-2,-1],[-6,-1],[0,-9],[6,-13],[0,-7],[2,-4],[0,-26],[-4,-4],[-2,-9],[-2,-43],[-8,-15],[6,-30],[-49,-4],[-1,169],[-60,-2],[1,-167],[-1,-4],[-58,1],[-1,-168]],[[285807,649820],[-29,-3],[-60,2],[1,84],[-1,85],[0,72],[-30,15],[-57,32],[0,221],[-60,-1],[-1,169]],[[286046,628390],[15,65],[34,37],[11,43],[7,76],[-2,39],[6,34],[10,75],[3,-3],[9,-11],[-3,-20],[6,-26],[6,29],[4,-7],[4,-9],[4,16],[1,-14],[11,-12],[0,7],[3,-3],[7,-14],[5,-4],[0,7],[7,-6],[7,-4],[0,-16],[12,-2],[1,6],[8,-2],[-1,-6],[2,-1],[2,0],[1,7],[8,9],[0,-12],[3,-1],[-1,-6],[8,-1],[8,-2],[3,0],[2,-1],[4,-1],[0,12],[11,-2],[-1,-11],[34,-6],[2,-2],[1,5],[12,-3],[1,6],[8,0],[-1,-13],[9,1],[0,9],[9,-8],[21,-3],[0,13]],[[286367,628654],[5,-13],[-2,-38],[-1,-10],[-3,-1],[-2,-50],[-1,-60],[0,-34],[10,-10],[28,-3],[-1,-56],[0,-23],[0,-8],[-2,-56],[21,-6],[-1,-12],[5,0],[-1,-70]],[[286422,628204],[-2,-26],[-4,1],[-1,-60],[0,-9],[-1,-37],[-1,-57],[-11,8],[-9,4],[-1,-25],[-5,-45],[-7,-50]],[[286353,627676],[-2,-106],[24,-5],[-1,-15],[4,-2],[0,-40],[7,-2],[1,52],[8,-2],[4,-48],[7,-8],[0,-13],[-3,0]],[[286053,627867],[4,6],[5,32],[4,60],[7,62],[2,57],[8,40],[3,21],[1,22],[1,43],[1,13],[0,29],[-5,12],[-16,-15],[-15,-4],[-6,9],[-8,26],[-3,29],[10,60],[0,21]],[[285679,629481],[9,1],[0,44],[11,11],[-1,13]],[[285698,629550],[5,-1],[5,-30],[6,-20],[11,-23],[7,0],[0,-15],[17,0],[-2,-31],[4,-6],[54,1],[0,-46],[20,1],[20,1],[5,-31],[21,-2],[5,-27],[46,4],[0,59],[-3,4],[-15,5],[-23,-10],[0,9],[-7,16],[-7,50],[3,18]],[[285921,629730],[0,-146],[16,-10],[34,-3],[23,2],[2,91],[40,0],[4,-20],[-2,-37],[4,-11],[4,-25],[11,2],[44,-1],[26,-2],[-8,-74],[10,1],[7,16],[5,1],[3,12],[-1,44],[60,0],[0,-49],[13,1],[0,-22],[5,0],[5,-22],[6,0],[0,-18],[8,1],[0,-22],[6,0],[0,62],[4,0],[-1,-19],[8,-27],[8,9],[0,-15],[6,0],[1,48],[3,1]],[[286275,629498],[2,-165],[0,-84],[0,-33],[1,-168],[0,-15],[5,-14],[3,-5],[10,7],[13,19],[22,12],[5,6],[39,33],[4,5],[-1,-8],[0,-8],[-2,-70],[-3,-109],[37,-8],[-10,-78],[-5,-4],[5,-5],[-16,-6],[-13,6],[-2,-73],[0,-8],[9,-1],[-6,-44],[-4,0],[-1,-26]],[[286046,628390],[-5,10],[-17,8],[-3,16],[-14,33],[-5,12],[-4,9],[-11,12],[-6,45],[-2,-2],[-2,-1],[-1,14],[-6,-3],[-1,19],[-4,0],[-4,20],[-9,0],[0,111],[-10,5],[-1,23],[-1,70],[-7,0],[0,46],[-8,0],[0,41],[-7,13],[-8,-17],[-12,2],[-8,21],[-8,57],[-9,19],[-18,-1],[-2,0],[-12,0],[-4,5],[-11,2],[-10,26],[-30,8],[-27,0],[0,-21],[-3,-1],[0,-21],[-5,0],[-7,0],[0,63],[-23,-13],[-16,5]],[[285705,629025],[-5,2],[-1,21],[-5,20],[-2,2],[0,154],[40,3],[-31,63],[-5,14],[-1,9],[-5,0],[-1,29],[-2,5],[-1,87],[-7,47]],[[285229,624701],[1,6],[4,5],[18,-4]],[[284865,624683],[29,0],[-2,57],[29,-2],[0,-20],[12,86],[5,17],[4,10],[0,-7],[-1,-42],[-9,-92],[1,-8],[4,-32],[17,3]],[[284954,624653],[11,-2],[1,-20],[4,-22],[23,8],[16,-14],[24,-41],[7,5],[3,13],[4,52],[8,37],[-6,-50],[-1,-7],[-3,-22],[-2,-20],[-1,-24],[10,-2],[5,-12],[-2,-68],[19,37],[1,-16],[4,-1],[8,14],[10,-2],[5,20],[28,-3],[2,0],[25,-8],[4,19],[7,-21],[7,11],[11,25],[19,-14],[15,-1],[-1,66],[-4,-2],[-1,56],[6,7]],[[285155,624346],[-18,28],[-37,35],[-21,-1],[-11,-8],[-14,-35],[-24,-60],[-27,-118],[-27,-121],[-11,-32],[-19,-28],[-43,-36],[-10,-8],[-4,-24],[-5,-7],[-20,-12]],[[284864,623919],[0,76],[0,76],[0,17],[1,149],[0,154],[0,25],[0,12],[0,100],[0,10],[0,34],[0,111]],[[285866,626695],[0,-17],[-15,14],[-2,2],[-1,-86],[-19,-14],[2,115],[-12,6],[-2,-57],[-5,-27],[-19,54],[5,210],[-57,66],[-20,5],[-3,1],[6,-34],[-3,-2],[6,-53],[0,-10],[-1,-19],[-5,2],[-5,-42],[-19,4],[0,-16],[-22,6],[0,12],[-7,13],[-7,-25],[-2,0],[-1,6],[1,21],[-9,2],[0,22],[1,9],[13,26],[1,17],[-1,17],[-1,6],[-5,19],[1,-18],[-11,2],[0,-37],[-5,-4],[-1,-29],[-12,7],[-7,-20],[-3,31],[-8,-40],[-20,4]],[[286275,629498],[2,5],[0,10],[1,19],[-3,0],[0,34],[61,0],[25,0],[7,0],[26,0],[0,15],[0,31],[0,68]],[[285409,626247],[8,1]],[[285247,625288],[-2,2],[-41,81],[-16,81],[-11,102],[2,20],[-37,2],[-14,-2],[-91,0],[1,-119],[5,-14],[5,-16],[-8,-3],[-3,1],[-5,5],[-4,14],[-3,12],[-7,-4],[-8,-22],[-2,-32],[-1,-114],[9,0],[3,-9],[-5,-35],[-1,-53],[1,-79],[-8,-112],[-18,0],[6,-131],[3,-38],[-41,2],[-5,-2],[13,-88],[-2,-23],[-10,-21],[-3,-17],[5,-23]],[[284865,624683],[0,297]],[[284865,624980],[-1,229]],[[284864,625209],[0,28],[0,3]],[[284864,625240],[0,100],[0,41],[1,158],[0,41],[0,8],[0,29],[0,49],[1,78],[0,15],[0,49],[0,32],[0,17],[0,33],[0,25],[0,334]],[[275460,630546],[0,-343],[-9,-1],[-8,-1],[0,-34],[-5,-1],[0,11],[-7,12],[-5,5],[-2,2],[-5,2],[-3,0]],[[285151,629310],[-58,-7],[-36,-2],[0,-76],[-37,2],[-40,-2],[-1,-94],[-18,1],[-1,-101],[-21,67],[0,-21],[-7,30],[-12,-14],[-19,0],[0,-17],[-10,14],[-11,0]],[[284880,629090],[0,187],[0,18],[0,12],[0,12],[0,54],[0,9],[0,256],[1,237]],[[277823,633721],[6,-3],[8,-19],[7,-8],[14,0],[5,-10],[11,4],[10,-22],[7,-35],[9,-4],[7,17],[7,70],[6,17],[21,-16],[10,-34],[1,38],[8,14],[2,-12],[-6,-23],[5,-10],[6,9],[7,-10],[-1,-12],[4,-13],[0,-17],[8,-4],[7,33],[7,-10],[3,-16],[-6,-26],[11,-14],[10,19],[-2,-29],[2,-20],[9,22],[2,-5],[0,-113],[10,0],[0,-40],[4,-3],[0,-212],[14,0],[0,-95],[36,41],[17,26],[15,26],[11,16],[2,4],[2,7],[0,-27],[79,-2]],[[278218,633220],[-1,-170],[8,-1],[0,-84],[7,0],[-1,-170]],[[278231,632795],[-73,3],[-2,-1],[0,-3],[0,-43],[-4,1],[0,-7],[0,-6],[-7,0],[-17,-8],[-14,2],[-5,6],[-7,-11],[0,-14],[-7,-29],[-7,-12],[-7,-24],[0,-29],[3,-8],[-2,-19],[-7,-15],[0,-33]],[[280779,652611],[57,1],[6,-1],[56,2],[0,132],[10,-3],[7,-13],[37,1],[6,3],[0,132],[60,0]],[[281200,652540],[1,-93],[0,-41],[0,-3],[8,1],[0,-42],[12,0],[0,-50],[-2,-35],[42,2],[0,-168],[48,1]],[[281309,652112],[-32,-64],[-17,-23],[0,-76],[-52,-1],[-8,-3],[-60,4],[1,-84],[-60,-1],[0,-85],[-59,1],[-1,169],[-120,1],[0,-36]],[[276465,637897],[91,-19],[17,-2],[6,-1],[4,0],[28,0],[1,-12],[7,-19],[3,-34],[16,11],[10,-24],[5,-21],[0,99],[4,0],[45,0],[-1,170],[88,0],[0,-168],[74,-1],[12,0],[32,0],[14,0],[3,-31],[-1,-11],[136,-4],[0,-211],[-29,0],[0,-18],[-21,-41],[-44,6],[-9,-3],[2,-30],[-9,-33],[9,-40],[-11,-16],[-32,-63],[-2,-4],[0,-11],[-6,0],[-59,-2],[0,44],[-18,-1],[-11,-57],[0,99],[-30,0],[-147,-1],[0,-169],[-58,1],[-58,9],[-1,-174],[-44,4],[-1,-10],[-18,0]],[[277820,638640],[5,23],[6,68],[4,20],[19,52],[4,19],[6,15],[2,33],[7,55],[7,44],[5,57],[9,37],[13,27],[13,33],[9,12],[23,-14],[15,1],[7,8],[19,36],[0,-10]],[[277993,639156],[1,-45],[-3,1],[-40,-44],[-11,-17],[-5,-5],[-11,-35],[-4,-6],[0,-123],[73,-1],[1,-330],[70,-1],[0,-12],[44,24],[0,-353],[-58,0],[-1,-170],[30,0],[0,-170],[-14,1],[0,-66],[-14,0],[-1,-86],[-29,1],[0,-44],[-27,1],[0,-129],[42,0],[-1,-172]],[[278035,637375],[0,-213]],[[278035,637162],[-54,1],[-2,38],[-102,0],[0,-85],[-58,0]],[[277819,637116],[1,149],[-2,105],[0,23],[12,-3],[9,-13],[3,-12],[15,3],[5,-8],[5,12],[0,45],[9,55],[1,29],[0,133],[2,48],[0,35],[-2,75],[0,80],[0,55],[3,26],[-4,3],[-13,1],[-2,6],[-43,1],[2,515],[0,153]],[[277243,621541],[115,0],[0,73],[1,670]],[[277359,622284],[21,-6],[28,-52],[-1,-88],[75,-1],[0,-44],[45,0],[3,217],[27,-44],[16,-44],[14,0]],[[277587,622222],[-1,-264],[-15,1],[0,-174],[51,-1],[38,-2],[0,-173],[43,-2],[0,-30],[88,-8]],[[277791,621569],[8,-1]],[[277799,621568],[6,-7],[8,-1],[9,-19],[2,-16],[-3,-32],[-10,-9],[-10,5],[-11,43],[-6,3],[-8,-18],[-4,-27],[0,-20],[-8,-19],[-8,1],[-5,13],[-3,32],[-6,13],[-11,-1],[-5,-14],[-2,-23],[4,-21],[8,-18],[9,-3],[7,-17],[2,-28],[-1,-7],[-12,-10],[-10,19],[-6,22],[-5,8],[-9,-3],[-7,-19],[-3,-35],[3,-27],[12,-5],[4,-29],[2,-37],[11,-34],[1,-18],[-3,-19],[-5,-19],[-5,-7],[-6,3],[-5,11],[-9,52],[-7,2],[-5,-9],[-5,-29],[8,-39],[1,-15],[-2,-23],[2,-18],[5,-12],[12,-1],[4,-31],[-4,-16],[-7,-4],[-8,12],[-12,36],[-15,26],[-8,31],[-9,-1],[-3,-17],[5,-26],[12,-19],[3,-19],[1,-26],[-7,-37],[2,-31],[9,-23],[0,-9],[-7,-18]],[[277666,620915],[-2,-10],[6,-16],[0,-26],[-10,-24],[-3,-22],[-9,-12],[-5,-2],[-9,19],[-6,30],[-2,7],[-21,21],[-9,-5],[-10,20],[-9,8],[-6,-18],[-7,-7],[-16,7],[-12,24],[-7,-19],[3,-28],[8,-13],[15,2],[7,-10],[7,-31],[-1,-24],[-4,-11],[1,-12],[7,-21],[1,-31],[-5,-13],[-8,0],[-6,10],[-5,23],[-8,23],[-12,5],[-3,-11],[1,-23],[2,-22],[-1,-36],[-4,-14],[-4,1],[-4,22],[-4,40],[-7,8],[-5,-3],[-5,-14],[-2,-22],[1,-20],[16,-20],[6,-12],[2,-42],[-5,-21],[-2,-35],[-1,-8],[-10,8],[-5,42],[0,29],[-3,33],[-6,14],[-6,6],[-6,-5],[-5,-23],[0,-33],[7,-51],[0,-15],[-4,-16],[-12,-25],[-7,-50],[-7,2],[-2,5],[5,85],[2,19],[0,47],[-4,22],[-6,9],[-5,1],[-9,-18],[1,-35],[10,-49],[0,-26],[-2,-12],[-5,5],[-7,-4],[-7,-15],[-3,-17],[-3,-38],[-6,-17],[-8,8],[-1,17],[3,19]],[[282189,664124],[-11,-19],[-4,14]],[[281934,648603],[-33,3],[-11,12],[-3,-17],[-13,13],[-4,7],[-5,5],[-2,2],[-11,17],[-8,16],[0,-2],[-27,73],[-12,26],[-20,36],[-7,14],[-5,18],[-18,75],[-1,-2],[-31,131],[-9,29],[3,3],[7,-3],[0,34],[-25,-1],[-4,6],[-8,9],[-17,17],[-7,7],[-44,39],[-15,3],[-15,-1],[-19,-2],[-10,0],[-79,-6],[-90,-6],[-20,-2],[-20,-11],[-30,-26],[-20,-7],[-47,-3],[-10,1],[-16,10],[-18,20]],[[281210,649140],[-4,662],[17,2],[14,-1],[0,22],[59,4]],[[284865,624980],[-2,3],[-13,50],[-16,13],[-9,14],[-4,1],[-1,17],[-3,16],[-1,4],[-3,15],[-2,10],[41,68],[12,18]],[[284555,626597],[15,-36],[7,-9],[8,8],[15,-24],[10,-30],[14,-15],[3,-10],[-2,-25],[-4,-28],[-11,-39],[-5,-6],[-5,-27]],[[284600,626356],[-5,-20],[-17,-25],[0,-30],[8,-23],[12,2],[29,-4],[-11,38],[-1,4],[3,12],[0,11],[9,-7],[2,71],[-8,-15]],[[284621,626370],[-3,10],[14,43],[-5,0],[4,21],[1,21],[7,-1],[1,178],[3,12],[14,7],[6,16],[5,-8],[1,91],[0,8],[0,43],[2,191],[12,-6],[15,-26],[0,51],[21,-1],[16,18],[21,12],[2,134],[5,-10],[5,21],[8,-12],[2,-16],[6,-10],[7,0],[2,-27],[6,-18],[9,2],[5,-5],[0,-12],[12,-7],[-2,-16],[2,-13],[5,22],[7,-11],[-1,-17],[4,-7],[5,10],[10,-22],[4,9],[3,-4],[-2,-15],[6,-11],[5,8]],[[284864,625240],[-22,-3],[-21,1],[0,86],[-14,-2],[-1,-40],[-14,1],[-7,-4],[0,-10],[-7,0],[-1,-30],[-14,1],[0,12],[-7,-4],[-1,20],[6,34],[2,66],[15,0],[0,42],[-8,0],[1,34],[-8,2],[0,-36],[-14,0],[-7,32],[-1,34],[-8,2],[-8,2],[-5,13],[1,-32],[-2,-50],[-9,-1],[-5,-42],[-3,3],[-1,-24],[-6,-11],[-5,17],[0,-26],[-6,33],[0,9],[-9,1],[-4,18],[-9,11],[-12,26],[-4,40],[-3,74],[3,43],[-13,0],[-3,0],[0,7],[-2,0],[0,36],[-23,0]],[[284605,625625],[0,43],[-28,0],[-11,4],[0,31],[-4,9],[0,43],[-7,0],[-12,-18],[-16,-7],[-16,-5],[-18,9],[1,21],[-29,2],[-7,42],[-7,50],[-13,34],[-8,43]],[[281528,619778],[8,10],[3,44],[3,20],[9,39],[4,34],[9,25],[2,48],[7,27],[2,53],[2,27],[40,6],[-8,-84],[-4,-3],[-9,-56],[-6,-24],[93,-4],[0,43],[42,3],[-4,34],[0,32],[5,46],[9,31],[-2,-11],[21,-114],[3,8],[0,18],[5,21],[4,30],[6,16],[12,-2],[5,24],[4,-4],[-1,-18],[5,-2],[14,22],[-3,24],[1,19],[-4,30],[-1,41],[6,31],[2,41],[8,12],[0,15],[7,41],[-1,19],[7,18],[8,35],[3,9],[7,-8],[3,11],[6,-18],[18,2],[2,4],[4,38],[6,22],[11,3],[6,-14],[4,-24],[3,-3],[8,18],[0,23],[3,26],[15,3],[4,-20],[7,12],[6,-1],[2,13]],[[282944,617350],[-1,-11],[5,-25],[7,-12],[10,-3],[15,13],[0,21],[5,18],[4,-3],[-10,40],[-1,73],[-5,17],[0,9],[6,19],[1,46],[3,49],[-1,39],[-3,10],[-23,33],[-4,14],[-5,6],[-13,71],[-3,14],[-2,71],[49,4]],[[282978,617863],[23,-137],[7,-38],[9,-91],[0,-8],[1,-188],[-4,-59],[-10,-56],[-7,-46],[-20,-69],[-14,-28],[-16,-32],[-62,-84],[-18,-32],[-8,-13],[-1,-3]],[[278092,642464],[16,-4],[12,-28],[8,-8],[14,2],[10,-8],[4,-14],[15,-4],[6,7],[20,1],[18,11],[26,-5],[0,103],[60,-3],[-2,161],[-17,-33],[-10,6],[-25,-1],[-7,-15],[-1,139],[90,-5],[2,-253],[86,1],[0,80],[8,5],[-1,121],[22,7],[15,1],[41,1],[2,-191],[10,17],[9,46],[3,26],[17,46],[7,3],[15,-11],[21,-2],[3,-6],[12,-48],[9,-20],[0,15],[14,2]],[[278687,641931],[-176,-8],[-179,-4],[-177,3],[-60,1],[3,-160],[-11,1],[-40,160],[-68,3]],[[281653,617405],[26,0],[0,-155],[3,-5],[6,-32],[2,-38],[10,-63],[-1,-23],[2,-49],[6,-25],[-2,-21],[4,-6],[-1,-14],[4,-22],[7,-11],[15,-1],[14,25],[15,-62],[8,17],[8,-30],[3,6],[9,-36],[17,-76],[4,-4],[2,9]],[[281320,615390],[-5,0],[-4,23],[-1,61],[6,29],[-1,16],[5,15],[1,15],[5,13],[2,15],[-9,13],[-10,55],[0,16],[28,0],[1,-14],[6,-2],[3,22],[11,55],[5,9],[-31,0],[-23,0],[0,85],[-29,0],[-41,0]],[[276487,636647],[2,-52],[44,1],[2,29],[49,2],[0,-23],[73,1],[1,-22],[19,0],[5,-6],[9,-24],[1,-34],[7,-26],[9,-21],[5,-7],[6,-30],[0,-25],[-1,-22],[2,-12],[22,-26],[5,-25],[1,16],[20,66],[7,28],[4,0],[6,30],[10,54],[3,28],[0,25],[6,26],[14,21],[19,6],[16,17],[19,38],[3,9],[12,31],[19,19],[31,23],[23,14],[34,35],[7,16],[10,47],[6,7],[10,4],[3,12],[4,33],[6,20],[14,9]],[[277054,636959],[0,-7],[17,47],[3,12],[2,-7],[-10,-31],[3,-7],[-13,-40],[2,6],[0,-75],[73,2],[13,-1],[0,-36]],[[281419,648059],[-1,25],[-7,23],[-5,8],[-8,-4],[0,13],[-6,-11],[6,-22],[-11,28],[-5,40],[-6,-5],[0,12],[-6,1],[0,17],[-5,-12],[-3,20],[-4,12],[-9,-1],[-7,14],[-3,-4],[-6,12],[0,16],[-6,-4],[-1,29],[-8,9],[-7,28],[-3,-11],[-8,-1],[2,8],[-11,19],[1,10],[-11,49],[0,15],[-47,-2],[-1,83],[-3,2],[0,83],[-15,-1],[0,1]],[[281215,648558],[-1,170],[19,0],[2,18],[-2,6],[-2,29],[-8,19],[-4,16],[0,43],[-7,9],[3,9],[-3,7],[1,14],[-2,162],[-1,80]],[[280353,619933],[8,20],[18,7],[8,-14],[4,6],[-1,25],[2,25],[17,27],[5,-2],[4,-20],[-2,-27],[-9,-32],[2,-18],[4,-6],[7,6],[7,37],[7,15],[6,-2],[7,-20],[5,-6],[7,4],[12,22],[16,64],[15,49]],[[280480,616639],[-14,-1],[-1,-21],[-9,-6],[-5,-15],[-8,-1],[-7,-10],[0,-32],[-14,-10],[-4,-34],[-4,0],[-72,1],[5,21],[-3,39],[0,15],[4,41],[0,21],[2,32],[15,1],[0,406],[-4,19],[-3,-1],[-107,-1]],[[280251,617103],[0,420],[67,-3],[0,23],[-25,62],[-42,2],[0,255],[0,23],[-14,3],[-22,23],[-8,14],[0,21],[44,0],[0,87],[-6,13],[-8,31],[-17,8],[-7,11],[-4,19],[2,2],[40,-2],[1,170],[0,256],[-2,171],[-6,0],[-2,-28],[-13,-6],[-7,5],[-8,-11],[-22,59],[0,322]],[[277767,633975],[-1,338],[58,0]],[[277996,636270],[32,1],[1,10],[21,1],[0,-11],[119,3],[0,-81],[9,-83],[5,-22],[1,-91],[-1,-67],[59,1],[0,84],[71,1],[2,0],[0,42],[14,0]],[[278329,636058],[15,1],[0,128],[58,-1],[-1,63],[8,39],[0,42],[-5,27],[57,-1],[0,171],[1,0],[28,-1],[44,0],[0,-148],[29,-1],[1,-21],[132,-2]],[[278696,636354],[0,-168],[46,0],[0,-82],[1,-9],[3,-71],[6,-46],[2,-47],[1,-85],[59,-2],[-2,-25],[0,-15],[-20,-37],[-5,-32],[1,-31],[-9,-20],[-1,-21],[1,3],[20,-6],[-8,-14],[-8,5],[-6,-15],[5,-19],[-6,-16],[0,-8],[5,0],[0,-5],[1,-3],[-2,0],[0,-5],[-11,0],[0,-13],[0,-236],[0,-256],[86,2],[1,-82],[1,-28],[1,-65],[6,9],[10,1],[7,-9],[22,-6],[9,14],[7,24],[12,-7],[7,3],[10,20],[8,27],[13,12],[14,-10],[9,24],[15,1],[3,-15],[9,-6],[12,21],[5,3],[0,16],[4,15],[5,-8],[4,7]],[[279050,634137],[-118,1],[0,170],[-40,0],[0,-22],[-4,-32],[-9,0],[-3,-12],[-5,-2],[-7,6],[-5,35],[-6,9],[-14,3],[-4,15],[-79,-1],[-56,1],[-2,0],[0,-170],[-44,0],[0,0],[-4,-14],[2,-6],[2,-17],[0,-132],[44,0],[1,-75],[-33,-94],[-18,1],[-8,-2],[1,-68]],[[278641,633731],[-44,-118],[0,20],[-190,6],[0,-338],[-58,1],[-73,1],[0,-85],[-58,2]],[[278035,637375],[128,-2],[0,30],[-12,1],[0,12],[12,0],[0,128],[-10,0],[0,41],[14,-1],[0,46],[43,0],[16,30],[3,13],[23,28],[9,20],[24,25],[0,124],[58,1],[31,0],[1,-24],[-1,-119],[-6,-167],[0,-59],[9,5],[9,-14],[10,3],[6,15],[4,24],[0,-54],[-4,-46],[0,-19],[31,0],[0,-42],[17,0],[-2,-4],[0,-95],[-1,-6],[9,-12],[9,-4],[7,-23],[25,-5],[22,2],[16,-14],[2,-9],[43,-3],[0,85],[36,1],[-1,-85],[53,0],[-1,-340]],[[278667,636862],[-149,1],[-28,0],[-5,0],[-5,22],[2,18],[-28,59],[-4,16],[1,17],[4,1],[1,39],[-53,-3],[0,-61],[-19,-37],[-10,186],[-1,46],[-6,-13],[-9,-7],[-15,-38],[-12,-23],[-4,-54],[-10,-2],[-11,-39],[-3,-30],[-4,-10],[0,-86],[-10,-3]],[[278289,636861],[-63,1],[-27,0],[1,-222],[-14,2],[0,13],[-8,-2],[-8,0],[0,203],[-1,6],[-75,-1],[0,139],[-28,17],[-2,16],[-29,0],[0,129]],[[276251,654099],[-4,-33],[2,-5],[7,50],[1,19],[6,43],[8,33],[14,46],[10,17],[22,-130],[1,-30],[0,-101],[36,0],[2,-4],[0,-38],[0,-178],[6,6],[9,29],[5,8],[4,12],[13,26],[2,14],[7,1],[13,-1],[3,0],[13,-1],[10,3],[4,17],[11,64],[4,27],[1,16],[0,42],[0,42],[18,0]],[[276291,653671],[-12,55],[-34,149],[-3,17],[-2,27],[-1,83],[0,8],[1,17],[11,72]],[[280218,616932],[4,-10],[28,0],[1,181]],[[279933,616161],[1,80],[29,4],[0,44],[8,-2],[0,16],[5,28],[5,38],[0,23],[-1,34],[2,28],[15,49],[31,5],[3,11],[8,46],[3,76],[3,35],[-10,36],[0,72],[3,20],[8,4],[13,19],[4,20],[0,59],[9,82],[28,-70],[3,-32],[4,-18],[7,-3],[0,-18],[4,0],[0,-24],[12,-1],[1,21],[4,9],[14,-5],[1,44],[29,0],[0,42],[39,-1]],[[279829,650274],[-36,2],[-1,36],[-23,-2],[0,74],[-7,4],[0,7],[-2,0],[0,169]],[[279760,650564],[0,170],[23,1],[6,0],[3,-17],[10,-4],[14,-14],[12,-19],[0,56],[47,3],[-10,30],[-10,53],[92,5]],[[279947,650828],[4,-3],[8,-21],[1,-15],[2,8],[15,-41],[0,10],[30,-78],[0,142],[-30,-1]],[[279977,650829],[0,85],[15,0],[0,85],[11,0],[8,-12],[0,-29],[11,0],[5,-33],[19,-11],[11,-30],[4,-31],[6,-18],[0,80],[24,2],[0,84],[-24,-1],[-1,88],[24,1],[-1,168],[-24,-1],[0,82],[10,-11],[1,-29],[13,-12],[-1,310]],[[280088,651596],[36,0],[0,39],[11,1],[48,-9]],[[280183,651627],[0,-27],[2,-170],[0,-68],[11,0],[1,10],[39,3]],[[280267,651418],[21,2],[0,17],[7,2],[8,150],[15,1],[3,-1],[12,-20],[0,-81],[14,7],[2,27],[5,16]],[[280608,649473],[-29,1],[0,84],[-182,1],[0,-84],[43,1],[0,-254],[-69,0],[1,-47],[-6,47],[-1,0],[-117,-2],[0,-22],[-37,3],[-8,-11],[0,-21],[8,-12],[5,-23],[8,-12],[2,-11],[7,19],[8,3],[7,15],[0,-181],[-44,0],[0,-171],[-15,-3],[-60,68]],[[280129,648861],[-15,16],[-15,0],[0,130],[-16,-2],[1,88],[-3,23],[-6,17],[-44,-1],[-22,-1],[0,57],[-8,-2],[0,-25],[-14,-20],[-6,5],[2,16],[-7,8],[3,16],[-15,14],[-6,-7],[-15,8],[-14,-24],[-8,-1],[6,40],[32,169],[-10,0],[0,119],[12,24],[-7,9],[-15,-4],[-9,9],[-5,-5],[-1,-16],[-5,-2],[-18,0],[-5,-8],[-16,-9],[-20,-1],[-1,23],[-8,9],[-22,1],[1,-154],[-30,-1],[0,11],[-15,-1],[0,53],[-15,-1],[0,-52],[-11,0]],[[279759,649389],[1,159],[0,89],[-3,21],[-9,7],[0,24],[-3,5],[0,54],[2,38],[-8,15],[-39,1]],[[279700,649802],[0,254],[45,0],[0,85],[8,0],[0,84],[7,0],[0,46],[0,5],[13,-3],[3,-8],[20,-12]],[[276887,620491],[-6,-2],[0,-52],[-15,-24],[-8,-4],[0,-42],[-8,-1],[-1,-126],[-4,-19],[-3,-37],[3,-57],[-5,-13],[-1,-52],[11,-10],[12,-16],[16,-36],[7,-24],[2,19],[8,28],[34,23],[11,19],[22,77],[15,5],[4,7],[25,-162],[26,-146],[-9,2],[-17,-25],[-19,-21],[6,-19],[26,-96],[-29,-67],[17,-59],[4,5],[6,-19],[9,-2],[5,-21],[-17,-1]],[[276606,619962],[5,21],[40,219],[8,37],[5,-16],[4,1],[2,33],[6,34],[20,105],[2,-4],[9,21],[4,9],[1,30],[19,34],[0,9],[46,106],[26,-97],[7,-16],[5,35],[2,10],[70,1],[0,-43]],[[286997,658656],[9,7],[6,-1],[7,8],[19,9],[12,2],[17,-10],[17,-31],[28,-4],[9,-18],[16,-21],[0,-27],[-27,2],[0,-42],[30,0],[3,4],[3,2],[3,1],[5,-3],[3,-2],[5,-1],[9,3],[30,2]],[[287201,658536],[1,-94],[1,-87],[4,-31],[9,1],[0,-30],[12,1],[0,-24],[8,1]],[[287001,657537],[0,127],[21,0],[-1,229],[1,34],[-2,36],[37,-10],[18,-5],[-3,12],[3,28],[-5,24],[-31,6],[2,6],[-1,78],[15,-3],[0,22],[15,-3],[0,21],[9,-2],[-2,26],[0,59],[7,-2],[0,41],[-46,-1],[0,39],[-11,1],[-1,20],[2,13],[0,69],[-6,-9],[-2,-3],[-7,-6],[-15,-5],[0,144]],[[286998,658523],[-1,133]],[[285810,654976],[62,1],[-1,-91],[0,-77],[9,3],[-2,24],[6,17],[-2,33],[49,0],[0,-78],[107,0],[1,35],[5,46],[2,40],[-6,7],[0,33],[-6,3],[13,3],[181,3]],[[286386,654889],[1,-103],[-31,-2],[1,-81],[9,0],[1,-89],[7,1],[15,1],[2,-170],[-3,0],[-12,-1],[-17,-1],[-25,-2],[0,-45],[-4,-1],[0,-95],[-26,-1],[-11,0],[-3,3],[0,-37]],[[286290,654266],[-1,0],[-111,-8],[-10,-1]],[[285812,654227],[0,71],[54,1],[-7,26],[0,39],[-3,20],[0,40],[-3,37],[2,9],[-104,0],[0,169]],[[285751,654639],[0,17],[15,0],[0,13],[-15,0],[0,54],[-16,0],[0,42],[-8,0],[0,42],[55,1],[-9,27],[-9,12],[-2,18],[3,21],[2,0],[2,25],[-8,29],[6,36],[43,0]],[[277189,645159],[59,-1],[0,-169],[23,1],[2,-177],[0,-19],[2,1],[19,0],[17,2],[63,0],[0,-84],[15,0],[0,-382]],[[276108,654439],[3,0],[4,0],[8,6],[7,1],[8,-5],[-1,42],[4,6],[1,-48],[4,0],[3,12],[7,-7],[0,16],[4,1],[0,-21],[9,0],[-1,85],[3,0]],[[276171,654527],[0,-21],[1,-64],[0,-30],[1,-13],[2,-13],[1,-8],[6,1],[-1,58],[5,0],[4,6],[4,0],[7,-5],[15,7],[15,1],[4,0],[-2,-40],[7,0],[11,-1],[-2,3],[-1,33],[2,0],[4,6],[4,0],[3,-5],[4,6],[6,0],[16,1],[4,-18]],[[276291,654431],[1,-66],[0,-61],[-3,-25],[-4,0],[0,-14],[-15,-40],[-4,-23],[-15,-103]],[[276117,653692],[0,35],[0,19],[0,14]],[[276116,653845],[0,42],[-8,0],[-26,-1],[-4,-1],[5,12],[0,31],[2,0],[15,1],[1,-21],[7,0],[0,10],[7,0],[0,12],[0,21],[-2,4],[-8,59],[10,0],[-1,43],[-2,0],[0,35],[2,0],[0,7],[0,8],[-2,-1],[-2,36],[0,21],[3,0],[0,21],[-2,0],[0,21],[2,0],[0,22],[-2,0],[0,37],[2,0],[-1,5],[-1,5],[-1,38],[0,42],[2,0],[0,11],[-2,0],[0,29],[-1,44],[-1,1]],[[284864,623919],[-16,-24],[-22,-34],[-15,-39],[-21,-56],[-2,-4],[-3,-15],[-6,-23],[-7,-26],[-5,-17],[-28,-81],[-23,-41],[0,-1]],[[284436,624314],[0,35],[6,0],[-6,53],[9,19],[5,23],[6,9],[14,14],[12,39],[12,23],[9,60],[5,16],[14,-50],[29,0],[0,18],[29,3],[0,43],[8,38],[-3,5],[10,50],[2,17],[5,15],[-6,0],[11,53],[-7,17],[3,14],[6,60],[0,180],[-14,-7],[-4,46],[18,-1],[0,19],[-14,1],[0,97],[4,-6],[10,6],[0,19],[-19,0],[6,11],[0,24],[3,12],[6,40],[-1,27],[1,122],[-6,9],[2,11],[0,30],[-3,16],[0,39],[7,0],[0,38],[0,4]],[[278052,621552],[63,2],[6,0],[110,6],[139,9],[32,2]],[[278402,621571],[1,-86],[0,-66],[0,-19]],[[278217,620049],[-105,-11],[0,127],[-64,-4],[0,-144],[-13,0],[-1,-102],[-13,-26],[-7,-24],[-9,-15],[-41,0],[0,85],[-15,1],[1,-85],[-30,-87],[-6,1],[-5,50],[1,32],[-4,6],[-1,169],[30,0],[-1,170]],[[277934,620192],[-1,172],[-49,3],[-23,-3],[0,158]],[[277861,620522],[0,30],[-43,4],[-1,171],[31,-2],[112,-19],[6,19],[7,66],[75,-6],[1,85],[1,330],[-3,5],[-20,4],[2,26],[13,56],[-49,6],[1,230],[7,-2],[50,-24],[1,51]],[[277766,617295],[6,0],[17,-27],[5,-11],[11,-40],[8,-33],[2,-45],[1,-11],[6,-14],[20,-14],[6,2],[4,-5],[-2,-19],[-11,-31],[-4,-28],[6,-21],[7,-4],[15,25],[7,9],[9,2],[2,-3],[9,-18],[4,-23],[4,-51],[7,-50],[3,-10],[8,-11],[8,1],[11,17],[6,20],[10,52],[15,28],[15,6],[15,12]],[[283667,627492],[-3,28],[7,49],[6,33],[8,10],[6,125],[12,3],[4,32],[10,15],[7,28],[11,18],[4,28],[-4,20],[3,12],[14,-3],[6,10],[8,4],[8,-6],[5,-14],[5,6],[4,-13],[18,0],[12,10],[8,-9],[14,19],[-2,35],[8,5],[6,3],[1,0],[-19,52],[-16,77],[-6,15],[-3,1],[-19,-13],[-1,84],[82,2],[11,71],[6,15],[7,-1],[10,21],[0,-104],[-17,-1],[20,-175],[-5,-13],[-6,-36],[0,-17],[14,-25],[7,5],[27,58],[9,8],[9,-11],[12,51],[40,155],[2,0],[0,-20],[3,-4],[17,-2],[2,0],[14,-61],[19,-50],[19,11],[11,-14],[5,16],[21,16],[0,19]],[[277184,620880],[-48,-1],[-9,29],[0,10],[-22,-53]],[[277105,620865],[-7,27],[-6,-3],[-23,84],[0,76],[1,128],[-1,6],[1,125],[33,-5],[6,-46]],[[276965,632811],[7,-9],[18,-9],[12,-16],[4,-13],[2,-18],[-1,-24],[-5,-16],[-12,-18],[-5,-29],[-1,-37],[-5,-46],[-9,-54],[-12,-42],[-9,-18],[-23,-6],[-8,-12],[-6,-17],[-2,-16],[0,-34],[1,-73]],[[276911,632304],[-2,0],[-1,35],[0,64],[2,22],[8,26],[12,11],[11,2],[10,8],[10,23],[6,25],[8,45],[5,38],[-6,-8],[-9,-59],[-55,-4],[13,270],[0,13],[-8,92],[-5,29],[-11,39],[-11,28]],[[276777,633101],[-6,-12],[-6,5],[-3,-7],[-25,-9],[-4,-27],[6,-50],[0,-15],[-20,-4],[-3,3],[-3,-22],[-4,-5],[0,-13],[-8,-11],[1,-11],[-7,-14],[-1,-17],[9,-13],[4,-38],[-2,-13],[7,-20],[-85,-2]],[[276627,632806],[8,2],[2,44],[-1,19],[0,62],[-12,15],[1,31],[5,9],[1,22],[-5,34],[-3,6],[0,36],[-2,11],[-11,37],[-4,21],[-1,102],[-1,166],[-15,-3],[-41,-4],[1,-66],[-11,-9],[-6,-8],[-13,-11],[-6,2],[-10,-7],[-4,-8],[-46,0]],[[284180,623011],[-24,54],[1,-21],[-4,-21],[-16,-54],[0,-21],[-18,3],[-4,7],[0,22],[-5,0],[1,20],[0,57],[-1,17],[-3,-10],[-16,1],[0,13],[-17,0],[0,72],[-32,0],[-1,6],[1,23],[3,19],[5,10],[5,28],[0,11],[-11,3],[-9,15],[-17,22],[-15,23],[-5,19],[0,22],[-4,31],[-12,27],[9,33],[11,-22],[5,7],[-1,10],[-17,41],[-3,34],[-4,11],[-14,14]],[[281309,652112],[11,0],[60,2],[0,-7],[0,-155],[74,1]],[[281454,651953],[4,-16],[10,-6],[2,-38],[6,-11],[13,-6],[1,-20],[10,-11],[0,-62],[-38,0],[-8,7],[-5,12],[-9,2],[0,-444],[60,0],[0,-85],[60,-4],[0,-129]],[[281560,651142],[0,-38],[-39,1],[-22,-2],[-33,3],[-4,-1],[0,-19],[-23,10],[-30,7],[1,-98],[-1,0],[-30,-1],[1,-254],[-59,-3],[0,-84],[-29,-1],[1,-170],[0,-84],[0,0],[0,-36],[0,-4],[16,-32],[0,-97]],[[281309,650239],[-105,-1],[0,42],[-15,0],[0,42],[-30,0],[1,-84],[-81,0],[-5,-2],[-49,0]],[[284600,626356],[4,-7],[3,2],[5,0],[9,19]],[[281454,651953],[46,0],[0,84],[29,-2],[9,-36],[3,-24],[19,7],[0,-36],[60,1],[47,-3],[0,84],[11,-1],[0,84],[1,5],[59,1],[5,0],[13,0],[4,-1],[3,-9],[6,-1],[1,-6],[-2,-6],[4,-6],[4,5],[3,-7],[2,-2],[5,-4],[5,2],[0,-4],[-10,3],[-6,10],[-3,-5],[-5,8],[1,4],[1,1],[0,3],[-1,3],[-2,1],[-4,-1],[1,-14],[4,-8],[9,-27],[9,2],[3,-8],[2,-14],[-2,-11],[1,-14],[4,16],[2,-13],[6,-11],[0,-11],[3,-10],[0,-18],[4,-3],[6,4],[3,-3],[2,-11],[-1,-7],[0,-15],[-2,-6],[0,-10],[4,-16],[2,3],[2,-9],[4,-3],[4,-11],[5,-20],[3,-1],[2,15],[3,-4],[7,-22],[1,-7],[7,-3],[-1,73],[8,-6],[23,-8],[19,1],[4,-18],[0,-9],[2,-8],[5,0],[0,-44]],[[281920,651816],[1,-108],[0,-11],[-9,-1],[0,-17],[-3,-7],[-2,-26],[-7,-4],[-1,-14],[0,-102],[-15,-1],[-11,84],[-43,0],[1,-85],[-30,1],[0,-83],[11,-2],[1,-21],[18,-1],[0,22],[8,0],[0,-43],[7,-1],[0,-41],[-14,0],[0,-41],[-18,-13],[-27,-32],[1,-173],[-15,0]],[[281773,651096],[-79,1],[-10,2],[-12,-2],[4,27],[3,111],[1,40],[-2,50],[-4,56],[-8,-12],[-4,-16],[-17,-19],[-5,-11],[23,-55],[-39,3],[-20,-24],[-3,-8],[-9,-7],[-8,-41],[-12,-28],[-8,-2],[-4,-19]],[[283641,624937],[22,-142],[5,-39],[1,-34],[-2,-109],[25,-13],[11,-71],[3,-69]],[[283386,623851],[0,46],[-58,3],[-3,0],[3,17],[0,68],[-84,7],[9,60],[1,14],[1,8],[-11,-1],[2,26],[-17,6],[-5,12],[-14,-1],[-1,42],[-34,1],[-19,-6],[-2,-24],[-5,-10],[-4,-52],[3,-30],[-1,-38],[-3,-13],[-33,-1],[2,429],[-14,0],[-3,-6],[-17,-3],[-7,-10],[-13,-8],[-6,-30],[-12,-15],[-11,-45],[-13,-15],[-6,-1],[0,127],[-72,-4]],[[282939,624404],[0,172],[-6,-1],[-4,28],[-23,-7],[-22,13],[-2,-12],[-9,-3]],[[282873,624594],[0,22],[5,23],[-3,17],[-1,66],[8,14],[16,-2],[14,21],[2,8],[4,46],[11,1],[6,11],[6,0]],[[284349,625590],[-16,0],[0,-69],[-2,-16],[-17,0],[0,-56],[-13,0],[0,-19],[-4,0],[0,-57],[3,-29],[-3,-10],[-1,-83],[19,-9],[7,-69],[5,-10],[9,-32],[0,-48],[3,-53],[1,-54],[4,-14],[7,-7],[0,-12],[-7,-26],[1,-25],[-7,-32],[6,-45],[7,-20],[-2,-3],[19,-59],[-14,-1],[-13,42],[-12,2],[-1,-40],[-2,-21],[9,-30],[-6,-31],[6,-44],[-13,0],[0,-42],[-28,0],[0,-11],[14,1],[0,-63],[8,-8]],[[279862,653567],[15,-43],[15,0],[0,-85],[15,0],[4,0],[5,45],[0,39],[0,42],[6,1],[0,18],[7,0],[0,-61],[38,-1],[2,-46],[1,-38],[4,0],[14,58],[27,-116],[12,-55],[0,-59],[23,0]],[[280050,653266],[-113,-163],[-14,-9],[-1,-13],[5,-119],[11,4],[5,-31],[4,14],[14,-3],[6,-11],[20,0],[0,21],[12,-7],[-4,-13],[7,0],[0,-138],[30,0],[0,53],[49,1],[0,15],[9,0],[0,-15],[9,0],[0,22],[6,0],[0,46],[15,5],[0,8],[12,-4],[0,-24],[-8,0],[-4,-45],[0,-7],[15,0],[0,-85],[-2,-85],[2,0],[-1,-60],[5,0],[0,-23],[39,0],[1,-168],[41,2]],[[280220,652434],[0,-79],[-10,-91],[-30,0],[-16,-1],[4,-14],[-3,-14],[-13,-30],[-14,-14],[-2,-40],[-3,-12],[-4,-45],[51,2],[2,-243],[-30,-1],[1,-133],[24,-1],[0,-12],[6,0],[0,-79]],[[280088,651596],[0,37],[-24,-1],[-1,299],[-61,-4],[1,-35],[-12,17],[-2,-12],[-8,8],[-8,-9],[-11,11],[-19,-4],[-23,0],[-1,21],[-36,-2],[2,-212],[-9,10],[-5,0],[-8,10],[-7,25],[-8,13],[-3,-2],[-18,-28],[-7,0],[-5,-11],[-13,4],[-7,-8],[0,70],[24,126],[-62,0],[0,42],[-1,128],[-29,-1],[0,339],[-56,-2],[0,29],[-10,0],[1,113],[-23,-65],[0,92],[-45,1],[-8,41],[-6,8],[-2,121]],[[277762,619520],[0,126],[-10,24],[16,54],[6,13],[11,11],[9,29],[8,18],[14,1],[11,-9],[21,74],[-1,79],[15,-1],[-1,85],[36,-2],[28,171],[9,-1]],[[277993,639156],[19,31],[7,9],[11,-3],[7,-9],[18,-40],[16,-26],[23,-20],[13,-3],[0,9],[15,-11],[13,-25],[13,-16],[11,-6],[13,4],[9,8],[14,2],[21,13],[11,-3],[10,-12],[9,-16],[8,-25],[6,-32],[9,-21],[13,-11],[16,-1],[16,10],[7,8],[20,34],[10,11],[8,17],[5,18],[8,13],[13,9],[9,41],[21,80],[5,40]],[[278893,637538],[-20,0],[0,85],[-14,-1],[0,-64],[-15,47],[0,-55],[-17,1],[-9,-7],[-3,1],[0,-178],[0,-169],[-59,1],[0,-169],[-59,1],[-1,-169]],[[278696,636862],[-29,0]],[[276474,641108],[51,0],[0,-170],[117,-1],[1,-172],[-119,8],[0,-170],[61,-6],[-1,-243],[9,5],[11,33],[6,-2],[10,-13],[14,11],[7,-6],[9,0],[-15,-464],[62,0],[1,-428],[59,0],[0,255],[59,-1]],[[276876,639152],[-59,0],[0,-254],[-177,0],[0,170],[-6,2],[-4,27],[-1,53],[-11,0],[-36,0],[0,30],[0,565],[-110,0]],[[276486,621550],[228,-1],[2,0],[1,57],[-2,47],[0,25],[10,3],[2,20],[16,4],[0,79],[5,1],[2,20],[7,2],[0,244],[26,-223],[-10,-57],[-6,-53],[64,-1],[0,-173],[58,-1],[54,-1],[5,3],[31,82],[18,0],[1,-43],[9,-4],[0,-39],[54,2],[0,168],[8,23],[3,38],[1,34],[48,2],[-1,-265],[3,0]],[[277105,620865],[3,-18],[-21,-51],[-6,3],[-21,-49],[-12,-53],[-7,-17],[-14,-25],[-11,-56],[0,-14],[-16,-37],[-16,57],[-31,-70],[-12,40],[-9,-15],[-9,-2],[0,-24],[-1,-21],[-5,-2],[1,-21],[-31,1]],[[286885,655524],[31,1],[-1,85],[9,0],[51,3],[0,85],[45,2]],[[287111,654354],[-2,201],[-12,16],[-11,-20],[-8,2],[-1,115],[29,3],[-2,19],[-11,12],[-3,10],[-7,6],[-6,12],[-14,-5],[-2,11],[-15,-3],[1,-68],[-60,-3],[-3,169],[-30,-3],[-1,67],[5,18],[-20,-2],[-1,82],[8,1],[0,14],[37,2],[-1,32],[-1,127],[26,125],[3,48],[-54,-5],[-7,-1],[0,45],[-22,-41],[-4,18],[-5,3],[0,15],[0,45],[-1,40],[-15,-2],[-15,-1],[-1,66]],[[286106,658289],[4,-1],[12,0],[10,-11],[15,-7],[45,-22],[1,-265],[5,-33],[1,-45],[-5,-7],[-1,-32]],[[277292,619526],[-34,-1],[-6,-103],[-16,57],[-1,-21],[-7,-30],[-32,-76],[-45,163],[-3,-5],[-101,-238],[-10,40]],[[277054,636959],[4,8],[5,13],[10,44],[7,53],[7,25],[24,41],[5,18],[6,38],[3,34],[14,39],[16,34],[16,22],[6,2],[10,7],[6,28],[17,86],[21,143],[2,9],[-2,3],[8,25],[-3,41],[-4,2],[-3,9],[-1,7],[-3,5],[-4,2],[-2,5],[-2,-1],[-3,-5],[-8,12],[0,10],[13,14],[6,9],[23,50],[43,84],[4,1],[-4,2],[-73,0],[0,39],[-10,5],[0,16],[-5,3],[1,37],[-1,29],[2,29],[-2,15],[-3,14],[-6,5],[-4,-15],[-16,-12],[-8,58],[-1,14],[7,24],[-1,37],[-2,19],[6,11],[5,24],[-2,38],[-7,22],[-2,30],[4,12],[12,-2],[0,17],[-9,23],[-11,3],[-9,-13],[-6,-30],[-15,-10],[-3,4],[5,-1],[11,9],[9,34],[10,20],[7,7],[13,-5],[0,24],[9,42],[5,5],[1,17],[29,-3],[15,-6],[0,92],[-15,0],[-60,6],[0,171],[-43,-7],[-1,106],[-19,1],[-2,7],[-3,-26],[-11,-26],[-11,11],[-9,-10],[-4,-35],[-3,32],[1,11],[8,10],[2,14],[-2,30],[2,43],[0,38],[5,18],[6,43],[-1,24],[-5,34],[1,37],[17,84],[15,30],[11,29],[2,1]],[[277127,639235],[10,-26],[4,1],[6,12],[7,27],[12,11],[-2,37],[13,-5],[11,19],[2,23],[16,10],[11,-20],[12,-99],[1,-161],[60,-1],[58,0],[15,0],[16,-67],[9,-20],[7,1],[71,-1],[2,58],[8,12],[15,4],[6,22],[0,35],[6,29],[4,-3],[9,11],[24,0]],[[277819,637116],[0,-85]],[[282462,660549],[16,-1],[7,0]],[[282746,660074],[1,-5],[-2,-18],[-3,-14],[-11,0],[-10,8],[-11,-33],[-2,9],[-4,-17],[-5,-66],[-15,-21],[-3,-24],[0,-55],[3,-2],[7,-24],[-13,0],[0,-74]],[[282678,659738],[0,-8],[-14,0],[-2,-35],[0,-171],[-30,2],[-2,-92],[-6,-5],[-6,5],[1,18],[-11,-10],[-2,-12],[-14,-9],[-22,18],[-15,1],[-14,29],[0,-77],[-4,37],[-19,1],[0,71],[3,-16],[0,10],[10,14],[1,-20],[5,36],[-49,0]],[[282488,659525],[-8,0],[-15,0]],[[282465,659525],[0,49],[8,0],[0,22],[5,13],[1,22],[-6,0],[-6,5],[0,16],[12,0],[1,35],[-7,3],[6,20],[0,123],[0,53],[-2,9],[-13,0],[0,33],[9,0],[4,8],[0,12],[-10,0],[0,31],[-5,-1],[11,55],[6,42],[0,43],[0,24],[-10,20],[2,41],[2,46],[6,0],[0,61],[-11,0],[2,10],[0,53],[2,0],[0,21],[3,21],[4,0],[0,36],[0,22],[-7,-1],[2,38],[-1,-10],[-10,17],[-1,32]],[[282296,660835],[15,8],[0,21],[16,0],[4,38],[23,-11],[15,-7],[9,-1],[5,2],[9,9],[9,20],[-2,4],[2,11],[1,10],[1,32],[10,3],[0,17],[-9,9],[10,11],[-2,28],[-9,1],[-7,16],[-10,-5],[-6,-19],[-5,-1],[-2,6],[0,24],[14,1],[1,23],[1,15],[8,-1],[2,-1],[3,-21],[0,-19],[15,0],[1,-43],[4,4],[4,4],[24,29],[2,5]],[[282452,661057],[2,0],[-2,-10],[5,0],[4,-4],[0,-16],[0,-24],[18,0]],[[282462,660549],[-16,0],[-5,0],[-14,0],[-24,0],[-10,0],[0,22],[-6,9],[-16,-30],[-44,0],[-5,0],[-2,0]],[[282728,664213],[-10,2],[-6,0],[0,14],[-15,1],[0,69],[-46,-1],[-1,130],[-28,0],[0,-131],[1,-165],[16,0],[0,21],[13,0],[0,12],[5,0],[0,34],[5,0],[0,-32],[5,0],[0,-14],[5,0],[0,-21],[2,0],[8,-1],[0,51],[11,-1],[-1,14],[5,0],[3,20],[2,-9],[-1,-55],[1,-7],[5,-3],[-7,-3],[0,-8],[-3,0],[-9,1],[-6,-10],[0,-74],[1,-95],[-4,-11],[-27,0],[0,10],[-29,-4],[0,16],[-61,1]],[[287805,638907],[-2,-96],[4,-78],[-51,12],[-5,-170],[61,-13],[-7,-255],[59,-14],[-5,-171],[-59,14],[-2,-65],[9,8],[8,1],[12,-12],[10,-28],[8,-14],[6,-18],[2,-20],[5,-10],[18,-6],[23,-23],[16,8],[7,19],[5,3],[3,13],[7,-3],[-4,-137],[-1,-47],[-8,0],[-7,-30],[-8,2],[-3,-89],[-13,4],[-30,4],[2,92],[-15,3],[5,160],[-59,13],[-10,-342],[-4,-171],[26,-7],[18,-2],[18,-4],[28,81],[3,84],[29,-6],[-5,-170]],[[287899,637427],[-46,9],[0,-21],[-8,2],[-1,-30],[-5,1],[-1,-30],[-14,5],[0,-23],[-12,1],[3,-21],[-4,0],[2,-28],[6,-12],[-1,-55],[-5,-16],[-1,-42],[9,-6],[-11,-53],[-3,-58],[-7,-29],[29,-6],[-4,-169]],[[287825,636846],[-89,18],[-2,-85],[-2,-84],[-29,6]],[[287508,637172],[29,-7],[5,168],[3,29],[4,13],[15,31],[19,4],[8,6],[2,-17],[9,6],[3,24],[10,23],[11,8],[8,25],[3,86],[-30,6],[5,174],[30,-6],[2,66],[2,22],[-4,39],[-3,16],[-8,24],[-4,2],[5,40],[6,17],[-5,34],[-2,1],[1,54],[0,13],[-2,29],[2,58],[4,58],[-1,17],[-6,29],[-4,32],[-4,16],[-7,12],[-7,-30],[-15,-26],[-4,5],[-13,51],[-5,-3],[-42,-9],[-1,97],[-59,-1],[0,254],[-27,-1],[1,86],[8,0],[47,3],[-1,124],[-13,15],[-4,-1],[-1,17],[-4,7],[-24,5],[-2,-16],[-7,-21],[-7,7],[-5,14],[-1,15],[20,1],[-5,112],[12,5],[10,15],[5,23],[8,2],[9,-6],[-1,157]],[[282230,644510],[-2,172],[32,1],[5,11],[19,-7],[10,24],[7,0],[6,19],[10,-4],[-1,301]],[[282302,642993],[1,13],[-7,12],[-4,-1],[-8,13],[-1,22],[-4,24],[3,33],[-7,30],[1,10],[4,12],[42,3],[0,29],[-11,36],[-14,3]],[[282297,643232],[-3,12],[0,33],[-3,42],[6,10],[2,35],[-4,7],[-5,-15],[-4,13],[7,12],[-2,24],[-11,-7],[2,16],[-4,5],[2,19],[-3,10],[-8,3],[8,10],[0,23],[-7,34],[-6,-1],[-7,-19],[1,20],[-11,33],[-3,21],[-6,5],[2,12],[-5,27],[-3,0],[1,23],[-4,14],[-9,-3],[5,12],[-1,33],[-5,-16],[-3,18],[3,37],[-13,-29],[-9,-11],[2,14],[-7,2],[17,29],[5,4],[-12,21],[2,17],[14,44],[6,8],[15,1],[15,-5],[0,16],[6,79],[28,3],[1,-85],[29,2],[0,162],[-1,192],[-9,0],[-7,-17],[-3,7],[10,28],[5,24],[-18,-19],[-1,36],[-1,85],[-4,31],[0,54],[-60,-2],[1,85]],[[280579,661452],[0,107],[17,0],[0,137],[30,0],[-1,33],[61,1],[0,131],[16,0],[0,38],[33,0],[0,45],[-8,0],[0,124],[93,2]],[[281164,661486],[11,-10],[12,23],[8,-5],[-6,11],[14,-10],[9,2],[12,-14],[0,-41],[11,0],[0,18],[45,3]],[[281280,661463],[1,-156],[0,-20],[0,-157],[3,-5],[41,6],[9,23],[7,1],[-3,-7],[-2,-2],[-1,-8],[-4,-4],[-2,-3],[-2,-10],[-2,0],[0,-69],[-13,0],[1,-27],[-31,-2],[-1,28],[-30,-1],[0,-47],[0,-47]],[[281251,660956],[-24,0],[-2,-2],[-60,-1],[-22,0],[-15,0],[-23,0],[0,-84],[-33,0],[-12,1],[-15,0],[-26,1],[-124,0],[0,-85],[-26,0],[0,-85],[-14,3],[-7,8],[-6,-8],[-20,-4],[-6,-17],[-6,4],[0,-26],[0,-42]],[[280810,660619],[-45,0],[0,39],[-16,3],[0,42],[-32,0],[0,39],[-58,0],[-3,-51],[-43,-86],[-15,7],[-6,1],[-1,48],[8,14],[-1,63],[-26,0],[-4,-8],[0,49]],[[280494,653737],[5,-7],[8,-13],[9,-3],[8,20],[13,4]],[[280537,653738],[0,-75],[0,-1],[0,-10],[0,-32],[0,-6]],[[280537,653614],[-26,-1],[-5,-6],[-1,0],[-3,0],[0,12],[-6,0],[-9,-7],[0,-5],[-5,0],[-4,-1],[0,11],[-2,0],[0,-5],[-12,-2],[-5,-5],[-11,4],[-10,-1],[0,5],[-11,-1],[-38,-2],[-15,0],[-15,-1],[-15,-7],[0,7],[-8,0],[-18,-6],[-4,-6],[-15,4],[0,-51],[-9,0],[0,-18],[-14,-3],[-4,-7],[-23,44]],[[280249,653566],[-11,22],[0,40],[9,21],[6,0],[8,0],[5,30],[6,11],[43,6],[11,1],[6,10],[29,1],[0,-14],[4,0],[1,14],[20,2],[4,20]],[[283999,650985],[29,-2],[31,-7],[2,2],[1,-168],[50,4],[1,-28],[6,-15],[19,140],[3,25],[1,41],[10,1],[11,-13],[8,-39],[3,-191],[57,7],[32,-1],[14,86],[14,-1],[0,-85],[30,7],[0,-75],[14,22],[0,12],[6,3],[0,40],[8,3],[63,-1]],[[284412,650752],[0,-84],[-41,1],[-12,-43],[6,-3],[0,-40],[48,-1],[0,-82],[58,5],[2,-172],[43,5],[1,21],[6,19],[9,-3],[1,-80],[11,-1],[6,-30],[23,6],[6,-3],[9,-31],[11,22],[6,1],[-4,-41],[10,9],[6,-24],[15,-8],[6,-1],[0,-16],[3,-2],[-47,-3],[0,-17],[2,-149]],[[284596,650007],[-121,-12],[2,-169],[-30,-3],[0,-19],[-6,-19],[-15,-12],[-8,-17],[1,-103],[-30,-4],[0,-34],[-4,-5],[-6,13],[-20,0],[2,-145],[29,2]],[[284390,649480],[2,-169],[-12,-1],[0,-28],[-3,0],[0,-57],[-29,-2],[0,-10],[-30,-2],[-1,52],[-8,-4],[-6,3],[1,-127],[-48,-3],[9,-23],[-1,-37],[10,-1],[0,-22]],[[284274,649049],[0,-8],[-8,12],[-20,-2],[-1,-6],[-13,-1],[-1,25],[-19,3],[-12,-1],[0,-27],[-15,0],[1,-64],[-8,-9],[-7,0],[0,-13],[-25,-4],[-50,-1],[0,-33],[-7,-1],[0,19],[-8,0],[1,-15],[-16,-1],[-3,15],[-26,-1],[0,15],[-11,-1]],[[284026,648950],[9,54],[2,27],[1,89],[-40,-1],[0,26],[-7,0],[0,58],[-11,0],[0,-16],[-4,-1],[0,17],[-15,-1],[1,-84],[-74,-3]],[[283824,650634],[0,84],[7,-11],[22,-12],[2,-16],[15,-3],[11,4],[3,8],[0,35],[12,-1],[-1,69],[15,1],[-1,98],[27,-2],[0,75],[-4,11],[10,-1],[57,12]],[[279992,654887],[96,1],[30,0],[31,0],[28,1],[26,0],[0,0],[33,0],[28,1],[97,1],[0,0]],[[280361,654891],[3,-36],[-2,-70],[1,-48],[-2,-27],[1,-18],[-4,-65],[0,-3],[0,-25],[3,-19],[11,-33],[1,-8],[1,-10],[3,-71],[1,-6],[-1,-54],[-7,-33],[-2,-26],[8,-23],[-1,-24]],[[280375,654292],[-4,-4],[3,24],[-9,34],[4,34],[-36,-15],[11,-74],[-1,-3],[1,-19],[4,-1],[4,-25],[1,-3],[-3,0],[0,-16],[-1,0],[0,-5],[2,0],[0,-6],[4,0],[0,-7],[3,1],[4,-23],[3,-20],[0,-4],[-3,0],[3,-19],[0,-14],[5,0],[2,-9],[2,-10],[3,-7],[0,-1],[-2,-18],[0,-18],[-2,0],[0,-18],[2,0],[0,-21],[0,-22],[2,-8],[-1,2],[0,-35],[-6,15],[0,-28],[-2,0],[0,-32]],[[280361,653872],[-2,4],[-18,22],[-8,10],[-6,7],[-9,12],[-8,11],[-31,36],[-27,16],[-8,4],[0,2],[-39,19],[-56,28],[0,3],[0,0],[-2,1],[-30,15],[0,-6],[-30,15],[-12,6],[-48,21],[0,-11],[0,-14],[0,-8],[-9,-1],[0,-12],[-6,0],[0,-90],[-16,-4],[-10,-34],[-3,-28],[-16,-24],[0,160],[-14,0]],[[281381,626141],[64,4],[-1,85],[14,2],[5,-5],[25,2],[0,173],[21,2],[10,10],[9,19],[15,-3],[9,52],[7,3],[2,15],[11,-2],[0,-19],[10,2],[7,15],[4,0],[10,-29],[7,2],[-1,-14],[3,-16],[8,8],[7,8],[1,21]],[[281628,626476],[8,19],[0,-71],[15,1],[1,113],[7,-1],[2,23],[6,11],[7,-11],[7,-1],[-2,-486],[46,0],[5,14],[21,22],[10,15],[2,23],[8,45],[2,19],[-2,36],[12,2],[0,-124],[-14,-6],[-1,-43],[14,2],[14,43],[6,8],[26,-18],[-1,-199],[-74,-7],[0,-85],[-29,-1],[0,-85],[-2,-4],[-1,-258],[44,5],[0,-85],[66,6],[4,2],[0,41],[21,0],[-2,-14],[-7,-12],[0,-25],[9,14],[4,-5],[3,-21],[4,-12],[8,-5],[10,10],[6,14],[23,32],[2,23],[5,14],[6,4],[6,13],[5,40],[0,28],[-5,9],[0,21],[-5,34],[0,15],[5,13],[-2,33],[1,44],[-4,32],[18,-2],[27,3],[30,0],[0,-172],[2,-34],[5,-23],[-3,-12],[8,-23],[-1,-41],[2,-31],[2,-5],[71,3]],[[282060,624554],[-146,-17],[0,-118],[-18,-54],[-49,-4],[-9,-22],[-11,24],[0,-90],[-19,23],[-6,17],[-3,18],[0,-1],[-15,16],[0,22],[0,79],[0,5],[0,1],[-13,-13],[-10,14],[-7,-5],[-10,-9],[-15,-40],[-2,-34],[2,0],[0,-2],[-2,-14],[1,-112],[-16,-1]],[[276322,655174],[3,-21],[6,-19],[0,-7],[-1,-10],[19,-64],[1,-6],[9,-28],[9,-32],[0,-25],[0,-9],[2,-7],[6,-16],[1,-4],[4,-12],[3,-8],[3,-11],[13,-15],[8,-9],[11,17],[10,-32],[-12,-28],[2,-14],[1,-11],[1,-7],[38,-47],[1,-38],[4,-131],[1,-8]],[[276465,654572],[-23,-38],[-5,17],[-1,13],[-1,16],[-5,3],[0,43],[0,85],[-1,46],[-2,13],[-21,25],[-11,-6],[-2,5],[-4,0],[-5,0],[-4,0],[-7,-6],[-4,0],[-2,0],[-2,0],[-4,5],[-7,-1],[-4,0],[-15,-1],[-8,0],[-2,-5],[-1,5],[-4,0],[-4,-1],[-2,-5],[-7,0],[-2,5],[-15,-1],[-1,0]],[[276289,654789],[-5,16],[2,5],[0,43],[-5,0],[0,10],[7,0],[0,-10],[2,0],[3,0],[0,17],[-3,0],[-1,4],[-1,11],[-2,10],[0,11],[2,0],[0,11],[0,21],[-3,0],[0,10],[0,10],[-10,1]],[[284265,642436],[59,3],[1,96],[0,81],[33,2],[-3,38],[6,40],[13,1],[10,-21],[0,30],[59,4],[0,-15],[7,-4],[4,-31],[4,-3],[0,-31],[15,3],[0,-31],[4,15],[20,0],[1,-13],[-3,-20],[2,-18],[6,-1],[0,-13],[16,-1],[1,-19],[19,-1],[0,-22],[3,-25],[12,-3],[11,15],[8,-2],[4,-28],[4,-10],[16,5],[17,-4],[4,-35],[4,-13],[10,-18],[5,2],[0,-11],[44,2],[30,4],[1,-170],[60,3],[-1,39],[-3,14],[-10,30],[-1,15],[-1,72],[46,2],[0,111],[8,-21],[8,3],[19,-34],[7,-17],[9,-5],[-3,-33],[55,3],[0,-168],[15,0]],[[284920,642228],[0,0],[0,-169],[0,0],[0,-32]],[[284920,642027],[0,-148],[0,-51],[0,-211]],[[284920,641617],[0,-76]],[[284920,641541],[-146,-7],[-1,170],[-89,-3],[1,93],[-1,76],[-60,2],[1,-171],[-41,-1],[0,43],[-4,0],[0,43],[-59,-5],[0,-42],[-15,-2],[0,-127],[-88,-8],[-1,84],[-52,-1],[0,52],[-8,30],[-32,-2],[-1,83],[-11,-2],[-96,-5],[-4,28],[3,16],[-5,45],[-5,64],[0,15],[-2,0],[0,-12],[4,-63],[-1,-20],[4,-48],[-12,-14],[-6,-2],[-3,33],[-12,-1],[-1,42],[-18,-1]],[[284159,641923],[6,62],[-5,20],[6,1],[-4,170],[-7,0],[-3,7],[3,24],[-5,0],[-1,-11],[-4,-1],[-6,22],[-6,12],[-8,3],[-8,38],[-6,8],[-13,45],[-2,25],[-5,20],[0,7],[8,-33],[51,1],[0,85],[115,8]],[[282217,618088],[-28,-1],[11,-45],[-2,-6],[5,-33],[-3,-15],[9,-42],[6,3],[6,-28],[-13,-27],[-3,12],[-17,-37],[-8,42],[-48,-99]],[[282132,617812],[-19,80],[-3,9],[21,45],[-11,47],[12,25],[-17,69],[-10,0],[-2,-9],[-2,-19],[1,-52],[-12,-27],[-10,36],[-39,-83],[-8,3],[-4,-9],[-7,16],[-12,-6],[-3,9],[-8,-2],[-5,23],[-2,-9],[-14,3],[-1,-16],[-15,-25],[-23,-3],[-2,0],[-13,-1],[-4,16],[-5,-18],[-10,-4],[0,-82],[-13,-5],[0,-151],[-11,19],[-3,16],[3,19],[-4,16],[-7,-1],[-9,14],[-11,29],[-10,-7],[-4,11],[-8,-10],[-10,-3],[-9,-8],[-21,20],[1,-50],[-29,-2],[1,-163],[-81,-2],[-2,0],[-2,4],[-1,158],[1,13],[-58,-6]],[[284086,643192],[0,-167],[3,0],[0,-176],[60,1],[0,-169],[9,1],[-1,169],[108,9]],[[284265,642860],[0,-34],[12,13],[6,-9],[7,-34],[13,-8],[7,-14],[8,-37],[6,-11],[0,-36],[-31,2],[-28,-1],[0,-255]],[[284159,641923],[-41,-3],[0,84],[-27,-1],[-3,0],[1,-170],[-29,-1],[2,-299],[-3,-8],[-4,-3],[-15,11],[-8,-10],[0,-32]],[[284032,641491],[-58,0],[0,169],[-59,-6],[0,85],[-77,1],[0,-85]],[[283797,641655],[-30,2],[-29,1],[-30,-2]],[[283708,641656],[1,170],[-30,-1],[0,168],[-1,0],[-1,82],[-20,-4],[-9,6],[-28,0],[0,7],[-1,-7],[-21,0],[-8,15],[-12,8],[-6,16],[-3,63],[-8,-21],[0,-166],[-177,-1],[-1,169],[59,0],[0,169]],[[283322,643011],[-54,1],[-1,506],[96,1],[0,92],[-10,273],[7,-11],[3,-11],[1,-39],[-3,-10],[0,-25],[8,-12],[8,11],[6,-23],[10,-13],[11,7],[15,-12],[15,-41],[5,1],[0,-19],[118,6],[0,76]],[[284412,650752],[-1,126],[35,90],[-1,46],[-34,-4],[-1,164],[136,10],[-1,85],[-19,-2],[-44,-3],[-1,82],[-15,1],[-1,81],[9,42],[6,18],[0,30],[22,1],[1,131],[-1,38],[-38,-1],[14,48],[5,29]],[[284483,651764],[29,-10],[20,-2],[21,1],[1,23],[29,2],[0,-84],[104,10],[0,42],[11,1],[0,43],[-26,-3],[-1,125],[-15,-1],[-1,43],[46,5],[-1,49],[6,-11],[8,33],[7,-7],[2,20],[6,4],[11,-11],[13,2],[6,-6],[0,-3],[19,-44],[-1,-13],[12,-34],[7,-7],[7,-18],[-1,-32],[78,5],[0,13],[33,-40]],[[284915,649813],[-14,34],[-14,46],[-12,31],[-8,17],[-60,101],[-16,32],[-11,-9],[-2,-19],[-4,11],[0,9],[-8,10],[-15,4],[-4,18],[2,38],[-36,42],[0,-10],[-11,-1],[-8,-24],[-9,32],[-9,5],[-23,-2],[2,-168],[-59,-3]],[[282691,618143],[4,-6],[0,-38],[72,2],[29,1],[13,5],[15,-4],[26,2],[3,13],[7,3],[-5,73],[-3,37],[28,1],[7,-22],[6,-1],[4,-8],[10,-4],[4,3],[11,-17],[3,-14],[18,37]],[[282943,618206],[0,-50],[2,-48],[9,-105],[7,-42],[17,-97],[0,-1]],[[282626,617482],[-19,11],[-11,1],[-6,12],[-9,-7],[-2,5],[-11,-4],[-12,-10],[-6,6],[-9,-4],[-6,-10],[-8,8],[-2,19],[-14,4],[-4,41],[-3,-2],[0,20],[-2,28],[-6,22],[1,11],[-6,81],[5,16],[-1,25],[-8,14],[7,15],[6,-8],[2,19],[-13,17],[-2,27],[10,18],[1,7],[-16,1],[0,14],[-52,-2],[-6,18],[-19,-40],[-2,3],[-20,83],[-13,33],[-6,27],[-2,-7],[-16,-32],[-32,126],[-17,0]],[[282297,618088],[10,56],[4,11],[22,42],[3,57],[7,25],[5,31],[9,-6],[-1,-10],[8,-5],[3,29],[14,2],[0,21],[42,2],[1,84],[51,3],[16,-77],[6,-16],[-3,-48],[2,-18],[-2,-25],[4,-30],[-5,-20],[-9,-4],[-2,-15],[42,2],[-1,82],[16,1],[2,-1],[139,4],[3,-27],[-2,-40],[1,-9],[9,-46]],[[280361,654891],[22,0],[2,0],[30,-1],[13,0],[15,0],[16,-1],[28,0],[18,0],[0,0],[26,0],[1,0]],[[280532,654889],[0,-86],[0,-84],[0,-24]],[[280532,654695],[1,-26],[0,-6],[0,-84],[0,-7],[0,-61],[0,-6],[0,-42],[-8,-1],[4,-25],[5,1],[0,-61],[-59,7],[0,-9],[22,1],[0,-16],[16,-13],[9,-25],[12,-10],[0,-18],[-15,-1],[0,-23],[15,0],[0,-32],[1,-28],[0,-22],[0,-2],[0,-7],[-3,0],[-1,-6],[0,-7],[-4,0],[1,-21],[3,0],[0,-10],[1,-3],[3,0],[0,-8]],[[282132,617812],[23,-100],[16,-59],[2,5]],[[282173,617658],[6,-22],[-16,9],[-16,26],[-2,-13],[-8,-1],[-4,-20],[-4,2],[1,-19],[-6,-28],[-11,-29],[2,-6],[-12,-11],[4,-18],[-2,-11],[-42,-87],[21,-84],[-11,-19],[1,-36],[0,-47],[-15,-33]],[[282173,617658],[31,68],[5,-21],[2,15],[6,16],[-2,11],[9,21],[14,-57],[5,-13],[5,4],[10,27],[6,-15],[6,-24],[7,15],[4,-22],[-33,-71],[3,-13],[-5,-10],[6,-23],[-10,-23],[15,-60],[-5,-48],[12,30],[-3,15],[7,52],[20,44],[8,-30],[10,23],[4,-15],[5,15],[3,-12],[6,12],[-3,15],[1,13],[7,15],[-12,53],[15,31],[3,-13],[-8,-16],[12,-51],[10,22],[3,-10],[7,15],[2,-10],[-38,-81],[35,-140],[-80,-166],[10,-42],[-21,-46],[4,-38],[7,-24],[1,-29],[3,-11],[-4,-27],[0,-15],[5,-5],[6,-46],[6,-14],[-1,-34]],[[280535,654124],[2,0],[0,21],[8,1],[0,-16],[19,0],[0,-4],[19,0],[12,1]],[[280595,654127],[1,0],[1,-84],[0,-34],[0,-51],[0,-47],[0,-38],[0,-19],[0,-31],[0,-10],[0,-3],[0,-20],[0,-51],[0,-11]],[[280597,653728],[-16,-17],[-7,-3],[-8,0],[-17,25],[-12,5]],[[282755,619512],[0,-47],[-32,-1],[1,-84],[8,0],[0,-24],[-11,-2],[-5,5],[0,-22],[-7,0],[-4,-2],[-14,-32],[-10,-10],[-10,-2],[5,-52],[0,-34],[-3,0],[0,-42],[-9,-1],[0,-31],[-16,-1],[1,-182],[0,-170],[57,4],[1,-42],[5,0],[0,-43],[38,3],[0,-51],[9,-9],[6,-25],[2,-42],[-2,-93],[-11,-11],[-19,-52],[-14,-61],[-11,-90],[2,1],[-1,-27],[-5,-27],[-14,-46],[-1,-24]],[[282297,618088],[-41,-1],[-28,2]],[[280249,653566],[-18,-128],[-7,0],[0,-41],[-12,1],[-3,-1],[0,41],[-75,-1],[-16,-44],[-18,-55],[-12,7],[-15,-35],[-23,-44]],[[282396,652134],[60,3],[-1,85],[60,3],[0,-85],[-1,-5],[1,-157],[120,-2],[0,169],[60,2],[59,2],[0,157],[4,1],[0,-16],[11,0],[0,-57],[15,0],[0,51],[15,7],[0,-73],[-3,-16],[18,1],[0,-53],[0,-19]],[[282814,652132],[0,-150]],[[282814,651982],[-16,0],[0,-38],[-14,-5],[59,1],[0,-43],[14,1],[-4,-17],[0,-59],[-10,-10],[-1,-9],[-9,5],[-1,-6],[-2,-42],[6,-23],[-3,-11],[2,-26],[8,-9],[-4,-11],[-3,-23],[-6,-32],[-8,-8],[-6,14],[-2,-26],[0,207],[-61,0],[1,-176],[-7,-2],[-2,-12],[3,-44],[-7,-8],[-5,-29],[-4,4],[-8,13],[0,-58],[-8,-2],[-1,17],[-8,-1],[-6,16],[-10,-15],[1,-20],[-5,-15],[-5,0],[0,-35],[-6,-8],[-6,12],[-6,-26],[-4,6],[0,-16],[-23,6],[1,-288],[64,0],[0,2],[81,2]],[[282723,650574],[-15,23],[-14,12],[-1,35],[-34,-17],[-10,-1],[-8,1],[-5,4],[0,5],[-30,8],[-15,14],[-31,19],[0,-10],[7,-18],[7,-43],[0,-54],[-19,0],[-5,0]],[[282550,650552],[-6,-1],[-7,-67],[-5,-17],[-16,-1],[0,119],[-16,6],[-21,2],[0,132],[-24,14],[-1,144],[6,10],[-126,-7],[-1,46],[3,7],[0,114],[-56,-1]],[[282280,651052],[0,66],[0,257],[-136,1],[-1,139],[0,61]],[[281898,621263],[9,-18],[12,-10],[6,-16],[15,-1],[0,-32],[6,0],[0,-42],[8,-18],[0,-33],[20,-33],[152,-3],[26,-117],[34,-111],[0,83],[2,-9],[1,-18],[0,-73],[39,-32],[8,8],[3,35],[14,3],[1,-19],[45,1],[0,-65],[5,0]],[[282020,620591],[0,43],[-21,0],[0,20],[-9,-1],[-1,29],[-3,10],[-16,-1],[0,-23],[-11,-1],[0,33],[-3,8],[-15,-14],[-14,-19],[-33,0],[1,37],[10,32],[5,3],[7,28],[1,38],[-1,26],[8,1],[-12,5],[0,43],[6,0],[0,17],[-6,4],[-29,0],[0,56],[-14,1],[-1,178],[-30,0]],[[283963,653017],[15,0],[0,23],[15,-1],[0,-22],[59,2],[-1,61],[6,0],[0,38],[8,30],[-2,24],[10,0],[10,-16],[12,-49],[16,-41],[17,-2],[0,17],[16,0],[0,26],[15,4],[1,18],[4,0],[1,-23],[24,0],[0,-43],[29,-2],[0,-42],[15,2],[0,-19],[11,0],[5,-7],[0,-33],[5,-24],[17,2],[8,1],[1,-85],[34,1],[-4,41],[3,26],[14,17],[4,27],[6,12],[20,-2],[11,-8],[15,10],[19,14],[21,14],[10,3],[10,-15],[16,-56],[7,-45],[15,-3],[1,-30],[11,-1],[4,-10],[0,-59]],[[284497,652792],[1,-87],[15,0],[2,-113],[0,-13],[0,-42],[-59,-2],[1,-55],[6,-33],[11,-41],[-32,-38],[-3,-14],[-8,-1],[0,-21],[-9,-14],[-4,5],[-15,-14],[1,-93]],[[284404,652216],[-29,15],[-39,6],[-22,-2]],[[284102,652510],[-48,-1],[-1,171],[-59,-2],[0,-170],[-75,-1],[1,-170],[-25,0],[-2,12],[-8,5],[-10,-16],[-22,-2],[-3,32],[-27,35],[4,20],[25,0],[3,24],[20,-1],[0,114],[-9,0],[-22,-12],[0,21],[6,19],[5,5],[-3,34],[12,36],[8,15],[13,1],[33,-2],[15,0],[0,169],[7,0],[2,65],[6,0],[0,64],[15,0],[0,42]],[[283708,641656],[-29,-1],[-58,1],[0,-3],[-59,-3],[0,-170],[-30,-1],[-25,-169],[-4,0],[0,84],[-59,1],[0,-169]],[[283444,641226],[-60,0],[0,85],[-18,0],[-1,169],[-47,0]],[[283318,641480],[-3,18],[-9,30],[-8,9],[2,4],[2,57],[5,1],[13,13],[5,13],[0,24],[-55,-1],[-1,342],[0,169],[55,0]],[[283385,661223],[-2,318],[0,15],[0,15],[0,46],[0,35],[0,19],[0,14],[0,9],[0,37],[0,49],[0,12],[-1,104],[0,43],[3,-1],[7,-7],[4,-2],[1,-1]],[[283246,646423],[4,26],[5,5],[7,-4],[0,-3],[2,-5],[1,-25],[0,-98],[17,-15],[3,8],[11,0],[3,-18],[7,-12],[6,-22],[0,-17],[-7,-26],[-3,-21],[6,-10],[0,-12],[0,-1],[13,-12],[-1,-120],[47,-3],[59,5],[74,49]],[[283500,646092],[1,1],[-34,-213],[-64,-319],[9,1],[22,9],[-1,132],[16,81],[4,5],[38,1],[1,-63],[15,1],[0,-21],[-6,-8],[-2,-24],[-7,-17],[-2,-15]],[[283414,645054],[-7,0],[0,-52],[-7,0],[0,-26],[-5,-17],[-2,1],[-6,-23],[-5,-10],[-9,-4],[-8,-9],[-10,0],[-5,27],[-13,17],[-1,20],[-15,48],[-7,7],[-5,21],[-11,0],[-33,-149],[-23,-106],[-6,-36],[-1,-35],[1,-171]],[[282905,646083],[0,170],[61,0],[0,170],[60,1],[0,172],[59,1],[0,-171],[65,-1],[4,-21],[6,0],[0,-74],[16,0],[0,10],[10,0],[0,32],[17,1],[0,23],[2,30],[7,-1],[3,-8],[10,-2],[10,5],[1,-25],[4,-3],[6,20],[0,11]],[[282814,652132],[8,-9],[1,-56],[13,0],[-1,41],[21,11],[0,32],[23,1]],[[282879,652152],[23,0],[0,-82],[1,-1],[48,0],[15,-23],[28,-27],[0,54],[8,-7],[12,-24],[-5,-36],[13,-25],[49,-30],[38,-21],[16,6],[6,-4],[7,-2],[9,-1],[9,-15],[1,6],[3,14],[8,83],[0,-18],[7,71],[23,0],[16,0],[1,-150],[43,-2],[7,9],[5,55],[48,-3]],[[283318,651979],[-2,-41],[-1,-9],[2,-33],[5,-44],[11,-53],[14,-50],[4,-40],[0,-46],[-6,30],[-8,24],[-8,8],[-5,0],[-19,-18],[-10,-28],[-5,9],[-4,13],[-6,-1],[-4,11],[-7,6],[-6,-2],[-8,14],[0,-22],[-3,-12],[-6,9],[-2,-12],[-6,12],[-4,16],[-7,0],[-3,11],[-5,-9],[1,-31],[2,-8],[11,-3],[3,-11],[4,6],[8,-2],[7,-11],[-1,-7],[4,-21],[1,-5],[0,-28],[-5,-15],[6,-12],[-1,-17],[-10,0],[5,-24],[-12,-7],[-11,16],[-23,0],[0,16],[-38,2],[1,-60],[-15,1],[-1,59],[-43,2]],[[283112,651562],[-16,0],[0,28],[-10,16],[-2,15],[-6,12],[-7,-4],[-5,18],[-6,-11],[-15,6],[-4,23],[-12,16],[-12,8],[-3,29],[-9,24],[3,29],[-3,4],[-11,-5],[-8,6],[-13,-30],[-8,3],[1,15],[-2,27],[-9,24],[-4,-6],[-2,-40],[-5,-13],[-13,1],[-6,-7],[-7,16],[0,132],[-16,0],[1,54],[9,3],[-14,10],[-10,16],[-14,32],[-6,7],[-3,27],[-8,5],[0,-69],[-14,-1],[-29,0]],[[283643,652805],[38,-2],[4,-15]],[[283704,652846],[4,2],[-4,41],[0,58],[0,36],[10,-5],[3,-16],[-4,-19],[1,-36],[13,3],[-2,16],[29,-2],[-1,177],[-31,-1],[-1,71],[-1,171]],[[283720,653342],[150,-3],[1,-168],[30,-1],[1,-68],[30,0],[0,-59],[4,0],[1,-25],[26,-1]],[[283889,651816],[-71,-2],[-1,171],[-27,5],[-12,-1],[0,83],[-19,0],[-54,-7]],[[283705,652065],[0,99]],[[283705,652164],[1,86],[-62,0],[0,85],[0,107],[-16,9],[-11,26],[0,-31],[2,-18],[-9,19],[-4,21],[-11,23],[-9,3],[-4,17],[-3,32],[15,1],[0,54],[3,16],[-39,51],[10,21],[7,-1],[10,20],[26,1],[1,-20],[4,-8],[12,0],[1,-18],[14,-15],[0,160]],[[283580,621685],[97,-2],[1,172],[59,3],[10,-78],[11,-53],[8,-33],[5,1],[12,-8],[23,48],[0,-21],[9,-37],[-2,-30],[5,-35],[-3,-55],[3,-10],[0,-67]],[[283818,621480],[-16,-44],[-49,1],[13,-39],[5,-34],[-9,-14],[0,-85],[27,-1],[1,-57],[28,0],[1,-28]],[[276165,655717],[3,0],[5,0],[2,0],[3,0],[4,1],[6,0],[4,0],[3,0],[5,0],[0,-15],[11,0],[1,16],[4,0],[4,0],[17,2]],[[276237,655721],[1,-8],[1,-13],[4,-27],[1,-5],[3,-16],[7,-30],[5,-27],[4,-16],[6,-26],[2,-12],[4,-17],[4,-18],[4,-20]],[[276283,655486],[-11,-15],[-3,-3],[-14,0],[-2,-8],[-13,0],[0,7],[-7,0],[-8,-1],[0,-21],[-2,0],[0,21],[-6,0],[-7,0],[-4,-1],[-4,-4],[-7,4],[-2,0],[-4,-1],[-4,0],[-5,0],[-11,-1],[-2,0]],[[276167,655463],[-3,0],[0,21],[3,0],[0,24],[-3,-1],[0,30],[2,11],[0,84],[-1,32],[0,26],[0,27]],[[282468,647638],[-10,2],[0,-158],[-1,-19],[-25,-34],[-1,-13],[-5,-9],[63,-3],[2,1],[55,-2],[0,-253],[30,0],[49,1],[1,-83],[1,-15],[-9,-17],[-1,-108],[-61,1],[-10,-6],[1,-138],[14,-19],[15,-39],[22,-14],[24,0],[15,5],[6,-5],[3,-15],[13,-32],[8,-5],[0,-72],[1,-340],[-30,0],[0,-186]],[[282310,646049],[-89,-4],[-2,341],[-29,-1],[-4,6],[-1,176],[0,17],[2,-5],[22,15],[9,33],[0,44],[-33,-25],[-1,74],[-5,-4],[-19,30],[-7,-8],[-9,-20],[-5,0],[-8,21],[-5,26],[-9,19],[-1,28],[6,0],[0,170],[0,66],[0,10],[-1,111],[-60,37]],[[284390,649480],[30,3],[102,8],[18,173],[1,0],[-2,-22],[14,1],[0,-21],[15,1],[0,-43],[24,1],[1,-14],[5,1],[0,-71],[18,1],[-5,-31],[3,-19],[5,-5],[0,12],[16,-2],[10,-13],[7,-2],[9,16],[21,15],[18,34],[18,1],[1,-168],[59,5],[-1,170],[59,5],[-1,108],[80,-53]],[[284916,649187],[-9,-5],[-68,-5],[1,-144],[-58,-156],[-18,-45],[-4,0]],[[284760,648832],[-1,17],[4,27],[-12,16],[-8,-8],[-5,7],[-2,15],[7,20],[1,13],[-12,34],[-11,6],[1,-19],[-15,-1],[0,-44],[-6,-3],[-39,-3],[0,85],[-60,-5],[1,-131],[-43,-2],[-2,-45],[2,-157],[-15,0],[0,14],[-8,0],[0,20],[-15,-2],[0,43],[-30,-2],[0,-39],[-7,-1],[-1,124],[-36,-2],[26,246],[-6,7],[-5,-13],[-6,-34],[4,-29],[0,-13],[-7,-10],[-13,9],[-10,-33],[1,-28],[-1,-14],[-6,-12],[-30,16],[-5,-4],[-1,-20],[-10,-17],[-35,8],[-2,-10],[-1,-32],[13,-18],[1,-14],[-5,-29],[-7,-6],[-7,-28],[-5,-41],[6,0],[4,15],[8,-3]],[[284349,648702],[-6,1],[-5,-22],[-7,-1],[-8,-18],[-16,-3],[0,11],[0,2],[-8,-20],[-9,3],[-12,18],[14,43],[-1,81],[-1,210],[-1,43],[-15,-1]],[[284404,652216],[0,-33],[56,1],[2,-160],[-57,-3],[1,-133],[21,-6],[0,-26],[2,-20],[5,0],[1,18],[53,2],[1,-55],[-6,-37]],[[283999,650985],[0,159],[2,18],[1,55],[-1,96],[-46,-2],[-1,169],[-7,0],[-5,-14],[-5,-2],[-1,-18],[-7,-20],[-6,11],[-3,18],[-8,21],[1,8],[0,54],[-4,15],[0,65],[12,2],[0,14],[17,19],[1,29]],[[283112,651562],[15,-37],[4,-59],[12,-22],[4,-33],[9,-4],[1,-102]],[[283430,656493],[35,0],[-3,-10],[1,-426],[-62,-83],[0,-301],[2,2],[0,-24],[14,0],[1,-170],[-17,0],[0,-127],[30,0],[1,43],[58,-1],[3,-24],[-9,-29],[-1,-26],[-5,-3],[1,-10],[-10,-57],[-4,-7],[4,-7],[0,-32],[8,-43],[-1,-16],[-13,0],[0,-126],[8,-23],[6,-3],[2,-34],[4,1],[2,-13],[5,6],[5,-21],[14,-31],[5,4],[3,-14]],[[283320,654888],[0,65],[6,20],[-23,0],[1,10],[-7,11],[-7,33],[-3,55],[4,8],[1,22],[-13,-14],[-9,19],[1,17],[-4,14],[-20,7],[-6,16],[2,28],[9,26],[59,2],[0,256],[-37,0],[-23,-7],[-19,4],[-41,0],[-1,171],[-13,-1],[4,28],[-2,80],[10,4],[1,59],[-20,-1],[-10,0],[0,32],[0,31],[-31,-1],[0,23],[-15,-1],[0,42],[-15,14],[0,28],[15,0],[0,114],[-3,-17],[-3,-45],[-7,6],[10,49],[5,14],[4,-3],[-1,137],[-21,0],[0,20],[-7,13],[0,88],[-8,-4],[0,48],[-16,0],[0,46],[-22,-1],[0,17],[-9,1],[0,19],[-28,0],[-2,2],[1,43],[-15,0],[0,39],[11,0],[3,11],[0,55],[-24,1],[-7,30],[-6,0],[-5,10],[-3,-9],[2,20],[-4,9],[-10,-4],[-3,20],[0,28],[-30,0]],[[284032,641491],[3,-423],[-119,-7]],[[283916,641061],[0,85],[-178,-1],[-117,0],[0,-172],[-163,0],[25,168],[-39,1],[0,84]],[[282644,649552],[-128,0],[0,-68],[-1,-16],[-37,-1]],[[282444,649689],[48,2],[3,60],[-24,29],[-7,13],[0,11],[-8,1],[0,85],[-22,0],[-1,53],[11,6],[0,14],[-2,17],[-13,28],[-13,-6],[-9,19],[-4,-4],[-3,15],[-8,8],[-8,28],[-6,4],[-4,26],[-8,25],[47,2],[0,128],[43,1],[1,-43],[59,2],[0,84],[15,0],[15,5],[0,45],[15,1],[14,30],[6,-14],[7,2],[3,38],[-1,36],[-6,34],[-27,46],[-7,32]],[[280752,656391],[6,5],[8,-20],[5,-6],[9,2],[15,-11],[7,4],[9,22],[0,65],[0,39],[1,5],[61,-1],[32,0],[0,168],[30,-1],[-1,172],[12,-1],[4,4],[-9,38],[-4,-2],[6,35],[0,53],[5,19],[6,2],[10,16],[0,169],[59,-2],[3,-3],[10,-36],[7,-4],[-2,21],[-5,9],[-5,24],[-6,10],[1,11],[-10,17],[2,14],[-6,18],[17,9],[1,25],[3,4],[-2,17],[5,10],[-3,11],[3,22],[-3,20],[-8,7],[-2,29],[3,0],[0,24],[-7,16],[0,11],[-4,38],[-4,9],[162,0],[24,0],[7,51],[8,0],[7,16],[9,-1],[5,20],[-1,300],[17,-4],[0,-43],[19,-3],[20,0]],[[281537,657498],[-7,0],[-3,-4],[-10,-17],[-1,-2],[-1,17],[2,6],[-52,0],[4,-6],[3,-31],[13,-3],[0,-130],[-45,3],[0,-84],[-12,0],[2,-46],[3,-34],[-4,-16],[1,-21],[-8,-47],[51,-4],[-11,-45],[2,-8],[-2,-37],[5,-29],[-5,-12],[1,-23],[-5,-41],[-2,-48],[3,-9],[-17,1],[0,-87],[-30,0],[0,-253],[41,1],[0,-41],[4,-11],[-2,-15],[-17,-19],[-1,-40],[-6,-3],[2,-7],[24,10],[0,-46],[45,-2],[-1,-116],[16,-1],[-1,-138],[60,-4],[0,-8],[7,3],[7,-9],[1,58],[13,0],[0,-85],[30,-1],[0,-61],[6,-3],[4,-17],[-7,-49],[3,-35],[0,-32],[-13,11],[-7,-29],[-4,2],[-5,-19],[4,-15],[-3,-5]],[[281612,655762],[-23,0],[0,-43],[-60,3],[-1,-253],[-57,3],[10,-24],[1,-81],[6,-9]],[[281525,655130],[-59,4],[0,85],[-31,0],[0,-84],[-29,1],[0,85],[-60,2],[-2,14],[-19,0],[-9,4],[-15,1],[0,67],[-15,0],[1,170],[-54,1],[0,170],[-58,0],[0,89],[-63,-1],[1,89],[-7,-7],[-31,1],[10,39],[-15,0],[-2,80],[-9,1],[-6,-26],[-16,-70],[-6,-23],[-19,0],[-3,0],[0,122],[-6,-15],[-4,-1],[-7,8],[1,13],[-28,0],[-1,37],[0,0],[-1,2],[0,2],[-1,3],[-13,0],[-2,-2],[-15,0],[-60,0],[0,94],[-15,0],[-18,-5]],[[280839,656080],[0,27],[-8,13],[-20,-4],[0,93],[0,31],[7,21],[0,20],[-7,22],[0,31],[-59,2],[0,55]],[[284175,660959],[0,-133],[31,-2],[0,-105],[-16,0],[-28,45],[17,-36],[10,-12],[3,-15],[11,-7],[17,-22],[-3,-19],[65,-3],[6,-26],[-1,-22],[-6,-23],[18,-9],[-62,-5],[0,-42],[-2,2],[-4,12],[-6,5],[-5,16],[-2,7],[-14,0],[3,-22],[0,-22],[-7,-16],[2,-24],[6,0],[2,-189],[-30,1],[0,12],[-3,8],[-9,0],[0,-89],[-18,0],[0,-57],[-9,-20],[-12,-51],[-10,-1],[1,-102],[0,-58]],[[283702,653767],[0,-252],[1,-174],[17,1]],[[283643,652805],[-16,1],[2,75],[-2,39],[-15,1],[1,-12],[-58,0],[-3,-41],[0,-22],[-89,-2],[-53,6],[1,48],[10,124],[-73,0],[0,-10],[-76,-1],[-46,-1],[2,-256],[-60,-1],[0,85],[-43,-1],[-12,61],[-6,-1],[2,-227],[-8,0],[0,-12],[-6,-2],[-6,-22],[-14,14],[5,27],[2,34],[-8,39],[-6,8],[-7,-1],[-9,-15],[-2,12],[12,12],[-14,9],[-22,1],[-1,57],[-22,0],[0,-21],[6,0],[-5,-20],[0,-44],[-12,0],[0,-42],[-13,23],[-3,17],[-13,0],[0,-90],[-11,0],[-49,5],[0,42],[15,0],[-9,23],[-2,-7],[-10,0],[0,27],[-54,-1],[0,-154],[-10,27],[-5,21],[-15,27],[0,-6]],[[282813,652658],[-60,-1],[0,168],[60,3],[-1,169],[-44,-1],[-1,85],[-15,29],[-14,1],[-1,-95],[-31,-5],[-14,12],[0,135],[-1,0],[-1,168],[-23,-1],[0,27],[14,1],[9,-4],[0,62],[-29,-1],[-2,-42],[-5,-4],[-2,-27],[-14,-2],[-9,-11],[0,86],[-90,-4]],[[282539,653406],[-5,5],[-1,39],[6,10],[0,29],[-31,1],[0,84],[31,2],[-1,31],[10,0],[0,13],[15,1],[-4,9],[3,37],[6,3],[4,-8],[11,0],[42,2],[2,0],[-1,169],[16,-26],[24,-32],[22,-22],[1,-67],[7,0],[0,21],[7,0],[0,43],[15,0],[0,63],[-8,-1],[0,22],[-7,1],[0,105],[-4,0],[0,21],[11,0],[0,41],[4,18],[7,18],[17,50],[8,-1],[3,17],[6,8],[6,-6],[5,7],[-3,30],[4,21],[6,-4],[4,15]],[[283739,649182],[-8,8],[-21,-1],[1,-63],[-30,-2],[-1,21],[-16,-1],[0,21],[-10,-1],[-4,14],[1,-77],[-5,0],[-18,13],[2,35],[-12,19],[-8,-3],[-5,13],[-2,43],[-3,17],[-49,-93]],[[284016,648781],[5,59],[2,84],[3,26]],[[284349,648702],[2,0],[-3,-15],[-10,-126],[-15,17],[-15,16],[0,-51],[-48,-1],[2,-4],[-2,-56],[3,-14],[-12,-63],[-10,-44],[-13,-2],[-22,-3]],[[284206,648356],[3,14],[8,-2],[4,10],[0,9],[-8,45],[-6,-13],[-9,19],[1,-19],[-10,17],[-7,1],[-7,-19],[-1,117],[-27,-2],[2,26],[-3,15],[-10,0],[-7,30],[-6,-19],[-16,-3],[-4,6],[0,20],[-2,15],[-6,-2],[-5,10],[0,-27],[-7,-5],[-7,7],[-6,-13],[-1,-20],[-3,19],[-5,12],[0,24],[-11,22],[-5,-4],[-1,11],[-11,4],[2,12],[-10,18],[-10,5],[-2,10],[-10,7],[9,41],[4,27]],[[280348,620894],[8,2],[6,-13],[22,12],[11,21],[0,17],[1,-8],[7,3],[2,-35],[5,-13],[9,9],[13,0],[2,7],[17,-14],[3,-10],[3,-32],[3,10],[0,17],[5,14],[14,5],[5,-5],[14,20],[0,71],[14,0],[-1,85],[-3,51],[1,43],[7,29],[1,23],[-7,22],[-3,46],[-9,19],[-16,-6],[-6,34],[-12,49],[-1,13],[-7,7],[-4,-3],[-8,10],[-15,-1],[0,24],[68,82],[68,47],[30,28],[13,1]],[[284448,663256],[1,-34],[0,-61],[0,-36],[-15,-29],[0,-29],[-16,-62],[-14,-43],[-5,-7],[-11,0],[0,-54],[-16,-13],[-5,-19],[61,0],[6,6],[0,-92],[15,0],[0,-170],[-12,0],[-4,-24],[-17,-74],[-7,-43],[-4,-50],[-1,-47],[0,-25],[5,-93],[1,-52]],[[284410,662205],[-1,-31],[-4,-39],[-8,-46],[-20,-82],[-8,-54],[-2,-31],[-1,-39],[-14,0],[0,49],[1,6],[0,45],[-14,23],[-61,1],[-3,2],[-5,17],[-5,6],[-5,17]],[[280674,622248],[0,131],[-11,-16],[5,12],[-4,42],[-18,0],[-1,83],[-28,1],[-1,87],[33,1],[0,107],[4,56],[-31,2],[0,40],[-7,0],[0,42],[14,0],[-1,27],[7,17],[5,21],[2,22],[-11,26],[-4,22],[1,35],[-8,15],[-2,20],[-3,48],[3,17],[-2,42],[-3,16],[0,34],[-6,16],[-2,41],[-37,0]],[[282952,619511],[-17,-91],[-2,-10],[-22,-82],[-3,-36],[-3,-6],[-8,-94],[-7,-94],[1,-83],[3,-35],[4,-14],[29,-126],[19,-126],[1,-44],[2,-77],[-1,-36],[-4,-117],[-1,-234]],[[281472,662623],[0,-10],[-10,0],[-10,-33],[25,1],[-10,-29],[-9,-1],[-6,-12],[-3,-46],[9,-22],[-1,-24],[-14,0],[0,-38],[1,-324],[14,-16],[2,-10],[0,-69],[-34,-3],[2,-51],[2,-13],[0,-28],[2,-13],[-2,-22],[30,0],[2,-127],[-33,1],[0,-81],[5,0],[0,-88],[-63,0],[0,-15],[15,-6],[1,-119],[-15,0],[0,-35]],[[281372,661390],[-38,-1],[0,31],[-8,-1],[0,10],[-15,-3],[0,42],[-31,-5]],[[281628,626476],[-4,18],[4,18],[4,-7],[4,5],[7,22],[0,20],[-2,12],[-9,-6],[-5,15],[5,41],[8,30],[-4,14],[-4,-5],[-5,10],[-1,15],[2,23],[-2,27],[4,11],[7,-4],[8,4],[3,25]],[[283235,646934],[-2,-36],[-7,-16],[-17,-3],[-3,5],[-1,-254],[29,-51],[1,-155],[11,-1]],[[280622,665216],[1,-26],[3,2],[2,17],[7,1],[8,10],[10,-7],[8,-52],[4,-36],[10,-32],[-1,22],[22,0],[25,38],[5,61],[3,24],[7,18],[-3,-20],[12,1],[9,-14],[2,-18],[10,-8],[3,-11],[9,32]],[[280778,665218],[10,4],[2,-3],[13,-29],[15,6],[8,15],[3,-6],[1,-28],[3,-14],[6,6],[3,27],[4,9],[6,-6],[8,30],[4,9],[10,-15],[5,10],[-9,11],[-4,11],[1,18],[8,16],[9,-28],[14,-1],[9,-17],[7,10],[12,-2],[13,21],[0,-24],[5,-20],[6,-17],[8,3],[2,-11],[0,13],[4,-14],[10,8],[4,-13],[4,11],[5,-4],[2,-23],[7,-14],[6,-31],[-4,-20],[2,-10],[13,-7],[3,-11],[7,8],[4,-5],[1,-26],[11,-7],[10,4],[8,-40],[7,-7],[10,16],[3,-8],[1,-27],[4,2],[2,13],[6,0],[1,-25],[13,23],[-1,17],[3,5],[12,-19],[0,-26],[3,-5],[4,15],[5,-4],[7,11],[11,-1],[6,-12],[4,2]],[[280638,663415],[-1,87],[-13,1],[-1,90],[-30,-1],[0,83],[14,0],[0,22],[-15,1],[0,21],[-8,1],[0,42],[-83,-2],[0,-30],[-10,6],[-13,1],[-5,19],[-3,-8],[6,-30],[-5,-1],[0,-80],[-23,1]],[[280448,663638],[0,14],[2,79],[4,74],[5,144],[1,39],[3,40],[6,89],[8,163],[2,39],[9,70],[7,54],[4,52],[6,110],[2,22],[-1,14],[-3,125],[-2,47],[-2,50],[0,22],[-2,157],[-2,41],[1,45],[2,26]],[[284041,645289],[12,-20],[7,22],[5,-2],[14,-21],[10,-23],[0,9],[9,22],[1,38],[7,21],[4,28]],[[284110,645363],[10,38],[12,5],[4,-11],[0,2],[18,-44],[10,32],[0,19],[30,1],[1,-144],[-2,-8],[8,-20],[2,3],[20,2],[0,-5],[-1,-9],[0,-18],[-3,-11],[-3,-6],[41,-119],[3,1],[55,3],[-1,176],[79,2],[1,-110],[40,7],[0,-65],[38,0],[22,2]],[[284920,643567],[-1,-209],[0,-72],[1,-214],[0,-57],[0,-165],[0,0],[0,-111],[0,0]],[[284920,642739],[-30,-2],[0,84],[-27,-2],[-3,17],[0,68],[-17,-3],[-8,10],[-15,-12],[-16,-3],[-61,3],[-63,-10],[0,-170],[-29,-1],[0,169],[-29,-1],[-1,168],[-1,1],[0,169],[-60,-3],[-59,-5],[0,170],[-58,-3],[-1,-170],[-121,-6],[1,-168],[-57,-5],[0,-174]],[[284090,645239],[-25,47],[-4,3],[-8,-23],[-12,23]],[[284916,648335],[-12,-1],[-1,-10],[-13,-74],[1,-71],[-104,-7],[-110,-7],[-1,16],[-1,3],[-8,6],[0,-25],[-4,0],[-14,-1],[-1,15],[-24,104],[-8,4],[-8,16],[0,-77],[1,-63],[0,-3],[-14,-2],[-15,18],[2,20],[5,5],[5,24],[-28,-2],[1,-68],[-65,-6]],[[284500,648149],[0,0],[-8,22]],[[284492,648171],[-2,32],[-10,2],[-2,11],[4,13],[0,33],[7,22],[-1,19],[36,5],[-6,32],[11,-19],[3,17],[-1,68],[-4,12],[20,2],[0,57],[15,1],[1,20],[43,4],[0,-76],[57,201],[21,41],[11,10],[28,50],[-1,101],[38,3]],[[284110,645363],[6,46],[1,34],[-16,47],[-4,-16],[-8,-6],[-14,3],[-1,96],[4,5],[4,21],[7,0],[0,63],[29,1],[0,57],[4,11],[11,0],[-1,17],[-1,194],[27,39],[3,-8],[-3,-15],[3,-20],[4,1],[5,19],[7,-1],[1,-17],[6,-15],[12,-8],[0,-10],[10,-1],[15,-17],[4,11],[4,-28],[6,-3],[2,-61],[11,-55],[4,-22],[16,-26],[32,-97],[3,-18],[9,1],[0,1]],[[282760,624404],[1,172],[51,2],[12,37],[46,-17],[3,-4]],[[282939,624404],[-2,-684],[-3,-1],[-1,-173],[-1,-103],[0,-66]],[[282932,623377],[-1,-102],[-11,-3],[-12,-9],[-1,-23],[3,-53],[-11,-12],[6,-30],[-17,-14],[-2,-33],[-8,-17],[1,-18],[7,-23],[0,-93],[-16,-3],[-1,-122],[-26,0],[-2,-50],[0,-79],[0,-80],[14,-3],[0,-170],[5,-1],[-5,-18],[2,-26],[12,-9],[1,-412],[1,-7],[0,-10]],[[276911,628340],[19,0],[0,5],[28,1],[0,23],[1,55],[2,-1],[4,-24],[6,-7],[7,-32],[4,5],[7,-6],[0,6],[4,-8],[4,-15],[1,0],[17,-1]],[[277015,628341],[3,1],[0,112],[13,37],[9,7],[81,-2],[2,-19],[3,-6],[-5,-55],[-5,-30],[-7,-4],[-5,-16],[19,2],[9,-3],[-1,-7],[3,-3],[18,-3],[8,9],[-1,18],[-8,1],[-5,12],[-15,9],[0,23],[29,1],[1,0],[0,22],[19,-9],[3,15],[0,-8],[4,-20],[3,0],[3,13],[11,0],[0,16],[15,13],[15,0],[0,42],[14,0],[0,64],[-54,0],[0,21],[10,0],[1,151],[72,-128],[0,27],[16,2],[3,-13],[-1,16],[7,11],[4,-28],[0,76]],[[277328,627748],[-14,-8],[-7,-15],[-11,-43],[-14,-39],[-2,-23],[2,-34],[0,-36],[-4,-24],[-7,14],[-24,-11],[-11,22],[-11,13],[-2,-9],[-4,27],[-30,0],[-58,-3],[0,77],[18,14],[15,32],[-36,8],[-26,1],[-13,3],[-1,0],[-4,0],[-11,1],[-57,0],[-26,1],[-1,30],[0,3],[0,139],[-14,0],[0,-17],[-6,0],[1,17],[-1,25],[-8,-51],[-18,-1],[0,28],[-6,-18],[-4,0],[0,38],[-2,0],[0,4],[-14,-4],[-15,5],[0,6],[-5,0],[-1,42],[-1,32],[1,10]],[[283446,638770],[1,-57],[-4,-28],[-14,1],[-5,-8],[-9,-47],[-14,-43],[-12,-21],[-6,-17],[1,-117],[64,-1],[1,-118],[-15,-12],[-1,-19],[-9,-20],[-4,0],[1,-79]],[[283421,638184],[0,-23],[-33,21],[-8,-3],[-7,-33],[-2,-52],[-8,0],[0,43],[-15,-1],[0,-28],[-9,0],[0,-11],[12,-30],[1,-23],[-5,-13],[12,-34],[6,-38],[2,-35],[-29,1],[1,-79],[-19,-3],[-6,-84],[-33,0],[0,-1]],[[283281,637758],[-58,1],[1,85],[-30,-2],[1,43],[-8,-1],[1,42],[-25,0],[-2,0],[2,8],[-2,48],[0,29],[-7,0],[-52,0],[0,85],[-58,0],[0,169],[58,0],[0,509]],[[283929,634405],[37,1],[0,-177],[38,-49],[9,-27],[6,-2],[-1,50],[16,36],[53,3]],[[284087,634240],[25,-133],[29,-166],[1,-37],[-6,10],[-16,-1],[-3,-35],[5,-23],[0,-24],[-3,-12],[-1,-47],[1,-25],[-2,-13],[25,1],[0,-98]],[[283974,633392],[0,28],[5,25],[9,25],[11,55],[1,16],[-15,83],[-1,18],[4,13],[0,20],[-7,27],[1,29],[-4,0],[-3,24],[0,42],[5,40],[0,20],[22,-5],[8,-9],[15,23],[1,33],[13,1],[8,43],[-1,64],[-6,43],[2,18],[-9,-1],[-44,1],[-4,-46],[-6,-2],[-8,-14],[-2,-19],[5,-27],[1,-23],[-9,-1],[0,-39],[-50,0],[0,156],[-15,3],[-13,10],[-16,1],[-9,86]],[[283863,634153],[7,-1],[8,49],[-10,52],[0,15],[-6,50],[9,51],[-1,39],[44,-4],[5,0],[10,1]],[[284955,662268],[-6,-42],[0,-15],[2,-16],[-1,-76],[-4,-25],[1,-38],[-2,-1],[-9,0],[-15,1],[0,-119],[2,-7],[-15,-1],[-71,-1],[-32,0]],[[284805,661928],[-5,0],[0,42],[-7,2],[-1,85],[-17,-1],[0,42],[-122,0],[-1,169],[-92,0],[1,-123],[-10,-23],[-21,24],[-6,12],[-8,42],[-11,28],[-5,-17],[-12,-13],[-2,-15],[-13,-11],[-16,-3],[1,-22],[5,-30],[-5,-22],[-7,-8],[-7,0],[-9,-35],[-7,0],[-1,126],[-13,2],[-4,26]],[[276857,629289],[6,8],[11,-2],[5,-20],[35,49],[1,76],[14,0],[-1,21],[24,0],[0,-39],[5,-3],[0,233],[28,1],[9,-55],[7,-25],[-5,55],[0,21],[20,4],[47,4],[2,13],[-9,69],[9,28],[8,13],[12,35],[11,10],[33,0],[2,0],[58,-1],[12,-1],[37,-1],[0,-81],[-2,-31],[0,-57],[13,-1],[0,-103],[7,9],[11,22],[1,-9],[10,-24],[0,-24],[0,-85],[54,0],[6,-7]],[[277350,629382],[0,-2]],[[277015,628341],[-7,21],[-1,65],[0,254],[-19,2],[0,15],[-27,-82],[-2,27],[-8,-25],[-8,5],[-33,-3],[-16,0],[-8,5],[-7,11],[-7,23],[0,-59],[-5,0],[-8,87],[-14,38],[0,35],[-1,-35],[-13,10],[-3,-26],[-7,-17]],[[276821,628692],[-1,22],[-11,46],[-7,30],[-2,32],[1,67],[8,43],[6,67],[2,23],[-2,57],[-6,43],[-1,26],[-1,17],[6,89],[4,24],[12,19],[9,-2],[10,-37],[8,-2],[3,14],[-2,19]],[[282256,663361],[0,-53],[7,1],[0,-23],[4,-11],[4,13],[12,1],[-4,-98],[-23,0],[0,-35],[-1,-8],[-34,-18],[-7,-24],[-8,-1],[22,-1],[-9,-13],[-17,-8],[-9,-17],[-14,0],[1,-30],[14,1],[1,-34],[-15,-16],[6,-14],[5,-12],[4,-8],[7,-12],[8,-2],[1,-35],[-9,-7],[-6,0],[0,-42],[-15,-3],[0,-67],[-6,-2],[-9,0],[-1,-13],[0,-21],[-14,4],[0,-70],[30,0],[0,-80],[-2,-3],[-10,0],[1,-193],[-20,-2]],[[281936,662366],[-45,-5],[0,83],[-15,1],[0,-42],[-31,2]],[[284890,633705],[-25,3],[2,14],[-5,39],[6,34],[8,15],[3,26],[-2,20],[-3,0],[-2,21],[11,26],[-12,5],[0,-46],[-10,2],[0,21],[-6,1],[0,-38],[-11,2],[-1,-19],[-12,2],[0,-31],[-8,8],[-1,16],[-8,0],[0,-112],[-17,21],[-23,1],[1,184],[-59,-2],[-1,-65],[-16,-113],[-4,-44],[-10,-50],[0,-76],[-29,1],[0,-86],[-56,5],[-4,19]],[[284596,633509],[1,59],[-12,1],[-11,-4],[-3,65],[-7,70],[-4,-1],[-1,-1],[-2,-5],[-2,-3],[-3,-2],[-3,-5],[-2,-1],[-1,1],[-5,-3],[-7,-19],[2,-13],[-7,-29],[-5,-30],[-5,-19],[0,35],[-4,16],[0,32],[-3,35],[2,23],[-1,27],[-52,0],[0,61],[-17,0],[0,24],[-10,0],[0,171],[-23,0],[-5,-12],[-5,4],[-7,-20],[-18,-1],[0,28],[-21,0],[10,18],[3,39],[8,10],[0,102],[20,0],[-2,20],[-4,1],[-5,17],[-1,19],[5,9],[-1,17],[12,28],[11,13],[9,21],[3,27],[-2,18],[-12,47],[-1,17]],[[282618,661440],[7,9],[0,31],[5,0],[14,-1]],[[281372,661390],[7,-21],[8,0],[0,-22],[15,-2],[17,0],[0,-36],[47,0],[0,37],[27,-1],[0,27],[-6,18],[8,0],[0,21],[5,0],[0,21],[13,0],[1,-10],[9,-11],[0,-21],[11,-1],[4,8],[0,77],[22,-1],[0,-43],[22,-3],[0,-38],[17,-14],[17,1],[0,-68],[15,0],[6,-1],[4,0],[50,0],[0,84],[60,0],[57,-6],[1,-25],[-4,-30],[3,-10],[0,-39]],[[281808,661281],[-2,-14],[-6,-2],[-7,-11],[-4,13],[-4,-23],[-4,10],[-11,-15],[-2,-14],[-6,5],[-6,-5],[1,-11],[-6,0],[-3,-10],[-7,9],[-1,-7],[12,-18],[15,-27],[20,-20],[-10,-4],[-16,1],[0,18],[-3,16],[-12,19],[-5,4],[-6,-20],[-8,-5],[-2,-15],[-4,-11],[3,-9],[5,-39],[22,0],[0,-85],[15,0],[0,-22],[22,0],[4,-22],[4,1],[0,-23],[-15,0],[0,-138],[0,-9],[-4,4],[0,-8],[-5,0],[0,-19],[-6,0],[1,-53],[6,-6],[8,-11],[0,-88],[-25,1],[-4,-1],[0,-74],[-34,1],[-6,-1],[1,-46],[68,0],[0,-108],[-30,-28],[7,-1],[0,-11],[9,0],[0,10],[9,0],[0,10],[13,0],[0,-65],[13,1],[1,-34],[9,3],[0,-18],[-29,0],[0,-59],[-15,0],[0,-25],[-8,0],[1,-41],[-8,-1],[0,-15],[-3,0],[-1,-32],[-1,-14]],[[281748,660069],[-74,5],[-11,-5],[1,-41],[0,-40],[-15,1],[0,-17],[-15,-7],[0,-18],[-13,32],[0,-40],[-36,0],[0,-78],[0,-170],[-30,0],[0,-89]],[[281214,659685],[-3,22],[-7,6],[-5,-4],[-1,101],[24,0],[0,23],[6,0],[-1,87],[24,29],[0,55],[-2,4],[-6,6],[-4,10],[-6,-3],[0,11],[5,0],[-2,25],[9,45],[4,11],[-19,5],[-3,-2],[0,65],[-2,4],[-2,2],[1,5],[3,7],[-1,75],[-30,0],[0,164],[7,0],[0,17],[23,-1],[-1,79],[0,88],[0,80],[69,3],[10,-1],[7,2],[29,2],[0,139],[-29,0],[1,29],[-41,0],[0,81],[-20,0]],[[283731,634323],[84,1],[5,-32],[18,-61],[12,-62],[7,-15],[6,-1]],[[283944,632917],[-1,-7],[-14,143],[-11,0],[0,-167],[-7,-2],[-51,2],[-41,1],[-1,0],[-9,1],[6,85],[-7,-1],[4,70],[-2,9],[-5,-24],[-3,-1],[-23,-57],[-36,-1],[0,-86],[-59,1]],[[283525,633735],[0,150],[1,11],[31,1],[0,170],[126,0],[0,85],[55,1],[-1,44],[2,38],[-8,88]],[[282728,664213],[1,-111],[2,-63],[-2,-30],[2,-107],[-2,-139],[0,-80],[-10,-15],[2,-46],[16,-76],[0,-7],[6,-6],[1,-13],[0,-69],[39,-2],[0,-43],[23,-1],[0,-43],[15,0],[0,42],[15,-1],[0,-126],[19,-2],[-1,-67],[-14,-11],[-1,-12],[3,-23],[9,23],[1,-16],[-5,-21],[2,-11],[-6,8],[-3,-8],[-8,-41],[-8,-1],[4,-12],[-5,-4],[6,-8],[2,12],[12,-35],[4,15],[4,-3],[0,-18],[5,36],[5,5],[-1,-61],[-12,-45],[-2,-33],[6,-12],[-14,-40]],[[282838,662892],[-1,-15],[0,-110],[2,0],[-4,-20],[-29,2],[-1,-113],[6,-36]],[[282811,662600],[-36,1],[-97,5],[-13,0],[-9,0],[0,-77],[0,-175],[-15,0],[0,-22]],[[282641,662332],[-45,1],[-1,42],[-15,0],[0,43],[-15,0],[-2,-15],[-5,0],[0,-39],[-8,1],[0,11],[-15,0],[0,-42],[-25,0],[14,-130],[-11,0]],[[283154,658522],[38,0],[144,0],[15,1],[15,0],[30,0]],[[283396,658523],[0,-94],[-3,-15],[0,-9],[1,-7],[-5,-15],[-16,-12],[-6,-22],[-15,-21],[0,-25],[7,-85]],[[283883,646390],[14,1],[16,0],[1,0],[2,1],[1,1],[0,10],[11,0],[0,-3],[3,0],[0,-8],[11,0],[0,22],[6,0],[-2,-3],[0,-12],[4,1],[0,-7],[7,1],[3,1],[18,2],[11,1],[0,0],[7,1],[0,0],[0,13],[7,0],[0,-12],[6,0],[29,3],[2,0],[4,22],[4,11],[3,-6],[5,-12],[4,-15],[8,0],[15,2],[-1,136],[6,-1],[10,18],[14,15],[1,-166],[29,3],[33,62],[-3,11],[-3,7],[-4,9]],[[284165,646499],[20,-26],[30,-42],[11,-14],[79,-112],[36,-50],[29,3],[-1,169],[29,4],[1,-37],[3,-5],[12,1],[0,-42],[21,2],[3,19],[13,15],[6,27],[12,-13],[18,-5],[8,10],[9,21],[6,-9],[8,-1]],[[284041,645289],[-1,23],[6,27],[-1,36],[-6,26],[-12,35],[-3,19],[3,40],[6,32],[1,16],[-8,-2],[-3,9],[-3,27],[-2,35],[0,38],[1,14],[8,36],[-1,24],[-19,24],[5,29],[1,0],[0,32],[21,5],[5,2],[-26,1],[-1,17],[-15,11],[3,42],[-2,14],[-9,14],[-8,0],[-20,-31],[0,46],[-17,-11],[-4,25],[-5,60],[-3,9],[-7,-16],[-5,4],[-1,22],[-15,28],[-17,30],[-2,26],[4,56],[1,16],[-4,35],[-1,5]],[[284427,631168],[104,-2],[117,0],[0,-125],[12,-44],[49,3],[16,37],[10,30],[0,100],[148,-1]],[[284883,631166],[0,-1],[-1,-483]],[[284881,629978],[-24,3],[-2,0],[-1,-23],[3,-16],[3,-38],[-5,-11],[-4,6],[-4,-19],[0,-18],[-4,-8],[3,-8],[-6,-31],[0,-21],[4,-15],[4,-29],[-3,-9],[-3,-39],[3,-54],[6,-8],[-53,3],[-6,-19],[-5,-24],[-1,-48],[-2,-10],[38,-86],[0,-11],[-12,26],[-25,1],[-4,-10],[-3,-32],[-4,-12],[-2,-23],[-8,0],[-1,-188],[-5,9],[-2,19],[-13,-1],[-6,6],[-2,25],[-2,-4],[0,-127],[-87,5],[-3,-340]],[[284284,628805],[0,33],[-4,23],[3,-1],[5,31],[7,64],[-5,5],[9,26],[1,20],[-3,24],[-6,21],[1,63],[-1,6],[5,21],[-2,31],[-8,34],[-1,17],[-11,20],[-11,4],[-3,22],[-5,-1],[-2,12],[-5,-16],[4,20],[11,-2],[11,-18],[7,3],[3,21],[-3,9],[-4,44],[-7,33],[-2,24],[-8,17],[-11,16],[-6,-2],[-9,16],[-6,4],[-1,27],[-12,24],[-20,0],[0,170],[8,-1],[0,-14],[7,-15],[14,0],[1,81],[-30,39],[0,86],[3,252]],[[281909,658877],[-1,128],[0,169],[15,0],[-1,148],[11,-1],[0,17],[4,0],[0,13],[8,1],[-1,76],[35,2],[0,21],[8,1],[0,20],[8,1],[0,28],[6,-1],[4,23]],[[282005,659523],[-2,15],[3,9],[-4,14],[0,22],[4,-12],[7,-4],[-1,13],[-9,30],[-7,0],[0,43],[3,0],[0,23],[12,6],[0,97],[6,0],[0,21],[9,0],[0,21],[8,0]],[[282297,659905],[0,-41],[5,0],[6,-340],[13,1],[7,8],[3,8],[-2,32],[3,16],[12,-17],[4,-46],[10,-2],[11,1],[2,0],[30,0],[3,0],[61,0]],[[282488,659525],[-6,-42],[1,-8],[2,-9],[-5,-22],[0,-52],[-29,0],[0,-115],[15,0],[0,-51],[0,-79],[11,-1],[0,-31],[5,-1],[0,-9],[1,-166],[-30,0],[0,-87],[-31,0],[1,-88],[0,-86],[0,-122],[1,-7],[8,-41]],[[282432,658508],[-126,1],[-18,-1],[-24,-1]],[[283438,635249],[19,0],[-2,47],[-5,27],[-12,44],[-6,10],[4,0],[0,29],[9,-16],[0,-13],[6,0],[0,-43],[59,1],[0,32],[15,0],[-1,54],[24,0],[3,58],[7,19],[6,6],[6,17],[-11,70],[49,0],[6,20],[10,12]],[[283624,635623],[0,-31],[16,1],[1,-170],[37,1]],[[283678,635424],[0,-170],[82,1],[5,-43],[-2,-35],[1,-28],[3,-6],[0,-31],[7,-28],[22,0],[0,-170],[-36,0],[0,-28],[11,-3],[6,-7],[15,-8],[4,26],[1,-139],[56,-3],[31,-4],[1,-169],[29,-4],[28,0],[-13,-170]],[[283731,634323],[0,44],[7,17],[1,26],[-56,-2],[-1,10],[0,139],[-37,-59],[-1,79],[-58,0],[0,328],[-1,13],[0,83],[-25,32],[-6,8],[-43,59],[0,-20],[-59,-1],[0,85],[-22,1],[8,71],[0,13]],[[283786,645557],[-2,339],[0,35],[-1,116],[0,18],[-1,65],[16,0],[-1,23],[-7,-9],[-5,8],[0,89],[-2,3],[0,14],[2,7],[-1,24],[2,38],[2,24],[4,-6],[-3,9],[2,31],[1,35],[-4,81],[6,8],[1,5]],[[276457,626749],[5,1],[5,9],[1,12],[-2,39],[0,30],[8,27],[3,20],[1,35],[-2,21],[-9,41],[-1,11],[-3,69],[4,30],[12,44],[10,14],[6,2],[23,3],[22,9],[22,20],[19,36],[13,35],[-5,26],[-14,27],[-5,35],[2,30],[9,37],[4,8],[8,0],[12,-16],[15,5],[7,11],[22,38],[0,-10],[6,15],[3,23],[-3,41],[1,22],[4,20],[6,19],[11,19],[23,14],[22,20],[9,9],[15,3],[7,12],[14,33],[4,30],[1,21],[-4,15],[3,14],[-6,16],[-10,33],[13,27],[22,64]],[[277361,626306],[-58,1],[0,-9],[-4,9],[-40,0]],[[276929,625947],[-7,-12],[-9,0],[-4,-38],[-8,10],[-1,-24],[0,-127],[-52,0],[6,30],[-1,34],[-3,11],[0,52],[-7,0],[-165,1],[0,170],[-20,-1],[-2,-28],[-7,-8],[4,-9],[-4,-14],[-11,20],[-6,20],[0,19],[-34,0],[-6,-15],[-9,-34],[-11,-27],[-10,-14],[-12,-16],[-14,6],[-8,18],[-10,8],[-12,-6],[-15,31],[-13,-119],[-3,0],[0,144],[-7,2],[-8,-19],[-6,-5],[-14,4],[-2,-101],[-1,-86],[-3,-40],[-5,-31],[-9,-38],[-62,0],[-5,-2],[-6,1]],[[276347,625714],[-114,2]],[[277160,627227],[14,0],[5,-12],[1,-2],[1,0],[2,0],[4,-1],[0,30],[0,10],[-8,0],[0,-5],[-6,0],[0,5],[-10,-1],[-3,8],[0,-32]],[[283792,648095],[32,1],[0,12],[20,-2],[0,-8],[5,0],[16,1],[8,1],[2,0],[0,39],[11,1],[1,-19],[11,2],[1,-22],[37,4],[18,0],[32,3],[15,2],[14,1],[22,3],[0,30],[23,4],[-2,-21],[9,1],[1,-11],[4,2],[17,24],[11,35],[0,-59],[11,3],[0,-15],[2,-5],[4,11],[2,4],[1,4],[2,-1],[2,4],[2,-3],[7,2]],[[283946,647360],[0,0],[-30,33],[-7,6],[6,33],[0,19],[-5,2],[-3,-14],[-7,-6],[-4,-15],[-9,-1],[0,-14],[-2,0],[-1,24],[-10,0],[-9,-28],[-8,0],[-13,-2]],[[283844,647397],[1,4],[-3,19],[3,39],[-11,16],[-4,-7],[-1,13],[-14,-14],[-7,28],[-7,9],[-9,23]],[[283789,648788],[6,2],[-1,54],[2,3],[12,-22],[9,-5],[14,16],[1,-64],[-15,-1],[-19,-2],[-9,-9],[0,28]],[[283776,648542],[2,12],[8,44],[32,3],[0,43],[15,1],[0,43],[23,2],[6,-17],[0,6],[5,0],[0,-22],[10,2],[3,21],[12,1],[-1,51],[-15,1],[0,19],[9,0],[6,6],[0,19],[-1,42],[30,2],[-1,48],[-2,13],[12,26],[11,-30],[1,-18],[8,-10],[6,-28],[7,5],[0,-17],[3,-10],[7,0],[3,-13],[6,-1],[7,-23],[6,-1],[13,18],[9,1]],[[284206,648356],[-2,-6],[5,-42],[-1,-36],[-3,-7],[-7,-4]],[[276786,628342],[-12,28],[-7,26],[-5,38],[0,17],[1,17],[5,10],[28,28],[2,5],[13,26],[6,19],[3,19],[4,26],[2,32],[0,11],[-5,48]],[[282838,662892],[38,-1],[-2,20],[7,0],[9,-25],[0,10],[8,0],[0,-103],[23,37],[7,21],[0,48],[0,10],[0,24],[0,8],[30,-7],[30,1],[0,-32],[62,-6],[0,31],[0,169],[29,-3],[36,0],[11,-27],[3,-9],[5,-5],[6,-18],[7,6],[9,17],[0,-135],[15,1],[0,-50],[0,-35],[6,0],[23,0],[20,12],[13,2],[13,-14],[15,-1],[1,-50],[4,17],[14,0],[1,-51],[55,1]],[[283350,662586],[-93,-1],[-18,0],[2,-30],[-6,1],[-6,7],[-13,-2],[-20,5],[1,-100],[7,0],[0,-33],[9,0],[-2,-10],[-29,0],[1,-171],[-47,0],[-9,1],[-16,0],[0,-47],[-6,1]],[[283105,662207],[2,17],[-3,27],[-28,-12],[-58,70],[0,212],[-7,21],[-1,49],[-22,0],[-92,6],[-85,3]],[[283749,646893],[1,-1],[0,1],[8,-7],[6,7],[16,-15],[13,-17],[10,-1],[-3,27],[4,37],[4,6],[3,-6],[-2,-27],[5,-10],[2,5],[3,20],[8,26],[3,11],[4,11],[2,10],[3,17],[3,4],[3,-5],[2,-7],[2,-2],[2,-1],[4,3],[2,3],[3,7],[4,13]],[[283864,647002],[2,5],[2,21],[6,10],[7,-3],[3,-34],[8,0],[5,-5],[0,-4],[0,-2],[0,-9],[4,-12],[14,19]],[[283915,646988],[0,-9],[0,-13],[-4,0],[1,-67],[-5,0],[0,-44],[-1,0],[-6,0],[-17,-1],[0,-35],[-5,0],[0,-3],[5,-8],[-2,-36],[-2,0]],[[283807,646732],[-12,-27],[-29,-65],[-16,-37],[-22,-49],[-9,-21]],[[283719,646533],[-1,21],[0,169],[0,65],[-1,18],[-5,-9],[0,-18],[-24,1],[14,16],[13,54],[3,4],[0,22],[6,13],[3,3],[2,1],[20,0]],[[283506,632765],[0,47],[6,7],[3,57]],[[284054,632424],[-3,-17],[8,-24],[3,-61],[-2,-22],[-8,-18],[-4,-21],[6,-13]],[[284054,632248],[-3,-49],[-1,-6],[-21,-3],[0,-145],[-58,2],[0,-175],[-60,0],[-67,4],[-4,-4],[-2,-3],[-2,0],[5,9],[-11,1],[1,29],[-6,1],[0,-18],[-9,-1],[0,-9],[-14,1],[-25,7],[-10,-4],[-29,2],[-59,2],[-58,-2]],[[283621,631887],[-158,-5]],[[283463,631882],[0,255],[-15,-2],[-1,229],[9,0],[8,12],[9,-4],[19,1],[0,16],[18,3],[-1,29],[-4,23],[1,10],[11,21],[0,37],[-7,12],[2,38],[35,7],[9,-2],[-6,16],[-2,24],[-11,27],[60,12],[0,50],[-7,0],[-2,19],[-7,21],[-28,0],[-4,5],[-43,-11]],[[283643,632120],[7,-22],[11,1],[0,16],[19,6],[0,16],[16,1],[0,27],[-16,-1],[0,63],[-8,1],[0,-26],[-1,-1],[-12,-2],[-4,21],[-2,7],[-3,0],[0,-40],[0,-13],[-5,0],[0,-42],[-2,-12]],[[281748,660069],[2,-2],[1,-37],[3,0],[3,-16],[12,0],[0,-69],[37,-2],[30,86],[-20,-66],[-2,-9],[1,-96],[1,-10],[7,-11],[2,-2],[6,-11],[3,-5],[2,-2],[2,-9],[0,-27],[8,0],[0,-12],[19,1],[-5,-24],[-1,-16],[6,5],[11,-16],[0,-29],[16,1],[-1,-43],[13,-1],[6,-21],[0,-11],[16,-3],[9,14],[1,-103],[52,4],[17,-4]],[[282834,635764],[15,68],[3,17],[2,78],[-6,0],[2,29],[7,4],[4,15],[0,121],[33,1],[3,32],[-5,20],[0,37],[9,-4],[10,8],[11,-2],[11,34],[1,45],[0,85],[0,84]],[[282934,636436],[0,30],[28,0],[0,-11],[46,30],[6,5],[18,11],[24,16]],[[283178,636620],[2,-7],[1,-19],[4,-13],[6,-4],[12,5],[3,-41],[9,-13],[2,-6],[1,-1],[2,-14],[11,-24],[10,-24],[5,-21],[2,0],[16,-1],[0,151],[20,-1],[58,-3],[29,-2],[-1,21],[-5,8],[35,-2],[-1,172],[15,-1]],[[283414,636780],[24,0],[1,-88],[-14,9],[-10,-7],[-1,-86],[-4,-20],[0,-20],[2,-44],[0,-24],[5,-61],[3,-24],[1,-11],[-11,-8],[-9,0],[-58,-1],[0,-128],[-8,-8],[1,-127],[13,-2],[4,-5],[10,-28],[6,-13],[-6,-8],[-1,-23],[-4,-1],[1,-42],[13,1],[1,-43],[1,-121],[15,0],[-2,247],[2,1],[9,-33],[-8,-28],[3,-11],[3,-45],[-3,-41],[3,-35],[-2,-25],[2,-16],[-5,-59],[5,-44],[-2,-27],[3,-19],[-1,-15],[-9,-16],[0,-25],[2,-47],[-5,-43],[-8,2],[1,-62],[-13,-53],[-2,-29],[-3,-14],[0,-32],[-5,-1],[-1,-24],[25,-2],[0,-17],[14,0],[0,30],[15,2],[0,-110],[15,13],[12,-3],[4,-17]],[[283438,635249],[-35,0],[-2,-10],[-3,-46],[-8,5],[-13,23],[-4,-2],[-4,-12],[-11,2],[-9,23],[0,-147],[1,-7],[-15,0],[-2,147],[-10,-17],[-9,-33],[-15,-4],[-16,-18],[-3,-17],[1,-31],[-2,-11]],[[283279,635094],[-19,-10],[0,164],[-44,-1],[1,-133],[-13,22],[-15,45],[-20,4],[2,36],[0,26],[-72,0]],[[283084,635247],[-29,1],[-60,1],[1,-86],[-61,0]],[[282935,635163],[-1,87]],[[282934,635250],[1,170],[-5,0],[0,43],[-25,0],[0,42],[-40,1],[0,43],[-4,0],[0,25],[-11,0],[9,38],[-13,-8],[0,30],[15,0],[0,22],[3,0],[0,20],[12,1],[6,28],[-5,-15],[-7,-9],[-4,-3],[-23,-1],[0,70],[3,14],[10,4],[-17,-1],[-5,-6],[0,6]],[[283756,659280],[-1,17],[-26,10],[-3,26],[-5,-8],[0,59],[-25,0],[-35,-3],[3,111],[0,53],[-30,1],[0,62],[-1,-5],[-1,-8],[-3,-27],[-5,-22],[-99,-3],[5,-31],[6,-11],[11,-10],[1,-32],[-12,-12],[-23,-1],[0,-59],[-19,-8],[-25,-3],[-6,-3],[9,-20],[2,-25],[5,-17],[13,-23],[52,2],[9,23],[4,18],[10,9],[14,-19],[7,-30],[8,5],[-3,-24],[4,-9],[-5,-13],[-18,10],[-3,10],[-1,-64],[-56,-1],[0,-86]],[[283514,659119],[-30,0],[-1,164],[-63,4],[33,84],[0,42],[-11,16],[-3,43],[-5,27],[-12,2],[0,35],[-31,-1],[-1,254]],[[283604,647028],[78,-72],[0,-1],[20,-19],[47,-43]],[[283719,646533],[-15,-28],[-6,-12],[-38,-46],[-59,-74],[-77,-93],[-10,-12]],[[283514,646268],[-14,-15],[-27,-33],[-4,27],[-29,-38],[0,19],[-15,-12],[0,4],[0,52],[0,52],[0,55],[0,83],[30,0],[0,86],[-30,0],[0,65],[0,77],[0,27],[29,1],[0,169],[8,0],[0,85],[22,0],[0,23],[0,4]],[[283281,637758],[1,-169],[7,2],[37,-2],[-17,-45],[-23,-99],[-4,-16],[0,-9],[0,-42],[6,0],[0,-36],[3,-6],[0,-34],[15,-31],[26,-50],[7,-25],[0,99],[38,1],[9,9],[11,-2],[0,-29],[9,-5],[0,14],[8,0],[0,-28],[71,3],[0,-68],[-16,10],[-7,12],[-10,41],[-9,0],[-4,-13],[-6,-1],[-1,-12],[-8,-4],[-1,-12],[-7,-2],[-4,-11],[0,-20],[-12,-13],[-12,5],[-34,-89],[44,1],[0,-79],[15,-2]],[[283413,637001],[1,-221]],[[283039,636554],[-3,-20],[-5,-18],[-17,-6],[-7,3],[0,42],[4,0],[-4,23],[0,29],[0,10],[8,0],[0,22],[-4,0],[-4,-1],[0,22],[0,31],[28,1],[1,0]],[[283057,636751],[-1,6],[0,30],[7,-10],[0,49],[0,22],[5,-1],[-10,62],[3,0],[7,0],[0,6],[4,0],[0,-5],[26,0],[-4,19],[-17,88],[-21,62],[-8,0],[0,85],[-23,0],[4,41],[3,42],[8,2],[-10,28],[-6,31],[-25,0],[1,-14],[-20,125],[-17,118],[4,-1],[21,-41],[17,-9],[29,61],[15,3],[0,37],[-88,2],[0,-8],[-1,-2],[-4,1],[-2,9],[-5,33],[5,9],[3,32],[7,20],[4,16],[1,22],[-6,25],[-5,19],[-12,8],[-3,8],[-11,-1],[0,18]],[[282932,637798],[0,131],[53,-1],[0,338],[-55,1],[0,46],[-5,-6],[-7,13],[-4,16],[-4,50],[-9,8],[-3,12],[-7,4],[-8,19],[-2,18],[2,55],[-2,15],[8,21],[2,16],[0,19],[-6,10],[4,9],[-7,8],[-26,-5],[-28,-13],[-2,14],[13,4],[11,42]],[[283972,647331],[9,-11],[18,-20],[0,0],[19,-27],[9,-26],[1,0],[3,-27],[2,-58],[0,-1],[1,-55],[3,0],[0,-28],[-3,0],[0,0],[1,-135]],[[284035,646943],[-7,5],[-10,-7],[-13,4],[-9,11],[-11,31],[-11,4],[-5,0],[-18,-14],[-4,15],[-2,25],[-2,5],[-7,2],[-9,-13],[-4,-9],[-8,-14]],[[283864,647002],[-1,12],[5,31],[4,46],[-5,30],[-4,17],[-1,6],[-1,6],[-2,80],[-1,43],[0,51],[-9,-5],[-3,58],[1,5],[-3,15],[0,0]],[[283881,646729],[0,-1],[0,-4],[2,0],[0,5],[11,1],[2,0],[7,-9],[6,7],[0,2],[12,0],[1,-19],[4,0],[0,19],[13,0],[14,0],[2,0],[13,-3],[0,5],[4,3],[1,0],[0,-5],[3,0],[0,6],[17,2],[4,-4],[0,5],[38,-53],[1,-1],[8,-15],[20,-25],[2,12],[2,0],[43,4],[14,2],[15,1],[8,56],[14,36]],[[284162,646756],[7,-4],[1,-43],[12,-3],[0,-39],[4,1],[12,1],[16,1],[5,0],[4,-23],[5,1],[1,-43],[-6,-4],[-9,4],[0,-19],[-27,-3],[-1,0],[-1,0],[0,58],[-7,0],[1,-13],[2,-27],[-1,-18],[-4,-1],[-4,0],[-31,-3],[-14,-1],[-1,8],[0,-8],[0,-21],[0,1],[0,-3],[38,-54],[1,-2]],[[284313,632739],[4,1],[1,20],[6,11],[-2,-20],[-2,-17],[-1,-16],[30,2],[26,1],[19,7],[28,16],[-14,-14],[-1,-92],[-12,0],[36,-254],[-24,-1],[0,-33],[-14,-17],[0,-34],[14,0],[0,-43],[0,-7],[2,-3],[4,-6],[2,-25],[8,0],[-1,-89],[5,-8],[1,-13],[-6,-35],[5,-15],[-1,-23],[2,-22],[8,-14],[-1,-147],[-1,-17],[8,12],[13,-4],[10,-9],[8,-14],[1,-46],[-4,-6],[-4,-35],[-1,-51],[-27,1],[1,21],[-20,1],[-1,-148],[10,-3],[4,-36],[0,-33],[-4,7],[-4,1],[-2,-30],[4,2],[-2,-41],[-5,0],[-2,-29],[-7,3],[0,-33],[5,1],[-2,-27],[4,-5],[-1,-56],[6,-11],[1,11],[7,16],[4,-23],[-3,-36],[-6,-26],[3,-20],[-3,-18]],[[284074,631028],[-82,2]],[[283992,631030],[-1,0],[7,16],[-2,35],[8,17],[2,27],[-1,17],[2,21],[-3,1],[8,47],[1,30],[3,12],[-2,39],[1,45],[5,21],[7,4],[6,-10],[24,23],[12,56],[0,23],[-43,3],[1,256],[0,32],[-2,16],[3,27],[0,61],[3,25],[6,15],[6,-2],[5,25],[-3,47],[13,0],[7,7],[-10,61],[2,17],[15,0],[1,132],[9,1],[0,20],[5,1],[0,53],[-9,22],[-19,-6],[-5,-19]],[[283514,646268],[1,-51],[2,-10],[-17,-115]],[[280810,660619],[-1,-84],[57,-1],[-4,-25],[-11,1],[-10,-10],[2,-36],[2,-10],[-1,-49],[-4,-3],[4,-12],[-4,-2],[-1,13],[-5,-5],[1,-18],[6,0],[2,-19],[-8,6],[-5,-16],[40,-4],[0,-131],[0,-188],[17,0],[0,-52],[-4,-1],[-2,-10],[0,-8],[2,-8],[-1,-18],[0,-35],[-6,-68],[7,-18],[-1,-119],[-12,0],[1,-168],[18,23],[16,-24]],[[280751,658853],[0,-127],[-31,2],[0,-43],[-15,1],[0,-75],[-15,1],[0,-10],[-15,0],[0,23],[-8,0],[0,19],[-7,0],[0,-12],[-14,0],[0,29],[-13,-1],[0,28],[-3,0],[0,85],[-30,1],[-23,1]],[[280577,658775],[-7,9],[-1,5],[1,155]],[[280570,658944],[9,0],[21,11],[13,6],[-1,80],[-12,0],[0,-20],[-16,0],[0,89],[-14,0],[0,88],[30,0],[-1,169],[-30,1],[0,153],[31,0],[-1,254],[-61,0],[2,47],[44,107],[0,41],[-51,-36],[-19,-1],[0,43],[0,177],[-1,375],[0,85]],[[282656,637265],[22,-17],[17,0],[0,-27],[5,-1],[0,-20],[4,-10],[7,0],[0,-27],[29,0],[1,-42],[6,0],[0,43],[7,-6],[1,5],[0,37],[17,-22],[14,10],[8,2],[6,-8],[1,-14],[8,-15],[3,4],[3,5],[-1,88],[-59,-3],[-1,232],[-7,0],[7,7],[0,98],[49,2],[14,32],[19,31],[7,37],[8,32],[51,61],[22,0],[-5,22],[-12,41],[16,0],[9,-44]],[[282934,636436],[-30,-20],[-14,-9],[0,30],[-8,0],[-4,32],[-6,0],[3,55],[0,10],[0,89],[-30,49],[-11,6],[-8,-7],[-10,12],[0,-29],[0,-133],[-1,0],[-1,0],[-4,17],[-9,0],[0,68],[-30,-1],[0,42],[-15,0],[0,6],[0,2],[0,7],[11,12],[7,27],[12,1],[0,30],[-15,0],[0,42],[-6,0],[-1,30],[-5,0],[-2,14],[0,22],[-5,5],[-13,13],[-27,0],[0,-106],[-14,-1],[-3,85],[0,21],[3,0],[0,43],[-10,10],[-50,50],[0,118],[14,0],[-4,11],[-1,31],[-10,0],[0,31],[19,33],[10,39],[-10,-17],[0,59]],[[283421,638184],[5,3],[5,-17],[12,-22],[58,-36],[1,-57],[-8,-1],[1,-42],[59,3],[0,43],[8,0],[0,17],[5,-4],[2,30],[0,30],[29,4],[-1,-34],[2,0],[4,36],[2,6],[14,7],[8,16]],[[283627,638166],[1,-65],[12,0],[1,-87],[-2,-4],[1,-76],[1,-4],[0,-33],[0,-41],[18,-21],[2,-43]],[[283672,637436],[-42,-2],[-28,-2],[1,-253],[-29,-2],[0,-83],[-29,-2],[0,-85]],[[283545,637007],[-132,-6]],[[279777,657647],[0,11],[7,0],[9,31],[0,96],[5,16],[3,17]],[[279801,657818],[9,-20],[2,-23],[8,-12],[7,-3],[8,15],[12,7],[0,51],[3,9],[7,0],[0,-151],[30,-1],[8,1],[64,-1],[-11,42],[10,41],[4,0],[1,66],[1,24],[2,0],[0,2],[0,2],[1,0],[0,10]],[[279967,657877],[10,8],[4,16],[3,40],[6,8],[10,-9],[1,-16],[-12,-17],[1,-28],[6,-20],[-1,-40],[4,-36],[-2,-29],[4,-7],[2,2],[1,-7],[4,4],[3,2],[2,-6],[2,-20],[14,-7],[5,-14],[1,-12],[-5,-36],[4,-42],[5,-12],[-1,-15],[-12,-38],[-1,-25],[2,-24],[4,-7],[13,19],[6,14],[16,3],[6,-8],[4,-14],[-5,-23],[0,-22],[5,-14],[15,-15],[4,-27],[0,-21],[-2,-26],[-3,-14],[1,-13],[7,-9],[24,21],[9,38],[14,32],[8,6]],[[280304,656807],[0,-43],[30,-2],[0,-53],[-14,-24],[-2,-14],[9,-15],[6,-34],[1,-25],[-8,0],[1,-26],[0,-59],[5,0],[0,-40],[-22,7],[-12,0],[0,-10],[-14,1],[-1,-39],[-15,0],[-7,84],[-28,1],[0,-80],[-4,0],[-1,-80],[-76,2],[-33,-1],[-3,-23],[5,-37],[0,-30],[-5,-1]],[[280116,656266],[-2,-3],[-5,41],[-8,30],[-10,29],[-7,25],[-3,39],[-7,58],[1,33],[-1,1],[-3,61],[-12,5],[-2,19],[-24,-1],[-120,-1],[-1,130],[-14,9],[-6,-1],[-17,19],[-16,22]],[[279859,656781],[0,74],[8,0],[0,22],[11,0],[0,21],[-11,0],[-1,105],[-15,0],[0,21],[0,86],[-30,-3],[0,-22],[-20,0],[0,6],[-8,-1],[0,24],[0,77],[0,21],[0,22],[0,15],[-1,272],[-4,0],[0,21],[-11,0],[0,105]],[[283279,635094],[13,-16],[-4,-20],[8,-12],[6,-71],[-4,-77],[-7,-9],[-1,-24],[-6,0],[-1,-24],[5,-7],[-5,-40],[3,-2],[-4,-21]],[[283054,634662],[-59,2],[0,244],[-60,2],[0,253]],[[283463,631882],[-32,-2]],[[279080,633370],[-27,1],[-2,1],[-1,-84]],[[279050,633288],[-44,0],[0,85],[-44,-1],[0,255],[0,129],[-12,19],[-10,3],[-8,-1],[0,21],[-6,0],[-3,-12],[-10,7],[-8,-41],[1,-27],[-17,3],[-16,-14],[-10,-23],[0,-13],[-5,-12],[1,14],[0,118],[-88,0],[0,60],[-5,-11],[-11,-12],[6,-36],[-1,-22],[-6,-12],[-4,2],[-10,27],[-7,-39],[-15,-31],[-6,10],[-9,1],[-2,-22],[-2,5],[0,-11],[-10,-19],[-5,-36],[-9,-33],[-1,-39],[-7,-29],[-26,-5],[0,185]],[[278649,654891],[4,8],[59,114],[7,15],[75,145],[2,4],[8,16],[29,63],[44,95],[1,3],[4,12],[6,20],[17,31],[7,12],[6,13],[65,139],[4,11],[12,30],[13,42]],[[279012,655664],[2,-64],[-15,-1],[0,-28],[24,18],[-3,-28],[-28,-92],[-4,-14],[-4,-21],[-8,-45],[18,1],[47,-34],[18,-5],[75,3]],[[278878,654888],[-91,2],[-63,1],[-1,0],[-2,0],[-9,0],[-19,0],[-17,0],[-24,0],[-2,0],[-1,0]],[[277872,624731],[-6,7],[-11,-5],[-4,5],[-3,4],[-22,48],[-16,40],[-8,15],[-8,24],[-15,32],[-5,18],[-26,56],[-8,19],[-6,-8],[-22,-9],[-5,-15],[-55,103],[-10,27],[-6,37],[-13,49]],[[277623,625178],[13,0],[-1,48],[1,38],[-3,20],[-7,15],[-2,29],[-6,33],[-2,23],[-1,7],[-19,35],[-35,112],[-10,38],[-23,61],[-2,12],[-4,77],[-2,52],[42,-4],[-1,170],[-28,2],[0,254],[-74,7]],[[279603,648701],[-1,-91],[-5,-27],[-4,-8],[27,-1],[16,-29],[3,0],[0,-54],[-15,-1],[0,-127],[75,-1],[-1,-85],[60,-1],[0,-77],[-15,-93],[-44,2],[-1,-84],[3,0],[4,-13],[1,-1],[6,0],[1,-5],[2,1],[3,6],[-1,5],[5,6],[4,0],[-11,-49],[3,-16],[-1,-21],[26,0],[15,-14],[0,-8],[11,-15],[7,-34],[4,-5],[17,-6],[19,-19],[16,9],[8,-6],[5,-31],[6,-20],[11,-13]],[[279862,647775],[0,-44],[-7,36],[-6,15],[-48,3],[1,-105],[-44,3],[-1,-340],[15,-1]],[[279772,647342],[1,-78],[-1,-132],[-15,0],[0,-127],[-20,0]],[[279280,648029],[0,85],[59,-1],[1,84],[-1,167],[10,1],[0,-13],[17,-67],[11,-52],[3,-35],[19,0],[1,249],[3,5],[22,-1],[35,-2],[0,-84],[86,-1],[4,8],[7,54],[8,104],[15,13],[-1,158],[24,0]],[[276954,646518],[-2,-506],[3,-89],[1,-87],[13,-1],[4,-25],[10,-17],[6,-23],[0,-45],[3,-18],[9,-14],[7,-25],[62,-2],[0,-42],[30,1],[0,211],[29,0]],[[277129,645836],[0,-211],[60,-2],[-1,-126]],[[277188,645433],[0,0],[1,-274]],[[277081,639914],[28,-1],[178,-1],[-1,166],[31,-5],[36,1],[6,-19],[13,-27],[10,8],[1,-29],[7,-38],[21,-52],[0,-12],[22,0],[1,7],[30,31]],[[277127,639235],[-1,85],[-27,0]],[[278289,636861],[0,-9],[10,-1],[3,6],[9,1],[1,-31],[-3,-27],[6,-29],[1,-74],[27,-2],[0,-168],[1,-256],[-43,0],[0,-128],[14,0],[0,-42],[14,0],[0,-43]],[[284596,633509],[-18,2],[-2,-14],[3,-51],[-12,11],[0,-6],[0,-163],[-1,-62],[-14,1],[-2,1],[-2,2],[-53,1]],[[284458,633258],[-6,24],[-12,5],[0,32],[6,-1],[-3,38],[2,17],[-4,-1],[0,14],[6,0],[0,13],[-129,-1]],[[284087,634240],[-5,27],[15,74],[0,69],[-37,-2],[2,28],[6,19],[-3,23],[-1,24],[-6,48],[2,21],[7,19],[1,18],[7,4],[8,36],[3,-8],[16,66],[8,4]],[[279050,633288],[1,-170],[0,-340],[26,0],[0,-134]],[[278309,632794],[-6,-1],[-72,2]],[[276139,656141],[5,1],[7,-2],[0,-63],[0,-20],[10,0],[5,1],[2,0],[3,0],[5,0],[5,0],[6,-27],[6,0],[7,-59],[14,-10]],[[276214,655962],[0,-25],[2,-54],[1,-8],[4,-29],[5,-37],[8,-69],[3,-19]],[[276165,655717],[-2,0],[-8,-1],[-7,0],[-4,0],[-11,-1],[-12,0],[-4,0],[-7,-1],[-8,0]],[[276453,631384],[34,3],[-1,168],[61,5],[1,-170],[110,0],[4,1],[-1,255],[47,2]],[[276708,631648],[0,-84],[14,-1],[0,-255],[30,1],[0,-42],[26,1],[17,-27],[-7,-27],[9,-37],[2,-23],[-3,-14],[15,1],[105,5],[5,-1]],[[276921,631145],[-5,-33],[-2,-40],[1,-31],[3,-27],[9,-31],[1,-11],[0,-35],[-9,-44],[-8,-25],[-1,-12],[9,-51]],[[276919,630805],[4,-27],[-8,-49],[0,-38],[-5,-40],[-12,-50],[-2,-19],[-2,-37],[7,-41],[1,-28],[-2,-42],[-4,-24],[-12,-31],[-1,-6],[-3,-26],[-2,-28],[0,-14],[0,-16],[2,-31],[11,-60],[1,-17],[-3,-60],[0,-20],[6,-49],[4,-34],[9,-37],[11,-62],[4,-28],[0,-17],[-3,-93]],[[276920,629781],[-3,0],[0,-9],[-5,-34],[-6,7],[-14,-34],[5,-15],[-10,6],[-4,25],[-6,-5],[-5,5],[-8,-1],[-1,-25],[-13,-6],[-3,4],[-13,-4],[-10,16],[-4,18],[-6,17],[-3,-10],[-1,-29]],[[276805,629663],[0,-18],[6,1],[0,-19],[-10,11],[-19,15],[-4,0],[-11,-8],[2,8],[0,42],[-19,-1],[0,84],[-88,-1],[-2,-2],[-105,-1],[-99,0]],[[276456,629774],[-1,336],[0,87],[-1,249],[0,345]],[[279405,643720],[42,-12],[16,-2],[0,-85],[16,0],[44,-5],[58,-2],[0,-44],[19,1],[1,-13],[21,-4],[1,42],[13,13],[0,90],[45,1],[0,-256],[74,-1],[0,21],[0,234],[0,32],[24,10],[0,46],[38,-3],[-1,32],[1,17],[6,15],[1,29],[5,20],[9,15],[7,3],[-1,18],[-6,20],[30,-1],[-1,214]],[[280301,644460],[0,-15],[6,-21],[13,-29],[10,-16],[8,0],[-1,-212],[28,0],[3,5],[29,0],[0,68],[10,0],[3,6],[-2,-25],[13,1],[9,-20],[0,-25],[-1,-19],[6,-4],[9,15],[1,7],[7,-2],[3,-14],[0,132],[54,1],[-1,-85],[60,-2]],[[280519,643092],[-21,33],[-9,6],[-6,10],[-9,33],[-14,62],[-9,15],[-10,3],[-8,-8],[0,-106],[-16,0],[0,-50],[-3,-19],[-13,0],[1,-52],[-25,-54],[-11,-16],[-9,-3],[-15,1],[-1,-82],[60,0],[13,25],[47,0],[0,-81],[-1,-72],[-27,5],[-2,-18],[0,-115],[29,1],[0,-171],[-68,0],[-50,0],[-60,1],[-89,-3],[1,-85],[-30,-1],[1,-179],[-8,-9],[-4,3],[-21,-13],[-4,-10],[-2,-19],[-21,-20],[-2,-11],[-20,-1],[-7,-10],[1,-126]],[[280077,641956],[0,-30],[-29,-1],[-1,-237]],[[280047,641688],[-18,-7],[-14,13],[-22,6],[0,10],[-60,-1],[0,42],[-30,1],[0,171],[-30,0],[1,338],[-59,0],[0,169],[-60,-2],[-33,2],[-49,-97],[-7,-9]],[[279939,658333],[29,0],[-1,27],[-6,38],[-5,57],[8,-4],[20,-33],[3,3],[10,-33],[12,3],[3,12],[7,-18],[4,9],[-1,10],[9,-3],[4,24],[1,-8],[9,3],[-2,16],[6,0],[1,55],[-39,0],[-4,-28],[-3,0],[-1,70],[0,85],[24,0],[22,-85],[74,-1]],[[279967,657877],[-4,6],[-2,14],[2,30],[1,33],[-3,28],[-8,25],[-15,18],[-2,12],[2,30],[10,30],[10,23],[4,15],[6,55],[1,3],[-4,35],[-23,42],[-2,8],[-1,49]],[[276627,632806],[1,-145],[35,2],[0,-31],[19,0],[2,41],[9,0],[3,-14],[0,-28],[20,0],[1,-128],[-8,0],[0,-36],[-12,0],[0,-85],[79,2],[0,-89],[0,-84],[27,-1],[8,-13],[2,7],[2,-41],[3,-12],[-4,-25],[-6,-19],[8,-43],[11,-35],[-2,-26],[9,-41],[1,-11],[3,-3],[-1,-51],[-7,3],[-6,14],[-7,5],[-15,-4],[-2,-9],[-11,-1],[-5,-18],[-11,-26],[-3,-11],[-13,-11],[-4,-19],[-1,-171],[-44,-1]],[[277359,623557],[30,0],[-2,-47],[0,-38],[29,0],[-1,-254],[-6,1],[0,-16],[-6,0],[2,-43],[-3,-27],[-29,0],[-5,12],[-9,-9],[0,-87],[0,-255],[1,-17],[0,-78],[-1,-9],[0,-66]],[[277359,622624],[-90,3],[0,43],[-26,1],[1,111],[-9,0],[-12,12],[-27,1],[-11,6],[0,147]],[[277185,622948],[0,64],[7,2],[0,41],[45,-2],[-4,43],[-6,43],[59,-2],[0,85],[-60,3],[7,50],[-6,24],[-10,17],[-4,24],[-4,59],[8,52],[0,111],[-11,0],[-5,-13],[-9,-15],[-3,-15],[-5,-10],[0,55],[1,109],[116,0],[0,-56],[36,-1],[0,-57],[22,-2]],[[276347,625714],[-1,-157],[0,-59],[-3,-36],[3,-44],[42,0],[0,-60],[13,-4],[2,-21],[57,-1],[0,-85],[25,0],[0,29],[4,0],[0,-18],[4,-2],[0,-19],[-4,-1],[0,-18],[3,-32],[-1,-66],[70,-3]],[[276482,624489],[-6,-31],[-8,-6],[-4,3],[-3,-16],[-6,-7],[-3,-14],[-7,9],[-2,11],[-5,1],[0,16],[-9,22],[2,19],[-3,10],[-8,-17],[0,10],[-9,11],[-7,-13],[-2,37],[-8,-28],[-2,-40],[4,-10],[3,-16],[-3,-8],[-4,11],[-1,-17],[-5,4],[1,266],[-58,0],[0,-82],[-28,-2],[-1,-82],[-13,-5],[-1,-85],[-44,0],[0,-169]],[[276242,624271],[-53,3],[7,15],[2,25],[-2,21],[5,18],[2,47],[6,37],[0,30],[-1,62],[0,31],[2,38],[0,29],[4,11],[1,21],[7,37],[-19,-1],[-18,1]],[[281267,646009],[7,-38],[10,-22],[1,-13],[-3,-7],[2,-28],[-11,-3],[-3,-25],[-17,3],[2,-185],[-59,-3],[-31,-5],[-18,-10],[2,-330],[80,6],[2,-213],[7,-2],[0,-27],[13,-7],[10,13],[1,-104]],[[280686,644628],[-2,337],[-2,5],[-119,-8]],[[280563,644962],[0,170],[-15,0],[0,81],[-1,46],[-36,0],[-1,10],[-13,3],[0,91],[8,-19],[9,-1],[5,1],[0,128],[1,88],[-1,82],[71,0],[3,2],[0,94],[29,-4],[10,18],[5,2],[23,0],[-16,144],[40,2],[0,76],[2,0],[58,0],[59,0],[47,3]],[[281755,655342],[15,45],[5,10],[6,6],[26,13],[-2,23],[-5,7],[-2,45],[-2,20],[-6,10],[2,34],[-6,11],[-9,4],[-3,17],[3,36],[-7,31],[-1,63],[60,0]],[[282509,655766],[45,0],[0,-128],[60,2],[16,0],[0,-44],[12,0],[0,-42],[3,6],[0,-15],[-10,0],[16,-43],[7,-36],[3,-30],[-7,-36],[-5,-21],[-16,-37],[-9,-7],[-10,-25],[0,-25],[-6,-17],[7,0],[0,-139],[16,0],[0,-141],[-8,-28],[-10,9],[-2,23],[-4,7],[-8,-2],[2,-9],[-7,-25],[6,-38],[-12,-15],[0,-29]],[[282588,654881],[-165,-3],[-2,1],[-44,-2],[-1,0],[-7,1],[-24,1],[-47,-1],[-9,0],[-28,0]],[[282261,654878],[-9,0],[-45,0],[-17,0],[-89,0]],[[279597,657360],[15,0],[16,0],[0,43],[33,0],[0,42],[4,0],[38,0],[0,75],[3,46],[7,30],[5,33],[0,60],[14,0],[30,0],[0,-42],[15,0]],[[279859,656781],[-39,48],[-19,5],[-8,1],[0,-11],[0,-140],[-4,6],[-17,0],[0,11],[-9,0],[0,-18],[-16,0],[0,-20],[-15,0],[1,-74],[-5,-18],[-25,-1],[0,28],[-14,1],[1,-85],[-77,0]],[[284883,631880],[0,-11],[0,-15],[0,-9],[0,-481],[0,-198]],[[277186,625539],[60,0],[-5,-45],[4,-12],[1,-28]],[[280116,656266],[7,-28],[4,-35],[-5,-49],[-4,-67],[-5,-21],[24,-4],[0,-34],[12,-2],[3,-7],[56,-1],[2,-49],[5,11],[9,-2],[1,-87],[8,-94],[1,-6],[-2,-8],[2,-48],[-2,-56],[-5,-92],[-20,1],[0,-78],[-55,2],[-4,-4],[-8,-4],[19,-48],[10,-15],[14,-6],[24,9],[-1,-26],[-111,-1],[1,-338],[-13,1],[0,-43],[-47,-1],[0,-20],[-15,-1],[0,-21],[-75,0],[0,-92],[24,1],[1,-16]],[[279831,654885],[8,74],[13,116],[33,3],[-1,85],[-30,0],[-3,32],[-12,59],[0,22],[6,0],[-1,26],[-8,1],[0,11],[13,-8],[5,2],[2,24],[-11,5],[-2,37],[-47,1],[-2,2],[0,125],[0,169],[-15,-1],[0,85],[-15,0],[0,-21],[-10,-1],[-1,65],[19,0],[-1,29],[11,12],[12,1],[0,126],[-60,2],[-1,214],[0,26],[-8,-5],[-18,-52],[-5,-2],[-10,13],[0,-67],[-78,1],[0,-3],[0,-83],[-60,2]],[[282444,642260],[0,-115],[43,1],[8,34],[8,14],[1,-48],[48,2],[11,-4]],[[282918,641475],[59,0],[0,-168],[59,-1]],[[283036,641306],[0,-338]],[[282922,640637],[0,161],[-10,-7],[-14,2],[-6,-83],[-3,7],[2,50],[-5,26],[-22,1],[-29,6],[-31,0],[-59,8],[-125,5],[-13,-1],[-8,0],[-2,0],[-2,1],[-25,1],[-55,4],[-58,-5],[0,-3],[-61,-2],[-51,-11],[-2,0],[-12,1],[-23,39],[-7,12],[-1,1],[-11,13],[-13,1],[-2,-43],[0,43],[-5,0],[-4,0],[0,-11],[-4,11],[-11,0],[0,-11],[-17,5],[-16,0],[-16,-1],[-13,-1],[0,6],[-5,-10],[-14,7],[-11,5],[-30,15],[-30,14],[-1,2],[-72,33],[-44,21],[0,-5],[-20,7],[-2,-4]],[[281959,640947],[1,13],[-1,8],[0,20],[1,5],[-7,6],[1,7],[8,-8],[2,10],[2,15],[1,5],[-1,24],[1,3],[-16,-1],[0,31],[-17,-1],[1,-31],[-13,0],[-1,15],[0,-23],[-11,-1],[-3,-5],[0,-21],[-2,-22],[-1,-9],[-40,21]],[[283700,637799],[6,-2],[22,-19],[6,-12],[3,-27],[7,-6],[11,27],[9,4],[13,15],[2,8],[-9,12],[-12,6],[-1,133],[147,4],[113,6]],[[284017,637948],[83,4],[0,61],[6,33],[5,42],[-2,43],[5,41],[5,12],[14,2],[0,105],[8,2],[-5,31],[85,-66],[1,-129],[26,1],[3,-3],[1,-167],[67,0],[0,169],[40,1],[4,-64],[15,-34],[1,-71],[1,-54],[4,22],[28,24],[27,-61],[0,71],[-1,0],[0,25],[14,-10],[24,-1],[7,-13],[72,1],[1,170],[58,0],[59,-1],[0,-169]],[[281047,654895],[-14,0],[-21,0],[-80,0],[-62,0],[0,0]],[[280870,654895],[0,29],[0,223],[1,338],[0,85],[0,43],[-15,1],[0,42],[-6,0],[0,31],[-10,0],[1,88],[-1,49],[-29,0],[0,136],[-2,5],[8,30],[9,9],[5,32],[1,34],[7,10]],[[279135,655767],[-23,0],[0,10],[-7,0],[-1,32],[-5,0],[-21,0]],[[279078,655809],[6,15],[16,54],[8,45],[24,82],[25,61],[12,38],[1,3],[3,7],[11,28]],[[276954,646518],[118,-3],[0,339],[59,2],[1,173],[-61,0],[0,43],[21,39],[40,-6],[-1,96],[-32,-1],[2,9],[0,136],[6,22],[24,1],[-1,174],[41,-2]],[[277548,647536],[-1,-170],[57,-2],[-7,-53],[-1,-31],[-49,1],[0,-254],[-59,1],[-1,-143],[0,-36],[-59,-1],[-1,-254],[-55,0],[47,-255],[-51,1],[0,-169],[-118,2],[0,-169],[-45,1],[-1,-170],[-75,1]],[[280369,645387],[3,18],[3,25],[12,14],[16,-23],[-12,-68],[-3,5],[1,7],[0,3],[-3,3],[-2,-8],[-2,2],[2,9],[-2,3],[-1,-9],[-10,13],[-3,3],[1,3]],[[276167,655463],[0,-21],[-2,0],[0,-21],[0,-43],[0,-45],[1,-40]],[[280077,641956],[4,5],[19,1],[17,5],[18,-11],[22,-22],[2,-6],[-37,-1],[-2,-178],[45,3],[-2,-366],[13,15],[8,-19],[11,-1],[15,-19],[4,-22],[1,-21],[6,-2],[0,96],[119,4],[1,169],[59,0],[59,2],[-1,-190],[6,19],[7,-5],[17,2],[21,-7],[33,-5],[15,-15],[20,5],[-4,33],[6,-35],[10,-3],[15,17],[17,-6],[13,9],[0,273],[-59,0],[0,-85],[-33,-2],[-60,337],[33,1],[59,1],[-1,171],[53,0],[4,5],[2,16],[-1,119],[2,22],[2,4],[54,1]],[[280693,641754],[0,-2],[1,-337]],[[280694,641415],[0,-242],[0,-85],[59,3],[0,-82],[0,-2],[-59,-3],[-47,-1],[15,-85],[-27,-1],[0,-125],[-24,0],[-5,8],[-11,-1],[-4,6],[-1,-35],[-2,-21],[-12,0],[1,167],[-59,-2],[-1,-168],[-63,-3],[-117,-1],[1,167],[-1,0],[-59,-2],[0,-34],[-19,-10],[-6,-7],[-5,8],[-6,-1],[-8,-18],[-9,-4],[-15,-46],[-6,-26]],[[280204,640769],[-13,0],[-16,18],[-9,5],[-20,-2],[-15,34],[0,80],[-86,0],[1,171],[-16,-1],[-17,59],[1,26],[-22,0]],[[279992,641159],[0,18],[2,0],[11,16],[6,-3],[17,8],[18,-7],[1,222],[0,7],[0,268]],[[276980,642948],[1,0]],[[277805,641810],[1,-210],[59,-5],[2,-167],[-60,3]],[[277691,641184],[-6,-2],[-5,-17],[0,-32],[-1,-32],[-4,-14],[-54,2],[-2,83],[-44,-1],[2,-254],[-59,-2],[-1,83],[14,2],[1,12],[-1,156],[-73,1],[0,-86],[-118,3],[0,170],[-59,0],[-2,-150],[1,-18],[-35,87],[35,-91],[-1,-29],[1,-138],[-58,8],[2,-338],[-60,-1],[-1,170],[-56,-6],[-1,74],[-28,-31],[-2,-32],[8,-17],[3,-22],[-7,-16],[-18,10],[-7,-32],[-3,-23],[2,-22],[-9,-12]],[[277611,629507],[8,30],[6,5],[-10,11],[-12,1],[0,54],[-44,-19],[1,43],[3,4],[4,30],[-7,34],[0,20],[-8,47],[-5,4],[-1,19],[0,148],[43,-3],[1,-128],[14,-1],[0,43],[37,-3],[0,78],[6,7],[16,0],[1,235],[-10,20],[-28,3],[-2,31],[-11,50],[-4,4]],[[283916,641061],[0,-83]],[[283916,640978],[-115,-4]],[[283801,640974],[-63,-1],[-55,0],[-1,-176],[0,-119],[-7,6],[-26,4],[-27,-4],[0,-23],[6,-12],[-7,-31],[-6,-53],[-6,2],[15,-64],[9,-15],[16,-13],[33,-5],[0,-9],[1,-40],[1,-213],[1,-85],[-61,-5]],[[283036,641306],[0,336],[58,3],[1,-338],[59,3],[0,-92],[3,-4],[6,10],[6,26],[5,-8],[7,18],[-4,32],[6,0],[2,17],[86,4],[0,-3],[54,1],[0,88],[-3,6],[-3,22],[0,24],[-3,29],[2,0]],[[276587,622831],[58,-5],[-1,-169],[30,-2],[98,-5],[2,0],[35,-2],[1,18],[-7,19],[6,9],[9,79],[0,36],[-3,9],[3,39],[12,4],[30,-2],[2,-2],[28,0],[0,8]],[[276891,622939],[1,127],[63,-5],[3,-17],[16,-15],[3,-8],[0,-213],[26,-1],[5,2],[120,-4],[0,124],[41,0],[3,21],[13,-2]],[[277359,622624],[0,-154],[-1,-18],[0,-78],[1,-71],[0,-19]],[[276424,622404],[1,59],[13,-7],[74,-1],[5,-6],[35,0],[8,7],[43,-1],[-10,49],[-26,51],[-30,159],[25,3],[16,29],[8,-31],[1,116]],[[282621,654881],[-33,0]],[[279772,647342],[30,0],[0,-169],[94,3],[-1,-43],[86,1],[-1,-127],[-30,0],[0,-175],[51,-2],[0,-29],[-6,-4],[0,-307],[162,0],[7,3],[-1,26],[27,86],[5,22],[15,-17],[7,1],[0,-290],[15,-1],[0,-86],[15,-139],[-1,-103],[-2,-12],[-12,0],[-1,0],[-16,0],[1,-250],[15,0],[15,-2],[0,-82],[30,0],[0,-512],[-44,1],[0,-170]],[[279754,644971],[1,169],[50,-4],[0,169],[-12,7],[-12,-11],[-9,-25],[-12,-13],[-5,-17],[-15,0],[-33,-23],[-12,-5],[0,-78],[-60,2]],[[279635,645142],[0,212],[30,-1],[0,42],[90,-2],[0,467],[48,-3],[1,40],[-34,83],[-3,3],[-12,2],[-66,1],[-20,36],[-3,24],[0,27]],[[282019,644663],[58,11],[60,1],[1,-168],[-60,-2],[1,-169],[40,1],[-8,-32],[-1,-28],[-6,-2],[-8,22],[-6,-15],[-6,0],[-5,17],[0,-30],[37,0],[30,23],[12,3],[40,2],[-1,212],[33,1]],[[282297,643232],[-17,17],[-6,0],[-11,-33],[-1,115],[-58,-5],[-1,85],[-1,170],[-129,-6],[0,9],[-5,6],[-1,11],[-15,2],[-1,12],[-8,20],[-4,26],[-10,22],[-4,14],[-1,159],[-53,-57],[0,19],[-11,-13],[-4,-9],[-2,26],[-5,-6],[1,29],[-4,21],[-11,15],[-4,18],[2,14],[9,5],[9,30],[4,26],[13,-10],[9,-1],[9,11],[9,21],[24,49],[20,28],[11,25],[-2,9],[-17,-31],[-4,15],[-8,-19],[0,35],[18,18],[0,10],[-18,-3],[0,31],[12,1],[-12,52],[0,47],[-9,-12],[-9,-21],[-31,-115],[-4,-13],[-10,-17],[-7,10],[4,41],[3,11],[6,2],[7,16],[1,13],[6,15],[9,12],[0,22],[3,49],[4,20],[-5,13],[1,19],[-3,3],[34,2],[1,162],[-1,169]],[[282014,646454],[5,14],[8,-2],[5,6],[6,26],[5,27],[7,24],[0,1],[15,1],[-1,-74],[-31,-42],[0,-22],[-16,-2],[-3,43]],[[281107,639926],[15,1],[-1,72],[-6,11],[33,1],[18,0],[0,53],[10,3],[9,-5],[9,-13],[4,2],[8,28],[11,2],[6,-7],[17,-60],[24,0],[-45,72],[-16,11],[28,1],[0,12],[13,4],[-1,27],[-7,0],[0,84],[7,0],[0,32],[4,11],[33,1],[0,177],[2,4],[13,-1],[0,-10],[15,0],[0,168],[12,0],[-7,18],[-2,35],[3,16],[7,17],[8,67],[-2,16],[-108,-2],[-2,164],[53,2]],[[281272,640940],[6,0]],[[281282,639095],[0,336],[0,170],[-59,-1],[0,-94],[1,-74],[-4,25],[-6,22],[-1,101],[-7,7],[-13,-4],[-5,-13],[-22,-16],[0,44],[0,170],[-59,-4],[0,162]],[[280606,639801],[3,0],[-3,29],[-1,48],[12,8],[6,-10],[13,2],[21,2],[7,13],[1,14],[0,2],[0,8],[3,11],[3,4],[4,3],[3,0],[4,-6],[3,-7],[9,-8],[1,-1],[0,9],[3,-1],[5,-9],[10,-1],[-4,-14],[9,-14],[-2,-22],[2,-19],[16,3],[7,28],[3,40],[4,0],[17,0],[2,0],[1,-5],[1,-1],[2,1],[0,5],[4,0],[4,0],[4,1],[12,0],[0,-6],[5,0],[0,5],[4,-24],[0,25],[8,0],[4,1],[0,-6],[11,6],[17,0],[3,1],[0,-6],[4,0],[8,1],[0,5],[13,1],[5,0],[4,-37],[10,-2],[6,-4],[4,-5],[0,11],[0,16],[0,21],[3,0],[1,0],[10,1],[0,-37],[1,-14],[14,-29],[0,81],[15,0],[5,-79],[5,-84],[34,1],[0,164],[29,1],[30,1],[59,3]],[[280576,639229],[0,84],[0,169],[13,1],[-2,33],[15,-7],[4,-11],[9,0],[20,52],[0,20],[0,81],[0,88],[-20,-2],[0,33],[-9,-1],[0,32]],[[281392,642363],[36,1],[2,-5],[35,-72],[16,-23],[4,37],[-1,19],[-13,31],[6,24],[6,-20],[3,10],[3,-12],[4,12],[12,-29],[6,0],[10,-16],[8,-8],[3,-54],[-2,-16],[6,42],[-3,23],[15,-7],[10,-30],[18,-5],[5,-12],[0,-30],[-4,-6],[2,-17],[4,-8],[-4,-20],[5,5],[2,13],[7,-5],[4,-26],[0,-26],[5,-27],[12,-39],[13,-22],[15,-9],[15,0]],[[281272,640940],[-3,21],[-5,51],[-6,27],[0,24],[-10,28],[0,17],[-83,-2],[-1,287],[-11,17],[-19,23],[-2,10],[-27,0]],[[281105,641443],[-1,342],[3,-4],[56,2],[-1,118]],[[282432,658508],[1,-45],[-1,-27],[0,-88],[39,2],[-3,-39],[1,-45],[16,0],[0,82],[61,3],[0,-116],[1,61],[13,1],[2,5],[2,46],[12,24],[10,1],[0,20],[7,12],[10,32],[3,-85],[61,2],[-1,159],[123,3]],[[281950,656297],[0,7],[0,41],[0,137],[-45,1],[-15,0],[-33,1],[18,91],[1,37],[-1,39],[-16,0],[1,73],[-2,5],[1,29],[0,123],[9,13],[5,12],[0,84],[-8,0],[-1,13],[-2,156]],[[283794,635597],[-59,-2],[0,-78],[1,-91],[-58,-2]],[[283624,635623],[7,29],[3,43],[5,22],[0,40],[-7,3],[-7,1],[-1,168],[-45,-1],[-1,171],[59,0],[0,54],[0,106],[-11,13],[-2,11],[4,30],[-6,13],[-8,-8],[-1,-12],[-7,6],[-6,15],[-13,-12],[-9,17],[-2,197],[-58,-2],[0,48],[0,22],[0,14],[-1,173],[58,2],[58,-8],[1,1],[-1,149],[-58,-4],[-1,84],[-29,-1]],[[279400,641248],[35,0],[3,-4],[0,-22],[3,-10],[-3,-28],[6,-13],[7,-25],[2,-24],[19,-33],[1,14],[-5,11],[0,49],[80,-2],[0,-84],[178,-1],[29,-1],[237,0],[0,84]],[[280204,640769],[-13,-8],[-10,2],[-11,13],[-9,5],[-7,-13],[-14,13],[-5,23],[-4,4],[0,-73],[-29,-4],[5,-19],[4,-58],[-4,-27],[-7,-20],[12,-25],[0,-16],[18,0],[0,-338],[-87,0]],[[280043,640228],[0,169],[-53,1],[1,169],[-118,-2],[-1,-169],[-88,0],[1,170],[-30,1],[-58,-1],[-1,-84],[-109,2],[-2,85],[0,76],[-4,8],[-7,1],[0,-29],[-10,1],[0,-15],[-1,-117],[0,-9],[14,0],[0,-33],[-4,17],[-10,0],[0,-153],[-44,1],[0,85],[-88,1],[-1,-169],[-28,1],[-1,169],[-29,0]],[[278696,636862],[62,-1],[0,-35],[-15,-4],[1,-125],[71,0],[0,-156]],[[278815,636526],[-9,8],[-20,-6],[-5,-9],[-4,-25],[-5,-6],[-11,-34],[0,-20],[-4,-11],[1,-13],[-5,-36],[-5,-11],[-6,-1],[-6,-15],[-3,-18],[-19,25],[-18,0]],[[280570,658944],[-20,1],[-11,6],[0,-134],[-24,0],[0,167],[-15,0],[0,45],[-61,3],[-5,6],[0,-48],[5,-1],[1,-170],[-9,1],[0,-30],[-6,1],[0,16],[-3,0],[-1,57],[-15,1],[0,-14],[-11,1],[0,14],[-16,1],[0,85],[-30,1],[0,43],[-8,0],[0,21],[-4,0],[-2,22],[-2,0],[0,44],[0,17],[0,24],[0,50],[0,35],[0,38],[0,48],[0,8]],[[280333,659303],[0,115],[0,38],[31,-2],[-12,38],[-7,19],[-5,12],[-6,0],[0,40],[0,127],[-15,1],[0,60],[0,24],[0,84],[0,54],[0,140],[1,4],[1,6],[5,8],[34,15],[31,9],[7,18],[1,15],[0,17],[-5,54],[-1,50],[-13,-2],[-3,21],[-10,5],[1,91],[8,0],[17,0],[-1,61],[0,21],[0,19],[0,65]],[[277587,622222],[15,-1],[17,52],[11,-11],[9,7],[6,-22],[1,379],[17,0],[12,-79],[0,79],[30,0],[0,338],[62,0],[0,8],[0,70]],[[277767,623042],[84,-12],[4,0],[66,28],[-4,-106],[-7,-53],[3,-8],[18,-65],[9,21],[0,-53],[115,0]],[[278047,621853],[-14,10],[-7,9],[-25,60],[-8,12],[-18,16],[-7,-2],[-6,-8],[-23,-75],[-10,-13],[-19,-2],[-15,4],[-5,-5],[-7,-25],[-3,-32],[9,-37],[-2,-22],[-8,-8],[-3,6],[-8,49],[3,38],[-7,8],[-4,-5],[-17,-87],[-1,-49],[2,-9],[17,-22],[4,-13],[-1,-34],[-4,-9],[-9,1],[-20,43],[-4,17],[-5,12],[-3,1],[-9,-23],[-3,-34],[-13,-38],[-3,-18]],[[280614,654447],[3,19],[7,1],[0,-52],[17,1],[9,9],[4,1],[0,-45],[15,3],[0,-42],[3,0],[1,-42],[11,0],[4,0],[0,1],[0,37],[11,-8],[0,-18],[7,0],[2,-11],[0,-1],[2,11],[5,33],[28,1],[21,27],[8,41],[11,59],[22,1],[58,2],[46,-1]],[[280909,654474],[-1,-169],[0,-85],[15,0],[1,-29],[-11,-19],[-5,-12],[1,-24],[-4,0],[1,-43],[0,-42],[4,0],[4,1],[4,-43],[8,1],[2,-14],[-2,0],[0,-47],[-2,-25],[-13,-1],[0,-4],[0,-9],[-11,4],[-17,-1],[-5,-11],[-12,4],[0,-16]],[[280866,653890],[-19,-16],[-34,-58],[-19,-28],[-13,-9],[-3,-2],[0,-6],[-2,1],[-20,21],[-9,-6],[-9,9],[-6,14],[-5,51],[-6,2],[-3,-16],[-4,-10],[-5,-6],[-13,8],[-5,-9],[-3,-16],[0,-18],[-3,-24],[-4,-14],[-6,-10],[-7,-2],[-13,11],[-11,25],[-6,1],[-21,-11],[-8,-9],[-12,-35]],[[280595,654127],[0,43],[0,27],[0,14],[-3,1],[0,42],[3,19],[-3,24],[-1,12],[0,30],[3,14],[8,0],[1,-35],[2,0],[0,-21],[6,0],[0,75],[-16,0],[2,6],[1,3],[1,3],[5,23],[2,8],[2,9],[4,14],[2,9]],[[278399,621674],[1,-28],[3,0],[0,28]],[[278431,621571],[-29,0]],[[278052,621552],[-43,-1],[-1,84],[-13,3],[6,12],[15,45],[-8,9],[-4,-13],[-8,11],[-5,-8],[-4,26],[-3,8],[-9,-6],[-66,6],[-1,-169],[-109,9]],[[277869,641089],[115,5],[3,-3],[143,-8],[2,-170],[31,-1],[117,-3],[58,-2],[0,81],[100,3]],[[278438,640991],[1,-84],[0,-190],[8,-24],[2,-16],[6,-17],[3,-24],[0,-35],[18,-9],[8,-14],[2,29],[12,33],[-1,-56],[14,-4],[1,-11],[-8,-8],[-7,-1],[0,-29],[-14,-1],[0,-42],[22,1],[0,-32],[7,0],[0,-11],[0,-42],[11,1],[4,-25],[0,-39],[3,-7],[2,1],[5,17],[-6,9],[13,20],[11,-16],[2,1],[5,5],[21,-4],[-2,22],[3,7],[1,10],[6,-2],[1,-3],[8,-31],[1,-52],[-14,-1],[-3,-8],[0,-8],[0,-2],[1,-2],[0,-28],[6,-12],[8,20],[5,17],[4,11],[-2,-17],[5,-19],[21,50],[9,0],[13,22],[21,11],[18,21],[15,0],[5,-5],[7,-24],[-2,-35],[-7,-19],[-22,-44],[-20,-61],[-15,-34],[0,-15]],[[278517,639904],[-6,6],[-12,-4],[-29,-45],[-5,-15],[-5,-39],[-1,-11],[-3,-33],[-10,-49],[0,-20],[-7,-32],[-4,-37],[-7,-175],[0,-56],[-2,-77]],[[285087,656667],[13,0],[0,46],[21,-19],[0,-12],[13,-16],[3,-11],[10,-13],[1,101],[0,8],[0,84],[0,32],[7,1],[0,52],[38,2],[0,39],[10,0],[0,39],[5,0],[0,9],[0,53]],[[285208,657062],[10,-5],[19,-48],[31,-1],[13,1],[0,50],[9,-1],[0,66],[-8,0],[12,55],[44,1],[6,-41],[13,-5],[0,7],[2,-7],[1,4],[-1,33],[7,10],[45,-2],[0,40],[12,-1],[0,45],[10,0],[0,41],[16,0],[0,30],[60,0],[0,-35],[29,0],[0,33],[7,0],[1,-33],[14,3],[4,-3],[5,7],[0,14],[9,34],[4,2],[40,-5],[5,-2],[61,1]],[[285688,657350],[0,-84],[45,-2],[0,-31],[15,0],[0,-12],[12,-3],[0,-35],[18,-4],[0,-142],[11,14],[-6,35],[6,27],[9,0],[21,21],[12,2],[7,-19],[15,-4],[0,-103],[75,0],[0,-81],[55,0],[0,-43],[0,-44]],[[285983,656842],[0,-169],[-30,-1],[-2,-16],[-7,-15],[-6,-20],[-7,-1],[-2,10]],[[285929,656630],[-15,15],[-15,0],[0,26],[-30,1],[-60,-1],[-60,-1],[-60,1],[-12,0],[0,-25],[-15,0],[0,-17],[2,-3],[1,-5],[1,-6],[0,-10],[-3,-5],[1,-16],[-1,-7],[-7,-2],[-2,-10],[-7,0],[0,13],[-11,0],[0,21],[-10,-1],[0,-12],[-35,0],[0,63],[-16,3],[-6,7],[0,-105],[-25,1],[-6,-1],[1,-17],[10,-33],[2,-4],[17,-18],[5,-6],[15,-46],[0,-7],[0,-17],[9,0],[0,-21],[3,0],[0,-7],[-3,1],[0,-9],[-28,0],[0,-126],[-33,0],[0,-40],[-5,0],[0,24],[-11,4],[0,-72],[4,0],[0,-42],[-5,0],[-3,-17],[-1,-25],[24,0],[0,-170],[-26,1],[-4,-7],[-4,-68],[11,-20],[3,-30],[6,-4],[1,-16],[7,-14],[12,4],[1,27],[9,21],[0,-47],[15,-1],[0,-14],[0,-123],[0,-86],[61,0],[0,-10],[31,0],[0,-15],[0,-20],[29,1],[0,-341],[0,-169],[0,-88],[0,-80],[-121,-1]],[[285570,654806],[-15,0],[-7,-9],[-9,9],[-29,1],[0,140],[9,-3],[9,6],[3,23],[10,0],[-92,3],[0,340]],[[283892,621561],[9,23],[9,15],[18,-1],[2,15],[-1,63],[-6,6],[0,13],[-5,14],[-4,40],[0,29],[2,13],[-13,66],[-1,18],[-3,11],[0,38],[5,12],[28,44]],[[283932,621980],[5,-25],[16,-24],[1,-31],[9,-13],[3,-34],[5,-32],[1,-53],[26,-5],[1,-139],[29,43],[-1,-110],[1,-88],[29,0],[0,-87],[37,1],[-7,-60],[0,-27],[34,1],[6,22],[9,-4],[5,18],[-1,39],[1,31],[7,40],[-6,30],[2,23],[6,23],[5,27],[7,10],[8,1]],[[283818,621480],[49,78],[5,1],[12,0]],[[287465,655651],[60,4],[7,0],[83,3],[9,-16],[12,3],[1,34],[-3,-10],[-6,0],[-3,23],[9,23],[0,35],[-7,15],[-7,-10],[5,26],[19,29],[0,102],[34,-52],[26,37],[0,37],[11,-16],[19,25],[0,-26],[7,0],[0,85],[23,0],[-2,340],[0,86],[58,2],[0,169]],[[288126,655941],[0,-41],[29,-27],[4,10],[0,-26],[1,-85],[-33,-3],[1,-169]],[[288128,655600],[-45,-7],[-75,-5],[-61,-6],[-23,2],[0,-34],[11,-26],[-47,2],[3,-144],[2,-179],[1,-44],[-42,-115],[44,2],[1,-88],[59,3],[1,-87]],[[287957,654874],[4,-321],[2,-18],[0,-88]],[[286088,659158],[-3,-1],[-2,-11],[0,-55],[-15,1],[0,-43],[-60,-1],[0,-21],[15,0],[0,-18],[-5,-9],[-3,-23],[4,-13],[5,0],[2,15],[5,-3],[9,15],[-2,-6],[1,-106],[-15,0],[0,-63],[30,-15],[2,-3],[2,-3],[-4,-43],[0,-42]],[[285881,658227],[-15,0],[0,228],[-39,0],[-21,0],[-1,78]],[[280532,654889],[37,1],[9,0],[7,0],[34,1],[33,1],[0,0],[21,0],[46,1],[60,2],[31,0],[7,0],[1,0],[46,0],[6,0]],[[281044,654325],[-30,0],[0,-13],[-4,13],[-12,0],[-3,-9],[-27,87],[0,71],[-14,0],[-45,0]],[[280614,654447],[-3,0],[0,20],[-17,-1],[0,18],[-16,3],[0,57],[0,17],[-11,-11],[-7,24],[1,6],[-6,6],[0,48],[-7,27],[-1,34],[-15,0]],[[276301,652763],[12,0],[6,0],[9,1],[0,16],[4,0],[11,0],[12,0],[4,22],[0,-12],[0,32],[-1,42]],[[276477,652772],[0,-17],[0,-80],[0,-79],[0,-54],[0,-16],[0,-8],[0,-76],[0,-15],[0,-14],[0,-12],[-1,-81]],[[276299,652352],[0,62],[-3,46],[0,66]],[[279609,618072],[-1,126],[0,174],[56,1],[62,-3],[0,-134],[-4,-43],[64,3],[0,-90],[73,5],[8,-15],[7,-29],[0,-39],[59,3],[3,-7],[6,-31],[10,-42],[9,-3],[0,-85],[48,0],[9,16],[1,-14],[-1,-171],[29,0],[0,45],[29,2],[0,118],[0,7],[7,0],[5,-34],[0,-18],[11,-29],[17,-12],[3,-27],[11,0],[0,-14],[6,12],[15,-32],[-1,-41],[6,0],[2,-18],[8,-19],[1,-16],[-3,-4],[5,-16],[-3,-23],[2,-38],[3,-12],[-6,0],[0,-208],[2,-14],[9,-18],[5,-19],[-11,-30],[-5,-31],[-3,-29],[-16,-3],[0,-67],[-11,-4],[0,-84],[101,1],[-9,-33],[-8,-22],[-3,-16],[2,-16]],[[279844,615827],[-25,-46],[-7,-6],[-4,44],[-17,1],[-1,-173],[-74,0],[-3,28],[-6,16],[-2,15],[-7,-1],[-10,11],[-22,15],[-9,3],[-25,-2],[6,367],[-1,10],[-9,9],[-7,-20],[-2,8],[-14,20],[2,-20],[-9,-12],[-8,1],[1,-6],[-5,-22],[4,-13],[6,19],[6,0],[2,-10],[-6,-25],[-5,-6],[-8,-42],[-4,1],[-3,9],[-2,34],[-4,38],[-11,19],[-10,11],[2,27],[9,3],[8,16],[2,24],[-72,91],[-40,47],[-22,42]],[[279438,616352],[15,3],[0,45],[15,-1],[-1,-43],[15,-1],[0,45],[14,0],[-2,34],[-9,-9],[-7,6],[-19,55],[-6,10],[-16,0],[0,141],[3,7],[0,34],[-1,18],[-1,13],[-1,5],[-1,108],[30,2],[0,53],[7,0],[8,17],[14,48],[0,74],[-1,85],[-2,43],[4,19],[5,15],[2,15],[1,40],[-4,29],[-4,19],[-7,7],[-11,31],[-12,25],[-2,0],[-16,-1],[-1,93],[1,18],[-2,15],[2,15],[3,17],[-3,15]],[[279059,624742],[7,2],[5,-15],[-3,-21],[-9,-11],[0,-74],[16,-1],[11,35],[2,9],[0,-44]],[[279088,624622],[2,-662],[0,-20],[-6,-14],[-18,-57],[16,-1],[0,-9],[-12,1],[-2,-32],[13,0],[0,-24],[-20,-1],[0,-57],[15,0],[0,-28],[11,0],[1,-21],[3,3],[-1,-80],[1,-271]],[[280220,652434],[40,2],[-1,169],[42,2],[0,171],[16,0],[24,-61],[42,-99],[0,-10],[64,-1]],[[281125,648554],[90,4]],[[280969,647352],[0,85],[-45,-2],[0,85],[-60,-4],[-1,85],[105,6],[0,42],[-25,42],[-20,-1],[-1,121],[-1,10],[1,102],[-5,4],[0,111],[-4,-1]],[[281440,644816],[0,85],[60,3],[-1,108],[110,-2],[1,0]],[[281610,645010],[2,-155],[28,1],[2,-30],[51,3],[37,-2]],[[281730,644827],[1,-125],[-19,-18],[-6,-27],[25,-1],[0,-24],[5,-1],[10,-15],[1,-12],[-4,-45],[18,-17],[1,-53],[88,5],[0,170],[133,4],[36,-5]],[[285147,657688],[0,170],[30,-1],[30,0],[0,165],[0,174],[31,1],[14,0],[0,89],[12,1],[0,225],[33,1],[1,37],[1,5],[-4,1],[0,116]],[[285777,657521],[-91,-1],[1,-9],[1,-161]],[[285208,657062],[0,116],[-61,-4],[0,345],[-16,0],[4,32],[11,18],[0,14],[1,5],[0,100]],[[281887,646706],[-49,-6],[1,-170],[-118,-1],[1,-169],[-27,-1],[-10,26],[-17,3],[-6,14],[2,-213],[-119,-3],[-2,338],[-41,-1],[-12,-169],[-10,-1],[-2,-44],[-6,-13],[0,-22],[-5,-15],[-7,-7],[-2,-36],[-3,-3],[-5,-30],[-1,-5],[0,-163],[-2,0]],[[281447,646015],[-15,-1],[1,-150],[-60,2],[-1,146],[-18,0]],[[279635,645142],[0,-171],[-56,2],[-12,114],[-21,-25],[-30,0],[0,-86],[-59,4],[0,42],[-61,3],[-6,0],[-24,-33],[-26,-1],[4,-6],[0,-147],[0,-12],[-7,0]],[[281959,640947],[-10,4],[-15,-5],[0,-58],[-12,-14],[0,28],[-18,15],[-1,17],[-9,-7],[0,17],[-8,0],[0,21],[0,27],[-22,10]],[[280326,644965],[69,-3],[1,170],[59,-2],[-1,-169],[109,1]],[[281730,644827],[-1,179],[119,-3],[8,0],[-1,175],[218,9],[1,-171],[60,4],[-1,169],[121,8],[60,-1]],[[280042,640060],[16,0],[8,-30],[4,-29],[0,-24],[0,-50],[9,-12],[14,13],[8,16],[7,-1],[3,-7],[-1,-36],[3,-19],[5,-10],[9,-3],[14,13],[3,4],[2,1],[1,-1],[3,-3],[2,-6],[2,-15],[-5,-16],[-1,-17],[12,-24],[13,12],[9,5],[9,-2],[25,-8],[4,1],[7,15],[11,34],[4,2],[13,-45],[0,-11],[10,12],[3,19],[6,6],[3,-9],[0,-18],[6,-19],[-3,-28],[5,-18],[13,23],[7,18],[8,-2],[5,5],[1,-31],[7,-33],[39,2],[0,-85],[44,1],[0,-50],[14,0],[1,30],[29,0],[0,19],[0,73],[2,12],[13,-1],[-1,19],[16,1],[33,11],[0,-20],[8,0],[4,18],[6,-29],[42,2],[1,72],[13,-5],[16,-1]],[[286357,660666],[0,-17],[-8,0],[0,-27],[-20,-1],[1,62],[-23,17],[-6,-6],[-25,-23],[0,-23],[-14,0],[-2,9],[-11,-10],[0,-29],[-4,1],[-3,-1],[0,22],[-8,-5],[-4,-3],[-24,-18]],[[286094,660575],[-5,0],[-11,-5],[-3,5],[-11,0],[-4,0],[-22,-15],[-1,15],[4,0],[-4,3],[-3,10],[-6,24],[-5,5],[-48,37],[-6,5],[-2,-6],[-2,-4],[-7,-2],[-2,1],[0,12],[-26,2]],[[286415,660542],[-14,-4],[-11,-8],[-13,-38],[-15,1],[-1,-46],[-11,14],[-3,33],[-7,0],[-4,-24],[-4,5],[0,-10],[8,-11],[3,-26],[12,-13],[6,-35],[-8,-2],[-14,-20],[-6,11],[7,-13],[9,13],[0,-87],[28,-1],[1,-43]],[[282092,651704],[-10,26],[-13,-25],[-10,11],[-83,-3],[0,27],[-15,4],[-8,12],[-21,57],[-12,3]],[[284846,657613],[14,-1],[1,-91],[19,0],[207,-1],[30,-1],[-1,98],[-3,0],[1,72],[33,-1]],[[284970,656497],[-15,1],[2,17],[-6,3],[0,64],[-15,0],[0,43],[6,45],[-4,-3],[-11,-1],[9,1],[-1,25],[-5,12],[7,12],[12,36],[-13,2],[0,25],[-12,2],[-4,14],[0,41],[-15,0],[0,-170],[-2,0],[-4,44],[-4,16],[-3,61],[-5,18],[2,20],[-1,23],[-6,38],[-5,17],[3,12],[-11,20],[-9,58],[1,10],[-6,39],[-8,2],[0,45],[0,119],[49,11],[9,6],[0,37],[-15,1],[0,81],[-17,1],[-27,1],[0,175],[0,92]],[[278904,617161],[-1,170],[-1,10],[-13,18],[-8,7],[-10,34],[70,101],[127,166],[22,35]],[[281610,645010],[59,-2],[-2,335],[-30,1],[-30,8],[-1,112],[18,5],[9,-3],[4,12],[3,32],[4,13],[13,-5],[2,8],[2,40],[3,16],[5,5],[11,-11],[6,6],[5,21],[4,-5],[1,-29],[5,-13],[5,-2],[9,18],[-1,33],[-4,12],[7,27],[-1,12]],[[281679,645751],[-18,-3],[-41,8],[-4,23],[-42,0],[-14,17],[-19,4],[-14,3],[-1,17],[-12,19],[-7,-18],[-27,22],[0,67],[-31,87],[-2,18]],[[286932,659691],[1,-183],[29,2],[1,-88],[-7,-10],[0,-9],[9,-5],[12,-18],[15,-4],[1,-95],[2,-209],[1,-217],[1,-199]],[[286998,658523],[-26,5],[-13,-50],[-11,8],[-8,-6],[-19,6],[1,-64],[-15,0],[0,-12],[5,-6],[5,-30],[8,-24],[-10,-7],[-8,1],[-31,13],[-14,10],[-12,17],[1,-32],[-1,-33],[6,-18],[-7,-8],[-1,-12],[0,-72],[-27,0],[0,-61],[-3,0],[-1,143],[-6,8],[-5,21],[-11,7],[-7,16],[-6,47],[-4,-3],[-19,4],[-1,-52],[0,-18],[4,-37],[-11,-17],[-14,2],[1,-18],[4,-11],[-9,-21],[-5,-28],[0,-68],[15,1],[0,-43],[-4,0],[1,-20],[-3,-8],[7,-13],[12,6],[2,-12],[1,-163],[-118,-1],[0,-30]],[[286641,657840],[-3,14],[-27,58]],[[286482,658267],[-12,9],[-11,-1],[0,64],[-16,1],[0,53],[4,12],[11,-2],[0,64],[28,1],[-1,76],[-45,0],[-7,0],[4,37],[-8,0],[-1,133],[-7,7],[0,36],[-8,0],[0,43],[-30,0],[0,42]],[[286383,658842],[0,43],[45,0],[0,32],[15,-1],[15,-10],[-1,56],[16,-1],[0,8],[4,0],[2,12],[1,72],[8,1],[14,1],[-18,33],[-5,2],[-6,-1],[-4,45],[-3,5],[-7,0],[-2,6],[-15,0],[0,26],[-14,3],[0,50],[4,0],[10,35],[0,50]],[[277367,625332],[-2,34],[24,-2],[0,-79],[43,-93],[15,-1],[-2,116],[2,51],[28,-2],[1,-85],[125,-7],[22,-86]],[[277910,624649],[-16,-1],[-16,3],[0,-35],[-2,-3],[-11,11],[-12,-5],[-11,-19],[-13,-4],[-14,31],[-4,0],[-4,-12],[-8,4],[-6,-4],[-10,-48],[-5,-11],[-7,-33],[-7,-9],[-20,1],[-21,-1],[-5,6],[-12,25],[0,-220],[0,-2],[115,-2],[1,-297]],[[277822,624024],[0,-210]],[[277822,623814],[-75,0],[-6,61],[-5,15],[-2,41],[-3,13],[-6,8],[-8,1],[-7,-5],[-5,12],[-14,20],[-15,26],[-28,-5],[0,30],[-9,1],[-2,19],[-8,10],[-3,11],[-9,11],[-4,20],[-7,4],[-7,28],[-10,4],[-11,23],[-45,3],[0,-42]],[[277503,623892],[-2,-62],[-85,7],[0,-24],[-7,-4],[-7,4],[-15,-6],[-13,11],[-16,-5]],[[277358,623813],[1,200],[-43,0],[-6,41],[-9,2],[0,83],[19,2],[-3,17],[3,18],[9,9],[0,22],[-5,16],[1,15],[4,6],[1,24],[-13,-10],[-9,1],[-5,7],[-2,-37],[-12,-17],[-11,-34],[-9,-10],[-14,-70],[-3,-10],[-9,1],[0,266],[-2,0],[-1,28],[-4,14],[-7,0],[0,42]],[[276920,629781],[-1,-30],[-3,-12],[-8,-12],[-3,-35],[-4,-25],[-11,-45],[-3,-17],[0,-36],[2,-20],[6,-43],[1,-26],[-2,-23],[-5,-27],[-6,-21],[-13,-32],[-7,-5],[-9,-31],[0,-20],[3,-32]],[[276458,627454],[0,25],[0,267],[0,37],[0,10],[0,12],[-1,450],[0,35],[0,44]],[[276457,628334],[0,30],[-1,396],[0,34],[0,137],[0,121],[0,267],[0,118],[0,170],[0,167]],[[286383,658842],[-32,0],[16,-53],[0,-74],[-77,-1],[-10,1],[-1,170],[-11,-1],[-2,-12],[-11,-30],[-6,-40],[-5,-6],[-2,-17],[-7,-5],[0,109],[-76,-2],[0,-15],[-10,-15],[-14,-2],[-5,-19],[-15,-11],[-2,-38],[1,-29]],[[276242,624271],[15,0],[-2,-104],[-4,-25],[3,-40],[7,-6],[6,47],[-1,16],[-5,20],[1,45],[14,32],[3,36],[4,11],[-1,39],[4,12],[6,-6],[5,-31],[5,-10],[7,-1],[5,-38],[14,36],[-3,25],[4,29],[6,-18],[7,11],[1,9],[-3,13],[3,12],[2,-25],[-2,-12],[-1,-159],[-14,0],[0,-145],[-1,-204],[7,-33],[47,0],[4,-20],[0,-71],[-2,-39],[118,1],[0,-359],[14,-43],[15,-8],[0,-96],[41,-2],[0,-24],[-7,-46],[-12,-31],[0,-14],[-7,-14],[-7,-6],[-9,10],[0,-42],[29,-1],[0,-85],[29,-1],[0,-85]],[[281808,661281],[1,5]],[[277149,630461],[-11,-59],[-6,22],[-3,19],[-15,7],[-8,-10],[-9,2],[0,6],[-9,7],[-16,-3],[-5,13],[-20,2],[1,124],[0,46],[-14,0],[-14,16],[-14,4],[3,77],[3,21],[-2,51],[-91,-1]],[[276921,631145],[3,23],[4,43],[3,80],[4,49],[1,53],[-8,138],[-1,73],[-1,10],[0,20],[3,32],[8,27],[8,70],[0,61],[-1,110],[-6,34],[-8,24],[-6,33],[-8,53],[-3,45],[-2,47],[0,85],[0,49]],[[283932,621980],[2,4],[-2,23],[0,33],[6,45],[15,43],[2,10],[1,26],[-3,13],[-4,5],[-15,-6],[-10,-20],[-1,-25],[-4,-15],[-14,-32],[-9,-1],[7,146],[-4,3],[-13,48],[-10,10],[4,11],[-5,2]],[[279333,630378],[0,-150],[59,59],[0,-2],[2,2],[1,-38],[23,0],[0,-42],[-17,0],[0,-31],[5,0],[0,-138],[-14,0],[0,-228],[34,-44],[-5,-14],[0,-53]],[[279977,650829],[-10,-1],[-6,-18],[-14,36],[0,-18]],[[279760,650564],[-60,0],[0,101],[-3,26],[-12,1],[0,-43],[-33,0],[-4,-2],[0,-27],[-8,0],[0,9],[-7,-5],[-8,-14],[-31,-1],[-14,-23],[0,65],[-7,0],[0,-42],[-7,0],[-1,-40],[-37,-3]],[[279528,650566],[-8,1],[0,23],[-9,14],[-10,24],[-27,56],[28,314],[-16,-6],[-26,0],[0,78],[0,127],[29,2],[1,40],[-30,1],[0,80],[-52,3],[-7,-10],[-7,10],[-23,0],[0,255],[-17,1],[-10,10],[-12,3],[10,59]],[[279087,651580],[21,0],[9,-43],[44,-2],[0,-125],[-44,0],[0,-40],[-11,-3],[-2,-23],[5,-103],[52,-1],[1,-170],[-1,0],[1,-5],[0,-90],[-4,-46],[-33,-80],[-31,-21],[-19,-35],[-1,279],[-1,0],[-1,-168],[-89,4]],[[278683,651071],[-11,7],[-11,3],[-38,2],[-1,117],[0,10],[-1,125],[-64,1],[1,254],[60,-1],[-1,129],[-60,-14],[0,56]],[[278557,651760],[-2,165],[60,-20],[0,24],[-12,0],[-3,13],[-1,105],[8,16]],[[283181,622365],[11,331],[-6,-15],[-20,-19],[-5,-15],[-19,-19],[-2,-11],[-14,-22],[-16,-8],[-9,-16],[-8,-7],[-7,-19],[-12,-21],[-12,-38],[-18,-19],[-29,-5],[0,157],[4,17],[8,1],[4,-16],[5,21],[6,17],[5,-2],[7,-24],[6,4],[-5,27],[17,25],[7,0],[19,30],[-2,23],[3,8],[5,-8],[5,6],[-2,21],[9,-2],[2,15],[5,-22],[6,-6],[9,19],[20,7],[-24,15],[-15,0],[0,43],[-2,60],[3,62],[1,261],[42,0],[1,135],[1,1],[0,32],[-58,-1],[-8,1],[-137,-11],[0,4],[-2,2],[-7,-6],[-21,-1]],[[283465,628820],[92,2],[25,1],[-1,16],[5,7],[0,37],[29,0],[0,64],[29,1],[0,-41],[7,0],[4,-82],[105,4],[-3,-37],[-4,-27],[0,-20],[2,-32],[-1,-37],[-3,-34],[-3,-18],[-10,-27],[-1,-19],[7,-17],[19,198],[1,32],[6,38],[14,0],[121,4],[0,-42],[7,-8],[1,-13],[7,-4],[13,-18],[1,-42],[29,-1],[0,-41],[28,-1],[1,-84],[23,1],[5,12]],[[284810,658369],[5,1],[1,18],[15,-1],[1,-13],[13,1],[0,159],[59,-4],[35,-3],[72,-5],[44,-2],[0,170],[30,-2],[1,-170],[60,-5],[-1,262],[61,-3],[-1,76]],[[284846,657613],[0,162],[-15,1],[-1,84],[16,1],[-1,15],[-30,26],[-5,12],[-2,31],[-23,0],[0,84],[-40,1],[-3,42],[0,48],[-3,12],[0,33],[-3,14],[-8,21],[58,-2],[1,47],[5,19],[7,10],[10,60],[1,35]],[[286641,657840],[13,-55],[19,0],[27,-60],[0,-193],[3,0],[0,-173],[-19,0],[-9,15],[-2,-15],[0,-85],[15,0],[0,11],[10,0],[5,24],[28,-82],[17,-35]],[[286705,656777],[-13,-13],[-6,-17],[-15,-15],[-3,-15],[-10,-13],[-5,24],[2,25],[-10,23],[0,75],[-4,1],[-178,-2]],[[277666,620915],[36,-2],[0,-86],[0,-26],[0,-232],[29,-3],[0,-43],[18,-36],[13,-13],[11,7],[6,12],[9,7],[9,21],[17,-6],[6,-14],[25,1],[16,20]],[[284982,655137],[8,0],[0,-13],[5,0],[2,-25],[0,-46],[31,2],[0,-172],[-45,-1],[0,43],[-15,0],[0,-128],[30,1],[0,-171],[1,-173],[17,-18],[10,2],[21,-7],[9,-23],[3,-2],[3,-57],[4,-19],[19,-66],[3,-23],[-7,-4],[-5,-70]],[[285076,654167],[-168,-24]],[[284908,654143],[0,77],[0,56],[0,152],[0,144],[0,55],[0,64],[0,199],[-40,-1],[-19,-1],[-109,-1],[-178,-2],[-46,0],[-31,-1],[-10,-1]],[[278888,620643],[3,43],[7,0],[0,42],[35,0],[0,42],[11,1],[1,83],[-15,-1],[1,87],[17,2],[12,-42],[13,0],[0,23],[8,-7],[0,47],[7,0],[0,21],[71,4],[14,17],[0,24],[15,1],[0,30],[0,7],[0,162]],[[279088,621229],[0,97]],[[279087,619836],[0,8],[-1,63],[1,5],[0,63],[0,64],[1,320],[0,60],[-18,2],[-4,11],[-12,17],[-13,-1],[-3,27],[0,87],[7,6],[-2,98],[-4,-2],[-4,18],[-6,-10],[-41,-43],[-17,-63],[-52,-125],[-17,-16],[-13,0],[-2,35],[-3,8],[2,49],[0,37],[3,21],[-1,68]],[[287699,656761],[31,2],[31,2],[57,3]],[[281188,632627],[1,-25],[0,-18],[-1,2],[-14,-1],[0,-11],[0,-33]],[[280888,632318],[0,28],[-3,0],[-3,22],[-9,0],[0,22],[14,0],[0,16],[0,86],[-10,0],[-7,0],[-3,-1],[10,34],[8,47],[2,4]],[[278818,641284],[-5,2],[2,-289],[-30,1],[0,85],[-29,0],[-21,-102],[-6,4],[-1,-13],[-9,19],[-10,10],[-2,14],[-14,4],[-5,9],[-1,28],[-4,-13],[-16,-1],[-1,-14],[-4,3],[-5,23],[-7,8],[1,33],[-5,13],[3,16],[-9,26],[-9,13],[-8,34],[-7,-3],[-2,-14],[-9,-4],[-7,15],[2,-21],[-13,-3],[-4,16],[-9,10],[-1,19],[4,4],[-2,21],[-4,-3],[-9,10],[-11,-4],[-5,14],[-9,-14],[-5,2],[-7,12],[-6,10],[0,-31],[21,0],[20,-3],[3,7],[2,-24],[-24,-1],[0,-133],[30,1],[1,-85],[-134,-4]],[[285983,656842],[112,2],[8,0],[0,88],[15,-1],[1,83],[15,-1],[0,39],[30,4],[0,20],[15,-26]],[[285810,654976],[1,484],[-3,-11],[-10,-1],[-9,9],[-4,13],[2,16],[84,1],[-1,252],[-30,-1],[0,85],[-14,0],[0,83],[-15,0],[-1,84],[60,1],[0,145],[-30,31],[0,160],[30,1],[0,172],[-1,2],[60,1],[0,127]],[[283318,651979],[33,-3],[0,114],[6,-13],[13,12],[6,-7],[5,29],[5,7],[10,-20],[7,-8],[13,2],[7,-9],[7,4],[4,11],[6,-7],[5,5],[5,-17],[8,22],[7,-3],[0,64],[60,2],[180,0]],[[283705,652065],[1,-428],[1,-434],[0,-70],[0,-5],[0,-3],[0,-158],[29,1],[0,-38],[3,-8],[0,-25],[22,1],[0,-136],[-30,21],[0,-91]],[[278181,646622],[-8,-45],[-9,-4],[-12,11],[-70,-10],[0,-185],[-9,-7],[-35,-17],[-3,2],[-13,31],[1,-58],[59,0],[0,-42],[15,-1],[0,-127],[-13,0],[8,-40],[13,-70],[6,18],[0,-79],[30,0],[-1,-146],[0,-43],[0,-44],[59,-10],[0,87],[121,-1],[0,-85],[0,-253],[-90,1],[1,-235],[-11,-2],[-4,-17],[76,1],[1,-83],[27,0],[0,-169]],[[282261,654878],[0,-122],[14,8],[8,-16],[7,0],[0,-32],[3,-9],[-3,-32],[4,-5],[7,-25],[5,-45],[0,-36],[-5,-30],[-3,-41],[24,1],[3,-24],[-3,-11],[1,-221],[-30,-2],[0,-83],[-28,-1],[1,-166],[16,2],[38,-40],[6,6],[0,-69],[-8,-21],[1,-42],[-8,0],[1,-169],[-15,-1],[1,-84],[131,4],[0,-36],[-4,0],[1,-48],[-8,0],[0,-85],[-7,-1],[0,-41],[-7,-1],[0,-42],[-75,-3],[0,-126],[-16,-1],[0,15],[-28,1],[0,-27],[-15,-1],[0,-31],[-45,-2],[0,-4],[1,-75]],[[282118,624555],[1,-171]],[[280243,661548],[6,38],[17,131],[19,150],[5,74],[7,89],[0,9],[13,114],[14,139],[2,41],[-3,43],[1,5],[11,53],[13,76],[3,21],[6,49],[37,266],[14,134],[26,323],[8,103],[0,95],[4,90],[2,47]],[[285648,623632],[6,14],[12,38],[4,1],[-2,1],[11,50],[7,42],[3,15],[13,19],[11,8],[12,-5],[11,-11],[2,-2],[4,-5],[13,-27]],[[285755,623770],[-4,-21],[-3,-2],[-4,-13],[-3,-3],[-2,1],[0,-7],[8,-2],[4,6],[1,-9],[10,4],[1,4],[7,3],[3,0],[1,-11],[-3,5],[-1,-13],[-26,-19],[-1,-36],[-2,-17],[-1,-18],[-7,20],[-7,6],[-2,3],[-8,6],[-11,-3],[-2,1],[-2,-1],[-3,-10]],[[276169,654868],[0,-21],[0,-22],[0,-42],[1,-64],[0,-21],[0,-22],[0,-64],[1,-42],[0,-30],[0,-13]],[[285541,624883],[15,-46],[23,-57],[7,-12],[14,-40],[2,-14],[1,24],[10,-2]],[[285648,624531],[-3,-24],[-3,-7],[-3,-17],[-11,-11],[-2,-19],[9,-3],[-3,-14],[-2,-41],[3,2],[6,1],[0,-18],[18,0],[0,-11],[-11,0],[2,-19],[-10,2],[-2,-50],[5,-1],[10,-5],[-1,-27]],[[285617,624190],[-5,6],[-14,22],[1,11],[-10,2],[0,-17],[-6,9],[-20,38],[-2,1],[1,38],[-2,0],[-5,17],[-7,2],[-2,-1],[-13,3],[-12,-6],[-3,1],[0,10],[-8,6],[-5,1],[-2,1],[-1,-36],[-10,33]],[[283469,619604],[0,-32],[10,-14],[13,-24],[10,-28],[18,-77],[7,-25],[10,-21],[14,-26],[-8,-20],[39,-118],[6,-24],[-10,-16],[-6,-17],[0,-10],[-11,-47],[0,-20],[-6,-48],[-4,-7],[0,-43],[-5,-45],[-1,-25],[7,-25],[0,-54],[-4,-13],[-5,6],[-7,-15],[-1,-21]],[[283535,618795],[-15,-7],[-5,-37],[-6,9],[-7,-11],[-11,8],[-11,42],[-3,-19],[-25,92],[7,25],[5,8],[-3,72],[-3,5],[-48,44],[-12,10],[-40,31],[-2,-27],[-9,-24],[-6,-4],[-21,5],[-6,-2],[-1,9],[-20,1],[-4,-7],[-5,26],[-32,2],[23,-44],[-9,-19],[0,-30],[-6,-28],[-11,-19],[-6,-19],[-7,10],[-16,11],[-5,-1],[3,-18],[12,-39],[16,-67],[-11,-8],[-3,-16],[3,-8],[43,-77],[-12,-11],[-6,-17],[-25,-15],[-20,-4],[-11,7],[-8,-6],[-6,3],[-10,17],[-7,-2],[-6,22],[-13,12],[-10,-10],[-5,-11],[-14,-13],[-6,5],[-14,-5],[-11,7],[-1,11],[0,-9],[3,-36],[-3,-22],[6,3],[-1,-7],[-1,-68],[-5,-23],[-11,-14],[-13,-26],[-4,11],[-6,-3],[-14,4],[-6,-3],[-2,20],[-1,5],[-1,-12],[-4,12],[-10,-8],[-11,-54],[-9,-22],[-6,-6],[7,-32],[-4,-108],[0,-30],[-6,-33],[1,-25],[-5,0],[2,-27],[-7,11],[-8,74],[3,59],[7,10],[-11,90],[-9,-5],[-11,16]],[[282953,618406],[4,244],[-1,36],[-3,36],[-11,80],[-9,52],[-15,63],[-10,50],[-4,40],[-2,37],[-1,56],[2,48],[3,32],[7,64],[3,38],[2,22],[12,60],[27,120],[12,30],[27,48],[11,17],[12,10],[12,6],[17,2],[12,-5],[12,-10],[15,-16],[28,-20],[12,-12],[32,-9],[5,-1],[17,-3],[31,5],[8,-15],[18,4],[42,30],[41,37],[12,13],[45,24],[13,4],[33,3],[17,-5],[28,-17]],[[280042,640102],[1,126]],[[280694,641415],[20,-8],[17,26],[6,3],[15,-6],[1,-169],[29,1],[19,-18],[4,-27],[5,-13],[0,144],[50,2],[68,1],[177,7],[0,85]],[[284046,654750],[20,-6],[0,-42],[24,1],[6,-8],[1,-77],[-15,0],[2,-88],[-3,-46],[6,-57],[8,-11],[4,-19],[-5,-41],[0,-35],[11,-16],[8,-6],[9,-18],[14,12],[4,18],[6,-10],[3,16],[6,-1],[0,-27],[-2,-11],[3,-25],[-8,-20],[2,-38],[7,0],[1,3],[0,48],[7,1],[7,0],[-2,-9],[-2,-39],[15,-1],[3,49],[5,37],[-4,58],[0,76],[0,11],[10,-4],[5,5],[8,30],[7,-2],[5,-34],[19,10],[6,-3],[0,-61],[45,-1],[-2,-67],[-2,-16],[-6,-12],[9,-11],[3,-2],[0,36],[3,71],[10,0],[2,-10],[6,1],[0,-23],[5,-18],[-1,-30],[19,-8],[3,4],[41,1],[1,-84],[15,0],[43,1],[-23,-85],[-18,-85],[14,1],[0,-43],[16,1],[0,-43],[45,2],[0,-32],[30,2],[0,-53],[180,7],[34,2],[22,-45],[34,-62],[8,-25],[6,-34],[4,1],[-3,28],[-7,13],[-2,12],[-12,27],[-10,64],[-8,23],[156,14]],[[284907,653892],[1,-254],[1,-239],[0,-11],[0,-143],[0,-31],[0,-40],[0,-116]],[[284909,653058],[-32,-3],[-2,-5],[4,-45],[-5,-1],[0,-31],[-6,3],[-6,-20],[-3,3],[-1,20],[-6,15],[-7,-1],[-7,15],[-1,8],[-10,-13],[-5,24],[0,13],[-5,10],[-7,0],[-8,16],[-8,-3],[0,16],[-5,7],[-9,-37],[-30,-2],[-1,153],[-30,-2],[5,-13],[-11,-28],[-8,-33],[-17,0],[-16,27],[-1,44],[-102,-7],[2,-31],[2,-12],[0,-18],[-3,-19],[4,-234],[-38,-65],[-39,-17]],[[282678,659738],[41,0],[0,-40],[50,-1],[0,-65],[7,0],[0,-34],[8,0],[0,-28],[14,0],[0,-42],[2,0],[4,0],[2,0],[17,24],[18,28],[7,-8],[16,15],[10,-3],[7,14],[13,55],[10,-4],[5,19],[9,23],[4,-4],[2,27],[9,22],[7,2],[0,-38],[26,0],[1,-85],[5,12],[9,4],[7,21],[2,-7],[22,1],[0,-114],[5,0],[-11,-17],[-6,-4],[-3,-17],[1,-103],[23,0],[0,-10],[7,-11],[74,-2],[4,3],[8,16],[5,2],[0,64],[22,0],[-7,-21],[1,-13],[10,-22],[21,-6],[4,32],[2,2],[5,29],[33,0],[0,-17],[-5,-24],[-9,-8],[1,-36],[65,-1]],[[283262,659368],[-11,-42],[-5,-9],[-4,-45],[-3,-8],[-12,-7],[-15,-39],[1,-142],[-13,0],[0,-38],[9,-1],[-4,-15],[0,-34],[5,0],[0,-116],[3,-11],[-68,0],[-2,-9],[-18,-22],[-17,-59],[-7,-34],[-8,0]],[[284779,660312],[16,0],[0,-81],[25,0],[12,-1],[7,0],[2,-2],[0,28],[26,0],[-1,54],[56,0],[1,-85],[4,0],[55,1],[1,-7],[-7,3],[-3,-13],[-2,-40],[-6,-25],[-9,-9],[7,-17],[-7,-5],[-9,-22],[-3,-18],[4,-50],[3,-8],[28,0],[0,-36],[21,1],[0,-94],[34,0],[56,0]],[[284810,658369],[-14,0],[-72,0],[0,165],[-60,0]],[[284540,659365],[-1,183],[-30,0],[-1,254],[11,51],[19,10],[0,195],[182,1],[0,9],[-10,7],[-14,27],[-4,21],[-9,20],[42,1],[11,-12],[0,53],[-17,0],[-1,45],[32,0],[29,1],[0,81]],[[283535,618795],[4,-24],[-2,-20],[5,-3],[-6,-49],[-1,-16],[8,-70],[1,-29],[-9,12],[0,14],[-11,-4],[15,-58],[-10,11],[-6,-13],[-12,-16],[-3,3],[-1,-47],[2,-21],[-5,-50],[0,-11],[-6,-66],[-7,-35],[4,-56],[12,7],[31,-11],[7,2],[18,43],[9,-18],[1,-5]],[[282976,617084],[11,35],[14,56],[11,54],[5,39],[7,53],[3,35],[3,56],[1,50],[-2,134],[-5,58],[-9,64],[-4,24],[-37,210],[-3,25],[-6,32],[-6,57],[-4,93],[0,35],[-2,187],[0,25]],[[281991,638690],[-1,-223],[-29,35],[0,-149],[58,0],[0,-169],[-29,1],[-1,-256]],[[281691,636431],[-59,-3]],[[281632,636428],[0,170],[0,233],[2,79],[-1,-1],[-2,52],[2,33],[-56,-1],[-1,-85],[-76,-2],[0,15],[1,154]],[[286702,649476],[-10,-1],[-19,-53],[-19,-24],[-12,-8],[0,-244],[0,-170],[60,0],[-1,-425],[-32,-1],[-8,36],[-10,20],[-6,22],[-4,5],[0,-169],[-1,-169]],[[286580,648124],[-30,0],[0,-131],[-6,-5],[-11,2],[1,11],[6,13],[0,10],[-8,6],[-4,-26],[-8,18],[0,-66],[-142,-4],[-30,1]],[[286066,647952],[-66,0],[-7,79],[-2,6],[-30,0],[0,84],[-30,0],[0,92],[20,5],[0,9],[8,0],[-1,15],[6,12],[9,-1],[0,41],[-42,-2]],[[285931,648292],[0,254],[0,85],[59,4],[0,166],[-60,0],[-1,177],[-119,-5],[-1,177]],[[285809,649150],[0,91],[11,-27],[8,-6],[10,-1],[7,6],[6,35],[-1,34],[-5,19],[-12,21],[-3,19],[-9,-14],[-3,17],[-7,9],[-3,-8],[0,-21],[-11,2],[-47,21],[1,130],[57,4],[-1,339]],[[282102,633546],[1,-169],[44,171],[7,-26],[2,-40],[5,-8],[2,-520],[8,0],[1,-64],[-8,2],[1,-23],[1,-93],[6,-7],[5,-16],[0,-45],[159,3],[0,-170]],[[282285,631036],[-3,0],[-8,-25],[-4,15],[-18,32],[-3,0],[-11,-25],[-6,-7],[-8,5],[-13,-1],[-6,-5],[-3,-10],[-1,-35],[-8,-7],[-4,-33],[-31,-48],[-5,0],[-1,14],[-6,-21],[-2,-34],[1,-10],[-26,1],[-3,-1],[0,14],[-5,32],[-1,36],[-25,3],[-2,31],[-11,37],[-15,18],[0,-85],[-22,0],[1,-60],[-8,1],[0,-16],[-14,0],[0,-10],[-15,0],[-2,0],[0,-134],[-76,72]],[[281921,630780],[5,45],[-1,19],[1,29],[-4,12],[-9,13],[-1,26],[3,18],[-3,23],[0,22],[6,26],[-6,0],[-3,-50],[-13,-3],[-1,53],[-70,0],[0,-143],[-29,28],[-1,93],[-18,-1],[-1,10],[-10,1],[0,46],[5,27],[-1,33],[1,9],[2,48],[-1,17],[-7,0],[0,-28],[-22,-1],[0,-57],[-7,-1],[0,50],[-29,0],[0,-163]],[[281707,630981],[-58,55],[-1,143],[-44,-1],[0,86],[29,-1],[10,8],[-1,36],[-9,0],[0,36],[-11,0],[0,7],[-21,-1],[0,22],[-9,1],[6,52],[-1,21],[3,40],[10,26],[0,10],[-1,0],[1,46],[0,5],[4,13],[5,10],[5,27],[-5,28],[-15,-31],[-7,4],[-4,18],[6,26],[-1,24],[-12,0],[0,73],[-46,-8],[-13,-4],[-56,-9],[-58,-11],[0,12]],[[284509,647550],[0,2],[10,27],[14,19],[14,2],[6,-54],[0,-49],[-10,-24],[-5,23],[-2,44],[-22,4],[-4,4],[-1,2]],[[284172,647032],[-7,10],[-7,3],[-3,1],[32,51],[23,2],[0,39],[13,23],[-4,15],[-10,4],[0,5],[-1,83],[-1,12],[19,40],[5,18],[2,7],[3,10],[0,1],[1,0],[7,1],[0,-42],[8,1],[0,-16],[-13,-2],[8,-25],[36,5],[12,114],[0,3],[0,8],[-6,-6],[-7,6],[-9,22],[-2,20],[2,1],[10,2],[-1,0],[4,1],[-4,8]],[[284341,647819],[-11,-103],[53,157],[35,101],[41,103],[10,34],[-2,15],[0,21],[17,1],[8,23]],[[284500,648149],[2,-104],[4,1],[11,-36],[-15,-12],[2,-121],[66,4],[-2,-24],[2,-19],[6,-32],[-3,-50],[0,-39],[8,0],[0,-61],[-8,-2],[-7,-21],[1,-3],[-2,-29],[7,-23],[-4,-29],[-4,-12],[-8,2],[-3,20],[-4,41],[-10,8],[-6,-5],[-18,-24],[-3,-10],[-3,-19]],[[284509,647550],[-1,-12],[10,-23],[3,-40],[-7,-15],[-15,15],[-6,-5],[-2,-16],[0,-30],[-2,-32],[-10,-36],[-5,-4],[-7,-28],[0,-30],[13,22],[0,-22],[38,21],[8,6],[14,19],[0,-15],[4,2],[29,49],[17,36],[15,-26],[12,-28],[2,-19],[5,-14],[1,-25],[9,0],[-19,-32],[1,-139],[1,-167],[-14,-1],[1,-170]],[[284162,646756],[0,41],[7,0],[3,38],[-33,-1],[-1,5],[-14,13],[0,6],[81,1],[8,4],[0,10],[-21,13],[-18,0],[28,9],[-1,27],[12,1],[0,0],[0,30],[-14,8],[-8,15],[-5,25],[-14,31]],[[286284,631559],[1,-41],[5,-36],[-5,-7],[-14,-1],[0,-12],[3,0],[0,-63],[-2,0],[-1,-4],[0,-10],[7,-21],[0,-24],[22,-3],[0,14],[25,1],[0,28],[5,0],[0,11],[10,1],[3,5],[-1,81],[29,2],[0,-59],[11,0],[3,-16],[0,-12],[32,1],[1,-6],[1,-46],[-13,10],[-18,-73],[25,-9],[0,-47],[2,-87],[-22,-1],[1,-44],[3,-1],[0,-26],[5,1],[0,-26],[-4,0],[3,-17],[-1,-19],[-5,0],[2,-39],[9,0],[0,-39],[-8,-5],[-2,20],[-6,5],[0,-67],[-60,-1]],[[286290,654266],[14,1],[329,35],[59,6],[29,3],[32,3],[27,3],[90,10]],[[286634,653061],[-60,2],[1,-150],[-60,-1],[0,127],[-46,0],[-14,-11],[-1,57],[7,32],[7,7],[-1,30],[13,45],[1,23],[-27,1],[-4,20],[1,27],[-1,25],[-10,30],[-18,62],[-6,1],[-4,10],[-11,58],[-5,0],[1,-233],[-3,-12],[0,-173],[-49,1],[0,184],[-91,0]],[[286254,653223],[-1,63],[27,0],[0,170],[-49,-2],[0,25],[-14,-20],[-5,14],[3,34],[-5,10],[-3,-29],[-4,-13],[-6,0],[-3,10],[4,19],[-2,9],[-5,-1],[-8,-10],[-12,6],[-11,-7],[2,-15],[0,-39],[-3,-8],[-6,13],[-8,-1],[-3,15],[-2,-14],[-14,0],[10,170]],[[282294,633721],[13,-39],[5,-11],[1,-49],[3,-12],[3,-39],[-4,-19],[25,0],[0,-69],[16,-65],[0,-29],[3,-6],[40,-1],[8,0],[4,-14],[7,-9],[5,4],[3,-16],[2,1],[2,24],[9,6],[8,1],[8,-11],[6,0],[3,14]],[[282513,632786],[-21,-19],[-35,-36],[-1,-104]],[[280732,648032],[-108,0],[-97,1],[-14,-6],[-17,-1],[3,-113],[0,-56],[-33,0],[-9,-6],[-89,1],[0,96],[4,4],[1,30],[-3,5],[0,46],[-181,-3],[-58,-1]],[[280131,648029],[-2,727],[1,6],[-1,99]],[[288055,653822],[-6,-46],[-7,-27],[-14,21],[-28,-72],[6,-1],[0,-114],[-11,-52],[-23,0],[0,-14],[0,-26],[14,0],[19,-1],[2,0],[1,-123],[25,1],[0,22],[15,58],[13,56],[1,-53],[15,0],[1,-62],[8,-4],[1,-17],[6,0],[0,-15],[6,1],[0,-28],[9,0],[-1,-42],[0,-31],[-5,-10],[-8,0],[0,-17],[-25,-1],[0,-69],[-29,-3],[0,-50],[-6,-9],[-9,0],[9,-25],[11,1],[24,1]],[[287770,651827],[-23,-31],[-25,-51],[-13,24],[0,-62],[-70,0],[-5,8],[0,76],[-30,0],[0,-42],[-15,-11],[0,-32],[-31,0],[1,13],[4,28]],[[283469,619604],[30,-31],[11,-18],[19,-39],[10,-30],[6,-29],[11,-70],[6,-35],[6,-28],[16,-56],[12,-64],[23,-69],[10,-35],[20,-40],[11,-16],[19,-16],[20,-19],[1,4],[5,-5],[5,-3],[6,-2],[2,-2],[2,-15],[1,-27],[2,0],[-2,40],[2,0],[3,2],[4,-3],[18,-3],[11,-2],[11,6],[4,1],[6,4],[20,16],[35,42],[42,62],[6,12],[27,49],[14,37],[19,49],[-1,4],[33,84]],[[284074,618909],[2,-14],[8,-13],[10,-28],[5,-32],[0,-12],[-8,-36],[-1,-38],[-6,-31],[-20,-46]],[[287850,640172],[0,32],[3,200],[1,140],[-10,2],[-4,207],[-3,70],[0,4]],[[285767,624212],[7,2],[2,17],[6,-2]],[[285076,637790],[14,-1],[0,-150],[29,-1]],[[283262,659368],[9,0],[0,165],[-29,0],[2,11],[-9,0],[-3,18],[-14,25],[-4,30],[-5,0],[0,14],[4,46],[6,29],[5,-4],[39,1],[6,29],[0,25],[5,12]],[[283514,659119],[15,-5],[1,-96],[-8,-37],[-2,-31],[-6,-7],[0,-3],[-1,4],[-2,-2],[-1,-9],[-3,-1],[1,-7],[1,-6],[2,-7],[1,-4],[-1,-5],[-5,-9],[-1,0],[-2,4],[-1,2],[-1,-5],[1,-22],[-1,-3],[-2,4],[-3,-10],[3,-31],[-7,-29],[-6,-4],[-3,-38],[-7,-25],[-4,-42],[-77,-2],[1,-170]],[[282557,636439],[23,-4],[1,338],[28,1],[1,-340],[0,-126],[12,0],[-13,-80],[0,-15],[-11,-60],[-2,-20],[-6,-28],[1,-10],[2,-24],[4,-29],[-4,-30],[-6,-23],[0,-22],[5,-14],[8,-8],[4,-22],[0,-10],[-2,-8],[-7,2],[-8,-3],[4,1],[3,1],[4,-4],[4,2],[1,3],[1,6],[1,13],[-1,5],[-2,16],[7,0],[1,-21],[8,0],[14,0],[1,0],[9,0],[0,-36],[56,2],[0,32],[2,0],[-1,17],[8,12],[7,0],[16,16],[28,2],[0,-46],[-1,0],[0,-161],[74,-2],[3,2]],[[282934,635250],[-58,1],[0,-85],[-59,2],[0,84],[0,46],[-10,60],[-2,4],[-19,-24],[-8,12],[3,73],[-23,1],[-1,67],[-7,1],[0,17],[-22,0],[0,-20],[-15,-1],[0,-25],[-6,-6],[0,-25],[-9,-8],[1,-170],[-59,0],[0,-85],[-4,-26],[-12,0],[0,26],[-11,2],[-17,82],[-76,2],[0,5],[1,8],[3,-4],[2,2],[0,15],[-2,5],[-4,-9],[0,37]],[[283068,661601],[4,19],[2,37],[4,2],[-1,48],[-3,19],[2,6],[6,29],[-1,22],[-5,0],[8,25],[0,55],[14,2],[-1,25],[10,21],[0,90],[0,13],[-4,13],[-4,3],[2,34],[-7,50],[5,25],[-3,29],[9,39]],[[283385,660875],[-2,0],[-150,106],[-7,3],[-10,1],[-45,-2],[-18,-3],[-13,7],[-1,179],[26,24],[5,18],[0,20],[13,146],[-10,5],[-11,-34],[1,-30],[-6,-18],[-1,-26],[-6,-18],[-11,-19],[-8,-25],[-13,4],[-6,-23],[2,-21],[-7,-5],[0,-16],[-17,-48],[-12,-20],[-6,-16],[-10,-10],[19,37],[-13,31],[1,55],[3,21],[-23,-53],[5,16],[17,39],[-1,8],[5,53],[-1,24],[-7,9],[-3,53],[14,1],[0,45],[1,178],[15,0],[0,13],[-26,17]],[[285570,654806],[0,-85],[0,-84],[61,0],[15,0],[0,-80],[14,11],[0,28],[4,10],[-1,32],[55,0],[33,1]],[[285089,654169],[-7,-1],[-6,-1]],[[278076,653973],[47,67],[97,144],[61,81],[31,32],[2,3]],[[278314,654300],[0,-57],[1,-67],[-8,-27],[-1,-2],[-20,-39],[-8,37],[-7,-13],[-28,-77],[-1,-24],[-47,-78],[0,-4],[-46,-75]],[[278149,653874],[-31,-52],[-42,-61],[0,93],[-1,109],[1,10]],[[285240,629309],[30,-86],[-15,-1],[0,-87],[-1,-75],[-20,-2],[-2,-14],[0,-32],[-4,-5],[0,-103],[0,-117],[6,0]],[[285311,628792],[13,1]],[[284172,647032],[-6,5],[-8,-8],[-20,-55],[-11,-18],[-9,-50],[-5,-6],[-13,22],[-5,-1],[-20,-1],[-25,-8],[-15,31]],[[280806,634527],[4,-46],[2,-39],[0,-49],[1,-34],[0,-2],[-1,0],[0,-2],[2,-35],[0,-14],[22,-65],[11,-35],[4,-16],[4,-40],[1,-47],[0,-84],[-2,-85],[-1,-22],[0,-63],[0,-113],[2,-62],[3,-87]],[[280544,636878],[-4,-16],[-13,-29],[-4,-1],[-6,6],[-4,-5],[-13,-17],[-14,-2],[-12,-58],[-20,1],[-1,116],[1,84],[-58,-2],[-1,-49],[-30,-19],[-2,-15],[-27,-4],[0,-162],[-30,-3],[1,-250],[-89,-6],[-58,-5],[0,-86],[-37,-2],[11,-84]],[[280134,636270],[-32,-2],[-1,-4],[-30,-4],[0,-169],[-85,-5],[-3,8],[-4,-8],[-10,0],[0,79],[-18,58],[0,31],[9,0],[-3,16],[-6,10],[0,9],[-5,16],[-2,23],[-6,15],[-1,18],[-4,8],[-3,28],[-3,5],[-3,20],[-1,0],[3,-40],[0,-129],[-160,-4],[-1,-29],[-10,-2],[0,-68],[0,6],[-8,-4],[-8,11],[-9,-4],[-4,10],[-18,37],[-7,6],[-1,29]],[[276457,628334],[-6,-3],[-8,-23],[-10,-1],[-4,30],[-10,-1],[-4,29],[-14,26],[-9,23],[4,71],[-6,21],[-5,0],[1,-82],[-86,-2],[-1,37],[-15,28],[-3,-12],[0,-53],[-39,-1],[0,39],[-15,4],[-24,-3],[4,-40],[-5,-2],[-9,42],[-24,0],[0,22],[-8,8],[-6,46],[-12,31],[-4,19],[-13,2],[0,42],[-29,2],[0,-106],[-11,12],[-21,-13],[-13,-13],[-4,-14],[-9,2]],[[285742,661979],[-14,0],[0,19],[-10,2],[2,38],[-3,5],[-2,-21],[-20,0]],[[280542,656844],[11,-2],[10,-24],[8,4],[1,-64],[30,-1],[-1,-49],[-11,-15],[-7,-22],[8,-3],[7,15],[15,26],[7,5],[16,0],[4,8],[15,-5],[7,-11],[-4,-18],[0,-18],[5,0],[-1,-5],[0,-6],[7,0],[1,1],[0,10],[2,0],[6,-1],[-1,-44],[14,-1],[0,-124],[-4,0],[7,-9],[8,-26],[9,-2],[3,6],[2,-29],[5,-1],[11,-25],[3,-15],[8,6],[9,-14]],[[284904,623923],[21,26],[36,30],[15,22],[20,59],[4,21],[16,92],[6,33],[8,41],[10,38],[17,44],[15,24],[16,4],[24,-6],[19,-19],[17,-32],[5,-17],[24,-71],[11,-41],[14,-67],[12,-46],[11,-53],[22,-72],[3,-17],[8,-41],[7,-29],[8,-17],[27,-27],[20,-11],[8,1],[12,-7],[18,-19],[16,-26],[16,-35],[24,-84],[18,-40],[16,-32],[27,-36]],[[285421,622970],[-1,-21],[-5,-3],[-13,-33],[-11,3],[-7,7],[-8,3],[-32,-23],[-13,9],[-8,86],[-4,18],[-8,-11],[-7,-4],[8,28],[8,40],[4,9],[-6,74],[0,48],[-2,6],[-6,2],[-17,1]],[[285293,623209],[0,-14],[-2,-8],[-40,-29],[1,-10],[0,-20],[-21,12],[1,28],[-8,90],[-2,33],[1,61],[-8,3],[-16,-8],[-3,20],[-20,13],[2,28],[-12,7],[2,36],[-5,5],[-5,-11],[-9,26],[-9,-37],[-9,8],[-2,5],[3,53],[-10,12],[4,23],[5,-19],[18,-21],[1,6],[-7,11],[-15,26],[-6,15],[-3,8],[-2,7],[5,14],[1,8],[5,19],[-2,30],[4,21],[-89,63],[-11,5],[-13,-1],[-22,-11]],[[284995,623716],[-9,29],[2,54],[7,5],[0,25],[-14,52],[-8,-5],[-22,-4],[-2,-4],[1,-39],[-15,-18],[-2,2],[-3,2],[-3,2],[-9,1],[-6,2],[-9,25],[-3,21],[3,34],[6,10],[-5,13]],[[286938,642589],[-1,6],[12,2],[5,13],[1,23],[6,-22],[12,18],[6,35],[2,42],[3,73],[11,12],[13,2],[2,3],[7,12],[1,7],[0,36],[7,25],[5,14],[8,8]],[[287480,644918],[58,3],[3,36],[20,-1],[5,-11],[60,19],[24,83],[9,31],[0,14],[5,0],[54,170],[0,41],[14,1],[42,129],[4,0],[0,20],[3,0]],[[288014,645283],[1,-340],[57,-1],[0,-98],[-5,-34],[-4,-18],[1,-14],[-8,-14],[16,0],[0,-169]],[[287482,644116],[-1,267],[14,30],[-14,-1],[-1,339],[0,161],[0,6]],[[285512,648971],[92,0],[-2,13],[1,25],[15,-22],[8,-2],[6,15],[0,96],[17,29],[1,-20],[4,-7],[12,1],[3,-12],[-5,-13],[1,-24],[10,-4],[4,-13],[1,-20],[-5,-26],[-8,-10],[-10,13],[-9,3],[-12,-22],[34,-3],[4,1],[106,2],[0,136],[-1,2],[30,41]],[[285931,648292],[-60,-1],[-2,-106],[-3,10],[-10,0],[-7,-14],[-5,21],[-4,1],[-11,-14],[-11,-36],[-7,3],[-1,134],[-181,-3],[-30,-1],[-60,0],[1,165],[-1,3],[-29,1],[-24,0],[-36,0]],[[288088,647985],[9,6],[5,50],[-3,31],[14,56],[3,27]],[[282656,637265],[8,65],[13,35],[18,15],[-1,36],[-44,-1],[-1,170],[-58,-3],[-15,2]],[[282518,637930],[-2,255],[0,26],[14,-10],[15,27],[15,7],[-2,203],[-44,3],[-1,86],[30,-3],[-1,86],[-30,2],[0,90],[1,81]],[[283801,640974],[1,-173],[-1,-223],[38,-30],[138,11],[106,5],[1,-84],[-14,0],[1,-171]],[[284071,640309],[-30,-2],[1,-170],[-17,-4],[-18,-23],[-1,-18],[3,-17],[0,-31],[-11,-20],[-2,-34],[2,-26],[26,2],[5,9],[4,9],[3,30],[2,7],[2,2],[0,-56],[2,0],[18,5],[4,1],[3,-2],[2,-2],[56,3],[0,-32],[-4,-6],[-4,-34],[-3,-60],[-7,-13],[-2,-24],[-37,-2],[-1,42],[-29,32],[0,-76],[-73,-4],[1,-85],[-45,-2],[-23,-1],[-48,-4]],[[283850,639703],[-10,0],[0,84],[-59,-4],[-1,167],[1,1],[-97,-2],[0,85],[-60,-1]],[[286042,636495],[5,56],[3,102],[16,1]],[[286663,635482],[-3,-144],[-1,-72],[-6,-4],[-11,4],[-3,7],[-13,-11],[-12,10],[-7,1],[-7,11],[0,-42],[-58,-7],[-7,-11],[-18,47],[-4,-5],[-30,-2]],[[286799,645788],[4,-3],[4,-51],[-9,-15],[3,-24],[14,-44],[1,-25],[10,5],[3,-14],[3,-43],[0,-18],[8,-12],[-7,-33],[-8,-26],[-2,-18],[5,-14],[-3,-6],[-10,-2],[-5,-11],[-2,-17],[6,4],[7,-17],[-5,-22],[1,-47],[5,-4],[10,-24],[-6,-11],[-4,-23],[4,-34],[-37,0],[-5,-63],[-3,-28],[-14,-77],[-14,0],[-1,127],[-29,-1],[0,-81],[-15,-1],[0,-46],[0,-40],[-2,-23],[1,-72],[0,-33],[6,1],[4,-120],[5,-35],[6,-27],[6,-15],[5,-31],[7,-2],[2,-19],[10,-28],[3,-18],[3,-45],[11,-11],[0,-10],[38,-69],[1,-13],[-1,-13],[-11,-32],[7,-10],[0,-19]],[[286112,645061],[0,169],[-59,-1],[-1,218],[17,22],[-17,30],[-1,67]],[[285391,646750],[239,7],[0,-20],[7,-5],[11,21],[42,0],[0,69],[9,14],[7,-2],[1,24],[9,6],[8,-5],[3,-9],[11,16],[3,-16],[2,15],[-2,19],[6,0],[3,10],[0,-140],[119,0]],[[285751,646075],[-120,-1],[-37,0],[-2,-11],[-15,-37],[0,-21],[-2,-9],[-14,-17],[-10,13],[-2,-4],[-1,-20],[4,-18],[-5,-33],[-13,-15],[-22,0],[0,170],[-60,-2],[1,-85],[-60,-1],[0,85],[-119,2],[0,162],[-60,-1]],[[285214,646232],[0,9],[-60,0],[0,170],[120,1],[58,-1],[-1,170],[61,-1],[-1,170]],[[285651,639280],[0,39],[19,0],[0,131],[0,-13],[9,-27],[2,-48],[2,0],[0,41],[14,0],[0,48],[121,2],[40,-1]],[[285858,639452],[5,0],[-1,-47],[15,0],[2,-5],[11,6],[0,46]],[[285890,639452],[47,0]],[[285937,639452],[0,-85],[59,-4]],[[285995,638683],[0,-23],[0,-121]],[[285808,638486],[-41,-2],[-34,-1],[-39,-2],[-23,-1],[-36,-1],[-28,-1]],[[285607,638478],[-2,168],[30,2],[-1,290],[0,85],[1,150],[5,0],[-1,47],[12,0],[0,60]],[[285992,644295],[-5,1],[-55,-3],[0,75],[-30,15],[0,61],[9,-3],[-6,28],[-3,4],[-1,417],[-29,0],[0,338],[0,84],[59,1],[-1,254]],[[285937,639452],[0,95],[0,76],[2,4],[15,-1],[1,-4],[0,106],[-18,0],[0,59],[0,170],[14,1],[0,7],[0,77],[30,1],[0,-6],[1,-63],[14,0],[0,155]],[[286296,640049],[0,-86],[32,0],[0,-84],[28,0],[0,-84],[0,-165],[10,3],[85,7],[32,3]],[[285391,646750],[0,172],[-60,1],[0,170],[0,34],[-1,95],[0,41],[-57,1],[0,315]],[[285214,646232],[0,-161],[-60,0],[0,-89],[22,5],[9,16],[7,3],[10,-17],[12,-2],[0,-86]],[[284916,646642],[0,284],[0,138],[0,88],[1,285]],[[284920,642027],[11,-27],[7,-3],[94,1],[0,255],[-60,0],[1,170],[59,-1],[1,255],[73,0],[1,171],[10,0],[-2,19],[-15,18],[-9,66],[7,17],[16,5],[1,45],[7,0],[0,-97],[5,2],[5,9],[10,-11],[5,22],[6,-18],[6,1],[-1,-11],[5,-6],[7,8],[0,-29],[5,-1],[-1,19],[6,9],[4,-10],[6,0],[-2,-12],[2,-25],[10,-1],[1,10],[5,-13],[0,-18],[64,-1],[1,170]],[[285815,642851],[0,-172],[-59,0],[0,-170],[-120,-1],[0,-27],[-29,-2],[0,-179],[-5,-2],[2,-16],[-6,2],[-4,15],[-6,-12],[-6,-33],[1,-37],[-1,-57],[5,-71],[-1,-21],[6,-32],[-5,-12],[0,-11],[-6,-15],[-47,0],[-1,-85]],[[285533,641913],[0,-43],[-59,0],[0,-42],[0,-84],[-15,0],[0,-85],[0,-39],[-35,1],[0,-44],[-24,-3],[-60,-1],[0,85],[-71,-1],[1,-170],[0,-74],[-60,0],[0,74],[-236,2],[0,128],[-54,0]],[[285272,639528],[3,-3],[16,1],[33,0],[14,1],[19,-1],[41,-1],[0,87],[59,0],[28,1],[0,77],[7,0],[0,28],[22,-1],[0,-27],[3,1],[0,-78],[8,-8],[17,8],[34,1]],[[285576,639614],[0,-85],[59,1],[0,-80],[0,-170],[16,0]],[[285607,638478],[-59,-3],[0,-16],[0,-74],[0,-92],[-44,0],[0,166],[-15,0],[0,-38],[-36,0],[-1,-14],[-18,-1],[4,27],[7,26]],[[287573,641025],[7,-5],[-2,-128],[-5,1]],[[287568,640742],[9,-57],[-33,-1],[0,-84],[0,-164],[0,-91],[-106,0],[-7,61],[-5,4],[0,-395]],[[286691,640150],[-10,0],[-2,10],[-16,26],[-12,12],[-15,36],[-33,-3],[-1,174],[-58,-2],[0,107],[-24,3],[-35,-1],[0,61],[-2,-1],[-4,15]],[[286342,641955],[-9,65],[6,0],[16,-6],[0,94],[14,29],[51,66],[0,-19],[59,1],[1,-95],[11,-1],[4,-12],[2,-28],[12,-13],[0,60],[15,0],[0,89],[13,0]],[[284920,642228],[0,169],[0,25],[0,129],[0,188]],[[285035,640507],[15,0],[0,51],[11,1],[0,-43],[15,0],[3,-9],[0,43],[55,-1],[0,-44],[4,-13],[2,-28],[13,0],[0,-170],[119,0],[0,170],[98,-1],[29,0],[3,0],[0,-19],[12,-3],[0,-105],[-3,-22],[-12,-7],[0,26],[-14,-1],[-1,-11],[-7,-28],[22,0],[59,-1],[48,3],[-1,-54],[-16,-33],[28,2],[0,-4],[0,-24],[-2,-2],[-6,-75],[0,-20],[7,-27],[-1,-19],[2,0],[0,85],[8,0],[1,-133],[7,1],[0,-38],[24,0],[19,13],[0,-353]],[[287777,646113],[0,230]],[[277358,623813],[1,-140],[0,-116]],[[287693,639623],[0,296],[22,-7],[-8,15],[4,35],[13,-16],[5,-8],[4,-6],[16,-25],[5,-10],[3,10],[0,-8],[3,13],[-1,-8],[3,5],[-2,-8],[-3,-7],[2,-4],[10,36],[3,-24],[-1,27],[6,12],[1,17],[-12,30],[2,10],[12,1]],[[280866,653890],[6,-5],[6,2],[18,11],[0,-6],[1,-113],[0,-18],[0,-17],[-19,-3],[-7,-1],[-4,0],[0,-2],[0,-9],[0,-103],[38,1],[10,-6],[12,-36],[7,-33],[24,-8],[7,-2],[7,-43],[1,-70],[-7,-55],[-8,0],[0,-27],[-5,-10],[-2,-48],[-38,-1],[1,-24],[4,-4],[4,-33],[-8,8],[7,-16],[37,-92],[-1,-29],[11,11],[20,7],[6,-6],[3,9],[21,1]],[[280661,652607],[3,12],[0,73],[9,0],[0,42],[-15,0],[0,42],[25,1],[25,68],[-11,17],[-31,72],[-3,-1],[-4,-2],[-9,-3],[-8,4],[-4,-11],[-13,17],[-11,1],[-46,7],[0,124],[10,3],[5,20],[1,19],[14,0],[0,43],[0,42],[0,1],[14,-1],[1,3],[0,54],[0,28],[4,0],[0,24],[41,0],[0,18],[-17,-12],[0,6],[-13,-1],[-15,28],[-15,0],[0,22],[24,0],[5,9],[1,53],[2,23],[-32,0],[-16,0],[-14,-1],[0,128],[-31,-2],[0,37]],[[282539,653406],[-30,-1],[1,-237],[0,-16],[-59,-2],[0,-27],[-15,-1],[0,-97],[-15,-1],[0,-19],[-12,0],[0,-14],[-8,-1],[0,-9]],[[285465,623613],[4,-6],[6,-4],[3,0],[3,-4],[27,-6],[23,4],[7,6],[2,-2],[-1,29],[-3,16],[7,1],[1,-25],[32,43],[8,17],[3,-11],[1,48],[19,-4],[0,34],[-15,8],[1,24],[-10,3],[-4,23],[13,26],[2,-1],[10,-1],[2,25]],[[285722,623851],[-23,-3],[-7,-13],[-4,-7],[-10,-33],[-16,-74],[-3,-13],[-5,-10],[-13,-34],[-7,-16]],[[285474,623556],[-2,2]],[[281177,626373],[-8,-28],[-15,5],[-4,7],[-6,32],[-8,19],[-6,24],[-7,2],[-1,18],[-5,2],[-12,22],[2,28],[-7,37],[-20,-1],[-11,9],[-6,53],[-4,12],[-22,15],[-2,-13],[-6,7],[-51,-6],[-12,-6],[-1,21],[-10,23],[-9,51]],[[286793,646606],[4,25],[5,-19],[11,-22],[12,-5],[8,42],[7,24],[8,27],[7,10],[11,3],[9,-6],[2,-20],[-4,-18],[-1,-22],[3,-15],[11,-11],[7,8],[11,24],[6,-4],[8,-16],[6,9],[3,23],[-8,26],[1,17],[7,19],[4,2],[10,-13],[-11,16],[-9,-17],[-10,-2],[0,37],[-14,0],[0,47],[-15,0],[1,138],[12,0],[0,28],[43,1],[8,47],[22,34],[15,19],[17,5],[0,65]],[[287018,647208],[42,4],[0,73],[60,0],[1,-68],[59,5],[1,-106],[29,1],[1,-127],[25,0],[1,-36],[3,-6],[53,1],[0,-28],[21,1],[0,-9],[15,-5],[0,-43],[39,2],[1,-54],[4,0],[0,-31],[46,1],[0,-21],[0,-33],[0,-82],[1,-203],[90,0],[4,-16],[25,-15],[0,-135],[119,3],[0,167],[30,1],[0,169],[89,1]],[[287717,645942],[-118,-2],[-60,-1],[-2,-155],[-4,4],[-6,20],[-3,24],[3,21],[-4,27],[-10,28],[-4,2],[-6,26],[-14,2],[-10,0],[0,-172],[-11,1],[-18,13],[-14,-7],[2,-24],[3,-68],[-1,-86],[-19,0],[0,-77]],[[287421,645518],[-15,0],[0,-94],[-173,-4],[5,170],[-26,0],[-29,0],[-30,0],[-60,-2],[-2,0],[-3,22],[-23,29],[-2,9],[-9,2],[-6,13],[-10,8],[-5,-17],[-5,11],[-8,4],[-7,17],[-7,4],[-2,8],[0,61],[0,23],[-15,-1],[0,41],[-15,-1],[0,37],[-16,0],[-1,114],[-15,-23],[-8,-27],[-1,-87],[-2,-6],[-5,-2],[-8,36],[-9,9],[-7,-5],[-7,5],[-10,-25],[0,-8],[-8,4],[-2,9],[-7,7]],[[278184,652705],[22,18],[23,22],[0,15],[-12,3],[-16,44],[-3,17],[-1,109],[-2,0],[-1,97],[48,-25],[0,99],[0,84],[14,3],[0,32]],[[278256,653223],[60,0],[0,56],[8,-6],[7,-13],[16,-7],[3,-26],[5,-9],[1,-18],[5,-18],[9,-2],[9,-9],[5,12],[12,-12],[1,-69],[6,-1],[9,0],[10,-51],[4,-6]],[[278557,651760],[-58,1],[1,-31],[-4,-40],[-140,-33],[2,87],[2,19],[-13,1],[1,-109],[-23,-7]],[[278314,654300],[31,37],[2,14],[1,9],[16,19],[1,1],[9,72],[9,21],[0,2],[1,5],[3,23],[57,60],[48,68],[52,87],[44,72],[21,36],[4,5],[1,2],[35,58]],[[278256,653223],[0,55],[-90,5],[0,169],[-15,-1],[0,120],[23,50],[21,0],[4,34],[-4,66],[-45,-94],[0,13],[-14,0],[-12,-5],[0,37],[-16,1],[-2,-41],[-15,0],[0,-11],[-8,2],[-1,6],[98,209],[0,39],[-15,-8],[-13,-9],[-2,9],[-1,5]],[[285230,622516],[2,6],[6,21],[-15,8],[-4,29],[2,10],[13,15],[-16,52],[1,16],[4,8],[2,5],[4,10],[23,-11],[-2,16],[6,39],[-9,2],[2,30],[5,16],[12,2],[-1,19],[6,30],[0,16],[6,27],[2,24],[2,23],[9,30],[3,33],[10,9],[11,40],[5,27],[-3,20],[0,17],[-4,48],[-2,11],[-12,27],[-5,18]],[[275766,636767],[-1,235],[-49,-2],[-14,-1],[-1,179],[-5,9],[-2,30],[-4,29],[0,18],[-6,21],[-9,-26],[-8,18],[-3,14],[2,24],[-3,25],[-52,1],[-62,-1],[-3,-11],[-10,-9],[-4,-13],[-17,-14],[-7,9],[-7,-9],[2,-10],[-6,-19],[7,-12],[-13,-16],[-6,11],[-2,-15],[-8,-13],[-6,14],[-7,2],[0,-68]],[[286119,637812],[-42,118],[-16,2]],[[287357,648087],[0,-117],[60,1],[240,5],[0,-164],[44,-2],[6,10],[10,19],[0,139],[59,2],[0,-172],[36,-5]],[[286910,647199],[0,166],[0,84],[17,0],[13,0],[0,169],[0,85],[-11,0],[-47,1],[-2,0],[0,28],[-1,112],[-29,0],[-1,22],[0,9],[30,1],[-1,77],[0,7]],[[287480,644918],[2,7],[-1,105],[0,58],[-1,330],[-29,-51],[-30,-26],[0,177]],[[283992,631030],[-3,-25],[2,-13],[-18,-43],[0,-12],[9,-39],[-9,-1],[-14,7],[-8,-3],[-7,-5],[-7,0],[1,40],[-7,22],[0,-4],[-5,1],[1,13],[-2,0],[-6,22],[1,4],[-11,35],[0,0],[-6,1],[-4,36],[-7,21],[-12,2],[0,28],[-32,1],[-2,8],[-25,42],[0,-49],[-59,2],[0,85],[-29,0],[-115,2],[3,679]],[[279283,633115],[2,-7],[4,-33],[5,-38],[0,-34],[-6,-42],[-4,-15],[61,0],[1,-85],[57,0],[16,-1],[-1,-84],[-10,-1],[-1,-37],[-6,0],[-12,-5],[0,-62],[1,-38],[6,-5],[22,0],[0,-204]],[[283068,661601],[-2,1],[-5,0],[-1,41],[0,31],[-11,28],[-1,-13],[2,-32],[-12,0],[1,-65],[-15,-9],[-4,-11],[-59,-1],[-43,0],[-9,-1]],[[282779,661570],[-2,24],[-1,145],[-30,1],[-6,0],[0,12],[-9,1],[-1,71],[-12,1],[-1,127],[13,0],[-1,127],[-9,0],[-2,35],[-4,1],[-1,27],[-7,19],[-7,3],[3,14],[2,18],[-17,0],[0,11],[-15,0],[0,13],[-5,12],[-6,0],[-1,17],[-3,-1],[0,21],[-8,0],[0,63],[-8,0]],[[283698,658533],[60,2],[28,0],[30,-1],[-1,342],[0,211],[-29,0],[-11,24],[-4,-8],[-14,-36],[0,60],[-1,47],[0,49],[0,32],[0,25]],[[283822,657343],[0,91],[-1,64],[-2,18],[-58,1]],[[283761,657517],[-1,508],[-15,0],[-45,-1],[0,119],[6,22],[-5,-1],[-23,11],[-5,23],[8,32],[8,8],[9,38],[14,38],[7,-10],[3,11],[6,-4],[6,18],[-6,-12],[-7,1],[-3,-10],[-1,55],[-18,-1],[0,72],[-1,54],[0,45]],[[281647,657244],[1,-291],[1,-42],[-16,0],[-15,0],[0,-168],[16,-1],[0,-85],[-30,1],[0,-52],[5,-5],[9,-47],[4,2],[2,26],[5,7],[9,-2],[5,-14],[9,-4],[2,-14],[17,-26],[13,18],[10,-26],[14,2],[-1,-36],[5,0],[27,0],[1,-93],[-52,-1],[-4,-55],[10,-13],[5,-15],[41,0],[0,-100],[3,-17],[1,-53],[15,-1],[3,-20],[7,-18],[0,-88],[-59,0],[0,-42],[-45,0],[1,-80],[-1,-6],[0,-83],[-15,-2],[0,-36],[-5,-22],[-3,-36],[1,-71],[-8,0],[-4,15],[0,27],[-11,11],[0,67],[-8,7]],[[284071,640309],[73,3],[74,4],[116,7],[2,0],[51,4],[39,5],[56,1],[0,170],[207,9],[59,4],[1,-170],[117,1],[0,169],[53,2]],[[284017,637948],[-1,338],[-1,156],[29,-34],[0,94],[-23,-1],[-6,-13],[-1,136],[-58,-3],[-1,253],[-53,0]],[[283902,638874],[-1,71],[-1,170],[-27,-2],[-5,25],[3,7],[-2,13],[6,17],[2,54],[-18,32],[-5,19],[2,35],[-15,-3],[-1,137],[-27,-2],[37,256]],[[283627,638166],[-2,273],[26,1],[45,2],[-1,168],[30,3],[58,1],[0,169],[57,2],[0,133],[10,0],[0,-48],[52,4]],[[285864,645764],[-8,-31],[-103,-2],[0,84],[-29,1],[-1,-84],[-91,2],[-4,0],[-175,-3]],[[284805,661928],[2,-128],[-8,1],[0,-44],[38,1],[1,-168],[0,-252],[0,-46],[0,-43],[-31,-1],[-8,0],[0,-83],[-52,-2],[0,-85],[31,0],[0,-83],[-16,-1],[-30,-1],[1,-97],[37,-1],[0,-45],[5,-6],[-9,-17],[-32,-89],[21,1],[0,26],[7,15],[7,32],[10,5],[0,-249],[31,1],[-1,-80],[-30,-1],[0,-176]],[[281773,651096],[1,-92],[11,-4],[3,19],[9,15],[19,26],[4,0],[10,14],[2,13],[1,-145],[15,1],[4,-37],[1,-73],[9,-12],[-3,-23],[5,0],[0,-66],[1,-127],[0,-37],[0,-48],[-29,-2],[0,-169],[-30,-2],[1,-85],[59,4],[0,-19]],[[281334,650240],[-10,-1],[-15,0]],[[279432,650144],[5,84],[24,0],[60,-1],[0,128],[30,0],[30,-24],[0,48],[-44,29],[-46,24],[0,5],[29,-15],[0,81],[8,34],[0,29]],[[279700,649802],[-11,0],[0,-42],[-4,0],[0,22],[-25,0],[-5,7],[-15,0],[0,-28],[-15,0],[0,-21],[-14,0],[0,49],[-15,-1],[0,-26],[-15,0],[-1,42],[-59,1],[-60,0],[0,85],[-45,1],[6,79],[5,88],[5,86]],[[278999,650401],[13,66],[5,101],[205,-3],[-1,-167],[60,-1],[0,-337],[60,-1],[0,87],[60,-3],[31,1]],[[279759,649389],[-3,0],[0,32],[-11,0],[0,43],[-15,0],[0,-43],[-23,0],[-5,-6],[0,-27],[-2,-9],[-13,0],[0,-42],[-17,0],[0,-42],[-7,0],[-6,10],[-17,1],[0,74],[-60,1],[0,-58],[19,-28],[19,1],[7,6],[13,-26],[15,-15],[11,-32],[16,-18],[6,-12],[14,11],[0,-85],[-60,1],[0,-85],[-60,1],[0,-172],[30,1],[-1,-163],[-6,-7]],[[286681,655339],[1,-71],[25,0],[11,-3],[17,-27],[63,0],[-2,220],[14,4],[8,30],[11,29],[26,2],[30,1]],[[276291,654431],[0,18],[0,11],[0,32],[-3,5],[-2,37],[0,21],[4,0],[0,22],[0,42],[0,43],[-1,10],[0,11],[0,21],[0,66],[0,19]],[[276465,654572],[1,-9],[13,-100],[0,-7],[-1,-20],[-1,-33],[0,-10],[-12,-25],[8,-37],[-5,-16],[12,-30]],[[279608,633456],[29,0]],[[279192,625489],[0,-15],[15,-1],[2,-85],[13,-1],[0,41],[5,-41],[14,-1],[10,0],[0,-13],[6,2],[2,-25],[5,-9],[16,-45],[-29,4],[0,-53],[0,-14],[30,-2],[0,-78],[5,-6],[10,-5],[7,-6],[1,72],[-11,1],[1,77],[-4,9],[4,0],[1,34],[1,16],[-4,10],[-2,19],[9,-15],[17,18],[9,1],[14,28],[0,55],[29,-2],[0,12],[0,153],[1,3],[58,-2],[-1,282],[0,176]],[[279617,626585],[-4,-42],[0,-33],[2,-25],[8,-64],[0,-26],[-6,-66],[-8,-42],[-5,-51],[-4,-57],[-1,-23],[2,-60],[-2,-40],[-12,-77],[-2,-35],[-1,-20],[2,-166],[-2,-27],[-2,-17],[-17,-93],[-1,0],[0,-6],[-33,-185],[-1,-32],[-1,-43],[3,-34],[14,-180],[1,-23],[1,-13],[-1,-93],[4,-52],[4,0],[1,-12],[4,0],[0,-22],[-7,1],[0,-21],[-4,-44],[2,0],[0,-8],[8,0],[-8,-48],[1,-29],[4,0],[-2,-14],[-2,-11],[0,-20],[0,-9],[4,0],[0,-22],[-4,1],[0,-5],[2,0],[0,-20],[-2,0],[0,-11],[4,-11],[-4,0],[0,-23],[0,-11],[3,-12]],[[279550,624609],[-14,0],[0,-4],[-4,0],[-20,1],[1,-34],[-2,-1],[-6,-7],[-3,12],[-1,30],[-32,1],[-8,1],[-1,0],[-31,-44],[0,13],[0,32],[-1,0],[-29,1],[0,-10],[-9,-1],[0,-5],[-5,0],[-3,0],[-5,0],[-6,-1],[-2,17],[-20,2],[-36,1],[-1,0],[-1,0],[-2,-11],[-25,1],[0,-25],[-4,0],[0,-38],[-15,0],[0,17],[-5,0],[-1,35],[-15,8],[-22,0],[-15,-4],[-15,1],[-14,22],[-90,3]],[[279330,625347],[6,-1],[2,4],[-1,7],[-9,1],[2,-11]],[[279862,647775],[27,-47],[16,-17],[11,1],[8,-20],[-2,-18],[3,-17],[10,-11],[7,-19],[4,-19],[8,-14],[14,-12],[10,0],[5,17],[-2,0],[-1,253],[120,6],[-1,170],[32,1]],[[285397,661592],[24,1],[3,-252],[45,1],[0,-55],[-6,0],[0,-32],[-24,1],[0,-39],[-24,-1],[0,-46],[-22,-1],[-14,0],[-1,60],[-15,1],[0,67],[-15,0],[0,-43],[-15,-10],[0,-113],[-10,-38],[-5,-34],[-3,-32],[-13,-21],[1,-216],[30,21],[28,18],[18,-1],[0,11],[-8,0],[0,53],[-7,0],[0,105],[15,-2],[0,87],[14,-20],[12,-50],[4,-16],[0,-39],[-15,0],[0,-84],[-8,-4],[0,-42],[8,0],[0,-78],[45,0],[18,6],[13,14],[14,23],[5,-7],[-3,-20],[0,-165],[-10,-26],[-46,-113],[-2,-22],[0,-37]],[[279878,626314],[-2,-28],[-7,-28],[1,-16],[-11,-75],[-7,-12],[-3,-26],[17,-53],[0,-40],[-8,-2],[-7,8],[-16,1],[-2,14],[2,38],[-13,28],[-2,33],[-16,45],[-2,12],[-11,16],[-14,34],[-11,6],[1,-645],[0,-8],[52,2],[2,-57],[3,0],[1,-25],[26,1],[2,-12],[1,-25],[0,2],[13,58],[4,-24],[28,2],[-3,-13],[-8,-54],[-15,-53],[-9,-21],[4,-25],[4,10],[19,-2],[5,2],[10,-6],[0,-9],[6,-7],[10,0],[0,-27],[16,-1],[72,1],[0,41],[32,-2],[10,5],[1,-80]],[[279012,655664],[5,16],[2,4],[29,58],[13,29],[17,38]],[[284825,622578],[6,-8],[5,4],[2,16],[2,34],[-4,41],[3,20],[12,-68],[18,46],[19,27],[5,44],[0,40],[28,54],[9,11],[11,1],[10,-11],[12,-41],[13,1],[0,9],[11,5],[-2,32],[5,1],[-2,172],[-6,20],[-5,-1],[0,13],[-8,-9],[-6,25],[2,2],[4,20],[0,64],[-7,-23],[-44,262],[-5,27],[-10,-24],[-16,-11],[4,38],[-2,35],[6,22],[7,6],[13,-6],[4,23],[-1,10],[3,28],[3,3],[13,35],[4,23],[15,13],[5,19],[17,-17],[6,17],[-11,53],[-2,-2],[-8,-12],[-7,3],[2,46],[17,-2],[20,8]],[[284837,621531],[-33,-6],[-39,-2],[-19,3],[-13,8],[-12,22],[-13,45],[-9,41],[-3,29],[3,59],[2,13],[14,69],[17,58],[11,44],[13,32],[11,29],[13,39],[9,25],[16,54],[8,35],[7,22],[17,63],[3,8],[3,49],[2,51],[0,74],[-4,51],[-8,75],[-8,57]],[[281915,630072],[-5,43],[-9,37],[-5,3],[-2,49],[0,35],[-12,43],[-7,2],[-1,11],[1,14],[10,48],[1,29],[3,16],[9,9],[2,56],[-1,28],[10,1],[0,28],[15,0],[0,57],[15,0],[0,32],[14,1],[0,46],[-9,-1],[-35,6],[-2,35],[4,35],[-1,8],[11,37]],[[278712,619713],[0,13],[14,11],[15,0],[0,7],[0,29],[1,435],[7,17],[0,29],[2,22],[-2,36],[4,20],[-2,27],[-5,26],[1,26],[7,20],[16,0],[-10,33],[12,33],[2,53],[17,-18],[6,-15],[9,-44],[66,-4],[1,130],[7,0],[0,42],[8,2]],[[279187,627836],[5,43],[4,48],[5,36],[45,-1],[0,212]],[[279246,628251],[14,-14],[11,-1],[18,31],[9,-14],[6,-17],[1,10],[-1,102],[3,31],[-1,19],[3,16],[13,14],[12,-1]],[[279676,658059],[9,0],[0,-6],[0,-2],[-6,0],[-3,8]],[[279577,658236],[8,0],[0,-20],[21,0],[6,-21],[13,0],[2,85],[12,-1],[0,-39],[6,-19],[2,-26],[16,0],[9,29],[0,-29],[0,-169],[10,1],[7,-17],[0,-43],[-4,-30],[1,-65],[3,-15],[13,0],[15,1],[15,0],[30,0],[2,0],[29,0],[15,1],[-5,-35],[-2,-6]],[[279441,657340],[2,25],[2,16],[16,141],[5,39],[15,125],[0,3],[10,71],[3,15],[21,115],[17,97],[19,105],[25,138],[1,6]],[[280725,632568],[-4,0],[3,-41],[0,-37],[-2,-7],[-3,0],[3,-20],[0,-48],[1,-61],[-1,-35],[4,-6],[-6,0],[0,-6],[3,0],[1,-8],[-1,-12],[0,-2],[0,-9],[2,0],[0,-7],[-5,0],[0,-5],[4,-24],[3,0],[0,-13],[0,-21],[-3,-22],[3,0],[-1,-31],[-2,-12],[0,-43],[-4,0],[0,-36],[0,-7],[4,14],[0,-13],[0,-21],[-4,0],[-1,-44]],[[287635,650890],[25,0],[5,1],[27,5],[18,1],[28,-15],[22,-21],[9,-3]],[[287711,649336],[-60,-2],[-1,170],[-60,-1],[-55,-3]],[[287469,649839],[0,173],[0,85]],[[284908,654143],[0,-82],[-1,-169]],[[284039,654886],[7,0],[79,1],[29,1],[30,0],[5,-2],[12,0],[5,0]],[[285695,662022],[-16,-1],[-12,0],[-15,0],[0,29],[-15,-4]],[[278212,623560],[-44,82],[-11,0],[19,-82],[-66,0],[-5,30],[3,54],[-30,2],[-9,-31],[-26,-108],[-4,9],[-99,1],[0,129],[-39,0],[-5,40],[-7,10],[-9,24],[-3,19],[-2,26],[-8,49],[27,0],[0,84],[15,1],[-1,127],[-86,-2]],[[286202,633594],[15,0],[0,84],[29,1],[0,-42],[15,-6],[7,0],[0,45],[52,4],[0,-28],[29,2],[6,-12],[1,-33],[8,1],[12,2],[0,-8],[-12,-1],[1,-84],[-15,-4],[0,-83],[30,2],[0,77],[20,1],[8,7],[12,2],[15,-13],[-2,19],[8,2],[0,77],[28,1],[6,10],[5,-53],[4,-10],[8,0],[7,-31],[0,-15],[-4,-22],[-7,-17],[-5,2],[-4,19],[-6,5],[-3,-13],[1,-44]],[[282452,661057],[4,10],[3,5],[3,5],[-5,0],[5,14],[2,6],[-5,-5],[-6,3],[-4,2],[-3,1],[0,38],[2,0],[-2,6],[0,17],[2,0],[-2,15],[-2,0],[-1,4],[-2,14],[1,4],[-3,7],[-7,15],[-2,36],[4,14],[-17,6]],[[282417,661274],[0,41],[-3,48],[0,35],[23,1],[6,0],[13,0],[1,-35],[10,0],[10,0],[3,3],[12,-1],[0,7],[-2,0],[1,9],[0,17],[16,-1],[14,-1],[8,-1],[4,-44],[-2,-47],[4,-49],[0,-30],[1,0]],[[284825,622578],[-15,75],[-10,59],[-10,29],[-25,102],[-16,52],[-7,32],[-2,22],[8,2],[5,9],[6,-8],[7,4],[-4,7],[1,16],[-7,10],[-7,0],[1,11],[11,-7],[7,11],[-2,4],[-7,-10],[-8,12],[-3,-4],[-1,-26],[7,1],[5,-16],[-5,4],[-8,-14],[-5,-1],[-4,0],[-13,54],[-1,12],[-8,24],[-3,24],[-16,40],[0,-16],[-9,20],[-8,32],[-17,46],[-17,88],[-4,26],[3,39],[2,27],[6,26],[10,31],[11,25],[20,29],[38,62],[25,53],[8,31],[9,22],[11,32],[8,1],[-8,8],[21,59],[10,22],[6,20],[17,27],[17,50],[13,33],[9,11],[27,11]],[[286254,653223],[1,-12],[0,-174],[-18,0],[-12,11],[0,-4],[1,-180],[-15,0],[-3,-169],[-3,-88],[-7,-78],[28,-4],[0,-26]],[[275375,632614],[119,2],[0,119],[0,50],[16,0],[6,0],[26,0],[11,-1],[60,0],[0,-42]],[[286554,633775],[-1,54],[-6,32],[-23,2],[-1,18],[-6,2],[-1,14],[-7,3],[0,33],[9,1],[2,17],[21,1],[-2,82],[12,17],[0,15],[6,1],[2,151],[-5,-12],[-39,-1],[0,45],[-1,21],[-18,-1],[0,20],[-4,0],[0,77],[-14,-19],[-15,-16]],[[286463,634332],[0,21],[-18,-22],[0,41],[-5,40],[8,1],[0,22],[7,0],[0,22],[5,1],[30,1],[-1,170],[-35,-2],[0,18],[-5,13],[-8,0],[0,53],[-11,0],[-2,158]],[[276283,655486],[3,-12],[7,-35],[3,-12],[5,-21],[2,-22],[2,-20],[2,-23],[10,-22],[3,-7],[-1,-13]],[[286255,634188],[-1,58],[3,0],[0,41],[9,-7],[7,1],[11,-12],[2,-5],[1,-62],[-5,-11],[3,-40],[-9,-15],[17,-33],[6,-2],[2,-11],[16,1],[0,19],[62,2],[16,1],[1,14],[4,12],[3,2],[18,-10],[5,10],[5,38],[-3,67],[0,23],[1,23],[34,40]],[[281004,633844],[5,11],[5,7],[27,10],[4,7],[2,37],[2,32],[4,31],[11,40],[9,11],[8,5],[9,13],[11,36],[2,48],[-5,4],[-9,-11],[-12,1],[-16,18],[-2,19],[0,18],[2,18],[21,41],[18,1],[3,-1],[9,12],[1,-3],[11,25],[3,10],[2,11],[4,38],[0,3],[0,17],[1,5]],[[281134,634358],[11,0],[1,0],[0,0],[13,1],[4,2],[3,2],[1,0],[1,1],[3,0],[8,0],[0,-21],[0,-63],[0,-1],[10,0],[4,0],[31,2],[-1,24],[0,19],[9,0],[0,19],[-9,-1],[0,23],[38,2],[6,0],[0,-14],[0,-71],[1,0],[8,1],[6,0],[14,0],[15,1],[44,1],[0,-43],[0,-44],[2,2],[13,1],[14,0],[1,-31],[0,-3]],[[282673,639885],[-46,0],[-1,73],[6,3],[0,74],[-27,5],[-1,-14],[-2,137],[-13,-19],[-2,-15],[-12,0],[-16,0],[-4,10],[-7,8],[-15,-2],[-1,-9],[-11,-9],[-14,-1],[-6,8],[-13,6],[-2,10],[-9,7],[-7,23],[-8,-1],[-4,18],[-12,-9],[-9,-1],[-11,-9],[-2,-4],[-15,3],[-6,25],[-5,11],[0,23],[13,-5],[18,5],[0,6],[-1,-1],[0,58],[-30,-1],[0,-39],[-16,2],[3,-46],[4,-62],[-1,0],[-4,-5],[1,-21],[-16,-39]],[[286085,641835],[1,52],[-12,20],[-6,29],[-5,42],[-6,2],[-8,22],[4,7],[-2,28],[3,12],[-16,17],[-4,-16],[-4,21],[-10,3],[-1,8],[-5,-3],[4,-16],[-2,-14],[-10,5],[1,-21],[-8,-5],[-1,15],[-5,-3],[0,34],[0,183],[-30,-2],[0,257],[-29,-2],[-1,170]],[[281281,635694],[19,-9],[0,-11],[14,-31],[2,-25],[-11,-32],[0,-3],[9,-34],[2,-16],[-12,-39],[-3,-25],[0,-14],[-1,-49],[-15,-54],[-3,-70],[-7,-10],[-2,0],[-12,14],[-3,1],[-22,-42],[-4,-12],[-5,-5],[-8,-13],[3,327],[-59,5],[-1,-170],[-4,-1],[0,-13],[2,0],[0,-42],[-2,-31],[1,-85],[-13,-1],[12,-10],[0,-16],[-12,0],[-6,-16],[0,-63],[0,-17],[-8,-6],[-7,1],[-1,9],[7,21],[-2,11],[-15,-1],[2,-45],[-4,-2],[2,-18],[-2,-19],[-8,0],[-2,-1],[0,-52],[4,-6],[13,-18],[3,-5],[-3,-9],[0,-38],[10,0],[2,0],[0,-33],[2,-6],[1,-14],[-5,-14],[-1,-6],[1,0],[1,0],[-1,-3],[-1,-24],[0,-28],[2,-15],[1,-13],[0,-7],[0,-75],[3,-21],[0,-7],[0,-4],[2,-6],[1,-3],[10,8],[5,-3],[1,-1],[11,-20],[3,-22],[-1,-17],[-9,-10],[-10,20],[-8,-6],[-4,-29],[1,-29],[-1,-13],[-4,-9],[-7,-37],[-2,-22],[2,-21],[4,-11],[7,-39],[-1,-6]],[[281134,634358],[-33,-2],[-26,1],[-7,1],[-40,2],[-2,0],[-5,-1],[-4,0],[-4,-1],[-5,0],[-2,0],[-19,0],[-10,0],[-19,0],[-11,0],[-5,0],[-14,0],[0,3],[-5,-1],[1,43],[4,0],[0,18],[0,22],[0,46],[0,38],[0,85],[-59,2]],[[277479,653341],[45,27],[2,1],[12,7],[11,7],[3,4],[4,6],[4,24],[1,4],[3,-2],[39,16],[1,-4],[0,-42],[10,-1],[0,103],[1,16],[24,-2],[0,-64],[9,0],[0,112],[2,7],[7,-3],[1,0]],[[277658,653557],[-1,-117],[-1,-54],[0,-141],[1,-144],[1,-18],[0,-33],[1,-15],[0,-15],[0,-39],[15,10],[23,18],[0,-60],[-38,4],[-8,-20],[3,-16],[5,3],[3,16],[16,-11],[7,-11],[-3,-27],[0,-19],[-4,-28],[1,-10],[4,7],[2,28],[34,-1]],[[277600,652317],[-60,-1],[0,-40],[-30,0],[-3,0],[-10,5],[-2,-5],[-7,2],[-15,-2],[0,40],[-53,-1],[-1,91],[0,40],[0,68],[-1,58]],[[277417,652952],[-1,17],[0,13],[0,7],[0,26],[0,21],[0,100],[0,7],[71,63],[20,11],[-30,7],[2,117]],[[279088,621229],[-3,11],[-7,1],[-16,-35],[-20,-9],[-5,6],[-4,21],[-6,1],[-7,18],[0,13],[5,15],[-4,25],[-8,11],[-12,25],[-2,36],[-6,13],[5,26],[-9,58],[-3,-5],[-7,-27],[-8,-2],[-4,7],[-8,-9],[-12,14],[-7,-6],[-9,-40],[-11,-6],[-23,47],[-9,8],[-12,28],[-12,2],[-7,7],[-5,-7],[-9,6],[-5,-28],[-6,-18],[-9,-18],[-5,-3],[-31,-10],[-16,-17],[-8,-17],[-12,-36],[-8,-21],[0,-24],[-8,-31],[4,-28],[-6,-19],[-8,-38],[-4,-51],[2,-57],[-2,-20],[1,-52],[2,-34],[-3,-50],[-7,-29],[-20,-40],[-10,-7],[-21,-7],[-6,5],[-10,34],[-16,2],[-18,-48],[1,12],[-5,-10],[1,34],[17,49],[11,7],[1,23],[-30,14],[-2,10],[32,99],[3,0],[-16,34],[-26,25],[2,35],[-5,-9],[-9,-2],[-7,32],[-16,-7],[-10,1],[-9,-20],[-3,-1],[4,43],[-7,12],[-14,-1],[-12,15],[-3,18],[-2,33],[-7,26],[-10,51],[-2,-24],[2,-24],[-2,-29],[-5,-7],[-13,-8],[-10,-24],[-5,-43],[-5,-2],[-5,35]],[[276754,650933],[-46,1],[-2,0],[-10,0],[-63,2],[-7,0],[-37,0],[-1,0]],[[282417,661274],[-24,38],[-25,21],[-11,16],[-8,12],[-26,56],[-14,44],[-12,15]],[[280134,636270],[21,-170],[-54,-75],[0,-32],[9,14],[5,-13],[8,2],[4,10],[7,1],[7,-13],[-1,-18],[7,-12],[5,-22],[10,-11],[3,-25],[6,-2],[1,-29],[12,-8],[3,-18],[1,0],[45,-343]],[[281632,636428],[-1,-142],[-1,-29],[-58,-1]],[[280779,636540],[0,22],[-147,-10],[-1,169],[30,1],[0,162]],[[276765,653175],[-1,-19],[0,-16],[0,-75],[0,-30],[0,-33],[-1,-35],[0,-37],[0,-48],[0,-84],[1,-74],[0,-50],[0,-42]],[[283698,658533],[-121,-4],[0,-126],[-5,3],[-51,4],[-5,-2],[-18,-16],[-26,-30],[-15,-1]],[[285722,628884],[0,56],[-11,1],[-1,61],[-4,-1],[-1,24]],[[284920,641541],[0,-221],[0,-121]],[[284920,641199],[-116,-3],[3,-170],[-56,-2],[-6,7],[-4,16],[-11,-7],[-14,-4],[-11,5],[3,23],[-6,10],[-8,23],[-9,14],[0,-2],[-8,2],[-4,-11],[-5,17],[-3,-12],[-5,8],[-1,-23],[2,-12],[-7,-8],[-6,20],[-10,10],[-2,-16],[4,-9],[-2,-11],[-8,2],[-3,-17],[-7,-1],[-1,-11],[-11,-20],[-9,0],[-2,24],[3,28],[-6,3],[-3,15],[-4,-3],[0,-68],[-78,-3],[-76,-5],[-43,-2],[-59,-6],[-24,-1],[-22,-4],[-162,-9],[-29,-1],[-52,-3],[-7,1],[-60,-3],[-59,-2]],[[284909,653058],[1,-208],[2,-506],[0,-136],[0,-1],[0,-1],[0,-200],[1,-147]],[[276763,653594],[10,-35],[6,-14],[22,-45],[7,10],[6,-11],[16,33],[3,-14],[6,1],[8,-11],[13,-27],[21,-24]],[[283490,656805],[9,45],[20,29],[2,-3],[11,-34],[18,23],[11,-4],[7,-13],[-1,-12],[7,-2],[28,-2],[9,90],[0,81],[0,14],[0,66],[1,69],[-6,1],[0,22],[110,-3],[0,161],[1,10],[14,83],[-28,-1],[-2,44],[-7,1],[0,46],[37,0],[30,1]],[[277215,653264],[27,-7],[24,2],[28,2],[31,11],[76,27],[14,5],[6,2],[58,35]],[[282430,634623],[3,22],[8,0],[0,17],[4,6],[10,0],[-3,-48],[53,1],[0,43],[15,0],[0,-255]],[[283268,642739],[-14,7],[-8,-10],[-5,3],[-6,28],[-12,4],[-8,-15],[-6,9],[0,73],[-60,-2],[0,176],[0,169],[-59,0],[-1,108],[8,26],[0,30]],[[280333,659303],[-15,5],[0,29],[-56,3],[1,42],[-10,0],[0,-86],[-27,-32],[-46,-76],[-2,-6],[-3,30],[-1,18],[0,56],[0,238],[-11,0],[-11,-30],[0,30],[-30,1],[0,38],[-6,6],[-13,0],[0,22],[-7,0],[-4,18],[0,49],[-31,-3],[-7,-15],[-3,2],[6,7],[-4,31],[4,13],[0,26],[-7,6],[0,12],[-8,5],[1,27],[-3,14],[1,11],[10,17],[4,0],[-2,27],[-1,7],[1,6],[8,9],[-4,0],[0,37],[-14,0],[-1,-9],[3,-12],[0,-14],[-7,0],[-1,4],[9,106],[-7,-12],[-2,-15],[-11,-83],[-9,0],[0,77],[-4,-14],[-11,1],[0,-21],[-15,0],[0,21],[-15,6],[0,16],[0,27],[-19,3]],[[279953,659978],[6,27],[27,111],[21,89],[5,18],[4,17],[38,172],[23,113],[25,129],[2,10]],[[282879,652152],[-4,19],[5,12],[-1,12],[6,24],[8,15],[3,19],[-6,34],[-9,22],[3,12],[-11,0],[0,127],[-29,-1],[-1,43],[-14,0],[-1,84],[-15,0],[0,84]],[[280515,658522],[18,0],[0,68],[14,-9],[8,8],[6,-10],[11,13],[4,25],[0,20],[-8,20],[5,4],[0,29],[4,0],[0,85]],[[281473,630659],[0,172],[55,6],[4,0],[56,-1],[-1,-179],[119,5],[0,175],[2,0],[-1,144]],[[285698,629550],[0,26],[-11,0],[0,57],[-29,2],[1,-98],[7,4],[4,-12],[2,-11],[3,-4],[3,-19],[-1,-5],[2,-9]],[[282947,632725],[-6,-44],[-2,-30],[-51,1],[-35,-4],[-1,-3],[-27,-3],[-12,-44],[-8,-40],[-8,-29],[-5,-29],[-5,-10],[-22,-42],[-13,-35],[-30,-119],[-7,-50],[-4,-48],[0,-39],[-8,-60],[11,5],[9,40],[5,10],[2,34],[4,17],[9,59],[1,33],[29,0],[38,2],[31,4],[-2,-6],[1,-22],[-7,-24],[6,-2],[4,8],[12,0],[2,-18],[5,2],[0,-43],[12,0],[1,-174],[7,-7],[6,9],[14,-5],[3,13],[11,4]],[[275596,633989],[1,-175],[14,-1],[55,1],[48,7],[0,-172],[-73,-6],[1,-216],[8,0],[10,-35],[12,-3],[0,-82],[-15,-3],[0,-90],[19,-18],[10,-1],[1,-22],[-3,-38],[10,1],[0,-61],[3,-8],[-1,-102]],[[277822,623814],[1,-168],[2,-384],[-29,0],[0,82],[-29,3],[0,-213],[0,-92]],[[277658,653557],[7,-4],[1,0],[36,33],[5,-23],[1,-1],[14,6],[4,1],[6,2],[51,42],[15,13],[69,78],[29,34],[5,5],[118,150],[57,80]],[[285956,625043],[4,3],[12,39],[3,40],[14,31],[6,-1],[0,-7],[7,4],[4,-1],[12,-3],[1,9],[6,-2],[8,-2],[23,39]],[[284920,641199],[0,-50],[0,-118],[-1,-225],[0,-82]],[[286330,630877],[0,-170],[28,1],[0,-11],[6,-5],[2,-16],[13,0],[1,-67],[8,1],[0,28],[44,1]],[[279725,659143],[5,-14],[20,3],[3,-10],[8,-22],[-2,-17],[-1,-1],[-1,-7],[-1,-6],[-8,-51],[-9,-12],[7,-13],[12,-34],[2,-12],[-1,-42],[-3,-31],[-8,-42],[-15,-109],[-4,-36],[3,-39],[2,-25],[8,-87],[14,-48],[10,-1],[14,52],[13,-4],[1,-4],[3,-11],[8,-72],[9,-39],[4,-9],[28,-34],[7,8],[4,7],[18,4],[15,12],[10,12],[17,12],[8,5],[30,-23],[0,-13],[-13,-43],[-3,-14]],[[279577,658236],[3,18],[5,26],[6,33],[14,77],[2,16],[9,54],[5,30],[2,13],[4,22],[2,11],[12,74],[11,65],[6,43],[16,114],[12,83],[1,7],[6,87],[0,6],[-4,17],[1,12],[4,10],[8,14],[1,3],[18,58],[4,14]],[[282280,651052],[0,-172],[-15,1],[0,-29],[-45,16],[0,-51],[0,-40],[-4,-19],[4,-22],[0,-21],[8,-48],[10,-40],[3,0],[9,0],[5,0],[26,0],[0,-85],[-27,0],[0,-22],[12,1],[-1,-73],[5,-33],[-16,0],[0,-39],[27,-3],[0,-88],[0,-54],[0,-112]],[[285533,641913],[75,1],[-1,-86],[0,-85],[30,1],[0,-78],[5,10],[2,24],[6,7],[6,-11],[5,16],[0,32],[60,0],[6,-7],[-1,91],[3,1],[205,2],[1,-170],[58,0]],[[285890,639452],[-1,36],[-12,33],[0,-38],[-14,0],[-5,-31]],[[279725,659143],[23,72],[11,38],[9,33],[65,242],[18,67],[11,41],[30,105],[6,24],[17,67],[8,33],[13,50],[17,63]]],"objects":{"cb_2020_us_zcta520_500k":{"type":"GeometryCollection","geometries":[{"arcs":[[0,1,2]],"type":"Polygon","properties":{"ZCTA5CE20":"45205"}},{"arcs":[[3,4,5,6,7]],"type":"Polygon","properties":{"ZCTA5CE20":"46617"}},{"arcs":[[8,9]],"type":"Polygon","properties":{"ZCTA5CE20":"47306"}},{"arcs":[[10,11,12,13,14,15,16,17,18,19,20,21,22,23,24,25],[26]],"type":"Polygon","properties":{"ZCTA5CE20":"46173"}},{"arcs":[[27,28,29,30]],"type":"Polygon","properties":{"ZCTA5CE20":"46738"}},{"arcs":[[31]],"type":"Polygon","properties":{"ZCTA5CE20":"49258"}},{"arcs":[[33]],"type":"Polygon","properties":{"ZCTA5CE20":"61955"}},{"arcs":[[34,35]],"type":"Polygon","properties":{"ZCTA5CE20":"43553"}},{"arcs":[[36]],"type":"Polygon","properties":{"ZCTA5CE20":"46624"}},{"arcs":[[[38,39,40]],[[41,42]],[[43,44,45,46,47,48,49,50]]],"type":"MultiPolygon","properties":{"ZCTA5CE20":"45806"}},{"arcs":[[51,52,53,54]],"type":"Polygon","properties":{"ZCTA5CE20":"46167"}},{"arcs":[[55,56]],"type":"Polygon","properties":{"ZCTA5CE20":"47420"}},{"arcs":[[57,58]],"type":"Polygon","properties":{"ZCTA5CE20":"47021"}},{"arcs":[[59,60]],"type":"Polygon","properties":{"ZCTA5CE20":"46789"}},{"arcs":[[61]],"type":"Polygon","properties":{"ZCTA5CE20":"46045"}},{"arcs":[[[62]],[[63,64,65,66,67,68,69,70,71,72,73,74],[75]]],"type":"MultiPolygon","properties":{"ZCTA5CE20":"45011"}},{"arcs":[[76,77]],"type":"Polygon","properties":{"ZCTA5CE20":"46107"}},{"arcs":[[78,79]],"type":"Polygon","properties":{"ZCTA5CE20":"46796"}},{"arcs":[[80]],"type":"Polygon","properties":{"ZCTA5CE20":"43510"}},{"arcs":[[81]],"type":"Polygon","properties":{"ZCTA5CE20":"45815"}},{"arcs":[[82,83]],"type":"Polygon","properties":{"ZCTA5CE20":"47437"}},{"arcs":[[84]],"type":"Polygon","properties":{"ZCTA5CE20":"46922"}},{"arcs":[[85,86,87,88,89,90,91,92]],"type":"Polygon","properties":{"ZCTA5CE20":"47165"}},{"arcs":[[93]],"type":"Polygon","properties":{"ZCTA5CE20":"45848"}},{"arcs":[[94]],"type":"Polygon","properties":{"ZCTA5CE20":"45866"}},{"arcs":[[95]],"type":"Polygon","properties":{"ZCTA5CE20":"45893"}},{"arcs":[[[96]],[[97]],[[98,99,100,101,102,103]],[[104,105,106,107,108,109,110,111,112,113,114,115,116]]],"type":"MultiPolygon","properties":{"ZCTA5CE20":"61834"}},{"arcs":[[117,118,119]],"type":"Polygon","properties":{"ZCTA5CE20":"45330"}},{"arcs":[[122,123,124,125,126,127]],"type":"Polygon","properties":{"ZCTA5CE20":"47977"}},{"arcs":[[128,129,130,131]],"type":"Polygon","properties":{"ZCTA5CE20":"60476"}},{"arcs":[[132,133]],"type":"Polygon","properties":{"ZCTA5CE20":"47236"}},{"arcs":[[134]],"type":"Polygon","properties":{"ZCTA5CE20":"47965"}},{"arcs":[[135,136]],"type":"Polygon","properties":{"ZCTA5CE20":"45876"}},{"arcs":[[137]],"type":"Polygon","properties":{"ZCTA5CE20":"47986"}},{"arcs":[[138,139,140,141,142,143,144,145,146,147,148,149,150],[151]],"type":"Polygon","properties":{"ZCTA5CE20":"47401"}},{"arcs":[[152,153,154,155]],"type":"Polygon","properties":{"ZCTA5CE20":"46705"}},{"arcs":[[156,157,158,159]],"type":"Polygon","properties":{"ZCTA5CE20":"46250"}},{"arcs":[[160]],"type":"Polygon","properties":{"ZCTA5CE20":"47958"}},{"arcs":[[161,162]],"type":"Polygon","properties":{"ZCTA5CE20":"43070"}},{"arcs":[[163,164]],"type":"Polygon","properties":{"ZCTA5CE20":"45854"}},{"arcs":[[165,166]],"type":"Polygon","properties":{"ZCTA5CE20":"46048"}},{"arcs":[[167]],"type":"Polygon","properties":{"ZCTA5CE20":"45358"}},{"arcs":[[168]],"type":"Polygon","properties":{"ZCTA5CE20":"45354"}},{"arcs":[[169,170]],"type":"Polygon","properties":{"ZCTA5CE20":"46170"}},{"arcs":[[171,172]],"type":"Polygon","properties":{"ZCTA5CE20":"47445"}},{"arcs":[[173,174]],"type":"Polygon","properties":{"ZCTA5CE20":"46778"}},{"arcs":[[175,176,177,178,179,180,181]],"type":"Polygon","properties":{"ZCTA5CE20":"49014"}},{"arcs":[[182,183,184,185,186,187,188,189,-46,190,191,192],[193],[194],[195],[196]],"type":"Polygon","properties":{"ZCTA5CE20":"45807"}},{"arcs":[[197,198,199,200,201,202,203,204]],"type":"Polygon","properties":{"ZCTA5CE20":"47553"}},{"arcs":[[205,206,207,208,209,210,211,212,213,214,215,-146]],"type":"Polygon","properties":{"ZCTA5CE20":"47448"}},{"arcs":[[216]],"type":"Polygon","properties":{"ZCTA5CE20":"47388"}},{"arcs":[[217]],"type":"Polygon","properties":{"ZCTA5CE20":"43530"}},{"arcs":[[218]],"type":"Polygon","properties":{"ZCTA5CE20":"49084"}},{"arcs":[[219,220,221]],"type":"Polygon","properties":{"ZCTA5CE20":"46302"}},{"arcs":[[222]],"type":"Polygon","properties":{"ZCTA5CE20":"46345"}},{"arcs":[[223]],"type":"Polygon","properties":{"ZCTA5CE20":"47853"}},{"arcs":[[224,225]],"type":"Polygon","properties":{"ZCTA5CE20":"49063"}},{"arcs":[[226,227,228,229,230,231,232,233]],"type":"Polygon","properties":{"ZCTA5CE20":"49010"}},{"arcs":[[238,239,240,241]],"type":"Polygon","properties":{"ZCTA5CE20":"47036"}},{"arcs":[[242,243,244]],"type":"Polygon","properties":{"ZCTA5CE20":"43520"}},{"arcs":[[245,246,247]],"type":"Polygon","properties":{"ZCTA5CE20":"45267"}},{"arcs":[[248,249]],"type":"Polygon","properties":{"ZCTA5CE20":"45361"}},{"arcs":[[250]],"type":"Polygon","properties":{"ZCTA5CE20":"47997"}},{"arcs":[[251,252,253,254,255,256,257,258,259,260,261,262,263,264,265,266,267]],"type":"Polygon","properties":{"ZCTA5CE20":"46151"}},{"arcs":[[-27]],"type":"Polygon","properties":{"ZCTA5CE20":"46155"}},{"arcs":[[268,269,270,271]],"type":"Polygon","properties":{"ZCTA5CE20":"46290"}},{"arcs":[[273,274,275,276,277]],"type":"Polygon","properties":{"ZCTA5CE20":"46409"}},{"arcs":[[278]],"type":"Polygon","properties":{"ZCTA5CE20":"46508"}},{"arcs":[[279,280,281,282,283,284]],"type":"Polygon","properties":{"ZCTA5CE20":"46348"}},{"arcs":[[287,288]],"type":"Polygon","properties":{"ZCTA5CE20":"46393"}},{"arcs":[[289]],"type":"Polygon","properties":{"ZCTA5CE20":"46047"}},{"arcs":[[290,291]],"type":"Polygon","properties":{"ZCTA5CE20":"46183"}},{"arcs":[[292,293,294,295]],"type":"Polygon","properties":{"ZCTA5CE20":"46117"}},{"arcs":[[296,-266]],"type":"Polygon","properties":{"ZCTA5CE20":"46125"}},{"arcs":[[297,298,299,300,301,302,-171,303,304,305]],"type":"Polygon","properties":{"ZCTA5CE20":"46135"}},{"arcs":[[306,307,308,309]],"type":"Polygon","properties":{"ZCTA5CE20":"45203"}},{"arcs":[[312,313,-312,314,315,316,-246,317]],"type":"Polygon","properties":{"ZCTA5CE20":"45229"}},{"arcs":[[319,320,321,322,-109,323]],"type":"Polygon","properties":{"ZCTA5CE20":"61814"}},{"arcs":[[324]],"type":"Polygon","properties":{"ZCTA5CE20":"43505"}},{"arcs":[[328,329]],"type":"Polygon","properties":{"ZCTA5CE20":"45350"}},{"arcs":[[[330,-114,331,-102]],[[-116,332,-100,333],[-98],[-97]]],"type":"MultiPolygon","properties":{"ZCTA5CE20":"61832"}},{"arcs":[[334,335,336]],"type":"Polygon","properties":{"ZCTA5CE20":"43519"}},{"arcs":[[339,340]],"type":"Polygon","properties":{"ZCTA5CE20":"61848"}},{"arcs":[[341,342]],"type":"Polygon","properties":{"ZCTA5CE20":"43531"}},{"arcs":[[343,344,345]],"type":"Polygon","properties":{"ZCTA5CE20":"43536"}},{"arcs":[[346,347]],"type":"Polygon","properties":{"ZCTA5CE20":"43555"}},{"arcs":[[348,349,350,351]],"type":"Polygon","properties":{"ZCTA5CE20":"45001"}},{"arcs":[[[352,353]],[[354,-75,355,-73,356,357,358,359,360]]],"type":"MultiPolygon","properties":{"ZCTA5CE20":"45013"}},{"arcs":[[361]],"type":"Polygon","properties":{"ZCTA5CE20":"45033"}},{"arcs":[[362]],"type":"Polygon","properties":{"ZCTA5CE20":"45051"}},{"arcs":[[363]],"type":"Polygon","properties":{"ZCTA5CE20":"49289"}},{"arcs":[[364,365]],"type":"Polygon","properties":{"ZCTA5CE20":"47916"}},{"arcs":[[366]],"type":"Polygon","properties":{"ZCTA5CE20":"47924"}},{"arcs":[[367,368]],"type":"Polygon","properties":{"ZCTA5CE20":"47034"}},{"arcs":[[369,370,371,372,373,374,375,376,377]],"type":"Polygon","properties":{"ZCTA5CE20":"47111"}},{"arcs":[[378,379]],"type":"Polygon","properties":{"ZCTA5CE20":"46590"}},{"arcs":[[381,382,383,384,385,386,387,388,-86,389]],"type":"Polygon","properties":{"ZCTA5CE20":"47170"}},{"arcs":[[390,391,392,393,394,395,396,397,398,-215],[399]],"type":"Polygon","properties":{"ZCTA5CE20":"47201"}},{"arcs":[[400,401,402]],"type":"Polygon","properties":{"ZCTA5CE20":"46731"}},{"arcs":[[403,404,405,-383,406,407,408]],"type":"Polygon","properties":{"ZCTA5CE20":"47220"}},{"arcs":[[409]],"type":"Polygon","properties":{"ZCTA5CE20":"47226"}},{"arcs":[[410,411,412,-177,413,414,415,416]],"type":"Polygon","properties":{"ZCTA5CE20":"49017"}},{"arcs":[[417,418,419,420,-21,421,-19,422,-242,423,424,425,426],[427]],"type":"Polygon","properties":{"ZCTA5CE20":"47240"}},{"arcs":[[-400]],"type":"Polygon","properties":{"ZCTA5CE20":"47247"}},{"arcs":[[428,429,430,431]],"type":"Polygon","properties":{"ZCTA5CE20":"46766"}},{"arcs":[[432,433,434,435,436,437,438,439,440,441,442,443]],"type":"Polygon","properties":{"ZCTA5CE20":"47250"}},{"arcs":[[-428]],"type":"Polygon","properties":{"ZCTA5CE20":"47263"}},{"arcs":[[444,445,446,447,448,449],[450]],"type":"Polygon","properties":{"ZCTA5CE20":"47265"}},{"arcs":[[451,452,453,454,455,456,457,458]],"type":"Polygon","properties":{"ZCTA5CE20":"43333"}},{"arcs":[[459]],"type":"Polygon","properties":{"ZCTA5CE20":"46786"}},{"arcs":[[460,461,462]],"type":"Polygon","properties":{"ZCTA5CE20":"46791"}},{"arcs":[[463,464,465,466]],"type":"Polygon","properties":{"ZCTA5CE20":"46799"}},{"arcs":[[-397,467,468,-450,469,470,471,-405,472]],"type":"Polygon","properties":{"ZCTA5CE20":"47274"}},{"arcs":[[473,474,-394]],"type":"Polygon","properties":{"ZCTA5CE20":"47280"}},{"arcs":[[-407,-382,475,476,477]],"type":"Polygon","properties":{"ZCTA5CE20":"47281"}},{"arcs":[[-451]],"type":"Polygon","properties":{"ZCTA5CE20":"47282"}},{"arcs":[[478,479,480,481,482,483]],"type":"Polygon","properties":{"ZCTA5CE20":"46807"}},{"arcs":[[485,486]],"type":"Polygon","properties":{"ZCTA5CE20":"47337"}},{"arcs":[[487,488,489]],"type":"Polygon","properties":{"ZCTA5CE20":"49075"}},{"arcs":[[490,491]],"type":"Polygon","properties":{"ZCTA5CE20":"47344"}},{"arcs":[[492]],"type":"Polygon","properties":{"ZCTA5CE20":"47809"}},{"arcs":[[493]],"type":"Polygon","properties":{"ZCTA5CE20":"47941"}},{"arcs":[[496,497]],"type":"Polygon","properties":{"ZCTA5CE20":"47367"}},{"arcs":[[498,499,500]],"type":"Polygon","properties":{"ZCTA5CE20":"47836"}},{"arcs":[[501,502]],"type":"Polygon","properties":{"ZCTA5CE20":"46930"}},{"arcs":[[504,505]],"type":"Polygon","properties":{"ZCTA5CE20":"46943"}},{"arcs":[[506]],"type":"Polygon","properties":{"ZCTA5CE20":"49104"}},{"arcs":[[507,508,509,510]],"type":"Polygon","properties":{"ZCTA5CE20":"49106"}},{"arcs":[[511]],"type":"Polygon","properties":{"ZCTA5CE20":"47382"}},{"arcs":[[512,513,514]],"type":"Polygon","properties":{"ZCTA5CE20":"49119"}},{"arcs":[[515,516,517,518,519]],"type":"Polygon","properties":{"ZCTA5CE20":"47846"}},{"arcs":[[521,522]],"type":"Polygon","properties":{"ZCTA5CE20":"47966"}},{"arcs":[[523,524,525,526,527]],"type":"Polygon","properties":{"ZCTA5CE20":"46950"}},{"arcs":[[528]],"type":"Polygon","properties":{"ZCTA5CE20":"46958"}},{"arcs":[[529,530]],"type":"Polygon","properties":{"ZCTA5CE20":"46961"}},{"arcs":[[531,532,-143,533,-141]],"type":"Polygon","properties":{"ZCTA5CE20":"47405"}},{"arcs":[[[-144,-533,534]],[[-142,-534]]],"type":"MultiPolygon","properties":{"ZCTA5CE20":"47406"}},{"arcs":[[535,536]],"type":"Polygon","properties":{"ZCTA5CE20":"47860"}},{"arcs":[[537]],"type":"Polygon","properties":{"ZCTA5CE20":"47863"}},{"arcs":[[538,539]],"type":"Polygon","properties":{"ZCTA5CE20":"47865"}},{"arcs":[[540]],"type":"Polygon","properties":{"ZCTA5CE20":"47869"}},{"arcs":[[541,542]],"type":"Polygon","properties":{"ZCTA5CE20":"47880"}},{"arcs":[[543]],"type":"Polygon","properties":{"ZCTA5CE20":"47881"}},{"arcs":[[544]],"type":"Polygon","properties":{"ZCTA5CE20":"46967"}},{"arcs":[[545]],"type":"Polygon","properties":{"ZCTA5CE20":"46968"}},{"arcs":[[548,-56,549,-149,550,551,552,553,554,555],[556],[557]],"type":"Polygon","properties":{"ZCTA5CE20":"47421"}},{"arcs":[[558]],"type":"Polygon","properties":{"ZCTA5CE20":"47434"}},{"arcs":[[559]],"type":"Polygon","properties":{"ZCTA5CE20":"47884"}},{"arcs":[[560]],"type":"Polygon","properties":{"ZCTA5CE20":"46984"}},{"arcs":[[561]],"type":"Polygon","properties":{"ZCTA5CE20":"46998"}},{"arcs":[[562,-555,563,564,565,566,-83,567]],"type":"Polygon","properties":{"ZCTA5CE20":"47446"}},{"arcs":[[570,571,572,573,574,575,576,577,578,579],[-494],[-367]],"type":"Polygon","properties":{"ZCTA5CE20":"47905"}},{"arcs":[[580,581,582,583,584,585,586,587]],"type":"Polygon","properties":{"ZCTA5CE20":"47001"}},{"arcs":[[588,589]],"type":"Polygon","properties":{"ZCTA5CE20":"49261"}},{"arcs":[[590]],"type":"Polygon","properties":{"ZCTA5CE20":"49263"}},{"arcs":[[591,592]],"type":"Polygon","properties":{"ZCTA5CE20":"46346"}},{"arcs":[[593,594]],"type":"Polygon","properties":{"ZCTA5CE20":"47596"}},{"arcs":[[595]],"type":"Polygon","properties":{"ZCTA5CE20":"46980"}},{"arcs":[[596,597,598,599]],"type":"Polygon","properties":{"ZCTA5CE20":"60419"}},{"arcs":[[600,601,602,603]],"type":"Polygon","properties":{"ZCTA5CE20":"45340"}},{"arcs":[[604,605,606,607,-298,608,609,-499,610,611,-536,612]],"type":"Polygon","properties":{"ZCTA5CE20":"47872"}},{"arcs":[[615,616,617,618]],"type":"Polygon","properties":{"ZCTA5CE20":"46555"}},{"arcs":[[619]],"type":"Polygon","properties":{"ZCTA5CE20":"47875"}},{"arcs":[[620,621]],"type":"Polygon","properties":{"ZCTA5CE20":"46971"}},{"arcs":[[625,626]],"type":"Polygon","properties":{"ZCTA5CE20":"45310"}},{"arcs":[[627,-209]],"type":"Polygon","properties":{"ZCTA5CE20":"47435"}},{"arcs":[[628,629,630]],"type":"Polygon","properties":{"ZCTA5CE20":"49115"}},{"arcs":[[631]],"type":"Polygon","properties":{"ZCTA5CE20":"46206"}},{"arcs":[[632,-187,633]],"type":"Polygon","properties":{"ZCTA5CE20":"45808"}},{"arcs":[[634]],"type":"Polygon","properties":{"ZCTA5CE20":"45819"}},{"arcs":[[-195]],"type":"Polygon","properties":{"ZCTA5CE20":"45820"}},{"arcs":[[635]],"type":"Polygon","properties":{"ZCTA5CE20":"45838"}},{"arcs":[[636,637,638,639]],"type":"Polygon","properties":{"ZCTA5CE20":"45853"}},{"arcs":[[640]],"type":"Polygon","properties":{"ZCTA5CE20":"45855"}},{"arcs":[[641,642,643]],"type":"Polygon","properties":{"ZCTA5CE20":"45861"}},{"arcs":[[644,645]],"type":"Polygon","properties":{"ZCTA5CE20":"45870"}},{"arcs":[[646]],"type":"Polygon","properties":{"ZCTA5CE20":"45884"}},{"arcs":[[647,648]],"type":"Polygon","properties":{"ZCTA5CE20":"45899"}},{"arcs":[[-194]],"type":"Polygon","properties":{"ZCTA5CE20":"45809"}},{"arcs":[[-486,649,650,651,652,653,-13,654,655]],"type":"Polygon","properties":{"ZCTA5CE20":"47352"}},{"arcs":[[656,657,658,659,660,661]],"type":"Polygon","properties":{"ZCTA5CE20":"46322"}},{"arcs":[[662,663,664]],"type":"Polygon","properties":{"ZCTA5CE20":"45864"}},{"arcs":[[665]],"type":"Polygon","properties":{"ZCTA5CE20":"46945"}},{"arcs":[[666,667,668]],"type":"Polygon","properties":{"ZCTA5CE20":"46379"}},{"arcs":[[669]],"type":"Polygon","properties":{"ZCTA5CE20":"46965"}},{"arcs":[[670]],"type":"Polygon","properties":{"ZCTA5CE20":"47370"}},{"arcs":[[671,672,673,674,675]],"type":"Polygon","properties":{"ZCTA5CE20":"43524"}},{"arcs":[[676,677,678,679,680,681,682]],"type":"Polygon","properties":{"ZCTA5CE20":"46528"}},{"arcs":[[683,684,685,686,687]],"type":"Polygon","properties":{"ZCTA5CE20":"49111"}},{"arcs":[[688,689]],"type":"Polygon","properties":{"ZCTA5CE20":"46957"}},{"arcs":[[-530,690,691,692,693,694,695,696,-621,697,698,699],[-529]],"type":"Polygon","properties":{"ZCTA5CE20":"46970"}},{"arcs":[[700,701,702,703,704,705]],"type":"Polygon","properties":{"ZCTA5CE20":"49248"}},{"arcs":[[706]],"type":"Polygon","properties":{"ZCTA5CE20":"46704"}},{"arcs":[[707]],"type":"Polygon","properties":{"ZCTA5CE20":"45351"}},{"arcs":[[708,709]],"type":"Polygon","properties":{"ZCTA5CE20":"43346"}},{"arcs":[[710,711,-322]],"type":"Polygon","properties":{"ZCTA5CE20":"47982"}},{"arcs":[[713,714,-274,715,716]],"type":"Polygon","properties":{"ZCTA5CE20":"46407"}},{"arcs":[[717,-284,718,719,720]],"type":"Polygon","properties":{"ZCTA5CE20":"46374"}},{"arcs":[[721]],"type":"Polygon","properties":{"ZCTA5CE20":"46959"}},{"arcs":[[[722,723]],[[724,725,726,727,728,729,730,731,732]]],"type":"MultiPolygon","properties":{"ZCTA5CE20":"49009"}},{"arcs":[[733]],"type":"Polygon","properties":{"ZCTA5CE20":"47870"}},{"arcs":[[734,735,736,737,738,739]],"type":"Polygon","properties":{"ZCTA5CE20":"46268"}},{"arcs":[[-20,-422]],"type":"Polygon","properties":{"ZCTA5CE20":"47225"}},{"arcs":[[740,741]],"type":"Polygon","properties":{"ZCTA5CE20":"47845"}},{"arcs":[[742]],"type":"Polygon","properties":{"ZCTA5CE20":"47455"}},{"arcs":[[744]],"type":"Polygon","properties":{"ZCTA5CE20":"49027"}},{"arcs":[[745,746,747,-595,748,749,-236,750,751]],"type":"Polygon","properties":{"ZCTA5CE20":"47528"}},{"arcs":[[-476,-390,-93,752,753]],"type":"Polygon","properties":{"ZCTA5CE20":"47167"}},{"arcs":[[755,-277,756,757,758,759]],"type":"Polygon","properties":{"ZCTA5CE20":"46410"}},{"arcs":[[-424,-241,760,761,762,763,-368,764],[765]],"type":"Polygon","properties":{"ZCTA5CE20":"47006"}},{"arcs":[[766,767,768,769,770,771,772,773,774]],"type":"Polygon","properties":{"ZCTA5CE20":"41017"}},{"arcs":[[[775,776]],[[777,778,779,-570,780,-590,781,782,783,784,785],[786,787,788,789]]],"type":"MultiPolygon","properties":{"ZCTA5CE20":"49201"}},{"arcs":[[-654,790,-14]],"type":"Polygon","properties":{"ZCTA5CE20":"46127"}},{"arcs":[[791]],"type":"Polygon","properties":{"ZCTA5CE20":"46144"}},{"arcs":[[792,793,794,795,796,797,798,799,800,801,802,-762]],"type":"Polygon","properties":{"ZCTA5CE20":"47012"}},{"arcs":[[803]],"type":"Polygon","properties":{"ZCTA5CE20":"47876"}},{"arcs":[[804,805,806,807,808,809,810,811,812,813],[-223]],"type":"Polygon","properties":{"ZCTA5CE20":"46350"}},{"arcs":[[814,-7,815,816,817,818]],"type":"Polygon","properties":{"ZCTA5CE20":"46601"}},{"arcs":[[819,820,821]],"type":"Polygon","properties":{"ZCTA5CE20":"46381"}},{"arcs":[[822,823,824,-313,825]],"type":"Polygon","properties":{"ZCTA5CE20":"45217"}},{"arcs":[[826]],"type":"Polygon","properties":{"ZCTA5CE20":"47573"}},{"arcs":[[827,828,-675,829,830]],"type":"Polygon","properties":{"ZCTA5CE20":"43548"}},{"arcs":[[833,834]],"type":"Polygon","properties":{"ZCTA5CE20":"46057"}},{"arcs":[[835,836,837,838,839]],"type":"Polygon","properties":{"ZCTA5CE20":"46123"}},{"arcs":[[840,841,842,843,844,845]],"type":"Polygon","properties":{"ZCTA5CE20":"46037"}},{"arcs":[[-660,846,847,-760,848]],"type":"Polygon","properties":{"ZCTA5CE20":"46319"}},{"arcs":[[849,850,851,852,853,854,-77,855,856,857]],"type":"Polygon","properties":{"ZCTA5CE20":"46203"}},{"arcs":[[858,859,860,861,-58,862,-437,863]],"type":"Polygon","properties":{"ZCTA5CE20":"47042"}},{"arcs":[[864,-720,865,866,867,868]],"type":"Polygon","properties":{"ZCTA5CE20":"47957"}},{"arcs":[[-275,-715,869,870,871,872]],"type":"Polygon","properties":{"ZCTA5CE20":"46405"}},{"arcs":[[873,874,875,-366,876,877]],"type":"Polygon","properties":{"ZCTA5CE20":"47990"}},{"arcs":[[878,879,880,881],[-493]],"type":"Polygon","properties":{"ZCTA5CE20":"47807"}},{"arcs":[[882,883,884,885,886,887,888]],"type":"Polygon","properties":{"ZCTA5CE20":"47390"}},{"arcs":[[889,890,891,-465,892]],"type":"Polygon","properties":{"ZCTA5CE20":"46798"}},{"arcs":[[894]],"type":"Polygon","properties":{"ZCTA5CE20":"45041"}},{"arcs":[[895,-4,896],[-37]],"type":"Polygon","properties":{"ZCTA5CE20":"46556"}},{"arcs":[[897]],"type":"Polygon","properties":{"ZCTA5CE20":"47983"}},{"arcs":[[898,899,900,901,902,903,904,905,906,-575,907],[-251]],"type":"Polygon","properties":{"ZCTA5CE20":"46923"}},{"arcs":[[-686,908,909,910]],"type":"Polygon","properties":{"ZCTA5CE20":"49102"}},{"arcs":[[911]],"type":"Polygon","properties":{"ZCTA5CE20":"47855"}},{"arcs":[[913,914,915]],"type":"Polygon","properties":{"ZCTA5CE20":"47969"}},{"arcs":[[916,917,918]],"type":"Polygon","properties":{"ZCTA5CE20":"47866"}},{"arcs":[[919,-571,920,921]],"type":"Polygon","properties":{"ZCTA5CE20":"47901"}},{"arcs":[[922,923,924,925,926,927,928,929,930,931,932]],"type":"Polygon","properties":{"ZCTA5CE20":"47460"}},{"arcs":[[933,934,935]],"type":"Polygon","properties":{"ZCTA5CE20":"45315"}},{"arcs":[[936,937]],"type":"Polygon","properties":{"ZCTA5CE20":"45353"}},{"arcs":[[939,940,941,942,-834]],"type":"Polygon","properties":{"ZCTA5CE20":"46039"}},{"arcs":[[943,944,945,946,-642,947]],"type":"Polygon","properties":{"ZCTA5CE20":"45873"}},{"arcs":[[948,949,-710,950,951,952,-50]],"type":"Polygon","properties":{"ZCTA5CE20":"45896"}},{"arcs":[[953]],"type":"Polygon","properties":{"ZCTA5CE20":"47907"}},{"arcs":[[954,955,956,957,958,959,960]],"type":"Polygon","properties":{"ZCTA5CE20":"46986"}},{"arcs":[[961,-374,962,963]],"type":"Polygon","properties":{"ZCTA5CE20":"47162"}},{"arcs":[[966,967,968,969,970,971]],"type":"Polygon","properties":{"ZCTA5CE20":"49043"}},{"arcs":[[972,973,974,975,976,977],[-62],[-290]],"type":"Polygon","properties":{"ZCTA5CE20":"46072"}},{"arcs":[[[978]],[[979,980,981,982,983,984]]],"type":"MultiPolygon","properties":{"ZCTA5CE20":"46235"}},{"arcs":[[985,986,987,988,989,990]],"type":"Polygon","properties":{"ZCTA5CE20":"46074"}},{"arcs":[[991,992,993,994,995,996,997],[998]],"type":"Polygon","properties":{"ZCTA5CE20":"46001"}},{"arcs":[[999,-996,1000,1001,1002,1003,1004,1005]],"type":"Polygon","properties":{"ZCTA5CE20":"46011"}},{"arcs":[[1006,1007,-609,-306,1008,1009,-517,1010,1011,1012],[-544],[1013],[-224]],"type":"Polygon","properties":{"ZCTA5CE20":"47834"}},{"arcs":[[[1014]],[[1015,1016,1017,1018,-270]]],"type":"MultiPolygon","properties":{"ZCTA5CE20":"46280"}},{"arcs":[[1019,1020,-845,1021,1022,-982]],"type":"Polygon","properties":{"ZCTA5CE20":"46055"}},{"arcs":[[-566,1023,1024,1025,1026]],"type":"Polygon","properties":{"ZCTA5CE20":"47469"}},{"arcs":[[-960,1027,-503,1028,1029,-690,1030,1031,1032,1033,1034,1035]],"type":"Polygon","properties":{"ZCTA5CE20":"46928"}},{"arcs":[[1036,-888,1037,1038,1039],[-512]],"type":"Polygon","properties":{"ZCTA5CE20":"47394"}},{"arcs":[[-892,1040,1041,-403,1042,-461,1043,-466]],"type":"Polygon","properties":{"ZCTA5CE20":"46777"}},{"arcs":[[1044,1045,-348,1046,1047,1048,1049,1050,1051,1052,1053]],"type":"Polygon","properties":{"ZCTA5CE20":"43545"}},{"arcs":[[-932,1054,1055]],"type":"Polygon","properties":{"ZCTA5CE20":"47431"}},{"arcs":[[1056,1057,1058,1059,1060,1061,1062,1063,1064]],"type":"Polygon","properties":{"ZCTA5CE20":"46131"}},{"arcs":[[1069,1070,1071,1072,1073,1074,1075]],"type":"Polygon","properties":{"ZCTA5CE20":"49067"}},{"arcs":[[1076,1077,-798]],"type":"Polygon","properties":{"ZCTA5CE20":"47010"}},{"arcs":[[1078,1079,1080,1081,1082]],"type":"Polygon","properties":{"ZCTA5CE20":"49042"}},{"arcs":[[-785,1083,1084,1085]],"type":"Polygon","properties":{"ZCTA5CE20":"49283"}},{"arcs":[[-547,1086,1087,1088,1089,1090]],"type":"Polygon","properties":{"ZCTA5CE20":"49284"}},{"arcs":[[1092,1093]],"type":"Polygon","properties":{"ZCTA5CE20":"46513"}},{"arcs":[[1094,1095,1096,1097]],"type":"Polygon","properties":{"ZCTA5CE20":"47020"}},{"arcs":[[1098,1099,1100,-631,1101,-514,1102,1103,1104,-807,1105]],"type":"Polygon","properties":{"ZCTA5CE20":"49128"}},{"arcs":[[1106,1107,-253,1108]],"type":"Polygon","properties":{"ZCTA5CE20":"46157"}},{"arcs":[[1109,1110,1111,1112,1113,1114]],"type":"Polygon","properties":{"ZCTA5CE20":"41091"}},{"arcs":[[1115,-551,-148]],"type":"Polygon","properties":{"ZCTA5CE20":"47436"}},{"arcs":[[1116]],"type":"Polygon","properties":{"ZCTA5CE20":"46154"}},{"arcs":[[1117,1118,1119,1120]],"type":"Polygon","properties":{"ZCTA5CE20":"49001"}},{"arcs":[[1121,1122,-1085,1123,1124,1125]],"type":"Polygon","properties":{"ZCTA5CE20":"49237"}},{"arcs":[[1126,1127,1128,1129,1130,1131,1132,1133,-1119,1134]],"type":"Polygon","properties":{"ZCTA5CE20":"49048"}},{"arcs":[[1135,1136,1137,1138,1139,-701,1140,1141,1142]],"type":"Polygon","properties":{"ZCTA5CE20":"49221"}},{"arcs":[[1143,1144,1145,1146,1147,1148]],"type":"Polygon","properties":{"ZCTA5CE20":"45813"}},{"arcs":[[1149,-233,1150,1151]],"type":"Polygon","properties":{"ZCTA5CE20":"49450"}},{"arcs":[[-935,1152,-338,1153,1154,1155,1156]],"type":"Polygon","properties":{"ZCTA5CE20":"45426"}},{"arcs":[[1157,1158,1159,1160]],"type":"Polygon","properties":{"ZCTA5CE20":"45865"}},{"arcs":[[1162,1163,1164,1165,1166,1167]],"type":"Polygon","properties":{"ZCTA5CE20":"49072"}},{"arcs":[[1168,1169,1170,1171,1172,1173]],"type":"Polygon","properties":{"ZCTA5CE20":"49130"}},{"arcs":[[1176,1177,-360,1178,1179]],"type":"Polygon","properties":{"ZCTA5CE20":"45053"}},{"arcs":[[1180,1181,1182,1183]],"type":"Polygon","properties":{"ZCTA5CE20":"45321"}},{"arcs":[[1184]],"type":"Polygon","properties":{"ZCTA5CE20":"47324"}},{"arcs":[[1185,1186]],"type":"Polygon","properties":{"ZCTA5CE20":"47366"}},{"arcs":[[1187,1188,1189,-1184,1190,1191]],"type":"Polygon","properties":{"ZCTA5CE20":"45347"}},{"arcs":[[1192,1193,-444,1194,-386,1195,1196]],"type":"Polygon","properties":{"ZCTA5CE20":"47230"}},{"arcs":[[-181,1204,1205,1206,1207,1208]],"type":"Polygon","properties":{"ZCTA5CE20":"49029"}},{"arcs":[[-1003,1209,1210,1211,1212]],"type":"Polygon","properties":{"ZCTA5CE20":"46013"}},{"arcs":[[1213,1214,1215,1216,1217,1218,1219,1220,1221,-302,1222]],"type":"Polygon","properties":{"ZCTA5CE20":"46121"}},{"arcs":[[1223,-682,1224,1225,1226,1227]],"type":"Polygon","properties":{"ZCTA5CE20":"46517"}},{"arcs":[[1228,-150,-550,-57,-549,1229,1230,1231,1232,1233]],"type":"Polygon","properties":{"ZCTA5CE20":"47462"}},{"arcs":[[-843,1234,1235,-1004,-1213,1236,1237,1238,1239,-166,1240]],"type":"Polygon","properties":{"ZCTA5CE20":"46064"}},{"arcs":[[-740,1243,1244,1245,1246]],"type":"Polygon","properties":{"ZCTA5CE20":"46278"}},{"arcs":[[1247,1248,1249,1250,1251]],"type":"Polygon","properties":{"ZCTA5CE20":"46218"}},{"arcs":[[[1252]],[[1253,1254,1255,1256,1257]]],"type":"MultiPolygon","properties":{"ZCTA5CE20":"46320"}},{"arcs":[[1258,1259,1260,1261,1262,1263,1264]],"type":"Polygon","properties":{"ZCTA5CE20":"47970"}},{"arcs":[[-557]],"type":"Polygon","properties":{"ZCTA5CE20":"47451"}},{"arcs":[[1265,-295,1266,-11,1267,1268]],"type":"Polygon","properties":{"ZCTA5CE20":"46115"}},{"arcs":[[1269,1270,-285,-718,1271,1272,-221]],"type":"Polygon","properties":{"ZCTA5CE20":"46347"}},{"arcs":[[-808,-1105,1273,1274,1275,1276,1277,1278,1279,1280]],"type":"Polygon","properties":{"ZCTA5CE20":"46552"}},{"arcs":[[1281,1282,1283,-1200]],"type":"Polygon","properties":{"ZCTA5CE20":"47942"}},{"arcs":[[1284,1285,-923,1286,1287]],"type":"Polygon","properties":{"ZCTA5CE20":"47833"}},{"arcs":[[1288,1289]],"type":"Polygon","properties":{"ZCTA5CE20":"47392"}},{"arcs":[[1290,1291,1292,1293,1294,-649,1295,1296]],"type":"Polygon","properties":{"ZCTA5CE20":"45874"}},{"arcs":[[1297]],"type":"Polygon","properties":{"ZCTA5CE20":"47361"}},{"arcs":[[1298,1299]],"type":"Polygon","properties":{"ZCTA5CE20":"46771"}},{"arcs":[[1300,1301,-1096]],"type":"Polygon","properties":{"ZCTA5CE20":"47038"}},{"arcs":[[1302,1303,1304,1305,-1182]],"type":"Polygon","properties":{"ZCTA5CE20":"45382"}},{"arcs":[[1306,1307,1308,1309]],"type":"Polygon","properties":{"ZCTA5CE20":"46915"}},{"arcs":[[1312,1313,1314,1315,1316,1317,-1166]],"type":"Polygon","properties":{"ZCTA5CE20":"49040"}},{"arcs":[[1318,1319,1320,1321,-343,1322]],"type":"Polygon","properties":{"ZCTA5CE20":"43501"}},{"arcs":[[-578,1323,1324,1325,1326,-940,-835,-943,1327,1328,1329,1330,1331]],"type":"Polygon","properties":{"ZCTA5CE20":"46041"}},{"arcs":[[1332,1333,-605,1334]],"type":"Polygon","properties":{"ZCTA5CE20":"47832"}},{"arcs":[[1335,1336,-1251,1337,-851,1338,1339]],"type":"Polygon","properties":{"ZCTA5CE20":"46202"}},{"arcs":[[1340,1341,1342,1343,1344,1345]],"type":"Polygon","properties":{"ZCTA5CE20":"47959"}},{"arcs":[[1346,1347,1348,-1029,-502,-1028,-959]],"type":"Polygon","properties":{"ZCTA5CE20":"46938"}},{"arcs":[[1349,1350,1351,1352,1353,-1211]],"type":"Polygon","properties":{"ZCTA5CE20":"46017"}},{"arcs":[[1354,1355,-1214,1356,-300]],"type":"Polygon","properties":{"ZCTA5CE20":"46105"}},{"arcs":[[1357,1358,-370,1359,-1242]],"type":"Polygon","properties":{"ZCTA5CE20":"47143"}},{"arcs":[[-111,1360,1361,1362,1363]],"type":"Polygon","properties":{"ZCTA5CE20":"47974"}},{"arcs":[[1364,-159,1365,1366,1367,1368,1369]],"type":"Polygon","properties":{"ZCTA5CE20":"46220"}},{"arcs":[[1370,1371,1372,1373,-1255,1374]],"type":"Polygon","properties":{"ZCTA5CE20":"46312"}},{"arcs":[[1378,1379,1380,1381,-69]],"type":"Polygon","properties":{"ZCTA5CE20":"45069"}},{"arcs":[[1382,1383,1384,1385,1386,-627,1387,1388,-884,1389]],"type":"Polygon","properties":{"ZCTA5CE20":"45846"}},{"arcs":[[1390,1391,-683,-1224,1392]],"type":"Polygon","properties":{"ZCTA5CE20":"46516"}},{"arcs":[[1393,1394,1395,1396,1397,1398]],"type":"Polygon","properties":{"ZCTA5CE20":"62441"}},{"arcs":[[[1399]],[[1400,-930,1401,1402,-1234,1403,-1232,1404,1405,1406,1407,1408,1409]]],"type":"MultiPolygon","properties":{"ZCTA5CE20":"47424"}},{"arcs":[[1413,1414]],"type":"Polygon","properties":{"ZCTA5CE20":"46537"}},{"arcs":[[1415,1416,-1377,1417]],"type":"Polygon","properties":{"ZCTA5CE20":"62478"}},{"arcs":[[1420,1421,1422]],"type":"Polygon","properties":{"ZCTA5CE20":"47305"}},{"arcs":[[-1064,1423,1424,-213,1425]],"type":"Polygon","properties":{"ZCTA5CE20":"46181"}},{"arcs":[[1426,1427,1428,1429,1430,1431]],"type":"Polygon","properties":{"ZCTA5CE20":"45885"}},{"arcs":[[1432,1433,1434,-672,1435,-1052]],"type":"Polygon","properties":{"ZCTA5CE20":"43535"}},{"arcs":[[1437,1438,1439,1440,1441,1442]],"type":"Polygon","properties":{"ZCTA5CE20":"60963"}},{"arcs":[[1445,1446,1447,1448,1449,-936,-1157,1450,1451,1452,1453],[-169]],"type":"Polygon","properties":{"ZCTA5CE20":"45309"}},{"arcs":[[1454,1455,1456,1457,1458,-256,1459,-254,-1108,1460]],"type":"Polygon","properties":{"ZCTA5CE20":"46158"}},{"arcs":[[1461,1462,1463,1464]],"type":"Polygon","properties":{"ZCTA5CE20":"46030"}},{"arcs":[[-1464,1465,1466,-987,1467]],"type":"Polygon","properties":{"ZCTA5CE20":"46034"}},{"arcs":[[1468,1469,-955,1470,1471]],"type":"Polygon","properties":{"ZCTA5CE20":"46919"}},{"arcs":[[1472,1473,1474,1475,1476,1477]],"type":"Polygon","properties":{"ZCTA5CE20":"47345"}},{"arcs":[[1478,1479,1480,1481,1482]],"type":"Polygon","properties":{"ZCTA5CE20":"46776"}},{"arcs":[[1483,1484,1485,-742,1486,1487,1488],[-912]],"type":"Polygon","properties":{"ZCTA5CE20":"47879"}},{"arcs":[[1489,1490,1491,1492,1493,1494,-651,1495,1496,-491,1497,1498],[-1298]],"type":"Polygon","properties":{"ZCTA5CE20":"47362"}},{"arcs":[[1499,1500,1501,1502,1503,-680]],"type":"Polygon","properties":{"ZCTA5CE20":"46543"}},{"arcs":[[1504,-586,1505,-1301,-1095,1506,1507]],"type":"Polygon","properties":{"ZCTA5CE20":"47040"}},{"arcs":[[1508,1509,1510,1511,1512,1513,1514,1515,-1062,1516]],"type":"Polygon","properties":{"ZCTA5CE20":"46176"}},{"arcs":[[-79,1517,1518,1519,1520,1521,1522,1523,1524,1525]],"type":"Polygon","properties":{"ZCTA5CE20":"46701"}},{"arcs":[[1526,1527,1528,1529,-1031,-689,-1030,-1349,1530]],"type":"Polygon","properties":{"ZCTA5CE20":"46989"}},{"arcs":[[1531,1532,1533,1534,-1524]],"type":"Polygon","properties":{"ZCTA5CE20":"46723"}},{"arcs":[[-204,1535,1536]],"type":"Polygon","properties":{"ZCTA5CE20":"47519"}},{"arcs":[[1538,1539,1540,-414,-176,1541,1542]],"type":"Polygon","properties":{"ZCTA5CE20":"49015"}},{"arcs":[[1543,1544,1545,1546,1547]],"type":"Polygon","properties":{"ZCTA5CE20":"60637"}},{"arcs":[[1548,1549]],"type":"Polygon","properties":{"ZCTA5CE20":"47851"}},{"arcs":[[1550,1551,-119,1552,1553,1554,1555,1556,1557,1558]],"type":"Polygon","properties":{"ZCTA5CE20":"45311"}},{"arcs":[[1559,-1413,1560,1561,1562,1563,-1066,1564,1565,-381]],"type":"Polygon","properties":{"ZCTA5CE20":"60411"}},{"arcs":[[1566,1567,1568,1569,1570,1571]],"type":"Polygon","properties":{"ZCTA5CE20":"49274"}},{"arcs":[[1572,1573,1574,1575,1576,-1293],[-636]],"type":"Polygon","properties":{"ZCTA5CE20":"45894"}},{"arcs":[[1577,1578,1579,1580,1581,1582,1583]],"type":"Polygon","properties":{"ZCTA5CE20":"46773"}},{"arcs":[[1584,1585,1586,1587,-1514]],"type":"Polygon","properties":{"ZCTA5CE20":"46182"}},{"arcs":[[1588,-1453,1589,1590,1591,-1553,-118,1592],[1593]],"type":"Polygon","properties":{"ZCTA5CE20":"45381"}},{"arcs":[[-38,-1204,1596,-1203,1597,1598,-1438,1599,-485,1600]],"type":"Polygon","properties":{"ZCTA5CE20":"60942"}},{"arcs":[[1601,1602,1603,-1447,1604,1605,-1304,1606],[-168]],"type":"Polygon","properties":{"ZCTA5CE20":"45304"}},{"arcs":[[1607,1608,1609,-1076,1610,1611,1612]],"type":"Polygon","properties":{"ZCTA5CE20":"49045"}},{"arcs":[[1616,1617,1618,1619,1620,1621]],"type":"Polygon","properties":{"ZCTA5CE20":"49247"}},{"arcs":[[-103,-332,-113,1622,1623]],"type":"Polygon","properties":{"ZCTA5CE20":"61883"}},{"arcs":[[1625,1626,1627,1628,1629,1630]],"type":"Polygon","properties":{"ZCTA5CE20":"45223"}},{"arcs":[[1631]],"type":"Polygon","properties":{"ZCTA5CE20":"47831"}},{"arcs":[[1634,1635,1636,1637]],"type":"Polygon","properties":{"ZCTA5CE20":"43547"}},{"arcs":[[1639,1640,-1138,1641,1642]],"type":"Polygon","properties":{"ZCTA5CE20":"49286"}},{"arcs":[[-1605,-1446,1643]],"type":"Polygon","properties":{"ZCTA5CE20":"45378"}},{"arcs":[[-511,1645,-515,-1102,-630,1646]],"type":"Polygon","properties":{"ZCTA5CE20":"49125"}},{"arcs":[[1647]],"type":"Polygon","properties":{"ZCTA5CE20":"46102"}},{"arcs":[[1648,1649,1650,1651,1652]],"type":"Polygon","properties":{"ZCTA5CE20":"47921"}},{"arcs":[[1655,1656,-163,1657,1658,1659,1660,1661]],"type":"Polygon","properties":{"ZCTA5CE20":"45317"}},{"arcs":[[1665,1666,1667,1668,1669,1670,-597,-1175,1671]],"type":"Polygon","properties":{"ZCTA5CE20":"60827"}},{"arcs":[[1672,-1346,1673,1674,1675,-125]],"type":"Polygon","properties":{"ZCTA5CE20":"47995"}},{"arcs":[[1676,1677,1678,1679,-282]],"type":"Polygon","properties":{"ZCTA5CE20":"46340"}},{"arcs":[[1680,1681,1682,1683,1684,1685]],"type":"Polygon","properties":{"ZCTA5CE20":"46835"}},{"arcs":[[1686,1687,1688,1689,-1469,1690,1691],[-561]],"type":"Polygon","properties":{"ZCTA5CE20":"46940"}},{"arcs":[[1692,1693,-581,1694,1695,-860],[1696]],"type":"Polygon","properties":{"ZCTA5CE20":"47031"}},{"arcs":[[1697,-857,1698,1699,1700,1701]],"type":"Polygon","properties":{"ZCTA5CE20":"46227"}},{"arcs":[[-1534,1702,1703,1704,1705,1706,1707,1708],[-707]],"type":"Polygon","properties":{"ZCTA5CE20":"46818"}},{"arcs":[[1709,1710,1711,-693,1712]],"type":"Polygon","properties":{"ZCTA5CE20":"46926"}},{"arcs":[[[1713]],[[1714,-1700,1715,1716,1717,-1060,1718,-1058,1719,-257,-1459]]],"type":"MultiPolygon","properties":{"ZCTA5CE20":"46143"}},{"arcs":[[-1564,1720,1721,1722,1723,-1067]],"type":"Polygon","properties":{"ZCTA5CE20":"46311"}},{"arcs":[[1724,-272,1725,-1370,1726,1727,-737]],"type":"Polygon","properties":{"ZCTA5CE20":"46260"}},{"arcs":[[1728,1729,1730,1731,1732,1733],[-1648]],"type":"Polygon","properties":{"ZCTA5CE20":"46147"}},{"arcs":[[1735,1736,1737]],"type":"Polygon","properties":{"ZCTA5CE20":"46216"}},{"arcs":[[1738,-867,1739,1740,1741,1742,1743,1744,-1343]],"type":"Polygon","properties":{"ZCTA5CE20":"46996"}},{"arcs":[[1745,-427,1746,1747,1748]],"type":"Polygon","properties":{"ZCTA5CE20":"47244"}},{"arcs":[[1749,1750,-263,1751,1752,1753,1754,1755,-927]],"type":"Polygon","properties":{"ZCTA5CE20":"47433"}},{"arcs":[[1756,1757,-25,1758,-23,1759,-1585,-1513]],"type":"Polygon","properties":{"ZCTA5CE20":"46150"}},{"arcs":[[1760,1761,-1040,1762,1763,1764]],"type":"Polygon","properties":{"ZCTA5CE20":"47340"}},{"arcs":[[-999]],"type":"Polygon","properties":{"ZCTA5CE20":"46063"}},{"arcs":[[1765,1766,1767,1768]],"type":"Polygon","properties":{"ZCTA5CE20":"46224"}},{"arcs":[[1769,1770,-54,1771,-840,1772,1773,-1219,1774,-1217]],"type":"Polygon","properties":{"ZCTA5CE20":"46122"}},{"arcs":[[1775]],"type":"Polygon","properties":{"ZCTA5CE20":"45888"}},{"arcs":[[1776,1777,1778,1779,1780,1781,1782,1783]],"type":"Polygon","properties":{"ZCTA5CE20":"49249"}},{"arcs":[[1784,1785,1786,-1617,1787,1788,-1782]],"type":"Polygon","properties":{"ZCTA5CE20":"49220"}},{"arcs":[[-1125,1789,1790,1791,1792]],"type":"Polygon","properties":{"ZCTA5CE20":"49241"}},{"arcs":[[1793,-40,1794,-164,1795,1796,-1615,1797,1798,-949,-49]],"type":"Polygon","properties":{"ZCTA5CE20":"45850"}},{"arcs":[[1799,1800,-1661,1801,1802]],"type":"Polygon","properties":{"ZCTA5CE20":"45326"}},{"arcs":[[1803,-643,-947,1804,1805,1806,1807,1808,1809]],"type":"Polygon","properties":{"ZCTA5CE20":"45849"}},{"arcs":[[1810,1811,-824,1812,1813]],"type":"Polygon","properties":{"ZCTA5CE20":"45216"}},{"arcs":[[-946,1814,1815,-637,1816,-136,1817,-1805]],"type":"Polygon","properties":{"ZCTA5CE20":"45827"}},{"arcs":[[1818,1819,1820,1821,1822]],"type":"Polygon","properties":{"ZCTA5CE20":"43515"}},{"arcs":[[1826,1827,1828,1829]],"type":"Polygon","properties":{"ZCTA5CE20":"41045"}},{"arcs":[[1830,1831,1832,-902,1833,1834]],"type":"Polygon","properties":{"ZCTA5CE20":"47926"}},{"arcs":[[1835,-1038,-887,1836,1837,1838]],"type":"Polygon","properties":{"ZCTA5CE20":"47355"}},{"arcs":[[1839,1840,1841,1842,1843,-1717,1844]],"type":"Polygon","properties":{"ZCTA5CE20":"46259"}},{"arcs":[[1845,-128,1846,1847]],"type":"Polygon","properties":{"ZCTA5CE20":"47948"}},{"arcs":[[1848,1849,1850,1851,1852,-1207]],"type":"Polygon","properties":{"ZCTA5CE20":"49092"}},{"arcs":[[1853,1854,1855,1856,1857,-1688,1858,1859,1860]],"type":"Polygon","properties":{"ZCTA5CE20":"46750"}},{"arcs":[[1861,1862,1863,1864]],"type":"Polygon","properties":{"ZCTA5CE20":"46075"}},{"arcs":[[1865,1866,1867,1868,-1602,1869,1870,1871,1872,-886]],"type":"Polygon","properties":{"ZCTA5CE20":"45331"}},{"arcs":[[1873,1874,-1800,1875,1876]],"type":"Polygon","properties":{"ZCTA5CE20":"45356"}},{"arcs":[[-744,-504,1877,1878,1879,-495,-496]],"type":"Polygon","properties":{"ZCTA5CE20":"60601"}},{"arcs":[[-1671,1880,1881,-1258,1882,1883,1884,-598]],"type":"Polygon","properties":{"ZCTA5CE20":"60409"}},{"arcs":[[-856,-78,-855,1885,-1845,-1716,-1699]],"type":"Polygon","properties":{"ZCTA5CE20":"46237"}},{"arcs":[[1886,-846,-1021,1887,-1736,1888,-1366,-158]],"type":"Polygon","properties":{"ZCTA5CE20":"46256"}},{"arcs":[[1889,1890,1891,1892,1893,1894]],"type":"Polygon","properties":{"ZCTA5CE20":"46910"}},{"arcs":[[-1344,-1745,1895,-1835,1896,-900,1897,1898,1899],[1900]],"type":"Polygon","properties":{"ZCTA5CE20":"47960"}},{"arcs":[[1901,1902]],"type":"Polygon","properties":{"ZCTA5CE20":"46991"}},{"arcs":[[1903,1904,-1482,1905,1906,-1300,1907,1908]],"type":"Polygon","properties":{"ZCTA5CE20":"46746"}},{"arcs":[[-1310,1909,-1326,1910,1911]],"type":"Polygon","properties":{"ZCTA5CE20":"46920"}},{"arcs":[[1912,1913,-1035,1914,-974,1915]],"type":"Polygon","properties":{"ZCTA5CE20":"46076"}},{"arcs":[[1917,1918,1919,1920,-1507,-1098,1921,-440]],"type":"Polygon","properties":{"ZCTA5CE20":"47043"}},{"arcs":[[1922,1923,1924,1925]],"type":"Polygon","properties":{"ZCTA5CE20":"47325"}},{"arcs":[[1926,1927]],"type":"Polygon","properties":{"ZCTA5CE20":"45336"}},{"arcs":[[1928,1929,-875,1930,-915,1931]],"type":"Polygon","properties":{"ZCTA5CE20":"47994"}},{"arcs":[[-329,1932,1933,1934,1935,1936,1937]],"type":"Polygon","properties":{"ZCTA5CE20":"45362"}},{"arcs":[[1940,-916,-1931,-874,1941,1942,1943],[-161]],"type":"Polygon","properties":{"ZCTA5CE20":"47987"}},{"arcs":[[1947,1948,1949,1950]],"type":"Polygon","properties":{"ZCTA5CE20":"46570"}},{"arcs":[[1954,1955,1956,1957,-307,1958,-1,1959]],"type":"Polygon","properties":{"ZCTA5CE20":"45214"}},{"arcs":[[1960,1961,1962,1963,1964,1965]],"type":"Polygon","properties":{"ZCTA5CE20":"43543"}},{"arcs":[[-271,-1019,-160,-1365,-1726]],"type":"Polygon","properties":{"ZCTA5CE20":"46240"}},{"arcs":[[1966,1967,-1701,-1715,-1458],[-1714]],"type":"Polygon","properties":{"ZCTA5CE20":"46142"}},{"arcs":[[1968,-1943,1969,1970,1971,-1333,1972,1973,-1362]],"type":"Polygon","properties":{"ZCTA5CE20":"47952"}},{"arcs":[[1974,-1280,1975,1976,-810]],"type":"Polygon","properties":{"ZCTA5CE20":"46365"}},{"arcs":[[-1515,-1588,1977,-419,1978,1979]],"type":"Polygon","properties":{"ZCTA5CE20":"47234"}},{"arcs":[[-1245,1980,1981,1982,-837,1983]],"type":"Polygon","properties":{"ZCTA5CE20":"46234"}},{"arcs":[[-1001,-995,1984,1985,-1351,1986]],"type":"Polygon","properties":{"ZCTA5CE20":"46012"}},{"arcs":[[-1972,1987,1988,-606,-1334]],"type":"Polygon","properties":{"ZCTA5CE20":"47859"}},{"arcs":[[-1760,-22,-421,1989,-1586]],"type":"Polygon","properties":{"ZCTA5CE20":"46156"}},{"arcs":[[1990,1991,1992,-29,1993,-1522]],"type":"Polygon","properties":{"ZCTA5CE20":"46710"}},{"arcs":[[-1059,-1719]],"type":"Polygon","properties":{"ZCTA5CE20":"46184"}},{"arcs":[[1994,1995,-618,1996,1997,1998]],"type":"Polygon","properties":{"ZCTA5CE20":"46538"}},{"arcs":[[1999,2000,2001,2002,2003,2004,2005],[2006]],"type":"Polygon","properties":{"ZCTA5CE20":"46506"}},{"arcs":[[-839,2007,2008,-1455,2009,-1773]],"type":"Polygon","properties":{"ZCTA5CE20":"46168"}},{"arcs":[[2010,2011,2012,2013,2014,2015,2016,-1528]],"type":"Polygon","properties":{"ZCTA5CE20":"47348"}},{"arcs":[[2017,-1548,2018,2019,-913]],"type":"Polygon","properties":{"ZCTA5CE20":"60621"}},{"arcs":[[2020,-1852,2021,-1572,2022,2023,2024]],"type":"Polygon","properties":{"ZCTA5CE20":"49036"}},{"arcs":[[-1151,-232,2025,2026,2027,-225,2028],[-745]],"type":"Polygon","properties":{"ZCTA5CE20":"49056"}},{"arcs":[[2029,2030,2031,2032,2033]],"type":"Polygon","properties":{"ZCTA5CE20":"45251"}},{"arcs":[[2035,-1543,2036,2037,2038,-1132]],"type":"Polygon","properties":{"ZCTA5CE20":"49034"}},{"arcs":[[-189,2039,-1796,-165,-1795,-39,2040,-43,2041,2042]],"type":"Polygon","properties":{"ZCTA5CE20":"45801"}},{"arcs":[[2043]],"type":"Polygon","properties":{"ZCTA5CE20":"46937"}},{"arcs":[[2044,-1754]],"type":"Polygon","properties":{"ZCTA5CE20":"47464"}},{"arcs":[[[-196]],[[-197]],[[-191,-45,2045]],[[2046,2047,-184,-183,2048,-1574,2049]]],"type":"MultiPolygon","properties":{"ZCTA5CE20":"45833"}},{"arcs":[[-1802,-1660,-1954,-319,-1953,-1312,2050]],"type":"Polygon","properties":{"ZCTA5CE20":"45312"}},{"arcs":[[-1287,-933,-1056,2051,2052,2053],[-743]],"type":"Polygon","properties":{"ZCTA5CE20":"47427"}},{"arcs":[[2054,2055,2056,2057,2058]],"type":"Polygon","properties":{"ZCTA5CE20":"46764"}},{"arcs":[[2059,2060]],"type":"Polygon","properties":{"ZCTA5CE20":"45218"}},{"arcs":[[-133,2061,2062,-445,-469,2063]],"type":"Polygon","properties":{"ZCTA5CE20":"47273"}},{"arcs":[[2064,-1997,-617,2065,-2055,2066,2067,2068,-379,2069]],"type":"Polygon","properties":{"ZCTA5CE20":"46562"}},{"arcs":[[2070,2071,2072,-1291,2073,-1581]],"type":"Polygon","properties":{"ZCTA5CE20":"45832"}},{"arcs":[[2074,-1499,2075,2076,2077],[2078]],"type":"Polygon","properties":{"ZCTA5CE20":"47384"}},{"arcs":[[2079,2080,-434,2081,-448]],"type":"Polygon","properties":{"ZCTA5CE20":"47231"}},{"arcs":[[-1958,2082,2083,2084,2085,-1069,2086,-308]],"type":"Polygon","properties":{"ZCTA5CE20":"45202"}},{"arcs":[[-1167,-1318,2088,-488,2089,-1080,2090]],"type":"Polygon","properties":{"ZCTA5CE20":"49032"}},{"arcs":[[2091,2092,2093,-1840,-1886,-854]],"type":"Polygon","properties":{"ZCTA5CE20":"46239"}},{"arcs":[[2094,-1768,2095,2096,2097,2098]],"type":"Polygon","properties":{"ZCTA5CE20":"46241"}},{"arcs":[[-259,2099,-1065,-1426,-212,2100,-210,-628,-208,2101]],"type":"Polygon","properties":{"ZCTA5CE20":"46160"}},{"arcs":[[-1718,-1844,2102,-1517,-1061]],"type":"Polygon","properties":{"ZCTA5CE20":"46162"}},{"arcs":[[[-1425,2103,2104,-391,-214]],[[-211,-2101]]],"type":"MultiPolygon","properties":{"ZCTA5CE20":"46164"}},{"arcs":[[-305,2105,2106,2107,-1009]],"type":"Polygon","properties":{"ZCTA5CE20":"46171"}},{"arcs":[[2108,2109,-1215,-1356,2110]],"type":"Polygon","properties":{"ZCTA5CE20":"46172"}},{"arcs":[[-738,-1728,2111,2112,2113]],"type":"Polygon","properties":{"ZCTA5CE20":"46228"}},{"arcs":[[[2114]],[[-984,2115,2116,-2093,2117,2118]]],"type":"MultiPolygon","properties":{"ZCTA5CE20":"46229"}},{"arcs":[[-838,-1983,2119,-2099,2120,-2008]],"type":"Polygon","properties":{"ZCTA5CE20":"46231"}},{"arcs":[[-2108,2121,-1285,2122,-518,-1010]],"type":"Polygon","properties":{"ZCTA5CE20":"47840"}},{"arcs":[[2123]],"type":"Polygon","properties":{"ZCTA5CE20":"47381"}},{"arcs":[[2124,2125,-716,-278,-756,-848]],"type":"Polygon","properties":{"ZCTA5CE20":"46408"}},{"arcs":[[2126,-717,-2126,2127]],"type":"Polygon","properties":{"ZCTA5CE20":"46404"}},{"arcs":[[2128,2129,-758,2130,2131,2132,2133,2134]],"type":"Polygon","properties":{"ZCTA5CE20":"46307"}},{"arcs":[[-821,2136,2137,2138,2139,2140,2141]],"type":"Polygon","properties":{"ZCTA5CE20":"46310"}},{"arcs":[[-739,-2114,2142,-1766,2143,-1981,-1244]],"type":"Polygon","properties":{"ZCTA5CE20":"46254"}},{"arcs":[[-1257,2144,-657,2145,2146,-1883]],"type":"Polygon","properties":{"ZCTA5CE20":"46324"}},{"arcs":[[2147,2148,-1375,-1254,-1882],[-1253]],"type":"Polygon","properties":{"ZCTA5CE20":"46327"}},{"arcs":[[2149,-1172,2150,-1391,2151,2152]],"type":"Polygon","properties":{"ZCTA5CE20":"46514"}},{"arcs":[[-2133,2153,-222,-1273,2154,-2138,2155]],"type":"Polygon","properties":{"ZCTA5CE20":"46341"}},{"arcs":[[2156]],"type":"Polygon","properties":{"ZCTA5CE20":"46502"}},{"arcs":[[-2005,2157,2158,2159,-1948,2160,2161]],"type":"Polygon","properties":{"ZCTA5CE20":"46504"}},{"arcs":[[-1171,2162,2163,-677,-1392,-2151]],"type":"Polygon","properties":{"ZCTA5CE20":"46507"}},{"arcs":[[2164,-2068,2165,2166,2167,-1891,2168]],"type":"Polygon","properties":{"ZCTA5CE20":"46510"}},{"arcs":[[-1281,-1975,-809]],"type":"Polygon","properties":{"ZCTA5CE20":"46371"}},{"arcs":[[2169,-661,-849,-759,-2130,2170,-1722]],"type":"Polygon","properties":{"ZCTA5CE20":"46375"}},{"arcs":[[-773,2171,2172,2173]],"type":"Polygon","properties":{"ZCTA5CE20":"41018"}},{"arcs":[[-719,-283,2174,-1740,-866]],"type":"Polygon","properties":{"ZCTA5CE20":"46366"}},{"arcs":[[2175,2176,-1198,2177,2178]],"type":"Polygon","properties":{"ZCTA5CE20":"40077"}},{"arcs":[[-844,-1241,-167,-1240,2179,-1022]],"type":"Polygon","properties":{"ZCTA5CE20":"46040"}},{"arcs":[[2180,-997,-1000,2181]],"type":"Polygon","properties":{"ZCTA5CE20":"46044"}},{"arcs":[[-942,2182,2183,-978,2184,2185,-1328]],"type":"Polygon","properties":{"ZCTA5CE20":"46049"}},{"arcs":[[-1005,-1236,2186]],"type":"Polygon","properties":{"ZCTA5CE20":"46051"}},{"arcs":[[-2155,-1272,-721,-865,2187,-2139]],"type":"Polygon","properties":{"ZCTA5CE20":"46392"}},{"arcs":[[-907,2188,-1911,-1325,2189,-576]],"type":"Polygon","properties":{"ZCTA5CE20":"46065"}},{"arcs":[[2190,-1331,2191,2192,2193]],"type":"Polygon","properties":{"ZCTA5CE20":"46035"}},{"arcs":[[-1987,-1350,-1210,-1002]],"type":"Polygon","properties":{"ZCTA5CE20":"46016"}},{"arcs":[[2195,2196,2197,-280,-1271,2198]],"type":"Polygon","properties":{"ZCTA5CE20":"46383"}},{"arcs":[[-288,2199,2200,2201,-2199,-1270,-220,-2154,-2132,2202]],"type":"Polygon","properties":{"ZCTA5CE20":"46385"}},{"arcs":[[2203,2204,-1371,-2149,2205]],"type":"Polygon","properties":{"ZCTA5CE20":"46394"}},{"arcs":[[2206,2207,-870,-714,-2127,2208]],"type":"Polygon","properties":{"ZCTA5CE20":"46402"}},{"arcs":[[-1596,2209,-2134,-2156,-2137,-820,2210,-668,-1645,2211,2212],[2213]],"type":"Polygon","properties":{"ZCTA5CE20":"46356"}},{"arcs":[[2214,-1702,-1968,2215]],"type":"Polygon","properties":{"ZCTA5CE20":"46217"}},{"arcs":[[-2143,-2113,2216,-1340,2217,2218,2219,-2096,-1767]],"type":"Polygon","properties":{"ZCTA5CE20":"46222"}},{"arcs":[[-1249,2220,-2118,-2092,-853,2221]],"type":"Polygon","properties":{"ZCTA5CE20":"46219"}},{"arcs":[[-2219,2222,-858,-1698,-2215,2223],[-632]],"type":"Polygon","properties":{"ZCTA5CE20":"46225"}},{"arcs":[[2224,-2192,-1330,2225,2226,-1729,2227]],"type":"Polygon","properties":{"ZCTA5CE20":"46071"}},{"arcs":[[-2144,-1769,-2095,-2120,-1982]],"type":"Polygon","properties":{"ZCTA5CE20":"46214"}},{"arcs":[[2228,2229,-1916,-973,-2184,2230]],"type":"Polygon","properties":{"ZCTA5CE20":"46068"}},{"arcs":[[-1863,2231,-991,2232,-735,-1247,2233]],"type":"Polygon","properties":{"ZCTA5CE20":"46077"}},{"arcs":[[-2121,-2098,2234,-292,2235,-1456,-2009]],"type":"Polygon","properties":{"ZCTA5CE20":"46113"}},{"arcs":[[-24,-1759]],"type":"Polygon","properties":{"ZCTA5CE20":"46146"}},{"arcs":[[2236,-16]],"type":"Polygon","properties":{"ZCTA5CE20":"46133"}},{"arcs":[[2237,2238,-1510,2239,-1842]],"type":"Polygon","properties":{"ZCTA5CE20":"46126"}},{"arcs":[[-1357,-1223,-301]],"type":"Polygon","properties":{"ZCTA5CE20":"46128"}},{"arcs":[[-1268,-26,-1758,2240]],"type":"Polygon","properties":{"ZCTA5CE20":"46104"}},{"arcs":[[-1460,-255]],"type":"Polygon","properties":{"ZCTA5CE20":"46111"}},{"arcs":[[2241,-1864,-2234,-1246,-1984,-836,-1772,-53]],"type":"Polygon","properties":{"ZCTA5CE20":"46112"}},{"arcs":[[-2106,-304,-170,-303,-1222,2242,-268,2243,2244,2245,-925,2246]],"type":"Polygon","properties":{"ZCTA5CE20":"46120"}},{"arcs":[[2248,-70,-1382,2249,2250,2251]],"type":"Polygon","properties":{"ZCTA5CE20":"45246"}},{"arcs":[[2252,-2034,2253,2254,2255,2256,2257,2258]],"type":"Polygon","properties":{"ZCTA5CE20":"45247"}},{"arcs":[[2259,2260,2261,-2256,2262,2263,2264,-349,2265]],"type":"Polygon","properties":{"ZCTA5CE20":"45248"}},{"arcs":[[2266,-2030,-2253,2267]],"type":"Polygon","properties":{"ZCTA5CE20":"45252"}},{"arcs":[[-1159,2268,2269,-1927,2270,2271,-601,2272,2273]],"type":"Polygon","properties":{"ZCTA5CE20":"45302"}},{"arcs":[[-1936,2274,-1867,2275]],"type":"Polygon","properties":{"ZCTA5CE20":"45303"}},{"arcs":[[2276,2277,-2271,-1928,-2270,2278,2279]],"type":"Polygon","properties":{"ZCTA5CE20":"45306"}},{"arcs":[[2280,2281,2282,-1603,-1869],[2283]],"type":"Polygon","properties":{"ZCTA5CE20":"45308"}},{"arcs":[[2284,-826,-318,-248,2285,2286,-1629]],"type":"Polygon","properties":{"ZCTA5CE20":"45220"}},{"arcs":[[2287,2288,-1814,2289,-1627,2290]],"type":"Polygon","properties":{"ZCTA5CE20":"45224"}},{"arcs":[[2291,2292,-2061,2293,2294,-2288,2295,-2032]],"type":"Polygon","properties":{"ZCTA5CE20":"45231"}},{"arcs":[[-2290,-1813,-823,-2285,-1628]],"type":"Polygon","properties":{"ZCTA5CE20":"45232"}},{"arcs":[[-350,-2265,2296,2297,2298],[-363]],"type":"Polygon","properties":{"ZCTA5CE20":"45233"}},{"arcs":[[2301,-2252,2302,-2294,-2060,-2293]],"type":"Polygon","properties":{"ZCTA5CE20":"45240"}},{"arcs":[[-1417,2304,2305,2306,-1633,-1378]],"type":"Polygon","properties":{"ZCTA5CE20":"62433"}},{"arcs":[[-1964,2314,2315,-335,2316,2317,2318,-244,2319]],"type":"Polygon","properties":{"ZCTA5CE20":"43506"}},{"arcs":[[-340,2320,-1441,2321,-324,-108,2322]],"type":"Polygon","properties":{"ZCTA5CE20":"61811"}},{"arcs":[[2324,2325,2326,2327,-1934],[-708]],"type":"Polygon","properties":{"ZCTA5CE20":"45388"}},{"arcs":[[2328]],"type":"Polygon","properties":{"ZCTA5CE20":"45360"}},{"arcs":[[2329,2330,2331,2332]],"type":"Polygon","properties":{"ZCTA5CE20":"45363"}},{"arcs":[[-2273,-604,2333,-938,2334,-1662,-1801,-1875,2335,2336],[-2329]],"type":"Polygon","properties":{"ZCTA5CE20":"45365"}},{"arcs":[[2337,-104,-1624,2338,2339,-1664]],"type":"Polygon","properties":{"ZCTA5CE20":"61817"}},{"arcs":[[-2339,-1623,-112,-1364,2342,2343,2344]],"type":"Polygon","properties":{"ZCTA5CE20":"61846"}},{"arcs":[[-1637,2345,2346,-1538,-1939,2347,2348]],"type":"Polygon","properties":{"ZCTA5CE20":"43522"}},{"arcs":[[-1398,2349,2350,2351,-2305,-1416,-1946]],"type":"Polygon","properties":{"ZCTA5CE20":"62477"}},{"arcs":[[2352,-245,2353,-346,2354,-1145,2355,2356,2357,2358]],"type":"Polygon","properties":{"ZCTA5CE20":"43526"}},{"arcs":[[-117,-334,-99,-2338,-1663,-1655]],"type":"Polygon","properties":{"ZCTA5CE20":"61858"}},{"arcs":[[2359,2360,-705,2361,-1819,2362,2363]],"type":"Polygon","properties":{"ZCTA5CE20":"43533"}},{"arcs":[[2364,2365,-1591]],"type":"Polygon","properties":{"ZCTA5CE20":"45325"}},{"arcs":[[-2284]],"type":"Polygon","properties":{"ZCTA5CE20":"45328"}},{"arcs":[[2366,-1965,-2320,-243,-2353,2367]],"type":"Polygon","properties":{"ZCTA5CE20":"43517"}},{"arcs":[[-1837,-1873,2368,-1189,2369]],"type":"Polygon","properties":{"ZCTA5CE20":"45332"}},{"arcs":[[-2336,-1874,2370,-2331,2371]],"type":"Polygon","properties":{"ZCTA5CE20":"45333"}},{"arcs":[[2372,-459,2373,-602,-2272,-2278]],"type":"Polygon","properties":{"ZCTA5CE20":"45334"}},{"arcs":[[-2283,2374,2375,2376,-250,2377,-1448,-1604]],"type":"Polygon","properties":{"ZCTA5CE20":"45337"}},{"arcs":[[-1305,-1606,-1644,-1454,-1589,2378]],"type":"Polygon","properties":{"ZCTA5CE20":"45338"}},{"arcs":[[-2307,2379,2380,-2308,-1634]],"type":"Polygon","properties":{"ZCTA5CE20":"62451"}},{"arcs":[[-1872,2381,-1870,-1607,-1303,-1181,-1190,-2369]],"type":"Polygon","properties":{"ZCTA5CE20":"45346"}},{"arcs":[[-2382,-1871]],"type":"Polygon","properties":{"ZCTA5CE20":"45352"}},{"arcs":[[2382,2383,2384,-2375]],"type":"Polygon","properties":{"ZCTA5CE20":"45359"}},{"arcs":[[-333,-115,-331,-101]],"type":"Polygon","properties":{"ZCTA5CE20":"61833"}},{"arcs":[[2385,2386,2387,2388,2389,2390,2391,2392]],"type":"Polygon","properties":{"ZCTA5CE20":"61924"}},{"arcs":[[-2363,-1823,2396,-1048,2397,-35,2398,2399]],"type":"Polygon","properties":{"ZCTA5CE20":"43567"}},{"arcs":[[-704,2402,-2314,2403,-1820,-2362]],"type":"Polygon","properties":{"ZCTA5CE20":"43540"}},{"arcs":[[2405,-1323,-342,-1322,2406,-1962]],"type":"Polygon","properties":{"ZCTA5CE20":"43554"}},{"arcs":[[2407,2408,-1045,2409,-336,-2316]],"type":"Polygon","properties":{"ZCTA5CE20":"43557"}},{"arcs":[[2410,-2344,2411,2412,-2388]],"type":"Polygon","properties":{"ZCTA5CE20":"61870"}},{"arcs":[[2413,2414,-2318]],"type":"Polygon","properties":{"ZCTA5CE20":"43549"}},{"arcs":[[2415,2416,2417,-121,2418,-1616,-1379,-68,-122,-66,2419]],"type":"Polygon","properties":{"ZCTA5CE20":"45044"}},{"arcs":[[2420,2421,-1555,2422,2423,-2416,2424,2425]],"type":"Polygon","properties":{"ZCTA5CE20":"45042"}},{"arcs":[[[-2261,2426]],[[2427,2428,-2266,-352,2429,2430]]],"type":"MultiPolygon","properties":{"ZCTA5CE20":"45052"}},{"arcs":[[-356,-74]],"type":"Polygon","properties":{"ZCTA5CE20":"45062"}},{"arcs":[[-72,2431,-357]],"type":"Polygon","properties":{"ZCTA5CE20":"45015"}},{"arcs":[[-1179,-359,2433,-2268,-2259,2434,-2428,2435,2436,2437,2438]],"type":"Polygon","properties":{"ZCTA5CE20":"45030"}},{"arcs":[[-1558,2440,2441]],"type":"Polygon","properties":{"ZCTA5CE20":"45003"}},{"arcs":[[2442,2443,2444,-607,-1989]],"type":"Polygon","properties":{"ZCTA5CE20":"47989"}},{"arcs":[[2445,-1226,2446,2447,-2003]],"type":"Polygon","properties":{"ZCTA5CE20":"46573"}},{"arcs":[[-2322,-1440,2448,-320]],"type":"Polygon","properties":{"ZCTA5CE20":"47991"}},{"arcs":[[-1263,2449,2450,2451,2452,2453]],"type":"Polygon","properties":{"ZCTA5CE20":"47992"}},{"arcs":[[2454,2455,2456,2457,2458,2459,-749,-594,-748]],"type":"Polygon","properties":{"ZCTA5CE20":"47578"}},{"arcs":[[-1998,-2065,2461,2462]],"type":"Polygon","properties":{"ZCTA5CE20":"46582"}},{"arcs":[[[-2437,2463]],[[2464,2465,2466,-1180,-2439,2467,2468,-801]]],"type":"MultiPolygon","properties":{"ZCTA5CE20":"47060"}},{"arcs":[[2469,-1196,-385]],"type":"Polygon","properties":{"ZCTA5CE20":"47102"}},{"arcs":[[-962,2470,2471,-375]],"type":"Polygon","properties":{"ZCTA5CE20":"47104"}},{"arcs":[[2472,-1899,2473,-1675]],"type":"Polygon","properties":{"ZCTA5CE20":"47929"}},{"arcs":[[2474,-1358,-1243,2475,-89]],"type":"Polygon","properties":{"ZCTA5CE20":"47106"}},{"arcs":[[-323,-712,2476,2477,-1944,-1969,-1361,-110]],"type":"Polygon","properties":{"ZCTA5CE20":"47932"}},{"arcs":[[-2462,-2070,-380,-2069,-2165,2478,2479],[-2157]],"type":"Polygon","properties":{"ZCTA5CE20":"46580"}},{"arcs":[[-2007]],"type":"Polygon","properties":{"ZCTA5CE20":"46595"}},{"arcs":[[-564,-554,2480,-477,-754,-1376,2481,2482]],"type":"Polygon","properties":{"ZCTA5CE20":"47108"}},{"arcs":[[2483,-877,-365,-876,-1930,2484,2485,2486,-2228,-1734,2487,2488,-2443,-1988,-1971],[-135]],"type":"Polygon","properties":{"ZCTA5CE20":"47933"}},{"arcs":[[-2452,2489,2490,2491]],"type":"Polygon","properties":{"ZCTA5CE20":"47981"}},{"arcs":[[2492,-2206,-2148,-1881,-1670,2493]],"type":"Polygon","properties":{"ZCTA5CE20":"60633"}},{"arcs":[[-1093,2496,2497,2498,2499,2500,2501,-1415,2502,-2006,-2162,2503,2504,2505,2506]],"type":"Polygon","properties":{"ZCTA5CE20":"46563"}},{"arcs":[[2509,2510,-1642,-1137,2511,2512]],"type":"Polygon","properties":{"ZCTA5CE20":"49287"}},{"arcs":[[2513,-1621,2514,2515,-1319,2516,2517]],"type":"Polygon","properties":{"ZCTA5CE20":"49288"}},{"arcs":[[2519,2520,2521,-2494,-1669,2522,-1667,2523]],"type":"Polygon","properties":{"ZCTA5CE20":"60628"}},{"arcs":[[-2468,-2438,-2464,-2436,-2431,2524,-584,2525]],"type":"Polygon","properties":{"ZCTA5CE20":"47025"}},{"arcs":[[2526,2527,-198,2528,2529,2530]],"type":"Polygon","properties":{"ZCTA5CE20":"47562"}},{"arcs":[[2532,-793,-761,-240]],"type":"Polygon","properties":{"ZCTA5CE20":"47030"}},{"arcs":[[-752,2533,2534]],"type":"Polygon","properties":{"ZCTA5CE20":"47535"}},{"arcs":[[-2343,-1363,-1974,2535,2536,-523,2537,2538,-2412]],"type":"Polygon","properties":{"ZCTA5CE20":"47928"}},{"arcs":[[-588,2539,-1695]],"type":"Polygon","properties":{"ZCTA5CE20":"47032"}},{"arcs":[[-2448,2540,2541,2542,2543,-2158,-2004]],"type":"Polygon","properties":{"ZCTA5CE20":"46550"}},{"arcs":[[2544,-2466]],"type":"Polygon","properties":{"ZCTA5CE20":"47035"}},{"arcs":[[2545,2546,2547,-2542]],"type":"Polygon","properties":{"ZCTA5CE20":"46553"}},{"arcs":[[-425,-765,-369,-764,2548,-1693,-859,2549,2550,2551]],"type":"Polygon","properties":{"ZCTA5CE20":"47037"}},{"arcs":[[[-1697]],[[-803,2552,-582,-1694,-2549,-763]]],"type":"MultiPolygon","properties":{"ZCTA5CE20":"47041"}},{"arcs":[[-1976,-1279,2553,2554,2555,-2501,2556]],"type":"Polygon","properties":{"ZCTA5CE20":"46554"}},{"arcs":[[-2529,-205,-1537,-2532,-238,2557]],"type":"Polygon","properties":{"ZCTA5CE20":"47558"}},{"arcs":[[2558,-921,-580,2559,2560,-2490,-2451],[-898]],"type":"Polygon","properties":{"ZCTA5CE20":"47909"}},{"arcs":[[-1202,2561,-1652,2562,-1598]],"type":"Polygon","properties":{"ZCTA5CE20":"47917"}},{"arcs":[[2563,-746,-2535,2564,-2509,-614,-2311,-2310]],"type":"Polygon","properties":{"ZCTA5CE20":"47561"}},{"arcs":[[2565,-1141,-706,-2361,2566],[-364]],"type":"Polygon","properties":{"ZCTA5CE20":"49279"}},{"arcs":[[2567,-1780]],"type":"Polygon","properties":{"ZCTA5CE20":"49282"}},{"arcs":[[-2565,-2534,-751,-235,2568,-615,-2508],[-827]],"type":"Polygon","properties":{"ZCTA5CE20":"47512"}},{"arcs":[[2569,2570,-1264,-2454,2571,-1932,-914,-1941,-2478]],"type":"Polygon","properties":{"ZCTA5CE20":"47918"}},{"arcs":[[2572,-1120,-1134,2573,2574,2575,2576]],"type":"Polygon","properties":{"ZCTA5CE20":"49002"}},{"arcs":[[2577,2578,-1121,-2573,2579,-729]],"type":"Polygon","properties":{"ZCTA5CE20":"49008"}},{"arcs":[[-457,2581,2582,2583,-1952,-1658,-162,-1657,2584]],"type":"Polygon","properties":{"ZCTA5CE20":"43318"}},{"arcs":[[2585,-1859,-1687,2586,2587]],"type":"Polygon","properties":{"ZCTA5CE20":"46702"}},{"arcs":[[2588,-2027,2589,2590,2591,2592,-969]],"type":"Polygon","properties":{"ZCTA5CE20":"49013"}},{"arcs":[[-817,2593,2594,2595,2596]],"type":"Polygon","properties":{"ZCTA5CE20":"46613"}},{"arcs":[[2597,2598,2599,2600,2601,2602,-30,-1993,2603]],"type":"Polygon","properties":{"ZCTA5CE20":"46706"}},{"arcs":[[2604,2605,2606,-819,2607,-1277]],"type":"Polygon","properties":{"ZCTA5CE20":"46628"}},{"arcs":[[2608,2609,-1749,2610,-395,-475],[-410]],"type":"Polygon","properties":{"ZCTA5CE20":"47203"}},{"arcs":[[2611,2612,2613,-1546]],"type":"Polygon","properties":{"ZCTA5CE20":"60649"}},{"arcs":[[2614,2615,2616,2617,2618,2619]],"type":"Polygon","properties":{"ZCTA5CE20":"46711"}},{"arcs":[[2620,2621,-87,-389]],"type":"Polygon","properties":{"ZCTA5CE20":"47177"}},{"arcs":[[-462,-1043,-402,2622,2623,-2620,2624,2625,-174,2626,2627,-430,2628]],"type":"Polygon","properties":{"ZCTA5CE20":"46714"}},{"arcs":[[2629,2630,-2368,-2359,2631,-2599]],"type":"Polygon","properties":{"ZCTA5CE20":"46721"}},{"arcs":[[2632,2633,-2471,-964,2634,2635]],"type":"Polygon","properties":{"ZCTA5CE20":"47147"}},{"arcs":[[2636,2637,2638,-5,-896,-2606]],"type":"Polygon","properties":{"ZCTA5CE20":"46637"}},{"arcs":[[-2622,2639,2640,-371,-1359,-2475,-88]],"type":"Polygon","properties":{"ZCTA5CE20":"47126"}},{"arcs":[[-2641,2641,-372]],"type":"Polygon","properties":{"ZCTA5CE20":"47163"}},{"arcs":[[-6,2642,2643,2644,-2594,-816]],"type":"Polygon","properties":{"ZCTA5CE20":"46615"}},{"arcs":[[-1195,-443,2645,-2636,2646,-387]],"type":"Polygon","properties":{"ZCTA5CE20":"47138"}},{"arcs":[[-2608,-818,-2597,2647,-2554,-1278]],"type":"Polygon","properties":{"ZCTA5CE20":"46619"}},{"arcs":[[-1502,2648,2649,2650,-1519,2651,2652,2653]],"type":"Polygon","properties":{"ZCTA5CE20":"46767"}},{"arcs":[[2654,-1193,2655,-471]],"type":"Polygon","properties":{"ZCTA5CE20":"47270"}},{"arcs":[[2656,2657,2658,-153,2659]],"type":"Polygon","properties":{"ZCTA5CE20":"46779"}},{"arcs":[[-431,-2628,2660,2661,2662]],"type":"Polygon","properties":{"ZCTA5CE20":"46781"}},{"arcs":[[-415,-1541,2663]],"type":"Polygon","properties":{"ZCTA5CE20":"49037"}},{"arcs":[[2664,2665,-893,-464,2666,-1856,2667]],"type":"Polygon","properties":{"ZCTA5CE20":"46783"}},{"arcs":[[2668,2669,2670,2671,-2650]],"type":"Polygon","properties":{"ZCTA5CE20":"46784"}},{"arcs":[[-937,-2334,-603,-2374,-458,-2585,-1656,-2335]],"type":"Polygon","properties":{"ZCTA5CE20":"43343"}},{"arcs":[[2672,-60,2673,2674,-2660,-156,2675,2676,2677]],"type":"Polygon","properties":{"ZCTA5CE20":"46747"}},{"arcs":[[2678,2679,-1918,-439]],"type":"Polygon","properties":{"ZCTA5CE20":"47224"}},{"arcs":[[2680,2681,2682,2683]],"type":"Polygon","properties":{"ZCTA5CE20":"60653"}},{"arcs":[[-2067,-2059,2684,-1854,2685,-2166]],"type":"Polygon","properties":{"ZCTA5CE20":"46787"}},{"arcs":[[2686,-2357,2687,2688,2689,-2601]],"type":"Polygon","properties":{"ZCTA5CE20":"46788"}},{"arcs":[[-154,-2659,2690,-2630,-2598,2691]],"type":"Polygon","properties":{"ZCTA5CE20":"46793"}},{"arcs":[[-2672,2692,-1520,-2651]],"type":"Polygon","properties":{"ZCTA5CE20":"46794"}},{"arcs":[[-2089,-1317,2693,-1483,-1905,2694,-489]],"type":"Polygon","properties":{"ZCTA5CE20":"49030"}},{"arcs":[[-2627,-175,-2626,2695,2696,-2661]],"type":"Polygon","properties":{"ZCTA5CE20":"46759"}},{"arcs":[[-2652,-1518,-80,-1526,2697,-2057,2698]],"type":"Polygon","properties":{"ZCTA5CE20":"46760"}},{"arcs":[[2699,-1611,-1075,2700,2701,-1174,2702,2703]],"type":"Polygon","properties":{"ZCTA5CE20":"49031"}},{"arcs":[[2704,-1205,-180]],"type":"Polygon","properties":{"ZCTA5CE20":"49033"}},{"arcs":[[-1908,-1299,-1907,2705,-2674,-61,-2673,2706,2707,2708]],"type":"Polygon","properties":{"ZCTA5CE20":"46761"}},{"arcs":[[-1994,-28,2709,-1532,-1523]],"type":"Polygon","properties":{"ZCTA5CE20":"46763"}},{"arcs":[[2710,-2602,-2690,2711,2712]],"type":"Polygon","properties":{"ZCTA5CE20":"46765"}},{"arcs":[[2713,-408,-478,-2481,-553]],"type":"Polygon","properties":{"ZCTA5CE20":"47260"}},{"arcs":[[-473,-404,2716,-398]],"type":"Polygon","properties":{"ZCTA5CE20":"47235"}},{"arcs":[[-442,2717,-2633,-2646]],"type":"Polygon","properties":{"ZCTA5CE20":"47243"}},{"arcs":[[-231,2718,2719,-2590,-2026]],"type":"Polygon","properties":{"ZCTA5CE20":"49026"}},{"arcs":[[-1979,-418,-1746,-2610,2720]],"type":"Polygon","properties":{"ZCTA5CE20":"47246"}},{"arcs":[[-2698,-1525,-1535,-1709,2721,-2668,-1855,-2685,-2058]],"type":"Polygon","properties":{"ZCTA5CE20":"46725"}},{"arcs":[[-755,2722,2723,-234,-1150,2724,2725]],"type":"Polygon","properties":{"ZCTA5CE20":"49408"}},{"arcs":[[2726,2727,-1582,-2074,-1297,2728,2729,-2623,-401,-1042,2730]],"type":"Polygon","properties":{"ZCTA5CE20":"46733"}},{"arcs":[[-2688,-2356,-1144,2731,2732,2733]],"type":"Polygon","properties":{"ZCTA5CE20":"46743"}},{"arcs":[[-1583,-2728,2734]],"type":"Polygon","properties":{"ZCTA5CE20":"46745"}},{"arcs":[[2735,-2551,2736,2737,-2080,-447]],"type":"Polygon","properties":{"ZCTA5CE20":"47223"}},{"arcs":[[-406,-472,-2656,-1197,-2470,-384]],"type":"Polygon","properties":{"ZCTA5CE20":"47229"}},{"arcs":[[2738,2739,-1012,2740,-880]],"type":"Polygon","properties":{"ZCTA5CE20":"47803"}},{"arcs":[[-2016,2741,2742,2743]],"type":"Polygon","properties":{"ZCTA5CE20":"47338"}},{"arcs":[[2744,2745,-1473,2746,2747]],"type":"Polygon","properties":{"ZCTA5CE20":"47339"}},{"arcs":[[-548,-1091,2748,2749,-2715]],"type":"Polygon","properties":{"ZCTA5CE20":"49076"}},{"arcs":[[2750,-1550,2751,-1013,-2740,2752,2753]],"type":"Polygon","properties":{"ZCTA5CE20":"47805"}},{"arcs":[[-2461,-966,2754,-725,2755,-229]],"type":"Polygon","properties":{"ZCTA5CE20":"49078"}},{"arcs":[[-1838,-2370,-1188,2756,2757]],"type":"Polygon","properties":{"ZCTA5CE20":"47341"}},{"arcs":[[2758,-1128]],"type":"Polygon","properties":{"ZCTA5CE20":"49074"}},{"arcs":[[-2591,-2720,2759,2760,2761,-1609,2762]],"type":"Polygon","properties":{"ZCTA5CE20":"49079"}},{"arcs":[[2763,-2747,-1478,2764,-1493,2765]],"type":"Polygon","properties":{"ZCTA5CE20":"47346"}},{"arcs":[[-2755,-965,-2581,2766,2767,2768,2769,-724,-726]],"type":"Polygon","properties":{"ZCTA5CE20":"49080"}},{"arcs":[[2770,2771,-1313,-1165]],"type":"Polygon","properties":{"ZCTA5CE20":"49066"}},{"arcs":[[-2079]],"type":"Polygon","properties":{"ZCTA5CE20":"47351"}},{"arcs":[[2772,2773,-1584,-2735,-2727,2774,-482]],"type":"Polygon","properties":{"ZCTA5CE20":"46816"}},{"arcs":[[-1924,2775,2776,-1551,2777,-796,2778]],"type":"Polygon","properties":{"ZCTA5CE20":"47353"}},{"arcs":[[2779,2780,-731,2781,-2576,2782,2783,-1071]],"type":"Polygon","properties":{"ZCTA5CE20":"49087"}},{"arcs":[[2784,2785,2786,-2748,-2764,2787]],"type":"Polygon","properties":{"ZCTA5CE20":"47354"}},{"arcs":[[2788,-483,-2775,-2731,-1041,-891]],"type":"Polygon","properties":{"ZCTA5CE20":"46819"}},{"arcs":[[2789,-881,-2741,-1011,-516,2790,-919,2791,2792,-2350,-1397],[-734],[2793]],"type":"Polygon","properties":{"ZCTA5CE20":"47802"}},{"arcs":[[2794,-1686,2795,2796,-1705]],"type":"Polygon","properties":{"ZCTA5CE20":"46825"}},{"arcs":[[[2797]],[[2798,-2713,2799,-1681,-2795,-1704]]],"type":"MultiPolygon","properties":{"ZCTA5CE20":"46845"}},{"arcs":[[-2753,-2739,-879,2800]],"type":"Polygon","properties":{"ZCTA5CE20":"47804"}},{"arcs":[[2801,-417,2802,2803,-2768]],"type":"Polygon","properties":{"ZCTA5CE20":"49060"}},{"arcs":[[2804,2805,2806,-479,2807,2808]],"type":"Polygon","properties":{"ZCTA5CE20":"46802"}},{"arcs":[[-1186,2809,-1494,-2765,-1477,2810,2811,2812,2813],[2814],[-671]],"type":"Polygon","properties":{"ZCTA5CE20":"47327"}},{"arcs":[[-2762,2815,-2780,-1070,-1610]],"type":"Polygon","properties":{"ZCTA5CE20":"49065"}},{"arcs":[[-2815]],"type":"Polygon","properties":{"ZCTA5CE20":"47335"}},{"arcs":[[2816,2817,-1421,2818,2819,2820,2821,-498,2822,2823,2824]],"type":"Polygon","properties":{"ZCTA5CE20":"47302"}},{"arcs":[[-1542,-182,-1209,2825,2826,-2037]],"type":"Polygon","properties":{"ZCTA5CE20":"49051"}},{"arcs":[[-1707,2827,-2809,2828,2829]],"type":"Polygon","properties":{"ZCTA5CE20":"46804"}},{"arcs":[[-1529,-2017,-2744,2830,2831,-2819,-1423,2832,-9,2833,2834]],"type":"Polygon","properties":{"ZCTA5CE20":"47303"}},{"arcs":[[-2796,-1685,2835,2836,-2806,2837]],"type":"Polygon","properties":{"ZCTA5CE20":"46805"}},{"arcs":[[2838,2839,-2773,-481]],"type":"Polygon","properties":{"ZCTA5CE20":"46806"}},{"arcs":[[-2811,-1476,2840,-1926,2841,2842]],"type":"Polygon","properties":{"ZCTA5CE20":"47330"}},{"arcs":[[-2797,-2838,-2805,-2828,-1706]],"type":"Polygon","properties":{"ZCTA5CE20":"46808"}},{"arcs":[[-1708,-2830,2843,-2665,-2722]],"type":"Polygon","properties":{"ZCTA5CE20":"46814"}},{"arcs":[[-970,-2593,2844,-1613,2845,2846,2847]],"type":"Polygon","properties":{"ZCTA5CE20":"49057"}},{"arcs":[[2848,-2834,-10,-2833,-1422,-2818,2849]],"type":"Polygon","properties":{"ZCTA5CE20":"47304"}},{"arcs":[[2850,2851,-1765,2852,2853,-2831,-2743]],"type":"Polygon","properties":{"ZCTA5CE20":"47320"}},{"arcs":[[2854,2855,2856,-687,-911,2857,2858,2859],[-507]],"type":"Polygon","properties":{"ZCTA5CE20":"49103"}},{"arcs":[[-2823,-497,-2822,2860,-1491,2861]],"type":"Polygon","properties":{"ZCTA5CE20":"47386"}},{"arcs":[[-1495,-2810,-1187,-2814,2862,-652]],"type":"Polygon","properties":{"ZCTA5CE20":"47387"}},{"arcs":[[-1733,2863,2864,-2488]],"type":"Polygon","properties":{"ZCTA5CE20":"47968"}},{"arcs":[[2865,2866,-1106,-806,2867]],"type":"Polygon","properties":{"ZCTA5CE20":"49117"}},{"arcs":[[-2123,-1288,-2054,2868,2869,-519]],"type":"Polygon","properties":{"ZCTA5CE20":"47841"}},{"arcs":[[2870,2871,2872,-1742,2873],[-546]],"type":"Polygon","properties":{"ZCTA5CE20":"46960"}},{"arcs":[[2877,-1265,-2571,2878,-1650]],"type":"Polygon","properties":{"ZCTA5CE20":"47975"}},{"arcs":[[-2572,-2453,-2492,2879,-2485,-1929]],"type":"Polygon","properties":{"ZCTA5CE20":"47967"}},{"arcs":[[-1839,-2758,2880,-1290,2881,-1474,-2746,2882]],"type":"Polygon","properties":{"ZCTA5CE20":"47393"}},{"arcs":[[-2489,-2865,2883,-2109,2884,-2444]],"type":"Polygon","properties":{"ZCTA5CE20":"47954"}},{"arcs":[[-2088,2885,2886,-2681,2887,-1162]],"type":"Polygon","properties":{"ZCTA5CE20":"60616"}},{"arcs":[[2888,2889,2890,2891,2892,-543,2893,2894,-2390],[-1632],[-620],[-560]],"type":"Polygon","properties":{"ZCTA5CE20":"47842"}},{"arcs":[[2895,-527,2896,-691,-531,-700,2897,2898,2899,-903,-1833]],"type":"Polygon","properties":{"ZCTA5CE20":"46947"}},{"arcs":[[2900,-688,-2857,2901]],"type":"Polygon","properties":{"ZCTA5CE20":"49126"}},{"arcs":[[-2413,-2539,2902,-2889,-2389]],"type":"Polygon","properties":{"ZCTA5CE20":"47847"}},{"arcs":[[2903,2904,2905]],"type":"Polygon","properties":{"ZCTA5CE20":"47848"}},{"arcs":[[-2793,2906,-1489,2907,2908,-2351]],"type":"Polygon","properties":{"ZCTA5CE20":"47849"}},{"arcs":[[-1894,2909,-1710,2910,2911]],"type":"Polygon","properties":{"ZCTA5CE20":"46951"}},{"arcs":[[2912,-1082,2913,2914,2915,-2163,-1170]],"type":"Polygon","properties":{"ZCTA5CE20":"49099"}},{"arcs":[[2916,-2860,2917,-510]],"type":"Polygon","properties":{"ZCTA5CE20":"49101"}},{"arcs":[[-2882,-1289,-2881,-2757,-1192,2918,-2776,-1923,-2841,-1475],[-1185]],"type":"Polygon","properties":{"ZCTA5CE20":"47374"}},{"arcs":[[-2792,-918,2919,-1484,-2907],[-541]],"type":"Polygon","properties":{"ZCTA5CE20":"47850"}},{"arcs":[[-513,-1646,-2918,-2859,2920,-1275,2921,-1103]],"type":"Polygon","properties":{"ZCTA5CE20":"49107"}},{"arcs":[[-1690,2922,-1903,2923,2924,-2012,2925,2926,-956,-1470]],"type":"Polygon","properties":{"ZCTA5CE20":"46952"}},{"arcs":[[2927,2928,-889,-1037,-1762]],"type":"Polygon","properties":{"ZCTA5CE20":"47380"}},{"arcs":[[-2703,-1173,-2150,2929,2930]],"type":"Polygon","properties":{"ZCTA5CE20":"49112"}},{"arcs":[[-2922,-1274,-1104]],"type":"Polygon","properties":{"ZCTA5CE20":"49113"}},{"arcs":[[-1100,2931,2932]],"type":"Polygon","properties":{"ZCTA5CE20":"49116"}},{"arcs":[[2933,-2141,2934,-2875]],"type":"Polygon","properties":{"ZCTA5CE20":"47943"}},{"arcs":[[2935]],"type":"Polygon","properties":{"ZCTA5CE20":"46931"}},{"arcs":[[-2899,2937,-698,-622,-697,2938,2939,2940,2941],[-562]],"type":"Polygon","properties":{"ZCTA5CE20":"46932"}},{"arcs":[[-1284,2942,-1847,-127,2943,-1260,2944,-1653,-2562,-1201]],"type":"Polygon","properties":{"ZCTA5CE20":"47944"}},{"arcs":[[-500,-610,-1008,2945]],"type":"Polygon","properties":{"ZCTA5CE20":"47837"}},{"arcs":[[-878,-2484,-1970,-1942]],"type":"Polygon","properties":{"ZCTA5CE20":"47949"}},{"arcs":[[-2662,-2697,2946,2947,2948,-2013,-2925,2949]],"type":"Polygon","properties":{"ZCTA5CE20":"47359"}},{"arcs":[[-2788,-2766,-1492,-2861,-2821]],"type":"Polygon","properties":{"ZCTA5CE20":"47360"}},{"arcs":[[2950,-539,2951,-2905,2952,-2455,-747,-2564,-2309,-2381,2953]],"type":"Polygon","properties":{"ZCTA5CE20":"47838"}},{"arcs":[[-2090,-490,-2695,-1904,2954,-2914,-1081]],"type":"Polygon","properties":{"ZCTA5CE20":"49091"}},{"arcs":[[-2873,2955,-524,2956,2957,-1743]],"type":"Polygon","properties":{"ZCTA5CE20":"46939"}},{"arcs":[[2958,-2588,2959]],"type":"Polygon","properties":{"ZCTA5CE20":"46941"}},{"arcs":[[2960]],"type":"Polygon","properties":{"ZCTA5CE20":"46946"}},{"arcs":[[-1834,-901,-1897]],"type":"Polygon","properties":{"ZCTA5CE20":"47950"}},{"arcs":[[2961,2962,-1471,-961,-1036,-1914,2963]],"type":"Polygon","properties":{"ZCTA5CE20":"46936"}},{"arcs":[[2964,-2964,-1913,-2230,-2229,2965],[-2044],[-670]],"type":"Polygon","properties":{"ZCTA5CE20":"46902"}},{"arcs":[[-695,2966,-1691,-1472,-2963,2967,2968]],"type":"Polygon","properties":{"ZCTA5CE20":"46911"}},{"arcs":[[-1072,-2784,2969,-1168,-2091,-1079,2970]],"type":"Polygon","properties":{"ZCTA5CE20":"49093"}},{"arcs":[[-2853,-1764,2971,-2786,2972]],"type":"Polygon","properties":{"ZCTA5CE20":"47368"}},{"arcs":[[2973,-2941,2974,2975,-905]],"type":"Polygon","properties":{"ZCTA5CE20":"46929"}},{"arcs":[[-2491,-2561,2976,-2194,2977,-2486,-2880]],"type":"Polygon","properties":{"ZCTA5CE20":"47955"}},{"arcs":[[-971,-2848,2978,2979]],"type":"Polygon","properties":{"ZCTA5CE20":"49098"}},{"arcs":[[2980,2981,-1409,2982,-2457]],"type":"Polygon","properties":{"ZCTA5CE20":"47443"}},{"arcs":[[2983,2984,2985,-2644,2986]],"type":"Polygon","properties":{"ZCTA5CE20":"46545"}},{"arcs":[[-1408,2987,-1406,2988,-2527,2989,-2458,-2983]],"type":"Polygon","properties":{"ZCTA5CE20":"47449"}},{"arcs":[[2990,2991,-573,2992,-922,-2559,-2450,-1262],[-954]],"type":"Polygon","properties":{"ZCTA5CE20":"47906"}},{"arcs":[[2993,2994,2995,2996,2997,2998,-1569]],"type":"Polygon","properties":{"ZCTA5CE20":"49242"}},{"arcs":[[[2999,3000,-1508,-1921]],[[3001,-1919,-2680]]],"type":"MultiPolygon","properties":{"ZCTA5CE20":"47011"}},{"arcs":[[-1407,-2988]],"type":"Polygon","properties":{"ZCTA5CE20":"47457"}},{"arcs":[[-152]],"type":"Polygon","properties":{"ZCTA5CE20":"47458"}},{"arcs":[[3002,-1419,3003,3004,3005,-2312,-2403,-703]],"type":"Polygon","properties":{"ZCTA5CE20":"49228"}},{"arcs":[[-1559,-2442,-1077,-797,-2778]],"type":"Polygon","properties":{"ZCTA5CE20":"47003"}},{"arcs":[[-1084,-784,3006,-1777,3007,-1790,-1124]],"type":"Polygon","properties":{"ZCTA5CE20":"49246"}},{"arcs":[[3008,-2930,-2153,3009,-2984,3010,-2638]],"type":"Polygon","properties":{"ZCTA5CE20":"46530"}},{"arcs":[[3011,-1884,-2147,3012,-1562,3013,-129]],"type":"Polygon","properties":{"ZCTA5CE20":"60438"}},{"arcs":[[-1025,3014,-2496,-1437,3015,3016]],"type":"Polygon","properties":{"ZCTA5CE20":"47454"}},{"arcs":[[3017,3018,-1402,-929]],"type":"Polygon","properties":{"ZCTA5CE20":"47459"}},{"arcs":[[3019,-2000,-2503,-1414,-2502,-2556]],"type":"Polygon","properties":{"ZCTA5CE20":"46536"}},{"arcs":[[-1949,-2160,3020,-2479,-2169,-1890,3021],[-279]],"type":"Polygon","properties":{"ZCTA5CE20":"46539"}},{"arcs":[[-1712,3022,3023,3024,-2960,-2587,-1692,-2967,-694]],"type":"Polygon","properties":{"ZCTA5CE20":"46992"}},{"arcs":[[3025,-1791,-3008,-1784,3026,-2995,3027],[-32]],"type":"Polygon","properties":{"ZCTA5CE20":"49250"}},{"arcs":[[-2168,3028,3029,-1892]],"type":"Polygon","properties":{"ZCTA5CE20":"46982"}},{"arcs":[[-699,-2938,-2898],[-545]],"type":"Polygon","properties":{"ZCTA5CE20":"46994"}},{"arcs":[[-1744,-2958,3030,-1831,-1896]],"type":"Polygon","properties":{"ZCTA5CE20":"46985"}},{"arcs":[[-2927,3031,-957]],"type":"Polygon","properties":{"ZCTA5CE20":"46987"}},{"arcs":[[3032,-2911,-1713,-692,-2897,-526]],"type":"Polygon","properties":{"ZCTA5CE20":"46988"}},{"arcs":[[3033,-1860,-2586,-2959,-3025]],"type":"Polygon","properties":{"ZCTA5CE20":"46990"}},{"arcs":[[-3031,-2957,-528,-2896,-1832]],"type":"Polygon","properties":{"ZCTA5CE20":"46978"}},{"arcs":[[-1910,-1309,3034,-2966,-2231,-2183,-941,-1327]],"type":"Polygon","properties":{"ZCTA5CE20":"46979"}},{"arcs":[[3035,-776,3036,-790]],"type":"Polygon","properties":{"ZCTA5CE20":"49202"}},{"arcs":[[-3037,-777,-3036,-789,3037,-787]],"type":"Polygon","properties":{"ZCTA5CE20":"49203"}},{"arcs":[[-1014]],"type":"Polygon","properties":{"ZCTA5CE20":"47857"}},{"arcs":[[-681,-1504,3038,-2546,-2541,-2447,-1225]],"type":"Polygon","properties":{"ZCTA5CE20":"46526"}},{"arcs":[[3039,-3028,-2994,-1568,3040]],"type":"Polygon","properties":{"ZCTA5CE20":"49227"}},{"arcs":[[-3029,-2167,-2686,-1861,-3034,-3024,3042,-505,3043],[-596],[-2961]],"type":"Polygon","properties":{"ZCTA5CE20":"46962"}},{"arcs":[[-2794]],"type":"Polygon","properties":{"ZCTA5CE20":"47871"}},{"arcs":[[-782,-589,-781,-569,3044,-2513,3045,3046,-1786,3047,3048],[-591]],"type":"Polygon","properties":{"ZCTA5CE20":"49230"}},{"arcs":[[-1487,-741,-1486,3049,-2869,-2053,3050,3051,3052,-173,3053,3054]],"type":"Polygon","properties":{"ZCTA5CE20":"47438"}},{"arcs":[[-2894,-542,-2893,3055,-2754,-2801,-882,-2790,-1396,3056,3057],[-804],[-538]],"type":"Polygon","properties":{"ZCTA5CE20":"47885"}},{"arcs":[[-783,-3049,3058,-1778,-3007]],"type":"Polygon","properties":{"ZCTA5CE20":"49234"}},{"arcs":[[-2580,-2577,-2782,-730]],"type":"Polygon","properties":{"ZCTA5CE20":"49024"}},{"arcs":[[-802,-2469,-2526,-583,-2553]],"type":"Polygon","properties":{"ZCTA5CE20":"47022"}},{"arcs":[[-2352,-2909,3059,-2954,-2380,-2306]],"type":"Polygon","properties":{"ZCTA5CE20":"47861"}},{"arcs":[[3060,-732,-2781,-2816,-2761]],"type":"Polygon","properties":{"ZCTA5CE20":"49071"}},{"arcs":[[-1973,-1335,-613,-537,-612,3061,-2891,3062,-2536]],"type":"Polygon","properties":{"ZCTA5CE20":"47862"}},{"arcs":[[-2945,-1259,-2878,-1649],[-138]],"type":"Polygon","properties":{"ZCTA5CE20":"47971"}},{"arcs":[[-1696,-2540,-587,-1505,-3001,3063,-861]],"type":"Polygon","properties":{"ZCTA5CE20":"47018"}},{"arcs":[[-2243,-1221,3064,-1109,-252]],"type":"Polygon","properties":{"ZCTA5CE20":"46180"}},{"arcs":[[-897,-8,-815,-2607]],"type":"Polygon","properties":{"ZCTA5CE20":"46616"}},{"arcs":[[-811,-1977,-2557,-2500,3065,-2498,3066,3067]],"type":"Polygon","properties":{"ZCTA5CE20":"46574"}},{"arcs":[[-813,-593,3068,-1678,3069,3070]],"type":"Polygon","properties":{"ZCTA5CE20":"46382"}},{"arcs":[[-2550,-864,-436,3071,-2737]],"type":"Polygon","properties":{"ZCTA5CE20":"47023"}},{"arcs":[[-18,3072,-794,-2533,-239,-423]],"type":"Polygon","properties":{"ZCTA5CE20":"47024"}},{"arcs":[[3073,-1792,-3026,-3040,3074]],"type":"Polygon","properties":{"ZCTA5CE20":"49252"}},{"arcs":[[-3047,3075,-1143,3076,-1618,-1787]],"type":"Polygon","properties":{"ZCTA5CE20":"49253"}},{"arcs":[[-788,-3038]],"type":"Polygon","properties":{"ZCTA5CE20":"49254"}},{"arcs":[[-2460,3077,-2530,-2558,-237,-750]],"type":"Polygon","properties":{"ZCTA5CE20":"47568"}},{"arcs":[[-1571,3078,3079,3080,-2023]],"type":"Polygon","properties":{"ZCTA5CE20":"49255"}},{"arcs":[[3081,3082,-1230,-556,-563,3083]],"type":"Polygon","properties":{"ZCTA5CE20":"47470"}},{"arcs":[[3084,-1420,-3003,-702,-1140]],"type":"Polygon","properties":{"ZCTA5CE20":"49268"}},{"arcs":[[-1367,-1889,-1738,3085,-985,-2119,-2221,-1248,3086]],"type":"Polygon","properties":{"ZCTA5CE20":"46226"}},{"arcs":[[-1676,-2474,-1898,-899,3087,-2991,-1261,-2944,-126]],"type":"Polygon","properties":{"ZCTA5CE20":"47923"}},{"arcs":[[-1338,-1250,-2222,-852]],"type":"Polygon","properties":{"ZCTA5CE20":"46201"}},{"arcs":[[-1177,-2467,-2545,-2465,-800]],"type":"Polygon","properties":{"ZCTA5CE20":"47016"}},{"arcs":[[-2997,3088,-1788,-1622,-2514,3089]],"type":"Polygon","properties":{"ZCTA5CE20":"49271"}},{"arcs":[[-2671,3090,-2677,3091,-1991,-1521,-2693]],"type":"Polygon","properties":{"ZCTA5CE20":"46755"}},{"arcs":[[-2935,-2140,-2188,-869,3092,-1341,-1673,-124,-2519,-2877,-521,-2876]],"type":"Polygon","properties":{"ZCTA5CE20":"47978"}},{"arcs":[[-2916,3093,-678,-2164]],"type":"Polygon","properties":{"ZCTA5CE20":"46540"}},{"arcs":[[-2611,-1748,3094,-2062,-134,-2064,-468,-396]],"type":"Polygon","properties":{"ZCTA5CE20":"47232"}},{"arcs":[[-2725,-1152,-2029,-226,-2028,-2589,-968,3095]],"type":"Polygon","properties":{"ZCTA5CE20":"49090"}},{"arcs":[[3096,3097,-769]],"type":"Polygon","properties":{"ZCTA5CE20":"41016"}},{"arcs":[[-2499,-3066]],"type":"Polygon","properties":{"ZCTA5CE20":"46572"}},{"arcs":[[-2255,3099,-1631,3100,-1955,3101,-2263]],"type":"Polygon","properties":{"ZCTA5CE20":"45211"}},{"arcs":[[3102,3103,3104]],"type":"Polygon","properties":{"ZCTA5CE20":"40045"}},{"arcs":[[3105,-2975,-2940,3106,-2968,-2962,-2965,-3035,-1308]],"type":"Polygon","properties":{"ZCTA5CE20":"46901"}},{"arcs":[[-1481,3107,3108,3109,-2657,-2675,-2706,-1906]],"type":"Polygon","properties":{"ZCTA5CE20":"46703"}},{"arcs":[[-1720,-1057,-2100,-258]],"type":"Polygon","properties":{"ZCTA5CE20":"46106"}},{"arcs":[[-1747,-426,-2552,-2736,-446,-2063,-3095]],"type":"Polygon","properties":{"ZCTA5CE20":"47283"}},{"arcs":[[-2575,3110,3111,-1163,-2970,-2783]],"type":"Polygon","properties":{"ZCTA5CE20":"49097"}},{"arcs":[[3112,-1126,-1793,-3074,3113,-1850,3114]],"type":"Polygon","properties":{"ZCTA5CE20":"49245"}},{"arcs":[[-3104,3115,-286,-1639,-1199,-2177,3116]],"type":"Polygon","properties":{"ZCTA5CE20":"40006"}},{"arcs":[[-1915,-1034,3117,-998,-2181,3118,3119,-975]],"type":"Polygon","properties":{"ZCTA5CE20":"46036"}},{"arcs":[[-2414,-2317,-337,-2410,-1054,3120,-828,3121,-944,3122,3123,3124],[-218]],"type":"Polygon","properties":{"ZCTA5CE20":"43512"}},{"arcs":[[-1023,-2180,-1239,3125,-296,-1266,3126,3127,3128,-2116,-983],[-2115],[-1117]],"type":"Polygon","properties":{"ZCTA5CE20":"46140"}},{"arcs":[[[3129]],[[3130,-1683,3131,-2733,3132,3133,-1578,-2774,-2840,3134]]],"type":"MultiPolygon","properties":{"ZCTA5CE20":"46774"}},{"arcs":[[[-1590,-1452,3135,-2365]],[[-1594]]],"type":"MultiPolygon","properties":{"ZCTA5CE20":"45345"}},{"arcs":[[-1320,-2516,3136,-2364,-2400,3137,3138]],"type":"Polygon","properties":{"ZCTA5CE20":"43521"}},{"arcs":[[-1238,3139,-2077,3140,-293,-3126]],"type":"Polygon","properties":{"ZCTA5CE20":"46186"}},{"arcs":[[-2710,-31,-2603,-2711,-2799,-1703,-1533],[-2798]],"type":"Polygon","properties":{"ZCTA5CE20":"46748"}},{"arcs":[[-2504,-2161,-1951,3141,3142]],"type":"Polygon","properties":{"ZCTA5CE20":"46501"}},{"arcs":[[-76]],"type":"Polygon","properties":{"ZCTA5CE20":"45055"}},{"arcs":[[-2240,-1509,-2103,-1843]],"type":"Polygon","properties":{"ZCTA5CE20":"46110"}},{"arcs":[[-1233,-1404],[-1400]],"type":"Polygon","properties":{"ZCTA5CE20":"47453"}},{"arcs":[[-863,-59,-862,-3064,-3000,-1920,-3002,-2679,-438]],"type":"Polygon","properties":{"ZCTA5CE20":"47017"}},{"arcs":[[-2404,-2313,-1917,3143,-2405,-2402,-1635,3144,-1821]],"type":"Polygon","properties":{"ZCTA5CE20":"43558"}},{"arcs":[[3145,-1830,3146,-273,-1092,-287,-3116,-3103]],"type":"Polygon","properties":{"ZCTA5CE20":"41008"}},{"arcs":[[3148,-2286,-247,-317,-2248,-2083,-1957]],"type":"Polygon","properties":{"ZCTA5CE20":"45219"}},{"arcs":[[-1389,3149,-1937,-2276,-1866,-885]],"type":"Polygon","properties":{"ZCTA5CE20":"45390"}},{"arcs":[[-3112,3150,-2038,-2827,3151,-2771,-1164]],"type":"Polygon","properties":{"ZCTA5CE20":"49052"}},{"arcs":[[-1352,-1986,3152,-2825,3153]],"type":"Polygon","properties":{"ZCTA5CE20":"47334"}},{"arcs":[[3154,-2803,-416,-2664,-1540,3155]],"type":"Polygon","properties":{"ZCTA5CE20":"49012"}},{"arcs":[[-1570,-2999,3156,-2517,-2406,-1961,3157,-3079]],"type":"Polygon","properties":{"ZCTA5CE20":"49232"}},{"arcs":[[3158,3159,3160]],"type":"Polygon","properties":{"ZCTA5CE20":"46301"}},{"arcs":[[-2919,-1191,-1183,-1306,-2379,-1593,-120,-1552,-2777]],"type":"Polygon","properties":{"ZCTA5CE20":"45320"}},{"arcs":[[-799,-1078,-2441,-1557,3161,-354,3162,-361,-1178]],"type":"Polygon","properties":{"ZCTA5CE20":"45056"}},{"arcs":[[-1684,-3131,3163,-2836]],"type":"Polygon","properties":{"ZCTA5CE20":"46815"}},{"arcs":[[-990,3164,-1016,-269,-1725,-736,-2233],[-1015]],"type":"Polygon","properties":{"ZCTA5CE20":"46032"}},{"arcs":[[-1329,-2186,3165,3166,-2226]],"type":"Polygon","properties":{"ZCTA5CE20":"46050"}},{"arcs":[[-2396,-2440,-2395,-2391,-2895,-3058,3167,-1394,-1945,-2401],[-34]],"type":"Polygon","properties":{"ZCTA5CE20":"61944"}},{"arcs":[[-2858,-910,3169,-2704,-2931,-3009,-2637,-2605,-1276,-2921]],"type":"Polygon","properties":{"ZCTA5CE20":"49120"}},{"arcs":[[3170,-774,-2174,3171,3172,3173]],"type":"Polygon","properties":{"ZCTA5CE20":"41048"}},{"arcs":[[-2042,-42,-2041,-41,-1794,-48,3174]],"type":"Polygon","properties":{"ZCTA5CE20":"45804"}},{"arcs":[[3175,-624,3176,-33,-1614,-1797,-2040,-188,-633,3177]],"type":"Polygon","properties":{"ZCTA5CE20":"45817"}},{"arcs":[[-2355,-345,3178,-3124,3179,-1146]],"type":"Polygon","properties":{"ZCTA5CE20":"45821"}},{"arcs":[[-190,-2043,-3175,-47]],"type":"Polygon","properties":{"ZCTA5CE20":"45805"}},{"arcs":[[-1032,-1530,-2835,-2849,3181,-993,3182]],"type":"Polygon","properties":{"ZCTA5CE20":"47342"}},{"arcs":[[3183,3184,3185,-2014,-2949]],"type":"Polygon","properties":{"ZCTA5CE20":"47369"}},{"arcs":[[-1033,-3183,-992,-3118]],"type":"Polygon","properties":{"ZCTA5CE20":"46070"}},{"arcs":[[3186,-2332,-2371,-1877,3187,-2383,-2282]],"type":"Polygon","properties":{"ZCTA5CE20":"45318"}},{"arcs":[[-1806,-1818,-137,-1817,-640,3188,-185,-2048,3189]],"type":"Polygon","properties":{"ZCTA5CE20":"45844"}},{"arcs":[[3190,-1810,3191,3192]],"type":"Polygon","properties":{"ZCTA5CE20":"45851"}},{"arcs":[[3193,3194,3195,3196,-1161,3197,-2326,3198,3199]],"type":"Polygon","properties":{"ZCTA5CE20":"45860"}},{"arcs":[[-1807,-3190,-2047,3200]],"type":"Polygon","properties":{"ZCTA5CE20":"45863"}},{"arcs":[[3201,-1431,3202,-2279,-2269,-1158,-3197]],"type":"Polygon","properties":{"ZCTA5CE20":"45869"}},{"arcs":[[-3180,-3123,-948,-644,-1804,-3191,3203,-1147],[-641]],"type":"Polygon","properties":{"ZCTA5CE20":"45879"}},{"arcs":[[-1148,-3204,-3193,3204,-2071,-1580,3205]],"type":"Polygon","properties":{"ZCTA5CE20":"45880"}},{"arcs":[[3206,-1294,-1577,3207,3208,-2617]],"type":"Polygon","properties":{"ZCTA5CE20":"45882"}},{"arcs":[[3209,3210,-3200,3211,-1386]],"type":"Polygon","properties":{"ZCTA5CE20":"45883"}},{"arcs":[[-51,-953,3212,-646,3213,-452,-2373,-2277,3214,-1429,3215],[-635],[-1776],[-647]],"type":"Polygon","properties":{"ZCTA5CE20":"45895"}},{"arcs":[[-1296,-648,-1295,-3207,-2616,3216,-2729]],"type":"Polygon","properties":{"ZCTA5CE20":"45898"}},{"arcs":[[3217,-3210,-1385]],"type":"Polygon","properties":{"ZCTA5CE20":"45828"}},{"arcs":[[-1488,-3055,3219,-2906,-2952,-540,-2951,-3060,-2908]],"type":"Polygon","properties":{"ZCTA5CE20":"47882"}},{"arcs":[[-832,-454,3220]],"type":"Polygon","properties":{"ZCTA5CE20":"43348"}},{"arcs":[[-2645,-2986,3221,-1227,-2446,-2002,3222,-2595]],"type":"Polygon","properties":{"ZCTA5CE20":"46544"}},{"arcs":[[-2915,-2955,-1909,-2709,3223,-1500,-679,-3094]],"type":"Polygon","properties":{"ZCTA5CE20":"46565"}},{"arcs":[[3224,-2,-1959,-310,3225,-767,3226,-2298]],"type":"Polygon","properties":{"ZCTA5CE20":"45204"}},{"arcs":[[-1424,-1063,-1516,-1980,-2721,-2609,-474,-393,3227,-2104]],"type":"Polygon","properties":{"ZCTA5CE20":"46124"}},{"arcs":[[3228,-664,3229,-1825,-3219,-623,3230,3231,-638,-1816],[-94]],"type":"Polygon","properties":{"ZCTA5CE20":"45875"}},{"arcs":[[3232,3233,-814,-3071,3234,-2197]],"type":"Polygon","properties":{"ZCTA5CE20":"46391"}},{"arcs":[[-3160,3235,-2868,-805,-3234,3236]],"type":"Polygon","properties":{"ZCTA5CE20":"46360"}},{"arcs":[[-3172,-2173,-2195,-2136,-1110,3237]],"type":"Polygon","properties":{"ZCTA5CE20":"41042"}},{"arcs":[[-1160,-2274,-2337,-2372,-2330,3239,-2327,-3198]],"type":"Polygon","properties":{"ZCTA5CE20":"45845"}},{"arcs":[[-830,-674,3240,-1826,-3230,-663,3241],[-82]],"type":"Polygon","properties":{"ZCTA5CE20":"45856"}},{"arcs":[[-625,-3176,3242,-3231]],"type":"Polygon","properties":{"ZCTA5CE20":"45877"}},{"arcs":[[-2812,-2843,3243]],"type":"Polygon","properties":{"ZCTA5CE20":"47357"}},{"arcs":[[-2884,-2864,-1732,3244,-1770,-1216,-2110]],"type":"Polygon","properties":{"ZCTA5CE20":"46165"}},{"arcs":[[-3114,-3075,-3041,-1567,-2022,-1851]],"type":"Polygon","properties":{"ZCTA5CE20":"49082"}},{"arcs":[[-2804,-3155,3245,-1130,3246,-2769]],"type":"Polygon","properties":{"ZCTA5CE20":"49083"}},{"arcs":[[-868,-1739,-1342,-3093]],"type":"Polygon","properties":{"ZCTA5CE20":"47946"}},{"arcs":[[-1630,-2287,-3149,-1956,-3101]],"type":"Polygon","properties":{"ZCTA5CE20":"45225"}},{"arcs":[[-2976,-3106,-1307,-1912,-2189,-906]],"type":"Polygon","properties":{"ZCTA5CE20":"46913"}},{"arcs":[[-696,-2969,-3107,-2939],[-722]],"type":"Polygon","properties":{"ZCTA5CE20":"46914"}},{"arcs":[[-2900,-2942,-2974,-904]],"type":"Polygon","properties":{"ZCTA5CE20":"46917"}},{"arcs":[[-558]],"type":"Polygon","properties":{"ZCTA5CE20":"47467"}},{"arcs":[[3247,-1208,-1853,-2021,3248,3249]],"type":"Polygon","properties":{"ZCTA5CE20":"49094"}},{"arcs":[[-1074,3250,-2701]],"type":"Polygon","properties":{"ZCTA5CE20":"49095"}},{"arcs":[[-3185,3251,-1390,-883,-2929,3252,3253],[-2124]],"type":"Polygon","properties":{"ZCTA5CE20":"47371"}},{"arcs":[[-3253,-2928,-1761,-2852,3254]],"type":"Polygon","properties":{"ZCTA5CE20":"47373"}},{"arcs":[[-2190,-1324,-577]],"type":"Polygon","properties":{"ZCTA5CE20":"46058"}},{"arcs":[[-3192,-1809,3255,-2072,-3205]],"type":"Polygon","properties":{"ZCTA5CE20":"45886"}},{"arcs":[[-179,-2716,-2750,3256,-3115,-1849,-1206,-2705]],"type":"Polygon","properties":{"ZCTA5CE20":"49068"}},{"arcs":[[-2548,3257,-1995,3258,-2543]],"type":"Polygon","properties":{"ZCTA5CE20":"46542"}},{"arcs":[[-2863,-2813,-3244,-2842,-1925,-2779,-795,-3073,-17,-2237,-15,-791,-653]],"type":"Polygon","properties":{"ZCTA5CE20":"47331"}},{"arcs":[[-1901]],"type":"Polygon","properties":{"ZCTA5CE20":"47925"}},{"arcs":[[3259,-3067,-2497,-1094,-2507,3260]],"type":"Polygon","properties":{"ZCTA5CE20":"46531"}},{"arcs":[[3261,-3261,-2506,3262,-2874,-1741,-2175,-1680]],"type":"Polygon","properties":{"ZCTA5CE20":"46534"}},{"arcs":[[-2538,-522,-2537,-3063,-2890,-2903]],"type":"Polygon","properties":{"ZCTA5CE20":"47854"}},{"arcs":[[-2730,-3217,-2615,-2624]],"type":"Polygon","properties":{"ZCTA5CE20":"46772"}},{"arcs":[[-1620,3263,-2567,-2360,-3137,-2515]],"type":"Polygon","properties":{"ZCTA5CE20":"49256"}},{"arcs":[[-2844,-2829,-2808,-484,-2789,-890,-2666]],"type":"Polygon","properties":{"ZCTA5CE20":"46809"}},{"arcs":[[-2483,-2495,-3015,-1024,-565]],"type":"Polygon","properties":{"ZCTA5CE20":"47452"}},{"arcs":[[-2522,3264,-2613,3265,-2204,-2493]],"type":"Polygon","properties":{"ZCTA5CE20":"60617"}},{"arcs":[[-2544,-3259,-1999,-2463,-2480,-3021,-2159]],"type":"Polygon","properties":{"ZCTA5CE20":"46524"}},{"arcs":[[3266,-55,-1771,-3245,-1731]],"type":"Polygon","properties":{"ZCTA5CE20":"46149"}},{"arcs":[[-3182,-2850,-2817,-3153,-1985,-994]],"type":"Polygon","properties":{"ZCTA5CE20":"47396"}},{"arcs":[[-1893,-3030,-3044,-506,-3043,-3023,-1711,-2910]],"type":"Polygon","properties":{"ZCTA5CE20":"46974"}},{"arcs":[[-1756,3267,-1752,-262,3268,-139,3269,-3018,-928],[3270]],"type":"Polygon","properties":{"ZCTA5CE20":"47404"}},{"arcs":[[3271,-3142,-1950,-3022,-1895,-2912,-3033,-525,-2956,-2872],[-85],[-666],[-2936]],"type":"Polygon","properties":{"ZCTA5CE20":"46975"}},{"arcs":[[-2749,-1090,3272,-1122,-3113,-3257]],"type":"Polygon","properties":{"ZCTA5CE20":"49224"}},{"arcs":[[-261,3273,-206,-145,-535,-532,-140,-3269]],"type":"Polygon","properties":{"ZCTA5CE20":"47408"}},{"arcs":[[-3059,-3048,-1785,-1781,-2568,-1779]],"type":"Polygon","properties":{"ZCTA5CE20":"49233"}},{"arcs":[[3274,-2932,-1099,-2867]],"type":"Polygon","properties":{"ZCTA5CE20":"49129"}},{"arcs":[[3275,-3173,-3238,-1115,3276]],"type":"Polygon","properties":{"ZCTA5CE20":"41005"}},{"arcs":[[-3127,-1269,-2241,-1757,-1512,3277],[-792]],"type":"Polygon","properties":{"ZCTA5CE20":"46161"}},{"arcs":[[-1345,-1900,-2473,-1674]],"type":"Polygon","properties":{"ZCTA5CE20":"47980"}},{"arcs":[[3278,-3084,-568,-84,-567,-1027,-3042,-1735,-201]],"type":"Polygon","properties":{"ZCTA5CE20":"47581"}},{"arcs":[[3279,-2245,3280,-264,-1751]],"type":"Polygon","properties":{"ZCTA5CE20":"46166"}},{"arcs":[[[3281]],[[3282,-2855,-2917,-509,3283]]],"type":"MultiPolygon","properties":{"ZCTA5CE20":"49127"}},{"arcs":[[-2112,-1727,-1369,3284,-1336,-2217]],"type":"Polygon","properties":{"ZCTA5CE20":"46208"}},{"arcs":[[3285,-2348,-1940,-328,3286,-1434,3287,-1050]],"type":"Polygon","properties":{"ZCTA5CE20":"43534"}},{"arcs":[[-1403,-3019,-3270,-151,-1229],[-559]],"type":"Polygon","properties":{"ZCTA5CE20":"47403"}},{"arcs":[[-2024,-3081,3288,-3108,-1480,3289]],"type":"Polygon","properties":{"ZCTA5CE20":"46737"}},{"arcs":[[-599,-1885,-3012,-132,-1411,-1947,-1176]],"type":"Polygon","properties":{"ZCTA5CE20":"60473"}},{"arcs":[[-2052,-1055,-931,-1401,3291,-3051]],"type":"Polygon","properties":{"ZCTA5CE20":"47471"}},{"arcs":[[-3090,-2518,-3157,-2998]],"type":"Polygon","properties":{"ZCTA5CE20":"49266"}},{"arcs":[[-1089,-3291,-3169,-786,-1086,-1123,-3273]],"type":"Polygon","properties":{"ZCTA5CE20":"49269"}},{"arcs":[[-3069,-592,-812,-3068,-3260,-3262,-1679]],"type":"Polygon","properties":{"ZCTA5CE20":"46532"}},{"arcs":[[3292,-1445,-1625,-339,-1153,-934,-1450]],"type":"Polygon","properties":{"ZCTA5CE20":"45322"}},{"arcs":[[-1135,-1118,-2579,3293,3294]],"type":"Polygon","properties":{"ZCTA5CE20":"49007"}},{"arcs":[[-106,-1654,-2324,-3239]],"type":"Polygon","properties":{"ZCTA5CE20":"61831"}},{"arcs":[[-1133,-2039,-3151,-3111,-2574]],"type":"Polygon","properties":{"ZCTA5CE20":"49088"}},{"arcs":[[-1053,-1436,-676,-829,-3121]],"type":"Polygon","properties":{"ZCTA5CE20":"43527"}},{"arcs":[[-3174,-3276,3295]],"type":"Polygon","properties":{"ZCTA5CE20":"41080"}},{"arcs":[[-3168,-3057,-1395]],"type":"Polygon","properties":{"ZCTA5CE20":"62423"}},{"arcs":[[-2407,-1321,-3139,3296,-2408,-2315,-1963]],"type":"Polygon","properties":{"ZCTA5CE20":"43570"}},{"arcs":[[3297,-2393,-2394,-894]],"type":"Polygon","properties":{"ZCTA5CE20":"61940"}},{"arcs":[[-2258,-2257,-2262,-2427,-2260,-2429,-2435],[-362],[-895]],"type":"Polygon","properties":{"ZCTA5CE20":"45002"}},{"arcs":[[-2319,-2415,-3125,-3179,-344,-2354]],"type":"Polygon","properties":{"ZCTA5CE20":"43556"}},{"arcs":[[-639,-3232,-3243,-3178,-634,-186,-3189],[-96]],"type":"Polygon","properties":{"ZCTA5CE20":"45830"}},{"arcs":[[-3188,-1876,-1803,-2051,-1311,-2341,3298,3299,-2384]],"type":"Polygon","properties":{"ZCTA5CE20":"45373"}},{"arcs":[[-2683,3300,-1544,-2937]],"type":"Polygon","properties":{"ZCTA5CE20":"60615"}},{"arcs":[[-1935,-2328,-3240,-2333,-3187,-2281,-1868,-2275]],"type":"Polygon","properties":{"ZCTA5CE20":"45380"}},{"arcs":[[-249,-2377,3301,-3299,-2342,-1444,-3293,-1449,-2378]],"type":"Polygon","properties":{"ZCTA5CE20":"45383"}},{"arcs":[[-2791,-520,-2870,-3050,-1485,-2920,-917]],"type":"Polygon","properties":{"ZCTA5CE20":"47858"}},{"arcs":[[-2449,-1439,-1599,-2563,-1651,-2879,-2570,-2477,-711,-321]],"type":"Polygon","properties":{"ZCTA5CE20":"47993"}},{"arcs":[[-1774,-2010,-1461,-1107,-3065,-1220]],"type":"Polygon","properties":{"ZCTA5CE20":"46118"}},{"arcs":[[-2648,-2596,-3223,-2001,-3020,-2555]],"type":"Polygon","properties":{"ZCTA5CE20":"46614"}},{"arcs":[[-2445,-2885,-2111,-1355,-299,-608]],"type":"Polygon","properties":{"ZCTA5CE20":"46175"}},{"arcs":[[-3011,-2987,-2643,-2639]],"type":"Polygon","properties":{"ZCTA5CE20":"46635"}},{"arcs":[[-1775,-1218]],"type":"Polygon","properties":{"ZCTA5CE20":"46103"}},{"arcs":[[3302,3303,-841,-1887,-157,-1018]],"type":"Polygon","properties":{"ZCTA5CE20":"46038"}},{"arcs":[[-3032,-2926,-2011,-1527,3304,-1347,-958]],"type":"Polygon","properties":{"ZCTA5CE20":"46953"}},{"arcs":[[-766]],"type":"Polygon","properties":{"ZCTA5CE20":"47033"}},{"arcs":[[-1575,-2049,-193,-192,-2046,-44,-3216,-1428,3305]],"type":"Polygon","properties":{"ZCTA5CE20":"45887"}},{"arcs":[[-1467,3306,3307,-988]],"type":"Polygon","properties":{"ZCTA5CE20":"46062"}},{"arcs":[[3308,3309,-2201,3310,-872,3311]],"type":"Polygon","properties":{"ZCTA5CE20":"46368"}},{"arcs":[[-2989,-1405,-1231,-3083,3312,-199,-2528]],"type":"Polygon","properties":{"ZCTA5CE20":"47522"}},{"arcs":[[-2171,-2129,3313,-1723]],"type":"Polygon","properties":{"ZCTA5CE20":"46373"}},{"arcs":[[-2214]],"type":"Polygon","properties":{"ZCTA5CE20":"46377"}},{"arcs":[[-2073,-3256,-1808,-3201,-2050,-1573,-1292]],"type":"Polygon","properties":{"ZCTA5CE20":"45891"}},{"arcs":[[-723,-2770,-3247,-1129,-2759,-1127,-3295,3314,-727]],"type":"Polygon","properties":{"ZCTA5CE20":"49004"}},{"arcs":[[-2227,-3167,3315,-1865,-2242,-52,-3267,-1730]],"type":"Polygon","properties":{"ZCTA5CE20":"46052"}},{"arcs":[[-1368,-3087,-1252,-1337,-3285]],"type":"Polygon","properties":{"ZCTA5CE20":"46205"}},{"arcs":[[-976,-3120,3316,-1462,3317]],"type":"Polygon","properties":{"ZCTA5CE20":"46031"}},{"arcs":[[-3166,-2185,-977,-3318,-1465,-1468,-986,-2232,-1862,-3316]],"type":"Polygon","properties":{"ZCTA5CE20":"46069"}},{"arcs":[[-3013,-2146,-662,-2170,-1721,-1563]],"type":"Polygon","properties":{"ZCTA5CE20":"46321"}},{"arcs":[[-1256,-1374,3318,-658,-2145]],"type":"Polygon","properties":{"ZCTA5CE20":"46323"}},{"arcs":[[-3152,-2826,-3248,3319,-1314,-2772]],"type":"Polygon","properties":{"ZCTA5CE20":"49011"}},{"arcs":[[-2264,-3102,-1960,-3,-3225,-2297]],"type":"Polygon","properties":{"ZCTA5CE20":"45238"}},{"arcs":[[-2425,-2420,-65,3320]],"type":"Polygon","properties":{"ZCTA5CE20":"45067"}},{"arcs":[[-2696,-2625,-2619,3321,3322,-2947]],"type":"Polygon","properties":{"ZCTA5CE20":"46740"}},{"arcs":[[-3110,3323,-2631,-2691,-2658]],"type":"Polygon","properties":{"ZCTA5CE20":"46742"}},{"arcs":[[-2209,-2128,-2125,-847,-659,-3319,-1373,3324]],"type":"Polygon","properties":{"ZCTA5CE20":"46406"}},{"arcs":[[-1316,3325,-3249,-2025,-3290,-1479,-2694]],"type":"Polygon","properties":{"ZCTA5CE20":"49028"}},{"arcs":[[-2990,-2531,-3078,-2459]],"type":"Polygon","properties":{"ZCTA5CE20":"47529"}},{"arcs":[[-645,-3213,-952,-3148,-833,-3221,-453,-3214]],"type":"Polygon","properties":{"ZCTA5CE20":"43331"}},{"arcs":[[-3133,-2732,-1149,-3206,-1579,-3134],[-3130]],"type":"Polygon","properties":{"ZCTA5CE20":"46797"}},{"arcs":[[3326,-3312,-871,-2208]],"type":"Polygon","properties":{"ZCTA5CE20":"46403"}},{"arcs":[[-1466,-1463,-3317,-3119,-2182,-1006,-2187,-1235,-842,-3304,-3307]],"type":"Polygon","properties":{"ZCTA5CE20":"46060"}},{"arcs":[[-2107,-2247,-924,-1286,-2122]],"type":"Polygon","properties":{"ZCTA5CE20":"47868"}},{"arcs":[[-2676,-155,-2692,-2604,-1992,-3092]],"type":"Polygon","properties":{"ZCTA5CE20":"46730"}},{"arcs":[[-1212,-1354,3327,-2078,-3140,-1237]],"type":"Polygon","properties":{"ZCTA5CE20":"46056"}},{"arcs":[[-1857,-2667,-467,-1044,-463,-2629,-429,3328]],"type":"Polygon","properties":{"ZCTA5CE20":"46770"}},{"arcs":[[-1990,-420,-1978,-1587]],"type":"Polygon","properties":{"ZCTA5CE20":"47272"}},{"arcs":[[-3289,-3080,-3158,-1966,-2367,-3324,-3109],[-325]],"type":"Polygon","properties":{"ZCTA5CE20":"43518"}},{"arcs":[[-972,-2980,3329,3330]],"type":"Polygon","properties":{"ZCTA5CE20":"49038"}},{"arcs":[[-2505,-3143,-3272,-2871,-3263]],"type":"Polygon","properties":{"ZCTA5CE20":"46511"}},{"arcs":[[-130,-3014,-1561,-1412]],"type":"Polygon","properties":{"ZCTA5CE20":"60425"}},{"arcs":[[-2678,-3091,-2670,3331,-2707],[-460]],"type":"Polygon","properties":{"ZCTA5CE20":"46795"}},{"arcs":[[3332,-2846,-1612,-2700,-3170,-909,-685]],"type":"Polygon","properties":{"ZCTA5CE20":"49047"}},{"arcs":[[-276,-873,-3311,-2200,-289,-2203,-2131,-757]],"type":"Polygon","properties":{"ZCTA5CE20":"46342"}},{"arcs":[[-3154,-2824,-2862,-1490,-2075,-3328,-1353],[-217]],"type":"Polygon","properties":{"ZCTA5CE20":"47356"}},{"arcs":[[-3246,-3156,-1539,-2036,-1131]],"type":"Polygon","properties":{"ZCTA5CE20":"49053"}},{"arcs":[[-230,-2756,-733,-3061,-2760,-2719]],"type":"Polygon","properties":{"ZCTA5CE20":"49055"}},{"arcs":[[-2978,-2193,-2225,-2487]],"type":"Polygon","properties":{"ZCTA5CE20":"47940"}},{"arcs":[[-626,-1387,-3212,-3199,-2325,-1933,-330,-1938,-3150,-1388]],"type":"Polygon","properties":{"ZCTA5CE20":"45348"}},{"arcs":[[3333,-3128,-3278,-1511,-2239]],"type":"Polygon","properties":{"ZCTA5CE20":"46130"}},{"arcs":[[-1556,-2422,3334,-2426,-3321,-64,-355,-3163,-353,-3162]],"type":"Polygon","properties":{"ZCTA5CE20":"45064"}},{"arcs":[[[-297,-265,-3281,-2244,-267]],[[-3280,-1750,-926,-2246]]],"type":"MultiPolygon","properties":{"ZCTA5CE20":"47456"}},{"arcs":[[-3141,-2076,-1498,-492,-1497,3335,-655,-12,-1267,-294]],"type":"Polygon","properties":{"ZCTA5CE20":"46148"}},{"arcs":[[-1435,-3287,-327,-939,-326,-3181,-1824,-3241,-673]],"type":"Polygon","properties":{"ZCTA5CE20":"43516"}},{"arcs":[[-2512,-1136,-3076,-3046]],"type":"Polygon","properties":{"ZCTA5CE20":"49265"}},{"arcs":[[-1822,-3145,-1638,-2349,-3286,-1049,-2397],[-81]],"type":"Polygon","properties":{"ZCTA5CE20":"43532"}},{"arcs":[[-2385,-3300,-3302,-2376]],"type":"Polygon","properties":{"ZCTA5CE20":"45339"}},{"arcs":[[-2421,-3335]],"type":"Polygon","properties":{"ZCTA5CE20":"45070"}},{"arcs":[[-850,-2223,-2218,-1339]],"type":"Polygon","properties":{"ZCTA5CE20":"46204"}},{"arcs":[[-2904,-3220,-3054,-172,-3053,3337,-2981,-2456,-2953]],"type":"Polygon","properties":{"ZCTA5CE20":"47441"}},{"arcs":[[-2117,-3129,-3334,-2238,-1841,-2094]],"type":"Polygon","properties":{"ZCTA5CE20":"46163"}},{"arcs":[[3338,-3161,-3237,-3233,-2196,-2202,-3310]],"type":"Polygon","properties":{"ZCTA5CE20":"46304"}},{"arcs":[[-1812,3339,-2301,-713,-311,-314,-825]],"type":"Polygon","properties":{"ZCTA5CE20":"45237"}},{"arcs":[[-2033,-2296,-2291,-1626,-3100,-2254]],"type":"Polygon","properties":{"ZCTA5CE20":"45239"}},{"arcs":[[-1737,-1888,-1020,-981,-980,-3086],[-979]],"type":"Polygon","properties":{"ZCTA5CE20":"46236"}},{"arcs":[[-2097,-2220,-2224,-2216,-1967,-1457,-2236,-291,-2235]],"type":"Polygon","properties":{"ZCTA5CE20":"46221"}},{"arcs":[[-3052,-3292,-1410,-2982,-3338]],"type":"Polygon","properties":{"ZCTA5CE20":"47465"}},{"arcs":[[-3308,-3303,-1017,-3165,-989]],"type":"Polygon","properties":{"ZCTA5CE20":"46033"}},{"arcs":[[-1068,-1724,-3314,-2135,-2210,-1595]],"type":"Polygon","properties":{"ZCTA5CE20":"46303"}},{"arcs":[[-3010,-2152,-1393,-1228,-3222,-2985]],"type":"Polygon","properties":{"ZCTA5CE20":"46561"}},{"arcs":[[-2632,-2358,-2687,-2600]],"type":"Polygon","properties":{"ZCTA5CE20":"46785"}},{"arcs":[[-2303,-2251,-2304,-2300,-3340,-1811,-2289,-2295]],"type":"Polygon","properties":{"ZCTA5CE20":"45215"}},{"arcs":[[-3251,-1073,-2971,-1083,-2913,-1169,-2702]],"type":"Polygon","properties":{"ZCTA5CE20":"49061"}},{"arcs":[[-1665,-2340,-2345,-2411,-2387,-3337]],"type":"Polygon","properties":{"ZCTA5CE20":"61850"}},{"arcs":[[-2948,-3323,3340,-1383,-3252,-3184]],"type":"Polygon","properties":{"ZCTA5CE20":"47326"}},{"arcs":[[-3235,-3070,-1677,-281,-2198]],"type":"Polygon","properties":{"ZCTA5CE20":"46390"}},{"arcs":[[-3138,-2399,-36,-2398,-1047,-347,-1046,-2409,-3297]],"type":"Polygon","properties":{"ZCTA5CE20":"43502"}},{"arcs":[[-1592,-2366,3341,-2035,-2433,-2423,-1554]],"type":"Polygon","properties":{"ZCTA5CE20":"45327"}},{"arcs":[[3342,-2902,-2856,-3283,3343],[-3282]],"type":"Polygon","properties":{"ZCTA5CE20":"49085"}},{"arcs":[[-2621,-388,-2647,-2635,-963,-373,-2642,-2640]],"type":"Polygon","properties":{"ZCTA5CE20":"47141"}},{"arcs":[[-3320,-3250,-3326,-1315]],"type":"Polygon","properties":{"ZCTA5CE20":"49089"}},{"arcs":[[-3077,-1142,-2566,-3264,-1619]],"type":"Polygon","properties":{"ZCTA5CE20":"49235"}},{"arcs":[[-2547,-3039,-1503,-2654,3344,-619,-1996,-3258]],"type":"Polygon","properties":{"ZCTA5CE20":"46567"}},{"arcs":[[-3224,-2708,-3332,-2669,-2649,-1501]],"type":"Polygon","properties":{"ZCTA5CE20":"46571"}},{"arcs":[[-3322,-2618,-3209,3345,-1432,-3202,-3196,3346,-3194,-3211,-3218,-1384,-3341],[-95]],"type":"Polygon","properties":{"ZCTA5CE20":"45822"}},{"arcs":[[-1858,-3329,-432,-2663,-2950,-2924,-1902,-2923,-1689]],"type":"Polygon","properties":{"ZCTA5CE20":"46792"}},{"arcs":[[-3122,-831,-3242,-665,-3229,-1815,-945]],"type":"Polygon","properties":{"ZCTA5CE20":"45831"}},{"arcs":[[-1576,-3306,-1427,-3346,-3208]],"type":"Polygon","properties":{"ZCTA5CE20":"45862"}},{"arcs":[[-2432,-71,-2249,-2302,-2292,-2031,-2267,-2434,-358],[-63]],"type":"Polygon","properties":{"ZCTA5CE20":"45014"}},{"arcs":[[-1430,-3215,-2280,-3203]],"type":"Polygon","properties":{"ZCTA5CE20":"45871"}},{"arcs":[[-2972,-1763,-1039,-1836,-2883,-2745,-2787]],"type":"Polygon","properties":{"ZCTA5CE20":"47358"}},{"arcs":[[-2837,-3164,-3135,-2839,-480,-2807]],"type":"Polygon","properties":{"ZCTA5CE20":"46803"}},{"arcs":[[-2892,-3062,-611,-501,-2946,-1007,-2752,-1549,-2751,-3056]],"type":"Polygon","properties":{"ZCTA5CE20":"47874"}},{"arcs":[[-260,-2102,-207,-3274]],"type":"Polygon","properties":{"ZCTA5CE20":"47468"}},{"arcs":[[-1783,-1789,-3089,-2996,-3027]],"type":"Polygon","properties":{"ZCTA5CE20":"49262"}},{"arcs":[[-3315,-3294,-2578,-728]],"type":"Polygon","properties":{"ZCTA5CE20":"49006"}},{"arcs":[[-2592,-2763,-1608,-2845]],"type":"Polygon","properties":{"ZCTA5CE20":"49064"}},{"arcs":[[-2015,-3186,-3254,-3255,-2851,-2742]],"type":"Polygon","properties":{"ZCTA5CE20":"47336"}},{"arcs":[[-3305,-1531,-1348]],"type":"Polygon","properties":{"ZCTA5CE20":"46933"}},{"arcs":[[-1547,-2614,-3265,-2521,-3099,-2019]],"type":"Polygon","properties":{"ZCTA5CE20":"60619"}},{"arcs":[[-3347,-3195]],"type":"Polygon","properties":{"ZCTA5CE20":"45826"}},{"arcs":[[-1051,-3288,-1433]],"type":"Polygon","properties":{"ZCTA5CE20":"43523"}},{"arcs":[[-2832,-2854,-2973,-2785,-2820]],"type":"Polygon","properties":{"ZCTA5CE20":"47383"}},{"arcs":[[[-3271]],[[-2045,-1753,-3268,-1755]]],"type":"MultiPolygon","properties":{"ZCTA5CE20":"47429"}},{"arcs":[[-2653,-2699,-2056,-2066,-616,-3345]],"type":"Polygon","properties":{"ZCTA5CE20":"46732"}},{"arcs":[[-1496,-650,-487,-656,-3336]],"type":"Polygon","properties":{"ZCTA5CE20":"47385"}},{"arcs":[[-3088,-908,-574,-2992]],"type":"Polygon","properties":{"ZCTA5CE20":"47920"}},{"arcs":[[-2800,-2712,-2689,-2734,-3132,-1682]],"type":"Polygon","properties":{"ZCTA5CE20":"46741"}},{"arcs":[[-572,-920,-2993]],"type":"Polygon","properties":{"ZCTA5CE20":"47904"}},{"arcs":[[-449,-2082,-433,-1194,-2655,-470]],"type":"Polygon","properties":{"ZCTA5CE20":"47227"}},{"arcs":[[3347,-3330,-2979,-2847,-3333,-684,-2901,-3343],[-219]],"type":"Polygon","properties":{"ZCTA5CE20":"49022"}},{"arcs":[[-579,-1332,-2191,-2977,-2560]],"type":"Polygon","properties":{"ZCTA5CE20":"47930"}},{"arcs":[[-147,-216,-399,-2717,-409,-2714,-552,-1116]],"type":"Polygon","properties":{"ZCTA5CE20":"47264"}}]}}}