{"type":"Topology","transform":{"scale":[0.0003225274165274166,8.571496299999999e-05],"translate":[-176.696676,-14.37374]},"arcs":[[[199676,565855],[152,-1],[134,0],[0,710],[1,4],[0,3],[0,2],[0,3],[1,2],[-1,4],[-1,8],[0,40],[1,0],[-1,8],[1,5],[1,3],[0,4],[2,14],[1,9],[1,3],[2,0],[5,5]],[[199975,566681],[13,8],[2,-12],[8,8],[6,-13],[-1,-28],[9,-30],[3,-18],[0,-20],[6,-32],[1,-27],[4,-13],[13,-22],[4,4],[3,26],[1,19],[4,6],[14,-21],[1,-17],[3,56],[3,22],[10,15],[8,1],[5,-14],[8,16],[18,32],[-9,22],[3,13],[9,18],[4,19],[7,57],[12,54],[-2,23],[4,29],[9,23],[2,21],[-2,38],[4,26],[-5,2],[0,36],[-2,23],[-4,15],[-6,40],[-4,11],[-9,42],[115,-1],[1,-16],[0,17],[-2,34],[-2,115],[1,41],[3,65],[0,47],[-1,41],[-4,56],[-4,31],[1,1],[8,-36],[2,-13],[6,-6],[3,-10],[-2,-14],[6,-18],[4,0],[15,-22],[3,0],[4,-20],[3,-5],[5,11],[1,16],[4,12],[6,0],[2,-9],[7,-3],[9,10],[6,-6],[18,6],[9,9],[7,-24],[15,-11],[2,5],[11,-29],[5,13],[2,-39],[-6,-21],[0,-13],[25,-34],[2,-11],[-3,-34],[-6,-30],[6,-6],[3,-10],[-3,-20],[13,5],[4,22],[4,-19],[7,-68],[2,-6],[15,-21],[12,-4],[12,7],[6,-15],[12,-11],[14,-21],[15,-17],[23,-3],[8,-6],[8,15],[2,-14],[15,10],[3,-2],[15,-31],[11,-15],[39,-70],[3,-8],[16,-12],[12,-34],[5,-3],[45,-57],[12,-21],[6,-38],[6,-15],[20,-1],[7,-6],[3,4],[7,27],[9,-8],[5,14],[-1,28],[3,10],[2,-16],[10,1],[11,14],[6,13],[8,-16],[7,4],[3,-10],[15,-12],[7,3],[5,28],[3,4],[10,-6],[10,2],[10,-13],[12,7],[2,-20],[-3,-14],[3,-18],[0,17],[6,15],[-2,-23],[1,-21],[4,-18],[2,-24],[9,1],[5,9],[1,-13],[13,0],[6,-4],[5,-18],[4,-3],[11,-39],[11,-6],[3,-31],[1,-44],[4,-9],[8,-27],[2,-18],[4,-14],[8,-13],[1,-24],[5,-12],[13,-16],[0,-21],[6,2],[9,-21],[-3,1],[-1,-24],[-6,5],[-6,-3],[0,-11],[3,-3],[10,-37],[2,-17],[8,-13],[4,-19],[5,-16],[12,-5],[6,-12],[7,2],[7,-11],[4,-11],[-2,-13],[13,-38],[4,-2]],[[201145,566173],[-5,-21],[-9,-18],[-13,-23],[-4,-23],[-10,-14],[-2,-10],[-8,-11],[-4,-14],[-6,0],[-5,-15],[-6,-5],[-15,-92],[-6,-5],[-1,-23],[-7,-25],[1,-21],[-5,-9],[6,-40],[-3,-19],[4,-26],[1,-26],[5,-22],[0,-14],[7,-18],[1,-37],[3,-26],[8,-19],[4,-35],[-2,-58],[-11,-44],[-3,-25],[-6,-61],[-5,5],[-7,-3],[-2,-12],[2,-15],[16,-65],[-8,5],[-7,-25],[-15,-109],[-4,-14],[-9,-14],[-8,-1],[1,-12],[-2,-26],[2,-11],[11,-2],[6,-17],[9,-67],[-5,-12],[-8,18],[-5,3],[-8,-17],[-4,-20],[-11,-29],[0,-14],[-4,-37],[1,-22],[-2,-14],[-9,-34],[1,-35],[12,-62],[-8,0],[0,-18],[3,-29],[-1,-11],[0,-33],[2,-36],[-3,-16],[-7,-6],[3,-19]],[[200981,564548],[-376,156],[-213,88],[-2,0],[-106,43],[-143,59]],[[200141,564894],[-10,5],[-49,19],[5,-8],[2,-14],[2,-39],[1,-8],[10,18],[6,-7],[7,-17],[1,-10],[-4,-12],[-11,2],[-15,-24],[-3,-14],[-3,-43],[2,-72],[4,-44],[7,-45],[0,-18],[-8,-43],[-2,-13],[-6,-5],[-3,10],[-7,41],[-6,11],[-9,-14],[-6,-26],[-18,-14],[-3,-15],[-1,-18],[2,-21],[7,-33],[1,-20],[-5,-23],[-9,-16],[-5,-41],[-10,-20],[-7,-27],[-5,-33],[0,-71],[-2,-74],[-2,-20],[-5,-24],[-15,-34],[-5,-8],[-3,-1],[-13,-7],[-22,-31],[2,-24],[-1,-19],[-14,-20],[-12,-20],[-7,-21],[-4,-22],[-8,-26],[-4,-1],[-9,20],[-21,10],[2,-29],[-2,-43],[14,-37],[-6,-28],[-7,-20],[-5,-31],[9,-10],[8,-2],[14,-40],[-8,-115],[-3,-93],[0,-21],[-4,-16],[-9,-1],[-5,11],[-6,-5],[-3,-28],[8,-36],[1,-20],[-2,-21],[-5,-13],[-19,-9],[-10,7],[-10,2],[-10,-4],[-5,-12],[-7,-38],[-5,-19]],[[199773,563179],[-10,-25],[-17,-31],[-6,-11],[-5,-15],[-3,-19],[2,-64],[3,-29],[-204,192]],[[199533,563177],[-4,151],[0,337],[57,-2],[-1,169],[54,2],[0,21],[57,-4],[17,1],[3,33],[-1,17],[3,11],[2,35],[5,24],[11,17],[12,-1],[4,6],[1,42],[-3,28],[4,19],[-5,42],[-5,18],[-4,47],[58,1],[2,-1],[130,2],[-1,32],[2,27],[-5,16],[-6,9],[1,24],[-2,30],[4,11],[0,15],[-6,5],[-13,69],[-9,4],[0,9],[5,19],[-5,20],[5,42],[-5,24],[3,45],[-8,17],[2,13],[10,21],[-9,12],[-4,30],[-5,12],[-3,23],[-5,19],[-3,21],[3,14],[-3,26],[-11,8],[-2,17],[-7,13],[-1,11],[-12,13],[3,23],[-5,21],[-2,-9],[-8,7],[0,36],[-4,15],[-6,11],[-10,3],[-5,-17],[-5,14],[-5,0],[-4,-9],[-10,-6],[-7,22],[-1,12],[-9,10],[-4,27],[1,30],[-4,8],[0,30],[3,19],[-3,14],[2,13],[-4,27],[3,5],[4,20],[-3,20],[6,34],[4,9],[2,29],[-1,20],[-6,2],[4,16],[3,27],[0,28],[-4,13],[-1,28],[6,40],[-5,15],[-1,36],[4,12],[8,10],[4,39],[-11,13],[0,25],[-7,8],[-5,35],[-17,5],[-1,13],[-5,-7],[-8,8],[-12,-5],[-1,28],[-4,-3],[2,16],[-4,5],[-10,26],[-3,17],[-4,0],[-2,32],[-8,31],[-5,7],[1,34]],[[199695,557730],[0,-45]],[[199695,557685],[-13,0],[0,8],[-13,0],[0,-8],[-14,0],[0,71],[1,14],[26,0],[0,-7],[5,-1],[2,-26],[6,-6]],[[201471,556439],[-3,0]],[[201468,556439],[-11,0]],[[201457,556439],[0,42],[9,-8],[5,-34]],[[200660,557952],[27,-2],[2,0],[0,-54]],[[200689,557896],[-29,13],[0,43]],[[203845,543726],[9,0],[0,-15],[-9,0],[0,15]],[[200711,571737],[21,1],[12,38],[14,14],[14,-11],[12,6],[7,28],[8,5],[7,29],[-4,40],[-2,20],[-7,24],[-8,49],[-6,46],[0,21]],[[200779,572047],[150,-6]],[[200929,572041],[68,-6],[0,-22],[50,3],[1,-499],[0,-12],[14,-2],[3,7],[0,35],[12,45],[15,-21],[0,-21],[15,0],[0,-31],[8,-9],[18,1],[0,-27],[0,-61],[-10,-1],[9,-30],[5,-6],[6,2],[12,22],[5,15],[18,10],[5,-5],[12,-36],[7,-6],[5,-39],[7,-15],[11,-39],[7,-38],[1,-14],[14,16],[1,-14],[6,-6],[6,8],[6,-4],[-3,-17],[4,-45],[-1,-44],[-7,-14],[-2,-34],[2,-12],[9,-12],[6,-2],[10,-31],[8,-8],[11,12],[3,26],[5,16],[15,19],[8,5],[8,-6],[5,-13],[10,-10],[15,24],[5,14],[3,21],[7,1],[4,46],[7,14],[8,2],[9,16],[-1,20],[-5,37],[8,6],[6,-9],[5,7],[-7,-27],[0,-15],[2,-127],[0,-15],[-2,-19],[-6,-28],[-16,-118],[-2,-15],[-1,-37],[-7,-61],[-6,-36],[-11,-36],[-7,-15],[-20,-26],[-6,-19],[-2,-22],[-10,-24],[-12,-17],[-9,-18],[-8,-5],[-3,-9],[-11,-56],[6,1],[0,-41],[26,-1],[0,-205],[17,-22],[6,1],[5,8],[27,64],[9,7],[5,-5],[7,-14],[5,-23],[3,-5],[28,-21],[9,-24],[11,-11],[8,-29],[6,-16],[5,-30],[6,-12],[6,-24],[8,-13],[13,-9],[9,-17],[3,-26],[8,-26],[4,-6],[4,3],[5,15],[2,18],[4,11],[15,21],[22,47],[5,20],[5,8],[6,20],[10,18],[12,38],[1,11],[8,19],[7,7],[7,25],[8,-5],[3,9],[4,22],[8,24],[5,-1],[6,-18],[11,-16],[12,-34],[22,-32],[3,-6],[7,-42],[8,-28],[15,7],[8,-14],[7,5],[3,18],[10,-6],[3,11],[8,7],[12,56],[7,16],[17,12],[16,-7],[4,12],[13,20],[-1,14],[-7,46],[-8,14],[3,12],[3,26],[-2,21],[3,15],[5,10],[12,3],[10,16],[-8,25],[4,43],[5,29],[6,4],[6,18],[16,21],[5,15],[7,-14],[13,-1],[14,-28],[6,-8],[6,6],[9,-1],[14,12]],[[201978,570615],[0,-392]],[[201978,570223],[0,-34],[-4,0],[0,-330]],[[201974,569859],[1,-53],[-1,-324],[-4,-24],[-12,-6],[-7,-16],[-1,-32],[-3,-8],[-18,-21],[-8,-4],[-3,-41],[-2,-13],[1,-15],[-2,-12],[-8,-6],[-2,-22],[-14,-10],[-2,20],[-4,1],[-12,-15],[-13,23],[-3,-7],[-1,-23],[-2,-6],[-6,18],[-5,-1],[-3,-17],[-10,2],[-3,-14],[-7,-14],[-3,-26],[1,-35],[-13,-19],[-2,-28],[-7,-29],[-9,3],[-8,-25]],[[201779,569060],[-2,-22],[-2,-7],[-14,-3],[-5,-6],[-6,-30],[-4,-4],[-7,5],[-2,-10],[3,-27],[-1,-11],[-4,-4],[-14,-4],[-3,7],[-14,13],[-6,-30],[-11,15],[-2,-5],[-3,-30],[-4,-7],[-11,-7],[-5,-17],[-4,-2]],[[201658,568874],[2,5],[-5,2],[-9,-12],[-9,0],[-8,-41],[7,-35],[-2,-24],[-23,-97],[-7,-32],[-17,-65],[-20,-89],[-2,5],[-2,-21],[-11,-39],[-17,-76]],[[201535,568355],[-2,44],[-22,72],[-42,-8],[-34,13],[-40,-10],[-15,-20],[-6,8],[-15,-3],[-4,-8],[-3,3],[-3,20],[-35,-3],[-23,-4],[-2,-4],[1,6],[-35,-3],[-15,-10],[-20,-26],[-4,1],[-4,10],[-5,23],[-14,37],[-14,52],[-2,24],[1,17],[-3,15],[-10,1],[-3,18],[-3,1],[-9,-14],[-11,-7],[-11,17],[-9,11],[-7,-1],[-9,17],[-10,7],[-5,11],[-429,4],[-22,35],[1,556],[-8,-5],[-9,8],[-6,42],[-7,30],[-6,14],[-8,34],[7,40],[13,-5],[4,13],[1,30],[7,29],[6,18],[2,15],[4,2],[0,158],[-139,1]],[[200499,569681],[0,25],[3,26],[8,41],[7,46],[12,101],[3,25],[7,32],[6,20],[13,32],[7,26],[14,78],[6,36],[9,69],[9,40],[50,262],[3,13],[8,20],[12,11],[7,-1],[14,-10],[11,2],[10,9],[9,-10],[13,-32],[8,-6],[20,18],[6,11],[9,24],[6,6],[15,9],[10,11],[10,22],[5,5],[8,-1],[12,-8],[11,8],[7,11],[8,28],[2,23],[-4,48],[1,68],[3,33],[8,48],[6,20],[13,33],[-18,85],[-175,699]],[[204327,552751],[8,-2],[9,26],[6,36],[7,2],[35,-2],[1,-121],[-1,-36],[0,-34],[0,-100],[-1,-10],[-19,-10],[-7,12]],[[204365,552512],[-5,32],[0,2],[-3,17],[-1,9],[-24,144],[-5,35]],[[199803,559972],[0,0],[0,3],[38,1],[7,0],[2,-48],[7,25],[0,-10],[1,-2],[7,35],[5,-1],[1,0],[40,4],[0,0],[13,0],[3,0],[3,0],[7,-1],[-7,22],[-3,11],[0,2],[10,-34],[1,24],[7,-21],[12,0],[5,5],[1,16]],[[199963,560003],[2,-13],[0,-8],[0,-79],[0,-1],[0,-47],[0,-42]],[[199965,559813],[-1,-50],[0,-118]],[[199964,559645],[-14,-1],[-13,-1],[-27,-2],[-27,-2],[-14,-1],[-13,-1],[-27,-1],[-19,-1],[-3,0],[-5,-2],[0,-27],[0,-1],[0,-3],[-17,16]],[[199785,559618],[-4,6],[-6,7],[0,169],[21,2],[0,168],[7,2]],[[198973,574292],[0,-46],[3,-173],[-1,10],[-16,-4],[-7,-20],[-7,-42],[3,-18],[7,-4],[1,-20],[6,0],[2,-11],[2,-4],[3,-4],[7,-2],[3,-70],[2,-29],[4,-75],[0,-19],[-55,-1],[-3,0],[0,-123],[0,-58],[-2,-348],[4,-1],[54,-12],[0,-67],[-1,-18],[-1,-26],[1,-60],[-14,2],[0,-84],[-14,3],[0,-31],[0,-58],[29,-1],[-1,-98],[1,-51],[1,-21],[54,3],[0,170],[56,3],[0,-166],[22,-5],[1,-5],[5,4],[29,1],[0,-160],[-1,-12],[50,2],[20,-269],[5,-41],[12,-158],[3,-42],[2,-29]],[[199242,572004],[10,-136],[-5,-29],[-13,-109],[-2,-28],[-1,-5],[-1,-5],[-4,-41],[-5,-41],[-17,-2],[-10,-6],[-9,5],[-19,-1],[0,-166],[27,-1],[-1,-4],[-7,-17],[-2,-8],[-3,-14],[-1,-19],[0,-10],[0,-8],[-1,-6],[-1,-5],[-4,-10],[-17,-12],[-7,-22],[-13,-27],[-11,-47],[-8,-14],[-14,-47],[-4,-25],[-2,-20],[1,-23],[0,-10],[-1,-48],[-3,5],[0,-16],[0,-28],[3,-3],[1,-49],[0,-7],[-9,-18],[-5,-18],[12,-41],[2,-6],[0,-11],[-3,0],[0,-38],[6,-3],[3,-17],[-8,6],[12,-23],[3,-25],[6,-14],[-5,-26],[3,-25],[0,-5]],[[199115,570681],[-2,1],[0,-13],[-5,13],[3,1],[-12,6],[-16,-5],[-17,18],[-2,-3],[-5,-24],[-3,-16],[-11,5],[-3,5],[-2,-2],[-6,6],[-2,6],[-3,1],[-9,47],[-7,6],[-4,-8],[-1,11],[-2,10],[-3,2],[-7,27],[-15,16],[-9,-3],[-1,-6],[-10,-5],[-15,-45],[-10,9],[-4,-15],[-6,1],[-11,-8],[-4,6],[-10,-2],[-3,-4],[-4,-18],[-2,-35],[-4,-39],[-5,-22],[-2,-26],[3,-5],[8,18],[0,-19],[4,-7],[7,-57],[-10,-23],[-5,-21],[-4,-72],[-13,-49],[-6,7]],[[198865,570351],[-3,22],[1,16],[-4,1],[-6,15],[-2,35],[1,18],[-18,5],[-19,55],[-15,13],[-6,15],[-19,19],[-1,6],[0,12],[8,18],[8,44],[-7,-8],[-2,8],[-4,-5],[-11,12],[-5,-4],[-13,4],[-2,26],[-6,18],[-9,19],[-5,-1],[-7,13],[-7,-13],[-3,13],[-6,-17],[-7,6],[-4,-7],[-2,-21],[-4,-10],[2,-18],[-6,-9],[-6,2],[3,16],[-7,18],[0,11],[-7,19],[2,17],[-4,15],[-7,1],[0,249],[-3,11],[-3,37],[0,36],[-1,10],[-8,26],[2,-1],[7,8],[2,16],[4,2],[0,58],[0,119],[-1,143],[2,1],[-3,72],[-1,4],[-10,1],[-14,-12],[-14,-1],[-5,6],[-4,-4],[-18,29],[-6,13],[8,44],[4,24],[2,31],[5,106],[2,9],[6,143],[6,116],[4,44],[12,64],[6,51],[3,58],[0,26],[-4,102],[-1,16],[7,135],[7,97],[1,37],[-5,10],[-8,36],[-7,20],[-41,-1],[-11,-3],[-3,3],[-234,0],[-7,-2],[-7,-9],[-9,-34],[-2,-19],[-5,-10],[-10,-35],[-6,-39],[-9,-15],[-4,-21],[-6,-15],[0,-11],[-6,-49],[-5,-13],[-4,-3],[-16,-2],[-10,-12],[-18,4],[-8,-5],[-8,12],[-11,-9],[-8,-28],[-5,-20],[-4,-5],[-2,16],[-5,12],[-1,19],[-5,14],[-7,6],[-11,30],[-11,-1],[-7,18],[-10,7],[-8,8],[0,10],[5,12],[2,28],[-7,16],[-5,-6],[-2,14],[-6,2],[-7,22],[-6,31],[-3,28],[-7,-6],[-3,-16],[-6,15],[-9,8],[-2,20],[-10,22],[-5,4],[-12,-5],[-7,-12],[-5,-15],[-12,-28],[-13,-1],[-6,-8],[-5,-18],[-7,11],[-6,22],[-8,12],[-1,-12],[3,-35],[-1,-13],[-5,-16],[-7,9],[-6,16],[-12,30],[-17,22],[-8,18],[-13,-5],[-2,13],[-7,0],[-6,8],[-14,4],[-8,-5],[-9,6],[-6,9],[-4,26],[2,20],[-3,22],[-5,60],[4,15],[-13,10],[-8,1],[-6,-18],[-2,15],[-9,-3],[-6,11],[-9,10],[-7,2],[-5,12],[-7,0],[-11,16],[-6,-4],[-12,-27],[-1,-22],[-9,4],[-10,-19],[-11,36],[-5,-2],[-8,-28],[-9,-1]],[[205179,556370],[50,-59],[10,-10],[20,-20],[2,10],[8,9],[7,1],[6,20],[6,11],[6,20],[10,5],[0,18],[8,6],[9,-2],[4,-13],[1,9],[0,7],[4,24],[1,-7],[1,-7],[5,16],[7,-5],[18,-38],[14,1],[7,-11],[10,39],[3,22],[0,50],[11,-10],[4,12],[5,29],[-6,38],[-3,49],[0,65],[-3,31],[1,29],[0,28],[0,14],[3,18],[7,11],[1,20],[-3,24],[-10,27],[-10,56],[3,38],[6,16],[6,-2],[11,18]],[[205419,556977],[16,-29],[8,11],[12,-10],[5,-12],[4,11],[12,-16],[14,4],[7,-12],[24,-5],[1,18],[8,-4],[11,5],[7,-12],[11,6],[6,-5],[13,13],[3,22],[6,-1],[3,11],[16,12],[11,-6],[4,12],[6,-2],[12,20],[4,-5],[11,11],[6,-9],[12,5],[3,10],[4,-2],[7,11],[9,-9],[3,11],[11,-3],[5,7],[5,-14],[14,-28],[14,-11],[8,22],[9,-15],[10,2],[14,38],[4,1],[11,-11],[9,29],[11,11],[5,-6],[-1,-17],[40,7],[13,3],[10,-6],[11,-18],[22,-9],[4,2],[7,-9],[12,-6],[30,16],[7,7],[4,7],[11,43],[9,-4],[6,3],[32,25],[8,0],[49,-50],[4,-1],[21,24],[14,0],[6,7],[20,46],[4,4],[17,-6],[2,-5],[7,10],[5,-1],[0,18],[3,0],[13,-20],[7,-18],[10,-11],[11,-21],[8,-21],[3,0],[2,32],[12,1],[6,-22],[7,4],[10,12],[3,10],[9,6],[8,-14],[7,1],[5,-14],[5,-24],[9,-8],[5,10],[7,-6],[3,-14],[10,6],[13,17],[6,3],[14,-11],[44,-52],[13,-10],[10,2],[13,10],[31,-87],[8,-12],[22,-12],[16,-24],[0,-10],[6,-23],[2,-17],[0,-33],[1,-31],[6,-48],[5,-38],[2,-26],[0,-27],[-3,-34],[0,-15],[-7,-50],[-6,-15],[7,-25],[7,-39],[-1,-18],[1,-67]],[[206575,556340],[-1,-43],[-10,-31],[14,-18],[-1,-16],[2,-30],[-2,-26],[-18,-22],[-11,-21],[-3,-13]],[[206545,556120],[-12,-55],[-9,15],[4,-43],[-3,-16],[-7,-10],[3,-16],[-4,-29],[1,-16],[-3,-30],[-11,-39],[-14,-91],[-6,-21],[-14,-44],[-4,-8],[-8,-3],[-11,6],[-18,-1],[-8,-12],[-11,-8],[-5,-19],[-1,-19],[-8,2],[-6,-14],[-5,-50],[-8,-7],[-9,-17],[-1,-17],[-10,-26],[-7,-30],[-11,-9],[-5,-23],[-6,-8],[-7,-30],[-14,-50],[-4,-9],[-3,-17],[-4,-2],[-5,-15],[-11,-64],[-1,-24],[-4,-30],[-4,-10],[-3,-27],[-1,-20],[-3,-33],[-4,-19],[-12,-74],[-6,-22],[-1,-13],[-5,-28],[-2,-38],[-11,20],[-16,5],[-17,0],[-17,-21],[-20,-11],[-7,0],[-6,-9],[-12,-26],[-4,-2],[-5,18],[-7,15],[-10,-23],[-50,183],[-4,8],[-5,9],[-41,46],[-14,4],[-4,-4],[-22,-36],[-3,-8],[-12,-46],[-4,-6],[-10,-3],[-8,6],[-32,37],[-10,14],[-14,27],[-9,21],[-6,7],[-24,-5],[-2,-8],[0,-18],[-1,-5],[2,-13],[0,-9],[-4,-12],[-6,-16],[-4,-4],[-12,21],[-15,34],[-12,17],[-14,42],[-2,3],[-11,6],[-19,-2],[-11,-15],[-12,-2],[-14,12],[-21,46],[-26,9],[-13,-16],[-5,-10],[-7,1],[-13,20],[-21,65],[-5,9],[-10,-2],[-9,-26],[-6,-22],[-1,-14],[2,-63],[-3,-51],[-4,-21],[-2,-42],[-5,-31],[8,-36],[-3,-21],[-7,-4],[-3,14],[-5,-35],[-7,-28],[-16,-4],[-7,9],[-3,-11],[-8,-5],[-3,29],[-18,-17],[-11,-14],[-1,-16],[-8,-22],[-9,17],[-4,-17],[-14,14],[-15,11],[-2,27],[-6,28]],[[205402,554959],[-9,-5],[-4,18],[-3,28],[-6,-5],[-8,-17],[-18,-45],[0,-19],[7,-42],[0,-26],[-4,-18],[-9,-12],[-13,-2],[-6,8],[-11,2],[-7,-9],[-15,9],[-19,4],[-9,9],[-11,23],[-10,9],[-18,-7],[-8,-37],[-3,-22],[-4,-13],[-12,-9],[-9,-42],[-27,9],[-4,6],[-4,-8],[-1,-16],[-4,7],[-1,-20],[0,54],[-1,114],[57,483],[4,46],[12,83],[13,110],[5,55],[6,39],[17,150],[-2,0],[0,-13],[-11,-14],[-17,-13],[-13,10],[-6,18],[-4,19],[-7,5],[-5,-4],[-10,12],[-10,15],[-3,9],[-5,49],[-6,30],[-11,-8],[-6,39],[-14,5],[-13,-16],[-3,3],[2,32],[0,28],[-2,24],[-4,23],[-10,24],[2,14],[12,42],[11,31],[2,29],[4,6],[6,24],[17,30],[5,18],[4,3],[8,21],[3,24]],[[201974,569859],[8,-29],[4,-82],[6,-15],[7,52],[6,-8],[4,11],[4,-5],[-4,33],[2,37],[8,17],[3,33],[5,-11],[5,-31],[-5,-29],[2,-20],[5,14],[7,-1],[6,20],[8,-1],[2,17],[5,11],[0,23],[6,16],[1,17],[8,2],[0,35],[3,12],[-2,14],[0,38],[-7,33],[2,6],[-2,23],[1,10],[-5,29],[4,6],[7,33],[0,12],[7,-7],[0,-32],[-1,-14],[7,-7],[6,22],[5,-7],[5,17],[9,3],[20,10],[1,-12],[-17,-5],[0,-22],[-6,-3],[-13,-29],[-1,-14],[7,-2],[4,-17],[-6,-33],[-5,1],[2,-22],[10,-10],[3,-53],[-7,3],[-2,12],[1,-39],[-2,-42],[1,-35],[-3,-9],[2,-19],[-12,-16],[-4,10],[-8,-16],[-2,-31],[-4,-11],[-4,16],[-2,-7],[-17,-8],[-1,-9],[-9,-5],[1,-9],[-17,-16],[-2,-22],[-6,-7],[0,-20],[3,-10],[9,13],[3,-19],[10,11],[4,-9],[26,16],[5,32],[5,3],[6,-31],[4,-4],[4,12],[5,-1],[2,-12],[5,9],[6,-15],[3,11],[6,6],[10,31],[10,5],[8,24],[7,-1],[3,11],[12,0],[5,8],[4,-5],[4,17],[13,-12],[6,-23],[6,10],[4,-4],[13,12],[-2,-26],[5,-33],[-11,21],[-5,-13],[-9,-32],[3,-38],[-15,19],[-6,13],[-2,-18],[-10,8],[1,-19],[-2,-21],[-12,19],[-8,-36],[-1,-26],[-11,3],[-1,-19],[-12,-13],[6,-24],[-6,-12],[2,-14],[-12,-22],[-3,33],[-4,1],[-3,17],[-10,23],[-4,-10],[-7,17],[-6,-36],[8,-2],[2,-20],[-5,5],[0,-22],[-6,-11],[3,-59],[2,-26],[-7,-9],[-3,-27],[-5,-2],[-4,26],[-9,15],[-6,27],[-2,27],[-3,-6],[3,-22],[-3,-34],[3,-20],[3,-61],[-11,6],[-8,-1],[-7,12],[-3,28],[-6,21],[0,-15],[-6,-40],[-4,0],[-8,-26],[-12,-19],[-3,-12],[8,-9],[8,-35],[10,15],[7,-23],[7,7],[4,-9],[-4,-23],[3,-5],[10,-3],[9,8],[17,-11],[14,21],[16,10],[9,17],[3,19],[0,23],[7,27],[2,7],[7,-13],[8,12],[2,27],[5,32],[6,4],[0,-30],[3,-22],[0,-20],[11,-33],[3,-1],[3,10],[3,41],[-4,21],[2,16],[-1,44],[-6,49],[5,5],[1,-17],[6,-24],[5,-9],[8,-3],[9,19],[-2,43],[3,0],[8,-18],[7,7],[11,22],[-10,-46],[8,5],[9,35],[9,7],[8,19],[1,-15],[-16,-37],[-3,-13],[-9,-20],[-2,-14],[17,10],[7,-2],[5,-11],[-9,-8],[3,-20],[-16,7],[-16,3],[-6,-31],[0,-24],[9,10],[7,-5],[4,-14],[-8,6],[-9,-34],[10,-11],[-1,-12],[7,-12],[-12,-5],[-3,-10],[6,-22],[10,-3],[8,8],[17,5],[6,-12],[0,-9],[-6,-34],[9,-4],[7,23],[-8,46],[3,6],[0,28],[4,7],[2,16],[-2,26],[6,12],[1,22],[5,-1],[1,11],[10,1],[3,11],[-4,23],[0,18],[13,1],[-1,49],[6,-13],[11,-2],[5,-9],[5,14],[-5,27],[4,16],[-4,42],[15,-13],[8,-21],[5,16],[6,8],[-7,66],[9,-6],[5,-9],[0,11],[7,-1],[6,28],[5,-7],[6,-26],[7,7],[5,-28],[7,21],[3,-14],[10,6],[4,-19],[9,5],[4,11],[-1,22],[11,-9],[1,-16],[5,1],[3,-12],[8,9],[-2,-22],[3,-21],[-8,6],[-15,-14],[0,-26],[2,-48],[-5,2],[5,-56],[-5,-13],[0,17],[-7,8],[-3,26],[-4,18],[-11,11],[-2,-19],[-7,0],[-3,11],[2,13],[-8,13],[-1,13],[-6,4],[-6,-20],[0,-25],[10,-9],[-4,-50],[-6,-3],[0,-26],[-4,-7],[0,-47],[-4,-9],[5,-21],[5,-52],[-10,-1],[-3,-7],[4,-15],[4,4],[3,-13],[5,-32],[3,-5],[1,-32],[-3,-17],[-1,-47],[-5,-63],[-6,-30],[-7,-12],[3,-24],[0,-26],[4,-9],[6,25],[0,28],[3,21],[5,11],[-3,-31],[4,-33],[8,4],[-2,-50],[4,-45],[1,-32],[3,13],[1,26],[4,-11],[5,18],[8,13],[3,-20],[2,-31],[9,-12],[13,14],[4,12],[4,-3],[16,72],[8,4],[9,28],[7,-3]],[[202492,568877],[12,-91],[12,-27],[2,-14],[1,-31],[6,-52],[0,-10],[-5,0],[3,-14],[14,-30],[3,-12],[-1,-37],[4,-17],[0,-45],[-3,-34],[5,-18],[10,-19],[8,-35],[3,-44],[-2,-61],[1,-17],[14,-30],[15,-28],[3,-14],[5,-51],[8,-27],[-3,-45],[13,-23],[-1,-66],[1,-12],[7,-28],[-1,-20],[1,-26],[-2,-8],[-6,-8],[-11,11],[-6,-7],[2,-27],[-9,-44],[11,-26],[-17,30],[-3,14],[-2,31],[-6,49],[-3,14],[-4,30],[-10,19],[-10,26],[-5,23],[-8,8],[-9,34],[-10,5],[-11,-8],[-6,-18],[-3,-2],[-10,0],[-7,8],[-29,-9],[-12,11],[-7,17],[-9,9],[-18,-12],[-2,-43],[-1,-17],[-82,115],[-14,22],[-292,478],[-10,62],[-34,220],[-8,52],[-97,-2],[-12,0],[-47,-32],[-29,136]],[[196457,554449],[6,37],[8,99],[3,23],[2,63],[2,31],[6,22],[8,24],[-3,24],[6,-5],[25,32],[4,9],[20,27],[9,16],[3,39],[2,10],[15,35],[7,32],[9,71],[7,38],[168,-1],[3,38],[7,36],[0,15],[4,33],[1,17],[3,25],[0,38],[2,30],[5,12],[7,4],[6,-8],[12,47],[6,1],[0,40],[9,21],[11,3],[2,9],[5,-5],[10,31],[0,35],[8,5],[10,-8],[2,-12],[18,-40],[4,-2],[6,9],[3,14],[4,4],[5,-24],[8,-13],[4,2],[0,-23],[14,-16],[13,-48],[3,-25],[0,-71],[6,-11],[2,-13],[4,-5],[7,-26],[5,-27],[8,-27],[2,-15],[2,-51],[395,-4],[20,4]],[[197410,555074],[-21,-57],[-6,-22],[-3,-18],[-10,-33],[-9,-43],[-7,-8],[-7,-24],[-2,-18],[-4,-20],[-5,-28],[-6,-16],[-6,-7],[-6,-24],[-6,-18],[-12,-66],[-11,-11],[-6,-15],[-5,-22],[-15,-50],[-6,-15],[-11,-42],[-5,-8],[-12,-39],[-3,-30],[-10,-19],[-3,-10],[0,-25],[-3,-1],[-3,-44],[-5,-15],[-18,-13],[-8,-30],[-11,-32],[-3,-20],[-3,-6],[-8,-32],[-3,-5],[-17,-56],[-3,-20],[-9,-18],[-2,-25],[-10,-15],[-9,-33],[-2,-17],[-4,-1],[-27,-92],[-2,-16],[-7,-17],[-5,-26],[-7,-20],[-7,-14],[-14,-15],[-3,-6],[-18,-16],[-44,-28],[-13,4],[-26,-3],[-7,-13],[-2,-18],[-13,5],[-12,-13],[-11,-18],[-26,-44],[-15,-36],[3,-5],[4,-24],[6,-26],[4,-171],[4,-48],[7,-86],[2,-18],[3,-12],[12,-27],[7,-25],[5,-42],[11,-23],[10,-2],[18,-37],[11,-29],[11,-18],[12,-37],[11,-5],[7,2],[12,20],[8,18],[9,7],[23,4],[7,10],[5,14],[13,20],[7,4],[6,-3],[7,9],[11,-19],[17,-41],[1,-34],[2,-7],[47,0],[137,0],[5,-3],[46,-17],[54,56],[14,10],[-4,-1032],[11,2],[1,-514]],[[200865,575746],[-152,1]],[[200713,575747],[-122,1],[-23,-7]],[[204021,549329],[-1,8],[1,30],[9,27],[7,9],[4,37],[-5,47],[-5,35],[-10,28],[-6,58],[2,39],[-6,45],[-1,34],[-6,20],[-4,42],[-6,41],[-14,35],[-9,7],[-10,26],[-5,18],[-11,29],[0,40],[-7,41]],[[203938,550025],[390,-2],[6,0],[9,-1],[108,0],[248,9],[3,-5],[18,-113],[3,-29],[8,-43],[0,-12],[8,-26],[4,0],[8,-39],[7,-55],[-7,0],[12,-117],[-3,3],[-21,0],[-8,-12],[-6,-18],[-17,-57],[-16,-32],[-3,-19],[-30,-1],[-1,-108],[-5,-14],[-7,-52],[5,-10],[-3,-17],[6,-11],[-10,0],[0,-43],[-38,1],[0,-83],[-26,-1],[1,-84],[-28,-1],[0,-115],[12,-68],[7,-12],[0,0],[-3,-41],[-10,-49],[-2,-32],[-10,-26],[-7,-38],[-8,-21],[-12,-46],[-6,-28],[0,-35],[-3,-49],[0,-18],[-9,-8],[-3,-13],[2,-34],[-1,-4],[-9,-44],[5,-1],[188,-45]],[[204684,548306],[-9,-72],[-1,-22],[-14,-44],[-4,-39],[1,-37],[-4,-21],[-4,-43],[-2,-6],[-4,-4],[40,-76],[-7,-9],[-9,-43],[6,-15],[8,-11],[4,-17],[-3,-17],[2,-23],[6,-19],[2,-29],[-19,-18],[13,-58],[6,0],[10,-23],[5,-3],[4,-28],[12,-11],[3,-19],[6,3],[-2,-8],[-18,4],[-2,-13],[2,-38],[6,-16],[8,-9],[1,-64],[9,13],[5,-13],[2,4],[2,-27],[4,-3],[-1,-11],[6,-14],[-5,-19],[-5,-6],[-10,-1],[-8,-12],[-12,-1],[-5,-9],[-22,-23],[-4,-7],[-5,-20],[1,-10],[10,-3],[3,-12],[5,4],[5,13],[21,16],[17,3],[20,-25],[10,-3],[-1,-256],[0,-19]],[[204769,547017],[-96,0],[-13,0],[-23,0],[-279,0]],[[204358,547017],[1,11],[4,-2],[1,28],[5,11],[-5,16],[1,20],[3,18],[-4,23],[2,17],[-4,32],[10,21],[-8,20],[-3,23],[-3,19],[4,17],[0,20],[-6,-1],[2,29],[4,7],[-6,14],[-1,22],[-7,-7],[0,22],[4,12],[-5,4],[-2,12],[3,11],[-5,-4],[-1,3],[0,6],[0,5],[1,5],[-1,0],[-2,-4],[-1,1],[-17,32],[1,22],[-2,12],[0,13],[-3,2],[-6,-8],[-6,22],[-7,11],[-6,5],[-2,6],[0,20],[-4,-2],[-7,4],[-3,7],[-6,3],[-5,10],[-4,-3],[-3,5],[1,10],[-1,14],[-7,3],[-4,8],[-6,10],[-3,-7],[-4,1],[-9,29],[-3,3],[-6,-3],[-1,6],[-7,0],[-9,14],[0,2],[6,24],[14,18],[5,23],[8,-3],[0,14],[1,4],[-1,9],[1,19],[-1,25],[0,6],[-2,5],[-18,26],[-1,17],[-8,-3],[-17,18],[-3,13],[-17,7],[-8,20],[-10,37],[-9,57],[-15,33],[-2,9],[-32,-49],[-22,-34],[-24,-36],[-50,-97],[-7,-17],[-42,-106],[-9,-31],[-27,-134],[-7,-36],[-2,-19],[-4,5],[-6,28],[-24,107],[-12,68],[4,21],[8,33],[6,49],[13,46],[-2,8],[-1,38],[-3,44],[-13,77],[-8,32],[-4,21],[-1,5],[159,91],[0,79],[2,3],[19,-3],[13,4],[14,-1],[9,-4],[13,-15],[16,1],[11,18],[0,36],[-5,47],[-22,122],[-26,153],[-7,50],[-6,23],[-5,58],[-3,60],[-3,25],[-14,75],[0,39],[-6,41],[-3,39],[6,23],[9,6],[3,6],[13,8],[4,-4],[9,13],[4,1],[7,16],[0,25],[-7,39],[-4,14],[-4,23],[-5,13],[-6,27],[0,12],[-6,22],[-5,9],[-7,35]],[[201817,539794],[0,-12],[9,-21],[6,-34],[4,-12],[6,-2],[8,-25],[-1,-33],[-2,-13],[-8,-23],[3,-40],[-2,-30],[-5,-21],[0,-9],[8,-23],[3,-23],[9,-13],[2,-11],[5,-1],[5,-19],[10,-29],[8,-1],[7,-29],[1,-31],[7,-17],[5,-32],[9,-31],[5,-41],[1,-36],[-12,-39],[-2,-35],[5,-21],[1,-24],[-7,-26],[4,-40],[-3,-8],[0,-37],[-10,-40],[1,-18],[-3,-7],[-3,-32],[-3,-7],[1,-19],[-3,-4],[2,-26],[-5,-56],[1,-13],[9,-46],[-1,-26],[2,-23],[-3,-21],[-9,-28],[-10,-19],[-2,-58],[2,-22],[-2,-27],[-3,-6],[-1,-36],[2,-20],[-12,-14],[-7,-29],[-3,-3],[3,-19]],[[201849,538333],[1,-21],[-4,-33],[0,-20],[-4,-38],[-8,-25],[2,-21],[-4,-13],[0,-41],[6,-14],[0,-13],[-7,-32],[-5,-2],[-2,-42],[-21,-25],[-8,-19],[-1,-18],[-9,-40],[-3,-21],[-3,-64],[2,-15],[-5,-16],[5,-23],[4,0],[0,-58],[8,-31],[4,-4],[3,-35],[-9,-21],[-4,-23],[-12,-42],[-8,-1],[-1,-12],[-5,-4],[-5,-19],[-9,0],[-7,-19],[-3,-24],[-5,-1],[-5,-12],[-6,-2],[-3,-47],[-15,-28],[-2,-31],[5,-17],[13,-10],[1,-9],[15,-12],[2,-26],[0,-25],[-7,-29],[-4,-6]],[[201726,537229],[-17,4],[-6,-26],[3,-23],[-6,-30],[-4,9],[-8,-24],[-1,-19],[-4,-2],[-1,-17],[-7,-18],[1,-20],[-19,18],[-2,1],[-1,-2],[-1,3],[-3,-4],[-3,-7],[0,-8],[0,-1],[-2,-15],[-6,8],[-9,-21],[-5,8],[-19,-23],[-11,16],[-3,-6],[-2,2],[-1,2],[-6,20],[-5,3],[-7,-6],[-6,7],[-28,11],[-5,-3],[-13,4],[-7,8],[-11,-11],[-17,-12],[2,44],[-16,0],[-12,4],[-2,138],[-1,27],[-3,7],[-15,-6],[-8,-9],[1,40],[-2,10],[16,1],[12,-4],[0,17],[-6,57],[12,17],[3,6],[16,17],[5,9],[9,-4],[8,6],[4,79],[3,15],[23,50],[-9,1],[-6,5],[-16,-2],[-8,5],[-17,2],[-22,12],[-9,2],[3,28],[-8,0],[-29,-4],[-8,149],[66,133],[4,10],[34,69],[3,21],[1,36],[-1,21],[4,66],[-8,-14],[-19,3],[-15,-29],[-9,-29],[-11,-19],[-27,-56],[-15,-22],[-66,-62],[-12,-23],[-11,15],[-5,-7],[-16,-12],[-29,10],[-7,-6],[-22,324],[-1,8],[-59,372],[-23,21],[-11,-3],[-11,13],[-18,-15],[0,3],[-1,15],[-2,6],[-9,-2],[-10,1],[-6,4],[-2,-5],[-3,1],[-3,36],[-8,22],[-6,-16],[-7,7],[-3,34],[2,21],[-1,5],[-2,1],[-7,-4],[-3,-1],[6,12],[-5,11],[-7,-4],[2,32],[6,28],[0,34],[-3,32],[7,41],[7,12],[9,39],[11,17],[10,51],[5,6],[11,-67],[11,20],[4,2],[10,-95],[1,-10],[11,19],[-1,-20],[9,1],[7,8],[6,-1],[9,7],[9,-6],[9,10],[4,-1],[13,-49],[19,-2],[29,8],[5,7],[1,-11],[11,0],[9,-4],[10,4],[10,-1],[14,-9],[5,-7],[7,0],[44,-17],[20,-12],[24,-9],[11,-6],[10,1],[5,-14],[9,-12],[6,-3],[11,-26],[22,18],[4,7],[1,28],[2,9],[10,8],[5,10],[3,2],[4,-20],[26,-15],[13,3],[15,-2],[8,6],[1,15],[-4,11],[3,9],[11,15],[4,13],[5,39],[-3,53],[-3,18],[5,31],[17,38],[15,27],[4,19],[7,20],[16,25],[12,7],[-8,21],[-19,19],[-2,50],[7,88],[4,58],[3,21],[5,19],[15,23],[10,19],[9,21],[0,18],[9,45],[34,53],[10,-3],[10,-30],[8,8],[2,32],[-1,6],[5,54],[-7,19],[3,9],[-4,19],[4,17],[4,6],[7,38],[17,-2],[9,28],[5,22],[2,23],[3,5],[-1,-20],[1,-29]],[[202280,552554],[17,0],[0,8],[1,0],[11,0],[25,-1],[0,-7],[0,-86],[-53,2],[-1,84]],[[207328,550690],[5,-28],[-3,-11],[-3,-24],[-1,-25],[3,-39],[-1,-37],[2,-23],[-1,-57],[-6,-62],[0,-15],[-5,-26],[-5,-17],[0,-25],[-3,-16],[-4,-48],[-5,-20],[-4,-32],[14,-3],[14,10],[10,17],[8,3],[-8,-8],[-9,-31],[-7,-3],[-6,-11],[-4,-18],[-6,9],[-8,-19],[-5,-7],[0,-14],[-4,-5],[2,-29],[1,-32],[-4,-4],[1,-14],[-3,-6],[2,-12],[-2,-40],[-3,-12],[-1,-38],[12,-26],[-2,-46],[3,-7],[0,-48],[-2,-26],[1,-26],[11,7],[2,44],[4,23],[6,-5],[5,12],[3,20],[3,5],[12,-7],[12,4],[10,-3],[5,6],[23,15],[10,11],[6,10],[5,1],[6,20],[3,19],[5,7],[3,28],[5,20],[1,33],[7,22],[8,18],[1,9],[5,13],[9,43],[3,-12],[8,29],[18,38],[3,22],[5,6],[11,-1],[7,24],[5,29],[1,8],[7,0],[0,86],[0,40],[0,62],[9,4],[2,2],[14,27],[15,29],[5,7],[21,9],[-5,30],[6,0],[0,66],[0,60],[5,0],[11,0],[10,2],[0,11],[0,30],[0,55],[0,18],[0,49],[0,46],[0,94],[-8,16],[-15,17],[-13,53],[-3,22],[-11,40],[-6,41],[-7,4],[-8,24],[-11,2],[-7,10],[-2,16],[-10,27],[-1,8]],[[207520,551264],[-13,44],[-12,27],[-3,25],[-11,32],[-28,22],[-15,-10],[-6,32]],[[207432,551436],[-8,31],[-12,16],[-6,15],[-6,37],[0,22],[-3,7],[-3,13],[-6,13],[-3,8],[0,10],[25,-1],[1,-42],[66,-3],[8,29],[-1,17],[4,28],[12,35],[6,49],[4,38],[-1,14]],[[207509,551772],[9,36],[9,17],[8,60],[1,25],[-3,83],[3,48],[12,0],[0,-91],[42,-19],[9,-17],[19,-20],[13,27],[5,3],[13,24],[2,-46],[1,-88],[19,-20],[3,-21],[8,-30],[3,-5],[-42,-131],[14,-12],[6,2],[9,-12],[7,-35],[0,-11],[0,-24],[1,-21],[9,-11],[22,-15],[4,-35],[14,-44],[2,-49],[11,-8],[8,-21],[13,-15],[2,1],[13,-17],[5,0],[3,14],[14,90],[1,-375],[27,15],[5,-3],[0,-84],[0,-50],[53,-1],[53,-84],[7,-1],[-25,66],[-9,19],[-13,29],[-5,48],[2,1],[0,71],[3,20],[1,4],[62,176],[9,58],[36,124],[23,59],[17,86],[3,28],[9,8],[3,10],[0,26],[4,30],[1,25],[-4,5],[5,24],[18,22],[8,19],[3,21],[0,33],[8,37],[-5,24],[4,15],[10,18],[9,31],[16,18],[5,17],[9,13],[14,9],[2,16],[7,3],[12,13],[5,11],[5,-4],[3,9],[10,-13],[13,11],[0,7],[7,10],[2,26],[8,10],[7,-1],[11,-33],[8,-6],[4,-20],[6,-8],[4,-20],[4,3],[12,-32],[5,-4],[8,-33],[7,-68],[6,-25],[1,-22],[6,-12],[3,-35],[6,2],[9,-21],[-1,-38],[6,-42],[2,-40],[-2,-31],[-5,-27],[-8,-18],[1,-44],[12,-63],[0,-24],[7,-35],[-1,-8],[-3,-1],[-4,16],[0,-35],[-2,-13],[-14,-10],[-9,-20],[-10,-11],[-8,-58],[2,-25],[-5,-62],[0,-61],[2,27],[-1,37],[3,35],[2,28],[-1,17],[5,44],[1,13],[12,17],[9,17],[12,11],[6,23],[14,-17],[6,-20],[8,2],[-1,-18],[13,-2],[8,-13],[12,37],[4,33],[2,31],[-10,14],[-2,15],[2,10],[12,24],[11,12],[7,21],[13,10],[11,14],[4,12],[3,40],[-8,37],[2,38],[6,25],[14,31],[1,13],[-6,28],[-7,-7],[-10,0],[-9,30],[0,23],[2,15],[11,10],[19,9],[4,15],[6,60],[12,21],[4,-19],[-1,-16],[-5,-13],[5,-10],[11,-1],[7,20],[5,1],[7,20],[1,23],[-5,11],[4,6],[10,-4],[3,-22],[7,-31],[10,-10],[3,5],[2,19],[-2,19],[-3,2],[-4,18],[2,27],[6,21],[10,20],[4,17],[1,29],[9,16],[11,29],[6,18],[1,18],[-5,34],[0,28]],[[208614,552206],[232,-1267]],[[208846,550939],[15,-78],[47,-6],[158,-838],[46,-242],[13,0],[10,-96],[37,-274]],[[209172,549405],[-13,0],[-77,44],[-6,-15],[-12,-56],[-10,-12],[-20,-37],[-5,-15],[-10,-16],[-9,-10],[-28,-46],[-3,0],[-13,1],[-1,-42],[-5,-28],[-13,-246],[-7,-62],[1,-64],[-7,-121],[-10,-73],[-12,-27],[-5,-6],[-25,32],[-12,11],[-9,2],[2,5],[-1,20],[-3,-18],[-4,3],[6,-147],[3,-51],[1,-44],[17,-310],[2,-50],[-3,-10],[-82,0],[-17,5],[0,-12],[-10,-25],[-4,-6],[-16,-40],[-4,0],[-8,-13],[-6,-4],[-6,-13],[-1,-11],[-5,-34],[0,-35],[-11,-31],[3,-18],[-3,-36],[0,-25],[2,-34],[0,-29],[-5,-29],[-2,-1],[0,-18],[3,-18],[-2,-13],[-3,-46],[-2,-10],[0,-18],[4,-23],[-1,-8],[-9,-28],[-2,-21],[-4,-6],[-4,11],[-10,1],[-10,6],[-2,-21],[0,-44],[-3,-20],[-15,-27],[-13,-36],[-9,-21],[-13,-60],[-8,-30],[-2,-17],[-15,-17],[-2,-12],[-14,3],[-6,-14],[-14,3],[-8,-15],[-7,-4],[-7,7],[-10,60],[-13,85],[-2,11],[-5,9],[-45,63],[-3,5],[-23,61],[-7,23],[-6,12],[-8,6],[-25,41],[-14,37],[-4,16],[-46,231],[-1,9],[-2,171],[-7,-13],[-3,5],[5,26],[5,7],[-1,79],[-6,118],[1,32],[7,57],[2,38],[-27,16],[-2,11],[-17,119],[-2,31],[4,37],[-2,15],[-2,57]],[[208269,548585],[-3,73],[4,13],[11,10],[2,7],[4,80],[21,127],[3,20],[10,239],[4,35],[0,8],[-1,6],[-100,356],[-3,9],[-17,25],[-18,40],[-18,68],[-2,16],[-17,306],[-2,16],[-16,57],[-5,13],[-15,22],[-8,40],[-3,10],[-11,15],[-4,10],[-6,32],[-18,28],[-5,4],[15,45],[-12,10],[-5,13],[-4,-6],[-5,10],[-6,-11],[-11,8],[-2,9],[-11,-5],[-3,9],[-5,-5],[-14,39],[1,47],[7,1],[12,21],[16,36],[3,14],[-41,1],[-9,0],[-7,3],[-10,11],[-16,22],[-10,7],[-13,1],[0,-44],[13,0],[0,-20],[13,-1],[0,-8],[-13,-1],[0,-93],[-4,-2],[-34,-1],[-9,1],[26,-47],[25,-62],[34,-100],[16,-64],[4,-25],[5,-71],[5,-29],[56,-220],[24,-99],[68,-353],[7,-55],[1,-25],[2,-61],[5,-51],[7,-38],[3,-23],[1,-26],[-1,-61],[1,-59],[8,-171],[3,-31],[13,-129]],[[208205,548581],[-4,25],[-3,9],[-64,122],[-4,6],[-34,69],[-4,-4],[-15,20],[-2,15],[-5,10],[-7,6],[-11,-14],[-20,22],[-1,10],[-26,2],[-9,4],[-9,22],[-3,15],[-2,35],[-4,25],[-7,35],[-2,3],[-126,-19],[-10,-74],[-31,-238],[-42,-321],[6,-299],[3,-72],[35,-826],[2,-467],[1,-70],[-1,-102],[3,7],[3,-45],[4,-33],[12,-89],[6,-62],[2,-41],[0,-29],[0,-86],[2,-151]],[[207838,546001],[-24,0]],[[207814,546001],[-8,0],[-152,1],[-54,1],[-5,2],[-148,1],[-2,1014],[11,1],[3,90],[-3,16],[0,141],[-56,0],[-1,349],[0,15],[-19,36],[-9,10],[-17,8],[-16,-11],[-8,2],[-11,15],[-15,32],[-13,8],[-7,14],[-18,14],[-4,9],[-4,13],[-11,68],[-3,76],[-4,21],[-13,31],[-9,11],[-23,4],[-4,779],[-4,4],[0,36],[-6,-12],[-3,5],[-5,36],[-9,-18],[-6,29],[-4,7],[2,9],[-8,-3],[-5,23],[3,2],[1,19],[5,13],[-2,18],[-7,-7],[-3,18],[-7,-7],[-3,12],[-8,-1],[-4,8],[1,22],[-5,17],[8,26],[-5,12],[-8,-6],[-4,11],[-4,28],[3,29],[-9,5],[-5,-3],[-2,28],[-5,-16],[-3,3],[2,31],[-7,-1],[-2,18],[-2,45],[-6,23]],[[207065,549235],[5,10],[-1,13],[5,21],[-4,28],[2,24],[8,38],[7,20],[0,13],[10,55],[15,45],[7,7],[5,38],[7,21],[0,16],[4,12],[7,6],[12,27],[3,24],[6,11],[5,21],[0,44],[3,9],[-5,33],[-2,32],[6,30],[4,30],[5,7],[14,52],[3,25],[9,30],[19,50],[2,27],[6,47],[1,16],[6,44],[4,9],[3,18],[1,46],[5,32],[6,15],[3,19],[8,24],[13,15],[2,6],[2,34],[9,16],[4,31],[-4,35],[-4,62],[9,74],[-2,16],[4,-6],[8,47],[18,36]],[[208205,535972],[1,-22]],[[208206,535950],[-1,8],[-4,22],[4,-8]],[[206784,539237],[12,35],[14,2],[8,7],[18,-13],[10,-4],[10,11],[3,-2],[14,25],[9,14],[5,1],[9,12],[7,29],[6,12],[7,4],[6,14],[8,9],[8,2],[2,6],[0,12],[-4,17],[2,30],[-1,31],[-3,13],[-2,61],[2,-14],[7,-12],[0,-16],[15,-8]],[[206956,539515],[6,13],[7,1],[1,4],[3,5],[2,3],[2,0],[8,0],[2,0],[-2,-222],[-1,-95],[-1,-331],[80,5],[79,-344],[8,-40],[4,9],[1,14],[5,5],[2,26],[5,22],[0,23],[4,2],[5,26],[22,67],[7,13],[3,31],[4,5],[4,47],[0,-33],[4,-58],[5,-14],[5,-28],[6,-9],[6,5],[11,-3],[3,11],[17,16],[9,-2],[4,-10],[8,3],[15,-6],[14,8],[1,8],[-5,10],[4,23],[6,21],[5,8],[9,2],[9,-21],[9,17],[7,3],[8,-95],[-2,-36],[0,-38],[12,-111],[1,-28],[-1,-19],[1,-19],[-5,-7],[2,-19],[4,-14],[-1,-23],[-8,-20],[3,-36],[11,-53],[9,-17],[8,-10],[5,-2],[118,0],[3,126],[10,222],[56,19],[4,1],[0,27],[-1,97],[-2,213],[1,42],[3,116],[0,170],[-2,171],[134,-1],[0,-169],[42,0],[64,14],[0,-13],[13,-1],[0,-84],[38,0],[13,-4],[0,-84],[4,0],[1,-163],[7,-6],[9,1],[227,3],[1,-8],[3,-7],[4,-10],[3,-2],[6,-223],[1,-27],[2,-87],[50,-1],[12,1],[8,11],[7,18],[5,16],[7,40],[25,57],[11,24],[14,78],[2,10],[52,101],[96,-3],[4,-2],[10,-17],[12,-23],[5,-15],[9,-5],[9,-12],[7,-20],[-2,-27],[1,-51],[5,0],[47,1],[0,29],[0,13],[1,124],[96,1],[19,-1],[45,0],[22,2],[94,-3],[0,7]],[[208850,538894],[22,0],[13,0],[-1,-206],[-3,-24],[4,-13],[0,-347],[1,-443],[42,0]],[[208928,537861],[-9,-12],[-33,-25],[-1,-421],[2,-70],[-1,-312],[-22,101],[-39,119],[-35,218],[-2,14],[-19,85],[-6,-70],[-8,-54],[-1,-43],[6,-43],[15,-43],[17,-29],[21,-27],[12,-34],[3,-45],[-4,-39],[-5,-17],[-10,-12],[5,-27],[-2,-14],[-19,17],[-6,-30],[-6,-11],[1,-13],[-4,-18],[-9,-11],[-4,-22],[-5,-12],[-5,-34],[-7,-13],[-9,6],[-12,-4],[-22,0],[-19,-8],[-33,-26],[-14,-9],[-13,-2],[-10,14],[-9,23],[-2,-5],[-13,28],[-13,-3],[-20,-18],[-10,-14],[-7,-27],[-4,-4],[4,15],[1,18],[-2,12],[-7,15],[-5,3],[-14,34],[-9,39],[-4,10],[-14,-5],[-13,-38],[-4,-19],[0,-22],[-5,-15],[-11,-6],[-8,-13],[-12,0],[-8,6],[1,-20],[-3,-55],[0,-154],[-1,-21],[-16,-111],[-8,-115],[-8,-21],[-4,-25],[-7,-19],[-4,-52],[-1,-9],[-3,-2],[-30,-11],[-11,-10],[-16,-17],[0,-29],[-13,-13],[-1,-39],[-5,-14],[-4,25],[-7,2],[-16,-50],[-5,-28],[-2,-36],[-8,-21],[-10,-19],[-13,-33],[-20,-24],[-7,-6]],[[208205,535972],[3,872],[0,8],[-9,-1],[-25,0],[-17,-1],[-82,-2],[-2,-3],[-3,2],[-320,-4],[-37,1],[-4,0],[-1,221],[-1,293],[-35,-2],[-11,-2],[-3,-5],[-160,12],[-2,-519],[-245,-6],[0,-161],[0,-272],[-7,27],[-13,32],[-15,27],[-12,12],[-46,87],[-5,4],[-19,-5],[-23,28],[-4,10]],[[207107,536625],[-8,39],[-18,53],[-2,13],[-5,55],[-42,221],[-4,11],[-6,6],[-94,3],[-31,188],[-31,500],[-16,241],[-3,20],[-55,288],[-1,12],[-86,437],[9,47],[13,54],[4,18],[9,63],[1,27],[-1,33],[4,43],[7,70],[23,103],[10,67]],[[198865,570351],[-1,-5],[1,-34],[6,-25],[0,-44],[15,-24],[6,-46],[4,-10],[5,-19],[0,-7],[-7,-29],[-6,3],[-8,-6],[3,-20],[-4,-20],[-6,12],[-6,-5],[1,-38],[-4,-9],[2,-26],[-1,-8],[6,-20],[-1,-11],[4,-11],[5,-38],[1,-16],[11,-50],[11,-8],[4,-27],[5,-13],[1,-13],[5,-22],[6,-60],[3,-14],[1,-27]],[[198927,569661],[-6,0],[-1,-7],[5,-13],[-3,-14],[3,-17],[-7,-18],[-2,-17],[-8,0],[-3,-17],[-12,-27],[3,-43],[-1,-12],[4,-4],[6,-36],[0,-20],[-6,-10],[4,-23],[-1,-11],[-9,-25],[-3,-1],[-8,15],[-3,-14],[-6,-7],[1,-16],[-5,-13],[-8,7],[-10,2],[-6,23],[-8,14],[-10,39],[-17,29],[-8,13],[-7,36],[-8,31],[-10,11],[-4,24],[-3,-6],[-18,5],[-14,-5],[-10,13],[-7,20],[-6,-2],[-14,-20],[-8,-22],[-8,-12],[-15,5],[-10,-1],[-9,-19],[-5,-28],[-17,-20],[-9,-20],[-7,-5],[-21,-24],[-4,-27],[-10,-11],[-12,-14],[-5,-17],[-6,-4],[-22,1],[-11,5],[-9,17],[-5,28],[-6,-12],[-6,6],[-13,-10],[-3,6],[-12,5],[-11,12],[-7,2],[-6,9],[-2,-22],[-7,-20],[-1,-15],[-9,-28],[-1,-19],[-4,-21],[-29,-47],[25,45],[7,43],[7,24],[5,62],[-40,0],[-25,1],[-25,-5],[-6,-4],[-8,14],[-3,-5],[-6,-33],[-1,-22],[3,-12],[-5,-30],[0,-14],[-29,-75],[-25,-1],[-3,-5],[-20,91],[-10,3],[-4,10],[-15,18],[-12,29],[-8,27],[0,37],[-13,36],[-3,12],[-7,-2],[-1,20],[-12,13],[-17,1],[-6,-44],[-10,7],[0,194],[-12,62],[-5,63],[-8,42],[-5,12],[-5,28],[-18,33],[-6,18],[-3,17],[1,49],[3,47],[5,25],[1,37],[-2,12],[-13,21],[-3,25],[2,14],[-3,15],[8,4],[2,14],[0,30],[-106,0],[1,-43],[-10,-25],[-3,-15],[-1,-23],[-2,-17],[-9,13],[-8,2],[-5,10],[-13,17],[-13,-2],[-18,36],[-4,-2],[-4,-67],[-5,-22],[-12,-59],[-3,21],[-8,13],[-3,59],[-4,53],[-7,13],[-6,1],[-11,12],[-21,32],[-10,19],[-15,0],[-4,12],[-15,15],[-15,12],[-3,9],[-2,17],[-12,36],[-8,17],[-7,8],[0,37],[-6,21],[-10,3],[-3,15],[-7,20],[-10,5],[-6,-5],[-15,23],[-7,-6],[-15,13],[-6,-9],[-12,3],[-19,-4],[-4,-21]],[[197577,570473],[-19,-2],[-11,11],[-16,8],[-6,10],[-7,22],[-9,67],[14,53],[20,34],[7,2],[13,24],[13,-3],[3,11],[2,50],[11,9],[5,9],[3,24],[3,5],[6,-11],[4,34],[7,25],[0,27],[3,12],[8,-16],[11,14],[8,19],[0,13],[-5,31],[-8,22],[-5,28],[3,25],[6,6],[7,-5],[6,10],[0,8],[-11,22],[-10,2],[-1,12],[9,53],[4,14],[3,32],[0,35],[-3,18],[-1,28],[8,13],[3,14],[-5,31],[2,20],[5,23],[6,11],[8,22],[11,44],[0,14],[10,22],[10,16],[7,19],[3,19],[5,26],[15,-7],[6,-10],[6,-15],[4,6],[0,36],[4,9],[10,3],[-5,20],[0,15],[5,57],[-2,26],[-5,30],[1,13],[5,21],[-6,21],[-3,20],[0,25],[-3,2],[-4,19],[2,31],[-9,19],[-5,31],[3,26],[7,26],[4,26],[0,13],[5,20],[-1,21],[4,11],[8,11],[7,-1],[10,42],[-1,42],[-5,2],[-5,14],[2,22],[4,20],[-3,8],[6,38],[0,20],[-4,41],[-1,37],[1,16],[-2,25],[11,33],[-5,3],[-2,18],[-5,3],[5,23],[3,3],[-11,41],[-4,11],[-1,29],[-4,8],[-20,5],[-8,23],[-4,28],[-9,24],[-5,-1],[-3,12],[-4,-11],[-8,-4],[-2,12],[-5,10],[-6,12],[-8,32],[-4,24],[0,54],[2,30],[0,44]],[[201451,576540],[-3,2],[6,-20],[4,-3],[-1,-29],[7,-38],[7,-20],[-7,2],[-7,-11],[-6,-31],[-7,-13],[-13,5],[-10,-15],[-2,-18],[-5,3],[-2,13]],[[207028,552882],[13,-6],[17,2],[0,-252],[13,-1],[1,-36],[3,-6],[36,-3],[1,-338],[-55,1],[-4,0],[-10,87],[-4,220],[-8,-1],[0,31],[-3,26],[-2,30],[-8,0],[0,22]],[[207018,552658],[7,39],[-1,4],[-1,13],[-1,15],[-3,0],[0,25],[-9,32],[-2,26],[10,45],[0,-10],[10,28],[0,7]],[[196191,567841],[-21,21],[-12,-3],[-9,14],[-6,0],[-4,-9],[-7,0],[-10,-12],[-14,-4],[-18,8],[-5,9],[-14,8],[-14,16],[-9,12],[-5,0],[-9,-23],[-6,1],[-4,28],[-8,12],[-6,-13],[-9,-13],[-8,1],[-13,21],[-6,1],[-6,-13],[-9,-13],[-16,2],[-10,-3],[-16,23],[-8,-4],[-5,13],[-4,20],[-10,36],[-9,2],[-2,-18],[-13,-1],[-4,17],[-3,2],[-13,-5],[-10,-21],[-3,-1],[-13,-21],[-23,-106],[-2,-22],[-12,-67],[-4,-15],[-3,-32],[-5,-4],[-20,-60],[-7,-32],[-6,-20],[-9,-12],[-2,-34],[1,-21],[-2,-12],[-11,-17],[-9,-38],[-18,-52],[-4,-23],[-4,-84],[-7,-85],[-9,-15],[-13,-38],[-10,-19],[-3,-13],[-4,-32],[-6,-10],[-3,-7]],[[204526,556073],[24,512],[3,57],[16,327],[0,10],[3,78],[25,527],[1,22],[1,7],[40,910],[3,44],[507,1562],[6,1036],[2,279],[6,747]],[[205163,562191],[9,-27],[9,-44],[6,-18],[9,-21],[3,-17],[1,-27],[-2,-20],[-3,-11],[-20,7],[-7,-7],[-2,-9],[2,-15],[13,-19],[7,-4],[6,-24],[7,-9],[9,15],[-2,58],[-2,18],[1,22],[2,12],[3,-1],[4,-21],[2,-34],[8,-4],[4,6],[7,6],[14,0],[11,-13],[6,-22],[4,-56],[7,12],[4,38],[8,31],[1,22],[7,11],[7,-4],[13,-42],[5,-5],[3,18],[-1,19],[4,60],[5,20],[16,-1],[5,-9],[4,-56],[11,-19],[11,-7],[4,7],[1,19],[-2,31],[2,8],[15,-28],[7,-2],[5,7],[2,31],[9,0],[4,-36],[13,-22],[1,15],[-4,29],[5,25],[17,13],[2,-6],[4,-53],[2,-14],[-2,-50],[5,-1],[5,20],[13,16],[14,0],[12,-15],[9,-1],[5,-6],[5,-16],[-1,-34],[7,-41],[5,0],[5,21],[7,15],[-2,29],[-6,3],[-4,18],[5,10],[8,-8],[9,24],[2,18],[0,24],[-4,21],[-6,10],[-3,38],[3,36],[9,0],[2,-16],[11,-12],[7,11],[12,5],[8,-3],[11,60],[1,19],[4,6],[3,-4],[15,-42],[6,-13],[-1,-25],[-10,-50],[-4,-11],[-12,9],[-8,21],[-3,2],[-1,-21],[16,-39],[3,-23],[4,-6],[9,10],[9,-1],[5,-7],[23,0],[0,-27],[-8,-31],[-12,-23],[-9,-23],[-8,-10],[1,-10],[7,-12],[19,0],[18,-10],[3,-8],[9,2],[2,24],[-5,16],[-9,7],[0,14],[10,21],[10,26],[13,13],[6,20],[-1,20],[5,2],[4,-17],[-2,-36],[1,-19],[17,-42],[13,-4]],[[205763,561918],[6,-43],[8,-36],[2,-6],[3,-1],[4,6],[14,-7],[7,-17],[3,2],[7,23],[17,-41],[5,-5],[6,-19],[-2,-33],[8,-11],[5,2],[7,-11],[7,3],[4,21],[9,6],[5,26],[4,2],[1,-26],[-4,-18],[-1,-34],[1,-36],[7,-45],[5,-13],[8,-9],[6,4],[-1,30],[2,15],[4,2],[11,-35],[2,-16],[12,-27],[13,-77],[8,-5],[4,-20],[12,-19],[14,-33],[3,-24],[4,-5],[12,0],[7,26],[-6,18],[1,10],[8,21],[2,23],[-4,11],[3,19],[6,7],[9,-8],[7,3],[11,-15],[1,-14],[-11,-18],[-9,5],[2,-18],[9,-6],[11,-30],[4,-28],[8,-32],[0,-22],[4,-11],[8,-1],[7,-12],[0,-18],[-10,-21],[-1,-19],[3,-22],[8,-15],[4,-18],[-2,-14],[-4,1],[-7,22],[-5,-2],[-3,-20],[0,-19]],[[206076,561171],[-80,0],[-3,-1],[-5,1],[-369,0],[0,-20],[-11,-46],[1,-22],[7,-28],[0,-21],[-4,-38],[-4,-25],[6,-12],[8,-36],[-1,-15],[5,-12],[5,6],[11,4],[10,-14],[-4,-15],[6,-34],[0,-15],[5,-13],[1,-20],[7,-21],[-11,-61],[4,-24],[0,-24],[-2,-29],[0,-9],[7,-48],[4,-12],[9,-3],[6,-19],[0,-34],[2,-15],[-2,-16],[3,-11],[8,-9],[3,-9],[2,-24],[-2,-17],[-7,-14],[-3,-18],[-7,-24],[-1,-30],[5,-38],[1,-31],[-4,-18],[-11,-68],[4,-28],[0,-23],[4,-17],[0,-23],[-12,-63],[-5,-9],[-4,-29],[-8,-30],[-4,-5],[-8,-20],[2,-23],[0,-34],[-2,-9],[1,-26],[-5,-25],[-1,-19],[-4,-15],[-8,-9],[-8,23],[-24,23],[-9,20],[-10,33],[-3,29],[-10,12],[-3,-2],[0,16],[-12,2],[-9,-22],[-4,-6],[-11,-34],[0,-43],[-2,-18],[-7,2],[-7,-8],[-1,-16],[6,-41],[8,-23],[10,3],[5,-10],[8,-1],[6,8],[5,12],[6,-47],[2,-30],[4,-31],[0,-31],[-6,-46],[-5,-15],[1,-41],[1,-7],[1,-33],[-3,-18],[5,-17],[5,-5],[7,2],[5,-16],[3,18],[10,-3],[3,-19],[8,-7],[-3,-41],[-6,-20],[9,-14],[2,-21],[5,-8],[-14,-29],[-2,-12],[-8,-15],[-9,-33],[-8,-74],[5,-22],[2,-34],[-1,-24],[2,-30],[2,-17],[-1,-31],[4,-40],[-1,-49],[2,-46],[0,-33],[-4,-42],[-10,-50],[1,-53],[-3,-49],[-5,10],[-7,27],[2,34],[-6,-19],[0,-38],[-3,-25],[-2,-5],[-17,-11],[-7,-11],[-8,4],[-8,-33],[-7,-14],[-8,10],[-15,-10],[-2,-6],[-4,-36],[-9,-79],[-4,-63],[4,-56],[-1,-17],[-8,-2],[-5,14],[-6,-14],[-1,6],[5,16],[-2,26],[-8,-19],[-5,-24],[0,-18],[-9,-20],[-5,-23],[-11,-26],[-20,-69],[-5,-33],[-7,-13],[1,10],[-7,-8],[-3,-23],[-17,12],[-7,17],[-4,0],[-6,12],[-5,-4],[-8,12],[-10,0],[-2,-6],[0,-39],[2,-20],[-5,-20],[-11,-49],[-3,-39],[-4,0],[-6,15],[-4,1],[-7,-14],[-3,-12],[-8,-20],[-4,-19],[4,-34],[0,-19],[2,-24],[15,-38],[15,-33],[8,-30],[6,-25],[9,-17],[0,-21],[10,-55],[4,-34],[8,-31],[4,-33],[17,7],[15,-11],[9,-14],[-1,-35],[3,-32],[24,-131],[7,-33],[3,-39],[-1,-25],[6,-6],[6,-2],[5,10],[-1,18],[6,8],[13,7],[0,-10],[-16,-33],[-2,-9],[-3,-35],[1,-93],[-1,-24],[-1,-4]],[[205179,556370],[-274,322],[-72,67],[-55,37],[-13,9],[4,-12],[3,-21],[-12,-38],[-13,-23],[-3,-16],[-8,-10],[-1,-29],[-8,-45],[0,-15],[-6,-31],[-3,-48],[-6,-3],[-6,-48],[-3,-33],[2,-32],[-2,-9],[-7,-10],[-4,-24],[-6,-14],[-16,-22],[-8,6],[-8,-10],[-6,1],[-8,9],[-6,-11],[-9,-6],[-2,-16],[-5,1],[-16,-49],[-4,-19],[-6,8],[-8,-14],[1,-15],[3,-4],[-5,-9],[-3,-58],[2,-25],[-2,-26],[-16,-11],[-2,4],[-8,-8],[-9,-1],[-11,-10],[-6,3],[-2,11]],[[204079,541906],[2,0],[53,0],[-2,-79],[-1,-112],[-53,3],[1,188]],[[200870,558626],[2,0],[0,-32],[-2,0],[0,28],[0,4]],[[200852,558970],[4,-1],[20,3],[36,-1],[17,0],[31,0],[8,90],[0,86],[15,0],[16,0],[8,58],[14,52],[6,59],[10,0]],[[201037,559316],[0,-14],[0,-320],[-1,-10],[0,-169],[1,-24],[0,-8],[-16,34],[-23,27],[-42,16],[0,-131],[27,1],[0,-85],[-42,-1],[0,-86]],[[200941,558546],[-12,1],[-1,0],[0,80],[-16,0],[-8,3],[-2,-4],[-12,0],[0,6],[-14,0],[-14,1],[0,-5],[-13,1],[0,4],[-6,1],[-5,0],[0,-6],[-7,0],[-1,-3],[-1,0],[0,4],[-1,5],[-6,0]],[[200822,558634],[0,26],[0,16],[0,43],[1,85],[0,170],[29,-4]],[[199115,570681],[12,-2],[1,-6],[7,5],[9,0],[0,-12],[4,0],[0,11],[24,1],[6,9],[17,40],[5,19],[-3,-16],[3,-6],[5,-2],[5,1],[49,0],[28,0],[-14,50],[-4,15],[-2,7],[8,-6],[3,4],[-2,15],[6,1],[23,-11],[14,-4],[4,-3],[17,-29],[13,-8],[37,15],[5,9],[7,20],[10,44],[2,21],[1,12],[4,21],[11,40],[3,14],[1,4],[6,42],[8,28]],[[199448,571024],[0,-35],[22,-1],[3,13],[2,6],[0,-96],[4,1],[21,-17],[7,-13],[21,-21],[54,-49]],[[199582,570812],[-3,-117],[33,0],[22,-98],[3,-9],[-2,-8],[4,-3],[3,-11],[4,-25],[-6,2],[-2,5],[-4,1],[0,-273],[55,-7],[19,-4]],[[199708,570265],[5,-30],[-5,-14],[1,-23],[-12,-43],[-9,-9],[-4,-22],[-4,1],[-10,-27],[-5,-20],[-3,-22],[-3,-6],[-6,-30],[-14,-32],[-9,-12],[-3,1],[-2,1],[-11,-23],[-10,11],[-20,5],[-6,12],[-4,0],[-10,-15],[-4,3],[-10,-21],[-9,-9],[-14,-29],[-7,-6],[-5,-14],[-4,3],[-10,-23],[-8,-25],[-6,-12],[-3,-12],[1,-17],[10,-72]],[[199495,569734],[-22,-13],[-29,-15],[12,-21],[-6,-13],[-13,-55],[1,-21],[-4,1],[-2,-13],[-6,-3],[0,25],[-9,-7],[0,-11],[-6,-16],[1,-13],[-1,-30],[3,-13],[-2,-42],[-5,-9],[2,-21],[-5,-8],[-6,14],[-7,-20],[3,-33],[-2,-14],[-10,-6],[-2,-20],[10,-4],[-3,-18],[5,-4],[8,7],[-1,-20],[-8,-24],[2,-5],[-1,-22],[6,-15],[2,-37],[7,-41],[8,-24],[0,-34],[3,-60],[-3,-62],[-9,-3],[0,-28],[-5,-56],[-13,-34],[1,-15],[-6,8],[-3,-4],[-5,-47],[-6,5],[-4,-14],[1,-12],[-4,-25]],[[199362,568769],[-5,9],[-9,4],[0,8],[-18,-24],[-5,6],[-3,-20],[-5,22],[-5,35],[-4,14],[1,45],[-3,33],[-4,7],[2,13],[-1,14],[-10,11],[-3,15],[-8,8],[-2,27],[1,17],[-8,33],[-9,25],[-1,16],[-6,-11],[-1,9],[-6,7],[-6,-11],[0,30],[-5,7],[1,17],[-7,3],[-4,11],[3,8],[-9,3],[-3,-25],[-3,10],[-6,-12],[-11,10],[6,33],[-5,21],[0,14],[5,-7],[0,13],[-2,21],[-3,5],[-9,-8],[-10,22],[-10,5],[-14,22],[-4,26],[-10,24],[-7,-5],[-13,-1],[-8,20],[-5,71],[-3,16],[-9,27],[-6,80],[-11,56],[0,7],[3,17],[7,-1],[-3,14],[-14,22],[-12,-8],[-4,13],[-7,-1],[-1,-9],[-1,-4],[2,-23],[-4,-7],[-2,16],[-4,-3],[6,-42],[-1,-9],[-5,1],[-1,-10],[-6,3],[2,17],[-5,-3],[0,-17],[5,-22],[-10,-3],[-5,-7],[-7,3],[-3,13],[0,11],[-10,20],[-15,10],[-10,36],[-2,1],[-2,55],[-4,25],[-1,-5],[1,-5],[1,-9],[1,-7],[0,-14],[-3,-23],[-29,4],[-3,-14],[-9,21]],[[198675,568046],[1,-1],[0,-2],[0,-2],[-1,4],[0,1]],[[197777,567877],[10,-56],[-2,-102],[2,-35],[0,-25],[-3,-37],[3,-37],[6,-93],[13,-143],[3,-16],[12,-40],[18,-55],[27,-16],[6,-8],[22,-36],[4,1],[37,-81],[10,-32],[6,14],[5,-3],[3,-11],[4,6],[5,18],[3,-16],[-1,-51],[-3,-20],[18,-35],[4,-30],[12,-11],[9,-28],[-2,-39],[2,-27],[0,-41],[6,-43],[1,-47],[5,-27],[2,-43],[5,-47],[-3,-44],[7,-56],[60,230],[16,64],[7,1],[4,-22],[7,-3],[5,-10],[6,10],[4,-15],[7,2],[13,21],[11,-6],[-4,-29],[4,-24],[10,7],[13,26],[5,-3],[2,-1],[9,-3],[7,-17],[8,-6],[5,16],[1,23],[9,-9],[4,22],[6,0],[4,18],[-4,19],[-1,35],[4,7],[11,-23],[5,11]],[[198271,566826],[1,-12],[13,-24],[7,-34],[6,-2],[14,-38],[4,3],[3,-14],[6,-1],[8,-19],[-2,-40],[2,-17],[3,-4],[2,-21],[8,3],[13,63],[5,33],[2,38],[-1,455],[154,-2],[4,31],[11,35],[7,16],[2,12],[20,30],[4,12],[7,52],[0,39],[7,20],[0,19],[12,42],[1,13],[6,5],[6,15],[14,6],[9,32],[11,10],[3,15],[10,16],[14,-6],[8,-13],[1,-401],[-1,-996],[-7,0],[-1,-528],[12,3]],[[198679,565672],[0,-358],[0,-83],[-1,-44],[-91,-7],[-37,-7],[-5,15],[-37,0],[-4,0],[-111,-2],[-3,-8],[-4,-32],[-2,-31],[1,-32],[2,-29],[-5,-44],[0,-12],[-4,-47],[-5,-24],[-5,4],[-3,19],[-6,9],[-4,21],[-8,10],[-5,14],[-4,-1],[-16,33],[-7,3],[-4,-11],[-10,-10],[-13,25],[-11,14],[-3,0],[-13,48],[-3,25],[-6,13],[-2,20],[-5,14],[-7,9],[-13,4],[-15,-2],[-32,-11],[-52,7],[-3,-27],[-8,-28],[-13,-10],[-13,22],[-5,2],[-24,-51],[-7,0],[4,-60],[2,-21],[19,-310],[2,-20],[4,-25],[1,-6],[-4,12],[-5,10],[-17,44],[-1,15],[5,51],[-3,124],[-15,180],[-3,2],[-4,22],[-4,23],[-6,43],[-27,141],[-8,95],[-8,56],[-10,50],[-3,4],[-39,-3],[-12,3],[-94,-1],[-16,-2],[-5,13],[-3,-9],[-6,-1],[-5,-55],[-9,-30],[27,-72],[-9,-82],[0,-25],[-3,-21],[-6,-29],[-4,-28],[-1,-105],[-11,-2],[-11,-5],[-5,-19],[-7,-10],[-8,1],[-3,-16],[-3,10],[-1,-30],[7,-52],[-1,-31],[-3,-74],[-4,-62],[-4,-89],[-4,-20],[-3,-8],[1,-34],[4,-36],[13,-47],[15,-68],[2,-5],[12,-55],[5,-17],[3,-23],[-12,-13],[-15,-9],[-6,-6],[-371,1]],[[197377,564356],[1,11],[32,4],[12,8],[13,-10],[12,47],[4,31],[3,46],[0,12],[4,29],[1,28],[3,20],[1,13],[4,39],[5,73],[6,39],[6,55],[-1,23],[2,21],[-29,198],[-28,250],[-2,-5],[-18,154],[0,22],[-186,1579],[15,129],[-35,39],[-105,646],[-78,477],[-12,110],[-14,114],[-22,121]],[[196971,568679],[11,-2],[5,-9],[11,-12],[5,1],[7,18],[7,6],[12,-10],[11,-2],[15,-34],[16,-15],[6,1],[8,10],[14,-6],[8,21],[12,-12],[7,26],[10,4],[5,8],[7,30],[4,-12],[22,-17],[5,11],[4,-9],[20,-17],[6,3],[0,-22],[3,-17],[3,15],[9,-9],[4,-14],[4,0],[4,-13],[9,10],[6,25],[4,-7],[12,-3],[4,-7],[7,2],[2,-33],[6,-14],[-6,-16],[6,-53],[6,-11],[5,2],[3,26],[-2,34],[16,-6],[8,-10],[5,-19],[5,1],[27,60],[5,20],[17,19],[7,13],[1,29],[12,19],[17,61],[2,43],[-3,24],[6,7],[3,14],[17,18],[5,37],[16,-2],[2,25],[-5,12],[3,20],[7,0],[2,11],[8,-2],[2,23],[8,6],[3,22],[8,27],[9,-7],[5,7],[3,21],[7,17],[12,11],[15,-16],[7,10],[14,0],[9,-18],[15,-18],[11,-5],[11,-11],[7,-14],[5,-25],[7,-23],[-1,-22],[5,-26],[5,-11],[3,-48],[6,-21],[0,-18],[12,-37],[2,-16],[7,-27],[4,-42],[-4,-41],[11,-56],[5,-82],[4,-30],[7,-63],[7,-123],[4,-72],[10,-85],[5,-28],[4,-69],[5,-59],[2,-8],[19,-68],[8,-15],[5,-15],[0,-7],[3,9]],[[201154,572673],[7,48],[6,35],[3,52],[3,19],[4,10],[9,12],[6,24],[11,32],[8,20],[12,8],[9,12],[23,27],[8,0],[11,-19],[6,-28],[5,-8],[1,-14],[3,-7],[2,-15],[1,9],[-1,14],[6,61],[6,8],[17,38],[5,25],[5,29],[-1,10],[4,25],[13,6],[8,24],[6,9],[4,18],[9,15],[5,0],[10,26],[15,3],[2,15],[12,14],[6,1],[11,-12],[9,15],[10,-7],[9,14],[14,39],[3,16],[12,5],[3,11],[1,26],[4,15],[6,5],[9,16],[13,48],[6,10],[12,6],[7,38],[6,15],[1,27],[-2,10],[-3,28],[-7,32],[2,21],[9,29],[5,10],[6,39],[-3,23],[2,20]],[[201568,573730],[29,-3],[57,-7],[55,3],[130,-4],[16,0]],[[201855,573719],[126,-1],[1,-299]],[[201982,573419],[0,-1639],[-4,0],[-1,-299],[1,-866]],[[200929,572041],[2,10],[-2,18],[2,31],[-2,15],[4,9],[7,-1],[3,6],[5,-7],[7,11],[6,16],[7,7],[13,32],[9,72],[9,36],[5,31],[6,59],[5,12],[7,9],[9,2],[12,-4],[4,8],[7,23],[10,5],[20,-3],[5,7],[26,77],[5,27],[14,34],[5,22],[7,21],[8,47]],[[199582,570812],[3,192],[12,11],[40,-29],[9,-7],[8,-14],[18,1],[19,-15],[6,-3],[24,0],[4,0],[14,1],[26,-9],[-7,15],[-15,1],[2,15],[-4,13],[3,11],[17,-19],[-23,48],[-2,3],[-9,16],[-21,28],[-32,40],[-5,53],[-2,11],[5,17],[20,1],[6,-20],[11,-3],[11,-16],[7,3],[2,1],[3,22],[1,6],[3,4],[5,4],[6,5],[3,2],[2,-1],[0,10],[0,9],[-2,4],[-2,5],[-3,8],[-1,7],[-1,5],[-1,7],[-1,6],[-3,62],[-8,9],[-5,27],[22,0],[1,166]],[[199748,571525],[-1,19],[3,0],[1,22],[-1,31],[-6,51],[2,4],[38,3],[22,-1],[18,15],[6,-6],[13,-1],[-1,-23],[-2,-19],[-18,-88],[-15,-102],[-4,-43],[-1,-26],[-10,-60],[-5,-47],[1,-62],[9,-86],[2,-21],[4,-3],[10,-30],[-1,-26],[39,-2],[5,6],[1,21],[9,38],[10,19],[2,11],[9,31],[9,19],[4,17],[0,18],[5,18],[14,31],[6,7],[28,64],[12,26],[2,847],[-16,-1],[16,1],[0,25],[17,30],[-10,46],[-1,27],[-4,15],[-2,36],[1,160]],[[199968,572536],[103,0],[0,-96],[0,30],[5,-4],[12,22],[6,21],[1,31],[-2,21],[4,-6],[5,-32],[9,6],[2,41],[5,-2],[5,13],[6,30],[2,-16],[0,-26],[20,-10],[10,29],[1,-20],[-2,-8],[1,-22],[-1,-12],[3,-26],[-9,-18],[-11,-32],[-12,-24],[-4,-2],[-1,-27],[-6,-27],[-3,-64],[-4,-24],[4,-24],[1,-32],[7,-19],[14,-9],[4,-11],[11,-3],[5,-21],[9,-17],[6,-3],[9,7],[8,-2],[7,-22],[11,-16],[11,-38],[6,-44],[1,-14],[7,-17],[7,6],[7,-26],[6,8],[10,-5],[3,-14],[4,19],[11,1],[8,-7],[4,-11],[2,-34],[3,9],[5,0],[2,12],[6,-1]],[[200312,571954],[5,-1],[5,12],[6,37],[9,-11],[6,4],[13,-7],[4,-7],[0,-13],[7,13],[3,21],[5,-6],[8,2],[3,9],[4,-19],[3,12],[6,12],[5,0],[15,22],[5,-4],[5,16],[5,-8],[16,16],[1,17],[6,-1],[4,13],[13,24],[5,12],[5,-1],[6,11],[12,2],[27,-3],[7,7],[1,-4],[8,12],[8,1],[3,6],[6,-4],[7,11],[6,3],[8,12],[4,-6],[3,6],[19,3],[31,-134],[33,-146],[2,-11],[15,-68],[20,-78],[1,-1]],[[200499,569681],[-181,1],[6,-36],[2,-5],[1,-22],[9,-16],[2,-10],[0,-33],[3,-39],[-5,-38],[5,-60],[1,-28],[3,-27],[1,-35],[-6,-27],[-1,-27],[0,-27],[-3,-25],[0,-13],[3,-9],[11,-16],[6,-32],[-2,-27],[0,-22],[-3,6],[-39,1],[-236,263],[-54,54],[-38,-1],[-26,-1],[8,19],[5,0],[3,16],[1,23],[-2,24],[1,42],[-5,-6],[-10,21],[-5,-13],[-11,16],[-11,-4],[-2,6],[0,31],[-8,-1],[-3,-16],[-5,18],[-5,-26],[-6,-7],[-2,13],[0,57],[2,15],[-5,7],[-8,-12],[-2,26],[1,18],[-8,6],[0,26],[-4,15],[-10,-3],[1,26],[-8,2],[-6,17],[-1,18],[6,45],[6,44],[-3,22],[-6,8],[10,14],[-3,36],[-6,1],[3,21],[-3,14]],[[199857,570009],[35,-2],[71,1],[0,15],[0,77],[-3,16],[-1,29],[1,15],[-2,27],[4,0],[-4,10],[-3,20],[-18,2],[-1,22],[-39,-1],[-1,-21],[-15,0],[5,43],[-4,18],[-5,30],[0,35],[-9,-1],[-17,7],[-4,-36],[-19,3],[0,35],[-13,18],[-1,-22],[-25,46],[-7,6],[-17,-10],[-19,-5],[-5,-12],[-1,-15],[1,-10],[-22,2],[-2,-85],[-9,-1]],[[201410,564370],[31,-14],[48,0],[652,0],[13,-2],[5,1]],[[202159,564355],[10,-1],[2,12],[11,10],[10,3],[4,-5],[4,11],[11,-5],[12,21],[2,-8],[4,18],[7,-11],[11,25],[5,-19],[8,-3],[12,-21],[6,19],[6,10],[8,-27],[8,-23],[13,9],[2,-23],[9,-14],[4,-19],[-1,-31],[-7,-28],[18,-54],[7,3],[5,-30],[-6,-43],[-7,-8],[-1,-11],[-11,-8],[-10,-34],[-1,-12],[-10,-14],[-3,-24],[1,-30],[-4,-19],[-8,-12],[2,-17],[-3,-27],[3,-19],[5,0],[5,-12],[2,-24],[-6,-30],[-5,-11],[2,-16],[-3,-29],[-1,-17],[3,-31],[7,-22],[-1,-4],[0,-2],[6,-22],[-2,-38],[3,-41],[-15,-14],[3,-26]],[[202295,563557],[-22,-56],[-76,-175],[-50,-115],[-6,-12],[-12,-30],[-23,-34],[-24,-34],[-4,5],[-2,-21],[-4,-9],[-2,-17],[-5,1],[0,-12],[-6,-2],[-3,-12],[-5,-7],[-3,-31],[-16,-31],[-3,10],[-4,-29],[-3,-9],[-1,-13],[-3,0],[-3,-28],[-7,-8],[0,-17],[-6,1],[-2,-16],[-7,-10],[-1,-23],[-4,-16],[1,-13],[-5,-21],[-5,-7],[-6,7],[-1,-13],[-14,6],[-14,-32],[-7,0],[4,-25],[3,-8],[-1,-24],[-5,-18],[1,-16],[-5,12],[-6,-20],[-2,-15],[-8,-6],[2,-12],[-4,-7],[-2,12],[-4,-2],[0,-23],[-7,-21],[-5,6],[-2,-35],[-11,-24],[-4,-15],[-6,-14],[-12,-33],[-2,-12],[-7,-6],[-7,-32],[-4,-8],[-4,-17],[-13,-33],[-6,-23],[1,-15],[-3,-12],[-4,3],[-3,-11],[-3,4],[-5,-15],[-3,3],[-10,-21],[0,-28],[-6,-11],[-5,9],[-4,-13],[-7,-6],[-1,-19],[-4,13],[-6,10],[-1,-11],[-3,16],[-2,-5],[2,-18],[-16,-10],[1,12],[-1,34],[-6,11],[-11,-18],[0,-14],[-6,-27],[-13,-21],[-7,-23],[-14,-34],[-5,0],[-15,-23],[-3,2],[-14,36],[-4,2],[-13,-17],[-4,-16],[0,-13],[6,-34],[10,-36],[3,-29],[4,-9],[1,-19],[-1,-26],[-9,-8],[0,-18],[2,-35],[7,15],[10,3],[15,-33],[3,-11],[-3,-40],[-5,-11],[-7,-6],[-6,-14],[-16,-27],[0,-35],[-3,-12],[-2,-13],[-3,-12],[-4,-7],[-10,-65],[-9,-51],[-2,-25],[2,-11],[12,-31],[8,-16],[8,-9],[6,-19],[5,-22],[2,-22],[0,-17],[5,-25],[1,-15],[0,-4],[1,-12],[15,-35],[-1,-44],[-4,-49],[4,-56],[-1,-48],[0,-48],[-2,-16],[-35,-21],[0,4],[-36,-18],[-14,-7],[-5,0]],[[201574,560970],[0,0],[0,27],[0,132],[0,41],[-45,1],[-47,-2]],[[201482,561169],[-13,6],[0,254],[-7,1],[-10,-9],[-10,4],[0,17],[9,7],[9,-5],[9,3],[0,147],[-1,159],[1,9],[51,0],[-3,9],[-7,-1],[-4,5],[-7,22],[-6,5],[-8,36],[-12,12],[3,6],[139,164],[-18,-3],[-1,6],[-4,4],[-1,-3],[-4,1],[-5,10],[-2,6],[-2,1],[-3,12],[0,131],[-268,-1],[-41,1],[-7,20],[-5,2],[1,376],[0,9],[5,7],[10,26],[7,25],[9,38],[13,25],[16,3],[14,22],[3,11],[8,77],[10,19],[16,13],[12,-4],[5,4],[10,23],[-6,26],[-1,14],[-7,43],[-6,24],[-2,26],[2,26],[-3,55],[-3,64],[-2,19],[0,15],[4,28],[15,27],[4,2],[6,14],[12,72],[3,13],[9,12],[3,15],[7,23],[9,2],[8,14],[5,1],[23,48],[1,10],[-5,36],[0,23],[6,34],[17,48],[7,44],[6,11],[5,30],[8,30],[17,57],[5,28],[-2,22],[-9,40],[-9,14],[-15,5],[-12,11],[-7,-4],[-10,1],[-9,11],[-5,23],[-9,56],[-3,26],[0,27],[12,34],[21,39],[4,18],[-8,-13],[1,26],[5,-2],[3,9],[13,4],[-7,4],[-4,4],[-3,-4],[-6,15],[-21,27],[-7,-3],[-7,16],[-1,17],[-5,5],[-11,-21],[-15,-12],[-8,18],[7,-3],[11,15],[7,22],[7,10],[-16,20],[-10,38],[0,13],[-2,27]],[[203855,543421],[4,2],[9,-1],[0,-29],[-4,-11],[-8,34],[-1,5]],[[203712,542757],[8,-3],[14,2],[1,-170]],[[203735,542586],[-19,-3]],[[203716,542583],[-1,62],[-5,33],[6,26],[-5,47],[1,6]],[[204081,543266],[26,0],[24,-1],[3,-1]],[[204134,543264],[0,-87],[0,-41],[6,0],[0,-42],[9,0],[24,0],[13,-2],[1,-170]],[[204187,542922],[-4,2],[-49,0],[-26,0]],[[204108,542924],[-1,8],[-24,88],[-3,8],[1,183],[0,36],[0,19]],[[202492,568877],[6,15],[4,19],[-3,6],[-11,0],[1,15],[-4,17],[10,48],[-20,5],[-11,-6],[-8,5],[-3,10],[-10,-15],[-7,37],[-5,9],[3,13],[-2,15],[-8,11],[-6,35],[3,19],[4,8],[4,-18],[5,-2],[15,26],[4,33],[-2,23],[3,43],[-1,28],[2,6],[-5,31],[9,36],[3,6],[0,-28],[11,-11],[2,-15],[15,9],[2,17],[0,35],[6,8],[4,14],[-4,6],[4,13],[6,0],[1,-17],[5,-11],[5,9],[4,34],[2,27],[12,8],[-1,13],[5,19],[6,-6],[3,10],[6,4],[0,-22],[8,2],[3,-30],[8,7],[-1,10],[7,10],[3,18],[10,-1],[8,14],[6,-12],[-5,-1],[-6,-43],[1,-30],[5,-16],[-1,-18],[-10,-11],[4,-18],[-1,-23],[-3,-7],[4,-12],[8,-9],[12,14],[5,-9],[5,9],[7,-3],[4,-2],[11,-29],[6,20],[10,12],[6,-11],[1,-15],[7,-6],[5,11],[5,-6],[11,60],[9,-15],[9,32],[6,-1],[6,-13],[9,59],[4,12],[5,1],[5,-21],[6,-1],[9,14],[0,22],[6,22],[9,-7],[5,11],[7,-19],[3,0],[7,45],[4,2],[7,-13],[5,14],[8,-2],[1,-17],[7,33],[10,23],[2,15],[6,-5],[12,6],[1,-22],[4,11],[10,-10],[2,34],[4,22],[11,-10],[2,39],[6,25],[6,-11],[4,24],[9,-29],[4,-1],[5,-52],[-5,-9],[0,-24],[-4,-13],[8,0],[-1,-21],[1,-26],[11,3],[7,-48],[-2,-36],[13,-17],[5,16],[3,-9],[7,14],[6,-10],[4,10],[0,-22],[9,-26],[-3,-34],[3,8],[9,3],[1,-63],[-1,-42],[3,-10],[11,20],[8,3],[2,-22],[-1,-35],[9,3],[0,-17],[4,-10],[0,-15],[4,-15],[8,19],[6,-14],[3,8],[12,-1],[6,-7],[3,-23],[-1,-15],[7,-8],[1,11],[16,28],[4,-8],[11,30],[6,0],[4,-24],[3,10],[6,-2],[5,-28],[-2,-26],[4,-4],[3,25],[5,2],[6,-40],[5,-12],[5,13],[10,5],[2,16],[11,-7],[2,-17],[0,-29],[5,3],[3,-16],[6,4],[3,-34],[9,-22],[4,-38],[-4,-35],[4,2],[6,-39],[-2,-32],[-3,-13],[-2,-19],[10,-29],[2,-20],[4,5],[7,-7],[9,10],[0,9],[-8,9],[0,19],[4,20],[6,15],[0,34],[2,17],[6,2],[6,-14],[2,33],[4,-15],[8,-4],[4,-13],[0,31],[3,26],[4,4],[3,-25],[10,-15],[6,-54],[1,24],[8,-19],[6,21],[10,1],[8,-15],[2,18],[-6,57],[1,12],[13,-6],[6,-15],[14,10],[4,25],[-1,21],[7,0],[4,27],[2,4],[3,-41],[13,11],[3,-4],[7,13],[7,-28],[-7,-13],[3,-15],[14,-6],[7,-8],[-1,-14],[1,-25],[11,14],[3,-14],[-2,-9],[-1,-38],[-2,-11],[9,-2],[6,-24]],[[203470,568771],[9,14],[5,-7],[2,11],[11,-12],[7,-19],[5,8],[-3,21],[5,10],[11,-15],[4,-7],[0,-17],[8,-21],[-7,-41],[1,-15],[7,-4],[3,24],[-1,15],[6,-1],[2,16],[4,0],[-1,25],[6,2],[2,27],[11,-22],[0,-15],[3,-5],[0,-32],[6,4],[2,-24],[-6,-3],[-2,-15],[-5,16],[-3,-24],[0,-21],[-4,-16],[-4,-3],[-2,-18],[-7,0],[-5,-57],[-6,-11],[-2,-17],[-7,27],[-7,13],[-2,-7],[2,-29],[-4,-20],[4,-31],[8,4],[4,-9],[2,-28],[4,-10],[2,-26],[8,-4],[10,-29],[0,-12],[5,-5],[6,4],[6,-15],[17,-12],[13,3],[-4,25],[7,20],[0,16],[-6,12],[-4,20],[8,29],[0,13],[9,13],[-12,31],[3,16],[-10,42],[-5,12],[3,16],[8,-8],[8,2],[4,14],[3,24],[-2,16],[4,1],[3,28],[1,27],[10,4],[2,-20],[-3,-17],[2,-34],[-4,-22],[3,-26],[-2,-12],[7,3],[8,-13],[6,6],[1,-9],[7,-10],[6,-15],[3,44],[9,-19],[6,-47],[-3,-40],[-4,-24],[4,6],[9,-4],[8,-15],[3,18],[3,-9],[3,-46],[-3,-33],[8,-12],[16,-9],[4,-8],[5,-23],[9,-1],[15,-33],[9,1],[4,-13],[2,-30],[5,-17],[10,-47],[0,-40],[14,-46],[2,-15],[11,-19],[5,-34],[10,-11],[9,12],[1,47],[4,2],[15,-18],[2,-20],[4,-12],[4,-27],[7,-20],[21,9],[21,-9],[9,-32],[10,-10],[12,-25],[12,5],[3,-20],[6,-4],[9,-27],[9,-9],[4,2],[10,19],[10,7],[4,-33],[1,-48],[15,-13],[12,-22],[8,-34],[-4,-1],[-3,-24],[-8,-13],[1,-14],[7,-32],[13,-38],[7,-14],[7,-24],[9,-6],[7,-18],[5,-2],[7,-13],[9,-6],[2,-12],[13,-12],[14,9],[6,-15],[4,7],[2,-12],[13,-21],[2,-18]],[[204166,567455],[2,-20],[6,-24],[-5,-20],[-4,-19],[-6,28],[-9,10],[-1,-15],[3,-33],[-3,-8],[6,-44],[-1,-15],[-15,-15],[-5,-12],[11,-14],[4,-15],[-9,-2],[-17,14],[-5,23],[-6,7],[-15,-5],[-6,27],[-1,-10],[-5,-4],[-1,18],[-8,-1],[-2,-11],[-9,9],[-8,0],[-6,14],[-3,-3],[-5,11],[-6,-17],[-1,-24],[-4,-18],[-5,-10],[1,-23],[-1,-15],[-5,-24],[4,-23],[0,-39],[5,-6],[-6,-3],[-8,-14],[-8,-7],[-24,-7],[-9,-34],[-1,-31],[-4,9],[-5,-11],[-10,12],[-2,29],[-8,9],[-18,-4],[-11,23],[-4,-14],[-5,16],[-7,-7],[-3,15],[-15,24],[-4,-22],[-13,29],[-5,-3],[-6,20],[-9,-42],[-4,20],[-8,-8],[-6,8],[0,-24],[-5,3],[-4,-13],[2,-48],[-4,-7],[-1,-7],[-2,-9],[-1,48],[-6,-1],[-7,14],[-8,62],[-2,15],[3,17],[-5,26],[-2,-36],[-8,-19],[-2,-11],[-7,-13],[-12,15],[-6,22],[-6,1],[-1,-15],[-11,-25],[-9,-1],[-4,6],[-4,-17],[-4,12],[-15,-9],[-4,9],[-4,-8],[4,-10],[-7,-17],[-4,6],[-1,-20],[-7,-37],[-4,-4],[-3,3],[-3,25],[-5,43],[-5,21],[4,39],[-1,55],[-7,26],[0,11],[-6,13],[-1,21],[-7,9],[-5,26],[6,23],[0,8],[-9,1],[-3,8],[-9,7],[-2,8],[-10,8],[-7,-3],[-9,-10],[-2,-10],[-28,-38],[-19,-12],[-14,1],[-8,-17],[-3,-14],[-4,-32],[-7,-8],[-7,0],[-8,5],[-2,4],[-2,-8],[-2,1],[-2,7],[-3,3],[-3,-10],[-4,4],[-4,-8],[-2,-28],[-3,-19],[-13,-18],[-8,0],[-4,-30],[-6,-34],[-7,-8],[-4,-33],[-6,-14],[-4,-37],[-1,-25],[2,-24],[-5,-17],[-2,-32],[-5,-21],[0,-19],[-5,-24],[-6,0],[-10,-28],[-10,-9],[-8,-13],[-8,2],[-2,-10],[1,-22],[-6,7],[-7,-2],[-3,32],[-7,-12],[-8,-31],[-4,-3],[-10,51],[-8,16],[-11,-4],[-17,6],[-5,19],[-10,9],[-4,-19],[-18,-5],[-2,-3],[-6,-66],[2,-21],[-2,-7],[-5,-42],[-9,-33],[-4,-30],[-5,-19],[-2,-25],[0,-28],[-3,-16],[-6,-49],[6,-11],[-4,-16],[-3,-39],[-9,-51],[-1,-29],[-4,-40],[-5,-34],[-5,-15],[-10,6],[-3,-12],[-3,-38],[-5,-16],[-7,-4],[-7,-26],[-10,-18],[-9,-24],[-5,12],[-3,-8],[-6,-29],[-2,-26],[-9,-3],[-15,6],[-13,9],[1,-28],[-3,-10],[-4,1],[-6,14],[-8,3],[-24,3],[-6,-5],[-5,-23],[3,-12],[-2,-20],[2,-15],[-6,-35],[-3,-6],[-6,5],[-12,-11],[-4,-23],[-9,-33],[-6,-6],[-20,2],[-9,-20],[-10,-37],[-17,-30],[-9,-3],[-3,-1],[-6,-6],[-9,-9],[-13,-28],[-4,-4],[-1,-7],[-2,-9],[-1,-12],[-1,-9],[0,-19],[1,-6],[-2,-6],[0,-36],[1,-9],[-1,-73],[-3,-20],[-7,-43],[-11,-14],[-7,-25],[-5,-45],[-5,-20],[-1,-20],[-11,-51],[15,-54],[-6,-23],[-3,-3],[-5,-31],[9,-23],[1,-23],[-9,-24],[-2,-24],[4,-49],[-1,-18],[-7,-15],[-10,-14],[-4,-12],[-5,-31],[2,-24],[6,-24],[-1,-52],[14,-38],[4,-20],[-2,-35],[1,-11],[-4,-19],[-3,-21],[10,-68],[3,-28],[8,-9],[-2,-32],[-3,-19],[-10,-7],[-16,3],[-9,-22],[2,-24],[2,-55],[4,-22],[-3,-30],[-6,-10],[0,-42],[-2,-38],[0,-18],[5,-28],[6,-17],[1,-24],[-3,-15],[0,-27],[-5,-15],[36,0]],[[202816,564209],[0,-50],[-2,-26],[-8,-12],[-12,-9],[-3,4],[-5,-8],[-4,-22],[-9,-23],[-10,14],[-6,-2],[-3,20],[-5,16],[-4,-1],[-3,-20],[-6,-5],[-5,-20],[-1,-8],[-8,-30],[6,-12],[0,-21],[5,-41],[-5,-39],[4,-21],[6,-18],[6,14],[10,-18],[24,-13],[8,-11],[8,-27],[12,-22],[10,-14],[-4,-18],[-1,-24],[8,-32],[5,-10],[-2,-12],[0,-34],[9,-19],[4,-53],[9,-37],[14,-27],[15,-37],[3,-17],[-6,-16],[2,-34],[0,-39],[-7,-65],[1,-54],[-11,-34],[-3,-17],[-12,-39],[-6,3],[-6,-12],[-9,-2],[-4,-9],[-5,50],[-8,9],[-17,1],[-4,-8],[-12,8],[-9,1],[-12,-18],[-7,-43],[-9,-12],[-6,-85],[0,-52],[-2,-24],[-7,-33],[-3,-23],[-1,15],[-19,22],[-4,-3],[-12,14],[-4,0],[-11,12],[-18,41],[-6,-4],[1,6],[-3,4],[-7,-23],[-6,-8],[-12,-5],[-10,5],[-7,15],[-13,-3],[-15,12],[-14,-20],[-15,5],[-12,19],[-11,-8],[-8,0],[-12,-10],[-8,12],[1,-12],[-3,-10],[-4,1],[-12,-6],[-6,-13],[-4,14],[-16,0],[-5,-20],[-3,-6]],[[202435,562963],[2,13],[-7,10],[-4,16],[-6,-6],[-5,15],[-2,13],[-1,27],[2,23],[4,15],[-3,18],[1,19],[-5,26],[0,22],[2,15],[0,22],[4,22],[11,17],[1,15],[-3,31],[2,12],[-1,26],[5,11],[1,35],[4,23],[0,10],[-9,17],[-7,0],[-6,15],[-16,8],[-7,13],[-14,17],[-5,11],[-7,-8],[-8,-17],[-5,-36],[-13,-39],[-3,-15],[-18,13],[-13,21],[-3,1],[-1,5],[-2,2],[-1,4],[0,14],[-2,9],[-1,8],[1,6],[-1,5],[-2,-2],[-1,7],[5,41],[2,27],[-5,17]],[[202159,564355],[-4,21],[0,19],[-8,10],[0,28],[-3,20],[2,29],[4,9],[8,35],[-3,34],[-2,7],[4,18],[3,48],[-4,39],[-4,20],[9,32],[4,46],[2,28],[11,-7],[8,-19],[5,10],[3,15],[2,26],[9,6],[4,-13],[4,9],[14,10],[5,12],[4,39],[6,16],[-3,49],[-5,9],[-4,36],[1,39],[6,10],[7,5],[7,-8],[10,6],[1,27],[3,19],[0,34],[-10,35],[0,38],[-3,5],[-11,33],[-7,14],[-4,22],[-11,19],[-2,26],[-7,13],[3,38],[-7,9],[-2,9],[-3,46],[-13,30],[3,19],[6,30],[10,13],[3,14],[0,18],[8,18],[3,12],[3,27],[8,20],[1,22],[-9,32],[-2,33],[1,15],[-17,6],[-6,38],[1,24],[8,57],[-1,11],[-7,15],[-17,-2],[-14,-6],[-4,15],[-1,18],[6,39],[5,11],[3,18],[13,20],[3,10],[1,39],[6,37],[9,14],[3,14],[-22,1],[-47,-1],[-4,2],[-441,1],[-17,0],[-197,0],[-2,12],[-1,6],[0,13],[-12,34],[-11,43],[0,29],[2,12],[15,16],[5,17],[11,64],[6,13],[7,28],[-1,34],[1,28],[3,13],[10,8],[5,-3],[2,-12],[6,-9],[7,4],[2,8],[2,48],[-1,4],[-3,27],[-8,20],[-3,4],[-12,-9],[-14,-33],[-9,5],[1,23],[6,13],[2,7],[-1,10],[-6,18],[-9,33],[1,22],[3,19],[8,-4],[7,-13],[9,-5],[4,-19],[0,-15],[3,-22],[7,-7],[7,3],[6,11],[5,27],[0,16],[4,8],[4,23],[0,22],[-2,38],[-12,36],[-1,19],[-3,15],[-5,9],[-7,-8],[-10,6],[-7,13],[2,62],[6,25],[0,23],[-5,51],[2,15],[7,15],[7,-2],[4,13],[-7,39],[-1,53],[-1,13],[8,22],[5,10],[5,0],[3,17],[-7,16],[-6,6],[0,23],[5,35],[9,44],[4,4],[7,25],[-2,36],[7,14],[9,0],[12,8],[0,11],[6,42],[5,2],[6,35],[-7,18],[-5,1],[-5,41],[-1,33],[-3,22],[-7,30],[4,12],[12,7],[22,3],[22,22],[2,11],[1,26],[3,26],[-2,30],[3,16],[-1,13],[-6,15],[-11,-11],[-4,-14],[-9,-2],[-3,-12],[0,-23],[-4,-29],[-6,2],[-7,27],[-1,33],[-6,15],[-4,2],[-3,12],[0,18],[3,14],[21,54],[3,15],[2,-1],[2,4],[2,16],[8,4],[5,-11],[6,15],[0,14],[-4,11],[6,21],[2,16],[4,12],[-2,25],[7,11],[0,19],[-3,6],[5,30],[-6,7],[0,14],[7,2],[-4,22],[2,50],[-7,7],[3,44],[0,17],[-3,7],[2,19],[1,43],[-9,19],[3,12],[1,22],[-4,10],[6,30],[0,33],[2,23],[4,20],[1,17],[5,11],[7,33],[-1,35],[8,31],[-1,20],[-4,28],[2,26],[-2,15],[1,24],[-2,46],[3,26],[-1,15],[-4,17],[10,12]],[[199648,559769],[19,-19],[0,-124],[0,-9],[0,-58],[0,-103],[-2,0],[-11,-8],[2,-35],[-3,-10],[1,-49],[8,-67]],[[199662,559287],[-22,-2],[-5,1]],[[199635,559286],[-8,0],[0,167],[1,44],[0,6],[-1,30],[1,6],[12,78],[1,8],[4,83],[3,59],[0,2]],[[201718,549756],[53,-1],[0,-168],[-1,-170],[-79,-3],[-28,0],[0,-85],[0,-170],[0,-2],[-34,0],[86,-253],[-51,-5],[0,-163],[-1,-2],[0,-173],[-53,0],[0,-273],[-52,1]],[[201558,548289],[-1,9],[-5,44],[-1,54],[1,56],[-1,27],[-7,16],[1,33],[-4,20],[-16,48],[-12,45],[-11,28],[-1,59],[1,9],[0,250],[-1,44],[3,41],[-1,340],[2,0],[26,3],[8,0],[-59,170],[-82,-2]],[[201398,549583],[0,283],[-1,59],[109,-2],[0,0],[25,1],[16,-1],[12,1],[54,0],[26,0],[26,0],[0,-8],[-1,-63],[0,-8],[0,-25],[0,-18],[0,-4],[-1,-42],[0,-86],[28,0],[1,86],[26,0]],[[204112,555821],[1,-9],[-5,-26],[0,-22],[10,-31],[11,-17],[-3,-20],[24,7],[3,-3],[6,-26],[5,23],[13,14],[0,-21],[7,10],[3,-20],[5,24],[4,-15],[3,-15],[-2,-30],[-6,-18],[10,-24],[4,-45],[7,-15],[3,-33],[-2,20],[14,20],[1,-31],[8,-17],[1,-10],[3,7],[5,-12],[7,-11],[2,-18],[7,-6],[2,5],[5,-7],[-2,-12],[6,-9],[4,-11],[3,13],[1,22],[3,39],[4,-25],[-6,-19],[-1,-21],[3,-18],[-1,-16],[5,14],[6,3],[2,11],[7,8],[5,10],[8,6],[3,-2],[29,-120],[-2,-21],[-7,-41],[-14,-56],[-4,-36],[0,-24],[-8,-25],[-10,-63],[-1,-29],[0,-31],[-4,-34],[0,-22],[-2,-30],[-9,-26],[-7,-53],[-2,-19],[3,-81],[7,-38],[4,-27],[6,-24],[1,-54],[2,-30],[-1,-23],[-3,-25],[1,-35],[14,-67],[13,-36],[30,-93],[-2,-7],[2,-82],[3,-33],[-2,-28],[31,43],[39,-57],[34,-14],[29,-59],[32,-142],[6,-42],[47,-81],[31,116]],[[204604,553893],[0,-227],[-7,-5],[0,-16],[-9,-4],[-4,-41],[-16,-26],[-10,5],[-3,-46],[-7,-13],[-3,-12],[-1,-9],[1,-33],[3,-15],[4,-9],[10,-62],[9,-75],[4,-52],[-2,-28],[3,-15],[-3,-40],[-2,-8],[-6,15],[-10,16],[-5,-4],[-4,-11],[-3,-28],[-5,-19],[-5,-28],[5,-28],[-2,-41],[-4,-26],[-7,-28],[-9,-23],[-8,-4],[-4,-12],[2,-17],[-5,-11],[-12,-3],[-5,-16],[-3,-22],[3,-25],[-6,-33],[-7,-5],[-7,4],[-7,-42],[-14,-21],[-14,0],[-3,-3],[-4,-24],[-1,-27],[3,-36],[2,-83],[-4,-46],[-3,0],[0,-11],[-9,-8],[-2,2],[0,-52],[3,-23],[3,-18],[3,-12],[6,-26],[4,-12],[1,11],[26,22],[14,1],[17,-4],[3,-5],[11,8],[7,18],[6,21],[9,44],[4,6],[14,2],[7,11],[7,-6],[5,12],[7,-1],[7,17],[16,13],[8,39],[11,23],[5,1],[0,-5],[4,-13],[6,6],[6,-14],[7,0],[7,-18],[3,-14],[9,-23],[0,-33],[2,-13],[0,-22],[12,-30],[4,0],[6,-15],[9,-8],[1,-11],[6,-10],[9,-5],[8,12],[11,0],[6,14],[11,-18],[2,-13],[5,2],[8,-14],[5,-35],[3,-11],[10,-9],[-3,16],[15,39],[15,-7],[10,12],[17,-33],[11,-27],[11,-2],[2,19],[5,16],[1,-15],[4,6],[6,-2],[4,18],[8,-5],[2,5],[14,-13],[6,-24],[3,-4],[8,-28],[-1,-36],[7,-25],[6,-32],[8,-14],[7,1],[8,-20],[14,-25],[13,-36],[8,-15],[6,-26],[2,-29],[10,11],[0,-7],[11,-30],[4,0],[3,-9],[146,149],[12,16],[67,291],[22,71],[24,0],[76,114],[36,-50]],[[205400,552574],[0,-23]],[[205400,552551],[0,-9],[1,-465],[2,0],[0,-2058]],[[205403,550019],[-546,4],[-3,-2],[-3,-1],[-105,19],[-2,1],[-32,-7],[-12,60],[-3,80],[-5,18],[-15,11],[-3,8],[2,83],[-7,70],[-10,60],[-9,-1],[-11,19],[-3,-10],[-4,10],[-7,43],[-6,60],[-4,27],[-7,31],[-8,23],[-6,41],[1,21],[-11,29],[-6,23],[-7,11],[-8,33],[-3,8],[-7,72],[-7,53],[-6,59],[-7,29],[-2,34],[1,81],[1,18],[-2,27],[-5,37],[-5,49],[-2,35],[1,23],[12,83],[-1,43],[-6,33],[-4,40],[3,89],[-1,31],[-10,43],[-16,97],[-14,63],[-9,81],[-30,102],[-45,281],[-6,25],[-26,89]],[[204367,552408],[-2,7],[-8,31],[-2,7],[-3,8],[-1,46]],[[204351,552507],[2,2],[7,6],[5,-3]],[[204327,552751],[-217,1332],[-16,100],[-197,1195],[-32,197]],[[203865,555575],[5,-1],[15,15],[21,2],[8,18],[5,0],[16,18],[5,16],[4,-9],[5,14],[7,-3],[7,21],[4,-2],[4,14],[6,10],[6,-3],[8,18],[12,-21],[7,-3],[21,10],[15,34],[9,22],[2,19],[7,8],[7,1],[13,-4],[16,25],[7,5],[5,22]],[[203514,556344],[6,15],[1,25],[14,44],[-9,-41],[2,-17],[2,1],[26,49],[9,9],[18,86],[13,30],[2,16],[-3,-2],[3,19],[4,39],[-3,41],[7,42],[7,11],[0,28],[3,15],[-1,36],[5,49],[7,4],[5,8],[12,7],[4,17],[7,12],[9,7],[-3,24],[2,14],[-1,10],[9,26],[0,49],[2,12],[-2,10],[0,29],[6,18],[4,-17],[2,-23],[4,-18],[0,-11],[6,-14],[2,-25],[5,4],[-1,-18],[4,-11],[-4,-20],[7,-2],[11,0],[19,7]],[[203736,556938],[15,-112],[21,-150],[17,28],[6,40],[3,5],[4,41],[0,18],[-7,24],[-4,3],[-8,20],[-3,22],[11,18],[29,28],[5,5],[49,58],[22,11],[33,33],[30,118],[13,265],[18,41],[12,25],[7,6],[23,3],[4,9],[1,24],[9,24],[8,14],[6,21],[1,19],[15,26],[18,13],[4,23],[30,21],[12,-13],[16,59],[3,23],[4,36]],[[204163,557787],[5,0],[0,-44],[-2,1],[2,-8],[-6,-15],[7,-31],[10,-10],[0,-63],[35,1],[7,0],[-2,155],[0,8],[-6,58],[4,-3],[6,-53],[0,-7],[7,-83],[3,-40],[1,-32],[0,-13],[14,-1],[0,11],[-1,38],[27,1],[0,12],[0,28],[10,-1],[0,-7],[-4,-31],[2,-18],[-1,-10],[-2,-12],[-2,0],[-3,-36],[-10,-5],[4,-46],[5,-1],[-7,-27],[-7,11],[-9,15],[-8,3],[-10,-10],[-4,-6],[0,-24],[-3,-9],[3,-36],[-3,1],[-2,-4],[8,-4],[-6,-9],[0,-22],[15,6],[1,-17],[-7,-15],[-10,-4],[-3,-15],[-20,16],[-9,1],[-4,-86],[-8,-28],[-16,13],[-10,1],[-2,9],[-5,-4],[-1,-20],[5,-9],[5,2],[5,-16],[-1,-12],[-4,10],[2,-31],[-2,-8],[5,0],[2,-23],[3,-12],[-1,-15],[5,-6],[2,-21],[5,-16],[-52,1],[-8,-281],[-27,-491],[2,-34],[2,-6],[5,-33],[-9,-29],[3,-32],[-1,-20],[-3,-11],[2,-17],[1,-33],[3,-27],[5,5],[-1,-13],[2,-5],[0,-7],[0,-22],[9,-8],[0,-24],[4,-28],[-2,-23],[4,1],[2,-11],[-4,-31],[2,-12],[5,-2],[2,-11],[6,19],[1,-13],[-4,-40],[4,-4],[-13,-20],[-5,-26]],[[203865,555575],[-7,33],[-6,80],[-21,258],[-22,-1],[-5,-4],[1,164],[-214,-3],[-47,-1]],[[203544,556101],[-6,30],[-1,24],[3,64],[-4,19],[7,25],[-13,29],[-7,5],[-2,23],[-8,3],[-3,-1],[1,6],[3,16]],[[204152,557451],[2,-20],[6,0],[1,-57],[5,4],[2,2],[-2,85],[7,-21],[7,-3],[0,-8],[7,-1],[4,-11],[0,-10],[3,2],[0,52],[-7,0],[0,34],[-10,-18],[-5,-2],[-4,1],[-4,-1],[-10,-14],[-3,-8],[1,-6]],[[206482,551594],[24,-123],[118,-238],[0,32],[-3,771],[0,99],[-2,215]],[[206619,552350],[19,6],[15,14],[9,3],[19,1],[4,7],[11,6],[10,10],[11,4],[3,7],[4,29],[11,7],[5,12],[4,28],[4,12],[12,30],[10,15],[6,19],[6,30],[12,37],[10,13],[8,57],[7,6],[15,40],[64,-30],[8,27],[16,4],[6,15],[8,0],[5,-8],[20,0],[16,-103],[1,16],[36,9],[4,-15]],[[207028,552882],[-2,16],[-7,21],[-8,-5],[0,49],[-9,33],[-9,1],[-2,10],[-3,5],[-5,1797],[-3,837]],[[206980,555646],[6,-18],[9,6],[9,-21],[2,-10],[11,-104],[3,-20],[1,-32],[-1,-22],[1,-31],[8,-126],[11,-17],[-2,-29],[6,-2],[11,-21],[13,-38],[4,-3],[15,-28],[14,-4],[6,4],[6,-4],[2,-16],[13,3],[22,-17],[9,-18],[6,-32],[13,-3],[13,20],[11,0],[4,-8],[9,-32],[6,-1],[4,-14],[5,19],[1,-27],[5,-11],[-5,-25],[1,-17],[-2,-34],[4,-25],[-1,-24],[3,-14],[3,-3],[8,15],[5,-8],[7,-2],[5,24],[3,-3],[10,6],[7,21],[13,11],[4,10],[2,14],[12,26],[4,20],[8,17],[5,16],[21,12],[11,12],[7,28],[7,35],[8,-32],[2,-47],[3,-29],[3,-9],[8,-4],[23,-46],[10,-32],[14,-1],[6,-72],[7,-25],[5,-26],[0,-681],[8,1],[13,24],[8,34],[7,6],[8,-18],[5,-20],[-9,-40],[-2,-77],[-8,-39],[-2,-23],[4,-43],[-5,-23],[-3,-20],[2,-11],[12,-17],[4,-25],[9,-22],[3,-30],[-2,-20],[5,-3],[3,-22],[1,-37],[-4,-14],[1,-27],[6,-18],[2,-39],[4,-54],[2,-10],[8,-10],[5,1],[4,20],[11,8],[7,-12],[4,7],[-1,25],[12,28],[1,18],[5,8],[17,-39],[8,-26],[1,-23],[-6,-40],[-8,-23],[-1,-61],[-4,-52],[15,-6],[11,5],[-2,-45],[2,-16],[6,-10],[1,-12],[8,-10],[4,-13],[6,5],[8,18],[13,-5],[6,-20],[2,-21],[0,-22],[-4,-16],[5,-13],[11,34],[8,2],[9,-39],[5,-49],[6,-32],[-6,-21],[-8,-7],[-2,-22],[1,-19],[7,-50],[0,-34],[-8,-64],[2,-11],[-14,-20],[-28,-12],[-14,-11],[3,10],[-3,31],[-20,16],[-8,13],[-11,32],[-2,56],[1,52],[-2,28],[1,17],[7,34],[-3,3],[-5,17],[-2,53],[-4,37],[-3,-3],[-14,25],[-4,39],[-13,22],[-4,-26],[-2,40],[0,42],[-4,31],[-14,-8],[-3,-15],[-7,-13],[4,-40],[-2,-29],[-7,-24],[-5,-38],[6,-52],[7,-28],[1,-55],[-1,-36],[4,-30],[2,-33],[-2,-72],[2,-13],[-5,-63],[-8,-16],[-2,12],[-7,7],[-8,3],[-7,-5],[-5,-14],[-8,-28],[-15,-32],[-5,6],[-8,-7],[0,-708],[-29,-1],[-1,-168],[1,-37],[25,-32],[20,-11],[16,9],[10,-29]],[[207432,551436],[-10,8],[-14,37],[-11,0],[3,-209],[12,-43],[17,-63],[5,-22],[-4,0],[-20,0],[0,-44]],[[207410,551100],[-1,-80],[0,-7],[-11,-37],[-4,-16],[-7,-15],[-4,-20],[-5,-70],[-6,-56],[-13,-32],[-10,0],[-4,-9],[-4,-20],[-13,-48]],[[207065,549235],[-4,11],[-17,-11],[-1,-17],[-5,-24],[-7,-16],[-8,15],[-6,20],[-4,6],[-7,30],[-10,3],[-4,23],[0,15],[-3,9],[1,30],[-8,18],[0,22],[-2,11],[-5,-5],[-4,-25],[-7,-16],[-16,-5],[-6,-24],[-4,-5],[-10,11],[0,-19],[-8,34],[-9,-1],[-10,35],[-3,23],[-1,28],[-10,7],[-5,-22],[-8,8],[-3,-20],[-13,16],[-11,28],[-4,2],[-7,18],[-1,20],[-8,10],[-6,21],[-10,-15],[-11,23],[-7,0],[-8,28],[-3,40],[-4,28],[0,22],[-4,46],[0,21],[-2,33],[5,43],[4,19],[0,20],[-4,14],[7,39],[2,18],[5,13],[0,16],[8,23],[3,29],[-2,42],[1,23],[6,19],[1,37],[8,43],[1,23],[7,16],[1,24],[-3,37],[-3,8],[3,32],[-2,13],[6,35],[5,19],[11,87],[-1,10],[3,14],[12,14],[12,34],[7,21],[7,37],[5,18],[6,30],[3,50],[12,36],[5,24],[4,29],[9,32],[-7,23],[-1,24],[-11,15],[-7,-1],[-17,7],[-20,-13],[-6,-9],[-8,7],[-14,-3],[-7,-10],[-8,-3],[-5,6],[-12,4],[-9,11],[-5,1],[-21,15],[-10,-9],[-6,-1],[-11,-12],[-5,-9],[-14,-42],[-9,-74],[-2,-10],[-12,-15],[-11,-21],[-3,16],[-4,-43],[-7,-24],[-5,-26],[-11,-28],[-2,19],[4,37],[-1,82],[-2,17],[1,20],[-2,11],[-5,7],[-6,27],[2,65],[-5,-7],[-6,5],[-2,14],[1,12],[6,17],[-8,3],[-5,19],[-7,17],[-19,28],[-7,2],[-21,18],[-7,10],[-16,-8],[-5,0],[-14,13],[-10,-5],[-11,3],[-12,19],[-16,-2],[-28,-33],[-5,-41],[-13,-14],[-12,-44],[-2,-26],[-2,5],[-6,-6],[-12,13],[-7,5],[-7,-9],[-3,15],[-8,5],[-11,15],[-2,9],[-1,35],[-5,40],[2,9],[-1,21],[5,24],[-2,60],[2,26],[3,19],[7,9],[15,35],[2,47],[-8,33],[1,8],[4,5],[11,-6],[13,4],[8,-9],[9,54],[-2,24],[1,48],[3,53],[11,48],[-3,2],[18,41],[10,17],[10,43],[4,25]],[[202318,558976],[12,0],[13,-7],[14,-7],[-1,-11],[7,10],[8,-11],[7,-39],[4,8],[-2,23],[5,1],[9,-19],[12,-9],[-2,12],[4,14],[7,-8],[7,1],[-16,14],[-7,-7],[-6,21],[-10,6],[-7,17],[-14,22],[-2,28],[-4,-5],[-3,14],[5,39],[1,45],[6,18],[8,-1],[6,7],[2,16],[7,14],[-5,4],[0,17],[3,9],[6,-6],[18,-3],[-1,-20],[4,-19],[-1,-21],[5,-12],[7,7],[6,15],[4,33],[10,17],[5,14],[4,22],[-1,24],[2,23],[8,5],[8,34],[3,28],[5,17],[4,38],[5,22],[10,-4],[5,27],[5,-1],[4,-11],[9,-13],[8,-40],[8,-2],[4,7],[9,40],[4,-6],[2,-34],[4,-13],[11,-3],[9,38],[13,-5],[6,21],[-2,25],[-11,12],[-2,21],[10,28],[10,-1],[7,10],[6,36],[11,15],[11,13],[10,-5],[17,-30],[3,-13],[8,4],[2,-10],[6,-2],[12,10],[8,32],[1,-18],[5,18],[14,-9],[6,-7],[7,4],[0,19],[3,3],[4,-30],[10,-27],[-1,-9],[4,-12],[13,5],[11,27],[5,-27],[-5,-16],[6,-20],[4,13],[4,-8],[4,7],[4,-11],[14,-13],[1,-15],[6,-9],[-1,-19],[20,-23],[1,12],[5,-1],[2,-14],[2,17],[7,-11],[0,-25],[5,14],[9,-16],[7,6],[1,-10],[3,17],[9,-2],[3,-12],[3,10],[-4,22],[8,5],[2,18],[4,-8],[-1,16],[4,-4],[0,17],[3,-12],[0,34],[13,-8],[9,-1],[13,8],[6,-11],[-1,23],[4,9],[7,-10],[-1,17],[7,-1],[-1,10],[-10,18],[12,8],[5,20],[0,13],[-6,28],[1,15],[10,-6],[1,15],[15,28],[1,-28],[7,54],[-3,7],[7,2],[-5,8],[2,24],[-4,4]],[[203005,559718],[6,39],[10,29],[1,39],[5,28],[8,30],[11,30],[4,16],[1,41],[-3,26],[0,33],[-4,51],[2,18],[5,21],[6,13],[15,27],[11,42],[6,30],[2,4],[20,62],[6,37],[16,53],[19,-4],[9,22],[3,19],[3,51],[8,19],[9,11],[19,44],[5,21],[10,25],[1,-6],[28,11],[25,-15],[89,20],[36,32],[31,10],[8,-3],[18,2],[6,0],[2,17],[-4,16],[3,-6],[6,13],[-29,2],[0,161],[-13,-1],[0,89],[-34,0],[3,4],[-9,49],[-3,30],[-12,67],[-8,25],[-11,27],[-2,42],[-3,22],[0,19],[-4,40],[10,-5],[7,-17],[4,9],[4,-11],[47,-30],[13,-4],[7,24],[23,48],[4,0],[8,-22],[3,-18],[1,-19],[-3,-12],[5,-18],[16,-32],[4,-14],[2,-28],[6,0],[7,9],[28,-41],[3,4],[4,-6],[3,6],[8,43],[5,-3],[4,-46],[5,-26]],[[203570,561053],[6,-68],[7,60],[7,0],[14,-45],[7,-27],[4,-5],[2,22],[5,-10],[7,8],[2,14],[30,13],[4,-35],[4,-13]],[[203669,560967],[-3,-27],[-15,-209],[-1,-31],[-2,-17],[2,-48],[3,-9],[-2,-40],[-2,-9],[-12,-24],[-2,-8],[-10,-102],[13,-68],[13,4],[14,0],[22,14],[13,-8],[6,-29],[2,-43],[0,-32],[7,-29],[8,-1],[11,7],[2,-16],[6,-4],[4,23],[-5,-11],[-6,13],[-4,-3],[-13,5],[17,39],[8,3],[6,15],[23,-3],[10,-29],[17,-22],[8,-17],[7,-45],[0,-25],[-3,-23],[-11,-34],[-16,-53],[-1,-27],[5,-59],[13,-41],[11,-12],[15,-2],[6,-4],[2,36],[4,40],[2,52],[5,11],[7,4],[16,-20],[7,-26],[10,-19],[10,-15],[11,-29],[13,-3],[9,-35],[7,-7],[-1,-6],[-13,-6],[-6,-11],[-3,-9],[-16,-88],[-6,-58],[-15,-51],[-3,-29],[-8,-44],[-11,-73],[-3,-80],[1,-29],[4,-63],[0,-18],[5,-32],[-1,-31],[6,-50],[1,-21],[10,-27],[3,-20],[5,-10],[2,-25],[9,-26],[7,-38],[5,-9],[4,-40],[5,-28],[13,-24],[12,-37],[7,-10],[10,-5],[3,-8],[2,-19],[-1,-32],[4,-21],[7,-17],[20,-19],[7,19],[15,-7],[8,-9],[4,-11],[3,-30],[8,-22],[9,-8],[12,10],[3,10],[14,-3],[10,10],[4,-6],[6,-17],[3,-18],[0,-29],[0,-68],[3,-31],[0,-36],[6,-69],[2,-15],[5,-19],[1,-7],[2,-29],[1,-5],[0,-287],[6,1],[0,-101],[-3,-21],[3,-14],[0,-82],[-1,-58],[1,-62],[37,0]],[[203736,556938],[-4,31],[-163,1157],[-24,-3],[-41,-1],[-647,3]],[[202857,558125],[-535,0],[-107,0]],[[202215,558125],[-10,0]],[[202205,558125],[4,25],[4,36],[5,23],[3,58],[19,90],[3,25],[3,52],[2,32],[9,36],[6,46],[8,7],[2,16],[-2,13],[4,14],[-2,14],[6,9],[2,20],[-1,19],[-3,13],[0,19],[-4,38],[1,11],[6,15],[4,-2],[4,-17],[7,14],[2,18],[-3,13],[-1,17],[-7,9],[-1,26],[2,20],[-3,19],[1,19],[-2,39],[2,8],[0,20],[8,43],[5,-3],[3,10],[-3,22],[6,19],[9,-20],[3,-2],[3,-17],[0,-16],[-5,-6],[4,-13]],[[202816,564209],[0,38],[10,20],[7,-1],[3,13],[6,2],[3,14],[1,32],[10,16],[2,11],[0,34],[-2,12],[10,23],[8,-13],[9,14],[-1,-16],[7,-14],[5,1],[6,-18],[3,12],[8,-12],[7,-30],[2,-39],[8,7],[9,-8],[2,-19],[5,-16],[14,-15],[4,-11],[7,16],[7,-1],[0,10],[7,21],[5,3],[4,20],[2,-2],[6,12],[13,-9],[2,7],[7,-1],[13,-7],[8,2],[10,-25],[0,-24],[8,-23],[10,-12],[1,-24],[2,-16],[9,-32],[15,-42],[7,-11],[12,14],[12,22],[3,23],[0,21],[4,21],[-1,29],[7,18],[6,-1],[5,20],[8,0],[3,-20],[-6,-46],[-1,-12],[3,-18],[4,-3],[4,-30],[-3,-14],[1,-16],[-5,-21],[7,-40],[1,-27],[4,-26],[-3,-34],[8,-59],[6,-36],[1,-31],[4,-11],[1,-21],[-4,-26],[1,-13],[6,-39],[2,-16],[-8,6],[-14,-18],[-2,-45],[4,-14],[-1,-19],[-6,-11],[-3,-29],[-4,-12],[-8,-14],[0,-13],[-3,-17],[-9,-17],[-6,-2],[-18,-36],[-10,-33],[-7,-14],[-6,-52],[-2,-5],[-1,-34],[5,-43],[7,-24],[1,-59],[8,-35],[6,-33],[3,-28],[2,-29],[-9,-24],[2,-5],[9,-4],[6,-9],[8,-31],[9,-16],[4,0],[22,35],[3,-3],[14,12],[15,-2],[9,10],[14,-9],[3,-9],[5,-41],[4,-15],[17,41],[16,19],[8,32],[8,60],[2,10],[9,7],[4,11],[12,-1],[7,17],[7,6],[-1,-23],[3,-21],[6,-7],[12,7],[-3,-18],[9,-3],[6,-12],[1,18],[2,-6],[15,-6],[-2,29],[9,8],[6,11],[6,-40],[8,-1],[12,-47],[8,-18],[3,-13],[-4,-25],[-1,-36],[-3,-24],[-8,-32],[-1,-16],[-12,-6],[-4,-20],[-2,-40],[6,-58],[5,-26],[1,-30],[-2,-15],[-6,-49],[2,-31],[-3,-15],[0,-18],[-2,-29],[4,-21],[1,-15],[3,-14],[6,-29],[3,0],[6,-23],[1,-32],[-3,-19],[4,-20],[-1,-27],[-6,-35],[0,-36],[-11,-18],[-4,-38],[-9,-22],[-1,-34],[3,-53],[2,-13],[7,-20],[2,-25],[0,-26],[8,4],[4,33],[10,14],[4,37],[6,17],[6,33],[10,22],[3,40],[7,25],[5,-2],[8,25],[6,0],[12,-22],[9,-7],[4,4],[7,-30],[5,-37],[-1,-24],[-7,-29],[-7,-8],[-8,-22],[-2,-29],[-3,-10],[11,-8],[5,-16],[11,-19],[4,-22],[-2,-26],[-3,-10],[-4,-47],[2,-18],[6,-18],[4,-19],[0,-22],[-4,-53],[0,-21],[5,-42],[5,-24],[5,-10],[6,-49],[2,-10],[3,-45],[6,-40],[5,14],[3,-27],[5,-9],[4,-42],[-1,-15],[2,-23],[4,-2],[-1,-30],[14,39],[4,-24],[2,-16],[-2,-42],[3,-23],[0,-17],[-5,-20],[-11,-16],[-4,-19],[0,-12],[3,-47],[-4,-74],[-3,-102]],[[203005,559718],[-7,8],[-6,21],[-4,26],[-5,-3],[-1,13],[-8,17],[0,22],[4,12],[-17,35],[-4,0],[-3,35],[-8,14],[-5,3],[-5,18],[-8,1],[-5,22],[-6,13],[-9,-27],[-8,-12],[-5,-2],[-15,24],[-7,23],[-1,10],[-14,39],[-1,28],[-3,23],[-8,28],[-2,31],[-6,3],[-4,30],[-7,23],[-3,16],[2,12],[-8,7],[-3,27],[-7,19],[-5,19],[2,13],[-1,17],[2,20],[-1,13],[-5,18],[-15,12],[-10,23],[-10,22],[-4,15],[-4,37],[-7,36],[-8,8],[-7,21],[-19,90],[-8,15],[-18,21],[-6,-5],[-3,16],[-4,5],[-3,17],[-8,11],[-1,14],[-7,31],[0,36],[-8,66],[-6,20],[1,33],[3,41],[-3,17],[-2,62],[2,23],[4,31],[-10,22],[-1,14],[-10,15],[-2,30],[-5,6],[-4,21],[-11,29],[-13,12],[-3,29],[0,28],[-11,33],[-8,3],[-2,9],[-10,4],[-4,21],[-16,12],[-2,11],[1,26],[-1,12],[-5,5],[-11,-11],[-6,0],[-3,-14],[-13,16],[-5,12],[2,36],[4,0],[5,47],[3,12],[0,32],[-3,21],[-12,4],[-4,42],[0,20],[-3,28],[9,26],[-9,42],[6,40],[5,19],[1,17],[7,6],[6,18],[-5,34],[12,44],[2,15],[-4,30],[-12,32],[-1,17],[-5,8],[-4,26],[-3,4],[-2,25],[4,8],[1,20],[6,34],[-2,13],[5,58],[9,-5],[9,17],[5,-9],[8,5],[7,20],[-2,56],[-9,17],[-9,23],[-2,26],[-6,17],[-2,12],[-7,18],[-12,1],[-16,25],[7,22],[-12,21],[-4,15],[2,24],[-3,20],[6,39],[1,29],[5,25],[-1,26],[4,7],[3,31],[9,28],[0,13],[-3,21],[-9,12],[-5,12],[-3,28],[-6,1],[-2,12],[0,50],[-4,21],[4,23],[-14,20],[-15,9],[-1,13]],[[207729,534462],[161,-3],[42,-1],[0,171],[9,0],[72,-3],[-14,60],[-16,106],[-69,481],[8,26],[13,24],[2,18],[8,32],[4,80],[0,38],[6,35],[0,108],[8,-4],[6,21],[27,50],[5,23],[5,66],[10,35],[30,-1],[7,-21],[8,-9],[8,-15],[5,-20],[12,-29],[7,-25],[7,-3],[0,-48],[53,-2],[0,45],[0,127],[53,0],[0,126]],[[207436,533253],[4,22],[13,19],[6,24],[6,7],[2,1],[-1,445],[144,-73],[-72,150],[-40,135],[3,9],[17,-55],[4,17],[17,1],[0,70],[70,-95],[65,-147],[32,-42],[0,-37],[-3,0],[-1,-87],[26,-9],[0,16],[0,366],[1,472]],[[208046,534507],[8,12],[-1,13],[11,6],[7,0],[8,14],[6,5],[8,28],[6,12],[4,-1],[5,10],[4,26],[4,9],[1,17],[2,94],[-1,39],[-46,-1],[0,30],[-4,0],[-2,-1],[-15,0],[0,-22],[-3,7],[-2,12],[-3,-12],[-3,-10],[0,-59],[10,-41],[3,-12],[3,-15],[-9,1],[0,-71],[-14,-43],[13,-47]],[[204987,540404],[92,4],[0,8],[93,0],[5,1],[163,-5],[1,-5],[10,-34],[1,-28],[-3,-17],[1,-33],[-1,-12],[3,-33],[2,-35],[4,-47],[11,-45],[20,-61],[7,-43],[0,-103],[-1,-1016],[-4,1],[0,-444],[0,-415]],[[205391,538042],[0,-155],[0,-9],[1,-1165],[0,-6],[0,-188],[-27,-1],[0,-336],[40,1]],[[205405,536183],[-3,-279],[0,-59],[3,-20],[-4,-48],[4,-28],[11,-36],[7,-36],[6,-2],[7,-12],[1,-42],[-1,-10],[12,-42],[6,-26],[-2,-21],[11,-29],[1,-21],[6,-21],[9,-9],[3,-15],[10,-22],[4,4],[3,-16],[9,-33],[5,-12],[-4,-7],[-7,-26],[-3,-2],[-2,-10],[1,-37],[-4,-12],[2,-35],[1,-5],[1,-4],[-1,-5],[-2,-5],[-1,-6],[1,-18],[11,-39],[2,-13],[7,-2],[5,-22],[7,3],[3,-19],[7,-20],[3,-16],[8,-11],[11,4],[7,-16],[10,-8],[1,-6],[0,-17],[3,-11],[-4,-7],[-7,-36],[1,-5],[15,-26],[5,-4],[1,-20],[-3,-10],[8,-20],[1,-13],[1,-62],[-4,-15],[1,-24],[-7,-32],[3,-64],[8,-28]],[[205599,534617],[4,-8],[10,3],[8,-24],[18,-78],[3,-4],[16,-61],[1,-13],[7,5],[6,-6],[8,1]],[[205680,534432],[0,-410],[-3,-8],[-6,-48],[3,-41],[-3,-28],[3,-47],[-3,-24],[-4,-9],[-1,-33],[-4,-30],[-17,7],[-17,-2],[-11,8],[-15,-20],[-15,15],[-18,-15],[-6,-2],[-6,6],[-4,24],[-6,19],[-5,-34],[-5,-15],[-3,-17],[-4,-41],[-3,-25],[-24,-103],[-22,-87],[-8,-3],[-8,15],[-6,5],[-13,-7],[-12,-10],[-40,-5],[-18,-22],[-8,8]],[[205368,533453],[0,29],[-5,7],[-9,-7],[-7,7],[1,20],[-5,25],[-4,-11],[-16,-23],[-22,-87],[-7,-20],[-2,-15],[-8,-30],[-11,-21],[-8,61],[-7,30],[5,13],[12,56],[7,38],[3,26],[4,17],[28,183],[13,57],[5,14],[-14,-9],[-24,-18],[-7,-10],[-33,-21],[-5,20],[-8,0],[-17,14],[2,31],[5,-9],[-4,25],[-5,4],[-1,-11],[-8,0],[-2,-8],[-2,33],[-1,37],[-7,52],[-5,-11],[-13,-16],[-20,-39],[-8,-10],[-11,-10],[-26,-33],[-17,-18],[-8,-14],[-12,-8],[-4,3],[-17,-14],[-21,-25],[-8,4],[-10,18],[-14,-6],[-4,6],[-5,-6],[-6,2],[-2,9],[-15,87],[-12,34],[-2,11],[-5,45],[-1,32],[5,55],[0,18],[-1,65],[0,81],[2,65],[2,101],[-1,77],[61,5],[0,126],[-3,9],[5,20],[10,7],[8,21],[4,18],[0,52],[-2,1142],[-74,0],[-1,24],[-8,36],[-6,51],[-5,18],[-11,55],[1,32],[-3,22]],[[204941,536093],[1,21],[1,13],[-11,-15],[-13,-7],[-1,-9],[-10,13],[-13,-4],[-3,41],[-4,21],[-1,19],[-4,24],[-4,18],[-8,65],[-2,72],[4,20],[-3,19],[-12,35],[-6,26],[0,31],[-2,10],[0,11],[9,29],[-5,8],[1,25],[-30,219],[-4,29],[-13,126],[-4,36],[10,-1],[18,-1],[87,-11],[-1,116],[-2,15],[0,33],[-15,65],[-4,9],[14,-2],[14,-25],[24,-3],[9,30],[2,0],[2,41],[0,22],[0,53],[2,17],[-2,45],[6,34],[4,45],[-8,34],[1,21],[-2,15],[-6,-13],[-1,6],[0,7],[11,67],[2,23],[-1,19],[-4,19],[-1,22],[4,25],[5,65],[2,65],[5,31],[0,11],[-119,1],[-1,12],[5,13],[0,17],[-3,10],[3,5],[4,26],[12,23],[8,25],[5,34],[0,71],[5,33],[3,32],[6,14],[-18,30],[-5,-5],[-21,26],[-1,25],[-11,43],[-7,23],[-9,18],[-7,63],[-7,14],[-9,32],[-1,11],[3,53],[4,10],[7,-8],[9,21],[-8,25],[-3,20],[-10,29],[-20,29]],[[204793,538663],[11,130],[9,51],[10,54],[0,8],[9,26],[6,89],[3,43],[8,44],[3,5],[2,24],[12,85],[2,16],[2,4],[9,-22],[4,17],[10,-21],[10,-2],[15,3],[4,-5],[7,7],[-2,15],[-11,9],[-2,27],[-16,37],[-13,47],[22,150],[28,151],[5,34],[13,85],[7,14],[2,19],[1,32],[5,14],[2,19],[1,45],[-7,9],[8,17],[0,10],[12,-7],[3,-9],[6,6],[4,-11],[5,2],[4,-13],[10,49],[5,16],[5,28],[16,19],[15,-8],[7,7],[-6,37],[-3,30],[-26,190],[-42,115]],[[201849,538333],[139,0],[0,-20],[16,-25],[7,-3],[4,-10],[6,-4],[5,-33],[4,0],[10,-11],[2,-7],[11,-29],[11,-20],[13,-14],[10,-5],[12,1],[26,-24],[15,7],[46,76],[42,55],[-19,-103],[-7,-56],[-19,-200],[-2,-24],[-1,-23],[1,-128],[9,1],[16,-10],[11,-1],[19,-29],[8,14],[26,26],[29,21],[13,7],[22,18],[10,34],[-6,-61],[-4,-89],[-3,-43],[-5,-100],[-2,-56],[-1,-8],[1,-12],[5,-16],[1,-44],[1,-7],[8,4]],[[202339,537382],[4,-20],[2,-23],[-3,-23],[1,-44],[-2,-26],[-8,-68],[-4,-61],[0,-40],[2,-63],[-1,-14],[4,-23],[-2,-14],[-4,-68],[1,-26],[-3,-35],[-2,-50],[-4,-45],[-4,-36],[0,-24],[7,-57],[-2,-70],[-3,-36],[-1,-19],[-3,-32],[-10,-48],[0,-34],[3,-26],[-4,-36],[-1,-53],[-2,-26],[-1,-35],[1,-26],[3,-36],[11,-34],[3,-30],[-2,-41],[2,-28],[-2,-13],[-3,-3],[-7,8],[-11,5],[-9,17],[-10,4],[-8,-3],[-3,7],[-8,-10],[-21,30],[-6,-7],[-5,-16],[-13,-11],[-6,-17],[-7,13],[-12,3],[-2,-28],[-5,-13],[-7,-31],[-14,-8],[14,-40],[23,-83],[7,-52],[10,-40],[18,-52],[11,-24],[5,-30],[4,-49],[4,-5],[7,-33],[5,-28],[22,-23],[13,-32],[13,-20],[13,-11],[3,-10],[2,-20],[8,-40],[3,-26],[1,-24],[-4,-29],[3,-27],[8,7],[7,-26],[5,-7],[10,7],[2,-10],[10,15],[12,-15],[6,6],[0,-427],[7,0],[10,6],[6,18],[6,9],[2,20],[3,2],[5,30],[9,12],[1,13],[6,6],[4,29],[2,20],[-2,7],[3,17],[7,8],[8,-6],[8,10],[2,-8],[9,10],[14,19],[1,-6],[3,14],[7,21],[-1,24],[4,20],[6,13],[8,26],[7,17],[8,-11]],[[202556,535131],[1,-804]],[[202557,534327],[-262,316],[-339,408],[-195,232]],[[201761,535283],[0,491],[90,2],[0,24],[-7,12],[-1,32],[-5,26],[-2,31],[-4,13],[-6,-1],[-5,12],[-8,-3],[-8,-18],[-10,27],[-8,7],[-1,24],[-3,11],[-5,-4],[-5,8],[-16,-34],[-9,8],[-12,43],[-9,-6],[-12,18],[-2,41],[-8,11],[-6,23],[-7,-17],[-2,18],[-6,15],[-1,19],[-5,12],[-3,31],[5,28],[-4,15],[-3,32],[7,4],[12,30],[-1,17],[2,28],[-7,14],[-4,22],[-7,9],[-2,16],[3,25],[-1,26],[8,38],[0,19],[-3,6],[5,32],[-4,15],[4,35],[-1,36],[1,12],[8,31],[6,55],[12,43],[6,6],[1,67],[1,25],[-1,11],[-4,5],[-7,32],[-6,-3],[-4,35],[3,42],[7,15],[-1,19],[2,27],[-4,20],[5,9],[6,23],[-1,39],[3,16],[5,10],[6,41],[-2,43]],[[198522,542627],[9,3],[3,-4],[17,22],[6,10],[11,5],[20,-18],[10,-27],[-9,64],[15,-5],[120,-7],[25,-11],[6,-1],[20,5],[14,-7],[8,-9],[-3,90],[0,91],[3,40],[15,127],[4,47],[0,33],[0,71],[428,-2],[3,11],[5,116],[180,-81],[6,-3],[7,18],[3,45],[-1,40],[3,28],[2,32],[-2,17],[0,61],[1,33],[0,53],[2,30],[4,41],[0,62],[2,14],[8,36],[4,29],[7,31],[4,24],[5,15],[7,30],[9,49],[2,53],[3,45],[6,53],[2,22],[9,94],[8,44],[8,16],[11,10],[11,22],[11,74],[167,-198],[5,15],[12,-9],[4,8],[10,-6],[8,-14],[9,-11],[3,-12],[2,-27],[16,-98],[10,-43],[0,-12],[6,-2],[1,-10],[11,-26],[0,-27],[2,-15],[7,-16],[6,-37],[14,-54],[2,0],[3,-48],[-5,-41],[5,-31],[5,-24],[6,-12],[6,-38],[4,3],[8,21],[8,58],[1,35],[4,13],[-2,17],[5,18],[2,-10],[9,-5],[3,-9],[2,14],[-23,109],[-9,0],[-3,28],[-7,54],[-9,43],[-4,23],[-17,68],[-4,24],[-3,3],[-12,30],[-22,33],[9,31],[8,50],[-2,13],[0,27],[-3,27],[3,24],[-5,30],[1,47],[-4,22],[1,34],[-2,9],[-2,33],[1,27],[-4,25],[0,17],[-5,36],[3,32],[2,11],[1,33],[4,32],[-1,68],[1,29],[7,8],[17,4],[9,11],[0,8],[10,2],[12,10],[26,41],[3,14],[14,10],[7,0],[13,34],[14,-13],[20,12],[13,21],[5,18],[5,7],[2,19],[6,25],[6,12],[8,79],[1,29],[3,18],[12,47],[3,8],[38,108],[-45,52],[5,40],[9,109],[0,58],[2,31],[-4,42],[2,43],[0,83],[-2,26],[-46,76],[34,145],[1,4],[-2,31],[2,26],[-4,36],[1,21],[7,48],[3,21],[4,9],[-1,31],[-5,37],[-4,36],[0,37],[-4,-17],[-8,-12],[-5,18],[-7,14],[-7,24],[-4,19],[-17,-6],[-6,3],[-4,10],[6,8],[8,3],[17,45],[5,3],[6,13],[2,26],[-24,115],[-36,57],[-5,41],[10,50],[-21,102],[-2,12],[3,16],[2,23],[-1,46],[16,0]],[[199961,546934],[53,1],[279,-1],[-11,46],[180,329],[24,47],[8,18],[67,27],[-6,18],[-1,12],[-8,132],[-2,24],[-8,19],[-48,143],[-12,95],[-18,119],[-6,62],[0,34],[15,-27],[10,-7],[94,-7],[28,-44],[14,-19],[80,242],[78,-498],[-1,-4],[7,-46],[10,-53],[4,-35],[20,-122],[-2,-13],[5,-13],[0,6],[24,-148],[26,-121],[7,-11],[9,-25],[-3,2],[8,-29],[16,-25],[18,-35],[9,-2],[8,10],[-6,-57],[-1,-44],[94,0],[207,-1],[-2,-169],[1,-12],[-1,-136],[0,-2],[0,-408],[1,-20],[0,-268],[-37,1],[1,-472],[-9,-53],[-15,-32],[-15,-45],[-153,-102],[-3,-6],[7,73],[-29,-12],[-283,-10],[0,-20],[1,-52],[-16,-51],[-10,-2],[-5,-18],[-14,-38],[-12,-62],[-10,-43],[-8,-27],[-20,-48],[-8,-41],[-15,-44],[13,-9],[10,-19],[29,-11],[8,2],[18,-7],[3,4],[16,9],[8,-2],[5,4],[19,1],[2,2],[-2,-32],[-7,-44],[-2,-31],[5,-24],[-1,-33],[-7,-40],[-2,-29],[-7,-60],[-6,-68],[-1,-41],[13,4],[16,-64],[0,-24],[-1,-67],[-5,-26],[0,-30],[5,-40],[1,-46],[2,-32],[7,-45],[-1,-13],[-4,-17],[-11,-1],[-6,7],[-12,3],[-17,18],[-5,13],[-10,39],[-6,36],[-10,43],[-5,6],[-6,27],[-11,23],[-15,14],[1,31],[-4,-2],[-2,-40],[1,-75],[4,-9],[-4,-61],[-1,-23],[-2,-29],[-1,-54],[2,-52],[7,-62],[9,-26],[11,-42],[-1,-22],[2,-40],[4,-24],[3,-27],[6,-40],[4,-17],[6,-37],[13,-52],[5,-29],[7,-46],[2,-9],[7,-73],[13,-110],[0,-42],[3,-48],[7,-54],[1,-32],[1,-21],[8,-31],[10,-57],[-1,-45],[2,-17],[2,-40],[7,-48],[5,-21],[3,-22],[0,-18],[6,-24],[17,-41],[11,-5],[9,-24],[4,-17],[6,-8],[10,-4],[19,-49],[13,-71],[11,-53],[9,-23],[18,-12],[5,-17],[12,-20],[3,-13],[8,-21],[13,-25],[1,-42],[-3,-40],[2,-19],[2,-1],[12,-42],[1,-56],[3,-32],[-1,-19],[11,-57],[8,-22],[10,-47],[-19,-62],[-45,21],[15,-151],[4,-11],[-1,-59],[3,-28],[11,-65],[1,-16],[1,-55],[10,-60],[2,-39],[5,-36],[7,-33],[8,-23],[7,-12],[13,-11],[7,-13],[1,-13],[6,-15],[1,-11],[10,10],[11,-17],[14,40],[9,2],[13,-2],[4,14],[8,-7],[7,-4],[10,13],[5,-6],[10,4],[5,11],[11,42],[-1,524],[0,67],[-1,480],[-3,192],[0,60],[3,27],[-6,26],[0,26],[2,56],[-1,14],[-6,24],[-81,644],[-36,291],[18,-18],[8,-6],[26,-78],[17,-44],[10,5],[23,-2],[17,-9],[10,12],[-2,16],[2,27],[6,15],[4,31],[9,15],[4,0],[21,-16],[5,-11],[10,-5],[3,-16],[3,6],[0,30],[5,23],[2,19],[7,22],[-1,7],[4,28],[1,26],[5,38],[2,56],[5,43],[5,69],[8,69],[5,62],[1,23],[6,108],[3,29],[4,96],[3,43],[1,39],[4,-2],[6,-14],[17,-19],[9,-20],[32,-60],[19,-29],[5,-3],[12,-20],[19,-37],[26,-41],[9,1],[14,-5],[12,-11],[9,-1],[15,7],[19,-27],[16,-10],[11,-19],[11,-3],[20,0],[12,-7],[19,-5],[8,3],[14,-4],[10,-9],[13,7],[19,4],[15,9],[7,-1],[20,6],[18,-1],[8,-3],[20,0],[9,3],[10,-4],[4,-6],[-1,18],[5,10],[5,33],[4,8],[4,21],[0,27],[2,3],[4,1],[7,-23],[9,-6],[9,-3],[9,-24],[9,-1],[9,5],[12,28],[7,3],[17,-8],[9,-23],[11,-2],[21,-7],[4,-7],[9,-2],[9,13],[10,19],[20,34],[7,3],[6,13],[31,40],[25,37],[11,12],[8,19],[5,19],[12,15],[9,27],[14,37],[10,15],[9,27],[8,-1],[10,5],[9,25],[21,26],[3,-12],[11,15],[3,1],[33,-14],[9,5],[13,-4],[21,-28]],[[202223,544613],[-2,-660],[1,-37],[1,-374],[314,4],[0,29],[130,1],[40,5],[44,-1],[34,1],[18,-3],[21,4],[5,0]],[[202829,543582],[69,1],[16,-2],[50,0],[0,83],[53,1],[0,-86],[0,-170]],[[203017,543409],[0,-168],[-188,0],[0,84],[-38,-1],[0,-252],[-256,-8],[0,-27],[-9,-2],[-129,-1],[-5,-1],[-66,3],[1,-89],[1,-57],[-1,-408],[0,-30],[0,-261],[-4,-1],[-102,-2],[-2,-363],[-11,0],[0,-168],[44,1],[179,42],[21,9],[4,1],[14,-3],[26,0],[0,-164],[-50,-11],[-53,-8],[0,-176],[-90,-25],[-16,1],[-78,-13],[1,-164],[-13,2],[-18,-6],[-38,5],[-91,-1],[-7,-7],[-47,-3],[0,-335],[28,-1],[-3,-169],[-1,-169],[-26,4],[-1,-175],[1,-76],[2,-95],[-54,1],[-20,6],[-16,1]],[[201906,540129],[-15,4],[-1,-338],[-73,-1]],[[201761,535283],[-456,543],[-648,771],[-827,975],[-369,431],[-33,33],[-39,47],[-35,44],[-62,72],[-12,13],[-431,499],[-141,163]],[[198708,538874],[3,931],[-52,-1],[0,333],[-6,10],[-8,42],[-14,10],[-12,66],[-6,18],[-12,0],[-6,21],[-4,27],[-13,19],[-6,31],[-4,7],[-5,49],[-6,27],[-10,-9],[-5,60],[9,22],[3,15],[-7,44],[-8,90],[4,10],[0,17],[5,15],[-8,25],[1,27],[-4,17],[0,25],[3,17],[6,23],[-1,11],[4,18],[4,53],[-2,25],[7,20],[2,23],[-12,11],[-8,32],[-7,21],[-1,35],[-8,15],[-14,5],[-11,12],[0,16],[-12,18],[-11,9],[-1,30],[-10,60],[-7,54],[-7,13],[-1,32],[5,9],[-3,78],[5,24],[4,2],[3,57],[-4,15],[0,68],[-5,3],[-20,45],[-2,29],[2,16],[-16,40],[6,41],[-11,56],[2,34],[-2,21],[16,50],[2,57],[-2,24],[4,5],[0,17],[3,19],[-8,18],[-1,34],[2,20],[13,9],[6,51],[6,-4],[8,5],[6,13],[5,-9],[15,10],[3,53],[5,33],[5,9],[8,-10],[7,31],[-6,59],[2,33],[-3,10],[2,32],[5,24],[5,7],[0,114]],[[204443,538899],[44,4],[101,-4],[32,0],[-6,-7],[-2,-17],[0,-3],[21,-42],[9,-4],[3,-17],[6,-17],[4,-36],[-2,-11],[0,-19],[7,19],[8,12],[6,-1],[6,-15],[8,-9],[13,3],[4,-9],[15,-3],[16,-14],[6,4],[8,-6],[3,-8],[9,-6],[10,-2],[17,-21],[4,-7]],[[204941,536093],[-4,-6],[-5,7],[0,-29],[-9,-62],[-13,-69],[-3,-35],[-23,48],[-12,10],[-5,-3],[-3,-29],[-10,26],[0,-18],[-10,25],[-9,41],[-8,12],[-23,59],[-7,6],[-10,3],[-4,14],[-9,66],[-1,33],[10,25],[3,24],[1,24],[-2,16],[-9,30],[-11,25],[-5,2],[-10,30],[-4,56],[-7,32],[-4,32],[-8,32],[-2,15],[0,22],[-11,37],[-5,22],[-7,-1],[-5,5],[-12,43],[-7,11],[0,18],[-12,19],[-5,2],[-2,-14],[-5,-3],[-5,-15],[-4,3],[1,29],[-9,-2],[-15,32],[-6,-22],[0,24],[-5,-3],[-2,-26],[-4,-17],[-6,4],[-4,-9],[-10,9],[-5,-3],[-3,-11],[5,72],[0,32],[-4,74],[-3,46],[0,23],[3,25],[7,29],[0,23],[9,26],[3,36],[0,19],[-4,22],[-3,38],[-6,26],[-7,43],[-11,22],[-2,12],[-8,15],[-1,12],[-12,27],[-10,17],[-8,4],[-13,30],[-10,24],[-5,26],[-7,9],[-1,16],[-11,19],[-3,9],[-13,15],[-5,27],[-8,26],[-7,-1],[-14,38],[-2,12],[5,5],[-2,19],[-8,9],[1,10],[12,22],[-15,4],[-12,-6],[-4,-12],[-8,-8],[-6,-23],[-9,-15],[-8,-7],[-15,-20],[-7,0],[-10,-12],[-11,2],[3,5],[-1,10],[-5,1],[-5,15],[-15,21],[-8,-4],[3,13],[-4,0],[5,14],[5,-1],[5,13],[8,7],[10,21],[7,34],[14,18],[18,5],[5,8],[10,5],[9,-4],[16,-23],[11,-3],[-13,49],[-3,21],[14,20],[5,18],[6,6],[9,-18],[15,6],[-8,17],[1,21],[-7,47],[-148,0]],[[204291,537892],[2,769],[-8,0],[-4,11],[-4,45],[5,7],[-8,18],[-4,28]],[[204270,538770],[2,-8],[20,-14],[0,155],[8,2],[143,-6]],[[203577,536095],[0,-10],[-3,-27],[3,-6],[0,-69],[0,-70],[-17,1],[2,-15],[-2,-83],[3,-30],[5,-25],[16,-38],[18,-32],[12,-32],[9,-29],[-4,-7],[-17,8],[-8,10],[-10,-24],[-13,47],[-10,30],[-8,24],[-8,36],[-4,30],[-5,67]],[[203536,535851],[-10,144],[-2,40],[-1,51],[0,46],[2,68],[6,118],[3,1],[2,-1],[-1,-22],[29,0],[-4,-169],[2,-1],[2,-19],[13,-12]],[[200930,562184],[54,0],[0,130],[-8,-1],[-19,-27],[-5,-18],[-22,-1],[0,144],[0,60],[0,170],[0,50]],[[200930,562691],[0,504],[34,0],[128,0],[0,-288],[13,-89],[1,-40],[2,-60],[8,3],[1,13],[5,43],[1,0],[2,17],[10,20],[3,12],[1,20],[4,21],[3,29],[4,13],[12,16],[5,2],[-3,13],[-1,34],[-2,25],[-5,28],[-6,55],[2,20],[-5,9],[9,10],[1,12],[-7,12],[-7,6],[3,11],[-5,13],[-4,20],[-5,26],[9,-1],[1,11],[4,6],[6,17],[8,-8],[2,53],[-2,13],[1,24],[-3,20],[4,37],[-2,32],[1,39],[3,24],[-1,27],[-2,18],[-1,39],[-9,24],[-10,47],[-1,29],[-5,21],[-4,37],[-8,16],[-7,27],[4,41],[-2,13],[-12,19],[-4,-2],[-12,6],[-10,19],[-4,16],[-14,23],[-6,-5],[-12,7],[-2,13],[-6,8],[-7,0],[-2,-10],[-9,-5],[2,42],[-7,12],[-2,48],[-5,33],[-3,9],[-5,45],[-3,-1],[-3,14],[-5,36],[-3,12],[0,30],[6,31],[6,3],[-6,20],[-4,24],[0,38],[-3,14],[-2,39],[-7,-1],[-4,18],[-11,29],[1,24],[6,27]],[[200966,564462],[11,-5],[-3,35],[7,56]],[[200981,564548],[40,-16],[389,-162]],[[201482,561169],[-13,-1],[-24,4],[-138,-3],[-53,0],[-1,-36],[-9,1],[-11,24],[-20,3],[-14,-14],[1,22],[-37,5],[-32,-5],[-75,-1],[-2,1],[-1,-3],[-11,-1],[-2,3],[-66,1],[-3,-1],[-39,0]],[[200932,561168],[-2,29],[0,140],[0,170],[0,168],[0,221],[0,34],[0,254]],[[201496,559314],[1,10],[4,158],[2,16],[2,63],[0,27],[3,30],[7,212],[3,85],[2,24],[6,177],[1,46]],[[201527,560162],[19,508],[12,290],[16,10]],[[202318,558976],[-2,14],[7,9],[0,15],[-5,7],[1,8],[5,3],[-2,14],[2,8],[7,15],[4,20],[-2,10],[-10,18],[-4,22],[0,9],[-18,38],[-12,-13],[-6,1],[-5,-7],[-10,-2],[-3,7],[-3,14],[3,19],[0,20],[-3,25],[-5,15],[-4,7],[-4,-1],[-2,-19],[-4,-10],[-9,-13],[-3,0],[-5,-15],[-9,-17],[-7,-4],[-4,1],[-7,15],[-3,21],[1,23],[0,9],[3,56],[-3,28],[-5,15],[2,11],[6,7],[-3,2],[-2,13],[-6,6],[-11,38],[-10,16],[-4,-4],[-5,13],[2,-14],[-2,-8],[-4,23],[-2,-6],[2,-16],[-3,4],[1,-22],[0,-15],[5,-6],[-8,-53],[-7,-23],[3,31],[-4,-9],[-8,-20],[2,-17],[3,-26],[8,-27],[5,-7],[1,-14],[-4,-15],[-4,-6],[-6,-13],[-4,-3],[-3,-8],[-7,-2],[-2,-5],[-6,2],[-11,21],[-6,23],[-1,13],[6,12],[-5,-1],[-4,19],[2,7],[-6,4],[-2,6],[1,17],[-2,17],[6,28],[6,14],[-4,-3],[1,15],[-3,-3],[-2,9],[-1,-15],[-6,18],[-5,1],[-6,-7],[-4,2],[-5,10],[-7,2],[-5,7],[-14,6],[-4,-8],[-4,5],[-3,-12],[-2,-25],[-3,-2],[-6,9],[-1,12],[-4,10],[-6,-31],[-2,-27],[1,-45],[6,-37],[6,-15],[3,-22],[-2,-17],[-7,-19],[-15,-28],[-12,-16],[-5,-3],[-16,-16],[-12,5],[-22,24],[-12,5],[-9,-3],[2,29],[-1,5],[-10,8],[-7,3],[-3,0],[-10,-22],[-8,-3],[-4,-9],[-6,-30],[-5,-29],[-4,-9],[-31,-4],[-4,10],[-3,19],[-2,30],[0,32],[-10,39],[-6,6],[-7,0],[-15,-23],[-10,-25],[-2,-20],[-14,-7],[-10,12],[-10,4],[-9,-10],[-17,-46],[-4,-4],[-9,-15],[-15,12],[-16,-15],[-9,-13],[-10,-5],[-12,-29],[-9,3],[-6,-26],[-3,-20],[-1,-67],[2,-44],[-4,-49],[-9,-75],[-9,-42],[-5,-7],[-17,-2],[-6,4],[0,26],[-17,0],[0,-20]],[[201544,558726],[-2,-2],[-6,-7],[-18,90],[-63,302],[12,103],[7,33],[10,28],[11,18],[3,4],[-3,12],[1,7]],[[204133,541100],[18,-31],[42,-31],[17,-15],[20,9],[11,24],[43,28],[7,-6],[9,3],[34,-2],[6,7],[54,-5],[0,211],[1,129],[52,-3],[81,-1],[37,1],[0,3],[4,52],[1,7],[3,22],[-22,1],[1,124],[-14,0],[1,42],[-27,1],[0,42],[-12,-1],[0,41],[-7,3],[-21,0],[-63,2],[63,1],[39,0],[6,0],[-18,37],[0,5],[0,39],[0,63],[1,26],[-9,19],[-27,38],[0,3],[13,0],[1,20],[0,28],[-8,10],[-19,48],[-2,39],[65,41],[8,22],[3,0],[2,-3],[3,-10],[0,9],[12,-22],[3,-15],[6,0],[-2,16],[0,16],[3,12],[5,1],[0,261],[1,52],[9,-19],[23,-57],[9,-45],[18,-68],[17,-66],[9,-33],[14,-51],[5,-12],[0,22],[0,47],[0,8],[14,0],[0,42],[13,0],[0,84],[27,-1],[0,43],[3,-1],[4,-8],[6,21],[10,-5],[8,8],[16,41],[1,-20],[4,7],[2,85],[13,1],[-2,25],[1,13],[-6,37],[-9,31],[-13,28],[-11,11],[-25,7],[-10,-10],[-9,-3],[-9,-26],[-9,-12],[-7,-35],[-11,-27],[0,170],[-147,7],[0,16],[2,22],[0,1],[-1,10],[1,72],[-1,7],[-10,44]],[[204507,542924],[51,-4],[212,-3],[1,849]],[[204771,543766],[309,-4],[0,28],[168,-5],[-1,-1521],[-168,2],[0,-368],[-1,-223],[25,1],[0,-85],[26,0],[0,5],[107,0],[106,3],[-3,-33],[-6,-36],[2,-30],[-2,-47],[0,-21],[4,-11],[-7,-5],[-4,-13],[-13,-18],[-3,-15],[-17,-26],[-3,-19],[-4,-6],[-16,4],[-6,-9],[-8,7],[-5,-1],[-6,8],[-12,9],[-10,0],[-19,8],[-8,26],[-16,33],[-12,61],[-9,11],[-1,-241],[2,-102],[-3,-10],[-1,-33],[4,-23],[0,-18],[-3,-37],[2,-19],[-1,-17],[-3,-15],[29,-9],[8,-6],[18,-33],[9,-10],[20,-6],[13,-16],[36,-66],[10,-10],[6,-2],[11,7],[17,29],[8,10],[17,15],[22,35],[5,5],[10,2],[0,-31],[-8,-3],[-28,-31],[-24,-4],[-6,-19],[-4,-11],[-21,-36],[-3,0],[-38,34],[-11,2],[-10,-9],[-13,-22],[-7,-4],[-11,6],[-4,-3],[-6,-13],[6,-9],[-7,6],[-9,-22],[-7,-9],[-16,4],[-5,-8],[-3,-25],[-1,-51],[4,-59],[-4,-15],[-6,4],[-3,18],[-27,-2],[-17,5],[-79,44],[3,-51],[0,-48],[-4,-21],[-3,-7],[-3,-35],[-9,-29],[-7,-36],[-21,1],[5,-13]],[[204443,538899],[3,150],[0,5],[-1,59],[1,117],[0,512],[-23,-3],[-2,1],[-6,0],[-30,-2],[-4,26],[2,27],[-4,10],[5,21],[-6,29],[-12,14],[-8,-1],[6,20],[-6,25],[-3,25],[0,56],[-5,38],[-5,54],[-7,50],[-6,25],[0,22],[-7,43],[0,24],[-4,3],[-6,39],[-5,14],[-3,28],[-10,24],[-5,19],[-3,4],[-7,25],[-1,11],[-8,32],[-6,40],[-9,16],[-6,21],[-11,23],[-5,-1],[0,48],[-49,0],[0,126],[0,195],[-54,0]],[[204133,540913],[0,187]],[[205394,547019],[7,0],[2,1508]],[[205403,548527],[0,689],[0,803]],[[205400,552551],[5,-9],[37,-71],[58,0],[7,38],[1,4],[22,122],[15,55],[6,16],[11,33],[7,27],[58,2],[14,-2],[28,-16],[113,-65],[41,-23],[98,-103],[15,2],[48,6],[96,0],[55,-90],[67,-118],[41,-39],[111,-106],[16,-10],[31,-167],[81,-443]],[[207814,546001],[-1,-108],[-26,-138],[-39,-130],[-41,-153],[10,-22],[5,-21],[3,-33],[4,-26],[6,-30],[7,-20],[9,-34],[6,-13],[14,-16],[11,-1],[-1,-49],[97,40],[13,3],[64,3],[15,-6],[2,-15],[13,-15],[4,-13],[22,-95],[-5,-56],[-14,-47],[-13,-10],[-6,-10],[-15,-50],[-7,-32],[-13,-41],[-4,-50],[1,-42],[-2,-43],[-7,-55],[0,-35],[-7,-99],[-11,-70],[0,-43],[3,-11],[-3,-65],[2,-22],[4,-18],[10,-11],[7,-21],[7,-16],[2,-10],[10,-19],[16,-34],[14,-11],[9,-21],[5,-16],[4,-3],[1,-17],[13,-32],[2,-29],[-5,-3],[-5,-17],[-5,-27],[4,-4],[-2,-32],[-5,-9],[75,-1],[0,-16],[-10,-17],[-1,-14],[4,-20],[0,-24],[3,1],[-2,-21],[-7,1],[-2,-19],[-6,-14],[1,-38],[-3,-29],[2,-13],[-2,-28],[-9,-33],[11,-8],[-2,-14],[-3,8],[-2,-27],[-4,-21],[4,-2],[-5,-27],[-2,-29],[4,-12],[2,-19],[5,-7],[12,12],[10,2],[6,-13],[-2,14],[8,-7],[3,-29],[7,-18],[11,-4],[9,-45],[11,-19],[12,-7],[11,-28],[6,-2],[7,-20],[18,-17],[2,-7],[-3,-29],[1,-12],[4,-11],[5,-2],[13,-27],[15,3],[21,-9],[7,6],[16,26],[11,38],[10,15],[9,26],[7,9],[7,2],[8,11],[-7,-66],[-15,-24],[-5,3],[3,-68],[2,-11],[-1,-29],[0,-32],[4,-31],[7,-4],[2,-31],[4,-12],[2,-39],[3,-29],[1,-42],[-1,-18],[2,-75],[6,-25],[13,-40],[15,-38],[4,-15],[5,-2],[7,-15],[2,-23],[12,-42],[7,13],[9,29],[3,11],[7,49],[8,27],[11,-15],[12,5],[12,18],[10,-3],[-8,-12],[1,-22],[-5,-51],[-13,-51],[16,-32],[41,-113],[6,-8],[54,-31],[9,-2],[10,-9],[14,-5],[17,-27],[12,-6],[7,-10],[20,-62],[14,-18],[6,4],[4,12],[5,-3],[4,11],[1,30],[5,13],[3,25],[13,-22],[4,-3],[4,10],[7,32],[7,-1],[4,20],[2,30],[4,19],[12,13],[3,-5],[6,9],[4,-3],[3,13]],[[208749,542564],[4,-20],[6,-18],[13,-27],[20,-30],[23,-21],[24,-18],[20,-19],[10,-25],[2,-21],[-2,-26],[-7,-32],[-20,-67],[-8,-42],[-8,-60],[-1,-28],[0,-27],[4,-47],[6,-55],[0,-31],[-4,-77],[0,-17],[3,-28],[17,-67],[18,-98],[4,-9],[5,-4],[9,2],[14,11],[22,-4],[9,11],[10,23],[9,10],[13,3],[-2,-51],[2,-16],[6,-17],[-1,-27],[-3,-41],[3,-26],[-1,-53],[8,-34],[2,-21],[-1,-12],[2,-44],[-3,-24],[6,-31],[3,-6],[3,-22],[-3,-24],[3,-21],[5,-6],[4,-29],[5,-20],[0,-14],[2,-10],[10,-13],[-12,-34],[-3,-14],[-1,-33],[2,-49],[1,-15],[12,-69],[8,-19],[2,-25],[-1,-53],[1,-17],[8,-15],[9,-29],[5,-24],[0,-23],[-5,-25],[3,-18],[-91,3],[-3,-1],[-8,-23],[-11,-14],[-7,12],[-16,11],[-6,-7],[7,-34],[5,-33],[6,-21],[7,-56],[5,-27],[1,-24],[7,-40],[1,-8],[-6,-30],[-9,-18],[-5,-31],[4,-16],[-7,8],[-9,-33],[-5,-34],[-4,-17],[3,-27],[6,-25],[7,-49],[2,-47],[7,-37],[-1,-16],[-5,-14],[-11,-61],[0,-13],[9,-62],[7,-1],[-1,-17],[-6,-13],[-8,-2],[4,-11],[-7,-28],[-4,9],[-4,-20],[0,-17],[-4,11],[-7,5],[-15,0],[-5,10],[-9,6],[-10,-13]],[[208847,539817],[0,112],[-107,-6],[-18,-32],[-31,31],[-132,-5],[-10,1],[-21,-4],[1,513],[-4,0],[-105,0],[-6,-1],[-4,1],[-215,-1],[-3,3],[-32,12],[-15,8],[-10,9],[-17,27],[-7,19],[-55,-1],[0,95],[-3,1],[-155,-1],[-25,-1],[-27,0],[-2,-1],[-52,2],[-67,-1],[-38,0],[-1,-28],[-19,-1],[-11,-14],[-9,-20],[-9,3],[-9,-6],[-2,-8],[-10,2],[-23,-7],[-11,5],[-15,31],[-7,29],[-7,34],[-24,-17],[0,166],[-104,-1]],[[207426,540765],[0,16],[0,23],[0,91],[1,41],[-53,1],[-1,87],[-2,78],[0,509],[-105,0],[-1,340],[21,0],[2,767],[-435,-8],[4,39],[4,23],[-5,39],[5,26],[-9,-10],[-7,-18],[-12,-12],[-7,2],[-14,-43],[-9,-35],[-92,-455]],[[206711,542266],[-28,-149],[-10,-45],[-12,-41],[-11,-27],[-16,-29],[-4,21],[-8,16],[-1,2],[-1,75],[1,32],[0,20],[-3,38],[-5,24],[-7,20],[-10,18],[-9,10],[-11,31],[3,32],[-4,34],[5,73],[-12,45],[-4,48],[-5,24],[0,25],[-11,33],[1,30],[-3,21],[-4,56],[2,25],[10,31],[8,32],[20,39],[2,11],[-10,45],[-6,31],[-8,22],[-8,26],[-7,18],[-7,28],[-11,21],[-26,30],[-24,17],[-5,10],[-12,9],[-12,0],[-15,-11],[-12,-1],[-9,-7],[-12,7],[-10,2],[-16,-7],[-34,-41],[-10,-16],[-8,6],[-4,-1],[-10,-20],[-14,-78],[-7,-24]],[[206287,542907],[-5,-9],[-19,8],[-3,4],[-1,20],[-7,33],[-15,36],[-12,14],[-5,36],[-3,10],[-11,-22],[-5,7],[-3,14],[-9,-5],[-16,9],[-6,12],[-7,31],[1,41],[-3,39],[0,46],[-1,21],[-6,43],[5,64],[10,-13],[14,27],[20,29],[8,-11],[17,-35],[52,-20],[20,-20],[12,-24],[4,-24],[9,-13],[12,-1],[16,9],[14,30],[6,20],[4,31],[11,52],[3,13],[21,58],[22,87],[9,8],[31,-12],[5,2],[10,19],[11,40],[5,17],[15,27],[4,11],[7,42],[5,8],[2,0],[22,-17],[-8,24],[-13,77],[-5,16],[-10,49],[-17,49],[-27,127],[-32,101],[-12,39],[-29,117],[-8,27],[-27,58],[-4,3],[-34,4],[-4,-7],[-34,-101],[-4,-7],[-16,-4],[-11,-12],[-26,-10],[-27,-6],[4,-24],[-9,-15],[-7,-4],[-3,-12],[0,-36],[-2,-13],[-174,4],[-2,735],[0,13],[0,424],[0,25],[-5,50],[3,41],[-3,20],[-5,52],[-7,-1],[-8,9],[-8,27],[-7,3],[-10,49],[-2,31],[0,44],[-3,21],[-7,19],[-2,47],[3,13],[-1,51],[-1,17],[-1,50],[1,30],[3,24],[0,27],[4,35],[-248,-2],[0,15],[-317,-1],[-1,1008]],[[203186,535443],[2,258],[-4,85],[0,160]],[[203184,535946],[2,-29],[7,-17],[25,24],[0,-17],[5,0],[4,-12],[8,-8],[5,7],[9,-29],[5,-7],[-2,-13],[1,-32],[5,-8],[4,-19],[150,-1],[2,7],[9,8],[3,6],[6,21],[7,0],[13,20],[23,39],[14,18],[8,3],[10,6],[22,-33],[2,-30],[5,1]],[[203577,536095],[2,16],[9,-13],[13,20],[10,-6],[10,15],[4,-4],[-1,0],[-1,-2],[0,-2],[2,-4],[1,2],[0,3],[13,2],[16,-7],[3,2],[0,14],[4,255],[9,0],[17,-9],[5,-6],[6,-14],[17,-26],[5,-20],[22,-11],[11,5],[-16,60],[-15,29],[-6,18],[-8,15],[-5,-2],[6,23],[9,2],[6,-10],[7,5],[8,-11],[8,-4],[21,6],[6,-9],[7,-3],[12,3],[26,16],[5,-11],[0,606]],[[203825,537038],[0,297]],[[203825,537335],[14,-58],[7,-10],[3,-19],[1,-24],[15,-27],[11,1],[21,-5],[8,-12],[23,-22],[1,12],[8,-10],[1,8],[13,12],[5,-4],[8,7],[8,-14],[1,33],[7,13],[10,-8],[-2,-15],[10,-12],[3,7],[7,-12],[2,29],[9,12],[5,-6],[8,5],[-1,-15],[-8,-16],[6,-9],[5,4],[0,-10],[10,-19],[9,-1],[9,-7],[5,5],[9,-8],[5,5],[1,-27],[12,-30],[1,-16],[-2,-15],[3,-8],[0,-20],[-1,-14],[-9,-12],[-7,-29],[-5,-51],[2,-33],[-3,-36],[-3,-4],[-13,-43],[4,-9],[0,-20],[7,-6],[1,-31],[-3,-11],[6,-7],[1,-30],[4,-29],[-2,-22],[3,-22],[7,-10],[-4,-4],[-3,-20],[-2,-36],[3,-14],[-1,-59],[3,-36],[-8,-27],[-6,-35],[2,-26],[-8,-26],[-6,-14],[-8,-28],[0,-20],[8,-21],[8,-11],[5,-54],[7,-25],[10,-25],[6,-21],[6,-3],[9,-19],[9,-6],[11,-28],[7,-11],[2,-28],[5,-17],[5,2],[3,-12],[-3,-46],[3,-23],[6,-6],[-2,-23],[9,-58],[-3,-18]],[[204158,535812],[-7,-23],[2,-24],[-4,-37],[-4,-9],[-3,-25],[1,-18],[-3,-15],[-5,-47],[-8,-38],[-9,19],[-9,1],[-2,-21],[-27,-24],[1,-24],[-5,-9],[-7,4],[-6,-15],[-16,-15],[-5,23],[-4,6],[-4,-23],[-6,-10],[-4,-19],[-8,0],[-3,-46],[4,-24],[3,-3],[12,-40],[0,-20],[-3,-11],[-1,-35],[-5,3],[-4,-11],[4,-49],[7,-44],[-3,-41],[5,-23],[-8,-29],[-1,-43],[-7,-30],[-8,19],[-67,-1],[3,-11],[-7,-17],[0,-21],[-11,0],[6,-21],[13,-11],[9,-21],[14,-7],[3,-18],[7,-13],[14,-5],[10,-9],[2,-16],[4,-3],[4,10],[3,22],[12,11],[5,-3],[11,11],[3,18],[7,-11],[0,-17],[9,-42],[-3,-16],[-1,-29],[2,-39],[11,-19],[-2,-13],[-6,-2],[-6,-23],[-10,-8],[-9,-18],[-5,-18],[2,-32],[4,-32],[1,-36],[19,9],[4,0],[6,0],[-17,-22],[-7,-22],[-17,-19],[-2,-27],[-4,-4],[-5,-24],[-11,-19],[-5,-19],[-9,-63],[-5,0],[-2,-2],[-54,1],[-12,0],[-5,8],[-12,-7],[-8,11],[-2,0],[-5,-10],[-7,1],[-1,-66],[-14,-32],[-14,-21],[-23,0],[-4,39],[-7,81],[-4,-1],[-11,2],[-23,-1],[-20,-6],[-52,0],[-4,0],[-19,0],[-10,-11],[-6,-23],[-10,-41],[-11,-39],[-12,-55],[-8,-47],[-6,-29],[-10,-61],[-7,-29],[-5,-20],[-1,-3],[-7,-14],[-9,-13],[-24,-24],[-3,-12],[-4,-24],[-10,-27],[-5,-7],[-2,-9],[-4,-21],[-3,-6],[-8,2],[-12,-3],[-3,6],[1,32],[-3,5],[-7,-19],[-6,0],[-5,-6],[-12,13],[-4,30],[-4,-8],[-5,26],[0,14],[-1,7],[-1,3],[-5,2],[-9,10],[-6,-1],[-7,-2],[-8,6],[-14,-56],[-1,-18],[-7,-9],[-9,1],[-2,10],[-4,-6],[-6,18],[-9,1],[-8,10],[-14,2],[-8,-5],[-1,-22],[-12,8],[-4,-11],[-8,-2],[-5,10],[-2,-12],[-16,26],[-3,16],[-6,-3],[-4,9],[-1,12],[-8,14],[2,7],[-4,18],[-4,-3],[-4,14],[-8,3],[-4,15],[-2,21],[-6,17],[-1,24],[-9,5],[-1,19],[-4,1],[-3,30],[-3,6],[-7,-11],[-11,11],[-1,20],[-5,4],[2,20],[-2,24],[-3,4],[1,15],[-5,8],[0,14],[-3,23],[0,29],[2,5],[-5,803],[4,333]],[[203206,545890],[8,0],[0,1],[14,-40],[-22,-1],[0,40]],[[203975,543299],[51,2],[0,8],[27,1],[28,-1],[0,-43]],[[204108,542924],[-76,0]],[[204032,542924],[-1,0],[-4,1],[-3,0],[-10,0]],[[204014,542925],[1,53],[-8,34],[-6,22],[-6,18],[0,3],[-7,1],[0,22],[0,0],[-6,18],[-4,3],[-3,0]],[[203975,543099],[0,0],[-1,106],[0,18],[1,10],[0,66]],[[201906,540129],[12,-4],[26,-5],[43,0],[4,-16],[7,20],[2,18],[11,20],[7,4],[-4,21],[3,22],[10,11],[8,-3],[19,3],[5,30],[3,24],[3,8],[6,2],[9,20],[11,19],[3,20],[19,75],[4,28],[6,15],[6,25],[9,23],[14,44],[13,25],[14,33],[5,-3],[9,-35],[3,-4],[8,3],[15,16],[11,0],[13,-8],[12,6],[9,9],[17,4],[12,12],[14,19],[29,34],[27,18],[8,9],[18,36],[8,12],[12,24],[12,13],[14,5],[26,22],[4,9],[17,13],[-1,36],[5,66],[-1,110],[-33,124],[-6,28],[1,149],[1,40],[-2,121],[11,14],[22,3],[16,5],[12,14],[10,51],[3,83],[0,101],[37,29],[36,60],[25,42],[7,8],[18,-4],[-12,-69],[-4,-36],[-7,-21],[-2,-20],[-3,-40],[-5,-45],[-3,-9],[11,-23],[8,-5],[5,0],[17,3],[11,-34],[6,-52],[8,45],[39,215],[10,76],[-1,27],[7,9],[58,87],[6,9],[0,-44],[50,-68],[30,-50],[0,254],[-1,12],[-2,13],[57,86],[40,60],[52,79]],[[203018,542364],[1,-6],[0,-119],[0,-6],[1,0]],[[203020,542233],[1,-333],[-1,-4],[1,-156],[-1,-13],[1,-66],[1,-634],[1,0]],[[203023,541027],[1,-3],[-1,-6],[0,-6],[5,-8],[-1,-7],[-4,-6],[-8,-3],[-11,-11],[-7,-3],[-1,-20],[2,-12],[16,-3],[9,1],[3,0],[6,1],[-1,-14],[-3,-7],[-1,-4],[-4,-10],[0,-10],[0,-526],[1,-431],[2,-1438],[-33,1],[0,-66],[-2,-20]],[[202991,538416],[-3,-10],[-6,1],[-11,10],[-10,-6],[-10,0],[-6,-7],[-14,-3],[-4,-7],[-16,-42],[-13,-28],[-17,-23],[-13,-8],[0,-181],[4,-212],[1,-72],[-203,-14],[4,-43],[8,-36],[19,-51],[9,-45],[3,-23],[8,-11],[10,-2],[19,-31],[5,-24],[-3,-12],[1,-18],[-2,-33],[-2,-40],[-16,-53],[3,-34],[-3,-32],[-11,24],[-14,-3],[-9,-11],[-7,8],[-8,32],[-7,-16],[-8,-5]],[[202669,537355],[-5,16],[-3,30],[-8,13],[-12,-6],[-7,-11],[-5,14],[-10,-2],[-5,10],[-6,45],[-9,8],[-22,0],[-15,-19],[-11,1],[-9,-11],[-6,-2],[-15,-39],[1,-34],[2,-12],[-4,-29],[-1,-26],[-19,-32],[-11,-6],[-3,-13],[-7,7],[-2,50],[-6,8],[-9,30],[-4,4],[-15,42],[-12,19],[-9,22],[-9,-3],[-10,-11],[-2,14],[-17,-20],[-7,2],[-5,-18],[-10,16],[-5,0],[-4,-22],[-14,-8]],[[199173,570843],[6,5],[3,7],[9,14],[7,1],[6,10],[2,-3],[-7,-49],[-2,-25],[1,-40],[-5,17],[-3,-15],[-9,-3],[-6,46],[-2,35]],[[198973,574292],[6,-1],[52,-5],[5,1],[-1,20],[15,0],[1,-44],[22,7],[16,-1],[-1,-7],[59,4],[14,0],[1,-44],[-1,-103],[23,-214],[12,-148],[1,-13],[6,-1],[0,45],[14,0],[-1,89],[20,9],[10,-5],[3,5],[1,13],[10,18],[-1,-171],[57,1],[59,-8],[-1,54],[-4,-2],[-9,9],[-9,31],[-2,29],[3,18],[7,31],[15,8],[11,-5],[12,2],[6,-7],[8,-26],[3,-18],[7,-12],[1,-23],[4,9],[8,-3],[0,-21],[8,-42],[2,-14],[-1,-67],[-3,-47],[1,-16],[3,3],[17,41],[13,21],[11,14],[11,-1],[5,20],[7,12],[7,2],[5,16],[0,14],[4,22],[10,21],[9,4],[9,-8],[9,17],[19,-6],[11,16],[4,34],[0,29],[3,13],[-1,40],[9,23],[2,18]],[[199609,573992],[11,-41],[4,-40],[4,-8],[3,6],[8,-6],[12,-32],[10,-11],[9,-61],[-1,-24],[4,-20],[2,-37],[3,-17],[2,-30],[-21,-120],[1,-21],[-2,-7],[-9,-9],[-7,-24],[-21,-83],[-2,-9],[4,0],[99,142],[47,-6],[119,126],[23,2],[45,63],[15,1],[37,-3],[5,0],[3,-12],[0,-42],[-2,-30],[9,-44],[26,-51],[7,-30],[-5,-24],[-4,-2],[-1,12],[-5,14],[-6,-4],[-1,-29],[-6,-6],[-6,-15],[-4,22],[-7,6],[-8,-1],[-3,-24],[-4,-4],[-3,19],[-6,-6],[0,-23],[-9,-2],[-5,-7],[-3,4],[-3,12],[-8,5],[-2,-14],[3,-42],[-2,-4],[-12,40],[-5,1],[4,-23],[-2,-7],[-6,11],[-6,-3],[-9,2],[-1,-33],[5,-23],[-1,-6],[-9,10],[-4,-27],[-6,6],[-6,-16],[-5,23],[-2,24],[-6,3],[-5,-23],[4,-25],[0,-24],[-7,-20],[-5,-42],[-11,-35]],[[199863,573214],[-6,-19],[-11,-6],[-9,20],[-3,-2],[-12,-14],[-2,-11],[-58,-110],[-17,-28],[-12,-6],[-59,-84],[-2,119],[2,12],[-60,51],[-43,31],[-7,-29],[-13,-39],[-7,-16],[-5,-21],[-4,-26],[-6,-56],[-5,-35],[0,-36],[-8,-67],[-7,-37],[-3,-30],[-7,-47],[-1,-17],[-4,0],[-2,-6],[-8,6],[-26,1],[-37,-131],[-25,-37],[-16,-23],[-18,-28],[0,-36],[-5,-26],[1,-12],[-3,-20],[-1,-37],[4,-53]],[[199358,572309],[-10,-48],[-5,-9],[-2,-7],[-1,-7],[-1,-6],[-1,-7],[1,-6],[-2,-10],[-5,-6],[-1,-23],[-4,-26],[-14,-47],[-10,-19],[12,6],[-3,-19],[-16,-16],[-14,-20],[-17,-52],[-11,4],[-7,14],[-5,-1]],[[200245,558973],[17,0],[18,0],[0,-27],[4,0],[0,4],[12,-10],[1,33],[2,-1],[3,0],[1,-11],[7,4],[0,7],[2,0]],[[200312,558972],[0,-43],[-2,0],[0,-21],[4,0],[-2,-21],[-2,0],[0,-53],[0,-32],[0,-84],[0,-42],[0,-43],[2,0],[-2,-39],[0,-3],[0,-3],[1,-1],[0,-34],[-1,-5],[0,-19],[1,1],[-1,-23],[1,-12],[-1,0],[0,-13],[3,-4],[-2,-14],[-1,0],[0,-6],[3,0],[-2,-2],[0,-30],[-1,1],[0,-47],[-1,-85]],[[200309,558295],[-1,0],[0,-5],[-6,0],[0,5],[-19,1]],[[200283,558296],[-15,1],[-5,0],[0,-7],[0,-1],[-6,1],[0,7],[-15,-1]],[[200242,558296],[1,84],[0,0],[0,84],[0,42],[0,42],[2,85],[0,85],[0,86],[0,43],[0,41],[0,21],[0,64]],[[199362,568769],[2,0],[6,-35],[6,-18],[4,-18],[-2,-13],[5,-5],[1,-11],[-1,-28],[6,2],[4,-17],[-1,-39],[1,-20],[6,-13],[1,-12],[8,-17],[1,-11],[6,-7],[6,12],[0,-123],[4,0],[-2,-45],[3,-28],[6,-19],[1,-11],[-2,-38],[2,-13],[6,-11],[0,-21],[4,-27],[7,2],[1,-22],[5,-21],[-4,-15],[1,-27],[-5,-27],[-2,-37],[-8,-23],[-5,-5],[0,-10],[-6,-14],[-1,-22],[6,-37],[4,-7],[-3,-35],[1,-12],[-3,-35],[-5,-28],[0,-34],[2,-7],[-6,-21],[0,-15],[0,-10],[0,-508]],[[199422,567213],[0,-168],[-11,0],[-3,0],[-26,0],[2,-23],[-1,-18],[-6,-15],[-7,-9],[-1,-36],[-2,-16],[-5,-12],[-3,-25],[-1,-34],[-3,-36],[-3,-16],[-9,-24],[-1,-8],[1,-58],[-1,-27],[2,-23],[-4,-45],[-5,-22],[-1,-25],[2,-19],[4,-20],[3,-24],[2,-37],[3,-31],[8,-26],[-1,-53],[-3,-24],[-8,-27],[-4,-6],[-3,-20],[-4,-4],[-9,-33],[-4,-7],[-10,2],[0,-52]],[[199310,566192],[-23,1],[-2,-51],[-10,2],[-1,-14],[-7,-9],[0,-22],[-7,-24],[1,-15],[-1,-18],[-18,-33],[-3,-32],[9,-61],[4,5],[2,-28],[3,2],[-6,-26],[6,-3],[5,-22],[-2,-16],[6,-22],[-3,-24],[-12,-18],[-18,-1],[-2,-18],[2,-11],[-10,-42],[8,-8],[-2,-13],[3,-6],[1,-29],[8,-29],[5,-7],[1,-15],[8,-17],[8,3],[6,14],[-1,-23],[5,-36],[-3,-11],[1,-21],[-6,-32],[-1,-51],[5,-3],[1,9],[9,-1],[4,8],[8,-8],[3,-31],[-3,-63],[-5,-43],[0,-38],[-7,-31],[-5,7],[-6,-6],[-3,-12],[-3,-34],[-11,-58],[5,-21],[-3,-21],[0,-34],[-6,-20],[-3,-59],[2,-10],[-2,-71],[3,-18],[10,-15],[3,-25],[6,-20],[-1,-31],[1,-44],[5,-40],[0,-25],[-3,5],[0,-17],[-5,-1],[-7,-12],[-10,3],[-9,9],[-1,-24],[2,-27],[-6,-17],[0,-27],[3,-15],[-6,5],[-4,-10],[-6,24],[-3,4],[-6,-9],[-5,11],[-15,-14],[-24,-37],[-7,-28],[-12,-13],[-3,0],[-6,27],[-9,-3],[-5,23],[-9,15],[-13,3],[-19,-20],[-4,4],[-7,28],[-7,12],[-7,18],[-5,28],[-10,5],[-6,14],[-6,19],[-10,7],[-5,9],[-9,29],[-2,23],[-6,18],[-7,2],[0,176]],[[198992,564900],[-1,276],[0,498],[-63,-1],[-3,-2],[-125,1],[-22,0],[-5,0],[-15,0],[-9,0],[-13,0],[-57,0]],[[198271,566826],[31,52],[7,154],[-1,28],[5,17],[0,23],[-6,4],[1,16],[1,87],[0,19],[6,76],[21,113],[2,41],[-9,-45],[-3,-2],[-7,-32],[-9,-1],[-12,-33],[-5,-28],[-3,-4],[-13,-5],[-19,22],[-9,-1],[-8,-6],[-9,-14],[-8,8],[-3,-9],[-8,10],[0,8],[-11,1],[-7,-17],[-9,-5],[-3,5],[-6,-8],[-8,-62],[0,-21],[-4,-23],[-19,0],[-15,1],[-93,-1],[1,1015],[0,479],[0,29],[1,41],[-42,0],[-13,-9],[-7,-10],[-8,-18],[-15,24],[-2,-17],[-6,8],[-11,-4],[-4,8],[-5,-3],[-3,-16],[-3,8],[-7,-3],[-5,-17],[-13,-1],[-7,-18],[-7,-7],[-6,16],[-7,-2],[-7,-22],[-5,-1],[-2,19],[-11,8],[-10,0],[-3,-20],[-5,-18],[-8,4],[-3,-12],[-6,13],[-12,-5],[-11,-19],[-10,5],[-3,-4],[-11,16]],[[197762,568661],[0,26],[-2,14],[-9,25],[-2,32],[-3,30],[-21,69],[-7,31],[-2,29],[-8,22],[0,41],[0,9],[9,55],[3,32],[29,149],[6,4],[7,-13],[9,36],[12,56],[-7,12],[-17,-9],[0,30],[-4,19],[-5,9],[-1,23],[-9,3],[-14,30],[-13,48],[-6,15],[-12,21],[-13,30],[-20,-13],[-22,6],[-15,23],[-10,-1],[-5,-15],[-5,-4],[-6,22],[-17,21],[-16,39],[-3,39],[-12,-1],[-11,-11],[-7,22],[-5,7],[0,22],[-8,8],[-1,23],[-9,8],[-9,28],[-11,16],[6,7],[9,-3],[13,12],[3,13],[-5,9],[10,39],[6,44],[4,12],[-6,19],[-1,16],[5,-3],[-3,17],[0,20],[3,16],[-2,14],[4,27],[0,16],[-3,14],[4,2],[5,17],[0,24],[5,22],[0,19],[-2,21],[2,11],[2,30],[7,31],[2,30],[4,57],[4,70],[7,31],[4,41]],[[199495,569734],[17,8],[12,-2],[28,-25],[59,-8],[6,-20],[5,11],[19,0],[16,12],[13,3],[0,7],[5,3],[22,-16],[0,-8],[3,-7],[3,1],[1,-5],[2,1],[2,6],[5,22],[10,6],[-10,45],[2,12],[9,13],[-7,27],[0,22],[42,-3],[4,-47],[9,45],[4,19],[3,47],[2,15],[24,91],[23,-1],[29,1]],[[201535,568355],[-15,-61],[-5,-27],[-22,-105],[-12,-72],[-4,2],[3,-19],[-3,-16],[-13,-102],[-35,-286],[-5,-25],[-223,-1035],[-11,-57],[-16,-72],[-24,-291],[-5,-16]],[[199975,566681],[0,21],[-231,5],[0,511],[-260,-3],[1,6],[-5,12],[-4,-18],[-47,-1],[-7,-1]],[[199600,574631],[-7,0],[-4,-7],[5,-16],[-2,-7],[2,-28],[-2,-16],[5,-3],[9,-21],[-1,-20],[8,-9],[-4,-18],[-4,-7],[4,-8],[3,10],[4,-6],[3,-18],[0,-23],[-5,-2],[-5,-13],[-1,-13],[-4,3],[-4,-28],[-3,-2],[5,-22],[-5,-13],[7,-13],[2,-11],[-3,-19],[-7,15],[0,-20],[-7,-15],[5,-16],[-3,-11],[0,-18],[4,-22],[-4,-29],[4,-17],[-2,-18],[1,-17],[8,-7],[-2,-24],[8,-8],[0,-14],[4,-8],[0,-19],[4,-9],[-7,-52]],[[201076,573829],[8,22],[11,16],[5,-7],[3,-32],[-8,-11],[-7,-21],[-11,16],[-1,17]],[[200865,575746],[151,0],[3,-1],[116,1],[50,0],[0,55],[48,0],[46,0],[5,22],[5,48],[6,46],[7,24],[1,18],[-2,28],[3,30],[-2,24],[1,17],[-3,13],[0,26],[2,12],[3,12],[1,37],[2,5],[3,-50],[6,-5],[-2,32],[1,13],[3,-18],[9,-5],[-3,-19],[9,-15],[10,25],[2,-13],[5,-14],[15,-17],[3,17],[9,-16],[5,0],[1,12],[-3,50],[2,9],[-5,38],[5,7],[-6,8],[-1,25],[5,8],[-1,40],[-8,-1],[-9,7],[-12,15],[-3,35],[-1,20],[4,-12],[9,-7],[18,9],[1,30],[7,5],[3,13],[9,-22],[14,0]],[[201451,576540],[17,-30],[0,-31],[11,-18],[7,-26],[3,-4],[5,-40],[-1,-16],[-6,39],[-4,4],[-12,-10],[-16,-64],[-11,-4],[-7,-9],[-7,-36],[-7,-12],[0,-23],[-4,-45],[1,-11],[11,-8],[-4,-13],[-7,-1],[-3,-8],[2,-51],[8,-15],[5,13],[3,-9],[-2,-23],[4,-16],[-7,-7],[-2,-24],[3,-19],[7,-21],[2,-26],[-8,-24],[-4,-3],[-4,-40],[3,-20],[-2,-8],[-13,-11],[-3,-11],[-8,-10],[8,-23],[-5,-8],[4,-22],[4,-7],[6,-27],[-7,14],[-10,-7],[0,-28],[-10,-27],[-2,-15],[4,-25],[-3,-4],[-4,-36],[-8,-19],[1,-11],[-7,-19],[1,-26],[-3,-33],[3,-23],[2,-29],[-1,-12],[4,-20],[-2,-18],[9,-28],[6,-3],[-4,-22],[9,-35],[6,-7],[7,8],[0,-42],[5,3],[5,-45],[1,-16],[7,5],[3,-26],[0,-18],[4,-12],[3,-33],[14,-44],[5,11],[2,18],[7,-16],[2,-46],[14,19],[9,28],[24,32],[11,22],[8,-3],[9,8],[-2,19],[2,-1],[10,-1],[11,-15],[6,4],[3,19],[6,2],[7,11],[11,-16],[4,-28],[0,-43],[4,2],[4,18],[-1,-19],[-4,-17],[6,4],[1,13],[9,27],[10,10],[6,-3],[9,-2],[2,28],[5,1],[10,26],[17,-19],[1,35],[2,-31],[17,-112],[6,-59],[1,-37],[-7,1],[-3,22],[-5,4],[5,-53],[1,-25],[-2,-15],[-8,-26],[-3,-31],[-9,-20],[-10,-9],[-13,-23],[-6,-2],[-8,25],[-10,-1],[-1,-14],[-9,0],[-7,20],[-6,-10],[-2,-20],[4,-13],[-1,-15],[-26,-93],[-6,-3],[-13,-16],[2,-15],[-5,-12],[-5,-37],[-14,-10],[-2,-12],[-1,-23],[-2,-4],[-1,-32],[3,-29],[8,-14],[3,-24],[12,-15],[-5,-39],[-7,-6],[-8,17],[-15,8],[-6,8],[-3,-26],[-6,-3],[-13,-4],[-11,-40],[-2,-18],[0,-74],[-6,-33],[-4,-30],[3,-73],[-5,-42],[-13,-39],[-6,-38],[12,-116],[0,-45],[-6,-26],[-15,-98]],[[201442,573737],[-102,0],[-13,-4],[-14,-1],[-17,0],[-16,-4],[-5,173],[-25,-1],[0,85],[-3,2],[-21,0],[-4,-24],[-11,2],[-12,16],[-4,-7],[-5,9],[-7,0],[-6,-10],[-3,-14],[-13,-10],[-3,-26],[6,-30],[-1,-23],[-5,-11],[-3,2],[-5,18],[-5,7],[-3,21],[-5,9],[-4,-10],[-1,-30],[3,-27],[-3,-18],[3,-17],[-1,-11],[-10,-3],[-9,22],[-2,23],[-2,42],[-3,11],[-4,2],[-4,-12],[-12,-17],[-14,-28],[-5,0],[-2,-9],[2,-21],[10,-25],[0,-10],[-5,-4],[-11,0],[-8,-19],[-4,-4],[-8,14],[-4,24],[-5,2],[-10,-19],[-4,4],[-2,24],[9,11],[0,14],[-2,10],[-5,1],[-2,-21],[-6,-17],[-4,-42],[-1,-21],[-12,-42],[-9,-19]],[[200986,573674],[-5,-1],[-1,48],[-4,13],[-10,-3],[6,24],[-5,6],[-4,28],[7,27],[9,-2],[0,14],[9,4],[4,17],[-3,18],[-1,21],[-5,11],[2,24],[-1,16],[-7,-3],[-5,8],[-1,19],[6,-7],[6,18],[-3,12],[5,17],[-6,53],[0,32],[4,-2],[4,-20],[3,7],[1,22],[-8,9],[1,34],[-13,1],[-1,-18],[-5,-18],[-8,-5],[1,24],[6,21],[-9,-4],[-8,-6],[-6,-9],[-3,-11],[-7,-33],[-43,-227],[-17,-90],[-3,-28],[-1,-26],[-2,-22],[-11,-58],[-3,-19],[-1,-14],[-2,-29],[-4,-17],[-10,-29],[-7,-25],[-13,-75],[-8,-31],[-16,-50],[-90,-273],[-12,-40]],[[200688,573027],[-1,41],[-2,78]],[[200685,573146],[6,17],[0,37],[10,148],[15,64],[5,60],[2,219],[0,9],[-6,131],[-2,33],[1,34],[-10,86],[-2,10],[-136,-123],[-60,-130],[1,9],[-45,18],[0,129],[11,57],[4,112],[0,9],[6,38],[0,40],[-9,10],[-20,-17],[-8,11],[-4,21],[-9,31],[104,171],[4,21],[5,-6],[5,50],[47,228],[36,105],[11,110],[1,335],[-15,99],[8,234],[50,135],[22,56]],[[198395,556333],[5,20],[4,28],[7,16],[15,8],[15,14],[5,-7],[10,0],[3,-7],[34,27],[0,28],[0,41],[1,84],[13,-2],[40,5],[0,165],[-53,1],[0,153],[-7,3],[-15,-26],[-9,0],[-4,20],[-8,12],[-4,-3],[0,-28],[-7,-13],[1,-117],[-74,0],[-11,-3]],[[198356,556752],[-1,3],[-9,23],[-6,16],[-1,4],[-6,38],[-1,3],[-18,83],[-1,0],[-3,18]],[[198310,556940],[-4,18],[-28,136],[0,169],[0,105],[0,150],[-14,0],[0,41],[4,0],[0,22],[-4,0],[0,191],[-13,0],[0,20],[-5,21],[0,85],[-6,50],[-4,10],[0,34],[-2,39],[43,-37],[216,-182],[0,3]],[[198493,557815],[56,-48],[16,-9],[30,-13],[9,-11],[21,-31],[28,-23],[8,-4],[9,-3],[17,1],[11,5],[18,16],[45,54],[16,20],[90,110],[0,4],[0,26],[0,9],[0,6],[0,3],[0,5],[0,9],[0,85],[0,16],[6,3],[2,-18],[17,0],[3,0],[0,41],[12,6],[5,34],[36,0],[20,1],[6,3],[22,0],[6,-3],[20,1],[8,0],[24,1],[0,0],[41,0],[13,0],[0,-1],[0,-1],[0,-14],[0,-1],[0,-8],[0,-3],[43,-1],[11,-5]],[[199162,558077],[0,-10],[0,-1],[0,-18],[0,-106],[0,-45],[0,-2],[0,-79],[0,-44],[0,-85],[0,-84],[0,-127],[1,-43],[0,-70],[0,-16],[1,-214],[-1,-41],[9,0],[0,-42],[-10,-48],[0,0],[-18,7],[-8,-24],[-2,-11],[0,-16],[-5,-16],[-6,-53],[0,0],[0,-17],[-7,-29],[-6,-7],[-5,-18],[23,32],[1,-1],[8,-13],[-1,-81],[14,0],[0,-44],[11,-2],[5,-41],[7,-29],[8,-6],[-1,-22],[5,-25],[18,-1],[0,-85],[-13,0],[0,-84],[-54,0],[0,-43],[0,-10],[2,-14],[64,-257],[8,-32],[5,-33],[1,-34],[0,-86]],[[199216,555907],[0,-252],[-13,0],[-1,-33],[14,-28],[0,-23],[27,0],[0,-170],[54,0],[0,42],[-23,1],[-3,20],[0,108],[52,-3],[0,-168],[53,0],[0,-169],[27,0],[-1,-157],[7,-46],[2,-52],[5,0],[0,-83],[13,0],[27,-2],[2,0],[1,0],[2,0],[2,0],[7,-1],[13,0],[42,0],[11,1],[0,-339],[-26,0],[0,42],[-14,1],[0,42],[-13,0],[0,-85],[-27,0],[-26,2],[0,-8],[-2,8],[-52,-1],[0,167],[-106,-1],[0,-34],[41,-68],[3,-8],[5,-88],[1,-41],[0,-31],[-3,-18],[14,19],[9,3],[9,12],[0,-40],[-6,-8],[-9,-23],[-12,-42],[-12,-18],[-21,-76],[-4,-24],[-4,-33],[-4,-20],[-1,-22],[-5,-35],[-12,-40],[-4,-40],[-248,-2],[3,-1036],[-8,-25],[-7,-8],[-18,-37],[-13,-5],[-10,-30],[-10,-48],[-11,-33],[-7,-30],[-4,3],[-14,-38],[-12,1],[-12,17],[-9,8],[-18,5],[-10,27],[-6,11],[-8,34],[-17,4],[-12,-11],[-28,-13],[-15,-3],[-25,-8],[-13,9],[-4,-2],[-11,-19],[-19,-29],[-1,-13],[1,-501]],[[198689,552273],[-107,-70],[-93,-62],[-9,-4],[-12,12],[4,39],[13,42],[7,28],[9,53],[6,39],[-4,170],[-11,0],[34,169],[3,33],[0,135],[0,148],[0,192],[-51,0]],[[198478,553197],[-3,33],[2,14],[-2,25],[1,29],[-3,-3],[-13,63],[-1,46],[1,35],[6,20],[6,31],[3,31],[1,69],[-9,75],[-1,18],[-8,49],[-8,25],[1,26],[-1,31],[-3,20],[-1,32],[-4,29],[-4,36],[0,24],[-3,37],[0,27],[-1,27],[1,28],[-3,40],[-2,7],[-1,37],[-6,31],[-6,22],[0,41],[-2,80],[-2,21],[5,33],[0,47],[1,32],[-5,58],[-3,6],[-3,30],[-6,27],[-3,45],[-4,23],[-1,26],[-16,46],[-11,52],[-9,51],[-11,74],[-6,21],[-6,8],[-3,16],[-14,18],[-10,8],[-9,21],[-6,8],[-20,38],[-8,7],[-16,30],[-11,33],[-12,49],[-9,29],[-6,39],[-3,38],[7,44],[-1,34],[2,23],[-5,-1],[-2,29],[-1,76],[3,68],[0,78],[3,59],[6,41],[4,15],[1,37],[-7,11],[-12,45],[-10,55],[-4,38],[0,14],[5,43],[8,37],[6,35],[9,43],[-9,11],[-5,19],[-2,22],[4,20],[11,34],[4,19],[8,31],[2,27],[6,29],[10,22],[28,15],[15,-13],[14,1],[8,-18],[1,-4],[8,-17],[1,-2],[2,-2],[2,-3],[2,-1],[2,1],[4,-6],[8,3],[2,14],[8,13],[18,8],[4,7],[6,-2],[8,4],[5,11]],[[200123,559478],[1,0],[20,1],[6,0],[27,0],[13,0],[0,-16],[14,0],[0,-18],[4,-3],[13,37],[10,0]],[[200231,559479],[-1,-126],[-1,-29],[0,-13],[1,-23],[2,-26],[6,-36],[5,-32],[2,-51],[0,-85],[0,-85]],[[200245,558973],[-1,0],[-4,0],[-1,-16],[-9,4],[0,12],[-27,-1],[-27,0],[-9,0]],[[200167,558972],[-4,0],[-13,-7],[0,6],[-13,0],[0,-26],[-14,5]],[[200123,558950],[0,21],[0,85],[0,11],[0,75],[-1,23]],[[200122,559165],[0,62],[0,83],[0,84],[1,84]],[[201568,573730],[-55,4],[-71,3]],[[195117,563725],[45,1],[16,-4],[15,-9],[3,-11],[7,-45],[7,-25],[4,-36],[3,-21],[8,-13],[10,-37],[6,-17],[4,-27],[1,-46],[4,-62],[8,-61],[6,-71],[13,-62],[2,-25],[4,-24],[-1,-31],[-6,-26],[0,-26],[14,9],[3,10],[18,33],[7,-1],[5,10],[5,20],[0,28],[4,34],[0,14],[5,7],[4,3],[5,-12],[16,-4],[-4,23],[3,41],[25,-87],[3,-17],[5,-14],[5,-36],[4,-15],[-2,-40],[8,-12],[4,4],[4,-11],[2,-21],[8,-17],[9,-7],[3,-10],[9,0],[3,21],[14,14],[4,-7],[8,-28],[6,-36],[6,-12],[9,-44],[13,-44],[9,-18],[8,-35],[25,-36],[15,-50],[5,-9],[6,-28],[7,-15],[34,-55],[28,-9],[17,-31],[4,-18],[5,-9],[34,56],[54,3],[39,0],[2,1],[0,-248],[1,-6],[-42,0],[0,-43],[37,1],[-1,-31],[15,28],[1,-4],[-52,-113],[0,-44],[11,21],[7,-32],[83,4],[2,-11],[9,-31],[24,-6],[32,1],[-15,193],[19,61],[9,-37],[7,51],[-6,10],[7,42],[-4,19],[35,47],[86,112],[2,-20],[6,-24],[42,-159],[7,-31],[12,-43],[2,24],[10,62],[2,25],[10,53],[2,52],[7,30],[3,30],[12,45],[10,28],[11,13],[17,35],[13,44],[5,21],[8,21],[9,6],[-3,32],[201,262]],[[196456,563080],[-3,-1930],[0,-1010]],[[196453,560140],[0,-142],[0,-699],[0,-7]],[[196453,559292],[-593,337],[3,25],[8,19],[15,80],[82,357],[5,30],[12,48],[13,59],[0,35],[-13,295],[-2,20],[-5,-3],[-2,21],[-6,40],[-4,36],[-4,8],[-3,19],[-7,35],[-5,-1],[-9,-18],[-10,-12],[-20,-6],[-16,-8],[-16,12],[-30,4],[-9,9],[-6,2],[-6,13],[-8,5],[0,30],[-7,8],[2,34],[-9,-4],[-6,-54],[-8,13],[-5,18],[-5,37],[-7,1],[-12,16],[-2,15],[7,18],[1,17],[0,37],[-7,47],[-7,-28],[-3,-23],[-3,-4],[2,-25],[-4,-22],[-1,-18],[-7,-46],[-10,-48],[4,-19],[-18,-33],[-9,-3],[-9,-20],[-11,-39],[-2,-32],[-4,3],[-6,-27],[-3,11],[-6,-25],[-8,-41],[-3,-37],[-4,-15],[-11,-15],[-9,-24],[-5,-30],[1,-52],[-7,-37],[-3,-36],[-7,-43],[-4,-13],[-5,-55],[-3,-66],[-9,-70],[0,-43],[-3,-75],[-4,-48],[-6,-34],[-5,-93],[-1,-29],[-4,-4],[-1,-48],[2,-16],[-1,-47],[0,-40],[-12,-15],[-5,1],[-16,-33],[-1,-8],[-4,-23],[-13,-31],[-2,-11],[-16,-47],[-5,-10],[-18,-78],[-47,-201],[-15,-92],[-4,-15],[-19,-49],[-21,-73],[-11,-45],[-7,-24],[-6,-30],[-11,-43],[-6,-25],[-146,-62],[-49,-32],[-18,-20],[-29,0],[-23,16],[-35,-36],[-20,-20],[-11,-4],[-12,8],[-34,-5],[-24,22],[-42,22],[-5,1],[-29,-15],[-27,-18],[-22,-4],[-4,-3],[-12,-31],[-7,-9],[-19,4],[-12,-14],[-7,-1],[-9,-13],[-22,1],[-4,2],[-11,-6],[-6,-16],[-8,20],[-5,-4],[-5,5],[-6,-4],[-13,-46],[-23,24],[-7,2],[-12,-29],[-11,-2],[-5,-13]],[[194589,558445],[-8,52],[-1,26],[-12,24],[-9,10],[-5,11],[-6,55],[-14,43],[-10,39],[1,593],[-31,474],[1,32],[2,37],[0,31],[-3,65],[-17,44],[-1,41],[-1,65],[-9,10],[-10,17],[6,39],[5,43],[19,98],[8,33],[5,16],[-140,63]],[[194359,560406],[6,27],[4,7],[144,131],[11,11],[0,248],[1,11],[-1,295],[-57,0],[0,174],[1,472],[0,14],[-1,17],[85,0],[26,9],[54,1],[27,-1],[134,4],[0,-47],[53,-42],[55,1],[0,86],[10,8],[-1,28],[-9,-7],[0,52],[-26,1],[-5,6],[-8,23],[-17,-2],[-6,2],[-5,56],[68,1],[0,48],[78,-214],[3,-1],[45,-121],[19,-62],[19,-61],[12,54],[11,65],[2,32],[7,45],[12,20],[-3,8],[8,16],[3,199],[0,141],[-1,1520],[0,44]],[[200497,563202],[109,-2],[-1,1038],[5,8],[9,1],[7,11],[6,-8],[3,18],[5,19],[8,10],[9,2],[12,7],[4,10],[6,40],[9,7],[6,27],[11,23],[5,4],[5,21],[8,17],[10,4],[0,7],[4,-11],[7,4],[0,-19],[3,3],[12,-23],[10,7],[7,-7],[7,0],[7,-6],[8,16],[8,0],[5,27],[6,6],[11,-20],[17,-6],[-4,-26],[-5,-18],[6,9],[4,14],[10,28],[5,-6],[4,3],[5,16],[8,-8],[10,26],[7,-1],[2,-11],[5,1],[2,-12],[12,4],[6,8],[3,-17],[8,-17],[6,-19],[8,-14],[9,13],[4,38],[6,14]],[[200930,562691],[-53,-1],[0,-45],[0,-45],[-1,-25],[0,-53],[-3,-1],[-24,1],[-27,1],[1,-32],[-1,-34],[0,-4],[-1,-63],[1,-37],[-1,0],[-13,1],[0,-26],[-11,1],[-5,-6],[0,-16],[-10,-3],[0,-46],[-15,-3],[0,-71],[-26,-2],[5,-15],[3,-57],[-20,7],[-4,16],[-9,-56],[0,0],[-10,-63],[8,-1]],[[200714,562013],[1,-42],[0,-42],[0,-1],[0,-76],[0,-8],[15,-13],[12,14],[13,0],[0,84],[7,0],[0,-42],[33,0],[1,-126],[0,-86],[0,-153],[0,0],[0,-16],[-14,0],[0,-85],[14,0],[-1,-84],[-43,-1],[0,-9],[-2,-3],[-1,-13],[-3,-11],[-1,-7],[-10,1],[0,42],[-7,0],[-13,0],[0,0],[-21,0],[-7,0],[-25,0],[-1,0],[0,0],[0,-1],[0,-3],[0,-81],[2,-85]],[[200663,561166],[-13,0],[-1,0],[-9,-4],[-19,3],[-17,-1],[-1,0],[-36,1]],[[200567,561165],[-56,-1]],[[200511,561164],[1,28],[7,95],[5,38],[8,73],[7,9],[1,12],[9,28],[4,9],[-3,47],[-8,35],[-10,24],[-14,17],[4,20],[2,29],[4,20],[4,28],[9,0],[6,8],[5,42],[12,14],[3,22],[3,9],[15,21],[-51,219],[0,1],[-8,0]],[[200526,562012],[0,3],[0,166],[-28,1],[0,73],[5,0],[-1,53],[-4,0],[0,43],[2,30],[7,47],[5,48],[-10,2],[-2,-16],[-2,-7],[0,403]],[[200498,562858],[0,50],[0,109],[-1,185]],[[196453,559292],[108,-61],[187,-107],[207,-120],[54,-44],[0,7],[-2,27],[-16,25],[0,103],[187,-2],[3,-14],[12,-34],[23,-72],[8,-21],[44,-63],[12,-11],[17,1],[3,4],[6,27],[11,17],[3,44],[1,6],[3,4],[16,-5],[87,110],[10,15],[16,44],[37,49],[14,20],[14,14],[26,47],[-2,29],[1,33],[-8,63],[-2,24],[-20,110],[-4,28],[-1,38],[-5,52],[-3,14],[-2,34],[-3,26],[-6,34],[89,-5],[1,-6],[17,3],[4,9],[6,0],[12,-23],[14,-7],[3,-7],[4,-39],[5,-31],[10,-38],[5,-10],[13,0],[10,21],[14,47],[5,-19],[18,-25],[13,-35],[16,-26],[10,-11],[20,37],[10,4],[34,-2],[37,5],[9,4],[10,-12],[18,-17],[5,-1],[21,31],[7,-3],[9,-17],[12,-4],[7,-12],[7,2],[11,16],[14,27],[13,-54],[-4,-15],[-10,-11],[-15,-48],[-7,-15],[-8,-54],[0,-17],[-3,-20],[-5,-17],[-7,-1],[-5,-11],[14,-48],[10,2],[6,-9],[14,-38],[3,17],[12,15],[10,-1],[8,-22],[6,14],[4,20],[18,-29],[4,-3],[1,50],[8,101],[1,17],[-1,96],[-4,55],[7,10],[10,27],[19,-36],[6,-26],[-1,-34],[4,-24],[-3,-23],[3,-23],[1,-58],[-5,-40],[-3,-6],[-1,-33],[4,-17],[0,-29],[9,-26],[0,-48],[-3,-53],[4,-11],[1,-19],[14,-16],[4,-13],[2,23],[9,19],[4,34],[3,9],[5,38],[7,10],[7,0],[4,8],[17,15],[-6,49],[-1,30],[-9,48],[-2,25],[12,-4],[5,9],[11,-20],[3,13],[26,-11],[17,-2],[-1,60],[5,29],[-2,67],[1,23],[-2,21],[2,23],[36,-2],[1,-85],[37,1]],[[198313,559549],[2,-53],[-7,-34],[-13,-35],[0,-14],[1,-20],[9,-54],[1,-60],[-7,-27],[-3,-48],[0,-48],[-2,-24],[1,-20],[-5,-67],[-1,-49],[-5,-39],[-1,-37],[1,-17],[0,-41],[-3,-29],[0,-46],[2,-14],[0,-35],[2,-14],[5,-6],[-1,-24],[5,-22],[2,-34],[-3,-38],[-6,-62],[-1,-21],[1,-21],[-3,-44],[-3,-23],[0,-6],[-2,-18],[-3,-22],[-1,-9],[-4,-32],[0,-6],[3,-3],[2,-4],[4,-6],[10,-10],[14,-15],[27,-30],[-1,-29],[1,-127],[-2,-1],[2,0],[0,-155],[0,-4],[161,-136],[1,-1]],[[198310,556940],[-4,-3],[-49,-41],[-28,-36],[-6,12],[1,53],[-121,-1],[0,18],[-13,0],[0,-18],[-25,0],[-2,-1],[1,169],[-184,1],[-4,1],[0,-340],[-4,-6],[-2,-68],[0,-70],[6,-115],[-20,2],[-4,-11],[-4,13],[-15,4],[-38,2],[0,78],[-52,0],[-107,1],[0,-98],[26,-4],[10,-20],[57,-116],[56,-114],[5,-13],[3,-13],[1,-1],[-10,-33],[-16,-22],[-4,-18],[-12,-24],[-6,-27],[-9,-24],[-8,-11],[-4,-22],[-2,-26],[-10,-42],[-4,-6],[-7,19],[-2,20],[-13,42],[-5,-7],[-98,-172],[-8,-17],[-8,-27],[-79,-300],[-5,-27],[-5,-44],[-1,-29],[1,-42],[-7,-120],[-13,-77],[-7,-29],[-5,-11],[-1,1],[-24,-25],[-12,-31]],[[196457,554449],[2,628],[-1,501],[-2,28],[1,1487],[-4,0],[0,1261],[0,775],[0,163]],[[197762,568661],[1,-43],[8,-27],[-1,-28],[2,-17],[-1,-16],[-5,-27],[4,-27],[0,-26],[-4,-12],[-9,-10],[-14,-59],[2,-57],[-5,-74],[-2,-81],[0,-20],[6,-36],[3,-128],[1,-9],[12,-47],[16,-33],[1,-7]],[[197352,564356],[23,0],[2,0]],[[198992,564900],[-2,-5],[-11,10],[-4,-14],[-5,5],[-7,-11],[0,9],[-11,16],[-1,7],[-7,-6],[-7,7],[-1,8],[-7,6],[-3,18],[-5,-7],[-8,6],[-7,-7],[1,-32],[1,-19],[-9,1],[-7,-9],[-8,8],[-4,-7],[-5,20],[-8,19],[1,-24],[-6,-1],[-2,9],[-9,6],[-3,-14],[-8,4],[0,10],[-6,-11],[-13,-9],[-2,5],[-7,-9],[-5,14],[-9,-16],[-6,11],[-2,-8],[-8,8],[-4,-23],[-5,-13],[0,-13],[-5,-1],[-10,-10],[-4,2],[-2,-13],[-7,-11],[-3,9],[-6,0],[-20,20],[-8,-6],[-15,12],[-2,-11],[-12,-24],[-11,-10],[-5,-19],[-6,-8],[-12,-40],[-6,-23],[-10,-29],[-1,-18],[-10,-47],[-9,-31],[-4,-45],[-11,-24],[-7,-12],[-22,-26],[-7,0],[-6,-10],[-7,-27],[-7,-53],[-9,-23],[-16,-26],[-9,-21],[-19,-24],[-10,-29],[-7,-11],[-7,-22],[-12,-4],[-8,-25],[28,-26],[-1,-676],[-2,-6],[-53,-162],[0,-168],[-13,0],[-1,-209]],[[198399,562962],[-9,-23],[-2,-19],[-6,1],[-7,-15],[-7,25],[-12,20],[-2,13],[-8,22],[-5,-15],[-6,-31],[-8,21],[-13,0],[-10,-28],[-2,-25],[2,-29],[-4,-24],[0,-25],[-2,-27],[4,-41],[5,-24],[-5,-4],[-14,8],[-5,-29],[-9,-22],[-4,-1],[-9,19],[-3,20],[-12,3],[-4,-19],[1,-32],[-7,-17],[0,-17],[-11,-5],[2,-18],[-1,-38],[-7,-90],[6,-10],[7,-21],[9,-10],[5,-18],[-1,-50],[-8,-86],[-26,-11],[33,-86],[2,-38],[2,-11],[-10,-1],[0,-166],[0,-45],[-54,0],[0,-127],[54,0],[0,-42],[54,-1],[0,-42],[-108,0],[0,-42],[54,0],[0,-43],[-7,1],[-1,-19],[9,-67],[0,-31],[3,-25],[-1,-20],[3,-27],[1,-40],[5,-24],[2,-34],[-3,-53],[-4,-6],[-18,-66],[-6,0],[-19,11],[-7,1],[-11,11],[-6,-7],[-13,-51],[-20,-62]],[[198145,561138],[-4,-13],[-13,7],[-11,1],[-22,-3],[-17,5],[-14,1],[-5,-6],[-3,-9],[-26,128],[-8,20],[-1,22],[2,9],[1,18],[1,20],[-2,14],[2,19],[-1,22],[-3,16],[0,19],[-3,35],[2,19],[-1,29],[-7,39],[-6,52],[-8,30],[-6,19],[-5,43],[0,33],[-10,34],[0,15],[-8,20],[-1,20],[-4,26],[0,17],[-6,22],[2,16],[2,33],[-101,-865],[-24,84],[-49,131],[-9,19],[-41,79],[-5,14],[-30,101],[-2,15],[-4,60],[-3,22],[-29,38],[-47,41],[-21,41],[-96,111],[-6,-10],[-8,4],[-11,33],[-25,26],[-16,-4],[-16,-17],[-14,-22],[-4,0],[-13,18],[-12,21],[-13,-8],[-5,1],[-10,-11],[-1,-11],[-12,-35],[-5,-6],[-3,-27],[-4,-9],[-14,0],[-4,9],[-5,-2],[-3,11],[-5,38],[-6,23],[-1,15],[-5,19],[0,43],[-7,15],[-2,21],[-1,35],[3,27],[-5,65],[29,-1],[10,9],[-71,167],[12,8],[8,-1],[5,16],[3,-5],[7,14],[3,36],[-1,19],[-5,6],[5,116],[1,56],[-1,16],[4,78],[1,61],[6,80],[-5,-13],[-14,-23],[-7,-26],[-3,-43],[-12,-36],[-16,-34],[-11,-33],[-8,-35],[-21,1],[-5,-16],[-5,-10],[-13,2],[-5,-8],[-10,-29],[-97,222]],[[197052,562677],[2,1056],[-2,-3],[1,9],[0,43],[0,2],[0,4],[6,12],[88,238],[22,13],[12,11],[8,-1],[19,12],[11,-37],[11,-25],[7,1],[9,14],[10,1],[13,10],[32,2],[6,11],[-2,19],[4,34],[5,16],[15,19],[14,48],[5,81],[0,51],[4,38]],[[200238,560854],[14,8],[6,0],[8,-7],[9,-15],[2,39],[6,0],[0,-43],[52,0]],[[200335,560836],[47,1],[-11,-13],[-10,-15],[-7,-14],[36,-2],[0,-4],[-1,-121],[0,-123],[0,-46],[0,-7],[-9,0],[-5,0],[-12,-1],[-2,-70],[-4,-8],[9,-3],[1,-1],[-4,-27],[0,-54]],[[200363,560328],[-12,-1],[-15,0],[-27,-1],[-25,2],[0,-26],[-9,-1],[0,16],[-10,0],[0,-4],[-16,0],[0,14],[-11,0],[-1,-68],[-1,-19]],[[200236,560240],[-1,2],[-5,0],[0,85],[-14,0],[-13,0],[-12,0],[-15,0]],[[200176,560327],[0,86],[-1,85],[0,33],[0,79],[0,57]],[[200175,560667],[0,50],[0,120]],[[200175,560837],[0,0],[12,0],[19,31],[7,-3],[12,-16],[13,5]],[[204166,567455],[3,16],[-4,23],[1,22],[11,-29],[13,8],[13,3],[7,23],[5,23],[13,17],[6,20],[-4,18],[-15,-13],[-4,18],[-6,-25],[0,37],[-8,15],[8,3],[10,12],[2,25],[14,23],[11,6],[8,17],[1,13],[-6,16],[1,17],[-9,39],[-6,14],[-9,-9],[-1,16],[-7,20],[-7,4],[-1,17],[-15,17],[-2,12],[-8,12],[-8,-4],[3,17],[-5,21],[11,-3],[9,8],[3,15],[5,-16],[0,-19],[3,7],[6,-41],[4,14],[3,-21],[5,-5],[6,17],[0,-19],[8,-7],[5,17],[0,-27],[12,-10],[5,8],[6,-18],[4,-3],[8,-30],[5,0],[3,55],[-5,34],[8,-5],[2,38],[1,28],[7,8],[0,18],[4,2],[3,-37],[-5,-21],[5,-43],[-1,-11],[4,-39],[12,1],[9,11],[3,38],[-3,52],[3,1],[3,-21],[10,31],[1,11],[8,0],[2,-41],[-7,-19],[5,-67],[4,15],[3,46],[13,54],[-2,-45],[-4,-16],[1,-30]],[[204366,567854],[0,-733],[0,-27],[1,-693],[-2,-91],[2,-116],[-1,-1871],[0,-55],[-1,-1104],[6,-259],[0,-161],[1,-58],[-1,-115],[9,-190],[63,-923]],[[204443,561458],[-11,-5],[-6,5],[-15,-16],[-3,-7],[-7,7],[-20,5],[-2,7],[-12,7],[-15,-4],[-10,-14],[-13,-6],[-25,-37],[-6,-2],[-2,-18],[-4,3],[-3,-20],[3,-30],[-4,-70],[0,-37],[-13,-41],[2,-21],[-5,-13],[0,-22],[-7,-7],[-10,-42],[-1,-34],[-5,-20],[2,-10],[-5,-29],[-9,-14],[-4,-15],[-4,-29],[-6,-2],[-7,-18],[-4,-4],[-11,1],[-2,-8],[0,-8],[-4,-31],[0,-28],[-3,-19],[-1,-26],[-3,-7],[-6,4],[-3,-17],[-2,-16],[0,-49],[2,-22],[-1,-17],[3,-25],[-114,0],[-29,0],[-274,-2],[-5,64],[2,41],[-2,49],[-11,111],[-1,22],[3,33],[6,37],[4,14],[1,14],[4,32],[-3,17],[-29,38],[-13,-19],[-21,-25],[-3,-6],[-3,6],[-7,-38],[-17,-58]],[[203881,537442],[6,8],[10,0],[9,8],[8,18],[18,-9],[16,-15],[5,6],[10,-2],[11,10],[5,-1],[14,16],[9,24],[10,1],[16,12],[7,11],[4,7],[1,-6],[5,6],[3,-4],[5,-15],[1,-16],[0,-7],[34,1],[1,340],[52,-1],[0,59],[55,0],[95,-1]],[[205368,533453],[0,-5],[0,-209]],[[205368,533239],[-503,5],[-431,3]],[[204434,533247],[1,152],[0,7],[-1,275],[7,51],[2,20],[6,22],[12,22],[5,28],[4,14],[12,26],[1,18],[3,10],[-4,10],[1,7],[-7,10],[-3,19],[-5,8],[-7,24],[-5,-3],[1,-19],[-3,-13],[2,-8],[-4,-34],[-12,-3],[-6,9],[0,558],[1,385],[-1,3],[-108,-2],[-3,6],[1,13],[-4,14],[-2,32],[-2,9],[-2,42],[0,17],[-6,26],[-9,27],[-6,39],[-6,26],[-6,54],[-2,4],[8,87],[5,18],[3,5],[3,-1],[3,4],[3,6],[2,8],[1,4],[0,7],[3,13],[7,18],[11,39],[5,7],[5,1],[-3,3],[-9,34],[-1,19],[-1,10],[-1,4],[-4,11],[-10,41],[-1,10],[-8,1],[-9,9],[-6,24],[0,14],[-3,2],[-10,39],[-1,25],[-6,36],[-6,5],[-3,17],[-8,11],[-5,11],[-10,5],[-10,28],[-7,11],[-12,28],[-6,31],[-7,5],[-25,-1],[-7,2],[-1,9]],[[203825,537335],[-12,14],[-4,21],[12,19],[1,7],[-3,13],[1,12],[4,10],[4,5],[4,-4],[16,6],[9,-11],[5,10],[19,5]],[[196191,567841],[-5,-10],[5,-20],[3,-25],[-7,-17],[-1,-38],[1,-24],[10,-25],[-1,-27],[-5,-16],[-11,-6],[-12,11],[-8,-21],[-10,5],[-19,-37],[-4,-24],[2,-49],[-2,-59],[-8,-41],[-7,-20],[7,-43],[-12,-29],[-14,13],[-3,-5],[-3,-26],[3,-13],[1,-25],[-14,-26],[5,-8],[5,-17],[11,-15],[3,-15],[0,-20],[7,-40],[16,-143],[1,-36],[188,-334],[17,-26],[11,-16],[118,-149],[0,-308],[0,-303],[-1,-32],[1,-1426]],[[196459,564356],[-3,-1276]],[[195117,563725],[1,137],[-1,328],[309,1],[6,0],[-1,121],[5,-7],[2,-7],[14,-12],[227,-288],[8,123],[3,38],[-5,28],[2,139],[10,99],[26,356],[28,151],[1,8],[10,128],[26,367],[1,11],[8,223],[1,22],[7,20],[53,140],[4,14],[14,64],[3,12],[36,106],[4,13],[32,162],[11,76],[5,55],[2,15],[13,46],[1,10],[2,25],[-2,37],[-2,10],[-13,60],[-2,13],[0,28],[4,45],[0,12],[-13,56],[-6,16],[-14,-6],[-8,-11],[-4,0],[-13,14],[-2,6],[-60,207],[-3,3],[-8,10],[-14,34],[-15,24],[-23,46],[-13,42],[-12,18],[-5,5],[-11,-5],[-12,-19],[-15,-38],[-5,-32],[-2,-5],[-14,-6],[-10,7],[-4,12],[-2,-10],[-22,24],[-7,25],[-10,-11],[-5,-3],[-2,-3],[-4,-20],[-7,27]],[[201252,558342],[84,0],[49,2],[1,-26],[14,1],[3,25],[2,0],[2,3],[7,5],[12,32],[10,-23],[4,14]],[[201440,558375],[3,21],[5,14],[3,36],[10,9],[0,26],[7,15],[8,42],[15,46],[25,31],[5,11],[11,34],[10,16],[9,11],[0,3],[2,22],[-9,11],[0,3]],[[202205,558125],[-152,-1],[-53,0]],[[202000,558124],[-54,0],[-53,0],[-3,0]],[[201890,558124],[0,1],[-65,14],[-2,1],[9,220],[-11,113],[-7,-1],[-34,-10],[-48,2],[-24,3],[-30,-1],[-105,2],[0,-62],[0,-107],[0,-92],[0,-4],[4,-17],[8,-56],[-5,0],[-1,0],[22,-152],[-3,6],[1,-28],[-21,0],[-6,3]],[[201572,557959],[-6,2],[-21,0],[0,-42],[-27,-1],[0,43],[-14,0],[-3,-19],[-8,-8],[-1,12],[-1,15],[-5,0],[0,-19],[-7,2],[-3,-4],[-4,-15],[-2,0],[5,16],[-3,13],[0,7],[-7,0],[-40,0],[-1,-44],[-5,-1],[-1,-14],[-7,6],[0,-57],[-5,36],[-6,74],[-43,0]],[[201357,557961],[1,85],[0,84],[0,96],[-1,9],[7,18],[10,42],[-15,21],[-8,6],[-15,-1],[-6,-1],[-8,-5],[-3,-4],[-9,-11],[-14,0],[-12,1],[-13,-1],[-19,0]],[[201252,558300],[0,42]],[[201572,558048],[0,-6],[13,0],[0,9],[-2,1],[-1,18],[4,0],[-1,9],[-9,0],[-1,-9],[-2,0],[0,-6],[-1,-4],[0,-12]],[[202091,554069],[54,0],[40,1],[1,0],[26,2],[0,-11],[13,0],[0,9],[-1,3],[1,0],[-1,170],[-1,169],[0,9],[25,59],[8,19],[33,82],[42,101],[28,66]],[[202359,554748],[6,0],[16,-131],[5,-37],[0,-15],[6,-34],[4,-8],[-2,-31],[3,-17],[4,-61],[8,-52],[12,-113],[16,-11],[1,-6],[0,-162],[48,-1],[-49,-217],[-7,-36],[-24,-85],[52,-94],[14,-29],[6,3],[11,13],[4,-9],[0,-8],[0,-5],[38,0],[0,5],[1,8],[1,-9],[8,-9],[12,-31],[19,10],[0,67],[25,7],[0,83],[25,-2],[15,1],[1,-38],[11,1],[2,36],[53,4],[0,118],[-5,20],[-1,25],[6,4],[13,-2],[0,42],[24,127],[135,7],[-7,-35],[-16,-44],[-3,-14],[-2,-70],[-2,-11],[3,-2],[37,1],[16,-5],[2,4],[13,-9],[6,-12],[11,-12],[4,0],[2,-10],[20,-39],[8,-12],[9,-8],[11,-8],[15,-8],[2,1],[14,-22],[27,-45],[3,-2],[20,5],[11,19],[9,46],[18,32],[6,0],[8,-20],[7,-3]],[[203128,553793],[-1,-27],[-1,-6],[4,-12],[-1,-22],[1,-21],[-3,-15],[-7,-17],[0,-14],[4,-32],[-1,-12],[1,-34],[4,-15],[6,-15],[10,-32],[7,-29],[8,-19],[4,-19],[12,-30],[8,-27],[16,-77],[8,-11],[5,-36],[6,-65],[-3,-2],[-6,-38],[0,-13],[-5,-16],[-1,-26],[-2,-21],[1,-11],[13,18],[25,11],[38,24],[8,8],[80,56],[14,-28],[3,-20],[10,-14],[0,-15],[-3,-14],[5,-7],[3,-16],[17,-12],[4,-21],[9,-27],[7,-8],[12,-2],[169,-86],[8,-27],[12,-52],[3,-25],[8,-10],[0,-36],[8,-26],[2,-16],[0,-43],[-7,-70],[2,-45],[7,-3],[7,5],[5,-4],[2,-17],[5,-14],[24,-63],[23,-72],[2,-15],[7,1],[5,-28],[5,-78],[3,-13],[3,-25],[6,-24],[4,-7],[1,-24],[6,-5],[9,-16],[8,-67],[3,-69],[2,-16],[-4,-32],[5,-23],[-1,-17],[2,-23],[3,-12],[4,4],[5,-17],[10,-9],[8,-15],[1,-44],[-1,-18],[5,0],[19,-60],[4,-1],[9,-21],[6,-7]],[[203864,551727],[0,-350],[17,33],[25,53],[31,56],[2,-14],[9,-20],[11,-73],[7,-19],[18,-28],[5,-22]],[[203989,551343],[2,-20],[-1,-24],[27,-146],[9,-49],[-23,-64],[-12,-41],[-23,-50],[-16,-53],[-1,-40],[-3,-10],[-15,-27],[-10,4],[-6,-4],[-5,-20],[-5,-7],[-4,-22],[5,-43],[2,-39],[9,-43],[10,-24],[10,4],[4,-3],[5,-17],[4,-20],[3,-55],[0,-48],[5,-40],[-8,-38],[0,-21],[-3,-29],[-6,4],[-3,-16],[-2,-19],[-6,-19],[-10,-47],[3,-56],[8,-53],[-1,-13],[4,-100],[2,-10]],[[204021,549329],[-2,-17],[-6,-2],[-10,6],[-10,-7],[-8,-14],[-5,-3],[-13,-38],[-3,-12],[-10,-14],[-10,-4],[-5,-11],[-6,-2],[-6,11],[-7,-97],[-57,88],[-15,25],[-31,35],[-2,28],[-4,-1],[-10,28],[-6,6],[-10,-12],[-7,2],[-49,89],[-21,31],[-32,71],[-5,11],[-48,89],[-10,-26],[-19,-38],[-9,-26],[-6,-29],[-10,-21],[0,-8],[-9,-27],[-13,-11],[-6,-22],[-5,-1],[-10,-17],[-18,-59],[-7,-12],[-21,-55],[-4,-20],[-31,-87],[-10,-14],[2,-12],[16,-62],[-5,-7],[-25,72],[-14,71],[-15,53],[-32,165],[-69,311],[-5,18],[-3,13],[-33,98]],[[203252,549862],[-45,132],[-13,53],[-10,45],[-29,150],[-8,39],[-160,629],[-3,-7],[-55,-173],[-7,-15],[-3,-18],[-195,-620],[-20,-59],[0,-5],[-23,-74],[-1,-17],[-2,-21],[-6,0],[-2,-13],[-13,-44],[-9,-44],[0,-56],[-9,-112],[-4,18],[-3,37],[-1,35],[-8,42],[-2,27],[-7,11],[-6,0],[3,9],[-4,23],[-9,38],[-5,2],[-5,16],[-11,4],[-8,20],[3,9],[0,2],[0,11],[0,4],[0,323]],[[202572,550263],[5,12],[8,46],[5,3],[-2,39],[5,41],[9,20],[8,27],[4,48],[-8,30],[13,105],[5,28],[10,-2],[9,3],[15,-23],[1,7],[1,36],[0,119],[-2,8],[2,22],[4,63],[-4,29],[0,23],[-8,80],[-7,41],[-3,14],[-1,42],[2,27],[-2,22],[2,62],[-1,33],[-9,8],[-217,151],[-3,20],[1,168],[-5,6],[-2,2],[0,208],[-1,181],[1,22],[-23,4],[-23,1],[-1,0],[0,-3],[-3,0],[-2,1],[15,127],[16,77],[0,17],[16,70],[2,13],[-15,32],[-3,4],[0,2],[1,39],[29,122],[5,11],[14,12],[5,23],[0,50],[5,-1],[3,34],[-12,54],[-10,28],[-32,18],[-7,-1],[-1,36],[-1,3],[-24,-24],[-11,-7],[-3,-3],[-13,-10],[-13,-10],[-41,-28],[0,80],[0,83],[-54,0],[-13,0],[0,7],[-1,7],[-1,5],[-2,-1],[-2,-4],[-2,-3],[-4,-9],[-18,-1],[-6,-22],[-12,-18],[-6,2],[-9,23],[-4,5],[-12,-9],[-8,-18],[-6,-9],[-3,8],[-2,24],[-8,25],[-5,3],[-3,-2],[-2,-18],[-3,-6],[0,29],[-1,68],[0,38],[-1,166],[0,127],[0,512],[0,145],[-1,107]],[[199600,574631],[7,-10],[14,9],[18,-18],[-7,-24],[-2,-32],[4,-22],[6,1],[17,26],[9,44],[13,-8],[4,4],[12,-7],[6,7],[0,14],[-12,36],[-5,4],[-8,-5],[-2,9],[0,13],[4,32],[-1,18],[-5,24],[0,21],[6,29],[0,36],[4,42],[-1,47],[5,17],[6,37],[6,19],[13,14],[6,22],[9,13],[2,13],[5,8],[11,-10],[3,-22],[19,-23],[3,7],[5,28],[5,2],[6,-20],[7,-10],[-2,-17],[1,-16],[-1,-38],[5,-10],[8,19],[5,6],[7,-6],[7,2],[8,34],[7,18],[5,4],[8,17],[3,-2],[2,-21],[-3,-3],[-3,-35],[4,-37],[2,-8],[15,-20],[7,5],[9,-4],[12,1],[4,-6],[1,-16],[5,-27],[0,-37],[5,-19],[5,-3],[9,-15],[5,3],[6,-5],[10,1],[7,21],[-3,5],[-9,-18],[-2,8],[0,13],[8,42],[1,-9],[5,18],[-1,20],[2,20],[-2,21],[-6,-3],[-4,7],[-7,51],[6,38],[9,18],[2,10],[-1,78],[0,43],[8,10],[4,83],[6,-12],[14,-14],[8,17],[5,-12],[8,2],[10,19],[3,17],[7,16],[5,-10],[11,1],[7,12],[11,-3],[8,18],[6,24],[6,5],[-1,-10],[2,-36],[7,9],[7,21],[6,7],[14,9],[9,43],[9,11],[2,13],[0,24],[4,29],[8,17],[3,37],[5,25],[13,26],[5,22],[8,2],[-1,14],[2,15],[4,0],[-7,25],[-4,5],[2,19],[-5,19],[-1,14],[-9,7],[-1,15],[247,0],[117,1],[0,21],[43,0]],[[200685,573146],[0,18],[-9,38],[-6,33],[1,6],[-120,-1],[0,44],[-37,-1],[4,-21],[-2,-24],[-3,-5],[-2,-8],[-1,-6],[-2,-7],[0,-10],[-9,0],[0,-17],[-2,1],[-8,-8],[-7,-19],[-27,1],[-14,-1],[0,-33],[-5,-1],[4,-10],[8,-26],[5,-17],[1,-57],[3,-17],[-3,-12],[-20,-1],[-8,0],[0,-172],[16,-1],[-2,-15],[-11,-33],[-8,-18],[-2,-30],[-3,-26],[-8,-12],[6,-12],[-6,-28],[0,-8],[-13,-19],[-22,6],[-6,10],[-21,18],[-14,-3],[-7,8],[-6,-6],[3,11],[-7,15],[4,22],[-1,20],[-7,6],[0,-165],[1,-525],[0,-74]],[[199968,572536],[0,168],[-140,1],[9,28],[6,37],[1,24],[-2,24],[4,48],[2,56],[-1,19],[3,9],[-4,46],[3,27],[-1,74],[4,44],[0,29],[7,24],[4,20]],[[200116,573204],[7,1],[-2,-13],[8,-15],[-1,-15],[4,-12],[5,3],[5,-17],[6,19],[9,-18],[2,-20],[7,-25],[1,-16],[12,5],[8,-17],[2,-15],[-7,-17],[-4,1],[-1,-24],[7,-27],[4,-6],[4,-4],[10,7],[4,24],[7,3],[-4,-12],[5,6],[3,31],[11,13],[9,-2],[8,-27],[7,-30],[22,26],[2,-1],[6,12],[16,18],[-15,67],[25,56],[9,15],[2,9],[1,7],[16,20],[10,7],[9,15],[-4,3],[-6,-1],[-5,6],[-11,-8],[-11,-1],[-28,31],[-13,38],[0,27],[6,0],[7,25],[13,7],[6,15],[4,1],[8,39],[4,6],[9,-4],[-6,22],[-6,15],[-4,5],[-9,-9],[-9,2],[-7,-9],[-5,-14],[-5,1],[-11,-12],[-9,7],[-8,15],[-8,-8],[-10,4],[-5,-3],[-9,16],[-6,-18],[-10,-17],[-1,-13],[-5,-8],[-5,4],[-3,-11],[-6,-5],[-14,-32],[-8,1],[-12,-17],[-7,1],[2,-15],[6,-10],[3,-26],[-7,-18],[1,-9],[-7,2],[-7,-9],[-7,6],[-9,-8],[4,-15],[-9,-18],[0,-13]],[[198356,556752],[12,-102],[8,-63],[0,-2],[10,0],[1,-130],[-1,-37],[0,-85],[9,0]],[[198478,553197],[2,-22],[-3,-38],[-5,-29],[-2,-24],[-4,-35],[-7,-39],[-7,-74],[-8,-58],[-4,-19],[-1,-23],[-4,-13],[-2,-16],[-2,-11],[-9,-19],[-7,-25],[-27,-36],[-7,-1],[-13,25],[0,23],[-12,0],[-4,9],[-3,-22],[-11,22],[-18,25],[-9,8],[-24,-11],[-4,-6],[0,7],[-8,-1],[1,-21],[1,0],[-4,-14],[-8,-7],[-10,3],[-7,18],[-9,31],[-4,-13],[-7,1],[-8,-12],[-5,-25],[-4,19],[-9,14],[-5,21],[-7,7],[-6,13],[-4,24],[3,25],[2,36],[-2,16],[-7,19],[-7,7],[-29,8],[-7,-3],[-10,5],[0,18],[-6,-1],[0,-11],[-19,22],[-8,1],[-8,24],[-4,22],[-6,-1],[2,34],[-2,7],[-22,41],[-5,-33],[0,-75],[-6,-22],[-14,29],[-7,7],[-5,-4],[-12,22],[-3,32],[-6,9],[-4,22],[-22,62],[-5,5],[-10,24],[-10,15],[-9,-10],[-11,9],[-4,10],[-8,4],[-4,-12],[-22,6],[-13,-18],[-6,-18],[-12,-21],[-4,-15],[-8,-12],[-26,0],[-5,5],[-22,-4],[-7,-9],[-10,0],[-7,40],[-8,29],[-12,12],[-30,5],[-3,-6],[-6,6],[-23,47],[-15,25],[-12,28],[-17,16],[-18,25],[-21,7],[-15,-20],[-4,-17],[-11,-15],[-16,-4],[-8,1],[-10,16],[-18,21],[-17,47],[-7,57],[-7,27],[-7,74],[-13,55],[-23,-54],[-9,37],[2,19],[-14,62],[-9,29],[0,345],[0,896],[-2,134]],[[204982,547017],[242,1],[18,4],[152,-3]],[[206287,542907],[2,-28],[-16,-102],[-6,-57],[-3,-10],[-5,-40],[-8,-19],[-3,-26],[2,-38],[-3,-15],[0,-26],[-11,-45],[-6,-35],[-3,-30],[-1,-45],[-9,5],[-5,-7],[4,-5],[3,-22],[1,-30],[-3,-15],[-6,-18],[-3,-16],[-11,-12],[-6,-13],[-2,-34],[-7,-15],[-6,4],[-3,-6],[4,-59],[-1,-22],[-4,-20],[-8,4],[-8,-19],[1,-33],[-6,-15],[-8,-66],[-1,-27],[-4,-17],[-9,-59],[-9,-38],[-1,-27],[-5,-32],[-6,-20],[-17,-17],[-3,-20],[7,-26],[9,-13],[15,-3],[6,-38],[8,-4],[3,-22],[12,6],[10,0],[5,19],[15,31],[4,13],[7,9],[8,-33],[8,-15],[11,-9],[11,0],[13,-13],[5,-12],[7,1],[6,-24],[15,-36],[4,-22],[12,-32],[6,-1],[18,14],[9,-19],[-8,-17],[-11,1],[-7,-7],[-1,-26],[-4,-29],[-2,-31],[5,-23],[11,-2],[11,15],[-3,-15],[-12,-20],[-2,-27],[-4,-12],[-3,-27],[-4,-38],[4,-63],[1,-50],[-2,-26],[-2,-31],[2,-51],[14,2],[31,5],[2,-247]],[[206338,540772],[0,-46],[0,-43],[0,-9],[0,-46],[0,-5],[1,-187],[0,-4],[-55,-6],[-5,-11],[-8,7],[-6,-19],[-20,-23],[-8,-15],[-2,-25],[-8,-34],[-11,-40],[-6,-16],[-10,-16],[-12,-34],[-9,-7],[-15,-4],[-5,2],[-8,-5],[-9,3],[-4,-9],[-7,2],[-9,-24],[-9,20],[-10,2],[-6,-19],[-16,-10],[-7,6],[-3,-3],[2,-4],[-6,10],[-8,-1],[-21,-32],[-7,-36],[-7,-2],[-2,27],[-3,26],[-7,32],[-5,11],[-8,66],[-5,33],[0,13],[-4,42],[3,55],[-5,16],[-2,19],[-18,0],[-21,-1],[0,-48],[-19,-1],[-6,27],[4,-22],[-6,0],[1,-155],[0,-15],[-8,26],[-4,-24],[-5,-10],[-3,-14],[-9,-24],[-11,-23],[-12,-13],[-9,-32],[-6,-11],[-12,-23],[-19,-12],[-6,-20],[-15,-18],[-6,-16],[-9,-9],[-15,-35],[-5,-32],[-13,-31],[-10,-15],[-9,-9],[0,-14],[1,-532],[-1,-87],[-2,-49],[-7,-114],[-9,-169],[-6,-121],[-2,-53],[-1,-72],[0,-184]],[[205708,538474],[-50,-24],[-4,-5],[1,-165],[-1,-61],[-52,0],[0,-172],[-211,-5]],[[204771,543766],[-54,-1]],[[204717,543765],[-1,129]],[[204716,543894],[0,43],[1,13],[0,24],[1,0],[0,2],[1,0],[1,2],[1,1],[0,2],[1,8],[6,5],[5,-8],[7,13],[3,14],[6,-4],[12,20],[-1,27],[5,13],[3,-9],[2,24],[1,-11]],[[204771,544073],[3,-3],[2,30],[4,-22],[5,19],[5,1],[-3,20],[1,15],[7,14],[3,18],[5,-2],[8,10],[5,14],[-1,24],[3,32],[11,12],[1,21],[-1,24],[3,34],[-1,21],[9,64],[16,18],[5,12],[5,23],[-1,46],[7,20],[3,21],[10,6],[9,-1],[9,29],[5,10],[13,-3],[7,10],[6,2],[4,-22],[0,-31],[5,-10],[15,8],[8,13],[11,-9],[2,6],[13,8],[10,8],[5,10],[5,-1],[11,27],[7,24],[13,14],[13,18],[19,-4],[6,6],[-2,658],[-54,0],[-1,64],[1,108],[-53,1],[0,44],[0,124],[-53,0],[0,504],[-53,0],[0,169],[-53,2],[0,166],[-176,1],[0,206],[4,-7],[7,13],[4,-6],[13,1],[8,27],[2,23],[-4,15],[8,40],[6,-19],[12,-28],[12,-16],[4,-14],[9,-14],[-2,-19],[15,17],[8,-1],[7,9],[8,-6],[-4,19],[15,6],[8,13],[28,27],[7,-2],[1,18],[12,15],[7,4],[0,13],[14,14],[2,10],[13,10],[6,10],[6,-3],[2,13],[19,21],[13,21],[3,13],[17,13],[18,36],[20,-11],[11,4],[6,14]],[[205868,541226],[6,-34],[7,-11],[8,8],[5,-5],[0,-109],[0,-56],[14,1],[0,-85],[24,0],[15,-2],[0,-41],[9,0],[14,-35],[3,-18],[58,28],[54,79],[25,29],[19,25],[4,-1],[5,25],[7,17],[15,49],[10,42],[12,23],[30,45],[8,15],[4,19],[-6,-1],[5,18],[21,7],[8,9],[-11,-2],[-373,12],[0,-51]],[[200122,560148],[27,2],[27,1],[0,40],[0,51],[0,85]],[[200236,560240],[-1,-85],[-2,-86],[-1,-85],[0,-76],[-1,-92]],[[200231,559816],[0,0],[-9,0],[0,-21],[-4,-2],[0,-18],[-5,0],[0,41],[-8,-1],[-14,0],[0,-40],[-5,0],[0,18],[-7,0],[1,22],[-2,0],[-15,0],[0,-5],[-22,0],[0,5],[-17,-1]],[[200124,559814],[0,85],[0,83],[0,84],[0,14],[-2,68]],[[202442,547890],[151,-1],[33,0],[15,49],[4,-17]],[[202645,547921],[7,-32],[46,-210],[58,-260]],[[202756,547419],[-18,-22],[-201,-206],[1,-14],[1,-13],[33,-275],[2,-17],[-18,0],[-9,0],[-298,0],[-35,0]],[[202214,546872],[7,27],[1,16],[-5,24],[0,22],[8,13],[1,45],[12,18],[7,20],[4,39],[0,110],[2,89],[-2,86],[0,166],[5,-5],[108,2],[3,34],[6,-32],[27,-2],[-2,7],[-11,-1],[-6,32],[0,52],[14,-1],[1,43],[11,0],[2,17],[0,53],[24,-70],[29,0],[1,84],[-2,61],[-17,69]],[[202991,538416],[1,-18],[7,-5],[6,-32],[8,-13],[5,-18],[11,-60],[4,-26],[17,-18],[14,-3],[7,-13],[10,-54],[8,0],[14,-19],[7,-20],[11,-23],[6,7],[13,-3],[10,-22]],[[203150,538076],[8,-18],[6,-24],[7,-54],[4,-49],[3,-18],[8,-32],[10,-25],[7,-31],[96,1],[8,5],[12,-3],[20,24],[7,-3],[12,-23],[74,-1],[17,3],[0,27],[-8,2],[-14,23],[-8,19],[0,308],[6,-7],[9,-27],[12,-7],[9,-26],[3,-23],[7,0],[3,-8],[4,-28],[10,-9],[12,-41],[10,-29],[4,6],[9,-30],[11,-3],[5,12],[16,74],[20,144],[16,120],[-1,29],[10,34],[7,43],[19,106],[4,44],[6,31],[7,44],[24,176],[4,-4]],[[203665,538828],[-7,-48],[-7,-40],[8,8],[2,0],[11,-5],[16,1],[5,8],[1,-14],[5,-9],[3,30],[0,3],[14,17],[3,-4],[-3,-25],[2,-27],[15,-28],[-3,-33],[4,4],[4,-18],[-1,-8],[8,-36],[13,-9],[6,-24],[12,-31],[17,-31],[5,-32],[-10,-50],[14,-109],[-3,-98],[-28,-116],[-4,0],[-9,44],[-6,9],[-10,6],[-15,-12],[-15,-70],[0,-249],[113,3],[45,-1],[-7,-26],[2,-13],[6,-22],[-6,-32],[0,-11],[-8,-69],[-4,-31],[-4,7],[0,43],[-5,1],[-3,-17],[2,-31],[7,-36],[4,-35],[2,-43],[4,-20],[11,-25],[5,-6],[5,-26]],[[203825,537038],[-11,9],[-6,-3],[-6,12],[-13,0],[8,27],[-5,18],[11,18],[3,35],[-9,28],[1,14],[-6,4],[-18,30],[-12,24],[-2,11],[1,35],[-1,8],[4,30],[7,15],[4,2],[2,11],[-4,32],[-30,14],[-3,5],[-9,24],[-7,12],[-10,1],[-10,7],[-13,18],[-13,6],[-14,-4],[-24,13],[-8,-2],[-19,17],[-11,16],[-11,0],[-6,-31],[2,-23],[-10,19],[-2,-10],[-7,-1],[-12,16],[-1,-51],[-18,36],[-7,1],[-5,-54],[0,-29],[1,-23],[8,-85],[1,-25],[12,-300],[3,-32],[7,-41],[-11,0],[-7,34],[-14,-27],[-10,-22],[-1,0],[-3,-2],[-2,47],[-7,44],[2,55],[-3,58],[-11,3],[-4,18],[-8,-9],[-7,-18],[-14,-42],[-1,-42],[-16,-22],[-9,3],[1,-8],[-7,-47],[-2,-37],[-3,-16],[-5,-8],[-10,-32],[-12,-28],[-6,3],[-8,-10],[-10,-28],[-3,-20],[3,-19],[9,-15],[-2,-12],[-7,-8],[-3,-15],[-4,-5],[-18,0],[-10,10],[-16,-24],[-17,-10],[-5,-9],[-5,-14],[-2,-21],[2,-23],[7,-26],[1,-13],[-3,-31],[-15,-27],[-7,-6],[-4,-18],[-12,-13],[-4,7],[-2,-33],[3,-19],[-1,-14],[-5,-11],[-1,-22],[3,-12],[3,-24],[-8,-29],[-13,-10],[-11,7],[-4,-31],[-11,2],[-6,-22],[-9,3],[-3,10],[-5,-12]],[[203184,536230],[-10,-10],[-9,-4],[-6,4],[-17,40],[3,12],[-7,8],[-6,95],[-16,13],[-6,25],[-4,0],[-4,26],[-5,-26],[-11,25],[-14,-9],[-17,11],[-7,-7],[-2,40],[-10,-11],[-8,6],[-10,16],[-8,-18],[-20,-11],[-22,38],[-2,31],[-7,58],[2,9],[1,58],[-1,34],[-9,23],[-9,8],[-5,10],[2,19],[4,13],[8,3],[2,14],[-7,7],[-9,-2],[-8,-17],[-6,0],[-10,28],[-3,13],[-36,58],[-8,20],[-12,-4],[-4,10],[-19,-57],[-10,24],[-6,45],[-24,0],[-7,-5],[-11,32],[0,35],[-3,16],[0,18],[-3,29],[4,33],[-14,8],[-11,-10],[-15,2],[-10,-15],[-28,-19],[-4,18],[-8,22],[3,38],[10,58],[2,5],[-7,6],[-8,16],[-8,42],[-5,37],[-5,27],[-2,41],[7,23]],[[208850,538894],[-1,508],[0,28],[-6,24],[5,265],[0,88],[-1,10]],[[208749,542564],[-1,22],[1,18],[5,17],[3,37],[-3,16],[2,32],[5,20],[9,81],[-1,36],[3,29],[-1,16],[22,-17],[40,-10],[14,1],[13,14],[7,-4],[2,10],[-1,46],[2,53],[-2,4],[9,70],[0,95],[0,85],[0,441],[0,52],[0,124],[-6,0],[0,95],[1,192],[-1,300],[0,31],[-1,1136],[-10,24],[-9,40],[-5,33],[2,11],[0,27],[-14,34],[-9,53],[0,21],[-3,25],[2,30],[5,23],[7,39],[0,27]],[[199310,566192],[5,0],[0,-28],[0,-70],[0,-241],[66,-1],[11,-1],[14,0],[6,45],[5,5],[7,-16],[8,7],[2,-27],[10,-14],[2,2],[25,-2],[20,2],[185,2]],[[199533,563177],[-107,102],[-145,137],[-15,15],[0,-263],[-5,0],[0,-169],[0,-340],[-72,0],[9,-46],[11,-29],[-1,-37],[1,-21],[-2,-65],[2,-52],[-5,-9],[0,-19],[3,-28],[6,-22],[3,-112],[-6,-24],[1,-16],[-4,-28],[-3,-10],[0,-7],[2,-9],[-1,-8],[0,-4],[2,-5],[4,-54],[-2,-22],[2,-12],[-2,-14],[2,-8],[1,-23],[4,-11],[-1,-17],[9,-69],[3,-12],[4,-51]],[[199231,561815],[-24,0],[-27,0],[-27,0],[-54,1]],[[199099,561816],[-50,-2],[-4,1],[-53,0],[0,36],[0,5],[0,2],[0,84],[0,43],[0,168],[-54,1],[1,-174],[-54,1],[-1,-14],[1,-4],[-1,-149],[-3,0],[-5,1],[-99,0],[-108,0],[-37,0],[0,556],[16,207],[7,51],[-27,-7],[-24,-22],[-9,-12],[-9,-2],[-4,6],[-4,17],[-5,8],[-16,-3],[-8,18],[-7,2],[3,-37],[-3,-17],[1,-59],[2,-16],[-2,-42],[1,-33],[-7,-46],[1,-32],[-4,-48],[-8,-36],[-5,3],[-10,-5],[-1,-9],[2,-14],[1,-29],[6,-43],[4,-18],[11,0],[0,-211],[14,0],[0,-85],[-14,0],[0,-42],[-49,1],[5,42],[5,42],[6,0],[0,59],[-4,43],[-9,69],[-89,-2],[0,893]],[[200920,556851],[2,0],[22,1],[32,1],[54,2]],[[201030,556855],[0,-35],[0,-10],[0,-41],[0,-80],[0,-10],[0,-46],[6,-4],[6,8],[6,-3],[0,-4],[-1,-15],[-1,-16],[-16,0],[0,-62],[0,-23],[5,0],[2,-35],[-2,-28],[-5,0],[0,-21],[0,-66],[3,0],[1,-19],[-4,0],[0,-32],[6,1],[1,-11],[-7,-1],[0,-42],[5,0],[1,-22],[-2,-44],[-4,0],[0,-19],[0,-42],[2,-12],[6,-1],[0,-8],[1,-14],[0,-8],[-9,0]],[[201030,556090],[-9,0],[0,-10],[1,0],[0,-8],[0,-2],[-2,-1],[0,5],[-2,2],[-1,14],[-40,-2],[0,-46],[-13,7],[-22,37],[-2,3],[-10,9],[-7,1]],[[200923,556099],[-1,0],[-1,1],[-1,9],[0,26],[0,37],[0,86],[0,84],[1,85],[1,58],[1,26]],[[200923,556511],[1,86],[-1,-1],[-1,127],[0,42]],[[200922,556765],[-2,50],[0,36]],[[205816,536053],[12,-99],[10,0],[0,41],[1,4],[10,1],[8,0],[34,0],[29,0],[23,0],[1,76],[36,5],[15,3],[0,18],[1,66],[52,0],[0,83],[52,-2],[1,85],[51,1],[2,177],[52,-2],[0,139]],[[206206,536649],[6,-25],[8,-57],[7,-19],[7,28],[6,39],[2,28],[-2,27],[1,33],[2,5]],[[206243,536708],[7,-30],[2,-16],[2,-22],[9,-7],[6,-18],[5,-26],[10,-26],[0,-9],[-9,-21],[-3,-15],[5,-28],[7,-14],[5,6],[4,-17],[1,-29],[3,-7],[7,-1],[10,19],[7,-20],[4,-18],[11,-68],[3,-40],[-1,-40],[1,-30],[11,-92],[8,4],[6,9],[4,27],[10,33],[4,2],[13,-13],[2,11],[7,8],[13,-23],[2,13],[9,2],[5,12],[1,-18],[2,-6],[7,3],[5,28],[4,7],[6,22],[2,-2],[8,-23],[5,8],[0,-78],[0,-58],[9,-35],[1,-8],[9,-25],[-19,0],[0,-81],[-2,-98],[0,-23],[117,2],[5,-8],[7,5],[16,-18],[5,-16],[7,0],[0,-273]],[[206628,535529],[1,-153],[0,-8],[0,-104],[0,-1]],[[206629,535263],[-7,-46],[-12,-36],[-3,-19],[-5,-17],[-2,-26],[-15,-18],[-3,-7],[-19,12],[-5,-33],[-4,0],[-2,-14],[-17,11],[-6,-6],[-1,8],[-10,1],[-8,-19],[-6,15],[-9,-11],[-11,14],[-7,3],[-6,-24],[-3,-4],[-9,-29],[-14,-9]],[[206445,535009],[-30,256],[-2,76],[-8,95],[-14,249],[-9,-12],[-17,-16],[-9,-4],[-9,-12],[-11,-25],[-13,7],[-4,-12],[-4,1],[-1,-12],[-6,3],[-5,-24],[-5,2],[-2,-14],[-5,8],[-3,-7],[-18,-13],[-10,-20],[-12,-2],[-8,10],[-8,1],[-9,-14],[-18,-22],[0,-23],[0,-84],[-13,0],[0,83],[6,1],[-46,3],[1,77],[-12,-2],[-5,7],[-15,-7],[-14,-39],[-9,-28],[-2,-14],[-8,-14],[-7,-5],[-6,-22],[-2,46],[-55,-2],[-22,-3],[0,7],[-3,0],[-3,-1],[-22,0],[-11,3],[-6,-3],[-4,-30],[-13,-26],[-4,-1],[-6,-18]],[[205924,535413],[-29,97],[-9,30],[-12,38],[-3,13],[-8,67],[-10,84],[-6,52],[-3,24]],[[205844,535818],[-6,40],[-1,12],[-2,5],[-7,-8],[-3,28],[-6,-7],[-13,109],[-10,41],[3,5],[16,10],[1,0]],[[199623,558445],[0,1],[6,49],[4,36],[9,80]],[[199642,558611],[1,0],[11,1],[13,2],[27,4],[13,1],[27,1],[0,22],[0,2]],[[199734,558644],[13,1]],[[199747,558645],[0,-25],[0,0],[1,0]],[[199748,558620],[10,1],[44,4],[27,0],[27,0]],[[199856,558625],[0,-1],[0,-29],[0,-54],[0,-42],[0,-17],[0,-26],[-14,0],[2,-15],[0,-46],[3,0],[0,11],[9,4],[0,-17],[0,-21],[-1,-85]],[[199855,558287],[0,-84],[0,-85]],[[199855,558118],[-1,0]],[[199854,558118],[-26,-2],[-27,-1],[-41,-3],[0,-1],[0,-22],[-3,-15],[-9,-1]],[[199748,558073],[0,38],[0,84],[0,34],[0,9],[0,43],[0,0],[0,169],[-27,-1],[-1,0],[-27,0],[-26,-4],[-28,-3],[-4,0],[-6,0],[-6,0],[0,3]],[[200924,557105],[1,19],[2,14],[1,8],[2,24],[0,19],[29,0],[4,0],[1,3],[1,19],[-1,64],[-13,72],[-2,9],[-3,26],[-7,62],[-2,25],[2,17]],[[200939,557486],[4,16]],[[200943,557502],[12,0],[1,-16],[26,1],[55,1]],[[201037,557488],[0,-43],[0,-14],[-4,0],[0,-7],[-3,0],[-1,-23],[7,0],[1,1],[0,-5],[-1,-8],[-5,0],[0,-27],[-4,-24],[0,-20],[9,0],[-1,-43],[-10,0],[-9,-34],[1,-26],[-2,0],[0,-26],[0,-12],[12,5],[2,-20],[-9,-47],[-4,4],[-2,-12],[14,1],[1,-85],[0,-61],[-7,3],[-1,-27],[9,1],[0,-84]],[[200920,556851],[1,83],[1,86],[0,6],[2,79]],[[200660,557281],[0,75],[0,85],[0,11],[0,29],[0,4],[0,126]],[[200660,557611],[6,1],[-3,-12],[-1,-59],[9,1],[1,-27],[5,-1],[3,-16],[7,3],[0,-10],[6,0],[1,-21],[20,0],[0,-4],[8,0],[0,-24],[10,0],[9,0],[0,11],[13,0],[0,5],[12,-5],[1,-11],[1,0],[11,0],[0,15],[5,-12],[22,-2],[15,1],[12,0],[15,0],[0,13],[7,0],[0,27],[20,1],[0,-41],[15,-1],[0,30],[5,-1],[0,-29],[6,0],[0,42],[7,0],[0,-42],[7,0],[0,32],[6,0],[0,-23],[7,1],[0,-10],[2,0],[3,0],[-1,43],[7,0]],[[200924,557105],[-3,0],[-20,0],[0,16],[-19,9],[-8,0],[0,-26],[-14,0],[-11,-1],[-10,0],[-19,-1],[-1,14],[-4,5],[-1,-19],[-8,0],[-12,0],[0,21],[-7,0],[0,-21],[-6,0],[-14,0],[0,85],[-13,-1],[-13,0],[0,-5],[6,0],[0,-21],[-3,5],[-2,7],[-1,1],[0,-7],[7,-14],[15,-50],[-3,0],[-5,0],[1,11],[-6,18],[-10,-5],[0,-24],[-22,0],[-5,0],[-6,0],[0,-2],[-13,1],[-2,-12],[0,14],[-19,-1],[0,25],[-11,0],[-2,17]],[[200660,557144],[0,54],[0,0],[0,11],[0,61],[0,2],[0,9]],[[204434,533247],[-107,1],[-170,-4],[-125,-3],[-70,-2],[-46,-2],[-10,0],[-33,-1],[-3,0],[-7,0],[-62,-2],[-36,-1],[-74,-2],[-230,1],[-157,195],[-747,900]],[[202556,535131],[0,308],[96,-1],[149,-2],[323,-4],[62,11]],[[203023,541027],[263,4],[18,3],[120,-3],[90,0],[202,9],[1,0]],[[203717,541040],[1,0],[68,0],[27,0],[0,336],[40,1],[-6,-251],[-3,-80],[0,-7],[3,0],[0,-25],[72,0],[-1,-193],[39,0],[1,20],[0,29],[172,-1],[1,44],[2,0]],[[204270,538770],[-20,60],[-20,73],[-97,0],[0,93],[1,225],[-191,625],[-22,1],[0,167],[-2,0],[-52,0],[-26,-83],[-26,1],[-1,-34],[-3,-30],[-7,-64],[-14,-118],[10,-16],[2,-13],[2,10],[6,-12],[6,-10],[27,-54],[3,-2],[6,8],[12,4],[2,-9],[-12,1],[0,-59],[-5,0],[-20,-187],[-4,6],[-18,24],[-5,24],[-16,7],[-5,5],[-1,-9],[-30,32],[-1,1],[2,26],[-2,22],[4,44],[6,27],[2,71],[5,27],[0,24],[5,34],[-3,49],[1,47],[4,16],[0,20],[4,3],[-4,-1],[4,35],[6,36],[9,25],[5,21],[1,42],[6,36],[1,27],[7,33],[0,21],[-9,-33],[-25,-55],[0,1],[-4,72],[0,42],[-14,0],[1,46],[0,80],[-2,11],[0,70],[-10,2],[-1,2],[-1,-3],[-12,-25],[2,-225],[0,-26],[1,-63],[-1,0],[0,-80],[-20,1],[-8,0],[0,-68],[-8,-19],[-18,-2],[-1,171],[1,92],[-1,162],[-16,2],[-11,-8],[-17,6],[-16,-19],[-6,-2],[-10,-12],[-12,0],[-9,-4],[-5,-11],[-7,-6],[-17,-24],[-17,-31],[-11,-5],[-9,2],[-5,5],[-7,-1],[3,-59],[1,-39],[-1,-12],[-3,-9],[-12,-9],[-9,-1],[-10,-14],[-10,-38],[-18,-44],[-3,-17],[2,-123],[4,-27],[8,-14],[12,-42],[6,-14],[8,-28],[9,-18],[2,-16],[1,-25],[2,-11],[5,-21],[6,-45],[10,-34]],[[203520,539507],[-21,0],[-74,7],[-22,2],[-9,1],[-12,-10],[-6,2],[-14,16],[-7,11],[-4,29],[-9,25],[-21,-12],[-28,-47],[-12,-10],[-11,38],[-4,10],[-7,-8],[-3,-16],[7,-16],[2,-22],[-9,-30],[-4,-23],[1,-17],[-13,14],[3,-32],[-1,-28],[-7,-59],[-2,-11],[2,-27],[4,-5],[4,-25],[8,-10],[10,-30],[6,-23],[-1,-18],[-9,-44],[-6,-74],[3,-1],[1,-19],[-5,-49],[-5,-21],[-6,-34],[-3,-60],[-8,-4],[-2,-12],[-8,-3],[-5,-23],[-7,18],[-8,5],[-15,0],[-4,-6],[2,-29],[1,-39],[-3,-48],[-5,-5],[-8,11],[-1,-6],[-3,-68],[-2,-6],[-6,6],[-5,-11],[-1,-38],[8,-39],[3,-24],[-1,-50],[-3,-16],[6,-44],[15,-125],[7,-77],[5,-35],[0,-35],[-4,-24],[-7,-1],[-9,-9],[-1,-17],[0,-37],[-9,-4],[-8,-10]],[[203879,546187],[11,17],[0,-6],[8,-1],[0,-37],[-6,0],[-2,1],[-5,6],[-2,5],[-3,9],[-1,6]],[[204358,547017],[5,-45],[3,0],[1,-21],[-4,-11],[6,-21],[1,-18],[-5,-10],[1,-15],[-2,-20],[4,-23],[3,-64],[-7,-18],[-1,-11],[-11,-11],[-3,-10],[-4,-16],[1,-33],[-6,-18],[1,-11],[-3,-15],[-8,-7],[-2,-13],[-3,-42],[-3,-11],[-1,-51],[-9,-25],[-7,-39],[-1,-46],[-4,-9],[-7,-46],[-5,-12],[-4,-50],[-3,-7],[-6,-37],[1,-18],[-2,-39],[2,-12],[-172,233],[-7,12],[-4,-7],[-10,4],[-6,22],[0,-101]],[[204077,546325],[-12,0],[0,14],[-19,0],[-9,0],[0,-30],[-64,-1],[-2,50],[1,34],[0,6],[-36,-1],[1,-108],[-16,-2],[0,90],[-7,0],[-3,-22]],[[203911,546355],[-7,-35],[-6,9],[5,61],[-10,0],[0,84],[4,-2],[3,89],[-1,21],[3,114],[7,56],[-3,77],[5,34],[0,19],[6,46],[1,48],[-3,11],[-113,1]],[[203802,546988],[0,11],[-33,974],[-4,10],[-6,17],[2,0],[-11,34],[-4,-6],[-50,2],[0,-26],[-70,0],[-19,0],[-6,-4],[-62,-1],[-4,-4],[-14,7],[-7,-3],[-1,5],[1,4],[2,10],[-16,3],[-33,15],[-13,-16],[-8,-16],[-29,1],[-158,-3],[-7,13],[-207,-6],[0,287],[-16,-7],[-10,-14],[-9,-7],[-7,-40],[-12,-19],[-12,-7],[-13,-17],[-5,-12],[-4,-1],[-15,5],[-24,25],[-11,10],[-20,3],[-27,-15],[-52,-47],[-5,-2],[-89,0]],[[202714,548151],[5,24],[72,216],[2,5],[222,669],[38,124],[52,171],[8,34],[29,94],[6,27],[45,144],[4,21],[55,182]],[[198689,552273],[145,96],[7,7],[17,13],[66,137],[19,30],[24,41],[21,50],[4,5],[16,3],[0,-137]],[[199008,552518],[0,-499],[-6,0],[1,-495]],[[199003,551524],[-56,68],[-13,11],[-20,8],[-10,0],[-93,-20],[-19,1],[-19,11],[-80,66],[-107,89],[0,-11],[0,-329],[-26,-1],[0,-86],[-27,1],[1,-101],[5,-25],[2,-28],[6,-27],[4,-63],[5,-56],[1,-23],[3,-27],[5,-3],[14,-119],[3,-17],[12,-100],[2,-9],[8,-69],[-239,-3],[0,310],[-21,-82],[-5,-15],[-21,-97],[-6,-29],[-5,-41],[-1,-17],[1,-38],[1,-55],[-4,-114],[1,-66],[0,-26],[-2,-36],[2,-35],[-6,-46],[-7,-116],[-4,-50],[-3,-103],[-3,-71],[1,-14],[-78,302],[-51,167],[-15,47],[-7,11],[180,1219],[-18,0],[0,-39],[-27,0],[0,42],[-20,2],[-95,-2],[-59,-1],[0,-45],[-26,-1],[-1,-40],[-28,1],[0,-40],[-26,-1],[0,-47],[-26,-1],[-1,-35],[-25,0],[0,-45],[-26,1],[0,-45],[-41,0],[0,-41],[-134,-4],[-339,5],[0,157]],[[204443,561458],[24,-307],[4,-112],[14,-205],[-6,17],[-3,4],[-6,-17],[3,-23],[3,-13],[8,-20],[1,-5],[-5,-21],[-1,-10],[1,-8],[1,-6],[3,-14],[11,-11],[0,-14],[-3,-23],[4,24],[0,11],[-2,5],[-10,10],[-5,24],[1,11],[5,19],[-2,12],[-10,28],[-1,26],[4,12],[10,-22],[8,-18],[12,4],[15,22],[5,21],[7,38],[-5,26],[-7,10],[-7,1],[-6,6],[-2,13],[3,18],[6,10],[19,12],[6,-10],[11,3],[10,7],[5,-6],[3,25],[2,39],[2,20],[-3,31],[-5,17],[-10,20],[-3,11],[-1,23],[1,18],[3,6],[7,0],[4,8],[6,-11],[6,17],[12,50],[1,13],[4,3],[6,28],[9,14],[7,6],[6,-4],[15,0],[15,3],[4,25],[-5,15],[-4,24],[-3,34],[-2,31],[7,22],[-2,48],[3,10],[-1,34],[6,46],[-1,17],[3,34],[6,13],[10,11],[14,8],[4,9],[6,27],[2,16],[5,72],[5,54],[8,41],[14,26],[2,12],[6,20],[3,18],[6,11],[12,36],[-1,30],[-5,8],[-3,22],[1,27],[4,17],[8,7],[8,-1],[8,14],[1,15],[-3,29],[2,4],[15,0],[7,-5],[6,-26],[6,-16],[6,-7],[8,0],[7,-6],[5,-36],[3,7],[3,23],[10,18],[3,12],[-3,65],[-3,28],[-1,30],[3,15],[4,9],[9,5],[7,-44],[6,-10],[8,6],[9,17],[13,-2],[8,32],[9,30],[4,29],[7,8],[15,-30],[5,0],[4,12],[1,15],[9,48],[5,6],[6,-8],[9,-27],[4,1],[14,-30],[16,-55],[8,-10],[4,5],[7,37],[2,57],[6,30],[0,11],[8,16],[6,-11],[3,-16],[0,-46],[1,-23],[10,-24],[2,-16],[29,-18],[12,-23],[11,-31],[8,-27],[18,-44]],[[204526,556073],[-21,-445],[-8,-210],[-4,-90],[-33,-649],[6,1],[0,-10],[138,2],[0,-779]],[[201144,558171],[0,41],[4,14],[9,55],[2,27],[12,25],[14,20],[10,18],[11,9],[14,5],[16,-9],[16,19],[0,-53]],[[201252,558300],[0,-7],[0,-67],[10,0],[3,0],[-3,-64],[-10,0],[0,-31],[0,-14],[0,-10],[-7,-40],[0,-17],[5,-20],[1,-10],[0,-60],[12,0],[-3,-31],[-9,0],[0,-55],[0,-5],[-1,-79],[0,-85],[0,-85],[6,0],[4,-20],[2,0],[4,-16],[1,-5],[0,-43],[-5,0]],[[201262,557536],[0,0],[-13,-1],[-19,-1],[0,-11],[-2,-10],[-9,4],[-5,17],[-18,-1],[-27,-1],[0,-11],[-7,0],[-1,-3],[0,-7],[0,0],[0,14],[-1,-1],[0,8],[-4,0],[-14,0]],[[201142,557532],[0,29],[2,0],[0,9],[-2,0],[0,47],[0,42],[7,0],[0,8],[-7,0],[0,39],[1,79],[20,0],[-2,51],[1,11],[-1,0],[-1,-11],[1,-17],[-18,-22],[0,28],[0,63],[0,69],[1,85],[0,15],[6,0],[0,18],[-3,0],[0,13],[-2,5],[4,0],[0,14],[-5,0],[0,26],[0,0],[0,38]],[[200391,558969],[27,0],[28,0]],[[200446,558969],[0,-85],[-6,0],[0,-32],[-3,-10],[9,0],[0,-43],[-1,-63],[-5,0],[0,-21],[5,0],[0,-85],[0,-21],[-6,0],[0,-42],[6,0],[0,-22],[0,-84],[0,-14],[0,-71],[-6,0],[0,-24],[6,0],[0,-60],[0,-11]],[[200445,558281],[-7,0],[0,11],[-6,0],[0,-6],[-14,0],[0,6],[-10,0],[-17,0]],[[200391,558292],[0,21],[-4,0],[0,6],[-1,-1],[0,5],[-2,0],[0,11],[7,0],[0,11],[-7,0],[0,10],[-6,1],[0,10],[13,-1],[0,11],[0,33],[0,52],[0,30],[0,60],[0,1],[-3,5],[-4,3],[0,7],[7,0],[0,63],[-2,0],[2,43],[0,42],[0,42],[0,43],[-8,0],[0,22],[3,20],[5,0],[0,42],[0,85]],[[202352,549275],[-3,-14],[6,-181],[-4,-69],[26,-89],[4,-11],[5,-14],[7,-29],[14,-43],[13,-16],[10,-21],[12,-33],[12,-49],[0,-5],[7,-10],[4,5],[27,-6],[20,7],[9,-1],[24,4],[22,10],[9,15],[5,31],[12,2],[10,-25],[8,-12],[8,-43],[24,-35],[-1,-111],[0,-19],[7,-112],[26,-1],[0,-377]],[[202675,548023],[-14,-48],[-16,-54]],[[202442,547890],[-3,1],[-82,0],[-54,158],[-1,54],[-51,5],[-1,-42],[-2,21],[2,108],[-52,-5],[-1,40],[-53,-1],[0,338],[1,346],[1,169],[-53,0],[0,83],[0,85],[0,21],[0,94],[1,53],[12,1],[3,5],[-15,34],[0,47],[3,-26],[3,11],[20,-48],[0,-24],[12,4],[14,-30],[1,29],[27,0],[0,-3],[13,0],[13,4],[54,-2],[0,81],[52,2],[0,-90],[5,-10],[36,-109],[5,-19]],[[200480,553706],[18,-2],[54,11],[0,1],[53,-4],[0,0],[2,15],[0,166],[-1,9],[0,159]],[[200606,554061],[53,1],[0,-4],[26,1],[0,-58],[1,-25],[26,-40],[1,-5],[13,-37],[40,2],[0,168],[80,-1],[0,-351],[26,0],[-12,-35],[-10,-10],[-12,-31],[-7,-15],[-23,-96],[-14,-66],[-1,-3],[11,1],[11,8],[5,-5],[35,-5],[55,-123],[3,-3],[36,-80]],[[200949,553249],[-19,-71],[-5,1],[0,-147],[-20,-1],[-4,-97],[-6,-66],[-1,-31]],[[200894,552837],[-25,12],[-8,0],[4,-2],[0,-2],[1,-167],[-1,-86],[0,-44],[0,-44],[0,-121],[0,-4]],[[200865,552379],[-5,9],[-47,108],[-1,1],[-25,59],[-54,124],[-25,2],[-105,-1],[0,-343],[0,-6],[0,-23],[0,-59],[-1,-275],[-2,-31],[0,-408],[0,-86],[0,-169],[-107,0],[1,-167],[-3,-13]],[[200491,551101],[-1,6],[-1,8],[-35,76],[-2,9],[-6,42],[-6,-11],[0,50],[4,0],[0,84],[-4,0],[0,426],[1,194],[2,67],[2,216],[0,85],[-1,338],[0,165],[1,172],[0,86],[-1,86],[0,1],[0,50],[-3,30],[21,-9],[10,5],[3,-7],[-15,40],[-17,38],[0,2],[1,5],[0,11],[0,76],[1,8],[11,84],[0,1],[24,171]],[[204134,543264],[0,8],[9,-1],[0,16]],[[204143,543287],[4,-2],[0,-23],[2,0],[0,9],[9,11],[9,2],[0,3],[9,-5],[1,15],[9,1],[0,-15],[11,-10],[0,-11],[1,0],[15,0],[0,11],[11,0],[0,-11],[2,0],[4,16],[9,1],[0,-17],[29,-1],[14,0],[4,-1],[16,0],[0,10],[9,0],[0,-10],[23,0],[0,6],[6,2]],[[204340,543268],[5,-2],[0,-6],[21,0],[0,6],[5,0],[0,-6],[27,0],[10,1],[17,-1],[5,-6],[13,11],[8,18],[10,6],[8,-5],[6,-24],[31,1],[-1,339],[53,0],[1,170],[158,-5]],[[204507,542924],[-1,-3],[-24,-1],[0,50],[-2,4],[-1,-1],[0,-53],[-26,1],[-2,1],[1,-91],[0,-6],[-12,41],[-10,13],[-5,16],[-13,27],[-5,-2],[-9,0],[-53,3],[-27,0],[-26,0],[-52,0],[-27,0],[-17,1],[-6,-2],[-3,0]],[[200607,555077],[6,0],[262,1]],[[200875,555078],[45,-221],[5,0],[0,52],[53,0],[88,2],[5,-1],[15,1],[0,-256],[0,-175]],[[201086,554480],[0,-38],[0,-109],[0,-102],[0,-1],[0,-45],[0,-94],[0,-3],[-3,-25],[35,-174],[22,-105]],[[201140,553784],[-2,-63],[-1,-162],[1,-67],[1,-7],[-34,-5],[-29,-11],[-17,-11],[-26,-34],[-4,-1],[-17,-21],[-35,-57],[-10,-28],[-18,-68]],[[200606,554061],[-11,1],[-17,14],[-39,53],[27,200],[3,22],[2,49],[-2,127],[-2,65],[1,32],[11,96],[9,70],[19,213],[0,74]],[[201030,556090],[1,-48],[13,-1],[-1,49],[14,1],[0,-49],[27,0],[-1,36],[1,13],[14,0],[40,1],[21,1],[5,0],[27,0],[0,-43],[14,10],[0,34],[40,1]],[[201245,556095],[0,-69]],[[201245,556026],[0,-35],[0,-108],[1,0],[45,2],[-14,-42],[-2,-16],[-1,-30],[-4,-38],[0,-2],[0,0],[27,1]],[[201297,555758],[0,-84],[1,0],[0,-42],[0,-40]],[[201298,555592],[0,-3],[-14,0],[-13,-1],[0,21],[-14,-1],[0,-21],[-11,-1],[-19,-1],[-8,0],[-4,0],[-23,-1],[-27,-2],[-27,-2],[-16,0],[-1,0],[0,1],[4,26],[2,29],[3,12],[4,17],[-15,-1],[-1,0],[-19,-1],[0,-84],[-1,0],[-13,-1]],[[201085,555578],[0,84],[-1,85],[-9,0],[0,6],[2,1],[0,11],[-8,-1],[-2,-7],[0,-10],[-9,-1],[0,1],[-9,0],[0,28],[-8,-4],[-3,-25],[-6,0],[0,-2],[-39,-2],[-31,-2],[-24,-1],[-6,-1],[-8,1]],[[200924,555739],[-1,85],[0,84],[0,178],[0,3],[0,10]],[[204234,544073],[6,-15],[6,-1],[8,1],[12,11],[5,12],[5,17],[2,47],[9,55],[2,32],[5,59],[-2,36],[2,22],[1,21],[0,59],[-4,29],[0,0],[-7,21],[-2,51],[-4,24],[5,43],[-2,20],[-2,9]],[[204279,544626],[13,0],[13,-10],[12,9],[41,1],[39,1],[55,-2],[35,4],[31,0],[2,11],[8,-4],[6,15],[3,-3],[2,-15],[8,18],[5,-7],[4,12],[3,-5],[1,-19],[4,-1],[8,19],[12,10],[3,12],[1,27],[6,17],[0,25],[3,22],[7,28],[0,17],[4,10],[2,16],[12,6],[12,24],[6,30],[0,22],[13,39],[-1,11],[119,4],[0,-230],[0,-667]],[[204716,543894],[-27,1],[-11,-12],[-11,13],[-4,-50],[-6,5],[-12,-1],[-9,-6],[-7,-41],[-6,-12],[-24,-7],[-16,34],[-19,-5],[-2,5],[0,-30],[-3,-1],[-4,0],[0,15],[-3,0],[0,30],[-8,-9],[-12,-3],[-12,-12],[0,-21],[-15,3],[-2,24],[-2,-23],[-6,0],[-6,0],[0,21],[-3,4],[0,32],[-3,0],[0,30],[-6,-3],[-11,-33],[-2,-52],[-10,1],[-1,-21],[-2,0],[-53,0],[0,32],[-9,-3],[-18,15]],[[204371,543814],[-7,11],[-9,34],[-8,10],[-2,10],[-3,17],[-8,22],[-12,15],[-11,-11],[-13,15],[-7,1],[-11,12],[-30,64],[-6,7],[-1,2],[-1,7],[-1,6],[-4,19],[0,1],[-3,17]],[[200865,552379],[0,-1],[0,-5],[0,-9],[27,-60],[0,-1],[27,-64],[-1,-88],[0,-162],[0,-19],[0,-134],[1,-46],[0,-338],[53,0],[0,-168],[-80,-2],[-20,0],[-6,0],[0,-53],[0,-31],[0,-512],[0,-240],[0,-127],[-30,-3],[1,-95],[0,-65],[-3,-6],[-22,0],[1,-46]],[[200813,550104],[-6,25],[-7,61],[-23,109],[-4,8],[-6,1],[-4,36],[-19,53],[-20,70],[-3,8],[-13,6],[-1,71],[2,18],[-3,9],[0,108],[-18,0],[-33,5],[0,5],[0,4],[-1,3],[0,3],[-1,3],[0,3],[-45,115],[-35,0],[-3,42],[-9,4],[-14,-4],[2,34],[3,22],[-5,4],[-2,13],[-51,0],[0,113],[-3,18],[0,27]],[[204684,548306],[2,29],[-1,44],[5,17],[5,40],[7,30],[12,16],[8,28],[7,4],[3,16],[10,22],[3,13],[-4,17],[1,16],[11,8],[2,12],[9,16],[2,28],[-4,2],[0,16],[8,19],[8,22],[7,35],[5,-13],[11,-6],[17,-42],[4,-25],[1,-31],[-1,-57],[3,-36],[96,-3],[0,-23],[4,-6],[3,6],[4,-5],[1,-10],[4,-3],[2,14],[-8,26],[472,-15]],[[204982,547017],[-158,0],[-55,0]],[[203520,539507],[31,1],[8,4],[2,-3],[43,-1],[5,-4],[4,-11],[9,-49],[16,-44],[4,-11],[14,-49],[13,-4],[1,0],[3,0],[7,-4],[15,-32],[3,20],[6,12],[2,-14],[-7,-23],[7,-4],[3,-30],[-9,-89],[2,-2],[-4,-34],[-10,-118],[-2,-19],[-11,-89],[-10,-82]],[[206711,542266],[12,-28],[5,-8],[195,-463],[-28,-161],[-16,-87],[-7,-30],[-3,-47],[1,-1],[0,-25],[-5,-38],[-35,-48],[-54,-58],[-23,0],[-4,1],[0,-169],[-53,0],[0,-168],[-39,0],[1,-356],[0,-320]],[[206658,540260],[-54,-2],[2,400],[0,43],[-1,229],[0,9],[-10,0],[-61,3],[-10,1],[-12,1],[-2,0],[-12,-4],[0,-11],[-49,-47],[-6,-12],[-4,-25],[-3,-10],[-6,-5],[-16,-1],[-8,-10],[-3,-32],[-4,-16],[-2,1],[-20,0],[-24,0],[-15,0]],[[199480,559458],[26,0],[0,0],[0,0],[2,0],[25,-1],[-1,84],[0,54],[1,20],[-1,11],[0,84],[0,85],[0,2],[0,83],[0,48],[0,36]],[[199532,559964],[0,0],[35,0],[1,0],[1,0]],[[199569,559964],[2,0],[1,-1],[14,0],[0,85],[39,0],[3,0],[4,-1]],[[199632,560047],[3,-6],[4,-78],[14,-1],[0,-104],[-1,-65],[-2,0],[-1,-17],[-1,-7]],[[199635,559286],[-7,-1],[2,-96],[4,-48],[-1,-10],[1,-15]],[[199634,559116],[-1,0],[-19,1],[0,-1],[-81,3],[-7,-1],[-6,2],[-2,0]],[[199518,559120],[-11,11],[-5,15],[-8,31],[-8,15],[-6,5],[0,260],[0,0],[0,1],[0,0]],[[199862,562335],[0,10],[0,1],[1,3],[10,157],[4,18],[8,0],[23,-34],[18,8],[2,8],[19,82],[38,0],[2,-11],[16,-37],[1,16],[7,17],[3,16],[13,1],[8,20],[8,31],[17,42],[1,57],[9,12],[9,60],[1,21],[8,20],[10,0],[3,-1],[7,1],[13,-1],[0,92],[0,-10],[15,-2],[1,0],[-2,38],[2,0],[0,0],[0,6],[11,0],[0,-39],[-3,0],[30,0],[0,-70],[0,-16],[53,0],[55,1],[40,7],[6,0],[61,3],[1,-3],[60,0],[7,0],[40,-1]],[[200526,562012],[-82,-1],[-14,0],[-40,0],[-27,0],[-8,0],[-19,0],[-6,1],[-3,3],[-12,19],[-5,3],[-12,-12],[-11,-19],[-35,-2],[0,0],[-26,-1],[-23,-1],[-30,-1],[3,-49],[2,-40],[3,-44],[12,-206]],[[200193,561662],[-9,0],[-11,-8],[-16,4],[-33,-3],[-20,4],[-29,-1],[-5,2],[-10,10],[-56,119],[-16,19],[-13,2],[-21,-13]],[[199954,561797],[0,9],[0,107],[1,44],[-1,40],[-41,-2],[-1,0],[-18,2],[-17,12],[-13,18],[-19,45],[-2,8],[4,16],[4,71],[11,168]],[[201030,556855],[8,-1],[15,0],[30,0],[0,51]],[[201083,556905],[27,0],[0,-50],[0,-85],[0,-104],[0,-24],[1,0],[27,1],[0,-43],[0,-42],[0,-43],[53,2],[0,-42],[0,-42],[0,-84],[1,0],[3,0],[5,1],[18,0],[0,5],[26,1],[0,-7]],[[201244,556349],[0,-85],[1,0],[0,-85],[0,-81],[0,-3]],[[203735,542586],[1,0],[2,-7],[11,-1],[0,7],[7,0],[0,-18],[6,0],[0,8],[7,3],[7,-13],[17,0],[0,2],[20,-1],[0,20],[1,0],[8,0],[7,1],[-1,-21],[10,-5],[13,-52],[13,41],[-2,37],[20,0],[14,1],[0,-21],[11,0],[0,-22],[20,0],[0,24],[9,1],[-1,-22],[7,-3],[-1,19],[8,2],[0,22],[25,1],[7,0],[34,1],[13,1],[1,0],[14,-1],[9,-1],[4,5],[5,12],[10,57],[5,8],[5,3],[0,83],[-1,2],[-6,19],[-7,5],[0,17],[-6,22],[-6,20],[-5,23],[-6,20],[-5,17],[-7,22]],[[204187,542922],[1,-49],[-1,-134],[47,-108],[-10,-14],[-5,-21],[-6,-54],[-12,-123],[0,-8],[2,-19],[3,-9],[8,-18],[-23,4],[49,-102],[0,-157],[15,-36],[40,-96],[0,-2],[-3,-20],[0,-51],[-71,2],[37,-75],[0,-411],[0,-53],[-126,2],[1,-270]],[[203717,541040],[-3,867],[-1,294],[3,69],[12,39],[10,5],[7,20],[19,31],[-1,5],[0,43],[-33,1],[-2,1],[-10,0],[0,30],[-9,31],[1,12],[9,14],[2,26],[-5,55]],[[199662,559287],[5,0],[27,1],[18,0],[9,0],[0,1],[16,1],[0,36],[8,32],[3,22],[0,67],[0,1],[0,12],[0,82],[27,4],[0,42],[2,5],[6,-1],[2,26]],[[199964,559645],[0,-84],[0,-18],[0,-11],[-11,-1],[0,-45],[5,1],[2,8],[0,15],[4,-4],[0,-30]],[[199964,559476],[-1,-85],[0,-38],[-11,-1],[-2,9],[0,-23],[13,1],[0,-32],[0,-1],[1,0],[0,-42],[0,-31],[-7,-1],[0,-10],[-7,0]],[[199950,559222],[0,41],[-13,-1],[0,0],[0,41],[0,2],[-27,-2],[-1,0],[10,-36],[12,-15],[5,-27]],[[199936,559225],[0,-4],[-40,-4],[-13,-2],[-28,0],[0,-27],[1,0],[0,-35],[-1,0],[1,-22],[0,-2]],[[199856,559129],[-27,-1],[-27,-2],[-35,-3],[-1,-1],[-1,0],[-17,0]],[[199748,559122],[-8,-1],[-19,-1],[-26,-2],[-24,-2],[-29,-1],[-8,1]],[[199008,552518],[3,-15],[9,13],[5,-4],[17,9],[3,12],[14,-5],[4,10],[13,2],[100,59],[10,5],[67,10],[26,34],[-4,6],[211,413],[9,16],[11,14],[111,107],[0,5],[133,127],[0,58],[0,46],[0,6],[14,-1],[0,-17],[12,-8],[0,6],[2,-64],[25,24],[0,88],[1,0],[0,63],[-54,1],[0,337],[0,22],[0,64],[-16,2],[-6,11],[-4,26],[0,44],[26,0],[0,424],[216,0],[0,-209]],[[199966,554259],[0,-196],[0,-12],[0,-345],[25,-2],[19,6],[6,1],[155,-5],[4,-3],[121,2],[40,0],[56,-2],[52,0],[0,6],[36,-3]],[[200813,550104],[-1,-127],[-38,1],[-16,-2],[-52,-11]],[[200706,549965],[0,15],[-72,-2],[-195,0],[0,-513],[-317,-6],[8,-486],[-165,25],[-3,0],[0,1740],[-11,-48],[-6,-47],[-7,-19],[-9,-59],[-4,-52],[0,-51],[-10,-43],[-4,-16],[-1,-14],[-13,11],[-12,25],[-6,0],[-10,-7],[-20,11],[-4,9],[-8,-1],[-3,7],[-10,8],[-11,19],[-5,-4],[0,34],[-4,76],[4,203],[0,13],[-8,31],[-2,15],[2,7],[1,-1],[-172,80],[-131,21],[-24,13],[-239,234],[-11,15],[-6,12],[-20,41],[-50,83],[-145,180]],[[200071,557446],[54,-13],[22,1],[4,-2],[1,0],[-3,108],[5,2],[22,29],[2,-87],[54,-2],[52,-2],[0,90]],[[200284,557570],[27,-1],[1,-89],[0,-46],[17,0],[0,58],[0,28],[10,-1],[-1,49]],[[200338,557568],[14,-1],[0,21],[14,0],[-1,-29],[0,-100],[-2,0],[0,-6],[-7,-4],[0,-15],[9,0],[0,-31],[-4,-1],[0,-10],[0,-32],[4,1],[0,-10],[0,-22],[-3,-25],[0,-34],[2,-5]],[[200364,557265],[-5,1],[0,-22],[3,0],[4,-21],[0,-42],[0,-85],[0,-21],[-5,0],[0,-42],[-3,-21],[3,0],[1,-68],[1,-17],[3,0],[0,-42],[0,-16],[-8,-27],[-10,0],[0,20],[-11,0],[-2,-20],[-27,-1],[0,-11],[-1,-35],[0,-10],[0,-28],[-26,-1],[0,-42]],[[200281,556714],[-40,0],[-13,0],[0,42],[4,0],[1,6],[-1,11],[0,14],[1,8],[0,4],[-5,0],[0,21],[0,0],[0,21],[0,5],[0,57],[0,22],[0,129],[1,9],[3,20],[0,13],[-27,0],[-27,-1],[0,20],[0,64],[0,0],[-13,-10],[0,-43],[-2,-16],[-4,-15],[-8,0],[-27,0],[1,84],[0,85],[0,22],[-1,-21],[-7,0],[1,40],[0,35],[-25,-17],[-6,6],[-9,-19],[-6,-4],[-1,92],[3,1],[-3,47]],[[207426,540765],[-1,-337],[-14,-1],[-39,0],[0,169],[-90,-1],[-32,1],[-3,5],[-12,-1],[-5,-5],[-68,0],[0,-213],[-53,0],[0,21],[-25,0],[0,22],[-93,0],[-22,16],[-6,2],[0,-14],[-11,0],[0,-4],[0,-2],[-2,-3],[-1,-1],[-6,1],[-5,1],[-1,-2],[-1,-2],[-2,-43],[-12,-59],[-2,-30],[-1,-13],[-4,-35],[-1,-10],[-1,-1],[-1,-34],[-6,-37],[2,-19],[17,-74],[7,-38],[5,-49],[1,-43],[-1,-52],[-3,-51],[-1,-41],[1,-53],[8,-104],[4,-24],[9,-39],[1,-16],[0,-37]],[[206784,539237],[-2,48],[-9,39],[-10,30],[-7,10],[-23,72],[-4,8],[-1,18],[1,54],[-9,49],[-5,14],[-3,24],[-14,-20],[-5,8],[-8,-4],[-12,22],[-3,22],[-11,33],[2,50],[-3,23]],[[206658,539737],[0,281],[6,7],[0,17],[4,12],[1,17],[4,22],[4,12],[-2,5],[-8,-1],[-9,4],[0,93],[0,54]],[[200714,558268],[0,21],[10,1]],[[200724,558290],[3,-14],[14,9],[0,-9],[8,0],[0,15],[20,1],[1,0],[7,-27],[6,-59],[1,1],[-2,24],[0,18],[13,0],[0,34],[5,1],[0,9],[8,0],[14,1],[26,0],[12,0],[0,-14],[2,0],[0,14],[13,0],[0,-21],[6,1],[1,20],[8,0],[2,-3],[0,-7],[8,0],[0,7],[2,3],[1,-6],[23,0],[0,6],[2,0]],[[200928,558294],[0,-85],[0,-85],[11,0],[-6,-169],[-1,-30],[0,-97],[0,-9],[-1,-18],[-1,-16]],[[200930,557785],[-2,0],[-54,0],[-1,0],[1,169],[-20,0],[-7,0],[-26,0],[0,25],[0,59],[-27,-1],[-13,-1],[0,42],[0,32]],[[200781,558110],[1,7],[-14,4],[0,19],[0,67],[-27,-1],[-27,-1],[0,63]],[[203858,543860],[5,-2],[0,-11],[4,-5],[0,-23],[0,-4],[-4,-8],[-5,2],[0,51]],[[203017,543409],[104,1],[2,-1],[54,2],[0,187],[62,0],[12,58],[7,17]],[[203258,543673],[7,-7],[8,-26],[8,-20],[3,-21]],[[203284,543599],[-1,-43],[3,-24],[11,-47],[7,-67],[8,-31],[3,-12],[15,-18],[12,-20],[9,-26],[7,-12],[18,-40],[5,-12],[13,-29],[1,-3],[-1,-18],[2,-6],[-2,-11],[3,-4],[3,12],[5,-6],[1,7],[31,-72]],[[203437,543117],[11,-24],[22,-53],[2,-18]],[[203472,543022],[-26,-28],[-14,-13],[-34,-36],[-5,-7],[-3,-6],[-8,-18],[-17,-38],[-30,-51],[-65,-106],[-14,-20],[-79,-95],[-9,-12],[-27,-29],[-65,-97],[-35,-68],[-19,-29],[-4,-5]],[[201670,552308],[0,-83],[-15,0],[-1,-86],[13,0],[2,0],[13,0],[0,-84],[-13,2],[0,-88],[26,0],[28,-1],[26,0],[53,-1],[107,-3],[27,-2],[1,-2],[52,1],[54,-1],[0,-168],[0,-43],[0,-42],[0,-85],[-22,0],[-3,9],[-2,-9],[0,-170],[27,1],[-1,-254],[54,0],[0,-169],[0,-76]],[[202096,550954],[0,-10],[-27,0],[-27,0],[0,-169],[-26,-1],[-27,0],[-1,0],[-7,0],[-48,-1],[-80,1],[-27,-1],[-53,0],[-1,-160],[0,-10],[-5,2],[-20,0],[-11,0],[-17,82],[0,-56],[-5,-27],[-48,1],[-40,0],[-60,139]],[[201566,550744],[0,3],[-3,169],[-1,45],[0,155],[1,169],[0,170],[1,170],[-1,60],[-2,43],[-2,24],[-9,74],[-30,142],[-37,172],[-18,85],[-11,50],[-7,35],[-73,340]],[[201374,552650],[63,-2],[8,-1],[8,2],[97,-6],[11,1],[1,-339],[3,1],[49,3],[4,0],[22,2],[30,-3]],[[199483,558356],[6,7],[47,-19],[0,16],[0,85],[14,-1],[13,0],[13,0],[0,49],[-1,76],[13,-1],[1,-83],[13,-1],[0,-38],[21,-1]],[[199748,558073],[-26,-2],[-28,-2],[-21,-2],[-31,-20],[-31,-19],[-49,0],[-27,1]],[[199535,558029],[1,77],[0,84],[0,85],[-45,1],[-8,17],[0,63]],[[200141,564894],[0,-208],[1,-20],[1,-21],[5,-39],[4,-25],[8,-31],[8,-35],[5,-41],[3,-39],[1,-36],[1,-156],[1,-29],[2,-32],[15,-115],[3,-29],[1,-49],[14,14],[8,19],[3,17],[16,5],[11,16],[15,-12],[7,6],[7,-6],[14,12],[8,-6],[4,-13],[6,1],[9,17],[5,-2],[2,-13],[5,2],[2,18],[13,5],[13,-18],[5,-35],[7,-20],[17,27],[0,-166],[-1,-41],[0,-263],[0,-350],[81,-1],[26,0]],[[199862,562335],[-42,0],[26,118],[61,284],[1,149],[0,4],[-1,290],[-56,0],[-65,0],[-2,0],[-2,3],[-1,1],[-1,0],[0,-1],[-1,-3],[-6,-1]],[[203020,542233],[1,0],[155,6],[2,-1],[107,2],[93,1],[40,-1],[2,0],[63,1],[0,42],[1,0],[14,0],[0,36],[-1,7],[-2,-1],[0,37],[2,0],[0,7],[1,40],[0,3],[0,41],[0,43],[0,41],[-2,0],[0,35],[2,0],[0,8],[1,239],[0,16],[0,87],[0,53],[-2,0],[0,31],[-25,0],[0,16]],[[203437,543117],[11,47],[1,10],[3,-1],[5,0],[9,0],[6,4],[27,-2],[0,-40],[52,2],[0,-40],[7,2],[13,-4],[73,3],[12,4],[0,-4],[1,0],[2,0],[2,-7],[22,1],[0,-8],[2,-23],[4,-6],[8,0],[0,-22],[13,0]],[[203710,543033],[0,-40],[0,-41],[6,8],[3,2],[2,1],[-4,-24],[-1,-13]],[[203716,542926],[0,-19],[2,-22],[1,-63],[-7,-52],[0,-13]],[[201252,560158],[7,-2],[89,1],[64,1],[112,3],[3,1]],[[201496,559314],[-2,0],[-188,1]],[[201306,559315],[0,84],[0,46],[0,124],[27,2],[0,66],[0,6],[-1,20],[-2,4],[4,18],[-8,59],[-11,10],[-7,15],[-2,-14],[-1,57],[-53,10],[0,16],[0,320]],[[201861,546934],[67,1],[0,-63],[286,0]],[[202756,547419],[5,10],[16,5],[57,4],[51,43],[-1,-31],[0,-296],[-3,-17],[-3,-9],[-16,0],[-13,-14],[-1,-23],[2,-19],[5,-2],[13,-56],[7,-27],[9,-52],[0,-60],[-4,0],[9,-32],[25,-111],[9,-34],[203,-551],[0,138],[-23,26],[44,3],[10,-42],[25,-134],[10,-56],[1,-7],[0,-20],[1,-58],[-3,-5],[-3,-9],[-2,-7],[45,-125],[57,-149]],[[203288,545702],[-2,-5],[-1,-4],[-6,-13],[-13,9],[-14,33],[-7,2],[-8,-9],[-5,-6],[-5,1],[-18,-74],[37,1],[7,-60],[7,-80],[1,-28],[2,-26],[0,-7],[-3,-40],[-1,-4],[0,1],[-14,28],[-13,13],[-32,33],[-31,-1],[-2,0],[-13,0],[-35,0],[-6,6],[-5,16],[-6,6],[-5,-5],[-9,-35],[-6,-3],[-14,14],[-47,0],[-53,-1],[0,254],[-26,0],[-9,-14],[-5,-48],[-4,-14],[-9,-9],[26,-94],[1,-8],[0,-152],[26,1],[1,-85],[-100,-3],[-8,-26],[-5,5],[0,-40],[-19,0],[-10,7],[0,-49],[-37,-1],[0,-169],[13,0],[0,-63],[10,0],[0,-10],[10,-63],[-2,-87],[6,-38],[1,-14],[0,-32],[5,-26],[1,-31],[8,-42],[8,-74],[5,-64],[4,-22],[2,-27],[-31,1],[-1,-339],[0,-166],[0,-3],[0,-62],[0,-94],[0,-24],[0,-157]],[[202223,544613],[-1,29],[-1,246],[2,118],[2,382],[-80,2],[-8,2],[-113,-3],[-14,3],[-17,1],[-95,-7],[-1,559],[-36,-1],[0,990]],[[200231,559479],[27,0],[0,-22],[5,1],[1,-5],[7,1],[0,26],[13,0],[0,-7],[6,2],[20,0],[12,0],[0,6],[1,0],[0,-11],[7,1],[7,-11],[0,18],[27,8]],[[200364,559486],[8,-6],[2,-35],[-8,6],[-2,-28],[-4,3],[0,-27],[2,-7],[-1,-37],[3,0],[0,-42],[-19,-2],[8,-31],[11,-30],[0,-4],[-4,0],[0,-9],[0,-41],[4,-1],[0,-10],[0,-21],[-1,0],[0,-6],[-2,-1],[0,-4],[-1,0],[0,-3],[2,0],[0,-6],[2,0],[0,-5],[0,-169]],[[200364,558970],[-4,0]],[[200360,558970],[-3,0],[0,-11],[-7,0],[0,11],[-7,0],[-6,0],[-6,0],[0,-22],[-4,0],[0,23],[-15,1]],[[206127,539053],[52,-88],[7,-1],[5,-29],[9,-18],[8,-9],[5,1],[3,-29],[12,-40],[17,-45],[4,8],[-1,-16],[11,-27],[33,-68],[3,-14],[8,-68],[14,9],[-25,144],[-5,29],[-8,71],[-3,23],[4,-7],[6,2],[2,13],[10,-2],[11,10],[5,26],[5,6],[9,31],[3,40],[5,9],[3,25],[11,28],[10,10],[19,48],[62,66],[25,20],[12,2],[18,-11],[5,2],[1,-14],[7,-19],[5,-7],[17,23],[12,30],[35,73],[15,15],[6,10],[6,-22],[12,16],[-6,36],[3,22],[20,51],[25,46],[-1,273]],[[207107,536625],[146,-770]],[[207253,535855],[0,-45],[-343,0],[-3,-28],[-7,-17],[-7,-24],[-1,-11],[-48,-1],[-17,19],[-9,2],[-8,-6],[-3,-12],[-15,-17],[-3,-9],[-11,-3],[-9,5],[-7,-5],[0,-72],[-1,-15],[-12,-125],[-2,-37],[-7,-39],[-2,-36],[-11,8],[-18,8],[-5,7],[-8,25],[-5,7],[-23,17],[-6,10],[-34,68]],[[206243,536708],[-3,34],[3,13],[6,-6],[3,9],[-3,54],[-12,42],[3,38],[8,36],[0,20],[-4,33],[-6,13],[-8,5],[-4,26],[3,6],[2,39],[-1,22],[3,8],[8,38],[5,15],[0,11],[-4,23],[-5,10],[-8,2],[-2,8],[3,11],[0,19],[-2,9],[-6,1],[1,20],[-4,6],[-6,22],[-2,21],[-5,4],[-3,14],[-15,44],[-3,16],[1,13],[3,10],[9,9],[5,-4],[7,-21],[10,3],[0,14],[7,4],[1,15],[-1,26],[2,15],[-1,26],[7,20],[-5,19],[-3,50],[-3,19],[-10,17],[-9,32],[2,34],[-7,13],[-8,77],[1,27],[-6,16],[-2,21],[4,26],[4,26],[0,35],[-3,18],[-2,36],[2,21],[-2,11],[-5,6],[4,32],[-4,8],[-10,31],[-2,21],[-7,33],[-1,76],[1,18],[6,41],[-2,16],[-12,8],[-10,24],[0,11],[7,6],[5,22],[-3,16],[-3,9],[-11,19],[-1,8],[-11,2],[-7,14],[-1,17],[2,37],[-7,2],[-17,41],[2,15],[17,16],[1,23],[-2,25],[1,25],[8,33],[5,27],[1,19],[5,13],[9,10],[3,13],[-8,39],[-4,9],[-2,26],[-5,14],[-10,61],[-1,43],[6,61],[-1,24],[3,17]],[[202857,558125],[1,-847],[2,-30],[-1,-325],[1,-646],[0,-56],[-1,-1],[0,-122]],[[202859,556098],[0,-136],[-8,-16],[-8,-23],[-20,-26],[-15,-54],[-12,-37],[-14,-67],[-21,-40]],[[202761,555699],[-2,-4],[-56,-3],[-15,-3],[-26,-22],[-6,0],[-12,8],[-4,-32],[-1,-5],[5,38],[-9,17],[-19,76],[-13,40],[-74,203]],[[202529,556012],[-34,93],[-20,0],[-142,0],[0,4],[11,7],[6,14],[11,4],[15,14],[8,20],[3,1],[8,23],[-3,28],[4,19],[11,15],[9,23],[-147,-5]],[[202269,556272],[0,438],[-9,-12],[-5,-12],[-8,-6],[-14,-23],[-12,-6],[-7,10],[0,122],[1,170],[-4,13],[4,9],[0,25],[-16,37],[-21,75],[37,-1],[-1,40],[1,16],[0,13],[0,4],[0,20],[-1,2],[1,73],[17,2],[36,-1],[0,166],[-52,0],[-1,1],[0,40],[-2,4],[2,41],[-1,83],[-1,12],[1,32],[-1,21],[3,13],[-1,24],[-2,19],[2,9],[-1,37],[1,47],[0,73],[0,11],[0,42],[0,170]],[[200607,556081],[44,0],[3,0],[1,0],[24,0],[2,1],[-1,21],[0,148],[-2,0]],[[200678,556251],[0,171],[1,0],[0,83]],[[200679,556505],[28,1],[0,-83],[0,-1],[3,1],[20,1],[8,83],[8,-1],[7,2],[8,-2],[0,-7],[1,-35],[26,-3],[0,-37],[9,0],[19,0],[-1,27],[1,0],[0,14],[26,0],[0,43],[26,0],[54,3],[1,0]],[[200924,555739],[0,-153],[-1,153],[-28,-5],[-87,0],[-19,-7],[-13,-14],[-10,-17],[-12,-24],[87,-425],[83,0],[0,-169],[-48,0],[-1,0]],[[200607,555077],[1,170],[-1,40],[0,569],[0,6],[0,219]],[[199099,561816],[0,-86],[27,0],[0,-84],[27,0],[0,-43],[0,-63],[0,-64],[54,-170],[0,-1],[0,-161],[-41,-3],[43,-127],[-9,-23],[-10,-3],[0,-43],[-14,0],[0,-23],[-10,32],[-3,33],[0,1],[-161,2],[0,-17],[-27,49],[0,76],[-6,38],[-19,0],[-12,0],[1,4],[-16,0],[-5,-4],[-16,-46],[-2,-39],[-2,-18],[-46,-182]],[[198852,560851],[-4,-18],[-5,-13],[-25,-56],[-1,-5],[-9,-16],[-20,-4],[-60,-2],[-2,-2],[-20,-24],[0,3]],[[198706,560714],[0,106],[0,66],[-4,-18],[-25,-85],[-2,-3],[-14,-36],[0,35],[-5,207],[-5,183],[3,70],[0,68],[-93,1],[0,-2],[0,-62],[-4,-13],[-14,-17],[-3,-36],[-8,-23],[-10,1],[-3,5],[-10,-11],[-3,2],[-15,-8],[-10,17],[-1,-23],[11,0],[0,-320],[-27,1],[0,85],[-23,0],[-3,0],[0,84],[-54,1],[0,148],[-37,2],[-17,-2],[0,-148],[-54,0],[0,149],[-131,0]],[[199965,559813],[38,1],[0,0],[10,-48],[3,-8],[1,20],[0,2],[0,13],[7,-1],[0,23],[19,0],[4,-22],[15,0],[0,22],[8,-1],[14,0],[0,-56],[3,-6],[23,0],[3,18],[11,2]],[[200124,559772],[0,-41],[0,-84],[-1,-85],[0,-41],[0,-43]],[[200123,559478],[-1,0],[-2,5],[-10,16],[0,-21],[-14,0],[-13,0],[-6,0],[1,26],[-9,0],[0,8],[-2,-8],[-11,0],[0,-26],[-13,0],[-27,0],[-27,-1],[-18,-1],[0,24],[-3,2],[-4,0],[0,-26],[0,0]],[[200829,559468],[8,-3],[1,16],[38,-1],[46,-1],[8,3],[1,1],[7,2],[19,1],[26,-1],[27,0],[14,0],[14,0]],[[201038,559485],[13,0],[13,0],[1,-85],[5,0],[-1,-19],[-2,0],[4,-60],[-3,5],[-8,-11]],[[201060,559315],[-23,1]],[[200852,558970],[-5,9],[-5,48],[-11,30],[0,20],[-7,42],[4,6],[-6,0],[0,16],[0,169],[0,86],[0,1],[0,41],[8,-1],[-1,31]],[[199903,560641],[6,1]],[[199909,560642],[1,0],[26,1],[27,1],[10,-2],[19,11],[6,-12],[5,12],[11,4],[0,43],[0,5],[-3,18],[-1,10],[0,7],[0,4],[1,9],[3,4],[5,9],[6,22],[13,41],[29,1],[1,-205],[0,-15],[0,-57],[0,-44],[0,0],[0,-15],[0,-5],[18,11],[8,1],[28,1],[1,0],[1,66],[-7,29],[37,77],[-3,-10],[1,-6],[5,9],[18,0]],[[200122,560148],[-27,-2],[-13,-1],[1,-24],[-14,-1],[-1,25],[-26,-2],[-1,-12],[-2,-9],[-16,-18],[-7,0],[-7,0],[-8,36],[-13,-1],[1,-24],[-25,-4]],[[199964,560111],[0,16],[-14,0],[0,9],[-19,0],[-8,-1],[-13,0],[0,-2],[-27,-1],[-14,0],[-5,1],[-8,1],[0,22],[-3,-19],[-5,1],[6,40],[2,124],[0,2],[3,0],[4,42],[2,42],[6,39],[6,37],[1,7],[18,119],[4,10],[3,41]],[[203716,542926],[4,1],[0,-19],[2,-25],[4,0],[3,-9],[0,26],[0,27],[7,1],[2,-1],[9,0],[0,-7],[13,1],[0,6],[3,0],[0,-12],[4,12],[9,0],[13,0],[3,0],[19,1],[2,0],[4,0],[0,-12],[4,-9],[0,0],[1,1],[0,20],[7,0],[5,0],[2,-26],[4,-8],[-4,-9],[6,0],[0,43],[8,0],[1,-5],[3,-7],[2,0],[0,5],[6,0],[0,5],[-6,0],[0,2],[13,0],[0,-11],[6,-16],[3,27],[15,-1],[7,0],[22,0],[22,-1],[31,-64],[0,29],[-5,1],[-1,34],[6,0],[4,0],[24,-1],[11,0]],[[201887,555243],[39,-157],[17,-65],[26,-102],[43,-172],[43,-169],[3,0],[110,1],[-3,340],[13,1],[3,0]],[[202181,554920],[154,0],[20,-103],[6,-57],[3,0],[-5,-12]],[[202091,554069],[-25,-1],[-146,0],[-16,0]],[[201904,554068],[-1,43],[1,16],[-2,109],[-1,44],[0,42],[-2,85],[-1,42],[-2,126],[0,22],[0,49],[-3,46],[-1,5],[-4,13],[0,1],[-10,28],[-2,7],[0,19],[4,22],[10,37],[1,21],[-1,70],[-3,171],[0,52],[0,101],[0,4]],[[206127,539053],[-5,11],[-19,44],[-17,47],[-37,108],[-12,-47],[-5,-53],[-8,-6],[-4,-20],[-3,-45],[-6,-56],[0,-24],[-3,-62],[-6,-31],[-6,-78],[-2,-2],[-42,-385],[-1,2],[-33,9],[-112,6],[-47,-11],[-17,14],[-17,5],[-17,-5]],[[200015,558634],[14,0],[13,0],[14,-1],[14,0],[51,0],[2,0]],[[200123,558633],[0,-3],[6,-18],[-2,-27],[0,-78],[-4,0],[-1,-43],[1,-76],[0,-9],[0,-84]],[[200123,558295],[0,-31]],[[200123,558264],[-10,1],[0,30],[-4,0],[-7,0],[0,-42],[-6,4],[0,38],[-4,0],[0,-9],[-10,0],[0,9],[-4,0],[-9,0],[-8,0],[-1,-7],[-19,0],[0,7],[-26,1]],[[200015,558296],[0,46],[0,38],[27,0],[0,6],[-9,17],[-18,15],[0,47],[0,42],[0,42],[0,42],[0,42],[0,1]],[[200922,556765],[-54,-3],[-27,1],[-26,0],[-27,0],[-27,0],[0,45],[-13,2],[0,19],[-1,0],[-1,-20],[-12,0],[0,-46],[-13,-1],[2,25],[-11,9],[-5,-16],[0,-18],[-28,0]],[[200679,556762],[3,58],[4,67],[-1,0],[3,45],[0,3],[2,70],[0,55],[0,30],[-4,2],[-6,-1],[-11,-8],[-8,-1],[-1,1]],[[200660,557083],[0,18],[0,0],[0,43]],[[203813,543098],[-21,-1]],[[203792,543097],[0,102],[4,-1],[15,-20],[2,3],[0,0],[0,-83]],[[201252,560158],[0,154],[-9,-5],[-12,-1],[-4,7],[-5,-7],[-6,-47],[0,-20],[-2,-11],[-3,-30],[-3,-15],[-9,-16],[-15,23],[1,11],[-9,-3],[-2,8],[-76,0],[-1,-55],[48,2],[5,0],[-7,-21],[2,-48],[-4,-26],[-6,-12],[0,-15],[-7,-60],[-3,-13],[-4,-42],[-9,-39],[-21,-34],[0,-19],[-11,-1],[-49,1]],[[201031,559824],[-3,19],[-4,20],[-28,120],[9,13],[11,34],[3,9],[4,17],[2,18],[1,13],[-3,52],[0,19],[0,40],[-9,-33],[-5,-7],[-21,-2],[-18,1],[-38,0],[-52,1],[0,-17],[14,-12],[19,-14],[-3,-44],[-31,25],[0,-5],[-28,22]],[[200851,560113],[-27,22],[-19,14],[-12,10],[-9,1],[1,8],[-15,12],[-10,14],[-28,60]],[[200732,560254],[2,28],[13,57],[1,35],[3,7],[14,-24],[13,-14],[1,-22],[-6,-26],[0,-36],[-4,-36],[14,-13],[5,33],[8,-18],[11,0],[17,-10],[0,119],[0,33],[0,0],[0,3],[0,134],[0,168],[0,169],[-80,0],[-27,0]],[[200717,560841],[0,174],[2,20],[9,57],[3,39],[3,2],[7,32],[82,0],[0,2],[53,1],[15,0],[41,0]],[[199695,557730],[0,39],[0,3],[0,8],[-1,116],[0,42],[27,2],[0,1],[27,1],[0,131]],[[199854,558118],[0,-28],[0,-5],[0,-5],[0,-120],[27,0],[0,0],[26,-1],[0,-69],[0,-16],[-38,-6],[-2,-36],[-13,0],[0,-42],[0,-1],[0,-1],[0,-81],[-1,-83],[1,-80],[1,-89],[0,-1],[-24,-10],[1,-56],[19,-1],[0,-42],[7,0],[0,-84]],[[199858,557261],[0,-40],[0,-9],[-11,-38],[-4,-5],[-23,-16],[-7,5],[-7,8],[-2,0],[-1,1],[-2,-2],[-5,-1],[-8,-5],[-5,5],[-4,-2],[-2,-7],[-29,-18],[-9,4],[-10,1],[-6,-2],[-25,-26],[-12,3],[-6,5],[-16,28],[-9,8],[-5,1],[-14,-24],[0,-3]],[[199636,557132],[-32,1],[0,42],[-13,1],[0,44],[0,40],[-1,44],[0,124],[0,63],[0,21],[-1,84],[10,0],[44,1],[26,4],[26,0],[0,84]],[[200511,561164],[-4,1],[-10,-1],[-18,-1],[-35,-1],[0,-88],[0,-47],[0,-23],[1,-2],[1,-5],[0,-4],[0,-1],[1,-2],[0,-6],[-1,-3],[1,-4],[-1,-4],[-2,-1],[0,-1],[-2,-1],[-5,0],[-3,1],[-5,-1],[-3,0],[-3,-13],[-5,-21],[-3,-7],[-10,-25],[-4,-4],[-12,0],[0,66],[-5,28],[-8,12],[-37,2],[11,-39],[5,-12],[0,-6],[-3,-24],[-11,-7],[-4,-1],[-2,-83]],[[200238,560854],[-9,152],[-8,148],[-5,87],[-9,162],[-14,259]],[[199963,560999],[17,0],[20,0],[22,1],[4,0],[13,0],[41,2],[13,1],[28,1],[26,1],[0,19],[7,8],[20,-3],[0,-24],[0,0],[0,-84],[0,-59],[1,-4],[0,-21]],[[199909,560642],[0,73],[1,98],[4,-1],[49,0],[1,17],[-1,167],[0,3]],[[201086,554480],[22,-37],[6,-31],[8,-12],[0,-5],[-2,-29],[9,-31],[7,2],[3,2],[15,-23],[12,0],[0,84],[54,0],[26,0],[0,71],[-20,43],[-7,2],[-1,30],[-16,14],[-11,37],[-7,13],[-12,47],[48,2],[19,2]],[[201239,554661],[7,-23],[21,-68],[32,-101],[27,-84],[8,-27],[18,-59],[5,-20],[19,-110],[5,-21],[2,-7],[8,-19],[15,-18],[0,15],[0,3],[1,47],[20,98],[2,5],[10,0],[5,13],[11,-1],[17,-26],[7,-16],[5,5],[12,24],[9,25],[5,28],[0,12],[7,57],[5,21],[8,18],[9,-6],[13,-17],[11,-3],[3,-12],[0,-332],[78,2],[77,2]],[[201721,554066],[1,-79],[0,-369],[100,-73],[6,-6],[75,-96],[4,-5],[0,-11],[27,-45],[17,-21],[9,-19],[0,-298],[-54,75],[-6,7],[-81,114],[-5,31],[-6,11],[-1,-25],[-8,15],[-19,22],[0,-79],[-40,-1],[-14,44],[-4,0],[-10,2],[-59,68],[-14,-16],[-4,13],[-16,-35],[-12,-27]],[[201607,553263],[-42,122],[-6,17],[-115,-223],[-2,63],[-2,12],[-2,7],[-32,57],[0,12],[-11,21],[-16,17],[-31,24],[-5,-1],[-17,-15],[-27,-9],[-16,8],[-17,17],[-20,26],[0,0],[-33,31],[-4,1],[37,-181],[0,-7],[-71,347],[-2,10],[-33,165]],[[205400,552574],[1,2001],[1,384]],[[206545,556120],[-1,-14],[3,-41],[-1,-13],[2,-20],[-3,-34],[0,-39],[-7,-16],[0,-44],[5,-9],[-2,-30],[4,-4],[5,-27],[1,-18],[5,12],[6,-14],[4,-31],[6,-16],[-3,-20],[2,-10],[12,-29],[-1,-18],[6,-29],[13,-27],[2,-29],[7,-13],[0,-19],[8,-28],[-1,-1383],[1,-171],[-1,-19],[1,-265],[0,-36],[0,-271],[0,-103],[1,-49],[0,-72],[-1,-35],[-2,-25],[3,-422],[1,-44],[0,-217],[-1,-37],[0,-41]],[[203599,544455],[-21,0],[4,-40],[6,-18],[8,-12],[7,-35],[0,-29],[4,-34],[2,-19],[8,-20],[13,-10],[12,-15],[3,-21],[6,-62],[14,-50],[1,-22],[0,-18],[-1,-10],[2,-12],[7,-7],[12,4],[6,-8],[12,-65],[0,-7],[3,-1],[1,0],[2,0],[4,0],[16,-70],[7,-40],[6,-61],[0,0],[6,-74]],[[203749,543699],[-1,0],[7,-100],[1,-25],[0,-48],[1,-16],[0,-75]],[[203757,543435],[-3,0],[0,33],[-5,-18],[-8,-1],[-3,-13],[-9,-6],[-2,-2],[-3,-3],[-4,7],[-6,-12],[-17,16],[-9,1],[-31,0],[-27,-1],[-26,1],[-13,0],[-1,-98],[13,-72],[-25,-1],[3,-19],[-4,-20],[-27,25],[1,98],[-27,0],[0,42],[-13,0],[0,43],[13,0],[0,49],[-18,-14],[-3,1],[-6,6],[-14,-6],[-10,8],[-35,8],[-2,2],[-6,19],[-4,44],[-6,21],[-9,10],[-17,10],[-1,6],[-10,0],[0,-11],[-4,-7],[-4,-18],[-4,10],[-11,18],[-15,4],[-4,3],[-57,1]],[[203258,543673],[-9,18],[-10,52],[-5,14],[-6,8],[-14,30],[-11,34],[-8,10],[-16,55],[-7,16],[-15,3],[-16,-17],[-7,-1],[-12,22],[0,4],[54,-3],[0,31],[217,-1],[0,84],[-26,1],[0,42],[13,0],[0,33],[-5,8],[-35,0],[0,40],[0,45],[-11,0],[-15,1],[-1,253],[12,0],[42,1],[0,40],[11,0],[2,-20],[0,42],[13,5],[0,59],[26,0],[0,42],[16,1],[11,-45],[0,44],[39,0],[13,0],[26,0],[4,0],[2,0],[6,-51],[1,-5],[0,14],[13,0],[1,42],[10,1],[8,-41],[20,-89],[10,-40]],[[203841,545463],[25,0],[54,-4],[-1,172],[51,1],[2,134],[0,35],[53,3],[0,137],[1,27],[-1,92],[1,78],[52,1],[0,29],[-1,157]],[[204279,544626],[-35,1],[1,22],[18,63],[15,30],[3,14],[-1,27],[4,11],[-45,-1],[0,63],[0,107],[-82,2],[-15,0],[-9,-8],[-52,2]],[[204081,544959],[-56,-1],[-51,-2],[-1,2],[-1,85],[-31,1],[-4,-1],[-18,0],[0,82],[-28,1],[-22,1],[-1,42],[-49,0],[-5,3],[0,0]],[[203814,545172],[0,33],[0,83],[0,38],[0,55],[0,81],[27,1]],[[203654,545132],[0,-6],[0,-59],[0,-18],[5,5],[2,-5],[-1,-81],[-6,5],[0,-15],[-1,-70],[3,-95],[0,-128],[0,-10],[0,-32],[0,-40],[0,-26]],[[203656,544557],[-12,12],[-4,9],[-10,8],[-3,-1],[-20,35],[-2,11],[-1,2],[-9,12],[-18,5],[-8,12],[-9,40],[-3,5]],[[203557,544707],[-1,0],[-1,-1],[-4,-5],[-17,91],[2,0],[-8,34],[-30,106],[-9,29],[-1,0],[-27,94],[-24,76],[-22,79]],[[203415,545210],[4,7],[12,-2],[1,-15],[4,6],[13,2],[0,4],[-1,3],[23,0],[13,0],[13,-3],[24,-1],[27,0],[20,0],[3,-2],[8,-11],[5,-13],[-4,-17],[9,-18],[4,6],[8,-25],[2,-6],[10,-32],[4,-10],[5,-8],[8,-2],[17,0],[-2,11],[-5,-1],[0,49],[14,0]],[[200335,558283],[15,-1],[0,11],[10,-1]],[[200360,558292],[-1,-42],[5,-11],[0,-25],[0,-7],[0,-21],[0,-6],[-6,0],[0,-57],[6,0],[0,-25],[-3,0],[0,-12],[3,-1],[0,-12],[0,-33],[-3,0],[-1,-11],[0,-73],[4,0],[0,-25],[-4,0],[0,-12],[4,0],[0,-38],[0,-9],[0,-36],[-4,0],[1,-7],[2,-4],[0,-4],[1,-9],[0,-27],[0,-54],[-4,0],[0,-37],[4,-2],[0,-3],[2,-75]],[[200366,557614],[-9,2],[-9,-27],[-10,-13]],[[200338,557576],[-1,81],[13,1],[0,31],[-7,2],[0,-17],[-6,-4],[0,28],[0,45],[6,0],[0,46],[-3,-1],[-1,47],[-2,-2],[0,38],[0,85],[0,85],[0,24],[0,59],[0,11],[1,0],[0,10],[-2,0],[0,63],[0,54],[-1,21]],[[203354,545445],[11,25],[2,5],[9,24],[2,5],[20,48],[-7,0],[0,87],[27,-2],[0,85],[-27,0],[0,42],[14,0],[0,42],[32,0],[7,0],[0,21],[0,22],[0,85],[26,0],[0,37],[1,5],[13,0],[0,-96],[0,-1],[3,13],[4,20],[6,3],[0,-23],[0,-85],[0,-3],[11,0],[27,0],[13,0],[0,157],[0,5],[36,1],[0,127],[-35,0],[0,41],[0,44],[13,-1],[0,42],[13,1],[0,42],[14,0],[0,76]],[[203589,546339],[1,-31],[11,0],[0,5],[1,7],[5,-4],[-5,-25],[0,-155],[0,-84],[0,-42],[-1,-43],[1,0],[26,0],[0,43],[14,0],[0,-37],[-1,-6],[12,0]],[[203653,545967],[0,-163],[-1,-71],[1,-19],[1,-79],[0,-85],[0,-8],[0,-56],[26,0],[0,-23],[0,-19],[-10,0],[-4,-42],[-2,0],[0,-14],[0,-7]],[[203664,545381],[-10,0],[0,-51],[0,-34],[8,0],[-4,-27],[-4,2],[0,-72],[0,-67]],[[203415,545210],[-45,165],[-9,38],[-7,32]],[[200446,558969],[4,0],[14,1],[20,-2],[4,-5],[7,3],[1,46],[3,12]],[[200499,559024],[0,-54],[7,0],[0,-19],[35,66],[8,30],[4,-4],[0,-148]],[[200553,558895],[0,-1],[-1,-58],[0,-42],[0,-15],[1,-14],[0,-26]],[[200553,558739],[0,-4],[0,-2],[0,-46],[-3,-1],[-2,-3],[-2,-6],[-2,2],[2,-6],[-1,-9],[3,-4],[4,0],[0,-21],[1,-76],[-7,-5],[0,-6],[7,1],[0,-30],[-3,-14],[1,-5],[2,1],[0,-38],[0,-26],[-7,-1],[0,-11],[7,0],[0,-16],[-6,0],[2,-9],[-3,-23],[7,0],[0,-43],[-7,0],[0,-22],[7,1],[0,-22]],[[200553,558295],[0,-22],[-7,0],[0,22],[-7,-1],[-13,0],[0,-21],[-7,0],[0,21],[-10,-1],[0,-10],[-10,-1],[0,-24]],[[200499,558258],[-11,35],[-14,0],[0,-10],[0,-17],[-2,-6],[0,11],[-13,-1],[0,9],[-5,3],[0,-15],[-5,13],[-1,-20],[-3,0],[0,21]],[[200490,560310],[2,-21],[-5,0]],[[200487,560289],[0,21],[3,0]],[[200363,560328],[27,1],[13,0],[13,0],[17,2],[10,-1],[8,0],[2,-21],[7,0],[0,21],[10,1],[10,0],[0,-22],[4,-20]],[[200484,560289],[-3,-1],[1,-21],[15,1],[0,-21],[-7,-1],[0,-53],[7,1],[0,-32],[0,-86],[0,-15],[1,-65],[-5,0],[0,-69],[5,0],[-1,-20],[14,1],[1,-27],[9,1],[0,-24],[-4,-5],[0,-16],[5,0],[1,-14],[-8,-8],[-1,-15],[-5,-6],[-3,-31],[-8,-15],[0,-11],[0,-43],[0,-43]],[[200498,559651],[0,-6],[-12,-5],[5,-36],[-4,-18],[4,-5],[0,-14],[-17,0]],[[200474,559567],[0,62],[-2,10],[3,14],[-8,5],[-9,10],[-6,9],[-35,86],[-8,13],[-18,2],[0,-27]],[[200391,559751],[-11,0],[0,-23],[-7,-33],[-5,3],[-1,11],[-5,27],[1,8],[-1,34]],[[200362,559778],[0,51],[1,0],[0,33],[7,0],[0,5],[0,20],[-5,13],[-2,62],[0,27],[0,52],[0,4],[0,29],[-5,5],[4,16],[1,64],[0,20],[-7,0],[-7,19],[14,0],[0,45],[0,23],[0,62]],[[199954,561797],[-1,-50],[10,-23],[-2,-12],[0,-25],[5,-11],[2,-33],[-1,-31],[-5,-39],[4,-40],[-4,-72],[0,-3],[0,-3],[0,-23],[0,-10],[0,-105],[0,-169],[1,-81],[0,-68]],[[199903,560641],[-34,0],[-14,0],[-13,0],[0,11],[-3,-9],[-23,1],[0,-2],[-14,1],[0,0],[-27,0],[0,0],[-14,0],[-36,0],[-12,0],[-5,0],[-14,1]],[[199694,560644],[1,84],[0,64],[0,13],[0,7],[-6,0],[-4,49],[9,59],[0,4],[1,4],[0,6],[0,3],[-1,1],[0,2],[0,41],[-14,0],[0,30],[-18,-2],[-10,0],[0,6],[-9,-5],[-12,4],[-2,0],[-3,-42],[-5,-34],[-10,-64],[-7,-20],[-11,-16],[-36,-3]],[[199557,560835],[-58,2],[-22,-20]],[[199477,560817],[0,1],[0,167],[1,5],[-1,81],[-1,42],[0,32],[0,160],[0,1],[0,170],[-78,-1],[-5,1],[1,95],[-8,28],[-7,19],[-4,15],[-3,11],[-2,15],[-1,4],[-2,3],[1,12],[-3,0],[-2,9],[-4,7],[0,31],[3,22],[3,27],[4,15],[0,25],[-54,0],[-1,0],[-34,0],[-49,1]],[[200364,559486],[27,7],[2,0],[1,7],[2,31],[-6,38],[-3,31],[3,50],[1,11],[-1,69],[1,21]],[[200474,559567],[-3,0],[0,-85],[-1,-129],[-6,0],[0,-19],[9,-6],[4,-18],[-1,-31],[5,-14]],[[200481,559265],[-5,-19],[-2,-22],[0,-18],[1,-60],[0,-22],[-2,-25],[1,1],[11,-1],[14,4],[0,-79]],[[200391,558969],[-27,1]],[[201718,549756],[0,30],[-2,16],[0,37],[0,63],[4,21],[0,85],[-27,0],[0,5],[-27,0],[0,81],[8,0],[-4,30],[0,22],[-4,11],[0,22],[-4,2],[-49,0],[0,232],[-7,0],[0,12],[-2,1],[-5,8],[-13,0],[0,1],[-1,84],[1,6]],[[201586,550525],[0,2],[-9,36],[-5,32],[-3,33],[-3,116]],[[202096,550954],[4,-9],[1,-7],[2,-9],[7,-3],[0,-151],[39,1],[66,0],[27,-18],[13,1],[7,-13],[5,-17],[7,-12],[11,-15],[15,-7],[8,-14],[2,-12],[8,-18],[4,1],[18,-22],[7,33],[10,108],[8,0]],[[202365,550771],[-5,-157],[1,-12],[4,-13],[48,-43],[-4,-7],[-9,-3],[-2,-13],[-24,-85],[0,-9],[0,-530],[2,-29],[-2,-13],[0,-30],[5,11],[1,-9],[-7,-4],[0,-268],[0,-27],[0,-174],[-21,-81]],[[201861,546934],[-419,0],[-1,0],[-205,-1],[1,716],[47,2],[-2,-20],[3,-24],[4,-48],[52,-2],[1,52],[5,2],[61,-1],[0,20],[2,6],[0,6],[3,9],[2,13],[8,23],[-1,9],[0,42],[26,0],[0,211],[52,119],[32,214],[1,5],[25,2]],[[203128,553793],[0,27],[7,1],[26,-31],[13,-4],[9,26],[14,20],[3,17],[2,26],[-1,57],[-1,24],[2,8],[4,5],[13,3],[8,15],[8,8],[13,-9],[9,-1],[6,-8],[4,-40],[7,-34],[2,-3],[23,13],[13,-9],[3,-7],[13,4],[4,-4],[3,-1],[11,42],[3,3],[19,4],[10,11],[3,7],[1,35],[7,2],[13,-3],[6,1],[7,11],[9,5],[8,15],[4,19],[7,6],[15,20],[4,-10],[16,-26],[8,-6],[0,900],[0,159],[14,11],[0,71]],[[203500,555173],[7,-38],[2,-33],[82,-2],[0,165],[0,82],[-34,169],[0,21],[8,44],[-2,27],[-26,1],[0,492],[7,0]],[[204351,552507],[-7,-2],[-6,7],[-12,26],[-7,0],[-6,8],[-3,15],[-19,37],[-13,10],[0,14],[-18,39],[-7,30],[-7,10],[-8,36],[-12,20],[-1,14],[4,10],[-2,16],[-10,11],[-9,-30],[-3,-4],[-2,15],[2,40],[-5,6],[-5,-4],[-14,-21],[-19,-5],[-8,4],[-4,6],[-2,28],[-7,0],[-9,21],[-7,-2],[-2,16],[-6,27],[-4,2],[-4,-19],[-7,-7],[-220,-49],[-13,8],[-60,47],[0,-837],[55,-1],[0,-322]],[[199694,560644],[0,-1],[0,-85],[0,-84],[0,0],[31,0],[23,-1],[0,-170],[13,0],[28,0],[0,-170]],[[199789,560133],[-12,0],[-22,0],[-12,0],[-49,-1],[-29,0],[-7,4]],[[199658,560136],[2,81],[7,0],[0,5],[0,80],[-13,-1],[-16,-1],[1,161],[0,18],[-13,0],[-1,-5],[-7,-30],[-1,-16],[-4,-24],[1,-57],[-1,-22],[-1,-43],[0,-5],[-16,-6],[-10,2]],[[199586,560273],[-1,197],[0,115],[0,64],[-28,-1],[1,70],[0,14],[0,35],[0,12],[5,0],[0,24],[-3,0],[0,-8],[-2,0],[-1,40]],[[199340,560628],[28,-83],[13,-46],[23,-59],[30,-88],[11,-32],[33,-96],[28,-83],[2,0]],[[199508,560141],[1,-1],[23,-68],[18,-54],[1,3],[17,-54],[1,-3]],[[199532,559964],[-9,0],[-17,1],[-27,2],[-27,-1],[-27,1],[-27,1],[-14,1],[-12,1],[-17,1],[0,0],[-32,1]],[[199323,559972],[0,0],[0,83],[0,26],[-5,-6],[4,15],[-6,4],[-17,0],[4,-25],[-4,-18],[8,-1],[-2,-8],[-6,1],[0,-43],[11,-1],[0,-17],[7,-10],[-21,0],[-1,0],[1,55],[0,116],[-1,1],[-25,0],[-26,-1],[-9,0],[-20,0],[-28,-4],[-5,-1]],[[199182,560138],[-1,0],[-15,0]],[[199166,560138],[6,55],[21,118],[2,0],[21,0],[20,0],[6,0],[27,0],[27,-2],[0,38],[1,39],[15,96],[5,42],[9,54],[14,50]],[[200930,562184],[-54,-6],[0,-71],[-6,-7],[1,-38],[-10,-22],[0,8],[7,20],[-10,10],[-4,10],[10,1],[5,10],[-16,0],[-8,6],[-7,-6],[-19,0],[-3,-50],[0,-35],[-17,10],[-13,-11],[-33,0],[-39,0]],[[199480,559458],[-54,2],[-54,2],[-49,2]],[[199323,559464],[0,85],[0,86],[5,-1],[44,-2],[0,84],[0,85],[-14,1],[-35,1],[0,85],[0,84]],[[201237,552647],[19,0],[11,0],[0,-1],[4,0],[22,0],[27,1],[25,1],[0,1],[3,0],[25,0],[1,1]],[[201586,550525],[-8,24],[-16,31],[-63,147],[-16,27],[-17,11],[-13,-3],[-1,0],[0,11],[0,228],[0,3],[0,8],[-20,45],[-24,57],[-5,0],[-5,11],[-29,70],[-7,1],[0,-41],[-17,1],[0,-43],[-20,0],[-20,0],[-12,0],[-2,0],[-1,169],[-51,0],[-27,0],[-27,0],[0,86],[0,36],[27,-1],[27,-1],[0,-29],[0,0],[7,-6],[0,64],[6,0],[0,21],[6,0],[34,-79],[0,3],[0,76],[-27,0],[-4,4],[-22,50],[-1,2],[-48,114],[-5,12],[-52,119],[0,83],[0,252],[-3,44],[3,15],[9,1],[3,-24],[4,-10],[15,-1],[12,26],[10,0],[53,0],[1,8],[0,75],[0,84],[0,167],[-2,104],[-1,70]],[[201721,554066],[45,1],[59,1],[24,0],[55,0]],[[202572,550263],[1,673],[-233,8],[21,-116],[3,-21],[1,-20],[0,-16]],[[201670,552308],[14,-2],[11,2],[27,0],[0,0],[53,-1],[1,42],[0,58],[0,239],[54,-2],[0,75],[-25,0],[-6,5],[-6,11],[-71,203],[-33,92],[-70,199],[-12,34]],[[202000,558124],[0,-106],[-7,-1],[0,-20],[7,-1],[0,-41],[0,-169],[0,-85],[-7,0],[1,-31],[6,0],[0,-30],[0,-13],[0,-11],[0,-25],[0,-12],[0,-33],[0,-42],[-3,5],[-10,-16],[-4,-46],[7,0],[-3,-24],[-10,1],[1,-50],[6,-12],[11,0],[0,17],[4,1],[0,-18],[1,0],[0,-51],[-4,-14],[0,-19],[4,0],[0,-80],[0,-90],[-46,1],[1,-52],[-2,-67],[0,-31],[11,-20],[21,-32],[6,-41],[14,-83],[16,-97],[4,-20],[29,-169],[4,-53],[2,-16],[6,-97],[2,-58]],[[202068,556273],[-59,-2],[-26,73],[-36,82]],[[201947,556426],[-43,104],[-8,31],[-3,19],[-7,30],[-3,7],[0,70],[0,83],[0,140]],[[201883,556910],[0,43],[0,71],[0,12],[-1,73],[11,-1],[0,90],[0,2]],[[201893,557200],[0,12],[0,66],[0,42],[-13,0],[0,42],[-1,30],[3,0],[1,-26],[9,0],[1,13],[0,68],[-11,0],[0,8],[-4,0],[-5,0],[0,-8],[-7,0],[-13,0],[-14,0],[0,43],[24,-1],[0,43],[-24,0],[-26,0],[-4,0]],[[201809,557532],[0,84],[30,0],[14,0],[0,5],[6,-5],[7,0],[27,0],[0,43],[0,42],[0,0],[-3,-1],[0,22],[0,42],[0,22],[3,-1],[0,82],[0,88],[0,85],[-20,1],[0,20],[15,-1],[2,2],[0,20],[0,42]],[[201994,557620],[5,-1],[0,7],[0,8],[-5,-3],[0,-11]],[[201809,557532],[-19,0]],[[201790,557532],[4,3],[3,40],[9,-1],[3,11],[0,-53]],[[199109,560138],[57,0]],[[199182,560138],[0,-2],[-2,-10],[-9,-12],[2,-46],[-5,-38],[5,-36],[-1,-23],[-1,-17],[4,-68],[0,-1],[-6,-40],[0,-43],[0,-30],[-7,-25],[-3,-7],[-17,-107],[0,-3],[-7,-56],[0,-110],[27,-1],[30,0],[23,0],[54,1],[27,0],[27,0]],[[199518,559120],[-37,1],[-1,0]],[[199480,559121],[-27,1],[-53,1]],[[199400,559123],[-77,3],[-28,-1],[-26,0],[0,-167],[0,-170],[0,-169],[0,0],[0,-1]],[[199269,558618],[-53,0]],[[199216,558618],[0,1],[0,0],[0,169],[-27,-1],[-26,0],[0,-59],[-1,0],[1,228],[-27,0],[-1,169],[0,0],[0,0],[-4,-1],[-130,-1]],[[199001,559123],[0,395],[7,85],[-3,68],[-4,42],[0,429],[50,-1],[-1,-44],[4,-19],[-11,-29],[-3,-1],[2,-9],[17,-3],[6,2],[20,33],[14,32],[10,4],[0,29],[0,2]],[[201572,557959],[0,-37],[0,-45],[0,-88],[-1,-57],[0,-5],[0,-19],[0,-17],[0,-5],[0,-63],[0,-26],[0,-21],[2,11],[9,0],[1,27],[13,0],[1,-54],[0,-25]],[[201597,557535],[-7,1]],[[201590,557536],[-15,3],[0,16],[-4,1],[0,-3],[0,-14]],[[201571,557539],[-5,0],[0,-14],[-16,0],[-5,6],[-1,-34],[-4,-9],[-2,24],[-1,26],[-19,0],[-4,0],[3,-11],[-1,-33],[-5,0],[0,18],[-4,12],[0,14],[-17,0],[-13,0],[0,-12],[-8,-2],[0,13],[-5,0],[-3,0],[3,-11],[0,-72],[-17,-1],[-10,0],[0,84],[-27,0],[-21,-1],[-6,0],[0,-15],[-7,-1],[0,17],[-13,0],[3,-12],[-10,0]],[[201356,557525],[0,12],[1,45],[6,-32],[3,0],[3,12],[0,39],[-1,17],[-5,-8],[0,12],[-6,0],[0,20],[10,0],[-1,12],[-7,0],[0,-5],[-2,0],[0,57],[0,85],[0,170]],[[207410,551100],[10,-26],[3,-14],[35,1],[2,-9],[3,7],[14,-1],[-1,-60],[11,-38],[3,-8],[5,-11],[6,-7],[5,-4],[3,-1],[0,46],[7,0],[0,22],[0,144],[0,29],[0,57],[0,7],[4,30]],[[201037,557488],[0,42],[7,0],[0,-21],[19,1],[13,1],[0,21],[6,0],[0,-11],[7,0],[0,11],[3,0],[0,-8],[2,0],[1,1],[0,-5],[1,0],[0,5],[3,-1],[0,8],[12,0],[0,-25],[4,0],[16,-1],[0,26],[11,0]],[[201142,557532],[0,-44],[1,0],[0,-3],[1,0],[0,-17],[1,0],[0,-9],[-3,-1],[0,-11],[0,-15],[6,0],[0,-13],[-3,0],[0,-24],[7,0],[0,-10],[-10,3],[0,-8],[0,-13],[0,-4],[0,-53],[1,0],[0,-5],[1,0],[0,-5],[0,0],[-2,0],[0,-22],[6,0],[0,-21],[-6,0],[0,-65],[0,-34],[-6,-49]],[[201136,557109],[-21,0],[-29,-1],[-3,-11],[-1,-15],[0,-4],[1,-88],[0,-52],[0,-31],[0,-2]],[[201356,557509],[0,16]],[[201571,557539],[0,-26],[7,-1],[2,-10]],[[201580,557502],[4,-21],[-13,11],[0,-36],[0,-24],[2,0],[-3,-68],[0,-57]],[[201570,557307],[0,-21],[8,-7],[3,-1],[-1,-34],[11,-6],[-1,-37],[-20,0],[0,-25],[-1,-7],[9,0],[-3,-32],[1,-22],[-16,0],[-10,0]],[[201550,557115],[-18,0],[-25,0],[-40,-1],[-5,0],[1,49],[0,10],[0,4],[0,13],[0,8],[-27,-1],[0,-7],[0,-34],[19,0],[3,-6],[-4,-14],[0,-22],[-14,0],[-2,0],[-28,-1],[-10,0],[-44,0]],[[201356,557113],[0,83],[20,1],[0,26],[-9,-8],[-9,28],[4,17],[-6,0],[0,23],[9,0],[1,51],[-1,33],[-9,0],[0,85],[22,0],[-8,49],[-14,-1],[0,9]],[[203184,536230],[0,-284]],[[200930,557785],[1,0],[45,0],[6,0],[0,2],[1,1],[2,2],[16,51],[6,18],[3,11],[8,21],[6,21],[13,7],[1,36],[19,0],[6,11],[1,2],[2,9],[2,12],[2,9],[0,1],[8,25],[7,32],[14,7],[4,-21],[0,6],[1,36],[13,1],[7,0],[5,51],[2,-4],[0,39],[13,0]],[[200943,557502],[7,27],[8,30],[11,31],[4,24],[-17,0],[0,42],[0,7],[0,35],[-22,-1],[-4,1],[0,87]],[[201748,557486],[3,-1],[0,-12],[-1,-4],[-2,-4],[0,21]],[[201748,557521],[3,1],[0,-26],[-1,-2],[-2,0],[0,27]],[[201790,557532],[-5,0],[0,-43],[-13,0],[0,22],[-9,0],[-4,21],[-24,0],[-1,-42],[-2,0],[0,42],[-14,0],[0,0],[-9,-45],[-2,-40],[-3,0],[1,64],[1,22],[-3,0],[-2,-41],[-12,-5],[-1,21],[-5,0],[0,-61],[-1,0],[-4,1],[0,36],[0,49],[-27,0],[-5,0],[-12,0],[0,-9],[2,0],[-3,-48],[-9,0],[0,57],[-24,0],[-3,2]],[[201590,557536],[0,-24],[-10,-10]],[[201893,557200],[-54,1],[0,77],[-27,0],[-8,0],[0,30],[2,3],[-7,60],[-14,-1],[0,-92],[-4,1],[-7,-1],[-2,0],[-14,0],[-27,0],[-24,0],[-3,0],[-14,1],[11,48],[3,15],[-20,0],[-6,0],[0,-64],[-27,0],[-27,1],[-27,-1],[0,5],[-18,3],[-9,21]],[[201883,556910],[-24,-6],[-4,4],[-18,31],[-8,2],[-27,-1],[-27,1],[-27,2],[-26,1],[-26,0],[-28,1],[0,0],[-22,0],[-32,1],[-53,2]],[[201561,556948],[0,39],[0,86],[-9,9],[-2,33]],[[201088,555069],[11,1],[12,1],[5,0],[23,1],[39,3],[15,2],[13,1],[40,0],[19,-1],[33,0],[53,1]],[[201351,555078],[10,0],[4,0],[63,-1],[0,1],[1,-1],[3,1],[0,0],[1,1],[0,6],[0,34],[0,2],[-1,40],[2,2],[26,-1],[-1,85],[27,1],[27,0],[27,2],[7,0],[20,1],[0,130],[-7,2],[0,41],[6,1],[1,0],[0,39],[0,4],[0,43],[-27,-4],[-1,43],[-26,-4],[0,39],[0,4],[54,10],[0,0],[0,40],[0,117]],[[201567,555756],[0,42],[0,54],[-1,83],[0,54],[0,64]],[[201566,556053],[51,-121],[1,-1],[0,3],[4,-1],[49,-1],[12,-1],[15,0],[27,-1],[160,-5],[0,8],[8,0],[0,34],[0,1],[0,134],[24,3],[29,0]],[[201946,556105],[0,-177],[0,-48],[0,-117],[-59,1],[-1,-4],[0,-2],[0,-164],[0,-42],[0,-24],[0,-39],[0,-68],[1,-165],[0,-1],[0,-12]],[[201239,554661],[-9,27],[-88,279],[-3,8],[-47,84],[-4,10]],[[199477,560817],[-7,-6],[-28,-1],[-15,-5],[-44,-42],[-13,-36],[0,3],[-24,-81],[0,-1],[-5,-17],[-1,-3]],[[199109,560138],[-1,39],[-2,43],[-4,30],[-8,42],[-4,28],[-13,40],[-5,22],[-15,49],[-3,40],[-2,8],[-11,35],[-9,21],[-2,31],[-9,21],[-15,56],[-4,7],[-26,1],[-7,11],[-20,-10],[1,-252],[2,-2],[-125,-1]],[[198827,560397],[0,9],[8,46],[3,9],[14,78],[7,54],[0,15],[6,16],[5,27],[21,0],[-10,53],[-21,116],[-3,18],[-5,13]],[[206575,556340],[8,31],[10,45],[6,33],[4,7],[5,3],[14,-19],[12,-2],[10,-9],[12,24],[13,1],[5,-33],[12,-37],[5,-45],[12,-65],[-1,-19],[-9,-33],[-1,-24],[3,-18],[4,-11],[5,-29],[5,-13],[8,0],[11,-32],[5,-6],[6,-25],[7,-18],[23,-54],[7,-10],[3,-54],[4,-12],[8,-45],[8,-36],[12,-27],[8,-30],[14,-19],[32,17],[7,11],[14,12],[12,-33],[22,-35],[16,-11],[16,-17],[11,-25],[7,-7],[10,-25]],[[199162,558110],[0,118],[0,52],[54,-1],[0,170],[-54,0],[0,169],[27,0],[0,0],[27,0]],[[199269,558618],[25,-1],[1,0],[28,1],[74,0],[20,0],[-1,-108],[13,0],[0,-60],[0,-4],[21,0],[19,0],[0,-89],[10,1],[3,1],[1,1],[0,-4]],[[199535,558029],[-53,1],[-30,4],[-23,23],[-13,11],[-40,2],[-28,0],[-25,4],[-24,4],[-30,-3],[-1,-1],[-52,-2],[-46,1],[-8,4]],[[199162,558077],[0,3],[0,30]],[[201262,557536],[4,-17],[10,-33],[1,50],[5,0],[12,0],[9,0],[-1,-65],[14,1],[0,51],[13,0],[0,-29],[26,4],[1,11]],[[201356,557113],[-14,-1],[-27,0],[-13,0],[-35,-1],[-18,0]],[[201249,557111],[-59,-1],[0,0],[-54,-1]],[[201031,559824],[1,-5],[13,-79],[-2,3],[-6,-4],[0,-85],[0,-84],[1,-85]],[[200829,559468],[0,11],[-7,2]],[[200822,559481],[14,0],[-1,30],[-2,3],[3,52],[-14,0],[0,85],[0,1],[0,46],[4,0],[0,6],[5,0],[0,5],[2,13],[1,13],[-12,1],[0,84],[9,0],[-4,17],[0,73],[7,40],[0,46],[-4,-15],[-7,8],[0,2],[10,7],[2,76],[16,0],[0,39]],[[201306,559315],[-35,-5],[-17,0],[-1,0],[-37,5],[-9,0],[-49,0],[-12,0]],[[201146,559315],[-55,0],[-1,0],[-30,0]],[[200662,559637],[0,19],[-1,9],[6,-6],[1,-1],[0,74],[-1,6],[-1,5],[-5,4],[0,77],[8,0],[1,25],[-9,0],[0,17],[0,43],[1,85],[6,0],[2,16],[-8,-1],[0,70],[0,38],[0,15],[9,16],[0,14],[-9,1],[1,8],[6,1],[0,12],[-6,0],[0,65],[0,42],[0,42]],[[200663,560333],[0,13],[28,-32]],[[200691,560314],[20,-22],[9,-14],[2,-4],[10,-20]],[[200822,559481],[0,-21],[-6,0],[0,21],[-21,0],[0,-14],[-13,-1],[0,15],[-12,-1],[-2,0],[-53,7],[-13,0],[0,-34],[2,-9],[-7,4],[-1,13],[1,6],[-5,17],[-2,3],[-2,0],[0,-1],[-26,0]],[[200662,559486],[-1,1],[0,84],[0,9],[-1,10],[1,1],[1,8],[0,38]],[[205680,534432],[6,-7],[24,7],[6,8],[5,-8],[9,-8],[10,16],[0,15],[-6,45],[16,57],[-3,25],[2,26],[5,27],[-4,54],[13,43],[5,-7],[6,5],[7,30],[11,4],[7,9],[14,7],[3,27],[7,1],[7,22],[-1,8],[7,20],[3,-16],[6,16],[10,17],[35,167]],[[205890,535042],[1,-65],[0,-72],[0,-124],[0,-14],[13,39],[39,1],[53,1],[14,0],[3,0],[34,0],[20,0],[5,0],[28,0],[27,0],[3,0],[23,0],[131,0],[27,0],[52,0],[-1,-15],[66,66],[-10,86],[11,24],[-1,10],[7,-30],[11,-13],[6,-26],[6,-3],[5,18],[-16,65],[-2,19]],[[206629,535263],[0,-439],[154,-2],[0,-26],[-12,-36],[-8,1],[-10,-19],[-10,-14],[-10,-20],[-3,-10],[-5,12],[-3,-2],[-15,-34],[-3,-16],[-1,-23],[-97,2],[-10,-29],[-35,-56],[-9,-30],[-7,-5],[-7,-28],[-6,-3],[-8,7],[-8,14],[-11,-1],[-17,-18],[10,-62],[0,-14],[0,-33],[4,-59],[3,-81],[7,-87],[2,-19],[5,-18],[124,-326],[14,-37],[16,-37],[18,-52],[5,-9],[42,-12],[13,-6],[33,-24],[-1,-321],[1,-48]],[[206784,533243],[-426,9],[-200,-2],[-214,-3],[-576,-8]],[[206206,536649],[-2,46],[-3,72],[-48,1],[3,92],[0,509],[-105,0],[0,-64],[0,-104],[-80,-1],[0,-85],[-52,-1],[2,-23],[-18,-20],[-68,-74],[-8,-9],[-1,-128],[-40,-1],[-1,-93],[-12,-1],[-1,-42],[0,-114],[0,-18],[-1,0],[-12,-1],[0,-64],[0,-7]],[[205759,536519],[-10,73],[-71,-31],[-52,-20],[-14,-10],[-13,-2],[-114,-50],[-35,-12],[-42,-20],[-3,-264]],[[201249,557111],[0,-19],[-5,-43],[-5,-6],[0,-18],[5,0],[0,-42],[-7,0],[0,-32],[4,0],[0,-10],[3,0],[1,-84],[-6,0],[0,-14],[6,-13],[0,-39],[-5,0],[0,-12],[5,1],[0,-7]],[[201245,556773],[0,-85],[-5,0],[-1,-46],[5,2],[0,-40],[0,-2],[0,-5],[-8,-22],[-9,-19],[-2,-10],[-1,-5],[-1,-22],[16,-1],[5,0],[0,-10],[1,-75]],[[201245,556433],[0,-77],[-1,-7]],[[201561,556948],[0,-34],[-2,0],[-7,15],[-4,0],[0,-24],[13,1],[1,-42],[0,-85]],[[201562,556779],[-26,0],[-27,-1],[-32,-1],[-20,0],[-23,-1],[-12,0],[-18,-1],[-27,0],[-27,0],[-27,-1],[0,-65],[-13,1],[0,64],[-13,0],[-13,-1],[-14,0],[-25,0]],[[207047,533248],[-121,-2]],[[206926,533246],[1,42],[-5,20],[0,22],[-2,20],[3,17],[-1,17],[-6,37],[-8,-3],[-3,10],[8,12],[8,-2],[15,-29],[3,-9],[1,-34],[9,-3],[1,-17],[3,-2],[1,-20],[37,0],[-1,-12],[21,0],[23,-3],[13,-17],[0,-44]],[[201085,555578],[0,-170],[7,1],[0,-26],[4,2],[1,-15],[-6,-4],[8,-52],[0,-72],[0,-2],[1,-2],[0,-61],[0,-15],[2,4],[9,55],[-9,-57],[-11,-13],[-3,-16],[-2,-24],[0,-42],[2,0]],[[207253,535855],[85,-447],[2,-471],[0,-27],[-43,-14],[-10,-25],[54,-104],[0,-114],[-8,-111],[-1,-24],[19,-39],[10,-31],[0,18],[264,-5],[104,1]],[[207436,533253],[-114,1],[-271,-6],[-4,0]],[[206926,533246],[-134,-3],[-8,0]],[[207838,546001],[900,-2],[13,-4],[41,0],[44,-2]],[[200769,558620],[6,1],[2,-6],[5,11],[0,5],[13,1],[7,1],[7,0],[13,1]],[[200941,558546],[0,-83],[0,-86],[-7,-83],[-6,0]],[[200724,558290],[1,0],[14,21],[3,-4],[9,13],[-3,56],[-6,1],[0,37],[0,0],[0,131],[0,11],[4,19],[8,22],[15,4],[0,19]],[[201947,556426],[0,-156],[0,0],[0,-80],[0,-85],[-1,0]],[[201566,556053],[-1,2]],[[201565,556055],[0,2],[0,4],[0,42],[-1,106],[-7,31],[0,6],[0,16],[1,11],[6,55],[-1,114]],[[201563,556442],[0,79],[0,5],[0,12],[0,30],[0,15],[0,27],[-1,0],[-25,0],[-1,84],[26,1],[0,84]],[[200553,558295],[27,0],[13,-1],[14,0],[0,-15],[13,-2],[0,17],[13,-2],[0,-23],[7,0],[0,23],[7,-1],[0,-13],[13,-1],[0,13],[1,0],[0,-21],[19,0],[2,21],[5,0],[0,-6],[4,-12],[6,-3],[17,-1]],[[200781,558110],[-7,-37],[-1,-56],[-4,-20],[4,-31],[4,-15],[2,-11],[-5,-32],[-29,0],[-3,15],[0,-1],[-7,-47],[-2,1],[0,0],[0,12],[0,6],[-1,6],[-3,20],[0,5],[-4,1],[-11,0],[-1,-41]],[[200713,557885],[-24,11]],[[200660,557952],[-14,1],[-8,0],[-2,-18],[-3,0],[0,-16],[-10,0],[-15,35],[-1,0],[0,-36],[-49,1],[0,35],[-5,1],[0,-36],[-14,0],[0,36],[-13,0],[0,-24],[-19,0],[0,24],[-8,0]],[[200499,557955],[0,45],[0,22],[0,18],[0,39],[0,44],[0,42],[-2,2],[0,41],[0,16],[-2,0],[4,26],[0,8]],[[204081,544959],[-1,-119],[1,-33],[-2,-12],[1,-2],[-1,-2],[-4,-14],[0,-4],[0,-4],[0,-3],[1,-3],[1,-4],[2,-3],[1,-29],[1,-5],[0,-15],[0,-83],[-1,-107],[0,-54],[0,-13],[0,-44],[0,-133],[1,-60],[5,-1],[11,5],[5,-39],[5,-19],[0,-6]],[[204107,544153],[-13,22],[-3,-2],[-1,0],[-5,-1],[-4,-4]],[[204081,544168],[0,-8],[-1,0],[-6,0],[-17,-6],[-3,1],[-27,37],[-1,1],[-17,31],[-9,8],[-8,-1],[-19,-33]],[[203973,544198],[-11,-10],[-3,-1],[-14,-4],[-5,1],[-10,11],[-3,6],[1,8],[-1,28],[-3,47],[0,0],[-1,0],[-4,23],[-4,8],[-2,3],[-6,5],[-19,-14],[-5,1],[-3,0],[-12,28]],[[203868,544338],[-18,35],[-7,1],[-2,0],[-17,9],[-10,12]],[[203814,544395],[0,25],[0,0],[-2,0],[-2,14],[2,37],[-7,4],[-1,18],[0,22],[0,21],[10,12],[0,10],[0,59],[0,25],[0,63],[0,85],[0,122],[1,45],[0,29],[10,44],[3,19],[-9,30],[0,49],[-1,21],[-4,2],[0,0],[0,16],[0,5]],[[203808,544515],[5,-11],[1,-11],[1,14],[-1,27],[-5,1],[-1,-20]],[[200069,557475],[11,11],[2,8],[39,24],[1,15],[0,253],[0,169],[0,85],[0,37],[0,4]],[[200122,558081],[0,19],[0,25],[0,8],[-5,0],[-1,35],[6,0],[0,4],[0,38],[1,42],[0,1],[-3,0],[0,4],[3,0],[0,7]],[[200123,558295],[13,0],[14,0],[13,-1]],[[200163,558294],[13,1],[19,0],[0,-43],[8,0],[0,21],[13,0],[4,-21],[0,42],[10,0],[12,2],[0,0]],[[200283,558296],[0,-86],[0,-86],[0,-49],[0,-14],[6,0],[0,-11],[-6,0],[0,-11],[-1,-42],[3,0],[0,-21],[-2,0],[0,-22],[-1,-50],[1,-34],[0,-2],[0,-84],[0,-21],[0,-70],[0,-47],[19,0],[0,-26],[-18,0],[0,-50]],[[200071,557446],[-2,0],[0,29]],[[203799,543624],[1,6],[5,-11],[8,0],[1,28],[5,1],[0,32],[-5,0],[0,15],[0,31],[-2,-1],[0,16],[2,9],[0,6],[0,20],[0,0],[-2,6],[1,24],[-1,7],[2,4],[0,36],[0,24],[0,25],[0,0],[-2,7],[0,16],[2,0],[0,19],[0,21],[-1,0],[0,9],[-2,0],[0,12],[3,0],[0,43],[0,63],[-4,5],[3,36],[1,10],[0,33],[-8,-1],[0,22],[1,0],[6,0],[-2,8],[1,34],[2,0],[0,43],[-4,-1],[0,16],[4,10],[0,17],[-6,0],[0,28],[6,0],[0,14],[0,29]],[[203868,544338],[0,-54],[5,-2],[14,2],[1,-32],[3,-21],[0,-23],[3,0],[0,-9],[0,-43],[0,-43],[0,-64],[-3,0],[0,-9],[3,0],[0,-12],[0,-19],[-2,-23],[-2,-21],[4,0],[0,-21],[0,-15],[-1,-7],[-2,0],[3,-68],[-4,0],[0,-23],[4,0],[0,-12],[0,-42],[0,-14],[0,-66],[0,-16],[0,-60],[0,-14],[0,-9],[0,1],[-6,0],[0,-13],[-2,-1],[0,-21],[6,0],[0,-7],[2,0],[1,-46],[0,-21],[-1,-42],[0,-5]],[[203894,543443],[0,-7],[-20,0],[-6,12],[0,-3],[4,-10],[-4,1],[-9,0],[-4,1],[-40,-1],[0,30],[-3,0]],[[203812,543466],[6,31],[-4,0],[2,29],[2,4],[10,6],[-14,58],[-3,4],[-3,-5],[-9,29],[0,2]],[[200391,558265],[0,27]],[[200499,557955],[0,-36],[-13,0],[0,36],[-10,1],[-4,0],[-27,0],[-26,-1],[-9,0],[0,-18],[-10,0],[0,18],[-9,0]],[[200391,557955],[0,37],[0,15],[0,9],[-4,0],[0,24],[4,0],[0,40],[0,43],[0,63],[0,22],[0,42],[0,15]],[[199950,558953],[12,0],[0,-12],[0,-12],[-11,0],[-1,24]],[[199950,559222],[-12,-1],[26,-80],[0,-1],[0,-2],[0,0],[24,2],[14,1],[14,1],[26,0],[14,0],[0,22],[6,-10],[7,0],[0,23],[10,-9],[4,9],[3,-35],[5,0],[-1,19],[6,-2],[0,-17],[18,0],[0,21],[8,2]],[[200123,558950],[0,-64],[0,-34],[0,-50],[0,-43],[0,-42],[0,-45],[-1,-31],[3,-8],[-2,0]],[[200015,558634],[-27,-1],[-25,-1]],[[199963,558632],[0,84],[0,48],[-5,-1],[0,16],[-1,2],[0,10],[6,1],[0,9],[0,22],[-6,0],[0,9],[6,0],[0,7],[0,30],[-13,-1],[0,16],[13,1],[0,42],[0,43],[0,84],[0,48],[-1,31],[0,5],[-25,82],[0,2],[-1,3]],[[203653,545967],[31,0],[18,0],[4,0],[10,1],[44,0],[9,0],[5,1],[34,2],[6,3],[13,8],[11,12],[12,11],[8,2],[2,-18],[7,-8],[10,-21],[4,18],[0,28],[12,-2],[3,-1],[2,40],[1,117],[0,100],[1,23],[11,72]],[[203841,545463],[0,0],[-1,128],[-32,7],[-1,-7],[-2,-23],[-1,-17],[-7,-2],[0,-39],[8,0],[0,-44],[-12,0],[-33,0],[-3,0],[-2,9],[-19,0],[-1,-11],[-4,0],[-1,85],[-2,-3],[-4,-4],[-18,-35],[0,-7],[0,-47],[-3,-4],[-21,-79],[-2,8],[-2,2],[-14,1]],[[199963,558632],[-15,-1],[-10,-1],[-3,0],[-26,-2],[-13,-1],[-12,-1],[-28,-1]],[[199856,558625],[0,169],[0,3],[0,103],[0,4],[0,59],[0,46],[0,119],[0,1]],[[201245,556026],[0,0],[5,3],[9,22],[-1,44],[34,1],[5,0],[14,1],[18,5],[8,20],[6,-33],[8,9],[11,1],[9,0],[8,17],[5,-12],[3,-3],[5,-2],[12,1],[11,0],[16,0],[13,1],[14,0],[20,0],[7,1],[27,1],[9,-1],[4,-4],[2,-5],[-5,-19],[5,-16],[4,11],[6,-21],[2,3],[3,15],[9,-10],[13,1],[1,0],[0,-2]],[[201567,555756],[-1,42],[-8,-3],[-20,-24],[-26,-4],[-25,0],[-11,-7],[-17,0],[-17,-1],[-1,0],[0,0],[-1,0],[0,0],[-8,0],[-3,0],[-2,0],[0,-24],[-8,0],[0,24],[-14,0],[1,85],[-55,1],[0,-86],[-13,0],[-27,0],[-13,-1],[-1,0]],[[201351,555078],[0,44],[0,13],[0,27],[0,83],[0,2],[0,85],[0,85],[-27,0],[0,1],[0,84],[0,86],[0,3],[-26,1]],[[203973,543778],[7,0],[0,-5],[20,0],[0,5],[6,0],[13,0],[0,-8],[7,1],[0,-7],[14,4],[0,11],[6,-1],[7,0],[0,-10],[6,0],[0,10],[7,0],[0,-6],[7,0],[0,-15],[6,0],[0,11],[14,0],[7,10],[0,-10],[10,-1],[10,11],[0,-16],[12,0],[2,12]],[[204134,543774],[0,-81],[0,-6],[0,-15],[3,1],[0,-18],[-3,-4],[0,-47],[0,-103],[0,-66],[0,-76],[0,-45],[0,-27],[9,0]],[[203975,543299],[0,13],[-1,38],[0,51],[-4,0],[0,37]],[[203970,543438],[4,0],[0,11],[0,53],[0,21],[0,85],[0,21],[0,64],[0,22],[-5,-1],[1,22],[1,21],[2,0],[0,11],[0,10]],[[203814,544395],[-4,5],[-24,3],[-23,51],[-2,1],[-12,10],[-14,-16],[-8,-12],[-4,-1],[-4,3],[-11,17],[-12,29],[-16,16],[-24,56]],[[203799,543624],[-8,27],[0,-11],[-2,6],[-8,18],[0,15],[-2,0],[-3,0],[-12,15],[-3,11],[-6,-8],[2,-12],[-7,13],[-1,1]],[[203599,544455],[3,0],[3,0],[-16,76],[-14,64],[-13,60],[-5,52]],[[203757,543435],[5,0],[10,0],[5,0],[24,1],[0,15],[4,15],[7,0]],[[203894,543443],[27,1],[0,-7],[28,1],[21,0]],[[203975,543099],[-5,-29],[-10,18],[-1,-4],[-1,-10],[-10,0],[0,25],[-26,0],[-56,-1],[-3,0],[-50,0]],[[203792,543097],[-4,0],[-17,0],[-8,-4],[0,-1],[-20,-8],[7,13],[-6,0],[-20,1],[-4,0],[-6,0],[0,-13],[5,-1],[0,-26],[1,-23],[-10,-2]],[[204107,544153],[7,-12],[3,-4],[6,0],[19,-6],[11,-14],[19,-7],[14,-1],[17,-6],[16,-17],[5,0],[10,-11],[0,-2]],[[204371,543814],[-6,-3],[0,-42],[-20,0]],[[204345,543769],[-8,1],[0,6],[-8,0],[0,-6],[-10,0],[-27,0],[0,0],[0,5],[-1,9],[-7,2],[0,-16],[-11,0],[-7,1],[0,36],[-3,-10],[-3,-26],[0,0],[1,18],[-8,0],[0,-18],[-13,0],[-14,0],[0,10],[-7,0],[1,-10],[-7,0],[-1,43],[-22,-3],[9,-40],[-25,0],[-8,0],[-8,0],[-7,6],[-4,31],[0,-20],[-6,-7],[3,0],[0,-10],[-3,0],[-7,3]],[[204134,543774],[0,24],[0,14],[2,-3],[11,4],[0,21],[0,19],[-8,3],[-5,-10],[2,14],[-3,2],[1,21],[0,22],[0,42],[0,13],[-4,16],[-2,6],[-15,31],[-6,39],[-6,44],[-5,20],[-6,29],[-1,5],[-8,18]],[[200660,557611],[0,148],[-1,23],[54,-4],[0,8],[0,10],[0,3],[0,86]],[[201245,556433],[11,1],[0,-2],[0,-20],[7,1],[0,10],[6,0],[0,9],[0,2],[4,1],[24,0],[20,1],[7,0],[26,1],[45,0],[10,4],[10,-3],[32,-1],[10,2]],[[201457,556439],[0,-25],[11,0],[0,25]],[[201471,556439],[13,1],[6,0],[20,1],[14,0],[39,1]],[[200679,556505],[-1,0],[-1,0],[0,3],[0,82],[1,139],[-1,11],[-1,15],[0,7],[0,0],[3,0]],[[200717,560841],[-27,0]],[[200690,560841],[-2,55],[-3,34],[-13,63],[-6,38],[-2,29],[-1,44],[0,60],[0,2]],[[202675,548023],[39,128]],[[203802,546988],[-45,0],[-61,0],[-95,0],[1,-344],[0,-85],[0,-155],[-2,-14],[-13,0],[1,-8],[0,-34],[0,-4],[0,-1],[0,-2],[1,-2]],[[203354,545445],[-5,24],[-26,121],[-13,47],[-5,15],[-5,15],[-12,35]],[[199400,559123],[0,0],[0,0],[2,-137],[-33,-114],[-16,-42],[-4,0],[0,-25],[-5,-18],[-3,0],[0,-42],[35,0],[0,10],[10,32],[43,0],[0,-42],[11,1],[0,41],[16,-1],[0,2],[0,42],[-27,0],[0,41],[50,-2],[3,1]],[[199482,558870],[0,-8],[0,-2],[1,0],[0,9],[26,-2],[7,1],[1,5],[16,-1],[0,-1],[0,-4],[3,0],[26,-1],[27,-1],[0,-85],[-1,0],[0,0],[1,0],[31,-1],[-1,-5],[22,1],[1,-80],[-1,-1],[1,-84],[0,1]],[[199162,558110],[-20,0],[-7,1],[0,148],[-7,0],[0,21],[-20,0],[0,87],[0,58],[0,2],[0,22],[-27,0],[0,-1],[-13,0],[-14,1],[0,-9],[-1,14],[0,154],[0,163],[-2,10],[-3,4],[-47,-2],[-21,0],[-2,3]],[[198978,558786],[-40,87],[-9,19],[-10,11],[-18,18],[-11,19],[-17,95],[-5,18],[-11,73],[36,-2],[0,-167],[108,-3],[0,169]],[[198708,538874],[-649,751]],[[198059,539625],[10,54],[4,37],[1,24],[4,179],[2,36],[5,41],[8,42],[4,27],[3,30],[8,114],[6,54],[2,30],[0,30],[-4,196],[-1,49],[-3,32],[-11,73],[-3,25],[-1,21],[2,70],[-2,184],[1,113],[2,61],[5,88],[5,64],[3,32],[91,849],[2,23],[23,730],[13,-1],[13,-6],[6,-11],[15,-13],[14,0],[31,-28],[8,-5],[9,-12],[16,-25],[25,-12],[20,-25],[11,-17],[12,-3],[13,-16],[1,-44],[2,-35],[5,-25],[10,-3],[9,7],[16,2],[7,5],[13,-11],[5,-11],[7,-4],[7,3],[9,-16]],[[200660,557611],[-53,0],[-14,2],[1,-45],[-12,0],[-2,-19],[-15,-21],[-5,-30],[-9,21],[-12,51],[-1,0],[-2,8],[-12,-9],[-24,-22],[-9,-1],[-14,8],[-15,-4],[-16,19],[-21,15],[-6,7],[-18,7],[-9,-1],[0,4]],[[200392,557601],[0,8],[-1,39],[-9,0],[-3,5],[-1,5],[0,22],[13,8],[0,6],[0,91],[-1,71],[0,16],[1,9],[0,38],[0,36]],[[199855,558287],[2,0],[19,1],[6,1],[7,1],[0,-6],[20,-14],[0,21],[27,1],[27,1],[25,1],[0,-21],[13,1],[0,3],[4,-1],[0,19],[10,1]],[[200122,558081],[-27,5],[2,39],[-14,0],[0,-15],[-5,0],[-2,2],[-1,6],[0,7],[-7,1],[-26,0],[0,-39],[-20,0],[-7,0],[-27,-1],[-26,-1],[-53,-1],[0,4],[-21,1],[-7,-1],[0,8],[1,24],[-27,-2]],[[200364,557265],[2,0],[9,0],[0,-7],[2,0],[0,-11],[6,2],[1,0],[0,17],[8,0],[0,-17],[11,11],[12,-2],[4,8],[2,0],[25,5],[7,1],[0,-5],[17,0],[0,6],[3,0],[13,2],[6,1],[4,-4],[4,-5],[0,10],[40,7],[12,-14],[2,-1],[0,0],[0,-16],[6,-5],[0,-22],[13,1],[7,43],[27,0],[0,39],[1,-18],[7,-5],[-2,-16],[22,1],[1,0],[5,0],[0,5],[6,0],[0,-5],[2,0],[0,6],[11,4]],[[200660,557083],[-28,-3],[0,-13],[10,-9],[0,-42],[25,1],[0,-80],[0,-3],[0,-3],[-10,0],[-2,0],[-4,0],[-49,-1],[0,85],[-54,-1],[0,-35],[-27,-11],[0,-14],[-14,-2],[-3,11],[-9,4],[-1,-1],[0,-38],[-20,0],[-6,-3],[0,-82],[-26,0],[-1,-86],[-1,0],[0,-169],[1,-170]],[[200441,556418],[-15,0],[-92,1]],[[200334,556419],[0,-83],[0,-27],[0,-11],[0,-11],[0,-37],[-6,-1],[-7,0],[-39,-1],[-1,0]],[[200281,556248],[0,170],[0,169],[0,127]],[[200366,557614],[3,1],[2,-5],[21,-9]],[[200338,557568],[0,8]],[[199535,558029],[0,-91],[-40,-1],[0,-42],[13,0],[0,-42],[-13,-1],[0,-84],[-7,0],[-6,0],[1,-120],[16,35],[8,15],[1,-4],[-25,-50],[0,-45],[1,-167],[1,-158],[-3,-12],[-9,-23],[-7,-13],[-2,-8],[6,-8],[3,-3],[12,-14],[0,-97],[107,-3],[0,-1],[0,-1],[-2,-40],[-26,0],[0,-43],[-19,-8],[-8,6],[-1,-2],[1,-82]],[[199537,556922],[-27,-1],[-14,0],[-13,1],[0,-850],[-81,-1],[1,-121],[0,-41],[-132,0],[-55,-2]],[[199858,557261],[53,-1],[-1,54],[7,4],[2,4],[1,1],[3,3],[10,1],[0,44],[27,-3],[0,0],[37,-8],[0,22],[0,69],[17,-1],[1,0],[15,-1],[3,2],[2,3],[6,10],[11,21],[1,1],[15,4],[1,-15]],[[200281,556248],[-147,-5],[15,-46],[29,-121],[13,2],[41,0],[49,1],[8,0],[40,0],[5,0]],[[200334,556079],[62,1],[48,0],[50,0],[54,1],[17,0],[37,0],[5,0]],[[199966,554259],[0,802],[0,508],[-323,1],[1,167],[0,340],[0,843]],[[199644,556920],[0,168],[0,41],[-8,3]],[[200498,559651],[10,1],[0,-38],[10,0],[0,38],[7,1],[6,0],[0,-6],[8,0],[0,7],[13,0],[11,1],[16,0],[27,1],[2,0],[6,2],[2,-3],[8,-1],[7,-14],[13,-14],[9,0],[-1,11],[10,0]],[[200662,559486],[0,-167],[0,-71],[0,-5],[-1,6],[-26,1]],[[200635,559250],[-1,47],[8,22],[6,42],[3,4],[-3,24],[-7,5],[-6,-11],[0,-22],[-14,0],[0,-15],[-7,0],[-8,-18],[0,-10],[-6,0],[-7,0],[-15,-1],[-25,-6],[0,-5],[-13,-4],[-10,-15],[-3,26],[-1,54],[-2,-1],[-3,0],[-5,-12],[-11,-40],[-24,-49]],[[199358,572309],[4,-11],[-1,-15],[8,-43],[-1,-43],[-4,-12],[-2,-48],[-3,-10],[-2,-23],[0,-31],[2,-13],[-2,-36],[-3,-10],[1,-20],[-2,-14],[-6,-19],[-3,-17],[-4,-5],[-4,-23],[0,-15],[-4,-30],[1,-6],[36,-1],[0,-110],[17,-27],[22,-14],[21,-1],[0,-16]],[[199429,571696],[-2,-2],[-3,-3],[0,-162],[-14,0],[-1,-170],[-14,0],[1,-165],[24,-1],[0,-161],[28,-1],[0,-7]],[[200688,573027],[-10,-41],[-16,-81],[10,-13],[0,-79],[0,-43],[1,-42],[-1,-42],[13,0],[0,-43],[4,-26],[1,-7],[0,-29],[24,-15],[-1,-50],[3,0],[6,-26],[7,-16],[3,-37],[-2,-24],[-5,9],[-23,16],[-3,-51],[0,-8],[1,-4],[1,-12],[3,-13],[3,-5],[2,-2],[2,-4],[1,-4],[4,-7],[3,-4],[2,-6],[2,-3],[6,-4],[5,-21],[1,-12],[2,-20],[1,-24],[3,-13],[5,-6],[7,-3],[3,11],[1,17],[-2,20],[2,13],[10,8],[7,-18],[1,-8],[4,-15],[5,-16],[1,-84],[-4,-26],[-2,-67]],[[199429,571696],[13,13],[36,3],[13,22],[12,10],[30,19],[25,22],[19,21],[9,6],[34,19],[22,16],[-2,-148],[1,-8],[28,-1],[0,-17],[7,-37],[10,-29],[9,12],[-2,-111],[0,-11],[0,-9],[13,0],[1,-47],[13,0],[1,85],[27,-1]],[[196459,564356],[593,0],[300,0]],[[197052,562677],[0,-1534],[46,-1],[0,-802],[-4,10],[-13,10],[-1,13],[-5,11],[0,11],[-10,15],[-4,-2],[-10,21],[-10,10],[-5,-1],[-18,16],[-5,1],[-16,24],[-10,-4],[-5,-7],[-5,9],[-16,-1],[-19,10],[-2,5],[-60,-13],[-29,-2],[-34,-20],[-15,-3],[-20,22],[-9,6],[-22,10],[-16,25],[-24,34],[-12,1],[-7,29],[-19,22],[-8,-5],[-2,-8],[-18,12],[-19,-42],[-14,-37],[-4,-3],[-9,-27],[-12,-54],[-1,-21],[-6,-17],[-8,17],[-10,-7],[-2,-271],[-107,1]],[[198059,539625],[-155,178],[-151,170],[-337,379],[-6,23],[-36,40],[-3,-5],[-136,155],[-2,332],[1,23],[-3,925],[-3,25],[0,1490],[53,0],[208,-16],[294,3],[2,13],[0,28],[12,68],[6,21],[3,33],[4,28],[3,11],[4,40],[7,24],[4,34],[7,62],[11,50],[8,27],[6,40],[4,6],[-1,11],[17,50],[3,-32],[2,-10],[0,-35],[2,-15],[11,-21],[-1,32],[7,11],[0,35],[0,53],[3,24],[-1,36],[2,11],[1,28],[4,64],[-1,33],[3,37],[4,37],[4,20],[7,85],[1,34],[-1,55],[2,18],[-4,57],[0,72],[-1,22],[3,13],[-3,25],[1,49],[2,39],[-7,75],[0,25],[3,43],[0,24],[2,20],[7,28],[-38,2],[-12,30],[-2,19],[-11,-6],[-7,16],[-1,49],[9,21],[-19,17],[-6,-4],[-12,1],[-8,6],[-7,-14],[-3,-11],[-8,-10],[-2,-17],[-16,-9],[-8,26],[-5,-13],[-5,-3],[-3,18],[-12,16],[-8,-8],[0,139],[1,628],[6,27],[13,33],[14,53],[3,64],[-2,30],[3,37],[8,36],[1,13],[94,3],[0,83],[0,44],[-1,72],[-1,36],[-3,65],[-5,79],[-21,260],[-2,46],[0,46],[2,78],[0,36],[483,0],[398,4],[25,-5],[26,2],[8,-4],[10,11],[1,1022],[166,0],[28,1],[45,1],[7,0],[5,-2],[579,1],[0,513],[1,-4],[71,1],[71,-2],[13,3],[8,-3],[17,2],[2,4],[137,0],[0,-443],[-1,-716],[0,-3],[0,-368]],[[200986,573674],[5,-13],[0,-11],[-3,-14],[5,-28],[1,-15],[7,-11],[8,3],[1,-19],[7,-9],[2,14],[8,3],[14,-13],[5,-29],[-1,-28],[4,-18],[19,-38],[3,-27],[-5,-53],[6,-4],[3,-91],[6,-89],[3,-16],[-3,-21],[9,5],[10,-20],[7,-48],[2,-29],[0,-20],[5,-22],[11,-25],[4,-23],[-1,-31],[-8,-28],[-4,-26],[1,-21],[-1,-24],[3,-4],[3,-31],[6,-34],[8,-15],[6,-22],[2,-17],[10,-39]],[[200391,558265],[-13,1],[-1,26],[-13,0],[-4,0]],[[200360,558292],[0,23],[-10,0],[-2,13],[2,31],[7,-1],[-1,19],[0,62],[5,4],[0,19],[-11,0],[0,21],[14,0],[0,15],[-7,1],[-1,5],[0,21],[8,0],[0,44],[-4,2],[-9,-7],[0,14],[13,0],[0,11],[-5,0],[0,21],[5,0],[0,21],[0,28],[-13,1],[0,13],[13,0],[0,43],[0,84],[0,85],[-4,0],[0,12],[-2,0],[0,5],[2,0],[0,3],[4,0],[0,33],[-4,14],[0,18]],[[200567,561165],[-21,-129],[-18,-109],[-15,-79],[1,-1],[-5,-40],[-2,-40],[-6,-34],[1,-23],[-6,0],[0,-79],[3,-10],[3,-8],[48,-36],[0,-1],[0,-4],[-19,14],[-34,0],[0,-55],[0,-23],[0,-7],[3,-32],[10,0],[0,-10],[-6,-1],[0,-10],[-5,0],[-1,-13],[-1,-19],[13,0],[0,-20],[-13,-2],[0,-6],[0,-57]],[[200497,560331],[-7,0],[0,-21]],[[200487,560289],[-3,0]],[[199644,556920],[-107,2]],[[200335,558283],[0,10],[-4,1],[0,-6],[-5,0],[0,6],[-17,1]],[[200163,558294],[0,23],[8,3],[0,17],[5,0],[0,42],[1,84],[0,1],[-14,42],[0,24],[8,0],[6,19],[0,54],[0,30],[0,19],[-2,0],[0,23],[2,0],[0,43],[-2,0],[0,38],[2,4],[0,42],[0,16],[-2,0],[0,39],[2,0],[0,30],[-1,59],[-9,-1],[0,27]],[[202859,556098],[10,1],[1,81],[3,-8],[15,-13],[12,-2],[7,13],[9,8],[14,25],[4,3],[-4,16],[25,40],[19,63],[7,35],[3,5],[8,40],[4,11],[13,16],[18,-26],[6,4],[18,-9],[2,-11],[9,-10],[4,8],[-1,-24],[3,-1],[5,-26],[3,2],[-2,-28],[1,-8],[4,-44],[3,3],[10,-14],[1,-14],[-1,-38],[17,-39],[-1,-28],[-8,-26],[-7,-29],[27,-25],[3,-4],[40,-29],[27,9],[7,-11],[12,10],[6,-10],[9,-5],[8,6],[11,3],[-1,-8],[9,-1],[23,-13],[0,5],[32,15],[6,29],[-1,14],[5,23],[4,3],[-3,34],[0,6],[27,43],[9,26],[25,32],[22,36],[5,-20],[4,-3],[23,-2],[10,-4],[6,5],[8,17],[34,50],[24,39]],[[203500,555173],[-9,33],[-9,8],[-3,18],[1,10],[-4,15],[-5,-3],[-11,11],[-7,44],[-9,16],[-7,1],[-5,-7],[-9,33],[-5,12],[-8,-6],[-5,3],[1,15],[-4,12],[-4,20],[-5,2],[-8,31],[-6,-5],[-5,3],[-6,15],[2,14],[-9,25],[0,12],[-6,12],[-1,13],[-5,31],[2,28],[-7,21],[0,27],[-8,18],[-6,-6],[-4,7],[-3,-6],[-5,21],[1,22],[-6,22],[-5,7],[-8,-4],[0,-16],[-4,-20],[-2,5],[-5,-10],[-8,12],[-11,1],[-3,-28],[-5,-13],[-2,-27],[-6,-8],[-3,-2],[-3,14],[-9,8],[-3,-3],[-4,-21],[-1,-40],[9,-36],[-2,-28],[3,-16],[4,-41],[0,-23],[-8,-12],[3,-48],[-2,-12],[2,-35],[-2,-13],[0,-29],[-3,-36],[0,-35],[1,-12],[-5,-34],[1,-42],[-4,-13],[-1,9],[-4,18],[-8,-22],[-4,39],[-7,7],[-5,-8],[-7,25],[-9,-3],[2,428],[-33,1],[-3,21],[-1,45],[-5,20],[0,29],[-3,4],[3,19],[1,19],[3,11],[3,51],[-5,45],[-3,11],[-9,-47],[-19,-3],[6,29],[0,25],[-10,-12],[-12,-1],[-8,7],[-16,19],[-11,1],[-35,-23],[-5,-1],[-30,24],[-10,17],[-9,1],[-6,-7],[-12,-23],[-13,-22],[-12,-11],[-7,-13],[-9,-35],[-7,-14],[-33,-27],[-6,0],[-9,5],[-10,4],[-8,-5],[-7,-9],[-10,-21],[-8,-10],[-20,-6],[-21,-14],[-15,-3]],[[200124,559772],[0,42]],[[200231,559816],[27,1],[8,1],[18,1],[8,0],[0,-6],[6,-4],[4,-5],[0,2],[2,-5],[0,-3],[6,-13],[5,-6],[1,6],[10,-8],[2,0],[4,0],[30,1]],[[200497,560331],[27,1],[27,0],[13,1],[27,0],[1,0],[12,1],[25,-1],[7,0],[27,0]],[[200334,556419],[21,-58],[2,-10],[-1,-14],[0,-7],[6,6],[5,11],[12,-54],[-4,-26],[-1,17],[-5,-23],[-15,-18],[3,-5],[-2,-17],[-12,-37],[-1,-34],[-5,-36],[-3,-10],[0,-19],[0,-6]],[[200441,556418],[39,1],[14,0],[0,42],[29,0],[19,0],[3,-4],[1,-51],[7,-18],[-9,-8],[4,-12],[-2,-4],[-1,-19],[4,-21],[-5,-16],[13,-5],[4,-53],[27,0],[5,0],[1,9],[7,7],[0,-16],[5,0],[-2,21],[10,-5],[13,6],[0,-3],[0,-19],[27,1],[0,43],[13,0],[0,-43],[7,0],[2,0],[2,0]],[[199748,559122],[0,-2],[0,-62],[0,-104],[0,-82],[-27,-7],[5,-13],[0,-23],[22,2],[0,-43],[0,-168]],[[199747,558645],[0,58],[-11,0],[1,-27],[-3,-32]],[[199482,558870],[0,78],[0,5],[0,37],[11,4],[9,-1],[0,20],[-2,16],[-7,3],[-12,13],[0,1],[0,3],[-1,72]],[[205759,536519],[28,-230],[29,-236]],[[205844,535818],[-17,-22],[-5,-12],[-3,-7],[-35,-64],[-5,-6],[-5,49],[0,21],[-17,-11],[-27,-15],[1,-9],[11,-18],[14,-57],[-2,-40],[9,-78],[-5,-20],[-5,-42],[1,-11],[-8,-10],[6,-60],[-7,-9],[0,-35],[-8,-10],[1,-15],[-4,-5],[-12,-31],[-4,-20],[-5,-4],[-5,-35],[-5,-15],[-5,12],[-1,25],[-7,36],[-4,-3],[-5,13],[-5,31],[-6,7],[-16,-22],[-8,10],[-1,-22],[4,-24],[-6,-11],[0,-18],[11,-16],[2,-13],[4,1],[5,-11],[-1,-25],[9,-29],[-3,-32],[2,-30],[6,-23],[-9,-20],[-10,-9],[8,-17],[9,4],[13,-13],[1,-8],[-9,-7],[-1,-31],[-4,4],[-5,-12],[-8,-8],[-4,-12],[7,-45],[-2,-14],[10,-5],[4,-16],[3,1],[12,-17],[1,-30],[-3,-15],[-4,-5],[-11,6],[0,-22],[-7,-35],[4,-15],[-7,-23],[-6,5],[-2,-16],[-5,3],[-2,-10],[-13,-8],[-2,-14],[1,-16],[-7,-9],[-9,12],[-1,18],[-4,14],[-9,-10],[-5,-45],[0,-29],[-3,3]],[[199586,560273],[0,-132],[0,0],[-14,-1],[-16,-1],[0,0],[-1,0],[-15,2],[0,13],[-8,41],[-16,1],[-25,29],[-5,-14],[24,-70],[-2,0]],[[208269,548585],[-32,-5],[-10,-8],[-7,26],[-15,-17]],[[200553,558739],[26,-39],[9,-8],[6,-12],[13,1],[1,43],[0,76],[7,10],[16,-1],[4,-9],[33,-1],[3,0],[3,-19],[14,-1],[0,-69],[20,-2],[15,-36],[0,-44],[19,-1],[0,-13],[8,10],[7,-7],[2,15],[10,-2],[0,-10]],[[200635,559250],[0,-16],[0,-87],[-28,2],[0,-52],[0,-78],[0,-10],[0,-30],[-7,0],[0,-84],[-46,1],[-1,-1]],[[199964,560111],[0,-4],[1,-41],[0,-63],[-2,0]],[[199803,559972],[-1,160],[-13,1]],[[203973,543778],[0,21],[-4,0],[1,21],[2,0],[-2,5],[3,9],[0,29],[-3,0],[0,42],[3,0],[0,41],[-3,0],[0,43],[1,33],[1,9],[1,0],[0,21],[0,4],[-3,52],[3,3],[0,5],[0,1],[0,41],[2,-1],[-2,41]],[[201146,559315],[-2,-340],[4,-9],[5,5],[17,3],[28,-1],[0,-337],[54,1],[0,-25],[7,13],[6,23],[4,6],[7,-4],[9,21],[6,4],[18,-27],[12,-4],[9,14],[13,52],[3,-3],[19,-38],[-6,-37],[0,-164],[51,1],[3,0],[-5,-22],[-3,-46],[8,18],[5,-27],[12,9],[8,-25],[2,-1]],[[205890,535042],[23,105],[29,140],[2,4],[2,10],[2,11],[3,12],[-2,4],[-11,36],[-14,49]],[[200690,560841],[-2,-32],[-1,-15],[-2,-14],[-10,-65],[-7,-43],[-2,-18],[-2,-26],[11,-11],[-6,-42],[-4,-19],[-1,-4],[-1,-5],[0,-8],[18,-4],[12,-14],[-6,-41],[13,-35],[6,-12],[-3,-31],[-4,-20],[-1,-32],[-4,-14],[-3,-22]],[[204340,543268],[0,15],[5,-1],[0,63],[0,85],[0,169],[0,27],[0,58],[0,85]],[[199658,560136],[-2,1],[-1,-89],[-16,-1],[-7,0]],[[198313,559549],[3,19],[2,66],[1,14],[0,6],[-2,6],[-1,4],[0,14],[0,32],[4,12],[-1,23],[3,46],[-1,36],[5,24],[0,42],[2,37],[3,28],[5,67],[-1,15],[0,23],[3,38],[4,24],[7,16],[2,8],[33,1],[0,35],[1,4],[19,106],[3,33],[18,58],[17,79],[3,6],[9,-1],[-1,11],[-10,-10],[-20,-85],[-17,-58],[-2,-32],[-20,-109],[0,118],[22,47],[6,22],[13,73],[-1,12],[1,34],[6,21],[4,-19],[8,-15],[5,18],[6,17],[5,2],[8,-7],[6,7],[17,50],[4,-1],[34,18],[68,-2],[3,2],[66,81],[38,47],[3,2]],[[198827,560397],[-121,0],[-10,0],[0,-2],[10,-2],[0,-82],[-53,0],[0,-166],[-12,-3],[-4,3],[-11,-3],[-27,0],[-134,1],[-1,6],[-15,1],[0,-26],[2,-24],[7,-50],[5,-50],[1,-26],[0,-510],[1,-64],[3,-39],[15,-100],[4,-31],[3,-40],[1,-62],[0,-210],[0,-130],[1,-342],[-1,-335],[108,-3],[44,0],[-39,205],[0,62],[-3,66],[-2,8],[0,74],[-1,92],[18,3],[10,-37],[-5,-58],[13,-19],[4,0],[13,-16],[1,28],[5,28],[3,5],[2,20],[9,18],[6,-8],[10,20],[5,25],[43,-129],[10,-23],[4,-3],[16,-32],[5,3],[25,-2],[5,-3],[4,-37],[1,-26],[7,-32],[14,-35],[0,19],[27,-1],[1,-81],[10,-4],[36,0],[0,42],[27,0],[0,-43],[20,-1],[0,44],[0,85],[0,32],[0,52],[0,151],[2,18],[-2,8],[0,104],[10,18],[5,-7],[15,22],[1,23]],[[202068,556273],[63,-1],[6,-1],[20,4],[36,-1],[12,-4],[7,4],[57,-2]],[[202529,556012],[0,-76],[0,-335],[-7,-4],[-14,8],[-4,-6],[-28,-1],[0,-63],[-3,-6],[-5,8],[-3,-26],[-11,-62],[-4,-7],[-5,-38],[-13,-77],[-13,-31],[-3,-28],[-11,-38],[-5,-12],[-6,-29],[-7,-22],[-1,-50],[-6,-25],[-174,-4],[-9,1],[-35,-1],[19,-168]],[[203989,551343],[1,17],[9,55],[8,33],[5,8],[-1,25],[2,19],[-1,36],[2,9],[0,26],[4,5],[4,28],[6,4],[-5,20],[1,11],[7,28],[-1,21],[2,10],[31,38],[12,21],[17,22],[3,14],[7,12],[10,22],[5,17],[3,25],[8,21],[14,13],[2,11],[9,13],[11,1],[7,31],[6,2],[3,16],[2,39],[9,53],[148,9],[-1,15],[1,228],[25,71],[3,16]],[[200894,552837],[24,-9],[0,-137],[0,-48],[7,0],[21,2],[92,0],[101,1],[98,1]],[[201398,549583],[0,-173],[-39,1],[-32,1],[-35,2],[-4,-449],[-48,0],[-4,-4],[0,-13],[0,-47],[0,-106],[0,-60],[0,-436],[-8,38],[-2,-32],[-110,-513],[-20,-1],[-5,14],[-7,-9],[-11,18],[-28,15],[-3,21],[-11,35],[-7,42],[-1,23],[0,-72],[-53,125],[-2,7],[-3,-24],[-11,-44],[-6,-13],[-6,-2],[-15,25],[-3,12],[-7,70],[-11,0],[-1,5],[15,52],[3,16],[58,369],[42,161],[39,152],[70,320],[5,27],[2,18],[3,166],[0,10],[5,31],[46,142],[-7,44],[-5,37],[-2,-4],[-33,-4],[18,28],[5,17],[4,-2],[11,34],[0,84],[11,9],[14,20],[9,22],[-3,25],[-8,3],[-9,19],[-12,3],[-10,18],[-3,-2],[-12,14],[15,14],[5,1],[1,72],[-4,13],[-73,138],[28,106],[12,-21],[3,5],[-3,14],[-11,20],[-3,13],[-11,21],[-14,1],[-99,0],[-36,-1],[-1,-1],[-1,-38],[3,-17],[0,-61],[0,-169],[0,-49],[51,1],[-15,-34],[-110,-234],[-20,-48],[11,-42],[25,-80],[6,-32],[4,-5],[13,-44],[-18,-9],[-6,-9],[-10,-22],[46,-29],[-5,-68],[-1,-154],[-6,-22],[-6,-34],[-5,1],[-8,-19],[-8,-1],[-12,15],[-1,16],[-12,39],[-2,25],[-14,-69],[-14,-59],[-9,-31],[-8,-18],[0,-22],[-10,-147],[-7,-62],[14,-59],[11,-29],[1,-14],[6,-1],[2,-34],[-7,2],[1,-15],[-4,-27],[-13,-49],[-16,-34],[-7,4],[-7,32],[-21,42],[3,21],[-16,7],[-54,-4],[-1,31],[-5,9],[-10,0],[0,9],[59,651],[7,31],[28,79],[3,14],[0,1],[1,27],[-3,20],[-19,93],[-7,34],[-33,106],[-6,26],[-10,72],[-3,36],[-9,152]]],"objects":{"cb_2020_us_zcta520_500k":{"type":"GeometryCollection","geometries":[{"arcs":[[0,1,2,3,4,5,6]],"type":"Polygon","properties":{"ZCTA5CE20":"85324"}},{"arcs":[[7,8]],"type":"Polygon","properties":{"ZCTA5CE20":"85329"}},{"arcs":[[9,10,11]],"type":"Polygon","properties":{"ZCTA5CE20":"85236"}},{"arcs":[[12,13]],"type":"Polygon","properties":{"ZCTA5CE20":"85026"}},{"arcs":[[14]],"type":"Polygon","properties":{"ZCTA5CE20":"85721"}},{"arcs":[[15,16,17,18,19,20,21,22,23,24]],"type":"Polygon","properties":{"ZCTA5CE20":"86322"}},{"arcs":[[25,26]],"type":"Polygon","properties":{"ZCTA5CE20":"85135"}},{"arcs":[[27,28,29,30,31]],"type":"Polygon","properties":{"ZCTA5CE20":"85381"}},{"arcs":[[36,37,38,39,40]],"type":"Polygon","properties":{"ZCTA5CE20":"85542"}},{"arcs":[[41,42,-21]],"type":"Polygon","properties":{"ZCTA5CE20":"85544"}},{"arcs":[[47,48,49,50,51]],"type":"Polygon","properties":{"ZCTA5CE20":"85623"}},{"arcs":[[52,53,54]],"type":"Polygon","properties":{"ZCTA5CE20":"85639"}},{"arcs":[[55]],"type":"Polygon","properties":{"ZCTA5CE20":"85191"}},{"arcs":[[56,57,58,59,60,61,62,63,64,65,66,67]],"type":"Polygon","properties":{"ZCTA5CE20":"85546"}},{"arcs":[[[68,69]],[[70,71,72,73,74,75]]],"type":"MultiPolygon","properties":{"ZCTA5CE20":"85610"}},{"arcs":[[-36,76,77,78]],"type":"Polygon","properties":{"ZCTA5CE20":"86338"}},{"arcs":[[80,81]],"type":"Polygon","properties":{"ZCTA5CE20":"85535"}},{"arcs":[[83,84,85,86,-37,87]],"type":"Polygon","properties":{"ZCTA5CE20":"85550"}},{"arcs":[[88]],"type":"Polygon","properties":{"ZCTA5CE20":"85734"}},{"arcs":[[[89]],[[90,91,92,93]]],"type":"MultiPolygon","properties":{"ZCTA5CE20":"85250"}},{"arcs":[[-35,94,95,96,97,98,99,-77]],"type":"Polygon","properties":{"ZCTA5CE20":"86303"}},{"arcs":[[[100]],[[101,102,103,104,105]]],"type":"MultiPolygon","properties":{"ZCTA5CE20":"85332"}},{"arcs":[[106,107,108,109,-18,110]],"type":"Polygon","properties":{"ZCTA5CE20":"86335"}},{"arcs":[[111,112,113,114,-25,115,116,-97]],"type":"Polygon","properties":{"ZCTA5CE20":"86327"}},{"arcs":[[117,118,119,120,121]],"type":"Polygon","properties":{"ZCTA5CE20":"85263"}},{"arcs":[[122]],"type":"Polygon","properties":{"ZCTA5CE20":"85726"}},{"arcs":[[123,124,125]],"type":"Polygon","properties":{"ZCTA5CE20":"85709"}},{"arcs":[[126,127,128,129]],"type":"Polygon","properties":{"ZCTA5CE20":"85708"}},{"arcs":[[-22,-43,130,131,132,133,134,-119,135]],"type":"Polygon","properties":{"ZCTA5CE20":"85541"}},{"arcs":[[136,137,138]],"type":"Polygon","properties":{"ZCTA5CE20":"85363"}},{"arcs":[[139,140,141]],"type":"Polygon","properties":{"ZCTA5CE20":"85123"}},{"arcs":[[142,143,144,145,146,147,148,-26,149,150]],"type":"Polygon","properties":{"ZCTA5CE20":"85192"}},{"arcs":[[151,152,153,-151,154,155],[156]],"type":"Polygon","properties":{"ZCTA5CE20":"85539"}},{"arcs":[[157,158,-81,159,160,-59,161,162,-68,163]],"type":"Polygon","properties":{"ZCTA5CE20":"85543"}},{"arcs":[[164,165,166,167,-153,168,169,170,171]],"type":"Polygon","properties":{"ZCTA5CE20":"85545"}},{"arcs":[[-134,172,-166,173]],"type":"Polygon","properties":{"ZCTA5CE20":"85553"}},{"arcs":[[177,178,179,180,181,182,183,184]],"type":"Polygon","properties":{"ZCTA5CE20":"85611"}},{"arcs":[[-54,185,186,187,188,189]],"type":"Polygon","properties":{"ZCTA5CE20":"85633"}},{"arcs":[[190,191,192,193,194,195,-55,-190,196,197]],"type":"Polygon","properties":{"ZCTA5CE20":"85634"}},{"arcs":[[198,-184,199,200,201]],"type":"Polygon","properties":{"ZCTA5CE20":"85637"}},{"arcs":[[202,203]],"type":"Polygon","properties":{"ZCTA5CE20":"85640"}},{"arcs":[[204,205,206,207,-122,208,209]],"type":"Polygon","properties":{"ZCTA5CE20":"85262"}},{"arcs":[[210,211,-120,-135,-174,-165,212,213]],"type":"Polygon","properties":{"ZCTA5CE20":"85264"}},{"arcs":[[214,215,216,-185,-199,217,218]],"type":"Polygon","properties":{"ZCTA5CE20":"85641"}},{"arcs":[[219,220,-146,221,-164,-67,222,223,224,225,226,227]],"type":"Polygon","properties":{"ZCTA5CE20":"85643"}},{"arcs":[[228,229,-203,230,231,232,233]],"type":"Polygon","properties":{"ZCTA5CE20":"85648"}},{"arcs":[[234]],"type":"Polygon","properties":{"ZCTA5CE20":"85654"}},{"arcs":[[235,-130,236,237,238,239]],"type":"Polygon","properties":{"ZCTA5CE20":"85707"}},{"arcs":[[-196,240,241,242,243,244,245,-186,-53]],"type":"Polygon","properties":{"ZCTA5CE20":"85736"}},{"arcs":[[246]],"type":"Polygon","properties":{"ZCTA5CE20":"86313"}},{"arcs":[[247,248,249,250,-33]],"type":"Polygon","properties":{"ZCTA5CE20":"86323"}},{"arcs":[[251,252,253,254,255]],"type":"Polygon","properties":{"ZCTA5CE20":"85015"}},{"arcs":[[-78,-100,256,257,258,259,-103,260,261],[-101]],"type":"Polygon","properties":{"ZCTA5CE20":"86332"}},{"arcs":[[-99,262,-116,-24,263,-2,264,-257]],"type":"Polygon","properties":{"ZCTA5CE20":"86333"}},{"arcs":[[[266]],[[-46,267,-80,268,269,270,271,272]]],"type":"MultiPolygon","properties":{"ZCTA5CE20":"86336"}},{"arcs":[[273,274,275,276,277,278,279,280]],"type":"Polygon","properties":{"ZCTA5CE20":"85326"}},{"arcs":[[281,282,283,284,285,286]],"type":"Polygon","properties":{"ZCTA5CE20":"85051"}},{"arcs":[[288,289,290,291,292,293]],"type":"Polygon","properties":{"ZCTA5CE20":"85348"}},{"arcs":[[294,-206,295,296,297,298,299,300,301]],"type":"Polygon","properties":{"ZCTA5CE20":"85331"}},{"arcs":[[302,303,-276,304,-44,305]],"type":"Polygon","properties":{"ZCTA5CE20":"85354"}},{"arcs":[[307,-104,-260,308,309,310,311]],"type":"Polygon","properties":{"ZCTA5CE20":"85390"}},{"arcs":[[312,313,314,315,316,317,318]],"type":"Polygon","properties":{"ZCTA5CE20":"85027"}},{"arcs":[[319,320,321,-167,-173,-133]],"type":"Polygon","properties":{"ZCTA5CE20":"85554"}},{"arcs":[[322,-200,-183,323,324,325,-233,326]],"type":"Polygon","properties":{"ZCTA5CE20":"85624"}},{"arcs":[[-83,327,328,-289,329]],"type":"Polygon","properties":{"ZCTA5CE20":"85357"}},{"arcs":[[330,331,-213,-172,332,333,334,335,336,337],[338]],"type":"Polygon","properties":{"ZCTA5CE20":"85215"}},{"arcs":[[339,340,341,342,343,-48,344,345,346]],"type":"Polygon","properties":{"ZCTA5CE20":"85132"}},{"arcs":[[347,-47,-273,348,-114,349,-249,-266],[350]],"type":"Polygon","properties":{"ZCTA5CE20":"86324"}},{"arcs":[[-305,-275,351,-281,352]],"type":"Polygon","properties":{"ZCTA5CE20":"85322"}},{"arcs":[[353,-228,354,355,356,-178,-217,357,358,359,360],[361]],"type":"Polygon","properties":{"ZCTA5CE20":"85602"}},{"arcs":[[362,-316,363,364,365]],"type":"Polygon","properties":{"ZCTA5CE20":"85053"}},{"arcs":[[366,367,368,369]],"type":"Polygon","properties":{"ZCTA5CE20":"85145"}},{"arcs":[[-245,370,371,372,-327,-232,373,374]],"type":"Polygon","properties":{"ZCTA5CE20":"85645"}},{"arcs":[[-309,-259,377,-7,378,379,380]],"type":"Polygon","properties":{"ZCTA5CE20":"85342"}},{"arcs":[[381,382,383,384,385,386]],"type":"Polygon","properties":{"ZCTA5CE20":"85224"}},{"arcs":[[387,388,389,390,391,392,393,394]],"type":"Polygon","properties":{"ZCTA5CE20":"85635"}},{"arcs":[[395,396,397,398,399,400,401,402,403,404]],"type":"Polygon","properties":{"ZCTA5CE20":"85037"}},{"arcs":[[405,406,407,408,-382,409]],"type":"Polygon","properties":{"ZCTA5CE20":"85202"}},{"arcs":[[410,411,-406,412,413]],"type":"Polygon","properties":{"ZCTA5CE20":"85282"}},{"arcs":[[-177]],"type":"Polygon","properties":{"ZCTA5CE20":"85608"}},{"arcs":[[-234,-326,414,-188,415]],"type":"Polygon","properties":{"ZCTA5CE20":"85621"}},{"arcs":[[-244,416,417,-218,-202,418,419,-371]],"type":"Polygon","properties":{"ZCTA5CE20":"85629"}},{"arcs":[[[420]],[[-345,-52,421,422,423,424,425]]],"type":"MultiPolygon","properties":{"ZCTA5CE20":"85739"}},{"arcs":[[-353,-280,426,427,428,-45]],"type":"Polygon","properties":{"ZCTA5CE20":"85337"}},{"arcs":[[-352,-274]],"type":"Polygon","properties":{"ZCTA5CE20":"85343"}},{"arcs":[[-322,429,-84,430,-143,-154,-168]],"type":"Polygon","properties":{"ZCTA5CE20":"85501"}},{"arcs":[[431,-338,432,433,434]],"type":"Polygon","properties":{"ZCTA5CE20":"85203"}},{"arcs":[[435,436,437,438]],"type":"Polygon","properties":{"ZCTA5CE20":"85014"}},{"arcs":[[439,440,-367,441]],"type":"Polygon","properties":{"ZCTA5CE20":"85141"}},{"arcs":[[442,443,444,445,446,447]],"type":"Polygon","properties":{"ZCTA5CE20":"85138"}},{"arcs":[[448,449,450,-358,-216,451,-128]],"type":"Polygon","properties":{"ZCTA5CE20":"85730"}},{"arcs":[[452,453,454,455,-444,456]],"type":"Polygon","properties":{"ZCTA5CE20":"85121"}},{"arcs":[[-384,457,458,459,460,461,462,463]],"type":"Polygon","properties":{"ZCTA5CE20":"85286"}},{"arcs":[[464,465,-360,466,467]],"type":"Polygon","properties":{"ZCTA5CE20":"85749"}},{"arcs":[[-447,468,469]],"type":"Polygon","properties":{"ZCTA5CE20":"85172"}},{"arcs":[[470,-220,-354,471,-50]],"type":"Polygon","properties":{"ZCTA5CE20":"85631"}},{"arcs":[[472,-372,-420]],"type":"Polygon","properties":{"ZCTA5CE20":"85622"}},{"arcs":[[-227,473,474,-355]],"type":"Polygon","properties":{"ZCTA5CE20":"85609"}},{"arcs":[[475,476,477,478,-139,479,480,481]],"type":"Polygon","properties":{"ZCTA5CE20":"85335"}},{"arcs":[[482,-301,483,484,485]],"type":"Polygon","properties":{"ZCTA5CE20":"85086"}},{"arcs":[[486,487,488,-458,-383]],"type":"Polygon","properties":{"ZCTA5CE20":"85225"}},{"arcs":[[-125,489,-237,-129,490,-219,-418,491],[-89]],"type":"Polygon","properties":{"ZCTA5CE20":"85756"}},{"arcs":[[-138,492,-31,493,494,495,496,497,498,-480]],"type":"Polygon","properties":{"ZCTA5CE20":"85345"}},{"arcs":[[499,500,-448,-470,501,502,-428]],"type":"Polygon","properties":{"ZCTA5CE20":"85139"}},{"arcs":[[-117,-263,-98]],"type":"Polygon","properties":{"ZCTA5CE20":"86329"}},{"arcs":[[503,504,505,506,507]],"type":"Polygon","properties":{"ZCTA5CE20":"85041"}},{"arcs":[[-226,508,-71,509,510,-474]],"type":"Polygon","properties":{"ZCTA5CE20":"85606"}},{"arcs":[[511,512,513,514,515]],"type":"Polygon","properties":{"ZCTA5CE20":"85257"}},{"arcs":[[516]],"type":"Polygon","properties":{"ZCTA5CE20":"85724"}},{"arcs":[[-195,517,518,519,520,521,-241]],"type":"Polygon","properties":{"ZCTA5CE20":"85735"}},{"arcs":[[522,523,524,525]],"type":"Polygon","properties":{"ZCTA5CE20":"85194"}},{"arcs":[[526,-405,527,528]],"type":"Polygon","properties":{"ZCTA5CE20":"85392"}},{"arcs":[[529,-302,-483,530,-5]],"type":"Polygon","properties":{"ZCTA5CE20":"85087"}},{"arcs":[[531,-521,532,533,534,-126,-492,-417,-243]],"type":"Polygon","properties":{"ZCTA5CE20":"85746"}},{"arcs":[[535,-211,536,537]],"type":"Polygon","properties":{"ZCTA5CE20":"85268"}},{"arcs":[[538,-369,539,540,-193,541],[-235]],"type":"Polygon","properties":{"ZCTA5CE20":"85653"}},{"arcs":[[542,543,544,545,-252,-283]],"type":"Polygon","properties":{"ZCTA5CE20":"85021"}},{"arcs":[[546,-510,-76,547,548,-390,549]],"type":"Polygon","properties":{"ZCTA5CE20":"85638"}},{"arcs":[[-170,550,551,552,553,554]],"type":"Polygon","properties":{"ZCTA5CE20":"85118"}},{"arcs":[[555,556,557,-385,-464,558,-453,559]],"type":"Polygon","properties":{"ZCTA5CE20":"85226"}},{"arcs":[[-381,560,561,562,-310]],"type":"Polygon","properties":{"ZCTA5CE20":"85361"}},{"arcs":[[-30,563,564,565,-494]],"type":"Polygon","properties":{"ZCTA5CE20":"85304"}},{"arcs":[[566,567,568,-91,569]],"type":"Polygon","properties":{"ZCTA5CE20":"85258"}},{"arcs":[[570,571,-317,-363,572,573]],"type":"Polygon","properties":{"ZCTA5CE20":"85308"}},{"arcs":[[574,-238,-490,-124,-535]],"type":"Polygon","properties":{"ZCTA5CE20":"85706"}},{"arcs":[[575,576,-340,577,578]],"type":"Polygon","properties":{"ZCTA5CE20":"85143"}},{"arcs":[[-475,-511,-547,579,-356]],"type":"Polygon","properties":{"ZCTA5CE20":"85630"}},{"arcs":[[580,581,582,583,584]],"type":"Polygon","properties":{"ZCTA5CE20":"85031"}},{"arcs":[[-413,-410,-387,585,586,587]],"type":"Polygon","properties":{"ZCTA5CE20":"85283"}},{"arcs":[[588,589]],"type":"Polygon","properties":{"ZCTA5CE20":"85723"}},{"arcs":[[-209,-121,-212,-536,590,591,592,593,594]],"type":"Polygon","properties":{"ZCTA5CE20":"85255"}},{"arcs":[[-8,595,-404,596,597,598]],"type":"Polygon","properties":{"ZCTA5CE20":"85353"}},{"arcs":[[-300,599,-313,600,-484]],"type":"Polygon","properties":{"ZCTA5CE20":"85085"}},{"arcs":[[601,-318,-572,602]],"type":"Polygon","properties":{"ZCTA5CE20":"85310"}},{"arcs":[[603,604,605,606,-455]],"type":"Polygon","properties":{"ZCTA5CE20":"85147"}},{"arcs":[[607,-40,608,-158,-222,-145]],"type":"Polygon","properties":{"ZCTA5CE20":"85530"}},{"arcs":[[609,610,611,-519,612]],"type":"Polygon","properties":{"ZCTA5CE20":"85745"}},{"arcs":[[613,-422,-51,-472,-361,-466,614,615,616]],"type":"Polygon","properties":{"ZCTA5CE20":"85619"}},{"arcs":[[617,618,619,620]],"type":"Polygon","properties":{"ZCTA5CE20":"85741"}},{"arcs":[[-265,-1,-378,-258]],"type":"Polygon","properties":{"ZCTA5CE20":"86343"}},{"arcs":[[621,622,623,624]],"type":"Polygon","properties":{"ZCTA5CE20":"85003"}},{"arcs":[[625,626,627,628,-621,629]],"type":"Polygon","properties":{"ZCTA5CE20":"85742"}},{"arcs":[[630,631,632,633,634,635,-437]],"type":"Polygon","properties":{"ZCTA5CE20":"85016"}},{"arcs":[[[636,637]],[[638,639,640,641,642,643]]],"type":"MultiPolygon","properties":{"ZCTA5CE20":"85022"}},{"arcs":[[-6,-531,-486,644,-603,-571,645,646,647,648,-379]],"type":"Polygon","properties":{"ZCTA5CE20":"85383"}},{"arcs":[[649,-642,650,651,-631,-436,652,-544]],"type":"Polygon","properties":{"ZCTA5CE20":"85020"}},{"arcs":[[-140,653,654,-524,655,656,-442,-370,-539,657]],"type":"Polygon","properties":{"ZCTA5CE20":"85131"}},{"arcs":[[658,659,-155,-150,-27,-149,660,-342]],"type":"Polygon","properties":{"ZCTA5CE20":"85137"}},{"arcs":[[-647,661,662,663,664]],"type":"Polygon","properties":{"ZCTA5CE20":"85373"}},{"arcs":[[665,666,-477,667,668,669,670]],"type":"Polygon","properties":{"ZCTA5CE20":"85374"}},{"arcs":[[-205,671,-296]],"type":"Polygon","properties":{"ZCTA5CE20":"85377"}},{"arcs":[[-668,-476,672,673]],"type":"Polygon","properties":{"ZCTA5CE20":"85379"}},{"arcs":[[674,-525,-655,675]],"type":"Polygon","properties":{"ZCTA5CE20":"85122"}},{"arcs":[[-606,676,-578,-347,677,-656,-523,678],[-56]],"type":"Polygon","properties":{"ZCTA5CE20":"85128"}},{"arcs":[[[-334,679,680,681,682,683,684],[685]],[[686,687]]],"type":"MultiPolygon","properties":{"ZCTA5CE20":"85120"}},{"arcs":[[688,-670,689,-673,-482,690,691,692,693,694,695]],"type":"Polygon","properties":{"ZCTA5CE20":"85355"}},{"arcs":[[-336,696,697,698,699,700]],"type":"Polygon","properties":{"ZCTA5CE20":"85205"}},{"arcs":[[-163,701,-57]],"type":"Polygon","properties":{"ZCTA5CE20":"85552"}},{"arcs":[[702,703,704,-487,-409]],"type":"Polygon","properties":{"ZCTA5CE20":"85210"}},{"arcs":[[705,-700,706,707,708,709,710]],"type":"Polygon","properties":{"ZCTA5CE20":"85206"}},{"arcs":[[-246,-375,711,-229,-416,-187]],"type":"Polygon","properties":{"ZCTA5CE20":"85601"}},{"arcs":[[712,-435,-703,-408,713]],"type":"Polygon","properties":{"ZCTA5CE20":"85201"}},{"arcs":[[[714]],[[715]],[[-339]],[[-335,-685,-688,716,-697]],[[-699,717,-707]]],"type":"MultiPolygon","properties":{"ZCTA5CE20":"85207"}},{"arcs":[[-718,-698,-717,-687,-684,718,-708],[-716],[-715]],"type":"Polygon","properties":{"ZCTA5CE20":"85208"}},{"arcs":[[-709,-719,-683,719,720]],"type":"Polygon","properties":{"ZCTA5CE20":"85209"}},{"arcs":[[-58,-702,-162]],"type":"Polygon","properties":{"ZCTA5CE20":"85531"}},{"arcs":[[721,722,723,724,725,-579,-677,-605,726]],"type":"Polygon","properties":{"ZCTA5CE20":"85142"}},{"arcs":[[-561,-380,-649,727,-671,-689,728,729]],"type":"Polygon","properties":{"ZCTA5CE20":"85387"}},{"arcs":[[-669,-674,-690]],"type":"Polygon","properties":{"ZCTA5CE20":"85388"}},{"arcs":[[-39,730,-160,-82,-159,-609]],"type":"Polygon","properties":{"ZCTA5CE20":"85536"}},{"arcs":[[731,-694,732,-529,733,734]],"type":"Polygon","properties":{"ZCTA5CE20":"85395"}},{"arcs":[[-434,735,-711,736,737,-704]],"type":"Polygon","properties":{"ZCTA5CE20":"85204"}},{"arcs":[[-592,738,-567,739,740]],"type":"Polygon","properties":{"ZCTA5CE20":"85260"}},{"arcs":[[-225,-376,-72,-509]],"type":"Polygon","properties":{"ZCTA5CE20":"85625"}},{"arcs":[[-362]],"type":"Polygon","properties":{"ZCTA5CE20":"85627"}},{"arcs":[[-591,-538,741,742,-568,-739]],"type":"Polygon","properties":{"ZCTA5CE20":"85259"}},{"arcs":[[743,744,745,-593,-741,746,747]],"type":"Polygon","properties":{"ZCTA5CE20":"85254"}},{"arcs":[[-337,-701,-706,-736,-433]],"type":"Polygon","properties":{"ZCTA5CE20":"85213"}},{"arcs":[[-201,-323,-373,-473,-419]],"type":"Polygon","properties":{"ZCTA5CE20":"85614"}},{"arcs":[[-182,748,749,-392,750,751,-324]],"type":"Polygon","properties":{"ZCTA5CE20":"85615"}},{"arcs":[[-357,-580,-550,-389,752,753,-179]],"type":"Polygon","properties":{"ZCTA5CE20":"85616"}},{"arcs":[[-738,754,755,756,-488,-705]],"type":"Polygon","properties":{"ZCTA5CE20":"85233"}},{"arcs":[[-737,-710,-721,757,758,-755]],"type":"Polygon","properties":{"ZCTA5CE20":"85234"}},{"arcs":[[759,760]],"type":"Polygon","properties":{"ZCTA5CE20":"85620"}},{"arcs":[[-463,761,-727,-604,-454,-559]],"type":"Polygon","properties":{"ZCTA5CE20":"85248"}},{"arcs":[[-391,-549,762,-176,763,-761,764,-751]],"type":"Polygon","properties":{"ZCTA5CE20":"85603"}},{"arcs":[[-66,765,-377,-223]],"type":"Polygon","properties":{"ZCTA5CE20":"85605"}},{"arcs":[[766,-93,767,-513,768],[-90]],"type":"Polygon","properties":{"ZCTA5CE20":"85251"}},{"arcs":[[-758,-720,-682,769,-725,770,771,772]],"type":"Polygon","properties":{"ZCTA5CE20":"85212"}},{"arcs":[[-635,773,-516,774,775,-13,776,777]],"type":"Polygon","properties":{"ZCTA5CE20":"85008"}},{"arcs":[[-616,778,779,780,781,782,783],[784]],"type":"Polygon","properties":{"ZCTA5CE20":"85718"}},{"arcs":[[785,786,-583,787,788,-255,789,-504,790]],"type":"Polygon","properties":{"ZCTA5CE20":"85009"}},{"arcs":[[791,-783,792,793,794],[-15],[-517]],"type":"Polygon","properties":{"ZCTA5CE20":"85719"}},{"arcs":[[795,-438,-636,-778,796,797]],"type":"Polygon","properties":{"ZCTA5CE20":"85006"}},{"arcs":[[[798]],[[799,-286,800,-581,801,802,-496]]],"type":"MultiPolygon","properties":{"ZCTA5CE20":"85301"}},{"arcs":[[803,-423,-614,804,-628]],"type":"Polygon","properties":{"ZCTA5CE20":"85737"}},{"arcs":[[-803,805,806,-497],[-799]],"type":"Polygon","properties":{"ZCTA5CE20":"85303"}},{"arcs":[[807,-771,-724,808,-460]],"type":"Polygon","properties":{"ZCTA5CE20":"85297"}},{"arcs":[[-809,-723,809,-461]],"type":"Polygon","properties":{"ZCTA5CE20":"85298"}},{"arcs":[[810,811,-449,-127,-236,812,813]],"type":"Polygon","properties":{"ZCTA5CE20":"85711"}},{"arcs":[[[-785]],[[-629,-805,-617,-784,814,-618]]],"type":"MultiPolygon","properties":{"ZCTA5CE20":"85704"}},{"arcs":[[-815,-792,815,-610,816,-619]],"type":"Polygon","properties":{"ZCTA5CE20":"85705"}},{"arcs":[[-612,817,-794,818,-813,-240,819,-590,820,-533,-520],[-123]],"type":"Polygon","properties":{"ZCTA5CE20":"85713"}},{"arcs":[[-821,-589,-820,-239,-575,-534]],"type":"Polygon","properties":{"ZCTA5CE20":"85714"}},{"arcs":[[821,-468,822,823,824,-780]],"type":"Polygon","properties":{"ZCTA5CE20":"85715"}},{"arcs":[[-775,-515,-714,-407,-412,825]],"type":"Polygon","properties":{"ZCTA5CE20":"85281"}},{"arcs":[[-757,826,827,-10,828,-772,-808,-459,-489]],"type":"Polygon","properties":{"ZCTA5CE20":"85295"}},{"arcs":[[-586,-386,-558,829]],"type":"Polygon","properties":{"ZCTA5CE20":"85284"}},{"arcs":[[-374,-231,-204,-230,-712]],"type":"Polygon","properties":{"ZCTA5CE20":"85646"}},{"arcs":[[-672,-210,-595,830,831,-297]],"type":"Polygon","properties":{"ZCTA5CE20":"85266"}},{"arcs":[[-441,832,-425,833,-626,834,-540,-368]],"type":"Polygon","properties":{"ZCTA5CE20":"85658"}},{"arcs":[[[835,836,-396,-527,-733,-693]],[[-695,-732,837,838]]],"type":"MultiPolygon","properties":{"ZCTA5CE20":"85340"}},{"arcs":[[-198,839,840]],"type":"Polygon","properties":{"ZCTA5CE20":"85341"}},{"arcs":[[-797,-777,-14,-776,-826,841,842]],"type":"Polygon","properties":{"ZCTA5CE20":"85034"}},{"arcs":[[843,-584,-787,844,-402]],"type":"Polygon","properties":{"ZCTA5CE20":"85035"}},{"arcs":[[845,-414,-588,846,847,848,849,-507]],"type":"Polygon","properties":{"ZCTA5CE20":"85042"}},{"arcs":[[-624,850,-842,-411,-846,-506,851]],"type":"Polygon","properties":{"ZCTA5CE20":"85040"}},{"arcs":[[-734,852,853,-278]],"type":"Polygon","properties":{"ZCTA5CE20":"85338"}},{"arcs":[[854,-791,-508,-850,855,856,-560,-457,-443,-501,857,858,-598]],"type":"Polygon","properties":{"ZCTA5CE20":"85339"}},{"arcs":[[-452,-215,-491]],"type":"Polygon","properties":{"ZCTA5CE20":"85747"}},{"arcs":[[-835,-630,-620,-817,-613,-518,-194,-541]],"type":"Polygon","properties":{"ZCTA5CE20":"85743"}},{"arcs":[[-615,-465,-822,-779]],"type":"Polygon","properties":{"ZCTA5CE20":"85750"}},{"arcs":[[-424,-804,-627,-834],[-421]],"type":"Polygon","properties":{"ZCTA5CE20":"85755"}},{"arcs":[[-522,-532,-242]],"type":"Polygon","properties":{"ZCTA5CE20":"85757"}},{"arcs":[[-641,859,-748,860,861,-651]],"type":"Polygon","properties":{"ZCTA5CE20":"85028"}},{"arcs":[[-251,862,863,-95,-34],[-247]],"type":"Polygon","properties":{"ZCTA5CE20":"86301"}},{"arcs":[[-272,864,-16,-115,-349]],"type":"Polygon","properties":{"ZCTA5CE20":"86326"}},{"arcs":[[-351]],"type":"Polygon","properties":{"ZCTA5CE20":"86331"}},{"arcs":[[865,-112,-96,-864]],"type":"Polygon","properties":{"ZCTA5CE20":"86314"}},{"arcs":[[-250,-350,-113,-866,-863]],"type":"Polygon","properties":{"ZCTA5CE20":"86315"}},{"arcs":[[-329,866,-312,867,-290]],"type":"Polygon","properties":{"ZCTA5CE20":"85320"}},{"arcs":[[-191,-841,868]],"type":"Polygon","properties":{"ZCTA5CE20":"85321"}},{"arcs":[[-271,869,-111,-17,-865]],"type":"Polygon","properties":{"ZCTA5CE20":"86325"}},{"arcs":[[-545,-653,-439,-796,870,871]],"type":"Polygon","properties":{"ZCTA5CE20":"85012"}},{"arcs":[[-270,-288,-107,-870],[-267]],"type":"Polygon","properties":{"ZCTA5CE20":"86351"}},{"arcs":[[-299,872,873,-638,874,-639,-314,-600]],"type":"Polygon","properties":{"ZCTA5CE20":"85024"}},{"arcs":[[-528,-596,-9,-599,-859,875,-853]],"type":"Polygon","properties":{"ZCTA5CE20":"85323"}},{"arcs":[[-546,-872,-622,876,-253]],"type":"Polygon","properties":{"ZCTA5CE20":"85013"}},{"arcs":[[-284,-256,-789,877]],"type":"Polygon","properties":{"ZCTA5CE20":"85017"}},{"arcs":[[-552,878,-156,-660,879]],"type":"Polygon","properties":{"ZCTA5CE20":"85173"}},{"arcs":[[880,-365,881,-643,-650,-543,-282,-565]],"type":"Polygon","properties":{"ZCTA5CE20":"85029"}},{"arcs":[[-875,-637,-874,882,-744,-860,-640]],"type":"Polygon","properties":{"ZCTA5CE20":"85032"}},{"arcs":[[-485,-601,-319,-602,-645]],"type":"Polygon","properties":{"ZCTA5CE20":"85083"}},{"arcs":[[-403,-845,-786,-855,-597]],"type":"Polygon","properties":{"ZCTA5CE20":"85043"}},{"arcs":[[-849,883,-856]],"type":"Polygon","properties":{"ZCTA5CE20":"85045"}},{"arcs":[[-848,884,-556,-857,-884]],"type":"Polygon","properties":{"ZCTA5CE20":"85048"}},{"arcs":[[-481,-499,885,-399,886,-397,-837,887,-691]],"type":"Polygon","properties":{"ZCTA5CE20":"85307"}},{"arcs":[[[-11,-828]],[[-759,-773,-829,-12,-827,-756]]],"type":"MultiPolygon","properties":{"ZCTA5CE20":"85296"}},{"arcs":[[-816,-795,-818,-611]],"type":"Polygon","properties":{"ZCTA5CE20":"85701"}},{"arcs":[[-157]],"type":"Polygon","properties":{"ZCTA5CE20":"85532"}},{"arcs":[[-754,888,-395,889,-180]],"type":"Polygon","properties":{"ZCTA5CE20":"85613"}},{"arcs":[[-70,-175,-763,-548,-75]],"type":"Polygon","properties":{"ZCTA5CE20":"85617"}},{"arcs":[[-648,-665,890,-666,-728]],"type":"Polygon","properties":{"ZCTA5CE20":"85375"}},{"arcs":[[891,-64]],"type":"Polygon","properties":{"ZCTA5CE20":"85551"}},{"arcs":[[-254,-877,-625,-852,-505,-790]],"type":"Polygon","properties":{"ZCTA5CE20":"85007"}},{"arcs":[[[892,-769,-512,-774,-634]],[[-862,893,-632,-652]]],"type":"MultiPolygon","properties":{"ZCTA5CE20":"85018"}},{"arcs":[[-285,-878,-788,-582,-801]],"type":"Polygon","properties":{"ZCTA5CE20":"85019"}},{"arcs":[[-646,-574,894,-28,895,-662]],"type":"Polygon","properties":{"ZCTA5CE20":"85382"}},{"arcs":[[-781,-825,-811,896]],"type":"Polygon","properties":{"ZCTA5CE20":"85712"}},{"arcs":[[-261,-102,-307]],"type":"Polygon","properties":{"ZCTA5CE20":"85362"}},{"arcs":[[-806,-802,-585,-844,-401]],"type":"Polygon","properties":{"ZCTA5CE20":"85033"}},{"arcs":[[-768,-92,-569,-743,897,-331,-432,-713,-514]],"type":"Polygon","properties":{"ZCTA5CE20":"85256"}},{"arcs":[[898,-393,-750]],"type":"Polygon","properties":{"ZCTA5CE20":"85650"}},{"arcs":[[-871,-798,-843,-851,-623]],"type":"Polygon","properties":{"ZCTA5CE20":"85004"}},{"arcs":[[-298,-832,899,-745,-883,-873]],"type":"Polygon","properties":{"ZCTA5CE20":"85050"}},{"arcs":[[-823,-467,-359,-451,900]],"type":"Polygon","properties":{"ZCTA5CE20":"85748"}},{"arcs":[[-664,901,-478,-667,-891]],"type":"Polygon","properties":{"ZCTA5CE20":"85378"}},{"arcs":[[-894,-861,-747,-740,-570,-94,-767,-893,-633]],"type":"Polygon","properties":{"ZCTA5CE20":"85253"}},{"arcs":[[-782,-897,-814,-819,-793]],"type":"Polygon","properties":{"ZCTA5CE20":"85716"}},{"arcs":[[-692,-888,-836]],"type":"Polygon","properties":{"ZCTA5CE20":"85309"}},{"arcs":[[902,-562,-730,903,-838,-735,-277,-304]],"type":"Polygon","properties":{"ZCTA5CE20":"85396"}},{"arcs":[[-770,-681,904,-554,905,-576,-726]],"type":"Polygon","properties":{"ZCTA5CE20":"85140"}},{"arcs":[[-315,-644,-882,-364]],"type":"Polygon","properties":{"ZCTA5CE20":"85023"}},{"arcs":[[-587,-830,-557,-885,-847]],"type":"Polygon","properties":{"ZCTA5CE20":"85044"}},{"arcs":[[-831,-594,-746,-900]],"type":"Polygon","properties":{"ZCTA5CE20":"85054"}},{"arcs":[[-462,-810,-722,-762]],"type":"Polygon","properties":{"ZCTA5CE20":"85249"}},{"arcs":[[-495,-566,-287,-800]],"type":"Polygon","properties":{"ZCTA5CE20":"85302"}},{"arcs":[[[-398,-887]],[[-498,-807,-400,-886]]],"type":"MultiPolygon","properties":{"ZCTA5CE20":"85305"}},{"arcs":[[-895,-573,-366,-881,-564,-29]],"type":"Polygon","properties":{"ZCTA5CE20":"85306"}},{"arcs":[[[-686]],[[-333,-171,-555,-905,-680]]],"type":"MultiPolygon","properties":{"ZCTA5CE20":"85119"}},{"arcs":[[906,-147,-221,-471,-49,-344]],"type":"Polygon","properties":{"ZCTA5CE20":"85618"}},{"arcs":[[-824,-901,-450,-812]],"type":"Polygon","properties":{"ZCTA5CE20":"85710"}},{"arcs":[[-902,-663,-896,-32,-493,-137,-479]],"type":"Polygon","properties":{"ZCTA5CE20":"85351"}},{"arcs":[[-502,-469,-446,907,-676,-654,-142,908]],"type":"Polygon","properties":{"ZCTA5CE20":"85193"}}]}}}