{"type":"Topology","transform":{"scale":[0.0003225274165274166,8.571496299999999e-05],"translate":[-176.696676,-14.37374]},"arcs":[[[309616,577035],[3,-30],[4,-85],[0,-69]],[[309623,576851],[-5,-3],[-10,8],[-16,-7],[1,26],[-24,6],[-18,28],[-11,3],[-3,-17],[-7,-2],[0,16],[2,30],[1,16],[7,13],[9,42],[1,15],[-13,30],[-9,14],[-32,31],[-11,25],[6,-1],[31,22],[92,33],[2,-133],[0,-11]],[[308996,577165],[5,-37]],[[309001,577128],[-5,0],[0,37]],[[309003,577114],[2,-11],[1,-4],[10,-21],[1,-2],[15,-80],[22,-28],[6,-8],[4,-52],[0,-4],[0,-3],[1,-63],[0,-21],[2,-7],[9,-25],[9,-29],[30,-93],[16,-91],[13,-39],[0,-2],[11,-191],[5,-40],[6,-48],[4,-34],[1,-42],[2,-47],[8,-49],[21,-89],[44,-89],[0,0],[15,-29],[30,-87],[3,-7],[16,-70],[22,-29],[4,-6],[3,-4],[38,-55]],[[309377,575615],[-46,-160],[-7,-32],[-3,-36],[1,-21],[6,-39],[2,-10],[1,-7],[0,-9],[-1,-3],[-4,-7],[-3,-34],[-8,-26],[8,29],[3,30],[5,12],[-1,10],[-12,8],[-6,-21],[-5,-7],[-2,0],[-4,-1],[-6,-7],[-19,-53],[-5,-25],[2,-18],[-1,-2],[-2,18]],[[309270,575204],[-1,37],[-1,74],[3,67],[0,29],[-2,54],[-3,43],[0,2],[-6,38],[-9,31],[-27,51],[-14,26],[-1,2],[-11,31],[-4,16],[-2,13],[-25,174],[-8,86],[-21,150],[-7,45],[-42,292],[-6,-12],[-6,39],[-15,105],[-1,10],[-3,15],[-7,44],[0,1],[-18,126],[-10,68],[-15,16],[-2,12],[-10,-17],[-6,9],[-1,16],[11,50],[2,-36],[8,-4],[3,-16],[6,2],[-19,122],[-7,10],[0,21],[-10,2],[-4,19],[1,8],[8,7],[4,28],[1,-4],[3,-13],[1,1],[0,10],[6,10]],[[308730,578482],[7,-20],[4,-53],[3,-12],[26,-96],[5,-19],[6,-17],[6,-5],[12,3]],[[308799,578263],[2,-5],[14,-49],[6,-53],[10,-40],[8,-49],[2,-26],[-1,-23],[-5,-26],[0,-20],[3,-15],[25,38],[75,305],[3,11],[2,-11],[0,17],[47,171],[15,47],[-1,-14],[9,10],[16,-3],[8,-13],[26,15],[34,89],[4,13],[6,57],[6,40],[16,24],[3,-32],[29,63],[4,26],[15,18],[3,23],[5,12],[10,10],[13,30],[80,-220],[-16,-47],[-11,-57],[-3,-56],[8,7],[13,41],[7,14]],[[309289,578585],[-1,-4],[30,52],[13,-42],[30,22],[25,-182],[63,-345],[15,3],[22,-64],[11,3],[8,-16],[39,-127],[16,46],[3,-88],[-1,-51],[-3,-26],[-7,-6],[6,0],[15,-1],[1,-19],[-12,-39],[-6,-4],[5,-9],[-4,-17],[-1,-42],[-24,-20],[3,-17],[-5,-29],[1,-17],[-1,-76],[-2,-25],[-8,-13],[-5,-74],[-8,-19],[-8,-7],[-10,-22],[-7,-55],[-5,-8],[-3,-24],[-3,-5],[-10,18],[-8,2],[-8,-6],[-6,11],[-11,-60],[-8,-15],[-1,-14],[5,-36],[-8,-43],[-10,-8],[-3,-20],[-10,-57],[-13,-30],[-5,-41],[-3,-62],[-4,-35],[-8,-35],[-1,-16],[9,-62],[1,-27],[-2,-15],[-57,-134]],[[309310,576533],[-13,17],[-3,-19],[-15,16],[-3,41],[-7,35],[-5,31],[-7,36],[-2,-1],[-9,-4],[-2,-2],[-15,12],[-6,4],[0,0],[-12,-8],[-5,-3],[-10,-7],[-16,43],[-31,64],[1,43],[-15,29],[-17,57],[-11,97],[-22,112],[-3,17],[-4,60],[-10,25],[-16,-7],[1,22],[0,3],[3,41],[0,15],[1,20],[0,1],[0,2],[-6,42]],[[309051,577367],[1,3],[3,5],[3,13],[-1,27],[7,-23],[3,5],[0,1],[5,8],[14,34],[5,1],[6,11],[2,3],[9,17],[-5,61],[-28,77],[1,7],[-5,9],[-8,-11],[-9,-25],[-13,-26],[-2,1],[-6,5],[-1,-20],[-2,-7],[0,-5],[-7,-18]],[[309023,577520],[0,3],[-1,13],[-5,38],[0,1],[-8,31],[-1,1],[-11,4],[0,2],[-7,39],[0,1],[-2,4],[-10,27],[-19,20],[-15,39],[-18,-7],[-1,-4],[-5,-28],[2,-17],[0,-5],[2,-14],[0,-2],[15,-43],[0,-1],[11,-31],[2,-36],[0,-3],[-5,-44],[0,-1],[5,-6],[2,-2],[1,-1],[16,-41],[6,-13],[0,-1],[5,-23],[0,-1],[21,-99],[0,-3],[1,-85],[-2,-5],[-3,-10],[-1,-1],[-4,-36],[0,-3]],[[308994,577177],[-8,10],[-2,-15],[-1,16],[-3,44],[0,7],[2,33],[1,16],[-20,-3],[-1,-16],[-6,-1],[-6,-1],[-1,0],[-9,-15],[-8,-11],[-5,-5],[1,-12],[2,-4],[2,8],[2,2],[1,-10],[0,0],[-6,-18],[-19,1],[-22,-16],[-9,-3],[-10,8],[8,25],[-1,6],[-2,49],[-1,21],[2,31],[-2,3],[7,53],[2,-5],[5,16],[13,60],[-51,50],[-6,-21],[-23,86],[-1,-3],[-4,-29],[-55,53],[-18,17],[-2,2],[28,49],[3,6],[2,-7],[6,-33],[18,31],[-7,26],[-16,89],[-2,14],[-11,56],[-2,9],[-5,20],[-3,11],[-2,8],[-1,3],[-12,61],[-28,95],[-4,18],[-2,18],[1,24],[0,44],[-2,154],[1,21],[8,49],[20,110]],[[305867,594038],[-1,0]],[[305608,594034],[-10,-1],[-129,3]],[[308665,578565],[15,-27],[17,-10],[16,-34],[11,-15],[6,3]],[[308994,577177],[2,-12]],[[309001,577128],[2,-14]],[[309270,575204],[-5,3],[-1,-5],[-4,-7],[-3,24],[-1,30],[-32,194],[-57,120],[-20,-43],[-4,-2],[-75,-6],[-4,-1],[-14,-16],[-6,-3],[-29,-6],[-4,-4],[-15,-35],[-2,-5],[-84,-143],[-10,-18],[-49,-130],[-3,-10],[-50,-183],[-3,-14],[-4,-41],[-12,-126]],[[308779,574777],[1,50],[1,104]],[[308781,574931],[4,312],[1,103],[4,781],[44,60],[3,2],[36,50],[2,17],[-30,65],[-10,35],[-26,40],[-19,-10],[6,13],[3,98],[1,45],[-22,0],[-4,-4],[4,-55],[-2,-16],[4,-18],[1,-26],[9,-37],[-1,-2],[-14,6],[-10,16],[-9,5],[-15,-9],[-97,190],[0,16],[4,18],[0,22],[-2,13],[-7,0],[7,34],[-17,58],[-10,-7],[-13,20],[-5,20],[-10,-30],[-3,-28],[-5,-6],[-5,10],[-6,-31],[-18,-35],[-3,1],[-14,-43],[-3,-37],[-8,-1],[-7,13],[-3,-5],[-2,-24],[-4,-7],[-7,2],[-6,21],[-11,-1],[-6,7],[-4,14],[0,18],[5,16],[-2,25],[-9,-3],[3,20],[-5,-13],[-12,-16],[-10,-23]],[[308446,576630],[4,21],[-8,10],[-9,26],[-9,2],[6,68],[14,24],[-12,79],[-4,8],[-38,20],[-1,5],[4,89],[6,37],[-1,29],[-26,-25],[-7,-20],[-11,-36],[-3,6],[-8,179],[-5,56],[4,103],[-18,32],[-85,155]],[[308239,577498],[-5,294],[-4,55],[-2,53],[32,-3],[-10,66],[16,42],[17,-16],[1,12],[164,-154],[0,40],[-61,58],[0,50],[2,20],[6,156],[36,1],[-10,25],[-8,24],[41,95],[16,58],[-1,4],[7,32],[-11,113],[-13,11],[-11,62],[6,22],[15,-3],[10,-24],[14,-2],[6,18],[0,65],[-2,47],[1,35],[4,14],[8,4],[13,-2],[7,22],[5,2],[9,-16],[6,-2],[7,12],[5,20],[7,4],[10,-22],[5,-2],[12,8],[6,-16],[5,-55],[0,-19],[-5,3],[0,-30],[3,-28],[16,-23],[10,0],[10,5],[4,-11],[-6,0],[7,-35],[14,-11],[10,-19],[2,8]],[[302700,581421],[15,-1],[7,-56],[-6,-21],[10,-9],[15,-117],[11,-4],[-11,-46],[-1,-31],[-17,-6],[-21,5],[2,-14],[-2,-19],[4,-9],[5,-24],[-3,-56],[2,-10],[4,-11],[4,-30],[2,-40],[4,-12],[3,-41],[7,-27],[-3,-30],[5,-15],[-2,-8],[3,-9],[-16,-153],[2,-24],[8,-5],[-1,-36],[-6,-16],[1,-41],[4,0],[1,-32],[3,-2],[-1,-22],[14,1],[11,5],[1,-26],[6,-3],[-1,-53],[8,6],[1,-13],[-1,-46],[-5,-4],[1,-15],[12,-3],[-2,-33],[4,-16],[0,-87],[-2,-36],[3,-22],[-1,-17],[-5,-22],[3,-18],[5,-10],[5,5],[-2,-27],[-3,-13],[0,-24],[6,-16],[3,-20],[5,0],[12,-5],[4,-2],[5,0],[1,-68],[-4,-42],[-1,-156]],[[302815,579669],[-1,-1],[-1,-87],[2,1],[0,-66],[0,-63],[13,-62],[5,11],[-2,24],[9,29],[2,-6]],[[302842,579449],[7,-14],[9,-9],[1,-24],[2,-12],[4,-36],[1,-58],[13,-15],[3,-23],[-2,-35]],[[302880,579223],[24,-62],[-8,-29]],[[302896,579132],[-6,31],[-22,19],[-3,8],[-7,6],[-5,-17],[-11,-17],[-10,7],[-3,8],[-9,64],[-9,18],[-15,-27],[-5,-23],[-6,-17],[-5,-1],[-6,-14],[-13,-17],[-2,-14],[4,-33],[-4,-14],[4,-4],[-3,-15],[-7,12],[-14,43],[-15,35],[-29,64],[-5,14],[-3,17],[-3,15],[-9,89],[4,5],[4,18],[1,29],[4,24],[0,23],[-7,19],[1,23],[-3,26],[5,29],[-1,9],[-20,-57],[-8,-7],[-7,50],[-7,62],[-9,-26],[-2,-3],[-1,15],[-5,45],[-15,123],[-10,-37],[-5,0],[-9,-30],[-7,54],[-10,86],[-2,5],[-5,2],[-11,-16],[-3,38],[-28,27],[-5,-22],[-1,-20],[-5,-7],[0,-41],[-20,29],[-25,29],[1,-106],[-14,-2],[-1,-14],[-22,-15],[-1,-70],[-9,-12],[4,-15],[-10,-17],[-3,12],[-4,-51],[-10,13],[-3,-25],[-15,14],[13,53],[-7,17],[-7,-28],[-18,40],[-16,-61],[-8,17],[-12,16],[5,42],[0,19],[4,22],[3,33],[-4,28],[-6,15],[-8,62],[-18,-5],[0,50],[-14,30],[26,112],[-6,20],[-1,14],[-5,14],[-28,0],[0,194],[-9,0],[-1,-13],[-10,4],[-10,37],[-23,-86],[-7,-36],[-13,-35],[1,-30],[-8,-36],[-2,-22],[1,-18],[-7,-18],[-6,-46],[11,105],[2,38],[0,58],[-8,28],[-6,-18],[-7,-6],[-8,10],[-10,3],[-7,-21],[-1,-18],[0,-32],[3,-8],[-7,-53],[-15,9],[-3,13],[-15,3],[4,18],[-6,29],[-8,33],[11,8],[1,57],[12,24],[-11,29],[1,31],[-10,1],[0,48],[-18,-7],[-6,6],[3,34],[-2,9],[-18,39],[-10,6],[-2,15],[-5,-8]],[[302040,580473],[-10,51],[-11,98],[3,5],[-6,49],[19,-1],[-3,20],[5,14],[0,26],[5,1],[1,10],[6,15],[3,6],[3,10],[4,1],[5,-4],[12,-32],[4,1],[10,2],[5,10],[12,34],[-4,38],[1,36],[-4,14],[4,7],[20,14],[17,53],[7,38],[6,17],[16,0],[6,-11],[6,2],[17,21],[8,22],[2,21],[5,8],[3,20],[7,-2],[2,30],[5,4],[2,4],[6,41],[1,7],[7,-2],[8,-2],[17,-4],[-1,-33],[26,-4],[19,-9],[3,2],[2,3],[9,17],[4,6],[27,47],[9,15],[3,5],[3,20],[2,12],[1,14],[7,-17],[18,43],[-1,7],[5,7],[10,29],[10,14],[1,-7],[9,15],[-2,9],[12,22],[2,-9],[8,12],[-5,14],[15,18],[5,-14],[25,26],[4,0],[0,21],[3,10],[7,-9],[17,-35],[15,-11],[-1,-10],[19,-12],[5,-1],[6,0],[15,18],[9,11],[5,7],[7,12],[13,4],[17,15],[13,4],[12,-3],[14,-17],[12,-10],[10,-2]],[[302302,580565],[5,0],[0,27],[-5,1],[0,-22],[0,-6]],[[302553,580313],[-1,-19],[3,-27],[1,-51],[7,1],[6,0],[-5,104],[2,72],[1,27],[-1,3],[0,36],[-5,-20],[-18,-69],[10,-57]],[[308735,589134],[8,-14],[2,-8],[3,-12],[12,-19],[4,-12],[6,-64],[10,-42],[10,-21],[10,-32],[3,-46],[7,-27],[1,-20],[4,-14],[10,-3],[10,-18],[11,9],[7,-21],[8,-4],[5,-10],[4,8],[8,-3],[8,10],[1,16],[8,15],[17,-3],[3,-15],[8,5],[0,30],[5,3],[8,19],[18,8],[5,7],[6,-13],[7,7],[5,-15],[1,-23],[5,-2],[5,-31],[0,-22],[9,-52],[6,-1],[5,16],[5,-6],[6,-22],[5,-3],[16,-27],[4,-28],[7,-7],[0,-15],[6,-11],[2,-12],[6,-4],[11,17],[9,-11],[5,2],[3,13],[11,-35],[6,-5],[11,20],[8,23],[5,3],[7,154],[-73,130],[-5,15],[11,37],[44,2],[20,-139],[6,14],[4,80],[5,-62],[31,-160],[10,55],[4,29],[5,69],[-4,135],[-26,34],[-20,14],[-10,1],[-3,5],[-4,52]],[[309136,589077],[5,-1],[6,15],[8,8],[0,8],[10,20],[27,-24],[8,-4],[12,-43],[8,30],[2,13],[21,-34],[15,46],[17,-26],[22,2],[7,9],[4,13]],[[309308,589109],[2,-11],[15,-17],[6,6],[-2,-21],[16,-14],[6,-11],[-4,-47],[9,-7],[-9,-35],[-5,-46],[21,-30],[15,-22],[14,-6],[6,-14],[4,27],[9,-2],[5,36],[29,157],[2,-22],[-2,-10],[-2,-35],[3,-12],[4,-71],[10,-46],[10,-37],[-3,-37],[-8,-14],[8,-39],[-3,-43],[8,7],[19,3],[1,1],[9,16],[8,9],[9,4],[5,29],[9,79],[14,-10],[9,1],[12,-5],[9,-20],[6,-53],[17,-8],[8,-9],[47,-19],[8,-88],[6,-39],[6,-50]],[[309674,588534],[-35,-89],[-6,-41],[-4,-8],[-13,-16],[-9,2],[-14,37],[-9,-90],[-3,-21],[-1,-50],[-2,-8],[-7,-55],[48,-52],[25,-48],[15,3],[-5,-24],[1,-40],[7,-19],[6,30],[25,-65],[35,51],[4,-20],[4,-1],[5,12],[8,0],[14,-48],[4,-8],[10,11],[10,-10],[3,2],[34,-377],[4,-27],[17,-123],[55,-25],[18,-2],[20,18],[27,31],[19,-33],[9,-37],[9,-11],[7,5],[5,15],[1,32],[22,58],[-12,37],[-2,13],[2,18],[10,-10],[8,16],[8,-1],[11,4],[9,-9],[10,3],[9,16],[6,-2]],[[310096,587578],[1,-10],[-9,-18],[-5,-26],[-1,-4],[-2,-11],[-22,-77],[-1,-1],[-16,-47],[-20,-23],[-40,-79],[-20,-116],[-4,-147],[-14,-30],[-4,-38],[14,-37],[33,42],[34,90],[28,-33],[14,5]],[[310062,587018],[0,-51],[-4,-48],[-14,-71],[-3,-39],[-4,-18],[-17,2]],[[310020,586793],[-5,1],[-8,-6],[-22,-46],[-6,-18],[-10,-61],[-1,-69],[-4,-33],[-9,-49],[-5,-49],[-3,-50],[-2,-26],[-9,-41],[-5,-34],[-5,-37],[-6,-26],[-14,-50],[-10,-27],[-4,-8],[-21,-37],[-12,-9],[-6,-5]],[[309853,586113],[-3,-2],[-2,-2],[-3,-1],[-26,-20],[-12,-1],[-17,14],[-9,15],[-7,23],[-13,25],[-4,8],[-14,39],[-7,28],[-9,50],[-9,29],[-13,23],[-19,15],[-14,11],[-16,3],[-16,-10],[-8,-13],[-9,-24],[-5,-33],[-1,-46],[3,-56],[8,-68],[4,-73],[1,-39],[-5,-44],[-6,-30],[-16,-63],[-9,-29],[-8,-21],[-22,-83],[-18,-77],[-10,-27],[-4,-5],[-21,-64],[-7,-23],[-9,-26],[-15,-19],[-8,-3],[-40,15],[-6,9],[-2,8],[6,22],[9,13],[0,13],[-17,15],[-8,12],[-9,35],[2,17],[1,2]],[[309411,585655],[15,13],[7,13],[4,16],[3,17],[-1,19],[-5,15],[-18,19],[-6,25],[6,88],[10,36],[3,18],[0,15],[-9,66],[1,23],[18,40],[3,24],[-6,21],[-15,15],[-7,14],[-4,21],[-2,63],[-4,27],[-16,36],[-7,45],[-11,101],[-5,23],[-10,25],[-6,10],[-17,20],[-9,2],[-23,15],[-6,-5],[-9,-23],[-11,-23],[2,-23],[-2,-17],[-8,-27],[-11,-18],[-13,-44],[0,-21],[-4,-11],[-9,-11],[-20,0],[-10,-19],[-4,-15],[-7,-10],[-14,-36],[0,-22],[-5,-11],[-9,43],[-8,5],[-4,-12],[1,-51],[-2,-24],[-4,-22],[-7,-28],[-9,-18],[-10,-2],[-8,-19],[-9,-29],[-6,-10],[-6,13],[-2,12],[-3,11],[-6,9],[-13,5],[-8,-7],[-13,-22],[-6,-4],[-16,-24],[-6,-5],[-13,0],[-2,2],[-13,25],[-1,0],[-9,16],[-4,7],[-1,5],[2,17],[6,12],[4,22],[1,29],[-5,25],[-2,8],[-6,17],[-2,18],[3,9],[7,-4],[8,-7],[5,24],[5,15],[16,32],[-2,24],[-8,19],[-7,28],[-3,30],[0,15],[10,7],[7,16],[5,5],[7,-1],[12,-31],[5,0],[2,9],[-8,29],[-2,25],[0,17],[3,13],[1,24],[-4,29],[-7,21],[-7,-2],[-2,11],[10,38],[2,14],[-3,55],[1,38],[-2,5],[-9,-14],[-3,9],[0,19],[12,74],[1,46],[-6,3],[-9,-8],[-10,2],[-7,8],[-4,15],[-5,59],[-4,32],[-2,36],[-7,19],[-6,4],[-16,-3],[-8,9],[-3,-5],[0,-32],[-6,-22],[-5,-11],[-5,-3],[-10,13],[-15,45],[-6,3],[-1,-17],[7,-23],[6,-15],[1,-22],[-4,-13],[-11,-16],[-12,2],[-10,18],[-6,14],[-3,-4],[1,-28],[0,-22],[-4,-15],[-8,-4],[-6,10],[-2,-23],[-4,-15],[-10,-7],[1,-22],[-2,-14],[-5,-5],[-5,26],[-6,12]],[[308808,586850],[-3,10],[-8,42],[-5,9],[-8,-4],[-7,-17],[-8,-42],[-3,-5],[-7,16],[-9,2],[-5,-10],[-6,-24],[-5,-3],[-11,10],[-5,26],[-4,82],[-4,38],[-5,18],[-4,-1],[-5,-15],[-7,-27],[-9,-26],[-6,-10],[-7,5],[-6,17],[-6,4],[-13,-2],[-8,3],[-13,10],[-15,6],[-6,-4],[-7,-19],[-6,-36],[-4,-34],[-10,-9],[-14,1],[-14,11],[-10,11],[-10,17],[-12,33],[-13,30],[-4,15]],[[308496,586978],[-9,75],[-3,23],[-1,3]],[[308483,587079],[2,25],[4,13],[3,-1],[11,-22],[3,0],[3,8],[-3,24],[-12,38],[-2,15],[5,15],[9,1],[13,-11],[6,0],[-1,20],[-19,21],[-7,19],[4,14],[12,-30],[5,4],[-9,23],[-7,28],[-1,28],[2,14],[10,22],[7,35],[-8,16],[-5,18],[-7,71],[3,13],[10,10],[0,13],[-6,20],[-3,27],[-2,26],[-2,10],[-21,7],[-10,-7],[-9,-22],[-9,-1],[-3,19],[2,30],[5,22],[8,35],[9,62],[-2,17],[-17,44],[-11,38]],[[308443,587850],[3,8],[9,-37],[15,-32],[5,-22],[1,-17],[-7,-59],[-13,-55],[-3,-23],[0,-15],[6,-9],[13,31],[6,4],[22,-7],[5,-20],[3,-33],[7,-32],[1,-23],[6,-25],[4,3],[5,44],[5,9],[4,-6],[12,12],[5,42],[2,27],[-4,19],[9,5],[9,-3],[21,-19],[10,-25],[9,19],[10,-3],[3,-7],[9,12],[2,24],[12,-20],[2,-29],[9,-1],[18,-18],[5,1],[9,20],[-3,12],[10,90],[18,-28],[6,32],[7,-2],[2,8],[-2,9],[-13,16],[-17,18],[-5,-4],[-6,-18],[-5,3],[-4,12],[4,22],[-2,21],[0,24],[9,3],[3,7],[-6,33],[-10,33],[11,33],[4,21],[18,97],[13,-48],[20,-13],[-1,-45],[15,9],[7,-6],[21,6],[9,152],[-34,72],[1,9],[13,64],[5,28],[-7,18],[-4,43],[-1,22],[-6,22],[-9,13],[-2,18],[-4,20],[-5,8],[-1,17],[-9,6],[-3,12],[-44,-7],[-6,-24],[-55,103],[2,51],[-1,29],[-2,19],[-25,48],[-9,8],[-21,7],[-3,-4],[-42,1],[-2,2],[2,88],[2,29],[35,101],[10,22],[4,10],[8,30],[11,25],[-6,9],[-2,21],[4,97],[18,2],[19,20],[6,0],[8,-8],[20,-46],[8,-21],[22,-38],[4,1],[15,24],[9,36],[17,40]],[[302957,586741],[11,22],[3,13],[-1,-21],[6,-31],[-8,-1],[1,-19],[5,1],[0,-12],[-2,-2],[-6,-13],[5,12],[3,4],[-6,1],[-6,15],[-5,31]],[[302887,587482],[2,-19],[13,1],[3,-16],[8,-42],[-5,-13],[-1,-17],[8,-25],[1,4],[1,-7],[-3,-71],[5,2],[2,0],[3,5],[2,5],[2,8],[2,1],[1,-7],[0,-7],[7,-17],[8,-2],[6,-12],[9,-3],[4,-15],[-1,33],[2,29],[-5,18],[-2,3],[-1,4],[-1,4],[0,9],[0,34],[0,7],[0,9],[1,15],[10,0],[0,-11],[7,1],[6,-1],[0,15],[2,0],[4,0],[-1,-9],[2,-11],[21,-14],[2,-15],[-7,-68],[19,29],[3,23],[6,47],[4,-4],[4,-2],[2,-26],[16,12],[24,11],[0,-16],[4,4],[18,29],[2,5],[-2,3],[1,37],[5,0],[1,8],[-4,14],[0,47],[9,9],[2,83]],[[303118,587600],[33,-4],[24,-4],[17,-2],[0,-28],[7,1],[-1,-5],[-3,-22],[17,14],[10,3],[5,-12],[-3,-13],[-4,7],[-3,-14],[0,-16],[6,0],[0,-16],[-1,-18],[7,-6],[-1,-9],[-7,6],[-1,-9],[4,-3],[-5,-25],[2,0],[0,-11],[7,0],[12,-14],[-3,-32],[0,-8],[3,-22],[4,4],[8,-14],[14,-10]],[[303266,587318],[7,-2],[14,31],[6,25],[-2,-39],[-6,-31],[-1,-17],[6,-38],[-5,-36],[1,-19]],[[303286,587192],[-5,-5],[-35,-12],[-6,-4],[-6,-17],[-15,9],[-2,22],[-30,24],[11,-41],[5,-32],[-12,-6],[-1,9],[-2,3],[-4,2],[-4,-19],[-7,-5],[-1,-8],[-1,-5],[-2,37],[-7,0],[-2,-17],[-1,25],[-12,-2],[0,-12],[-11,-18],[-2,-12],[-3,-25],[-3,-14],[-16,-35],[-5,-24],[-9,-23],[-4,-22],[-1,-7],[0,-7],[-3,-7],[-8,-80],[-1,-11],[0,-11],[-8,-15],[-4,-34],[-12,-7],[-1,-11],[-6,-36],[-7,-40],[-1,-37],[-3,-9],[-8,0],[3,-82]],[[303034,586571],[-16,-4],[-17,11],[2,21],[-2,-3],[-7,15],[1,12],[7,4],[-6,16],[3,40],[4,5],[-5,10],[5,6],[-2,14],[2,31],[1,4],[1,7],[1,4],[-1,5],[-4,24],[2,12],[-3,13],[-2,9],[-22,3],[-1,28],[-8,13],[2,37],[-5,-18],[-15,0],[-1,23],[-1,5],[-3,-7],[-1,-5],[-2,-17],[2,-19],[0,-16],[-7,-1],[-1,-36],[-5,-13],[-4,-2],[3,-27],[-1,-41],[6,-5],[-1,-20],[13,-1],[0,-45],[-20,1],[0,-26],[1,-10],[0,-15],[-17,-41],[-15,20],[4,15],[5,45],[4,13],[-5,15],[3,15],[5,2],[0,123],[8,-1],[4,4],[1,17],[-12,-2],[-2,-1],[-5,7],[1,34],[5,11],[4,22],[0,13],[0,9],[3,23],[-14,-9],[-5,19],[4,77],[0,16],[1,17],[-1,-16],[-3,3],[2,33]],[[302902,587096],[4,7],[1,18],[0,8],[0,8],[-7,23],[-9,22],[-20,41],[-26,52],[14,56],[0,44],[-15,1],[1,55],[1,29],[4,14],[37,8]],[[303057,586838],[22,22],[-1,4],[2,7],[-2,2],[-1,4],[-2,6],[-3,9],[-1,6],[0,9],[-4,-13],[-1,-27],[-5,0],[-4,-29]],[[307079,586999],[4,21],[15,-6],[8,2],[3,16],[-4,23],[4,14],[11,14],[8,-3],[-1,-12],[-7,-8],[10,-32],[12,-6],[-1,13],[3,18],[7,-2],[5,-15],[10,-4],[0,20],[4,11],[5,1],[1,-10],[5,1],[1,21],[-7,19],[-3,41],[6,10],[5,-12],[10,12],[-2,-29],[4,-7],[6,9],[5,-7],[5,3],[5,19],[5,5],[4,-11],[-1,-19],[2,-32],[-11,-28],[-11,-11],[2,-14],[10,8],[6,-13],[3,2],[0,15],[7,8],[11,3],[-1,26],[6,17],[3,16],[2,27],[3,6],[8,0],[10,-5],[8,-12],[2,-10],[-4,-9],[3,-13],[8,-15],[8,-21],[5,-3],[0,14],[0,14],[-9,29],[1,18],[-4,-1],[2,13],[-7,13],[-10,13],[12,32],[1,14],[-5,20],[2,17],[-2,33],[2,16],[7,-11],[2,16],[-2,21],[-7,12],[-3,21],[3,9],[-2,16],[-6,19],[0,12],[-4,9],[2,23],[-2,21],[-5,-7],[-3,8],[-5,-7],[-2,9],[-9,-4],[-7,14],[1,13],[-4,12],[-4,-6],[2,28],[-11,19],[-6,-1]],[[307222,587542],[-2,30],[1,25],[6,6],[1,22],[5,18],[-9,41],[24,59],[5,-10],[5,28],[8,14],[13,-1],[11,-2],[9,-37],[7,-1],[6,-26],[1,10],[20,71],[11,76],[-14,13],[-17,42],[-15,28],[-11,-5],[-4,20],[1,39],[-5,21],[-2,20],[1,9],[31,-3],[0,50],[-6,19],[5,25],[5,-7],[10,11],[27,-8],[2,39],[-3,60],[0,70],[4,36],[7,-1],[10,-11],[10,6],[4,-14],[27,-4],[5,-8],[10,3],[7,11],[6,17],[9,5]],[[307448,588348],[2,-16],[4,-5],[6,17],[0,-18],[3,-13],[-6,-4],[-1,-8],[7,-32],[5,11],[2,-38],[8,-10],[1,11],[5,-11],[2,6],[4,-23],[-4,-11],[1,-33],[-3,-15],[-11,13],[-3,-20],[7,-2],[1,-20],[6,3],[5,10],[6,2],[9,-10],[2,-14],[65,6]],[[307571,588124],[61,6],[6,0],[12,-24],[3,-28],[9,-20],[9,-4],[14,-11],[10,-1],[9,-9],[22,-60],[13,-19],[10,-18],[3,-15],[1,-9],[-1,-13],[-7,-14],[-3,-22],[-9,-21],[-8,-39],[1,-28],[-8,-5],[-8,-37],[0,-34],[-6,-25],[3,-10],[-4,-22],[1,-15],[-5,-18],[0,-17],[4,-18],[-4,-28],[-2,-10],[1,-15],[-2,-36],[4,-25],[-1,-21],[5,-32],[5,-23],[9,-6],[5,-9],[3,2],[11,-14]],[[307737,587357],[-1,-14],[-10,19],[-2,-11],[3,-7],[-2,-12],[9,-17],[1,14],[17,-1]],[[307752,587328],[-11,-48],[-4,-4],[-8,-1],[-4,-21],[3,-22],[-1,-84],[4,-21],[6,-12],[14,0],[15,-14],[28,-24],[4,60],[7,18],[5,61],[12,-57],[10,-55],[-2,-13],[4,-25],[4,-36],[-1,-23],[1,-27],[4,-20],[3,-40],[-2,-34],[6,-85],[-4,-33],[3,-44],[1,-25],[9,-30],[7,-63],[1,-18],[11,-49],[3,-58],[0,-64],[9,-34],[4,-45],[-2,-79],[-1,-18]],[[307890,586241],[3,-50],[-4,-17],[16,-37],[5,-26],[3,-48],[-16,-12],[-6,-10],[-7,-28],[-12,-65],[-14,-46],[-16,-95],[-13,-50],[5,-86],[-1,-21],[-5,-22],[-1,-60],[-7,-54],[-6,-31],[-13,-29],[-5,-25],[-5,-11],[-11,-1],[-13,18],[-23,4],[-11,18],[-6,-1]],[[307727,585456],[-5,35],[14,30],[7,23],[6,26],[2,27],[-11,8],[-16,-10],[-10,-12],[-4,-10],[-3,-7],[-2,14],[-1,1],[-6,30],[0,0],[0,0],[0,0],[-6,30],[-2,-15],[-18,-23],[2,-6],[-5,9],[-6,-15],[-12,-71],[2,-27]],[[307653,585493],[-30,-1],[-16,-12],[-14,-21],[0,-21],[-7,-78],[1,-14],[-1,-62],[2,-21],[7,-23],[4,-33],[-87,-295],[9,-48],[13,-10],[10,13],[8,23],[10,8],[6,13],[5,29],[9,25],[3,-58],[-3,-33],[2,-45],[7,-70],[2,-12],[13,-40],[2,-15],[-2,-13],[-7,10],[-5,-17],[1,-12],[11,-40],[3,-64],[-5,-7],[0,-14],[6,-6],[2,-23],[6,-18],[8,-5],[-2,-13],[-5,0],[-5,-9],[6,-18],[2,-14],[-4,-12],[-3,-23],[-1,-29],[-4,-28],[5,-20],[-2,-4],[-14,-1],[2,-28],[-2,-39],[4,-19],[-3,-12],[3,-43],[-11,-27]],[[307592,584144],[-3,36],[-7,48],[-3,31],[-10,81],[-5,49],[-3,11],[-3,11],[-13,23],[-8,25],[-25,53],[-16,13],[-3,7],[-4,56],[0,50],[0,33],[2,49],[5,47],[13,46],[4,22],[-2,54],[-2,10],[0,3],[-7,21],[-32,79],[-3,14],[-6,45],[-7,26],[-22,36],[-21,52],[-2,12],[-6,57],[0,32],[-7,10],[-4,15],[3,20],[-2,32],[-6,12],[-8,-1],[-20,-26],[-1,-9],[4,-20],[18,18],[5,-18],[-5,-12],[2,-19],[-2,-16]],[[307380,585262],[-23,54],[-10,26],[-1,18],[2,78],[10,96],[-6,7],[-27,53],[-23,16],[10,67],[11,43],[-12,33],[-13,-17],[-6,3],[0,35],[-8,12],[-5,22],[-1,29],[-14,-59],[-2,-15],[-1,-33],[-7,-33],[-2,-21],[-7,5],[-45,3],[-12,8],[-11,12],[-15,4],[-34,40],[-29,8],[-6,-3],[-6,10],[7,84],[-2,21],[4,11],[2,13],[-1,26],[-6,40],[-6,6],[-6,-4],[-4,32],[-18,38],[-2,22],[5,33],[-2,31]],[[307058,586116],[-2,53],[-5,19],[-15,31],[-3,11],[-12,19],[3,24],[8,16],[3,22],[10,23],[7,-19],[6,-27],[8,-27],[23,53],[16,41],[12,19],[5,22],[3,36],[5,39],[6,29],[-5,27],[-45,162],[4,80],[-5,30],[6,17],[-1,16],[-7,3],[-7,26],[-1,12],[4,42],[12,2],[-9,52],[-3,30]],[[303805,575412],[31,59],[3,14],[2,29],[-7,11],[-7,21],[5,8],[-9,45],[27,63],[-1,68],[2,3],[27,-27],[1,-10],[16,6],[6,-5],[5,-33],[29,43],[-8,62],[15,27],[-7,18],[0,46],[2,5],[-5,17],[-22,38],[4,19],[9,12],[-2,24],[23,2],[22,-69],[12,-11],[6,-1],[9,-27],[21,-18],[8,31],[1,10],[-19,40],[-2,29],[4,12],[1,40],[-2,20],[0,10],[2,22],[-5,21],[2,19],[2,-2],[4,17],[0,20],[-3,-3],[-2,24],[-11,38],[3,25],[-4,25],[-4,1],[-3,18],[8,31],[0,14],[2,18],[-2,23],[-5,8],[1,10],[-6,15],[-7,39],[7,-2],[-2,22],[-11,40],[-1,16],[-1,10],[8,33],[4,32],[-1,13],[3,10],[-2,17],[-6,9],[0,11],[5,6],[23,12],[5,0],[-2,19],[0,27],[3,30],[-5,-5],[-1,11],[-12,-18],[2,-13],[-16,-30],[-6,-2],[-5,24],[-7,23],[3,37],[-5,20],[0,9],[-6,20],[1,15],[4,9],[0,68],[-2,18],[1,15],[-7,19],[-1,11],[-3,-5],[-9,4]],[[303935,576961],[-6,23],[-3,33],[1,21],[4,7],[1,46],[-1,10],[8,14],[6,-2],[7,-15],[12,9],[5,18],[0,35],[-3,14],[5,31],[10,-8],[6,24]],[[303987,577221],[5,4],[19,0],[10,13],[8,23],[4,37],[3,10],[4,1],[16,-18],[7,-4],[0,15],[17,75],[5,42],[14,-25],[4,-26],[-4,-14],[2,-19],[-8,-64],[6,-5],[5,-21],[5,8],[6,-23],[-1,57],[1,68],[4,26],[0,36],[8,6],[16,4],[-5,62],[-6,21],[3,6],[11,-28],[-4,47],[8,2],[12,-7],[22,6],[8,-6],[11,21],[-1,32],[18,-5],[1,30],[14,-4],[10,-7],[13,-26],[-2,54],[3,72],[6,24],[-4,43],[8,6],[8,-18],[4,-29],[5,-16],[0,-28],[2,-11],[0,-26],[13,-13],[12,-35],[9,-11],[5,-11],[1,-29]],[[304328,577543],[5,-21],[7,-43],[2,-37],[6,-35],[-5,-59],[0,-11],[-5,-5],[0,-12],[-25,3],[-1,-22],[3,-12],[-9,0],[-3,7],[-11,-1],[-4,14],[-9,10],[-7,17],[-8,9],[-6,-22],[-3,7],[0,-119],[2,-136],[9,-9],[3,-44],[0,-32],[12,-6],[2,-28],[8,-52],[-9,-34],[-4,-59]],[[304278,576811],[-4,-34],[1,-21],[2,-13],[-13,-1],[-5,-12],[-1,-84],[-37,15],[-3,-10],[-3,-24],[2,-34],[-7,-32],[-4,0],[-1,-20],[7,-15],[14,-22],[4,-15],[1,-53],[1,-18],[6,-17],[3,-48],[5,-36],[0,-38],[-10,-68],[5,-29],[2,-31],[-1,-16],[-5,-15],[-1,-23],[5,-24],[-1,-51],[-2,-14],[-8,-30],[1,-6],[7,-36],[5,-4],[5,-46],[1,-27],[-2,-27],[3,-48],[-3,-29],[0,-18],[3,-60],[-11,15],[-10,8],[-11,0],[-6,-6],[-3,-7],[7,-19],[33,-187],[-7,-4],[-22,40],[-6,-30],[-3,0],[-17,-139],[4,-5],[3,-19],[-1,-17],[6,-9],[2,5],[8,-4],[3,6],[6,-14],[10,1],[2,-18],[-3,-12],[3,-15],[-3,-24],[3,-32],[3,-3],[1,-18],[11,-20],[5,2],[6,-18],[-2,-8],[5,-30],[-2,-11],[3,-19],[11,-19],[3,-12],[6,5],[7,-11],[6,8],[-3,-17],[-5,-9],[-23,-9],[-4,22],[-5,10],[-5,-5],[-3,-24],[-6,-28],[-11,-21],[-17,-3],[2,52],[-26,-7],[-7,-32],[-5,-9],[-9,35],[6,14],[-21,63],[9,12],[-2,45],[-2,5],[-16,-22],[-6,40],[-2,-4],[-2,9],[-16,-39],[-16,-60],[-16,-36]],[[304089,575019],[-10,56],[-16,-2],[-14,10],[-16,-3],[-37,-19],[-9,-20],[-8,-29],[-5,12],[-1,21],[-7,61],[-3,46],[-1,38],[-11,30],[-7,-7],[-26,108],[-1,-2],[-93,-216],[-6,20],[-14,99],[-7,55],[24,19],[-16,116]],[[302494,568658],[3,26],[13,76],[18,-88],[8,15],[-1,-49],[-4,22],[-37,-73],[-1,18],[1,53]],[[308595,584503],[2,8],[21,42],[7,21],[12,22]],[[308637,584596],[73,-133],[53,-87],[18,-41],[10,-36],[31,-138],[15,-27],[27,-56],[2,24],[10,66],[21,-38],[6,20],[6,35],[8,79],[-1,60],[-1,29],[1,38],[-3,44],[-5,36],[-6,27],[0,24],[5,21],[6,10],[6,1],[2,28],[-4,27],[-7,32],[-13,24],[8,5],[28,-31],[15,-61],[7,-72],[3,-11],[18,-28],[5,-4],[-16,-46],[7,-32],[2,-172],[-5,-106],[-2,-76],[38,-11]],[[309005,584020],[-2,-76],[81,-118],[71,-117],[17,29]],[[309172,583738],[-3,-20],[0,-20],[5,-225],[2,-17],[21,2],[10,-28],[-16,-114],[-34,-243],[62,2],[1,-87],[171,3],[0,-125],[15,-35],[-5,-22],[-12,-46],[-10,-27],[-2,-32],[-6,-12],[1,-1],[8,13],[122,156],[-1,-18],[-1,-13],[-4,1],[-1,-2],[-4,-10],[-5,-17],[7,-16],[-22,-120],[-9,-87],[0,-3],[71,127],[-6,-58],[0,-62],[-8,-5],[0,-73],[4,-58],[3,-27],[-22,24],[2,-240],[0,-46],[50,-18],[9,-45],[3,-11],[14,-4],[6,-9],[3,-12]],[[309591,582058],[-6,-15],[-9,1],[2,-15],[15,-12],[-4,-18],[-4,-30],[-8,-106],[-4,-20],[-5,-81],[4,-4],[-10,-81],[11,-46],[20,-23],[-8,-22],[3,-39],[21,5],[-3,-17],[-3,-82],[10,6],[11,-16],[-14,-139],[6,-39],[18,-12],[7,13],[25,57],[2,0],[-2,-21]],[[309666,581302],[-6,3],[-25,-57],[-47,26],[-41,40],[-32,47],[-33,25],[-42,5],[-17,2],[-21,-11],[-51,83],[-28,68],[-15,27],[-9,-23],[-22,22],[-14,37],[-15,44],[-6,17],[-15,-16],[-17,-4],[-17,27],[-16,-2],[-2,-1],[-10,50],[-17,66],[-6,16],[-2,5],[-2,4],[-27,66],[-1,3],[-5,17],[-18,56],[-2,16],[-2,26],[-2,30],[-14,33],[-32,80],[0,0],[-11,28],[-6,17],[-8,22],[-9,22],[-11,30],[-4,13],[-8,22],[0,2],[-4,0],[-12,3],[-5,1],[-6,-11]],[[308951,582278],[-8,28],[-25,41],[-3,6],[-23,38],[-12,11],[-17,23],[-15,44],[-5,-9],[-13,-2],[-9,-9],[-23,7]],[[308798,582456],[0,16],[4,23],[-3,17],[-9,-3],[-3,-15],[-4,3],[-1,31],[-4,17],[-5,1],[-9,-10],[-4,1],[-21,28],[-15,40],[-9,-1],[-8,23],[-5,9],[-6,2],[-14,-15],[-7,7],[-21,33],[-15,8],[-13,-2],[-12,6],[-45,39],[-4,7]],[[308565,582721],[1,4],[-7,8],[-3,23],[1,26],[-4,17],[-12,12],[-2,17],[3,24],[3,92],[-2,42],[-2,15],[-13,43],[1,17],[7,28],[-2,28],[-11,37],[-8,-29],[-5,7],[25,104],[6,1],[26,53],[-11,21],[-1,115],[10,22],[6,-4],[4,35],[-2,34],[2,25],[-2,10],[-1,97],[-4,31],[1,31],[-9,33],[0,11],[-8,16],[0,29],[5,11],[4,25],[4,4],[12,-9],[12,22],[13,17],[9,21],[6,30],[-2,16],[0,35],[-14,124],[-3,59],[29,6],[9,5],[-2,27],[-5,20],[-12,28],[-1,29],[10,46],[-1,14],[4,50],[5,18],[3,2],[-1,35],[-13,13],[-6,15],[-7,-4],[-16,26],[1,22]],[[304510,590400],[-4,-22],[-4,-1],[-9,19],[2,19],[-5,22],[-8,-5],[-4,-8],[-4,8],[1,-23],[-8,12],[-4,18],[-6,14],[-3,16],[-6,9],[-7,1],[1,22],[-6,10],[-4,-15],[1,-270],[-10,32],[-10,55],[-11,5],[-9,20],[-11,53],[-4,14],[-3,31],[4,9],[0,47],[-3,8],[-1,33],[-19,6],[-2,-10],[-6,20],[-5,-3],[-11,32],[-1,-59],[-5,-52],[-6,9],[-2,-21],[-6,1],[0,-23],[-8,-3],[-13,-4],[-3,-36],[-9,-4],[-18,14],[-5,43],[-5,4],[-1,-34],[-4,-6],[-6,-28],[1,-9],[-6,-20],[-6,-8],[-5,-11],[0,-16],[4,-3],[-2,-20],[7,-16],[1,-18],[-5,-19],[7,-17],[-4,-16],[9,-37],[3,-16],[6,9],[2,-7],[-5,-25],[-5,-4],[1,-10],[9,-22],[-2,-13],[-9,-19],[-1,-18],[6,-32],[1,-49],[0,-26],[3,-16],[11,-3],[8,-22],[6,2],[6,18]],[[304281,589916],[-1,-19],[-8,-33],[-12,-29],[-4,-12],[-1,-44],[-13,-39],[-12,-44],[-12,-9],[-8,9],[-5,-1],[-17,21],[2,33],[-7,28],[-16,0],[-8,-39],[2,-21],[-8,-30],[-1,-24]],[[304152,589663],[-6,-1],[-7,-17],[0,-21],[-5,-21],[-58,-22],[-15,17],[-20,30],[-38,30],[1,13],[-13,12],[1,52],[-3,0],[-1,54],[5,0],[0,46],[16,1],[-1,80],[-13,-25],[-8,-10],[-10,1],[-13,-17],[-10,-31],[-6,-42],[-5,-19],[-2,7],[-1,2]],[[305033,573861],[5,33],[9,11],[0,9],[8,5],[-2,12],[1,19],[5,7],[3,-9],[4,7],[7,-11],[-2,48],[-5,-13],[3,21],[6,27],[9,0],[5,15],[1,26],[-5,-1],[-4,16],[6,10],[4,46],[4,-3],[9,8],[6,-12],[4,4],[34,1],[5,15],[3,-28],[5,16],[4,-1],[1,13],[-3,7],[54,5],[46,4]],[[305263,574168],[0,-21],[15,1],[2,-75],[32,-48],[-3,-8],[2,-15],[-27,-69],[43,-147],[15,-35],[4,-17],[1,-33],[9,-3],[5,6],[34,90],[13,17],[3,23],[39,424],[2,6],[46,-31],[8,83],[6,1],[12,12],[28,8],[15,-33],[21,-1],[10,5],[14,13],[8,-2],[1,-29],[6,-26],[-3,-56],[-3,-23],[0,-35],[12,-10],[15,-8],[44,-31],[-14,-38],[-7,-8],[-11,-19],[1,-9],[16,23],[10,1],[10,-5],[12,15],[7,27],[22,-19],[15,-10],[11,-11],[7,42],[5,22],[5,60],[88,75],[23,16],[-13,132],[-25,15],[-37,-12],[7,54],[1,24],[5,6],[12,-15],[7,-4],[3,-10],[10,13],[0,9],[2,-12],[6,-1],[1,-30],[16,-9],[13,-11],[7,6],[7,-1],[21,18],[6,-2],[-5,23],[-24,127],[9,-11],[4,27],[15,-17],[6,-15],[9,-4],[1,-19],[6,-4],[8,6],[10,-29],[1,-55],[8,13],[10,-14],[4,-16],[19,-6],[12,-15],[6,23],[11,-17],[6,-2],[8,35],[3,8],[15,-26],[6,1],[6,-4],[11,32],[7,7],[11,-3],[5,-14],[4,12],[20,-11],[5,4],[2,21],[15,10],[9,-4],[13,-21],[5,-20],[7,15],[7,10],[-2,47],[18,158],[2,-25],[4,-1],[5,-15],[9,-17],[25,16],[4,11],[0,21],[7,39],[2,25],[8,12],[9,-31],[28,-29]],[[306335,574691],[9,11],[10,33],[18,-97],[7,-16],[33,-16],[4,-4],[14,-23],[4,-20],[0,-15],[-6,-34],[-4,-17],[2,-29],[15,-60],[5,-59],[-1,-10],[-5,-28],[-21,-35],[-7,-16],[-16,-99],[24,-15],[5,-34],[-10,-13],[4,-30],[13,13],[30,-69]],[[306462,574009],[-20,-60],[0,-22],[-1,-41],[-37,-9],[4,-35],[4,0],[0,-118],[4,-37],[10,-38],[-6,2],[-21,-4],[-40,2],[-21,-3],[-27,-9],[0,20],[5,46],[-16,-7],[-7,23],[-13,2],[-3,-23],[-5,6],[0,38],[-7,0],[-1,-21],[-13,-1],[-2,-12],[9,-3],[8,-10],[5,-4],[0,-39],[-25,28],[-10,6],[-8,-11],[-9,2],[-7,19],[-5,1],[-6,21],[-4,3]],[[306197,573721],[-4,-4],[-3,1],[-12,-14],[-7,4],[-12,-20],[-11,3],[-15,36],[-7,-5],[-6,7],[-8,-18],[-4,13],[-7,6],[-3,11],[-16,16],[-13,-6],[-14,1],[-10,-20],[-7,-15],[-6,-6],[-16,20],[-6,-60],[-11,7],[-3,-28],[-1,-24],[-19,-16],[-1,-10],[-12,11],[-23,30],[-2,10],[-6,-3],[-3,14],[-6,-15],[-13,-14],[-5,-16],[-7,-2],[2,39],[-9,-8],[-3,-46],[-15,-21],[-2,-26],[-14,28],[-8,27],[-5,58],[-18,-22],[1,-16],[-29,39],[-2,24],[-15,-6],[1,-11],[-10,-7],[3,-25],[-4,0],[-2,-15],[-7,49],[-4,105],[-17,-2],[2,-50],[2,-23],[-2,-18],[4,-36],[4,-13],[3,-24],[7,-7],[4,-18],[13,-37],[4,-19],[4,-3],[0,-14],[-8,-22],[-37,-29],[-6,-10],[-11,-30],[-1,-48],[1,-28],[-7,-12],[-8,-27]],[[305709,573311],[-6,28],[-9,6],[-15,34],[-5,35],[-17,53],[-11,-3],[-4,10],[-12,3],[-5,-7],[-8,-20],[-6,-9],[-21,45],[-15,29],[-4,9],[-11,47],[-4,10],[-21,44],[-2,6],[1,17],[13,60],[1,49],[-20,2],[-13,-11],[-6,-9],[-25,-52],[-11,-5],[-10,5],[-12,17],[-15,-186],[10,-26],[5,-19],[20,-113],[-14,-18],[-6,-21]],[[305451,573321],[-19,-17],[-13,11],[-24,-300],[-9,2],[-8,69],[-5,99],[-3,1],[-1,-7],[-2,-17],[0,-26],[5,-41],[4,-49],[3,-23],[0,-8],[-17,-14],[-9,-15],[-7,-18],[-6,-24],[1,24],[8,194],[2,37],[-10,0],[-21,-47],[-8,-1],[3,-28],[-5,-92],[-13,5],[0,21],[-13,9],[0,23],[-20,20],[-2,10],[-22,18],[-15,51]],[[305225,573188],[-9,28],[-14,-78],[-18,65],[-16,-76],[-15,9],[-6,0],[-26,33],[6,28],[1,12],[1,28],[-1,22],[1,58],[3,63],[0,223],[-6,43],[-6,-8],[-39,-16],[7,24],[-8,3],[-6,-7],[-4,-9],[-3,-10],[0,-5],[-17,-7],[-5,0],[7,30],[-8,7],[-2,29],[-7,41],[8,10],[-5,16],[8,-2],[1,31],[7,9],[-2,12],[2,15],[-5,9],[-7,0],[-3,20],[-5,4],[-1,19]],[[306125,573881],[-7,-62],[7,28],[16,-18],[3,22],[6,-3],[4,-24],[19,-24],[-2,17],[-3,96],[-5,18],[-1,17],[-14,-45],[-8,40],[-4,3],[0,-23],[-19,-28],[8,-14]],[[300867,576367],[22,-19],[7,1],[16,19],[11,3],[14,-39],[9,-35],[10,-28],[9,-37],[-32,-40],[-2,-4],[-3,-16],[-2,-18]],[[300926,576154],[-13,-111],[2,-28],[-1,-28],[-5,-10],[-3,-3],[34,2],[4,-9],[16,-60],[27,-46],[7,-11],[26,-31],[-9,-67],[-114,-8],[-9,-4],[-10,-17],[-8,-24],[8,-10],[5,-27],[12,-25],[5,-24],[-5,-38],[-6,-22],[0,-47]],[[300889,575506],[-15,7],[-10,25],[-13,-48],[-10,-27],[5,-44],[-13,-14],[-9,-2],[-8,20],[-7,-14],[-5,16],[-9,-5],[-13,-19],[-5,-14],[-9,-14],[-6,-18],[-12,-3],[4,-31],[6,-18],[16,-37],[9,-4],[12,-14],[9,-46],[22,-19],[0,-12],[-2,-41],[5,-95],[-4,-4],[-20,13],[-14,32],[-15,19],[-22,17],[-21,1],[0,-44],[-1,-25],[-17,4],[-18,-66],[-3,11],[2,-3],[4,28],[-7,-1],[-5,10],[-4,-7],[1,-9],[-5,-43],[5,-12],[3,-8],[-4,5],[-2,6],[-5,-18],[-2,-8],[-3,15],[-8,20],[-7,3],[-13,9],[-5,-2],[-8,2],[-6,4],[-7,4],[-4,0],[-6,11],[1,-20],[-7,-29],[-5,-36],[-2,-21],[7,-22],[3,-30],[1,-16],[-3,-23],[2,-15],[-1,-39],[4,-26],[-19,-26],[23,-111],[-7,-13],[6,-36],[-5,-12],[1,-33],[-6,-15],[-18,-35],[22,-70],[-26,-104],[-14,-61],[4,-52],[5,2],[-1,-55],[-2,-52],[-9,-40],[-19,-241],[-14,20],[-9,39],[-8,-58],[-3,-11]],[[300511,573758],[-301,-6],[-58,4],[-6,1],[-112,9]],[[302808,584199],[12,4],[10,-1],[20,-23],[0,1]],[[302850,584180],[1,15],[7,12],[5,24],[1,-46],[4,3],[3,15],[6,9],[6,0],[1,11],[-8,45],[11,-28],[5,12],[2,17],[-5,26],[7,-9],[0,32],[3,-20],[7,-11],[6,22],[-1,23],[-12,39],[6,-1],[4,25],[3,-3],[-3,-31],[5,-26],[10,-1],[4,16],[2,-15],[4,3],[0,-10],[7,1],[3,-10],[5,17],[1,21],[-3,24],[7,-26],[8,5],[10,48],[0,-13],[-5,-38],[-7,-26],[3,-7],[21,-1],[17,-15],[9,5],[6,18],[6,4],[10,17],[4,16],[7,10],[3,-1],[-20,-209],[10,1],[2,15],[18,-8],[0,38],[10,0],[0,19],[23,-6],[3,7],[3,-26],[14,-10],[16,5],[0,-29],[12,1],[1,-55],[-7,-12],[12,21],[9,7],[6,6],[1,36],[10,-14],[16,-1],[0,-36],[-4,-19],[-11,-24],[-7,-13],[-1,-12],[17,32],[16,-145],[24,45],[-1,-3]],[[303218,583988],[-55,-103],[-23,-36],[16,-39],[-3,-16],[-1,-37],[3,-26],[-3,-96],[3,-19],[-7,-72],[2,-18],[11,-29],[3,-29],[0,-24],[3,-42],[-2,-37],[0,-25],[7,-37]],[[303172,583303],[15,-70],[2,-21],[28,77],[6,11],[4,5],[-1,-31],[4,1],[3,10],[2,-6],[0,23],[10,-1],[1,16],[12,3],[15,-4],[8,-11],[-1,-41],[-4,3],[-27,-7],[-15,-12],[-7,-13],[-6,-32],[-12,-10],[-4,-18],[-17,-31],[-9,2],[-2,-17],[-9,-15],[-11,-30],[-7,-24],[-21,-85],[-10,-15],[-14,-2],[-6,-28],[3,-4],[-4,-19],[8,-25],[3,-16],[-7,13],[-11,12],[3,-15],[0,-16],[-6,14],[-5,-7],[-7,-22],[6,-24],[-13,-12],[7,-31],[-12,23],[-15,-15],[-5,-11],[-2,-21],[-3,18],[-9,-16],[2,-12],[-5,6],[-6,-12],[1,-15],[-4,7],[-4,-19],[0,-12],[4,-34],[-1,-9],[8,3],[-5,-23],[6,-26],[12,-2],[10,16],[3,-5],[3,-29],[6,-12],[20,-12],[2,-24],[0,-35],[2,-23],[5,-14],[-65,-277]],[[303024,582193],[-18,-74]],[[303006,582119],[-12,45],[-7,46],[0,22],[-10,22],[-19,52],[-2,39],[-5,15],[-9,4],[4,79],[8,10],[6,-7],[4,23],[14,14],[-4,29],[-7,5],[-2,16],[3,11],[-3,16],[0,22],[3,12],[-1,105],[-6,17],[-10,9],[-11,3],[-6,-5],[-9,-21],[0,68],[-5,1],[-6,87],[14,9],[1,50],[-14,-1],[3,21],[0,65],[2,-1],[-1,78],[8,-1],[0,36],[3,8],[-5,18],[-5,43],[-9,58],[-9,19],[-15,-14],[-12,-34],[-9,-1],[-8,8],[-5,20],[-7,2],[-5,-22],[2,-7],[-7,-9],[-11,8],[-5,-20],[-16,8],[-1,7],[5,24],[0,12],[-6,-11],[15,44],[5,24],[2,33],[5,30],[13,49],[7,17],[45,93],[-7,-21],[2,-18],[10,-13],[2,-61],[-4,-40],[4,-26],[1,-21],[34,89],[12,-22],[14,153],[-46,-9],[-6,0],[-17,8],[-22,3],[-14,-4],[-18,-15],[-37,-40],[17,-144],[-3,-22],[-5,11],[-21,-4],[1,-51],[2,-13],[-2,-18],[12,-2],[-12,-32],[-15,-13],[5,-19],[-9,-13],[-14,7],[-26,32],[1,102],[-3,31],[-10,61],[-5,34],[-4,46],[-2,39],[-2,56],[-9,92]],[[302698,583664],[-8,24],[-3,22],[8,18],[6,29],[3,30],[4,108],[-5,32],[1,23],[8,9],[5,-8],[10,3],[3,43],[3,16],[8,9],[4,16],[-1,12],[-6,11],[0,25],[14,40],[29,54],[9,11],[18,8]],[[305479,593397],[18,1],[4,-6],[6,-26],[10,-23],[-2,-10],[1,-19],[-4,-21],[0,-30],[3,-10],[0,-37],[4,-15],[-11,-60],[2,-15],[0,-129],[-29,51],[-9,33]],[[309101,595304],[-6,33],[-13,-6],[-3,-11],[3,-6],[-1,-17],[-10,-14],[-9,17],[-21,14],[-7,-10],[-5,14],[-3,21],[1,24],[10,31],[3,35],[-1,19],[-13,22],[-1,13],[-7,7],[-8,23],[-6,4],[-3,12],[-6,-10],[-5,-26],[-3,2],[0,19],[-5,8],[-6,30],[-3,5],[-8,-7],[-5,19],[-7,1],[-2,9],[5,27],[-7,9],[-4,-18],[-4,9],[-6,0],[-6,-14],[-10,-39],[-4,-9],[-21,-9],[-10,4],[-13,13],[-13,-12],[-2,9],[-7,2],[2,-41],[-4,-5],[-1,-16],[-6,-18],[3,-28],[-3,4],[-3,-27],[-8,-4],[-4,12],[-7,-14],[-4,-30],[-7,-12],[-1,-26],[-4,10],[-11,8],[-3,-10],[-7,4],[-3,-31],[-4,-19],[-6,13],[-4,0],[-5,12]],[[301928,567556],[15,57],[13,-12],[12,-28],[14,30],[4,-1],[10,-10],[1,-5],[11,-29],[9,-2],[8,-13],[9,-6],[9,-19],[2,-12],[6,-6],[7,9],[9,-6],[4,-17],[6,-12],[8,-22],[5,-27],[15,-47],[12,12],[14,-32],[10,-3],[10,-19],[15,-13],[10,18],[5,0],[4,10],[10,0],[8,16],[24,10],[16,-29],[2,-11]],[[302245,567337],[2,-26],[-4,3],[-1,-23],[-5,2],[0,-10],[2,-15],[5,10],[1,-21],[3,7],[3,-13],[5,0],[4,-22],[-1,-21],[5,-7],[3,-33],[4,-15],[5,3],[-4,-28],[7,-10],[-4,-13],[4,-21],[12,-32],[4,-4],[0,-14],[8,-19],[-1,-15],[4,-5],[10,-24],[17,-59],[1,-16],[1,-6],[10,-22],[11,-56],[19,-12],[0,-28],[2,-9],[2,-12],[2,-18],[3,-10],[1,-5],[3,-15],[2,-8],[1,-7],[2,-6],[2,-5],[0,-8],[0,-3],[1,-14],[-2,-20],[-1,-26],[-9,-66],[-6,-64],[-7,-26],[-4,-2],[-4,11],[0,17],[5,27],[-2,11],[-5,-2],[-6,-30],[-4,-10],[-11,-4],[-10,-38],[-15,-16],[-4,-16],[0,-14],[2,-30],[-6,-22],[-7,-1],[-1,-9],[3,-37],[-5,-33],[4,-8],[1,-9],[-4,-28],[-4,-11],[-11,-11],[-1,-29],[-2,-13],[-5,-3],[-4,17],[-5,5],[-1,-11],[6,-17],[2,-18],[-9,-3],[-4,-21],[4,-10],[1,-31],[5,-43],[-1,-40],[4,-26],[-1,-35],[-10,-57],[-4,-9],[-6,-1],[-5,16],[-2,23],[-6,-27],[-9,-24],[5,-8],[-3,-23],[-6,-17],[0,-28],[-4,-9],[-2,-25],[3,-18],[-4,-25],[4,-12],[8,4],[0,-15],[-4,-12],[-2,-27]],[[302225,565613],[-4,-1],[-4,14],[-9,-10],[-6,-2],[-6,11],[-9,-73],[-6,-2],[1,-18],[-15,-7],[-7,-27],[-4,-4],[1,-27],[5,-11],[-1,-16],[-8,3],[-9,-22],[-9,-7],[-2,-11],[1,-13],[10,-18],[-1,-15],[-5,1],[-2,-10],[3,-29],[6,-17],[-5,-19],[9,-17],[8,9],[9,-3],[1,-21],[-5,-11],[0,-12],[5,-9],[0,-12],[-9,-5],[-3,-23],[3,-17],[-2,-13],[-15,-12],[-1,-13],[2,-15],[1,-39],[-1,-48],[-7,-16],[-9,-11],[-11,3],[-6,-12],[0,-18],[2,-21],[-2,-14],[-9,-10],[-6,-19],[-6,-35],[-4,9],[1,11],[-6,4],[-4,-23],[-6,1],[-9,-1],[-8,-28]],[[302052,564842],[-6,5],[-8,-6],[-4,10],[-11,2],[-1,-12],[-9,-7],[-3,-14],[-11,-17],[-7,0],[-10,-13],[-1,38],[5,36],[-2,26],[-8,88],[1,29],[4,32],[4,85],[6,92],[-11,10],[-10,13],[-28,46],[-5,16],[-11,-42],[-8,-8],[-18,-2],[-4,-13],[-16,4],[-10,-4],[-4,4],[4,19],[9,89],[3,52],[4,33],[0,9],[10,5],[19,39]],[[301915,565486],[7,-47],[6,39],[-8,13],[9,3],[3,25],[3,45],[-9,9],[-4,-11]],[[301922,565562],[4,33],[12,-11],[2,17],[3,31],[1,34],[5,40],[-21,8],[4,10],[-1,71],[-1,14],[2,69],[1,25],[11,-6],[0,20],[3,40],[1,15],[-27,20],[2,25],[-5,37],[-4,-3],[-19,5],[-3,38],[-4,24],[5,26],[-1,28],[-4,48],[-14,52],[-16,36],[-7,6],[-23,3],[5,130],[2,36],[2,51],[-1,0],[0,3],[1,1],[2,57],[0,22],[-6,43],[24,23],[30,32],[8,7],[0,10],[17,3],[7,18],[1,16],[9,15],[-7,27],[-6,5],[-6,20],[-6,11],[-1,18],[-32,57],[-20,56],[45,45],[16,-51],[21,-79],[13,16],[-1,2],[-9,45],[-8,33],[-13,35],[-9,23],[-8,13],[-9,26],[-12,31],[-2,14],[1,63],[-1,29],[-3,21],[-1,21],[7,42],[4,21],[7,54],[8,22],[13,18],[-7,36],[-2,34],[11,14],[7,19],[9,31]],[[302021,580443],[19,30]],[[302896,579132],[-6,-24],[0,-17],[5,-20],[7,-8],[3,-34],[2,-7],[13,-21],[-18,-34],[-7,-32],[-3,-33],[-2,-30],[-12,-84],[-8,-29],[-11,-38],[17,-52],[41,-149],[-41,-32],[-16,-13],[-34,-27],[-59,-52]],[[302767,578396],[-154,-133]],[[302613,578263],[-15,48],[-40,63],[-19,-53],[-9,2],[-6,7],[-9,1],[-21,11],[-22,17],[-22,1],[-1,-21],[-15,2],[0,35],[-7,2],[0,58],[-8,-2],[-1,-75],[-16,3],[-5,17],[-2,-11],[-21,75],[-11,22],[-5,18],[-14,22],[1,26],[3,19],[12,36],[6,41],[0,52],[1,58],[7,66],[0,31],[-3,44],[-14,34],[-9,4],[-18,-8],[-21,34],[-4,11],[-9,-24],[-6,-7],[-9,3],[-13,15],[-3,-37],[-10,-38],[-5,3],[-5,39],[-7,7],[1,10],[-12,11],[-9,32],[-16,23],[-6,5],[-9,-27],[-18,10],[-19,-66],[-6,3],[-6,-16],[-13,-40],[-11,5],[-3,8],[-5,21],[-2,44],[-7,45],[-6,24],[-7,64],[3,25],[17,21],[-6,34],[-4,15],[-2,85],[-5,37],[-2,25],[-4,8],[1,23],[-9,-8],[-5,9]],[[302068,579344],[-5,3],[-3,22],[-26,7],[-5,24],[-5,24],[-1,19],[-4,14],[-3,-2],[-1,30],[-7,13],[-5,22],[-7,-4],[-13,29],[-2,27],[-18,-25],[-5,14],[0,9],[-9,44],[-7,21],[-8,2],[-17,-11],[-12,19],[-3,64],[-5,16],[-11,27],[1,-77],[0,-46],[-14,-7],[-4,4],[-3,15],[-13,10],[-23,-13],[-12,18],[-12,-10],[-8,4],[0,17],[-9,18],[1,68],[14,8],[4,0],[3,-1],[6,-1],[-2,6],[-2,5],[-9,24],[-3,64],[-5,33],[-11,17],[-2,14],[5,34],[-6,27],[4,26],[6,11],[-10,21],[7,12],[9,-17],[8,61],[10,-12],[-2,16],[6,21],[8,13],[8,-12],[-5,-28],[7,-5],[3,-26],[9,-4],[3,11],[9,5],[21,35],[1,-69],[1,-7],[13,-20],[3,36],[4,9],[20,-42],[3,-9],[3,-34],[18,-19],[8,-3],[1,16],[7,19],[-2,17],[3,14],[-2,17],[4,39],[5,22],[7,13],[2,18],[7,17],[10,-12],[5,169],[2,38],[8,38],[-4,19],[6,22],[-2,14],[7,10]],[[305252,583888],[31,60],[8,10],[37,20],[8,3],[1,-34],[14,-8],[2,34],[8,-7],[5,-2],[19,142],[-2,25],[7,18],[5,11],[9,-6],[14,-28],[11,-5],[6,18],[15,11],[22,10],[-2,57],[-7,11],[3,21],[-8,12],[-1,-15],[-5,2],[1,14],[-5,3],[4,24],[21,-7],[2,64],[11,-18],[3,-12],[2,18],[6,1],[10,-20],[0,28]],[[305507,584343],[7,-1],[3,-12],[7,-8],[12,-24],[15,1],[6,-8],[7,-33],[7,-18],[2,-29],[6,-11],[4,-18],[13,-10],[7,-18],[8,-9],[10,-24],[0,-14],[14,-13],[2,-8],[8,4],[11,21],[11,-8],[1,5],[3,-20],[0,28],[-7,56],[-11,47],[20,4],[3,49],[0,16],[5,62],[25,9],[25,-51],[17,-14],[2,-20],[0,-88],[2,11],[9,-23],[12,-14],[6,13],[12,8],[5,-27]],[[305796,584154],[2,-10],[11,-9],[8,28],[4,-2]],[[305821,584161],[-4,-15],[-12,-22],[-8,-17],[-10,-36],[-22,-75],[-5,-13],[-15,-17],[1,-59],[5,1],[-1,-14],[-6,-8],[11,-2],[0,-15],[8,0],[0,-30],[-21,-66],[-10,-1],[-16,-1],[-6,-8],[5,-37],[-1,-41],[-6,-34],[2,-41],[-11,-111],[-8,-39],[5,-98],[4,-34],[5,-26],[13,-21],[4,-23],[1,-53],[7,-29],[15,-31],[15,-5],[10,1],[8,8],[11,19],[14,1],[6,5],[30,13],[26,12],[-1,-42],[-4,-40],[5,-42],[-1,-63],[-4,-38],[-1,-7],[1,-35]],[[305860,582932],[1,-81],[-3,-34],[1,-59],[-8,-317],[3,-57],[0,-25],[-2,-27],[-13,-54],[-30,-77],[-11,20],[-11,40],[-20,33],[-12,-3],[18,-19],[-1,-16],[2,-26],[5,-18],[7,0],[6,13],[0,-23],[6,-2],[1,-39],[6,0],[-1,-33],[4,-76]],[[305808,582052],[-4,3],[-13,-33],[-3,-4],[-4,48],[-10,20],[-12,-14],[-4,8],[-8,-16],[-10,3],[-1,46],[-6,76],[-1,36],[3,53],[-5,15],[-1,-8],[-6,-40],[-66,-50],[0,-25]],[[305657,582170],[-7,9],[-3,9],[-6,21],[-14,33],[-6,4],[-13,0],[-14,-20],[0,-79],[15,12],[2,-100],[-17,-16],[0,-16],[-8,-1],[0,-30],[-3,-55],[-16,44],[-6,38],[-1,9],[-10,-1],[-1,26],[-27,34],[-4,-3]],[[305518,582088],[0,20],[-11,20],[-6,7],[-7,17],[-1,14],[4,32],[-6,31],[10,40],[7,-2],[8,27],[0,13],[-6,21],[-6,12],[-9,33],[-2,20],[3,8],[15,11],[10,18],[9,12],[2,11],[-7,9],[-5,-10],[-7,0],[-13,15],[-1,10],[6,29],[-9,37],[-12,23],[-3,14],[17,37],[-3,7],[-3,29],[-20,-27],[-9,17],[9,45],[5,34],[8,20],[-9,37],[-1,-31],[-9,6],[-10,16],[-2,39],[-13,36],[0,7],[16,-7],[5,16],[1,29],[-4,25],[-7,-20],[6,-3],[0,-17],[-26,14],[-6,11],[-5,7],[-12,33],[-3,0],[-8,25],[-5,40],[6,24],[-11,19],[-3,20],[1,22],[-6,34],[-4,7],[-11,0],[-7,-5],[-9,0],[-2,36],[1,12],[8,-13],[-1,24],[-6,4],[-9,-8],[-2,-25],[-12,-1],[-7,20],[1,27],[5,34],[-4,17],[8,16],[0,10],[-8,10],[9,25],[-1,12],[-6,16],[-1,16],[-5,5],[4,25],[-1,13],[-8,11],[-1,37],[-10,-1],[2,13],[8,9],[2,25],[-4,34],[2,44],[-21,-21],[-6,26],[-3,39],[-3,18],[-5,16],[2,21],[-15,9],[-4,-5],[-8,-25],[-4,6],[-1,26],[-5,24],[-5,30],[-4,12],[-8,7],[9,88],[22,44]],[[302892,564210],[7,5],[18,-10],[4,-3],[6,-15],[4,-33],[8,-26],[4,-29],[-1,-26],[3,-13],[2,-29],[10,-12],[3,-12],[23,-7],[16,-14],[23,-74],[18,9],[15,15],[4,-37],[8,-27],[4,-43],[1,-49],[19,0],[16,9],[14,8],[11,20],[5,-6],[7,7],[15,3],[7,-41],[-3,-13],[-1,-33],[2,-17],[5,-23],[4,18],[2,24],[15,38],[12,15],[5,3],[34,-24],[2,18],[11,-9],[8,-1],[5,14],[3,32],[14,33],[11,15],[5,-44],[2,-45],[3,-36],[2,-17],[19,-86],[-6,-9],[2,-14],[-6,-12],[2,-21],[-8,-12],[-9,-36],[-14,24],[-3,-23],[-8,-46],[-20,-51],[-10,-14],[11,-33],[1,-2],[-29,-11],[-3,4],[1,-11],[47,17],[13,-1],[7,-6],[10,-17],[26,-73],[6,-23],[8,-41],[10,6],[-2,14],[-9,23],[0,58],[11,2],[18,-33],[7,-23],[6,-4],[18,39],[1,-26],[0,-40]],[[303404,563247],[-1,-29],[4,-37],[-3,-7],[-9,-10],[-22,0],[-21,27],[32,-171],[73,-315],[5,-25],[4,-31],[5,-80],[4,-36],[4,-25],[4,-18],[10,-30],[73,-166],[10,-29],[8,-40],[2,-24],[-4,-5],[-7,-18]],[[303575,562178],[-65,-70],[-223,-240],[-13,78],[-1,57],[-4,31],[-9,29],[-21,40],[-26,88],[-6,-20],[-16,-1],[-26,-53],[-4,-37],[-8,3],[-16,-11],[-3,0],[-20,26],[-7,-24],[-25,6],[-11,4],[-1,39],[-9,13],[-2,6],[-10,-17],[-7,-17],[-23,7],[-9,9],[-7,-6],[-7,5],[3,22],[-2,19],[-4,8],[-4,18],[-10,-24],[18,-91],[-5,-262],[-18,-27],[5,-15],[-1,-1],[-6,-9],[-3,-6],[-7,-18],[0,-2],[3,-12],[39,-165],[-60,-133],[-30,93],[-12,-13],[-8,28],[-10,8],[-4,-12],[-2,2],[-6,0],[-1,-42],[0,-13],[3,-4],[-3,-35],[-2,-10]],[[302869,561427],[-8,-25],[-8,-29],[-11,-9],[-2,1],[-11,1],[-2,-9],[3,-21],[-1,-13],[-9,-33],[-3,-1],[-13,15],[-20,-10],[-2,-11],[1,-49],[-5,-16],[1,-30],[-2,0]],[[302777,561188],[0,30],[-6,3],[-4,-17],[1,-31],[-7,-2],[-5,7],[-7,20],[-12,50],[-9,44],[-12,20],[-4,24],[-4,28],[-8,53],[0,7],[4,21],[-7,19],[-3,49],[9,-3],[-2,51],[7,42],[3,4],[8,57],[-1,62],[-4,27],[5,22],[7,29],[13,16],[5,16],[2,29],[0,28],[0,26],[5,19],[-1,1],[-1,19],[1,0],[-7,11],[2,23],[-4,24],[-4,49],[6,34],[2,25],[-1,3],[4,6],[4,6],[16,53],[1,10],[1,19],[3,14],[-20,37],[-5,13],[-5,23],[-14,76],[-1,-2],[-1,-1],[-1,25],[-2,59],[-1,22],[-6,18],[5,3],[-2,24],[-5,19],[-7,15],[-2,-11],[-4,7],[1,5],[2,-2],[1,6],[-19,41],[-3,6],[-1,1],[-2,5],[-20,41],[-1,1],[-13,28],[-3,6],[-19,39],[-5,9],[-3,12],[-1,-2],[-5,-4],[2,12],[-5,20],[-8,-26],[-2,-3],[-4,-5],[-9,24],[2,14],[-6,12],[-9,7],[-11,-27],[-1,-9],[0,14],[-10,72],[28,16],[6,6],[-21,96],[-4,-8],[-5,24],[-3,-11],[-2,11],[-5,-17],[-10,29],[4,13],[-5,13],[5,19],[-5,12],[2,7],[-19,52],[-5,-4],[-4,15],[-5,5],[3,21],[-7,30],[2,5],[-5,14],[1,1],[-18,37],[-26,98],[-8,30],[-2,12]],[[302442,563385],[-20,100]],[[302422,563485],[5,7],[-6,16],[-4,26],[26,13],[11,10],[3,-18],[9,6],[2,12],[15,7],[0,11],[11,4],[1,-17],[6,4],[1,-33],[6,2],[41,0],[14,14],[13,30],[12,20],[9,8],[12,4],[14,-6],[15,-13],[11,-3],[8,-31],[3,-18],[5,0],[5,13],[9,-5],[2,-3],[-1,-22],[4,2],[4,-27],[-16,-26],[5,-35],[16,29],[4,-20],[16,27],[29,29],[2,71],[8,-4],[9,2],[0,11],[17,5],[15,-14],[11,9],[4,20],[-5,2],[3,13],[1,27],[-2,34],[7,41],[11,0],[5,50],[8,103],[-23,11],[-8,1],[-7,23],[-14,0],[0,23],[-11,73],[20,5],[15,11],[33,-26],[1,10],[13,49],[-10,144],[0,16],[8,-2],[17,13],[22,-13]],[[303004,582109],[0,2],[2,8]],[[303024,582193],[25,-61],[5,2],[9,-7],[5,0],[2,21],[24,23],[3,18],[6,15],[7,-3],[4,15],[0,20],[7,-8],[10,11],[8,22],[9,6],[8,44],[11,18],[8,0],[16,37],[7,2],[12,44],[4,9],[12,-13],[10,3],[-1,-28],[4,3],[2,22],[12,7],[5,-1],[6,63],[6,9],[8,57],[3,42],[25,-9],[1,10],[28,-1],[13,7],[24,7],[-11,13],[5,10],[1,39],[6,10],[21,34],[-2,15],[-1,9],[-1,-3],[-1,7],[-13,-10],[-16,-3],[-16,5],[-9,-9],[-1,-25],[-5,12],[-2,3],[1,10],[-3,1],[0,-9],[-4,2],[-2,1],[3,34],[6,22],[-2,24],[-1,9],[-5,17],[-5,94],[1,11],[1,19],[-9,39],[7,9],[6,26],[15,15],[4,5],[2,-23],[0,-25],[9,-2],[-1,-65],[10,-5],[0,-11],[27,-6],[6,31],[11,-16],[7,-3],[4,72],[0,13],[9,0],[1,76],[-6,24],[0,25],[22,-10],[2,-41],[4,-20],[1,-28],[-1,-11],[9,0],[-1,-22],[6,-1],[5,0],[3,0],[-1,-12],[4,0],[-1,-28],[6,-30],[7,-1],[0,-42],[3,35],[-6,37],[0,19],[8,30],[5,5],[5,24],[-9,0],[1,83],[-8,23],[2,20],[22,-2],[-2,17],[-3,12],[-8,25],[-4,5],[0,6],[-5,15],[-1,6],[-8,39],[-2,7],[-6,34],[10,2],[-3,37],[-1,15],[23,0],[4,-6],[2,19],[4,0],[3,0],[-1,34],[3,-5],[4,2],[4,-24],[2,21],[8,-35],[10,-6],[6,-16],[1,-1],[8,0],[1,-1],[0,23],[2,10],[1,25],[-7,32],[-5,7],[-2,34],[10,17],[0,21],[-8,10],[1,21],[6,18],[5,0],[10,29],[2,20],[-4,11],[-3,11],[2,8],[2,-6],[4,-16],[3,-22],[1,-4],[2,-6],[0,-4],[0,-8],[0,-6],[1,-17],[2,-11],[8,-1],[0,29],[8,26],[3,22],[16,-36],[14,29],[0,1]],[[303630,583617],[4,-5],[2,-4],[2,-6],[2,-1],[4,1],[3,-2],[8,-27],[7,-9],[6,-20],[6,-5],[6,-2],[28,-21],[21,-35],[8,-25],[3,-7],[4,4],[4,-6],[1,-5],[2,10],[1,38],[8,39],[1,43],[6,33],[-2,11],[7,33],[0,27],[12,0]],[[303784,583676],[-7,-58],[9,1],[-1,-23],[-2,-28],[-1,-26],[-6,-2],[-9,-5],[-7,-58],[-2,-16],[-5,-23],[12,-3],[6,-8],[3,-11],[3,3],[4,-5],[9,-17],[3,17],[-2,-18],[3,-4],[3,15],[-3,-15],[5,-28],[9,-7],[2,-22],[8,8],[4,-28],[3,-2],[8,10],[7,-19],[1,-23],[6,-46],[8,-28],[-4,-22],[1,-17]],[[303852,583168],[-9,4],[-6,-8],[-8,-1],[-12,-20],[-4,3],[-9,31],[-15,20],[-19,-4],[-8,-3],[-2,-13],[-1,-36],[-2,-11],[-1,-34],[-6,-37],[-24,-54],[-1,14],[-1,13],[-10,16],[-2,-50],[-7,0],[-9,-32],[2,-14],[-8,0],[14,-33],[13,-1],[-4,-23],[4,-13],[-3,-59],[7,-22],[-2,-27],[2,-2],[11,-1],[-1,-10],[0,-2],[0,-58],[0,-28],[11,27],[5,4],[10,3],[3,-15],[-1,8],[6,-28],[7,-16],[-5,-64],[-11,-53],[-3,-27],[-15,88],[0,29],[-8,12],[-2,-61],[-7,-19],[-7,-53],[23,-2],[-1,-25],[7,1],[7,19],[-8,-41],[-3,-59],[-8,-27],[-5,-48],[-14,-29],[-8,5],[3,19],[-4,0],[-3,1],[-1,-14],[-5,-4]],[[303694,582304],[-1,16],[-1,4],[-15,51]],[[303677,582375],[8,24],[7,9],[8,-12],[0,31],[-6,40],[1,23],[-4,19],[-3,0],[1,57],[-9,1],[-1,14],[-9,1],[1,-25],[0,-22],[0,-10],[-5,-30],[-2,19],[0,-28],[-21,4],[-3,-16],[24,-5],[2,-17],[1,-7],[2,-19],[-5,-4],[1,-32],[-3,-17],[-20,-1],[-1,13],[-10,0],[0,-14],[4,-45],[11,0],[9,-9],[10,0]],[[303665,582317],[-16,-30],[-2,-11],[0,-6],[-1,-2],[-1,-8],[-1,-11],[-3,-15],[3,-24],[-3,-46],[2,-39],[0,-11],[-2,-26],[0,-37],[-3,-29],[-3,0],[-21,20],[-4,-28],[-7,3],[2,-79],[-6,-13],[-4,-3],[4,-20],[1,-28],[-2,-31],[-6,-2],[-7,12],[-12,-18],[-4,-16],[2,-25],[-5,-38],[-9,-9],[-7,-36],[-1,-30],[-7,-36],[0,-26],[-16,-49],[-3,-31],[0,-25],[-4,-36],[-4,-9],[-9,-10],[-4,-16],[0,-17],[8,4],[-1,-23],[-6,-13],[-1,-37],[-4,-27],[-1,-6]],[[303497,581324],[-4,-37],[-2,-3],[-3,-23],[-10,-11],[-6,-18],[-2,0],[-6,-7],[-7,-54],[0,-36],[-4,-22],[1,-23],[10,-18],[-3,-10],[-2,-9],[-1,-14],[-2,-21],[-5,18],[-10,67],[0,13],[2,37],[-4,10],[-1,34],[-25,0],[-5,-12],[-67,178],[-1,-26],[5,-27],[-8,-18],[-4,-26],[-1,-18],[-18,51],[-10,19],[-11,37],[-15,63],[-9,24],[-11,26],[-21,27],[-21,16],[-18,5],[-9,15],[-6,19],[-1,-11],[-12,20],[-9,9],[-15,18],[-2,8],[-22,27],[-9,1],[-15,-12],[-7,6]],[[303091,581616],[-6,9],[-12,36],[-10,17],[-3,15],[-3,22],[1,21],[-1,32],[-6,52],[-6,36],[-16,120],[-26,131]],[[303003,582107],[0,0],[1,2]],[[306550,586192],[-1,-3],[1,-1],[-5,-30],[13,-1],[4,3],[3,5],[0,-18],[-3,-1],[6,-9],[-1,-16]],[[306567,586121],[-7,2],[-3,-30],[0,2],[-1,-23],[2,-31],[-7,-1],[-5,-14],[-12,11],[-5,7],[0,-2],[-1,1],[-7,-46],[-3,3],[6,44],[6,47],[-13,8],[-10,6],[3,38],[9,-2],[2,13],[-14,10],[-1,67],[6,1],[0,-32],[10,15],[8,-29],[5,-2],[1,18],[3,8],[-2,23],[10,8],[0,-27],[-1,-11],[-1,-10],[5,-1]],[[302736,571227],[10,0],[-2,-31],[-3,-27],[-6,10],[1,48]],[[301915,565486],[-18,62],[3,45],[7,0],[-2,-14],[11,-33],[6,16]],[[299906,573776],[-51,4]],[[299593,565361],[112,270],[-3,35],[19,32],[-3,12],[-12,19],[-5,16],[-3,25],[1,41],[-2,25],[-3,15],[-12,35],[-1,18],[-15,41],[-12,26],[-10,70],[12,3],[2,20],[24,23],[4,-17],[5,-9],[7,-2],[5,-33],[9,-10],[2,0],[18,131],[3,17],[15,58],[20,52],[4,20],[-8,21],[-20,26],[-3,21],[-7,24],[-2,30],[-8,48],[-6,33],[-13,37],[-1,9],[3,7],[3,30],[0,38],[11,14],[-19,66],[24,65],[8,20],[-3,5],[-16,48],[4,30],[-6,8],[-2,-16],[-10,12],[-5,34],[-10,-12],[-4,-11],[-13,78],[-7,-11],[-2,12],[-8,-10],[-5,25],[-2,18],[-10,51],[9,17],[10,-7],[-4,33],[-8,62],[22,11]],[[299666,567160],[23,8],[-11,54],[16,-8],[16,-34],[13,-48],[11,-24],[4,19],[5,56],[1,21],[24,4]],[[299768,567208],[19,6],[14,-4],[5,-6],[16,-30],[-8,-32],[-6,-40],[6,-22],[10,-8],[3,-13],[-3,-24],[0,-16],[3,-14],[-7,-10],[-16,-32],[91,-166],[7,13],[0,-57],[35,-7],[9,-19],[-5,-12],[-7,-3],[6,-41],[18,-21],[6,-14],[8,-10],[13,-31],[10,-10],[5,-11],[26,92],[10,22],[29,25],[7,8],[4,-4],[0,-41],[10,-13],[11,-10],[-7,-32],[4,-4],[3,15],[0,-20],[4,-5],[6,30],[5,-8],[-7,-28],[4,-6]],[[300109,566595],[-4,-9],[-27,-3],[0,-20],[-6,-2],[4,-44],[2,-6],[7,3],[11,-7],[13,-25],[6,-76],[5,-36],[-1,-5],[-1,-7],[-13,11],[0,14],[-12,18],[-22,-38],[18,-233],[4,3],[15,-21],[22,-17],[25,-31],[3,-2],[7,26],[1,35],[2,2],[3,-12],[3,-44],[3,24],[12,4],[0,-32],[5,2],[9,3],[5,0],[21,-14],[7,-5],[2,7],[3,-11],[2,-2],[-1,-11],[-1,-10],[37,-32],[9,-1],[7,16],[-1,73],[30,20],[5,3]],[[300328,566103],[0,-8],[6,3],[2,-70],[-4,-43],[3,-10],[2,-10],[0,-32],[-11,1],[-9,-96],[-7,4],[-1,-10],[-7,3],[-3,-47],[0,-23],[-7,-2],[-3,12],[-2,-21],[-3,5],[-6,-18],[-2,-42],[0,-30],[10,-25],[-9,-45],[2,-204],[2,-47],[-3,-7],[3,-32],[4,-18],[-2,-18],[1,-41],[3,-30],[7,-29],[10,-21],[2,-44],[7,-59],[1,-17],[-3,-23],[1,-40],[6,-22],[4,-17],[4,-36],[-3,1],[-1,-18],[0,-35],[-2,-22],[-3,-9],[-3,-32],[16,-81],[-19,-37],[-11,-36],[-15,-66],[4,-39],[29,-17],[18,-43],[-32,-120],[-2,-22],[13,-12],[4,-57],[7,-7]],[[300326,564242],[-6,-13],[-11,-9],[-4,-11],[1,-19],[-8,-20],[-7,9],[-2,-21],[-6,-11],[-9,-1],[-5,7],[-10,-7],[-4,-24],[-8,0],[0,11],[-11,8],[-6,-22],[-9,30],[-7,-10],[0,20],[-9,-7],[-4,-17],[0,15],[-9,6],[2,18],[-4,-5],[-7,14],[5,6],[-13,27],[-2,22],[-4,-6]],[[300169,564232],[-3,13],[-6,-8],[-10,-29],[-5,-1],[-2,21],[-4,-12],[-2,20],[-10,-6],[-3,22],[-1,18],[-10,-3],[3,24],[-9,30],[3,20],[-6,6],[4,19],[-3,14],[-3,12],[-6,-5],[-1,19],[-9,6],[-3,25],[-6,2],[-5,-17],[-6,20],[-7,4],[-5,-10],[1,17],[-4,4],[-8,-14],[-3,21],[-7,3]],[[300033,564467],[7,8],[0,10],[-9,3],[-5,9],[3,18],[-7,19],[-17,19],[2,13],[-5,3],[-4,-11],[-14,7],[-2,11],[-10,-9],[-3,22],[5,22],[0,13],[-5,-12],[-7,-5],[0,-9],[-7,7],[-8,-9],[-13,9],[-5,17],[-4,1],[-6,17],[1,9],[-7,19],[-2,-11],[-7,23],[-5,-9],[-5,21],[-5,2],[-7,35],[-4,-1],[-4,30],[-6,6],[2,21],[-6,3],[-2,-12],[-7,22],[-3,0],[-1,18],[-9,-3],[-8,7],[-7,42],[0,15],[-6,-2],[-1,16],[-14,7],[5,16],[-4,0],[0,13],[-7,5],[-4,16],[-5,2],[3,21],[-4,13],[4,28],[-9,26],[-3,-19],[-5,12],[-8,4],[2,24],[-15,8],[-8,24],[0,44],[-2,16],[-9,9],[-1,24],[-5,-1],[-3,29],[-7,2],[-3,17],[-5,-12],[-3,33],[-11,2],[-2,15],[-13,3],[-8,-22],[-7,1],[1,16],[-6,4],[-4,-16],[-7,11],[3,29],[-4,4],[-2,-18],[-3,10],[-5,-3],[-2,16],[-9,-25],[-3,24],[-3,14],[-4,-11],[-3,28],[-2,-17],[-5,-1],[-2,21],[-6,0],[2,11],[-2,16],[-10,-3]],[[308863,573806],[4,15],[1,0]],[[308868,573821],[63,-5],[286,-23],[25,1],[10,1],[-1,180],[49,31],[134,85],[42,26],[-1,7],[1,40],[-1,30],[-2,19],[133,8],[162,10],[21,1],[29,2],[17,24],[13,-6],[4,-19],[3,5],[6,-9],[6,11],[0,0],[3,5],[8,6],[185,245],[-1,1],[0,21],[4,0]],[[310066,574518],[0,-16],[9,-340],[-1,-39],[-2,-53],[-4,-55],[0,-31],[1,-34],[3,-41],[6,-56],[4,-50],[2,-42],[-1,-47],[2,-65],[2,-68],[-3,-76],[0,-107],[1,-15],[45,-201],[-6,-74],[-2,-13],[-1,-15]],[[310121,573080],[-8,28],[-22,65],[-24,60],[-34,40],[-33,35],[-22,12],[-27,2],[-26,-24],[-30,-46],[-10,-5],[-6,-12],[-7,-23],[-8,-23],[-17,-32],[-4,-3],[-7,-4],[-23,-2],[-16,5],[-3,-2],[-7,-18],[-11,1],[-11,21],[-7,6],[-9,-36],[-10,-12],[-10,-30],[-5,-14],[-8,-18],[-5,-6],[-7,15],[-6,7],[-3,7],[-5,-34],[3,-7],[-1,-4],[8,-12],[-2,-16],[-1,-5],[0,-6],[-1,-6],[-7,7],[-12,14],[1,6],[-3,4],[1,6],[-1,1],[-1,-6],[-1,1],[-1,-8],[-6,5],[1,2],[-15,16],[2,13],[-4,-10],[-12,14],[-6,7],[-4,7],[-8,15],[-2,-11],[-6,-47],[0,-29],[4,-43],[-3,-46],[-1,2],[-5,-45]],[[309607,572859],[-3,3],[-3,3],[-12,-9],[-3,-1],[-8,-7],[-8,-6],[-14,2],[-2,1],[-11,-1],[-3,0],[-20,-5],[-4,-1],[-2,-1],[-16,-9],[-7,1],[-13,9],[0,0],[-13,-1],[-14,-13],[-5,-5],[-12,0],[-13,17],[0,0],[-4,-2],[-4,-2],[-3,-9],[-4,-13],[-8,-24],[-12,-16],[-12,-9],[-1,-1],[0,0],[-13,-2],[-10,-12],[-2,-2],[-16,-20],[-12,-12],[-12,12],[-7,-10],[-2,-3],[0,0],[-4,-28],[-1,-3],[-14,-27],[-17,1],[-9,-21],[-1,0],[-19,-7],[0,-3],[-5,-16],[-1,0],[-17,-6],[-4,14],[-4,13],[-4,2],[-1,0],[-2,-14],[-8,-33],[-8,-23],[-10,-19],[-1,0],[-3,-1],[-13,-5],[-12,-25],[-16,-22],[-1,-2],[-10,-21],[-9,-7],[0,0],[-7,-18],[-3,-5],[-11,11],[-1,11],[0,8],[0,19],[-4,-2],[-5,-3],[-1,0],[0,-2],[-7,-10],[-8,-8],[0,-30],[0,-4],[3,-20],[-3,-25],[-4,-5],[-5,12],[-7,12],[-6,-5],[-5,-8],[-1,-5],[-3,-15],[-4,-20],[-1,-15],[0,-13],[-3,-3],[-3,-5],[-10,-4],[-3,3],[-6,8],[-5,42],[0,6],[-6,35],[-4,2],[-2,1]],[[308980,572403],[5,40],[-5,1],[-3,27],[4,29],[-13,-11],[-3,-2],[0,28],[3,-1],[0,25],[-1,5],[1,8],[1,3],[4,2],[6,0],[4,3],[3,1],[-9,44],[11,-5],[-6,40],[12,29],[-3,12],[-9,-22],[-5,22],[-6,-22],[-4,-33],[4,-17],[-8,-5],[-12,20],[-4,29],[-1,0],[-2,7],[0,0],[0,1],[1,1],[0,0],[9,7],[0,22],[2,9],[7,4],[-4,17],[2,26],[8,-7],[6,9],[-3,16],[5,20],[-1,23],[-5,14],[2,62],[-7,24],[-13,13],[-20,-17],[-8,0],[3,19],[5,73],[4,46],[-25,30],[-1,38],[-10,53],[21,48],[2,13],[-5,40],[0,25],[1,34],[0,22],[7,23],[1,40],[9,14],[-1,44],[-2,33],[2,11],[-1,8],[-14,32],[-9,31],[-8,19],[-8,12],[-6,42],[-11,30],[-5,6],[-4,-2],[-12,-29],[12,29],[21,48],[-11,-3],[-6,4],[-7,28],[-4,41]],[[308255,582655],[-1,18],[7,47],[3,0],[0,0]],[[308264,582720],[39,-10],[9,23],[-8,36],[31,95],[12,-35],[5,-14],[15,27],[1,25],[6,3],[12,-119],[-6,-40],[7,-26],[-1,-36],[-17,-37],[-7,-3],[-5,-12],[-2,-1],[-6,16],[-4,10],[-11,-3],[-9,-59],[-3,-9],[-20,-4],[-11,-22],[-2,10],[-9,-17],[-15,-20],[-5,-2],[-5,25],[-4,5],[-8,-4],[-2,25],[-8,-9],[1,12],[6,19],[17,18],[-1,8],[11,14],[-3,26],[-9,20]],[[308295,582997],[-6,-18],[-3,-5],[3,-37],[8,-28],[-6,-8],[-7,54],[-6,-8],[-3,-60],[2,-12],[-16,-26],[3,-27],[6,-3],[-4,-20],[-2,-13],[-1,-8]],[[308263,582778],[0,-2],[-7,-40],[-9,12],[-2,11],[0,35],[0,0],[-8,9],[-4,-66]],[[308233,582737],[-27,17],[1,-2],[-4,-47],[-1,-6],[-2,-153],[1,-66],[8,-2],[7,-6],[3,-26],[-13,-12],[-8,3],[1,-105],[0,-87],[97,110],[1,0],[-2,44],[34,71],[3,-20],[11,-2],[7,-46],[8,-4],[13,-15],[8,10],[6,35],[1,20],[3,-1],[0,-22],[9,-9],[12,-18],[33,-9],[-5,-27],[-10,-9],[-6,-30],[3,-33],[-3,-27],[-9,-13],[3,-13],[5,-41],[-12,-39],[5,-10],[-7,-33],[21,-72],[-3,-15],[-16,-16],[-9,29],[4,7],[-5,10],[-10,-38],[2,-40],[9,-25],[8,8],[7,-49],[5,-64],[-7,-30],[-13,-11],[-6,-15],[16,-59],[3,-35],[-2,-34],[-4,-35],[1,-36],[7,-28],[9,-30],[9,-51],[11,-29],[-13,-3],[-6,-10],[-7,3],[-16,17],[-7,12],[-11,-33],[-20,-19],[-31,37],[-5,-57],[11,-7],[10,-16],[1,-50],[-29,-10],[-5,-63],[-12,-73],[-4,-37],[-5,-5],[0,-38],[-14,-3],[-17,-48],[-12,-13]],[[308252,581040],[-4,105],[11,54],[-3,79],[-12,84],[-13,20],[-10,20],[-8,25],[-11,11],[-5,12],[-18,58],[-9,15],[-15,16],[-13,-26],[-26,-1],[-6,3],[-2,6]],[[308108,581521],[-3,66],[13,73],[-8,25],[-11,12],[-13,27],[-9,8],[-1,-18],[-36,26],[2,22],[1,56],[6,7],[-17,11],[4,67],[1,19],[56,-19],[5,0],[-4,24],[-38,16],[2,71],[-6,-1],[-8,10],[2,33],[3,68],[-9,13],[-3,7],[4,25],[0,28],[-4,1],[0,13],[-7,9],[-1,6],[-1,36],[-6,58],[-2,37],[0,33],[5,79],[0,11],[-2,28],[-1,11],[0,2],[-4,16],[-6,17],[-15,-5],[-6,-1],[-4,16],[-4,-8],[-2,1],[-3,-9],[-4,-12],[-4,-8],[5,49],[-4,32],[-5,-7],[-3,-35],[-1,3],[-3,-36],[-16,-18],[-3,18],[-4,1],[4,-32],[1,-20],[-5,-7],[-4,26],[0,12],[-12,1],[-5,-3]],[[307915,582512],[-3,50],[4,28],[7,58],[2,73],[2,36],[11,160],[1,20],[6,79],[3,-3],[2,27],[-3,3],[1,24],[2,26],[4,59],[-7,5],[4,48],[1,15],[17,-10],[12,-2],[11,-2],[7,3],[1,0],[12,-9],[12,-1],[5,-2],[11,2],[18,-15],[13,0],[5,-7],[10,-55],[1,-11],[4,-10],[10,-6],[4,-6],[5,-12],[14,-32],[6,-17],[7,-12],[10,-11],[8,-13],[10,19],[9,-16],[4,11],[2,1],[2,-3],[5,-34],[15,-23],[7,-39],[4,-5],[16,-1],[5,13],[0,19],[1,8],[2,4],[3,1],[7,-6],[4,-8],[5,-18],[10,11],[6,22],[4,10],[15,28],[4,11]],[[303940,585548],[-5,38],[13,0],[-1,19],[3,-1]],[[303950,585604],[13,41],[2,29],[5,3],[3,-22],[4,-17],[12,-16],[-5,-35],[4,-17],[-4,-11],[2,-18],[-3,-2],[5,-12],[3,-19],[3,1],[18,14],[5,6],[3,8],[7,25],[-1,16],[5,30],[2,0],[5,31],[6,-37],[3,-10],[14,-36],[3,-10],[6,-4],[10,-17],[9,-7]],[[304089,585518],[-10,-72],[-5,-37]],[[304074,585409],[-16,-7],[-17,-27],[-17,-31],[-6,-27]],[[304018,585317],[-8,13],[-4,1],[1,13],[-3,-7],[-19,6],[1,-17],[0,-20],[-8,7],[-10,34],[-5,7]],[[303963,585354],[1,8],[-18,12],[-1,-6],[-11,-2],[0,21],[0,33],[-4,0],[0,31],[2,0],[2,22],[-7,17],[3,22],[2,6],[4,24],[6,0],[-2,6]],[[305100,579223],[2,0],[-2,32],[0,33],[5,85],[3,13],[13,8],[16,35],[7,-21],[2,-18],[-2,-15],[2,-31],[23,-2],[9,7],[8,-4],[3,-8],[3,-31],[19,29],[22,41],[47,58],[-4,86],[25,-10],[16,-4]],[[305317,579506],[19,-34],[22,-51],[-33,13],[-1,-66],[-1,-21],[9,-12],[6,8],[5,26],[4,3],[10,-7],[18,-27],[7,-17],[7,-6],[2,-8],[16,-21],[25,9],[12,-24],[7,4],[4,-9],[11,-13],[7,-2],[13,-30],[8,-23],[7,-5],[4,15],[1,18],[10,21],[10,8],[11,-18],[7,16],[13,8],[6,-14],[14,-1],[6,10],[8,-5],[10,-19],[9,7],[15,29],[4,36],[6,16],[7,31],[1,27],[-5,15],[0,43],[15,-4],[3,-128],[-3,-53],[25,-25],[17,-43],[3,7],[3,7]],[[305701,579197],[2,-14],[11,-15],[10,-24],[1,-33],[11,-40],[10,-47],[10,-36],[2,-16],[11,-17],[9,-36],[17,-1],[12,-5],[7,35],[12,34],[7,11],[1,14],[7,16],[2,49],[1,1],[-2,-51],[8,-3],[1,-3],[13,18],[5,-4],[-4,-32],[-4,-23],[-13,-61],[-6,-57],[9,2],[7,-4],[5,8],[22,4],[0,-16],[4,121],[23,-2],[12,-20],[-4,-19],[18,6],[1,-13],[2,8],[3,-16],[12,-18],[-1,-48],[-17,3],[-7,-58],[0,-102],[34,-11],[0,30],[6,13],[-1,27],[15,-20],[6,22],[9,9],[11,-2],[-1,-21],[21,-37],[1,-31],[13,-2],[3,-8]],[[306048,578662],[2,-11],[5,10],[5,-21],[26,9],[1,-12],[25,11],[3,-28],[4,4],[10,-82],[12,7],[2,-15],[2,-44],[-8,-25],[1,-65],[4,-32],[-6,-13],[2,-12],[-6,-21],[6,-125],[-2,-15],[50,-12],[19,0],[-5,-20],[0,-22],[20,3],[0,5],[3,23],[10,-5],[6,20],[14,-26],[16,-14],[4,38],[10,-15],[-1,-45],[39,-65],[-1,-15],[16,-26],[24,-52],[6,3],[1,-16],[4,-24],[-18,-37],[-2,-22],[-10,-18],[-2,-22],[2,-50],[6,-31],[-1,-4],[5,3],[10,-23],[18,1],[10,-30],[27,-42]],[[306416,577642],[3,-20],[2,-1],[-10,-22],[-2,-23],[-4,-19],[3,-13],[7,-54],[11,-51],[-44,0],[-5,-7],[6,-47],[14,-18],[1,-14],[4,3],[-1,-55],[13,5],[9,10],[8,26],[12,-74],[3,-14],[13,-35],[4,-16],[3,-34],[3,-15],[-18,-15],[-5,3],[-11,19],[-7,-64],[-13,-27],[-6,-31],[-8,-10],[-5,-11],[-10,-63],[28,-55],[32,-108],[-10,4],[-7,-29],[-23,54],[-5,1],[-25,-35],[-15,-2],[-3,-25],[3,-46],[-2,-17],[-15,-46],[-2,-18],[-1,-63],[2,-30],[-27,-8]],[[306316,576532],[-8,15],[0,25],[-7,-4],[0,-9],[-12,-14],[-6,15],[-19,-15],[-23,78],[-3,-1],[-4,1],[-5,4],[-3,6],[-1,6],[-2,4],[-6,-1],[-5,39],[-11,43],[-7,-44],[-1,-22],[-6,-10],[-5,1],[-6,24],[-2,2],[-4,24]],[[306170,576699],[-18,25],[-7,-5],[-8,23],[-9,-9],[-11,24],[-8,-8],[-10,8],[-13,-2],[-10,18],[-9,-4],[-2,13],[-10,6],[-7,28],[-4,-1],[-7,21],[-14,16],[-5,21],[-7,14],[-6,-20],[-9,26],[1,19],[-7,3],[-8,23],[-1,23],[-3,8],[-3,38],[-2,10],[-11,7],[-2,16],[-13,7],[-8,12]],[[305939,577059],[-6,0],[-7,-10],[-6,8],[-7,32],[-7,3],[-5,20],[-1,21],[-10,29],[-6,9],[-6,-6],[-8,7],[-6,14],[-9,9],[-4,-5],[-7,4],[-6,22],[0,25],[-4,15],[-5,26],[-11,20],[-5,2],[-2,12],[-17,46],[-14,15],[-7,21],[-5,6],[-33,55],[-13,-3],[-7,-8],[-13,-5],[-19,24],[-13,34],[-16,21],[-9,28],[-3,1],[-6,8],[-5,34]],[[305631,577593],[13,51],[19,51],[4,18],[6,38],[19,-44],[12,51],[3,2],[-2,5],[19,78],[-43,99],[-8,-49],[-5,-43],[-8,-71],[9,-21],[-39,-163]],[[305630,577595],[-3,17],[0,20],[-2,41],[-4,17],[1,15],[-4,20],[-2,68],[-11,93],[-2,9],[-10,28],[-1,25],[-5,17],[-11,23],[-3,12],[-35,65],[-11,15],[-9,-2],[-7,20],[-9,9],[-9,46],[-8,10],[-10,39],[-8,10],[-6,0],[-25,48],[-15,11],[-12,-3],[-7,3],[-9,13],[-7,21],[-21,14],[-6,8],[10,26],[12,61],[-15,6],[-44,-1],[-5,-8],[-9,-30],[-5,-11],[-8,-3],[-30,32],[-56,12],[-5,-4],[-4,-8],[-6,54]],[[305194,578453],[-12,95],[0,20],[6,30],[9,24],[10,18],[11,39],[-26,50],[13,65],[0,25],[-23,88],[-15,-27],[-22,-16],[-15,-20],[-11,30],[-6,32],[-21,53],[1,23],[14,67],[3,8],[13,14],[7,2],[-4,52],[-26,98]],[[304183,582183],[-1,46],[2,25],[9,-11],[17,6],[3,-7],[0,19],[13,7],[0,38],[4,-2],[15,-73],[7,7],[9,16],[2,10],[4,62],[-3,6],[-6,31],[5,68],[6,23],[5,8]],[[304274,582462],[5,0]],[[304279,582462],[7,-13],[7,1],[5,-18],[12,-5],[2,-9],[16,-3],[1,-14],[9,3],[-4,-40],[7,6],[10,-21],[6,-18],[1,-8],[-5,-55],[9,-3],[3,-5]],[[304365,582260],[0,-12],[-3,-43],[-5,-39],[4,-18],[0,-21],[-7,-31],[-6,-4],[-3,-46],[2,-26],[-7,1],[-3,-52],[26,-29],[17,-40],[15,-91],[7,-37],[-13,0],[2,-31],[9,-70],[6,-36],[9,-24],[1,3],[7,-8],[4,-22],[-4,-6],[1,-27],[4,-12],[8,-72],[8,-38],[-8,-7],[-7,-23],[-5,-8],[1,-34],[4,-55],[3,-18],[5,-11],[18,-3],[1,-25],[-1,-60],[8,-4],[5,-49],[3,-10],[0,-45],[10,-4],[6,-15],[13,-69],[9,2],[-23,-32],[-33,-54],[7,-53],[-4,-10],[-9,-28],[-3,-10],[-1,-2],[-2,-4],[4,-3],[-1,-76],[-11,-9],[-2,-18],[9,2],[15,19],[4,-32],[-11,-21],[10,4],[1,1],[0,-8],[-1,-2],[-1,0],[-1,-2],[-1,-5],[-1,-1],[0,-6],[-2,-1],[0,3],[-5,-55],[-18,-30],[-2,-11],[0,-11],[29,2],[7,13],[6,0],[11,-33],[0,-13],[6,-6],[0,-76],[-27,0],[-11,-14],[11,-47],[21,-53],[10,-34],[22,-103],[14,135],[9,81],[2,16],[5,-11],[6,-17],[0,-2],[9,-88],[3,-33],[8,-13],[11,-25],[2,-10],[11,16],[8,-2],[13,-9],[3,5],[10,-2],[8,6],[15,-5],[6,-13],[3,-39],[10,-47],[5,-8],[2,-19],[5,-20],[18,-36],[12,-5],[6,4],[11,-42],[9,3],[5,11],[3,-5],[1,-14],[4,-1],[5,11],[7,-7],[5,2],[6,-34],[9,-19],[11,0],[6,20],[6,-8],[7,-1],[9,7],[5,-4],[5,10],[5,-2],[5,-22],[4,7],[2,20],[8,3],[9,18],[9,3],[6,-7],[5,-9],[0,0]],[[304883,579971],[7,-277],[-9,3],[-7,5],[8,-96],[2,-11],[-10,-23],[-16,-16],[-8,8],[-5,26],[-7,9],[1,15],[-7,33],[-8,-4],[3,-27],[0,-51],[-31,23],[-11,-1],[-9,-6],[-23,8],[-7,14],[-11,43],[-20,-4],[-23,-10],[-14,-2],[-7,3],[-10,-10],[-8,-16],[-12,-18],[-28,-1],[-4,-3],[4,-24],[1,-23],[4,-11],[16,-11],[0,-23],[7,-27],[0,-13],[7,-15],[7,-27],[9,-4],[6,-22],[6,-3],[-5,-25],[-6,3],[-15,-10]],[[304650,579350],[-12,-22],[-21,2],[0,45],[-28,78],[-1,17],[-15,-8],[-6,-24],[-6,-8],[-8,2],[-10,-13],[-16,-9],[-11,-26],[-13,2],[-14,-9],[-7,90],[-12,23],[-5,-6],[-2,38],[-4,24],[-8,24],[7,66],[0,0],[-9,-3],[-14,1],[-8,31],[-26,102],[-2,16],[-1,48],[-18,34],[-9,38],[-5,13],[1,14],[-2,31],[-9,36],[1,26],[-6,25],[-15,26],[-3,18],[-5,5],[-2,13],[-8,20],[-10,13],[-10,41],[-16,24],[-6,27],[-10,15],[-1,19],[0,4],[-13,-56],[-3,22],[-10,1],[-6,13],[-10,0],[-8,-20],[-3,27],[-2,34],[-6,13],[5,1],[-5,43],[-5,20],[9,41],[14,30],[-1,12],[16,26],[0,27],[-2,24],[-6,24],[-15,-43],[-4,22],[-2,37],[-13,13],[-10,17],[-10,-15],[-10,-27],[-2,-34],[-7,1]],[[304156,580526],[1,52],[2,32],[3,18],[-1,34],[-7,69],[-10,30],[-12,-20],[-12,-3],[-1,24],[4,80],[4,9],[4,1],[-16,110],[-4,34],[-4,122],[-31,0],[28,6],[0,31],[0,4],[1,19],[-4,12],[-10,20]],[[304091,581210],[-7,64],[-10,51],[-5,18],[-4,26],[-20,27],[6,77],[2,5],[12,15],[3,11],[16,29],[13,7],[11,19],[12,-12],[5,-1],[-2,56],[-4,47],[4,13],[8,16],[6,-31],[8,0],[12,-11],[9,-28],[-1,-10],[5,-15],[7,-7],[-1,-18],[3,-19],[0,-40],[3,-34],[4,0],[8,-21],[13,0],[11,-20],[7,-4],[2,23],[10,-5],[7,-2],[6,-34],[5,9],[9,-11],[9,0],[8,21],[19,-5],[-1,41],[-7,47],[9,20],[6,7],[-10,215],[-16,-8],[-4,-24],[-19,-25],[0,20],[-14,-1],[-5,18],[-9,0],[-10,-8],[5,59],[4,30],[-13,186],[8,0],[0,30],[-2,5],[-2,18],[-6,9],[-2,4],[2,3],[1,32],[-8,3],[1,16],[-17,1],[-17,19],[15,54],[-6,-4]],[[302225,565613],[3,-12],[1,-24],[-6,-18],[-2,-19],[-5,-23],[-3,-32],[0,-19],[4,-15],[0,-31],[-2,-20],[-18,-24],[0,-10],[7,-49],[13,8],[4,31],[10,7],[9,14],[13,0],[9,10],[10,-1],[7,-41],[10,11],[3,23],[21,33],[5,15],[16,27],[28,-8],[28,-30],[11,-31],[11,-5],[5,-13],[8,-5],[9,5],[14,-3],[15,32],[23,-2],[23,-13],[12,-10],[6,-18],[13,-7],[11,-7],[11,-12],[15,8],[20,-10],[8,1],[8,-14],[7,-7],[7,-11],[32,-61],[20,-34],[9,-7],[7,1],[9,8],[10,16]],[[302714,565217],[2,-33],[6,-27],[-4,-11],[2,-70],[-6,9],[-18,9],[-12,10],[-6,-4],[-6,-11],[-2,-3],[-7,-131],[10,-6],[5,-9],[7,19],[7,12],[7,-17],[34,-41],[13,-10],[1,-25],[8,-46],[2,-18],[-12,0],[-17,21],[-10,3],[-13,12],[-2,-23],[1,-15],[2,-51],[31,-39],[2,24],[4,29],[17,19],[4,-22],[12,-47],[6,-11],[15,-19],[7,-33],[3,-11],[2,-81],[4,-1],[8,-76],[-1,-14],[6,-8],[15,-3],[0,-31]],[[302841,564437],[-6,-7],[-6,15],[-10,12],[-2,16],[-4,2],[-35,34],[-43,14],[-5,6],[-9,18],[-43,88],[6,-55],[-19,-4],[-21,8],[1,71],[-21,6],[-17,10],[-7,-4],[-5,1],[-13,16],[-7,-6],[-11,11],[-15,4],[-15,12],[-14,-16],[-1,-28],[-3,-36],[8,-16],[13,-6],[-6,-69],[-4,-52],[-1,-10],[-19,19],[-68,22],[-5,9],[-1,-39],[8,1],[3,-24],[-3,0],[4,-87],[-2,-36],[-4,5],[-18,9],[3,-56],[-14,2],[-13,-2],[-8,-1],[-2,-3],[-4,9],[5,32],[-4,9],[-24,31],[0,-57],[-42,25],[4,73],[-28,9],[5,-9],[-2,-30],[-19,11],[-2,-29],[-12,17],[7,-39],[-11,7],[0,-15],[-10,-6],[-12,-14],[4,-76],[5,-49],[-3,-29],[8,8],[1,-7],[9,5],[1,0],[-2,-30],[-3,-78],[-6,3],[-17,-10],[-21,6],[-10,-3],[-7,11],[-10,0],[-12,-17],[-12,-3],[4,-30],[0,-33],[19,-29],[6,-12],[22,-125],[6,-17],[3,12],[8,-2],[15,24],[9,30],[10,11],[-3,40],[-5,30],[9,10],[3,-6],[-1,-27],[18,12],[15,3],[1,-16],[10,4],[-2,-37],[24,-6],[16,20],[15,-96],[16,-97],[11,-68],[28,-145],[2,-11]],[[302442,563385],[-5,0],[-5,14],[-15,-23],[-12,-9],[-33,-42],[1,17],[-1,78],[-15,19],[-5,-3],[-1,-29],[-3,1],[1,-26],[-6,-13],[0,-61],[-13,-14],[-2,-37],[-11,21],[1,-11],[-18,-9],[-11,2],[5,-57],[-12,-22],[11,-51],[-11,-10],[9,-45],[-9,-9],[-1,-18],[-30,0],[1,50],[-1,50],[-15,-1],[-28,-33],[-4,-8],[-30,0],[0,69],[-9,-3],[-21,-12],[-5,1],[-18,-42],[-4,-1],[-2,-35],[11,-21],[4,-24],[-1,-40],[-7,-44],[1,-68],[3,-14],[0,-21],[-4,-8],[-7,15]],[[302115,562858],[-1,23],[-6,9],[-1,24],[5,15],[-1,23],[-9,-4],[-1,29],[-7,31],[-2,22],[4,23],[0,24],[-4,24],[-18,20],[-4,20],[-5,9],[-17,19],[-16,29],[-5,-17],[3,-38],[-4,-10],[-4,1],[-4,11],[-3,27],[-8,22],[-10,-2],[-5,5],[0,17],[6,17],[-3,9],[-10,-12],[-5,6],[0,16],[2,22],[-5,14],[-1,23],[-5,15],[-3,28],[-3,8],[-10,6],[-14,36],[2,6],[3,29],[-1,25],[4,4],[8,-7],[2,9],[-3,16],[-9,15],[1,17],[-3,22],[6,13],[3,32],[4,12],[-8,12],[-8,-4],[-8,-17],[-7,2],[0,28],[9,21],[-2,21],[1,13],[9,13],[0,21],[-3,9],[-7,12],[-4,-4],[-10,16],[-5,19],[1,-15],[-4,-5],[-4,23],[-4,7],[-2,19],[-5,6],[0,10],[3,15],[-13,12],[-2,-8],[4,-15],[-10,-5],[-3,3],[-2,20],[6,34],[4,14],[3,24],[-1,12],[-9,-6],[-4,12],[-2,23]],[[301871,563937],[-2,40],[-9,13],[-1,22],[6,16],[2,31],[6,0],[5,33],[4,19],[-3,33],[3,10],[0,59],[5,-13],[4,1],[-4,30],[4,38],[-3,-11],[-7,-3],[-2,36],[7,14],[-1,20],[10,10],[-4,23],[4,8],[17,17],[1,-11],[-6,-14],[3,-9],[15,2],[-2,-29],[4,-10],[6,3],[2,48],[8,18],[8,35],[6,9],[-6,26],[6,25],[7,73],[-4,30],[6,43],[-1,12],[-9,25],[0,20],[7,-6],[5,9],[-1,19],[6,-5],[-1,36],[10,20],[4,-10],[5,3],[7,28],[6,-27],[4,12],[6,-17],[3,2],[0,20],[11,5],[1,12],[8,0],[1,9],[-6,13],[2,18],[6,-12],[8,9],[4,25]],[[303073,569597],[5,-2],[0,14],[10,18],[4,20],[7,-22],[7,1],[5,20],[-1,9],[-6,11],[6,0],[8,-15],[11,13],[2,-16],[4,2],[7,-11],[11,11],[6,-22],[4,0],[4,16],[-4,28],[-4,6],[-4,28],[6,8],[6,-11],[9,10],[17,-39],[4,-2],[5,14],[5,7],[1,10],[-9,12],[-2,13],[3,20],[12,-13],[3,-12],[4,2],[8,17],[6,5],[3,22],[4,9],[0,14],[-4,25],[2,4],[7,-12],[10,17],[2,18],[7,8],[5,16],[7,7],[1,26],[15,30],[9,19],[9,24],[4,10],[2,28]],[[303316,570012],[17,-1],[8,-12],[2,-9],[3,-28],[5,41],[9,32],[12,18],[7,26],[7,17],[9,33],[7,14],[1,-25],[-15,-71],[7,-3],[13,1],[16,-17],[18,-23],[6,-14],[0,-80],[-10,-14],[-25,-68],[5,-5],[10,-53],[3,-12],[-4,-1],[5,-7],[5,1],[13,-9],[2,0],[-1,-101],[-59,-2],[1,-40],[-6,-53],[2,-29],[-9,-85],[-3,-13]],[[303377,569420],[5,-12],[-2,-27],[-21,28],[-2,-16],[8,-11],[-5,-78],[7,-5],[2,-39],[-3,-22]],[[303366,569238],[-10,-25],[-17,-17],[-41,-27],[-12,-17],[0,-29],[-12,-51],[3,-7],[-19,-20],[-17,7],[-2,-1],[-7,-8],[-4,-8],[-5,-15],[-4,-4],[1,-19],[-1,-15],[-8,-28],[-4,-23],[-8,13],[-1,-14],[-6,-1],[-5,-35],[1,-16],[-4,1],[-6,-19],[13,-11],[-3,-34],[-13,25],[-5,-22],[-7,15],[-4,-17],[-7,19],[-12,-1],[11,-74],[-16,-22],[0,-23],[-12,6],[-1,-16],[-8,21],[-10,-26],[-18,41],[-2,16],[-7,-16],[3,-12],[-5,-25],[3,-13],[7,-9],[-9,-45],[4,-28],[-8,-70]],[[303072,568539],[-8,23],[-7,13],[-7,9],[-19,8],[-17,1],[-9,-10],[-10,-27],[-8,-8],[-4,-21],[-7,-5]],[[302976,568522],[-5,-11],[-9,-39],[-3,-2],[-5,-24],[-1,-21],[-8,-4],[-4,-20],[-24,-14],[-22,-38],[-13,-25],[-9,-10],[-5,-33],[1,-24],[0,-8],[-2,-7],[1,-16],[-1,-5],[-1,-2],[-3,5],[-2,0],[-3,-5],[-6,-5],[-3,0],[-9,0],[-8,-27],[-6,-3],[0,-22],[-3,-20],[-13,-10],[-7,-13]],[[302803,568119],[2,26],[-10,16],[7,14],[-5,14],[5,15],[-7,22],[-1,12],[2,17],[5,-4],[-1,37],[4,-3],[-1,21],[5,4],[7,18],[-4,9],[-1,17],[10,-2],[1,35],[-6,11],[2,8],[4,-4],[6,24],[4,-12],[-2,26],[3,19],[-6,2],[-1,12],[3,6],[8,-15],[4,13],[2,-18],[4,7],[6,-2],[0,-16],[4,-9],[1,20],[6,-1],[4,8],[9,-2],[0,9],[6,1],[-4,28],[2,11],[5,6],[1,17],[6,12],[-1,9],[-5,6],[-1,9],[5,-1],[4,6],[4,-7],[-1,17],[9,14],[1,9],[-4,10],[-2,-11],[-2,44],[2,5],[-7,11],[1,17],[-3,20],[-5,-4],[2,16],[-2,22],[-1,14],[-6,13],[-1,26],[-5,0],[9,24],[5,-11],[3,26],[11,5],[5,28],[2,26],[6,28],[2,-6],[9,-3],[-1,26],[12,1],[10,14],[0,-10],[9,1],[6,7],[0,-13],[15,-4],[-4,-12],[6,-10],[12,27],[-5,8],[-2,28],[6,-12],[5,12],[8,-7],[-2,15],[7,10],[-4,14],[2,15],[-3,17],[8,10],[-2,9],[0,32],[-4,0],[3,17],[-2,15],[5,28],[-3,8],[-6,-22],[-1,20],[8,18],[-5,2],[-2,30],[7,9],[-2,10],[-9,2],[0,18],[7,2],[0,19],[5,12],[0,10],[-6,1],[-1,16],[5,15],[-5,8],[-4,20],[4,21],[6,5],[4,15],[1,46],[13,28],[4,20],[3,41],[12,5],[2,15],[4,-13],[0,27],[7,35],[11,13],[1,0],[1,-5],[1,-2]],[[308099,585649],[35,-16],[1,-47],[-2,-11],[8,-8],[-1,-21],[-3,-4],[-7,-74],[-25,18],[3,45],[6,100],[-19,13],[4,5]],[[303832,567754],[9,32],[3,12],[5,-7],[3,-6],[2,0],[-4,-21],[-12,-52],[2,-5],[1,3],[0,3],[1,4],[1,6],[5,-32],[-9,-12],[-3,23],[-8,42],[4,10]],[[305357,582595],[6,9],[2,73],[4,3],[4,-59],[16,12],[2,-16],[10,8],[2,-9],[-9,-13],[9,-47],[-8,-12],[-1,-18],[-9,2],[-10,-25],[-6,46],[-11,20],[-1,26]],[[300812,556245],[40,172],[14,-34],[21,7],[34,18],[14,1],[18,-9],[6,-10],[183,102],[70,175],[-9,-14],[-6,2],[-20,86],[-9,32],[-19,37],[8,20],[2,14],[13,21],[15,7],[16,-4],[41,-16],[15,1],[7,3],[2,11],[5,-9],[6,-35],[2,-35],[224,208],[7,3],[3,9],[-8,9],[-6,2],[-12,10],[-6,24],[-3,5],[-11,-4],[-7,-12],[-9,-2],[-12,8],[-9,11],[-19,4],[-7,7],[-5,6],[-12,29],[-5,18],[-16,21],[6,20],[15,7],[0,127],[15,52],[11,-32],[9,4],[1,28],[5,-3],[1,22],[3,8],[11,-6],[13,2],[0,53],[4,108],[49,1],[0,14],[7,-3],[3,52],[6,87],[21,10],[24,-25],[3,-6],[33,-17],[-2,158],[-5,435],[-17,55],[14,69],[-19,68],[-3,23],[-5,48],[1,6],[6,-15],[9,-4],[6,13],[1,13],[-9,73],[-12,1],[-19,15],[-14,-3],[-7,-21],[-6,-5],[-34,454],[-22,106],[12,36],[-8,102],[8,96]],[[301483,559370],[18,26],[7,21],[2,9],[3,43],[7,21],[6,30],[9,94],[3,28],[-17,149],[-1,8],[26,127],[3,31]],[[301549,559957],[27,226],[18,-48],[31,-84],[13,-27],[7,-25],[4,-44],[1,-44],[18,8],[4,-1],[20,27],[27,9],[-6,-44],[5,-44],[18,31],[4,24],[30,100],[5,-17],[-1,-16],[6,0],[11,-44],[0,-17],[-4,-33],[-18,-46],[0,-54],[-7,-13],[-4,-24],[-3,-46],[-5,-19],[-4,-36],[-7,-31],[5,-54],[-6,-37],[1,-18],[15,-1],[-13,-58],[19,-29],[9,41],[5,35],[9,44],[5,16],[6,-17],[-1,-33],[3,-17],[16,43],[5,6],[68,20],[1,-6],[37,-140],[2,-6],[72,-51],[14,80],[1,34],[23,138],[107,1],[11,128],[-12,299],[25,-58],[8,-13],[20,-22],[3,0],[31,20],[28,8],[17,25],[17,32],[5,6],[30,17],[2,3],[23,83],[-1,48],[16,32],[7,19],[-13,-1],[-9,6],[-7,24],[-8,3],[-4,9],[1,16],[-5,-5],[-63,243],[-12,41],[6,8],[22,19],[1,12],[-14,45],[5,18],[-1,11],[4,18],[-4,26],[1,13],[7,5],[9,-10],[16,-31],[5,7],[0,20],[5,0],[4,-28],[9,-10],[5,13],[0,14],[-8,50],[5,16],[10,-16],[12,24]],[[302351,560803],[15,-38],[6,-8],[13,-8],[6,-11],[6,-39],[6,-17],[3,-2],[11,9],[5,-11],[5,-43],[11,-43],[1,-14],[0,-42],[-5,-31],[-1,-36],[-1,-60],[0,-11],[2,-16],[5,-14],[6,-3],[12,1]],[[302457,560366],[0,-17],[-4,-11],[-17,-17],[-23,-15],[3,-60],[1,-124],[-1,-53],[-6,-50],[-1,-11],[23,-157],[6,-49],[19,-64],[2,-13],[-2,-36],[-9,-51],[1,-21],[8,-13],[15,14],[7,2],[3,-13],[-8,-43],[-6,-7],[-3,-1],[-9,23],[-5,-2],[-2,-35],[0,-58],[-5,-16],[-11,-6],[-10,-21],[-5,-31],[-4,-13],[-14,-3],[-3,-6],[-4,-27],[1,-52],[7,-39],[4,-15],[-1,-17],[-5,-12],[-13,10],[-4,-3],[-5,-25],[-2,-36],[-8,-42],[-1,-24],[0,-23],[8,-67],[5,-19],[9,-8],[12,15],[14,6],[12,-15],[5,-15],[0,-11],[-7,-26],[-3,2],[-3,25],[-4,1],[3,-35],[-1,-16],[-6,-18],[-2,-32],[4,-24],[9,-2],[-2,-16],[-7,-23],[0,-26],[4,-19],[8,19],[5,-5],[-1,-47],[15,-36],[4,0],[8,31],[5,-1],[2,-28],[-6,-36],[-1,-21],[1,-23],[-1,-33],[8,0],[11,-8],[1,-7],[-4,-49],[-7,-38],[-5,-18],[-3,-37],[-5,-30],[-15,-66],[-3,-28],[-4,-52],[-1,-11],[-3,-20],[-2,-25],[1,-50],[-15,-85],[-8,-36],[-16,-73],[-43,-147],[-3,-10],[5,-10],[-20,-89],[-16,-59],[-13,-16],[3,-17],[-4,-9],[0,-18],[10,-53],[15,-30],[-25,-74],[-4,-20],[-17,-203],[-2,-19],[-18,-76],[-5,-24],[111,9],[1,73],[71,0],[7,-26],[15,-24]],[[302453,557105],[-16,-273],[-2,-36],[-17,-178],[-13,-65],[-16,1],[-13,-25],[0,-46],[9,-47],[11,-30],[6,-76],[-8,-41],[-16,-156],[-15,-209],[-12,-270],[-2,-86],[1,-103],[15,-313],[-21,-150],[-2,-15],[0,-72],[-16,-106],[-10,-98],[-9,-41],[-65,-166],[-26,-67],[-37,-132],[-3,-11],[-30,-135],[-5,-5],[-66,-70],[-22,-37],[-30,-49],[1,11]],[[302024,554009],[28,56],[4,12],[11,52],[10,81],[2,28],[-3,38],[-3,16],[-8,27],[-8,17],[-15,25],[-13,11],[-22,27],[-13,-1],[-8,-10],[-30,-1],[-28,9],[-28,48],[-20,27],[-29,15],[-29,-6],[-11,25],[-10,38],[-15,24],[-14,15],[-24,62],[-16,51],[-16,40],[-27,27],[-25,51],[-10,34],[-5,20],[-11,75],[-11,59],[-19,35],[-15,34],[-5,16],[-3,47],[-21,35],[-7,20],[-7,11],[-9,-4],[-16,-15]],[[301525,555180],[-19,30],[-7,19],[-1,22],[10,36],[1,32],[-6,28],[-6,16],[-9,4],[-5,-16],[-6,14],[3,11],[8,11],[3,17],[-4,29],[-3,-1],[-14,-34],[-4,-7],[-14,-8],[-9,-16],[-3,3],[-1,28],[16,51],[2,17],[-7,16],[-5,-3],[-12,-26],[-8,-21],[-6,-6],[-7,10],[-1,17],[7,29],[9,45],[0,24],[-3,9],[-11,-2],[-8,-63],[-5,-25],[-7,-18],[-7,-9],[-8,0],[-18,27],[-32,60],[-20,24],[-21,4],[-21,18],[-16,25],[-5,39],[-6,8],[-17,8],[-5,6],[-2,14],[-2,40],[-8,65],[-6,-2],[-12,-41],[-13,-10],[-4,12],[0,10],[10,45],[1,28],[-5,23],[-10,23],[-48,26],[-55,53],[-5,2],[-15,-7],[-14,5],[-19,68],[-21,43],[-36,48],[-25,21],[-26,16],[-23,7],[-15,6],[-14,13],[-14,36],[-24,39]],[[303279,583664],[7,18],[15,16],[12,2],[4,15],[1,4],[2,3],[7,8],[0,-15],[16,-3],[13,6],[2,-43],[-3,-1],[-15,0],[-11,2],[-5,27],[0,-40],[-12,1],[1,-37],[-12,-14],[4,-44],[6,4],[-9,-24],[-4,2],[1,37],[-5,19],[-13,1],[0,25],[-4,1],[2,30]],[[303218,583988],[29,54],[16,30],[16,29],[20,38],[58,109],[37,70],[11,37],[12,42],[8,22],[13,24],[10,11],[2,2],[7,7],[2,2],[11,11],[14,15],[4,4]],[[303488,584495],[-1,-82],[-5,-6],[8,-19],[6,-14],[1,-5],[3,-14],[1,-13],[7,2],[2,-37],[4,0],[2,-40],[19,0],[0,-28],[11,-11],[-12,-1],[-3,-9],[-5,8],[-6,-5],[5,0],[6,-27],[14,-2],[-4,-56],[-9,2],[-1,53],[-2,-27],[-8,1],[-2,-8],[-2,-6],[-3,-9],[-1,-8],[-1,-8],[2,-10],[14,-8],[12,-1],[3,-10],[0,-20],[13,-1],[1,-23],[16,-1],[7,9],[-7,1],[0,11],[-2,1],[0,8],[-1,8],[1,5],[3,25],[11,1],[0,21],[-1,12],[-10,-1],[1,17],[-17,-3],[0,25],[6,5],[0,19],[17,-15],[0,2]],[[303581,584203],[3,-4],[1,88],[2,-8],[6,0],[0,-70],[-2,0],[0,-9],[2,-5],[-1,-12],[12,-19],[12,-31],[5,-10],[8,5],[5,64],[13,-7],[14,-22],[9,-22],[11,-5],[6,-12],[24,-6],[-3,-119],[-1,-18],[4,-18],[11,-1],[10,-29],[13,4],[0,35],[-7,8],[0,53],[-5,24],[-1,33],[24,-25],[-9,-7],[10,-1],[6,12],[2,16],[5,5],[16,-9],[7,4],[5,10],[1,12],[2,-26],[7,-16],[4,-15],[-3,-10],[-7,-4],[4,-14],[4,2],[3,-14],[1,14]],[[303814,584024],[1,-43],[-7,1],[-1,-46],[-4,-23],[4,-13],[9,-2],[-1,-40],[-24,3],[0,-35],[-10,0],[0,-62],[8,-6],[-2,-18],[0,-37],[-1,-6],[-2,-21]],[[303630,583617],[-1,21],[-8,3],[-12,1],[2,108],[-6,9],[-7,3],[-1,51],[-2,21],[-19,-44],[-1,6],[-16,-1],[-4,-10],[-4,-12],[1,58],[-7,1],[0,31],[-11,-56],[-6,-30],[-6,23],[-6,1],[0,-26],[-9,13],[-11,-1],[0,-17],[-10,-6],[-15,15],[-8,27],[-2,22],[-1,17],[-2,0],[-4,60],[0,29],[5,-2],[1,14],[-5,5],[-8,6],[-21,37],[1,-15],[-4,0],[-2,9],[-4,0],[0,11],[-5,8],[-3,3],[-2,0],[-3,-1],[-2,-1],[-4,-5],[0,-33],[-22,-12],[-3,-9],[0,-7],[13,-15],[-1,-80],[-1,4],[-11,18],[-17,13],[-14,21],[-10,-15],[1,24],[-2,33],[-4,15],[-4,11],[1,74],[-20,-3],[-3,-35],[-4,-15],[4,-33],[0,-33],[-4,-2],[-7,-30],[-3,-3],[-17,-48],[-3,-16],[0,-36],[-6,-29],[-1,-14],[-7,-13],[1,-35],[-3,-23],[-7,-10],[-5,2],[-9,-23],[-1,-9],[1,-25],[-1,-45],[1,-22],[-2,-36],[-3,-7],[-9,-32],[-9,-73],[-5,-28],[-6,-18],[-8,-11],[-7,-24],[-9,-13]],[[303814,584024],[6,25],[5,-6],[7,13],[4,-20],[10,27],[6,-6],[8,66],[-8,18],[1,28],[-7,-13],[4,-25],[-1,-9],[-6,-11],[-8,8],[1,31],[6,7],[2,19],[9,4],[0,18],[5,12],[0,16],[6,1],[1,29],[9,-1],[1,16],[4,36],[-8,1],[1,5],[-2,36],[9,35],[4,11],[-5,16],[0,27],[-4,6],[-2,12],[-2,30],[-5,-4],[-7,3],[-2,32],[-10,59],[-2,19],[2,16],[-1,18],[-7,24],[-1,22],[7,17],[3,15],[1,31],[-3,5],[2,30],[5,14],[-9,-9],[0,-31],[-2,20],[-5,1],[0,-15],[-2,2],[2,38],[9,1],[11,3],[39,25],[45,33],[7,1],[4,18],[8,24],[-11,7],[-9,23],[-7,35],[1,27],[4,33],[0,35],[-3,23],[13,11],[-1,-11],[8,-2],[0,17],[4,-12],[2,-25],[10,-2],[2,8],[4,-10],[13,33],[5,6],[-24,33]],[[303970,585127],[2,22],[4,10],[12,-24],[5,-2],[4,-1],[1,24],[-5,0],[-1,41],[0,12],[3,14],[11,0],[0,8],[2,-1],[-1,-7],[2,12],[9,82]],[[304074,585409],[-7,-32],[6,-4],[-1,-5],[-5,8],[-6,-13],[-22,-32],[-11,-23],[-4,-30],[-2,-60],[8,-2],[3,-15],[0,-8]],[[304033,585193],[-1,-26],[-6,1],[0,-41],[-5,1],[-11,2],[0,-25],[0,-16],[-5,0],[1,-8],[7,-39],[-4,0],[0,16],[-7,1],[-1,-11],[0,-34],[-1,-6],[3,-32],[2,-3],[2,-5],[10,-11],[-3,-48],[7,-35],[2,-17],[3,18],[1,21],[2,68],[5,-38]],[[304034,584926],[8,-54],[1,-22],[2,-37],[-3,-46],[-10,-63],[-2,-21],[1,-15],[16,-100],[1,-4],[6,-13]],[[304054,584551],[-2,-1],[-12,-7],[-8,2],[-8,4],[0,-34],[-5,0],[0,-20],[-6,0],[0,-10],[-3,-1],[-2,-3],[0,11],[-2,0],[-4,2],[0,-13],[-2,4],[-7,35],[-1,10],[1,-32],[-2,-15],[-3,-20],[25,-27],[6,-18],[2,11],[9,-19],[-4,-29],[-3,-50],[-1,-17],[-1,-12],[6,-24],[-7,-77],[4,3],[-3,-3],[-4,-1],[0,-8],[-1,-19],[-6,-38],[2,-71],[-5,-11],[-4,4],[-9,-2],[-4,-3],[-2,-58],[-2,-14],[6,-23],[6,-9],[1,-14],[6,1],[3,-21],[-5,5],[-2,-15],[9,-22],[-1,-17],[2,-40],[5,-15],[3,-25],[-6,-37],[5,-6],[7,-15],[4,-10],[4,0],[7,-7],[3,-46],[-1,-31],[14,-26],[6,-1],[23,-26],[5,-47],[-1,-19],[15,3],[-4,-75],[-4,-52],[-3,-17],[11,9],[8,-22],[0,-31],[-19,2],[3,-30],[9,0],[1,-15],[6,-22],[11,-62],[0,-18],[5,-29],[-1,-14],[3,-31],[11,-49],[3,-20],[-22,-63],[2,-4],[5,-4],[24,-1],[-1,-31],[0,-24],[-7,1],[-1,-7],[8,-4],[0,-11],[1,-16],[-24,2],[-17,16],[-11,-143],[20,0],[0,-134],[2,1],[4,-8]],[[304127,582611],[-1,-4],[-1,-2],[-1,0],[-2,-1],[-1,-1],[-1,-1],[-1,0],[-1,0],[-1,-2],[-1,-1],[-1,-4],[-9,4],[-13,-5],[-13,8],[-9,17],[-22,0],[-5,3],[-10,13],[1,23],[-10,1],[-8,14],[-5,-1],[-2,6],[2,20],[-5,7],[-2,42],[-7,1],[-7,16],[-2,22],[-2,6],[-5,58],[-4,15],[0,6],[-10,26],[-9,17],[-12,12],[-5,-1],[-12,19],[-5,37],[-2,5],[-6,-9],[-9,-8],[-5,37],[-3,30],[5,30],[0,15],[-4,29],[-2,2],[-7,28],[-5,4],[-5,-12],[-12,29],[-18,7]],[[307727,585456],[-6,-11],[-4,-22]],[[307717,585423],[-26,86],[-4,-8],[-5,-29],[-3,-82],[-28,16],[2,87]],[[306803,594455],[-7,26],[-10,-11],[-12,-67],[-5,1],[-9,-8],[-10,2],[-9,11],[-13,-4],[-3,10],[-3,29],[2,37],[1,42],[-15,25],[-2,20],[-12,36],[-10,-4],[-8,7],[-3,53],[-4,11],[-13,11],[-16,-2],[-5,-17],[-11,-24],[-14,-6],[-16,-22],[-16,0],[-30,18],[-7,-26],[-5,-41],[-4,-10],[-4,14],[-7,8],[-12,6],[-2,4]],[[299902,569831],[4,-56],[7,-37],[12,-46],[10,-27],[17,-106],[6,-15],[6,28],[14,45],[-2,9],[0,58],[5,3],[4,-10],[1,14],[5,-4],[3,14],[-9,13],[8,33],[0,48],[6,-3],[5,-18],[6,-8],[12,11],[7,14],[16,14],[6,-1],[4,14],[9,-6],[7,-16],[21,-21],[10,9],[10,-1],[2,-5],[10,-29],[11,-1],[10,-12],[9,-4],[6,-21],[12,10],[8,-33],[6,3],[7,-14],[8,1],[1,-32],[-1,-25],[-5,-47],[34,-29],[21,-35],[48,8],[5,-89],[6,-52],[50,-201],[22,-115],[6,32],[18,191],[10,17],[22,12],[9,12],[7,7],[15,0],[5,33],[12,18],[20,44],[9,12],[2,12],[-2,11],[2,20],[-1,19],[-5,2],[-10,-27],[-10,-8],[3,25],[10,10],[2,18],[8,13],[5,0],[3,23],[-3,18],[5,12],[1,10],[7,2],[3,11],[8,8],[10,-18],[7,3],[6,-6],[1,28],[5,-12],[3,13],[4,-16],[6,3]],[[300585,569613],[2,-36],[0,-30],[-5,-62],[1,-33],[5,-16],[9,-16],[12,-45],[10,-32],[10,-25],[5,-20],[9,-47],[11,-31],[8,4]],[[300662,569224],[6,16],[5,6],[5,-5],[4,-19],[-3,-28],[-7,-37],[-1,-33],[4,-18],[7,-17],[4,-26],[2,-45],[-5,-17],[-9,-9],[-3,-18],[2,-39],[4,-5],[5,6],[10,21],[4,18],[3,27],[0,31],[1,14],[7,7],[3,-3],[9,-31],[5,-8],[5,3],[3,20],[3,50],[5,15],[7,-10],[3,-35],[5,-10],[14,-5],[18,-12],[4,-15],[-3,-39],[1,-21],[-3,-23],[-6,-11],[-8,3],[-5,-19],[2,-20],[7,-24],[-1,-15],[-4,-19],[1,-15],[8,-19],[15,-8],[12,-13],[9,-24],[5,-22],[0,-39],[-6,-44],[-15,-51],[-4,-29],[-3,-9],[-6,-6],[-5,6],[-6,25],[-11,-6],[-4,-13],[-1,-8],[1,-31]],[[300761,568519],[-44,52],[-27,30],[-8,3],[-8,-5],[-8,7],[-7,14],[-2,15],[3,24],[-27,34],[-5,-5],[-8,10],[-5,-6],[-14,-101],[-4,-8],[-5,27],[-19,-37],[3,-48],[9,-34],[1,-30],[-1,-12],[-17,-49],[-5,-16],[-3,-7],[-1,10],[-2,-4],[-3,-6],[-1,4],[-3,-6],[-7,-14],[-7,24],[-16,-24],[-5,25],[15,19],[-3,18],[-3,-5],[-9,42],[-15,-17],[-5,-11],[5,-26],[-40,-46],[-13,-19],[13,-76],[-6,-11],[-6,36],[-5,0],[-19,-28],[-6,20],[-9,-79],[-45,68],[-14,-18],[9,-100],[-9,-15],[-16,19],[-4,-7],[7,-45],[-13,-45],[-6,-8],[-1,-24],[-4,19],[-5,-7],[-5,9],[-4,-18],[-2,-7],[1,-5],[0,-9],[0,-12],[-5,-12],[0,16],[-5,11],[7,11],[-1,15],[-5,1],[-2,18],[-9,10],[3,4],[-3,30],[-11,12],[-9,45],[2,23],[-3,-5],[-6,57],[4,-1],[-6,10],[-5,13],[1,39],[3,11],[-6,0],[-4,43],[-11,-23],[5,-45],[-21,-64],[-7,-4],[-16,36],[-8,11],[-5,-20],[-6,10],[-8,-31],[-2,1],[1,-13],[-15,-21],[-3,-25],[-5,-9],[1,-9],[-19,-27],[-2,12],[-6,-10],[-3,23],[4,15],[-7,16],[-7,-4],[-2,-11],[3,-45],[6,-17],[-9,-13],[-58,80],[-48,66],[-7,-33],[-12,-12],[-13,6],[3,-60],[-10,1],[-10,14],[2,10],[-5,7],[-2,36],[-5,-4],[-13,5],[-11,10]],[[299907,568208],[1,12],[-2,41],[17,-18],[32,-11],[-2,123],[1,39],[-4,-3],[-34,-9],[-17,-9],[-1,31],[0,7],[1,31],[-13,114],[0,11],[7,90],[-1,17],[-4,37],[-10,63],[-7,44],[5,23],[10,23],[4,20],[9,9],[9,21],[7,5],[8,28],[20,66],[-6,16],[-57,21],[-9,-2],[-6,-12],[-3,28],[-8,46],[1,8],[9,0],[10,37],[3,-9],[7,24],[11,11],[8,3],[3,14],[6,0],[4,-18],[4,1],[9,-17],[6,7],[7,-12],[0,-14],[8,-10],[4,7],[4,-7],[8,1],[7,-9],[2,-16],[8,0],[10,-10],[13,-36],[3,10],[-6,19],[-7,51],[-1,43],[-3,11],[1,29],[-8,44],[0,27],[-5,-4],[-3,26],[3,20],[7,11],[-6,43],[-23,24],[-11,60],[-3,24],[-8,32],[-10,13],[-4,12],[-11,15],[-10,23],[-9,26],[-12,47],[-10,24],[-8,24],[-4,24],[-9,28],[-9,16],[29,22],[25,27],[8,-5]],[[303499,569406],[7,18],[24,35],[10,-11],[8,78],[10,91],[9,-6],[5,-17],[2,-33],[8,-26],[14,25],[37,37],[1,45],[-5,42],[-4,14],[-24,53],[22,15],[10,11],[19,3],[21,5],[31,-24],[1,-12],[6,-28],[8,72],[69,13],[-3,17],[-12,38],[0,31],[6,24],[3,32],[8,13],[8,31],[-53,44],[6,109],[0,120],[0,34],[14,-14],[11,15],[25,-39],[22,3],[-20,33],[9,8],[-10,24],[9,16],[4,0],[-2,12],[6,19],[0,11],[6,9],[9,25],[19,34],[10,29],[5,7],[12,98],[6,58],[8,-27],[4,-3],[6,9],[16,0],[17,3],[21,245],[2,27],[0,4],[-18,49],[-8,42],[0,61]],[[303934,571057],[16,12],[6,19],[14,66],[17,-23],[5,28],[8,-28],[6,8],[5,-11],[3,10],[1,11],[-4,11],[24,68],[11,38],[8,-3],[10,-10],[12,-30],[11,-2],[12,-12],[3,-15],[-2,-31],[2,-56],[1,-11],[26,-14],[10,-10],[8,3],[6,11],[6,2],[12,23],[4,-5],[15,-14],[4,-32],[12,-12],[15,-3],[9,-24],[9,-4],[3,13],[10,-7],[5,5],[8,-6],[8,-16],[6,81],[4,13],[13,20],[3,-30],[6,-37],[8,-37],[0,-11],[4,-16],[5,5],[2,-11],[7,21],[4,-28],[9,-30],[6,-7],[8,7],[2,-18],[7,3],[3,13],[4,-15],[11,6],[2,-35],[4,-7],[8,24],[5,4],[7,-8],[3,12],[4,-8],[8,0],[6,21],[5,3],[5,-13],[-4,23],[4,19]],[[304442,570970],[3,-13],[30,-161],[9,-45],[10,-30],[-15,-40],[-7,-25],[3,-25],[-1,-75],[-1,-6],[-14,-22],[-29,3],[-11,12],[-3,-9],[-11,-30],[-9,-60],[-11,-21],[-9,-37],[-2,-14],[-10,1],[-1,-45],[-5,-1],[-8,36],[-10,-1],[-1,-33],[-11,-4],[-5,-111],[1,-11],[-5,-20],[-8,-16],[-2,-28],[-9,-53],[4,1],[3,-34],[1,-54],[8,2],[3,-66],[-17,-23],[4,-19],[0,-9],[6,-20],[4,-41],[-24,-43],[-8,-12],[12,-24],[19,-11],[6,-9],[6,-22],[2,-48],[5,-24],[-1,-11],[7,-15],[-2,-31],[41,-55],[-5,-31],[-2,-39],[-4,-42],[0,-61],[-2,-46],[2,-76],[5,-73]],[[304373,569150],[-9,12],[-63,96],[-8,-27],[-15,-18],[-8,-24],[-41,-117],[-8,-22],[-2,-6],[-2,-5],[-13,-35],[-2,-5]],[[304202,568999],[-6,-26]],[[304196,568973],[-5,-23],[-4,7],[-10,-1],[-1,-27],[-5,1],[-7,-15],[-3,7],[-9,-2],[-1,22],[-5,25],[-9,-30],[0,-18],[3,-1],[0,-37],[-15,4],[0,26],[-12,4],[-11,-15],[-8,-1],[-4,7],[-4,-9],[-11,-2],[-12,17],[-2,16],[1,62],[7,61],[0,31],[-2,38],[0,38],[1,13],[-13,9],[-17,3],[0,5],[5,-1],[0,31],[6,0],[1,15],[3,0],[1,29],[29,23],[0,-31],[-3,-29],[9,-2],[-1,53],[4,33],[-5,13],[20,2],[-3,16],[-9,29],[-7,13],[3,24],[6,38],[3,34],[8,19],[3,24],[-10,25],[-8,33],[-14,-9],[-11,-11],[-20,-64],[-9,-9],[-23,14],[-11,-14],[-12,-37],[-6,-14],[-7,-23],[-3,-27],[-6,-21],[10,0],[4,-4],[8,-21],[6,-4],[13,3],[9,-15],[3,24],[14,37],[-1,-23],[-4,-5],[-8,-36],[-1,-37],[7,-50],[1,-25],[-5,-21],[-8,7],[-7,17],[-20,27],[-10,3],[-34,2],[-18,12],[-12,-1],[-6,-5],[14,70],[10,32],[8,10],[7,22],[7,74],[9,63],[0,14],[-4,21],[-4,-16],[-15,-12],[-10,-19],[-7,-30],[-18,-31],[-9,-32],[-5,-8],[-10,-5],[-21,-18],[-7,-15],[-5,2],[-13,-10],[-7,-42],[2,-32],[-4,-15],[-8,-12],[-8,-11],[-3,1],[-11,21],[-6,6],[-1,20],[-7,31],[-2,26],[-11,17],[-15,8],[-7,20],[-11,10],[-14,22],[-10,-18],[-11,-13],[-7,11],[-9,-1],[-8,-23],[-1,-30],[-5,-9],[-7,-28],[-14,-35],[-6,2],[-5,3],[-27,-19],[-5,-10],[-4,-2],[-24,42],[-6,-6],[-13,29],[-8,11],[-4,21],[-2,18],[-2,5],[-12,11],[-16,1],[3,11],[-13,-11],[-4,-14],[-7,29]],[[306379,578923],[5,27],[6,30],[4,35],[-1,20],[7,26],[-3,19],[1,13],[-8,29],[7,21],[1,26],[-1,54],[3,39],[7,22],[7,9],[4,16],[2,24],[5,17],[-1,8],[1,35],[3,13],[8,5],[4,10],[2,52],[-1,28],[-5,7],[-5,27],[3,10],[6,-1],[1,24],[20,7],[5,7],[2,14],[-4,33],[-21,-11],[-1,19],[14,8],[-1,18],[-7,-3],[4,33],[1,55],[-2,4],[10,-12],[6,107],[-79,187],[19,141],[-31,47],[14,25],[0,48],[4,10],[-3,34],[-5,50],[0,3],[-2,6],[-12,35],[23,86],[-14,37],[-4,1],[30,120],[7,31],[26,1],[2,19],[10,13],[3,-2],[9,35],[5,2],[4,-8],[-1,-10],[3,-33],[4,-11],[15,-9],[4,0],[8,12],[-6,47],[28,30],[-28,13],[-1,11],[12,20],[1,48],[4,-3],[-3,-42],[4,8],[3,52],[7,-3],[1,22],[5,-2],[2,78],[4,68],[6,37],[3,-7],[0,36],[1,35],[27,9],[-5,47],[-1,48],[2,27],[-4,62],[-6,33],[-2,44],[-9,52]],[[306551,581487],[0,24],[3,4],[14,40],[31,-19],[1,4],[6,-2]],[[306606,581538],[6,-2],[0,-12],[-2,-65],[2,-69],[-1,-37],[-5,-23],[1,-35],[7,-118],[20,-3],[-4,-88],[-3,-26],[-2,-48],[25,37],[2,-32],[4,-19],[4,-53],[3,-22],[8,-18],[11,-34],[4,-22],[1,-45],[3,-39],[1,0],[3,-12],[1,-14],[31,-2],[2,-4],[15,-36],[-9,-84],[24,-12],[8,102],[0,19],[42,-15],[4,8],[15,13],[7,21],[2,26],[6,26],[-2,14],[4,17],[1,25],[4,6],[10,-10],[5,12],[6,0],[4,-9],[7,-45],[0,-42],[13,-17],[3,-17],[-2,-26],[5,-37],[27,-10],[-2,-63],[4,-41],[1,-33],[-1,-48],[5,-61],[4,-49],[11,-59],[2,-27],[-4,-36],[5,-46],[5,-32],[11,19],[11,13],[-10,36],[2,37],[-13,18],[6,0],[24,24],[4,7],[3,-16],[9,-19],[14,-1],[12,-8],[9,-33],[12,-13],[1,-15],[10,-77]],[[307062,580139],[3,-60],[0,-39],[-10,-21],[-21,-90],[-6,11],[-1,-35],[4,0],[6,-48],[-10,-23],[-9,-48],[-4,-24],[-10,-10],[-16,-76],[-11,-43],[-8,19],[-1,2],[-12,45],[-23,-66],[-14,-44],[-2,-23],[3,-26],[2,-2],[12,-34],[7,-30],[3,-43],[11,-45],[1,-53],[3,-23],[-2,-18],[2,-32],[0,-19],[-6,-59],[4,-34],[-1,-60],[6,-20],[-2,-2],[-3,-37],[-7,-56],[-17,-18],[-14,-62],[105,-208],[-2,-18],[-7,-34],[-6,2],[-5,25],[-6,3],[-5,-7],[-5,-20],[-8,22],[-2,13],[7,17],[-2,23],[-2,5],[-5,-13],[-8,-3],[-15,-40],[-5,3],[-7,18],[-5,-3],[-3,-38],[-4,-9],[-7,4],[-12,31],[-3,-23],[-1,-29],[-8,-11],[-8,-62],[-4,-10],[-8,2],[-4,7],[0,31],[-5,16],[-6,0],[-4,-14],[-9,-1],[-1,2],[-16,18],[-4,14],[-5,-3],[-5,-18],[-10,4],[-3,-4],[-1,-22],[2,-18],[-7,-9],[-7,18],[-15,4],[-6,11],[-9,32],[-9,-5],[-4,26],[-6,21],[-11,0]],[[306733,578643],[-9,4],[-6,25],[-3,25],[-14,35],[-6,-16],[12,-11],[3,-17],[-1,-14],[-10,-10],[-6,8],[-5,21],[-3,-1],[-4,-25],[-7,2],[-10,32],[2,26],[-6,-1],[-2,-16],[-6,-2],[-10,29],[-7,3],[-6,-6],[-11,1],[-5,6],[-11,-4],[-14,-12],[-30,18],[-8,-15],[-6,2],[-3,13],[-6,3],[-1,-38],[-6,1],[-15,-25],[-9,2],[-6,9],[-5,3],[-19,-4],[-23,-11],[-32,19],[-20,26],[-24,72],[-4,28],[9,21],[-5,39],[0,12],[4,23]],[[307109,594051],[169,-1]],[[307278,594050],[-24,-198],[-10,-64],[-6,-58],[26,39],[18,26],[7,-27],[3,-24],[2,26],[2,45],[-1,-49],[-2,-26],[9,-17],[1,-15],[6,-32],[9,-12],[11,-4],[11,-21],[3,-10],[30,1],[22,6],[10,-12],[17,39],[7,38],[6,-5],[-1,-35],[1,-27],[-14,-174],[-9,-115],[112,112],[-2,24],[1,8],[9,8],[2,13],[11,10],[5,37],[8,12],[7,53],[3,22],[0,-64],[-2,-56],[-2,-320],[23,-8],[23,6]],[[307610,593202],[24,-33],[13,-31],[20,-17],[25,-20],[2,-4],[9,-18],[8,-30],[4,30],[9,22],[1,35],[3,-2],[5,-27],[6,-53],[5,-34],[4,-15],[4,-28],[8,-26],[2,-21],[5,-33]],[[307767,592897],[-1,-4],[-4,-22],[-11,-29],[-24,-36],[-16,2],[-8,-11],[-9,4],[-15,-17],[-5,-16],[-6,-3],[-12,19],[-14,1],[0,-8],[-26,13],[-12,-12],[-22,-1],[-4,4],[-6,24],[-6,7],[-8,-5],[-9,-30],[-12,8],[-25,47],[-7,7],[-7,-1],[-15,-12],[-9,-22],[-17,-17],[0,-64],[16,-47],[2,-5],[-10,-3],[2,-107],[-2,-30],[-7,-59],[-5,-28],[-7,-60],[-5,-63],[1,-31],[5,-18],[1,-27],[-5,-68],[-7,-23],[-1,-19],[4,-44],[25,-88],[-4,-60],[-40,-152],[-20,-63],[14,-60],[-7,-15],[-1,-9],[11,-51],[10,-26],[1,-10],[-8,-29],[-5,4],[-19,-61],[0,-24],[-4,-24],[1,-26],[12,-21],[13,-15],[20,-12],[5,4],[25,-19],[11,2],[4,-8],[9,0],[5,6],[13,-11],[3,-17],[9,-23],[19,1],[30,10],[10,14],[6,16],[10,46],[4,13],[13,14],[14,1],[7,5],[14,32],[2,-11]],[[307651,591424],[-5,-13],[-14,-23],[-19,-5],[-8,-8],[-6,-17],[-15,-59],[-8,-12],[-16,-7],[-21,-7],[-48,-3],[-22,-13],[-16,-17],[-20,-13],[-17,0],[-23,15],[-7,8],[-28,58],[-19,45],[-6,36],[-1,30],[-3,46],[-8,57],[-4,19],[-13,33],[-8,23],[-1,28],[5,36],[5,34],[3,39],[5,39],[10,50],[14,43],[12,17],[16,27],[8,21],[6,31],[8,25],[18,20],[7,22],[3,22],[2,95],[1,18]],[[307418,592164],[4,98],[-1,50],[-4,38],[-5,65],[-2,52],[-6,52],[-6,24],[-9,22],[-21,23],[-13,10],[-20,26],[-24,13],[-7,-5],[-7,-16],[-4,-3],[-9,15],[-3,19],[-2,51],[-1,9],[-3,15],[-2,4],[-12,27],[-8,8],[-3,0],[-1,4],[-13,13],[-15,5],[-8,19],[-5,30],[-1,14],[-7,24],[-5,-4],[-11,-7],[-11,22]],[[307173,592881],[-3,8],[-7,32],[-6,15],[-4,54],[-5,27],[-3,52],[-1,5],[-1,6],[-6,70],[-5,25],[-4,56],[-3,18],[-11,38],[-1,5],[-4,5]],[[307109,593297],[1,11],[4,39],[1,33],[0,38],[11,-11],[8,4],[2,3],[-1,20],[3,18],[14,-3],[2,8],[1,-6],[14,73],[10,6],[1,40],[6,31],[3,32],[-6,7],[6,17],[-2,8],[-13,3],[-65,377],[0,6]],[[306902,594053],[150,-1]],[[307052,594052],[10,-27],[6,-27],[6,-8],[-7,-22],[-9,4],[-4,-8],[6,-77],[6,-4],[1,-14],[-7,-17],[-10,-9],[-1,-78],[-13,-33],[-4,-15],[-3,-46],[-5,-10],[-10,31],[-12,0],[-3,-18],[-4,0],[-20,53],[6,51],[-14,30],[13,46],[-16,17],[6,81],[-42,38],[-15,7],[-7,-19],[-11,12],[0,17],[6,26],[1,20]],[[306041,586170],[3,13],[5,45],[7,36],[29,-7],[-20,48],[19,14],[11,-11],[10,31],[26,46],[3,22],[6,-1],[11,-12],[0,-12],[7,-33],[11,1],[1,-59],[6,30],[11,37],[27,87],[5,20],[9,43],[4,-24],[-9,-19],[-1,-18],[5,-25],[0,-24],[-2,-20],[6,-16],[2,-18],[7,-23],[2,-4],[12,2],[9,18],[2,28],[12,-2],[7,-10]],[[306284,586353],[-9,5],[-10,-2],[3,-40],[-8,8],[4,-29],[-5,-14],[-4,-20],[-7,-24],[3,-25],[-12,-16],[4,-5],[2,-42],[5,-23],[3,-102],[-5,-99],[-2,7],[-3,-18],[7,1],[7,11],[18,-2],[5,22],[17,51],[2,-5],[6,25],[1,24],[9,31],[9,0],[-2,10],[7,19],[3,39],[3,13],[4,-1],[1,-19],[13,33],[-1,-18],[7,-9],[9,42],[14,-32],[0,-13],[-10,-46],[9,-17],[6,-1],[17,5],[-1,-45],[-2,-29],[0,-67],[34,-36],[24,-26],[6,-5],[3,15],[3,8],[0,-3],[3,8],[32,56],[5,13],[5,-8],[3,-15],[-4,-108],[2,-18],[8,1],[-1,-25],[3,-19],[7,-21],[8,-12],[3,-30],[8,0],[1,-22],[4,1],[0,61],[19,-7],[15,-2],[0,8],[18,11],[0,11],[78,97],[14,-29]],[[306702,585840],[27,-56],[2,28],[7,21],[13,8],[3,34],[3,7],[14,-15],[12,-44],[11,-14],[4,3],[9,-20],[7,-8],[5,-17],[7,2],[6,18],[10,-9]],[[306842,585778],[6,-7],[11,-37],[6,1],[8,-7],[7,-1],[10,-11],[4,-17],[7,-7],[4,-30],[7,-40],[18,-53],[2,-18],[-7,-22],[5,-12],[0,-21],[-9,-16],[-13,-49],[0,-16],[5,-16],[-2,-29]],[[306911,585370],[-8,-45],[-1,-23],[-7,-40],[-10,-38],[-6,-41],[-14,-1],[-7,-19],[-11,-4],[-8,-17],[-17,27],[-8,-3],[-4,10],[-5,-6],[-7,11],[-1,11],[-14,17],[-5,13],[-8,5],[-7,-4],[-7,-10],[-13,1],[-8,-36],[-7,5],[-5,16],[-8,-1],[1,-28],[0,-45],[2,-134],[15,-40],[12,-27],[-5,-25],[1,-33],[24,-3],[0,-13],[11,-3],[2,-7],[27,56],[7,-21],[8,-38],[8,-18],[31,-37],[22,-229]],[[306881,584553],[-8,-51],[-9,-26],[-13,-26],[-13,-59],[-12,-40],[-7,-28],[-16,-60]],[[306803,584263],[-25,4],[-20,10],[-1,60],[-23,7],[-7,0],[-3,13],[-2,24],[-6,23],[-5,7],[-23,93],[-5,0]],[[306683,584504],[-11,-7],[-21,152],[-5,8],[-4,-5],[-19,115],[-2,-12],[-3,20],[-5,1],[-6,14],[-3,18],[1,31],[4,28],[24,13],[0,12],[-8,56],[-8,-25],[-3,-25],[-21,-37],[-9,-5],[-2,34],[-4,4],[-2,45],[-15,-2],[1,53],[-2,16],[-21,-7],[-8,-4],[-9,-13],[-6,-55],[-6,12],[-3,3],[-5,1],[-23,-3],[-28,29],[-4,-50],[-4,-30],[-7,-33],[-6,-12],[-17,-2],[0,2],[-1,0],[0,-2],[-15,1],[-1,30],[-7,9],[-3,35],[-23,-4],[-1,-6],[-39,-261],[-4,10],[-3,24],[-3,21],[-10,53],[-2,4]],[[306301,584758],[1,9],[-1,-8],[-1,0],[-9,17],[-11,27],[-2,29],[1,25],[4,26],[-1,32],[-2,5],[-2,38],[1,21],[1,4],[2,30],[3,10],[0,35],[-9,21],[-3,11],[3,18],[1,25],[-5,12],[0,23],[-7,43],[-1,2],[-2,3],[-4,-13],[-2,4],[0,-9],[-1,3],[6,26],[-3,18],[3,4],[-6,36],[1,30],[-2,-1],[0,-4],[-2,-13],[-3,-3],[-5,7],[-2,-5],[-6,5],[-2,8],[-6,9],[-5,6],[-3,-3],[-4,14],[0,21],[-7,10],[-4,17],[-12,-6],[-15,6],[-8,-4],[3,58],[2,19],[-5,22],[0,3],[3,8],[5,5],[-3,10],[-9,13],[3,107],[54,83],[3,134],[-23,5],[-24,2],[-6,-4],[-15,-24],[-19,-40],[-5,-4],[-28,2],[-13,4],[-10,11],[9,50],[9,81],[-4,1]],[[306097,585925],[1,26],[-3,18],[-1,61],[-9,17],[-22,-4],[-12,12],[-4,10],[-15,56],[8,24],[1,25]],[[308272,586652],[2,-48],[4,-17],[-25,24],[0,-41],[-11,9],[-9,41]],[[308233,586620],[-1,7],[5,1],[1,29],[14,-5],[1,17],[19,-17]],[[301211,567050],[4,3],[0,34],[-14,70],[-5,35],[-2,24],[-4,22],[1,7],[12,2],[9,11],[17,-10],[2,6],[31,20],[22,17]],[[301284,567291],[7,74],[4,5],[8,-15],[16,2],[0,-37],[-7,-57],[-5,-71],[15,-29],[23,-53],[-5,-35],[9,-41],[7,-27],[2,-58],[18,16],[12,-9],[15,-1],[8,-28],[6,-14],[6,1],[10,-19],[7,-19],[5,-32],[6,-18],[-8,-28],[99,-96],[-19,80],[50,396],[10,-13],[-3,108],[1,43]],[[301581,567316],[10,26],[7,-10],[29,18],[8,11],[9,20],[6,4],[6,18],[17,-2],[7,30],[7,4],[5,20],[-15,32],[-5,4],[-14,-1],[-2,22],[3,49],[-2,34],[3,21],[2,44],[-1,62],[-26,-22],[6,116],[-5,40],[4,-1],[19,7],[13,-23],[10,-41],[8,-15],[3,78],[38,1],[17,-20],[30,-33],[19,12],[0,10],[11,-3],[46,30]],[[301854,567858],[-16,-150],[15,-26],[19,30],[1,1],[5,-18],[4,12],[9,-4],[12,5],[6,7]],[[301909,567715],[6,-31],[-16,-33],[-11,-5],[-4,-14],[44,-76]],[[301871,563937],[-9,5],[-18,-25],[-9,-23],[-3,-4],[-2,16],[3,31],[-2,19],[-5,15],[-14,17],[-3,-2],[-2,28],[7,58],[-17,61],[-14,19],[-60,36],[33,212]],[[301756,564400],[7,-6],[9,6],[0,-31],[-4,-21],[2,-13],[-2,-32],[3,-9],[4,-10],[7,-2],[8,-10],[15,-28],[6,-2],[6,8],[0,9],[-4,15],[1,28],[8,-2],[8,7],[10,-8],[3,32],[-8,211],[-1,30],[0,5],[-2,10],[-11,68],[-2,19],[-1,23],[-1,26],[-1,42],[0,44],[-7,6],[-5,2],[-6,-1],[-13,-19],[-15,5],[-21,-28],[-20,13]],[[301729,564787],[-16,0],[-29,-8],[0,-19],[-3,-19],[-12,-27],[-5,5],[-9,-26],[-12,-21],[-4,-15],[-3,17],[-3,-11],[-9,-10],[-3,2],[-9,23],[-13,15],[-2,56],[-6,31],[-4,16],[-6,10],[-8,149],[1,48],[-17,42],[3,15],[-4,9],[-3,4],[-2,2],[-2,2],[-7,6],[-19,-27],[-4,-13],[-10,-8],[0,-21],[-5,-1],[-2,-11],[2,-10],[-1,-27],[-3,-33],[-3,-5],[-6,-22],[-7,14],[-18,6],[-4,-15],[-6,-40],[-11,-10],[-8,1],[-12,-39],[1,-24],[-3,-24],[1,-19],[-2,-34],[-5,-35],[-2,-49],[-3,-13],[-2,-49],[-7,-24],[0,-25],[3,-33],[-3,-33],[-1,-22],[-5,-18],[0,-25],[4,-37],[-2,-18],[6,-36],[-3,-25],[8,-15],[3,-49],[-4,-26],[1,-29],[2,-11],[1,-22],[4,-26],[0,-34],[-5,-16],[4,-13],[-1,-14],[6,-12],[1,-23],[-5,2],[0,-16],[4,-9],[-6,-6]],[[301415,563960],[-4,17],[-4,8],[-5,5],[-30,7],[-8,12],[-4,12],[-10,48],[-8,44],[-5,64],[-7,36],[-23,73],[-1,17],[7,27],[11,28],[8,42],[0,30],[-4,22],[-7,27],[-1,37],[5,43],[1,28],[-1,25],[-5,49],[-3,60],[1,18],[7,60],[-1,34],[-6,24],[1,44],[-2,6],[-10,7],[-4,18],[-3,38],[-7,34],[-1,19],[2,36],[-4,13],[-7,3],[-7,14],[-3,26],[5,25],[-1,24],[-5,20],[-12,11],[-11,19],[-1,29]],[[301248,565243],[3,13],[9,11],[6,14],[1,23],[-3,70],[0,84],[4,44],[1,23],[5,2],[4,-11],[15,-5],[13,-33],[3,1],[3,11],[-1,14],[-9,25],[-4,22],[1,12],[6,3],[6,-8],[5,17],[-2,11],[-17,22],[-2,11],[8,18],[-1,19],[-12,10],[-5,17],[-2,21],[3,33],[7,29],[4,35],[6,15],[3,19],[-5,17],[-5,-4],[-7,-24],[-6,-8],[-8,-4],[-12,4],[-4,13],[-4,45],[4,42],[-1,23],[-5,13],[-18,17],[-5,10],[-7,38],[-2,16],[3,40],[-1,53],[-5,24],[-7,16],[-14,20],[-6,14],[-4,17],[-10,77],[-10,46],[-13,37],[-8,22],[-3,19],[-6,81],[0,19],[2,23],[7,37],[18,66],[11,27],[10,7],[17,27],[7,32],[1,4],[2,24],[6,50],[5,104],[-1,16],[1,48],[-2,12],[-10,55]],[[301055,565397],[2,8],[13,-10],[9,27],[4,-22],[26,51],[25,-74],[8,23],[4,52]],[[301146,565452],[6,-11],[2,11],[14,-16],[2,8],[13,2],[4,-3],[14,3],[7,-30],[0,-14],[3,-19],[10,3],[1,-25],[-5,-4],[1,-20],[2,-20],[13,-27],[8,-34],[7,-13]],[[301415,563960],[2,-16],[0,-9],[-1,-26],[-5,-22],[-20,-60],[-7,-24],[-2,-20],[0,-28],[3,-23],[17,-46],[3,-33],[8,-25]],[[301413,563628],[-1,-28],[-12,-40],[-5,-16],[-2,-3],[-61,-69],[-4,-8],[4,-13],[-2,-37],[9,-64],[-5,-26],[8,-13],[11,-2],[3,-35],[-23,-58],[7,-109],[-9,-18],[-12,-7],[1,-41],[7,-22],[5,-5],[-12,-3],[1,-19],[8,-48],[-12,10],[-19,48],[-1,7],[-27,34],[-9,-15],[-12,-3],[-4,-30],[3,-18],[-1,-53],[-11,-58],[4,-33],[0,-22],[4,-38],[0,-20],[3,-32],[4,-19],[6,-12],[-2,-63],[-4,14],[-13,-14],[-1,-15],[-11,11],[-5,-16],[-4,25]],[[301217,562632],[-5,4],[2,26],[-4,6],[0,19],[-10,28],[-7,7],[-7,-27],[-11,20],[0,10],[-12,-7],[-6,22],[-9,-5],[-13,-30],[-5,2],[-4,-11],[-1,-20],[-10,16],[2,20],[-10,-7],[-11,7],[-1,10],[-16,20],[2,13],[-6,6],[5,30],[-7,19],[-2,15],[-10,19],[-7,9],[-11,-18],[-2,-15],[-9,-9],[3,12],[1,35],[-7,-5],[-2,32],[-8,27],[-11,1],[-8,10],[-8,14],[1,14],[-7,6],[-1,12],[-7,5],[-2,11],[-5,2],[0,17],[-4,15],[1,22],[-7,10],[-2,-13],[-3,8],[2,19],[-6,10],[5,16],[-4,11],[-2,28],[-4,24],[-6,13],[-1,20],[-14,10],[0,16],[-9,39],[-3,25],[-4,16],[-5,-7],[-8,3],[6,-18],[-1,-14],[-13,30],[-5,23],[6,11],[-8,24],[-5,-15],[-2,7]],[[300875,563337],[0,24],[3,23],[6,11],[-11,29]],[[300873,563424],[17,11],[4,0],[1,4],[6,59],[16,7],[27,38],[5,4],[62,20],[28,160],[4,42],[-30,171],[-33,65],[-12,-29],[-11,61],[-4,26],[-21,109],[-2,-2],[-7,78]],[[300923,564248],[66,83],[-17,179],[-31,-42],[-22,-28],[-14,35],[-10,-12],[-11,30],[-2,34],[-10,-5],[-7,21],[-24,1],[3,53],[13,26],[13,12],[0,38],[-6,10],[4,15],[-6,6],[1,13],[-8,13],[1,14],[6,70],[8,39],[-19,47],[1,15],[4,-14],[9,-5],[7,20],[9,42],[5,11],[8,4],[10,80],[29,-57],[3,-19],[27,12],[34,7],[0,12],[14,-62],[39,0],[1,38],[12,-2],[-1,-36],[11,4],[6,65],[0,68],[0,11],[6,67],[-15,1],[-3,11],[-2,24],[-3,26],[-3,38],[1,40],[-3,3],[4,27],[-1,50],[-5,16]],[[301927,561788],[2,-16],[8,-31],[15,-45],[7,-67],[6,-33],[13,-54],[6,-21],[12,-31],[4,-24],[3,-25],[-1,-35],[-5,-40],[1,-30],[11,-24],[9,-10],[4,-10],[0,-20],[-9,-15],[-7,-23],[0,-40],[6,-38],[4,-26],[3,-55],[3,-14],[10,-19],[8,4],[6,23],[9,16],[11,26],[3,-3],[5,-20],[0,-25],[-6,-24],[-11,-16],[1,-38],[-1,-26],[5,-8],[5,5],[8,27],[7,1],[6,-8],[1,-34],[-1,-16],[-9,-19],[1,-11],[19,2],[10,-10],[26,8],[15,27],[5,4],[6,-8],[4,-20],[-1,-13],[-5,-12],[-16,-9],[-7,-17],[1,-27],[9,-19],[23,-11],[12,-2],[5,4],[9,24],[0,24],[6,-4],[1,-18],[5,-3],[4,30],[10,16],[14,6],[3,7],[0,18],[-8,18],[0,11],[4,1],[7,-12],[6,-25],[3,-29],[4,19],[8,16],[6,4],[12,-4],[12,-23],[9,3],[3,9],[1,15],[-8,35],[-10,20],[-1,14],[5,9],[9,-12],[7,-29],[6,-11],[7,1]],[[302320,560923],[17,-32],[20,-10],[5,-15],[0,-18],[-12,-29],[1,-16]],[[301549,559957],[-7,22],[-13,8],[-2,13],[4,18],[1,30],[-4,28],[1,20],[4,30],[-9,24],[-8,4],[-8,17],[-2,18],[1,24],[-2,24],[-3,5],[-15,7],[-18,-2],[-13,-21],[-4,7],[-11,45],[-9,5],[-9,39],[-9,15],[-8,22],[-8,5],[-4,12],[-8,49],[-16,29],[-7,1],[-9,13],[-7,2],[-18,23],[-11,38],[-6,4],[-7,14],[-8,-3],[-1,-4],[-3,6],[-3,2],[-2,4],[0,9],[-14,13],[-3,12],[-6,106],[-11,14],[-5,27],[-17,50],[-3,32],[-10,50],[-13,20],[-6,27],[-5,34],[-1,37],[-12,16],[-11,9],[-11,2],[-4,9],[-11,2],[-13,-45],[-6,4],[-2,40],[4,71],[38,47],[2,10],[4,-2],[-15,93],[-11,136],[-2,18],[-14,70],[-5,31]],[[301125,561496],[-6,50],[-10,-27],[-24,-87],[-16,38],[-3,37],[-11,4],[-42,348],[-61,203],[-11,58]],[[300941,562120],[2,-2],[13,-1],[15,3],[16,9],[15,-2],[38,12],[23,13],[4,0],[5,-4],[21,-31],[5,-4],[0,-22],[9,-117],[57,-51],[-1,-12],[20,-100],[6,53],[6,17],[6,9],[13,15],[-1,-26],[157,-144],[7,21],[7,9],[2,23],[7,5],[-3,19],[1,23],[5,5],[8,31],[3,-38],[-4,-11],[12,13],[5,-28],[6,7],[4,15],[-3,15],[3,3],[-1,15],[2,6],[2,-8],[4,5],[4,-24],[6,11],[0,15],[4,-10],[-2,-20],[3,-11],[6,-16],[2,0],[13,13],[15,-20],[25,33],[5,7],[14,0],[9,-3],[17,-7],[0,28],[9,5],[29,34],[16,13],[2,-52],[-3,-28],[0,-36],[27,-23],[11,41],[9,77],[3,11],[50,110],[24,7],[28,-93],[4,-9],[20,-27],[20,-11],[4,19],[17,48],[18,43],[10,-47],[6,-9],[7,-25],[4,-4],[8,-31],[11,-8],[9,5],[14,-19],[6,-32],[4,-35],[2,3]],[[301749,577469],[24,87],[8,23],[47,174],[1,4],[3,7],[10,40],[28,104]],[[301870,577908],[10,-3],[4,10],[7,-8],[1,11],[-4,7],[1,18],[6,1],[12,28],[10,7],[3,-4],[10,14],[6,-8],[5,7],[5,25],[1,27],[7,8],[4,20],[7,-2],[1,23],[14,38],[3,17],[14,34],[6,43],[3,-10],[4,9],[5,0],[8,27],[6,-1],[-3,26],[8,12],[4,17],[2,-10],[12,16],[2,17],[15,24],[3,-4],[8,6],[8,-6],[11,28],[3,30],[6,6],[3,-14],[6,-3],[6,24],[5,0],[8,27],[1,21],[6,25],[2,21],[4,-3],[8,10],[6,-21],[-4,-31],[6,-10],[11,27],[7,-7],[14,5],[8,-38],[9,-28],[3,-35],[12,4],[2,-35],[2,-11],[6,-7],[7,-31],[7,-12],[7,9],[5,-1],[3,-10],[7,22],[4,-18],[-3,-17],[6,-4],[5,12],[2,-14],[5,-1],[8,11],[2,-15],[3,9],[-2,21],[6,0],[0,-12],[7,0],[6,-11],[1,19],[11,-4],[3,-16],[1,-19],[9,-10],[2,7],[5,-4],[-1,12],[6,19],[4,4],[10,-18],[-1,-15],[2,-10],[-3,-12],[0,-15],[3,-14],[6,-11],[6,5],[2,-14],[-4,-20],[4,-18],[13,-2],[6,-9],[0,-14],[5,2],[2,10],[-4,31],[5,0],[4,-20],[5,-9],[5,5],[1,-25],[-3,-17],[9,-30],[11,25],[4,-9],[-5,-28],[10,-15],[-2,-13],[5,-6],[8,-15],[4,2],[10,24],[7,57],[-2,14],[9,5],[4,-4],[7,-20],[-6,-21],[5,-18],[5,-9],[2,-39],[3,-15],[5,-5],[7,14],[2,22],[2,8],[2,6],[3,11],[11,0],[14,-19],[8,12],[-1,19],[4,31],[7,5],[5,-7],[4,-31],[3,-5],[3,-3],[2,4],[3,15],[6,8]],[[302607,578055],[-7,-83],[-40,-481],[0,-14],[3,-6],[9,5],[6,-31],[5,-6],[1,-19],[12,-64],[3,-40],[-2,-30],[6,-33],[-3,-24],[5,-30],[-4,-22],[5,-37],[-2,-15],[4,-17],[9,-14],[4,-20],[-1,-13],[3,-26],[2,-42],[-1,-14],[-4,-28],[5,-7],[5,-17],[2,-49],[0,-34],[-5,-28],[1,-37],[-3,-7],[2,-45],[2,-11],[-6,-19],[-2,-22],[6,-15],[4,-10]],[[302631,576650],[2,-19],[3,-6],[0,-25],[-11,-23],[6,-22],[-2,-11],[1,-32],[8,-25],[1,-25],[10,-27],[3,-32]],[[302652,576403],[-11,-3],[-17,-4],[14,-92],[10,-15],[9,-5],[9,-14],[10,-28],[8,-8],[2,-1],[2,-41],[4,-11],[2,-4],[6,-4],[18,-46],[4,-53],[4,-17]],[[302726,576057],[-2,-4],[-13,-32],[10,-39],[9,-35],[0,-17],[-12,-1],[-2,-16],[2,-18],[7,3],[8,-63],[-6,-29],[1,-35],[3,3],[3,-22],[15,22],[-2,17],[13,14],[5,-44],[8,-20],[4,-38],[5,-29],[0,-26],[5,-11],[7,2],[8,-49],[-5,-23],[-2,-27],[-1,-16],[1,-4],[2,-14],[2,-6],[-5,-16]],[[302794,575484],[-5,5],[-3,-9],[-13,14],[-4,0],[-2,-17],[-8,7],[-5,-15],[-2,11],[-4,-9],[-7,-4],[-8,-24],[1,-5]],[[302734,575438],[-17,-3],[-2,-4],[0,4],[-7,1],[0,12],[-8,9],[1,6],[-12,13],[-12,7],[-6,-5],[-4,13],[-6,-5],[-2,15],[-8,13],[-5,12],[-3,-4],[-7,13],[-6,-2],[-2,9],[-6,-13],[-8,13],[-5,-1],[-2,17],[-3,-5],[-3,0],[-14,31],[-8,-7],[-6,34],[-7,28],[-12,-19],[-4,-18],[5,-9],[6,4],[3,-24],[5,-11],[-4,-7],[3,-14],[-5,-28],[-12,-8],[-14,-40],[-5,-9],[12,-6],[14,-21],[-48,-44],[-5,-1],[-6,-24],[-7,6],[-58,-81],[-17,-24],[16,-62],[-4,-1]],[[302429,575198],[-13,63],[-37,145],[-20,60],[-5,7],[-37,32],[-11,6],[-11,22],[-3,-1],[-15,-27],[-5,-9],[-5,-11],[19,-127],[-17,21],[-2,-15],[-30,16],[-5,-4],[7,-147]],[[302239,575229],[2,-55],[-11,54],[-4,8],[-16,15],[-19,0],[1,-23],[-2,-24],[-11,11],[-23,11],[-3,12],[-8,23],[-5,1],[-6,12],[-7,34],[-10,25],[-1,22],[-4,14],[-7,7],[-6,20],[-21,-87],[-17,-135],[-9,-28],[-62,-132],[-21,-36],[-1,-12],[-17,-37],[-16,27],[-40,6],[-1,-15],[-21,9],[1,-18],[-7,-1],[-3,-21],[-12,2],[-11,-39],[-14,-21]],[[301827,574858],[2,12],[-2,38],[-4,30],[-1,21],[-3,1],[3,38],[-3,7],[3,28],[-2,4],[3,23],[-4,24],[3,7],[2,26],[-4,26],[-10,25],[1,32],[-3,9],[-2,28],[5,21],[-3,15],[2,17],[4,5],[-3,8],[5,16],[-4,43],[3,10],[-6,14],[-10,48],[-3,-3],[-9,10],[2,6],[-3,18],[1,10],[-4,10],[7,43],[-4,-1],[-2,22],[-10,27],[-2,9],[-5,-1],[-6,24],[1,17],[-7,34],[-7,19],[-4,25],[-6,16],[-2,20],[-10,9],[-3,21],[-8,11],[-3,23],[-13,30],[1,25],[-3,6],[-7,32],[-10,31],[2,10],[-8,30],[-7,10],[-1,12],[-5,4],[-9,24],[-6,-3],[-8,31],[-10,3],[-1,10],[-7,-2],[1,10],[-7,12],[0,12],[-6,6],[1,5],[-11,41],[-6,1],[-3,18],[2,8],[-9,24],[-3,14],[2,3]],[[301581,576210],[9,-3],[3,8],[-9,47],[0,43],[10,33],[2,33],[1,51],[-1,37],[-9,20],[-4,15],[4,35],[-11,3],[-1,15],[3,29],[-1,13],[7,-6],[7,-25],[9,24],[14,2],[4,11],[8,-6],[32,-2],[70,-36],[-7,35],[-10,70],[53,94],[35,69],[11,26],[9,-52],[5,-33],[9,-10],[1,6],[-11,29],[-2,16],[-1,53],[-2,12],[10,27],[-4,27],[32,1],[-5,243],[0,12],[10,101],[-2,18],[-9,21],[-2,12],[-1,63],[5,113],[-34,-14],[-69,-21]],[[303017,589503],[-7,-12],[-9,23],[-5,23],[-15,-46],[-1,-20],[-6,-8],[-7,8],[-28,-5],[-9,13],[5,17],[3,7],[-4,17],[0,62],[-12,-2],[-6,-6],[-3,-28],[3,-15],[-2,-28],[-14,13],[-7,-8],[-4,-18],[-4,2],[-1,14],[-9,-2],[-5,16],[-9,7],[5,21],[1,59],[-1,8],[-18,0],[-23,10],[0,-109],[-3,-4],[-12,15],[-5,-17],[-8,15],[3,20],[-4,3]],[[306735,583647],[-12,-43]],[[306723,583604],[-15,-51],[-23,64],[-10,24],[15,51],[9,-25],[-4,44],[9,33],[12,-34],[-6,-40],[4,-2],[2,15],[4,2],[1,-6],[0,-13],[8,-9],[6,-10]],[[308263,582778],[0,0],[-2,-12],[3,-46]],[[308255,582655],[-5,8],[-2,0],[-6,31],[-4,5],[-2,-3],[0,2],[-2,0],[-2,0],[-3,-1],[-1,2],[-7,0],[3,42],[9,-4]],[[301306,570230],[34,228],[33,212],[4,27],[32,-44],[11,-26],[-4,103],[-5,20],[-2,27],[13,52],[3,32],[6,5],[14,-7],[11,15]],[[301456,570874],[32,104],[15,20],[2,-11],[6,-93],[5,-8],[22,14],[10,-60],[-16,-16],[-13,-7],[-9,-28],[16,-23],[3,16],[9,-3],[5,-22],[3,13],[12,-19],[-5,-26],[4,-5],[-7,-54],[-3,-35],[1,-28],[4,-1],[14,-31],[6,-22],[8,-38],[11,-27],[18,-38],[12,-31],[4,-20],[9,-82],[7,-38],[4,-12],[-4,-33],[1,-36],[-29,-34],[-5,-13],[8,-34],[1,-32],[5,-54],[14,-69],[-3,0],[-17,-10],[27,-47],[5,-26],[3,12],[15,-41],[3,6],[-8,25],[4,12],[-8,19],[2,5],[3,14],[3,24],[15,-15],[7,0],[13,28],[3,0]],[[301703,569964],[7,-27],[7,-8],[2,11],[6,-15],[-2,-39],[3,-9],[7,2],[7,-12],[9,-24],[10,-4],[13,7],[5,-12],[-3,-1],[-1,-20],[3,-20],[10,-19],[11,-15],[1,14],[6,-14],[-5,-34],[8,-21],[6,3],[4,-29],[5,-39],[8,-16],[10,55],[2,-22],[16,16],[8,9],[-6,47],[1,39],[-5,0],[12,70],[0,-36],[5,-7],[10,19],[5,38],[13,-15],[-3,-44],[6,-57],[5,-41],[1,-9],[-1,-49],[-2,-31],[34,49],[24,-240],[1,-7],[1,-5],[3,-7],[72,-181],[-8,-29],[-22,-110],[9,-23],[-1,-20],[14,-18],[54,71],[16,-53],[7,-16],[0,10],[0,55],[4,38],[-21,-25],[-3,14],[-16,22],[-4,27],[0,19],[4,21],[1,36],[-5,34],[-1,22],[10,24],[12,18],[8,-48],[11,-41],[13,-42],[2,9],[7,34],[-6,41],[-13,59],[-4,47],[-13,19],[0,38],[7,5],[61,-37],[14,48]],[[302179,569463],[53,-168]],[[302232,569295],[-11,-20],[-3,-3],[-12,-31],[3,-18],[3,-28],[0,-17],[22,-56],[6,-11],[-14,-26],[-4,-95],[-11,3],[-6,-9],[-18,-58],[-12,32],[-14,-24],[-15,1],[-12,-22],[-5,-5],[-11,0],[-16,19],[-5,-45],[7,-15],[6,1],[9,-9],[5,4],[10,-12],[9,1],[10,14],[6,13],[7,6],[1,-9],[-2,-28],[0,-17],[-20,-24],[-8,-3],[-8,3],[-23,21],[-1,-26],[-16,2],[-12,-110],[30,-57],[15,-72],[3,-32],[-2,-28],[-15,18],[-23,0],[-7,-9],[9,-13],[4,-18],[-3,1],[2,-52],[2,-12],[2,-49],[5,-41],[-1,-51],[14,-21],[9,-31],[47,-78],[18,-10],[-5,-38],[-3,-11],[-17,-38],[-11,-46]],[[302150,568006],[-9,-4],[-7,13],[-4,18],[-2,-10],[-6,3],[-5,13],[-10,-6],[-8,-11],[-8,5],[-11,-23],[-9,10],[0,12],[-13,-20],[4,-8],[-6,-7],[-3,10],[-7,-6],[-10,12],[-7,19],[1,17],[-10,-8],[-13,11],[0,13],[-18,-32],[-55,-97],[-42,27],[-7,1],[-3,-1],[12,-68],[35,-181],[-10,-1],[-7,12],[-3,-4]],[[301854,567858],[5,37],[2,36],[1,12],[3,100],[-9,79],[-5,5],[-10,-9],[-7,15],[-5,-32],[-2,-28],[-6,62],[-11,15],[-3,20],[-29,24],[-4,-6],[-5,-35],[-6,8],[-5,27],[-5,-17],[-7,15],[12,37],[-9,17],[19,73],[-36,7],[-30,-70],[-28,106],[-5,-10],[-25,-51],[-8,22],[3,36],[-7,38],[-1,13],[-5,2],[-6,23],[-11,10],[-2,23],[17,79],[-4,13],[19,92],[-9,49],[3,6],[-35,108],[-2,0],[-1,106],[-4,27],[7,29],[5,41],[-1,21],[0,10],[3,42],[-12,16],[-18,16],[-35,-48],[-13,-25],[-2,15],[-9,39],[-9,17],[-4,30],[-6,17],[-9,46],[-3,34],[-5,16],[-7,-1],[-6,31],[-3,7],[2,15],[7,5],[2,20],[4,15],[-3,26],[-7,14],[-8,11],[-3,12],[-8,96],[0,41],[-2,31],[-4,18],[-13,43],[-8,34],[-12,27],[-7,7],[-5,18],[-3,29],[-7,26],[-3,37],[5,2],[17,128],[-70,155],[-24,86],[-8,39]],[[301868,569700],[18,11],[9,12],[-10,12],[-12,1],[-5,-36]],[[305353,586936],[3,3],[7,33]],[[305363,586972],[11,18],[7,-5],[6,-46],[16,-25],[6,15],[7,36],[5,12],[9,2],[9,-43],[6,39],[1,28],[-13,15],[3,46],[4,16],[2,70],[-6,7],[5,26],[1,6],[1,4],[0,15],[5,10],[9,3],[1,23],[-5,2],[-9,-6],[0,24],[-15,-1],[9,32],[6,18],[2,19],[-14,51],[5,45],[-20,-10],[-2,0],[0,38],[5,1],[10,25],[-1,44],[-15,28],[1,58],[22,-4],[10,13],[-6,41],[-2,17],[3,14],[-4,197],[11,2],[1,33],[-28,7],[-22,-2],[-3,63],[20,17],[8,13],[9,44],[1,20],[-4,49],[0,42],[14,-3],[0,31],[-5,2],[-1,4],[3,15],[46,58],[-6,85],[5,-1],[20,21],[5,-3],[9,-16],[11,-5],[4,-8],[6,-28],[13,-70],[8,17],[3,17],[3,40],[3,24],[0,35]],[[305572,588393],[14,-1],[18,-24],[4,-12],[4,-38],[-5,-21],[0,-21],[-2,-20],[0,-46],[1,-21],[-2,-20],[5,-21],[27,-11],[11,-10],[27,153],[9,6],[3,14],[7,5],[4,-5],[1,-29],[9,-23],[9,-19],[3,-15],[6,-9],[6,-22],[3,1],[3,-13],[-1,-21],[4,-17],[8,-18],[7,-4],[5,-34],[7,-16],[8,5],[1,-15],[8,-19],[12,-16],[3,-23],[12,-27],[0,-14]],[[305811,587952],[-5,-18],[4,-19],[3,-49],[22,-48],[1,-14],[-11,-24],[0,-14],[-9,-37],[-8,3],[-8,-16],[-1,-20],[-3,-15],[-9,0],[-4,-18],[-6,-7],[-5,-20],[-11,-16],[4,-97],[1,-17],[6,-41],[-34,-31],[-7,13],[-3,-27],[-8,-17],[12,-37],[-3,-30],[-3,-51],[1,-100],[13,18],[12,-1],[3,-34],[26,32],[8,18],[7,-45],[9,-49],[9,-36],[9,-32],[21,-66],[-41,-71],[1,-14],[3,-24],[11,-7],[8,-14],[7,-2],[12,-26],[0,-9],[17,-11],[13,-22],[5,-16],[-2,-7],[5,-17],[16,-5],[7,-15],[13,-12],[9,-12],[3,-14],[3,-20],[-2,-32],[6,-14],[11,-2],[2,5],[11,-4],[7,-15],[3,-14],[9,-12],[5,5],[21,-18],[9,15],[7,-1],[0,-24],[-8,-66],[-4,-12],[-6,6],[-2,-14],[-12,-2],[0,-35],[-9,0],[1,-70],[15,-14],[-1,-34],[10,-11],[-2,-37],[15,2],[5,-42],[-4,-1],[-2,-43],[3,-4],[15,48],[0,-40],[4,-22]],[[306097,585925],[-13,-14],[-8,-19],[-6,-4],[-9,19],[-8,2],[-6,7],[-12,26],[-5,24],[2,27],[3,73],[-5,27],[-4,7],[-9,-1],[-12,-17],[-20,-11],[-4,12],[0,33],[-5,-10],[-4,-23],[-1,-83],[0,-68],[1,-13],[-16,-4]],[[305956,585915],[1,22],[-23,2],[-1,-52],[-8,-2],[-6,10],[1,14],[-21,23],[1,20],[-27,1],[-2,32],[9,49],[9,43],[-48,26],[-13,1],[-12,7],[-27,3],[-22,5],[15,-63],[-13,0],[0,45],[-5,2],[-1,-21],[-13,1],[0,18],[-13,0],[0,-30],[5,-19],[1,-29],[-4,5],[-7,-10],[-4,-31],[-14,22],[-15,17],[-5,9],[-9,-5],[-5,-10],[-7,-1],[-6,11],[-9,-1],[-4,-9],[-7,-56],[-10,9],[-8,26],[-14,6],[-1,10],[0,57]],[[305614,586072],[0,8],[-12,74],[-10,67],[-6,22],[-18,41],[-19,53],[-8,30],[-7,23],[-14,52],[-14,38],[-18,37],[-3,-21],[-10,5],[-3,-31],[-21,-19],[-9,7],[-1,22],[-12,1],[-1,14],[-12,-42],[-9,-23],[-1,-18],[-5,-18],[-5,-7],[-12,-43],[-1,-17],[6,-33],[12,-31],[5,-33],[-4,-6],[-8,-56],[-8,-34],[-4,-6],[-17,1],[-13,-14],[-7,3],[-18,-12],[-5,-13]],[[305322,586093],[-3,40],[2,86],[0,38],[-1,20],[-17,-38],[4,15],[-1,30],[7,10],[-5,31],[0,36],[-5,32],[-22,3],[0,33],[4,1],[-4,36],[-1,23],[7,18],[17,69],[9,24],[9,9],[-3,28],[10,-7],[-1,12],[4,12],[-4,60],[15,1],[0,39],[-10,-1],[0,26],[-24,1],[-6,17],[-3,-3],[-2,16],[-1,6],[7,9],[3,15],[7,2],[2,-13],[3,11],[8,37],[6,14],[12,-9],[3,8],[0,23],[5,23]],[[302756,570116],[2,19],[15,-36],[19,-81],[-11,-45],[21,0],[-3,-59],[7,-5],[5,-39],[-5,-33],[0,-22],[-14,10],[0,-10],[0,-55],[-4,0]],[[302788,569760],[-7,1],[-32,38],[8,141],[-1,34],[-5,39],[0,39],[5,64]],[[304278,576811],[24,-22],[22,-27],[4,32],[0,60],[1,41],[5,-8],[0,37],[11,11],[4,11],[20,28],[2,-18],[0,-78],[4,-2],[3,-27],[-4,-38],[1,-41],[23,-7],[4,-7],[22,-11],[7,-10],[-3,25],[1,47],[0,40],[16,-10],[12,9],[7,-7],[10,-37],[15,-28],[10,26],[6,25],[6,41],[-1,37],[-2,20],[10,8],[19,-6],[18,-16],[13,-5],[5,12],[1,27],[-6,6],[-5,13],[-9,53],[-10,-23],[-7,-1],[-10,13],[-11,21],[12,90],[2,17],[0,32],[-6,31],[-3,41],[1,33],[-9,19],[-10,42],[-6,19],[-2,-23],[-4,-8],[-17,8],[-3,9],[-11,-19],[-6,-7],[-2,0],[1,-44],[-7,-32],[-4,-6],[-3,-33],[5,-19],[3,-1],[10,-19],[-5,1],[0,-33],[4,-34],[-1,-34],[-5,-79],[-6,-61],[-16,2],[-12,9],[0,24],[3,35],[0,18],[3,19],[-31,2],[-1,39],[-21,-2],[4,25],[2,21],[-2,7],[-1,27],[3,28],[-4,27],[5,51],[4,22],[4,44],[4,10],[3,29],[0,4],[3,22],[4,2],[10,23],[7,4],[8,18],[6,25],[2,40],[4,22],[19,58],[8,38],[-1,1],[-9,29],[-4,19],[-14,-27],[-3,-23],[-10,-20],[-19,-24],[-6,-13],[-7,36],[0,12],[5,40],[-18,18],[-21,15]],[[304355,577671],[21,107],[-40,116],[1,26],[-4,25]],[[304333,577945],[6,0],[29,17],[26,-6],[6,-12],[6,-25],[5,-10],[22,-24],[9,2],[5,44],[-8,24],[-4,43],[-5,31],[5,12],[9,46],[15,-36],[-17,-61],[6,-34],[7,-15],[-1,-18],[15,-2],[13,65],[6,-8],[10,-28],[3,-16],[6,-1],[-1,14],[24,6],[2,-27],[15,2]],[[304547,577928],[6,-37],[-6,-8],[1,-7],[-9,-12],[0,-37],[18,0],[1,-11],[3,-10],[4,0],[7,-37],[4,-15],[16,-27],[18,-36]],[[304610,577691],[-2,-25],[0,-85],[2,-47],[7,-55],[-3,-39],[0,-21],[-21,10],[-20,22],[-12,6],[1,-12],[9,-10],[0,-66],[-7,-20],[21,-10],[5,28],[7,-43],[11,-45],[7,-46],[10,-30],[3,-35],[8,-16],[0,-18],[9,-3],[1,-40],[-1,-6],[-7,-47],[-1,-26]],[[304637,577012],[-10,12],[-19,17],[-14,-130],[-5,-76],[0,-16],[5,-14],[9,-11],[0,-35],[2,-12],[-13,-77],[-19,25],[-20,-2],[-13,-10],[-13,18],[-10,2],[-8,-14],[-10,-32],[-7,-7],[-18,3],[-16,8],[-10,11],[-8,0],[6,-35],[9,-36],[1,-15],[-4,-56],[-35,17],[-13,-13],[-6,-14],[-4,1],[-23,-17],[-4,3],[-16,-7],[0,-38],[-2,-36],[-6,-26],[0,-7],[-3,-29],[-5,-20],[1,-27],[-1,-19],[3,-34],[-1,-22],[5,-37],[-5,-38],[0,-15],[2,-27],[5,-20],[5,-62],[6,-15],[4,-1],[12,-34],[5,-25],[12,-33],[9,-31],[10,1],[4,-16],[2,-29],[4,-9],[1,-40],[6,-10],[-1,-23],[7,-3],[4,-13],[7,-24],[0,-9],[9,-2],[7,-26],[-3,-39],[3,-4],[-1,-24],[6,-24],[5,-2],[12,-30],[5,-28],[5,-11],[7,-6],[1,-47],[23,30],[10,7],[-1,20],[-8,39],[-1,7],[1,14],[15,63],[4,10],[15,106],[2,20],[-4,26],[54,38]],[[304607,575866],[48,34],[0,-1],[-1,-11],[2,-15],[10,4],[1,3],[40,-19],[2,-4],[3,-9],[5,-30],[2,5],[34,42],[3,-23],[-1,-10],[7,-47],[12,-26],[12,-18],[-1,-6],[0,-71],[5,-12],[6,0],[11,-11],[3,-11],[-5,-12],[-8,-5],[-1,-3],[-11,13],[5,-81],[-1,-15],[-16,-90],[-1,-12],[-6,4],[-9,-5],[-8,15],[-7,30],[-14,25],[-7,19],[-14,0],[-10,13],[-4,11],[-5,-13],[-4,3],[-1,5],[-8,-12],[-4,-16],[-1,-16],[2,-58],[-3,-10],[2,-9],[-5,-11],[2,-8],[-3,-18],[-19,-41],[7,-27],[-7,-5],[-6,-12],[0,-45],[-2,-11],[26,-50],[3,5],[-2,-23],[5,-11],[-2,-17],[8,-3],[11,-48],[-9,-23],[6,-26],[9,-27],[6,5],[2,-14],[-1,-22],[-7,-8],[7,-52]],[[304700,574919],[-14,-29],[-14,-35],[-6,-37],[-14,-55],[-8,-13],[-5,-19],[-10,-43],[-5,-24],[5,-18],[13,-111],[-40,-43],[-28,-51],[-8,-109],[2,-41],[-2,-30],[-9,4],[-28,-180],[-2,13],[-5,1],[-7,19],[-6,-4],[-3,-16],[-8,15],[-4,16],[2,20],[-7,30],[3,7],[-4,8],[-8,-2],[4,38],[-4,8],[4,20],[-4,11],[-6,55],[-2,5],[4,16],[-36,-43],[-17,-42],[-12,-32],[-1,-3],[-3,-4],[-11,-2],[-2,1],[-2,3],[-11,30],[-25,25],[0,8],[-74,-1]],[[304282,574285],[8,20],[16,10],[3,6],[28,112],[-18,34],[-19,58],[-43,58],[-11,22],[-25,71],[-5,8],[-6,21],[-15,3],[-14,-1],[-10,22],[-4,18],[-9,7],[-36,103],[-5,16],[-7,33],[-21,113]],[[302148,572143],[15,-35],[-1,-13],[11,-20],[14,-37],[11,-25],[2,-45],[10,-32],[2,-9],[0,-40],[8,-55],[-9,-45],[49,245],[-11,36],[6,-24],[1,-25],[-3,-17],[-6,18],[-21,15],[-24,64],[-15,28],[10,53],[-10,19],[-4,10],[-10,17]],[[302173,572226],[3,49],[2,12]],[[302178,572287],[2,1],[0,-26],[6,-3],[5,-40],[5,-9],[-4,-11],[2,-9],[2,9],[3,-7],[2,9],[8,-26],[2,7],[9,-33],[6,2],[2,10],[3,-15],[5,13],[1,-7],[6,3],[-1,-12],[5,10],[7,-1],[4,-28],[3,4],[0,-20],[6,8],[1,-10],[5,-5],[2,14],[5,5],[3,-28],[4,-13],[-4,-20],[5,-42],[8,3],[8,-18],[4,-31],[3,10],[7,-25],[6,16],[0,-12],[5,-7],[0,-31],[-4,6],[-2,-15],[4,-4],[9,3],[-2,-23],[2,-19],[5,-5],[11,-22]],[[302352,571843],[-8,-43],[-2,-19],[3,-11],[-1,-15],[9,-30],[-4,-16],[2,-42],[26,-21],[-4,-22],[44,-52],[8,2],[3,32],[13,-13],[13,-7],[26,-10],[-7,-56],[-4,-15],[-5,-103],[-21,10],[-28,27],[-10,-28],[-36,5],[-5,12],[11,-116],[11,-25],[14,-44],[9,-36],[11,-70]],[[302420,571137],[-1,-14],[-2,13],[-25,-7],[2,-31],[-74,-96],[29,-106],[-36,-73],[-21,-33],[2,40],[-2,1],[-25,3],[-3,-1],[-77,-80],[3,-37],[-1,-54],[-35,-40],[3,-28],[10,-38],[11,-32],[11,-17],[6,-21],[4,-23],[18,-137],[8,-46],[13,-103],[8,-28],[10,-23],[7,-29],[12,-39],[9,-22],[3,-24],[8,-39],[15,-44],[4,0],[1,-15],[2,-14],[-28,-40],[-2,-2],[-36,0],[-4,2],[-41,49],[-3,2],[-32,-16],[-32,-20],[-13,-7],[-6,0],[-10,8],[-13,18],[-14,3],[-4,-4],[-22,-27]],[[302057,569866],[-36,121],[-33,111],[-29,96],[-3,9],[-2,6],[-26,85],[-21,66],[-5,19],[-20,65],[-16,54],[-67,220],[-23,71],[-80,249]],[[301696,571038],[-69,215]],[[301627,571253],[2,5],[22,-4],[16,5],[5,6],[4,14],[8,42],[10,19],[12,51],[-20,6],[2,29],[-5,80],[0,34],[11,-2],[12,14],[15,10],[14,-8],[-4,-52],[-2,-18],[0,-23],[-5,-73],[0,-53],[7,-47],[1,-45],[7,-5],[18,-32],[0,-5],[8,-11],[4,36],[1,54],[-5,39],[0,18],[2,44],[11,80],[8,35],[6,47],[22,-4],[1,-208],[1,-23],[4,-7],[19,16],[8,17],[3,-1],[0,21],[4,23],[5,3],[5,13],[7,-3],[5,-29],[6,5],[0,14],[5,5],[-6,48],[-8,183],[14,5],[3,-43],[8,-3],[3,-27],[5,-11],[-1,-36],[-5,-15],[1,-22],[8,-2],[6,-10],[5,4],[1,-47],[10,-10],[18,-44],[3,29],[1,14],[-16,80],[-4,17],[-1,16],[4,47],[-3,33],[-7,20],[-5,30],[3,54],[5,10],[0,11],[5,24],[-1,11],[17,-10],[3,11],[6,42],[2,36],[0,57],[-1,35],[6,1],[-2,109],[-1,22],[2,-9],[13,-8],[2,-16],[1,-26],[13,-28],[2,-34],[6,-23],[10,246],[6,26],[9,-33],[2,16],[10,23],[8,-28],[11,-24],[4,-24],[4,-10],[14,-2],[14,-38],[1,-36],[3,-19],[5,-12],[1,-12],[12,-48],[9,-5],[5,-19],[8,-11],[1,-14],[5,-16],[4,0],[5,99],[2,54],[3,30],[-15,36],[5,30],[-3,8],[3,16]],[[304827,564620],[56,170],[0,12],[7,-15],[19,60],[-25,183],[12,18],[-2,23],[3,17],[9,24],[0,28],[-4,15],[-8,11],[-3,10],[-8,79],[-5,21],[-2,32],[5,24],[135,617]],[[305016,565949],[0,-6],[4,-286],[2,-26],[4,-20],[4,-11],[18,-32],[22,-40],[4,-13],[7,-59],[0,-39],[-4,-56],[-1,-36],[7,-93],[3,-22],[13,-47],[28,9],[19,-61],[18,-32],[38,1],[12,19],[4,-30],[2,-40],[5,-7],[4,-1],[9,15],[15,7],[4,-36],[-8,-35],[-8,-7],[-7,-18],[-10,3],[-7,-12],[-6,-37],[3,-38],[-11,-52],[-9,-10],[-9,-39],[-8,-12],[8,-54],[3,-8],[7,-32],[-4,-23],[3,-3],[6,34],[5,0],[-9,-41],[7,-13],[11,10],[2,-11],[-2,-19],[1,-23],[9,2],[6,-6],[-1,-20],[3,-16],[-8,-23],[-5,-9],[5,-15],[-6,0],[2,-15],[-8,16],[-2,-10],[-1,-16],[-6,8],[1,22],[-10,14],[-1,-13],[0,-4],[-6,-24],[-11,-2],[-10,-23],[1,-17],[7,-10],[4,-19],[-1,-26],[5,-9],[2,-14],[6,-14],[-4,-16],[8,-10],[5,-35],[8,0],[5,-8],[-6,-16],[-2,-16],[6,-35],[0,-32],[-2,-25],[-4,-13],[7,-19],[5,-18],[4,-3],[2,4],[0,19],[-4,27],[3,4],[3,-3],[2,-5],[0,-16],[1,-12],[5,-16],[2,-16],[0,-39],[-7,2],[-3,-1],[-2,-12],[0,-5],[1,-2],[0,-5],[-3,-1],[-1,-6],[1,2],[-1,3],[-1,-3],[0,1],[0,1],[-1,1],[0,1],[0,0],[0,0],[0,0],[0,0],[0,-1],[0,-1],[0,0],[0,-1],[0,0],[0,0],[-1,0],[0,0],[0,0],[0,0],[0,0],[-1,-1],[0,0],[0,1],[0,0],[0,0],[-1,1],[0,1],[0,0],[0,0],[0,0],[0,0],[-1,0],[0,-1],[0,0],[0,0],[0,-1],[0,-1],[0,-1],[0,0],[0,-1],[0,0],[0,-1],[0,0],[0,0],[0,-1],[0,0],[0,0],[0,1],[0,1],[0,0],[-1,1],[0,0],[0,-1],[0,0],[0,0],[0,-1],[0,-1],[0,0],[0,-1],[1,0],[0,-2],[0,-1],[0,0],[0,0],[-1,-1],[0,-1],[0,0],[0,0],[0,0],[0,1],[0,0],[0,0],[-1,0],[0,0],[0,1],[0,0],[0,1],[0,0],[0,1],[0,1],[0,0],[0,0],[0,0],[0,0],[-1,0],[0,0],[0,0],[0,0],[0,1],[-1,0],[0,1],[0,0],[-1,0],[0,0],[0,0],[0,1],[0,0],[0,0],[0,1],[0,0],[0,1],[0,0],[0,0],[0,1],[0,0],[-1,1],[0,0],[0,0],[0,0],[0,2],[0,0],[0,0],[0,0],[0,1],[0,0],[0,-1],[0,0],[-1,-1],[0,0],[0,0],[0,0],[0,-1],[0,0],[1,-1],[-1,0],[0,0],[0,-1],[0,0],[0,0],[0,1],[0,0],[0,0],[0,0],[-1,-1],[0,-1],[0,-1],[0,0],[0,-2],[0,0],[0,-1],[0,0],[0,0],[3,2],[1,-1],[1,-2],[1,0],[0,-3],[1,-2],[0,0],[1,1],[0,1],[0,1],[0,0],[0,1],[0,3],[-1,1],[0,0],[0,1],[0,0],[0,0],[1,0],[0,-2],[0,0],[0,0],[0,0],[0,0],[1,0],[0,1],[0,0],[0,1],[-1,1],[0,1],[0,0],[0,1],[0,0],[0,1],[1,0],[0,1],[0,0],[0,0],[0,-1],[0,-1],[1,0],[0,-1],[0,0],[0,0],[1,0],[0,0],[0,0],[1,0],[0,0],[0,1],[0,2],[0,0],[0,0],[0,0],[0,0],[0,-1],[1,0],[0,-2],[0,0],[0,-1],[0,0],[0,0],[0,0],[1,1],[0,1],[0,1],[0,0],[0,0],[0,-1],[0,-1],[0,0],[0,-1],[0,0],[0,0],[0,-1],[0,0],[0,0],[0,-1],[1,0],[0,0],[0,0],[0,1],[0,1],[0,0],[0,1],[0,0],[0,2],[0,1],[0,0],[1,0],[0,0],[0,0],[0,-1],[0,0],[0,0],[0,0],[1,0],[0,1],[0,0],[0,0],[0,0],[1,1],[0,0],[0,1],[0,0],[0,1],[0,0],[0,0],[0,1],[0,-1],[1,0],[2,-9],[6,1],[5,12],[2,1],[6,-13],[0,-11],[-5,-5],[-7,3],[-3,-7],[1,-8],[5,-11],[5,-5],[6,-10],[4,20],[5,4],[0,-11],[-4,-14],[0,-12],[1,-6],[3,-2],[2,3],[5,25],[2,0],[4,-12],[1,-5],[2,-24],[2,-7],[6,-16],[0,0],[15,-8],[5,-17],[1,-28],[10,-12],[-1,-40],[0,-13],[12,-51],[-1,-10],[6,-13],[3,-48],[-1,-47],[5,-25],[2,-30],[-11,-31],[-3,0],[-3,-4],[-3,-6],[-16,-46],[-4,-6],[-4,-5],[-6,-8],[-5,-4]],[[305281,563432],[-2,5],[0,-8],[-1,-1],[-2,-15],[-1,-15],[0,-9]],[[305275,563389],[0,1],[-2,0],[-5,3],[-26,-31],[-154,-44],[-56,-16],[-88,-38],[-19,-8],[-1,0],[-44,-35],[-27,-4],[-21,11],[-1,0],[-2,-1],[-1,-1]],[[304828,563226],[-10,41]],[[304818,563267],[5,18],[5,12],[2,4],[5,12],[13,23],[8,2],[4,-4],[0,17],[-2,43],[2,55],[6,17],[9,3],[7,15],[1,8],[7,3],[7,21],[13,-2],[13,6],[8,23],[7,38],[11,9],[6,12],[8,2],[7,6],[2,3],[2,-2],[1,1],[0,-1],[1,-1],[3,0],[2,-1],[0,-2],[1,0],[1,2],[0,-4],[6,4],[11,-6],[-2,12],[4,2],[8,28],[3,10],[-1,46],[-7,19],[-3,30],[-2,38],[-5,47],[-8,50],[5,42],[4,20],[-8,28],[0,13],[3,9],[-14,47],[1,6],[-3,30],[-9,-6],[-9,-23],[-6,11],[2,19],[4,1],[7,24],[-12,58],[25,19],[7,27],[11,0],[-1,43],[-11,35],[13,37],[-1,10],[-28,-37],[1,-41],[-5,-11],[-11,-57],[-15,-51],[-9,5],[7,37],[-2,38],[-4,31],[6,10],[-7,-10],[-1,25],[-2,1],[-8,-1],[-6,-12],[-1,23],[2,14],[13,34],[15,76],[1,37],[-11,28],[-15,47],[-35,-53],[-11,42],[-28,81],[-14,29]],[[305709,573311],[2,-18],[6,-14],[10,-44],[6,14],[5,0],[14,-20],[-1,-29],[3,-19],[6,-12],[29,-13],[6,-6],[4,10],[5,-10],[3,-18],[4,3],[12,-21],[3,17],[11,-13],[16,8],[4,-13],[16,-15],[2,-32],[15,-22],[0,22],[-3,21],[5,31],[5,-1],[9,-96],[26,3],[1,0],[0,0],[6,-7],[6,18],[16,32],[2,12],[14,-31],[7,-54],[-4,-34],[-4,-12],[0,-1],[2,-4],[5,23],[2,26],[16,11],[6,19],[-2,31],[4,7],[-11,114],[1,1],[-1,7],[-6,63],[23,22],[7,-12],[4,-18],[-15,-27],[0,11],[-5,-7],[1,-3],[0,-8],[2,-26],[22,40],[1,-8],[4,-3],[5,-26],[6,-14],[5,-28],[18,-26],[6,-6],[-1,31],[0,30],[3,13],[6,-6],[-1,-18],[4,-3],[0,5],[2,-1],[0,12],[1,19],[1,14],[-6,1],[0,4],[-1,9],[2,3],[0,6],[7,-10],[6,31],[-2,25],[0,75],[5,-1],[7,-7],[4,-22],[2,7],[4,9],[7,17],[2,6],[2,9],[8,29],[5,55],[18,119],[1,-4],[5,-35],[7,-30],[6,37],[18,56],[8,73],[-9,57]],[[306462,574009],[9,29],[2,14],[9,-20],[12,-39],[8,-16],[7,-11],[2,27],[13,42],[6,9]],[[306530,574044],[1,-22],[-4,-49],[5,2],[5,20],[2,25],[5,-6],[3,-15],[12,-7],[10,-10],[3,24],[7,-7],[1,11],[5,-14],[9,-6],[3,-36],[-3,-33],[-4,-78],[-7,-38],[-12,-35],[14,-3],[0,-7],[13,-30],[7,3],[2,-15],[5,-12],[8,6],[10,-20],[9,3],[2,-15],[9,-9],[-2,-19],[1,-23],[4,-8],[2,-28],[-3,-11],[0,-39],[10,-33],[5,6],[9,-4],[10,17],[6,-12],[5,16],[9,4],[21,87],[12,-23],[22,-64],[28,-112],[42,14],[13,-50],[13,-2],[8,-38],[16,0],[-5,-77],[9,-6],[15,1],[7,-9],[4,-19],[4,-35]],[[306915,573204],[3,-13],[6,-74],[5,8],[2,-9],[11,-8],[34,11],[1,-205],[7,2],[0,-95],[18,4],[0,0]],[[307002,572825],[0,-62],[-1,0],[-9,0],[-47,-1],[7,-57],[-17,-13],[-17,11],[-8,25],[-9,-23],[-11,2],[-18,-9],[3,-73],[-9,-45],[-8,10],[-17,4],[-14,15],[-4,-13],[-1,-47],[-4,-84],[2,-66],[5,-16],[-1,-19],[-2,-67],[3,-11],[8,-11],[1,-26],[-2,-23],[1,-36],[-5,-23],[-1,-24],[-3,-28],[3,-24],[-2,-22],[3,-8],[3,-49]],[[306831,572012],[-3,-17],[-29,-149],[-9,-36],[-8,-16],[-51,-67],[0,125],[1,84],[-222,7],[1,106],[-91,-86],[-10,-10],[-6,-18],[-2,-35],[-11,-8],[-16,22],[-4,13],[-5,4],[-6,26],[-6,8],[-9,-6],[-15,13],[-10,27],[-7,-6]],[[306313,571993],[-3,11],[-1,22],[-5,11],[-19,25],[-22,32],[-11,31],[-8,35],[-10,36],[-5,21],[0,24],[3,27],[-2,16],[-3,1],[-8,-15],[-4,1],[-7,19],[-3,29],[4,73],[-6,25],[1,17],[29,6],[3,5],[-3,25],[-10,12],[-1,21],[1,24],[-3,18],[6,16],[8,7],[1,21],[-8,33],[-5,26],[2,18],[6,0],[5,17],[11,-11],[4,3],[5,35],[-2,43],[-5,3],[-9,19],[-7,3],[-7,13],[-6,-11],[-10,4],[2,-18],[-6,-7],[-3,8],[0,26],[-2,0],[-7,-25],[5,-11],[-15,-14],[-4,1],[-3,1],[-10,-17],[-5,4],[-3,-17],[1,-21],[-12,5],[0,15],[-5,2],[-4,-8],[0,12],[-6,17],[-2,18],[-2,-4],[0,-89],[-18,-19],[-3,-12],[-2,-26],[-4,-25],[-8,15],[-3,-4],[1,-53],[-8,-20],[-3,0],[-11,35],[-2,-17],[-6,4],[-3,31],[0,-15],[-36,-41],[-13,-23],[-8,43],[-26,-54],[-6,21],[-2,4],[4,14],[1,31],[-4,47],[8,10],[2,44],[-10,49],[-1,6],[-2,8],[-7,-21],[-2,-27],[-9,-55],[-3,-52],[-8,1],[-1,-10],[-5,19],[2,28],[-10,9],[-7,-21],[0,22],[-10,16],[1,-12],[-6,-9],[0,17],[-7,-2],[0,48],[-15,-28],[-24,51],[-5,-64],[42,-100],[12,50],[5,-14],[-16,-82],[-7,-41],[1,-46],[5,2],[19,-13],[-5,-67],[-13,-61],[-1,-25],[-11,-31],[-1,9],[-6,18],[-11,-36],[-10,14],[-9,-1],[-19,29],[-9,-7],[-7,14],[-6,1],[-11,-13],[-9,2],[18,32],[8,4],[-11,58],[-3,48],[0,51],[-5,48],[-19,-20],[-18,-44],[-8,83],[-1,72],[-13,98],[4,43],[34,-5],[25,19],[7,2],[23,-6],[7,66],[1,61],[-5,1],[-9,9],[-7,-8],[-5,9],[-13,-14],[-1,-13],[-12,-4],[-18,-29],[-4,-2],[-5,9],[-9,29],[-4,3],[-11,-20],[-9,-4],[-11,18],[-8,3],[-7,-5],[-7,-15],[-9,-3],[-20,-24],[-1,-2],[-12,21],[-2,-7],[-8,22],[-8,14],[-6,2],[-20,16],[-9,21],[-8,-2],[-10,13],[-4,-7],[-10,7],[-5,-69],[-2,-15],[-9,-12]],[[305543,572779],[-37,57],[7,24],[-4,-1],[2,30],[-2,42],[-6,33],[-1,35],[7,43],[-2,44],[-3,28],[-4,-3],[-20,-38],[-1,27],[-14,76],[-4,44],[-10,53],[0,48]],[[301937,578768],[36,66],[1,16],[-5,70],[8,13]],[[301977,578933],[2,6],[7,7],[-2,62],[3,66],[9,61],[20,30],[22,10],[20,-6],[8,72],[-1,68],[3,35]],[[302613,578263],[-8,-40],[-1,-53],[1,-42],[6,-13],[-2,-16],[2,-2],[-4,-42]],[[301870,577908],[22,73],[15,58],[13,44],[-4,38],[9,9],[14,23],[29,100],[-6,9],[-12,3],[-3,10],[-8,-14],[-17,-9],[-3,-7],[-12,18],[-14,6],[-20,-4],[-6,-12],[-13,2],[-7,8],[-8,-4],[-9,2],[-3,8],[-12,-14],[-22,34],[3,5],[45,96],[1,9],[8,9],[6,12],[27,60],[3,15],[7,54],[-10,23],[-14,20],[-2,-19],[-9,35],[40,110],[3,7],[18,19],[18,24]],[[307297,580301],[29,13],[8,20],[13,-3],[26,-18],[18,133],[14,-10],[31,-28]],[[307436,580408],[8,-5],[0,-52],[-1,-62],[-5,-104],[5,-7],[-1,-10],[10,31],[0,21],[-2,86],[1,59],[-5,36],[27,-21],[0,29],[14,-8],[-7,48],[12,14],[7,-2],[0,-23],[19,4],[4,-13],[4,14],[0,17],[12,-5],[-2,46],[25,-33],[4,-8],[-2,-86],[-4,-21],[8,-29],[3,-23],[7,-28],[10,-9],[-4,-137],[-15,-73],[-3,-46],[1,-11],[-13,-21],[9,-57],[1,-8],[-2,-64],[-5,-37],[-4,-31],[-12,-13],[15,-32],[2,-13],[9,5],[-1,14],[8,-10],[0,17],[3,4],[12,-21],[6,10],[3,-25],[4,-7],[6,-27],[9,11],[1,5],[-2,24],[7,18],[9,7],[17,-10],[5,2],[7,30],[12,87],[12,50],[5,18],[13,13],[14,9],[8,-2],[7,-27],[4,-3],[19,26],[23,25],[7,11],[5,1],[12,-10],[17,-19],[6,-1],[11,20],[2,-3]],[[307837,579963],[2,-34],[-1,-35],[-2,16],[-11,7],[2,-33],[-4,-7],[-6,9],[-7,-7],[-6,8],[-4,-29],[-7,14],[-11,-1],[-2,8],[-7,-9],[-2,-23],[2,-17],[-3,-24],[2,-13],[2,-119],[-3,-8],[-20,-6],[-3,-13],[-2,-75],[-1,-9],[-27,-19],[-1,-28],[3,-25],[7,-17],[-1,-13],[-16,-16],[10,-103],[3,-26],[0,-22],[-10,-15],[31,-98],[-7,-96],[-5,15],[-20,-60],[-16,45],[-32,-104],[-17,-16],[-3,-51],[-3,12],[-25,-55],[-7,-7],[0,-31],[-4,-5],[-10,24],[-20,70],[-12,-33],[-6,-33],[-5,-34],[-10,-30],[-10,-30],[-7,-14],[39,-26],[66,-61],[-1,-9],[-2,-23],[-40,-33],[-38,-30],[-7,-3],[-14,1],[-24,16],[-8,7],[41,-548],[0,-17],[10,-22],[7,-37],[17,-57],[13,-37],[12,73],[12,42],[13,-56],[0,-78],[2,-30],[7,-25],[7,-16]],[[307637,577779],[-11,-26],[-7,-2],[-5,6],[-2,-29],[-7,2],[-13,-29],[-4,0],[-9,17],[-3,9],[-19,2],[-6,7],[-8,-2],[-7,-13],[3,-66],[-26,-29],[-12,-3],[19,-114],[4,-19],[19,-76],[17,-109],[0,-59],[-24,39],[-13,-4],[-5,-9],[-12,14],[-8,3],[2,-60],[-1,-31],[7,-50],[2,-41],[6,-40],[1,-38],[5,-52],[-4,-26],[-4,-41],[-8,-60],[2,-55],[-7,-47],[35,7],[18,18],[7,2],[-1,-5],[-19,-62],[9,-46],[-108,-73],[-1,4],[-4,63],[-11,-17],[-14,-31],[-13,-10],[0,-16],[4,-6],[-2,-25],[-7,-35],[-1,-27],[2,-12],[3,-33],[3,-22],[5,-16],[20,-22],[7,-2],[1,-32],[-11,-28],[-24,51],[-10,-5],[-6,9],[-9,-19],[-6,32],[-3,37],[-2,11],[4,28],[-5,17],[-7,10],[-3,26],[-4,5],[-2,16],[-9,11],[-2,9],[4,17],[0,20],[6,17],[8,11]],[[307351,576625],[3,41],[-6,28],[5,14],[-2,28]],[[307351,576736],[-7,65],[1,23],[3,28],[-2,41],[-10,56],[0,21],[2,9],[10,16],[5,40],[-2,12],[-20,67],[-2,30],[6,46],[-2,16],[61,251],[59,239],[-6,22],[9,46],[9,26],[-7,18],[-13,16],[-9,24],[-11,11],[-5,10],[-10,13],[-4,-1],[-13,-15],[-3,27],[16,16],[-6,24],[-3,12],[-10,26],[-5,6],[-7,87],[-1,18],[0,31],[21,25],[-3,53],[-7,-6],[-6,6],[-1,83],[-3,14],[0,30],[-7,79],[-15,57],[6,26],[2,23],[3,32],[-22,-2],[-5,36],[43,-4],[16,8],[-3,37],[2,48],[-8,-10],[1,-29],[-3,-6],[-5,18],[-7,9],[-4,31],[-15,-8],[-6,-18],[-10,-13],[-10,-29],[-3,6],[-2,13],[0,8],[4,51],[3,47],[0,8],[1,40],[1,16],[3,15],[-6,9],[7,20],[1,3],[-25,33],[-8,26],[-1,1],[-3,10],[-11,79],[-7,29],[0,6],[14,10],[5,9],[0,1],[2,0],[0,0],[0,16],[-4,1],[-13,22],[-10,3],[-19,8],[-8,8],[0,2],[2,37],[5,3],[1,34],[4,-2],[-13,7],[2,35],[-4,6],[7,19],[3,33],[0,87],[2,7],[5,-1],[2,-15],[6,-4],[1,7],[-2,6],[2,7],[10,-13],[1,15],[6,43],[-9,33],[-4,10],[6,24],[13,-48],[6,9],[10,17],[4,-1],[12,37],[19,65],[7,30],[0,32],[-8,92],[-4,24],[-32,124],[-2,8],[-8,70],[-19,100],[-6,21],[26,34],[-9,57],[6,20],[0,129]],[[307488,580059],[9,-44],[11,-10],[0,-114],[22,14],[9,-13],[9,95],[-5,5],[2,14],[-1,71],[-7,12],[-2,43],[3,1],[-1,41],[-16,4],[5,49],[4,50],[-4,9],[-2,16],[-15,-56],[-5,-27],[-16,-72],[-11,-49],[11,-39]],[[304097,564628],[3,-9],[5,8],[4,-14],[2,14],[5,5],[3,23],[4,1],[-2,-14],[11,-6],[7,8],[0,27],[3,8],[4,-13],[2,6],[-4,20],[5,14],[-2,-18],[4,8],[2,-13],[11,2],[4,12],[5,-27],[5,3],[2,12],[-1,24],[4,-7],[5,14],[-4,14],[14,-9],[3,8],[2,20],[-8,13],[0,13],[8,18],[5,-12],[6,5],[-3,7],[4,11],[0,17],[4,25],[-1,20],[-5,2],[3,-15],[-10,1],[-2,8],[-2,35],[3,25],[8,36],[8,13],[3,21],[5,-1],[5,17],[0,-16],[6,-14],[3,12],[-1,15],[4,1],[1,-23],[9,-2],[12,15],[3,50],[5,2],[-2,16],[6,-8],[3,21],[0,11],[-4,-8],[-4,24],[3,3],[-1,26],[7,-6],[5,11],[2,21],[-3,11],[4,2],[1,26],[-3,52],[-4,2],[-6,11],[-2,-6],[5,-13],[-3,-10],[-7,4],[-5,9],[-3,15],[0,16],[5,36],[4,7],[5,-4],[4,20],[-3,25],[-5,18],[3,21],[-5,29],[9,-5],[-4,25],[11,18],[6,22],[4,-26],[12,4],[2,41],[6,-3],[4,15],[-8,3],[-3,10],[4,10],[-1,16],[-3,-3],[-6,17],[-3,-9],[-8,-2],[-3,7],[7,7],[-4,25],[5,33],[8,21],[-5,37],[-4,0],[3,-13],[-5,1],[-8,37],[5,-5],[-2,15],[8,11],[5,-2],[2,11],[-6,7],[6,3],[-5,19],[5,37],[8,9],[12,5],[2,-11],[-3,-7],[12,-15],[2,21],[-2,27],[-3,12],[-5,3],[-2,35],[-4,9],[-2,23],[-4,10],[7,6],[-7,14],[-2,15],[4,25]],[[304320,565995],[3,28],[-3,33],[7,5],[5,24],[13,-23],[3,23],[5,3],[3,53],[7,13],[9,-6],[10,4],[2,16],[7,26],[8,10],[4,14],[0,26],[7,7],[3,40],[6,-2],[4,11],[0,14],[14,16],[11,-1]],[[304448,566329],[17,-16],[10,-3],[1,-6]],[[304476,566304],[2,-23],[2,-11],[7,-4],[2,4],[7,-14],[2,-25],[5,-13],[1,-12],[6,-9],[7,6],[3,-13],[6,-6],[13,-23],[9,3],[7,-8],[7,5],[10,-24],[3,4],[3,-19],[9,-19],[15,-12],[3,-8],[10,3],[11,-21],[3,3],[5,-12],[6,6],[7,-17],[9,-27],[5,-4],[9,-14],[6,0],[9,-13],[14,-2],[6,9],[4,27],[1,23],[12,35],[6,33],[8,11],[7,27],[5,16],[4,38],[10,36],[5,11],[7,31],[10,35],[5,41],[7,27],[11,15],[3,28],[7,16],[7,24],[3,5],[19,48],[1,12],[8,23],[8,2],[3,-7],[7,7],[-3,20],[0,24],[-9,35],[-4,18],[0,23],[-6,27],[-4,30],[3,11],[125,45]],[[304975,566791],[8,3],[238,85]],[[305221,566879],[-17,-35],[-188,-895]],[[304827,564620],[-16,38],[-46,-130],[-9,-4],[13,-129],[-23,52],[0,-61],[-138,-23],[-6,0],[-1,-2],[-2,-3],[-8,0],[-5,0],[-39,13],[-17,-54],[-5,3],[0,-11],[3,-64],[1,-20]],[[304529,564225],[-22,-17],[-6,0],[-34,19],[-9,17],[-14,38],[-2,24],[-15,13],[-34,5]],[[304393,564324],[-3,-14],[-2,-5],[-9,-15],[-31,-5],[9,-86],[12,-59],[12,5],[6,8],[13,-8],[6,1],[9,13],[4,-2],[4,-65],[-14,-9],[-12,3],[-8,-5],[6,-7],[4,-35],[8,-30],[-1,-25],[-4,-15],[-4,-31],[-12,-52],[-10,-28],[-10,-5],[-12,-18],[2,-64]],[[304356,563771],[-29,-33],[-11,-40],[-24,-28]],[[304292,563670],[1,12],[4,20],[-10,-5],[-16,3],[-3,5],[3,16],[10,8],[2,85],[7,-1],[-7,45],[-10,42],[-24,-25],[-14,-13],[-18,-29],[-12,9],[-33,-33],[-25,7],[-14,-37],[-6,-49],[-9,-59],[9,-3],[18,-108],[-27,-16],[-1,8],[-4,42],[-16,-27],[-4,15],[-4,23],[3,26],[0,23],[-6,30],[-27,52],[-6,-8],[-11,12],[-3,14],[-9,21],[-17,0]],[[304013,563775],[-8,50],[4,-6],[5,18],[1,-11],[2,19],[2,-2],[-2,13],[2,15],[-6,23],[2,14],[-3,7],[-3,-18],[-3,-2],[-6,59],[6,14],[14,10],[4,34],[3,0],[1,-15],[6,9],[4,-5],[4,12],[4,1],[2,15],[8,4],[-1,18],[3,13],[3,-13],[12,-18],[2,11],[-2,21],[-8,4],[-1,14],[4,40],[-7,36],[-3,37],[-3,54],[-3,32],[-6,34],[-11,40],[-9,41],[-2,22],[1,32],[-1,25],[6,18],[11,16],[11,23],[8,31],[8,-2],[3,24],[12,-19],[10,16],[4,45]],[[304393,564324],[-1,61],[-6,7],[-6,-9],[3,-19],[-11,-1],[-9,19],[-3,23],[-8,32],[-17,-7],[-3,14],[-7,16],[5,16],[11,36],[3,13],[10,57],[-16,8],[-19,18],[-19,42],[-19,50],[-5,1],[-20,-147],[-2,-17],[-12,-47],[-7,-71],[0,-13],[6,-26],[1,-21],[13,-2],[15,10],[-1,-39],[1,-23],[8,-50],[-2,-87],[14,-48],[1,-36],[4,-9],[7,-1],[4,-11],[7,26],[28,28],[-6,15],[0,137],[13,21],[-8,42],[18,-7],[22,-1],[6,15],[0,-15],[7,0]],[[307386,581803],[-3,44],[99,177],[-2,21],[-14,27],[20,68],[4,8],[2,4],[37,37]],[[307529,582189],[15,-10],[2,0]],[[307546,582179],[20,-17],[22,-2],[12,-138],[1,-19],[-40,-17],[-1,2],[-5,-6],[-18,-56],[5,-15],[-4,-31],[-8,-17],[-5,-18],[-1,-15],[1,-15],[7,-9],[7,3],[-1,-22],[10,-7],[3,-28],[3,4],[-1,-24],[4,9],[-2,-21],[1,-11],[-4,-18],[6,2],[0,-32],[4,-25],[4,-4],[-2,-10],[5,-5],[10,-25],[-1,-44],[5,-16],[0,-11],[7,-37],[-2,-35],[-7,-21],[2,-22],[13,-16],[4,-15],[9,24],[6,1],[2,67],[-1,99],[2,59],[2,13],[20,111],[22,101],[4,26],[10,45],[11,34],[2,5],[2,8],[17,-16],[3,-59],[3,-4],[0,15],[10,-12],[0,19],[10,-17],[15,-13],[16,0],[-2,35],[22,2],[1,-35],[6,-8],[3,-34],[2,-13],[23,-52],[5,-13],[12,-27],[3,-9],[8,-16],[10,41],[6,8],[-2,12],[-9,60],[3,-1],[6,-58],[4,-10],[18,53],[7,8],[38,-115],[18,-28],[6,29],[22,15],[2,-33],[2,-7],[6,-21],[27,-114],[-2,-46],[24,-4],[35,8],[7,-3],[3,60],[6,-1],[3,-3],[20,-40]],[[308252,581040],[-7,-68],[-1,-6],[15,-35],[16,16],[9,-2],[2,25],[18,-11],[16,-74],[28,-79],[7,-26]],[[308355,580780],[-55,-15],[-1,-16],[-2,-113],[-3,-34],[5,-13],[14,-13],[11,1],[4,-39],[14,-23],[-11,-28],[2,-27],[11,4],[5,-13],[22,-112],[-2,-43],[3,-15],[1,-41],[-4,-7],[-23,-69],[-4,-7],[-5,-1],[-8,0],[-2,-1],[-3,-4],[-14,-25],[-2,-1],[-24,27],[-4,14],[-8,66],[8,48]],[[308280,580280],[0,20],[-3,23],[-1,6],[-30,72],[-3,6],[-21,7],[-24,32],[-5,0],[-18,-7],[-11,5],[-6,12],[-45,152],[-5,21],[-6,39],[-6,20],[-14,21],[-3,-17],[-10,-40],[-10,-26],[-15,-72],[-7,-14],[4,-16],[-12,-24],[4,-38],[4,-32],[-1,-28],[-10,-34],[0,-14],[-17,-3],[-13,40],[2,13],[-20,19],[-2,-10],[-28,55],[-4,4],[-2,-24],[-26,50],[1,10],[-11,7],[-5,-3],[-9,26],[-9,15],[-1,62],[-2,29],[-5,7],[2,27],[-17,22],[0,11],[-6,8],[-29,154],[-23,3],[-5,19],[3,15],[-5,3],[0,0],[-1,1],[-5,-4],[-5,1],[-8,-58],[-10,-56],[-4,6],[3,114],[-1,1],[0,44],[-7,-1],[0,21],[-5,1],[0,43],[-30,-23],[5,-31],[3,-44],[17,-48],[10,-66],[4,-11],[-4,-65],[0,-5],[-7,-34],[-31,76],[-39,-115],[-6,25],[8,4],[-2,14],[-6,0],[-1,16],[-4,2],[5,15],[-17,43],[-6,24],[-1,86],[4,32],[4,-20],[21,68],[30,73],[7,9],[-1,8],[-10,121],[-11,30],[-4,-11],[-17,4],[-31,19],[4,45],[-4,32],[-6,22],[0,15],[9,12],[6,-1],[-3,14],[-26,-24],[-11,12],[-6,-1],[-13,4],[-28,24],[3,-23],[-8,-71]],[[307559,581282],[-7,12],[-5,21],[-6,14],[0,-10],[-6,8],[5,46],[4,23],[-30,43],[-4,-19],[-22,-17],[-17,-31],[-16,-20],[-21,-17],[-10,-6],[-21,22],[-24,14]],[[307379,581365],[3,32],[-1,6],[10,30],[13,11],[-8,52],[0,55],[5,26],[-1,11],[-5,12],[-2,13],[4,21],[-11,169]],[[309051,577367],[-1,8],[-8,52],[-2,9],[-13,41],[-4,43]],[[310561,573188],[2,-189],[5,7],[-5,-26],[7,-26],[1,-16]],[[310571,572938],[0,-1],[2,-18],[8,-22],[3,-15],[2,-33],[2,-79]],[[310588,572770],[-2,1],[-2,0],[-12,5],[-4,2],[-11,16],[-2,2],[-1,-4],[-8,-30],[-10,-17],[-3,5],[-19,36],[-4,8],[-14,29],[0,0],[-4,-6]],[[310492,572817],[1,42],[6,23],[-1,31],[4,9],[1,8],[2,1],[2,1],[-2,23],[1,2],[-2,-2],[1,184],[31,46],[20,9],[5,-6]],[[308280,580280],[-9,4],[-12,17],[-12,4],[-17,-42],[9,-83],[-21,-51],[-14,-44],[12,-35],[14,-19],[34,5],[22,-5],[0,-79],[-11,-122],[-2,-15],[-14,-33],[10,-94],[19,-147],[-33,71],[-9,51],[-11,36],[-19,48],[-8,-9],[-13,-2],[-13,-52],[-8,-16]],[[308174,579668],[-9,35],[-4,5],[-21,7],[-26,21],[-11,2],[-10,6],[-16,-1],[-4,6],[-7,35],[-14,17],[-16,13],[-10,20],[-8,12],[-2,-4],[-16,17],[-14,42],[-8,9],[-11,3],[-8,-3],[-7,5],[-19,1],[-8,7],[-8,19],[-9,17],[-10,25],[-1,-5],[-5,14],[-3,27],[-3,4],[-11,-16],[-31,-26],[-7,-19]],[[307436,580408],[1,69],[2,21],[2,14],[13,59],[5,15],[11,14],[22,72],[7,45],[11,26],[14,27],[11,14],[-4,11],[-11,10],[-3,12],[-2,47],[-11,32],[-5,-12],[-3,6],[3,-23],[-4,-8],[-17,2],[-5,-5],[3,16],[-8,8],[-9,20],[-2,14],[-3,0],[-6,3],[-5,-9],[-1,21],[-5,9],[2,19],[-5,35],[-10,18],[1,59],[21,-1],[34,-24],[32,1],[14,-8],[2,51],[1,64],[3,39],[-1,47],[18,5],[3,23],[7,16]],[[305666,570825],[31,36],[-1,-14],[7,-11],[4,2],[2,27],[-6,2],[-6,40],[5,40],[6,-2],[-2,16],[16,-1],[0,-27],[96,-188],[5,22],[25,162],[7,-11],[8,-33],[7,-9],[14,-50],[0,-48],[1,-8],[6,-16],[7,-43],[18,10],[22,-10],[6,183],[40,-62],[35,30],[6,1],[5,-9],[9,-25],[9,14],[12,40],[0,39],[2,48],[4,22],[7,12],[1,16],[10,3],[0,13],[12,12],[6,-6],[7,12],[4,26],[31,11],[-1,62],[26,36],[20,32],[15,30],[-10,98],[-16,177],[23,22],[18,0],[3,-52],[13,-1],[20,-24],[2,24],[-29,109],[-11,44],[-5,32],[-7,59],[-2,37],[22,-27],[2,-1],[18,7],[16,23],[0,2],[2,84],[-1,23],[-9,38],[13,10],[6,17],[13,-3],[9,27],[7,10],[7,-1],[5,8]],[[306831,572012],[3,-80],[-3,-20],[3,-63],[-8,-29],[7,-26],[5,3],[-4,-19],[0,-68],[-2,-49],[-2,-14],[10,-51],[11,-71],[6,-18],[17,-24],[12,-10],[-2,-48],[0,-89],[2,-62],[2,-27],[8,-19],[7,-3],[11,10],[6,22],[5,-4],[11,-43],[17,-23],[7,4],[8,-17],[2,-14],[-5,-17],[1,-21]],[[306966,571122],[-8,-23],[-71,-85],[-14,-20],[-88,-113],[-15,-57]],[[306770,570824],[-3,35],[1,19],[5,6],[4,15],[-1,51],[-5,33],[-3,39],[-4,15],[-4,40],[4,16],[-5,0],[-19,30],[-5,25],[-8,-3],[1,-21],[-6,13],[-5,-10],[-10,28],[1,13],[-6,14],[-2,-10],[-5,12],[-7,-18],[-13,-14],[-14,-1],[-2,19],[6,44],[-5,33],[-8,-1],[-6,-3],[0,-21],[-4,-18],[-1,12],[-8,16],[-4,0],[3,-15],[7,-9],[-3,-21],[-2,-1],[-3,19],[-8,-3],[-3,37],[-14,-7],[-8,-19],[-5,-28],[-3,-5],[-4,-15],[-10,-20],[-2,-11],[-1,-25],[-7,-26],[2,-6],[7,15],[4,0],[2,-27],[-3,-28],[-8,-21],[-3,-31],[-5,3],[-2,-22],[6,-23],[6,2],[8,-27],[3,-82],[8,-31],[-2,-14],[-17,-55],[-7,-23],[-19,-33],[-7,-28],[-6,-61],[5,-37],[0,-30],[-3,-52],[6,-43],[-5,-41],[-1,-56],[-3,-20],[-9,-2],[-13,49],[-5,-4],[0,-17],[11,-54],[-1,-8],[-7,13],[-5,17],[-2,-6],[0,-25],[-10,-57],[0,-18],[7,-16],[-3,-10],[-8,0],[4,-13],[7,1],[2,-10],[-3,-14],[2,-27],[4,12],[3,-8],[4,-45],[-3,-14],[4,-20],[5,-8],[1,-46],[-1,-19],[6,-14],[-1,-11],[-12,-14],[-1,-42],[-6,-23],[1,-10],[10,-41],[-4,-20],[-6,-6],[4,-13],[-5,-19],[-77,-21],[1,-21],[-21,-22],[3,49],[-24,-22],[16,-211],[-1,-1],[-5,-3],[1,33],[-25,320],[-10,7],[1,-47],[-3,-14],[-5,-9],[-19,-6],[-1,-15],[-2,9],[-12,128],[-2,-1],[-12,-1],[-24,-32],[-6,71],[-16,71],[-19,-20],[-4,2],[-12,125],[-29,22],[1,-50],[-24,10],[-11,-10],[-6,8],[-20,-11],[-7,8],[-1,23],[-9,45],[-12,-26],[-24,38],[-2,1],[-18,-4],[-1,55],[2,15],[-52,42],[-5,8],[-2,-3],[-7,-17],[2,-14],[-3,-52],[6,1],[6,-53],[-10,-13],[-1,-27],[18,-53],[-14,-78],[-24,5],[6,-75],[-15,-61],[-18,-2],[-23,-25],[2,-39],[9,-58],[-7,-29],[-8,-3],[-6,6],[2,-103],[-2,-48]],[[305917,569552],[-8,10],[-1,30],[-3,15],[-7,12],[-4,25],[-5,14],[-3,20],[-5,6],[-2,11],[-2,57],[6,23],[3,51],[-4,25],[-1,32],[-7,33],[0,45],[3,24],[-1,18],[6,49],[-6,15],[-16,-6],[-5,-7],[-13,4],[0,98],[-1,16],[-8,53],[-9,-16],[-3,-12],[-8,5],[-25,-65],[-10,-7],[-17,-26],[-17,34],[-30,37],[3,26],[-2,23],[-19,19],[-5,23],[9,10],[2,79],[-12,10],[5,24],[-13,11],[1,13],[-3,16],[-3,-16],[-5,-4],[4,-16],[-5,-1],[-3,-27],[-37,14]],[[305631,570379],[9,10],[5,24],[5,3],[3,30],[2,31],[0,16],[5,49],[6,18],[2,25],[4,17],[1,49],[-2,10],[-1,24],[5,36],[-1,45],[-6,31],[-2,28]],[[304700,574919],[7,-51],[3,1],[18,-65],[84,-256],[6,27],[5,15],[9,5],[13,34],[16,-5],[6,8],[10,-10],[9,19],[6,-12],[5,-50],[3,-21],[-3,-29],[-2,-9],[8,-32],[1,-33],[10,-14],[-8,-31],[3,-15],[-4,-10],[0,-13],[-3,-11],[0,-17],[-3,-42],[-7,-39],[-6,3],[-1,-18],[-5,-14],[2,-30],[3,-13],[-5,-23],[-1,-14],[6,-42],[-2,-15],[-4,0],[16,-17],[17,5],[-8,-120],[-4,-29],[31,30],[4,19],[0,17],[9,7],[20,-23],[10,0],[5,1],[3,-17],[3,-31],[-10,-33],[5,-28],[11,-6],[17,-3],[7,-13],[6,14],[12,-9]],[[305225,573188],[-4,3],[-10,-21],[-5,-24],[-10,-68],[-1,-25],[-12,-15],[-18,-44],[-11,-23],[-11,-9],[-7,1],[-3,-6],[7,-12],[-2,-8],[6,-8],[-9,-12],[-9,6],[-2,7],[-10,1],[-5,7],[-2,-23],[-7,-16],[-7,10],[-4,12],[0,11],[4,30],[0,21],[-11,7],[6,34],[-3,8],[6,25],[-1,17],[7,14],[2,-25],[4,14],[7,1],[9,14],[-3,22],[-5,11],[5,29],[-2,8],[-16,-28],[-37,-72],[-7,-13],[-6,-4],[-7,39],[-16,44],[-5,36],[-12,-10],[-11,-15],[-8,10],[-9,-11],[-4,4],[-14,-49],[3,-26],[1,-35],[-8,-56],[-2,-57],[3,-25],[13,-32],[5,-48],[22,-131],[2,-16],[-20,-45],[-27,-44],[-15,-21],[-11,-36],[-7,-19],[-4,-3],[-31,5],[-13,-7],[-7,-13],[-14,29],[-3,21],[3,6],[7,-15],[5,0],[-6,26],[8,7],[1,15],[-4,9],[-11,36],[-12,18],[3,30],[-3,20],[-9,15],[1,12],[-3,12],[-4,-1],[5,31],[3,6],[-2,24],[3,10],[-6,12],[-3,-11],[-3,7],[-1,28],[-7,1],[-4,19],[-8,16],[-7,1],[-1,23],[-2,12],[4,2],[5,29],[-2,13],[9,13],[0,12],[-7,9],[-6,23],[-3,10],[0,24],[9,8],[0,17],[-6,20],[4,17],[-15,18],[-8,0],[-2,-11],[-2,15],[-5,6],[2,13],[-7,7],[-4,13],[3,18],[-4,10],[-4,-10],[-6,14],[5,21],[-2,13],[-8,12],[-20,-58],[-14,-73],[-21,-94],[3,-18],[-11,-24],[13,-29],[6,-23],[59,-166],[-25,-239],[-14,-7],[-7,18],[-38,120],[-4,2],[-26,48],[-8,8],[-3,16],[-21,-35],[-5,-11],[-13,-23],[14,-59],[3,-30],[-3,-26],[-10,-22],[-4,-31],[-9,-31],[-3,-68],[2,-43],[-3,-45],[-9,-29]],[[304571,572267],[-21,46],[-26,61],[-11,22],[3,12],[1,37],[4,31],[-7,16],[-3,17],[-9,83],[0,21],[4,74],[5,51],[3,95],[8,40],[-11,15],[-3,21],[-13,41],[-10,22],[-9,27],[-7,37],[-7,14],[-7,6],[-6,16],[-16,-55],[-3,-16],[-7,-48],[-5,-21],[-11,-27],[-7,-11],[-13,-11],[-71,97],[-6,5],[-5,1],[-27,-10],[-5,1],[4,37],[3,32],[-5,12],[2,110],[-4,7],[-36,8],[8,42],[0,52],[-2,58],[-3,18],[9,24],[0,65],[-2,16],[4,2],[2,86],[-5,13],[-8,-1],[-1,90],[-27,44],[0,0],[-6,7],[-3,30]],[[304203,573729],[-2,37],[-7,5],[-40,79],[9,37],[-11,41],[-25,78],[-14,8],[-2,8],[11,39],[16,-16],[13,0],[6,-6],[11,3],[16,25],[6,2],[11,15],[4,29],[0,18],[6,18],[32,-31],[2,-7],[16,-76],[2,33],[0,46],[5,54],[3,70],[11,47]],[[306966,571122],[178,487],[15,-127],[7,-58]],[[307166,571424],[2,-15],[15,-124],[9,-80],[15,-129],[35,-324],[12,-115],[23,-215],[18,-171],[33,-311],[-3,-11],[0,-16],[5,2],[4,6],[2,-1],[0,-26],[2,-11],[0,-16],[2,-3],[10,-25],[16,-4],[5,17],[6,-12],[3,-8],[9,24],[9,-2],[5,-19],[0,-6],[7,-27],[5,1],[0,0],[1,-3],[1,1],[1,0],[1,-5],[1,-3],[0,-12],[12,-9],[6,-22],[0,-8],[5,-17],[1,-8],[9,-19],[4,-14],[-3,-1],[1,-10],[-11,-29],[-1,-21],[-2,0],[-2,-4],[0,-6],[-2,-3],[0,-5],[1,-5],[-3,-6],[-1,1],[1,12],[-3,1],[-3,-9],[-2,-38],[-8,4],[-4,-25],[-5,-1],[-1,-4],[-4,7],[0,6],[-8,54],[-8,42],[-3,-15],[-21,-25],[0,2],[-9,-9],[-3,0],[11,-63],[-17,-28],[5,3],[7,-43],[6,13],[-12,-27],[-6,44],[-4,-6],[1,-13],[5,-35],[7,-21],[-14,1],[1,-11],[-7,27],[-7,-4],[7,-20],[3,-43],[-10,-30],[2,-3],[2,-23],[-6,-5],[-7,-29],[-4,2],[-15,-25],[-7,-24],[1,-14],[-2,-2],[-2,-2],[-18,-49],[-33,-85],[-66,-171],[0,7],[-9,-21],[-3,-3],[3,-9],[-60,-152],[-8,-17],[-74,-160]],[[307023,568556],[-2,-2],[-2,-2],[-4,-10],[-4,-7],[-11,-27],[-10,-16],[-2,8],[-1,-19],[-28,-63],[-10,-17],[-11,-31],[-8,-50],[-4,-37],[-4,-7],[2,-6],[-8,-65],[-10,-31],[-19,-32],[-6,-24],[-2,-6],[-10,-23]],[[306869,568089],[-6,-12],[-9,36],[-10,54],[0,17],[-7,34],[-30,8],[-12,32],[-1,-5],[-2,16],[6,20],[2,13],[-1,40],[-13,11],[-78,47],[-5,60],[-4,26],[-12,29],[-33,62],[-9,25],[-9,14],[-13,3],[-5,19]],[[306618,568638],[29,42],[48,80],[3,6],[1,-10],[7,-6],[1,-23],[-2,-32],[6,3],[7,-16],[21,-31],[1,21],[4,3],[7,-19],[8,-1],[0,10],[13,14],[-2,8],[-7,-6],[-2,18],[-28,-2],[-2,26],[-12,-7],[-5,33],[2,36],[6,6],[1,8],[-7,13],[3,4],[0,12],[-8,7],[-5,-28],[-119,214],[9,36],[7,17],[3,-16],[5,2],[2,21],[22,1],[3,-20],[5,4],[10,-16],[5,-40],[5,-3],[14,11],[10,35],[8,-6],[1,-23],[11,-39],[11,-19],[-1,-24],[3,-78],[-1,-35],[5,-6],[22,10],[11,-7],[7,34],[2,18],[-13,-1],[22,93],[20,4],[3,-3],[16,17],[4,17],[4,3],[8,21],[-5,12],[-30,52],[-12,17],[-5,116],[-7,-4],[-8,7],[-9,-14],[-7,-5],[-19,-1],[-17,-24],[-7,-17],[-9,44],[-15,46],[-14,89],[-16,70],[13,16],[20,12],[1,18],[13,16],[13,-16],[8,1],[13,20],[4,27],[4,50],[3,18],[8,30],[22,58],[3,30],[0,44],[36,134],[65,233],[85,305],[-67,66],[-1,21],[-5,35],[-5,15],[-2,41],[2,15],[-6,49],[-8,19],[-7,28],[-17,38],[-9,1],[-7,24],[-7,8],[-2,-6],[-2,0],[-1,3],[-1,5],[1,8],[0,2],[-1,6],[-2,4],[-1,-2],[-2,-10],[-5,13],[-17,-17],[-4,18],[-8,6],[-7,21]],[[309403,574855],[19,58],[-8,27],[-4,3],[-7,1],[1,59],[2,21],[47,-150],[-43,-130],[-5,38],[-2,53],[0,20]],[[306618,568638],[-9,-11],[-10,-6],[-9,5],[-7,12]],[[306583,568638],[5,16],[12,4],[2,32],[6,23],[6,8],[2,25],[-8,19],[-3,21],[-5,9],[-2,17],[-13,-4],[-7,10],[-3,32],[-4,6],[-5,-10],[0,22],[-7,30],[-3,-12],[-7,-12],[-18,-13],[-14,-31],[-23,-31],[-20,-5],[-19,-1],[-7,-7],[-16,-38],[-21,-32],[-13,-36],[-9,-31],[-6,-20],[-14,-18],[-12,-7],[-1,-1],[-15,-4],[-8,1],[-6,10],[-6,29],[1,33],[0,61],[-4,32],[-5,0],[-6,-19],[-9,-12],[-11,-2],[-13,10],[-9,-5],[-2,-8],[-9,-69],[-15,-64],[-8,-22],[-7,-5],[-2,15],[3,25],[0,33],[-3,8],[-5,-3],[-4,-14],[-2,-18],[1,-16],[4,-29],[1,-23],[-7,-14],[-10,21],[-7,33],[-1,23],[6,30],[1,16],[-4,17],[-13,7],[-5,10],[-7,2],[-4,-6],[-1,-15],[2,-30],[-3,-29],[-4,-1],[-6,22],[-13,24],[-10,35],[-2,21],[1,14],[7,40],[1,21],[-1,19],[-5,14],[-6,-2],[-11,-33],[-4,-8],[-7,-12]],[[306104,568766],[-3,8],[-14,-5],[-6,11],[1,16],[3,7],[11,-1],[1,33],[3,5],[8,-8],[-17,47],[-8,18],[-4,22],[-9,-4],[-4,21],[-3,3],[-9,-9],[-19,-10],[-3,-8],[-2,-32],[0,-27],[-1,-2],[-18,15],[-7,-24],[-2,-5],[-6,1],[-3,18],[-8,24],[-4,19],[0,17],[-5,-2],[-2,22],[-2,-1],[1,-29],[-2,-9],[-5,6],[-4,20],[-8,7],[3,18],[-2,4],[-6,-25],[-9,3]],[[305940,568930],[2,12],[-5,14],[5,28],[-7,19],[-8,9],[-5,19],[1,19],[-4,23],[1,22],[-9,17],[-11,39],[3,8],[4,-5],[4,11],[-5,20],[3,28],[1,24],[11,35],[5,25],[3,10],[-5,9],[-5,27],[2,21],[-7,44],[-4,8],[-11,-232],[-16,16],[-9,-1],[-13,15],[-6,54],[-1,25],[1,97],[-4,105],[15,1],[12,-11],[20,-7],[7,2],[2,11],[19,-11],[3,0],[-1,31],[-2,16],[-3,10],[-6,15]],[[306487,576315],[5,21],[-3,14],[7,44],[0,21],[3,15],[1,37],[-1,16],[5,31],[0,18],[7,47],[2,0],[3,6],[-2,11],[-1,25],[0,17],[11,15],[30,41],[7,0],[4,15],[15,15],[7,12],[8,4],[3,13],[7,6],[13,0],[9,6],[24,34],[7,20],[11,18],[-3,18],[7,73],[9,15],[29,114],[10,-26],[8,18]],[[306729,577049],[-2,-12],[27,-40],[14,-33],[2,3],[9,-8],[11,1],[-2,180],[2,3],[8,6],[23,7],[-4,87],[10,1],[11,-11],[8,0],[6,4],[9,22],[8,10],[7,-2],[15,-29],[7,0],[-3,-14],[3,-97],[-3,-14],[-5,-3],[-3,-17],[-11,-8],[3,-89],[-2,-24],[0,-9],[19,-21],[67,-86],[6,99],[-4,2],[0,13],[5,6],[15,-7],[0,21],[3,0],[-9,33],[16,69],[36,-63],[88,29],[13,108],[3,-13],[10,-14],[6,2],[13,-8],[7,-11],[3,-14],[7,-18],[5,-32],[-3,-33],[7,-35],[5,-13],[4,-9],[5,11],[9,8],[17,-1],[2,-26],[4,-6],[0,-18],[5,3],[9,-21],[3,-13],[4,-6]],[[307257,576899],[0,-24],[13,-4],[5,-25],[6,-10],[1,-23],[6,10],[7,-18],[9,-2],[6,-9],[2,-16],[5,-4],[7,-17],[3,-16],[10,-7],[5,4],[9,-2]],[[307351,576625],[-8,19],[-11,13],[-24,-13],[-6,6],[1,-35],[9,-35],[5,-43],[4,-27],[-2,-22],[-41,209],[-10,-16],[-6,-14],[10,-96],[8,-18],[-1,-26],[2,-12],[11,-22],[-1,-25],[-9,-18],[-2,-11],[-5,-73],[1,-23],[-9,-24],[-3,-23],[-5,-6],[-1,-14],[-7,-6],[-1,-23],[-3,-8],[-9,-2]],[[307238,576237],[-5,5],[-6,29],[-1,15],[-5,14],[-8,-6],[-2,-20],[-3,-8],[-7,0],[-6,-15],[-1,-17],[-7,-17],[-5,13],[-4,-1],[-6,30],[8,44],[-1,11],[-35,16],[3,48],[-15,7],[5,-125],[-1,-97],[-5,-8],[-2,-14],[-18,-9],[-12,-39],[-6,0],[-8,-23],[-3,-24],[2,-13],[-3,-28],[2,-28],[-5,-7],[-4,-22],[-6,10],[-8,1],[0,-14],[-6,-24],[2,-19],[-9,-14],[-4,-20],[-1,-86],[3,-34],[4,-51],[-7,-53],[-7,-21],[-26,33]],[[307009,575656],[-8,18],[4,-51],[-2,-190],[-7,-5],[-2,8],[-18,-57],[-7,7],[-43,4],[3,-12],[-15,-14],[-12,-1],[-14,-13],[0,-22],[7,-8],[-3,-37],[-6,-9],[-1,-13],[-6,5],[-9,-33],[-14,18],[-6,1],[-3,27],[-16,37],[-7,9],[-17,38],[-6,24],[-2,7],[-11,0],[-21,15],[-16,13],[-14,-11],[-5,1],[-3,-18],[-5,-4],[-2,14],[-13,-3],[-10,23],[-6,-14],[-9,23],[-12,9],[1,54],[3,40],[5,18],[-3,6],[5,9],[-4,15],[1,31],[4,16],[11,24],[5,1],[3,23],[5,6],[4,34],[0,44],[2,9],[-15,1],[-11,-10],[-5,1],[-9,32],[-4,1],[-2,-160],[-5,-50],[-3,4],[-10,81],[-4,14],[-10,19],[0,-40],[2,-33],[-4,-14],[-2,33],[-4,12],[-2,33],[-4,4],[2,-93],[-2,-10],[-10,-44],[-14,2],[-37,66],[-52,-75],[-13,-20]],[[306496,575526],[-3,15],[5,78],[12,8],[13,0],[-1,21],[-30,-5],[0,37],[-20,19],[-7,-9],[-7,45],[3,8],[-4,34],[-13,2],[-8,11],[6,22],[-3,9],[6,16],[-5,15],[17,53],[4,33],[-2,30],[6,0],[4,16],[3,33],[1,48],[5,19],[9,16],[-3,4],[8,32],[-3,17],[1,8],[-5,30],[2,48],[-2,15],[3,55],[-1,6]],[[309449,572420],[2,0],[8,-10],[1,-1],[2,-1],[10,-8],[7,4],[0,1]],[[309479,572405],[16,-12],[2,1],[28,13],[1,1],[1,-19]],[[309527,572389],[-3,-1],[-27,-13],[-8,-3],[-15,-8],[-22,-12]],[[309452,572352],[1,16],[-3,3],[-1,49]],[[310174,578011],[-7,-4],[-13,-23]],[[310154,577984],[-9,32],[-20,47],[-4,20],[-6,14],[-22,41],[1,9],[-1,12],[0,1],[-6,12],[3,34],[-6,85],[-12,21],[18,108],[3,0],[13,-15],[-1,-14],[2,-27],[-13,-24],[-6,-22],[-3,-31],[11,-8],[23,-34],[47,114],[11,17],[7,-4],[15,-48],[2,-26],[-2,-40],[-1,-5],[-6,-7],[-9,-6],[-5,-14],[-3,-23],[-2,-29],[-1,-69],[0,-38],[2,-56]],[[310719,573765],[8,-46],[1,-21],[-3,-21],[-13,-34],[-15,-54],[-9,-36],[-9,-49],[-6,-54],[-1,-24]],[[310672,573426],[-5,28],[-4,12],[-20,55],[-6,12],[7,19],[-1,32],[-4,21],[0,16],[2,9],[78,135]],[[304547,586191],[54,7],[15,-33]],[[304616,586165],[3,-14],[1,13],[8,13],[18,7],[5,19],[6,0],[5,-14],[7,2],[13,-37],[1,-15],[4,5],[16,2],[10,15],[2,-6],[16,20],[13,9],[0,12],[-13,-1],[-4,22],[9,1],[0,13],[12,6],[2,21],[5,-1],[0,39],[18,0],[0,21],[12,-6],[9,2],[0,-11],[5,-1],[0,-68],[13,0],[9,70],[3,-7],[11,2],[3,15],[8,-2],[6,-30],[5,-6],[-2,-23],[1,-38],[2,-27],[7,-18],[6,-23],[2,-24],[-2,-17],[0,-34],[3,-50],[-3,-44],[-4,-33],[-11,6],[-3,-8],[2,-23],[-4,-24],[-2,-25],[3,-27],[-14,11],[-7,-21],[1,-95],[2,0],[-3,-8],[-1,-46],[3,-18],[16,7],[-1,-27],[-2,-60],[2,-36],[3,-60],[-2,-73],[31,-4],[11,7],[15,18],[2,19],[3,11],[12,-28],[12,-9],[-2,-20],[3,-4],[-2,-12],[8,-10],[3,-19],[5,-1],[2,-2],[8,-69],[8,-47],[8,-20],[8,-51],[2,-2],[7,56],[7,9],[9,-22],[9,9],[0,21],[25,5],[0,-34],[4,0],[8,14],[2,-12],[-24,-50],[6,-14],[37,31],[8,-24],[7,-12],[-7,-32],[-9,-26],[-10,-47],[-6,-16],[-16,-4],[2,-21],[3,-10],[5,-32],[7,-33],[-4,-36],[-4,-24],[4,-24],[7,-19],[11,-2],[4,16],[3,-35],[6,6],[0,-9],[4,-62],[-18,-18],[-7,-14],[-9,-12],[12,-43],[9,-53],[4,-13],[6,-10],[0,-7],[-16,0],[-38,5],[-22,-6],[-6,-13],[-5,-1],[1,-41],[7,-14],[-4,-32],[5,-132],[-24,-82],[2,-27],[-3,-11],[-12,-40],[-5,-14],[-13,-13],[-2,-2],[-6,-1],[-3,0],[4,-14],[1,-19],[2,-28],[0,-8]],[[304951,584078],[-10,-36],[-19,-24],[0,-25],[-9,-2],[-19,16],[-5,18],[-3,26],[-10,44],[-7,6],[-5,-10],[-4,10],[-6,-5],[-2,12],[-1,20],[1,19],[9,43],[8,45],[-2,23],[-8,34],[-6,-7],[0,21],[5,-8],[1,56],[0,103],[-21,2],[0,-14],[-8,1],[0,19],[-14,5],[-3,30],[-7,6],[-1,10],[-9,6],[-6,10],[-17,-27],[-10,5],[-11,-4],[-1,-21],[-12,7],[-1,-23],[-38,-56],[3,17],[-1,8],[1,55],[-32,-64]],[[304671,584429],[-5,38],[-15,55],[-5,29],[-7,21]],[[304639,584572],[6,9],[9,-14],[-5,46],[0,27],[7,1],[0,8],[-18,-4],[2,15],[-11,3],[-5,74],[10,-2],[18,6],[17,26],[8,14],[2,14],[-2,10],[4,20],[-8,50],[0,11],[-1,6],[-1,10],[-3,24],[-2,9],[-2,12],[-2,4],[-1,5],[-4,16],[-1,5],[-2,12],[-1,4],[-1,5],[-1,10],[2,12],[-1,4],[0,9],[-2,8],[-3,17],[-2,15],[3,31],[-3,18],[5,21],[5,26],[-1,5],[2,3],[-2,7],[1,20],[-2,3],[-3,17],[7,30],[6,54],[9,12],[4,50],[8,33],[5,13],[12,19],[-4,17],[-28,131],[-29,8],[-30,0],[-1,36],[2,75],[1,9],[4,17],[3,16],[5,-2],[11,0],[-9,39],[-1,6],[0,7],[-1,17],[-24,-9],[-1,-26],[-11,-3],[-7,18],[-30,1],[-1,25],[-6,32],[-3,36],[-11,0],[0,98],[-3,10],[-2,9]],[[304525,586002],[-1,19],[-7,26],[-2,24],[10,2],[3,14],[19,32],[0,72]],[[304127,582611],[6,0],[2,17],[12,1],[10,25],[4,-10],[9,0],[4,16],[5,24],[5,-13],[14,-8],[1,2],[3,-11],[-1,-56],[-1,-39],[8,23],[10,-10],[3,22],[3,-10],[8,-3],[6,-15],[-3,-25],[3,-23],[9,-12],[12,6],[10,-15],[5,-35]],[[304183,582183],[-8,-9],[-21,17],[1,16],[-3,-1],[-6,-4],[-1,9],[-18,3],[0,25],[-14,-2],[0,-39],[-23,0],[0,-10],[-16,2],[-5,-20],[-5,-35],[-11,2],[-1,9],[-8,13],[-11,44],[-9,18],[-20,-148],[-11,-4],[2,20],[-2,19],[-5,15],[-11,3],[-2,10],[-12,15],[-7,21],[-9,11],[-7,20],[1,21],[-5,16],[-11,10],[-4,-3],[-6,20],[-3,-1],[-4,-20],[-6,4],[-6,-16],[-11,-17],[-7,-28],[-13,-12],[-6,-10],[1,-35],[6,-66],[4,-25],[-17,9],[0,-27],[-23,-4],[0,34],[-12,1],[3,18],[-9,11],[-21,24],[-13,-2],[0,13],[-12,-25],[-7,6],[1,33],[-9,8],[-4,0],[-4,13],[2,9],[-43,50],[-1,5],[0,4],[3,14],[8,-10],[-3,46],[-13,1],[0,6],[-1,9],[0,12],[-1,5]],[[303677,582375],[-4,16],[-4,-8],[-2,-39],[4,-11],[-4,2],[-2,-18]],[[304263,588589],[10,11],[1,26],[6,-1],[2,-78],[14,-26],[14,6],[4,14],[6,-6],[0,33],[15,-30],[-1,-22],[14,-1],[12,-6],[-4,15],[11,16],[8,6],[-1,-32],[11,-1],[0,11],[9,1],[1,16],[24,0],[5,-6],[1,19],[4,-1],[1,8],[3,-4],[2,-4],[23,-11],[5,-2],[19,-7],[-1,15],[4,35],[13,13],[12,-8],[4,-25],[-3,-40],[-12,-142],[4,-1],[2,-2],[3,13],[47,118],[6,22],[2,17],[2,20],[-1,44],[10,1],[11,-12],[6,-20],[5,-3],[18,10],[2,-16],[11,0],[15,-45],[2,-17],[7,-13],[6,-27],[12,-9],[4,-5],[-1,-66],[-3,-15],[-5,7],[-13,-8],[-4,34],[-16,-44],[-5,1],[4,-126],[3,-54],[3,2],[0,-10],[-6,-1],[-6,-14],[-19,-89],[31,-8],[22,63],[40,-34]],[[304698,588094],[-3,-30],[5,-25],[-1,-7],[5,-9],[6,21],[11,-4],[14,-36],[5,-18],[1,-35],[3,-13],[-10,-28],[-1,-9],[-2,-41],[3,-40],[1,-25],[-6,-28],[3,-8],[9,-3],[0,-37],[8,6],[4,-26],[13,7],[0,28],[10,2],[27,-7],[0,14],[7,-1],[3,-1],[9,-43],[15,3],[1,27],[32,2],[1,-22],[4,-5],[5,36],[2,-5],[11,5],[7,-14],[9,-35],[-2,-3],[-4,-50],[-5,-21],[1,-16],[-2,-23],[16,2],[0,-27],[5,1],[3,-63],[3,-1],[0,-25],[3,-1],[-1,-39],[-3,-9],[9,-8],[22,-53],[-15,-21],[-8,-25],[2,-17],[-2,-28],[7,-8],[6,-26],[6,-43],[10,-20],[5,7],[7,-18],[0,-28],[5,-3]],[[304977,587124],[-17,-52],[1,22],[-3,28],[-4,-13],[-5,13],[-14,-18],[-14,-2],[-1,-26],[4,-9],[3,-30],[-3,-26],[-19,-3],[10,-89],[1,-28],[-4,-5],[-4,-15],[-1,-38],[-1,-35],[-8,-2],[-2,-7],[-6,3],[-5,-10],[-8,-5],[-5,-23],[-1,-20],[-3,0],[-4,-15],[-5,-10],[1,-14],[-5,-26],[-14,-24],[1,7],[-5,46],[1,12],[4,6],[3,32],[0,15],[-7,6],[-5,-6],[-18,-48],[-14,42]],[[304801,586757],[4,17],[-5,40],[-5,3],[-3,12],[-3,33],[-6,8],[14,31],[1,11],[-4,4],[1,33],[0,33],[3,54],[-2,20],[-6,5],[0,17],[-4,27],[-3,-1],[-13,33],[-12,50],[-8,38],[-4,3],[-14,-31],[-20,89],[-1,6],[-10,41],[-9,-1],[-7,-8],[-14,-26],[-24,-4],[-10,-9],[-3,41],[0,69],[-7,0],[0,9],[-2,65],[-20,-1],[-1,58],[-7,12],[-42,66],[-20,30],[2,24],[0,9],[0,43],[-5,19],[4,4],[-6,34],[-29,-79],[-21,32],[9,50],[-3,90],[0,37],[1,23],[-5,10],[-1,-12],[-8,6],[-6,-6],[-1,-22],[-6,2],[7,54],[-6,-25],[-1,-50],[-3,-38],[-17,9],[-1,54],[-19,1],[-4,-8],[3,-7],[3,-28],[-3,2],[-2,-28],[1,-13],[-5,21],[-6,6],[-3,-23],[-24,31],[3,13],[9,27],[7,41],[2,36],[-9,12],[-10,10],[-13,-3],[-8,9],[-29,8],[-2,-2],[-13,-13],[-5,2],[-4,-42],[-15,19],[-12,17],[-2,7],[-3,15],[4,8],[3,22],[0,46],[8,7],[0,54],[4,2],[2,31],[1,21],[7,0],[1,32],[13,1],[0,114],[0,34],[-3,43],[-33,7],[-1,-35],[9,-25],[-13,-8],[-1,-14],[-18,-1],[-4,11],[-5,-10],[-2,20],[6,37],[8,14],[4,29],[4,10],[-5,21],[9,20],[-2,15],[-10,24],[1,47]],[[304977,587124],[1,-33],[9,-10],[14,-39],[6,-3],[6,-8],[2,-25],[4,-1],[1,-23],[11,-7],[3,-20],[10,-7],[6,-14],[10,-11],[30,-7],[3,32],[9,46],[4,-8],[7,88],[10,3]],[[305123,587077],[8,-33],[5,1],[3,-18],[10,-7],[-1,-14],[13,-24],[3,-13],[-3,-16],[10,-10],[-4,-23],[4,-3],[-4,-15],[6,-8],[4,-10],[5,28],[5,0],[2,-47],[6,6],[0,27],[9,-20],[26,107],[7,34],[7,76],[9,2],[3,15],[7,-32],[13,-37],[8,-44],[15,10],[8,8],[3,-3],[43,-78]],[[305322,586093],[-2,-5],[-20,-2],[-10,-60],[-9,-54],[-29,-48],[-10,-6],[1,-25],[12,-1],[9,-24],[3,-12],[7,-3],[27,-26],[13,9],[24,29],[6,7],[2,-85],[14,0],[13,-4],[-12,-137],[-12,2],[-3,-173],[-8,0],[-1,-20],[-20,19],[-1,-62],[2,-57],[-15,-60],[15,-9],[13,-3],[1,-11],[0,-13],[1,-13],[-18,-11],[-11,2],[-9,16],[-8,-37],[1,-35],[3,-21],[0,-48],[-15,-23],[-10,2],[-18,19],[-8,4],[-1,-53],[-6,-17],[5,-10],[9,3],[4,-32],[10,-18],[-3,-10],[0,-61],[-5,-43],[-2,-63],[-35,5],[-10,0],[1,-5],[8,-155],[-6,-4],[-26,-1],[-23,-47],[-10,-14],[-3,0],[-11,-29],[3,-18],[7,10],[9,-26],[5,-11],[-7,-13],[1,-23],[-5,-24],[5,-34],[-1,-18],[2,-9],[0,-22],[2,-11],[10,-10],[1,-46],[-1,-6],[1,-53],[5,-19],[14,-7],[-3,-26],[1,-22],[3,-7],[8,13],[10,5],[1,-6],[-5,-22],[-15,-36],[-1,-22],[3,-13],[8,-2],[3,-19],[0,-11],[-7,-26],[-16,-11],[-5,-17],[7,-10],[15,22],[9,2],[5,-9],[1,-25],[-3,-27],[-8,-32],[2,-11],[-5,-7],[-5,-43],[2,-16],[5,-2],[7,-26]],[[305204,583814],[-8,14],[1,12],[-5,1],[-10,27],[0,10],[-11,17],[-9,28],[-6,-25],[-10,18],[-23,10],[-11,12],[-8,0],[-28,-12],[5,87],[-4,11],[-10,3],[-7,-200],[-2,15],[-7,28],[-15,115],[-3,41],[-4,-13],[-9,-3],[-3,14],[-57,0]],[[304960,584024],[-9,54]],[[304616,586165],[-1,8],[1,101],[3,43],[1,5],[9,-2],[1,21],[16,48],[5,3],[-4,19],[-4,44],[2,32],[19,-22],[16,-30],[9,34],[2,4],[0,23],[24,29],[1,52],[-15,65],[-11,0],[10,38],[2,20],[15,10],[9,-4],[8,18],[14,3],[8,9],[12,-7],[9,-16],[7,7],[15,1],[3,-5],[2,11],[-3,30]],[[299943,570034],[1,-25],[0,-115],[-9,14],[-36,36],[-7,4],[-1,-16],[1,-24],[10,-77]],[[299907,568208],[-1,-11],[12,-26],[-3,-76],[-15,13],[-5,-22],[-9,3],[-1,-57],[11,-43],[1,-12],[5,4],[4,16],[12,22],[7,-7],[12,6],[-9,-133],[-8,1],[1,-22],[-3,-10],[-5,1],[-5,27],[-8,-7],[-6,2],[-4,-7],[-1,-9],[-6,-50],[18,-8],[17,17],[11,-29],[-3,-17],[17,-18],[-14,-66],[-25,33],[-3,-4],[-16,-50],[-4,-4],[0,-9],[-1,-103],[-43,14],[-3,-44],[-15,-101],[-13,35],[-11,11],[-45,12],[-5,0],[-6,-3],[4,-13],[15,-25],[10,-41],[17,-4],[-2,-27],[-10,-46],[-5,-76],[0,-37]],[[300009,561813],[9,2],[12,-4],[0,13],[12,2],[0,63],[5,19],[0,20],[26,10],[1,-66],[8,-12],[19,11],[10,-30],[5,-21],[7,-22],[11,-14],[-7,-52],[2,-21],[-3,-46],[-5,-20],[-2,-35],[-6,-22],[-3,-46],[5,-75],[-4,-36],[-1,-58],[-9,-33],[-8,-16],[30,-88],[8,41],[3,-3],[8,-29],[-5,-57],[-5,-38],[3,-11],[22,-13],[4,-4],[-11,108],[-11,35],[9,25],[-3,13],[5,14],[7,40],[21,20],[15,41],[11,-48],[14,14],[1,14],[3,-16],[4,-2],[22,28],[26,20],[9,5],[3,-42],[-9,-63],[54,26],[10,-6],[6,-9],[1,31],[7,118],[4,49],[7,5],[9,-7],[13,-13],[-1,-77],[0,-8],[25,-1],[-3,-90],[-4,-87],[0,-106],[0,-18],[2,-1],[8,64],[3,8],[16,-13]],[[300434,561193],[5,-3],[20,-46],[8,30],[4,8],[11,2],[28,15],[0,73],[59,2],[33,144],[10,-18],[5,21],[9,30],[18,37],[19,68],[9,37],[13,6],[12,18],[13,11],[15,46],[27,-23],[-2,-101],[0,-183],[17,-16],[14,-5],[5,2],[9,16],[14,15],[25,-27],[3,8],[7,-49],[1,-25],[5,-21]],[[300850,561265],[-10,-37],[-8,-58],[4,-17],[-24,-98],[-2,-44],[-1,-53],[2,-50],[48,25],[5,1],[2,-75],[-2,-62],[-6,-70],[-12,-11],[-16,-29],[2,-22],[1,-56],[-2,-14],[83,30],[57,21],[119,-583],[-9,-11],[-16,5],[-80,115],[-31,-116],[9,-33],[17,-19],[7,-30],[0,-27],[5,-36],[-9,-56],[-5,-22],[-8,-48],[36,-55],[24,-78],[-9,-25],[-10,-1],[-4,-68],[-26,-8],[3,-44]],[[301186,578145],[5,16],[19,7],[5,-12],[3,36],[8,-7],[2,11],[0,25],[0,31],[-3,2],[0,67],[3,17],[3,0],[5,22],[8,-11],[2,4],[4,1],[0,7],[-2,0],[0,10],[1,22],[2,21],[10,-2],[0,-92],[7,33],[4,-5]],[[301272,578348],[14,-23],[-3,-17],[17,-24],[-5,-22],[9,-21],[20,-16],[10,2],[6,7],[1,-12],[-5,-7],[3,-20],[5,-24],[2,-4],[-1,-6],[-1,-4],[10,-59],[4,1],[-1,-28],[-8,-1],[3,-11],[12,-94],[2,-7],[6,-25],[8,1],[16,4],[1,13],[2,-4],[2,0],[2,1],[0,11],[1,8],[8,-3],[0,14],[-5,20],[19,27],[11,1],[1,-15],[-5,-20],[14,1],[0,22],[23,1],[3,-15],[-5,-17],[5,-9],[-10,-5],[1,-57],[4,-63],[15,-6],[23,8],[0,-19],[12,-7],[35,-2],[4,-14],[2,-1],[19,15],[2,41]],[[301580,577864],[10,0],[0,33],[5,6],[5,-1],[3,-18],[5,0],[3,-17],[4,25],[1,-9],[3,-15],[1,-4],[4,-4],[4,-5],[2,13],[1,-11],[4,-4],[3,-8],[2,-3],[5,22],[9,22],[3,15],[2,-6],[3,1],[0,-37],[-1,-6],[2,-29],[-2,-17],[-3,0],[0,16],[-10,-3],[-7,5],[0,-33],[18,6],[2,-33],[1,-12],[1,-8],[4,4],[-1,-14],[-2,-13],[14,-18],[5,43],[3,-29],[7,2],[-3,-35],[8,-7],[4,-18],[-8,-15],[-1,-22],[-19,-1],[1,57],[-13,21],[0,-12],[-7,13],[-9,-56],[4,-3],[11,-5],[0,15],[4,-4],[-1,-10],[5,-1],[1,-26],[-12,5],[0,-32],[3,-29],[25,0],[0,-15],[4,-2],[7,6],[8,35],[9,11],[14,20],[-2,7],[2,3],[0,-38],[-4,-13],[-13,-3],[-4,-16],[4,-41],[8,-47],[-9,-12],[-2,-5],[-2,-11],[-2,-51],[2,-10],[3,-11],[5,-19],[16,57],[19,69]],[[301581,576210],[-9,48],[-4,2],[-7,3],[-10,17],[-14,11],[0,11],[-9,9],[-1,15],[-11,12],[-2,38],[-6,2],[-2,39],[-4,-3],[-6,44],[-4,3],[3,19],[-2,13],[-3,32],[-3,7]],[[301487,576532],[-5,-6],[-5,3],[-10,38],[-10,12],[-13,33],[-2,1]],[[301442,576613],[38,150],[-12,19],[-5,-26],[-7,-19],[-7,11],[4,25],[-1,11],[2,33],[5,-8],[11,-2],[4,-22],[8,-4],[3,-13],[9,47],[-13,45],[-3,31],[0,44],[14,73],[4,29],[4,101],[-4,1],[1,16],[2,36],[5,38],[-4,21],[-2,2],[-15,67],[-10,66],[2,3],[8,11],[3,4],[-11,58],[-9,-16],[-2,-40],[2,-13],[-7,11],[-2,14],[-6,1],[3,21],[2,33],[-12,12],[-4,-30],[-10,12],[-5,-37],[-4,4],[-3,-28],[-8,6],[-4,-17],[10,-6],[-3,-23],[-2,4],[-43,138],[-6,-19],[-1,-34],[-9,-38],[-6,-34],[-12,-27],[-11,-51],[-11,-37],[-5,-59],[0,-31],[-4,-10],[3,-10],[1,-23],[3,-16],[-1,-27]],[[301309,577091],[-8,21],[-11,15],[-8,19],[-8,36],[-4,27],[-7,8],[-18,49],[-5,83],[-10,49],[-3,60],[0,61],[-1,19],[2,36],[-1,29],[2,36],[-9,70],[2,47],[-3,25],[-4,7],[-2,21],[3,20],[4,3],[3,23],[4,3],[1,28],[9,29],[-4,20],[-7,17],[-2,21],[-2,24],[-4,23],[-2,8],[-1,6],[-1,10],[1,19],[0,8],[-11,1],[-9,17],[0,14],[-12,32],[3,10]],[[303510,572232],[5,-9],[30,7],[15,26],[16,16],[8,-9],[10,-32],[8,-47],[11,-75],[9,-33],[6,-28],[5,-13],[1,10],[4,8],[2,-1],[2,2],[1,-5],[-2,-5],[-6,-16],[8,-23],[1,-7],[13,16],[23,52],[10,26],[11,-39],[15,-40],[7,13],[12,33],[9,-4]],[[303744,572055],[4,-17],[-5,-23],[6,-14],[10,-32]],[[303759,571969],[-12,-35],[-5,-1],[-4,-31],[-3,6],[2,-50],[12,1],[1,-199],[-5,-42],[8,-28],[13,-33],[7,-9],[9,-23],[-1,-18],[-2,-21],[9,-11],[9,-41],[9,-10],[4,2],[25,-52],[12,-7],[6,-27],[5,-12],[10,-42],[6,8],[9,-11],[12,-45],[19,-65],[8,-31],[18,-52],[-6,-33]],[[303499,569406],[0,-2],[-17,-28],[-22,1],[-5,38],[-2,31],[-76,-26]],[[303316,570012],[-1,27],[7,36],[1,32],[10,59],[5,0],[14,39],[20,9],[5,6],[-1,-29],[4,-5],[6,5],[0,46],[4,21],[2,26],[-6,28],[-9,16],[-4,-2],[-2,10],[5,-2],[-5,19],[-10,0],[-8,12],[0,17],[6,9],[4,17],[-5,24],[-4,39],[1,9],[5,6],[0,12],[5,15],[-5,28],[-2,5],[-2,41],[-7,14],[-5,24],[-4,84],[3,5],[-1,23],[4,7],[4,-21],[1,15],[-3,25],[-6,10],[-1,25],[4,39],[5,18],[-4,19],[-5,-1],[-6,21],[0,18],[4,19],[6,-13],[8,7],[0,67],[3,15],[0,24],[4,20],[6,21],[5,-5],[10,5],[14,34],[2,22],[-3,15],[4,24],[0,25],[-2,22],[3,16],[10,6],[3,14],[-1,9],[7,21],[-2,8],[5,22],[0,13],[-4,7],[-4,-10],[-6,-3],[-5,8],[7,18],[6,-5],[5,25],[4,11],[1,25],[3,16],[4,44],[-1,36],[-6,13],[-3,25],[5,34],[0,16],[-4,9],[0,16],[7,46],[7,3],[-2,24],[7,23],[-4,14],[-1,14],[3,24],[5,5],[-2,20],[2,9],[5,-3],[-2,22],[9,44],[5,3],[10,-10],[-1,19],[-7,-1],[-3,14],[2,13],[5,-4],[3,17],[1,32],[3,15],[5,-3],[7,9],[0,17],[-6,21],[-7,-1],[-4,25],[-1,36],[1,30],[4,21],[10,20],[4,22],[13,4],[0,28],[-3,14],[0,18],[3,8],[8,5],[1,7]],[[299939,563055],[35,-14],[3,-15],[6,-11],[5,-1],[17,14],[20,5],[5,124],[7,83],[7,-16],[18,-18],[5,53],[-1,31],[-8,49],[-1,22],[2,23],[11,-25],[7,-7],[18,-8],[31,71],[9,31],[14,61]],[[300149,563507],[35,-72],[7,31],[12,14],[11,3],[7,-2],[8,-11],[-12,-34],[-4,-48],[1,-21],[26,-190],[10,45],[12,22],[0,18],[5,14],[9,-20],[14,-61],[4,-22],[4,6],[17,69],[12,-29],[-8,-34],[-10,-134],[7,-3],[7,25],[8,-7],[17,-2],[6,11],[11,-24],[9,9],[0,15],[-10,29],[3,21],[6,30],[-5,20],[-10,-31],[-2,14],[5,21],[1,17],[-9,25],[2,23],[5,9],[-2,-15],[3,-13],[22,-54],[16,51],[9,31],[4,-10],[13,13],[3,-9],[4,11],[2,-18],[4,14],[5,6],[2,-7],[10,8],[-4,10],[-3,24],[9,7],[2,14],[-30,107],[-2,10],[-8,-18],[-41,18],[-8,11],[-14,-25],[-4,59],[-6,56],[27,-6],[9,19],[-2,24],[10,-19],[18,-21],[6,-5],[9,0],[1,13],[11,-19],[19,-13],[-17,-54],[3,5],[19,-55],[4,-1],[0,-39],[14,-73],[4,8],[3,13],[-3,19],[55,16],[4,-1],[13,-19],[11,0],[17,11],[11,-26],[11,-4],[0,-61],[-11,-132],[-5,-53],[3,-62],[6,-4],[2,16],[3,-3],[-1,-17],[31,-22],[5,64],[13,22],[10,-32],[-10,-23],[-9,-43],[31,-42],[6,-6],[2,14],[17,6],[10,7],[6,-15],[-2,-30],[17,-23],[5,44],[7,46],[-3,51],[6,-2],[3,-31],[13,-15],[10,-4],[4,-19],[15,55],[1,10],[8,3],[9,-21],[26,10],[-5,61],[0,22],[6,147],[-1,53],[9,-5],[18,19],[14,35],[3,10]],[[301217,562632],[1,-42],[-7,-96],[14,-5],[7,-47],[-17,-45],[-7,3],[-19,-12],[-7,-64],[-1,-30],[-8,1],[-10,13],[-11,35],[-7,18],[-4,-3],[-8,-18],[-8,-4],[-13,10],[-12,-10],[-4,0],[-13,22],[-21,15],[-8,10],[-3,-3],[-12,-28],[-11,-7],[-8,-16],[-7,0],[-7,-10],[0,-8],[-9,-14],[-5,-18],[-14,0],[-3,-23],[-5,-9],[-10,1],[-3,-12],[-19,-3],[-3,-53],[3,-40],[3,-20]],[[301125,561496],[-7,-1],[-6,-10],[-5,-21],[-10,-17],[-3,-11],[-4,-49],[-6,-39],[-9,-50],[-1,-15],[-5,3],[-4,16],[-10,17],[-42,61],[-3,-53],[-1,-92],[-6,-10],[-12,-24],[-2,29],[-5,27],[-4,38],[-5,14],[-12,10],[-5,-5],[-23,-47],[-11,-31],[-8,-42],[-14,-24],[-11,-5],[-5,4],[-6,8],[-16,36],[-14,52]],[[300434,561193],[64,677],[-3,3],[75,70],[3,3],[5,19],[1,26],[28,48],[-1,16],[-22,63],[-5,40],[-2,36],[-5,47],[6,17],[2,35],[5,94],[-11,45],[-24,1],[-17,-181],[-14,4],[-10,13],[-24,4],[-30,-199],[-98,74],[-1,74],[-3,2],[-2,14],[-26,82],[-5,-21],[-9,26],[-7,-22],[0,-78],[3,-17],[-20,-3],[-5,-4],[-22,102],[-4,12],[-17,74],[-24,-25],[-15,58],[-5,12],[-5,1],[-8,11],[2,33],[6,65],[-6,2],[-41,41],[-1,-46],[-10,-11],[-4,57],[-23,-143],[-17,18],[-12,-79],[0,-20],[3,-30],[5,-15],[-12,-78],[-34,-58],[-21,-34],[-6,-4],[-30,-2]],[[299981,562142],[-4,51],[21,284],[13,273],[-14,-27],[-12,-4],[-16,-20],[-1,-12],[2,-26],[-1,-8],[-9,-9],[-12,-22],[-19,-43],[-8,-44]],[[299921,562535],[-1,24],[4,34],[-3,17],[-2,54],[-5,21],[-9,8],[-3,29],[2,32],[-3,19],[8,35],[-1,22],[-5,15],[5,31],[-5,28],[0,28],[9,21],[12,47],[12,18],[3,37]],[[305796,584154],[8,43],[-3,9],[2,13],[3,57],[26,-8],[5,65],[3,33],[-1,45],[1,54],[0,14],[8,5],[0,32],[-3,12],[0,22],[4,33],[5,5],[2,14],[35,-26],[16,-20],[8,-5],[16,-9],[27,-8],[9,36],[6,28],[-17,71],[-9,46],[-5,40],[-12,108],[-6,41],[-1,7]],[[305923,584911],[4,9],[19,19],[16,2],[19,-8],[17,-7],[22,-10],[2,0],[0,-2],[8,-18],[8,-26],[0,-9],[-2,-13],[3,-21],[2,-8],[13,-58],[19,-33],[5,-30],[5,-38],[3,-5],[4,9],[90,-76],[27,-23],[5,-7],[1,25],[0,4],[-3,18],[-4,84],[0,17],[2,19],[1,7],[0,10],[10,41],[3,0],[4,18],[2,8],[0,9],[-2,18],[15,16],[0,-22],[24,-2],[8,-6],[13,-61],[10,-30],[3,10],[2,13],[0,4]],[[306683,584504],[4,-157],[-1,-27],[-3,-54],[-14,5],[-10,-108],[-7,-18],[-5,-19],[1,-55],[-7,-59],[2,-5],[7,-54],[5,-16],[17,7],[5,10],[2,-18],[6,-85],[-40,20],[-12,3],[-19,-7],[3,-20],[4,-14],[12,-24],[22,-30],[-3,-52],[4,-66],[10,-8],[-10,-177],[-11,-6],[0,-35],[-13,-74],[-3,-22],[-14,6],[-2,16],[-6,1],[-11,19],[-2,38],[-5,33],[12,38],[3,22],[-6,23],[-17,19],[-2,9],[2,52],[-6,82],[-27,-15],[4,-73],[-3,-43],[6,-87],[6,-21],[1,-32],[-40,-24],[-7,48],[-12,-10],[-10,-3],[-19,19],[-4,0],[10,-77],[9,-50],[12,-78],[3,-37],[-13,-12],[-36,-8],[-6,-2],[-4,-18],[-6,-6],[-7,-25],[-3,-5],[-9,-8],[-9,2],[-2,6],[-1,14],[-6,28],[-4,16],[-4,19],[1,26],[12,6],[-2,11],[4,8],[-4,15],[6,35],[-3,15],[-5,0],[-5,14],[2,15],[1,45],[-4,13],[-9,0],[-7,25],[-1,25],[-4,-1],[-1,19],[-5,-3],[-7,35],[-2,3],[-5,-18],[-5,20],[-24,-26],[-18,-261],[-30,-166]],[[306279,583070],[-7,26],[-14,15],[-9,4],[0,-25],[3,-26],[0,-20],[-13,-10],[-13,0],[0,-14],[-15,-14],[-14,-3],[-4,40],[-14,-5],[-21,92]],[[306158,583130],[-5,26],[4,72],[-3,65],[-5,-42],[-50,37],[-3,-2],[-16,-26],[17,136],[6,40],[-4,28],[-1,4],[-5,78],[4,6],[-1,32],[-5,69],[2,57],[-1,13],[7,11],[1,16],[-9,-14],[0,2],[-4,21],[2,19],[8,35],[-6,44],[-1,24],[5,11],[-1,2],[-2,-4],[-21,68],[-54,0],[-5,54],[-4,1],[-20,97],[-7,-20],[-4,18],[-7,7],[-2,10],[-6,-11],[-10,13],[-4,-11],[1,-26],[-13,-20],[-14,-5],[-3,5],[-6,14],[-19,-2],[-12,4],[-7,-11],[1,-20],[-6,-3],[-8,27],[-8,13],[-9,-4],[-11,-3],[-1,4],[-7,58],[-5,14]],[[306176,583262],[3,-17],[10,-13],[4,23],[2,-35],[5,-21],[12,97],[4,47],[1,26],[15,5],[1,-10],[5,-1],[3,31],[-3,6],[-1,35],[6,1],[0,15],[-6,0],[-1,51],[-5,-2],[1,35],[-3,2],[-4,6],[-5,0],[-5,-10],[0,-37],[-21,-7],[5,-121],[-5,-3],[-13,-37],[-5,-5],[0,-61]],[[310688,593647],[167,-500],[10,-10],[4,4],[6,-5],[13,-16],[3,0],[10,-13],[3,-11],[1,-19],[12,-16],[8,0],[10,-27],[3,-21],[9,-7],[0,-12],[5,-9],[5,12],[15,-2],[3,8],[6,-12],[6,1],[9,-20],[12,-49],[4,-20],[13,7],[9,-17],[9,-1],[2,-40],[9,-12],[4,6],[2,-9],[-4,-11],[2,-10],[8,10],[4,-3],[2,-8],[-6,-47],[6,-18],[0,-28],[13,-27],[20,-29],[3,9],[8,-4],[3,11],[10,7],[4,-5],[2,-8],[-1,-26],[-3,-16],[2,-16],[7,-13],[9,3],[4,2],[6,30],[7,-1],[11,13],[9,-18],[18,21],[7,23],[5,-14],[3,-39],[-9,-33],[-1,-34],[8,-31],[13,-36],[5,-7],[4,-37],[6,-2],[6,-33],[-2,-6],[-1,-28],[5,-7],[16,-11],[5,6],[4,-26],[2,-38],[2,-9],[9,-26],[2,-15],[8,-24],[6,-28],[4,0],[7,-21],[5,6],[2,30],[2,10],[10,-7],[6,-21],[4,-1],[14,22],[8,-2],[11,-9],[9,-18],[9,-6]],[[311398,592183],[11,-11],[5,-24],[-3,-30],[1,-20],[-4,-17],[8,-33],[-4,-32],[1,-10],[-6,-18],[-2,-23],[6,-27],[11,-16],[3,8],[4,-1],[5,3],[7,17],[14,7],[8,24],[5,31],[5,13],[8,13],[7,1],[6,-8],[1,-14],[0,-58],[-2,-37],[3,-25],[10,-35],[5,-40],[-6,-49],[2,-26],[6,-15],[18,-13],[4,-7],[12,-37],[-2,-23],[-8,-41],[-2,-29],[2,-44],[5,-25],[7,-10],[14,4],[15,14],[21,-6],[16,3],[8,-8],[14,-28],[11,-27],[1,-20],[-3,-37],[-9,-28],[-9,-11],[-14,-1],[-15,38],[-5,-1],[-6,-24],[0,-29],[1,-69],[0,-12],[-4,-16],[-9,-4],[-13,7],[-15,-11],[-10,-32],[4,-13]],[[311542,591191],[-2,-3],[-3,-4],[-2,-2],[1,-32],[3,-4],[34,-41],[7,-55],[3,-22],[6,3],[2,1],[15,7],[15,-13],[5,-70],[19,-70],[5,-14],[16,-55],[6,-53],[41,-6],[14,9],[32,-50],[5,-8],[5,-20],[18,-79],[5,-103],[29,-101],[15,-130],[4,-32],[8,-64],[32,-27],[83,-137],[9,-76],[8,-118],[17,-172],[26,-157],[4,-62],[-15,-65],[-23,-42],[-65,-51],[-73,-39],[-30,-16],[-64,-12],[-62,-74],[-26,-2],[-14,22],[-25,0],[-28,81],[-32,60],[-25,92],[-5,63],[-36,90],[-16,78],[5,31],[-11,31],[-6,16],[-33,38],[-6,31],[2,84],[-17,29],[-18,11],[-17,-14],[-12,41],[-12,1]],[[311363,589915],[2,38],[-1,13],[-19,36],[-2,13],[0,45],[-9,33],[-4,23],[-7,21],[-6,47],[10,9],[0,13],[-4,12],[-4,12],[-6,1],[0,44],[-3,21],[-7,-11],[-6,6],[-14,-14],[-4,12],[-8,-13],[-4,25],[1,23],[-6,20],[-3,0],[-1,33],[-8,9],[-6,16],[-8,2],[-4,57],[-6,33],[-8,-4],[-8,8],[-5,-4],[-12,17],[-6,23],[-7,6],[-7,-27],[-9,-15],[-9,8],[-9,19],[-1,18],[3,13],[-1,12],[-13,35],[-6,0],[-8,20],[-12,-2],[-5,11],[-14,7],[-2,8],[-11,9],[-16,25],[-11,26],[-4,52],[-5,63],[0,18],[6,21],[1,20],[-5,24],[-13,2],[-15,85],[-9,20],[-8,29],[-2,26],[1,9],[-5,15],[-4,9],[0,8],[2,31],[-4,17],[-8,38],[-7,5],[-4,9],[-25,127]],[[310941,591335],[-117,595],[-20,170]],[[310804,592100],[-70,638],[-34,310],[-12,109],[0,490]],[[301166,580592],[3,-5],[6,46],[-4,21],[4,35],[14,-4],[1,18],[23,-29],[8,-2],[21,-7],[16,-19],[1,9],[24,-17],[6,80],[-5,3],[1,72],[7,0],[3,31],[0,40],[-4,61],[-8,-9],[-22,6],[-5,-6],[-5,18],[-16,24],[7,54],[7,1],[9,19],[11,0],[9,-10],[16,-30],[0,19],[-4,27],[0,79],[-2,33],[3,30],[5,97],[4,26],[3,34],[4,22],[10,46],[9,26],[4,6],[8,-73],[9,28],[4,16],[3,-7],[8,16],[9,-3],[4,6],[-2,12],[0,26],[8,22],[10,-17],[8,7],[4,-8],[8,0],[7,24],[5,33],[3,39],[-1,35],[-4,24],[-11,36],[-1,18],[5,9],[8,-16],[9,-28],[15,-8],[5,4],[5,24],[-1,26],[-4,42],[0,39],[8,21],[7,7],[7,1],[5,-12],[8,-27],[6,-10],[18,-56],[-2,-7],[-10,8],[-3,-21],[-8,-19],[12,-2],[4,-9],[10,-66],[3,-7],[8,-59],[7,14],[12,17],[4,-30],[9,-33],[4,-7],[12,8],[1,-4],[9,33],[8,8],[15,21],[11,4],[2,29],[4,32],[2,3],[16,-94],[20,-85],[4,-27],[21,0],[2,-24],[14,36]],[[301701,581406],[17,-18],[11,-32],[-3,-13],[3,-5],[14,3],[13,28],[7,-3],[9,27],[6,-19],[3,13],[0,43],[3,-13],[4,0],[2,10],[-2,29],[5,23],[3,19],[8,-14],[3,18],[0,-19],[4,-18],[-4,-4],[1,-18],[9,11],[-1,-13],[14,-14],[-5,-25],[-5,-18],[4,-7],[-1,-12],[14,-12],[-2,-9],[10,-38],[4,-6],[3,-19],[-3,-20],[5,-8],[1,-12],[9,-15],[5,-17],[3,3],[7,-47],[9,-12],[2,-15],[-1,-18],[8,-24],[-1,-23],[-8,-20],[2,-21],[-4,-26],[0,-30],[4,-17],[4,7],[3,-10],[-3,-12],[8,-12],[8,-3],[8,5],[8,-13],[4,-14],[1,-22],[5,-17],[9,-48],[-2,-15],[4,-17],[16,-13],[2,-28],[16,-24],[2,-8],[9,-11],[7,-20],[6,11],[7,-1],[4,-42],[-3,-11],[8,-198]],[[301977,578933],[-7,18],[-24,52],[-6,7],[-4,-7],[-10,13],[-5,-10],[-7,10],[-14,34],[-9,-5],[-4,-18],[-7,1],[-8,14],[-4,19],[-3,-4],[-1,-31],[-4,-15],[-13,-130],[15,11],[6,2],[21,-5],[12,3],[7,-4],[15,-22],[9,-2],[1,-9],[7,9],[1,-8],[-15,-20],[-34,-33],[-1,-15]],[[301891,578788],[-8,-4],[-5,-13],[-16,-3],[-4,7],[-3,-15],[-12,-17],[-5,8],[-5,-15],[-4,-20],[-2,-30],[-6,-6],[-30,-45],[4,-29],[-13,-20],[0,-71],[-1,-5],[0,-20],[-3,-22],[-21,-55],[-19,-23],[-3,-31],[-7,4],[-2,7],[-4,-11],[3,17],[4,-13],[-4,57],[7,42],[-19,19],[3,6],[7,9],[5,6],[20,-23],[1,48],[6,-4],[11,19],[3,75],[-12,2],[-6,-29],[-8,24],[-4,21],[4,23],[-7,-41],[0,-18],[-13,-23],[-26,10],[0,10],[0,11],[-12,26],[-7,-5],[3,-23]],[[301681,578605],[-13,2],[-1,23],[-7,-1],[-5,0],[0,29],[-6,-20],[-9,23],[10,35],[-2,35],[-8,12],[-4,-19],[-6,36],[1,36],[-19,10],[7,48],[-10,2],[-10,-19],[-16,13],[-8,-31],[-16,-10],[-5,2],[0,7]],[[301554,578818],[0,96],[-10,52],[-7,-1],[2,20],[9,118],[6,35],[0,183],[-11,-6],[-8,3],[-2,12],[-8,3],[-7,17],[-1,16],[-29,-83],[-6,4],[-12,20],[3,34],[0,64],[39,-4],[-6,16],[-1,18],[4,36],[10,87],[9,-15],[2,54],[4,18],[18,0],[0,33],[-9,-6],[-5,7],[1,23],[-11,2],[1,30],[-17,-17],[-11,11],[0,-10],[-9,25],[2,-18],[6,-19],[0,-13],[-7,5],[-8,14],[1,-25],[-3,-1],[-10,-54],[-4,-15],[-3,34],[0,32],[-2,25],[-11,-4],[-1,52],[-9,-25],[-3,27],[-8,41],[-13,10],[-7,11],[-16,3],[-20,-25],[-6,7],[-19,3],[-15,-7],[-4,-35],[2,-37],[-3,-49],[0,-46],[-5,-28],[-7,-7],[-5,-26],[-18,-7],[-3,-11],[-9,-4],[-6,-14],[-26,52],[-2,7],[-9,63],[0,33],[-1,8],[-16,56],[-6,-3],[-7,-20],[-10,10],[-6,-14],[-6,-22],[-5,1],[-7,-15],[-6,0],[0,-19],[-7,-3],[-6,-33],[-26,-41],[-12,-12],[-20,-7],[1,16],[-5,8],[-7,31],[-6,2],[-5,16],[1,20],[-2,45]],[[301077,579686],[10,22],[-5,27],[22,46],[-1,31],[-7,3],[-13,42],[-14,25],[-13,16],[-4,19],[-2,26],[6,9],[-1,10],[9,12],[2,-11],[4,5],[-2,12],[6,6],[0,24],[-3,22],[-12,-11],[14,43],[3,20],[27,27],[4,18],[11,85],[-4,0],[3,26],[-11,2],[10,99],[-5,3],[0,15],[12,18],[2,29],[13,-1],[2,59],[3,19],[4,-2],[4,50],[-3,15],[5,25],[6,-11],[7,32]],[[304610,577691],[7,25],[12,7],[4,70],[5,-9],[-1,36],[3,-6],[1,78],[2,-4],[15,42],[-5,14],[5,22],[16,-41],[3,1],[5,114],[13,-8],[4,5],[8,14],[13,17],[0,13],[9,12],[12,2],[24,-10],[0,-9],[11,-9],[2,-1],[0,-13],[23,-3],[-2,-16],[3,-12],[7,-9],[7,0],[4,17],[6,3],[-8,-59],[7,-10],[5,6],[4,16],[1,11],[-1,37],[1,32],[10,27],[10,19],[4,-6],[21,6],[3,-57],[0,-50],[12,40],[18,15],[10,-11],[10,11],[4,4],[13,-4],[36,-56],[9,-9],[-1,35],[13,8],[12,-46],[-12,-27],[4,-27],[1,-24],[4,4],[14,36],[14,-19],[23,-8],[15,-12],[10,-17],[8,-6],[13,-17],[3,12],[32,55]],[[305148,577942],[10,-29],[4,-28],[3,-4],[9,-26],[2,-29],[10,-56],[13,-66],[-8,-17],[-10,-58],[4,-18],[-3,-7],[-9,-22],[-14,-55],[-4,-24],[-28,10],[-1,2],[-8,45],[-14,46],[-15,2],[4,-17],[-7,-26],[2,-20],[8,-23],[6,-60],[6,-22],[10,-12],[7,9],[5,-17],[6,-8],[2,-9],[7,-9],[-3,-166],[15,-15],[16,-38],[5,-28],[14,-47],[-5,-22],[14,-93],[-13,-7],[1,-28],[13,0],[1,-13],[9,-63],[50,125],[3,-17],[-1,-46],[3,-21],[1,-44],[3,-27],[8,-34],[3,-64],[3,-22],[3,-58],[5,-29],[-1,-39],[-1,-20],[0,-31],[1,-11],[1,-12]],[[305293,576524],[-3,-66],[1,-28],[5,-39],[3,-51],[0,-17],[3,-44],[0,-32],[1,-32],[-4,-16],[-3,-25],[1,-9],[-5,-43],[1,-15],[-3,-26],[0,-51],[-5,-46],[0,-43],[-4,-22],[2,-24],[-1,-9],[4,-15],[0,-21],[-3,-7],[1,-25],[1,-14],[3,-4],[8,-50],[3,-5],[2,-31],[0,-25],[7,-52],[0,-22],[0,-7],[7,-32],[0,-35],[5,-10],[-1,-12],[8,-19],[-2,-59],[10,-27],[0,-33],[8,-24],[0,-25],[4,-37],[3,-7],[4,-47],[-1,-35],[5,-9],[0,-16],[-4,-15],[-2,-47],[-3,-5],[-1,-20],[4,-8],[-2,-7],[9,-16],[-1,-13],[6,-28],[2,-22],[-1,-31],[-3,-20],[0,-30],[-2,-42],[-8,-16],[-2,-36],[2,-13],[-6,-38],[-1,-25],[2,-9]],[[305347,574740],[-3,-1],[-8,-29],[-1,-12],[-6,-15],[-9,-10],[1,-29],[-6,-16],[-1,-13],[3,-12],[-5,-19],[-3,-24],[-5,-11],[-5,3],[0,-13],[-5,-4],[-1,-29],[-10,-8],[-9,5],[-6,-17],[-2,-18],[-5,-10],[-1,-27],[-7,-13],[-5,-43],[5,-19],[3,-23],[-4,-35],[0,-13],[9,-70],[0,-8],[2,-39]],[[304607,575866],[-6,24],[-3,36],[2,18],[-2,15],[5,27],[-1,24],[3,13],[3,53],[3,11],[0,18],[7,50],[1,26],[9,-8],[9,-1],[0,69],[-18,2],[0,6],[1,17],[-2,63],[-6,56],[-3,19],[-1,26],[3,34],[2,52],[8,38],[1,23],[0,6],[7,78],[1,41],[-5,25],[-3,33],[-10,60],[3,8],[10,61],[5,31],[7,75],[0,17]],[[313512,579094],[2,-3],[27,5],[13,29],[31,12],[27,24],[19,16],[13,30],[21,-7],[22,-32],[3,11]],[[313690,579179],[7,-10],[6,-22],[5,0]],[[313708,579147],[-5,-120],[-5,-46],[-14,-114],[-9,-189],[-11,-12],[-32,43],[-48,44],[-3,2],[-51,11]],[[313530,578766],[-16,283],[-1,19],[-1,26]],[[313530,578766],[-9,2],[-77,-32],[-6,-5],[-53,-40],[-5,-4],[-4,-3],[-49,-42],[-4,-4],[-24,-20],[-56,-73]],[[313243,578545],[-6,39]],[[313237,578584],[3,-7],[28,34],[24,48],[17,29],[8,1],[6,1],[22,50],[5,15],[15,55],[20,46],[8,47],[39,66],[27,52],[6,48],[-2,68],[2,27],[23,-37],[3,-4],[16,-22],[5,-7]],[[310625,590930],[-3,-21],[-1,-5],[-7,9],[-8,-17],[-41,-17],[-1,37],[25,11],[15,21],[19,-14],[2,-4]],[[310451,590848],[34,-2],[12,-27],[5,-3],[19,3],[9,-43],[-7,-14],[-2,-20],[18,-40],[2,-14],[10,2],[4,15],[3,0],[8,-21],[5,-22],[-2,-23],[3,5],[0,-78],[6,-20],[4,-12],[8,1],[4,-16],[28,-21],[8,-16],[2,-7],[11,8],[5,1],[14,37],[7,13],[11,57],[4,23],[18,173],[-31,56],[-9,13],[-12,31],[-25,43]],[[310625,590930],[8,77],[4,15],[1,14],[0,86],[65,-332],[4,46],[100,88],[146,136],[9,0],[10,32],[-15,11],[-51,71],[17,135],[3,26],[15,0]],[[311363,589915],[-11,1],[-5,-34],[5,-35],[0,-50],[7,-6],[15,-14],[3,-71],[13,-26],[16,-62],[26,-38],[16,-40],[5,-43],[25,-103],[1,-100],[24,-81],[3,-63],[26,-83],[27,-31],[31,-76],[27,-20],[-16,-43],[-30,-25],[-22,-62],[-34,13],[-13,32],[-15,-24],[-16,8],[-9,40],[-23,32],[-7,-25],[-20,45],[-17,-7],[-66,102],[-12,59],[-26,38],[-39,23],[-17,42],[-13,45],[-13,29],[-18,-7],[-22,16],[-10,24],[-2,5],[-23,3],[-22,13],[-15,7],[-18,-27],[-26,5],[-18,55],[-10,74],[-16,76],[-8,79],[-11,22],[-21,42],[-14,48],[-36,62],[-13,43],[-20,-5],[-23,108],[-10,22],[-21,-2],[-16,20],[-7,-3],[-5,-3],[-3,-1],[-4,-35],[-5,-45],[-1,-7],[4,-13],[23,-79],[21,-31],[2,-8],[16,-53],[3,-82],[17,-21],[15,2],[70,-190],[20,-63],[4,-58],[19,-12],[19,-66],[3,-54],[32,-60],[20,25],[16,13],[42,0],[3,-83],[15,-9],[3,-47],[11,-7],[23,-47],[40,-42],[20,2],[21,-9],[-4,-67],[-23,-43],[-20,-4],[-17,-32],[-1,-34],[-26,-12],[-9,17],[-5,36],[-33,5],[-25,-27],[-44,-14],[-12,-13],[-34,-36],[-62,-27],[-10,10],[-12,12],[-2,-62]],[[310934,588568],[-23,-6],[-17,9],[-17,-6],[-22,23],[-25,-13],[-5,18],[-2,24],[-8,5],[-8,-9],[-7,9],[-18,90],[-5,11],[-9,8],[-13,-1],[-11,6],[-6,10],[-7,27],[-7,7],[-24,-73],[-2,8],[14,43],[2,19],[12,26],[0,14],[-10,7],[-2,18],[-6,-1],[-3,-10],[-10,36],[-11,-3],[-3,-13],[-13,30],[0,20],[-11,47],[1,23],[-12,-16],[-10,-18],[-18,3],[-10,16],[-8,26],[22,67],[9,33],[21,67],[10,32],[-2,12],[3,35],[-6,18],[-6,6],[-21,0],[-19,29],[-7,0],[-7,18],[-8,50],[-5,3],[-24,19],[-8,1],[-7,60],[-3,2],[-21,-82],[-68,-116],[-31,115],[-12,339]],[[310410,589690],[-16,462],[62,-65],[28,-10],[3,60],[14,-7],[4,-20],[12,-43],[8,-20],[4,17],[-12,61],[-1,63],[-2,19],[3,29],[11,29],[-3,32],[-9,38],[2,32],[-6,9],[-8,1],[-15,-26],[-5,8],[-14,49],[-3,-12],[-2,46],[-10,-8],[-5,16],[5,25],[-5,36],[4,65],[3,-4],[3,-12],[1,43],[4,-1],[-1,45],[-9,-3],[-1,43],[-3,4],[2,17],[11,-1],[-1,35],[-2,20],[-14,8],[-1,12],[5,66]],[[310730,590223],[7,-2],[8,8],[2,15],[8,-24],[2,3],[18,15],[-1,10],[3,2],[3,17],[4,20],[-7,6],[-5,-4],[-6,-15],[-3,-23],[-3,-2],[-12,36],[7,21],[7,7],[-2,20],[-10,-2],[-5,-26],[-5,-17],[4,-12],[-2,-16],[-11,-27],[-2,0],[1,-10]],[[303715,572703],[22,-33],[19,6],[14,-18],[24,-15],[5,-4],[7,-24],[1,-24],[4,-29],[12,-28],[18,-30],[14,-4],[13,0],[6,-8],[12,-33],[5,-21],[1,-15],[-2,-34],[-5,-35],[6,-42],[17,-7],[4,-11],[8,-49],[11,-25],[13,-54],[10,-33],[17,-40],[7,-22],[1,-12],[1,-16],[-1,-48],[1,-10],[5,-9],[9,5],[17,31],[7,-3],[7,-42],[10,-9],[15,1],[23,-24],[-23,28],[-16,0],[-10,15],[-3,24],[1,6],[-11,29],[-6,36],[3,27],[-8,30],[-2,23],[2,6],[-4,45],[-6,5],[-3,24],[16,55],[14,-100],[12,40],[-8,29],[21,85],[-15,82],[-12,42],[-20,-6],[-2,73],[1,33],[-11,34],[4,30],[-16,37],[3,17],[-8,17],[-23,4],[4,14],[8,52],[-2,28],[-11,20],[13,41],[13,32],[3,43],[-42,-5],[-2,1],[-11,64],[20,-11],[40,5],[9,94],[24,212],[10,151]],[[304019,573446],[11,147],[1,36],[0,27],[12,-5],[30,-28],[9,-6],[-6,27],[3,37],[0,53],[10,39],[11,-11],[8,-17],[17,-3],[2,-28],[16,-33],[15,-16],[3,-11],[13,-13],[7,-14],[3,42],[15,55],[4,5]],[[304571,572267],[-9,-26],[-16,-55],[-4,-52],[2,-17],[-1,-41],[5,-39],[11,-35],[4,-5],[9,-39],[7,-22],[2,-19],[-3,-18],[1,-25],[-3,-20],[1,-36],[-3,-41],[2,-25],[4,-10],[2,-71],[4,-22],[0,-13],[4,-31],[4,-21],[5,-45],[6,-16],[5,-6],[9,-18],[5,-26]],[[304624,571473],[4,7],[7,-3],[2,-6],[8,-25],[4,-14],[0,-9],[0,-2],[1,-13],[11,-22],[2,-12],[16,-41],[3,-28],[5,-17],[-1,-17],[5,-22],[8,-12],[3,3],[10,-16],[6,-14],[10,-7],[17,5],[7,-15],[14,-15],[7,-3],[5,-19],[7,-10],[5,0],[13,-10],[5,7],[4,-14],[-7,-42],[-9,-33],[-9,-64],[-10,-22],[-9,-7],[-10,1],[-8,-3],[-9,-19],[-6,-31],[-5,-42],[-17,-44],[-5,-24],[-17,-14],[-7,40],[-23,83],[-6,30],[-2,30],[0,26],[-2,29],[-4,24],[-5,17],[-26,62],[-12,21],[-23,-68],[-3,-41],[-8,-20],[-5,-4],[-16,4],[5,-32],[-7,-12],[11,-20],[10,-14],[12,-35],[7,-3],[15,5],[11,-2],[4,-26],[-4,-24],[-8,-25],[8,-13],[16,3],[3,-3],[10,-26],[15,-19],[2,-12],[-1,-1]],[[304658,570759],[-3,12],[-12,14],[-14,31],[-16,-3],[-9,6],[0,15],[10,35],[2,17],[-4,14],[-5,2],[-14,-4],[-10,0],[-5,6],[-7,23],[-13,22],[-19,19],[-8,-3],[-6,-9],[-11,-40],[-9,0],[-10,17],[0,23],[3,34],[-2,26],[-6,15],[-9,15],[-7,-41],[-12,4],[4,-28],[-5,0],[-2,1],[-2,0],[0,-4],[4,-5],[2,-10],[-6,-5],[-7,15],[-8,-3]],[[303759,571969],[7,-7],[4,21],[1,-10],[3,-5],[19,-44],[4,17],[3,-23],[12,-34],[6,1],[4,8],[-22,49],[5,25],[9,18],[8,-8],[6,-32],[5,-59],[41,0],[5,-2],[5,27],[10,24],[5,24],[2,35],[11,26],[-5,11],[-8,11],[-23,5],[-4,10],[-9,-4],[-11,19],[-2,15],[-5,11],[-10,8],[-13,-7],[-8,4],[3,40],[-12,21],[-3,14],[-7,-16],[-11,-14],[-13,-8],[-3,20],[-14,20],[-4,11],[-1,-13],[-5,-17],[-6,-4],[-8,27]],[[303730,572184],[-10,32],[-9,61],[0,18],[2,81],[13,21],[24,58],[3,14],[15,43],[8,-15],[9,27],[8,-11],[16,53],[-5,45],[-5,20],[-12,13],[-19,10],[-14,18],[-17,-6],[-7,6],[-10,17],[-5,14]],[[306340,588671],[7,14],[1,-21],[5,4],[-1,26],[3,14],[11,18],[7,6],[6,-17],[-2,-30],[-6,-33],[2,-15],[3,-9],[5,1],[6,-5],[0,-4],[-1,-8],[-1,-12],[2,-11],[2,-4],[11,-1],[12,-33],[3,4],[13,-40],[1,-13],[5,-3],[2,-18],[4,-14],[7,0],[10,-20],[7,17],[-2,14],[9,-3],[14,13],[9,28],[9,14],[6,-3],[8,-24],[9,-43],[3,9],[2,37],[5,9],[14,-34],[5,-7],[7,2],[5,22],[7,-6],[15,72],[8,-1],[-4,-43],[-4,-23],[3,1],[6,-18],[2,-19],[5,-11],[12,4],[2,-18],[6,-1],[3,-35],[5,-3],[6,1],[0,11],[5,-3],[-3,13],[9,20],[3,-9],[4,22],[3,-9],[-2,-13],[9,13],[5,2],[3,-12],[4,2],[-1,19],[8,-5],[5,18],[2,-13],[5,4],[-3,11],[3,8],[4,-7],[1,28],[5,-8],[4,5],[2,-16],[4,9],[-4,9],[4,8],[5,-8],[1,11],[-4,7],[0,16],[-4,-2],[2,15],[4,-7],[7,12],[-4,8],[4,18],[10,-2],[1,-13],[2,17],[5,-11],[2,10],[6,3],[1,9],[9,7],[1,16],[9,-6],[2,-17],[1,12],[7,-1],[-1,9],[6,-5],[7,-7],[-1,9],[7,-6],[-4,-12],[9,-17],[3,12],[6,-14],[3,11],[-1,-19],[9,-5],[-4,-18],[8,-1],[0,15],[6,10],[3,5],[4,-8],[0,12],[6,-15],[3,22],[2,-11],[8,4],[-2,20],[7,-18],[-2,18],[5,3],[1,12],[4,-26],[3,8],[6,-11],[0,-11],[13,-9],[3,11],[2,-12],[4,6],[0,17],[3,-19],[5,0],[0,-19],[2,7],[3,-9],[8,4],[4,-19],[4,16],[0,-14],[13,-2],[2,-22],[3,6],[3,-24],[-3,-16],[6,-3],[3,-11],[-4,-6],[7,-2],[-1,13],[19,-58],[7,-7],[4,10],[0,-17],[4,0],[-2,-16],[2,-54],[6,-13],[-3,-5],[6,-38],[-3,-22],[-2,-3],[6,-13],[6,-30],[5,1],[-1,-18],[5,-7],[5,-22],[-4,-26],[-5,-2],[2,-10],[-3,-7],[4,-7],[-1,-18],[3,-11],[-4,-27],[-3,-5],[-2,-41],[-3,-8],[0,-17],[4,9],[5,-21],[0,-28],[6,-18],[-4,-21],[2,-2],[3,-28],[4,-12],[7,-36],[5,-12],[9,-7],[13,34],[6,0],[2,11],[4,-7],[-2,-8],[6,-16],[2,-31],[10,-7],[-3,-23],[1,-19],[3,-1],[-4,-36],[4,-11],[11,-6],[-3,17],[6,13],[7,-2],[4,-12],[2,-19],[7,-4],[0,17],[11,29],[2,-10],[7,-11],[5,3],[4,16],[4,-2],[-1,-23],[-3,-19],[-3,-37],[2,-28],[4,-12],[8,12],[0,14],[8,11],[12,-3],[3,-27],[5,-6],[1,-15],[11,-11],[9,-26],[2,6]],[[307079,586999],[-2,-4],[-5,-13],[-8,-3],[-14,26],[-4,19],[3,30],[6,16],[1,23],[-4,27],[-9,39],[-7,47],[-3,13],[-5,2],[-4,-2],[-1,-16],[7,-29],[-2,-14],[-3,-2],[-7,11],[-7,6],[-16,-10],[-11,-37],[-1,-13],[7,-23],[3,-2],[7,18],[10,-14],[6,-16],[1,-8],[-8,1],[-6,-9],[-3,-17],[-11,-38],[-13,-29],[-8,-9],[-5,1],[-4,5],[-9,24],[-2,12],[-2,29],[5,33],[-3,19],[-13,9],[-4,9],[-5,29],[-4,9],[-8,-8],[-10,3],[-11,18],[-4,15],[-2,32],[3,37],[1,44],[4,42],[-3,43],[2,5],[-16,48],[-3,3],[-36,-10],[2,323],[-25,3],[-15,-36],[-1,-33],[-16,2],[-1,-29],[-13,-6],[6,29],[-5,1],[-1,-5],[-3,-21],[0,-20],[-7,2],[-5,16],[-4,1],[-1,0],[-35,9],[-5,7],[1,11]],[[306711,587674],[7,93],[12,91],[2,7],[26,180],[-10,9],[-15,1],[-8,-106],[-14,9],[-5,-6],[-5,12],[-5,0],[2,9],[19,122],[9,2],[9,-24],[5,43],[-7,2],[0,17],[-6,6],[0,23],[-5,-32],[-15,2],[-5,0],[-1,-1],[-3,-1],[-4,0],[-3,1],[-2,-32],[-1,-24],[3,-18],[-5,-8],[-19,16],[-3,-22],[-8,34],[-4,-2],[-9,21],[-10,12],[-7,-27],[2,-21],[-4,-22],[5,-82],[9,3],[4,-13],[6,1],[-5,-53],[-43,44],[2,-23],[0,-14],[-6,-68],[-9,28],[-13,21],[-3,29],[-10,35],[-11,16],[-12,28],[-6,41],[-8,13],[-6,-12],[-2,46],[-3,-8],[-5,-21],[-7,-16],[-3,7],[-9,-21],[-35,-77],[0,21],[1,9],[-54,-68],[-10,22],[-14,27],[7,31],[-1,27],[2,10],[3,13],[1,9],[-62,9],[-4,10],[-1,-7],[-6,10],[-5,17],[-10,53]],[[306301,588137],[-7,21],[6,25],[0,20],[7,104],[-15,33],[1,111],[-24,-28],[-8,-13],[-7,-32],[-4,10],[2,123],[-4,48],[13,1],[-2,-12],[7,0],[10,36],[5,-19],[7,11],[0,13],[14,8],[7,-4],[10,34],[5,9],[7,23],[9,12]],[[302978,560327],[1,-7],[56,99],[2,5],[16,-49],[21,-65],[20,-61],[0,-2],[-1,-2],[19,-59]],[[303112,560186],[-10,-32],[-4,-15],[-64,-255],[-23,-91],[-11,-45],[-37,-145],[-14,-56]],[[302949,559547],[-7,23],[-3,-10],[-25,84],[10,33],[6,20],[-50,158]],[[302880,559855],[8,37],[9,46],[34,162],[4,18],[16,80],[16,79],[11,50]],[[309492,590525],[-1,-10],[0,-34],[-3,-12],[-9,-16],[-4,-18],[-5,-14],[-8,1],[-6,-16],[-2,-22],[0,-38],[-8,-45],[-5,-15],[-1,-21],[2,-68],[-3,-48],[-18,30],[-5,-96],[2,-34],[4,-23],[6,-53],[0,-13],[-22,24],[-13,18],[-10,21],[-8,8],[-21,-1],[-6,5],[-16,33]],[[309332,590068],[5,60],[1,23],[-2,33],[2,32],[2,63],[-7,-10],[-30,12],[0,26],[0,7],[-5,53],[3,-9],[41,0],[7,19],[17,50],[12,23],[-5,58],[37,16],[10,0],[72,1]],[[303267,574285],[4,39],[-15,19],[-11,18],[6,45],[10,6],[1,13],[-4,26],[-41,54],[-5,-51],[-23,44]],[[303189,574498],[1,18],[-13,78],[-9,-4],[-3,21],[-17,-17],[-2,15],[-5,28],[0,17],[-4,47],[-11,45],[-8,28],[-4,12],[-2,10],[-12,33],[-7,66],[-9,17],[-14,18],[-15,35],[-3,26],[-1,4],[5,32],[19,80],[-6,18],[-2,4],[-21,18],[-12,29],[-1,6],[-9,89],[-19,-30],[-2,-6],[-2,32],[-2,4],[-29,4],[-5,4],[-7,12],[34,136],[10,22],[-3,13],[-8,2],[-4,8],[1,1],[1,35],[-6,13],[-1,2],[-4,-9],[-1,2],[0,3],[0,6],[-2,-4],[-1,0],[-1,1],[-1,3],[-1,1],[-2,0],[-1,2],[0,5],[0,2],[0,2],[-1,0],[-1,-3],[0,11],[-8,1],[-2,1],[-5,-13],[-2,5],[-4,18],[-3,-16],[1,-6],[2,-15],[-13,-13],[0,7],[-1,5],[-3,0],[-1,5],[-1,0],[0,-4],[-1,-2],[-1,2],[-1,7],[-3,6],[-1,8]],[[302919,575541],[-1,19],[5,15],[-2,16],[0,19],[-11,24],[-3,-1],[-1,10],[0,24],[15,-3],[1,20],[-3,6],[9,2],[1,25],[21,-4],[0,29],[5,-1],[0,-6],[2,20],[1,0],[9,-4],[1,-1],[1,-1],[-2,9],[2,21],[4,4],[2,3],[2,-26],[1,-15],[2,-1],[7,-4],[2,24],[6,-2],[8,-2],[4,-1],[4,19],[-1,1],[1,46],[-5,1],[-1,8],[3,7],[10,16],[6,1],[5,-2],[4,5],[8,-16],[8,-2],[0,-5],[0,-2],[1,-1],[1,-1],[2,3],[2,1],[5,2],[6,-8],[3,-11],[4,2],[5,0],[9,51],[22,130],[5,-2],[4,-8],[1,3],[5,-14],[16,54],[5,-11],[3,12],[5,-9],[9,67],[8,-30],[3,-8],[10,-11],[0,43],[14,-9],[0,-21],[-13,12],[0,-25],[11,-7],[10,-12],[1,-12],[-4,-7],[-2,7],[-14,-28],[-5,-5],[-8,-25],[9,-45],[5,-29],[-3,-22],[2,-1],[-3,-14],[-10,7],[6,-8],[8,-38],[-8,-18],[6,-33],[-18,-71],[5,-10],[-2,-11],[-4,9],[-4,-29],[3,-12],[-1,-8],[4,-6],[1,-1],[-3,-29],[10,-14],[13,-9],[8,-14],[18,-2],[-5,-44],[-2,-30],[-4,-16],[-5,2],[-2,-15],[-9,-25],[-3,-27],[5,-4],[-7,-18],[-6,-15],[-8,-15],[0,-7],[13,28],[18,46],[32,106],[13,-36],[-13,-29],[-5,-19],[9,-16],[24,-18],[-3,-21],[4,-4],[9,-1],[2,1],[2,12],[-4,18],[0,12],[4,-12],[11,11],[10,-6],[-4,-21],[1,-10],[-11,-27],[-11,-19],[11,-16],[21,50],[10,-25],[12,24],[2,-22],[13,40],[3,-24],[9,6],[0,-38],[6,2],[2,-13],[9,-2],[-1,-22],[6,-2],[-3,-19],[-9,-7],[-12,-20],[-16,2],[0,12],[-7,-19],[2,-4],[-3,-35],[12,-2],[13,-4],[6,-16],[-2,-8],[-3,-23],[-1,2],[0,16],[-18,-24],[6,-15],[-7,-49],[-1,-54],[22,-5],[-1,24],[20,2],[1,32],[-7,0],[0,43],[-3,31],[16,5],[12,-1],[7,-13],[8,-53],[-1,-41],[-5,0],[1,-38],[5,-17],[-3,-49],[4,-2],[-1,-21],[11,-3],[2,-14],[-6,-114],[-11,-20],[-11,77],[-19,-17],[-4,27],[-14,-18],[-11,35],[-4,-10],[12,-32],[-20,-34],[6,-46],[5,5],[-3,-41],[20,1],[5,2],[-4,-45],[-3,-13],[-3,-43],[4,-31],[-5,-69],[-2,-55],[5,-22],[-9,-105],[-12,-17],[-6,10],[-3,-12],[-7,-5],[-9,-15],[-11,-2],[-6,18],[-6,-68],[-11,-7],[1,40],[-2,-18],[-1,22],[-6,5]],[[303353,574970],[7,-56],[6,-51],[2,16],[12,16],[-5,91],[-23,1],[1,-17]],[[301937,578768],[-2,31],[-7,-2],[-15,2],[-13,-3],[-7,-10],[-2,2]],[[306350,590924],[11,-1],[8,9],[14,15],[12,31],[17,20],[15,-2],[21,-43],[15,-42],[4,15],[9,-9],[0,-17],[16,-10],[20,-18],[11,-27],[7,-6],[8,6],[16,33],[5,3],[2,25],[3,14],[-1,24],[2,18],[-3,33],[14,78],[3,21],[6,10],[3,11],[16,-31],[3,-3],[21,-5],[1,12],[1,26],[4,13],[6,10],[8,31],[22,64],[11,50],[11,73],[52,-6],[-6,-68],[-9,-85],[9,-12],[16,3],[3,6],[0,-30],[4,-38],[-1,-11],[4,-29],[-1,-18],[5,-22],[1,-46],[8,-27],[9,-8],[8,-23],[10,-6],[22,20],[10,-13],[2,-19],[7,-20],[5,-7],[8,-3],[8,-8],[10,11],[-5,-68],[18,17],[13,4],[17,-3],[4,24],[15,72],[5,9],[-44,147],[8,78],[12,161]],[[306919,591337],[10,-14],[39,13],[21,-12],[19,-33],[33,-111],[23,34],[10,-11],[4,-46],[4,-7],[18,-55],[3,-56],[5,-5],[13,-2],[9,4],[5,-10],[-2,-18],[3,-30],[4,-21],[0,-20],[8,-11],[1,-15],[6,-19],[9,-55],[10,-92],[5,-11],[2,-21],[5,-25],[12,-36],[10,-27],[5,-18],[12,-27],[18,-35],[8,-38],[18,-110],[6,-2],[3,-8],[2,-9],[-1,-58],[3,-73],[4,-49],[8,-56],[1,-6],[9,7]],[[307304,590143],[16,-85],[2,-24],[14,-36],[6,-53],[19,-91],[11,-59],[3,-27],[14,-36],[3,8],[6,-23],[23,49],[4,4],[4,25],[6,16],[12,11],[7,-50],[17,-102],[8,-28],[8,-42],[-19,-32],[-10,-32],[12,-52],[5,-28],[14,-53],[2,-4],[0,-33],[-6,-50],[-11,-48],[-26,-63],[-4,-5],[-4,-30],[3,-4],[9,-76],[1,-25],[3,-4],[6,-37],[-2,-23],[19,-122],[5,-26],[9,-48],[13,-47],[-2,-30],[-4,-1],[-5,-17],[-7,-7],[-2,-20],[5,-18],[-5,-27],[-7,-14],[0,-10],[6,-35],[-12,-33]],[[307473,588546],[-7,-8],[-2,18],[-3,4],[4,7],[-2,11],[-4,-8],[0,19],[-6,-2],[-3,12],[4,0],[0,11],[-5,15],[7,1],[-4,14],[4,6],[2,-9],[5,29],[-7,13],[2,10],[-4,15],[0,20],[4,23],[-2,6],[-6,11],[-3,-10],[-6,-2],[-2,24],[3,8],[-9,28],[-1,-12],[-15,23],[-18,19],[-3,14],[-2,-24],[-6,0],[-2,-14],[-5,5],[1,-20],[-4,-1],[-4,-11],[-5,4],[-4,17],[1,10],[-7,6],[-15,6],[1,-9],[-13,14],[-3,-5],[1,19],[-6,1],[-2,-23],[-2,9],[-4,-8],[-3,7],[2,24],[-6,-5],[-2,-9],[-3,23],[-3,2],[-7,-15],[-1,17],[5,8],[-7,10],[-2,-17],[-6,23],[-4,-20],[-5,-1],[2,12],[-7,16],[0,-27],[-2,-12],[-6,-1],[3,14],[-9,20],[-3,2],[-3,27],[-7,0],[-6,11],[1,12],[-4,24],[-7,-26],[-7,-5],[5,26],[-1,8],[-5,7],[-1,-12],[-4,3],[-8,-12],[-9,14],[-6,-3],[-5,20],[-4,-16],[-2,10],[-5,5],[-3,36],[-1,-41],[-4,17],[-3,7],[3,17],[-6,-5],[-3,10],[4,17],[-1,26],[-6,-6],[-1,10],[6,12],[0,22],[-6,2],[3,16],[-5,6],[1,25],[-7,19],[-1,-14],[-7,8],[4,20],[-3,9],[0,17],[-6,12],[-8,5],[-1,18],[-7,8],[-2,32],[-13,-14],[-4,12],[-4,-3],[2,-17],[-3,-11],[-4,11],[0,17],[-10,-8],[1,20],[-4,1],[-6,-9],[-4,-14],[0,14],[-7,0],[-3,-23],[-2,0],[-4,28],[-5,0],[-2,-22],[-3,13],[-6,-7],[-1,21],[5,2],[-1,9],[-8,7],[-2,16],[2,15],[-8,-3],[-7,9],[2,20],[8,8],[-2,10],[6,12],[-2,11],[-4,2],[-5,17],[-9,1],[-2,9],[4,28],[-2,7],[-5,1],[-2,-14],[-7,2],[1,-23],[-7,3],[-5,17],[-7,-18],[-9,-8],[-7,2],[-8,11],[-4,13],[-5,-3],[-11,-28],[-2,10],[-4,-5],[-6,-31],[1,-18],[-15,-16],[-5,2],[-6,12],[-6,-9],[-7,-33],[-6,-12],[3,-14],[1,-16],[10,-26],[-3,-22],[-12,-17],[-7,12],[-7,35],[-17,17],[4,49],[-2,40],[3,24],[-6,-18],[-4,4],[-8,27],[-3,30],[-1,12],[-11,16],[0,35],[-36,2],[-3,-8],[-7,17],[-12,-10],[-5,6],[-5,31],[-19,87],[-7,2],[-10,-9],[2,-15],[-8,1],[-15,-75],[-6,-47],[-4,-1],[-21,-17],[-5,4],[-20,32],[7,128],[-56,-21],[-11,0],[-46,24],[-6,12],[-11,30],[-24,47],[-7,17],[-6,25],[-6,12],[-14,48],[0,-43],[-4,-42],[-9,-40],[-8,-20],[8,-30],[-4,-44],[1,-56],[-4,-29],[-3,10],[-7,2],[-4,-33],[-2,-37],[5,-18],[5,-28],[-4,-28],[-5,-21],[-5,1],[-5,-15],[-13,5],[-10,30],[-5,19],[-3,4],[-2,-4],[-2,-15],[-3,28],[-3,14],[0,19],[0,-19],[2,-14],[2,-17],[1,-11],[2,-3],[1,6],[1,15],[2,-1],[13,-42],[2,-7],[3,-5],[-7,-11],[-4,2],[-2,-16],[-7,38],[-8,8],[-4,-13],[-1,-19],[-6,-6],[-2,16],[-8,35],[-2,17],[-2,16],[-10,29],[-16,26],[-2,9],[0,42],[2,28],[-20,27],[-11,3],[-15,-20],[-14,15],[-9,24],[1,31]],[[306250,589667],[2,9],[3,36],[1,7],[9,61],[1,18],[-1,9],[-16,78],[-3,10],[-2,-1],[-2,-7],[-2,-29],[-5,7],[1,30],[-5,36],[-1,14],[-8,28],[1,11],[-2,51],[-5,10],[0,24],[-3,31],[-10,-4],[-5,16],[13,12],[11,5],[-1,11],[17,4],[13,-4],[11,5],[7,8],[11,19],[7,5],[14,-7],[25,-8],[17,-35],[17,-27],[15,-8],[20,-10],[17,17],[9,-5],[3,27],[-4,22],[-1,13],[6,8],[7,19],[-5,30],[-10,21],[-3,16],[-1,27],[-9,27],[-6,3],[-14,-43],[-3,-2],[-7,27],[-7,39],[-11,-9],[-8,10],[-8,17],[-3,17],[-3,0],[1,8],[11,0],[12,-17],[4,8],[2,37],[-3,15],[-8,14],[-5,16],[-4,14],[-6,-4],[-1,26],[2,13],[5,13],[12,-1],[7,6],[6,23],[1,18],[-7,56],[8,51],[4,18],[2,17],[-6,4],[-11,-7],[-2,15],[2,65],[0,29],[-10,124]],[[300984,559506],[10,8],[43,-7],[4,0],[4,27],[30,26],[8,-35],[5,-4],[6,-19],[5,48],[10,38],[6,8],[18,-18],[14,-5],[10,5],[7,17],[13,7],[20,-10],[5,-9],[4,17],[7,9],[12,7],[3,9],[5,-5],[3,157],[30,223],[20,36],[0,-35],[7,-18],[11,-40],[61,-175],[10,48],[5,-58],[16,-39],[6,-49],[-1,-127],[11,-7],[62,-118],[-2,-8],[-10,-22],[10,-19],[11,1]],[[313864,582274],[-5,1]],[[299796,571955],[3,-7],[-5,-33],[-9,-39],[0,-22],[-12,-131],[2,-39],[-5,-35],[17,-6],[21,-25],[26,41],[9,-8],[24,62],[14,-32],[29,-27],[8,-1],[0,12],[10,-2],[0,-12],[12,-7],[6,20],[9,-20],[4,-36],[5,-31],[4,3],[2,-34],[0,-22],[-3,-12],[-8,-18],[-5,-19],[2,-14],[-2,-30],[2,-44],[13,10],[12,-30],[3,-27],[6,-44],[8,-16],[0,-46],[1,-24],[-2,-42],[-3,-17],[1,-12],[2,-12],[5,-2],[7,-19],[12,12],[10,-9],[6,-9],[5,-24],[6,1],[6,-7],[5,-17],[-2,-27]],[[300057,571026],[-3,-13],[-8,-12],[-18,-17],[4,-29],[0,-55],[2,-54],[10,-61],[-8,-14],[-10,-58],[4,-9],[4,-46],[-12,4],[-20,-20],[26,-131],[2,-46],[0,-42],[-5,-27],[-1,-17],[-13,5],[-11,16],[4,-93],[5,-44],[-3,-68],[-3,-38],[-13,14],[-20,14],[-7,15],[-13,11],[-23,50],[-2,-47],[11,-88],[0,-57],[7,-35]],[[302439,571084],[26,54],[16,25],[20,22],[25,23],[11,14],[13,22],[18,43],[10,37],[11,43],[11,37],[10,17],[69,88],[12,21],[9,18],[15,37],[7,16],[7,9],[21,17],[18,22],[18,30],[31,53],[13,23],[15,33],[8,26],[9,41],[6,45],[3,44],[20,231],[11,131],[1,9],[9,109],[2,24],[1,79],[2,195],[1,143]],[[302918,572865],[17,-30],[1,-3],[16,-39],[6,-5],[3,-45],[7,-16],[10,-6],[5,-19],[8,-14],[10,-25],[1,-28],[3,-8],[1,-22],[4,-27],[5,-7],[4,-15],[7,10],[-1,15],[3,16],[4,146],[24,-25],[14,-9],[7,33],[-10,11],[-9,0],[-9,20],[-5,18],[-1,38],[-9,42],[-1,-46],[-13,5],[4,60],[-7,61],[-9,90],[4,16],[27,76],[-2,-172],[2,-20],[11,-26],[9,-12],[-2,28],[10,5],[8,-55],[16,-30],[24,147],[14,-37],[13,-37],[9,-1],[13,15],[18,-12],[4,-8],[9,-28],[12,30],[7,12],[10,-56],[7,11],[8,23],[18,1],[8,15],[15,-3],[8,-10],[16,9],[47,19],[10,-8],[7,-49],[6,-23],[10,-52],[5,-53],[4,-10],[1,-19],[11,-42],[3,-3],[16,1],[6,-12],[6,14]],[[303436,572685],[8,-8],[8,-28],[3,5],[3,-18],[4,0],[4,-38],[6,-9],[5,-20],[11,-80],[5,-32],[13,-33],[6,-23],[1,-35],[-5,-39],[0,-48],[3,-36],[-1,-11]],[[303073,569597],[2,7],[2,6],[0,17],[10,13],[-1,10],[4,15],[-4,27],[1,10],[-5,33],[-15,31],[-4,19],[1,16],[4,0],[0,14],[-6,17],[-2,33],[-3,6],[3,9],[-1,31],[2,-9],[2,28],[-8,38],[0,37],[-2,8],[-12,-5],[-16,9],[0,-9],[-14,56],[-5,6],[-10,-18],[-41,98],[-14,41],[-25,0],[-4,20],[11,35],[2,14],[3,-19],[5,-11],[10,-9],[15,2],[6,-6],[10,-29],[3,-2],[1,15],[11,47],[-13,32],[-13,24],[-8,21],[12,36],[10,24],[-4,43],[-10,-14],[-3,10],[-3,76],[-5,0],[-13,-26],[-8,7],[-8,30],[-4,38],[2,7],[-6,14],[-7,38],[-9,30],[-8,57],[-11,-9],[-7,-18],[-5,16],[-2,13],[-17,-60],[-11,-40],[-5,-3],[0,-11],[-15,-55]],[[302818,570528],[-17,112],[-6,28],[-13,1],[-10,9],[-3,-9],[-15,38],[-19,-10],[-7,-10],[-11,-1],[-23,-27],[-4,0],[-1,1],[-9,17],[-7,25],[-7,48],[-19,-55],[-4,17],[-7,-9],[-8,60],[-6,16],[12,44],[3,25],[-15,8],[-9,38],[-15,46],[-19,46],[-7,22],[-5,32],[-1,22],[-5,17],[-13,10],[-8,-54],[-6,-10],[-25,-24],[-1,-62],[-3,-23],[-3,7],[-23,35],[-4,11],[-23,80],[-13,35]],[[301479,571709],[132,547],[-43,84],[-9,31],[9,-3],[8,39],[1,44],[-3,7],[3,38],[5,10],[10,48],[4,38],[8,-5],[8,8],[18,46],[40,58],[5,10],[39,93],[-8,34],[-8,50],[-11,80],[-6,28],[-5,24],[-4,25],[67,-93],[-6,34],[-2,21],[-10,53],[-2,23],[-7,30],[2,103],[-4,0],[2,24],[21,-11],[30,-30],[-2,83],[-3,15],[23,55],[54,47],[-5,17],[12,25],[11,-44],[21,-32],[7,11],[2,27],[-6,12],[4,8],[-8,4],[-3,45],[-3,1],[0,15],[-5,31],[-1,29],[-4,-7],[0,24],[-6,-2],[-4,21],[1,18],[-5,-3],[3,23],[-4,14],[1,9],[-4,-2],[-1,21],[-2,0],[-2,20],[2,9],[-6,8],[4,21],[-6,8],[-4,23],[4,23],[-1,17],[-8,23],[3,5],[-3,20],[-4,-6],[0,23],[-4,4],[2,4],[-5,3],[-7,59],[4,19],[6,8],[5,30],[-2,14],[3,-7],[2,25],[-4,-4],[-2,14],[6,28]],[[301819,574053],[0,12],[3,33],[3,4],[2,36],[3,0],[1,1]],[[301831,574139],[65,-8],[4,0],[74,-8],[5,-1],[63,134],[21,63],[1,-13],[25,-63],[-35,24],[11,-59],[1,-21],[3,-18],[1,-26],[9,11],[21,82],[41,-27],[3,-5],[-1,-18],[1,-18],[10,-15],[2,-13],[10,2],[6,-11],[10,-33],[-21,3],[11,-48],[6,15],[4,-11],[5,8],[9,3],[-3,-31],[5,-39],[3,-50],[-14,29],[-9,-9],[-3,4],[-9,-1],[-20,-45],[6,-28],[16,-55],[9,-89],[-16,-6],[-4,-7],[-24,-71],[-3,-8],[-13,-37],[-2,-5],[-13,-20],[-4,-3],[-1,-13],[5,3],[1,-47],[6,-28],[16,15],[-8,-36],[-2,-81],[-4,-23],[18,-100],[14,19],[17,13],[8,17],[17,46],[4,7],[17,-2],[4,4],[35,61],[21,-61],[-20,-109],[12,-30],[-7,-43],[-4,-44]],[[302247,573165],[0,-7],[-5,-5],[1,-18],[-20,21],[-1,-49],[-7,4],[-3,-37],[-8,-50],[3,-5],[6,-21],[6,-29],[6,-21],[-3,-7],[-26,-31],[8,-44],[19,-38],[-10,-17],[-4,-19],[-6,30],[-5,7],[-6,-10],[-13,-3],[7,-78],[-11,-43],[-4,-29],[-12,-29],[16,-51],[-3,-20],[-16,44],[-6,-18],[-2,-24],[-3,-7],[28,-11],[-3,-51],[17,-24],[-5,-20],[-11,-92],[-7,-37],[0,-9],[2,-21],[7,14],[5,-23]],[[302173,572226],[-3,-45],[-4,-10],[-11,10],[-3,-19],[-4,4],[-1,-14],[3,-4],[-2,-5]],[[301627,571253],[-18,55],[-70,217]],[[301539,571525],[-25,76]],[[301514,571601],[-30,93],[-5,13],[0,2]],[[304883,579971],[5,-8],[6,20],[17,7],[6,-5],[5,29],[18,17],[-6,-19],[2,-11],[0,-35],[-4,-19],[-10,-12],[3,-19],[-4,-21],[3,-58],[-6,-21],[-1,-18],[10,-38],[1,-33],[-16,-39],[12,-18],[9,1],[17,-9],[7,-12],[14,-4],[1,-27],[4,-12],[-6,3],[2,-29],[4,-39],[-2,-9],[9,-43],[2,6],[8,-25],[-9,-11],[14,-50],[3,12],[10,17],[6,-25],[15,-34],[2,-11],[-4,-18],[18,18],[12,9],[40,-155]],[[305194,578453],[-12,-2],[-9,-22],[-16,-1],[-10,-11],[2,-25],[-6,-43],[2,-88],[3,-9],[-11,-36],[-4,-10],[2,-6],[25,-46],[4,-9],[28,-146],[9,-26],[28,-30],[3,-9],[8,-30],[-10,-3],[-8,-13],[-12,-10],[-15,18],[-12,-8],[-15,39],[-7,25],[-9,-3],[-4,-7]],[[304547,577928],[-10,57],[-6,43],[-1,11],[0,42],[44,-16],[-8,34],[-2,44],[-7,41],[-14,42],[-3,24],[5,28],[-5,17],[-5,48],[16,18],[-1,27],[2,17],[11,34],[3,16],[2,28],[-5,45],[1,20],[4,40],[5,24],[1,-15],[4,-6],[4,-41],[9,-15],[14,-35],[3,-15],[12,-13],[11,-26],[14,-7],[24,-32],[4,-2],[2,3],[-6,28],[1,89],[18,-17],[6,-10],[16,-40],[20,28],[-18,37],[-3,17],[3,88],[-8,4],[-3,-7],[-12,2],[0,12],[-14,16],[-2,15],[3,104],[-13,15],[4,22],[1,77],[-3,50],[18,19],[4,0],[0,22],[5,1],[-2,-89],[9,22],[13,-7],[10,-16],[11,-45],[2,15],[1,-4],[-3,-12],[23,-44],[8,-4],[14,5],[7,10],[8,-2],[0,14],[2,32],[5,37],[3,79],[5,63],[-15,73],[-10,40],[-14,-22],[-15,12],[0,-16],[-15,3],[0,-32],[-8,5],[-1,38],[-40,5],[-5,76],[-10,8],[0,33],[-12,1],[-1,21],[-10,2],[-2,69]],[[302756,570116],[-5,9],[-45,-253],[-17,19],[-3,-15],[-5,8],[-6,10],[-21,43],[5,7],[8,34],[5,53],[15,37],[3,26],[8,41],[10,25],[1,25],[7,23],[6,-14],[8,-14],[-3,-20],[1,-7],[-1,-6],[4,-14],[9,-7],[6,29],[13,63],[16,35],[3,13],[-30,20],[20,68],[50,174]],[[302803,568119],[-5,-40],[-1,26],[-9,-21],[2,-14],[-5,-11],[6,-2],[3,-13],[-3,-31],[-22,-32],[-12,12],[-2,25],[-4,10],[-5,-1],[-10,-21],[-5,-24],[1,-12],[8,-1],[-1,-9],[-10,-1],[-7,-23],[-4,4],[0,13],[-5,-9],[-4,12],[-4,-3],[-3,-17],[-3,3],[-1,-17],[-4,-9],[6,-9],[0,-11],[-8,5],[0,-7],[4,-23],[-7,-20]],[[302689,567848],[0,0],[-117,368]],[[302572,568216],[9,17],[16,41],[22,47],[11,18],[13,30],[12,46],[4,26],[2,25],[6,36],[11,37],[-3,46],[-15,77],[-15,20],[-4,10],[-15,4],[-11,37],[-7,48],[-14,53],[-6,41],[-1,70],[-4,29],[-8,21],[-9,54],[-6,16],[1,25],[7,30],[-5,26],[4,20],[-6,59],[0,42],[4,14],[6,48],[15,-7],[12,-11],[18,-28],[2,10],[23,45],[10,0],[0,-37],[10,-45],[6,-13],[-2,-9],[25,-9],[3,-10],[27,14],[4,10],[11,56],[5,13],[11,7],[13,107],[6,43],[19,-48],[2,27],[-1,11],[0,25],[4,55],[1,69],[-3,72],[-5,24],[-3,5],[2,16],[2,39]],[[300336,570562],[5,27],[0,38],[-1,36],[1,18],[6,38],[8,36],[2,17],[1,41],[8,85],[2,52],[3,62],[4,31],[6,25],[12,36],[4,28],[5,46],[1,53],[-2,72],[0,41],[2,31],[7,48],[10,46],[13,1],[11,-36],[5,-7],[13,0],[17,13],[7,14],[10,32],[3,12],[-1,25],[2,3],[-2,8],[-16,29],[-10,28],[-12,43],[0,32],[4,34],[0,20],[-8,27],[-14,34],[-13,17],[-3,19],[0,18],[5,19],[15,39],[3,19],[-9,15]],[[300440,571927],[-6,34],[-15,26],[-4,21],[3,8],[-3,25],[4,26],[9,18],[7,26],[-4,34],[3,22],[33,42],[-7,45],[0,30],[2,25],[18,32],[4,25],[10,49],[2,25],[19,-29],[6,26],[-9,1],[-6,24],[4,3],[18,-10],[2,38],[5,33],[7,31],[3,36],[-1,38],[-1,36],[3,20],[-12,-5],[-20,0],[1,60],[-6,24],[-1,39],[-8,-13],[-17,4],[-7,-14],[-7,4],[-10,25],[-2,16],[-8,4],[4,39],[10,47],[5,5],[4,17],[11,13],[0,8],[10,-3],[7,8],[9,18],[-6,53],[-4,65],[-8,80],[-15,128],[-7,38],[11,0],[11,-19],[2,84],[-16,2],[-17,-14],[-3,22],[3,43],[3,12],[25,56],[5,9],[14,11],[7,13],[15,68],[7,36],[8,87]],[[300544,573757],[56,-2],[3,0],[62,-3],[36,-2],[60,-3],[9,0],[6,-1],[40,-2],[20,-60],[39,-123]],[[300875,573561],[38,-115],[30,-95],[8,-25],[32,-98]],[[300983,573228],[12,-34]],[[300995,573194],[-11,-21],[-21,-38],[-7,-16],[-28,-74],[-18,-28],[-2,-15],[-5,-21],[-8,1],[-3,11],[-11,-24],[-18,-46],[-8,-15],[3,-26],[8,-34],[2,-34],[5,-31],[4,-39],[10,-44],[-4,-73],[48,-4],[-1,-33],[-5,-46],[7,-75],[-1,-25],[-5,-27],[14,18],[12,9],[13,-91],[4,-18],[7,-64],[17,14],[11,-39],[-4,-12],[21,-67],[2,-6],[6,-4],[17,2],[17,-6],[6,-7],[3,-13],[-6,-14],[8,-82],[-8,-20],[-5,-90],[7,-4]],[[301068,571923],[-5,-40],[2,-48],[-5,-6],[11,-38],[12,-16],[7,-1],[11,12],[3,-61],[17,-26],[7,-23],[6,-30]],[[301134,571646],[5,-26],[1,-62]],[[301140,571558],[-18,-9],[-13,20],[-15,-94],[-15,-37],[1,-13],[-3,1],[-25,-15],[-9,-34],[-6,-34],[-1,-93],[-5,2],[15,-56],[-14,-48],[39,-73],[-9,-26],[4,-18],[-12,-68],[11,-22],[20,-61],[-23,-69],[-6,-26]],[[301056,570785],[-21,37],[-47,123],[-25,37],[-12,-93],[-10,-6],[-2,-5],[-14,-37],[-14,57],[-8,-17],[-18,-20],[-19,-46],[13,-100],[1,-16],[2,-98],[1,-25],[4,-60],[1,-23],[-1,-114],[-25,5],[4,-81],[-7,-14],[-7,-16],[-3,-15],[-13,-94],[-7,-22],[2,-17],[11,-65],[3,-26],[-4,-22],[1,-33],[8,-41],[-1,-12],[-2,15],[-7,12],[-5,-21],[2,-32],[-3,-2],[-16,-32],[-11,-40],[-1,-12],[1,-30],[-7,-51],[-21,-79],[-7,-30],[-1,-18],[-13,-20],[-7,-35],[-5,-44],[-5,-18],[-5,-10],[-6,6],[-2,-14],[-10,9],[-7,-4],[-1,-9],[-8,-20],[-4,3],[-8,-24],[-29,-58],[-1,-52],[-4,-8],[-5,-28],[9,-32],[2,-24]],[[300585,569613],[-9,80],[1,84],[2,21],[8,17],[20,-7],[11,9],[9,-8],[6,-17],[8,5],[4,18],[0,15],[-4,31],[-3,40],[1,21],[5,20],[11,31],[12,27],[5,19],[0,16],[-1,14],[-10,57],[-4,31],[-4,15],[-8,16],[-10,7],[-15,-1],[-13,-5],[-13,17],[-9,30],[-14,21],[-1,17],[10,41],[0,33],[-2,19],[-5,12],[-17,24],[-8,24],[-5,5],[-2,-9],[0,-46],[-4,-25],[-12,-24],[-4,-20],[0,-24],[2,-66],[6,-21],[-4,-28],[-3,-3],[-26,21],[-11,2],[-3,-6],[-15,-82],[-1,-13],[3,-52],[-3,-10],[-7,12],[-14,60],[-5,13],[-10,-9],[-5,-38],[-7,-33],[-8,-2],[-10,18],[-5,27],[-3,42],[-2,27],[-7,33],[-6,14],[-13,21],[-6,7],[-12,26],[-17,66],[-3,19],[-1,37],[3,13],[9,30],[2,37],[-11,60],[-1,22],[9,54]],[[306911,585370],[10,1],[22,16],[6,1],[2,-33],[-1,-44],[-6,-112],[5,-52],[8,5],[-4,24],[0,19],[14,6],[0,13],[12,2],[0,23],[10,-2],[0,20],[6,-3],[-4,-59],[17,5],[1,-8],[7,8],[14,25],[-10,-63],[-12,-33],[-1,-13],[14,-21],[1,-13],[9,-29],[1,-15],[-9,-2],[1,-22],[-2,-6],[8,-37],[-2,-14],[8,-25],[4,3],[14,-24],[4,-12],[-13,-51],[14,-16],[-8,-55],[-1,-3],[32,-1],[42,29],[15,4],[13,-6],[13,-9],[5,-4],[0,-6],[6,-6],[1,10],[21,26],[27,2],[-1,14],[9,0],[-1,33],[27,53],[-12,22],[5,11],[12,56],[7,20],[19,47],[8,42],[-27,1],[-17,16],[-18,9],[22,96],[14,67],[5,36],[4,20],[4,-1],[2,-25],[-9,-13],[4,-16],[7,-17],[6,11],[3,-10],[-6,-15],[4,-11],[6,5],[0,-27],[-8,7],[-4,-11],[3,-18],[4,-10],[4,1],[5,13],[8,2],[2,12],[4,-2],[1,-31],[11,-1],[0,12],[-4,18],[6,9],[4,-14],[-4,-24],[2,-8],[4,5],[4,18],[7,9],[0,22],[2,13],[8,-8],[5,8],[3,-8],[-5,-25],[5,-11],[6,-2],[2,13],[-2,16],[5,20]],[[307592,584144],[-3,30],[-8,61],[-4,34],[-10,82],[-8,18],[1,6],[-3,5],[-5,-11],[-9,12],[-7,-1],[2,-16],[-11,-1],[-5,-17],[-3,5],[2,13],[-11,5],[1,8],[-7,3],[1,16],[-6,14],[-9,0],[-7,14],[-2,23],[-6,-8],[-9,13],[5,-32],[-10,-19],[-8,3],[-8,7],[-1,26],[-4,-2],[-1,16],[7,13],[-4,14],[-4,-3],[-3,20],[-8,9],[-3,9],[-5,-8],[-2,-18],[-10,2],[-8,19],[-13,4],[-18,-13],[-6,17],[-6,-4],[2,24],[-5,12],[-17,-6],[-26,-59],[-5,-1],[-13,-18],[-16,-8],[-5,28],[-8,-3],[-1,15],[-10,19],[-4,-15],[-6,8],[0,26],[-5,10],[-1,-16],[-7,10],[-8,4],[-8,12],[-5,-3],[2,-17],[1,-48],[18,-41],[-13,-48],[-6,-12],[-14,-18],[-13,-36],[-3,-3],[-26,6],[-6,-5],[-5,-20],[-7,0],[-16,36],[-8,-8],[-7,-15],[-7,1],[-10,-30],[-9,-8],[3,31],[-17,67],[-9,75],[-4,-16],[-9,-1],[-5,13],[-10,-8],[-6,-20],[-11,8],[-7,27],[-21,11],[-8,20],[-4,-3],[-4,-9],[-4,-22],[-15,-77],[-14,-29],[-10,36],[-7,24],[-34,113],[-2,28]],[[308594,593006],[5,4],[-1,27],[4,1],[9,-12],[10,-39],[3,3],[2,27],[9,57],[1,43],[8,23],[11,-12],[5,1],[9,27],[-2,20],[3,8],[6,63],[-1,22],[9,31],[10,5],[2,11],[5,1],[16,-30],[3,-31],[16,-23],[4,-14],[5,-5],[10,4],[7,44],[4,-1],[4,-15],[5,-6],[8,4],[2,13],[12,0],[4,21],[4,-3],[-2,-7],[7,-15],[5,-42],[5,-12]],[[308820,593199],[1,-15],[9,-21],[-1,-20],[-5,12],[-8,5],[-1,-13],[3,-22],[-9,10],[7,-27],[18,-55],[-4,-43],[8,-3],[-6,-53],[-2,-13],[-10,-21],[8,-19],[9,-2],[2,0],[8,7],[15,12],[11,-1],[9,-16],[7,-12],[3,2],[5,27],[19,60],[8,6],[13,-13],[3,1],[11,16],[3,16],[0,18],[6,16],[5,-1],[6,-12],[4,-20],[4,-9],[16,2],[7,7],[4,10],[6,16],[18,26],[7,0],[18,-9],[21,-26],[7,-12],[18,7],[7,15],[1,16],[-1,17],[-6,8],[-8,-10],[-4,2],[-16,44],[0,9],[7,14],[6,3],[13,-7],[12,-33],[8,-17],[7,-38],[8,-7],[6,8],[7,-5],[3,-11],[1,-47],[5,0],[7,34],[4,7],[5,-6],[1,-39],[4,-45],[10,-37],[4,-8],[8,-4],[4,-16],[1,-36],[-2,-21],[0,-11],[2,-10],[39,-7]],[[309244,592779],[-9,-23],[1,-10],[8,-9],[-15,-20],[-8,-18],[-4,2],[-7,25],[-8,14],[1,-33],[-5,-16],[-12,24],[-7,0],[-2,-33],[8,-25],[-2,-21],[-4,-15],[-5,-5],[-5,8],[-4,35],[-9,-17]],[[309156,592642],[-11,0],[-3,30],[4,39],[-2,9],[-8,2],[2,32],[-8,17],[-10,0],[-9,-7],[2,-25],[-6,-6],[-3,-26],[14,-19],[-4,-17],[0,-28],[-2,-21],[-3,3],[0,31],[-8,10],[-4,-12],[-3,6],[2,14],[-4,-1],[-5,-16],[-24,-2],[0,16],[-7,6],[-11,2],[-6,-10],[-7,-41],[-6,-15],[-4,-29],[13,-42],[15,-61],[6,-15],[11,-10],[23,-24],[12,-4],[8,-19],[7,-34],[8,-5],[4,-6],[1,-5],[1,-4],[-8,-7],[4,-28],[-26,8],[-7,-20],[6,-28],[-2,-14],[-5,-4],[-10,-17],[-1,-10],[-11,-11],[-9,-25],[-3,-26],[-2,-25],[2,-8],[-3,-25],[-8,-4],[-14,9],[-9,18],[-8,3],[-4,7],[-5,24],[-8,7],[-13,-3],[-13,9],[-6,-3],[-6,7],[-7,-3],[-7,11],[-3,-10],[-17,-40],[-5,-21],[-16,-43],[-4,-1],[0,-12],[-4,-31],[-1,-30],[-2,-27],[1,-52],[3,-16],[-11,5],[-8,9],[-2,23],[-11,15],[1,20],[-6,19],[-13,-3],[-9,-18],[-6,5],[-3,15],[-9,18],[-3,-3],[-5,14],[-8,14],[-10,-9],[-6,2],[-3,20],[-8,-2],[-2,-8],[-14,2],[-4,6],[-4,-17],[-6,17],[-18,35],[-8,-21],[-5,16],[-20,-3],[-17,-23],[-10,-3],[-14,-17],[-6,-22],[-10,9],[-4,-21],[-3,-3],[-12,-37],[-7,-12]],[[308616,591956],[-5,2],[-9,36],[-3,22]],[[308599,592016],[12,65],[2,22],[2,59],[5,57],[-5,5],[2,32],[-8,1],[-1,66],[-10,2],[1,20],[0,91],[-14,-3],[-11,11],[2,25],[7,25],[7,33],[8,27],[13,57],[7,58],[10,142],[-48,11],[-12,10],[15,123],[10,17],[1,34]],[[299768,573787],[39,-3],[21,-2],[27,-2]],[[299906,573776],[118,-10]],[[300024,573766],[-7,-28],[-4,-34],[-1,-43],[5,-81],[1,-44],[2,-46],[5,-42],[4,-73],[3,-37],[6,-39],[3,-15],[9,-23],[17,-32],[11,-29],[11,-41],[18,-33],[29,-95],[5,-19],[4,-24],[13,-104],[5,-49],[13,-67],[4,-17],[2,-8],[3,-24],[6,-67],[3,-32],[2,-13],[3,-26],[1,-65],[3,-45],[10,-57],[21,-92],[5,-30],[6,-29],[14,-51],[5,-16],[6,-12],[6,-7],[21,-7],[1,6],[7,-6],[5,-19],[19,-91],[7,-33],[7,-8],[8,6],[14,20],[8,4],[11,-15],[7,-19],[11,-57],[15,-22],[23,-9]],[[300336,570562],[-2,3],[-1,7],[5,37],[0,59],[2,24],[5,32],[10,44],[1,46],[5,55],[-4,0],[-2,22],[2,12],[-12,-1],[-7,39],[-6,-1],[0,28],[-15,-8],[-7,-10],[-2,-27],[-9,-25],[-5,-51],[-16,-22],[-18,-3],[1,15],[-6,37],[1,39],[-6,17],[0,13],[-5,12],[-5,1],[-2,12],[6,27],[0,24],[5,7],[20,-9],[2,10],[-12,19],[-18,44],[-11,62],[-3,37],[-10,14],[-1,103],[-12,39],[-3,-12],[2,-44],[-3,10],[-14,8],[-12,-35],[1,-80],[5,-111],[3,5],[4,2],[2,-7],[0,-13],[1,-11],[-2,-19],[-4,1],[-28,-154],[-5,-13],[-34,105],[-13,46],[-11,26],[-6,-7],[-30,-16]],[[299796,571955],[0,19],[10,17],[1,35],[-6,34],[4,41],[-5,12],[2,3],[-8,12],[-7,19],[11,48],[3,33],[12,19],[3,19],[5,9],[18,4],[2,41],[-13,17],[-4,11],[-2,25],[-4,1],[-5,24],[1,35],[-5,6],[-3,20],[-7,31],[-7,4],[-4,9],[-1,26],[-4,1],[1,13],[-2,5],[-9,-2],[-2,18],[-6,1],[1,12],[-12,18],[4,18],[-3,40],[0,20],[-5,21],[-5,54],[1,15],[-5,10],[-25,32],[-8,17],[-6,50],[-8,26],[-6,58],[-17,40],[-4,14],[-1,46],[-9,48],[-4,25],[-1,33],[2,44],[2,14],[-1,40],[3,19],[0,20],[21,84],[6,39],[-9,93],[6,-13],[12,4],[6,-14],[2,9],[9,43],[-1,4],[-6,69],[22,1],[20,80],[8,14],[12,55],[2,20]],[[308059,588444],[-1,2],[-1,15],[9,8],[17,14],[6,32],[6,7]],[[308095,588522],[3,-49],[5,-40],[7,-60],[3,-15],[10,-22],[9,-14],[32,-49],[13,-19],[26,-39],[8,-16],[14,-33],[19,-42],[16,-42],[16,-24],[14,-13],[28,-55],[8,-11],[17,-16],[17,-21],[23,-42],[13,-29],[9,-8],[25,6],[7,-3],[6,-16]],[[308483,587079],[-5,12],[-13,27],[-15,-31],[-5,38],[-1,57],[-12,-35],[-6,-20],[-7,-10],[-3,-17],[-15,31],[-1,-10],[-12,36],[-13,-14],[-1,-35],[2,-23],[-3,3],[-5,-49],[-16,3],[-27,-86],[-12,-27],[-12,-38],[-8,-45],[1,-8],[1,-28],[-4,-14],[1,-28],[2,-2],[5,-31],[4,3],[2,13],[7,12],[5,-12],[2,-13],[7,7],[4,-7],[3,-21],[8,6],[1,12],[8,-9],[1,22],[5,2],[4,10],[4,-4],[3,8],[-4,10],[1,14],[9,14],[5,1],[4,10],[3,-24],[7,-24],[8,16],[7,-16],[5,-25],[2,1],[3,-17],[5,-4],[3,-11],[18,-5],[6,10],[-2,11],[1,21],[7,27],[-1,15],[-4,21],[3,44],[0,26],[-4,48],[-8,26],[-2,11],[-1,38],[16,14],[11,-24],[3,8],[11,-39],[17,17]],[[308808,586850],[-38,-87],[-16,-99],[-3,-3],[3,62],[0,57],[-20,12],[-4,-2],[-12,-26],[-4,-31],[-10,13],[-10,-14],[-9,-24],[-14,-23],[-7,31],[-4,2],[-5,-23],[-9,-2],[-7,5],[-3,9],[-11,-21],[-5,17],[-9,-20],[4,-46],[-4,-5],[-7,12],[-2,-6],[-2,18],[-7,-3],[2,-28],[-14,5],[-12,30],[-7,35],[-8,11],[-12,-14],[4,-22],[-2,-8],[-9,-19],[-5,5]],[[308530,586648],[-14,12],[-11,26],[-5,-5],[-5,-17],[-5,5],[-6,-7],[-5,21],[-4,-2],[-2,-38],[-3,-8],[4,-36],[3,-13],[-7,-22],[5,-15],[-14,-24],[-2,-41],[1,-38],[4,-39],[-5,-6],[-17,-44],[-1,39],[-8,18],[-3,31],[-2,38],[4,42],[0,25],[-1,62],[-15,-9],[-10,0],[-14,0],[-30,21],[-25,21],[-38,18],[-27,-11]],[[308233,586620],[-9,-4],[2,-12],[-20,-108],[-19,-52],[-3,-31],[38,-34],[-4,-45],[-143,-140]],[[308075,586194],[4,29],[5,52],[16,93],[9,36],[10,31],[13,42],[24,90],[5,32],[1,33],[-5,76]],[[308157,586708],[-14,235],[-28,-23],[-11,5],[-12,-1],[-6,3],[-3,7],[-17,72],[-21,37],[5,20],[41,110],[-4,19],[-4,28],[-5,16],[-12,16],[-14,13],[-6,23],[0,25],[-4,24],[-12,16],[-12,24],[-9,39],[-8,30],[-1,19],[-9,14],[-6,18],[-15,29],[-6,-4],[-27,-55],[-27,14],[-4,0],[-13,-18],[-11,113],[-1,19],[-1,73],[6,83],[-1,20],[-5,37],[12,42],[17,-22],[7,-13],[19,-9],[12,6],[20,4],[10,-36],[11,-21],[-8,-52],[-2,-5],[10,-22],[14,-59],[7,-22],[22,-47],[13,32],[-16,49],[15,45],[4,7],[11,7],[-4,23],[2,43],[2,10],[15,42],[1,8],[8,81],[0,78],[3,65],[-1,19],[-9,61],[2,40],[5,26],[-9,47],[1,20],[9,18],[-7,34],[-4,72],[-5,30],[-8,35]],[[301068,571923],[13,32],[7,6],[15,-11],[10,-22],[7,14],[6,8],[9,-23],[29,-68],[14,-38],[1,-6],[0,-13],[-5,-25],[-4,-23],[1,-27],[-3,-6],[-17,-10],[-10,-18],[-7,-47]],[[301576,582053],[26,1],[69,4],[-4,17],[0,48],[4,6],[19,-56],[6,-14],[29,2],[2,0],[49,2],[7,14],[2,15],[8,0],[5,-24],[8,0],[7,27],[11,26],[7,-10],[-9,-45],[2,0],[4,19],[2,2],[10,-3],[9,6],[10,15],[7,33],[9,13],[15,-12],[13,-3],[9,7],[30,68],[3,18],[0,9],[-9,36],[-6,17],[-24,61],[-1,15],[9,8],[8,-14],[4,0],[16,20],[8,22],[9,13],[7,3],[4,18],[-2,18],[1,8],[11,14],[8,3],[7,-9],[6,3],[10,18],[9,6],[3,17]],[[302023,582515],[40,-23],[11,-15],[8,-16],[4,30],[7,25],[2,6],[2,3],[0,24],[8,0],[1,24],[20,52]],[[302126,582625],[19,48],[3,17],[10,-3],[7,9],[2,21],[-4,44],[-5,36],[3,27],[4,-32],[7,-9],[3,4],[10,-18],[5,5],[8,-4],[2,-11],[9,6],[5,-7],[3,-14],[9,-13],[4,11],[4,-4],[2,-14],[1,23],[-4,63],[0,24],[-2,30],[-5,33],[0,37],[-5,46],[-11,1],[-3,-4],[-9,11],[0,17],[-23,23],[9,25],[15,30],[-2,37],[-7,56],[-6,30],[11,-10],[13,21],[23,17],[10,115],[-17,8],[-18,-15],[-7,-1],[-9,8],[-8,17],[-2,11],[-2,17],[16,17],[2,8],[-5,10],[1,16],[3,8],[8,-6],[8,2],[3,11],[14,-3],[3,-11],[7,-2],[6,-20],[12,15]],[[302256,583439],[6,-18],[5,-27],[8,-28],[10,-59],[2,-5],[6,2],[15,51],[10,12],[5,-8],[2,-43],[3,-29],[0,-20],[7,-21],[7,12],[2,16],[-2,31],[1,21],[18,55],[4,8],[5,-3],[8,-39],[2,-24],[9,-44],[10,-31],[8,-11],[14,11],[14,-8],[9,-13],[7,20],[11,18],[3,17],[5,14],[-1,-4],[13,11],[8,-5],[6,-2],[26,7],[4,8],[11,39],[10,1],[9,-27],[4,-30],[10,-9],[8,3],[12,14],[6,0],[16,-32],[6,-18],[10,-21],[24,-29],[17,-16],[16,-30],[12,-29],[21,-76],[12,-35],[15,-34],[2,-5],[2,-17],[0,-29],[0,-42],[1,-42],[3,-31],[9,-32],[3,-18],[0,-21],[-2,-36],[1,-31],[4,-25],[3,-6],[12,-25],[14,-44],[8,-32],[6,-36],[9,-33],[15,-57],[23,-48],[6,-7],[17,-11],[11,0],[10,-4],[6,3],[15,-6],[15,-22],[10,-24],[12,-30],[15,-57],[5,-13],[24,-92]],[[303003,582107],[-2,-7],[3,-18],[18,-84],[6,-36],[14,-99],[-9,3],[-3,-5],[0,-22],[-3,-6],[-12,5],[-9,-18],[-6,4],[-20,-14],[-4,-11],[-3,-44],[6,-33],[0,-10],[-8,-15],[-5,-1],[-15,16],[-10,-1],[-11,15],[-2,-1],[-7,-47],[2,-35],[1,-61],[3,-31],[-2,-10],[-12,-22],[-13,-4],[-3,4],[-7,-16],[-2,-40],[-5,-8],[-4,-21],[-10,-1],[-8,-28],[-7,-9],[-4,17],[0,28],[-9,57],[-6,-25],[5,-201],[-5,4],[-26,30],[-16,8],[6,25],[-9,11],[-7,31],[-7,13],[-2,16],[-13,15],[-4,51],[-5,1],[-8,-18],[-14,10],[2,-16],[-2,-16],[-9,-11],[2,50],[6,34],[-2,16],[-8,0],[-1,-20],[-16,4],[-1,-9],[-1,-53],[-1,5],[-13,4],[-1,-17],[15,-4],[0,-15]],[[301701,581406],[-4,25],[-3,72],[0,23],[8,87],[4,20],[9,24],[10,2],[2,14],[-2,31],[-6,13],[-5,6],[-8,29],[-6,15],[-4,4],[-32,1],[-4,3],[-28,1],[-11,-4],[-5,-11],[-9,-35],[-8,39],[-4,33],[-5,27],[-6,63],[1,24],[0,19],[-5,35],[0,26],[-4,61]],[[301913,587074],[11,-4],[10,16],[15,24],[9,9],[5,-15],[2,-20],[-1,-25],[-9,-25],[-4,-24],[3,-41],[-15,27],[-19,59],[-8,14],[1,5]],[[301029,582928],[1,-28],[2,-16],[13,-47],[3,-16],[0,-13],[-10,-44],[-4,-35],[0,-24],[4,-20],[13,-37],[18,-93],[7,-50],[10,-59],[6,-46],[-7,-54],[-1,-57],[2,-20],[5,-15],[11,-19],[5,-21],[-2,-29],[1,-48]],[[301106,582137],[-1,-11],[-7,-15],[-10,2],[-19,37],[-4,5],[-6,-6],[-2,-35],[-5,-37],[3,-27],[6,-6],[7,3],[6,-7],[5,-15],[-148,-9],[1,-40],[-5,-44],[0,-43],[-4,14],[-17,-8],[0,-18],[-21,0],[-1,-47],[11,-60],[-13,-40],[8,-28],[-4,-16],[8,-19],[-3,-20],[-6,-1],[-4,11],[-1,-31],[-4,-18],[-21,-9],[0,33],[-10,-1],[0,-30],[-5,1],[1,14],[-4,0],[-1,28],[-10,3],[3,-17],[-9,6],[-3,33],[-5,5],[-1,-10],[-6,8],[-5,-18],[1,-5],[4,-33],[-4,-2],[-3,-27],[-14,7],[0,-10],[-11,3],[6,-52],[2,10],[8,-10],[9,-14],[-6,-12],[-7,-37],[2,-15],[-7,-14],[1,-20],[4,-22],[-4,-13],[-9,10],[-7,29],[-11,10],[-13,-61],[4,-8],[-7,-31],[-12,-5],[4,-18],[13,6],[1,-11],[-5,-24],[-5,11],[0,-24],[-28,-105],[15,-33],[-3,-6],[2,-16],[-8,3],[-2,-6],[1,-27],[-5,-13]],[[304054,584551],[11,2],[4,-5],[1,-4],[4,3],[8,1],[1,18],[32,-5],[1,36],[6,24],[-3,12],[9,-27],[0,17],[0,7],[16,-5],[2,3],[7,-2],[6,9],[21,4],[3,-1],[11,-8],[9,-16],[4,2],[8,5],[3,11],[2,3],[2,-4],[4,-2],[-1,9],[5,5],[3,12],[6,4],[3,-3],[2,-3],[0,-9],[-1,-13],[3,-73],[1,-9],[-5,-6],[1,-19],[8,3],[-1,-22],[3,-56],[0,-8],[7,-32],[6,-10],[16,-4],[5,-8],[1,-23],[24,-4],[-3,-68],[28,6],[4,-19],[-2,-27],[-7,-16],[-25,-1],[0,-39],[-24,6],[-4,-6],[-5,-35],[-2,6],[3,37],[4,29],[-8,58],[-9,12],[-10,45],[-7,12],[-4,58],[-2,10],[-2,27],[-1,8],[-2,12],[-7,-33],[-10,-9],[-11,3],[-2,22],[4,22],[-9,-25],[2,-170],[1,-23],[4,-44],[5,-2],[26,-14],[0,-7],[24,-27],[0,-32],[17,-17],[4,-20],[0,-25],[22,-28],[0,40],[25,-6],[7,-6],[34,-56],[19,-54]],[[304389,583964],[0,-6],[5,-43],[1,-18],[-7,-32],[2,-15],[-17,-2],[0,-42],[-6,-22],[-4,-50],[-5,-29],[5,-22],[4,-31],[18,-39],[5,-32],[-21,-16],[-8,-61],[-15,-20],[0,-20],[-2,-1],[5,-60],[-1,-29],[26,-7],[17,-13],[2,-5],[0,-2],[-2,-31],[-2,0],[-1,-24],[-3,-9],[-1,-19],[-5,6],[-4,-5],[-1,-10],[0,-10],[-1,-15],[-3,-1],[1,16],[-8,-4],[-1,18],[10,37],[1,10],[4,-13],[4,4],[1,26],[-12,0],[0,-32],[-21,1],[1,-74],[-1,-49],[6,-76],[0,-13],[-5,-59],[2,-2],[4,-1],[6,28],[9,3],[5,22],[5,-2],[11,-20],[8,-6],[2,-38],[-1,-28],[-13,-27],[1,-25],[-4,-8],[3,-23],[7,2],[0,15],[20,-41],[10,-10],[-2,-13],[8,-8],[-1,-26],[6,-19],[-2,-9],[10,-25],[-8,-10],[-8,-26],[-7,6],[7,-43],[-1,-55],[-11,-3],[0,51],[-9,0],[0,55],[4,19],[-9,1],[-7,28],[-11,0],[-8,10],[-8,21],[-4,20],[-7,12],[-8,3],[-6,-30],[-4,-1],[-11,-27],[5,-10],[11,-49],[-11,-8],[-3,-9],[-2,-9],[-11,-21],[-2,-19],[-12,-53],[-4,-11],[-5,-36],[-8,-24],[-10,-7],[2,-61],[1,-12]],[[302815,579669],[13,9],[5,4],[0,32],[19,14],[5,-13],[2,5],[4,10],[-1,54],[10,26],[36,116],[-8,35],[6,-2],[2,61],[-1,0],[-4,21],[-3,46],[-8,67],[6,8],[26,-16],[30,-1],[-1,24],[4,23],[3,2],[6,-20],[17,-15],[19,5],[0,5],[0,16],[-2,33],[0,29],[9,29],[1,19],[6,40],[6,16],[3,19],[7,17],[5,24],[4,31],[-2,15],[0,47],[-11,-11],[-8,27],[7,6],[-6,75],[3,5],[1,19],[6,7],[0,21],[-5,1],[-4,51],[10,7],[-4,39],[4,2],[-7,95],[-8,-6],[-1,23],[5,8],[-4,40],[-2,2],[-12,4],[0,54],[-15,21],[-8,29],[50,-34],[6,16],[1,23],[-2,12],[1,23],[2,16],[-3,11],[2,31],[-3,28],[5,4],[11,-14],[19,10],[9,17],[4,25],[8,6],[10,18],[1,44],[-3,21],[1,14],[13,32],[2,18],[9,1],[10,26],[7,7],[9,22],[3,35],[5,33],[-2,14],[-8,12],[-6,26],[-7,8],[-1,11],[8,14],[0,15],[4,12],[-10,21],[-12,13],[-9,1],[-19,-12],[-5,6],[1,7]],[[303497,581324],[1,1],[94,74],[5,-3],[5,-17],[-5,-29],[1,-25],[13,-37],[21,-1],[0,41],[6,-16],[6,17],[1,13],[15,-1],[2,10],[1,-4],[15,-19],[14,-27],[3,-2],[9,2],[9,-1],[15,53],[3,7],[5,-14],[2,-38],[-3,-6],[-10,-56],[0,-49],[2,-1],[0,-50],[4,-2],[0,-30],[18,-2],[10,-19],[-5,-31],[3,-2],[11,-27],[4,-29],[12,-55]],[[303784,580949],[11,-27],[7,-36],[12,-22],[5,-1],[-7,-29],[2,-41],[-6,-25],[-1,-27],[2,-22],[-9,-29],[-6,-27],[-1,-27],[-2,-29],[2,-24],[-3,-55],[-8,-44]],[[303782,580484],[-18,50],[-8,37],[-1,-8],[-1,-29],[-57,108],[-3,-5],[-10,15],[-1,-15],[0,-34],[-5,-13],[1,-31],[-2,-43],[3,-7],[1,-8],[-10,-21],[8,-22],[12,-50],[9,-58],[5,-57],[1,-36],[7,-31],[6,-10],[12,-2],[6,-8],[8,-24],[6,-18],[2,-10],[5,-36],[-24,-147],[0,-22],[-28,23],[-5,10],[-8,29],[-7,9],[4,-52],[4,-39],[0,-10]],[[303694,579919],[-6,28],[-4,0],[-2,-25],[5,-16],[-6,-9],[5,-6],[2,-4],[1,-2],[0,-3],[-3,0],[-8,-2],[-11,7],[-6,9],[-3,-23],[2,-31],[-5,-16],[-6,1],[-10,12],[1,-13],[-7,18],[-9,-8],[-3,10],[2,19],[-2,11],[-8,-12],[-9,5],[4,42],[-7,9],[-14,-7],[-4,16],[-4,4],[-4,14],[-13,-7],[-9,19],[1,14],[-4,9],[-9,4],[-2,17],[-4,-6],[-3,-32],[-7,1],[3,-16],[-6,-2],[-6,21],[0,8],[-5,-5],[-6,14],[-3,-20],[-15,9],[1,-13],[-4,-1],[-9,35],[2,32],[-5,3],[-3,-14],[-5,31],[-7,13],[-18,65],[-14,82],[-4,24],[-18,-2],[-6,-8],[-2,1],[-3,29],[-11,7],[5,23],[-5,31],[-8,5],[-3,-15],[0,-29],[-11,-21],[-6,-2],[-6,-14],[0,-16],[7,-8],[6,16],[5,5],[5,-16],[0,-11],[-2,-16],[-8,-24],[-10,-5],[-8,-36],[-7,43],[-8,12],[-3,-7],[-5,-23],[-1,-24],[-7,-28],[-6,-3],[-6,21],[-6,0],[-2,-20],[-4,-5],[9,-14],[5,-17],[-2,-25],[-4,-8],[4,-10],[-3,-25],[-5,-5],[0,-10],[-6,-10],[-8,9],[-5,-26],[0,-12],[-5,-11],[-3,-20],[3,-11],[-1,-29],[-8,-5],[-4,-8],[-8,-6],[7,-50],[-1,-14],[-6,-42],[-2,-65],[-27,-50],[1,-16],[-6,-8],[-1,-30],[-15,-22],[-4,8],[-16,-19],[3,-17],[-12,-40],[-4,-16],[-4,-4],[-11,20],[-27,-4],[-3,4],[-30,-115],[-2,4]],[[303086,579373],[-2,36],[1,74],[10,103],[-6,-2],[-3,-14],[-5,-2],[-20,32],[-14,2],[-15,27],[-9,25],[-18,-17],[2,-24],[-5,-18],[2,-15],[-5,-13],[7,-8],[-3,-41]],[[303003,579518],[-9,3],[-31,-44],[0,13],[0,14],[-1,4],[-7,26],[-3,15],[-23,-67],[-3,-52],[1,-57],[3,-4],[-8,-12],[-7,-31],[-5,-40],[-30,-63]],[[302842,579449],[6,24],[31,-3],[0,82],[6,21],[-37,3],[0,-20],[-6,3],[0,17],[-5,2],[0,35],[-22,-5],[0,61]],[[303700,580763],[11,-13],[-1,-9],[-3,-12],[-6,-4],[1,-10],[14,0],[1,19],[0,6],[0,13],[8,19],[17,19],[-10,37],[-1,9],[-13,-4],[-16,2],[-1,-17],[4,-14],[6,1],[3,-32],[-14,1],[0,-11]],[[301287,583087],[1,92],[8,5],[1,27],[-2,39],[11,17],[7,25],[-11,49],[-7,11],[-5,33],[-6,0],[-8,25],[-13,-17],[-4,29],[-10,2],[5,27],[2,2],[1,17],[4,8],[-1,19],[2,14],[8,-1],[2,8],[-3,62],[16,-2],[3,6],[-2,28],[-3,10],[-1,18],[4,20],[0,30],[9,75],[4,45],[5,26],[2,35],[4,-26],[6,-15],[3,16],[-1,39],[3,-5],[25,0],[17,-8],[9,13],[15,7],[25,-12],[11,5],[4,-58],[-3,-63],[-3,-82],[19,-14],[0,-12],[1,-4],[1,-13],[-3,-57],[7,52],[1,15],[11,-3],[16,4],[8,-2],[10,4],[2,1],[23,-10],[-3,-55],[-3,-10],[-20,-26],[-4,-20],[-6,-7],[-12,-23],[-7,-3],[-4,-11],[-10,-4],[-5,5],[-7,35],[-2,4],[-1,-29],[1,-30],[8,-67],[3,-59],[-4,-57],[0,-25],[3,-31],[7,0],[4,-61],[4,0],[2,28],[20,-5],[1,-37],[15,3],[-2,-20],[8,-42],[-6,-14],[6,-35],[-1,-9],[7,-9],[5,3],[12,-19],[8,-19],[2,-37],[1,-23],[4,-15],[9,3],[5,-7],[8,16],[7,-7],[9,11],[-2,14],[5,2],[6,14],[13,1],[13,-7],[3,12],[23,62],[-39,201],[-9,49],[5,7],[1,49],[5,5],[0,42],[17,3],[3,12],[-2,46],[-4,36],[-6,40],[-3,57],[0,47],[-11,2],[2,23],[14,17],[9,-6],[1,33],[3,-20],[-3,-50]],[[301623,583626],[2,-80],[1,-13],[13,-51],[3,-10],[4,19],[6,2],[-1,32],[2,27],[0,24],[15,5],[8,-1],[21,-20],[8,1],[-1,16],[4,13],[-8,24]],[[301700,583614],[-9,31],[1,4],[3,-5],[1,17],[8,-15],[5,0],[1,42],[-1,25],[8,1],[30,28],[12,8],[0,16],[6,1],[0,66],[10,1],[2,-61],[11,8],[1,-9],[7,15],[6,-42],[4,3],[9,1],[6,-2],[11,-21],[16,-8],[0,10],[15,-1],[36,-17],[-1,-56],[-3,-1],[-6,-43],[6,-15],[51,-6]],[[301946,583589],[4,-12],[3,-44],[3,-8],[6,11],[2,-10],[8,-9],[12,12],[5,7],[11,-3],[1,-14],[6,-18],[7,22],[4,2],[2,-23],[-1,-25],[6,12],[6,-1],[6,-22],[6,18],[6,-14],[3,18],[7,11],[6,0],[-1,20],[-1,31],[32,-13],[5,13],[35,36],[14,3],[3,4],[4,22],[11,43],[2,19],[-2,40],[4,2],[12,-11],[7,-15],[1,-40],[3,-23],[14,-44],[7,-1],[4,-8],[3,0],[7,25]],[[302229,583602],[8,5],[5,-6],[0,-29],[-4,-15],[0,-31],[6,-23],[11,-11],[5,-10],[-4,-29],[0,-14]],[[302126,582625],[-2,10],[-16,-31],[-10,6],[-12,17],[-7,-15],[-7,24],[-12,2]],[[302060,582638],[-6,36],[-6,27],[-1,26],[-4,21],[0,44],[-15,1],[-2,32],[-6,-1],[0,27],[3,1],[-1,25],[-7,0],[0,73],[0,35],[10,-1],[-6,30],[-33,6],[0,54],[-27,4],[-21,-5],[-4,8],[0,-19],[-8,0],[0,14],[-10,-4],[-4,-13],[-7,16],[-45,59],[-8,14],[-24,62],[14,-44],[-3,-14],[2,-19],[11,-34],[10,-61],[10,-34],[-2,-8],[-2,-7],[-6,10],[-7,3],[-41,-3],[-20,-7],[-16,-44],[-12,-24],[3,-27],[-13,23],[-2,16],[2,18],[-4,7],[-18,-7],[-9,15],[-17,22],[-10,-3],[-13,13],[-10,2],[0,-13],[-4,-13],[-2,-169],[-1,-139],[-39,3],[1,-49],[-19,2],[-1,-41],[-27,5],[-1,-37],[-3,13],[-4,-22],[-6,-21],[-4,-60],[-10,-49],[1,-20],[13,-14],[9,-4],[19,0],[-2,-24],[2,-21],[6,-14],[5,9],[4,-12],[16,-9],[3,4],[-3,-63],[2,-58],[-19,16],[-5,-9],[-6,-39],[-15,-4],[-19,-30],[0,-8],[-12,-37],[-7,-13],[1,-12]],[[301548,582051],[-98,-5]],[[301450,582046],[-8,40],[-9,26],[-9,7],[-1,19],[1,46],[-9,13],[-5,3],[-13,-4],[-14,-11],[-10,-1],[3,37],[7,90],[2,22],[-11,26],[-7,30],[1,33],[3,25],[0,46],[5,6],[7,14],[-2,35],[-3,16],[2,23],[3,16],[4,2],[9,16],[9,-6],[7,16],[2,23],[9,57],[2,12],[6,9],[4,42],[-20,34],[-8,22],[-12,51],[-35,-94],[-3,-11],[-3,-3],[-59,-93],[-4,34],[-3,36],[-7,15],[-7,8],[-8,23],[-5,23],[-3,8],[-12,10],[-13,27],[-12,1],[1,21],[11,21],[1,11],[6,3],[11,-7],[15,-2],[20,3],[6,10],[7,-4],[0,-21],[7,-2],[5,10],[11,-11],[4,5],[2,31],[6,13],[5,31],[-3,39],[-15,-10],[-8,1],[-6,8],[0,25],[-5,3],[0,42],[-15,2]],[[305341,579927],[-1,9],[-1,45],[3,26],[6,-12],[5,21],[5,-6],[2,-23],[13,-1],[8,15],[7,3],[6,-14],[5,0],[2,21],[-2,13],[3,7],[8,-9],[4,7],[11,-1],[2,-9],[5,2],[4,-21],[-1,-39],[3,-13],[4,3],[0,34],[6,14],[-8,47],[7,-12],[5,8],[0,-10],[10,31],[9,11],[2,-2],[8,-9],[5,2],[3,17],[8,-19],[10,16],[4,19],[5,-3],[2,-19],[12,23],[5,15],[3,-15],[14,-6],[1,11],[5,3],[7,22],[7,36],[7,18],[8,5],[4,26],[7,19],[2,13],[5,71],[3,14],[4,11],[17,28],[17,61],[9,29],[13,28],[5,14],[-2,12],[-6,8],[-5,25],[-13,51],[-4,20],[0,31],[-2,14],[10,120],[6,-2],[2,-1],[-9,26],[-9,43],[-2,15],[-13,32],[25,61],[5,7],[0,8],[-2,15],[-1,68],[4,28],[7,-3],[5,56],[2,9],[0,75],[19,-26],[8,6],[16,39],[0,21],[19,107]],[[305733,581367],[5,-1],[4,-15],[4,-30],[8,-13],[3,2],[0,21],[8,-2],[6,-13],[0,-44],[3,-6],[6,8],[4,-29],[9,-10],[7,4],[6,26],[-6,6],[-2,18],[-5,11],[1,19],[13,3],[11,8],[5,19],[4,-13],[8,0],[10,-20],[21,68],[2,-10],[1,18],[18,58],[5,-31],[13,-28],[8,-69],[4,-8],[-1,-14],[13,-6],[5,-6],[2,-6],[9,16],[15,52],[5,11],[12,0],[2,3],[-10,39],[-2,25],[13,46],[8,-29],[14,-38],[10,33],[22,-1],[9,-15],[7,34],[-7,49],[4,-4],[9,-16],[5,-4],[9,-9],[3,-83],[7,-115],[0,-6],[2,25],[0,7],[9,9],[6,-17],[8,-11],[0,31],[7,27],[5,-10],[-2,17],[4,21],[13,-1],[-8,-48],[2,-37],[3,-18],[10,-42],[0,-11],[3,1]],[[306142,581213],[-2,-13],[-2,-8],[9,-34],[7,-15],[5,-31],[10,-34],[7,-29],[-1,-18],[-5,-16],[-3,-47],[-10,13],[-11,10],[-16,7],[-7,1],[0,-3],[18,-5],[26,-25],[-4,-28],[-1,-5],[-2,-23],[-3,-15],[-4,-19],[-10,-77],[1,-19],[4,-39],[-4,-55],[-2,-2],[-2,-2],[-9,17],[-3,5],[-10,23],[-2,4],[-7,22],[-1,4],[-2,25],[-1,8],[-1,19],[0,3],[-2,24],[-2,11],[-15,3],[-16,-42],[9,-18],[0,-28],[3,7],[4,-5],[4,-3],[7,-29],[-9,-33],[-5,11],[-5,-12],[-1,-6],[25,-31],[13,-8],[-6,-8],[-27,35],[-15,16],[-12,1],[-1,-6],[4,-14],[8,-10],[-7,-6],[-3,-20],[-6,7],[-6,-51],[26,-18],[7,-5],[29,-21],[18,-13],[9,-7],[20,-13],[0,-3],[-6,-12],[-5,-24],[-6,-60],[-1,-17],[-6,-36],[-1,-18],[-12,-39],[-1,-5],[-10,-35],[-2,-17]],[[306102,580254],[0,-7],[-4,-24],[-10,-42],[-5,-13],[-10,-44],[0,-37],[-3,-18],[1,-21],[-2,-9],[-5,-8],[-2,-11],[-6,-6],[-11,-1],[-11,17],[-14,-17],[2,-33],[6,-15]],[[306028,579965],[-3,-2],[-7,-7],[-11,-7],[-16,-26],[-13,-4],[-8,6],[-16,23],[-18,40],[-11,-48],[-7,-45],[-5,-55],[-13,11],[3,37],[-1,0],[3,33],[-1,1],[-2,-29],[-3,-4],[-4,8],[1,17],[-6,5],[-3,2],[-3,17],[-3,-4],[-6,-65],[-3,-53],[-7,-9],[3,-5],[-12,-39],[-4,6],[-11,6],[-4,-12],[-7,-3],[-2,3],[-3,-4],[5,-4],[0,-5],[1,-45],[-5,-20],[-2,-44],[-4,9],[-14,-15],[9,-14],[-2,-3],[-2,-3],[1,-41],[-25,-1],[-3,-35],[0,-29],[-7,-40],[-10,-26],[1,-31],[-16,4],[-6,-32],[0,15],[3,29],[-8,-13],[-21,-19],[-14,-5],[-13,11],[-9,-28],[-6,0],[9,-32],[3,-29],[-2,-25],[7,-46],[5,-17],[1,-23],[0,-5]],[[305317,579506],[2,46],[2,46],[2,19],[16,93],[26,53],[3,18],[-2,50],[0,11],[13,64],[-22,5],[-7,4],[-9,12]],[[305877,580537],[7,-45],[5,14],[16,42],[-4,12],[-7,25],[-12,-19],[-5,-15],[0,-14]],[[306142,581213],[4,14],[-2,4],[6,30],[2,2],[3,0],[0,-19],[20,35],[28,38],[17,36],[20,33],[2,11],[1,11],[-1,35],[0,5],[6,-2],[18,23],[14,29],[23,13],[8,8],[10,16],[22,5],[12,-6],[16,-21],[9,-12],[34,-4],[-2,-39],[2,-21],[1,-33],[-10,-39],[1,-57],[-5,-35],[9,5],[3,-10],[15,-24],[9,8],[8,-10],[4,-7],[6,-12],[-6,-37],[5,3],[1,-37],[11,11],[1,-7],[22,18],[11,-1],[21,67],[3,24],[7,14],[15,50],[4,30],[1,129]],[[306379,578923],[10,56],[4,36],[0,18],[-5,15],[-7,2],[-5,-19],[-3,-28],[-6,-4],[3,29],[-8,3],[-7,31],[1,22],[5,35],[-4,24],[0,11],[6,18],[-1,12],[-5,-3],[-6,-15],[-5,-3],[-3,8],[2,32],[-1,12],[-7,18],[-4,1],[-9,-9],[-3,-35],[3,-39],[1,-24],[-5,-18],[-11,-21],[-8,-9],[-14,-5],[-9,2],[-15,17],[-17,9],[-12,11],[-19,-1],[-3,10],[-14,28]],[[306198,579150],[-4,6],[-1,12],[10,-1],[6,15],[-7,24],[1,41],[-6,12],[-2,26],[5,10],[11,-9],[6,1],[4,10],[-1,11],[-5,8],[-7,1],[-9,8],[-9,23],[-11,58],[-7,49],[-4,30],[-5,20],[-3,25],[-3,48],[5,23],[11,23],[7,46],[-1,8],[5,10],[9,41],[-3,12],[-9,14],[-7,3],[-15,-7],[-13,-26],[-10,3],[-9,-5],[-7,2],[-6,9],[-11,35],[0,2],[-2,4]],[[306101,579775],[4,29],[-1,28],[-2,46],[0,18],[2,11],[14,40],[5,1],[4,2],[84,79],[0,19],[3,11],[-4,2],[-2,20],[-11,-5],[0,0],[-3,-9],[-2,-1],[-9,15],[-3,37],[-10,4],[-47,-44],[-2,23],[17,56],[5,-13],[9,31],[-5,14],[-6,-20],[-12,33],[-3,-11],[-7,18],[5,17],[-14,24],[-8,4]],[[305278,591066],[3,-20],[1,-13],[10,-46],[-21,-144],[-9,-57],[-11,-49],[4,-12],[3,-21],[-14,6],[-21,-84],[-7,-34],[-4,-12]],[[305212,590580],[-11,-34],[-9,-45],[-26,-125],[-3,-68],[-10,24],[-6,-8],[-13,-99],[0,15],[-7,43],[-1,41],[-7,28],[-13,27],[-10,3],[-6,-18],[-5,1],[-6,-30],[5,-8],[0,-20],[-3,1],[0,-22],[-7,6],[5,-27],[9,-72],[1,-17],[-6,-8],[-17,26],[-53,102],[-4,-29],[13,-23],[17,-63],[-4,-16],[-4,-52],[-10,-40],[-14,4],[-6,14],[-9,3],[-17,28],[-31,5],[5,-50],[1,-25],[-3,-31]],[[304947,590021],[-22,15],[-18,40],[6,5],[0,24],[-5,43],[-3,8],[-9,61],[0,20],[-4,25],[1,20],[-4,1],[-3,17],[-14,-13],[-6,-18],[-18,29],[-3,25],[-9,-13],[-15,1],[-22,50],[-7,56],[-10,1],[2,41],[9,12],[-3,26],[3,33],[3,101],[-2,27],[-2,36],[-28,2],[-5,22],[-5,-4],[-8,11],[1,64],[-2,3],[0,7],[-12,-2],[-1,-64],[-20,2],[-2,28],[-29,-111],[3,-56],[2,-12],[-2,-6],[-11,6],[-7,19],[-7,6],[-13,-110],[-14,-137],[-3,-49],[-2,-32],[-5,3],[-7,30],[-5,5],[-10,-12],[-9,15],[-7,25],[-7,6],[-21,-4],[2,38],[0,25],[1,8],[-4,7],[-45,-27]],[[300033,564467],[-30,-19],[3,-34],[7,-42],[14,-29],[-5,-26],[-34,73],[-8,24],[-24,58],[-18,-32],[-12,58],[-14,-43],[-13,-14],[-13,-9],[2,-32],[7,-38],[-40,-71],[0,-20],[-4,-3],[-1,-16],[-8,-9],[13,-46],[8,-45],[-2,-22],[4,-33],[-7,-20],[-19,-42],[-7,-33],[9,-12],[10,-32],[4,-16],[7,-11],[7,-31],[2,-40],[3,-13],[9,-23],[7,-2],[8,-12],[1,-18],[4,-11],[-5,-15],[-10,-18],[3,-10],[-3,-6]],[[305614,586072],[-49,-32],[3,-26],[2,-59],[0,-48],[12,-4],[3,-6],[8,-52],[-6,-6],[0,-76],[-60,3],[0,-33],[-7,4],[-2,-93],[-17,-2],[0,-44],[7,-4],[1,-32],[-10,1],[3,-34],[0,-53],[17,0],[0,-13],[-11,1],[0,-13],[9,0],[0,-15],[-10,-2],[14,-7],[0,-24],[22,8],[1,-39],[39,4],[1,-44],[-11,-37],[-18,11],[-2,-10],[-1,-29],[-1,-50],[3,-30],[7,-31],[1,-32],[-25,-14],[-21,0],[-5,-23],[-4,-36],[3,-55],[-3,-26],[6,-23],[2,12],[6,-18],[-5,-16],[0,-12],[6,-16],[1,-24],[5,-15],[0,-18],[10,28],[5,18],[4,5],[8,-15],[-6,-5],[3,-54],[3,-15],[6,-13],[-3,-26],[-11,3],[-15,13],[-9,3],[-8,11],[-9,-42],[-13,-23],[1,-10],[13,11],[-5,-49],[1,-13],[5,3],[22,-1],[21,10]],[[305551,584679],[-2,-152],[4,-35],[0,-77],[3,-13],[-4,-6],[-11,-1],[-8,44],[-7,26],[-3,18],[1,20],[5,26],[-21,5],[-2,10],[-2,117],[-7,-37],[-7,-45],[-19,-52],[0,-41],[5,-29],[3,-6],[-8,1],[-13,47],[0,22],[-2,10],[-11,-12],[1,-6],[2,-16],[3,11],[0,-23],[12,-6],[2,-28],[-5,-17],[5,-30],[6,-13],[0,7],[10,-10],[2,-20],[5,-5],[1,-18],[13,-5],[-1,15],[6,-12]],[[305252,583888],[-14,30],[-2,-15],[-30,-87],[2,-15],[-4,13]],[[302229,583602],[0,17],[12,12],[11,34],[4,7],[7,42],[-4,41],[59,40],[1,97],[-9,0],[0,59],[-18,1],[1,42],[9,3],[0,60],[36,-3],[1,28],[7,-21],[7,1],[3,14],[-4,108],[0,10],[0,16],[9,0],[4,-10],[7,16],[-4,15],[-1,12],[4,0],[19,29],[4,3],[3,1],[2,1],[4,-2],[2,-4],[2,-4],[2,1],[9,-11],[13,6],[11,16],[20,-52],[7,6],[-17,-41],[-9,-25],[13,-57],[30,-117],[7,-28],[11,-45],[19,14],[0,17],[45,25],[3,-26],[-3,-16],[5,-21],[5,-18],[9,19],[13,19],[9,32],[4,-13],[4,-27],[10,-32],[3,-51],[-3,-16],[-6,-15],[-7,-9],[-20,-62],[4,-10],[0,-52],[28,-3],[-3,-19],[-8,-23],[4,-6],[15,-4],[1,-17],[3,-3],[1,-17],[-7,-11],[7,4],[1,-31],[-3,-14],[-9,-14],[-3,-22],[14,28],[3,-8],[-1,16],[6,22],[0,12],[5,18],[3,-1],[2,25],[8,6],[-3,5],[5,18],[7,13],[9,10],[6,18],[9,-16]],[[303524,586837],[-9,7],[-1,-4],[-5,-50],[-2,-15],[-3,-30],[-4,-31],[-3,-31],[-4,3],[-3,2],[-8,6],[-2,-9]],[[303480,586685],[-8,9],[6,-1],[0,16],[5,-7],[3,39],[1,5],[2,18],[1,62],[0,21],[0,7],[2,7],[1,8],[1,5],[2,8],[3,12],[2,5],[2,-7],[8,-22],[2,-6],[11,-27]],[[303249,586148],[9,118],[5,38],[10,-74],[8,5],[21,2],[21,13]],[[303323,586250],[12,6],[0,25],[13,4],[4,13],[-18,-2],[0,35],[33,-25],[-6,-50],[11,-1],[-1,-23],[1,-37],[0,-15],[0,-9],[1,-15],[3,-14],[29,-3],[10,-1],[3,5],[2,0],[2,0],[13,63],[-27,105],[11,9],[-3,41],[-9,41],[1,34],[-1,30],[4,15],[25,-17],[13,-17],[10,-12],[9,25],[-5,5],[0,21],[5,31],[5,-4],[1,18],[0,16],[0,11],[-4,7],[-13,1],[0,23],[17,-2],[4,13],[0,11],[-4,-5],[-14,7],[-22,-2],[10,55],[14,-1],[0,8],[9,-6],[8,-7]],[[303479,586660],[-1,-23],[0,-13],[7,-24],[4,9],[-1,-11],[-1,-8],[3,-18],[-1,-10],[-5,1],[-2,-17],[-1,-12],[-4,-33],[-2,-16],[7,0],[0,-41],[5,1],[1,-14],[1,5],[4,7],[3,4],[3,1],[9,7],[12,3],[27,2],[9,6],[9,12],[14,28],[27,56],[13,21],[17,-41],[2,-4],[-8,-48],[1,-12],[6,-11],[7,25],[2,-15],[9,-9],[1,-40]],[[303656,586428],[-14,2],[0,-96],[-19,3],[2,-22],[-4,-11],[-2,-143],[18,-54],[-9,-34],[-18,3],[0,-36],[-8,2],[-4,-15],[-6,-4],[-19,-3],[1,-18]],[[303574,586002],[-2,-23],[1,-17],[6,-32],[-1,-67],[2,-22],[-1,-8],[0,-27],[1,-7],[-3,-9],[-4,-19],[-4,-5],[-25,15],[-10,-1],[-10,-14],[-7,-16],[-9,-4],[-9,-25],[-3,-4],[-13,-58],[-3,-7],[14,-76],[-1,-18],[-9,-2],[-8,-23],[1,-12],[-7,-11],[7,-19],[-2,14],[10,-16],[15,-3],[8,-1],[0,-16],[13,-3],[0,-18],[-2,5],[-2,7],[-3,-12],[-8,9],[-7,-4],[0,-15],[0,-9],[5,-9],[0,-32],[-3,-2],[-10,12],[-7,1],[-7,-18],[-2,-33],[-2,-12],[-2,-2],[-2,-1],[-8,-5],[-6,5],[-2,3],[-1,10],[-6,9],[-2,13],[-3,-11],[-2,0],[2,25],[-4,-3],[-2,-7],[-8,12],[-2,4],[2,16],[12,64],[-20,11],[0,-15],[-9,1],[-28,8],[-2,19]],[[303380,585492],[1,23],[0,7],[2,17],[0,7],[-1,9],[0,10],[0,24],[-10,9],[-3,3],[-5,26],[-8,14],[-11,39],[-4,0],[5,5],[4,28],[-4,5],[-7,0],[-2,0],[1,-5],[0,-9],[-5,-1],[-1,-53],[0,-8],[-7,4],[-7,-10],[-8,15],[0,17],[-1,7],[-7,15],[-6,7],[12,-16],[7,46],[-13,2],[-6,-12],[-2,57],[0,9],[6,0],[-4,10],[-6,39],[-8,38],[-4,-4],[-4,20],[-30,80],[-3,10],[-2,16],[0,15],[0,7],[10,134]],[[303359,585770],[7,-2],[-6,-10],[9,-8],[5,-40],[-7,-19],[2,-9],[9,-38],[2,-13],[7,-1],[0,-10],[15,-2],[0,27],[3,-1],[-5,68],[-8,0],[1,30],[-11,3],[1,27],[-10,21],[-15,3],[1,-26]],[[304281,589916],[9,-29],[8,-5],[5,5],[8,-13],[6,-18],[8,-6],[4,-16],[9,-17],[8,8],[0,15],[4,12],[8,7],[5,-7],[4,-15],[9,-6],[-2,-22],[8,-16],[8,10],[7,-8],[5,0],[4,16],[9,4],[10,15],[4,2],[5,-9],[15,-44],[3,-12],[11,-28],[7,-6],[4,7],[0,18],[-1,27],[4,28],[5,22],[10,-26],[6,-20],[9,-7],[1,-18],[-4,-29],[3,-7],[12,-10],[15,-3],[7,-13],[13,-4],[8,4],[15,-26],[5,-4],[-1,-21],[2,-26],[8,-27],[7,17],[5,36],[13,11],[5,-11],[5,3],[18,-7],[5,-10],[10,-8],[11,6],[3,-5],[-4,-20],[5,0],[19,-11],[11,9],[-3,15],[0,24],[14,-1],[3,17],[14,5],[1,-12],[-3,-19],[2,-36],[11,-28],[13,-21],[3,-47],[8,-23],[6,-5],[7,28],[20,15],[7,26],[6,-4],[-7,-36],[5,-27],[10,0],[3,-7],[8,-42],[0,-18],[-3,-11],[2,-26],[3,-11],[14,-4],[8,-13],[9,13],[17,-12],[13,-38],[0,-42],[6,7],[7,23],[3,2],[-1,-19],[4,-35],[4,15],[6,5],[7,-16],[4,0],[5,17],[6,-7],[7,13],[3,-26],[4,3],[7,38]],[[304967,589288],[7,-3],[-5,-29],[12,-51],[-4,-20],[-23,-53],[-12,-16],[-3,-14],[-6,-23],[-7,-10],[-4,-23],[-3,5],[-7,-13],[-3,-26],[-9,3],[-8,-5],[1,-31],[-6,1],[-10,-17],[-18,-16],[-15,-4],[-6,-7],[-18,29],[-26,6],[2,-39],[7,-45],[-2,-23],[122,-5],[4,2],[2,-53],[-8,3],[0,-21],[-10,-2],[0,-40],[-7,2],[-3,-46],[-27,23],[-9,-2],[-12,-13],[-20,-12],[3,-50],[0,-23],[2,-55],[4,-35],[2,3],[25,55],[8,20],[12,14],[5,11],[18,22],[8,21],[5,-6],[7,-10],[16,-17],[12,2],[-7,-60],[-8,-32],[8,-17],[8,-44],[9,-37],[-3,-15],[-8,-78],[-5,-44],[-18,17],[-9,1],[-11,5],[-3,36],[-3,1],[-8,-14],[-8,-5],[-2,-14],[4,-43],[3,-2],[5,16],[22,0],[0,-106],[-35,3],[-11,48],[2,14],[-9,-18],[-11,-37],[0,-22],[-8,-6],[-3,-32],[-13,-30],[-9,-5],[-6,14],[-7,5],[-6,13],[-10,2],[6,54],[9,45],[1,13],[-10,-5],[-14,17],[-8,22],[11,-2],[0,16],[21,2],[1,88],[-15,5],[13,49],[12,40],[-13,15],[-17,11],[-2,13],[-7,7],[-13,-8],[-15,-18],[-18,-2],[4,-30],[-1,-31],[7,0],[2,-12],[10,-20],[-22,7],[4,-11],[-6,-33],[0,-24],[4,0],[0,-31],[-4,2],[-2,-67],[2,-13],[-7,-7],[-6,-26],[-4,-28],[-1,16],[-14,-12],[-4,-7],[-9,-47],[4,-22],[7,-19],[5,-29],[-13,10]],[[304263,588589],[-9,6],[0,35],[-5,24],[2,14],[3,8],[2,32],[-8,6],[1,34],[-9,3],[4,63],[-11,7],[-8,-15],[-16,-6],[-7,-11],[-12,18],[-3,-3],[-10,-11],[-6,-28],[-9,-30],[-17,-14]],[[304145,588721],[-3,-1],[-9,49],[-1,22],[2,13],[16,19],[13,21],[4,13],[5,29],[6,11],[8,-2],[10,8],[20,50],[8,40],[4,39],[-4,63],[3,71],[-4,38],[2,22],[-20,-4],[-7,17],[-2,20],[1,15],[9,24],[3,38],[12,-11],[7,3],[-2,7],[-3,9],[-20,9],[-15,0],[0,44],[-8,-9],[-10,34],[-1,23],[-4,14],[-1,19],[-3,7],[1,24],[-4,18],[-5,50],[1,5],[1,33],[-3,48]],[[301217,584556],[14,-5],[4,44],[4,5],[17,12],[2,7],[1,22],[38,-40],[5,-3],[59,-11],[0,56],[10,52],[15,79],[-22,43],[-17,35],[-1,4],[-2,3],[-23,100],[-12,37],[-2,13],[7,1],[-11,41],[-10,30],[-8,50],[-13,25],[-4,53],[5,20],[-4,21],[4,3],[20,-52],[13,-29],[2,9],[11,19],[8,5],[9,-14],[5,28],[10,35],[-8,42],[-12,-11],[-3,46],[7,13],[-1,17],[-3,-8],[-1,31],[-10,-21],[3,-20],[-10,7],[-10,46],[-6,8],[-8,-13],[-11,23],[-4,24],[5,20],[23,60],[8,24],[-3,7],[-9,-8],[-22,16],[-3,7],[-7,56],[-13,-3]],[[301253,585617],[17,40],[1,17],[-6,-12],[-4,14],[-1,29],[-2,13],[1,23],[5,16],[4,71],[-1,15],[-6,18],[139,2],[168,2]],[[301568,585865],[19,1],[1,-58],[-9,-104],[11,3],[-1,-45],[0,-16],[2,6],[16,-1],[1,32],[22,4],[0,-32],[27,1],[0,50],[16,-34],[3,-2],[-1,23],[10,3],[-6,-35],[12,-46],[3,15],[-1,11],[20,38],[-1,16],[15,26],[18,-16],[-2,-13],[-2,-49],[-7,-39],[8,2],[-1,-28]],[[301741,585578],[-2,-117],[-11,-4],[-3,-26],[-2,0],[-4,-41],[48,-4],[1,-26],[4,1],[13,-10],[-4,-72],[7,12],[4,24],[11,46],[17,48],[2,11],[10,29],[20,42],[3,19],[11,22],[3,23],[-9,5],[-6,22],[41,82],[25,8],[10,10],[9,-34],[17,-25],[36,-31],[6,-10],[10,-39],[5,-11],[-14,-24],[-5,-19],[-6,14],[-6,-4],[-1,-10],[3,-81],[-15,3],[-1,-57],[-7,0],[0,-24],[-7,-13],[4,-12],[0,-28],[-9,6],[-10,-3],[0,-37],[-2,-44],[-3,-17],[-8,5],[-20,-16],[-2,-41],[5,-20],[1,-39],[19,-11],[14,8],[16,-13],[22,-6],[9,-8],[-17,-22],[-6,1],[-5,-34],[-6,2],[-3,-26],[3,-13],[-7,-7],[-13,-26],[4,-53],[-5,-5],[-2,-14],[-21,-23],[-9,-32],[-8,-18],[-1,-46],[0,-95],[8,-2],[0,-42],[-2,-2],[11,-1],[2,-18],[4,-1],[7,-29],[1,-18],[5,-21],[8,-15],[5,3],[2,-10],[-2,-14],[0,-22],[-9,5],[-16,-1],[0,-49],[-8,-14],[-11,-6],[-12,1],[-2,-7],[-10,-11],[-8,-16],[1,-34],[-1,-30],[7,-34],[2,-41],[48,2],[31,-15],[42,-6],[16,4],[3,-40],[5,-4],[3,8],[16,5],[6,-17],[-4,-40],[3,-26],[6,-4],[6,-19],[-11,-10],[-11,-41],[-20,-19],[-2,-8],[2,-16],[-4,-12],[-9,-26],[-7,-16],[-27,-69],[-11,-43],[-19,-64],[-3,-15],[4,-71],[9,0],[-1,-50],[-1,0]],[[301700,583614],[-32,5],[-45,7]],[[301287,583087],[-10,2],[0,13],[-11,3],[0,18],[-11,2],[0,76],[1,20],[7,16],[5,4],[0,31],[-8,42],[-11,29],[-4,15],[-8,15],[2,16],[-4,39],[-2,-2],[0,-42],[-7,17],[-22,2],[-4,-13],[3,131],[-4,1],[-6,-12],[-4,-45],[-5,-10],[-1,-14],[-7,-17],[-12,20],[-19,38],[-6,15],[-8,10],[-8,-1],[5,-12],[-5,-27],[-4,-7],[-6,-21],[0,-16],[-9,-15]],[[301104,583408],[-3,6],[-7,41],[-8,39],[0,14],[-5,24],[-13,9],[-11,1],[-20,13],[-11,-1],[-20,-40],[-4,-18],[0,21],[-5,76],[0,17],[2,24],[8,-30],[11,1],[4,45],[13,15],[8,-2],[7,6],[8,32],[11,25],[10,36],[7,-63],[6,20],[17,6],[-2,11],[-1,34],[5,0],[1,49],[4,32],[-7,0],[-1,46],[15,-1],[1,33],[6,-6],[5,44],[-7,3],[1,34],[20,-3],[3,-21],[14,47],[1,34],[-4,4],[-1,28],[-18,5],[0,54],[13,-1],[0,19],[15,5],[12,-7],[2,8],[4,37],[-5,42],[16,-1],[3,16],[11,24],[2,262]],[[302161,587109],[0,-19],[-6,-9],[-7,-56],[-4,-22],[5,-40],[-3,-40],[-5,-11],[-13,-10],[-6,-9],[-3,-15],[-12,33],[-2,-22],[-6,-16],[10,-11],[-1,-9],[-10,5],[-6,11]],[[301741,585578],[12,-4],[0,-33],[10,-1],[0,-24],[9,-2],[0,19],[3,11],[5,-1],[8,19],[8,4],[8,17],[6,65],[0,41],[7,130],[7,49],[75,1]],[[301899,585869],[175,1],[-11,102],[29,-41],[1,83],[-1,7],[13,-10],[67,-82],[3,-7]],[[302175,585922],[2,-2],[-3,-43],[6,-33],[7,-18],[8,-38],[7,27],[5,1],[3,-11],[2,16],[16,13],[-6,23],[0,14],[32,-28],[9,-10],[2,14],[-1,27],[-7,41],[11,11],[26,-4],[7,10],[4,22],[9,8],[4,24],[-6,40],[-1,24],[5,25],[-1,32],[-2,13],[8,63],[97,-36],[-7,-7],[-7,-21],[-2,-47],[-10,4],[0,-35],[7,-1],[0,-19],[24,-3],[-1,-25],[18,-4],[5,-11],[1,-19],[25,-2],[20,2],[0,-21],[9,1],[1,-19],[8,5],[0,-27],[9,-1],[1,-4],[3,-23],[-9,-14],[1,-17],[7,-11],[0,-53],[-14,0],[0,-73],[-12,0],[-2,-38],[-1,-12],[14,-70],[8,14],[27,-2],[1,-11],[11,-8],[0,-35],[15,-30],[2,-3],[15,-19],[2,10],[7,29],[0,48],[-7,7],[1,27],[1,10],[17,-8],[1,-37],[12,-19],[4,-18],[5,-11],[7,-35]],[[302635,585491],[-9,-20],[-7,-52],[17,27],[8,41],[12,-14],[4,-10],[39,-41],[10,-26],[-6,-15],[-9,-40],[-2,0],[9,-6],[0,-62],[-2,1],[-11,10],[0,-204],[9,1],[1,-21],[5,-25],[9,-57],[0,-24],[-9,-18],[-3,-19],[11,9],[14,-4],[-2,-21],[-12,-12],[2,-17],[-3,-62],[0,-38],[4,-8],[-1,-20],[-10,0],[3,-46],[-1,-24],[-7,-2],[6,-9],[9,-3],[13,-14],[6,2],[-1,-5],[52,-10]],[[302783,584633],[39,-6],[12,-2],[-1,-96],[-1,-32],[-7,-96],[-11,-112],[-6,-90]],[[307536,584146],[-2,-19],[-10,-5]],[[307524,584122],[-1,-2],[-9,34],[-10,7],[1,18],[13,-10],[0,3],[-9,49],[4,5],[25,-54],[-2,-26]],[[301413,563628],[12,-8],[8,16],[3,-3],[2,-27],[-1,-10],[-6,-17],[0,-9],[10,-31],[12,-19],[5,-3],[10,18],[2,22],[4,3],[9,-69],[2,-59],[6,-9],[2,10],[0,25],[5,16],[7,8],[3,-5],[4,-32],[3,-20],[-6,-38],[-1,-25],[7,-26],[4,-15],[28,-30],[7,-17],[3,-41],[8,-9],[5,11],[5,-7],[1,-13],[-1,-31],[5,-20],[11,-12],[33,-46],[6,-6],[19,7],[16,-2],[3,-6],[4,-24],[-6,-21],[-10,-11],[-8,-6],[-9,-19],[9,-35],[14,-14],[9,-2],[4,-16],[-1,-28],[5,-24],[11,-12],[7,-3],[5,-8],[4,-28],[-4,-23],[-1,-20],[3,-25],[10,-36],[12,-22],[9,-53],[13,-32],[3,-11],[5,-38],[2,-26],[10,-39],[6,-10],[8,-3],[10,8],[7,-1],[9,-17],[6,3],[0,-19],[-4,-9],[-3,-19],[2,-33],[4,-3],[4,9],[4,26],[0,34],[6,24],[5,6],[8,0],[16,-12],[5,-12],[3,-35],[2,-9],[14,-1],[-1,-16],[-13,-10],[-1,-22],[15,-24],[4,-14],[6,-7],[9,1],[14,22],[2,-7],[-1,-39],[2,-15],[4,1],[10,21],[2,-6],[0,-17],[-11,-21],[-2,-12],[0,-33],[5,-20],[10,4],[2,-18],[-7,-22],[-2,-10],[4,-18],[2,-5],[2,-41],[-1,-18],[-7,-17],[-6,2],[-1,-10],[7,-53],[-1,-11],[-6,-6],[-2,8],[-4,42],[-4,9],[-6,-3],[-3,-19],[3,-34],[-2,-20],[3,-28],[8,-24],[4,-20],[-1,-8],[-9,-21],[4,-16],[8,-22],[8,-65]],[[304091,581210],[-32,2],[-3,30],[-4,21],[-18,48],[-4,5],[-2,63],[-4,-10],[-7,26],[-6,0],[-8,-91],[-17,-9],[-1,-17],[-4,-41],[-3,-40],[-1,-9],[-11,-40],[-4,-15],[-12,-96],[-10,23],[-19,5],[2,17],[-12,-7],[-8,38],[3,38],[-4,40],[6,38],[-13,-8],[5,28],[-2,8],[-15,-11],[-3,52],[-10,57],[-4,11],[-6,13],[-8,-1],[-2,-13],[5,-24],[-12,18],[-5,-30],[-9,8],[4,-42],[-1,-21],[0,-79],[-5,-14],[-2,-28],[-5,-23],[-2,-46],[-9,-33],[-9,-55],[-16,-47]],[[305811,587952],[20,6],[-2,11],[-8,16],[-1,10],[5,9],[4,24],[0,18],[-7,7],[-5,34],[1,16],[5,13],[5,67],[3,5],[8,-15],[26,2],[0,46],[6,8],[4,26],[2,30],[21,27],[4,51],[5,10],[5,9],[27,8],[11,12],[8,-15],[13,-5],[6,7],[16,3],[5,6],[3,-3],[-1,32],[-8,43],[6,0],[0,18],[-4,1],[0,66],[7,-1],[0,105],[9,2],[0,34],[7,0],[0,25],[6,-1],[0,25],[0,33],[-2,14],[-14,35],[-3,21],[-7,85],[-3,15],[13,38],[0,-16],[5,-7],[3,59],[-8,-3],[-6,-9],[-10,-22],[-5,-4],[-6,11],[-1,38],[-15,29],[-9,1],[-4,15],[-3,30],[-4,2],[-7,15],[-2,44],[-2,7],[7,24],[7,10],[22,13],[18,-33],[19,8],[-2,33],[0,67],[-51,-4],[1,85],[38,3],[3,37],[5,-3],[-9,43],[-1,27],[5,58],[-1,60],[-5,45]],[[305989,589648],[7,21],[6,-1],[0,-31],[8,-6],[2,-12],[6,17],[1,-6],[6,9],[3,17],[-2,5],[5,18],[12,6],[7,16],[1,15],[7,17],[11,-3],[8,6],[2,-2],[7,28],[5,-10],[8,14],[5,52],[2,16],[-2,32],[-9,28],[-2,14],[-2,40],[2,6],[6,-2],[10,6],[6,-17],[5,-13],[1,-3]],[[306121,589925],[-1,4],[-2,-23],[0,-26],[22,-209],[4,-126],[2,-18],[4,-13],[16,-40],[-5,-34],[-4,-15],[-12,-71],[-2,-52],[1,-46],[-3,-49],[8,-45],[7,-22],[4,18],[-1,33],[4,9],[4,-2],[15,-35],[6,-18],[1,-15],[8,-15],[8,0],[5,-8],[-1,-25],[7,-5],[15,-25],[13,-10],[9,9],[4,-19],[-3,-26],[3,-12],[7,-8],[2,-38],[-2,-23],[10,-22],[-1,-17],[-8,-31],[2,-30],[8,-24],[-6,-24],[6,-52],[9,5],[7,56],[8,8],[3,-29],[13,-42],[14,-23],[-2,-14],[10,-7],[3,-8]],[[306301,588137],[-6,-17],[-23,-58],[-6,-28],[-4,-39],[-1,-41],[-5,-27],[-2,-37],[3,-81],[0,-34],[-3,-24],[5,-37],[7,0],[9,-14],[1,-10],[7,-4],[8,-40],[6,-21],[-3,-28],[4,-5],[2,-19],[3,1],[4,-15],[-9,-42],[-8,-14],[-9,8],[-16,-50],[-3,-4],[-1,-37],[-19,1],[-4,-1],[-7,-56],[-1,-17],[-5,0],[-2,-67],[-7,3],[-21,10],[-2,-25],[8,-22],[-2,-39],[7,6],[12,-4],[8,-17],[-6,-22],[15,27],[24,-61],[8,-14],[16,-26],[11,-14]],[[306294,587082],[0,-40],[-5,-23],[15,-125],[7,16],[0,-18],[-1,-62],[0,-18],[-18,-8],[0,-35],[11,-2],[0,-40],[7,0],[0,-33],[-16,-2],[0,41],[-6,0],[-1,-14],[-5,-1],[-1,-144],[17,-3],[10,4],[-1,-28],[-13,-95],[-4,-28],[-6,-71]],[[300786,564085],[32,89],[6,-29],[3,-16],[3,-9],[2,13],[4,5],[87,110]],[[300873,563424],[0,17],[-3,17],[-4,-3],[-11,43],[-8,6],[-1,31],[-5,-13],[-1,20],[-9,0],[0,-17],[-7,-3],[-10,51],[-10,13],[1,22],[-1,30],[-6,-5],[-7,13],[3,14],[-1,22],[2,37],[-3,-2],[-3,16],[-14,-61],[-2,33],[-4,19],[-8,80],[-8,-33],[-4,-28],[-9,-21],[-14,-26],[-19,-23],[-4,42],[-2,9],[27,32],[-4,53],[-15,78],[11,-7],[26,64],[6,12],[-1,9],[5,6],[20,57],[20,42],[-1,12],[-9,3]],[[300326,564242],[7,2],[7,-5],[9,30],[9,12],[9,-5],[8,29],[1,13],[7,26],[-3,9],[7,-1],[9,23]],[[300396,564375],[1,-142],[28,-2],[0,-8],[6,-42],[26,-74],[1,-207],[0,-10],[18,-23],[23,-11],[3,21],[10,-5],[0,-22],[3,0],[4,6],[16,35],[15,1],[-10,39],[-6,54],[12,-17],[13,-3],[4,-13],[-3,-12],[6,-28],[-8,-32],[4,-9],[12,-17],[17,-7],[2,1],[3,-140],[17,-11],[9,-74],[11,-16],[4,-13],[15,28],[27,9],[15,12],[0,-7],[2,-56],[2,-11],[16,-50],[1,-13],[15,-81],[18,-37],[3,-20],[30,40],[-1,-25],[3,-41],[8,26],[-8,28],[4,3],[-2,14],[13,14],[9,-1],[36,-25],[30,23]],[[300149,563507],[6,29],[20,58],[6,13],[-10,46],[-25,70],[33,40],[6,9],[36,72],[-14,46],[-9,56],[-5,15],[-5,12],[-12,14],[-6,-34],[-21,-37],[-6,-54],[-16,-19],[-26,-20],[-3,-6],[1,24],[-2,82],[13,118],[5,23],[-12,44],[14,21],[28,22],[8,13],[5,18],[11,50]],[[302777,561188],[-6,-26],[-1,-58],[-2,-14],[-5,-9],[-14,4],[-1,-52],[2,-16],[1,-25],[-1,-25],[-12,-52],[1,-23],[8,-47],[4,-40],[0,-10],[-5,-14],[-1,-31],[-6,13],[-9,1],[-10,-67],[-4,13],[-5,-1],[1,-11],[9,-30],[-2,-10],[-7,-1],[-11,-11],[-5,-37],[0,-25],[10,-42],[16,-21],[1,-6],[-3,-26],[-1,-6],[-8,-22],[-9,-15],[-12,-11],[-19,-34],[-2,-5],[-3,-28],[-7,4],[-7,-10],[-20,-11],[-10,-21],[-4,-29],[0,-20],[2,-31],[1,-30],[-3,-83],[-7,-118],[-4,-36],[-5,-8],[-2,-21],[3,-36],[6,-19],[14,2],[5,-7]],[[302628,559894],[5,-23],[0,-27],[-7,-26],[0,-7],[6,-40],[0,-14],[-2,-26],[-16,-32],[-4,-6]],[[302610,559693],[-7,57],[-3,44],[-5,24],[-3,4],[-6,-3],[-5,-25],[-4,-58],[-1,-33],[-5,-10],[-6,2],[-22,32],[-9,18],[-3,11],[6,21],[0,18],[-3,12],[-6,8],[-1,19],[4,30],[-3,38],[1,32],[-1,26],[-5,10],[-9,10],[-4,12],[3,36],[-2,18],[-6,5],[-1,12],[4,20],[-2,17],[-11,5],[-1,28],[4,13],[9,3],[1,14],[-8,5],[-5,17],[0,27],[-4,22],[0,21],[5,9],[11,-39],[4,-27],[4,0],[5,31],[7,29],[-1,40],[-2,7],[-6,4],[-6,-35],[-4,0],[-5,27],[-4,39],[-6,22],[-2,19],[-4,53],[-4,3],[-8,-39],[-4,-25],[-14,-7]],[[302320,560923],[-4,9],[-4,32],[-7,22],[-1,12],[3,27],[-2,25],[7,33],[1,20],[-11,78],[-12,41],[-2,21],[-4,15],[-7,-3],[-5,11],[3,18],[-3,7],[-12,45],[-1,8],[-8,-1],[-1,17],[-4,9],[-9,48],[-7,-6],[-4,8],[4,10],[-1,19],[1,20],[7,-1],[-4,13],[0,19],[-7,22],[-9,-12],[-15,14],[-6,55],[-10,-1],[-6,30],[3,42],[-4,23],[0,18],[-3,6],[0,22],[-4,18],[-6,0],[0,26],[-8,0],[-5,18],[-4,38],[-9,23],[-1,45],[-5,29],[-4,43],[1,10],[-5,34],[0,20],[4,8],[1,22],[-3,5],[-8,-2],[-2,13],[2,29],[4,-12],[3,6],[-1,28],[-7,8],[-3,10],[0,31],[-5,7],[-2,15],[-6,6],[-1,10],[-1,36],[2,6],[0,22],[7,13],[1,17],[-3,9],[2,14],[8,-7],[7,7],[7,19],[7,37],[-3,14],[-9,-2],[-2,20],[4,8],[3,9],[-6,18],[-6,-12],[1,13],[-10,12],[-5,12],[-5,1],[-8,29],[-2,18],[8,20],[0,38],[4,20],[3,8],[-2,46],[0,22],[-3,14],[1,40],[6,-2],[4,43],[4,17],[-5,13],[2,29],[-3,24],[5,7]],[[305221,566879],[0,1]],[[305221,566880],[2,-44],[9,-106],[4,-47],[1,-32],[3,-129],[0,-95],[3,-62],[6,-103],[6,-50],[-32,-35],[19,-171],[-48,-49],[1,-15],[96,0],[90,0],[-3,-35],[1,-29],[6,3],[12,-30],[-4,-20],[3,-21],[7,-42],[3,-26],[1,-29],[-5,-24],[-5,-13],[2,-39],[-1,-24],[-6,0],[1,-18],[1,-7],[5,-12],[22,-17],[6,-9]],[[305427,565550],[10,-19],[6,-2],[12,10],[6,-10],[7,-2],[18,43],[16,15],[3,-23],[7,-9],[6,-1],[22,33],[8,4],[8,-9],[7,1],[11,10],[29,-144],[12,63],[12,10],[14,67],[-13,-69],[3,-1],[5,22],[7,19],[2,22],[17,17],[10,16],[6,24],[5,4],[9,-21],[10,-4],[4,7],[14,-12],[10,0],[7,-8],[5,-34],[0,-60],[-1,-7],[-7,-32],[0,-4],[-16,-73],[20,14],[4,-23],[8,2],[2,-32],[-2,-20],[10,13],[9,2],[5,8],[9,-21],[4,-32],[5,-17],[8,-9],[7,4]],[[305807,565282],[3,-22],[-7,-36],[0,-27],[-7,-6],[5,-31],[14,-37],[2,-26],[-11,-16],[-13,37],[-3,-21],[-1,17],[-16,-18],[-9,-19],[-28,-6],[-14,3],[0,-28],[-10,0],[-5,0],[-16,-1],[0,-28],[12,0],[-1,-18],[2,-33],[1,-6],[1,-8],[0,-11],[3,-13],[1,-8],[-16,5],[-2,-8],[-3,11],[-4,-3],[-8,21],[-8,-16],[-2,-14],[-13,-13],[5,-34],[21,-29],[4,-18],[-9,-33],[-4,-13],[15,-34],[4,4],[10,-16],[8,15],[5,-2],[-7,-42],[-4,-23],[-1,-4],[-32,47],[-5,-41],[-15,-12],[-23,-19],[-10,-3],[-4,-9],[-5,-29],[12,-11],[7,-23],[-1,-20],[20,6],[1,-15],[-1,0],[1,-15],[3,2],[16,-33],[4,8],[2,3],[33,-89],[-31,-13],[-1,39],[-11,30],[5,-49],[-5,12],[2,-31],[-4,-5],[4,-21],[-8,-9],[-1,-11],[1,-5],[2,-25],[14,10],[4,13],[3,-19],[3,0],[1,-28],[5,-15],[-11,3],[-6,-4],[-2,-13],[-9,-14],[-11,-5],[0,-12],[22,-9],[2,-12],[-1,-10],[1,-8],[2,-8],[1,-10],[3,-7],[6,-4],[7,-2],[5,21],[1,65],[33,-84],[0,-16],[-14,-50],[-9,-15],[1,-21],[8,-39],[-4,-6],[-16,6],[-16,-12],[6,55],[-11,-22],[1,-14],[-24,19],[-7,-72],[-10,9],[-2,1],[-4,-18],[-6,6],[-17,19],[-3,-6],[-6,-64],[-5,-14],[0,-17],[-2,-18],[-2,-9],[-4,-11],[-5,-11],[-1,-3],[-9,-56],[-19,-114],[2,-13],[-6,-11],[-4,-34],[-2,-34],[-5,-88],[0,-3]],[[305535,563505],[-24,9],[-30,11],[-40,-17],[-17,-9],[-5,-8],[-14,-48],[4,-5],[1,-5],[-3,4],[-10,-27],[-32,12],[-15,9],[-3,-10],[0,-18],[-6,-7],[-13,8],[-8,-2],[-8,-11],[-13,-3],[-5,6],[-13,38]],[[304389,583964],[-1,19],[1,-4],[11,33],[-2,51],[-4,0],[0,51],[3,12],[56,11],[0,33],[62,-14],[-1,-30],[7,22],[1,-22],[6,-1],[15,19],[-7,48],[5,15],[7,39],[12,30],[7,8],[5,0],[12,-29]],[[304584,584255],[3,-39],[5,-26],[12,-4],[4,4],[5,17],[12,-31],[8,-25],[10,-53],[6,-46],[5,-26],[2,-35],[0,-10],[0,-73],[1,-12],[14,-53],[12,-35],[10,-38],[20,-42],[4,-17],[-19,-31],[0,-46],[-6,0],[0,-36],[7,-56],[-25,-25],[-2,-2],[-2,-1],[-18,-19],[-4,-11],[-3,7],[-19,9],[-11,31],[-7,34],[4,-34],[9,-34],[19,-45],[2,8],[21,-51],[-1,-7],[78,-182],[72,-170],[5,-11],[49,-115]],[[304866,582924],[10,-81],[6,-6],[10,-6]],[[304892,582831],[-9,-49],[1,-18],[0,-2],[-48,119],[-10,19],[-7,9],[-1,-12],[-5,0],[5,-4],[0,-25],[-9,0],[-3,3],[-2,45],[2,2],[-6,2],[-12,-2],[-4,-24],[0,-11],[11,-64],[15,-8],[5,-11],[-2,-30],[2,-36],[3,-37],[-2,-24],[1,-29],[4,-44],[4,-18],[5,-24],[1,-18],[-12,-31],[-7,-7],[0,-2],[-7,-57],[-10,-53],[-15,-16],[-12,6],[-6,35],[0,45],[-2,7],[-7,-6],[-7,8],[-20,2],[-18,-13],[-4,27],[4,24],[-2,28],[-4,7],[-8,-2],[-10,-12],[-7,-1],[-7,22],[-2,-10],[2,-19],[-6,-18],[-4,12],[-2,29],[4,23],[-4,10],[-8,-10],[-1,-38],[-2,-10],[-15,-9],[-3,11],[-10,6],[-3,-11],[4,-13],[-13,-22],[-2,-19],[-5,15],[-17,-21],[1,-24],[-3,-17],[-21,57],[-4,-5],[-6,15],[-12,0],[0,9],[-7,26],[-19,17],[-3,-8],[-5,24],[-20,8],[-5,-7],[5,-52],[1,-47],[6,-7],[-3,-46],[-7,0],[-1,-37],[-4,-8],[-3,-57],[-21,0],[0,-84],[5,0],[0,-21],[-3,-9]],[[304454,582184],[-4,3],[-13,-16],[-8,-30],[2,-38],[-13,5],[0,23],[4,9],[-6,13],[-7,-8],[-6,31],[-2,21],[7,11],[-3,26],[-4,3],[-4,28],[-6,-5],[2,14],[-12,16],[-6,0],[-8,-10],[-2,-20]],[[304621,583532],[5,-19],[2,0],[1,9],[-5,19],[-3,-9]],[[304638,583500],[4,-1],[0,16],[-3,0],[-1,-15]],[[305518,582088],[-8,-3],[0,-11],[14,-24],[0,-19],[-7,-29],[-6,6],[-25,38],[1,52],[-2,12],[-7,12],[-4,24],[-3,5],[-1,-19],[-4,-80],[-1,-15],[-10,-1],[-6,29],[-6,-16],[-3,15],[-7,-9],[-12,1],[-4,6],[-6,-11],[-7,0],[-3,25],[-6,-7],[-12,-5],[-18,-11],[0,14],[-8,5],[-2,8],[-9,3],[-8,13],[-6,-38],[-15,26],[-18,1],[-15,-16]],[[305284,582069],[-3,-3],[-22,-14],[-1,-11],[-13,18],[-9,-17],[-1,-3],[-13,25],[-25,-30],[-9,14],[-1,-19],[15,-3],[7,-7],[4,0],[20,-8],[1,-19],[-8,-3],[1,-10],[-16,9],[0,-11],[20,-41],[6,11],[-2,-20],[-6,-29],[9,-33],[1,6],[-2,4],[2,10],[-4,10],[2,8],[2,-5],[3,16],[1,-6],[7,-3],[3,-15],[0,43],[15,-2],[-1,-5],[0,-6],[0,-36],[10,-1],[2,-6]],[[305279,581877],[12,-1],[2,-24],[-6,11],[-8,2],[-1,-11],[0,-17],[45,-95],[-1,-11],[10,-17],[-7,-26],[-3,-1],[1,-9],[-17,-38],[-14,-11],[-27,25],[-12,3]],[[305253,581657],[-3,0],[1,8],[-6,22],[-10,-7],[-11,31],[-2,-37],[-14,23],[0,-2],[-8,13],[-6,13],[-4,6],[-17,29],[-2,-4],[-26,11],[-17,82],[-10,40],[-6,29],[-13,26],[0,33],[1,39],[-2,9],[-1,3],[-1,2],[-4,0],[-3,-3],[-4,-8],[-4,10],[-2,4],[-7,18],[-6,34],[3,7],[-1,7],[-2,23],[2,4],[-1,7],[2,2],[-1,16],[-10,47],[-4,18],[-3,27],[-2,29],[1,109],[-2,36],[-12,32],[8,-8],[-17,38],[-7,20],[-6,47],[34,5],[5,8],[6,17],[4,10],[2,7],[1,10],[1,10],[-1,13],[-2,11],[-9,25],[-21,17],[-3,17],[-5,39],[-9,47],[-11,41],[-9,25],[-3,19],[-1,35],[0,14]],[[304993,582912],[-4,83],[-2,12],[-11,26],[-11,72],[20,40],[13,53],[2,17],[37,163],[-7,22],[-9,21],[-4,18],[-9,20],[-8,31],[-2,53],[-6,44],[3,10],[-3,12],[0,29],[-5,17],[-1,16],[0,30],[-8,23],[-7,32],[-4,0],[-7,18],[6,42],[-2,39],[5,43],[0,7],[1,10],[1,18],[-2,15],[-1,17],[-1,8],[-2,18],[-1,9],[-2,16],[-2,8]],[[300328,566103],[5,3],[-1,12],[13,7],[-4,48],[1,9],[1,9],[22,12],[6,9],[6,1],[17,-22],[3,-3],[15,-19],[2,-6]],[[300414,566163],[4,-10],[3,-7],[8,-14],[4,-11],[24,-53],[0,-7],[4,-23],[13,-19],[30,-44],[16,-6],[2,0],[-2,-13],[-8,-37],[-3,-22],[-34,-73],[3,-14],[7,1],[7,-24],[-2,-24],[-4,-46],[-3,-53],[0,-59],[10,-76],[2,1],[15,-13],[0,-15],[16,-14],[-2,-18],[8,1],[-3,-38],[-4,-10],[5,-17],[5,-6],[6,22],[15,-5],[3,-40],[8,1],[-2,98],[-4,183],[3,-26],[29,-25],[6,-19],[13,64],[-2,15],[28,-61],[37,88],[19,-52],[-3,-10],[-10,-19],[7,-53],[5,-1],[16,-25],[8,12],[10,-2],[0,-17],[-9,5],[-7,-14],[2,-15],[-18,-25],[5,-17],[-5,-12],[-14,-19],[4,-18],[14,-16],[3,-32],[0,-19],[6,-35],[-5,-6],[8,-25],[1,-75],[12,-4],[27,39],[16,-12],[31,-45],[3,-10],[4,8],[1,56],[7,5],[-3,46],[-6,23],[8,41],[8,-16],[19,-4],[4,23],[3,1],[2,19],[6,-9],[3,-30],[12,-22],[4,24],[2,35],[11,31],[7,7],[-1,14],[1,26],[1,10],[4,-21],[14,11],[7,34],[-3,49],[2,25],[13,-8],[-3,-52],[-7,-63],[-6,-81],[2,-83],[17,33],[6,21],[4,36],[7,18],[4,33],[10,17],[27,18],[15,21],[9,27],[5,-7],[11,5],[7,15],[2,-8],[-2,-14],[2,-24],[14,-66]],[[300786,564085],[-3,8],[2,24],[-2,23],[-5,5],[4,8],[-7,57],[-4,-4],[-6,13],[-4,-2],[0,18],[-3,-2],[0,24],[7,10],[2,21],[-9,19],[-2,17],[-6,11],[-3,23],[1,18],[-5,8],[1,15],[-4,38],[4,15],[-1,11],[-7,10],[-1,11],[0,45],[-5,32],[-6,15],[-4,-16],[-4,2],[-3,14],[-6,0],[-4,21],[-5,-8],[0,-22],[-2,1],[-3,52],[-3,22],[0,37],[-5,24],[-5,23],[-8,34],[-18,39],[-13,50],[-8,15],[-11,10],[-8,26],[-27,57],[-13,2],[-10,2],[-10,14],[-12,0],[1,-27],[6,-20],[-6,1],[-13,16],[-6,4],[-14,21],[-4,15],[-4,-1],[-15,-23],[-9,-32],[-12,-5],[-9,-21],[-6,-30],[-6,-4],[0,-22],[-6,-19],[5,-16],[-5,-15],[13,-3],[-1,-27],[8,-5],[-5,-21],[9,-22],[-1,-22],[-5,-24],[2,-17],[-8,-9],[-4,-21],[-8,-1],[-1,-11],[-9,-27],[3,-32],[-4,-54],[-3,-10],[-1,-33],[3,-8],[0,-14],[-6,1],[-2,-10],[-9,-16],[-1,13],[-9,-22],[-2,-23],[-2,-4]],[[304081,585121],[-1,-26]],[[304080,585095],[-3,1],[0,25],[4,0]],[[302344,589553],[8,-5],[-3,-18],[2,-22],[5,-5],[5,-22],[11,-36],[5,1],[2,-17],[7,-34],[-1,-25],[-6,-12],[-4,1],[-2,-19],[3,-23],[7,-3],[13,-24],[6,-4],[16,0],[1,-16],[6,-15],[3,-64],[-8,-5],[8,-16],[-2,-24],[3,-15],[3,-26],[4,-4],[0,-22],[5,-64],[5,-1],[-3,-51],[4,-15],[5,15],[0,-24],[9,-36],[9,-42],[-1,-5],[-12,-32],[7,-32],[5,-3],[-8,-40],[2,-16],[-1,-32],[9,-22],[4,-24],[-5,6],[-15,-1],[-9,-14],[-5,-11],[-25,-87],[-1,-12],[11,-14],[37,-66],[-8,-24],[-9,-6],[1,-26],[-2,-23],[-4,-9],[2,-10],[0,-151],[-38,-3],[0,-36],[-21,-1],[-1,-89],[6,-1],[-2,-37],[2,-13],[-1,-27],[-30,-23],[11,-48],[1,-9],[11,13],[1,-24],[5,-11],[23,2],[-2,-68],[-23,-3],[0,-49],[-8,-14],[-20,-23],[-7,-23],[-8,2],[-3,33],[-10,0],[-5,25],[-6,-45],[-3,-11],[-6,-52],[13,-26],[15,-5],[-1,-16],[-6,5],[-10,-27],[-7,-3],[-1,-9],[-13,-1],[-8,-22],[-6,21],[-5,5],[-8,-16],[4,-28],[-5,8],[0,-19],[8,-64],[-2,-44],[4,-19],[-7,-31]],[[302274,587381],[-12,5],[-2,-22],[-9,-23],[-1,-17],[7,-17],[-1,-9],[-13,-20],[-8,-19],[-22,2],[-6,-19],[6,-22],[-1,-8],[-2,-3],[-2,-6],[-9,-9],[-2,5],[0,13],[-6,5],[-5,-6],[-1,-5],[-1,-12],[-3,-17],[-3,-16],[-4,-9],[-5,-7],[-2,-5],[-1,-17],[-5,-14]],[[306732,594052],[71,403]],[[307991,594338],[5,-13],[0,-15],[-4,-32],[9,-6],[-2,-15],[6,-23],[-3,-26],[8,-3],[-2,-26],[2,-21],[12,1],[-2,-10],[5,-17],[6,3],[1,-23],[6,25],[9,12],[4,-7],[-1,-16],[6,-13],[13,1],[0,43],[16,2],[0,15],[-7,16],[5,5],[3,-11],[9,1],[5,-35],[7,21],[3,-5],[-1,-23],[5,-15],[-3,-18],[7,4],[13,-4],[3,-17],[7,13],[3,19],[-1,-52],[9,-6],[15,7],[6,-1],[0,14],[5,-14],[5,4],[1,-26],[6,-7]],[[308190,594044],[-235,2]],[[307955,594046],[-237,1]],[[307718,594047],[-78,1],[-72,0],[-4,0],[-187,2]],[[307377,594050],[3,237],[2,22],[2,233],[3,75],[0,173],[6,12],[21,26],[10,18],[12,17],[10,-18],[11,21],[5,19],[9,20],[14,21],[2,7],[-4,29],[-6,21],[1,13],[-1,30],[4,56],[21,-7],[15,-13],[6,5],[0,9],[-14,30],[-13,17],[-12,6],[-8,0],[-15,4],[-14,19],[1,38],[0,22],[-3,18],[-10,1],[-5,-15],[-7,-7],[-6,3],[-2,18],[-15,32],[-6,22],[-4,-2],[-5,-52],[-4,-74],[-9,-14],[-34,-33],[-22,16],[-20,-13],[-4,18],[0,29],[-3,10],[-5,1],[-12,-21],[-13,-11],[-17,5],[-4,-8],[-16,12],[-10,-147],[-3,-5],[-39,-57],[-7,9],[-4,-20],[-15,-27],[-5,-137],[-1,-26],[-5,-46],[-14,-5],[-1,-24],[-10,-18],[-5,-14],[-4,-33],[-11,-46],[-6,-9],[0,-10],[-9,1],[-12,29],[-5,-29],[-8,-12],[-17,-5],[-3,-6],[8,-26],[2,-21],[1,-39],[7,-16],[6,-32],[3,-32],[7,-17],[16,-26],[-9,-41],[10,-21],[21,-73],[14,-52],[-8,-63]],[[307106,594051],[-54,1]],[[306902,594053],[-82,0],[-34,0],[-54,-1]],[[309371,594130],[-3,-16],[-1,-55],[4,-25]],[[309371,594034],[-17,0],[-278,4],[-33,1]],[[309043,594039],[-3,92],[-9,12],[-18,15],[-23,13],[-4,13],[-9,52],[-9,21],[3,18],[16,49],[4,33],[0,35],[-13,11],[-7,1],[-10,33],[-6,9],[-25,1],[-14,13],[-14,63],[-11,55],[-1,18],[-17,36],[0,102],[-3,16],[1,33],[-4,53],[18,-6],[5,-16],[2,10],[2,41],[9,4],[51,2],[15,11],[0,23],[-3,39],[0,20],[-7,-6],[-2,-9],[-8,1],[2,39],[0,37],[-7,51],[10,13],[-4,37],[-3,47],[7,16],[2,39],[34,27],[10,4],[9,-2],[42,-12],[50,58]],[[306335,574691],[41,160]],[[306376,574851],[4,2],[12,60],[14,37],[15,22],[4,16],[8,4],[12,-11],[6,9],[5,-10],[1,13],[-8,1],[-8,28],[0,17],[-7,10],[1,20],[-3,1],[0,15],[-8,11],[-3,27],[1,12],[5,8],[-2,14],[6,4],[3,15],[3,39],[-3,21],[5,32],[6,3],[0,11],[15,-15],[26,-6],[9,-1],[-1,33],[2,12],[-4,13],[3,9],[-4,14],[1,17],[-6,6],[0,62],[-2,61],[-2,14],[14,25]],[[307009,575656],[76,-327],[7,-197],[11,4],[50,-32],[1,-30],[-7,-42],[5,-7],[-3,-25],[11,-15],[2,-21],[-6,-22],[4,-25],[-7,-19],[-7,-1],[-4,-16],[-12,2],[-6,-40],[-1,-20],[7,8],[-4,-19],[-1,-22],[-6,-34],[1,-21],[11,27],[5,-42],[13,16],[1,-41],[3,3],[2,-70],[-5,-28],[11,-20],[3,-108],[11,26],[11,-27],[-3,-9],[1,-32],[8,1],[4,-78],[22,17],[8,-157],[-22,-11],[0,-18],[-9,-13],[2,-14],[-6,30],[-18,18],[-5,-13],[-4,-3],[-1,-7],[-14,-12],[-5,-49],[-7,-30]],[[307137,574091],[-14,10],[-25,8],[-38,25],[-14,18],[-18,21],[-3,54],[-22,102],[-15,-18],[-16,-12],[0,32],[-24,38],[-3,-19],[-7,3],[-76,56],[-42,-33],[-23,0],[0,9],[17,0],[5,27],[13,148],[7,39],[-5,39],[-8,-32],[-13,-36],[-2,10],[-10,5],[-10,26],[-23,-35],[-9,-4],[6,-37],[-1,-21],[2,-30],[-2,-24],[1,-36],[-6,-23],[-6,-4],[1,-17],[4,-23],[4,-6],[20,8],[-1,-17],[-3,-15],[-49,27],[9,5],[5,21],[-12,5],[-6,-10],[-3,-15],[-5,-1],[-7,11],[-5,-41],[-4,-13],[-7,-6],[-4,-18],[3,-20],[-2,-25],[-6,-21],[-12,-22],[-14,2],[-8,-10],[-12,-9],[-2,7],[-5,-1],[-8,-25],[-10,-3],[3,-56],[-11,-27],[-13,3],[-5,22],[-11,3],[-10,20],[-7,22],[-8,-15],[-10,11],[-5,-10],[-7,6],[5,-70],[14,7],[-12,-29],[-7,-8]],[[300707,579554],[2,-17],[-5,-21],[0,-38],[3,-42],[-5,-34],[-2,-74]],[[300700,579328],[-5,-10],[-8,-2],[-34,36],[2,-173],[-4,1],[-12,-5],[-1,41],[-5,12],[-4,7],[-11,-8],[3,-61],[4,-60],[8,-30],[17,11],[-1,-26],[-10,-11],[4,-18],[-2,-19],[6,-35],[7,-32],[12,-40],[2,-20],[2,22],[68,-177],[6,-17],[2,-28],[-10,3],[-6,-6],[-11,0],[-14,-26],[-15,8],[-32,8],[-2,-45],[-7,-34],[5,-64],[2,-63],[0,-114],[29,6],[39,-38],[15,18],[3,-114],[21,-16],[0,-35],[12,14],[12,-28],[7,14],[14,15],[5,-28],[9,-93]],[[300690,577951],[2,29],[-5,38],[-1,12],[0,17],[-14,12],[-11,2],[-8,13],[-17,27],[17,-114]],[[303286,587192],[4,5],[-8,-34],[-8,-88],[0,-41],[-1,-14],[3,-2],[0,-66],[-2,-35],[-9,4],[-3,-39],[4,-16],[3,11],[9,1],[6,54]],[[303284,586932],[-1,-75],[4,0],[-1,-35],[5,-1],[-1,-35],[-13,18],[-3,-23],[4,-13],[-1,-35],[-11,1],[-1,-33],[-4,-15],[19,-2],[-1,-95],[0,-27],[5,-11],[-2,-19],[-1,-22],[-17,17],[-8,-2],[-2,-19],[0,-46],[2,-19],[19,-1],[0,-12],[8,0],[-2,-19],[4,21],[2,36],[5,32],[10,-73]],[[303302,586425],[15,-98],[6,-77]],[[303249,586148],[-6,0],[-7,0],[-3,-16],[-4,-32],[-12,-7],[-13,-12],[-5,8],[-6,-173],[-23,0],[0,-31],[-11,6],[-5,-14],[-4,-72],[9,-1],[-7,-14],[-1,-6],[-6,-14],[0,39],[-8,1]],[[303137,585810],[3,84],[-9,-2],[-6,8],[-7,28],[-6,-1],[-2,13],[-9,32],[-6,36],[-3,-7],[-1,-21],[-4,-3],[-2,-20],[3,-48],[-6,-32],[3,-27],[-3,-23],[0,-12],[-6,-8],[-2,-12],[-6,5],[1,-19],[-5,-24],[-3,-1],[-3,-19],[-2,7],[-1,-23],[-3,2],[0,-16],[-5,7],[-1,-14],[-6,14],[-3,-22],[-7,29],[-8,-15],[-2,-33],[-2,0],[-6,-22],[0,-14],[-4,3],[-9,-5],[-5,-21],[-2,-29],[-5,1],[0,-10],[-5,-6],[3,-15],[5,-6],[1,-10],[8,-20],[7,-3],[-21,1],[-3,11],[-10,-28],[4,-12],[-8,-23],[8,-26],[1,-18],[3,-14],[7,-13],[-7,6],[-9,18],[-7,24],[-10,6],[-1,-21],[3,-10],[-5,-5],[1,-15],[-7,15],[-6,5],[-3,-34],[-5,-17],[6,-11],[-6,-7],[-8,-1],[4,-12],[-3,-19],[-5,6],[1,-13],[-6,-37],[0,-14],[-10,9],[-2,-13],[-9,-19],[-8,6],[-5,34],[-2,-5],[4,-18],[0,-20],[-4,-1]],[[302878,585231],[-1,53],[-1,8],[14,16],[18,76],[12,67],[5,35],[-1,42],[-4,48],[-6,47],[-16,246],[-8,57],[-1,18],[4,4],[4,14],[2,26],[-1,4],[-2,12],[2,-12],[2,10],[7,9],[3,25],[7,21],[8,4],[4,22],[-11,20],[49,8],[-3,9],[5,4],[-1,19],[3,17],[4,0],[2,12],[-1,11],[5,8],[0,29],[-3,2],[0,23],[-2,0],[-1,25],[1,32],[-7,29],[-4,3],[1,27],[-6,-2],[-2,13],[2,6],[3,10],[6,-13],[14,-11],[14,-31],[7,-3],[12,16],[-5,10],[-3,-2],[-1,18],[-5,8],[-3,13],[6,30],[-3,27],[6,9],[-8,3],[5,30],[-3,3],[1,19],[-2,10],[2,16],[4,17],[-1,10],[12,-2],[16,4],[0,2]],[[302023,582515],[-6,53],[9,23],[2,9],[1,29],[9,-9],[22,18]],[[304624,571473],[17,67],[31,117],[8,-8],[46,-120],[13,-30],[7,-9],[35,-20],[2,-4],[33,-84],[7,-37],[5,-11],[10,-7],[1,-11],[9,-10]],[[304848,571306],[-4,-13],[-1,-27],[2,-26],[-9,-21],[-3,-15],[-1,-28],[1,-44],[-3,-21],[5,-16],[2,-17],[8,0],[7,-25],[7,-6],[7,-45],[6,-26],[9,-7],[5,-31],[8,-26],[0,-10],[9,-11],[2,-40],[4,-10],[-1,-35],[2,-2],[0,-22],[4,-25],[-2,-17],[0,-26],[6,-20],[14,-15],[11,-32],[8,-16],[8,-24],[6,2],[5,-9],[12,-44],[4,1],[9,-9],[1,-10],[8,-7],[5,-14],[8,-40],[10,-18],[9,-6],[5,-17],[13,-3],[11,8],[6,-10],[6,-26],[8,-9],[4,-14],[6,-7],[8,-33],[7,-10],[3,-20],[10,-26],[4,-2],[9,-33],[9,-7],[1,-10],[14,-23],[6,-4],[3,-20],[7,-22],[1,5],[3,-5],[-2,-15],[3,-17],[11,35],[2,10],[41,-51],[14,60]],[[305249,570187],[7,11],[4,-6],[7,-25],[4,-4],[-2,-12],[6,-10],[-1,-18],[6,-21],[9,1],[17,-22],[7,3],[4,-5],[-1,29],[6,0],[4,-26],[7,-18],[1,-14],[6,-10],[13,14],[1,-14],[-3,-7],[4,-4],[2,11],[5,6],[6,-3],[-5,-7],[5,-37],[5,-11],[-3,-14],[0,-18],[7,-40],[4,-11],[8,-8],[17,-4],[15,-21],[2,-13],[-1,-29],[7,-1],[8,-15],[9,23],[4,-21],[3,-27],[6,6],[4,-11],[9,3],[8,-13],[6,2],[0,26],[12,-5],[10,-26],[3,-29],[6,-20],[6,-12],[16,-13],[8,-23],[13,-70],[-4,-25],[-6,-1],[6,-11],[9,-7],[0,-9]],[[305565,569551],[-2,-20],[3,-21],[-6,-38],[5,-51],[0,-31],[-2,-2],[0,40],[-6,50],[-4,-13],[-5,9],[-2,-16],[-5,-12],[-8,-8],[-12,24],[-11,-5],[-16,16],[-4,-12],[-6,9],[-8,-6],[-7,5],[-9,-10],[-5,6],[-7,-13],[-11,18],[-7,-12],[-4,5],[-12,3],[-2,9],[-14,6],[-2,47],[-9,8],[-1,11],[-11,-36],[-159,-495]],[[305216,569016],[-4,12],[-6,-4],[-8,-28],[-10,-8],[-13,0],[-9,34],[1,39],[-3,10],[-3,4],[-13,-10],[-11,14],[-8,-4],[-14,-31],[-5,1],[-7,20],[-12,55],[-6,10],[-7,1],[-17,-7],[-10,6],[-8,17],[-10,12],[-16,6],[-13,15],[-7,13],[-3,20],[2,34],[-2,67],[-3,11],[-12,13],[-5,10],[-7,1],[-2,13],[0,14],[4,21],[-3,18],[-10,18],[-8,51],[1,50],[-3,18],[-3,-2],[-10,-32],[-5,-8],[-6,2],[-2,11],[4,27],[8,20],[4,24],[-2,28],[-11,38],[-6,46],[1,31],[5,30],[-1,9],[-19,-3],[-7,1],[-10,19],[-3,17],[-2,28],[-2,20],[-8,28],[-5,4]],[[304866,569890],[-23,-1],[-14,3],[-30,13],[-18,-2],[-13,5],[-8,15],[-7,28],[-9,15],[-10,4],[-3,3],[-1,27],[4,32],[2,50],[4,35],[0,8],[-2,9],[-9,25],[-6,28],[-4,36],[-10,27],[-9,11],[-7,16],[-9,33],[-10,16],[-11,27],[-6,32],[-1,14],[-1,52],[2,39],[-1,48],[-10,59],[2,17],[7,53],[2,39],[2,36],[-1,17]],[[302344,589553],[-7,52],[2,22],[-12,24],[-6,35],[0,28],[19,6],[32,-31],[11,-37],[7,-7],[3,1],[6,6],[0,-17],[24,-6],[0,-15],[8,1],[0,-98],[8,-44],[4,-7],[4,9],[0,31],[-5,24],[5,8],[4,-28],[3,-34],[3,20],[8,31],[-2,12],[3,51],[5,24],[-6,23],[-2,36],[-3,23],[4,9],[23,16],[6,12],[-3,0],[-7,32],[-1,35],[-7,0],[0,11],[-6,-1],[-7,21],[-4,34],[16,5],[-1,43],[6,1],[-6,48],[-13,-24],[-17,-16],[-10,48],[-7,-17],[-14,-8],[-5,18],[-23,-59],[-3,-8],[-2,16],[-1,43],[5,44],[0,32],[11,1],[3,11],[0,36],[5,35],[2,23],[48,-79],[6,-13],[6,-20],[4,-22],[3,-19],[6,7],[6,-7],[-1,-39],[5,-10],[27,0],[2,-32],[-5,-3],[0,-63],[-10,0],[0,-55],[-3,-13],[-1,-29],[3,-8],[9,2],[2,-8],[17,6],[11,-16],[11,2]],[[302550,589718],[0,-27],[-5,0],[-1,-37],[32,0],[3,-29],[-6,-60],[15,-2],[-1,-47],[-9,-3],[1,-47],[81,2],[0,-18],[14,-4],[2,-13],[10,0],[0,23],[11,5],[1,72],[17,-59],[4,-5],[10,85],[2,-21],[5,-13],[-5,-15],[10,-1],[4,6],[-4,20],[1,15],[12,-20],[8,12],[0,8],[5,15],[3,0],[-1,-37],[6,11],[5,-6],[-2,16],[4,13],[6,-16],[6,-1],[2,8]],[[303017,589503],[5,5],[15,-32],[11,21],[11,-5],[4,-15],[-1,-33],[2,-1],[3,-13],[9,10],[-7,-79],[-2,-11],[-6,-13],[-5,-10],[5,-22],[9,-30],[3,5],[1,21],[7,31],[6,14],[9,-12]],[[303096,589334],[-2,-16],[5,-33],[-15,-1],[-1,-86],[6,-20],[-4,-28],[4,-8],[12,-31],[-4,-21],[-9,-43],[-15,3],[-1,-26],[-6,0],[-1,-23],[-3,-1],[-3,12],[3,24],[-10,1],[-5,-14],[-2,-30],[-5,-1],[0,-21],[-16,-1],[-4,-39],[1,-20],[-9,-1],[0,-8],[-16,-1],[-5,-2],[-2,-1]],[[302989,588898],[-14,-45],[-14,-10],[-12,0],[-11,5],[1,41],[-6,29],[2,45],[-4,15],[-12,26],[-10,39],[-13,-8],[2,-28],[-3,-24],[5,-23],[0,-21],[-5,-7],[3,-34],[-4,-8],[-1,-19],[2,-6],[-2,-17],[0,-33],[-5,-25],[2,-29],[-1,-28],[-6,-25],[1,-20],[-3,-20],[12,-17],[0,-19],[-12,-35],[5,-36],[-18,-33],[-2,-8],[-1,-28],[2,-12],[-53,-22],[-7,-180],[-8,11],[7,-32],[7,-7],[-5,-27],[13,-38],[-7,-16],[-12,-37],[-1,-4],[-3,10]],[[302798,588138],[-13,24],[-14,-8],[-18,-38],[-6,-7],[-7,1],[-12,33],[-1,-12],[15,-38],[-1,-7],[-11,-16],[-8,-22],[-33,3],[-30,1],[7,-116],[1,-10],[3,-14],[5,-22]],[[302675,587890],[-14,-57],[-13,-34],[-4,35],[-5,-19],[-11,-2],[-2,13],[-28,-1],[0,-68],[-12,-25],[-9,13],[-1,-47],[1,-11],[-24,-1],[1,-23],[-11,-19],[-1,-44],[5,-1],[1,-23],[11,-5],[-9,-46],[-3,-46],[12,-6],[0,-52],[-5,9],[-20,13],[-5,8],[-1,-30],[-3,-64],[-5,-25],[-17,1],[0,46],[-1,21],[-8,2],[-1,-10],[-12,-2],[1,-17],[-6,-7],[-3,-1],[-2,0],[-1,-40],[-19,-20],[-20,1],[-5,-43],[-17,-2],[-4,-52],[-3,-10],[-7,-71],[-12,3],[-4,10],[1,32],[8,82],[8,62],[8,47],[-11,3],[-9,-6],[-8,-13],[-5,-1],[-25,42],[-9,-24],[-6,2],[-4,-19],[-12,1],[-7,12],[-6,3],[-5,-24],[-16,-11],[-10,11],[3,41]],[[304204,586886],[6,11],[3,8],[2,-10],[-10,-17],[-1,8]],[[304547,586191],[-6,95],[-4,-1],[-6,-71],[-1,-26],[-9,0],[0,22],[-11,1],[-2,16],[-19,-1],[-7,32],[-9,-14],[-5,-21],[0,-11],[-9,-6],[-6,76],[0,19],[-9,9],[-15,16],[0,12],[1,29],[5,5],[10,-4],[-1,93],[-5,0],[1,15],[-13,-17],[7,11],[-1,31],[6,-7],[0,15],[-1,12],[1,20],[2,22],[-4,0],[-5,2],[3,5],[7,1],[-22,2],[-6,5],[0,18],[-17,-1],[-3,-20],[-4,-37],[0,-92],[9,-7],[1,-18],[3,5],[15,19],[-2,-2],[-18,-29],[-9,-22],[6,-5],[-1,-9],[-2,-8],[-3,-1],[-3,-4],[-2,10],[-5,-15],[-6,-21],[-5,18],[-7,-7],[-2,-5],[-2,-14],[-2,-23],[-3,-15],[-9,-3],[-8,10],[-4,24],[2,22],[5,23],[8,23],[6,9],[3,14],[1,20],[1,11],[-1,26],[-2,19],[-2,9],[-2,23],[0,30],[1,20],[-2,6],[-6,22],[-4,28],[-5,-8],[0,-12],[-2,-10],[-5,-13],[-14,10],[-10,22],[-12,7],[-10,13]],[[304281,586638],[-6,25],[0,47],[9,42],[4,26],[3,41],[2,13],[0,19],[-16,44],[-5,12],[2,15],[19,-10],[5,83],[33,-5],[1,9],[-9,1],[1,10],[9,-5],[3,33],[0,20],[0,48],[-6,84],[-3,43],[-6,-8],[-4,40],[1,16],[1,4],[-5,5],[-4,6],[-25,49],[-2,3],[-5,-7],[-8,-6],[-2,-12],[4,-11],[-6,-7],[-1,-9],[1,-21],[-3,-50],[-11,-74],[-3,-12],[-10,-29],[-8,-26],[-3,-27],[6,-7],[-1,-88],[2,-3],[-4,-12],[-16,-37],[-2,-5],[-2,9],[-2,9],[-4,-2],[-2,6],[-10,-52],[0,-10],[-3,14],[-2,40],[2,14],[10,31],[2,37],[-4,21],[3,30],[8,36],[-3,47],[-9,76],[-11,6],[-10,-15],[-12,-6],[-12,-20],[-5,11],[-3,16],[-4,8],[-7,37],[-6,12],[-17,24],[-15,15],[-10,34],[-9,8],[-31,-7],[-2,15],[6,57],[-1,38],[0,44],[-3,27],[-6,11],[-14,4],[-10,-5],[-3,5],[-1,38],[4,29],[-2,11],[-15,30],[-3,-1],[-4,26],[-5,5],[2,12],[15,40],[3,37],[6,-3],[2,-13],[-1,-45],[8,-5],[2,15],[1,44],[-5,45],[-4,12],[-11,-1],[-6,-25],[-4,-45],[-17,-43],[-5,-18],[-3,0],[-6,18],[-15,26],[0,-14],[4,-63],[3,-9],[-8,-40],[-5,-2],[-3,-44],[-11,11],[0,-7],[-10,-4],[-10,0],[-10,-1],[-14,1],[0,-24],[-2,-5],[-24,1]],[[303858,587519],[-5,42],[-2,0],[-3,-1],[-2,-2],[-4,-4],[-2,-4],[-21,-36],[-5,-8],[25,279]],[[303839,587785],[1,37],[-7,-1],[-13,-2]],[[303820,587819],[0,19],[2,77],[4,11],[-1,26],[-3,7],[0,15],[7,13],[-9,-4],[0,18],[4,4],[3,19],[-9,-8],[-2,16],[6,31],[4,1],[-1,36],[-6,-28],[-5,5],[3,22],[-16,44],[-9,31],[-3,27],[1,45],[5,31],[-5,36],[4,32],[1,-5],[18,8],[17,-21],[4,51],[9,6],[0,18],[9,10],[16,-2],[11,-18],[10,-11],[6,30],[4,3],[9,-45],[19,-79],[4,-23],[-1,-93],[6,6],[13,-2],[5,16],[14,-11],[4,5],[6,31],[3,29],[7,10],[2,10],[16,24],[9,25],[5,-2],[5,37],[-10,17],[3,6],[7,22],[14,17],[13,-72],[10,-44],[3,-6],[32,-46],[2,21],[23,-5],[0,27],[8,0],[1,36],[21,0],[1,56],[5,10],[2,54],[5,-4],[3,51],[-1,8],[-6,29],[5,4],[0,40],[-6,16],[-1,56],[-4,34],[-10,42]],[[303898,587581],[9,-24],[3,13],[8,4],[0,60],[-19,-3],[-1,-50]],[[304501,586591],[8,2],[-2,8],[2,23],[9,-28],[5,14],[1,-62],[1,-10],[1,-12],[16,-14],[8,4],[8,11],[15,32],[19,49],[23,73],[15,52],[7,35],[2,11],[18,80],[-2,7],[-9,20],[-3,19],[8,15],[8,16],[-8,-14],[-10,-17],[-4,2],[-15,-23],[-1,15],[5,11],[-3,41],[-4,1],[-5,-39],[3,-37],[-13,-20],[2,40],[4,-1],[1,37],[-17,0],[1,42],[1,28],[-2,4],[-1,-32],[-12,3],[-5,1],[-14,8],[0,-20],[-20,10],[0,-16],[-31,3],[-1,-5],[7,-12],[1,-5],[1,-11],[6,-30],[0,-65],[-7,0],[-2,-31],[1,-12],[0,-53],[-4,0],[0,-25],[1,-16],[-5,-7],[0,-20],[-10,-1],[2,-79]],[[304546,587038],[3,-10],[14,-8],[7,43],[-4,10],[-3,10],[-17,1],[0,-46]],[[302989,588898],[-1,-41],[-2,-35],[-2,-39],[-24,0],[-12,4],[0,-76],[8,0],[-2,-128],[21,1],[-7,-138],[-4,-97],[2,-3],[1,-22],[9,1],[2,56],[5,-19],[7,-43],[2,-7],[-2,-3],[7,-43],[2,-3],[3,-10],[3,-11],[4,-16],[17,-38],[15,-23],[1,6],[0,16],[-1,31],[7,59],[0,40],[3,24],[13,49],[12,20],[11,7],[13,25],[19,14],[-10,40],[3,32],[12,-16],[15,4],[6,-11],[29,-15]],[[303174,588490],[-8,-19],[-14,-13],[2,-31],[-18,-46],[1,-16],[1,-5],[-2,-33],[3,-13],[2,-48],[2,-5],[1,-4],[18,-34],[-1,10],[-1,23],[7,-37],[6,-20],[3,10],[5,-11],[-7,-28],[7,-51],[2,-19],[-8,-18],[-4,-45],[-4,-18],[6,-3],[3,-7],[5,19],[9,-1],[2,-6],[1,-34],[-9,0],[0,-37]],[[303184,587950],[-7,-29],[2,-35],[-4,1],[0,-21],[2,-21],[-1,-43],[5,0],[1,-21],[-1,-52],[-1,-13],[-2,-6],[-4,13],[-6,13],[-8,-40],[-5,-11],[-8,4],[-5,4],[-3,0],[-1,-12],[-3,-16],[-8,5],[-2,-11],[-7,-59]],[[302887,587482],[7,41],[-2,7],[-12,13],[-7,-16],[-7,-5],[-5,-10],[-7,-6],[-4,-14],[-7,29],[-6,-10],[-12,18],[-12,-2],[0,18],[8,12],[5,15],[-5,18],[-18,8],[1,30],[-1,9],[-12,21],[0,-19],[-6,-14],[4,-19],[-4,-7],[-6,10],[-3,-2],[0,-17],[-6,0],[-2,6],[-4,15],[-8,-9],[2,-33],[-13,32],[-3,20],[5,13],[-5,9],[6,33],[11,16],[7,3],[-1,38],[1,39],[3,29],[12,67],[11,2],[-1,36],[11,-4],[8,49],[-10,18],[-11,5],[15,40],[3,30],[-2,30],[-14,-2],[-29,18],[8,18],[9,34],[11,5],[8,-9]],[[303054,587662],[15,-18],[5,-13],[4,37],[5,22],[16,-26],[1,-50],[3,5],[5,24],[9,16],[-5,29],[-5,14],[2,11],[-11,24],[-5,22],[-11,-13],[-4,-14],[-4,-27],[-14,20],[-6,-63]],[[305565,569551],[9,-37],[10,-16],[3,-34],[41,170],[4,11],[6,6],[9,0],[0,18],[5,10],[3,19],[4,15],[3,18],[10,15],[-3,25],[0,30],[6,25],[3,34],[-1,14],[-18,20],[-3,14],[0,40],[-9,14],[-12,56],[9,24],[2,44],[-5,14],[1,14],[-5,18],[0,32],[-8,-2],[-5,16],[-2,40],[-11,22],[-1,6],[0,2],[-1,43],[10,64],[6,6],[6,18]],[[305940,568930],[0,-25],[-3,-36],[4,-8],[1,5],[2,51],[5,-88],[-2,-18],[-7,-34],[-4,-23],[-6,-12],[52,-356],[19,-114],[-3,-4],[-81,-42]],[[305917,568226],[-2,0],[-4,-4],[-5,-13],[-4,1],[-9,24],[-3,-1],[-11,-24],[-13,1],[-2,4],[0,55],[-5,8],[-11,-10],[-5,4],[0,13],[5,24],[-1,13],[-6,12],[-11,37],[-5,9],[-1,-45],[4,-20],[-2,-16],[-8,-4],[-10,16],[-21,-11],[-11,-1],[-7,7],[-3,9]],[[305766,568314],[1,11],[9,36],[2,12],[1,43],[-9,30],[-6,9],[-1,11],[3,19],[-7,0],[-12,-30],[-6,1],[-19,11],[-2,10],[0,20],[-4,12],[-18,-4],[-6,-7],[-3,5],[-7,23],[-12,21],[-10,11],[-3,16],[4,18],[-4,18],[-9,-3],[-3,7],[-9,35],[-4,5],[-11,-12],[-20,-8],[-3,5],[-6,41],[-6,14],[-10,-23],[-2,-21],[4,-31],[-11,-11],[-5,6],[-7,20],[-9,3],[-15,-23],[-6,-31],[-3,-40],[-6,-21],[-9,-1],[-18,3],[-5,-6],[-7,-21],[-6,-36],[-5,-6],[-2,21],[-4,18],[-6,7],[-7,-6],[-7,-12],[-28,-13],[-10,-2],[-10,3],[-10,7],[-8,21],[-9,13],[-7,20],[-3,31],[-1,23],[5,52],[0,16],[-5,11],[-7,4],[-19,20],[-15,24],[-8,27],[-2,31],[-3,6],[-4,-8],[-4,-39],[-3,-11],[-6,-2],[-4,10],[-1,17],[0,41],[-5,23],[-9,13],[-8,21],[-5,1],[-3,17],[3,27],[-3,42],[-3,19],[-5,0],[-7,-26],[-4,-4],[-4,10],[-4,55],[-5,33]],[[304454,582184],[-2,-17],[9,-26],[-5,-26],[4,-16],[8,-11],[4,25],[9,4],[7,15],[12,-17],[-2,-19],[1,-83],[37,-34],[5,-7],[18,-40],[12,-15],[18,-37],[2,-3],[3,-56],[3,-22],[6,-24],[2,-5],[12,-76],[9,-88],[-15,-34],[-11,-52],[-6,-23],[8,-26],[-2,-9],[2,-7],[7,10],[18,3],[7,-9],[10,11],[8,-4],[3,-8],[1,-19],[5,-3],[4,-25],[5,2],[8,-9],[4,13],[10,10],[2,8],[7,4],[10,-18],[6,-3],[8,14],[6,31],[10,12],[19,0],[22,-10],[5,1],[11,16],[7,13],[13,3],[5,-9],[2,-14],[5,-13],[14,56],[25,74],[1,-7],[2,-57],[2,-20],[19,-64],[4,-37],[-3,-51],[3,-11],[7,-6],[-4,-22],[-4,2],[-2,-15],[2,-24],[-2,-13],[9,-30],[13,-7],[11,7],[5,-2],[3,-13],[1,-19],[-12,16],[-5,-10],[-1,-35],[2,-15],[12,-30],[-2,-30],[2,-10],[8,-4],[1,16],[11,23],[10,-12],[0,-28],[10,-39],[0,-37],[9,9],[5,-7],[-4,26],[5,3],[6,-9],[4,19],[13,6],[0,-28],[4,-4],[11,6],[3,7],[6,-3],[7,-26],[1,47],[7,4],[1,-15],[5,-9],[8,0],[-3,-13],[2,-8],[7,6],[9,-15],[12,-8],[2,-22],[11,4],[10,-15],[1,21],[3,13],[4,-14],[0,-22],[6,-17],[1,-28],[4,-8],[2,-14],[-4,-35],[0,-74]],[[305130,580785],[-9,-16],[-5,-25],[4,-33],[-5,0],[-2,-18],[8,-30],[10,-20],[2,-18],[-1,-18],[9,-28],[15,-38],[0,-14],[8,-8],[6,-60],[0,-15],[5,-22],[11,-25],[6,-5],[1,-36],[-2,-54],[3,-22],[9,-34],[7,-1],[2,-16],[13,-28],[3,-24],[2,-47],[-6,-38],[-1,-26],[4,-21],[5,-2],[3,-15],[5,30],[6,1],[6,11],[7,32],[7,2],[2,-23],[5,-18],[1,-17],[11,21],[2,-7],[6,4],[20,-26],[6,-5],[10,-16],[11,-4],[-5,-30],[0,-8],[4,-46],[2,-4],[0,2]],[[305278,591066],[0,15],[3,16],[7,10],[8,20],[4,-2],[3,-19],[4,-11],[16,101],[1,15],[2,54],[3,52],[2,30],[-16,28],[-16,7],[2,22],[-7,51],[6,12],[1,26],[4,19],[2,54],[13,55],[6,9],[15,10],[-9,23],[-12,54],[-6,44],[-6,67],[-8,77],[-84,-23],[0,36],[14,8],[21,7],[19,13],[18,22],[-3,28],[2,11],[-4,26],[-5,37],[-17,22],[-5,30],[-6,18],[9,9],[15,31],[3,11],[1,11],[3,-3],[3,30],[14,17],[-3,120],[5,9],[1,37],[12,37],[4,-4],[15,14],[11,9],[6,-2],[6,-14],[11,6],[4,-9],[-2,-24],[10,-30],[5,-34],[2,5],[-2,40],[3,41],[-1,17],[4,3],[25,4],[1,27],[-4,4],[0,32],[5,7],[3,-10],[6,-1],[2,16],[0,25],[-19,4],[-1,48],[-2,23],[19,9],[19,21],[4,-33],[10,3],[2,7],[2,-7],[19,10],[0,13],[-9,-3],[-9,43],[8,3],[0,38],[-13,1],[0,34],[-4,2],[-4,14],[-4,-4],[0,12],[10,23],[1,12],[-1,43],[-2,11],[-10,7],[-2,7],[11,9],[9,-1],[16,-8],[2,52],[-5,64],[-2,53]],[[305479,593397],[-5,59],[4,5],[4,23],[1,19],[4,-2],[0,26],[-13,18],[0,120],[23,3],[5,63],[-19,-1],[0,13],[18,4],[4,36],[-1,62],[-12,0],[-2,41],[-11,0],[-10,14],[-1,16],[9,2],[2,73],[-4,0],[-1,17],[-6,14],[1,14]],[[305608,594034],[3,-20],[7,10],[6,0],[13,-33],[7,-31],[13,-25],[25,-21],[16,-20],[3,-9],[14,-74],[-1,-55],[4,-38],[2,-24],[-3,-54],[-1,-66],[-6,-33],[-2,-23],[-9,-23],[-44,-3],[-23,17],[-22,4],[-1,-35],[-8,-23],[5,-53],[1,-26],[3,-14],[7,-11],[0,-53],[7,-71],[-3,-16],[1,-37],[-7,-7],[5,-30],[-4,-15],[-11,-62],[5,-55],[-2,-23],[5,-5],[8,6],[24,41],[10,3],[5,-7],[15,-59],[11,-20],[-1,-5],[-4,-48],[-3,-53],[1,-59],[12,0],[28,-29],[-71,-192],[13,-48],[-4,-18],[7,-20],[-1,-13],[4,-39],[3,-4],[2,-17],[-5,-20],[5,-45],[-1,-72],[3,-36],[7,-15],[6,-49],[1,-7],[6,-45],[3,-16],[9,-11],[11,-34],[13,-31],[1,-26],[8,-36],[2,-30],[8,-5],[10,-24],[13,-3],[5,-12],[-1,-8],[5,-13],[12,-9],[9,6],[12,-17],[-5,-22],[-10,-64],[-8,-23],[-2,-22],[3,-23],[9,-39],[17,-55],[9,-61],[2,-30],[0,-25],[-3,-38],[0,-28],[4,-34],[18,-96],[15,9],[15,33],[10,12],[5,12],[7,32],[9,30],[11,47],[4,35],[4,55],[4,29],[23,-80],[25,-69],[16,-40],[-6,-27],[7,-3],[-3,-68],[6,4],[4,17],[2,-8],[-6,-34],[5,-12],[-2,-102],[5,-9],[29,3],[0,-20],[10,0],[-1,23],[7,-1]],[[306053,591146],[15,-89],[14,-70],[7,-41],[30,-131],[-16,-98],[-21,-4],[-1,-41],[-8,1],[-2,-35],[-16,2],[-1,-26],[-10,-1],[-2,-13],[-21,0],[1,-59],[-22,-7],[-35,-185],[-16,-75],[5,-9],[1,-16],[-1,-26],[1,-27],[4,13],[5,2],[7,-16],[-6,-22],[-11,-24],[-1,-16],[15,17],[2,-18],[-5,-25],[-4,-12],[-3,19],[-4,-28],[-8,-8],[-5,8],[-7,47],[-9,11]],[[305925,590144],[-4,-2],[-3,43],[-3,5],[-3,-10],[4,-29],[-2,-24],[-4,-2],[-3,-17],[-7,-4],[-5,21],[-5,6],[5,12],[-10,6],[-5,9],[-6,-1],[-5,16],[6,10],[-4,20],[-10,-15],[-3,-11],[-14,-3],[-11,-22],[-5,7],[-7,30],[-9,-3],[-1,19],[-6,9],[-8,-16],[-8,15],[-10,-16],[-3,-20],[-3,2],[-2,-23],[-5,-2],[-6,12],[-8,4],[-6,-31],[-6,-16],[-14,-10],[0,14],[-9,15],[-8,-8],[-3,14],[-4,-10],[-11,-10],[-4,15],[-13,-5],[-4,3],[-3,22],[4,11],[-3,11],[-2,29],[-6,12],[-4,-15],[-7,28],[-3,47],[-4,7],[-2,14],[-7,-5],[-4,27],[-5,-7],[-4,7],[-1,24],[3,9],[-5,10],[2,21],[-1,18],[5,22],[-6,9],[-9,42],[-3,10],[-3,37],[-3,12],[0,19],[-9,-6],[-7,21],[-9,-5],[-5,-13],[-11,12],[-11,-2],[-5,-16],[-19,-13],[-12,14],[-4,27],[-9,-21],[-5,-26],[-8,0],[-10,-17],[-5,-1],[-1,-13],[-9,-11],[-4,-18],[-12,-18],[-2,10],[-9,16],[-7,7],[-12,21],[-11,7],[-4,18],[-10,16],[-16,-1],[-11,17],[-10,-7],[-13,13],[-17,7],[-5,-11],[-2,-28],[-3,-8],[-12,-1],[6,-20],[15,-40],[2,-12],[-2,-38],[-1,-69],[-6,-51],[0,-21],[1,-37],[-3,-15],[-1,-41],[-6,-32],[-15,-5],[-7,2],[-3,6],[1,27],[-5,8],[0,30],[-12,47],[-3,22],[-7,0],[-10,24],[-4,23],[-7,22],[-1,11],[5,33],[-3,22],[-7,30],[1,27],[-12,81],[-4,14]],[[309530,580217],[5,0],[10,-15],[-2,-103],[-3,-33],[2,-57],[1,-17],[-1,-30],[-4,-37],[-8,-49],[0,-29],[13,-2],[6,20],[0,-35],[4,-41],[-1,-20],[6,-32],[-7,-25],[-8,-1],[-10,-9],[-5,0],[22,-78],[11,-131],[2,-10],[-42,-27],[-5,-1],[-11,9],[-24,12],[2,26],[-7,79],[-16,24],[-7,17],[-6,32],[-9,24],[-8,34],[-20,44]],[[309410,579756],[5,12],[15,10],[5,-6],[9,17],[5,0],[3,27],[-7,9],[6,1],[2,19],[5,32],[5,35],[-16,82],[14,16],[16,43],[12,48],[21,55],[4,6],[4,44],[3,11],[9,0]],[[303307,587736],[15,12],[-1,42],[-2,10],[2,8],[9,-56],[6,2],[3,-1],[4,-4],[0,-13],[11,-2],[9,-24],[5,2],[9,-1],[-2,30],[10,13],[13,-3],[2,9],[3,3],[5,8],[1,-5],[17,-12],[3,-22],[1,45],[23,-5],[5,-8],[0,34],[8,-1],[3,-8],[0,-46],[14,4],[5,-9],[1,41],[16,13],[-9,8],[-1,27],[13,14],[-5,34],[11,20],[2,-14],[18,16],[3,-4],[5,-13],[7,-2],[3,-6],[4,-40],[7,-40],[2,-36],[3,-7],[-2,-17],[-9,-11],[4,-45],[-4,-18],[-1,-18],[-4,-3],[-6,-24],[3,-5],[-5,-9],[-5,-18],[1,-21],[0,-45],[8,-1],[0,-20],[7,-63],[-1,-4],[2,-13],[8,-5],[5,-3],[4,0],[5,2],[11,6],[5,38],[3,11],[12,20],[6,15],[1,6],[4,34],[6,44],[4,8],[16,14],[13,22],[-2,63],[11,-5],[-2,42],[18,2],[0,45],[-10,-1],[-7,30],[-5,9],[-2,21],[-16,-59],[6,38],[-2,30],[4,25],[1,22],[8,26],[8,2],[6,25],[12,23],[-1,13],[-15,28],[-5,17],[-7,-2],[-2,19],[-4,-1],[0,17],[7,2],[3,35],[-2,20],[3,36],[-3,35],[4,43],[7,21]],[[303672,588247],[2,-192],[41,-91],[18,20],[45,50],[39,-215],[3,0]],[[303839,587785],[-3,-19],[-4,-5],[-7,21],[-8,-3],[-3,-25],[5,-35],[-5,8],[-2,17],[-5,-6],[-2,-25],[1,-14],[-9,-24],[-7,3],[-3,-9],[0,-22],[8,-33],[-2,-8],[2,-18],[-8,-28],[-1,-39],[-3,-21],[2,-13],[-23,-26],[-9,-7],[0,-7],[-9,-29],[-11,-15],[-13,-30],[-2,-51],[-4,-19],[-1,-27],[3,-28],[-4,-63],[-3,-49],[-7,-47],[-8,-24],[19,-110],[4,11],[3,33],[10,-1],[-19,-80],[-2,0],[1,34],[-12,-11],[-1,-5],[-1,-5],[-2,4],[-4,-7],[-2,-15],[-2,-2],[-4,-17],[-2,-17],[-6,-32],[-1,-6],[-2,-11],[-6,-28],[-4,-19],[-2,-7]],[[303659,586774],[-5,21],[-9,-9],[-3,-24],[-2,-13],[-24,18],[-10,8],[-16,12],[-1,-23],[0,-11],[-4,-3],[-7,-12],[-4,-1],[-3,-3],[-6,-6],[-7,17],[-34,92]],[[303480,586685],[-1,-25]],[[303302,586425],[5,-5],[6,3],[6,14],[1,10],[30,-54],[20,-65],[3,25],[0,26],[1,19],[1,26],[1,32],[-9,86],[-1,14],[0,8],[0,33],[1,59],[0,7],[0,83],[0,64],[1,49],[1,23],[1,13],[3,31],[-5,1],[0,33],[0,11],[-6,11],[-5,1],[0,-9],[-1,-22],[-3,0],[-5,-1],[-1,25],[-1,8],[-8,1],[-7,5],[-3,10],[-2,17],[-1,4],[-4,7],[-2,3],[-14,1],[0,-24],[-7,1],[0,13],[-8,-31],[-2,-7],[-2,3],[-2,8],[0,-63]],[[303266,587318],[0,45],[0,25],[-3,-2],[1,44],[5,-4],[3,22],[-5,8],[3,19],[3,28],[-14,19],[4,26],[3,24],[-4,5],[1,27],[11,-1],[0,16],[2,0],[12,5],[3,0],[1,50],[8,0],[-3,17],[5,11],[5,34]],[[301106,582137],[4,-27],[15,0],[25,11],[-1,-36],[12,-55],[25,1],[15,1],[8,-77],[11,-73],[18,27]],[[301238,581909],[4,-43],[-1,-13],[-10,-9],[0,-30],[2,-22],[19,-39],[14,-23],[9,-24],[4,-23],[-3,-22],[-5,-20],[-1,-27],[6,-18],[8,15],[9,2],[10,19],[3,23],[4,6],[-6,28],[12,20],[2,17],[-9,5],[12,68],[-8,7],[-5,26]],[[301308,581832],[16,7],[4,8],[41,89],[5,7],[35,41],[5,1],[12,-21],[4,12],[1,38],[-1,31],[20,1]],[[301548,582051],[28,2]],[[301166,580592],[-1,24],[-6,16],[3,13],[-26,32],[4,20],[-10,41],[-3,0],[-4,1],[-10,1],[-11,2],[-23,4],[1,58],[-76,1],[-5,-25],[-3,-35],[8,-40],[9,-28],[1,-14],[-18,0],[-18,6],[-8,-11],[-7,17],[4,23],[0,19],[-7,21],[0,29],[8,27],[-2,9],[2,19],[-1,22],[-10,-18],[-6,-23],[-13,0],[7,48],[-3,12],[-5,-10],[-8,13],[-9,3],[-3,-5],[0,-22],[6,-29],[-1,-9],[-11,14],[-6,-7],[4,-9],[-20,-1],[3,-27],[-17,12],[-10,-27],[15,-31],[1,-16],[-12,-12],[-6,12]],[[300863,580712],[1,15],[-2,51],[-5,21],[-66,-1],[-2,36],[8,1],[-1,19],[-12,-1],[0,122],[-4,-11],[1,17],[-35,7],[-4,32],[-4,-10],[-12,32],[-1,-9],[-19,36]],[[304967,589288],[-5,42],[-1,66],[-5,11],[2,21],[-1,23],[2,26],[0,34],[-1,38],[-3,35],[2,8],[3,7],[6,4],[2,21],[6,21],[1,23],[3,33],[2,23],[-5,33],[-1,19],[5,36],[0,23],[14,15],[7,28],[-2,23],[2,12],[-8,7],[0,-26],[-6,-1],[-1,44],[-7,-1],[0,-52],[-13,1],[-4,4],[0,89],[-10,4],[1,16],[-5,23]],[[305925,590144],[-61,-327]],[[305864,589817],[-15,-81],[-14,1],[0,-14],[-3,-14],[-10,-26],[-3,-17],[-4,-45],[-31,-96],[-4,17],[-7,13],[-5,-6],[-4,11],[1,32],[-6,-1],[-6,-15],[1,-11],[-8,-7],[1,-12],[-11,16],[-5,-5],[-2,-24],[-7,18],[-3,-5],[-6,7],[-12,27],[-9,4],[-14,26],[-4,-19],[-7,11],[-4,-2],[-13,19],[-2,-12],[-1,-36],[-5,-7],[-5,22],[-2,32],[-9,-2],[-6,-18],[-7,-32],[-5,-10],[5,-19],[4,-40],[-1,-16],[-13,-50],[43,-62],[-2,-10],[-1,-32],[-40,17],[-2,-6],[-7,-9],[0,-84],[-2,1],[-11,-5],[-21,-1],[-19,-38],[1,-73],[-5,-1],[-3,-84],[-25,1],[2,-28],[-12,-2],[-1,-68],[9,1],[0,14],[20,0],[0,-32],[-3,0],[0,-25],[8,0],[0,-34],[9,-1],[-2,-16],[3,-28],[14,-11],[0,-12],[25,-9],[20,-17],[-23,-66],[-9,-27],[-14,-41],[1,-25],[8,-33],[10,-63],[1,-13],[-5,-64],[2,-52]],[[305363,586972],[-7,17],[4,17],[4,5],[17,-9],[2,37],[-1,10],[-12,16],[-9,-2],[-14,25],[-8,33],[-7,17],[0,24],[-3,18],[-8,25],[-1,11],[2,35],[0,21],[4,25],[-7,36],[-3,58],[4,25],[0,12],[-7,21],[-9,12],[-17,9],[-13,28],[-5,32],[-6,30],[2,17],[-66,-190],[-1,61],[-7,28],[-13,-62],[-10,-30],[-3,-1],[-3,27],[2,20],[-10,43],[-3,-7],[-5,-29],[-7,-21],[-20,-84],[19,-41],[-27,-81],[3,-35],[4,-19],[3,-18],[2,-5],[9,-17],[-9,-39]],[[303880,585204],[0,11],[2,12],[2,8],[2,18],[9,-20],[23,-34],[-3,-17],[12,-15],[3,-7],[-3,-19],[-10,-4],[-11,12],[-11,17],[2,23],[-11,22],[-6,-7]],[[313859,582275],[-18,7],[-2,-2],[-4,4]],[[300623,567618],[25,182],[6,3],[2,5],[6,13],[9,-35],[17,-23],[17,-9],[9,0],[8,-8],[10,-17],[-6,38],[-10,43],[-10,22],[-27,45],[-15,44],[-10,65],[-2,39],[0,36],[4,58],[-2,27],[7,11],[8,-7],[-8,-64],[-2,-32],[0,-50],[1,-32],[4,-22],[5,-14],[15,-30],[17,-24],[14,-10],[15,10],[7,12],[13,13],[27,19],[12,5],[8,-2],[24,-28],[6,-3],[10,6],[19,40],[6,-24],[8,-4]],[[300870,567916],[14,-12],[8,-13],[20,-21],[8,-17],[12,5],[8,13],[3,-11],[2,-23],[1,-5]],[[300946,567832],[7,-13],[4,7],[6,36],[4,5],[8,-5],[20,-39],[4,-10],[14,-20],[12,-22],[21,-26],[7,-15],[11,-37],[17,-34],[8,-20],[11,-53],[11,-31],[11,-19],[7,-38],[9,-78],[7,-23],[5,-8],[17,-17],[2,-7],[2,-23],[3,-55],[8,-55],[5,-55],[13,-61],[7,-28],[4,-38]],[[301146,565452],[-8,0],[-1,14],[10,5],[0,9],[-9,35],[2,21],[3,4],[-3,30],[-7,4],[-2,7],[1,39],[0,10],[-11,39],[3,26],[1,46],[2,12],[0,52],[-8,18],[-7,0],[-3,53],[-6,23],[-1,16],[-12,34],[-3,20],[-6,4],[-4,18],[-5,-9],[-7,21],[-5,0],[-1,16],[-6,13],[-5,28],[-9,-3],[-4,-21],[-6,-13],[-7,9],[-8,-13],[-4,3],[-7,-15],[1,-10],[-8,14],[-10,-3],[-17,-41],[-2,-26],[-6,-10],[-10,7],[-10,-14],[2,18],[-15,25],[-19,-6],[-7,3],[-2,11],[-6,0],[-5,20],[-9,7],[-2,27],[-15,27],[-7,2],[-17,41],[-5,3],[-9,17],[-4,28],[-7,3],[-14,15],[-6,16],[-12,-4],[-4,12],[-7,-4],[-6,8],[-3,-8],[5,74],[-4,-5],[-7,-27],[-15,-11],[-17,-4],[-2,-1],[-10,14],[-25,-26],[-5,-4],[-25,-15],[-8,6],[-3,11],[-35,100],[-3,4],[-8,8],[-3,2],[-13,32],[-12,-28],[-1,38],[-9,17],[-5,-1],[-7,3],[-1,13],[-1,28]],[[300548,566413],[-2,93],[-15,-7],[-1,28],[5,1],[-1,6],[0,19],[-4,0],[-1,41],[7,1],[-1,42],[-1,21],[-2,0],[2,23],[-7,-1],[6,18],[0,28],[-7,21],[0,41],[6,35],[6,36],[5,0],[1,5],[-5,4],[1,4],[4,22],[7,42],[5,-4],[-2,19],[4,10],[-2,3],[5,28],[7,40],[9,-3],[1,14],[5,47],[4,1],[-5,19],[16,92],[14,80],[5,30],[3,15],[21,119],[22,129],[-40,43]],[[308295,582997],[8,28],[17,29],[17,38],[14,14],[20,22],[41,-2],[17,-17],[16,-10],[5,-9],[24,-62],[10,-35],[3,-50],[9,-9],[8,-28],[5,-8],[11,-52],[16,-19],[5,-22],[11,-15],[3,-9],[0,-24],[0,-18],[10,-18]],[[308798,582456],[-9,-5],[-5,-12],[-9,6],[-8,-8],[-7,-1],[-22,18],[-6,16],[-13,16],[-3,-3],[-2,-30],[5,-27],[3,-38],[7,-41],[-3,-19],[-8,-4],[-2,-15],[2,-18],[0,-50],[-5,-25],[-2,0],[-12,22],[-5,3],[-1,-27],[-2,-81],[-20,-47],[-16,55],[8,39],[-2,6],[-15,-28],[-5,43],[13,14],[-7,58],[-11,-4],[-72,-190],[1,-16],[-6,-47],[0,-32],[-1,-39],[3,-29],[2,-45],[4,-16],[5,-9],[14,-5],[7,-21],[-20,-135],[-1,-5],[0,-144],[0,-187],[-6,5],[-16,-22],[-2,-9],[-2,-59],[2,-41],[4,-4],[1,-15],[-5,-40],[-26,-49],[-4,-17],[0,-40],[5,-27]],[[308523,581031],[-8,5],[-15,-13],[-21,6],[0,-16],[-4,-51],[0,-41],[-7,-25],[-17,-75],[-13,-25],[-42,-71],[-14,-15],[-10,-13],[-17,83]],[[302675,587890],[11,-36],[19,-90],[-1,-50],[-3,-12],[-14,-40],[-2,-15],[0,-15],[-9,3],[0,-64],[1,-33],[6,39],[-6,-41],[10,-74],[12,0],[5,-2],[1,-5],[0,-21],[-6,-9],[-3,-20],[7,-25],[12,-24],[3,-20],[2,-7],[4,-25],[5,-35],[1,-6],[-10,0],[-1,-7],[5,-3],[2,-6],[1,-20],[-1,-22],[6,0],[-1,-21],[0,-48],[-2,-20],[0,-17],[-1,-25],[1,-20],[4,-73],[3,-48],[2,-41],[1,-14],[-2,-3],[1,-7],[-5,-6],[10,-29],[-1,-11],[0,-7],[-6,-46],[0,-7],[-3,-1],[-1,-9],[0,-10],[-3,-4],[1,-6],[5,1],[-5,-16],[3,-17],[2,-14],[2,-10],[4,-29],[-3,-5],[2,-17],[-1,-55]],[[302739,586570],[-1,-3],[-5,-21]],[[302733,586546],[-3,-14],[1,-33],[-3,-21],[4,-31]],[[302732,586447],[-1,-8],[-4,-14],[-1,-4],[-6,-15],[-1,-51],[1,-22],[0,-7],[-1,-11],[-9,-45],[-7,-61],[-6,7],[-5,10],[0,-57],[-2,-3],[-5,33],[-3,-8],[4,-25],[-7,9],[-6,-20],[-6,8],[-1,-59],[-9,-16],[-2,-14],[1,-6],[-10,-61],[-3,-46],[-13,-44],[-2,-20],[2,-62],[1,-37],[1,-52],[6,-64],[0,-31],[9,-87],[1,-21],[-5,-35],[-8,-17]],[[302175,585922],[1,15],[-3,15],[-9,17],[-14,17],[-10,6],[-6,22],[-2,26],[1,27],[3,15],[1,50],[-5,37],[0,22],[5,45],[-1,16],[-1,17],[-13,60],[-6,33],[-6,61],[-1,30],[1,40],[4,26],[-1,27],[-11,42],[-13,24],[-11,17],[-1,21],[4,32],[9,5],[2,182]],[[302600,586771],[1,-14],[1,-7],[5,-29],[12,-62],[8,-93],[2,-15],[-1,-6],[-2,-12],[8,-12],[0,-12],[2,1],[5,-26],[-6,-38],[-2,-38],[9,-1],[0,-23],[5,-3],[0,7],[8,-6],[4,24],[3,18],[5,17],[3,11],[3,17],[3,32],[3,18],[3,17],[1,5],[5,-5],[5,2],[1,30],[-3,1],[5,24],[6,2],[3,8],[7,-1],[-1,6],[-9,19],[5,8],[-6,14],[4,2],[-2,18],[-4,41],[-3,10],[2,9],[2,14],[-17,64],[-3,6],[-1,4],[-3,18],[-8,9],[2,27],[-6,-3],[-3,7],[-9,5],[-1,-24],[-5,-12],[-8,-11],[-1,-49],[-7,16],[-6,26],[-4,18],[-12,-4],[0,-49],[-8,-8],[0,-12]],[[302732,586447],[2,0],[51,41],[6,5],[9,16],[3,9],[5,21],[15,66],[3,19],[2,25],[0,80],[5,80],[3,88],[1,48],[1,25],[4,13],[11,29],[5,10],[12,21],[32,53]],[[302878,585231],[-35,-1],[-3,-17],[-13,-199],[-6,-382],[-17,1],[-1,15],[3,13],[0,43],[4,2],[-3,23],[-3,25],[-8,-16],[1,-13],[-4,-20],[-5,-36],[-1,-16],[-4,-8],[0,-12]],[[307536,584146],[14,-11],[11,-17],[4,-8],[27,34]],[[307717,585423],[26,-86],[-16,-38],[-8,-47],[-5,-49],[5,-49],[10,-55],[37,-6],[2,-188],[26,2],[0,-53],[-3,-10],[0,-33],[26,-25],[-7,-35],[4,-163],[13,-116],[4,-39],[25,-18],[23,-16],[10,-66],[7,41],[13,29],[11,5],[2,-36],[12,-84],[22,1],[0,-11],[14,-3],[3,-5],[2,-42],[11,-17],[21,-162],[5,11],[-5,-64],[5,-3],[3,10],[12,5],[8,35],[-5,12],[5,24]],[[308035,584079],[16,-29],[1,-3],[15,-80],[4,-9],[10,-48],[5,-25],[11,-42],[43,65],[8,-32],[2,-69],[4,-18],[15,-38],[6,-5],[19,15],[7,-7],[11,-25],[25,-26],[18,-7],[11,-11],[13,-9],[41,-16],[2,33],[3,16],[-3,21],[0,21],[-4,19],[0,26],[-10,33],[-7,4],[0,17],[36,180],[3,0],[15,-20],[16,7],[100,79],[-8,38],[7,46],[2,25],[4,28],[17,76],[8,41],[6,49],[-7,-12],[-34,9]],[[308466,584396],[50,250],[8,-15],[21,-60],[8,-36],[3,-21],[8,4],[9,-4],[22,-11]],[[307915,582512],[3,-37],[1,-16],[-1,0],[-12,-10],[-12,-27],[-5,-2],[0,0],[0,0],[-1,0],[0,0],[-1,0],[2,52],[5,7],[-1,-17],[10,93],[-24,2],[-11,-12],[-7,6],[-7,13],[-1,1],[4,60],[4,20],[-3,8],[-5,40],[-6,3],[-6,1],[-4,3],[0,-36],[-3,-14],[-3,2],[-1,46],[-8,9],[0,-56],[-10,8],[-1,-15],[-4,6],[-25,-3],[-1,-26],[-6,-8],[2,-21],[11,-34],[-20,17],[-3,-4],[0,-15],[18,-20],[-2,-7],[-16,16],[-4,0],[0,26],[-8,0],[0,-19],[-5,-1],[0,19],[-6,0],[3,-5],[-2,-17],[-9,4],[-4,16],[2,-26],[6,-8],[15,-1],[0,-6],[0,-16],[4,-12],[3,-25],[5,5],[5,-14],[-5,-12],[11,-9],[0,-3],[-12,8],[-7,-4],[-1,-10],[-19,15],[-2,1],[-15,21],[-13,11],[-4,10],[1,-12],[-11,6],[-12,21],[0,10],[-5,-4],[2,-50],[-4,-1],[-18,8],[0,12],[-4,0],[0,5],[-43,-49],[-63,-249],[0,-11]],[[307529,582189],[17,102],[8,42],[-3,88],[-13,-10],[-16,-30],[-2,15],[-13,17],[-4,43],[0,32],[-6,21],[-3,40],[0,30],[-9,20],[9,30],[5,39],[5,22],[22,-53],[3,-2],[1,-22],[23,15],[14,-169],[2,-25],[25,19],[12,14],[-3,49],[-1,96],[7,41],[2,3],[-9,25],[-8,12],[-9,-1],[-24,30],[-13,28],[-6,7],[-3,1],[-19,-3],[5,30],[3,46],[7,35],[-12,27],[-7,27],[-7,-5],[1,-15],[-26,-16],[-8,47],[18,31],[10,34],[2,45],[20,9],[15,21],[-4,23],[23,12],[-4,46],[-6,-1],[-11,-7],[-8,-9],[-20,-31],[0,15],[26,28],[6,10],[3,26],[6,42],[0,15],[5,-3],[18,179],[4,17],[3,30],[8,27],[10,9],[0,29],[-15,14],[-6,10],[-5,25],[-10,17],[-10,-24],[-92,-255],[-60,140],[-2,11],[-1,16]],[[307399,583482],[-1,32],[-4,39],[1,55],[4,23],[2,21],[1,38],[5,31],[7,60],[1,12],[9,32],[14,-7],[2,46],[5,27],[1,23],[63,152],[16,49],[-1,7]],[[307742,582447],[8,-6],[5,-4],[1,5],[-7,5],[-6,12],[-1,-12]],[[302726,576057],[4,36],[4,21],[3,39],[5,43],[0,45],[22,-13],[8,2],[3,11],[26,66],[6,-3],[9,-38],[16,-28],[11,-36],[8,-16],[2,-3],[7,-35],[4,3],[6,13],[9,-49],[17,47],[7,-32],[9,-27],[0,-8],[-8,-3],[-2,-18],[3,6],[6,0],[3,10],[2,-7],[1,5],[5,-17],[18,-25],[7,-9],[3,-1],[-6,-33],[-6,-48],[3,-51],[-2,-46],[2,0],[1,5],[9,5],[5,1],[2,3],[6,15],[1,4],[7,-1],[3,11],[5,8],[-2,13],[1,44],[-1,48],[-4,29],[2,15],[4,8],[2,-3],[3,4],[2,37],[0,2],[4,33],[9,0],[3,-18],[0,-36],[-1,-8],[3,-9],[7,14],[8,18],[6,14],[-1,10],[20,20],[0,3],[6,4],[1,-4],[6,7],[0,-4],[1,37],[1,-25],[3,2],[1,22],[5,19],[2,4],[5,-2],[16,20],[0,21],[3,3],[1,0],[12,10],[1,1],[0,4],[14,55],[2,-4],[7,32],[2,9],[13,-12],[6,-17],[8,1],[8,12],[7,-2],[16,14],[2,-10],[0,-2],[7,16],[9,32],[-3,17],[1,22],[12,42],[8,21],[0,7]],[[303228,576499],[16,14]],[[303244,576513],[0,2],[10,71],[1,0],[-5,-33],[1,-35],[6,4],[2,3],[13,16],[6,-8],[-2,-19],[-2,-24],[-3,-29],[4,-7],[13,-37],[3,-11],[15,-38],[6,4],[16,12],[15,13]],[[303343,576397],[3,-94],[2,-23],[10,-90],[5,-66],[9,-51],[3,-77],[-2,-45],[0,-24],[5,-75],[2,-37],[1,-6],[7,-48],[6,-24],[15,-27],[36,-48],[2,-3],[19,-12],[10,3],[14,14],[11,16],[19,38],[6,11],[20,17],[13,18],[9,5],[16,-7],[6,-8],[9,-23],[9,-42],[5,-42],[4,-61],[0,-47],[-1,-32],[-5,-47],[-2,-36],[-11,-50],[-6,-17],[-12,-49],[-18,-52],[-9,-37],[-16,-82],[-16,-49],[-5,-26],[-5,-41],[-4,-21],[-7,-21],[-13,-34],[-8,-45],[-2,-20],[1,-113],[3,-60],[1,-44],[-1,-36],[-9,-85],[-6,-36],[-5,-31],[-12,-109],[-1,-29],[0,-56]],[[303448,574281],[-3,0],[-86,-67],[-4,-39],[-1,-33],[0,-31],[5,-40],[3,-17],[55,-210]],[[303417,573844],[-9,-4],[-7,6],[-7,25],[-11,16],[-10,4],[-5,-4],[-9,2],[-8,12],[7,9],[15,9],[7,-3],[-8,18],[-17,-1],[-7,10],[-23,11],[-5,22],[-2,-18],[-3,7],[-4,20],[-13,21],[-15,-1],[-3,4],[-4,30],[-6,-2],[-1,21],[-6,15],[-22,16],[-4,30],[-2,10],[13,49],[-3,9],[9,31],[10,25],[3,42]],[[302919,575541],[-1,-2],[-3,6],[-3,17],[-5,-13],[-2,-1],[-10,-4],[-3,-2],[-22,-23],[-20,-16],[-7,-2],[-5,0],[-5,1],[-2,-5],[-1,3],[-4,-3],[-7,-9],[-3,-4],[-10,5],[5,-12],[3,-6],[-6,-32],[-18,32],[1,4],[3,9]],[[307913,590170],[1,-17],[7,-26],[25,-44],[15,-32],[35,-49],[5,-9],[9,-27],[5,-25],[8,-17],[19,-16],[18,-2],[18,30],[10,2],[5,-10],[5,-44],[3,-14],[12,-42],[7,-18],[6,-7],[12,-2],[10,4],[4,-8],[-11,-53],[-2,-27],[1,-19],[5,-27],[8,-20],[23,-35],[6,-3],[13,10],[12,30]],[[308207,589653],[10,11],[11,-11],[7,-18],[8,-40],[5,-52],[3,-13],[9,-10],[31,28],[5,-13],[-1,-12],[-13,-73],[0,-27],[4,-40],[-1,-30],[1,-19],[4,-23],[24,-23],[10,-6],[7,-12],[3,-33],[-4,-38],[-9,-45],[0,-32],[7,-13]],[[308328,589109],[10,-3],[25,-2],[4,-12],[-1,-17],[-9,-6],[-14,0],[-10,-7],[-2,-7],[-1,-17],[1,-7],[1,-5],[5,-10],[16,-19],[12,-9],[18,-2],[8,-14],[3,-11],[3,-23],[-1,-32],[-20,-44],[-12,-30],[-4,-7],[-8,-4],[-18,20],[-15,4],[-18,9],[-17,3],[-13,-4],[-14,-8],[-16,-14],[-11,-16],[-13,-33],[-12,-26],[-9,-7],[-18,-9],[-25,-3],[-13,-8],[-7,-17],[-7,-51],[-3,-35],[-8,-28],[-16,-12],[-4,-8],[-1,-16],[0,-5],[0,-17],[1,-18]],[[308059,588444],[-92,-325],[-26,26],[-18,-2],[-4,-15],[-10,18],[21,93],[-6,73],[-1,73],[-17,11],[-32,15],[-5,-7],[-9,167],[0,147],[4,45],[0,36],[2,18],[-7,19],[-10,-7],[-8,3],[-8,-8],[-4,4],[-4,35],[-4,10],[0,15],[-1,-55],[-3,-40],[-9,-62],[-10,-104],[-8,-64],[-1,-12],[-14,13],[-9,5],[-17,-15],[4,-40],[-7,-30],[-3,-14],[-6,-13],[-1,-6],[0,-33],[1,-17],[0,-12],[6,-16],[0,-15],[1,-9],[0,-3],[-9,-28],[-19,-10],[-18,-26],[-11,-8],[-7,-22],[-15,23],[-9,26],[-11,14],[-55,-2],[-7,-51],[-7,-93],[-5,-45]],[[307448,588348],[-6,17],[-1,14],[-5,20],[3,43],[4,3],[3,-16],[4,0],[6,28],[7,20],[10,22],[3,-11],[5,11],[-4,6],[1,15],[-4,8],[-1,18]],[[307304,590143],[10,7],[25,-97],[6,-13],[41,-33],[2,1],[28,19],[11,12],[7,9],[25,-127],[3,-8],[6,29],[14,-2],[2,20],[49,-35],[-6,-36],[-1,-38],[31,3],[3,70],[25,3],[0,12],[27,-1],[-1,-19],[8,-11],[6,5],[4,-20],[10,13],[3,-14],[12,2],[13,7],[-1,-31],[13,18],[24,48],[5,25],[26,55],[20,28],[22,39],[-6,13],[-3,7],[-11,43],[-10,56],[10,39],[6,6],[12,1],[8,5],[9,-12],[11,10],[8,-1],[8,-25],[1,-16],[9,-14],[9,-51],[8,-23],[-3,-10],[2,-23],[34,-15],[5,4],[18,67],[12,26]],[[304034,584926],[18,2],[0,27],[10,0],[11,-2],[2,0],[3,4],[-2,23],[5,54],[2,1],[0,24],[-1,7],[-1,5],[-1,24]],[[304081,585121],[0,39],[-3,15]],[[304078,585175],[2,26],[3,2],[4,69],[10,-4],[3,0],[6,29],[9,20],[-1,22],[8,26],[2,19],[1,10],[13,34],[5,-14],[5,8],[1,-39],[13,-51],[3,-33],[22,30],[8,-22],[0,-37],[3,10],[6,12],[4,10],[4,10],[-12,10],[-2,8],[6,10],[6,36],[9,-1],[0,-38],[3,1],[15,6],[0,23],[12,2],[12,27],[3,-23],[6,5],[14,1],[1,-6],[0,-32],[6,-3],[0,37],[8,0],[0,22],[21,3],[3,-20],[2,-8],[4,-10],[-3,-6],[2,-9],[6,-11],[-2,-16],[0,-7],[-1,-7],[0,-9],[3,-9],[4,-9],[6,13],[-3,12],[11,14],[17,6],[3,40],[5,13],[2,-11],[3,35]],[[304382,585401],[2,1],[8,-13],[6,-39],[-5,-30],[-3,4],[-2,-21],[-20,10],[-15,-7],[-13,-25],[7,-26],[3,-27],[-2,-32],[-2,-10],[-1,-33],[-1,-20],[0,-23],[-6,-44],[-1,-22],[2,-23],[1,-9],[0,-13],[-3,-35],[2,-56],[3,-11],[44,10],[-2,17],[5,13],[11,16],[5,-36],[1,-21],[0,-12],[-13,0],[0,-18],[12,1],[0,-14],[-9,0],[0,-29],[11,-1],[4,1],[3,35],[23,-7],[0,-33],[11,-5],[1,5],[0,36],[13,2],[0,-45],[3,-3],[10,-13],[6,-38],[19,-58],[6,-13],[3,-6],[1,26],[7,-20],[17,25],[0,30],[5,-23],[20,3],[-1,39],[8,-4],[-1,-30],[-7,-31],[-1,-31],[-4,-23],[10,-1],[63,-3],[6,-8],[1,-17],[6,-41]],[[304671,584429],[-22,-44],[-18,-35],[-35,-70],[-8,-17],[-4,-8]],[[304366,584746],[11,-87],[-2,-13],[-6,-48],[3,-29],[8,-17],[8,-5],[17,14],[11,-13],[16,8],[8,19],[5,21],[1,9],[-2,61],[3,23],[-1,38],[-5,37],[-7,3],[0,21],[-6,8],[-26,4],[0,-9],[-15,-4],[0,-34],[-22,-2],[1,-5]],[[306121,589925],[2,-15],[17,-42],[7,-29],[15,-43],[8,13],[10,0],[3,7],[4,48],[-4,19],[-1,23],[3,30],[9,-4],[8,-34],[13,-34],[4,-36],[3,-9],[11,-4],[8,17],[-1,24],[2,30],[5,6],[10,-46],[8,-39],[0,-23],[-11,-74],[-4,-43]],[[309411,585655],[-2,42],[-2,8],[-12,20],[-3,32],[-4,13],[-7,11],[-3,-20],[-7,5],[-3,-22],[-5,-10],[-12,38],[-2,13],[-8,-2],[-3,21],[-6,5],[-5,-28],[-8,14],[-2,-24],[8,-9],[8,-24],[-4,-4],[-1,-17],[-6,-8],[1,-13],[-10,14],[1,-11],[-10,-28],[5,-7],[-2,-7],[2,-14],[0,-23],[-4,-25],[2,-11],[-5,5],[-3,-17],[5,-3],[-1,-14],[4,3],[7,-8],[-5,-17],[3,-12],[4,6],[0,-10],[-4,-15],[1,-10],[6,-1],[-20,-43],[-4,-7],[0,-22],[8,-39],[2,-20],[2,-27],[6,-8],[3,-21],[8,-28],[1,-12],[7,-24],[-6,-14],[-22,-7],[-10,1],[-4,-13],[-27,-5],[-1,11],[-4,-11],[-22,-16],[-6,-34],[2,-37],[4,-25],[-1,-156],[-1,-2],[-34,-55],[-5,-10],[-19,-50],[-3,-11],[-2,-15],[-4,-61],[1,-20],[6,-62],[-1,-28],[4,8],[5,-13],[4,8],[14,-3],[5,-15],[0,-16],[5,-17],[7,4],[4,-9],[10,7],[5,-26],[2,-2],[4,-29],[-1,-20],[3,-12],[-6,-11],[-4,-45],[-6,-32],[-57,58],[5,43],[-2,100],[-16,4],[-6,-3],[-11,-24],[-5,-5],[-15,-5],[-9,1],[-2,-33],[7,-109],[3,-28],[7,-22],[13,-25],[1,-7],[-21,0],[-1,-74],[-25,-63],[0,-65],[9,-5],[-3,-36],[2,-21],[-11,-61],[-24,57],[-18,-102],[-43,79],[-1,-31]],[[308637,584596],[20,15],[11,6],[6,38],[4,57],[5,50],[-24,6],[-39,-1],[-4,26],[-12,14],[-4,15],[-10,-38],[-9,-13],[-23,28],[-9,26],[2,9],[25,142],[-19,30],[-3,-17],[-10,7],[-16,22],[-9,24],[7,15],[-15,35],[-2,11],[4,57],[-3,21],[12,16],[22,57],[-5,67],[0,44],[1,30],[6,8],[1,23],[-6,7],[-14,24],[-7,5],[-25,-39],[-4,-12],[-15,-1],[5,34],[-1,15],[4,22],[-1,14],[13,94],[-1,6],[66,85],[-12,14],[-9,24],[-20,-31],[-28,-23],[3,26],[-7,28],[4,20],[-1,29],[3,34],[6,27],[2,14],[-5,20],[8,43],[-16,38],[-1,25],[2,15],[3,34],[-2,50],[-4,55],[2,38],[5,61],[-2,43],[-3,72],[1,54],[14,31],[5,23],[-2,15],[-4,36],[15,-21],[4,-3],[8,177]],[[308547,585725],[34,33],[2,-33],[26,15],[-2,28],[-13,-5],[-1,10],[13,12],[-2,33],[-60,-45],[3,-48]],[[305631,577593],[-1,2]],[[303730,578064],[5,6],[7,17],[8,41],[3,36],[4,71],[10,90],[4,25],[7,31],[12,34],[15,32],[11,49],[6,34],[-1,63],[2,27],[4,19],[21,53],[7,27],[4,32],[2,34],[0,27],[-2,21],[-7,39],[-13,47],[-2,12],[-5,50],[-1,38]],[[303831,579019],[2,-1],[8,29],[9,12],[16,12],[11,25],[11,56],[5,42],[1,30],[-3,48],[1,66],[-4,87],[-4,47],[-12,77],[-2,6],[-4,42],[-1,23],[13,16],[1,-13],[21,20],[-3,-17],[3,-24],[4,3],[-1,8],[-2,78],[1,-5],[3,5],[1,14],[10,-7],[5,-30],[20,-3],[-1,-36],[7,0],[-1,-18],[3,0],[2,8],[3,4],[4,18],[0,21],[2,20],[9,4],[0,-16],[-3,-2],[1,-26],[3,0],[13,-2],[2,1],[0,0],[1,1],[1,0],[11,11],[0,15],[-7,-3],[2,29],[-10,37],[9,0],[3,16],[21,7],[3,31],[-1,4],[1,8],[0,5],[1,3],[-1,3],[0,6],[-11,40],[-3,-14],[-5,17],[-10,-37],[-18,68],[-3,-11],[-4,-13],[-4,8],[-7,57],[7,16],[-4,25],[-7,17],[-5,2],[0,8],[1,7],[1,17],[1,8],[4,10],[10,46],[1,12],[0,18],[-21,-1],[0,4],[-6,33],[-11,10],[-2,-17],[-15,14],[-1,28],[-2,-13],[-8,7],[-4,-31],[-5,-34],[-4,14],[-18,-16],[-14,59],[-27,131],[2,20],[-13,37],[-7,38],[12,35]],[[303819,580433],[9,39],[5,13],[4,-5],[-8,-23],[7,-11],[-3,-12],[17,-16],[-1,-9],[9,13],[5,-23],[5,18],[5,-13],[0,65],[11,30],[4,43],[4,-21],[15,20],[5,-33],[9,17],[-5,19],[6,14],[11,48],[-2,7],[14,1],[0,-10],[28,4],[9,2],[-1,-86],[17,-4],[0,-46],[10,-1],[2,56],[0,38],[22,-54],[13,-42],[14,-34],[-9,-37],[-6,-35],[11,-26],[3,18],[4,16],[2,-12],[15,-34],[4,-3],[8,61],[8,36],[29,22],[7,46],[1,20],[15,3],[5,14]],[[304333,577945],[-15,6],[-5,6],[-2,4],[-12,85],[-4,35],[-15,-4],[-4,15],[-4,0],[-7,-56],[-15,17],[3,22],[-14,16],[-1,-18],[-18,20],[1,23],[-3,2],[-10,19],[-3,14],[-16,0],[0,-44],[-5,1],[-12,-28],[-3,7],[-17,4],[-1,45],[-6,20],[1,21],[-19,28],[-3,-15],[0,-23],[-18,27],[2,77],[-2,34],[-17,-3],[-16,19],[4,10],[-12,18],[-3,17],[-12,3],[-7,-29],[-9,-8],[-17,34]],[[304017,578366],[-1,22],[-15,-9],[-4,41],[-12,16],[-4,-2],[-2,-37],[-8,-55]],[[303971,578342],[-5,14],[-5,8],[-24,31],[42,138],[0,2],[-1,16],[-4,-29],[-10,-28],[-15,17],[-13,1],[-9,5],[-1,14],[-6,1],[0,15],[-5,7],[3,16],[-23,45],[-6,-31],[-14,25],[-1,14],[6,35],[0,27],[-76,-353],[-15,-95],[-22,-63],[-25,-116]],[[303742,578058],[-3,10],[-5,-16],[-4,12]],[[304196,568973],[29,-119],[-22,-4],[0,-141],[0,-13],[-5,7],[-18,-34],[-6,-48],[-10,-20],[7,2],[7,-10],[13,-60],[-12,-46],[-4,-38],[-4,-42],[-3,-16],[-18,-19],[1,-47],[1,-76],[-7,-3],[-12,1],[-5,-6],[-14,-4],[-32,-9],[-59,2],[-8,26],[-3,16],[-3,-41],[-68,5],[-22,-51],[0,-6],[-7,-12],[-6,-28],[-1,0],[-1,-1],[0,-6],[1,-6],[1,-4],[-1,-6],[3,-53],[3,-15],[0,-41],[79,-419],[165,-205],[145,-240]],[[304300,567143],[0,-24],[-4,-27],[4,0],[10,20],[118,-724],[16,-50],[4,-9]],[[304320,565995],[-4,-6],[-6,27],[-14,4],[-11,8],[-4,-17],[-6,14],[-3,-2],[-10,21],[4,19],[-11,39],[-6,-9],[-7,18],[1,27],[-3,14],[-5,37],[-9,-8],[-18,55],[-10,-49],[-10,17],[-10,13],[-15,10],[-2,53],[-2,37],[-36,31],[-3,0],[-20,-17],[-7,-3],[-13,20],[-18,52],[-9,40],[-7,-9],[2,-107],[47,-153],[-5,-30],[0,-41],[-33,3],[-24,-19],[-9,66],[9,18],[-32,233],[-2,19],[-1,46],[-23,8],[-18,1],[-10,10],[-4,25],[-22,126],[-7,4],[-48,-18],[-11,33],[0,-10],[-9,-45],[-1,-37],[-3,-13],[-7,-4],[-7,-24],[-8,-54]],[[303820,566468],[-10,64],[-14,25],[-14,101],[-7,83],[-1,36],[-8,20],[-4,32],[-14,-11],[-2,-31],[-18,0],[-15,-5],[2,-54],[-6,-7],[2,-33],[-34,-78],[10,-167],[-1,-37],[2,-10],[-11,-17],[-10,-5],[-8,4],[-4,19],[-9,16],[-7,0],[-9,26],[-11,6],[-9,-11],[-14,1],[-15,-14],[-9,3]],[[303572,566424],[-3,16],[-1,8],[-4,90],[-6,49],[-6,67],[-11,76]],[[303541,566730],[-1,10],[-3,60],[7,-4],[5,21],[5,-18],[21,0],[2,-15],[10,32],[16,22],[9,-2],[9,54],[-6,62],[-2,57]],[[303613,567009],[20,-2],[24,-11],[14,-4],[5,72],[-1,33],[-7,2],[-15,12],[-14,19],[-12,11],[-16,6],[-6,7],[-4,12],[-6,28],[-4,4]],[[303591,567198],[0,14],[-4,22],[5,30],[7,5],[4,32],[6,17],[6,42],[0,12],[18,35],[10,28],[-8,22],[-21,37],[-9,21],[-4,-3],[-3,18],[-4,30],[-2,6],[-16,29],[-5,35],[0,14],[-1,18],[-1,6],[-7,27],[0,24],[16,2],[6,59],[4,17],[4,31],[4,-1],[4,64],[3,87],[0,6],[-3,7],[1,4],[-5,16],[-2,10],[-3,25],[-3,9],[-8,8],[-34,32],[-4,37],[-2,10],[-2,12],[23,12],[1,15],[13,8],[5,6],[-4,27],[-14,19],[7,37],[-7,8],[2,15],[66,12],[-1,17],[-3,19],[-6,23],[-18,45],[-7,9],[-9,124],[-29,26],[-21,168],[-2,9],[-6,-2],[-14,31],[-9,12],[-49,-95],[-23,-7],[1,37],[3,38],[-1,4],[-13,47],[-54,210],[6,19],[-2,35],[4,13],[14,-25],[2,21],[-11,20],[92,99],[-4,19],[-8,15],[-12,-7],[-19,1],[-42,30],[-19,-22],[-4,-8]],[[306803,584263],[29,-3],[11,-13],[9,-2],[3,-134]],[[306855,584111],[0,-90],[-2,-27],[0,-73],[9,-42],[1,-59],[-31,-15],[-12,2],[-1,-56],[-7,-44],[-9,-46],[63,-215],[-28,-72],[-6,16],[2,19],[0,67],[-3,21],[-7,8],[-11,-5],[0,18],[-5,56],[-2,49],[-7,3],[-13,-34],[-6,-9],[-10,42],[-3,6],[-21,3],[-11,13]],[[306723,583604],[34,-91],[23,-26],[-9,-17],[-7,-65],[-6,-34],[-5,-45],[-2,-62],[-5,-31],[9,-5],[19,-19],[-58,-136],[33,4],[0,-57],[7,-21],[1,-31],[43,2],[1,-15],[6,-85],[7,-52],[4,-21],[8,-65],[3,-45],[-1,-63],[-3,-94],[-17,-52],[-2,-18],[3,-41],[-9,1],[-4,-6],[-4,-16],[-7,-16],[-2,-14],[-17,-21],[-3,-38],[3,-7],[-3,-28],[6,-17],[-1,-11],[-11,-15],[-6,-15],[0,-26],[9,-30],[1,-13],[-3,-14],[11,-1],[1,26],[-2,11],[7,7],[14,-19],[4,4],[6,-15],[5,20],[-1,-14],[7,-44],[6,-7],[3,19],[7,-21],[-2,-22]],[[306824,582077],[-8,2],[-5,-15],[1,-18],[-3,-33],[-8,-59],[-20,-24],[-10,-20],[-12,-13],[-14,-8],[-14,7],[-15,-4],[-5,-22],[-7,-7],[-11,9],[-7,-4],[-4,-6],[-21,-63],[-5,-7],[-15,4],[-18,-45],[-12,-23]],[[306611,581728],[-8,25],[-11,12],[-6,16],[-2,31],[-7,39],[0,59],[-10,31],[-6,12],[-7,2],[-1,-113],[-9,-45],[-5,-10],[-21,-17],[-12,-35],[-12,-6],[-4,6],[-14,41],[-2,11],[-1,33],[-11,29],[4,29]],[[306466,581878],[4,28],[17,94],[6,-11],[2,59],[-12,27],[-20,114],[-50,95],[-7,23],[9,35],[-5,12],[5,5],[-6,22],[17,51],[-2,5],[5,46],[2,63],[21,0],[3,60],[0,49],[-9,10],[11,70],[-16,20],[5,33],[15,36],[-7,3],[-14,25],[-7,10],[-10,21],[-3,60],[-2,81],[-11,-11],[-8,-19],[-7,-36],[0,-17],[-36,17],[5,33],[2,49],[-6,11],[-3,24],[-10,11],[-7,25],[-3,-8],[-14,1],[-4,-7],[-13,17],[-7,-12],[-7,-2],[-10,-30]],[[311338,579725],[-2,22],[7,21],[6,40],[1,28],[-4,16],[-2,26],[6,1],[11,-4],[2,-26],[9,-21],[7,-15],[3,-21],[3,-34],[3,-24],[5,-27],[5,-23],[-7,-20],[-7,-7],[-8,-18],[-6,4],[-17,22],[-12,18],[-6,15],[3,27]],[[310961,581041],[-44,124],[-7,49],[-1,17],[2,23],[8,17],[15,9],[4,22],[4,6],[9,-1],[7,39],[5,22],[1,13],[-5,22],[1,16]],[[310960,581419],[0,20],[2,17],[1,1],[35,65],[52,25],[39,15],[11,5],[48,3],[60,8],[55,53],[-4,27],[0,24],[2,14],[-1,4],[-9,32],[-2,14],[0,12],[-2,11],[0,8],[-4,1],[-2,6],[1,13],[-4,25],[-6,11],[2,-26],[4,0],[0,-14],[-6,6],[-4,29],[5,24],[11,-39],[4,11],[-5,2],[-7,32],[-6,28],[2,53],[4,16],[1,36],[-1,49],[2,18],[6,14],[-5,8],[-2,25],[7,32],[7,0],[1,21],[5,-8],[5,31],[4,8],[6,-5],[-4,-11],[-2,-26],[11,5],[0,29],[5,-5],[-3,13],[1,11],[15,38],[2,2],[11,-3],[6,-1],[1,-62],[4,18],[-2,20],[4,9],[2,11],[4,1],[0,12],[26,-9],[22,2],[8,12],[17,2],[20,-7],[17,-14],[9,-14],[14,-47],[34,-29],[37,25],[6,4],[-1,26],[27,28],[18,19],[24,33],[31,14],[19,-1],[27,4],[4,6],[13,34],[7,23],[5,24],[4,14],[6,7],[3,-39],[1,9],[0,42],[-1,17],[5,17],[7,13],[10,40],[19,78],[9,27],[10,14],[12,6],[15,-5],[14,7],[14,-12],[35,-40],[11,-17],[19,-31],[2,13],[12,-10],[-1,-28],[33,-72],[2,5],[14,-24],[8,-20],[-2,-8],[9,-33],[6,12],[-6,-31],[6,-32],[11,-31]],[[311998,582268],[14,-50],[11,-49],[7,-42],[30,4],[0,-15],[-15,-22],[-10,0],[1,-14],[1,-10],[6,-52],[3,-75],[-6,-59],[-1,-10],[-11,-36],[-22,-85],[-6,-29],[-6,-10],[-8,-22],[-17,-29],[-13,-13],[-15,-13],[-17,-6],[-17,0],[-8,-5],[-14,-19],[-17,-11],[-19,4],[-8,-21],[-16,-60],[-9,-42],[-15,-80],[-13,-9],[10,-27],[45,-129],[54,-277],[-28,-56],[-5,-12],[-111,-31],[19,-98],[2,-26],[33,-160],[67,-362]],[[311874,580210],[-2,-4],[-10,-42],[-29,-10],[-27,43],[-19,3],[-18,-37],[3,-68],[13,-51],[-7,-30],[-17,-8],[-18,-53],[-3,-65],[-11,3],[-2,71],[-17,61],[-39,48],[-29,-5],[-12,-56],[-30,0],[-9,-28],[-11,-20],[-7,23],[3,72],[-22,0],[-13,-25],[-15,-38],[-6,29],[-1,41],[-20,77],[-6,68],[-21,52],[-15,38],[-20,14],[-19,-17],[-13,-11],[0,-6],[0,-70],[17,-52],[5,-51],[-14,-66],[-19,-19],[-14,-32],[-33,34],[-38,76],[-32,39],[-14,25],[2,61],[-11,111],[-22,-11],[-16,16],[-7,27],[2,93],[-11,70],[-20,20],[-38,52],[-16,-32],[-6,-45],[-17,-27],[4,-66],[9,-29],[5,-16],[12,-104],[12,-97],[0,-88],[7,-82],[-28,-29],[-32,20],[-30,-47],[-17,-23],[-11,70],[8,197],[-17,7],[-21,16],[-9,-39],[-4,-59],[-18,-36],[-28,-22],[-11,-7],[-1,50],[3,124],[-34,16],[-6,27],[11,70],[2,45],[22,9],[19,-20],[76,-68],[22,-50],[22,-31],[14,36],[-5,63],[11,48],[-21,63],[1,36],[-24,36],[-15,9],[-14,-22],[-6,120],[-28,76],[0,68],[24,12],[10,83],[-11,124],[-21,70],[-24,-17]],[[305867,594038],[21,0],[21,0]],[[305909,594038],[238,3]],[[306147,594041],[78,1]],[[306225,594042],[33,1]],[[306258,594043],[-1,-25],[2,-26],[-1,-11],[3,-18],[1,-39],[3,-3],[7,30],[4,49],[5,17],[-4,-42],[-1,-26],[4,-7],[-8,-16],[3,-15],[-7,-13],[3,-15],[8,3],[-3,-10],[16,-22],[9,34],[13,-53],[1,-22],[-4,-39],[-5,-5],[-3,-23],[4,-12],[-5,-1],[-6,-33],[12,-25],[12,55],[-6,25],[2,10],[5,-23],[0,-130],[1,-40],[2,21],[4,15],[4,25],[11,29],[5,-1],[6,-12],[11,-33],[2,-19],[4,-2],[8,7],[16,-9],[6,-14],[14,-15],[12,0],[5,15],[11,18],[7,3],[9,-12],[17,-15],[13,-5],[8,-10],[2,-6],[3,-3],[2,2],[20,-15],[15,-1],[10,-5],[11,4],[4,0],[8,-4],[13,-16],[16,-11]],[[306601,593503],[8,-13],[2,-1]],[[306611,593489],[-14,-71],[-5,-7],[52,-65],[-3,-47],[0,-102],[6,-19],[-6,-15],[-15,-42],[-5,-31],[-11,-23],[-8,-39],[-2,-9],[15,-59],[22,-69],[14,-18],[11,-21],[11,-40],[-2,-6],[1,-40],[-3,-15],[-12,-21],[-2,-22],[-12,-29],[-13,5],[-3,44],[-5,-3],[-10,9],[-5,18],[-4,3],[-6,19],[-10,14],[-4,-6],[-5,-29],[-10,5],[-4,-21],[-8,-19],[0,-28],[5,-1],[11,-12],[9,-22],[3,39],[14,0],[16,-9],[3,-40],[4,-28],[3,-29],[1,-38],[4,-37],[1,-33],[-2,-42],[-3,-18],[1,-28],[7,2],[1,-51],[-1,-29],[-7,-72],[2,-42],[14,28],[9,11],[26,9],[16,18],[14,6],[17,17],[-54,-97],[2,-10],[0,-40],[2,-34],[6,-86],[-8,-69],[-1,-30],[9,4],[11,-8],[20,-4],[10,6],[14,27],[25,21],[22,7],[-3,138],[2,44],[-1,13],[-7,30],[3,45],[4,9],[3,1],[10,-11],[4,-36],[7,-8],[8,-19],[6,-4],[6,-31],[1,-20],[6,-20],[14,-1],[7,7],[2,-19],[9,-13],[9,-8]],[[306872,592073],[2,-13],[-5,-68],[4,-16],[9,-6],[4,-12],[1,-17],[-15,-56],[-3,-26],[6,-8],[35,-10],[19,-3],[4,-7],[6,-26],[7,-10],[-3,-40],[-6,-19],[-15,-21],[-6,-27],[-20,-113],[-8,-89],[-3,-37],[0,-43],[7,0],[5,-7],[22,-62]],[[306350,590924],[-19,7],[-12,12],[4,40],[9,48],[14,197],[5,124],[-11,-27],[-9,-16],[-10,-27],[-15,-9],[-18,-33],[-5,-13],[2,26],[0,33],[-1,14],[-4,4],[3,34],[-3,37],[1,11],[-16,14],[-52,49],[6,67],[-8,47],[-6,17],[-3,-10],[-25,-75],[-6,-21],[-2,-31],[-17,-12],[-10,6],[-11,30],[-18,25]],[[306113,591492],[0,22],[2,17],[-1,38],[-8,22],[-11,12],[-14,18],[-13,6],[-12,-1],[-7,10],[-15,8],[-12,4],[-7,13],[8,44],[11,29],[21,11],[13,19],[7,-5],[1,9],[2,10],[-6,3],[-5,9],[-9,-20],[-6,6],[-8,21],[-4,-5],[-12,0],[-6,8],[-17,48],[-8,1],[-8,8],[-4,-2],[3,7],[-1,16],[-14,21],[-4,-4],[-9,6],[-1,50],[-3,10],[3,12],[10,13],[9,2],[27,1],[2,25],[-2,22],[-4,21],[-1,25],[5,40],[2,39],[-6,10],[-4,-3],[-4,-24],[-5,1],[-10,25],[-5,27],[-11,45],[-10,15],[0,9],[-6,7],[4,12],[5,20],[0,55],[-2,20],[0,40],[1,11],[-2,27],[4,29],[-9,50],[4,25],[8,25],[3,25],[9,32],[7,10],[24,6],[-4,6],[5,20],[-2,19],[-8,36],[-7,11],[0,10],[10,59],[13,52],[4,26],[3,42],[5,35],[4,17],[-9,7],[-4,8],[-2,36],[-2,13],[-9,15],[-8,7],[-11,19],[-5,5],[-16,-10],[-4,0],[0,37],[-7,37],[6,28],[2,6],[2,18],[4,26],[7,28],[1,9],[3,13],[0,-11],[2,1],[4,87],[0,23],[5,40],[7,21],[4,18],[9,50],[23,44],[26,56],[14,60],[8,41],[-20,-6],[-14,2],[-13,8],[-17,28],[-7,29],[-8,41],[-2,32],[-1,51],[-7,40],[-6,16],[-11,14],[-7,4],[-12,-1],[-8,-6],[-12,-22],[-25,-56],[-10,-14],[-6,-1],[-11,5],[-9,17],[-5,30],[-2,17],[1,36],[3,49]],[[305666,570825],[-5,16],[-11,12],[-12,5],[-8,-7],[-5,3],[-3,29],[-5,7],[0,12],[7,29],[5,8],[3,12],[4,35],[-1,31],[6,42],[1,28],[6,23],[5,24],[2,41],[-2,12],[-9,21],[-4,1],[-4,-13],[-9,14],[-1,23]],[[305626,571233],[2,25],[0,54],[-5,13],[2,15],[-6,48],[2,10],[9,6],[3,18],[6,12],[2,14],[-1,20],[2,26],[10,14],[9,5],[-1,60],[4,42],[8,128],[-5,-3],[-13,-30],[-6,-18],[0,62],[3,39],[0,18],[-7,46],[0,67],[-5,14],[-5,15],[-2,-9],[-8,16],[-6,-27],[-5,-13],[-18,26],[-2,-10],[-13,17],[1,14],[-11,15],[-15,15],[-7,39],[-30,13],[3,41],[-24,-50],[-15,-42],[-7,40],[-30,-147]],[[305445,571891],[-9,21],[4,23],[2,53],[-7,29],[-30,37],[6,33],[4,-8],[6,2],[18,72],[2,117],[6,9],[-17,44],[-6,22],[2,8],[-4,11],[4,2],[2,16],[8,-3],[-3,-22],[14,-16],[17,1],[-4,30],[14,28],[17,3],[1,35],[-9,44],[-6,6],[-8,80],[7,10],[-7,75],[35,78],[11,28],[10,23],[18,-3]],[[306139,566492],[0,-75],[0,-34],[9,-103],[2,-64],[4,-69],[2,-13],[2,-24],[8,-53],[13,-76],[17,-122],[8,-54],[2,-16],[6,-334],[2,-103],[6,-195],[4,-114],[0,-100]],[[306224,564943],[-2,-163],[-7,-225]],[[306215,564555],[-6,-141],[-2,-23],[-2,-40],[-5,-35],[-3,-76],[-2,-63],[-4,-42],[-21,-114],[1,-16]],[[306171,564005],[-25,39],[-6,16],[-20,-27],[-9,-8],[-6,-18],[-9,-51],[-2,13],[2,8],[-10,51],[-3,9],[-5,7],[-4,-3],[-11,-27],[-4,6],[0,31],[-5,24],[-1,4],[-4,2],[-3,-9],[-2,-23],[-8,41],[4,-4],[2,9],[-4,24],[4,13],[-17,38],[-11,21],[-9,9],[-11,34],[-8,4],[-5,23],[-5,-21],[-17,22],[-6,11],[-5,30],[0,24],[5,58],[2,8],[-24,31],[-3,10],[5,153],[0,21],[-4,37],[-14,173],[19,167],[-1,-2],[-11,166],[-2,36],[1,9],[5,21],[6,30],[10,60],[1,9],[7,136],[2,9],[-4,10],[-21,-37],[-9,33],[11,19],[-11,19],[-14,9],[-7,-6],[-4,-48],[8,-22],[-1,-8],[-6,5],[-5,14],[-12,1],[-4,-42],[2,-1],[-9,-108],[-4,-38],[0,-14],[-1,-3],[-1,0],[-12,10],[-3,15],[-12,-4],[-17,7],[-9,12]],[[305427,565550],[5,50],[4,19],[9,7],[7,-12],[7,5],[10,22],[-8,27],[-9,9],[6,48],[20,36],[-7,18],[-15,20],[-9,-1],[-1,20],[1,40],[10,17],[18,49],[15,24],[9,31],[10,62],[6,-41],[2,6],[8,-9],[13,-29],[3,-34],[4,-16],[10,-22],[34,52],[4,22],[12,19],[13,12],[18,11],[10,36],[7,13],[0,10],[16,-2],[19,9],[9,-4],[12,17],[1,60],[3,11],[6,-15],[3,3],[2,33],[9,2],[-5,18],[5,5],[3,21],[-2,8],[7,41],[12,-7],[10,-13],[5,0],[4,-11],[8,3],[4,15],[10,9],[-1,27],[-5,7],[0,20],[3,7],[8,-23],[8,25],[-2,23],[-11,21],[2,12],[-1,45],[-5,3],[5,-2],[1,-61],[8,-9],[10,-30],[12,-2],[3,-23],[-5,-37],[-7,-35],[-1,16],[-4,-6],[2,-20],[-2,-12],[19,20],[6,-5],[17,-40],[-1,-32],[2,-6],[6,7],[5,18],[5,-9],[5,5],[2,-26],[7,-4],[2,-18],[9,-9],[0,82],[2,4],[1,4],[12,36],[37,42],[21,35],[-3,22],[17,-9],[3,4],[6,17],[10,42],[5,9],[-2,25],[-24,65],[-5,4],[-17,-4],[-10,-10],[-13,108],[-2,30],[-2,11],[-16,135],[-6,14],[5,10],[2,-1],[9,-26],[9,-8],[5,-16],[9,-38],[4,-2],[8,25],[5,-14],[8,15],[5,-6],[7,0],[10,19],[9,8],[5,-4],[12,9],[6,-18],[10,10],[16,-25],[-2,-11],[13,-27],[-2,-4],[5,-18],[2,17],[11,-1],[2,-1],[2,-4],[4,-30],[8,-44],[3,-22],[5,-54],[5,-26],[4,-10],[6,0],[10,-13],[4,15],[5,0]],[[307062,580139],[4,11],[5,1],[14,-16],[7,7],[9,25],[10,-9],[8,2],[10,-7],[5,3],[9,29],[0,8],[7,44],[9,24],[4,28],[4,16],[11,21],[16,43],[9,28],[3,30],[10,13]],[[307216,580440],[6,-99],[6,-51],[10,7],[24,-15],[17,19],[18,0]],[[307257,576899],[27,109],[27,112],[-19,11],[-63,30],[-9,16],[15,610],[-5,-2],[-5,2],[1,27],[-1,51],[-6,2],[-14,-32],[-55,-6],[-9,9],[-5,-21],[-7,-20],[-30,-58],[-16,-23],[-36,0],[-11,-26],[0,12],[-7,71],[-3,44],[-1,59],[-5,-9],[-17,3],[-7,-4],[-20,51],[-5,2],[-7,32],[0,10],[-5,-13],[-13,27],[-7,32],[0,8],[4,44],[-3,21],[-54,-102],[-29,-49],[-1,9],[12,33],[-12,18],[-9,97],[-25,3],[0,-20],[-16,-3],[-6,50],[-4,3]],[[306796,578119],[11,22],[-2,11],[-20,-16],[-2,90],[-15,4],[-1,-98],[-8,0],[0,55],[-13,0],[0,63],[-36,-2],[-2,51],[3,89],[0,104],[6,31],[-46,54],[25,13],[16,-10],[11,-30],[8,44],[2,49]],[[300761,568519],[2,-9],[18,-23],[10,-70],[12,-45],[4,-31],[6,-62],[3,-22],[7,-36],[13,-46],[22,-42],[4,-17],[3,-30],[0,-24],[-7,-35],[-3,-32],[3,-15],[15,-18],[-3,-46]],[[300623,567618],[-28,-204],[-36,-101],[-13,38],[-1,27],[5,-7],[-5,29],[-10,17],[4,-19],[-3,-14],[-4,15],[-4,-9],[-3,10],[2,28],[-2,-2],[-7,16],[-1,-19],[-4,36],[-4,-6],[-6,8],[-2,19],[-2,-21],[-5,24],[-10,-1],[-10,28],[-3,4],[-1,-5],[0,-26],[0,-53],[3,-79],[2,-86],[-16,14],[-23,48],[-10,3],[-15,-22],[-10,-7],[-7,-25],[-3,-19],[-27,76],[-4,0],[-13,-30],[-3,-8],[-12,35],[-9,-17],[2,-15],[11,-23],[8,-31],[-2,-11],[-3,16],[-15,-6],[-32,22],[-15,11],[-10,11],[-8,2],[-16,-10],[-5,-8],[-23,11],[0,-75],[-9,5],[-2,-76],[-6,-41],[-10,-5],[-2,0],[-3,-9],[0,-55],[-2,-55],[4,-4],[-3,-58],[3,-5],[-4,-18],[14,-13],[-5,-40],[-3,-2],[-1,-23],[-18,-7],[9,-1],[5,-31],[-16,-37],[-16,-39],[-17,-39],[-24,-59]],[[300417,567433],[14,-15],[-2,-12],[9,-13],[1,37],[1,20],[-1,4],[2,3],[-7,45],[-2,-1],[-1,-20],[-9,-42],[-4,0],[-1,-6]],[[309600,594118],[-229,12]],[[309156,592642],[4,-13],[-1,-27],[13,-57],[13,-33],[-3,-20],[3,-37],[-1,-25],[7,-1],[0,-16],[6,9],[12,-27],[2,-22],[-30,22],[-25,34],[-6,2],[-27,-5],[30,2],[4,-3],[23,-32],[6,-5],[0,-26],[3,-44],[1,-51],[-3,-23],[-12,-28],[-7,-33],[-6,-51],[-1,-51],[1,-35],[4,-39],[0,-22],[12,25],[-2,-144],[21,34],[11,15],[3,41],[4,11],[0,36],[-12,58],[5,36],[0,11],[7,1],[17,51],[-2,13],[3,21],[2,29],[-3,15],[2,13],[5,102],[17,-4],[9,-7],[20,-45],[-8,-43],[-28,-221],[-6,-39],[7,-2],[18,27],[3,6],[31,94],[8,-26],[10,-49],[3,-18],[24,-62]],[[309347,591964],[-5,-21],[-6,-34],[-3,-43],[0,-44],[4,-34],[3,-24],[9,-33],[10,-25],[16,-20],[17,-4],[19,14],[12,23],[25,-106],[5,-33],[3,-37],[-4,-44],[-3,-64],[-6,-49],[-9,18],[-14,44],[-2,-4],[-3,-22],[-12,-36],[0,-9],[7,-37],[1,-21],[-3,-52],[-4,-4],[-10,-42],[0,-16],[4,-17],[0,-31],[5,-26],[-1,-17],[0,-22],[7,-30],[-1,-46],[10,-29],[2,-46],[-5,-47],[15,-12],[9,6],[17,25],[10,20],[19,30],[4,-20],[-3,-58],[-8,-26],[18,-16],[6,-41],[9,-32],[0,-11],[-10,-38]],[[309501,590721],[-13,-20],[-19,-48],[5,-15],[20,-2],[8,-40],[6,-19],[0,-11],[-10,-16],[-6,-25]],[[309332,590068],[-3,-43],[3,-24],[1,-44],[-3,-29],[-8,-26],[-3,-20],[-9,-43],[0,-9],[-1,-64],[-16,-26],[-3,-1],[-33,16],[-5,-4],[5,-34],[5,-20],[37,-10],[5,0],[7,-25],[10,-20],[4,-14],[-9,-32],[-7,-8],[-6,-15],[0,-7],[7,-74],[4,-35],[-15,-28],[0,-33],[8,-31],[-7,-3],[9,-207],[-1,-46]],[[309136,589077],[-13,15],[-7,4],[-6,-5],[-11,16],[-3,30],[-7,27],[-1,26],[-7,33],[-5,-11],[-6,9],[-15,43],[-13,29],[-2,11],[-13,-9],[-23,0],[-6,13],[-10,30],[-18,1],[-1,12],[-27,106],[-2,6],[-24,63],[-5,20],[35,10],[37,12],[46,36],[4,-26],[10,-39],[14,-44],[23,-37],[5,-15],[-65,408],[5,38],[-3,55],[9,-2],[7,162],[-13,-15],[-11,-20],[-6,74],[0,58],[6,62],[-1,45],[-3,54],[-3,20],[1,50],[5,53],[-1,72],[1,14],[8,30],[3,48],[2,55],[-4,67],[0,21],[-10,3],[-3,6],[0,13],[7,0],[-6,24],[-6,10],[7,24],[-3,7],[3,36],[2,55],[-6,-2],[-43,-41],[-6,-1],[-1,48],[3,22],[3,15],[42,100],[26,63],[3,57],[0,12],[7,-12],[1,22],[-7,13],[-2,1],[-3,54],[-21,-27],[-10,6],[-100,39],[-17,36],[-16,-59],[-5,-6],[-12,-37],[-7,-7],[-3,17],[1,11],[-12,-10],[-13,32],[-1,33],[-8,28],[-8,49],[-5,-16],[-6,4],[-19,50],[-5,6],[-16,-2],[-9,2],[-6,13],[-8,42],[-5,3],[-7,-8],[-11,2]],[[308701,591522],[5,55],[2,15],[3,49],[-4,6],[-12,122],[-4,17],[-9,14],[-16,-12],[-27,-34],[-8,-6],[-25,43],[-4,26],[14,139]],[[303971,578342],[28,-48],[1,-54],[17,20],[6,13],[0,7]],[[304023,578280],[2,-12],[14,-9],[-12,-60],[-1,-7],[1,-13],[-52,-30],[-2,26],[-3,11],[2,4],[-7,126],[3,5],[3,21]],[[302245,567337],[3,7],[1,15],[-4,27],[4,9],[-6,14],[-3,21],[-1,41],[7,28],[1,41],[4,13],[7,-1],[0,20],[-3,-4],[-5,27],[0,22],[3,14],[-6,8],[-5,-7],[-1,41],[4,13],[-5,16],[-3,19]],[[302237,567721],[7,9],[16,35],[8,36],[5,42],[5,11],[15,15],[5,30],[5,12],[2,17],[6,9],[-2,8],[5,48],[9,11],[4,19],[-2,25],[3,8],[7,-6],[3,-94],[6,-7],[6,21],[7,32],[10,7],[6,21],[20,60],[10,40],[12,45],[-10,37],[3,23],[5,-18],[20,55],[11,-24],[16,-30],[10,110],[1,36],[-1,23],[15,9],[9,-15],[8,-21],[10,-16],[5,-18],[1,-16],[6,-19],[3,-22],[6,-18],[2,-17],[11,-41],[-5,-38],[-8,-36],[-9,-20],[-9,-33],[-2,-20],[2,-14],[-1,-20],[1,-23],[3,-7],[2,13],[1,37],[9,41],[16,32],[2,66],[9,23],[15,22]],[[302689,567848],[0,-1],[89,-280],[145,-458],[23,-74],[21,-67]],[[302967,566968],[24,-74]],[[302991,566894],[0,-14],[-3,7],[-5,-24],[0,-49],[-13,32],[-16,8],[-8,8],[1,61],[2,26],[-1,25],[-10,3],[-18,12],[-14,-12],[-24,6],[3,-62],[-12,-30],[8,-22],[-2,-33],[4,-23],[-2,-49],[-14,-25],[-9,-8],[19,-71],[3,-20],[0,-68],[-60,-420],[-10,-75],[8,-20],[5,-34],[8,-9],[4,-10],[10,-5],[2,9],[7,-6],[1,-10],[-4,-28],[6,-10],[0,-27],[-10,-35],[-13,-22],[-3,-13],[5,-32],[-7,-41],[-5,-7]],[[302824,565777],[-5,-4],[-5,-23],[2,-29],[2,-38],[12,-59],[9,-42],[4,-24],[1,-33],[-2,-41],[-8,-54],[-2,-10],[-38,-82],[-23,-43],[-22,-34],[-35,-44]],[[303137,585810],[-3,-34],[-1,-8],[-5,8],[-7,-10],[-4,3],[-4,-15],[7,-21],[6,0],[3,-6],[2,12],[4,1],[1,-9],[-2,-28],[-6,-12],[5,-25],[0,-13],[-3,20],[-2,0],[6,-102],[-1,-18],[15,-13],[-3,1],[-11,10],[-6,-106],[2,-28],[8,-40],[7,-43],[1,-4],[-1,25],[6,6],[1,-23],[2,-6],[-1,-20],[0,-15],[-7,-15],[-6,-1],[-1,-38],[2,-25],[6,13],[-1,-29],[9,-52],[4,-5],[3,-3],[1,54],[9,-1],[21,-13],[-1,-23],[10,0],[3,8],[3,1],[0,-31],[2,-11],[-4,-6],[0,-17],[5,6],[0,-20],[1,-18],[1,-10],[2,-32],[4,-10],[17,-11],[0,-31],[-6,1],[0,-30],[18,-1],[1,30],[1,19],[5,-8],[5,-16],[7,-24],[8,-55],[14,6],[4,1],[2,1],[3,-3],[8,19],[5,32],[7,-28],[0,32],[8,-10],[1,13],[9,18],[11,3],[3,0],[6,-4],[3,4],[26,-2],[4,-40],[4,-13]],[[303393,584922],[0,-7],[-2,-30],[11,0],[0,40],[8,-1],[0,-11],[3,-7],[0,-22],[6,0],[0,-9],[5,0],[4,9],[0,26],[8,-1],[5,0],[1,-19]],[[303442,584890],[0,-9],[-1,-32],[0,-19],[0,-16],[7,-10],[5,-16],[9,-13],[7,-17],[1,-14],[9,-17],[-11,-6],[-4,-21],[0,-2]],[[303464,584698],[-16,12],[-28,35],[-7,8],[-6,5],[-2,0],[-11,-1],[-23,11],[-1,-7],[-5,5],[-7,-1],[0,-29],[11,0],[3,-22],[-10,7],[1,-20],[-6,6],[0,25],[-11,6],[-2,25],[-16,-5],[-20,-7],[-8,-8],[0,10],[-4,-2],[-47,-13],[-11,-4],[-21,-8],[0,-14],[-10,9],[-2,0],[-1,-9],[0,-33],[-3,-2],[-1,-9],[-14,-14],[0,-27],[13,2],[0,-17],[-13,1],[-3,12],[-20,-36],[-2,-4],[-5,-10],[-11,-19],[-19,-4],[-3,-26],[-11,13],[-11,7],[2,58],[4,12],[1,38],[3,7],[5,20],[-42,-9],[-14,-6],[-46,-28],[-1,-12],[-8,-24],[-7,-39],[-4,-11],[-5,-34],[-7,-39],[-4,43],[-10,26],[0,24],[7,14],[0,30],[-17,-7],[-14,-6],[-3,1],[-54,24],[-9,0],[-21,-5],[1,-18],[-2,-23],[10,-8],[4,-21],[11,-20],[7,-1],[-5,-10],[-4,-18],[4,-46],[0,-32],[-4,-30],[-1,-34],[2,-7],[-10,-24],[-8,-32],[-4,-47],[-8,-48],[0,-24]],[[304892,582831],[3,-4],[13,-25],[3,15],[-5,16]],[[304906,582833],[4,14],[9,-5],[24,18],[0,15],[18,6],[-1,10],[33,21]],[[305253,581657],[10,-3],[24,-22],[-2,-29],[7,-99],[20,8],[15,-4],[3,16],[9,-13],[0,-50],[1,-42],[-46,69],[4,-59],[1,-50],[1,-18],[14,-92],[7,-20],[8,-63],[4,-6],[-7,-39],[-4,-15],[9,-16],[-2,-12],[2,-13],[-4,-37],[-2,-7],[4,-21],[-5,-25],[2,-15],[7,-4],[0,-32],[-2,-18],[-5,-8],[5,-20],[-1,-18],[10,-16],[0,-19],[-3,-7],[4,-20],[-5,-17],[7,-24],[-3,-20],[-4,-12],[0,-20],[6,-3],[1,-18],[4,-9],[10,-5],[2,10],[7,-9],[2,4],[6,-38],[6,-31],[5,7],[4,-6],[-3,-23],[7,-22],[6,13],[6,-11],[-3,-20],[1,-16],[-5,-11],[2,-14],[-4,-6],[2,-7],[2,-32],[-4,-21],[-2,-26],[-6,8],[0,-17],[-10,8],[-2,15],[4,30],[10,5],[-9,27],[-1,1],[-2,1],[0,2],[-1,1],[-1,-1],[-5,-11],[-7,18],[-2,-23],[-5,-5],[-4,27],[-7,-3],[0,-16],[7,-10],[1,-13],[-5,-7],[-9,25],[-3,13],[-5,0],[2,-22],[-3,-14],[1,-30],[-7,-14],[-6,-17],[-3,27],[-9,2],[-5,-28],[4,-24],[-14,-12],[-2,13],[8,20],[-7,55],[-6,4],[0,-19],[-3,-10],[-5,11],[-5,-2],[-7,-21],[-4,5],[4,55],[10,19],[2,21],[-6,27],[-3,31],[-5,3],[-5,-31],[-3,0],[-5,27],[-4,1],[-11,-13],[-15,3],[-13,34],[-12,4],[-3,27],[-5,-4],[-1,25],[-6,0],[-5,23],[-4,-3],[0,-27],[-3,-10],[-6,9],[-20,18],[-4,14],[-5,37],[2,20],[0,31],[-5,14]],[[303350,577191],[0,0],[10,18],[4,29],[-3,10],[18,59],[10,50],[8,26],[3,25],[0,45],[-3,31],[9,72],[12,35],[5,-5],[-7,-26],[-7,-20],[-6,-28],[-2,-21],[3,-73],[-3,-31],[9,-9],[21,4],[29,33],[29,-15],[9,-8],[2,33],[11,31],[5,27],[9,21],[10,-2],[3,7],[-7,21],[-4,76],[-10,25],[-20,24],[-9,19],[14,28],[26,-20],[16,-15],[13,-20],[45,-77],[7,-13],[44,-75],[-10,-38],[12,-22],[2,-2],[3,0],[-26,-93],[-34,-186],[16,-29],[2,23],[-1,32],[42,0],[19,-12],[2,8],[0,8],[-8,3],[-12,15],[-8,28],[3,25],[2,41],[15,-8],[12,-40],[6,2],[6,0],[0,-4]],[[303696,577233],[0,-5],[8,-11],[5,-31],[-2,-26],[-7,-16],[-8,-4],[-7,-10],[-9,-38],[3,-6],[17,-54],[6,-40],[3,6],[18,15],[3,-31],[0,-13],[-5,-21],[0,-16],[7,-41],[8,-34],[-7,-180],[-26,-9],[2,-75],[-12,-24],[3,-34],[-5,-34],[-6,-3],[-1,-37],[-9,-11],[-1,-3],[10,-28],[21,-41],[-3,-7],[8,-34],[-7,-30],[-3,-40],[-2,-42],[14,-24],[8,-47],[7,-22],[54,-140],[24,10],[-17,-32],[-28,-33],[-17,-10],[-5,15],[-2,-9],[-4,20],[-3,-9],[-2,15],[-7,-3],[-3,12],[-7,-18],[17,-68],[-13,-37],[7,-23],[27,-60],[42,-129],[-7,-45],[-4,-8],[-6,-100],[6,-49],[19,30],[7,-49]],[[304019,573446],[-19,40],[-11,40],[-5,7],[-30,11],[-7,47],[-4,18],[-10,56],[-6,18],[-14,17],[-16,33],[-16,41],[4,43],[-3,18],[4,27],[9,0],[13,10],[7,-12],[0,47],[3,25],[1,20],[-4,37],[-1,26],[1,27],[5,40],[-13,2],[-17,16],[-27,50],[-11,3],[-8,-6],[-12,8],[-16,-13],[-11,-22],[-20,-23],[-4,-12],[1,27],[-2,2],[0,28],[-6,24],[-6,-28],[-5,-4],[0,-25],[-24,4],[-8,-23],[-3,-51],[-3,-46],[-2,-76],[-22,-16],[5,24],[0,34],[-2,34],[1,14],[1,62],[10,41],[-3,33],[4,21],[-1,19],[-4,20],[0,11],[-8,32],[-1,36],[-29,0],[1,60],[-5,49],[-6,36],[-1,53],[-3,15],[-11,30],[-2,57],[1,37],[-14,36],[-5,19],[1,-75],[-37,-10],[-29,10],[-10,43],[-10,-109],[-3,-64],[-2,-27],[-34,0],[-2,-76],[-11,-66],[-3,-20],[-41,1]],[[303343,576397],[1,1],[-1,45],[-1,32],[6,84],[4,49],[1,10],[6,47],[0,40],[0,4],[0,60],[1,53],[-2,28],[-3,21],[-16,59],[-5,23],[-2,20],[-2,57],[0,55],[2,30],[5,26],[13,50]],[[302652,576403],[4,1],[3,34],[0,18],[22,8],[5,-17],[5,-7],[0,-40],[6,2],[2,4],[-1,31],[21,-38],[-1,-8],[7,-6],[6,0],[1,15],[15,-6],[0,-14],[10,-4],[13,-3],[11,11],[22,24],[10,4],[21,8],[4,-4],[13,17],[4,3],[32,25],[17,13],[14,17],[6,8],[-7,7],[-8,35],[5,10],[3,-5],[12,18],[11,-47],[14,13],[7,7],[18,2],[5,1],[2,-1],[17,-16],[1,20],[0,3],[-1,5],[3,-12],[5,-4],[4,-17],[16,5],[12,3],[17,4],[4,1],[1,0],[18,3],[8,2],[2,0],[5,1]],[[303098,576537],[13,3],[4,1],[26,-17],[-2,-24],[8,-13],[-1,34],[17,-12]],[[303163,576509],[12,-8],[31,-19],[8,6],[14,11]],[[303179,576454],[2,-1],[1,-1],[1,-7],[1,-1],[0,-2],[1,-3],[1,0],[0,5],[2,2],[0,25],[1,8],[-4,1],[-7,-9],[1,-17]],[[306611,593489],[3,1],[28,-54],[10,-12],[12,-4],[10,-21],[26,-68],[11,-22],[7,-2],[5,-12],[7,-6],[7,26],[10,-3],[13,-17],[7,-13],[15,-7],[16,2],[10,10],[22,41],[7,20],[8,16],[13,12],[14,-9],[17,0],[8,7],[13,-3],[15,-22],[4,-7],[21,-21],[7,-11],[13,-11],[6,0],[23,-20],[11,-3],[14,1],[2,1],[3,5],[4,3],[12,2],[15,-8],[36,26],[5,-1],[5,-7],[3,-1]],[[307173,592881],[-2,-10],[-2,-2],[-5,-30],[-5,-83],[-2,-43],[-2,-38],[0,-8],[-2,-42],[-4,-40],[13,-33],[16,-12],[-10,-58],[2,-6],[11,-26],[5,-11],[-3,-38],[-7,8],[-3,-38],[-2,-13],[23,-9],[2,4],[7,-25]],[[307203,592328],[-6,-33],[-7,21],[-10,-51],[-16,45],[-6,-22],[-18,-49],[-8,-29],[-6,13],[-7,46],[-5,4],[-12,-11],[-3,-21],[-10,-50],[-39,-136],[-11,-48],[-10,23],[-4,14],[1,15],[-4,25],[-6,23],[-8,-5],[-9,6],[-7,19],[-6,39],[-3,7],[-12,13],[-8,12],[-7,22],[-20,-29],[-1,-32],[-11,-10],[-1,-16],[-8,4],[-1,-24],[-11,6],[-8,-9],[-11,12],[-8,14],[2,-27],[-6,-36]],[[306171,564005],[7,-90],[27,-385]],[[306205,563530],[-11,-73],[-16,-108],[-12,-32],[5,-33],[-7,-59],[-9,-87],[-11,-203],[0,-5],[-8,-230],[-2,-55],[-1,-39],[0,-80],[-7,-10],[-27,58],[-76,91],[-30,59],[-9,47],[-1,47],[12,26],[10,79],[11,34],[14,22],[12,70],[2,26],[5,64],[-5,79],[-21,37],[-12,11],[0,58],[-8,-51],[-3,3],[-27,-20],[-7,-18]],[[305966,563238],[-12,120],[-16,9],[-27,15],[-13,15],[-5,-1],[-19,5],[-50,25],[-38,17],[-34,7],[0,-2],[-8,0],[-6,0],[-60,-1],[-1,1],[-14,0],[-4,1],[-51,29],[-30,12],[-1,0],[-42,15]],[[303970,585127],[-5,8],[-18,24]],[[303947,585159],[4,18],[5,17],[4,-5],[-1,19],[-1,7],[-3,17],[-2,1],[-6,0],[0,11],[8,0],[0,15],[-3,0],[0,23],[5,0],[7,49],[-1,23]],[[301247,573294],[6,5],[2,14],[7,6],[0,35],[10,67],[0,62],[-15,8],[-6,-5],[3,71],[-18,0],[0,29],[-8,-1],[-1,21],[4,23],[-2,33],[1,24],[4,10],[2,-12],[7,13],[1,-13],[3,3],[4,-7],[-2,-13],[5,-3],[1,-47],[4,2],[1,26],[8,2],[3,-4],[10,-40],[7,0],[11,37],[-22,42],[-4,1],[5,31],[19,116],[-13,98],[-1,15],[5,7],[61,109],[3,2],[4,88],[19,12],[5,-48],[5,-22],[3,-24],[6,-39],[7,-23],[9,-14],[1,-34],[3,-29],[0,-21],[7,-30],[-1,-18],[7,-50],[6,-20],[8,-19],[9,-29],[5,20],[1,25],[6,28],[3,3],[-6,61],[-12,104],[25,114],[1,8],[-2,17],[-9,28],[3,29],[1,48],[-3,8],[-19,10],[-6,-5],[-13,14],[-10,32],[-1,32],[-10,14],[2,30],[7,15],[4,21],[-5,46],[-8,46],[2,24],[10,9],[19,49],[14,71],[-1,78],[0,124]],[[301448,574844],[0,9],[7,5],[3,-32],[7,-9],[-1,-14],[12,-37],[8,-12]],[[301484,574754],[7,-11],[2,-21],[14,-28],[0,-23],[9,-22],[6,-30],[5,-9],[1,-21],[3,-8],[5,-53],[5,-27],[7,-15],[8,-3],[6,-29],[16,-1],[8,-31],[38,137],[-5,21],[2,46],[8,48],[1,28],[-2,21],[8,0],[20,14],[6,-34],[13,-10],[6,-33],[0,-24],[6,-10],[6,10],[3,-3],[4,10],[14,12],[7,-94],[6,-41],[5,20],[8,-26],[8,-26],[-2,-10],[-6,-26],[42,45],[-6,-73],[-1,-39],[2,-21],[-19,0],[-2,-17],[1,-18],[4,0],[7,-52],[1,-19],[-4,1],[-5,-11],[1,-21],[13,-2],[5,-55],[1,-21],[-2,-73],[1,-13],[10,-78],[1,-16],[11,22],[7,24],[4,34],[7,4]],[[301479,571709],[-23,59],[-9,22],[-23,86],[-34,108],[-46,140],[-44,134],[-3,12],[-38,116],[-68,211],[-23,65],[-36,112]],[[301132,572774],[4,14],[10,23],[6,22],[23,137],[7,34],[17,116],[12,55],[2,18],[9,5],[4,-14],[1,9],[15,84],[5,17]],[[300810,580549],[-6,-1],[2,-28],[-7,5],[-1,-27],[-6,-12],[1,-19],[-9,-8],[-8,-31],[-13,-4],[0,-12],[6,-17],[-7,-8],[-3,-17],[-4,-1],[2,-22],[0,-46],[-7,-19],[8,-20],[4,-18],[34,40],[4,8],[3,-35],[6,-43],[14,-10],[38,-1],[-1,-89],[13,-1],[3,-28],[5,-6],[-5,-43],[-6,-30],[-1,-72],[-4,-58],[-9,-35],[-2,-20],[0,-28],[4,-37],[-3,-45],[-9,-96],[-2,-75],[-5,10],[-10,11],[-9,2],[-59,-6],[-12,3],[-22,12],[-5,25],[-9,-4],[0,-31],[-2,-3],[-4,-5]],[[309299,579364],[34,29],[24,8],[-14,38],[32,218],[8,-11],[5,3],[-2,33],[2,20],[5,18],[17,36]],[[309530,580217],[0,19],[4,32],[11,17],[4,41],[5,11],[0,42],[2,5],[20,17],[21,30],[6,3],[16,-7],[17,2],[6,8],[14,35],[10,33],[5,33],[2,26],[1,17],[-3,55],[0,46]],[[309671,580682],[12,-11],[26,-42],[21,-47],[31,-9],[54,11],[1,-50],[7,-18],[3,-25],[56,-50],[41,-45],[57,2],[22,-74],[30,-59],[27,-12],[39,-151],[34,-47],[20,1],[16,-49],[24,-18],[17,38],[74,-6],[17,0],[16,-84]],[[310316,579937],[-5,-8],[-8,-22],[-5,-24],[-1,-24],[1,-107],[3,-58],[-1,-26],[-8,-99],[-1,-20],[1,-25],[15,-100],[-1,-72],[4,-40]],[[310310,579312],[3,-31],[-1,-13]],[[310312,579268],[-5,-40],[-1,-27],[2,-19],[-8,-44],[-45,-336],[-5,-34],[-92,-30],[-9,-3],[-338,-114],[-124,-42],[-78,-29],[-5,-2]],[[309604,578548],[-14,-5],[-3,8],[-114,324],[-40,109]],[[309433,578984],[-123,348],[-11,32]],[[303377,561435],[10,17],[31,52],[25,43],[28,57],[59,140],[4,7],[5,13],[5,15],[4,9]],[[303548,561788],[1,-3],[18,43],[34,75]],[[303601,561903],[13,29],[13,20],[8,12],[37,44],[40,49],[12,-28],[2,-12],[-25,-29],[5,-18],[2,-7],[13,-43],[9,-31]],[[303730,561889],[-1,0],[-4,-10],[-13,-26],[-12,-24],[-4,-8],[-43,-88],[-35,-70],[-4,-8],[-34,-80],[-32,-74],[-4,-10],[-32,-75],[-22,-53],[-4,-9],[-5,-15]],[[303481,561339],[-23,-58],[-8,-25],[-3,8],[-9,-17],[-2,-1],[-7,23],[2,8],[-5,17],[-21,69],[-13,-23],[-18,-24],[-1,20],[8,47],[1,21],[-3,27],[-1,-1],[-1,5]],[[310066,574518],[1,93],[2,39],[3,24],[9,42],[3,52],[-1,34],[6,30],[5,15],[26,31],[7,24],[8,14],[15,59],[7,24],[6,38],[25,257],[-77,235]],[[310111,575529],[3,14],[2,64],[-5,25],[1,27],[34,60],[13,72],[14,27],[37,18],[45,55],[38,-9],[39,-37],[51,-84],[12,-5]],[[310395,575756],[8,-110],[10,-70],[15,-71],[28,-78],[21,-48],[20,-66],[14,-76],[7,-134],[13,-80],[6,-19],[3,-21],[-1,-47],[1,-32],[7,-27],[19,-18],[8,-13],[24,-88],[-18,-100],[-12,-17],[-2,-22],[5,0],[-1,-15],[0,-148],[27,0],[1,-172]],[[310598,574284],[0,-303],[-11,-25],[-27,-2],[0,-398],[0,-305],[0,-4],[1,-59]],[[310492,572817],[-6,-12],[-16,-16],[-15,0],[-29,-13],[-20,111],[3,39],[10,2],[9,57],[-6,52],[-27,146],[5,43],[20,1],[0,73],[6,20],[-9,53],[-17,-12],[-5,-23],[-25,21],[-12,65],[-5,76],[-14,65],[-2,6],[-20,-12],[-20,-11],[0,-3],[1,-59],[7,-68],[-8,-102],[-4,-89],[0,-13],[1,-24],[2,-48],[-1,-2],[-9,-41],[-2,-7],[-3,-11],[-5,-16],[1,-16],[4,-88],[-6,-36],[-1,-8],[1,-10],[3,-23],[4,-31],[-11,-29],[-5,-14],[1,-25],[0,-37],[36,-107],[-3,-16],[-3,-15],[-6,-39],[-71,43],[-16,13],[-6,5],[-19,7],[-44,14],[-10,41],[-15,1],[-2,0],[-7,-23],[0,-3],[0,-45],[3,-16],[1,-7],[-4,-6],[-7,12],[-14,31],[-8,47],[-2,24],[-7,-1]],[[310063,572708],[0,20],[6,36],[0,4],[-1,86],[1,23],[17,50],[4,3],[16,4],[12,47],[1,32],[-1,33],[3,34]],[[307627,572734],[3,32],[10,93],[7,26],[14,65],[8,16],[13,17],[8,21],[4,3],[12,-6],[23,-86],[3,-7],[3,-8],[17,-33],[-6,1],[-9,-12],[-7,18],[-17,-5],[-5,31],[3,-35],[0,-20],[-17,-2],[0,-37],[-22,0],[-7,8],[-6,16],[-4,-3],[-2,-44],[-5,-18],[1,-17],[-2,-27],[-13,-32],[-1,-34],[-7,18],[2,25],[-5,4],[4,32]],[[306906,586849],[5,7],[-1,47],[108,-82],[6,-41],[2,-12],[6,-20],[2,-11],[-118,36],[-7,20],[-3,30],[0,26]],[[300690,577951],[-23,-43],[-14,79]],[[308524,593781],[4,-19],[-4,-73],[4,1],[0,-14],[-11,18],[-6,26],[-11,31]],[[308500,593751],[-6,19],[6,13],[2,0],[7,-10],[6,-3],[9,11]],[[309704,577718],[7,-1],[0,10],[4,-3],[0,-9],[-10,-8],[-1,11]],[[305864,589817],[17,3],[13,14],[7,-4],[18,1],[7,6],[6,15],[0,32],[9,48],[12,23],[24,23],[5,-82],[-1,-97],[7,-131],[1,-20]],[[301681,578605],[0,-8],[1,-19],[3,-17],[-17,-23],[-2,-4],[-2,10],[-3,-4],[-7,6],[-4,-10],[-5,1],[-1,-27],[-3,-15],[-3,6],[-3,-8],[-5,-3],[-5,-7],[3,-12],[-4,-9],[-1,-8],[-9,4],[-2,15],[3,42],[-3,24],[-3,-5],[-8,-6],[2,-13],[-13,-13],[-2,-32],[4,-14],[-1,-24],[-4,-70],[-5,3],[-30,14],[-9,5],[0,-27],[-1,-7],[10,-5],[28,-14],[2,-1],[4,-2],[3,-4],[-5,-3],[-2,-12],[0,-49],[-8,-35],[-17,-39],[-2,-13],[3,-35],[14,-45],[6,-20],[2,-4],[3,-9],[4,-19],[4,-16],[-1,-4],[-2,-23],[1,-56],[-4,-1],[-5,0],[0,-77]],[[301272,578348],[3,28],[11,16],[-6,16],[-1,68],[3,20],[14,11],[-5,25],[14,-17],[11,-15],[2,-2],[3,-3],[24,-3],[34,-43],[10,-24],[4,-10],[9,0],[5,61],[5,-1],[1,27],[2,-2],[5,-23],[10,1],[4,-60],[-3,49],[0,31],[0,25],[-1,15],[-2,16],[-2,28],[6,13],[1,32],[4,20],[18,-24],[0,-41],[6,2],[3,19],[0,20],[4,-6],[17,-23],[10,17],[0,38],[11,23],[6,-8],[2,-1],[7,-13],[10,30],[-9,16],[1,22],[16,4],[-2,47],[-6,30],[0,7],[6,-2],[2,-1],[2,4],[4,4],[1,6],[4,2],[4,-1]],[[306591,566903],[7,24],[10,32],[32,127],[21,89],[-2,2],[12,51]],[[306671,567228],[2,5],[2,12],[4,-4],[5,25],[11,-17],[2,-15],[12,-31],[1,-12],[2,-9],[-2,-38],[9,-16]],[[306719,567128],[-8,-32],[-4,-18],[-45,-219],[-14,-69],[-53,-259],[-2,-10],[-3,-11]],[[306590,566510],[-19,34],[-23,47]],[[306548,566591],[8,42],[3,20],[3,48],[5,43],[10,102],[14,57]],[[303448,574281],[7,-71],[10,-306],[0,-50],[5,-18],[12,-10],[2,-8],[3,-60],[3,-20],[22,-87],[11,-56],[3,-43],[9,-42],[-1,-30],[-3,-24],[-1,-26],[2,-33],[3,-31],[6,-33],[4,-50],[-1,-67],[3,-38],[10,-47],[7,-55],[10,-34],[10,-19],[23,-23],[10,-20],[12,-37],[10,-38],[7,-18],[29,-39],[11,-26],[10,-37],[13,-69],[6,-13]],[[303730,572184],[-24,-47],[-7,-20],[15,-15],[25,-30],[5,-17]],[[303436,572685],[-8,25],[3,27],[-2,16],[-11,-27],[-6,6],[-8,36],[-12,40],[11,33],[-7,-6],[-5,3],[-4,28],[-4,10],[-4,27],[-13,18],[13,32],[7,22],[6,3],[5,19],[-5,38],[10,9],[18,41],[-1,19],[1,43],[5,80],[0,31],[-4,99],[-7,0],[-4,14],[-2,32],[5,26],[8,11],[-11,46],[-2,20],[42,127],[22,-15],[-29,127],[-26,99]],[[308582,572821],[23,-15],[5,-14],[-2,-37],[4,-6],[13,19],[2,18],[1,3],[2,5],[2,15],[2,5],[1,0],[3,19],[1,-5],[6,-4],[2,-11],[2,-3],[2,5],[1,1],[9,28],[5,5],[11,-12],[5,26],[5,-7],[-2,-15],[8,-12],[3,18],[-5,8],[0,16],[10,9],[15,23],[14,31],[-4,78],[-4,50],[31,51],[3,9],[2,-1],[2,8],[6,-15],[-5,32],[0,27],[4,4],[0,16],[4,3],[-1,20],[5,3],[0,27],[5,0],[9,17],[0,14],[8,2],[6,12],[6,-1],[5,7],[-4,61],[-5,34],[-7,20],[-51,113],[-5,9],[-27,34],[-4,7]],[[308709,573575],[1,55],[3,12],[8,3],[2,-36],[4,-6],[10,9],[2,13],[12,-6],[1,36],[9,-7],[5,20],[3,33],[9,24],[11,-8],[7,-20],[8,4],[9,-21],[11,-3],[6,6],[2,15],[-1,23],[2,75],[5,1],[9,22],[16,-13]],[[308980,572403],[-4,-35],[-5,-15],[-1,-4],[-9,-14],[-3,6],[-1,3],[-5,17],[0,1],[-4,8],[-3,8],[-8,-3],[-1,0],[-1,-13],[1,-4],[7,-49],[-2,-9],[-12,-7],[-2,-1],[-6,-10],[-11,5],[-7,-6],[-8,-8],[-1,-1],[-11,-4],[-1,0],[-5,-8],[-8,-15],[-10,4],[-7,-7],[1,-18],[-1,-10],[0,-4],[-23,-2],[-6,-1],[-7,5],[-16,12],[-15,13],[-13,23],[-7,28],[-5,18],[1,12],[0,0],[-2,6],[0,2],[-11,44],[-3,-3],[-5,-6],[-10,-11],[-10,0],[-1,-5],[-1,-8],[-5,-8],[-6,-10],[-1,-3],[-4,-24],[-1,-1],[-8,-2],[-1,0],[-4,-20],[0,0],[0,-8],[-1,-10],[5,-22],[4,-24],[0,-2],[-13,-27],[-11,-6],[-16,-1],[-2,0],[-19,-17]],[[308635,572152],[-11,97],[-5,10],[-7,0],[-16,63],[-7,40],[-2,3],[2,5],[2,14],[-4,18],[-9,0],[-7,26],[-5,28],[0,18],[-5,7],[-1,18],[-7,15],[2,17],[13,5],[25,-36],[4,15],[-1,76],[10,22],[-4,4],[-29,41],[15,18],[-12,108],[6,37]],[[305293,576524],[28,28],[4,7],[-6,42],[-3,28],[12,35],[10,41],[3,23],[0,32],[5,34],[7,31],[8,22],[2,23],[20,14],[-3,-44],[9,-7],[8,6],[3,52],[15,2],[3,17],[18,0],[-3,-26],[3,-15],[0,-45],[28,-59],[-4,-27],[-4,-10],[27,-72],[5,-8],[16,-14],[9,-4],[8,-10],[5,-37],[6,19],[8,-67]],[[305540,576535],[-13,-36],[-2,-2],[0,-53],[-1,-12],[4,-185],[5,-4],[3,-22],[1,-17],[-8,-17],[4,-240],[16,-2],[-6,-70],[-7,-39],[2,-102],[1,-58],[7,-357],[8,-434],[0,-1]],[[305554,574884],[-2,-6],[-16,-14],[-7,5],[-12,-26],[-3,-13],[-9,-3],[-4,5],[-13,1],[-10,-11],[-26,-33],[-4,5],[-6,-4],[-4,10],[-13,-29],[-17,-22],[-7,3],[-24,-1],[-12,-13],[-9,10],[-9,-8]],[[307910,573035],[26,-14],[0,0],[28,-16],[15,-10],[5,-6],[0,0],[12,-19],[16,-41],[2,-4]],[[308014,572925],[-11,-55],[-8,-19],[-27,-21],[-25,-10],[-6,-2],[-15,-5],[-9,-3],[-20,6],[-7,-2],[-13,-16],[-10,-31],[-24,-119],[-5,-17]],[[307834,572631],[-15,42],[-6,21],[-9,46],[-21,139],[-11,75],[-2,19],[25,32],[9,42],[12,36],[2,5],[7,-4],[65,-36],[20,-13],[0,0]],[[308580,571655],[6,15],[6,14],[18,27],[41,71],[31,40],[10,12],[12,13],[11,23],[7,3],[4,16],[2,17],[3,4],[4,5],[14,-8],[1,-1],[14,-15],[5,-9],[-6,-21],[-9,-21],[0,-1],[-5,-10],[0,0],[-6,-24],[-23,-18],[-29,-28],[-36,-44],[-31,-43],[-28,-40],[-10,-15],[-6,-2],[-4,13],[4,27]],[[308397,571338],[7,11],[12,13],[9,30],[20,42],[24,47],[14,25],[15,6],[17,25],[0,0],[5,8],[8,16],[3,5],[3,7],[14,24],[6,-3],[1,-15],[-6,-15],[-22,-32],[-25,-39],[-21,-32],[-21,-38],[-21,-40],[-19,-41],[-13,-25],[-7,4],[-3,17]],[[307675,571765],[22,34],[13,6],[6,-4],[-8,29],[-1,45],[7,33],[11,18],[5,41],[12,25],[0,30],[3,22],[1,28],[10,58],[7,-39],[5,0],[13,21],[8,9],[11,-14],[8,-5],[11,0],[14,60],[11,6],[6,31],[0,42],[-6,21],[-3,34],[3,19],[-4,23],[0,29],[-3,60],[3,25],[-6,64],[-6,10],[-6,1],[-3,-9],[-16,10],[2,25],[2,16],[27,62]],[[308014,572925],[2,-6],[29,-76],[-2,-57],[6,-54],[14,-112],[19,-155],[2,-31],[3,-141],[1,-2],[17,-95]],[[308105,572196],[42,-238],[9,-53],[23,-132],[8,-48],[4,-29],[29,-301],[4,-24],[10,-54],[2,-17],[-1,-27],[-3,-20],[7,-66],[7,-37],[8,17],[3,-19],[8,8],[7,33],[0,15],[-8,33],[-4,26],[5,-1],[1,55],[-2,12],[13,31],[-1,24],[8,16],[4,-14],[0,-16],[6,-17],[1,9],[8,1],[6,13],[5,-17],[-2,-16],[0,-31],[7,-24],[8,-3],[3,-14],[7,-5],[14,45],[-3,6],[6,11],[-2,11],[7,1]],[[308359,571340],[-1,-33],[7,-18],[10,-2],[7,5],[3,-4],[1,-14],[-49,-113],[-28,-63],[-28,-67],[-38,-108],[-84,-207],[-57,-120],[-31,-42]],[[308071,570554],[0,8],[-4,10],[-2,56],[-12,47],[-10,45],[-19,86],[-1,8],[-8,-2],[2,17],[-5,22],[-32,109],[-25,46],[-43,65],[-15,44],[-8,11],[-11,-13],[-7,-13],[-1,21],[-4,3],[-38,-114],[2,-11],[-6,7],[-4,-20],[-3,-22],[-8,8],[-6,-5],[-4,-12],[-11,-10],[-8,20],[-2,20],[-4,-15],[-2,1],[-12,45],[-2,27],[-2,1],[-10,-15],[-3,-16],[-6,-7],[-8,-34],[-8,-44],[-6,-16]],[[307715,570912],[-22,144],[-3,22],[7,15],[-13,93],[-3,6],[5,15],[-2,22],[2,15],[-6,2],[-5,25],[-7,8],[-9,-2],[-11,25],[0,28],[-4,28],[-4,13],[-2,17],[-6,10],[4,65],[-4,26],[6,30],[5,39],[12,62],[6,15],[8,43],[1,64],[5,23]],[[303320,578881],[15,-17],[7,-12],[4,4],[6,32],[5,14],[4,18],[19,20],[1,24],[3,10],[8,-6],[11,4],[1,6],[9,4],[-11,-31],[2,-20],[7,-23],[-3,-27],[5,-2],[7,-52],[-9,-48],[0,-31],[-10,-14],[-25,-20],[-4,-94],[4,-22],[-1,-58],[6,6],[-2,-49],[8,-17],[-6,-38],[-3,-24],[-1,-17],[0,-24],[-1,-91],[-10,-102],[-4,-34],[8,-23],[13,22],[15,7],[13,-9],[7,-17],[3,-21],[-1,-16],[6,-39],[-1,-11],[7,-12],[5,-29],[-6,-27],[6,-11]],[[303437,577964],[-8,-21],[-16,-58],[-8,-31],[-9,-63],[-1,-2],[-11,-58],[-8,-26],[-7,-32],[-9,-90],[-7,-44],[-9,-43],[-2,-33],[2,-33],[0,-5],[1,-6],[4,-26],[5,-25],[3,-62],[-7,-98]],[[303350,577208],[-1,2],[-10,30],[-2,1],[-2,-21],[-28,16],[1,14],[-22,17],[0,-18],[-23,-10],[-2,0],[0,7],[-9,-2],[1,-6],[-7,-1],[-1,-1],[-14,-5],[-8,-10],[-14,-21],[-8,-4],[-6,6],[-2,32],[-2,12],[-9,18],[-13,45],[-6,54],[-6,-3],[-17,-25],[-3,-14],[34,-134],[4,-14],[-4,-17],[-17,-79],[-9,-16]],[[303145,577061],[0,26],[3,34],[-3,38],[-4,19],[-1,0],[-1,3],[-8,29],[-8,0],[-11,25],[-5,4],[-17,21],[-8,38],[5,82],[-6,27]],[[303081,577407],[4,5],[17,45],[1,2],[1,4],[4,-20],[29,48],[3,4],[6,-16],[48,78],[2,-1],[5,-11],[13,29],[-2,6],[-6,47],[-3,13],[-17,-28],[-11,94],[-17,47],[-10,-19],[0,92],[9,35],[12,0],[1,2],[0,2],[1,1],[2,1],[1,0],[1,-5],[14,16],[3,23],[22,4],[-5,15],[1,28],[-4,41],[-2,21],[0,58],[-1,19],[0,12],[-2,20],[-7,64],[-1,19],[0,51],[-11,23],[4,44],[-21,82],[-7,22],[-21,86],[-25,62],[-2,2],[9,25],[7,7],[2,10],[8,-7],[5,2],[1,23],[4,0],[7,-16],[0,-21],[3,-5],[7,15],[5,26],[9,2],[5,21],[5,8],[7,-1],[9,7],[9,21],[8,14],[5,12],[3,-12],[9,-4],[4,-11],[6,6],[6,17],[5,2],[14,-9],[8,5],[7,13],[9,25],[4,36],[-6,27],[-1,21],[1,7],[16,30],[10,11]],[[303442,584890],[20,23],[31,33],[7,12],[6,18],[6,43],[9,60],[12,83],[5,20],[7,14],[5,7],[16,6],[16,5],[6,2],[8,4],[18,35],[14,16],[5,0],[9,-5]],[[303642,585266],[49,-30],[2,-1],[1,-3]],[[303694,585232],[-3,-18],[-3,-31],[0,-26],[2,-30],[7,-41],[14,-50],[7,-19],[-3,-12],[-3,-38],[-14,-46],[2,-7]],[[303700,584914],[-68,-127],[-44,-88],[-35,-74],[-55,-112],[-10,-18]],[[303488,584495],[0,53],[-9,0],[2,42],[-5,1],[0,11],[-2,3],[-2,5],[-1,4],[0,36],[2,21],[8,-9],[-4,26],[-12,9],[-1,1]],[[310128,593049],[4,8],[-3,58],[6,37],[31,-26],[26,14],[38,11],[9,16]],[[310239,593167],[4,27],[3,10],[4,3],[19,-6],[10,-14],[7,29],[-3,28],[6,7],[19,63],[17,13],[1,-7],[14,18],[-4,45],[8,0],[0,-11],[6,3],[1,39],[11,-9],[11,-16],[2,-39],[8,-12],[18,-10],[2,-34],[10,-215],[4,-41],[9,18],[6,4],[7,-14],[7,5],[5,49],[16,58],[-11,69],[-2,42],[-2,6],[-28,79],[1,15],[21,195],[0,9],[0,12],[43,16],[2,4],[6,33],[10,4],[24,-2],[45,16],[12,6],[46,16],[28,16],[9,2]],[[310671,593696],[17,-49]],[[310804,592100],[-124,-114]],[[310680,591986],[-3,104],[0,164],[2,126],[-8,42],[-32,-15],[-69,10],[-36,26],[-6,-99],[-7,-48],[-18,17],[-43,10],[-7,12],[9,-195],[-6,12],[-11,-3],[-14,10],[-3,6],[-9,-1],[-9,5],[-11,24],[-7,20],[-5,24],[-10,8],[-8,23],[-18,37],[0,22],[-7,18],[0,14],[4,40],[8,3],[11,33],[-2,22],[-6,23],[-5,30],[-16,-9],[4,-70],[-4,-32],[-3,-54],[-7,-51],[-48,37],[3,-18],[5,-14],[-2,-51],[-8,13],[-11,-12],[-12,22],[-21,-22],[-11,19],[-5,25]],[[310218,592293],[-4,2],[-48,9],[-10,9],[-10,38],[-6,3],[-4,15],[-1,11],[4,61],[-5,6],[4,20],[12,24],[-16,56],[-7,20],[-4,-13],[-18,-20],[-14,8],[-18,21],[-14,5],[-5,-1],[-8,-13],[-7,-3],[1,17],[6,3],[12,93],[3,2],[0,-10],[12,-7],[4,4],[5,-17],[-1,-15],[2,-21],[9,1],[4,11],[9,-1],[4,9],[15,9],[8,24],[0,20],[-4,-12],[-5,17],[3,12],[0,31],[6,12],[-1,23],[4,14],[0,29],[18,33],[2,23],[11,-6],[22,7],[9,-6],[8,10],[7,-6],[6,9],[7,-9],[8,-25],[26,-3],[6,-7],[3,8],[8,49],[-50,56],[-80,37],[-6,19],[-4,35],[-8,26]],[[305276,568169],[39,1],[25,-23],[4,-26],[6,-53],[18,-25],[36,-58],[-6,-41],[7,-11]],[[305405,567933],[-12,-66],[-8,-48],[-82,-473],[-16,-91],[-23,-130],[-29,-170],[-13,-69],[0,-2],[-1,-4]],[[304975,566791],[-1,70],[-12,34],[2,338],[4,524],[12,-13],[10,-3],[6,2],[14,-10],[12,-6],[2,17],[-4,36],[2,56],[3,26],[8,39],[-1,2],[1,35],[11,9],[-2,-9],[12,-7],[18,27],[19,7],[13,17],[11,6],[8,-6],[6,41],[20,-3],[8,8],[40,-43],[10,-26],[2,-11],[-1,-32],[3,-8],[14,2],[6,16],[6,5],[4,19],[5,38],[4,-10],[6,44],[2,10],[2,16],[16,121]],[[310063,572708],[-6,-1],[0,0],[-27,-7],[0,0],[0,1],[-5,13],[-3,6],[-2,5],[-23,-19],[-6,9],[-2,25],[0,0],[0,0],[-7,-3],[-6,-5],[-28,25],[-14,12],[0,0],[-21,5],[-14,4],[-2,0],[-23,6],[-6,1],[-14,-11],[-25,33],[-3,0],[-12,-1],[-22,6],[-2,1],[-5,4],[-12,-3],[-23,10],[-18,-8],[-4,-1],[-6,0],[-1,0],[-12,0],[-2,1],[-10,8],[-3,0],[-17,4],[-5,1],[-31,16],[-22,3],[-1,2],[-11,9]],[[303694,579919],[0,-30],[-5,-66],[2,-48],[8,-1],[0,-21],[2,-51],[0,-32],[6,-44],[4,-55],[-4,-65],[1,-18],[-7,-2],[-15,-30],[-23,-188],[-11,34],[-10,13],[-5,-8],[-11,0],[-4,89],[-15,-19],[-9,-1],[-7,7],[-5,15],[-7,5],[-21,-26],[-21,-14],[-13,-12],[-6,4],[-21,48],[-4,4],[-4,-18],[-1,-44]],[[303488,579345],[-15,1],[-8,-30],[-6,68],[-13,-10],[2,24],[-2,34],[-19,-33],[3,-57],[-13,1],[-3,-7],[-7,42],[4,18],[-2,12],[-9,27],[-12,-22],[-2,15],[-21,-34],[2,-19],[-4,-7],[-1,12],[-8,16],[-3,36],[2,33],[-10,-106],[2,-31],[2,-37],[-6,-29],[-7,-32],[-6,37],[-11,63],[-2,18],[0,32],[-5,33],[-9,40],[-13,35],[-3,18],[-2,39],[-6,-7],[-3,-20],[1,-20],[-6,-9],[-9,18],[-4,-9],[4,-24],[1,-21],[-8,-25],[-6,-32],[2,-33],[-3,-13],[5,-8],[0,-37],[-10,-87],[-24,7],[-3,-22],[5,-20],[-1,-63],[27,0],[0,-49]],[[303245,579071],[-8,16],[-5,-24],[-4,-3],[-7,15],[-22,21],[-4,-6],[3,99],[-15,-1],[-10,76],[2,9],[-4,28],[-6,-4],[-15,2],[-3,32],[-13,-14],[-14,-43],[-2,33],[-24,-5],[-8,71]],[[303086,579373],[-8,14],[-31,77],[-36,47],[-8,7]],[[301756,564400],[5,31],[-2,9],[0,41],[3,25],[-4,74],[-2,9],[-17,43],[-1,14],[0,62],[-2,28],[-6,25],[-1,26]],[[308563,573546],[6,4],[2,-27],[12,-8],[-10,-42],[2,-10],[6,-3],[6,9],[5,47],[4,-2],[9,6],[3,14],[-2,11],[-9,6],[-6,33],[4,5],[5,-13],[10,37],[-1,16],[8,-7],[3,-9],[5,8],[0,-11],[10,-8],[3,9],[8,-7],[4,14],[5,-6],[5,8],[6,-3],[4,37],[7,0],[7,10],[0,-8],[6,10],[2,-11],[7,-1],[3,13],[2,-67],[5,-25]],[[308582,572821],[-7,5],[-1,9],[-4,21],[-4,26],[-11,74],[5,17],[6,26],[6,49],[4,25],[8,21],[-6,25],[-5,49],[-4,26],[-9,52],[-11,74],[-5,12],[-5,89],[-4,3],[5,23],[9,6],[-1,33],[15,60]],[[309659,593388],[-2,-35],[3,-34],[0,-21],[9,-31],[7,-14],[9,-9],[2,-12],[0,-22],[5,-10],[4,-17],[0,-23],[2,-21],[6,-19],[13,5],[6,15],[5,1],[5,-7],[-2,-9],[5,-34],[11,0],[57,-18],[0,-13],[6,-40],[-1,-14],[-18,-68],[-6,-31],[-15,-13]],[[309770,592894],[-9,12],[-27,49],[-46,134],[-2,4],[0,31],[-5,13],[-10,2],[-14,17],[-4,14],[-8,15],[-1,15],[5,37],[-2,24],[-22,59],[12,35],[22,33]],[[307991,594338],[8,13],[3,14],[26,207],[7,43],[23,103],[1,32],[-1,15],[-5,28],[4,55],[10,52],[8,103],[3,63],[9,15],[-6,33],[-5,21],[5,28],[9,18],[6,7],[22,65],[7,10],[11,-19],[21,-17],[3,-36],[2,0],[23,13]],[[308185,595204],[18,-20],[1,-14],[8,-13],[13,-57],[11,-29],[58,-19],[8,-19],[-1,-18],[3,-24],[-5,-64],[-5,-18],[3,-12],[6,8],[6,-24],[10,-4],[5,-12],[8,4],[5,9],[4,50],[21,-5],[29,-13],[-1,-53],[14,-50],[4,-7],[-2,-16],[-9,-12],[-7,-21],[-15,-85],[0,-16],[6,-51],[5,3],[4,24],[8,9],[7,-5],[-2,-17],[-1,-35],[-8,-38],[-7,-18],[-13,-21],[-10,-22],[-9,-21],[-2,-18],[5,9],[2,-21],[-4,-15],[0,-14],[6,-16],[46,47],[26,17],[16,19],[1,-22],[-15,-13],[3,-85],[24,-19],[6,26],[8,-2],[4,8],[4,-73],[10,-236]],[[308495,594050],[-20,-8],[-66,1],[-7,0],[-76,0],[-136,1]],[[301284,567291],[-14,8],[2,15],[1,54],[-3,12],[-1,58],[3,24],[0,24],[0,122],[12,35],[3,56],[1,47],[4,38],[-1,34],[-5,22],[1,28],[-6,24],[-10,16],[-12,31],[-6,33],[0,14],[82,9],[3,-4],[-8,27],[-26,79],[-3,32],[2,0],[3,-22],[20,46],[29,-84],[18,15],[13,-5],[3,-10],[-14,-38],[2,-9],[11,-3],[6,40],[26,-42],[14,4],[0,90],[1,20],[-5,5],[4,37],[2,58],[1,-1],[36,-85],[52,-67],[-7,-34],[7,2],[14,3],[7,-18],[21,-71],[0,-7],[-10,-123],[-1,-11],[-8,-18],[-3,-29],[-6,-56],[1,-160],[1,-6],[34,-182],[5,-24],[1,-28]],[[302628,559894],[1,6],[8,31],[11,-1],[2,-13],[6,-1],[1,-18],[10,4],[4,13],[4,-14],[0,-72],[-2,-14],[7,-4],[1,6],[18,66],[57,-28],[4,22],[1,4],[15,-7],[10,44],[8,25],[-5,-81],[2,-13],[6,30],[16,54],[4,-14],[31,-67],[0,-11],[18,-55],[14,69]],[[302949,559547],[-2,-11],[-21,-82],[-9,-34],[-2,-10],[-10,-40],[-18,-71],[-47,-275],[-19,-112],[-6,-16],[-6,-1],[-4,14],[-8,2],[-8,-21],[1,-31],[-17,-112],[-15,-49],[-41,-131],[-9,-28],[-19,-64]],[[302689,558475],[-3,9],[-43,-5],[9,45],[19,104],[-29,64],[-5,30],[2,11],[4,-6],[9,48],[-3,14],[10,30],[8,169],[3,-12],[-1,45],[1,7],[1,38],[-10,-1],[-5,3],[-22,18],[6,51],[1,39],[3,49],[-1,9],[-4,14],[-7,53],[-4,12],[-17,13],[-6,12],[-9,36],[-1,23],[0,23],[-2,55],[3,32],[9,41],[1,26],[-3,29],[1,46],[6,44]],[[307235,581547],[18,37],[21,42],[14,4],[0,12],[9,2],[-1,11],[4,1],[0,-35],[-7,-12],[1,-45],[1,-25],[-9,6],[0,-3],[-9,-40],[-36,45],[-6,0]],[[303380,585492],[2,-32],[-3,-42],[0,-23],[0,-63],[1,-22],[11,-1],[4,-43],[-7,-4],[-5,-6],[0,-77],[-3,-30],[0,-7],[-1,-19],[17,-103],[1,-43],[-4,-55]],[[304818,563267],[-4,-5],[-7,-12],[-18,-11],[-1,6],[0,69],[-23,42],[-18,46],[-1,1],[-12,-13],[-7,-17],[-9,-20],[-17,-14],[-13,-4],[-2,-2],[-1,-2],[-5,-11],[-23,-51],[-1,-1],[-9,-20],[-5,-11],[-5,29],[-1,6],[-2,15],[-5,95],[-4,114],[0,27],[0,14],[-2,178],[-4,74],[2,39],[-34,-19],[0,7],[-7,83],[-1,30],[-33,22],[-23,253],[5,7],[1,14]],[[306215,564555],[46,15],[10,12],[10,-5],[-6,-186],[-3,-31],[10,-10],[5,-4],[3,44],[3,92],[4,30],[11,-4],[-1,-26],[11,-6]],[[306318,564476],[-3,-30],[-13,-134],[-28,-266],[-2,-20],[-6,-24],[-4,-14],[-3,-11],[-1,-10],[-9,-85],[-17,-162],[-27,-190]],[[303488,579345],[1,-60],[-6,-51],[0,-44],[7,-9],[5,-24],[13,-17],[0,-49],[6,-30],[7,-3],[1,18],[4,15],[6,-12],[3,6],[1,23],[12,19],[16,-19],[6,-10],[14,2],[-4,-15],[5,-18],[5,3],[0,14],[9,13],[9,-14],[11,-2],[2,-6],[2,-24],[3,-7],[10,-9],[4,3],[2,33],[9,4],[-6,13],[1,6],[9,6],[-3,-17],[7,-7],[2,21],[5,5],[6,-12],[-1,-31],[2,-6],[11,21],[1,22],[8,-7],[5,9],[-5,82],[8,4],[21,20],[3,0],[8,23],[4,-14],[10,-15],[6,-34],[3,-1],[4,-27],[7,-16],[5,0],[6,-13],[1,-40],[4,-14],[9,6],[8,-9],[2,-22],[11,16],[5,0],[6,-23],[7,-2]],[[303730,578064],[-13,-8],[-15,1],[-10,5],[-9,17],[-7,22],[-12,59],[-13,24],[-11,-8],[-26,-54],[-13,-9],[-21,-4],[-6,1],[-23,-3],[-15,3],[-12,-3],[-18,-26],[-18,-18],[-14,-27],[-17,-22],[-6,-12],[-14,-38]],[[303320,578881],[0,60],[5,67],[-4,-4],[-11,33],[-10,-1],[-5,34],[-6,5],[0,16],[-7,28],[-6,1],[-5,17],[-10,-22],[-7,-44],[-9,0]],[[305554,574884],[0,0],[0,-1],[3,-60],[16,-65],[11,-52],[6,-12],[16,-26],[22,-4],[1,32],[24,-4],[3,4],[32,-9],[0,113],[4,17],[-5,28],[0,62],[5,17],[6,39],[10,-10],[15,6],[10,-11],[5,47],[-1,11],[4,35],[9,24],[3,34],[-3,26],[11,61],[18,36],[11,-15],[10,-2],[20,-186],[2,32],[6,30],[5,-2],[5,-23],[9,-25],[11,-8],[4,-22],[6,-12],[13,-2],[10,11],[4,-3],[6,10],[-2,47],[-4,24],[-9,35],[-14,32],[-9,42],[2,26],[-1,40],[27,-53],[3,20],[6,72],[-1,14],[11,22],[-2,18],[12,20],[31,-35],[38,-51],[15,32],[7,-8],[4,10],[23,29],[11,6]],[[306049,575347],[4,0],[19,-14],[18,6],[15,17],[9,1],[4,-5],[15,-12],[12,1],[33,16],[19,-10],[23,-29],[18,-18],[-5,-75],[2,-14],[76,-149],[-9,-33],[-13,-60],[-6,-13],[3,-14],[5,-2],[6,-16],[9,-11],[11,-9],[4,-25],[7,1],[5,-11],[4,-26],[5,-1],[5,-16],[15,18],[14,7]],[[306048,578662],[4,6],[13,41],[2,3],[21,3],[20,2],[0,13],[5,12],[-3,21],[-1,56],[3,24],[8,-14],[3,28],[6,27],[9,-17],[6,35],[9,33],[2,26],[5,5],[7,23],[5,38],[1,21],[12,27],[3,29],[-3,13],[4,4],[1,21],[8,0],[0,8]],[[306796,578119],[-16,-34],[-9,-32],[-8,-22],[-13,-45],[-7,-83],[0,-16],[1,-75],[-1,-15],[-7,-79],[-6,-25],[-4,-24],[-1,-19],[-37,-2]],[[306688,577648],[-9,-13],[1,28],[-16,-5],[-11,10],[-6,22],[-3,61],[-12,-3],[-12,5],[-6,12],[3,39],[-1,40],[-11,-11],[-23,-35],[-2,16],[-14,0],[-1,53],[-13,18],[-6,-15],[-1,-28],[-11,0],[0,-47],[-28,-16],[0,-17],[-11,-2],[1,-50],[-4,-1],[-6,-29],[-9,-35],[-4,7],[-7,-29],[-7,19],[-9,-27],[-3,-1],[1,-14],[3,12],[5,1],[8,-24],[-5,-28],[-3,-28],[2,-3],[-6,-23],[-4,29],[-4,47],[-9,34],[-2,5],[-9,11],[-8,9]],[[304017,578366],[-2,-18],[-8,-4],[-1,-5],[-1,-13],[1,-9],[6,-8],[9,-23],[2,-6]],[[310316,579937],[14,-72],[27,25],[72,-12],[53,-34],[41,-15],[63,-73],[102,-52],[22,-23],[7,-45],[-6,-40],[-26,18],[-21,-23],[0,-111],[20,-59],[-14,-90],[-3,-47],[23,-19],[33,14],[5,11],[0,16],[-3,21],[-6,37],[13,3],[4,-28],[8,-29],[11,-11],[0,-13],[-11,-8],[-8,-27],[7,-92],[14,-24],[5,-64],[-12,9],[-9,18],[0,24],[-8,7],[-1,18],[-7,14],[-3,-17],[-18,-19],[-14,-38],[-2,-30],[10,7],[4,-10],[6,1],[-6,-48],[5,-39],[4,-9],[1,-22],[4,-11],[5,-1],[5,-18],[-5,-1],[-16,-3],[-2,0],[-22,-9],[-14,-39],[-17,-25],[0,0]],[[310650,578830],[-11,11],[-4,19],[-11,12],[-4,-11],[-2,31],[-4,18],[1,31],[-6,15],[-12,-2],[-1,18],[-2,-19],[-10,0],[-9,27],[-7,9],[-20,47],[-8,4],[-14,26],[2,32],[-26,48],[-3,-1],[-18,-30],[-4,-12],[-11,-8],[-10,1],[-9,8],[-10,-3],[-6,17],[-4,31],[-7,29],[22,110],[7,17],[10,12],[6,13],[-11,23],[-13,43],[-2,15],[-12,7],[-9,-53],[6,48],[-20,19],[-2,13],[-6,-3],[-3,19],[-3,-4],[-12,-27],[-9,-7],[-8,3],[-19,20],[-4,-1],[-1,17],[-5,-12],[-3,-24],[-4,-8],[-1,19],[-7,-28],[4,-18],[-2,-29],[-4,-1],[-5,-49]],[[309347,591964],[6,16],[9,20],[7,10],[14,9],[17,-3],[13,-14],[12,-26],[5,-13],[3,-13],[12,40],[7,-26],[36,-31],[64,-34],[4,-4],[50,-53],[-3,50],[-9,81],[-5,58],[0,32]],[[309589,592063],[20,-6],[17,-22],[6,-12],[14,-35],[6,-27],[8,-20],[4,-4],[32,-11],[12,-7],[20,-19],[19,-15],[2,0]],[[309749,591885],[-1,-31],[9,8],[7,-2],[11,33],[9,3],[9,-3],[13,-23],[18,-78],[11,-15],[9,-2],[9,-27],[4,-27],[6,-30],[-3,-3],[-12,50],[-5,28],[-6,1],[-4,-12],[4,-25],[-2,-8],[-10,3],[-5,-10],[-6,-36],[-2,-27],[0,-23],[6,-12],[9,-26],[11,-22],[8,-72],[0,-56],[-6,-12],[-6,-4],[-5,6],[-8,30],[8,38],[0,13],[-6,35],[-7,14],[-10,-1],[-4,-18],[4,-21],[0,-49],[6,-33],[-3,-11],[-8,-7],[-1,26],[-5,18],[-9,10],[-4,-2],[-8,-20],[-3,-16],[7,-3],[-6,-52],[-14,-27],[-8,-3],[-4,8],[7,39],[0,26],[-4,13],[-6,-4],[-3,-24],[-17,-34],[-1,28],[-6,17],[-18,2],[-4,-3],[-7,-18],[-12,17],[-6,-10],[0,-31],[-2,-10],[-6,5],[-6,23],[-5,9],[-11,7],[-5,-3],[8,-21],[67,-116],[11,-24],[9,-14],[11,-7],[-2,-45],[12,-8],[-7,-156],[-9,-11],[-13,1],[-12,-10],[-8,-15],[-7,-39],[-7,-20],[-6,-29],[-5,7],[-13,-2],[-11,6],[-7,-7],[-8,-15],[-3,-11],[-6,-46]],[[309628,590827],[-7,-4],[-4,17],[-15,14],[-2,-12],[-5,2],[-5,15],[-4,-1],[-5,-20],[5,-19],[-5,-28],[-3,-60],[-4,-27],[4,-20],[1,-33],[-1,-12],[-16,25],[-16,3],[-13,-8],[-9,-20],[-11,1],[-8,44],[-4,37]],[[310397,591212],[-13,46],[10,18],[3,17],[2,35],[-3,54],[-2,89],[4,43],[1,31],[-5,35],[16,12],[2,5],[12,4],[7,-3],[11,-9],[34,196],[9,48],[31,-7],[-3,19],[26,12],[141,129]],[[310451,590848],[-6,1],[-11,7],[-18,37],[-11,-6],[-8,1],[-13,20],[-13,14],[-7,22],[-10,9],[-16,10],[-5,0],[5,48],[3,8],[12,17],[9,0],[12,18],[4,14],[2,52],[26,58],[-9,34]],[[305279,581877],[0,6],[2,0],[1,36],[0,25],[6,8],[15,22],[2,14],[-7,54],[-14,27]],[[305657,582170],[-2,-83],[21,3],[23,-10],[-15,-103],[-1,-14],[-1,-3],[-9,-59],[-3,-24],[-12,-83],[23,-43],[12,-78],[-3,-3],[1,-6],[-9,-9],[-4,-35],[-10,-7],[1,-18],[-6,-4],[-3,-46],[-1,-66],[1,-9],[10,-32],[7,-18],[3,9],[4,-23],[4,11],[0,26],[8,0],[6,11],[18,9],[4,0],[5,-16],[7,-1],[2,10],[3,-12],[-1,-47],[-7,-18],[0,-12]],[[300024,573766],[8,0],[2,0],[0,0]],[[300511,573758],[3,1],[30,-2]],[[310393,572685],[22,2],[19,-16],[14,3],[25,-34],[-3,-39],[-10,-25],[2,-28],[17,-18],[4,-4],[6,-10],[0,-31],[8,2],[25,-2],[21,-10],[38,-47],[2,-39],[-2,-39],[-7,-16],[-15,34],[-19,21],[-23,18],[-38,39],[-3,3],[-20,17],[-26,23],[-22,23],[-9,32],[-4,55],[-5,61],[3,25]],[[308328,589109],[2,3],[128,256],[-3,16],[-11,115],[-5,74],[4,4],[-2,32],[-5,-4],[50,66],[9,-17],[7,-6],[15,2],[10,-5],[5,-20],[20,-56],[8,-26],[6,-34],[10,-68],[0,-16],[4,-21],[8,-25],[10,-22],[11,-34],[6,-7],[12,-24],[6,-8],[14,-29],[11,-8],[6,-16],[6,-2],[11,7],[9,-12],[7,0],[5,-11]],[[308702,589213],[-1,-34],[5,-37],[11,-15],[11,10],[7,-3]],[[301132,572774],[-113,345],[-24,75]],[[300983,573228],[17,27],[-6,10],[-26,107],[6,18],[0,29],[4,6],[-6,41],[-7,39],[-2,34],[6,-29],[35,68],[24,39],[6,-27],[11,-92],[4,-57],[3,-1],[11,58],[5,39],[2,36],[-1,24],[-10,49],[3,6],[4,-21],[17,41],[4,-12],[-4,-8],[2,-38],[7,-8],[5,15],[6,-26],[4,-5],[14,10],[5,11],[9,42],[33,-49],[22,-54],[8,-8],[5,-54],[11,-40],[14,-12],[2,-8],[0,-40],[8,-77],[7,-6],[2,-11]],[[306258,594043],[60,0],[3,0],[54,1],[22,0],[22,1],[0,0]],[[306419,594045],[121,3],[42,1]],[[306582,594049],[7,-26],[2,-21],[-1,-25],[1,-49],[6,-42],[-1,-27],[3,-40],[1,-31],[7,-8],[3,-10],[-1,-20],[6,-3],[1,-25],[9,-35],[2,-32],[5,-23],[-1,-19],[-5,-5],[-1,-45],[-1,-7],[-8,3],[-12,-35],[-3,-21]],[[310091,591198],[2,9],[7,-17],[6,14],[4,-7],[2,10],[5,-3],[0,24],[9,-1],[1,7],[-7,9],[-3,-2],[-2,19],[2,7],[8,-3],[2,16],[-8,13],[3,25],[6,-4],[-2,16],[7,31]],[[310133,591361],[3,6],[7,-15],[6,23],[1,-21],[11,1],[6,-13],[7,19],[1,-12],[0,-8],[8,-55],[21,-3],[8,-14],[13,-35],[1,-44],[3,-6],[15,23],[17,54],[11,24],[3,13],[3,-38],[24,12],[0,-30],[6,-12],[8,-1],[5,-13],[7,28],[27,-36],[32,-11],[10,15]],[[310410,589690],[-15,16],[-2,12],[-3,-10],[-1,-40],[-4,-14],[-25,34],[-23,-74],[-40,79],[-32,50],[-17,43],[10,44],[3,64],[-16,7],[0,-24],[-21,2],[-28,139],[-14,23],[2,7],[-6,27],[-1,27],[-9,4],[1,26],[5,102],[2,92],[-15,-2],[-22,-42],[-6,31],[-7,9],[-2,43],[-8,-13],[-4,-22],[-6,-3],[-9,8],[-6,18],[-4,-14],[-3,10],[-4,-22],[-3,2],[-2,16],[4,12],[-4,18],[-4,1],[-2,16],[-3,-12],[2,28],[-11,-7],[5,49]],[[310062,590450],[-5,6],[9,104],[1,11],[11,51],[6,29],[25,116],[10,20],[4,40],[6,34],[-2,24],[-6,22],[5,31],[0,33],[-2,27],[-8,24],[-3,44],[-5,35],[-6,32],[-3,47],[-8,18]],[[308187,572844],[71,85],[2,68],[-6,42],[-8,13],[-4,20],[-15,48],[0,21],[-4,14],[0,18],[-7,28],[15,24],[22,50],[17,55],[5,4],[6,19]],[[308281,573353],[12,18],[6,26],[53,1],[5,2],[20,28],[-2,-57],[9,-11],[61,-21],[3,-40],[47,111],[-13,49],[6,18],[1,31],[6,24],[12,36],[11,1],[14,-24],[8,7],[8,-14],[9,5],[0,9],[6,-6]],[[308635,572152],[-4,-4],[-2,-13],[-1,-6],[7,-16],[5,-6],[0,-10],[0,-5],[-5,-22],[-5,-15],[-7,-19],[-6,-16],[-13,-38],[-1,-2],[-8,-16],[-11,-23],[-3,-6],[-10,-18],[-16,-45],[-29,-44],[-10,-15],[-5,-7],[-7,-13],[-18,-37],[-4,-3],[-1,3],[-1,3],[-4,-3],[0,0],[0,-5],[0,-3],[0,-2],[-2,-10],[-6,-37],[-1,-7],[-12,-62],[-35,-106],[-9,-26],[-19,-49],[-25,-54],[-8,-39],[0,-16]],[[308105,572196],[1,10],[-2,15],[5,-1],[-1,-15],[7,-20],[7,31],[-1,12],[13,16],[3,-3],[15,4],[2,15],[6,-4],[-5,19],[12,-5],[5,13],[9,-1],[2,36],[-4,15],[5,13],[1,25],[16,-2],[3,-8],[8,0],[10,-11],[5,18],[-4,19],[-14,13],[3,18],[5,8],[4,25],[4,9],[3,17],[10,27],[-1,23],[8,41],[4,-14],[5,2],[0,13],[7,38],[8,8],[-17,-12],[-3,-1],[-10,2],[-51,48],[-3,3],[-1,45],[-11,18],[-10,97],[24,29]],[[300993,579283],[8,-10],[5,-8],[3,18],[14,42],[28,42],[18,14],[-37,-10],[1,61],[6,-2],[7,41],[-5,11],[3,39],[4,21],[-6,123],[5,11],[15,1],[4,-15],[11,24]],[[301186,578145],[-6,8],[-13,-8],[0,46],[-19,40],[11,92],[1,8],[1,6],[-46,-116],[-4,16],[-6,9],[-14,6],[-8,15],[-4,0],[-22,-24],[-6,-4],[-28,-7],[-7,2],[-23,22],[-1,23],[-5,20],[3,33],[-4,30],[3,4],[-2,42],[1,20],[1,36],[7,42],[17,11],[18,2],[5,5],[13,28],[24,24],[18,47],[22,69],[14,67],[-3,7],[-10,8],[-3,-3],[-14,0],[-19,-12],[0,-28],[-7,-9],[-3,-19],[-13,-4],[-9,-11],[-2,-13],[-9,-18],[-14,-3],[-9,3],[-1,32],[4,40],[6,12],[5,30],[13,32],[-13,36],[-12,2],[-7,-33],[-23,0],[2,43],[-6,31],[3,30],[0,36],[-13,25],[2,20],[6,17],[11,82],[-4,15],[9,111],[-8,2],[7,63]],[[306688,577648],[7,-51],[6,2],[5,-39],[4,7],[7,-20],[0,-85],[3,-37],[18,-4],[18,3],[-5,-8],[-1,-13],[-11,-2],[-3,-71],[-1,-17],[-6,-1],[0,-19],[8,-3],[1,-67],[-16,-10],[6,-10],[-5,-28],[-4,-71],[1,-29],[10,11],[-4,-30],[3,-7]],[[306487,576315],[-6,1],[-6,28],[-6,2],[-3,38],[3,8],[-7,23],[-10,8],[-7,26],[-1,18],[-8,-4],[-8,12],[-1,14],[-19,7],[-10,-6],[-5,2],[-8,-11],[-17,55],[-10,-20],[-2,-15],[-6,-4],[-7,16],[-10,-14],[-8,3],[-5,21],[-4,9]],[[308466,584396],[-2,0],[4,26],[6,18],[-7,45],[-6,26],[-4,26],[-6,18],[-6,12],[4,28],[1,16],[-4,38],[-28,65],[-12,35],[-12,53],[-6,-30],[-5,10],[-11,1],[-16,32],[-3,2],[-41,4],[-5,7],[-47,93],[-5,-29],[-2,-31],[-10,-30],[-6,-8],[-13,-4],[-1,-70],[-11,-38],[-14,21],[-2,-9],[-6,-20],[-9,-30],[-14,-68],[-2,-10],[-10,-150],[-7,3],[-9,-1],[-19,-15],[-6,5],[-17,-9],[-6,-19],[-1,-24],[-3,-53],[-5,-24],[-7,1]],[[308075,584309],[1,9],[-13,5],[-15,15],[-5,16],[5,18],[5,50],[-1,19],[-8,38],[14,182],[-3,14],[-1,58],[-35,30],[-9,24],[-22,5],[-7,98],[13,9],[13,40],[26,39],[14,5],[7,7],[17,3],[10,-27],[8,100],[4,41],[-12,-6],[-9,13],[-8,32],[-3,21],[-4,13],[11,7],[5,47],[8,48],[10,29],[4,43],[-21,33],[0,32],[-22,-6],[-56,-50],[-19,-2],[2,41],[4,25],[6,15],[6,3],[19,38],[51,26],[-2,21],[-39,50],[2,416],[9,46],[1,7],[39,145]],[[303005,567185],[10,-32],[3,-23],[0,-18],[-5,-54],[11,12],[2,27],[16,-25],[4,-15],[12,-115],[3,-17],[15,-48],[19,-44],[19,1],[5,17],[9,2],[12,-10],[7,43],[7,11],[1,-20],[-2,-40],[5,11],[17,62],[11,9],[3,30],[8,21],[35,-39],[9,58],[48,285],[-3,0],[12,35],[3,13]],[[303301,567322],[3,6],[-17,-217]],[[303287,567111],[1,-199],[18,5],[12,-4],[0,-29],[51,-38],[21,-39],[-5,-65],[11,-1],[1,-40],[18,6],[-2,-23],[9,-15],[10,43],[20,-56],[-13,-67],[-2,-13],[0,-35],[10,9],[9,17],[20,-33],[28,-74],[11,22],[9,14],[10,-54],[5,-8],[25,-14],[8,4]],[[303572,566424],[2,-9],[4,-65],[13,-3],[0,-11],[8,-3],[2,-26],[-8,-6],[10,-35],[14,5],[-1,-21],[-6,-12],[4,-44],[-4,-16],[1,-17],[4,-11],[9,13],[27,-132],[-16,-42],[1,-26],[1,-7],[12,-11],[4,-22],[0,-48],[5,-34],[7,-26],[7,-57],[-2,-17],[-12,1],[-12,17],[9,-23],[16,-16],[10,-21],[4,-17],[5,9],[5,-4],[3,-36],[6,12],[13,24],[7,-19],[-3,-14],[21,-51],[-4,-47],[11,-26],[4,-18],[4,-2],[8,-72],[10,-60],[7,-28],[3,5],[23,17],[5,-5],[8,4],[21,-9]],[[303842,565362],[8,-52],[8,-24],[1,-28],[13,-74],[5,-13],[6,-15],[14,-46],[8,-14],[40,-61],[18,-16],[5,-2],[25,-22],[9,-5],[3,-8],[20,-25],[25,-75],[3,-5],[12,-63],[14,-64],[4,-26],[11,-19],[-1,-15],[6,-17],[1,-21],[5,-1],[-7,-10],[-1,-13]],[[304013,563775],[-10,-4],[3,-19],[-12,-29],[0,-17]],[[303994,563706],[-4,13],[-34,106],[-125,406],[-23,63],[-4,16],[-2,8],[-70,224],[-16,50]],[[303716,564592],[-92,292],[-76,245],[-12,35],[-43,137],[-48,155],[0,0],[-87,276],[-54,174],[-5,15],[-1,3],[-4,14],[-1,0]],[[303293,565938],[-19,60],[-22,72],[-8,24],[-55,174],[-16,51],[-21,65],[-28,89],[-69,217],[-33,105],[-31,99]],[[302967,566968],[9,42],[13,46],[9,39],[0,7],[4,49],[2,11],[1,7],[0,6],[0,10]],[[303058,577591],[1,-15],[-10,-51],[0,-13],[10,-24],[3,-16],[9,-11],[6,-23],[1,-22],[3,-9]],[[303081,577407],[-20,-47],[-20,-2],[-3,-20],[-8,0],[-1,1],[-4,-1],[-40,-30],[-13,-10]],[[302972,577298],[-4,11],[-12,6],[0,39],[-11,32],[-19,-8],[2,12],[-1,13],[-16,29],[-2,10],[2,52],[0,22],[0,29],[6,-1],[8,-11],[7,59],[9,1],[4,8],[4,21],[14,46],[3,6],[12,5],[0,-16],[6,-40],[2,-52],[7,-56],[8,14],[3,23],[5,15],[15,6],[-4,104],[12,5],[5,-103],[21,12]],[[302767,578396],[3,-38],[1,-20],[1,-39],[10,-80],[0,-34],[10,-25],[0,-5],[4,-27],[7,-20],[-2,-7],[3,-15],[2,-1]],[[302806,578085],[-2,-10],[-5,-21],[-1,-13],[9,-78],[0,-28],[6,-52],[0,-17],[6,20],[0,44],[3,-2],[16,-38],[11,21],[6,2],[7,28],[1,-1],[0,-6],[8,-34],[2,-35],[2,-6],[2,6],[8,0],[21,17],[-2,28],[0,5]],[[302904,577915],[1,-4],[2,1],[1,4],[2,-31],[16,13],[-13,-10],[2,-28],[-6,-6],[10,-126],[5,-50],[-29,-30],[-6,66],[-3,52],[-39,-29],[-31,-25],[-7,58],[-6,15],[13,10],[-1,25],[-21,-15],[9,-105],[2,-27],[10,8],[4,-56],[2,-16],[-10,-11],[3,-23],[2,-12],[9,16],[5,-23],[9,-29],[-8,-23],[3,-6],[7,-19],[-2,-14],[1,-18],[2,-9],[26,-59],[40,-64],[4,-15],[10,-38]],[[302922,577262],[-9,-8],[-24,6],[-7,-18],[-4,-7],[-2,-4],[0,-9],[-4,-8],[-34,-80],[-23,-53],[22,-22],[4,-3],[4,-8],[8,-45]],[[302853,577003],[-2,-54],[-2,-101],[-7,-31],[-1,-3],[-2,-1],[-4,-11],[-30,-16],[-3,1],[-6,4],[-8,21],[-21,-24],[-1,12],[-4,40],[2,97],[-44,-59],[-5,-5],[-31,-95],[-2,-7],[-21,-49],[-30,-72]],[[304866,582924],[40,-91]],[[306235,567122],[4,14],[9,-3],[3,20],[2,-11],[9,-2],[0,-8],[2,0],[-1,12],[6,3],[1,-11],[3,2],[6,4],[-1,6],[3,2],[2,0],[-1,9],[5,1],[4,2],[0,-12],[7,4],[4,2],[1,1],[19,12],[-6,13],[8,-4],[1,20],[6,-4],[15,-10],[5,3],[10,7],[0,-19],[3,1],[0,20],[6,4],[1,-27],[14,21],[9,5],[-2,15],[18,11],[9,7],[1,-2],[23,-39],[12,-20],[1,8],[15,-27],[-2,-7],[34,-60],[15,-27],[20,-46],[18,-39],[0,1],[12,-25],[12,6],[1,-1],[-3,-14],[1,-3],[-1,-7],[0,-1],[0,-1],[6,-10],[5,-11],[2,-4]],[[306548,566591],[-3,-13],[-1,6],[14,69],[-1,28],[0,20],[-13,27],[2,10],[0,-12],[15,-21],[1,8],[4,58],[-5,8],[-6,-6],[-4,25],[-15,32],[-4,-10],[-11,13],[-4,-19],[-1,-5],[-5,-5],[-20,-6],[-2,-19],[-5,8],[-6,-16],[-12,10],[1,10],[-13,-3],[-2,-13],[-5,0],[-2,10],[-14,-3],[-7,3],[-28,11],[0,-8],[-14,4],[-7,5],[-12,-42],[-4,1],[-3,-53]],[[306356,566703],[-4,-17],[-5,-9],[-9,-9],[-3,-17],[1,-12],[-7,23],[-27,-20],[-1,2],[-9,-7],[-34,-24]],[[306258,566613],[-2,27],[5,3],[-9,86],[9,10],[-1,28],[-8,19],[-9,1],[0,19],[0,42],[-3,112],[-2,44],[3,1],[0,15],[-3,-1],[-1,29],[2,1],[-3,14],[-1,45],[0,14]],[[303591,567198],[-3,3],[-1,7],[-19,29],[-11,15],[-6,0],[-3,-10],[0,-8],[0,-30],[-4,-40],[-28,29],[-17,-95],[0,-23],[16,1],[-3,-9],[-15,-3],[-5,-19],[-17,-42],[-13,-50],[-7,-37],[8,1],[9,27],[10,-8],[43,12],[15,-3],[-1,88],[1,62],[10,-5],[6,11],[-7,-42],[17,-72],[18,1],[8,6],[6,38],[9,-21],[6,-2]],[[303541,566730],[-5,-5],[-6,-16],[-9,1],[-15,13],[-9,26],[-5,8],[-18,13],[-15,25],[-8,-4],[-6,20],[-9,8],[-8,20],[-5,4],[-6,-5],[-16,23],[-7,5],[11,159],[2,46],[-8,2],[0,40],[-6,1],[-65,-3],[-41,0]],[[303301,567322],[-1,27],[-1,76],[1,3],[10,80],[-8,8],[-17,6],[-5,8],[-1,3],[3,42],[3,12],[4,23],[1,10],[0,52],[-10,40],[-3,35],[1,10],[-2,39],[5,53],[-2,22],[-5,13],[-9,5],[4,24],[-2,41],[-4,31],[-8,10],[-13,6],[-19,2],[-12,-5],[-10,-3],[-20,21],[-4,10],[-3,18],[1,19],[4,39],[-1,40],[-4,39],[21,7],[-1,15],[7,3],[-1,32],[6,21],[10,7],[9,30],[10,13],[2,14],[-35,70],[-25,9],[-14,-3],[10,97],[2,37],[-13,10],[-7,10],[-1,-45],[-2,-11],[-11,-24],[-12,-51],[-5,-38],[-17,33],[-2,5],[-26,97],[-5,16],[-2,4]],[[309674,588534],[11,-79],[14,-40],[19,-37],[10,-3],[11,-9],[13,-19],[2,33],[-11,51],[-4,-20],[-15,4],[-6,12],[-7,26],[-2,18],[-6,34],[-1,41],[-7,27],[0,13],[-3,43],[-13,29],[-2,10],[0,14],[9,18],[1,11],[10,31],[6,31],[-1,19],[4,16],[2,55],[7,41],[-6,55],[5,46],[0,15],[-6,58],[0,28],[-10,49],[-3,8],[7,31],[13,-19],[10,-9],[4,53],[20,0],[-2,25],[1,65],[18,8],[7,2],[27,-2],[25,14],[1,44],[-2,20],[-7,19],[-25,58],[8,26],[4,-3],[4,-17],[5,-2],[8,4],[5,-19],[4,-29],[7,-18],[8,4],[18,-6],[10,5]],[[309873,589417],[0,-7],[8,-107],[7,-79],[16,-63],[11,-94],[15,-91],[5,-74],[12,-25],[13,-65],[-2,-61],[-8,-118],[2,-29],[-7,-43],[6,-63],[5,-71],[6,-50],[16,-81],[7,-47],[38,-63],[-7,-51],[7,-76],[3,-47],[3,-97],[0,-103],[9,-4],[13,-5],[33,-40],[7,-70],[5,-115]],[[299939,563055],[-27,12],[3,27],[-6,-1],[6,52],[16,14],[17,46],[-22,190],[-38,337]],[[308014,572925],[7,27],[6,-1],[12,-17],[5,-3],[6,-17],[12,10],[13,25],[9,-20],[12,9],[3,-13],[9,8],[-7,39],[15,2],[-3,71],[15,20],[4,-6],[14,-12],[8,-68],[-1,-28],[6,-8],[7,-32],[6,7],[4,-18],[1,-46],[9,12],[1,-22]],[[308035,584079],[-8,15],[9,30],[4,25],[0,39],[8,12],[-9,41],[3,18],[13,23],[3,13],[10,13],[7,1]],[[309019,581743],[6,-11],[20,-29],[2,-5],[18,-43],[2,-3],[29,-79],[1,0],[56,-38],[36,-159],[7,-90],[6,-67],[0,-2],[7,-86],[1,-5],[6,-40],[24,40],[57,86],[46,46],[18,-84],[35,-67],[0,-1],[47,-48],[28,-63],[22,-18],[24,7],[25,-2],[28,6],[23,-22],[66,-181],[3,-29],[2,-68],[7,-6]],[[309299,579364],[-10,28],[-34,94],[-17,47],[0,1],[-258,496]],[[308980,580030],[1,-1],[0,75],[46,42],[-2,144],[13,2],[34,29],[4,14],[-3,23],[5,4],[2,-17],[11,-11],[13,3],[6,18],[1,10],[0,39],[12,-4],[14,7],[7,15],[45,-88],[-3,67],[-12,15],[-13,21],[3,9],[3,39],[8,11],[8,20],[6,21],[1,31],[7,9],[2,11],[13,17],[1,9],[-8,7],[2,15],[6,-6],[3,8],[3,31],[-6,4],[-2,29],[2,15],[5,8],[4,1],[5,16],[2,28],[-1,15],[0,24],[6,29],[0,14],[-6,25],[-11,18],[-4,11],[-3,20],[7,57],[0,23],[-12,37],[-13,-27],[-4,-32],[-8,-18],[-5,3],[-11,-17],[-12,8],[-8,-5],[-6,26],[-5,10],[-3,21],[-10,17],[-9,-7],[-8,23],[0,17],[2,16],[8,24],[4,16],[-34,-10],[-22,161],[-10,47],[-4,13],[0,32],[14,3],[49,13],[7,36],[3,31],[-10,13],[-19,5],[-5,-3],[-12,-20],[-4,-1],[0,1],[-15,21],[-21,8],[-9,41],[-10,27],[-23,92],[26,103],[1,12]],[[309749,591885],[13,5],[7,21],[15,12],[10,-5],[12,-24]],[[309806,591894],[9,-30],[9,-37],[4,-11],[6,-6],[13,-6],[7,-12],[5,-17],[16,-76],[13,-45],[26,-101],[5,-27],[5,-33],[7,-23],[21,-45],[8,-23],[27,-110],[13,-38],[9,-23],[16,-25],[17,-21],[7,-21],[2,-20]],[[310051,591144],[4,-90],[2,-40],[3,-33],[-19,38],[-5,-21],[10,-71],[2,-69],[-25,-65],[-10,-129],[-40,-111],[-1,-20]],[[309972,590533],[-113,-2],[17,74],[14,20],[5,26],[12,77],[5,23],[-28,4],[0,18],[-6,38],[-7,22],[-8,11],[-7,-1],[-44,5],[-4,54],[0,21],[3,106],[-3,91],[-5,40],[-9,20],[-21,20],[-2,-46],[18,-150],[-19,33],[4,-24],[3,-36],[-12,-28],[-9,-45],[-5,-14],[-9,-103],[14,-14],[9,-57],[31,-61],[37,-30],[0,-94],[-78,-1],[0,9],[-19,25],[-8,-8],[-9,4],[-6,-17],[-12,-4],[-9,11],[-12,7],[-20,-15],[-6,23],[-4,1],[-6,13],[-7,25],[0,39],[-3,11],[2,22],[4,4],[8,33],[0,12],[-8,19],[-10,36],[4,33],[-6,14]],[[302976,568522],[2,-25],[2,-15],[3,-19],[3,-49],[4,-50],[-2,-46],[6,-28],[0,-35],[6,-49],[1,-28],[-11,-5],[-1,-138],[-1,-17],[-12,-94],[1,-1],[19,-25],[-1,-34],[0,-91],[-19,29],[-6,-41],[1,-9],[-7,-7],[-5,-13],[-7,4],[-6,10],[-3,-5],[-6,-65],[-7,-127],[-4,-15],[4,-49],[11,-50],[22,-107],[18,-78],[18,-46],[6,-18],[0,-1]],[[302784,574454],[-16,-72],[29,-164],[-1,-3],[-24,74],[-8,-31],[-4,-41],[-12,26],[-9,-6],[20,99],[-1,22],[-15,-14],[-5,-3],[-20,8]],[[302718,574349],[1,25],[-6,51],[6,3],[13,25],[6,38],[2,32],[2,-1],[5,-19],[5,-27],[12,-4],[20,-18]],[[302739,586570],[5,16],[2,20],[8,-17],[5,-13],[-1,-19],[-5,1],[-4,-19],[-2,4],[-14,3]],[[301238,581909],[5,-5],[9,-28],[7,-12],[7,-1],[7,9],[2,-41],[4,-27],[16,13],[13,15]],[[307278,594050],[12,0],[34,0],[53,0]],[[307718,594047],[5,-80],[1,-43],[-11,-16],[-16,-32],[-16,-17],[1,-68],[-1,-39],[21,-39],[-3,-20],[-11,-29],[-5,-63],[-3,-11],[2,-29],[-2,-29],[3,-23],[-6,-17],[-1,-15],[-6,-14],[-3,-23],[-5,-14],[38,-91],[-71,-112],[-15,-17],[-4,-4]],[[307830,590954],[4,-1],[1,19],[9,10],[4,-9],[6,21],[5,31],[-1,16],[7,16],[-1,8],[-6,4],[-6,25],[-5,33],[2,32],[8,8],[4,19],[-1,26],[5,13],[7,40],[2,-12],[8,-8],[0,-14],[4,-15],[5,-11],[11,-5],[6,-11],[0,18],[16,80],[3,75],[2,14],[15,67],[3,33],[2,18],[0,44],[-4,53],[0,40],[8,34],[0,15],[6,59],[5,28],[5,52],[0,18],[18,63],[10,22],[3,-15],[8,-10],[7,-20],[13,-16],[2,-13],[-2,-76],[7,-39],[7,-2],[12,-13],[5,-11],[9,14],[6,-22],[39,-90],[3,-12],[20,19],[15,37],[7,30],[2,0]],[[308160,591683],[2,-20],[7,4],[15,-8],[23,-42],[13,-14],[10,-21],[10,-51],[-13,-24],[3,-19],[8,-13],[8,-35],[8,-20],[9,12],[9,41],[15,13],[23,2],[10,15],[-2,-24],[-2,-19],[-8,-15],[-4,-22],[-2,-24],[0,-43],[-2,-36],[2,-7],[3,7],[19,28],[28,40],[8,-57],[-61,-253],[9,-41],[2,-14],[7,8],[2,20],[0,29],[50,51],[12,10],[4,-34],[-2,-39],[0,-11],[17,-74],[9,-29],[0,-34],[-6,-64],[-19,-9],[2,-39],[-5,-89],[0,-26],[4,-51],[0,-88],[23,17],[7,11],[9,25],[6,10],[16,12],[7,8],[7,32],[10,-51]],[[308470,590618],[-6,-49],[-2,-11],[-59,-323],[3,-48]],[[308406,590187],[-11,-33],[-4,-32]],[[308391,590122],[-17,-4],[-13,81],[-9,2],[-13,36],[-19,1]],[[308320,590238],[-9,-11],[-9,1],[-10,-5],[-9,-17],[-7,-25],[-9,-1],[-7,10],[-5,-1],[-8,-14],[-17,-3],[-10,-16],[-7,15],[-4,1],[-5,-25],[-7,-9],[-11,-26],[0,-22],[3,-40],[8,-35],[4,-23],[-5,-41],[-2,-6],[2,-29],[0,-23],[-5,-22],[-7,-11],[-1,-36],[-2,-19],[5,-11],[2,-25],[5,-30],[0,-21],[-6,-6],[-1,-14],[3,4],[9,-25],[2,-9],[7,-15]],[[307913,590170],[-1,10],[4,45],[4,31],[3,52],[3,30],[14,88],[4,44],[0,54],[-2,24],[-3,21],[-8,28],[-25,49],[-53,91],[-12,27],[-5,36],[-7,109],[1,37],[0,8]],[[302247,573165],[13,14],[4,-11],[6,18],[16,-20],[3,95],[-20,47],[10,53],[30,-45],[59,-87],[4,-8],[10,-20],[34,-76],[14,-36],[6,-17],[9,-50],[11,-53],[-12,-34],[8,-38],[0,-48],[6,-16],[10,-18]],[[302468,572815],[28,-39],[10,-29],[6,-7],[4,-1],[7,-10],[17,-46],[12,-19],[-4,-23],[0,-33],[5,-17],[-6,-26],[6,-12],[-1,-8],[3,-9],[9,35],[11,-22],[9,-43],[20,-51],[15,-53],[-14,-43],[-7,-16],[-15,-18],[-29,-10],[-4,-3],[-5,-7],[5,-30],[4,-55],[-18,0],[-2,13],[-6,-5],[-6,21],[-12,-2],[-3,11],[-12,-10],[-2,16],[-2,5],[-4,-9],[-9,2],[-4,-10],[1,-11],[5,1],[4,-7],[-13,-47],[-4,-8],[-6,-9],[-25,-30],[28,-13],[17,-55],[9,-22],[12,-44],[8,-47],[0,-33],[-12,27],[-30,65],[-21,8],[20,-56],[15,-19],[8,-17],[11,-9],[8,-29],[0,-12],[-20,-20],[-9,-1],[-6,8],[-8,-13],[-13,-61],[-24,-39],[-11,15],[-8,18],[-9,14],[-17,34],[-21,89],[-6,-31],[-5,-55]],[[308759,595333],[-3,-39],[0,-68],[-6,-18],[-2,-28],[-4,-28],[-3,-5],[-24,-1],[-5,-8],[-2,-47],[-9,-26],[-14,14],[1,33],[-4,33],[2,17],[-3,35],[0,12],[6,25],[-9,16],[-8,3],[-10,-9],[-10,-28],[-12,-22],[-10,-10],[-6,1],[-8,26],[-11,6],[-8,-7],[-6,-20],[-9,8]],[[308582,595198],[9,59],[5,18],[-22,19],[-10,0],[-2,25],[-10,28],[-7,9],[-6,24],[-8,12],[-8,24],[-8,40],[-1,24],[-7,21],[-5,26],[-13,49],[-14,37],[-12,-10],[-3,-2],[-24,7],[-29,-2],[-7,-52],[-2,0],[-11,14],[-5,-1],[-20,12],[-15,26],[-28,19],[-12,17]],[[308391,590122],[5,1],[3,-72],[1,-44],[-6,4],[-12,-11],[-1,-34],[-16,-3],[1,-8],[4,-12],[-15,-43],[-10,-2],[-26,0],[-11,-11],[-18,-9],[-3,68],[2,19],[32,25],[14,35],[-2,85],[9,2],[-22,126]],[[310755,582139],[6,-48],[-3,-13],[23,4],[8,116],[3,16],[8,20],[15,23],[3,-111],[20,-34],[1,24]],[[310839,582136],[7,-7],[15,5],[66,-8],[-52,-176],[-9,-14],[14,-17],[-3,-23],[-6,-4],[-9,-26],[1,-8],[35,0],[15,-64],[-31,-62],[0,-38],[10,-114],[11,-84],[-5,-56],[6,-5],[56,-16]],[[310961,581041],[-19,-14],[-26,-45],[-6,-84],[-12,-47],[-14,-59],[-13,-45],[-16,-18],[-2,-57],[10,-68],[-11,-52],[-16,79],[-21,-11],[2,-52],[-16,18],[-7,68],[2,36],[-14,45],[-10,-4],[-4,-45],[-18,54],[-13,2],[-17,0],[-6,-27],[17,-66],[6,-88],[14,-113],[4,-65],[-8,-28],[-35,37],[-21,36],[-19,47],[-16,75],[-9,34],[-18,74],[-15,-13],[-6,-24],[-47,83],[-25,109],[20,133],[2,120],[-15,38],[-11,-7],[-34,22],[-40,147],[23,68],[16,9],[9,2],[13,55],[-18,29],[-15,44],[-20,91],[5,127],[-3,63],[-14,48],[-43,61],[-20,97],[35,-5],[17,20],[20,1],[22,-35],[35,10],[29,15],[34,-18],[29,-49],[26,-5],[26,10],[9,12],[16,-8],[17,24],[27,60],[15,53],[8,36],[-1,58]],[[305551,584679],[14,24],[35,22],[10,19],[2,-8],[36,-5],[1,-61],[8,-6],[6,4],[8,-32],[1,-37],[18,-43],[7,-3],[-1,67],[-3,1],[0,74],[-8,58],[1,72],[-1,33],[-4,29],[-5,-8],[0,20],[1,31],[2,23],[2,106],[23,-1],[6,-8],[30,-59],[3,-6],[3,-4],[3,-5],[2,15],[-6,7],[36,53],[2,37],[0,10],[-4,68],[8,12],[13,-4],[10,-10],[20,-2],[22,-10],[9,13],[20,29],[-4,-10],[1,-26],[8,-28],[2,-31]],[[305888,585099],[-8,2],[-18,19],[-3,1],[-18,-13],[-6,-29],[-3,-23],[46,-40],[19,-26],[10,-23],[10,-30],[5,-24],[1,-2]],[[309043,594039],[-146,3],[-81,1],[-25,-2],[-67,-6],[-44,1]],[[308680,594036],[0,114],[-2,6],[25,2],[2,3],[10,71],[19,92],[1,17],[0,56],[1,21],[-6,-2],[-26,-48],[-4,4],[-4,-12],[-5,3],[0,-10],[-6,-19],[-3,-22],[-5,-6],[-2,10],[-4,-20],[5,-14],[-2,-11],[-12,-16],[-4,1],[3,22],[14,61],[1,14],[0,32],[-6,35],[-7,29],[2,71],[-1,9],[-11,50],[-11,117],[-3,53],[-14,-2],[-12,14],[-16,-2],[-6,-40],[-8,-21],[-20,-26],[-10,16],[-6,-3],[6,23],[7,33],[-1,18],[5,26],[-4,64],[-17,20],[-14,60],[13,78],[12,39],[20,114],[8,38]],[[304490,568972],[12,-19],[127,-194],[0,3],[18,96],[9,48],[17,59],[3,36],[-3,49],[24,-32]],[[304697,569018],[129,-180],[47,-66],[-18,-77],[23,9],[64,-41],[-1,-2],[-14,-43],[-6,-234],[1,-68],[5,-62],[0,-33],[65,-8],[2,-139],[60,-7],[1,28],[1,99],[3,10],[130,-16],[3,-44],[12,18],[4,20],[39,-13],[29,0]],[[304476,566304],[-2,8],[-5,22],[-2,17],[0,21],[-3,30],[1,61],[13,-46],[5,-8],[19,8],[10,-16],[15,7],[1,152],[11,7],[1,59],[5,33],[1,21],[-3,42],[5,13],[4,36],[10,15],[4,38],[-14,23],[4,216],[7,13],[14,20],[3,28],[13,33],[6,31],[-11,35],[7,22],[-6,20],[-6,84],[-1,93],[-19,5],[-1,7],[0,35],[15,-19],[1,53],[-1,52],[-12,114],[-4,6],[-1,6],[-1,7],[-7,26],[-2,-3],[-3,27],[1,15],[1,64],[0,13],[0,26],[0,15],[7,32],[3,42],[-5,73],[1,42],[6,32],[3,40],[-9,73],[1,56],[-7,1],[-7,23],[-29,83],[-17,61],[17,47],[9,22],[31,60],[-15,13],[-9,4],[-7,16],[-6,26],[-3,22],[-5,16],[-14,16],[-6,12],[-13,28],[-11,4],[-1,21],[-6,27],[4,13],[16,77],[12,85],[1,14]],[[309479,572405],[3,3],[8,3],[10,20],[12,15],[5,8],[4,-1],[3,-2],[1,-1],[4,-2],[3,1],[8,2],[8,-6],[9,8],[2,1],[2,1],[2,1],[11,-2],[1,4],[3,6],[2,3],[14,0],[4,8],[5,9],[3,4],[8,12],[12,18],[7,19],[3,8],[9,18],[8,5],[0,0],[9,10],[9,-8],[7,-7],[1,0],[9,-1],[13,-2],[14,7],[11,-4],[1,0],[11,0],[16,11],[9,-6],[15,-5],[0,0],[0,0],[2,1],[2,2],[3,3],[3,2],[15,-12],[13,-5],[6,2],[3,1],[8,-31],[1,-4],[12,13],[17,16],[16,3],[14,-8],[6,12],[-1,78],[1,17],[1,11],[10,3],[3,-3],[3,-3],[5,-6],[3,-2],[3,-2],[6,-25],[5,-26],[3,-27],[-1,-25],[6,-16],[10,11],[3,6],[5,12],[9,0],[5,-1],[13,12],[11,-2],[1,0],[3,-1],[11,-12],[6,-23],[9,-12],[1,-2],[2,11],[2,10],[-6,33],[-1,41],[5,36],[9,15],[6,-12],[11,-45],[17,-65],[7,-28],[10,-15],[4,20],[11,-8],[5,-18],[1,-23],[-2,-16],[-4,-8],[-16,4],[-16,-2],[-17,0],[-15,3],[-4,3],[-4,2],[-16,9],[-22,8],[-23,8],[-14,5],[-13,2],[-3,0],[-10,2],[-30,4],[-58,-3],[-3,0],[-51,-8],[-9,-2],[-49,-12],[-53,-16],[-7,-3],[-18,-7],[-34,-14],[-41,-16],[-30,-14],[-27,-12]],[[309452,572352],[-19,-9],[0,-1],[-42,-24],[-1,-1]],[[309390,572317],[-2,26]],[[309388,572343],[1,0],[7,5],[12,17],[14,30],[5,14],[8,5],[5,4],[5,4],[4,-2]],[[303293,565938],[2,-220],[-23,-11],[2,19],[-1,29],[-16,108],[-14,1],[-2,-54],[-8,13],[-6,-21],[-2,-21],[-8,11],[-19,18],[-8,5],[-11,16],[-15,57],[-2,14],[0,27],[-20,14],[-14,13],[-23,-1],[-6,-7],[-21,-43],[-14,-58],[-21,-32],[-2,-7],[-14,-53],[-17,-35],[-10,15],[-19,10],[-1,-43],[-10,-5],[-6,2],[-3,9],[-10,42],[-8,18],[-27,17],[-54,-8],[-10,-12],[-8,-4],[-20,16]],[[306286,567750],[-1,-15],[0,-7],[3,4],[3,15],[5,30],[5,42],[4,43],[0,18],[4,100],[5,-4],[6,-4],[13,6],[8,13],[26,64],[10,11],[31,6]],[[306408,568072],[2,-58],[2,-31],[5,-44],[6,-34],[11,-53],[5,-34],[0,-25],[-2,-29],[-14,-61],[-2,-17],[-2,-90],[3,-8],[3,-5],[9,-7],[-2,-15],[13,-5],[35,-30],[4,-5],[2,-5],[3,-5],[-4,-21],[2,-3],[-4,-22],[4,-7],[7,43],[1,-2],[7,-23],[2,7],[2,-4],[-1,-7],[3,-4],[-5,-22],[9,1],[0,-15],[6,-4],[5,20],[10,-18],[7,-14],[9,-15],[0,31],[2,18],[0,2],[4,-5],[8,23],[7,-22],[5,4],[2,-39],[2,-28],[9,-16],[1,-19],[-3,-3],[-1,-3],[-1,-1],[0,-2],[1,0],[0,-3],[-1,-1],[-1,-1],[0,0],[0,0],[0,2],[-1,1],[0,0],[-1,-1],[-1,0],[0,1],[0,2],[0,1],[0,2],[0,0],[-1,0],[0,-2],[0,-1],[0,-1],[-1,1],[0,1],[0,1],[0,2],[0,0],[0,0],[0,-2],[-1,-2],[0,0],[0,1],[0,0],[-1,-1],[0,0],[0,1],[0,-1],[0,-1],[0,0],[1,2],[0,-1],[0,0],[1,1],[0,1],[0,1],[0,1],[0,-1],[0,-1],[0,-1],[0,0],[0,-1],[0,-1],[1,0],[0,0],[1,2],[-1,1],[0,1],[1,-2],[0,-3],[1,-1],[0,0],[4,-9],[4,10],[6,-11],[8,-2],[6,5],[4,-7],[0,-1],[6,-3],[7,25],[4,-8],[5,8],[5,-14],[2,-23],[8,1],[7,-31],[4,-8],[2,-15],[7,-11],[1,-16]],[[306235,567122],[-2,38],[6,19],[3,5],[0,0],[-2,24],[-2,15],[-9,27],[1,17],[3,5],[0,21],[5,14],[1,8],[-2,1],[0,5],[2,0],[0,6],[-1,5],[-1,6],[6,35],[1,2],[1,-17],[5,12],[1,-4],[1,-3],[7,2],[0,48],[-1,17],[-1,11],[-2,19],[-6,31],[-1,5],[25,148],[-11,13],[3,48],[-6,-1],[-1,17],[-1,9],[16,6],[13,14]],[[306590,566510],[-51,-250],[-30,-179],[-16,-118],[-17,-136],[-25,-192],[-11,-79],[-23,-174],[-7,-49],[-19,-8],[-7,-29],[3,-16]],[[306387,565280],[-13,-12],[-5,-7],[-13,-173],[-2,-25],[-1,-16],[-8,-13]],[[306345,565034],[0,9],[-7,-10],[-1,19],[-5,-2],[-7,26],[1,34],[11,139],[1,29],[14,-1],[0,13],[15,-2],[1,27],[5,33],[-2,-2],[-37,9],[-2,40],[-5,68],[3,32],[-1,27],[-6,2],[-2,77],[0,19],[3,-2],[0,21],[6,-3],[-2,13],[1,23],[-4,5],[-1,20],[-3,-1],[2,98],[7,0],[0,24],[9,58],[-4,7],[2,15],[4,-5],[4,26],[5,-6],[4,26],[-2,4],[0,25],[-4,7],[-3,5],[3,19],[-2,3],[1,27],[-3,15],[0,44],[0,16],[0,3],[0,15],[0,18],[1,46],[0,25],[1,98],[1,72],[0,9],[0,15],[1,0],[1,63],[3,7],[-2,63],[-1,0],[3,72],[4,93]],[[303696,577233],[6,4],[6,7],[6,19],[-2,15],[0,5],[38,-44],[47,-116],[7,-17],[9,4],[14,-36],[11,-17],[1,13],[13,-14],[0,-72],[12,-1],[8,-21],[7,-5],[-2,9],[7,-6],[7,-14],[5,-20],[7,27],[17,-22],[2,25],[6,7],[7,-2]],[[303742,578058],[16,-50],[17,46],[-11,-66],[11,-30],[-3,-20],[11,-41],[6,-18],[1,2],[3,-5],[4,22],[11,36],[10,-13],[19,10],[17,-8],[10,19],[9,-29],[15,-7],[7,-12],[2,7],[59,40],[2,10],[8,-29],[8,34],[23,-56],[8,-28],[2,-18],[-2,-19],[9,5],[13,-2],[-1,-9],[12,-48],[1,-12],[-7,-10],[3,-34],[-2,-18],[3,-34],[6,-16],[0,-9],[-4,-37],[-6,-18],[0,-16],[-3,-13],[-8,-3],[-4,-41],[-5,-8],[-2,-17],[-8,-4],[-3,-8],[-4,-31],[-6,-9],[-1,-23],[5,-21],[9,-1],[20,37],[4,-15],[3,-33],[-1,-13],[-12,-32],[-4,8],[-4,-8],[-14,0],[-11,-20],[0,-43],[2,-3],[1,-6],[1,-6],[1,-20],[1,-9],[0,-5],[-2,-6],[0,-3]],[[303350,577191],[0,17]],[[306104,568766],[-4,-12],[-7,-38],[-7,-16],[-9,-1],[-13,10],[-8,-3],[-5,-10],[-4,-20],[-1,-48],[1,-27],[2,-11],[16,-13],[8,-14],[4,-20],[1,-17],[-2,-17],[-17,-20],[-5,-9],[-7,-28],[-4,-30],[-9,-34],[-6,-35],[0,-31],[3,-32],[8,-1],[18,27],[10,9],[6,-6],[2,-10],[-4,-56],[1,-25],[6,-18],[17,-26],[10,-22],[9,-24],[22,-28],[6,-10],[11,-45],[1,-22],[-11,-63],[-7,-92],[15,-50],[3,-19],[0,-21],[-18,-58],[-1,-19],[8,-22],[7,-14],[7,27],[5,-12],[5,13],[8,-1],[6,26],[6,6],[0,-8],[1,-2],[6,13],[5,-8],[6,4],[7,32],[39,17],[3,7],[1,-33],[8,2],[23,20],[0,-28]],[[306258,566613],[0,0],[-8,-6],[-18,-13],[-7,-2],[-3,29],[-3,-21],[-7,-1],[-21,-2],[0,-6],[-16,0],[-15,-4],[-13,10],[-3,-1]],[[306144,566596],[1,6],[-2,56],[-10,61],[-2,10],[-1,17],[7,160],[5,127],[3,58],[-10,36],[0,1],[-6,22],[-7,25],[-14,8],[-3,20],[4,19],[9,23],[1,18],[-9,34],[-7,-5],[-5,-39],[-4,-13],[-7,25],[-3,45],[-5,40],[-3,40],[-5,9],[-16,-21],[-3,4],[-4,8],[-3,26],[3,30],[1,40],[-11,28],[-30,10],[-4,18],[3,22],[5,14],[25,22],[3,10],[1,32],[-8,23],[-12,8],[-11,-12],[-15,-33],[-3,15],[4,58],[-4,25],[-6,15],[-20,-8],[-5,9],[-4,29],[9,115],[-2,57],[6,59],[5,18],[13,18],[2,15],[1,30],[-3,23],[-5,13],[-5,6],[-12,0],[-11,-19],[-7,-20],[-9,-20],[-10,1],[-4,18],[6,62],[-2,51],[-12,28]],[[302685,574327],[7,39],[26,-17]],[[302784,574454],[12,62],[60,-11],[9,-8],[2,4],[6,16],[12,-33],[8,11],[2,3],[6,-16],[-1,18]],[[302900,574500],[4,-23],[4,-8],[29,-21],[16,-53],[17,24],[5,11],[3,-5],[7,6],[12,-13],[16,-35],[3,-10],[1,-1],[12,-26],[28,-133],[6,111],[7,3],[0,-21],[8,-20],[14,13],[-10,37],[-7,17],[-1,36],[-7,15],[2,47],[49,-5],[9,-19],[9,8],[8,-42],[9,-36],[6,-34],[12,37],[3,90],[0,17],[15,31]],[[302918,572865],[-5,16],[0,28],[2,55],[-2,15],[-1,44],[-3,-6],[-4,20],[-1,49],[-5,39],[-11,33],[-8,14],[-10,6],[-25,24],[-3,18],[-12,22],[-3,22],[-16,18],[-6,41],[-5,17],[-5,36],[-11,86],[-6,37],[-9,11],[-5,-34],[-11,-28],[-4,-4],[-31,-3],[7,-29],[-14,7]],[[302711,573419],[-2,21],[3,17],[-3,20],[-65,224],[-2,36],[2,15],[7,5],[-1,-20],[19,-2],[7,40],[3,8],[8,0],[15,-16],[-2,12],[-8,18],[-3,21],[1,7],[77,-42],[2,24],[-21,48],[1,14],[-8,32],[9,15],[15,11],[-23,16],[-9,16],[5,14],[6,24],[-12,50],[-16,68],[-12,67],[-2,18],[4,65],[-7,35],[-12,29],[-2,-2]],[[306509,594584],[-3,-4],[-6,1],[-11,-9],[-18,-41],[-8,-45],[-4,-12],[6,-34],[-4,-22],[-7,-41],[-2,-9],[-7,22],[2,27],[-8,-3],[-6,-12],[-9,-10],[-2,-44],[-8,15],[-13,-2],[-8,8],[-3,1],[-10,-19],[-13,-2],[-15,-7],[-12,15],[-4,-28],[-2,-26],[16,-3],[-1,-42],[-5,-46],[1,-5],[6,-13],[2,-67],[12,-9],[8,33],[7,-10],[7,-1],[-1,18],[-4,-7],[-6,22],[3,11],[-6,21],[3,6],[6,-36],[2,13],[4,-16],[7,1],[0,21],[7,-28],[-2,-11],[6,-4],[3,-14],[5,6],[2,-16],[3,5],[-1,-23],[7,-28],[-5,-31],[-1,-5]],[[304328,577543],[11,14],[1,58],[2,13],[7,48],[6,-5]],[[302429,575198],[14,-53],[2,-8],[13,-31],[0,-59],[5,-83],[10,-48],[1,-13],[-1,-47],[6,-35],[1,-30],[-1,-23],[-4,-17],[-7,-20],[5,8],[19,-20],[5,-16],[3,-3],[11,-27],[1,-16],[5,-9],[7,-2],[7,-21],[10,-18],[8,-32],[6,-56],[5,-26],[16,-54],[25,-10],[7,-13],[9,-31],[4,-24],[14,-48],[16,44],[23,-1],[3,-14],[-7,-16],[9,-12],[6,13]],[[302711,573419],[3,-22],[18,-195],[8,-76],[1,-116],[2,-29],[-5,-5],[-18,47],[-6,9],[-27,24],[-9,13],[-12,73],[-6,57],[-4,94],[-7,39],[-6,21],[-6,2],[-5,-7],[-10,-9]],[[302622,573339],[1,53],[-14,65],[-2,24],[-5,10],[-4,54],[-7,23],[-6,58],[-11,43],[-7,42],[-10,32],[-3,11],[-1,7],[-2,10],[-12,32],[-3,15],[-7,10],[-13,43],[-4,18],[-5,17],[-5,30],[-12,65],[-6,8],[-1,7],[-5,19],[-15,96],[-6,28],[-6,40],[-3,46],[-12,54],[-9,65],[-9,18],[-7,21],[-24,57],[-4,16],[-11,15],[-9,22],[-9,42],[-30,68],[-6,28],[1,14],[-10,34],[-19,21],[-8,16],[16,58],[14,39],[6,23],[9,40],[4,26],[-9,12],[-10,-52],[-4,-16],[-4,15],[-7,-17],[-29,122],[28,15],[-7,24],[-8,45],[-7,25],[-13,32],[8,10],[6,25],[-14,48],[2,12],[-24,7]],[[305540,576535],[2,5],[56,132],[17,5],[-13,14],[3,15],[9,24],[7,10],[5,1],[3,8],[2,24],[3,6],[4,-9],[7,5],[19,6],[27,43],[6,-43],[3,-56],[19,8],[20,-36],[13,-48],[8,-15],[30,-54],[38,-66],[19,-23],[4,13],[-7,1],[0,55],[-19,11],[2,96],[-15,0],[0,103],[38,-5],[15,46],[18,-66],[9,67],[14,41],[5,52],[14,57],[10,56],[4,41]],[[306170,576699],[-16,-34],[-3,-14],[1,-24],[3,-36],[0,-7],[-3,-16],[11,-39],[18,-24],[1,-27],[-5,-37],[-1,-50],[3,-25],[-6,0],[-14,19],[-11,44],[-38,-48],[4,-35],[5,-29],[-19,-39],[-7,3],[-9,-7],[-10,-43],[-5,8],[-15,-54],[-8,3],[1,-59],[-11,0],[-30,-22],[-8,59],[-2,-1],[-14,1],[-1,-46],[-20,2],[2,45],[-5,0],[-6,-86],[0,-33],[-2,-22],[3,-4],[2,-6],[25,-119],[4,8],[16,-18],[15,-40],[8,-55],[-15,-13],[-16,11],[-15,-13],[-6,-11],[-10,-10],[-10,2],[-5,-22],[15,-26],[-1,-3],[-17,10],[-3,-62],[0,-14],[11,-29],[6,2],[38,-81],[4,-5],[22,-38],[27,-62],[1,-81]],[[305966,563238],[-8,-21],[-2,-76],[9,-42],[-6,-43],[-13,-4],[-23,25],[0,1],[-93,82],[-8,9],[-26,30],[-8,9],[-9,7],[0,0],[0,0],[-36,24],[-26,17],[-30,20],[-33,22],[-17,11],[-51,22],[-16,3],[-59,12],[-52,10],[-161,-17],[0,0],[-2,3],[-11,21],[-1,22],[-1,0],[-8,4],[0,0]],[[303058,577591],[3,3],[-1,15],[0,13],[2,19],[-5,31],[-16,83],[-14,48],[-7,14],[-15,-12],[-8,77],[0,6],[-1,0],[0,13],[-11,30],[-28,45],[-9,14],[-4,8],[-2,6],[11,8],[-5,11],[-3,36],[-2,5],[-3,49],[-4,20],[-3,-3],[0,-66],[-11,-11]],[[302922,578053],[-2,7],[-9,58],[8,37],[-5,14],[-1,27],[-6,-7],[-8,9],[-1,5],[-2,16],[0,4],[-8,-10],[-4,-12],[-4,-4],[-7,-11],[-2,-2],[-6,-10],[-6,-13],[-2,-34],[-7,-12],[-6,-16],[-8,-17],[-9,1],[-8,0],[-13,2]],[[307002,572825],[1,105],[80,140],[-1,10],[-2,9],[4,14],[1,2],[11,-14],[56,93],[9,-30],[-11,-33],[-1,-55],[7,19],[22,10],[9,20],[5,-9],[4,41],[24,-33],[16,-62],[-7,-10],[-13,-10],[0,-47],[13,-6],[9,20],[7,8],[5,16],[-1,22],[6,11],[5,-2]],[[307260,573054],[-3,-40],[2,-42],[0,-66],[5,-30],[16,29],[22,12],[6,-83],[-6,15],[-5,-42],[4,-34],[6,4],[9,-32],[-2,-28],[2,-33],[-5,-25],[-1,-32],[-2,-6],[-1,-25],[21,-27],[-7,-71],[13,-5],[4,61],[29,-52],[-6,-140],[15,17],[7,19],[7,30],[5,34],[5,-3],[12,-39],[-20,-59],[-12,-39],[-14,-46],[-5,-1],[-6,-5],[-2,-40],[-49,-166],[4,-2],[4,7],[14,-18],[2,-7],[-2,-38],[-4,-22],[-3,-35],[1,-28],[13,1]],[[307333,571922],[-11,-174],[-52,-153],[-20,-61],[-9,-30],[-28,5],[-12,-11],[-6,-26],[-12,-12],[0,-30],[-10,-8],[-7,2]],[[310719,573765],[0,0],[5,15],[3,-7],[40,14],[31,128],[-6,16],[0,27],[-5,19],[-3,-11],[-8,-4],[6,24],[-8,18],[-3,3],[-4,9],[-5,15],[9,-22],[3,17],[-1,5],[0,7]],[[310773,574038],[2,-11],[0,-11],[3,-10],[35,-88],[20,-46]],[[310833,573872],[-15,-10],[-1,-10],[-5,-70],[-23,-170],[-11,-83],[-1,-8],[-1,-6],[-10,-54],[-15,-36],[-3,-7],[-3,-86],[-21,-71],[-15,-27],[-3,-71],[-8,2],[0,37],[-8,50],[-16,11]],[[310674,573263],[-2,67],[-1,28],[1,68]],[[307820,575217],[161,490]],[[307981,575707],[286,-172],[26,-15],[8,-140],[43,-64],[8,-5],[8,18],[11,11],[3,-31],[3,-155],[0,-2],[2,-79],[-1,-14],[4,-5],[5,-26],[8,15],[37,1],[16,17],[58,-5],[0,-29],[-1,-199],[6,-33],[17,-50],[5,11],[75,-35],[3,-6],[0,-38],[7,10],[8,39],[16,64],[38,38],[38,10],[37,65],[26,28]],[[308779,574777],[-1,-70],[0,-10],[-2,-246],[-1,-145],[-2,-258],[186,64],[5,2],[-1,-4],[-1,-3],[-1,-5],[-2,-2],[-1,-5],[-1,-8],[0,-5],[-52,-141],[-5,-17],[-17,-30],[-11,-43],[-4,-30]],[[308281,573353],[-8,28],[3,47],[6,51],[-11,22],[5,40],[1,11],[3,-4],[5,23],[-5,51],[1,24],[6,1],[7,-4],[-1,12],[-55,221],[-1,9],[-9,118],[-16,6],[-35,96],[-1,1],[-60,-156],[-32,-72],[0,66],[-4,61],[10,45],[15,-35],[10,49],[-44,168],[-4,-29],[-8,-16],[-11,53],[-8,23],[-9,12],[10,37],[8,23],[2,107],[0,16],[-20,52],[-38,-97],[-61,218],[-3,34],[1,66],[13,12],[-36,111],[24,139],[10,-13],[16,1],[9,-11],[-17,28],[-15,25],[-68,115],[-46,79]],[[309690,577324],[28,74],[3,3],[44,-62],[25,60],[2,10],[-3,47],[13,2],[10,-7],[2,23],[-5,15],[-5,44],[7,72],[4,-3],[16,44],[8,-22],[7,-8],[21,8],[21,-66],[14,-104],[3,17],[11,15],[-3,12],[0,47],[-3,28],[-7,24],[2,8],[21,25],[-1,22],[3,15],[-1,42],[1,18],[5,-3],[5,10],[8,-6],[12,9],[11,-20],[-1,-9],[6,-27],[3,10],[12,-22],[8,-2],[16,10],[14,12],[18,22],[17,36],[12,28],[29,56],[14,31],[11,35],[12,47],[6,21],[8,19]],[[310174,578011],[11,7],[20,-2],[41,-18]],[[310246,577998],[1,-101],[22,-9],[39,36],[31,-27],[11,-73],[15,5],[10,-2],[17,-3],[9,61],[0,44],[-9,40],[-4,23],[25,61],[23,-25],[10,18],[12,-11],[5,-41],[-2,-31],[11,-25],[33,-111],[10,-64],[10,27],[13,37],[10,-55],[-18,-54],[-12,-73],[-16,-68],[-18,-100],[-7,-122],[-18,-46],[-5,-90],[-9,-48],[-22,-7],[-37,-22],[-2,-4]],[[310384,577138],[-2,29],[-20,18],[-7,-26],[-12,14],[-10,-16],[9,6],[1,-10],[-6,-21],[-11,0],[-4,-18],[1,-10],[-7,-4],[3,-25],[-9,14],[-4,-10],[-21,29],[1,-9],[-9,-3],[-11,4],[-10,28],[-4,-2],[-3,25],[-7,29],[-6,2],[-4,30],[-1,27],[5,67],[4,18],[2,36],[-2,37],[-20,-28],[-8,-40],[-4,-54],[-14,-151],[-17,-67],[-4,-10],[-21,-29],[-3,-11],[-15,18],[-17,-12],[-4,4],[-6,31],[-10,16],[-15,-7],[-15,-23],[-8,-12],[-7,-2],[-13,11],[-16,39],[-7,21],[-8,38],[-8,19],[-1,-28],[-13,48],[1,20],[-3,18],[-11,-18],[-8,-45],[-11,-33],[0,-18],[-7,-33],[-9,-16],[-11,-2],[-3,-23],[8,-47],[-34,-71],[-19,-33],[-22,-41],[-97,189],[-43,213],[-23,-53]],[[309694,577175],[-4,149]],[[307333,571922],[16,254],[22,-117],[160,15],[-5,-28],[-6,-56],[-2,-91],[14,-10],[7,0],[46,-46],[12,-44],[5,-3],[10,7],[11,-24],[52,-14]],[[307715,570912],[7,-31],[34,-98],[0,-11],[-5,-13],[-143,-78],[9,-62],[12,9],[1,6],[10,-114],[12,0],[6,-12],[1,-13],[-7,-16],[16,-9],[6,-42],[-7,-29],[-11,-12],[2,-16],[8,-4],[2,-29],[6,7],[1,-31],[-9,-28],[4,-21],[-4,-10],[3,-42],[-11,-51],[1,-46],[-4,-4],[2,-12],[-1,-34],[3,-28],[-15,-25],[-1,13],[-8,5],[4,-40],[-66,-109],[-12,-21],[0,-63],[-13,-26],[9,4],[1,-23],[-8,-14],[-3,1],[2,-14],[-4,-16],[-6,-72],[-5,-10],[-11,-46],[1,-3],[0,-3],[5,-21]],[[307529,569555],[-26,-56],[-40,-89],[-79,-187],[-23,-56],[-12,-27],[-45,-110],[-33,-92],[-71,-201],[-101,-316],[-5,-10],[-10,1],[-9,1],[-5,35],[-2,-2],[-15,25],[-13,15],[-2,12],[2,42],[-8,-4],[-7,2],[0,8],[-2,10]],[[308174,579668],[14,-55],[6,-45],[3,-55],[3,-16],[6,-8],[11,12],[9,-29],[2,-19],[0,-28]],[[308228,579425],[-9,19],[-4,-12],[-3,-26],[-4,-16],[6,-21],[5,-5],[0,-16],[5,0],[2,-12],[-6,-6],[-6,-38],[9,-21],[-2,-27],[3,-11],[5,22],[8,-2],[-3,-36],[1,-19],[7,-10],[2,-15],[-13,-5],[-2,-19],[6,-2],[4,-26],[-1,-15],[-9,3],[-4,-7],[4,-12],[5,2],[2,-14],[-5,-5],[-5,-31],[7,8],[9,-1],[0,-9],[-4,-15],[-13,-7],[-4,2],[-2,-23],[3,-19],[-14,51],[-11,-26],[-1,-3],[-5,-20],[-2,18],[-13,-10],[-5,-20],[-14,-7],[-4,-13],[4,-20],[14,-31],[-10,-5],[-7,-14],[-10,-25],[-16,13],[-3,-2],[-18,-34],[-7,-32],[6,-26],[-67,-81],[-68,52],[-20,-103],[-23,-17],[-34,-63],[0,-21],[-6,-13],[-8,-5],[-14,-32],[-4,-44],[-63,59],[1,-4],[-21,-71],[160,-339],[121,-255],[0,-1],[6,-12]],[[308066,577822],[-2,0],[-6,2],[-3,-24],[-63,18],[-46,23],[8,128],[-4,5],[-32,-119],[-16,9],[-9,56],[6,73],[-43,90],[6,-183],[1,-17],[-95,49],[-12,-44],[-1,-35],[6,4],[-5,-36],[-10,-14],[-5,-21],[-1,-26],[-4,-31],[2,-18],[6,-27],[-2,-14],[1,-34],[-1,-21],[13,-3],[22,-25],[17,-16],[-16,-53],[-13,-33],[-6,18],[-1,21],[7,31],[5,13],[-5,11],[-3,-1],[-2,-23],[-3,-2],[-8,17],[-5,-15],[-1,-9],[-8,-17],[-3,13],[-11,16],[0,8],[-7,14],[-5,36],[-4,9],[-5,-13],[-13,8],[-8,10],[-5,12],[-4,-3],[-10,10],[-9,-16],[-2,30],[0,43],[-1,13],[2,40],[-2,8],[-11,12]],[[309289,578585],[31,124],[82,66],[13,88],[12,77],[6,44]],[[309604,578548],[-1,-386],[0,-74],[1,-76],[1,-6],[38,34],[3,-40],[29,24],[3,-29],[0,-3],[46,-76],[-11,-34],[1,-52],[0,-7],[-15,-18],[-17,-9],[4,-59],[-5,3],[-11,-9],[0,-8],[16,-1],[0,-12],[-6,-14],[8,-3],[4,-11],[5,0],[-13,-24],[-5,-37],[3,-59],[8,-238]],[[309694,577175],[-20,-51],[9,-112],[-27,-22],[-2,17],[-9,36],[-29,-8]],[[309623,576851],[-2,-148],[0,-12]],[[309621,576691],[1,-18],[3,-36],[3,-36],[7,6],[4,2],[5,-72],[-11,-1],[5,-59],[2,-65],[0,-42],[10,-46],[-15,-20],[-6,88],[-24,22],[-5,2],[-17,0],[-19,15],[-4,-32],[-5,-14],[2,-20],[-4,-14],[-6,-40],[-4,2],[-12,-35],[2,-44],[-4,-37],[1,-24],[-4,18],[-3,-35],[5,-17],[-3,-20],[3,-29],[3,-14],[2,-1],[-8,-35]],[[309525,576040],[-1,2],[-5,2],[-1,0],[-7,3],[-12,7],[-26,80],[-19,63],[-25,59],[-12,59],[-23,39],[-16,-5],[-2,-36],[-17,46],[-15,5],[-29,58],[3,14],[12,34],[-3,41],[-17,22]],[[309377,575615],[57,-86],[6,-45],[-2,-20],[-1,-19],[17,-27],[65,-7],[44,-70],[1,-29],[1,-17],[5,-4],[13,-12],[47,34],[16,23],[19,-13],[8,-5],[23,-5],[21,-52],[20,-26],[32,-42],[9,-17],[74,-135],[12,11],[11,11],[3,48],[22,5],[5,47],[-6,46],[15,16],[12,-9],[11,-41],[21,7],[27,95],[32,212],[24,29],[42,-4],[21,-30],[7,45]],[[310650,578830],[16,-77],[16,-97],[6,-58],[-15,-44],[-10,23],[-17,39],[-2,4],[-18,13],[-18,14],[-6,4],[-1,1],[-9,21]],[[310592,578673],[-6,32],[-7,6],[-6,14],[-6,-1],[-7,14],[-16,2],[-4,-4],[-6,11],[-12,-10],[-12,20],[-19,-5],[-6,10],[-6,37],[-3,-13],[-23,11],[0,11],[-1,4],[-2,-4],[-1,-2],[-2,-3],[-5,8],[-1,1],[-1,-2],[-12,35],[-11,9],[0,-10],[0,-5],[1,-3],[-1,-11],[-7,-2],[-11,2],[-6,24],[-9,-11],[-7,56],[-29,277],[-6,-1],[1,16],[-6,23],[-8,5],[1,10],[-9,46],[-9,-2]],[[307216,580440],[-1,27],[0,38],[-1,7],[-8,45],[-6,33],[11,12],[23,80],[19,32],[13,10],[11,28],[2,115],[-5,16],[-2,15],[2,51],[-3,28],[-4,-1],[-2,-6],[-7,-13],[0,59],[-9,8],[-10,18],[6,18],[-10,22],[-2,24],[5,29],[-3,45],[0,50],[0,36],[-11,35],[7,13],[-3,44],[5,-3],[13,54],[1,18],[7,68],[16,1],[5,-14],[3,-57],[14,-20],[0,-15],[6,-12],[14,17],[-2,15],[19,6],[19,-21],[23,-42],[2,10],[6,2]],[[307109,594051],[-3,0]],[[307573,574509],[0,-5],[3,-36],[4,-29],[11,-37],[17,-84],[7,-28],[21,77],[21,-106],[-18,-53],[0,-6],[2,-4],[11,-29],[10,-14],[4,-15],[4,-12],[5,-37],[7,-37],[3,-61],[3,-47],[1,-11],[6,-21],[10,-57],[10,-65],[2,8],[3,-26],[13,-20],[0,-2],[6,-9],[2,-6],[1,-4],[7,-49],[7,4],[4,-31],[-7,-9],[2,-10],[3,-11],[22,-79],[15,-36],[17,-41],[8,-24],[15,-47],[3,9],[3,-5],[1,4],[3,-7],[-5,-16],[1,-4],[4,-20],[2,2],[2,-18],[2,0],[1,4],[-1,-14],[-2,-5],[3,-18],[8,-23],[11,-49],[0,7],[12,-3],[1,-10],[2,2],[1,-29],[0,-5],[0,-11],[-2,-31],[18,-21],[5,-15],[2,-89]],[[307260,573054],[8,-5],[4,25],[-4,15],[-3,27],[-6,48],[-10,33],[3,35],[-3,27],[2,14],[-1,26],[-3,20],[7,20],[-2,18],[-34,-58],[3,31],[6,40],[4,33],[18,56],[3,15],[3,24],[10,52],[86,81],[9,-33],[5,-44],[12,-18],[5,-35],[-7,-13],[3,-27],[-1,-34],[3,-40],[31,99],[17,52],[-12,66],[1,45],[23,41],[16,40],[-4,18],[3,12],[2,-12],[4,13],[-15,59],[-18,93],[3,31],[3,63],[2,64],[12,156],[1,2],[-12,84],[-5,18],[12,-4],[20,-1],[7,-6],[3,-15],[16,23],[23,63],[2,12],[14,123],[-5,34],[13,34],[4,-7],[5,-15],[14,-18],[7,-17],[6,-28]],[[306224,564943],[58,23],[13,13],[22,22],[4,5],[24,28]],[[306387,565280],[10,-52],[-15,-154],[-1,-10],[-12,-110],[-5,-48],[-16,-143],[-1,-10],[-3,-32],[-7,-67],[0,-1],[-7,-65],[-8,-73],[0,-1],[0,-1],[-3,-31],[-1,-6]],[[310994,575420],[16,32],[8,100],[14,123],[-7,93],[3,11],[11,-6],[6,-56],[19,-17],[20,-37],[6,85],[20,-60],[26,7],[9,-18],[11,-48],[17,12],[0,38],[9,4],[7,-74],[16,-48],[16,64],[-4,111],[-22,69],[-6,65],[-13,64],[-20,57],[-33,213],[-31,121],[-20,61],[-4,41],[14,22],[37,-41],[52,-72],[20,-43],[33,-30],[77,-128],[137,-105],[17,-44],[-9,-111],[-12,-71],[-19,-50],[-17,-20],[-37,139],[-43,106],[-29,-22],[-26,-34],[19,-86],[13,-105],[19,-82],[36,-86],[3,-78],[-6,-47],[-8,-39],[6,-62],[-20,-38],[-20,-2],[-17,-39],[6,-55],[-6,-72],[-49,36],[-40,89],[-17,18],[-13,-23],[-15,-7],[-1,-71]],[[311153,575174],[-28,-14],[-12,-2],[-8,24],[-5,5],[-9,-25],[-8,3]],[[311083,575165],[-19,13],[-14,15],[-22,17],[-5,11],[1,33],[-4,65],[-16,59],[-10,42]],[[310395,575756],[22,-11],[13,84],[-18,50],[2,28],[19,34],[22,27],[5,35],[27,19],[39,23],[49,7],[42,23],[8,7],[5,-98],[16,-50],[21,-86],[21,4],[9,13],[13,19],[3,41],[-20,24],[-7,78],[-8,43],[-9,48],[5,40],[22,42],[7,61],[-19,2],[-4,30],[11,93],[14,110],[11,44],[9,0],[7,-72],[18,65],[20,34],[-9,75],[-9,62],[-21,0],[14,127],[8,75],[21,8],[29,-81],[10,-29],[1,-48],[14,-52],[18,16],[14,-22],[10,-103],[-7,-75],[5,-107],[28,-52],[5,-27],[-24,18],[-10,-21],[-13,-22],[6,-46],[-14,-70],[11,-107],[3,-52],[13,-23],[19,28],[7,-148],[3,-91],[0,-43],[-24,-100],[9,-82]],[[310887,575575],[-26,-63],[-25,-49],[-22,-59],[-4,-23],[-2,-25],[2,-31],[7,-46],[23,-128],[8,-27],[1,0],[-2,-12],[-2,-43],[-3,-8],[3,-22],[-4,-1],[0,-46],[7,-21],[4,-27],[-1,-11],[4,-36],[-1,-7],[7,-6],[6,-20],[2,-237]],[[310869,574627],[0,-162],[-61,-3],[-25,-232]],[[310783,574230],[-71,-3],[-4,-10],[-2,70],[-51,-1],[-57,-2]],[[307552,575668],[96,-162],[61,-102],[111,-187]],[[307573,574509],[7,45],[11,41],[12,52],[3,9],[-11,44],[7,24],[11,22],[7,33],[1,18],[4,21],[7,21],[1,29],[3,32],[5,25],[-4,8],[-28,37],[3,21],[0,7],[-18,84],[-11,51],[-7,1],[14,202],[-38,332]],[[307137,574091],[-4,-22],[-9,-11],[-10,-3],[-13,-15],[-1,-11],[-7,-15],[-7,-23],[-3,-20],[-11,-40],[-14,0],[-4,4],[-12,-5],[0,-59],[-2,-12],[-6,-9],[-1,-17],[-4,-8],[-4,47],[-2,-25],[-11,-162],[-1,-18],[-17,2],[-9,-11],[-7,-1],[-7,-17],[-7,-6],[0,-32],[-4,-28],[-5,-8],[-14,0],[-9,-14],[-2,-20],[1,-22],[-3,-19],[3,-31],[-6,-40],[4,-44],[8,-25],[-1,-46],[3,-32],[-15,-24],[-9,-45]],[[308228,579425],[8,-52],[11,-31],[17,-20],[9,-1],[16,-21],[8,-6],[7,7],[2,18],[7,-9],[9,-24],[6,-35],[-1,-49],[5,-80],[1,-11],[4,-11],[10,-8],[7,-14],[8,-7],[11,1],[5,-15],[9,-8],[9,-16],[6,-18],[8,9],[7,-36],[10,-14],[11,-4],[6,-18],[3,-20],[6,-13],[11,1],[4,-32],[2,-26],[9,-9],[6,5],[3,-14],[0,-34],[4,-17],[10,-13],[12,-4],[11,22],[4,0],[8,-16],[9,4],[8,27],[7,4],[9,-19],[6,-3],[14,6],[2,-2],[4,-12],[6,-63],[0,-13],[-5,-28],[2,-28],[13,-19],[9,-3],[14,5],[5,-15],[-2,-22],[1,-8],[6,-3],[14,-14],[6,-11]],[[308239,577498],[-149,272],[-22,47],[-2,5]],[[304866,569890],[-1,-9],[-19,-1],[-10,-17],[-5,-17],[-6,-8],[-9,3],[-23,-31],[-23,-31],[-9,-68],[1,-48],[-2,-31],[19,-59],[-6,-11],[-22,-26],[-40,-68],[-12,-16],[-4,0],[-12,-31],[-5,-36],[-4,-48],[-3,-21],[-9,-30],[0,-15],[9,-89],[-1,-69],[34,-47],[-7,-48]],[[304490,568972],[-32,48],[-83,126],[-2,4]],[[304033,585193],[5,0],[6,-1],[7,-15],[7,0],[5,-1],[11,-1],[4,0]],[[308446,576630],[-32,-64],[-5,-6],[-5,0],[-9,9],[-6,-9],[-6,20],[-6,-8],[-3,22],[-6,-12],[-3,-28],[-9,-15],[1,-102],[-20,-22],[-34,-14],[-12,-8],[-28,4],[-16,9],[-8,7],[-63,-172],[-5,14],[-9,-28],[-1,-6],[-13,-19],[-167,-495]],[[307552,575668],[-133,60],[-69,31],[-30,11],[-166,63],[-1,35],[0,201],[36,16],[1,11],[8,34],[7,23],[6,3],[9,25],[5,26],[9,0],[1,18],[3,12]],[[308523,581031],[1,-76],[-4,-44],[4,-8],[142,-270],[49,415],[8,29],[2,15],[16,-32],[18,28],[23,-18],[-6,-43],[-1,-23],[7,-25],[0,-14],[-5,-32],[0,-32],[-16,-54],[8,-20],[4,-40],[0,-31],[5,-57],[0,-13],[9,-52],[3,-1],[19,11],[9,-4],[5,6],[12,-21],[-20,-104],[-12,-128],[-1,-22],[55,-104],[83,-161]],[[308940,580106],[2,-66],[-9,-6],[-7,2],[-9,-392],[1,-12],[23,-6],[0,-125],[-5,-3],[-14,19],[-8,-29],[-5,-5],[-7,8],[-7,-30],[1,-14],[-15,4],[-10,27],[-17,13],[-67,-97],[5,-34],[2,-49],[-2,-58],[4,-40],[42,-105],[9,-23],[4,-23],[24,-192],[24,40],[13,-24],[-2,-16],[-5,-7],[-8,-34],[-1,-35],[-4,-13],[-3,-25],[3,-21],[-6,-9],[-8,-11],[-2,-39],[9,-28],[-4,-25],[-12,-6],[-6,-13],[-4,-25],[-2,-32],[-4,-8],[-12,-7],[-9,-11],[-4,6],[-5,-6],[0,-27],[4,-3],[2,11],[2,-21],[-6,-6],[1,-20],[-4,-10],[0,-22],[-7,-24],[-3,0],[-4,36],[-5,3],[0,-50],[7,-26],[3,-21],[28,-32],[10,-25],[-2,-26],[-9,-6],[-23,64],[-8,0],[-4,-14],[-6,-39]],[[310384,577138],[-18,-42],[9,-41],[-1,-44],[0,-13],[-5,-51],[-2,-19],[-8,-43],[-19,-47],[-18,-32],[-26,-16],[-38,-52],[-23,-41],[-11,-30],[0,-34],[-33,-71],[-20,-33],[-12,-47],[-2,-8],[-7,-23],[-12,-40],[-4,-9],[-14,-30],[-7,-1],[-10,-1],[-10,0],[-19,-48],[-17,-27],[-6,-11],[-7,-16],[-11,-25],[-5,-50],[-7,-43],[-12,-23],[-4,-52],[-25,-7],[-32,-23],[-10,-24]],[[309938,576021],[-9,15],[-2,-22],[-17,-19],[-3,61],[-7,-4],[-5,-16],[-10,-5],[-2,-16],[-9,-19],[-3,6],[3,8],[1,32],[-1,17],[4,5],[-9,3],[-6,40],[2,28],[-4,-10],[-3,-31],[-13,-16],[-4,22],[-1,41],[0,-22],[2,-42],[-8,-15],[-8,22],[-13,12],[-6,17],[-6,5],[-1,34],[-9,54],[-8,13],[-1,17],[2,20],[-1,26],[-4,8],[1,23],[16,27],[-2,15],[-1,35],[-5,-4],[-8,2],[-4,6],[-20,46],[-6,-21],[-2,-22],[-9,14],[-6,-8],[-8,3],[-10,28],[-13,34],[-7,0],[-7,-14],[-5,3],[-4,37],[-4,25],[-8,11],[-9,62],[-2,84],[-35,15]],[[310887,575575],[13,-127],[24,27],[20,104],[2,3],[15,13],[9,-68],[6,-141],[18,34]],[[311083,575165],[-8,-47],[-30,-202],[-5,-28],[-17,-54],[17,-122],[10,-38],[11,-51],[6,-20],[6,-41],[-1,-2],[-1,-2],[0,-2],[0,-1],[3,1],[0,0],[3,-16]],[[311077,574540],[-8,-1],[-27,-62],[-8,-58],[-10,-18],[2,-47],[-13,-18],[-21,25],[-8,38],[-9,57],[8,55],[13,41],[1,54],[-16,62],[-17,32],[-1,-4]],[[310963,574696],[6,47],[0,16],[-5,-1],[-9,-10],[-4,-10],[-19,-69],[-6,-40],[-57,-2]],[[306824,582077],[1,-19],[4,-9],[8,13],[3,-1],[-1,-11],[-8,-18],[-1,-20],[4,-10],[4,6],[6,-24],[11,12],[8,-9],[3,-22],[-7,-15],[1,-17],[7,-35],[7,-18],[1,-22],[69,-1],[-20,49],[-12,23],[58,40],[3,0],[-2,40],[1,69],[7,7],[3,11],[5,-15],[7,1],[3,9],[5,-3],[2,24],[14,1],[1,24],[-4,150],[7,2],[31,-57],[3,-4],[20,-22],[2,-6]],[[307078,582200],[8,-41],[3,-8],[35,-56],[27,-66],[12,-34],[6,-16],[21,-41],[21,-29],[16,25],[-6,34],[-2,22],[4,38],[9,30],[15,16],[13,37],[12,22],[10,0],[2,-7],[7,29],[11,20],[18,-6],[8,-8],[6,9],[19,2],[16,22],[-5,-32],[-3,-101],[2,0],[-10,-126],[-7,-36],[-5,-52],[37,-4],[-1,-34],[2,-6],[7,0]],[[306606,581538],[-9,70],[17,17],[3,17],[-5,22],[3,15],[4,9],[-6,34],[-2,6]],[[302922,577262],[50,36]],[[303145,577061],[3,-27],[11,-29],[4,-15],[2,-2],[15,-47],[6,-9],[1,-9],[4,-8],[5,-18]],[[303196,576897],[-6,-46],[7,-1],[-1,-25],[1,-1],[-1,-30],[-1,2],[-2,-48],[-6,11],[0,2],[-3,-2],[-3,-14],[-2,-22],[-3,3],[0,4],[-3,13],[-2,-13],[-2,4],[-2,-14],[-4,-16],[-4,0],[4,-17],[2,-49],[-2,-8],[-8,16],[-4,2],[-7,-8],[-4,3],[0,-91],[12,5],[0,13],[9,4],[-1,-14],[0,-33],[3,-18]],[[303098,576537],[-3,23],[7,-7],[0,6],[0,28],[-4,26],[-5,13],[-7,22],[-17,78],[-7,48],[1,32],[-7,6],[0,16],[-9,28],[-3,33],[8,19],[-3,24],[-6,14],[-5,-16],[2,-8],[2,-35],[3,-28],[1,-39],[-1,0],[-3,3],[-12,10],[-14,18],[5,38],[12,33],[-8,26],[-6,31],[-8,13],[-5,3],[-3,-40],[-5,-36],[-6,-14],[0,29],[-10,15],[3,28],[-6,8],[-2,-25],[-13,7],[-4,-20],[-3,-17],[-3,6],[-10,7],[-16,9],[-24,22],[-26,14],[-2,1],[-22,13],[-1,1]],[[303858,587519],[-7,-51],[7,-9],[-1,-34],[3,-4],[20,-37],[-1,-304],[3,-65]],[[303882,587015],[8,-164],[-10,-14],[-2,-4],[2,-30],[7,-38],[1,-66],[8,-7],[0,-20],[1,-60],[2,-66],[4,-3],[0,-22],[-4,-2],[1,-28],[3,0],[4,-36],[-6,-3],[1,-50],[8,1],[1,-42],[-7,0],[1,-38],[11,-4],[4,2],[1,-9]],[[303921,586312],[-1,-14],[-3,0],[-1,-28],[0,-16],[-7,-30],[4,-20],[-5,1],[-5,2],[-5,3],[-7,0],[-24,0],[-5,-22],[-2,-12],[0,-36],[-16,3],[7,-43],[4,-19],[-5,5],[-4,1],[-3,-15],[-18,-18],[-5,-11],[-11,29],[2,11],[-5,16],[-3,-12],[-27,72],[-7,17],[-2,5],[-13,32],[-6,17],[-9,28],[-15,51],[-5,13],[-6,16]],[[303713,586338],[0,13],[0,73],[0,13],[2,40],[9,55],[4,-2],[13,3],[11,15],[4,14],[-1,10],[-3,15],[0,29],[0,35],[-1,35],[-4,38],[-1,4],[-2,13],[-5,7],[-16,3],[-11,12],[-1,-5],[-12,-20],[-4,1],[-4,2],[-9,4],[-4,1],[-2,0],[1,-32],[-7,-9],[-7,22],[-6,-3],[-1,13],[1,6],[1,10],[0,9],[1,5],[0,7]],[[304281,586638],[-6,-54],[-2,-10],[-17,-29],[-4,-11],[-7,-46]],[[304245,586488],[-15,15],[-8,19],[-15,27],[-2,5],[-5,7],[-14,15],[-8,8],[-9,12],[-9,13],[-12,7],[-20,39],[-5,5],[-4,0],[-10,-4],[-27,7],[-2,3],[-11,-57],[-11,-7],[-6,6],[-1,18],[-6,11],[0,13],[2,31],[-3,35],[-4,5],[-1,16],[-6,11],[-15,42],[-6,17],[-14,4],[0,12],[-9,17],[1,31],[-5,11],[-2,-16],[-4,3],[1,12],[-7,2],[-3,-42],[0,50],[-13,2],[-10,19],[-9,18],[-5,40],[-14,65],[-13,6],[-5,-1],[-14,-15],[-5,-10]],[[304245,586488],[-8,-61],[-12,-75],[-4,-16],[-4,-9],[-18,-29],[-10,-28],[-2,-6],[-13,-50],[-6,-48],[-5,-56],[-4,-45],[-1,-11]],[[304158,586054],[-9,16],[-6,17],[-7,-1],[2,17],[-2,4],[-21,46],[-5,10],[-4,4],[-5,-1],[-16,-15],[-4,55],[-8,-27],[-6,-1],[-2,-1],[-17,-28],[-5,-13],[-3,-36],[-6,13],[-1,14],[-4,28],[-3,-2],[-11,30],[-9,10],[0,-23],[-2,-2],[-11,-11]],[[303993,586157],[-1,24],[1,20],[-6,15],[-9,1],[-1,12],[-19,7],[-8,13],[0,19],[-11,6],[-9,34],[-2,4],[-7,0]],[[303713,586338],[-2,-25],[-17,6],[-3,-14]],[[303691,586305],[-11,5],[5,21],[-1,70],[5,0],[4,38],[-13,0],[0,-12],[-1,-26],[-13,2],[0,25],[-10,0]],[[306855,584111],[30,-17],[2,74],[0,81],[12,26],[66,-212],[-1,-47],[-7,-8],[-25,-85],[-10,-34],[-6,-28],[-12,-36],[10,-13],[15,-40],[17,-47],[-15,-111],[7,18],[39,101],[4,-15],[19,-108],[6,-11],[4,-7]],[[307010,583592],[2,-2],[37,-4],[111,-234],[-8,-104],[-5,1],[-4,2],[-9,16],[-18,-54],[65,-16],[20,4],[9,8],[13,17],[14,-47],[-31,-28],[-6,5],[-81,25],[-13,2],[-5,-12],[-4,-17],[-2,-50],[-1,-27],[-15,27],[-4,-3],[-4,-150],[7,-32],[-8,0],[-61,17],[-3,-36],[11,-7],[19,-42],[34,-38],[22,-11],[-55,-318],[6,-26],[3,-34],[0,-41],[-1,-22],[1,-14],[6,4],[9,-4],[7,-9],[29,-58],[-5,-37],[-4,-18],[-7,-12],[-3,-13]],[[303196,576897],[3,-10],[5,0],[8,3],[5,-10],[13,-51],[-2,-3],[-10,21],[-7,-3],[0,-13],[-6,-11],[2,-2],[10,-16],[13,-22],[1,-44],[1,0],[7,-7],[1,-25],[-3,-27],[2,-1],[-1,-41],[0,-37],[6,-85]],[[303694,585232],[5,-4],[4,-2],[4,-3],[22,-13],[3,-2],[7,-5],[16,-7],[9,-1],[10,10],[11,20],[2,17],[-4,-9],[-6,-7],[-25,8],[1,9],[2,14],[1,10],[0,13],[0,11],[5,-5],[2,-5],[0,67],[39,-9],[9,-3],[5,-2],[1,-21],[3,-22],[20,11],[16,-3],[-8,-83],[-1,-7],[12,-5],[21,0]],[[303880,585204],[0,-23],[5,-2],[9,-14],[11,-18],[11,-16],[16,-17],[9,-3],[2,27],[4,21]],[[303581,584203],[-2,94],[-9,16],[1,33],[6,6],[0,-16],[11,1],[0,18],[3,-2],[4,-2],[18,0],[3,-3],[13,-13],[5,-6],[5,-6],[6,-13],[5,-13],[3,17],[13,33],[7,31],[6,34],[3,22],[4,38],[-10,9],[-6,1],[3,47],[0,7],[0,8],[18,-1],[0,-14],[4,-1],[2,24],[-5,5],[6,58],[-1,11],[5,-12],[1,9],[2,22],[-2,-19],[-6,4],[3,32],[1,32],[11,-2],[1,9],[6,9],[4,12],[4,0],[2,0],[0,21],[-2,-1],[-3,-1],[0,7],[5,16],[2,4],[-2,4],[-4,14],[-4,1],[0,10],[3,-1],[4,-5],[4,-17],[-2,12],[6,-2],[7,28],[2,18],[4,30],[1,4],[-4,5],[-5,13],[-4,19],[-8,62],[-6,-9],[-22,-42],[-1,2]],[[304158,586054],[4,-7],[-10,-51],[-3,11],[-6,-30],[-5,-40]],[[304138,585937],[-2,-27],[-2,-28],[0,-72],[-2,-39],[-1,-9],[-4,-88],[-4,-34],[-5,-20],[-6,-15],[-12,-27],[-5,-16],[-6,-44]],[[303950,585604],[-2,17],[-2,42],[3,22],[4,53],[-4,46],[7,3],[2,0],[-1,4],[-6,10],[1,21],[5,16],[0,13],[9,53],[1,27],[6,30],[3,-1],[-5,12],[7,-1],[0,25],[-6,3],[2,14],[-8,-13],[-6,3],[1,13],[-2,20],[7,57],[2,27],[4,14],[4,-1],[2,47],[9,-25],[6,2]],[[309972,590533],[-9,-148],[-8,10],[-11,31],[-11,13],[-7,-11],[-2,-36],[-11,-29],[-12,-165],[-15,-43],[-3,-85],[10,-78],[-13,-54],[-3,-100],[-2,-88],[6,-80],[-7,-54],[-3,-114],[2,-85]],[[311076,586928],[6,9],[12,13],[12,5],[9,16],[0,27],[16,18],[9,-18],[32,-21],[18,3],[12,-7],[16,36],[17,42],[4,41],[80,188],[16,30],[26,9],[8,47],[37,9],[45,42],[3,34],[24,-7],[41,32],[9,31],[46,37],[21,-12],[26,11],[15,7],[15,0],[11,40],[21,35],[19,-6],[26,-9],[23,18],[49,-63],[15,9],[26,16],[56,2],[56,-21],[19,-10],[8,25],[20,-9],[17,4],[27,-43],[59,-127],[31,-75],[25,-82],[17,-99],[-12,-12],[-6,-89],[-10,-153],[16,-65],[7,-58],[-14,-30],[-10,-47],[-14,-20],[-10,-34],[3,-70],[-17,-38],[-22,-78],[-17,-119],[-1,-166],[-21,-52],[-17,-41],[-16,-104],[4,-55],[-1,-74],[-4,-39],[-5,-60],[1,-15],[7,-50],[-3,-50],[7,-47],[17,-65],[3,-45],[14,-45],[-3,-32],[3,-29],[-8,-43],[-1,-265],[-5,-90],[-3,-83],[13,-81],[8,-90],[2,-99],[-9,-50],[-3,-68],[-13,-90],[-13,-29],[5,-61],[-3,-33],[8,-18],[8,-52],[13,22],[8,-42],[14,-7],[5,-50],[2,-38],[9,-11],[6,-41],[-15,-168],[-8,-28],[-4,-71]],[[312071,583787],[-14,37],[-12,36],[-10,26],[-6,9],[-7,5],[-11,-6],[-16,-24],[-11,-10],[-10,3],[-13,27],[-10,8],[-11,-11],[-10,-38],[-6,-13],[-13,-2],[-9,18],[-7,63],[-4,16],[-6,9],[-9,6],[-20,-14],[-9,7],[-9,24],[-1,31],[9,79],[-1,22],[-8,14],[-9,0],[-12,-25]],[[311816,584084],[-8,-3],[-6,17],[-5,24],[-11,65],[-8,27],[-7,8],[-8,-4],[-17,-33],[-14,-15],[-22,-26],[-8,-3],[-13,35],[-6,45],[-10,3],[-3,-20],[-5,-7],[-2,18],[7,20],[-2,15],[-4,-17],[-5,25],[-8,-1],[-2,11],[8,8],[3,20],[-2,13],[-9,-4],[-6,23],[1,22],[-10,-1],[1,26],[-4,17],[5,14],[0,12],[-6,-5],[-7,-22],[-2,5],[2,43],[7,8],[-4,12],[-6,-4],[-8,-16],[-3,-19],[-1,18],[0,16],[1,5],[8,11],[1,9],[-11,-5],[-1,-7],[-9,2],[-1,7],[7,6],[-2,26],[-13,5],[-9,-3],[-11,-12],[-12,15],[-6,-11],[-6,-1],[-12,23],[-9,50],[-11,2],[-3,-10],[-9,6],[-6,-12],[0,-26],[-5,-10],[-1,-16],[-6,-1],[-6,-48],[0,-15],[-10,-46],[1,-29],[-4,-28],[-2,-31],[1,-41],[2,-22],[-8,-35],[-9,-20],[-7,-4],[-8,6],[-12,-19],[-7,-7],[-6,-25],[-31,-64]],[[311376,584079],[0,2],[-148,27]],[[311228,584108],[-65,1649],[-13,350],[3,27],[-5,18],[7,11],[-1,20],[7,22],[5,59],[-15,6],[-34,35],[9,18],[14,40],[6,50],[-15,29],[-6,4],[11,19],[30,58],[12,18],[29,23],[10,22],[-4,12],[-18,29],[-5,1],[-27,17],[-3,5],[-9,54],[-10,2],[-10,8],[-37,47],[-6,-23],[-11,-12],[-9,-24],[-10,-16],[-8,-7],[-9,1],[-8,13],[29,132],[0,14],[4,26],[5,6],[1,29],[4,28]],[[310934,588568],[-1,-34],[13,-51],[-20,-44],[-16,-8],[-35,-87],[-24,-106],[-15,-22],[-24,-71],[-15,-62],[-8,-67],[-5,-45],[-97,-80],[-46,-70],[-22,-53],[-2,-3],[-97,43],[-55,9],[-20,-13],[-10,-5],[-23,13],[-25,90],[-16,55],[1,32],[-31,112],[-7,139],[-4,81],[-10,13],[-1,1],[-2,2],[-18,29],[2,-40],[-1,0],[-11,-52],[0,-2],[-11,-61],[-15,-29],[-22,-60],[-14,-14],[-3,-1],[-35,-6],[-28,36],[-3,23],[-3,18],[-3,1],[-22,12],[-9,8],[-12,32],[-3,25],[-6,22],[-1,7],[0,13],[-3,9],[2,3],[-3,-2],[-1,6],[-1,1],[-1,-1],[-7,38],[-9,44],[2,29],[-3,17],[-9,23],[-3,103],[4,12],[9,30],[-6,70],[-6,71],[8,39],[5,22],[-1,108],[0,4],[3,4],[-2,44],[3,14],[-3,13],[-9,-23],[-1,2],[-11,-20],[-6,2],[-1,0],[-24,11],[-14,125],[-5,88],[2,76],[-3,16],[-10,67],[-4,50],[-3,37],[4,53],[-19,18],[-1,41],[0,16],[4,117],[1,31],[4,107],[0,5],[2,93],[0,73],[-1,44],[9,45],[4,43],[-1,43],[-1,1],[4,41],[2,22],[9,71],[18,74],[14,52],[9,18],[5,-6],[8,18]],[[309309,593270],[32,-15],[44,-20],[4,25],[34,-30],[4,3],[57,114],[33,125],[-5,68],[-16,-3],[0,20],[-4,13],[-4,0],[-6,15],[2,21],[3,3],[6,-24],[12,-20],[12,-2],[14,12],[12,-2],[16,10],[18,17],[24,-9],[16,-35],[12,10],[11,-1],[14,7],[11,-4],[-1,-46],[3,-37],[5,-32],[-5,-24],[-6,-18],[-2,-23]],[[309770,592894],[25,-29],[9,-34]],[[309804,592831],[-15,-21],[-3,-25],[-12,-32],[-2,-20],[-6,-12],[-3,-16],[1,-28],[11,-43],[11,-24],[-6,-9],[-29,-14],[-14,11],[-2,-55],[-1,-65],[45,-23],[0,-21],[-4,-21],[5,-37],[-4,-20],[1,-25],[-2,-12],[1,-19],[8,-18],[0,-42],[2,-20],[11,-21],[7,-2],[13,7],[4,-7],[8,0],[4,-15],[-7,-27],[-8,-9],[2,-16],[-3,-42],[-10,-7],[5,-16],[0,-18],[5,-17],[2,-18],[4,-6],[4,-37],[-6,12],[-3,-22],[7,-14],[-4,-29],[-11,-10],[-4,-12]],[[309589,592063],[-12,3],[-8,5],[-11,14],[-14,23],[-28,37],[-15,15],[-7,1],[-13,-9],[-5,4],[-6,8],[-22,62],[-7,14],[-8,4],[-23,-7],[-7,3],[-7,7],[-34,61],[-16,19],[-18,28],[-10,20],[-4,10],[-14,36],[-13,45],[-7,34],[-5,35],[-1,25],[3,62],[1,41],[-2,55]],[[309276,592718],[0,25],[4,82],[0,25],[-4,98],[-5,36],[-2,25],[0,32],[7,69],[-3,31],[-6,15],[-3,13],[0,15],[3,10],[8,6],[13,-11],[21,-9],[5,7],[3,16],[-2,34],[-6,33]],[[305956,585915],[-8,-26],[7,-7],[8,-23],[-2,-38],[3,-20],[9,-30],[8,-19],[7,-3],[10,-26],[4,-18],[4,-39],[1,-32],[-3,2],[-6,-20],[-10,-5],[-11,-17],[-19,5],[-15,1],[-11,-8],[-3,-17],[-5,-11],[-11,7],[1,-18],[-2,-20],[14,-38],[8,-64],[5,-26],[-6,-9],[-1,-14],[0,-43],[7,-2],[0,-15],[8,-13],[-2,-10],[4,-8],[-9,-13],[14,-42],[7,-54],[-4,-54],[-9,-13],[-1,-30],[2,-10],[-3,-12],[-15,-7],[-11,-11],[-15,11],[-8,15],[-9,28]],[[309600,594118],[109,-5],[79,0],[81,-2],[18,-1],[35,7],[72,0],[178,-1]],[[310172,594116],[2,-35],[-18,-2],[-4,-23],[6,-55],[-12,-8],[2,-6],[-6,-30],[0,-11],[5,-23],[-12,-49],[-32,-90],[8,-45],[-21,-171],[-4,8],[10,-29],[14,-134],[-2,-14],[7,2],[18,-5],[6,-16],[7,-7],[6,2],[5,15],[13,12],[11,4],[5,6],[8,-3],[8,-23],[3,8],[10,8],[7,-2],[-1,-8],[5,-15],[0,-18],[-2,-18],[2,-8],[-5,-27],[-6,-7],[-5,-19],[11,-18],[5,-13],[2,-26],[-1,-17],[7,-28],[5,-11]],[[310128,593049],[-5,19],[-4,23],[-4,-12],[-17,-33],[-17,-38],[-6,-20],[-24,-47],[-9,-5],[-3,10],[-21,-22],[-9,37],[-5,-10],[-12,27],[-15,-52],[6,-15],[-3,-6],[9,-24],[2,-12],[-11,-20],[-2,-21],[-4,3],[-1,-30],[-18,-21],[-14,-12],[-37,-18],[-6,-1],[-8,5],[-21,24],[-20,12],[-26,4],[-8,6],[-7,15],[-4,16]],[[309309,593270],[-1,21],[2,31],[4,22],[15,9],[9,15],[4,17],[5,32],[2,42],[4,32],[3,67],[5,27],[3,2],[11,-15],[4,-2],[11,18],[5,19],[6,40],[-1,53],[3,18],[7,16],[1,11],[-1,16],[-5,25],[-16,50],[-13,15],[-7,32],[-17,-25],[-7,9],[-2,14],[4,18],[9,-5],[3,6],[0,20],[-5,36],[0,15],[16,3],[7,41],[0,11],[-6,8]],[[312780,589000],[3,-19],[8,-9],[-5,-43],[4,-14],[-1,-33],[-4,1]],[[312785,588883],[-19,58],[3,0],[2,29],[5,1],[-2,25],[4,15],[2,-11]],[[312785,588883],[3,-12],[8,-65],[9,-39],[11,-26],[3,-12],[12,-72],[-3,-1],[-3,-7],[5,-16],[8,0],[5,-8],[4,-4],[1,-7],[4,-12],[2,10],[2,9],[5,5]],[[312861,588626],[2,-15],[-3,-12],[-8,-2],[-9,-37],[-1,-21],[-5,-8],[-111,250],[-19,47]],[[312707,588828],[10,62],[32,13],[-2,16],[6,10],[6,-18],[4,-23],[9,-1],[2,-10],[11,6]],[[309591,582058],[12,-14],[2,-10],[11,-3],[9,-19],[10,-7],[7,-16],[4,-19],[12,-8],[5,5],[7,17],[15,80],[5,50],[12,8],[-3,-18],[7,-9],[5,-32],[5,-9],[7,-46],[-3,-24],[12,1],[4,-11],[6,-1],[12,18],[6,40],[4,9],[13,-19],[29,55],[62,76],[12,34],[34,2],[6,7],[19,31],[4,-24],[0,-2]],[[309943,582200],[7,-39],[11,-32],[3,-17],[3,-26],[-1,-19],[9,-48],[2,-26],[17,-78],[6,-35],[-5,-7],[-13,-5],[-2,-41],[-4,-20],[1,-47],[-1,-5],[11,-9],[49,5],[16,-15],[-10,-47],[-12,-65],[-17,3],[-1,-24],[-7,-59],[-12,-37],[-4,-7],[1,-21],[5,-37],[4,-55],[33,-108],[14,-2],[23,4],[18,19],[8,-6],[1,-24],[-3,-9],[3,-13],[8,-14],[2,-9],[-1,-31],[3,-25],[16,-37],[6,-49],[7,-7],[8,-87],[3,-11]],[[310148,580978],[-5,-5],[0,-46],[-8,-18],[-15,-27],[-19,-7],[-45,46],[-23,36],[-25,65],[-38,-28],[-21,3],[-29,7],[-7,-1],[-8,-1],[-5,-32],[-23,-20],[-20,-40],[-31,92],[-25,15],[-2,1],[-19,56],[-25,29],[-2,3],[-26,29],[-13,16],[-11,11],[-12,38],[-2,5],[0,6],[-7,49],[-4,36],[-12,6]],[[307890,586241],[11,6],[4,9],[10,55],[1,31],[3,51],[11,46],[-4,47],[-4,129],[11,0],[34,-7],[4,32],[11,29],[10,62],[16,59],[1,7],[15,-83],[133,-6]],[[308951,582278],[-5,-12],[-3,-45],[0,0],[16,-63],[19,-16],[7,-36],[20,-54],[36,-124],[4,-90],[-30,47],[-35,59],[-5,-7],[-3,-27],[-1,-16],[7,-22],[13,-50],[10,-42],[2,-8],[16,-29]],[[308980,580030],[-40,76]],[[303716,564592],[0,-15],[-4,-33],[-8,-34],[-5,-36],[0,-71],[-33,22],[-8,22],[-8,-23],[5,-19],[-4,-33],[-24,-13],[-2,-24],[-5,-12],[0,-9],[6,-1],[6,-144],[11,21],[5,-25],[15,45],[-2,7],[6,25],[3,-11],[7,25],[3,-13],[-23,-86],[-33,-81],[-16,-21],[-1,20],[-9,-13],[-10,-28],[2,-17],[-5,-14],[5,-9],[1,-15],[-7,-2],[4,-13],[-6,-9],[1,-36],[-32,-55],[-3,-11],[-4,-17],[-6,-8],[-50,-24],[-8,-16],[-4,-18],[-12,-69],[2,-7],[12,-112],[-7,-19],[-6,4],[-21,40],[-10,-58],[-9,6],[-1,0],[1,-44],[-9,-114],[13,-9],[12,-1],[-2,-38],[1,-37],[-5,-8],[-14,-56],[-7,-2],[-10,1]],[[302892,564210],[-8,52],[-15,40],[0,34],[4,10],[9,2],[-18,35],[-2,23],[-4,5],[-4,21],[-6,7],[-7,-2]],[[313864,582274],[-2,-38],[-1,-8],[-16,-249],[-1,-17],[-18,-300],[-7,-235],[0,-16],[-6,-314],[-1,-52],[-6,-347],[-19,-264],[-6,-81],[-15,-192],[-1,-14],[-22,-331],[-1,-7],[-16,-308],[-16,-310],[-1,-5],[-1,-39]],[[313690,579179],[4,14],[-4,57],[3,43],[16,147],[6,93],[-6,113],[6,61],[3,71],[-2,14],[-6,39],[-1,118],[4,58],[0,8],[3,27],[2,10],[1,10],[0,124],[11,59],[6,21],[7,28],[3,10],[13,59],[11,111],[6,88],[-2,63],[-3,48],[5,56],[3,68],[6,59],[0,106],[3,120],[11,137],[5,152],[3,169],[-1,54],[2,43],[5,43],[-1,106],[-7,102],[-2,68],[-4,31],[5,133],[10,82],[21,54],[0,28]],[[300822,578068],[3,-22],[9,-14],[15,-9],[8,-21],[13,-56],[4,-7],[17,-21],[28,-56],[24,17],[5,13],[8,10],[20,17],[4,0],[3,-20],[5,-16],[-6,-40],[-21,-56],[-25,-37],[5,-31],[45,-231],[56,-265],[7,-24],[31,-91],[0,-10],[8,-110]],[[301088,576988],[-6,-12],[-2,-19],[3,-21],[-3,-49],[-10,-69],[-108,-71],[-55,-239],[-5,-15],[-15,-25],[-3,-12],[-5,-62],[-12,-27]],[[301514,571601],[-32,-215],[-4,10],[-15,23],[-7,-3],[-3,12],[-5,-4],[-3,12],[-12,-5],[-3,13],[-6,2],[-6,-10],[-17,6],[-3,-6],[-11,12],[-15,-6],[-5,9],[-1,16],[-6,15],[-18,16],[0,25],[-1,-21],[-2,-2],[-6,24],[-5,9],[-2,16],[-2,-16],[-5,-2],[-6,-15],[-7,38],[-3,-21],[-10,15],[-9,-49],[-2,4],[-13,30],[-15,97],[-1,17],[-7,127],[-2,0],[-7,-264],[-8,8],[-10,9],[-42,12],[-37,19]],[[306550,586192],[15,108],[8,64],[3,27],[3,29],[7,69],[16,142],[9,82],[6,54],[8,74],[9,77],[3,27]],[[306637,586945],[8,71],[2,22],[8,71],[7,65],[4,33],[18,161],[15,142],[6,77],[6,87]],[[307058,586116],[-28,-7],[-5,-6],[-9,-32],[-19,-82],[-11,8],[-4,-5],[0,-51],[-7,2],[-2,-21],[-18,16],[-6,62],[0,26],[-13,6],[-5,11],[0,21],[-43,41],[-13,8],[-1,-39],[-13,-17],[-15,-12],[0,-101],[11,0],[-1,-18],[-6,-24],[11,-17],[-6,-51],[-11,12],[-2,-68]],[[306702,585840],[-1,58],[17,-2],[-1,92],[14,1],[0,-9],[21,-2],[3,16],[-2,50],[4,91],[2,23],[0,52],[-10,12],[-7,1],[-2,-26],[-8,-33],[-1,-30],[-10,-16],[-12,-6],[-6,2],[-20,-42],[-4,-3],[-9,-32],[-16,-11],[-8,-22],[-9,2],[-27,20],[-7,8],[-2,49],[-5,26],[-29,12]],[[306637,586945],[-3,-1],[-3,9],[-13,14],[-2,5],[-12,27],[-36,86],[-22,19],[-5,4],[-1,-18],[-3,-4],[0,-25],[-10,-33],[-7,9],[6,64],[2,15],[-29,22],[-19,13],[-35,24],[-38,27],[-10,8],[-5,35],[-6,-12],[-2,6],[-7,6],[-1,-9],[3,-2],[3,0],[1,-6],[-3,-7],[-2,-3],[16,-12],[1,-11],[12,-19],[-2,-35],[0,-8],[0,-8],[2,-20],[1,-10],[-33,1],[-1,-29],[-7,37],[-13,15],[-2,0],[-3,1],[-9,10],[-7,1],[-10,21],[-15,2],[-14,-45],[0,-27]],[[303174,588490],[4,-2],[6,31],[7,7],[2,3],[8,21],[11,-9],[4,38],[5,11],[11,-6],[1,-39],[5,-4],[7,-5],[9,30],[8,19],[3,4],[-1,4],[13,7],[10,17],[5,-12],[1,-22],[17,-3],[10,-14],[-2,0],[0,-11],[-9,-63],[5,-27],[5,7],[5,16],[-1,32],[4,19],[8,-3],[6,-8],[2,0],[13,-1],[8,-16],[7,-24],[5,22],[17,7],[0,8],[2,27],[9,23],[8,-5],[6,3],[2,16],[-7,24],[-7,-6],[-7,36],[2,6],[14,11],[2,15],[5,7],[12,-1],[7,11],[0,17],[3,8],[9,7],[7,-6],[1,37],[-7,-3],[1,16]],[[303455,588767],[8,29],[35,0],[17,-34]],[[303515,588762],[5,-28],[-5,-12],[-8,-2],[0,-13],[30,-31],[11,21],[6,-13],[0,-20],[4,-22],[0,-12],[-6,-28],[0,-10]],[[303552,588592],[3,0],[7,17],[4,-4],[11,-25],[-6,-15],[-4,-16],[2,-24],[4,-2],[7,-18],[5,7],[2,13],[5,8],[2,-9],[6,-1],[3,0],[31,-3],[47,-5],[-9,-169],[0,-50],[0,-21],[0,-28]],[[303307,587736],[-3,1],[-13,-7],[1,5],[-5,-4],[-2,0],[-8,2],[-5,0],[1,38],[-9,10],[6,4],[2,-1],[10,5],[0,24],[14,31],[-39,10],[-8,5],[-3,6],[-14,22],[-7,11],[-13,24],[-9,10],[-19,18]],[[303096,589334],[6,-16],[2,-22],[8,-3],[4,8],[-1,25],[11,-4],[5,18],[15,13],[14,-11],[1,-21],[-5,-42],[0,-29],[8,-31],[1,-9],[1,-31],[17,10],[12,42],[10,14],[10,-67],[2,-29],[-1,-40],[-4,-33],[8,-13],[1,-46],[3,-15],[12,-23],[2,5],[6,13],[12,4],[3,-8],[7,12],[9,-9],[-1,-7],[14,-1],[8,29],[6,-9],[1,9],[-5,8],[-4,-2],[-3,5],[-4,2],[7,35],[2,57],[0,33],[5,26],[3,-1],[5,-3],[10,2],[13,45],[3,51],[1,-42],[9,55],[2,-13],[5,-124],[5,-26],[3,26],[-7,19],[-1,45],[7,-3],[10,5],[3,-12],[6,-26],[1,-5],[16,-41],[12,-26],[2,23],[15,17],[12,8],[7,0],[8,7],[6,13],[-1,10],[3,10],[7,-4],[3,-35],[9,-24],[-1,-21],[1,-18],[14,-32],[2,-18],[-6,-22],[-6,-5],[-2,-29],[4,-53],[-8,-12],[-3,-23],[-8,-52],[0,-12],[10,-27],[-10,7],[-5,-3],[-3,-16],[-2,-29]],[[302232,569295],[8,-26],[2,-7],[43,-137],[8,-24],[21,-65],[4,-16],[122,-385],[26,-81],[0,-3],[106,-335]],[[302237,567721],[-4,3],[2,15],[4,2],[-1,14],[-6,0],[2,21],[-10,13],[1,23],[-10,19],[4,8],[-4,11],[1,12],[-20,28],[-9,1],[-5,-9],[0,19],[-8,2],[-4,23],[-5,-11],[-10,28],[1,16],[-5,14],[2,9],[-3,24]],[[308160,591683],[31,0],[-1,71],[8,-15],[2,16],[4,0],[13,46],[11,-25],[17,-16],[7,23],[2,32],[-10,2],[0,8]],[[308244,591825],[1,43],[-1,41],[3,53],[9,48],[28,-2],[19,-8],[21,-6],[32,13],[8,1],[1,7],[-4,5],[-17,57],[6,-6],[25,14],[4,-12],[9,-16],[3,-22],[6,-4],[4,10],[4,-25],[7,-2],[5,12],[9,-14],[10,-30],[14,-22],[6,-19],[17,-21],[5,-2],[5,39],[7,16],[6,-2],[11,-30],[5,-8],[6,3],[11,-5],[8,10],[6,12],[4,29],[-2,29],[-6,16],[0,10],[4,15],[19,33],[3,0],[9,-8],[17,-31],[8,-30]],[[308701,591522],[-2,-17],[-28,-137],[-9,-35],[-10,-28],[6,-47],[13,-100],[-17,-41],[-24,-14],[-13,1],[-18,-5],[-20,-29],[-25,-14],[-26,-8],[-8,-13],[-3,-9],[-1,-9],[-17,-157],[-5,-48],[-24,-194]],[[300946,567832],[94,626],[1,31],[-6,49],[-10,20],[-10,33],[-3,26],[-13,49],[-2,48],[6,19],[-2,18],[3,44],[10,28],[1,50],[8,9],[-2,27],[34,36],[1,-13],[17,3],[4,-16],[10,0],[4,8],[11,39],[1,14],[7,13],[22,81],[51,339],[0,66],[2,28],[-10,38],[-5,39],[-6,12],[0,8],[1,11],[3,3],[32,105],[18,-79],[52,344],[10,63],[21,140],[5,39]],[[301696,571038],[-16,-31],[-8,-74],[-10,46],[-4,32],[-1,23],[-4,23],[-18,30],[2,-67],[13,-134],[4,-8],[-6,-36],[2,-25],[-3,-14],[7,-32],[5,-3],[-1,-15],[10,-5],[6,-27],[2,-46],[-2,-10],[2,-23],[4,3],[1,-53],[3,2],[2,-42],[-4,-25],[0,-24],[-6,-11],[5,-38],[4,-11],[4,-37],[-7,-28],[-4,4],[2,-21],[2,4],[9,-32],[-1,-26],[-12,-28],[-6,-9],[1,-32],[4,5],[13,-39],[3,-52],[-3,-12],[0,-70],[1,-11],[-6,-16],[11,-53],[11,-24],[-4,-2]],[[301456,570874],[-29,50],[-7,44],[-1,6],[11,70],[23,154],[14,89],[9,34],[10,58],[5,-17],[6,-8],[7,3],[4,-7],[0,-12],[5,-15],[7,-1],[2,15],[20,-19],[2,6],[10,-2],[6,14],[10,-11],[3,-15],[4,3],[-1,25],[-5,20],[-17,37],[-8,26],[-4,23],[-3,35],[0,46]],[[309743,583646],[9,62],[11,94],[17,124],[8,37]],[[309788,583963],[22,-38],[11,-16],[5,29],[22,154],[23,151],[0,10],[123,-1],[28,150],[-21,47],[-12,30],[93,379]],[[310082,584858],[117,-457],[57,419],[-37,86],[34,254],[53,38],[16,120],[1,3],[1,1],[25,-34],[21,156],[52,-66],[-21,-157],[21,157],[51,-65]],[[310473,585313],[51,-65],[-22,-167],[3,-23],[78,-98],[29,-121],[6,-20],[10,-21],[-35,-562]],[[310593,584236],[-56,-912],[-54,33],[-5,-79],[-2,-14],[-75,82],[-5,11],[-4,23],[-15,317],[-9,8],[-21,33],[-15,-168],[1,-7],[12,-87],[-4,-3],[-11,-28],[-16,-9],[-3,-27],[-6,-9],[-13,-35],[-17,-37],[-16,-4],[-20,-42],[-14,-7],[-11,-21],[-7,-19],[15,-37],[0,-7],[-1,-347],[-11,23],[-5,7],[1,-25],[-1,-6],[-2,6],[-14,26],[-1,-2],[0,0],[-1,-1],[3,-7],[3,-10],[4,-20],[12,-135],[-12,-10],[-9,-1],[-7,-22],[-3,-16],[2,-13],[-8,-62],[-8,-11],[-4,-35],[3,-21],[8,-5],[6,-18],[6,-41]],[[310183,582445],[-16,-38],[-2,-49],[-9,-17],[-5,5],[-16,45],[-3,4],[-22,-11],[-12,13],[-7,23],[-7,4],[-7,11],[-11,32],[-1,40],[1,18],[-3,17],[2,16],[4,8],[3,26],[-3,21],[1,33],[-7,27],[-18,36],[-6,53],[-15,24],[-39,88],[-42,126],[4,24],[-7,31],[-19,10],[-17,-7],[1,-6],[2,-51],[4,-111],[-66,-21],[-81,-30],[-7,166],[-26,-10],[-1,2]],[[309730,582997],[-13,335],[-14,-5],[11,18],[14,8],[20,146],[-11,22],[19,71],[-10,18],[4,22],[-7,14]],[[308524,593781],[2,2],[-2,1],[-15,70],[-8,64],[-6,132]],[[308495,594050],[26,11],[64,13],[16,-11],[0,0]],[[308601,594063],[1,-22],[6,-10],[7,-21],[5,16],[2,-5],[-1,-26],[5,-6],[4,16],[3,-2],[4,-18],[6,10],[-2,-23],[-6,-1],[0,-8],[12,-13],[1,-7],[2,-22],[-7,-14],[1,-28],[-6,-9],[3,-18],[8,-14],[2,-24],[11,-1],[2,-8],[11,2],[14,-6],[14,-17],[9,-28],[4,-22],[5,20],[9,7],[4,-16],[2,12],[-3,20],[2,10],[7,6],[4,-13],[7,0],[4,-15],[-3,-11],[2,-18],[7,-4],[12,-14],[15,-2],[3,6],[-4,43],[2,2],[9,-30],[4,-16],[10,-7],[8,21],[12,-21],[7,-34],[5,7],[7,-13],[2,-18],[-1,-52],[4,13],[2,-11],[-1,-10],[-13,-17],[4,-45],[-4,-12],[12,-27],[4,-14],[7,13],[1,-11],[5,-9],[6,9],[-4,16],[4,16],[8,-23],[4,15],[4,-14],[8,-6],[-5,-21],[-5,-1],[0,-12],[6,-14],[2,-13],[-7,-28],[1,-23],[8,-5],[-4,-30],[4,-17],[-3,-6],[-8,14],[-4,-7],[2,-36],[-6,-5],[-5,17],[-3,-2],[3,-25],[-2,-5],[-8,24],[-2,-16],[-6,0],[-4,-25],[-5,-2],[4,-10],[0,-13],[-4,-20],[-4,-3],[-3,32],[-4,-5],[-4,-16],[-5,1],[-7,-22],[-7,6]],[[308594,593006],[-14,-20],[-8,-21],[-12,21],[-2,-20],[-8,-21],[-5,2],[-2,8],[-24,75],[-10,16],[-22,43],[-16,-89],[-4,23],[-8,15],[-4,-5],[-3,11],[0,20],[-14,31],[-1,10],[7,24],[1,16],[-12,39],[-12,0],[-4,23],[0,29],[-7,2],[-5,9],[-5,64],[-2,11],[-8,1],[-15,19],[-8,-18],[-12,4],[-4,-13],[0,-21],[-5,-14],[-6,5],[-5,-16],[-11,3],[-6,-7],[-4,-22],[-1,-24],[2,-34],[-5,-36],[-8,-21],[-2,-22],[-3,8],[-8,-3],[-4,-33],[0,-55],[-9,-35],[-3,-8],[-6,-12],[-3,-10],[-8,-8],[-15,9],[-12,2],[-16,-4],[-23,26],[-7,-7],[-8,18],[-7,4],[-10,-10],[-3,5],[-4,18],[-9,-13],[-8,11]],[[308134,593009],[7,87],[2,10],[17,41],[14,42]],[[308174,593189],[-4,32],[-7,26],[-25,65],[-1,13],[0,37],[-2,19],[0,36],[-2,30],[5,33],[19,83],[8,18],[4,1],[12,-20],[5,-17],[6,-6],[7,5],[4,-11],[6,-26],[3,2],[10,27],[8,2],[8,-10],[2,-9],[16,-8],[26,18],[4,-9],[3,8],[14,0],[1,-11],[4,28],[8,26],[6,-24],[20,-27],[7,50],[6,15],[-2,23],[24,3],[2,-10],[73,0],[4,29],[44,-4],[-5,20],[-3,36],[2,41],[6,28]],[[312636,589554],[13,25],[-1,-30],[4,-34],[28,35],[5,17],[3,46],[-1,43],[18,-15],[2,13],[6,-6],[3,-17],[2,-2],[7,18]],[[312725,589647],[6,-6],[3,-15],[1,-27],[20,-10],[2,-31],[-2,-18],[-1,-11],[7,-32],[-3,-52],[-4,-10],[-2,-41],[10,-39],[15,-25],[33,-198],[0,-9],[0,-34],[4,-7],[7,-7]],[[312821,589075],[-1,-6],[-23,-48],[-21,24],[3,-15],[1,-30]],[[312707,588828],[-12,31],[-4,32],[-13,21],[-54,264],[8,39],[-4,63],[5,119],[7,44],[-4,110],[0,3]],[[302900,574500],[-4,24],[-4,-11],[-7,36],[1,5],[-2,33],[-9,3],[-11,26],[-4,4],[1,44],[-5,29],[-5,-4],[-2,18],[-9,19],[17,85],[-7,5],[1,4],[-9,19],[4,7],[-3,29],[3,9],[-39,85],[-11,20],[2,15],[-19,22],[-30,-88],[-27,52],[2,17],[-1,38],[2,1],[6,14],[-5,18],[6,60],[-6,16],[1,25],[-3,2],[0,17],[-2,-1],[0,12],[-14,6],[-3,-6],[-2,7],[13,39],[3,10],[-16,68],[4,10],[3,12],[24,3],[2,47],[-2,18],[1,4],[-1,11]],[[307767,592897],[5,2],[1,-37],[5,-8],[21,-33],[3,-20],[0,-53],[3,-49],[2,-11],[3,-43],[-2,-57],[3,-33],[26,-41],[34,-29],[0,70],[-5,48],[-3,46],[-1,28],[2,72],[3,40],[12,19],[9,-4],[18,-24],[-12,-74],[0,-11],[16,-31],[5,-14],[12,-20],[29,117],[12,-11],[17,-5],[10,8],[7,27]],[[308002,592766],[66,-79],[81,-141],[3,-61],[7,-53],[4,-16],[6,-43],[-1,-31],[2,-55],[-17,-21],[0,19],[-6,24],[-6,6],[-3,15],[-7,12],[-2,-18],[-5,-8],[-10,16],[-7,-12],[-16,-7],[-10,-31],[-11,-23],[-9,-7],[-11,-3],[-24,3],[-7,-3],[7,-22],[62,-99],[-7,-25],[23,-26],[17,-23],[20,-25],[9,-4],[94,-200]],[[307830,590954],[1,45],[0,26],[-3,70],[-2,18],[-8,26],[-9,24],[-6,21],[-10,50],[-9,48],[-10,38],[-5,14],[-10,44],[-3,40],[-3,23],[-12,32],[-13,6],[-8,-4],[-10,-11],[-16,-12],[-15,0],[-16,-9],[-6,-7],[-6,-12]],[[309244,592779],[14,1],[2,-4],[11,-51],[5,-7]],[[309853,586113],[-2,-23],[-6,14],[-6,-30],[-19,-6],[-1,-23],[-9,-14],[-1,15],[-5,-6],[-3,-10],[1,-13],[-5,-1],[1,-29],[-7,-3],[-1,-9],[3,-13],[-2,-14],[-5,-1],[-4,-17],[-4,-37],[1,-17],[-4,-8],[-2,-35],[-2,-14],[-7,-25],[8,-40],[6,-14],[-2,-18],[3,-11],[-1,-18],[4,-5],[5,-21],[-3,-29],[-3,-5],[-5,-23],[-4,-8],[-5,3],[-12,-18],[-8,-32],[-6,-8],[-3,-20],[-6,-15],[-5,-56],[0,-13],[-4,-26],[1,-13],[9,-26],[2,-27],[7,-15],[3,-24],[5,-8],[3,-33],[-4,-18],[4,-15],[-2,-12],[-6,-3],[-1,-14],[-5,-26],[-4,-7],[-11,3],[-4,-11],[-2,-23],[2,-14],[-2,-14],[2,-23],[4,-15],[-3,-18],[-1,-21],[-4,-25],[-8,-25],[-4,-40],[0,-15],[-5,-20],[-8,-10],[-7,1],[-9,-33],[-2,-25],[-3,-17],[-1,-29],[5,-31],[4,-8],[-1,-13],[-4,-12],[-5,-2],[-7,-14],[-9,-10],[-2,-32],[0,-22],[-7,-20],[-3,4],[-5,-7],[-5,-17],[-3,-44],[7,-27],[-38,-98],[-12,-27]],[[309584,584422],[-48,-80],[-116,-193],[-147,-244],[-101,-167]],[[301056,570785],[-13,-77],[10,-18],[18,-1],[24,-20],[16,-29],[3,3],[45,-145],[50,-53],[41,-70],[9,-32],[27,-14],[20,-99]],[[303861,562393],[4,4],[23,27],[1,-4],[7,9],[22,44],[2,3],[23,66],[9,20],[24,63],[6,17],[13,30],[12,15],[4,3],[37,33],[25,21],[13,21],[36,73],[3,4],[24,15],[21,18],[29,11],[18,29],[5,8],[4,19],[4,8]],[[304230,562950],[3,-8],[33,-108],[10,-31],[1,-6]],[[304277,562797],[2,-4],[34,-112]],[[304313,562681],[-20,-43],[1,-22],[-3,-20],[-23,-4],[-32,-21],[-44,-35],[-44,-51],[-42,-48],[-40,-47],[-48,-55],[-8,-10],[-14,-16],[-39,-45],[-30,-35],[-1,-1],[-14,-21],[-8,-14],[-36,-55],[-60,-95],[-3,-5],[-6,-9],[-3,-5],[-9,-18],[-1,-2],[-36,-73],[-20,-42]],[[303601,561903],[-1,4],[1,2],[-7,90],[2,73],[-1,29],[-3,50],[-5,48],[2,1],[8,9],[9,18],[8,16],[6,32],[5,12],[36,32],[10,18],[7,-47],[4,-16],[16,-27],[9,12],[3,-12],[1,-8],[3,-12],[1,-4],[2,-7],[6,-17],[20,-72],[22,83],[1,6],[1,-3],[9,33],[6,15],[3,9],[-1,3],[0,3],[2,5],[13,33],[8,15],[8,12],[10,12],[0,-4],[6,6],[13,14],[9,15],[8,9]],[[306158,583130],[1,-19],[-3,-8],[-4,-30],[-6,-6],[-4,-30],[5,-30],[-8,-11],[-16,21],[-2,-12],[0,-28],[-4,-15],[1,-31],[-1,-23],[-9,0],[-11,-27],[-4,0],[0,-25],[-7,0],[-1,0],[-1,0],[-22,-1],[-47,0],[-72,55],[0,-16],[-35,-4],[-10,-17],[-4,6],[-7,26],[-12,5],[-11,22],[-4,0]],[[308174,593189],[-58,70],[-22,30],[-9,33],[-81,-20],[-26,-49],[-2,-21],[-20,31],[-14,-28],[-9,33],[-11,32],[-2,26],[-12,8],[-6,-5],[-6,2],[-15,13],[25,173],[1,28],[5,53],[-2,49],[-1,12],[-14,-24],[-23,-31],[-17,-22],[-1,39],[-8,34],[0,12],[4,21],[-1,9],[10,14],[8,24],[14,26],[8,2],[16,-21],[12,39],[11,66],[6,16],[1,19],[10,44],[9,22],[2,13],[-1,85]],[[302689,558475],[-22,-75],[-14,-48],[-5,-20],[-2,-7],[-28,-143],[-23,-114],[-18,-123],[-5,-33],[-20,-99],[-12,-83],[-50,-329],[-6,-46],[-2,-17],[-7,-59],[-5,-26],[-4,-26],[-13,-122]],[[302468,572815],[12,94],[14,-23],[31,34],[4,5],[8,25],[15,102],[46,-201],[-16,-40],[5,-30],[9,-51],[19,45],[32,-139],[5,-10],[4,-5],[21,0],[-4,13],[0,21],[4,20],[-2,34],[1,13],[0,33],[-3,19],[2,28],[-3,55],[-8,29],[-4,57],[1,75],[-7,18],[-3,0],[-3,23],[-2,1],[-5,48],[1,15],[-4,23],[3,26],[-4,20],[4,61],[-5,14],[1,14],[-9,14],[-6,42],[0,2]],[[302439,571084],[-10,26],[-5,28],[-4,-1]],[[300926,576154],[5,-9],[28,-26],[8,11],[13,-12],[12,-1],[19,4],[16,23],[11,-3],[9,-10],[6,5],[4,15],[5,1],[16,30],[4,-7],[5,-27],[6,-11],[14,8],[2,-6],[17,12],[5,-21],[12,12],[6,-1],[9,22],[-1,-12],[3,-1],[4,80],[13,-54],[20,36],[15,32],[8,-24],[1,6],[14,-7],[9,-12],[12,18],[13,-19],[15,35],[10,7],[8,22],[3,6]],[[301305,576276],[1,-34],[25,38],[7,16],[3,-10],[9,0],[18,-33],[15,0],[-3,-14],[16,4],[6,5],[1,-65],[6,-22],[50,-83],[6,-35],[0,-14],[6,-20],[4,-69],[2,-51],[-5,-60],[1,-46],[-1,-73],[4,-44],[12,-143],[37,-40],[0,-29],[5,15],[3,-8],[3,9],[8,-12],[-1,-11],[2,-8],[4,0],[-2,-25],[-3,0],[-1,-56],[-5,-12],[11,-46],[-4,-103],[-1,-42],[-4,-8],[-15,7],[0,-47],[6,-3],[12,-72],[16,-60],[-12,-43],[7,-18],[-13,-57],[1,-31],[-5,-22],[-8,-58],[-13,-45],[-6,3],[10,196],[-9,-16],[-3,-21],[-5,-15],[-1,-11],[-5,-26],[-11,-11],[-2,-43]],[[301448,574844],[-17,-67],[-13,-17],[-7,-25],[-4,-13],[-16,-36],[-6,-17],[-13,-12],[-10,-20],[-10,-10],[-4,15],[-49,157],[-4,14],[-15,75],[-13,-39],[-6,-32],[-10,54],[-3,8],[-11,-13],[-6,6],[-13,49],[9,41],[-12,11],[-10,5],[-34,4],[-3,-5],[-27,-82]],[[301141,574895],[-19,141],[-18,103],[-18,68],[-5,19],[-9,93],[-39,167],[-14,27],[-4,-42],[-19,-106],[-5,-22],[-5,8],[-21,20],[-13,26],[-10,2],[-10,-20],[-12,-10],[-9,5],[-7,16],[-7,-1],[-2,18],[-4,7],[-5,26],[0,15],[3,51]],[[306582,594049],[134,3],[16,0]],[[310133,591361],[-8,10],[4,11],[-6,14],[8,19],[-4,8],[0,23],[6,-13],[5,-28],[6,11],[-1,29],[-6,10],[6,8],[-1,22],[8,29],[6,-5],[-6,18],[3,20],[4,1],[6,29],[-6,27],[-1,44],[-10,22],[4,37],[6,20],[0,13],[-7,4],[-12,18],[-6,13],[-17,29],[-15,36],[-10,17],[8,37],[11,38],[1,52],[-3,28],[2,24],[5,37],[6,16],[8,46],[3,34],[38,-25],[6,-13],[44,162]],[[300875,573561],[24,48],[0,129],[-10,4],[0,39],[23,7],[-1,14],[-20,82],[19,38],[23,35],[9,30],[5,15],[18,23],[13,2],[2,-1],[10,24],[1,32],[-4,16],[3,21],[5,10],[0,22],[-6,23],[-10,23],[3,24],[5,6],[1,29],[-15,27],[-6,3],[0,13],[7,37],[-7,18],[1,30],[-1,71],[-6,43],[4,11],[5,-8],[10,28],[16,25],[-1,25],[3,73],[3,9],[4,4],[28,9],[27,-36],[81,257]],[[312000,590913],[9,64],[21,56],[13,14],[13,-7],[13,20],[8,7],[16,7],[0,45],[13,-1],[114,-42],[2,23],[13,66],[6,0],[3,18],[14,-1],[3,11],[9,3],[6,-9],[8,23],[7,-4],[7,13],[-10,49],[-3,-22],[-4,1],[-5,-12],[0,12],[5,14],[-6,11],[-8,-11],[-19,-6],[-5,-12],[-16,14],[-3,-6],[-9,12],[-11,-9],[-3,16],[-5,-7],[2,16],[6,17],[-4,23],[-5,-2],[1,55],[5,61],[0,16],[-4,-13],[-7,4],[-4,10],[7,6],[3,11],[-1,13],[-6,21],[-5,3],[-11,-19],[-11,-8],[0,-17],[-6,20],[1,9],[-4,19],[-2,35],[-4,10],[-7,-2],[4,39],[-2,13],[8,10],[6,25],[0,28],[2,33],[-11,13],[-8,-15],[1,-35],[-7,-6],[-6,-14],[-12,-10],[-3,3],[-7,29],[-1,29],[4,-2],[10,13],[2,11],[0,31],[-5,19],[-5,4],[-4,13],[-4,31],[-5,14],[-2,3],[-9,0],[-8,7],[-8,27],[-5,0],[4,6]],[[312069,591870],[13,-35],[9,4],[7,-6],[6,-19],[6,-32],[7,-9],[6,-15],[1,-22],[-1,-25],[-5,-20],[-8,-9],[-2,-20],[6,-24],[16,20],[4,9],[1,31],[4,16],[8,10],[5,0],[7,-18],[-1,-77],[-10,-42],[0,-14],[7,-24],[3,-34],[2,-8],[9,-5],[11,20],[7,1],[19,-60],[1,-27],[-2,-46],[0,-25],[3,-27],[4,-19],[12,-23],[16,-10],[25,5],[13,15],[8,4],[9,-8],[6,-16]],[[312301,591286],[4,-23],[1,-23],[-1,-74],[0,-31],[6,-50],[4,-18],[5,-13],[9,-11],[5,2],[12,20],[4,-1],[11,-17],[10,-30],[0,-23],[-6,-29],[0,-29],[4,-29],[1,-17],[-2,-13],[-7,-21],[-25,-30],[-9,-24]],[[312327,590802],[-8,0],[-11,-30],[5,-108],[20,-47],[11,-61],[19,-120],[10,-129],[-6,-105],[-18,-122],[-9,-30],[-5,-41],[50,-134],[6,-32],[-2,-37],[19,-46],[60,-57],[14,-56],[-2,-28],[-35,-10],[-31,16],[-84,70],[-121,95],[-50,73],[-7,23],[-16,86],[-6,74],[-50,105],[-6,102],[-7,12],[-11,120],[-12,44],[-8,-1],[-9,-1],[-17,28],[-46,13],[-14,117],[-3,6],[-8,18]],[[311939,590609],[4,25],[-4,66],[2,28],[6,20],[2,27],[4,20],[8,10],[2,10],[-1,33],[-3,9],[-12,19],[1,7],[4,3],[6,-8],[1,8],[22,-20],[14,16],[5,31]],[[307203,592328],[2,-1],[9,70],[11,20],[0,9],[0,-8],[-5,-87],[29,-12],[1,21],[7,14],[-8,78],[3,10],[7,1],[4,21],[-3,37],[9,-7],[5,-11],[4,-20],[2,-37],[13,-24],[7,-6],[13,-23],[16,-11],[5,-10],[6,-25],[8,-15],[20,-8],[10,-32],[8,-37],[9,-6],[6,-12],[7,-31],[6,-8],[4,-14]],[[303575,562178],[-58,-64],[-2,-2],[-2,-254],[0,-3],[3,11],[1,3],[1,3],[4,14],[7,35],[11,-53],[2,-11],[3,-16],[5,-27],[-2,-26]],[[303377,561435],[-54,-91],[-35,-61],[-58,-99],[-2,-2],[-5,-8],[-54,-97],[-9,-31],[-9,-21],[-28,-81],[-23,-63],[-12,-36],[-5,-14],[0,-8],[-6,-12],[-9,-12],[-20,-8],[-8,4]],[[303040,560795],[-2,1],[-6,7],[1,6],[-1,0],[-38,46],[-8,5],[0,5],[-17,-8],[-5,34],[2,19],[8,15],[6,32],[10,20],[-5,18],[5,7],[-18,95],[12,2],[20,45],[-16,87],[-1,3],[-14,-20],[-27,-50],[-12,-26],[-11,-27],[-11,-35],[-22,-74],[-13,-52],[-11,-61],[-4,18],[-20,114],[18,28],[62,284],[-11,25],[-6,2],[-10,-13],[-6,44],[-8,12],[-8,0],[-4,24]],[[307752,587328],[4,16],[-13,21],[-2,-8],[-4,0]],[[313015,585000],[-11,-7],[-12,0],[-37,3],[1,-261],[-29,-6],[1,-162],[-79,-40],[5,-243],[5,-133],[52,1]],[[312911,584152],[-7,-22],[-5,-17],[-8,-59],[1,-33],[0,-17],[0,-1]],[[312892,584003],[9,-280],[1,-188],[-11,-145],[-20,-110],[-34,-140],[-3,-9],[-5,-8],[-51,-18],[1,-35],[-7,-18],[-1,-18],[4,-23],[1,-28],[-1,-23]],[[312775,582960],[-3,-44],[-9,-4],[-10,32],[-16,-4],[-22,-64],[-47,-32],[-13,35],[5,69],[-8,46],[-23,80],[6,38],[1,17],[-6,6],[-11,-24],[-10,35],[-2,34],[7,34],[0,111],[1,13],[2,22],[1,11],[-9,40],[-16,23],[-15,-11],[-18,68],[-3,2],[-1,1]],[[312556,583494],[-2,24],[-8,10],[0,14],[3,13],[2,10],[0,67],[-3,15],[-12,39],[-9,41],[-7,42],[-3,34],[0,24],[-346,-1]],[[312171,583826],[0,14],[11,68],[11,22],[3,48],[1,96],[15,45],[-2,79],[-5,63],[10,50],[-2,54],[-9,38],[3,81],[16,63],[5,86],[13,47],[3,81],[1,94],[10,125],[9,56],[-9,118],[6,55],[-8,74],[-11,29],[-13,190],[10,67],[12,42],[1,43],[19,79],[15,72],[-9,74],[-17,108],[-12,90],[1,40],[14,9],[9,49],[-3,102],[-15,117],[26,95],[36,25],[11,25],[46,221],[33,71],[18,5],[30,105],[-11,57],[-25,103],[-14,15],[-14,54],[-14,22],[-1,28],[33,60],[81,101],[40,30],[48,-9],[23,15],[11,22],[20,-11],[11,-6],[27,-25],[50,-52],[83,-131],[13,-61],[-1,-93],[32,-54],[9,-49],[31,-45],[0,-60],[4,-45],[-4,-56],[6,-32],[7,-36],[2,-1],[18,-7],[2,-1],[8,-12],[1,-25],[0,-9],[0,-12],[-6,-34],[1,-9],[3,-34],[6,-24],[6,-22],[1,-5],[1,-17],[0,-33],[10,-45],[16,-11],[2,-2],[18,-43],[1,-28],[-6,-30],[-3,-11],[-3,-71],[0,-9],[5,-33],[9,-69],[-10,-135],[26,-77],[27,-83],[20,-149],[-17,-40],[2,-60],[9,-41],[-2,-40],[2,-36],[-6,-39],[-14,-40],[-1,-74],[9,-79],[-4,-65],[-9,-25],[-13,-40],[4,-59],[1,-4]],[[311752,592293],[-29,41],[-3,317],[-20,60],[-36,111]],[[312000,590913],[-4,18],[55,354],[-12,-18],[-14,-45],[-11,-2],[-3,35],[3,3],[-2,90],[-7,39],[0,14],[8,5],[2,-17],[7,4],[-7,88],[-27,19],[-3,18],[6,34],[-3,16],[-10,17],[-2,19],[18,109],[3,8],[-6,19],[-6,26],[-1,-37],[-9,9],[4,17],[-6,-2],[-5,-15],[-3,3],[1,12],[-4,6],[-2,-9],[-5,28],[-2,-12],[-5,31],[-4,-6],[2,-13],[-2,-9],[-14,28],[-7,-16],[-1,10],[-11,4],[-3,18],[-4,-9],[0,13],[-7,-4],[-7,12],[-6,-2],[-9,9],[-1,8],[-7,4],[-3,11],[-6,5],[-5,20],[-7,49],[-12,89],[-82,275]],[[302978,560327],[18,88],[7,44],[5,54],[5,44],[1,14],[1,3],[5,48],[7,33],[13,39],[3,8],[-1,1],[1,7],[-3,36],[0,49]],[[303481,561339],[-88,-251],[-29,-83],[-29,-83],[-18,-57],[-3,-10],[-16,-53],[-10,-36],[-5,-19],[-1,-4],[-11,-46],[-7,-25],[-15,-44],[-6,-14],[-14,-46],[-3,-11],[-50,-161],[0,-3],[-12,-37],[-52,-170]],[[310062,587018],[1,0],[29,-26],[14,-44],[51,-51],[27,26],[43,25],[94,-9],[18,48],[3,1],[49,18],[41,6],[18,-5],[24,-6],[15,-8],[5,-2],[78,45],[27,27],[39,41],[54,116],[18,-18],[30,22],[31,47],[19,43],[108,111],[53,48],[21,7],[23,-34],[25,-89],[0,-61],[29,-127],[-11,-37],[-13,-22],[1,-25],[10,-34],[14,-20],[6,-31],[4,-53]],[[311060,586947],[-33,-14],[-6,3],[-12,-6],[-14,-23],[-5,-21],[-11,-10],[-6,-18],[-9,-20],[-6,-6],[-6,1],[-28,-11],[-25,-16],[0,-17],[-2,-30],[-13,6],[-7,-18],[-17,4],[-1,14],[-18,3],[1,-21],[-20,4],[-3,-7],[-14,17],[-22,-37],[-3,29],[-5,15],[3,27],[12,26],[-3,10],[-11,-3],[-5,10],[-4,-6],[-18,-54],[-8,-6],[-6,4],[-1,19],[-7,21],[-10,10],[-14,-36],[-9,-57],[6,-6],[32,-13],[10,-2],[-1,-40],[-31,-518],[-64,-41],[5,90],[-49,70],[3,59],[-1,8],[-58,70],[-2,41],[-16,6],[-12,-12],[-26,-40],[-10,-4],[-39,7],[-12,-9],[-7,-12],[-64,-169],[0,-2],[-1,-4],[14,-41],[50,-120],[47,-118],[2,-8],[-6,-96],[-13,-200],[70,-92],[-45,-201],[-3,-23]],[[310082,584858],[-52,202],[4,63],[24,428],[6,104],[4,57],[29,498],[5,-2],[16,-26],[42,-2],[7,1],[-2,66],[-15,-8],[0,75],[1,29],[17,-25],[11,15],[-2,11],[-7,7],[-1,29],[-22,23],[-14,5],[-3,81],[-4,-1],[4,69],[-7,16],[-22,1],[-15,-20],[-34,100],[6,19],[11,-16],[6,10],[-2,23],[0,23],[4,30],[-1,8],[-11,4],[3,44],[-7,3],[-8,-44],[-2,-34],[-7,-13],[-7,3],[-14,32],[-7,15],[4,32]],[[311816,584084],[1,-44],[-3,-363],[2,-56],[-3,-86],[-1,-720],[45,32],[101,-49],[-20,-68],[70,-110],[51,-160],[-9,-33],[7,-13],[-12,-62],[-15,7],[-5,11],[-17,-70],[-10,-32]],[[310839,582136],[2,39],[5,64],[1,14],[1,160],[3,89],[6,3],[4,4],[28,17],[7,8],[30,17],[20,16],[9,4],[197,132],[6,2],[36,25],[20,13],[3,3],[71,382],[88,951]],[[300548,566413],[-2,-40],[-10,3],[-4,2],[-4,1],[-41,-16],[-23,9],[3,-16],[-1,-29],[-5,-6],[-1,-8],[-16,27],[-5,-8],[1,-5],[-3,-20],[4,-5],[-3,-24],[-4,5],[-3,-20],[-4,-21],[-5,-10],[-8,15],[-2,-46],[0,-13],[5,-12],[7,29],[-10,-42]],[[307399,583482],[-13,-17],[-2,21],[-8,10],[-5,19],[-1,43],[-47,20],[-19,-22],[-14,16],[-14,82],[14,88],[-44,10],[1,25],[-12,105],[-7,2],[-19,-4],[-6,21],[-11,-9],[1,25],[-1,17],[1,-17],[-3,-57],[-29,-57],[-2,-9],[-3,-13],[-12,-19],[-4,21],[-18,33],[-12,7],[-11,42],[-14,2],[-21,-4],[2,-132],[-24,72],[-3,13],[-19,-40],[9,-29],[6,-14],[4,-24],[0,-21],[-9,-28],[-7,-40],[-13,-28]],[[306466,581878],[-5,22],[-16,112],[-11,34],[-28,13],[-20,30],[-3,9],[-14,82],[-4,17],[-4,65],[-9,-8],[-13,-35],[-11,-34],[-8,-7],[1,-16],[-1,-82],[2,-34],[-22,-15],[-18,-18],[-18,-10],[-9,10],[-8,3],[-24,-8],[-6,-8],[-13,1],[-26,-5],[-8,-5],[-14,-13],[-7,12],[-6,-13],[-25,-19],[-7,-1],[-5,5],[-19,40],[-13,12],[-13,2],[-18,4],[-7,4],[-9,14],[-9,22],[-7,36],[-9,1],[-17,14],[-5,7],[-11,36],[-3,14],[-10,19],[-8,-6],[-12,1],[-6,-5],[-11,-24],[-12,-8],[-16,1],[-15,-8],[-7,-27],[-6,-12],[-12,-13],[-6,-1],[-14,-18],[-8,-23],[-4,-1],[-11,9]],[[303520,589777],[0,-21],[-3,-512],[-2,-452],[-2,-7],[2,-23]],[[303520,589777],[13,-20],[11,-19],[9,-38],[49,-146],[7,-25],[-1,-9],[3,-15],[-8,-10],[-5,-12],[-9,-51],[4,-21],[-2,-16],[3,-5],[11,24],[3,15],[13,25],[9,4],[10,7],[10,18],[9,-5],[7,-27],[6,-9],[3,0],[7,15],[3,8],[2,4],[0,9],[5,19],[7,19],[2,5],[3,-3],[12,-43],[10,0],[6,-21],[6,-22],[13,9]],[[303751,589441],[6,-9],[5,-20],[-55,-257],[-9,-61],[-19,-138],[-41,-301],[-3,-21],[-2,-13],[-4,0],[-5,4],[0,54],[3,6],[-3,34],[2,22],[-3,41],[-12,-1],[5,12],[4,22],[-1,19],[3,15],[-1,85],[1,6],[6,16],[2,-43],[29,-2],[6,47],[-6,4],[1,81],[-21,0],[-4,39],[12,28],[1,15],[-12,-13],[-32,-79],[-1,-5],[-2,-20],[-11,-176],[3,-59],[-2,-27],[-11,-34],[-5,-17],[-23,-103]],[[301029,582928],[6,18],[14,-1],[-3,20],[2,20],[8,-9],[5,-21],[11,47],[7,8],[3,-1],[5,-12],[9,-11],[5,1],[-1,27],[-1,23],[3,4],[8,-21],[8,4],[-5,47],[25,9],[-6,30],[2,48],[8,31],[-3,21],[-13,46],[-1,18],[-7,49],[-8,12],[-3,43],[9,-8],[-5,36],[-7,2]],[[306101,579775],[-13,39],[-21,75],[-12,38],[-6,28],[-12,10],[-9,0]],[[303574,586002],[0,-33],[26,-4],[-1,-80],[0,-16],[25,-3],[4,12],[5,-22],[9,-20],[5,4],[0,-96],[5,0],[-2,-8],[-7,-9],[29,-65],[-5,-28],[1,-21],[-4,-8],[-6,9],[-2,-3],[2,-25],[-7,-21],[3,-59],[-2,-51],[-11,-2],[0,-26],[-12,-12],[2,-13],[7,-3],[3,-11],[-1,-67],[3,-1],[0,27],[5,2],[2,13],[6,13],[5,-13],[21,-13],[6,6],[-1,-31],[-3,0],[0,-8],[2,-9],[0,-7],[-4,-7],[-3,6],[-7,9],[-8,5],[-6,-1],[-15,-14],[1,-6],[-2,-26]],[[304382,585401],[-5,-7],[1,38],[-6,13],[2,14],[2,10],[4,17],[1,14],[2,9],[4,-6],[13,-2],[0,27],[13,-22],[0,8],[8,7],[20,-2],[3,10],[4,27],[1,22],[-5,38],[2,7],[3,-13],[2,-37],[3,-23],[22,-52],[10,-24],[3,-2],[7,-5],[2,29],[1,12],[1,14],[2,34],[-11,1],[-4,20],[-9,11],[0,32],[11,8],[1,45],[-4,20],[-2,33]],[[304484,585726],[1,30],[-4,18],[3,9],[11,-12],[14,10],[1,26],[-5,1],[1,123],[14,-1],[-1,22],[-1,48],[7,2]],[[299981,562142],[2,-24],[10,-170],[16,-135]],[[303819,580433],[-6,15],[-18,17],[-4,-5],[-9,24]],[[303751,589441],[2,8],[4,26],[1,12],[-9,122],[1,15],[9,87],[11,8],[15,-1],[22,48],[16,-73],[2,8],[19,71],[5,-25],[14,-32],[3,-28],[15,-12],[15,5],[23,-7],[6,1],[9,79],[6,29]],[[300810,580549],[10,21],[4,20],[0,16],[8,0],[4,8],[-1,25],[4,-8],[9,7],[2,21],[-3,26],[3,7],[8,-3],[5,23]],[[300993,579283],[-10,15],[-19,6],[-7,8],[-8,31],[-3,-61],[-8,-57],[-16,-74],[-9,-93],[1,-18],[-24,5],[-9,-96],[-32,-20],[-2,15],[5,35],[-9,1],[-8,-28],[-11,13],[-13,-13],[-8,28],[-16,32],[-3,20],[0,34],[-5,25],[-4,42],[-12,35],[-3,17],[-1,-51],[-10,-53],[-8,-6],[-10,5],[-7,14],[-1,58],[-6,37],[-15,52],[-2,87]],[[306113,591492],[-3,-4],[-20,-74],[-9,-53],[-8,-33],[-3,-26],[-7,-30],[-13,-84],[3,-42]],[[309584,584422],[8,-166],[47,-1],[206,-2],[-4,-19],[-22,-139],[-31,-132]],[[309743,583646],[-7,-44],[-11,-72],[-8,-74],[-5,-58],[-5,6],[-9,-7],[-6,-13],[-12,-13],[-19,18],[-13,-141],[-18,-28],[-18,10],[-4,-15],[0,-87],[-2,-9],[-18,-47],[59,-93],[10,-8],[1,0],[72,26]],[[310183,582445],[21,-50],[13,-23],[16,-19],[3,-13],[-7,-43],[-9,-32],[-66,-156],[-26,73],[-7,-30],[-14,-44],[1,-16],[1,-3],[6,-14],[20,-22],[-12,-55],[-12,-7],[-21,-28],[-5,-2],[8,-29],[-22,-9],[3,-72],[-7,5],[-1,26],[-9,0],[-6,15],[-16,-12],[-15,-24],[-6,4],[-1,11],[-9,9],[-1,40],[-19,59],[-6,31],[0,20],[-9,33],[0,33],[-2,16],[-9,31],[-6,13],[-6,39],[-3,0]],[[308134,593009],[-5,-13],[-9,-41],[-10,-34],[-3,-42],[-2,-2],[-1,-63],[2,-26],[-9,-2],[-8,-10],[-23,-13],[-5,9],[-6,-5],[-7,-21],[-16,22],[-4,0],[-10,14],[-11,-6],[-5,-10]],[[302904,577915],[-2,27],[-3,14],[-5,49],[6,9],[-2,24],[1,12],[6,-15],[3,14],[-5,20],[2,7],[3,1],[4,-15],[2,-30],[10,8],[6,-13],[-6,14],[-2,12]],[[301442,576613],[-4,8],[-1,22],[-4,4],[1,12],[-4,29],[-15,17],[-3,12],[-10,-7],[-6,24],[-14,-4],[-3,4],[-16,33],[-10,4],[-13,-25],[-3,22],[1,28],[-7,44],[-6,13],[-3,19],[0,30],[-8,23],[-5,41],[3,44],[-2,19]],[[301310,577029],[1,35],[-2,27]],[[304484,585726],[-7,0],[-4,14],[-1,35],[-12,7],[0,32],[-4,5],[-1,-27],[-25,-1],[0,-15],[-14,-1],[0,28],[-6,0],[0,17],[3,-7],[8,3],[0,27],[15,-2],[-19,35],[-22,19],[-4,3],[-24,20],[-5,2],[-19,-23],[-4,-7],[-3,-12],[-3,-18],[2,-21],[-4,1],[-3,-26],[-6,-44],[-1,-4],[-9,-9],[-4,-1],[-20,-3],[-3,-1],[-11,-15],[-10,-13],[-19,-4],[1,44],[-5,27],[-9,66],[-1,5],[3,4],[0,10],[-4,-2],[-2,40],[-1,7],[-2,9],[-3,6],[-1,22],[4,1],[-9,3],[0,-17],[-3,0],[1,-7],[-3,0],[-10,-3],[0,8],[-2,9],[-2,6],[-2,-3],[-3,1],[0,-23],[-4,-2],[-8,-9],[-8,-8],[-14,5],[-8,4],[2,19],[-2,20],[-4,-23],[-1,-11],[-7,9]],[[310571,572938],[12,34],[24,34],[-1,-50],[1,-20],[3,-41],[2,2],[8,5],[1,10],[4,-16],[4,7],[-3,9],[4,24],[-4,52],[11,10],[-10,53],[-1,11],[4,16]],[[310630,573078],[6,-10],[15,-23],[7,-46],[-2,-41],[10,-62],[-5,-31],[-8,2],[-10,-2],[0,-1],[-3,-36],[-11,-32],[-7,-36],[-10,-9],[-12,-10],[-1,3],[-5,25],[-6,1]],[[305626,571233],[-6,4],[-9,25],[-6,-39],[-6,-25],[-6,-2],[-4,-11],[-3,-26],[-8,-26],[-22,-12],[-7,-20],[-8,16],[-4,-9],[-12,-6],[-14,-49],[-13,26],[-46,-9],[1,-45],[-7,-45],[5,-6],[3,-22],[-6,-50],[-11,-9],[-151,234],[-65,-313],[-9,-52],[-10,-44],[-13,-34],[-7,-13],[-16,-34],[-1,-7],[8,-25],[-1,-38],[5,-17],[8,-15],[9,-7],[0,-11],[-6,-6],[-1,-18],[5,-5],[2,-19],[-3,-13],[-1,-26],[2,-12],[15,3],[5,-4],[5,9],[5,-6],[-6,-18],[-1,-18],[2,-37],[10,-1],[4,-31],[-2,-10],[-3,17],[-6,-4],[-1,-34],[10,-22],[-1,-19],[5,-1],[0,-11],[9,-22],[3,1],[4,-23]],[[304848,571306],[10,18],[2,20],[0,29],[-2,31],[0,67],[7,46],[4,15],[-10,47],[-8,51],[-16,49],[-14,21],[-16,17],[-2,6],[20,54],[19,50],[4,15],[9,24],[14,-41],[37,133],[11,-29],[0,-61],[12,-84],[19,23],[2,-8],[10,21],[17,6],[8,15],[9,1],[2,-19],[17,11],[32,-9],[-2,18],[-5,-5],[3,27],[-6,15],[-8,4],[-6,25],[-2,18],[-4,-1],[0,14],[-3,-13],[-8,8],[5,19],[-4,7],[5,21],[-1,12],[5,10],[2,23],[6,-3],[17,16],[5,8],[2,20],[7,3],[8,-7],[7,3],[18,-3],[12,-18],[3,-21],[9,-29],[10,-17],[12,-3],[1,-15],[11,-3],[6,-35],[11,7],[13,39],[3,0],[-2,51],[11,3],[0,25],[14,32],[-1,29],[1,56],[14,14],[20,26],[29,25],[19,-3],[10,4],[6,10],[14,51],[8,-19],[4,-27],[0,-18],[-20,-203],[6,-1],[0,-16],[4,6],[30,-32],[-9,-219],[-4,-2],[3,-15],[23,-46],[17,-23],[16,-2],[10,18],[3,-2],[42,200]],[[312821,589075],[12,-13],[1,-44],[-7,-21],[-6,-68],[3,-48],[-2,-40],[20,-72],[6,-41],[12,-91],[1,-11]],[[303691,586305],[0,-14],[-6,-1],[-6,-4],[-6,-39],[-11,-21],[1,-39],[-6,-30],[6,-9],[0,-14],[4,-6],[-2,-21],[11,-9],[3,-7],[-4,-42],[0,-36],[5,-15],[5,-3],[11,-14],[-1,-21],[1,-29],[6,-10],[9,-38],[1,-7],[-3,-22],[1,-22],[-7,-32],[1,-14],[15,-13],[8,-64],[4,-10],[8,9],[5,-11],[8,30],[4,-3],[1,-13],[-7,-7],[-1,-26],[-9,-31],[5,0],[5,2],[7,-26],[11,-26],[20,-53],[5,-10],[10,44],[-9,1],[0,17],[3,9],[4,-13],[4,-3],[2,6],[7,23],[8,-4],[-2,-32],[0,-26],[4,-1],[1,34],[-1,11],[8,14],[18,40],[15,19],[2,5],[8,-6],[12,-27],[3,20],[2,-4],[-5,-22],[8,-24],[15,-2],[5,1],[16,-6],[3,-30],[6,-30]],[[304300,567143],[-18,125],[1,6],[-3,33],[1,36],[-5,26],[3,67],[1,58],[-1,21],[-11,45],[-2,16],[1,40],[2,18],[11,48],[2,48],[-8,51],[-6,21],[-5,44],[0,15],[-14,4],[-3,51],[-7,33],[-9,14],[23,22],[3,6],[5,24],[10,28],[9,44],[9,28],[1,12],[25,54],[2,2],[25,-11],[-2,30],[0,23],[-3,-3],[-16,6],[-6,10],[2,34],[-1,43],[-7,39],[-7,23],[0,44],[6,35],[2,22],[-2,28],[-8,38],[0,33],[0,7],[-1,13],[-5,45],[-7,21],[-12,25],[-11,18],[-20,70],[4,12],[6,24],[12,37],[0,14],[-2,9],[-7,-1],[-5,12],[-6,37],[-13,16],[-12,6],[-7,10],[-10,27],[-2,20]],[[304277,562797],[61,114],[-4,8],[-3,11],[-2,8],[-4,15],[-1,4],[-7,24],[-7,27],[-3,63],[0,53],[0,8],[-10,45],[-9,39],[-4,19],[-3,11],[0,9],[0,16],[0,20],[-1,19],[-1,39],[0,6],[0,16],[0,11],[1,6],[1,5],[3,17],[1,6],[1,4],[4,35],[3,45],[0,37],[-8,68],[0,12],[3,22],[4,31]],[[304356,563771],[96,2],[1,-41],[1,-62],[2,-65],[2,-84],[4,-36],[6,-25],[17,-77],[0,-4],[6,-106],[1,-28],[0,-2],[1,-16],[7,-74],[1,-16],[3,-31],[-1,-48],[0,-6],[1,-9],[2,1],[4,3],[3,-23],[6,-5],[-3,-28],[9,-8],[3,-27],[-20,-37],[-3,-5],[1,-22],[1,-12]],[[304507,562880],[0,-1],[-8,-8],[-65,-69],[-42,-69],[-58,-96],[-4,3],[-17,41]],[[311153,575174],[0,-29],[22,-38],[-18,-37],[10,-100],[22,-13],[38,-12],[10,-15],[-18,-101],[-19,-66],[-3,-14],[0,-3],[-12,-59],[-1,-8],[-1,-1],[-12,-22],[-9,-16],[-10,-31],[-10,-10],[-6,-54],[-29,-2],[-30,-3]],[[308680,594036],[-43,1],[-36,26]],[[308185,595204],[1,44],[6,30],[16,40],[19,59],[37,8],[15,13],[15,19],[-4,33],[0,20],[-7,7],[-4,33],[11,33],[5,21],[7,56],[5,21]],[[303994,563706],[-5,-30],[-13,-5],[-1,-9],[7,-2],[2,-12],[-5,-19],[-1,21],[-4,-5],[0,-23],[-6,9],[1,-18],[-9,-17],[-1,12],[-6,-16],[-5,1],[1,-32],[-4,-14],[-6,1],[-2,-14],[-4,3],[-3,-15],[5,-20],[-7,-18],[0,-9],[-4,0],[-4,-19],[-4,-3],[-5,-23],[-2,5],[1,23],[-8,-6],[0,-37],[-6,21],[-8,13],[-3,-3],[1,-19],[-4,-2],[-2,17],[-4,-2],[-2,-19],[-7,-24],[-9,-11],[0,-17],[-6,-23],[6,-1],[-2,-25],[-2,-1],[-10,24],[-1,-30],[8,-27],[11,-3],[12,-18],[7,2],[12,-12],[7,-19],[3,-16],[7,-11],[1,-19],[-9,-39],[14,-52],[-1,-4],[-19,-70],[-4,37],[-6,5],[-12,-11],[2,-16],[1,-3],[2,-27],[-7,-5],[-17,-62],[-18,-51],[-13,-37],[-6,-16],[-2,-4],[-52,-69],[-6,-12],[-9,-11],[-1,-40],[0,-68],[1,-9],[-24,-14],[-5,-3],[-8,-41],[3,-17],[2,-42],[6,-56],[5,-72],[7,-16],[5,-9],[68,75],[11,27],[17,58],[6,-32],[4,-13],[1,2],[5,-7],[5,-1],[1,-18],[1,-5],[2,-49]],[[308406,590187],[5,15],[19,71],[3,8],[11,12],[17,36],[13,21],[5,3],[-7,31],[-3,25],[3,48],[-3,42],[-5,29],[1,37],[78,-43],[20,-2],[15,-29],[7,-3],[10,8],[19,-19],[10,-16],[11,-4],[7,-16],[24,-38],[5,-11],[3,-50],[2,-34],[6,-21],[20,-1],[13,-18],[-9,-45],[-65,-94],[18,-41],[9,-19],[13,-5],[-1,-24],[7,-64],[7,-140],[-7,-36],[-31,-124],[-10,-54],[6,13],[16,5],[8,22],[17,-7],[15,-32],[-21,-50],[-26,-54],[9,-20],[6,-23],[1,-21],[12,-26],[5,-19],[1,-26],[8,-64],[4,-45],[-1,-24],[-4,-38]],[[303820,566468],[1,-33],[7,-45],[-1,-15],[1,-27],[7,-2],[4,-35],[3,-77],[2,-88],[3,-62],[0,-33],[-3,-23],[-9,-36],[4,-34],[0,-36],[-9,-41],[-1,-27],[4,1],[1,-40],[6,-19],[7,-50],[4,5],[2,-16],[1,-8],[3,-11],[-12,-45],[1,-19],[-5,-34],[-9,-41],[-5,-37],[0,-7],[2,-13],[1,-40],[1,-35],[11,-83]],[[310592,578673],[-21,46],[-48,14],[-36,18],[-29,-54],[16,-68],[31,-16],[34,-41],[31,-122],[26,-23],[7,-45],[-15,-107],[-10,-97],[-24,-2],[-8,38],[-2,52],[-20,16],[-13,-45],[-48,58],[-34,71],[-27,10],[-9,4],[-23,-12],[-13,-32],[-10,-11],[-1,-59],[9,-52],[-14,7],[-8,-14],[2,-36],[-10,-20],[-7,11],[-7,-41],[-18,-13],[-10,-28],[-22,-20],[-16,-5],[1,-57]],[[304230,562950],[-2,8],[-17,55],[-16,52],[-4,14],[-1,0],[0,0],[-17,55],[-8,28],[-64,207],[0,1],[-1,0],[-16,53],[-26,80],[0,1],[-64,202]],[[313015,585000],[16,-66],[3,-63],[-6,-42],[-6,-21],[0,-42],[14,-57],[24,-63],[-1,-31],[-9,-72],[8,-122],[4,-63],[23,-65],[2,-99],[1,-79],[-15,-45],[-12,-52],[-22,-45],[-16,6],[-4,24],[7,62],[0,15],[-2,40],[-1,6],[-14,59],[-3,5],[-25,47],[-14,16],[-5,6],[-7,-1],[-22,-3],[-2,-11],[-14,-72],[-6,-20]],[[312892,584003],[43,-82],[-8,-65],[-2,-70],[10,-64],[5,-42],[33,-93],[19,-14],[15,24],[11,-54],[3,-63],[5,-49],[7,-57],[-3,-54],[-26,-35],[-14,-47],[-10,-66],[0,-56],[-30,-26],[-16,-52],[-13,-16],[-18,7],[-15,-21],[-10,-38],[2,-78],[8,-32],[8,-30],[6,-24],[-2,-20],[-61,-53],[-91,-49],[-20,6],[-1,23],[27,18],[6,48],[34,49],[3,29],[-8,69],[-7,34],[-2,3],[-2,4],[-3,-7]],[[308071,570554],[-2,-2],[-15,-9],[0,0],[-4,-19],[-9,-39],[-21,-35],[-21,-34],[-163,-269],[-161,-292],[-90,-176],[-56,-124]],[[304828,563226],[-4,-3],[-6,-5],[-8,-6],[-13,-34],[-34,-38],[-63,-56],[-13,-12],[-29,-32],[-56,-59],[-2,-2],[-71,-76],[-22,-23]],[[311060,586947],[2,-24],[11,0],[3,5]],[[311228,584108],[-276,53],[-304,65],[-55,10]],[[306869,568089],[-15,-60],[-7,-43],[-13,-59],[-8,-30],[-14,-64],[0,-26],[7,-36],[5,-2],[12,22],[24,-20],[11,15],[4,-2],[8,15],[8,-28],[-75,-235],[-34,-143],[-30,-130],[-10,-41],[-2,-8],[0,0],[-4,-17],[-17,-69]],[[306408,568072],[0,0],[32,5],[17,-5],[20,-17],[17,-22],[0,3],[18,-24],[14,-12],[68,-33],[9,61],[-4,-4],[0,0],[-11,8],[-7,-4],[-11,-17],[-8,0],[-12,12],[-1,-10],[-30,16],[6,97],[14,28],[2,43],[-6,26],[-9,14],[-8,26],[39,29],[2,27],[10,47],[-7,83],[2,19],[34,57],[-7,19],[1,12],[-6,33],[7,27],[-10,22]],[[311664,592822],[-18,-11],[13,-165],[-7,-3],[-2,-69],[17,-29],[-120,-7],[-26,-142],[-12,20],[-18,1],[-37,-3],[-7,-23],[-22,-38],[-14,-40],[-3,-17],[0,-23],[-3,-18],[-8,-58],[1,-14]],[[302179,569463],[-29,92],[-15,48],[-78,263]],[[301088,576988],[10,7],[5,7],[7,13],[18,6],[16,2],[23,12],[61,56],[16,2],[32,-25],[7,-12],[19,-14],[4,-16],[4,3]],[[301487,576532],[-6,-32],[-24,-50],[-13,-16],[-25,-17],[-8,-2],[-68,-73],[-16,-14],[-9,-18],[-13,-34]],[[310091,591198],[-14,-20],[-26,-34]],[[309390,572317],[-2,0],[0,0],[-28,-17],[-4,-2],[-40,-23],[-5,-2],[-1,-1],[-53,-32],[-2,-2],[-27,-15],[-7,-4],[-15,-9],[-7,-4],[-70,-48],[-4,-2],[-9,-7],[-39,-29],[-11,-8],[-60,-50],[0,-1],[-3,-2],[-6,-5],[-24,-23],[-35,-31],[-59,-58],[-20,-21],[-17,-19],[-3,-4],[-17,-22],[-3,-1],[-10,-3],[-5,17],[1,14],[0,1],[3,15],[7,7],[0,19],[-1,31],[3,10],[1,-3],[4,-8],[5,0],[9,18],[1,16],[8,9],[8,5],[5,19],[11,14],[8,10],[16,16],[7,19],[8,0],[8,5],[1,2],[13,15],[31,24],[8,14],[19,16],[14,11],[6,3],[14,7],[12,13],[19,16],[12,16],[5,-7],[2,-11],[0,-5],[6,-20],[1,-5],[6,-2],[10,12],[8,-10],[7,12],[7,6],[11,-2],[7,-2],[15,17],[1,0],[6,-1],[9,8],[10,3],[4,6],[8,11],[8,0],[13,-2],[11,13],[12,4],[15,1],[14,7],[12,-2],[6,9],[13,7],[17,9],[8,5],[6,13],[6,1],[4,1],[15,3],[6,1],[30,17],[3,2],[1,1]],[[305766,568314],[-1,-1],[1,14],[10,37],[2,46],[-1,10],[-8,26],[-15,4],[-14,2],[-2,-22],[-8,-23],[-12,-3],[-18,10],[-5,12],[-19,9],[-9,25],[-6,6],[-5,-12],[-8,23],[-10,15],[-2,6],[-15,34],[-10,-82],[-1,-6],[0,-4],[-5,-47],[-1,-3],[-5,-42],[-9,-79],[-12,15],[-1,-17],[-22,5],[-2,-73],[-3,-9],[-35,18],[0,-9],[3,-35],[0,-21],[3,-47],[-6,-65],[-5,-36],[2,-3],[25,-35],[-14,-106],[-15,-79],[-103,161]],[[310755,582139],[-1,19],[6,14],[5,53],[-5,36],[4,12],[-2,17],[1,20],[10,14],[0,26],[10,43],[17,37],[9,45],[0,2],[-7,19],[-11,-19],[-18,40],[-5,20],[-11,-7],[-7,-4],[-5,-32],[-13,0],[-12,-49],[-10,-127],[-9,-29],[-27,-32],[-24,29],[-17,5],[-20,-37],[-14,-40],[-22,31],[-21,-7],[-10,-42],[-18,34],[-24,18],[-19,-55],[-16,67],[-26,45],[-36,27],[-22,-9],[-1,0],[-31,-2],[-14,-21],[-4,-17],[-8,-41],[-2,-1],[-16,-4],[-13,-34],[-5,-14],[-12,-31],[-20,-77],[-14,-39],[-12,-35],[13,-56],[18,-23],[22,-97],[4,-75],[15,-47],[37,-41],[17,-23],[-7,-40],[-9,-79],[3,-43],[-4,-54],[-4,-61],[-9,-32],[10,-140],[34,-79],[-7,-47],[11,-48],[10,-25],[-2,-52],[-4,-58],[5,-36],[9,6],[12,-81],[2,-63],[3,-50],[13,-43],[4,-63],[-9,-13],[-24,20],[-32,-3],[-31,57],[-23,25],[-22,6],[-32,37],[-54,43],[-21,36],[-18,74],[0,48],[-5,29],[6,41],[-8,29],[-8,-8]],[[310963,574696],[-10,-37],[2,-73],[-8,-71],[-7,-109],[4,-80],[-9,-155],[-11,-36],[9,-70],[-9,-53],[-11,-11],[-17,68],[-11,-13],[-11,-30],[-9,-68],[-8,-50],[-22,-34],[-2,-2]],[[310773,574038],[-4,29],[-5,14],[3,6],[2,9],[14,134]],[[313243,578545],[-7,-9],[-5,-6],[-59,-67],[-37,-49],[-27,-34],[-30,-41],[-35,-24],[-8,17],[6,28],[19,16],[11,-5],[21,26],[29,57],[7,13],[11,22],[6,47],[0,32],[16,43],[6,41],[17,66],[16,27],[2,-48],[0,-36],[6,-43],[4,-36],[21,13],[4,-11]],[[301831,574139],[-2,9],[1,19],[3,-2],[-2,24],[8,4],[2,36],[4,-2],[2,18],[3,-2],[1,16],[8,18],[-4,17],[5,2],[4,20],[-3,29],[-1,25],[2,6],[-12,55],[1,15],[-4,32],[-2,28],[5,-2],[-1,25],[-2,19],[-7,16],[1,26],[-5,29],[-1,36],[-3,9],[0,18],[-2,15],[0,29],[-4,64],[4,26],[-5,27],[4,7],[-2,8]],[[306139,566492],[0,18],[5,86]],[[312071,583787],[-4,-76],[-3,-71],[11,-61],[18,-23],[16,7],[14,36],[14,9],[16,41],[18,83],[0,94]],[[312556,583494],[-3,2],[-2,-17],[8,-28],[4,-73],[9,-18],[-1,-62],[-27,-266],[-15,-32],[2,-33],[21,-41],[9,-74],[13,-33],[-1,-36],[3,-39],[-12,-18],[-24,10],[-10,-34],[-18,-20],[-5,-72],[-28,-12],[-19,-25],[-5,-58],[4,-41],[19,2],[17,-4],[-13,-36],[0,-59],[-17,-36],[-36,-47],[-43,-16],[-25,-48],[-14,-40],[-4,-30],[7,-42],[-20,-83],[-18,40],[-13,0],[-9,-39],[-12,-29],[-6,-59],[12,5],[19,-18],[7,-35],[15,-33],[4,-50],[-3,-32],[-31,-31],[-36,-52],[-13,-22],[-21,-112],[-5,-56],[-1,-20],[3,-61],[-8,-72],[-10,-52],[-9,-36],[-20,-43],[-12,-52],[1,-68],[5,-95],[-6,-66],[-18,-54],[-4,-62],[-16,-4],[-12,15],[-6,56],[3,43],[-9,50],[-10,12],[-3,45],[-25,26],[-15,27],[-19,-8],[-5,-43],[9,-66],[13,-29],[-2,-18],[-26,-14],[-8,-27],[11,-51],[-10,-32],[-21,-9],[-3,-37],[11,-64],[-2,-41],[-32,-10],[-4,-41],[-7,-27],[7,-36],[9,-7],[6,-34],[16,11],[22,3],[7,-28],[-4,-21],[-11,-10],[-13,-116],[-5,4],[-20,17],[-3,-3],[-36,-31],[-5,-32],[-3,-21],[-7,-47],[-20,5],[-19,-28]],[[309938,576021],[-7,-16],[-4,-10],[-16,-24],[-20,-30],[-27,-7],[-1,0],[-21,-89],[-10,-29],[-12,-65],[-61,-35],[-15,-29],[-15,-28],[-1,-2],[-8,-57],[-7,33],[-3,15],[-5,0],[-10,1],[-28,35],[-46,114],[-4,10],[-10,36],[-11,38],[-14,34],[-11,25],[-17,43],[-29,56]],[[310674,573263],[-7,5],[0,0],[-2,-27],[-3,-26],[-3,-2],[-11,-7],[-9,-18],[-22,-32],[6,-33],[7,-44],[0,-1]],[[311939,590609],[-31,63],[-12,41],[-12,154],[-21,37],[-44,116],[-5,43],[-9,21],[-5,-4],[-6,-6],[-4,-15],[-58,7],[-30,33],[-3,56],[-24,62],[-39,-15],[-31,-54],[-19,37],[-2,0],[-11,3],[-3,1],[-16,4],[-9,3],[-3,-5]]],"objects":{"cb_2020_us_zcta520_500k":{"type":"GeometryCollection","geometries":[{"arcs":[[[0,1]],[[2,3]],[[4,5,6]],[[7,8,9,10,11,12,13]]],"type":"MultiPolygon","properties":{"ZCTA5CE20":"28560"}},{"arcs":[[16,-14,17,-4,18,-7,19,20,21,22,23]],"type":"Polygon","properties":{"ZCTA5CE20":"28562"}},{"arcs":[[24,25,26,27,28,29],[30],[31]],"type":"Polygon","properties":{"ZCTA5CE20":"27332"}},{"arcs":[[32,33,34,35,36,37,38,39,40,41,42,43,44]],"type":"Polygon","properties":{"ZCTA5CE20":"27983"}},{"arcs":[[[45]],[[46,47,48,49,50,51],[52]]],"type":"MultiPolygon","properties":{"ZCTA5CE20":"27707"}},{"arcs":[[53,54,55,56,57,58,59,60,61,62,63,64]],"type":"Polygon","properties":{"ZCTA5CE20":"27886"}},{"arcs":[[65,66,67,68,69,70]],"type":"Polygon","properties":{"ZCTA5CE20":"28318"}},{"arcs":[[71]],"type":"Polygon","properties":{"ZCTA5CE20":"28362"}},{"arcs":[[72,73,74,75,76,77,78,79,80]],"type":"Polygon","properties":{"ZCTA5CE20":"27889"}},{"arcs":[[84,85,86,87,88,89,90,91],[92]],"type":"Polygon","properties":{"ZCTA5CE20":"28458"}},{"arcs":[[97,98,99,100,101,102,103]],"type":"Polygon","properties":{"ZCTA5CE20":"27562"}},{"arcs":[[106,107,108,109,110,111]],"type":"Polygon","properties":{"ZCTA5CE20":"29574"}},{"arcs":[[112,-29,113,114,115,116]],"type":"Polygon","properties":{"ZCTA5CE20":"28326"}},{"arcs":[[117,118,119,120,121,122,123,124]],"type":"Polygon","properties":{"ZCTA5CE20":"27542"}},{"arcs":[[-31]],"type":"Polygon","properties":{"ZCTA5CE20":"28355"}},{"arcs":[[125,126,127,128,129,130,131]],"type":"Polygon","properties":{"ZCTA5CE20":"29526"}},{"arcs":[[132,-102,133,134,135,136,137,138,139,140,141,142]],"type":"Polygon","properties":{"ZCTA5CE20":"27526"}},{"arcs":[[143,144]],"type":"Polygon","properties":{"ZCTA5CE20":"27878"}},{"arcs":[[145]],"type":"Polygon","properties":{"ZCTA5CE20":"28359"}},{"arcs":[[-111,146]],"type":"Polygon","properties":{"ZCTA5CE20":"29589"}},{"arcs":[[148,149,150,151,152,153,154,155]],"type":"Polygon","properties":{"ZCTA5CE20":"29161"}},{"arcs":[[156,157,158,159,160,161]],"type":"Polygon","properties":{"ZCTA5CE20":"28570"}},{"arcs":[[[162,163]],[[164,165,166,167,168,169]]],"type":"MultiPolygon","properties":{"ZCTA5CE20":"27858"}},{"arcs":[[170,171,172,173,174,175]],"type":"Polygon","properties":{"ZCTA5CE20":"27608"}},{"arcs":[[176,177,178,179,180,181,182,183,184,185,186]],"type":"Polygon","properties":{"ZCTA5CE20":"28365"}},{"arcs":[[187,188,189,190,191,192,193,194]],"type":"Polygon","properties":{"ZCTA5CE20":"27504"}},{"arcs":[[-109,195,196,197,-131,198,199,200]],"type":"Polygon","properties":{"ZCTA5CE20":"29544"}},{"arcs":[[201,202,203,204,205,206,207]],"type":"Polygon","properties":{"ZCTA5CE20":"28438"}},{"arcs":[[208]],"type":"Polygon","properties":{"ZCTA5CE20":"27861"}},{"arcs":[[209]],"type":"Polygon","properties":{"ZCTA5CE20":"28424"}},{"arcs":[[210]],"type":"Polygon","properties":{"ZCTA5CE20":"27555"}},{"arcs":[[211,212,213,214,215,216,217,218]],"type":"Polygon","properties":{"ZCTA5CE20":"29440"}},{"arcs":[[[219]],[[220,221,222,223,-135,224,-100]]],"type":"MultiPolygon","properties":{"ZCTA5CE20":"27539"}},{"arcs":[[-224,225,226,-174,227,228,229,230,231,-136]],"type":"Polygon","properties":{"ZCTA5CE20":"27603"}},{"arcs":[[232,233,-61]],"type":"Polygon","properties":{"ZCTA5CE20":"27819"}},{"arcs":[[235,236,237,238,239]],"type":"Polygon","properties":{"ZCTA5CE20":"29540"}},{"arcs":[[240,241,242,243,244,245]],"type":"Polygon","properties":{"ZCTA5CE20":"28433"}},{"arcs":[[246,247,248,249,250]],"type":"Polygon","properties":{"ZCTA5CE20":"28551"}},{"arcs":[[[251,252,253,254,255,256,257,258]],[[259,260]]],"type":"MultiPolygon","properties":{"ZCTA5CE20":"27831"}},{"arcs":[[261,262,263,264,265,266,267,268,269,270]],"type":"Polygon","properties":{"ZCTA5CE20":"27822"}},{"arcs":[[271,272]],"type":"Polygon","properties":{"ZCTA5CE20":"27841"}},{"arcs":[[273,274,275,276,277,-112,-147,-110,-201,278,279,280,281,282]],"type":"Polygon","properties":{"ZCTA5CE20":"29571"}},{"arcs":[[283,284,-282,285,286,287,288,289,290]],"type":"Polygon","properties":{"ZCTA5CE20":"29583"}},{"arcs":[[291,292,-214,293,294,295]],"type":"Polygon","properties":{"ZCTA5CE20":"29554"}},{"arcs":[[296,297,298,299,300,301,302,303,304,305,306,307]],"type":"Polygon","properties":{"ZCTA5CE20":"28376"}},{"arcs":[[309,310]],"type":"Polygon","properties":{"ZCTA5CE20":"27873"}},{"arcs":[[-166,311,-163,312]],"type":"Polygon","properties":{"ZCTA5CE20":"27879"}},{"arcs":[[313,314,315,316,317,318,-277,319],[320]],"type":"Polygon","properties":{"ZCTA5CE20":"29536"}},{"arcs":[[321,322,323,324,-271,325,326,327,328]],"type":"Polygon","properties":{"ZCTA5CE20":"27882"}},{"arcs":[[329,330]],"type":"Polygon","properties":{"ZCTA5CE20":"28375"}},{"arcs":[[331,332,333,334,335,336,337,338,339,-70]],"type":"Polygon","properties":{"ZCTA5CE20":"28382"}},{"arcs":[[340,341,342,343,344,345,346,347]],"type":"Polygon","properties":{"ZCTA5CE20":"28383"}},{"arcs":[[348,349,350,351,352,353]],"type":"Polygon","properties":{"ZCTA5CE20":"28462"}},{"arcs":[[354,-88,355,356,357,358,359,360,361,-90]],"type":"Polygon","properties":{"ZCTA5CE20":"28466"}},{"arcs":[[362,363,-116,364,-298,365]],"type":"Polygon","properties":{"ZCTA5CE20":"28394"}},{"arcs":[[366,367,368,369,370,371],[372]],"type":"Polygon","properties":{"ZCTA5CE20":"28501"}},{"arcs":[[373,374,375,376,377,378,-349,379,380,381,382,383,384],[385]],"type":"Polygon","properties":{"ZCTA5CE20":"28420"}},{"arcs":[[386,387,388,-168,389,390,391,392,393]],"type":"Polygon","properties":{"ZCTA5CE20":"28513"}},{"arcs":[[-12,394]],"type":"Polygon","properties":{"ZCTA5CE20":"28519"}},{"arcs":[[395,396,397,398]],"type":"Polygon","properties":{"ZCTA5CE20":"28528"}},{"arcs":[[[-373]],[[-392,399,400,-368,401]]],"type":"MultiPolygon","properties":{"ZCTA5CE20":"28530"}},{"arcs":[[402,-360,403,404,405,406,407]],"type":"Polygon","properties":{"ZCTA5CE20":"28425"}},{"arcs":[[-339,408,-92,409,410,411]],"type":"Polygon","properties":{"ZCTA5CE20":"28441"}},{"arcs":[[-405,412,413,414,415,416]],"type":"Polygon","properties":{"ZCTA5CE20":"28443"}},{"arcs":[[417]],"type":"Polygon","properties":{"ZCTA5CE20":"28533"}},{"arcs":[[-386]],"type":"Polygon","properties":{"ZCTA5CE20":"28452"}},{"arcs":[[-406,-417,418,419,420,421]],"type":"Polygon","properties":{"ZCTA5CE20":"28457"}},{"arcs":[[422,423,424,-371,425,426,427,428]],"type":"Polygon","properties":{"ZCTA5CE20":"28572"}},{"arcs":[[429,430,431,432]],"type":"Polygon","properties":{"ZCTA5CE20":"28575"}},{"arcs":[[433,434]],"type":"Polygon","properties":{"ZCTA5CE20":"28587"}},{"arcs":[[435,436]],"type":"Polygon","properties":{"ZCTA5CE20":"28589"}},{"arcs":[[437,438,439,440,441,442]],"type":"Polygon","properties":{"ZCTA5CE20":"27591"}},{"arcs":[[[-232,443,-188,444,-137]],[[445,-139]]],"type":"MultiPolygon","properties":{"ZCTA5CE20":"27592"}},{"arcs":[[446,447,448,449]],"type":"Polygon","properties":{"ZCTA5CE20":"27596"}},{"arcs":[[-449,450,451,-329,452,453,454,-439,455]],"type":"Polygon","properties":{"ZCTA5CE20":"27597"}},{"arcs":[[461,462,463,-308,464,465,466,467]],"type":"Polygon","properties":{"ZCTA5CE20":"28315"}},{"arcs":[[468,469,470,-241,471,-203,472]],"type":"Polygon","properties":{"ZCTA5CE20":"28320"}},{"arcs":[[473,474,-288,475,-295,476,-460,477,478,479]],"type":"Polygon","properties":{"ZCTA5CE20":"29560"}},{"arcs":[[480,481,-269,482,483,484,-120],[485]],"type":"Polygon","properties":{"ZCTA5CE20":"27893"}},{"arcs":[[486,487,488,489,490,491]],"type":"Polygon","properties":{"ZCTA5CE20":"27909"}},{"arcs":[[492,493,-117,-364,494,495,496,497,498]],"type":"Polygon","properties":{"ZCTA5CE20":"28327"}},{"arcs":[[499,500,501,502,-85,-409,-338,503,-336]],"type":"Polygon","properties":{"ZCTA5CE20":"28328"}},{"arcs":[[504,505,506,507]],"type":"Polygon","properties":{"ZCTA5CE20":"27920"}},{"arcs":[[-508,508,509,510]],"type":"Polygon","properties":{"ZCTA5CE20":"27936"}},{"arcs":[[[511]],[[512,513,-490,514,515,516],[517]]],"type":"MultiPolygon","properties":{"ZCTA5CE20":"27944"}},{"arcs":[[518,519,-411,520,521,522,-242,-471,523,524]],"type":"Polygon","properties":{"ZCTA5CE20":"28337"}},{"arcs":[[525,-54,526,527,528]],"type":"Polygon","properties":{"ZCTA5CE20":"27809"}},{"arcs":[[529,530,531,532]],"type":"Polygon","properties":{"ZCTA5CE20":"29575"}},{"arcs":[[533,534]],"type":"Polygon","properties":{"ZCTA5CE20":"27967"}},{"arcs":[[535,536,537],[538]],"type":"Polygon","properties":{"ZCTA5CE20":"28348"}},{"arcs":[[-363,539,-495]],"type":"Polygon","properties":{"ZCTA5CE20":"28350"}},{"arcs":[[540,541,542,543,544]],"type":"Polygon","properties":{"ZCTA5CE20":"27823"}},{"arcs":[[549,550,551,-473,-202,552,553],[-146]],"type":"Polygon","properties":{"ZCTA5CE20":"28358"}},{"arcs":[[554,555,556,557,-342,558,-348,559,560,561]],"type":"Polygon","properties":{"ZCTA5CE20":"28364"}},{"arcs":[[-192,562,-187,563,-500,-335,564]],"type":"Polygon","properties":{"ZCTA5CE20":"28366"}},{"arcs":[[-330,565,-553,-208,566,567,568]],"type":"Polygon","properties":{"ZCTA5CE20":"28369"}},{"arcs":[[569,570,571,572,573,574,575,576,577,578,-237,579]],"type":"Polygon","properties":{"ZCTA5CE20":"29512"}},{"arcs":[[580,-63,581,-266]],"type":"Polygon","properties":{"ZCTA5CE20":"27852"}},{"arcs":[[582,583,584,585,586,587]],"type":"Polygon","properties":{"ZCTA5CE20":"27855"}},{"arcs":[[588,-148,589,590,-570,591,-548,592]],"type":"Polygon","properties":{"ZCTA5CE20":"29520"}},{"arcs":[[593,594,-44,595,-42,596,597,-273,598,599,600]],"type":"Polygon","properties":{"ZCTA5CE20":"27857"}},{"arcs":[[601,-576]],"type":"Polygon","properties":{"ZCTA5CE20":"29594"}},{"arcs":[[602,603,604,605,-143,606,-30,-113,-494,607]],"type":"Polygon","properties":{"ZCTA5CE20":"27330"}},{"arcs":[[608]],"type":"Polygon","properties":{"ZCTA5CE20":"27340"}},{"arcs":[[611,612,-189,-444,-231]],"type":"Polygon","properties":{"ZCTA5CE20":"27529"}},{"arcs":[[613,-141,614,615,616,617,618,619,-27,620],[621]],"type":"Polygon","properties":{"ZCTA5CE20":"27546"}},{"arcs":[[622,623,624,625,626,-605,627,628,629,630]],"type":"Polygon","properties":{"ZCTA5CE20":"27207"}},{"arcs":[[631,632,633,634,635,-178,636],[637]],"type":"Polygon","properties":{"ZCTA5CE20":"27530"}},{"arcs":[[638,-247,639,640,641,-634]],"type":"Polygon","properties":{"ZCTA5CE20":"27534"}},{"arcs":[[-328,646,647,-118,648,-453]],"type":"Polygon","properties":{"ZCTA5CE20":"27557"}},{"arcs":[[-103,-133,-606,-627,649]],"type":"Polygon","properties":{"ZCTA5CE20":"27559"}},{"arcs":[[[650,651]],[[652,653,654,655,656,657],[658]]],"type":"MultiPolygon","properties":{"ZCTA5CE20":"27560"}},{"arcs":[[-83,659,660,-447,661,662]],"type":"Polygon","properties":{"ZCTA5CE20":"27525"}},{"arcs":[[663,664,665,666,-625,667,-623,668,669]],"type":"Polygon","properties":{"ZCTA5CE20":"27344"}},{"arcs":[[671,672,673,674,675,-104,-650,-626,-667]],"type":"Polygon","properties":{"ZCTA5CE20":"27312"}},{"arcs":[[676,677]],"type":"Polygon","properties":{"ZCTA5CE20":"27827"}},{"arcs":[[-287,678,-296,-476]],"type":"Polygon","properties":{"ZCTA5CE20":"29555"}},{"arcs":[[-446,-138,-445,-195,679,-615,-140]],"type":"Polygon","properties":{"ZCTA5CE20":"27501"}},{"arcs":[[680,681,682,-529,683,684,-262,-325]],"type":"Polygon","properties":{"ZCTA5CE20":"27856"}},{"arcs":[[[685,-290,686]],[[-154,687,688,-289,-475,689]]],"type":"MultiPolygon","properties":{"ZCTA5CE20":"29591"}},{"arcs":[[-199,-130,690,691,692,-215,-293,693]],"type":"Polygon","properties":{"ZCTA5CE20":"29527"}},{"arcs":[[-379,694,695,696,697,698,-350]],"type":"Polygon","properties":{"ZCTA5CE20":"28422"}},{"arcs":[[699,700,701,702,703,-190,-613],[704],[705]],"type":"Polygon","properties":{"ZCTA5CE20":"27520"}},{"arcs":[[-454,-649,-125,706,707,708,709,710],[-211]],"type":"Polygon","properties":{"ZCTA5CE20":"27576"}},{"arcs":[[711,712,-291,-686,713,-688,-153]],"type":"Polygon","properties":{"ZCTA5CE20":"29541"}},{"arcs":[[714,715]],"type":"Polygon","properties":{"ZCTA5CE20":"27697"}},{"arcs":[[729,730,-428,731,732,-356,-87]],"type":"Polygon","properties":{"ZCTA5CE20":"28518"}},{"arcs":[[[-53]],[[-50,736,737,738,-653,739,740,741]]],"type":"MultiPolygon","properties":{"ZCTA5CE20":"27713"}},{"arcs":[[-628,-604,742]],"type":"Polygon","properties":{"ZCTA5CE20":"27256"}},{"arcs":[[743,744,745,746,747,748,-522]],"type":"Polygon","properties":{"ZCTA5CE20":"28448"}},{"arcs":[[749,750,-309,751,752,753,754,755,-717]],"type":"Polygon","properties":{"ZCTA5CE20":"27278"}},{"arcs":[[[756]],[[-662,-450,-456,-438,757,758,759,760,761],[762],[763],[764]]],"type":"MultiPolygon","properties":{"ZCTA5CE20":"27587"}},{"arcs":[[-754,765,766,767,-47,768],[769]],"type":"Polygon","properties":{"ZCTA5CE20":"27705"}},{"arcs":[[-747,770,-407,-422,771,772,773]],"type":"Polygon","properties":{"ZCTA5CE20":"28435"}},{"arcs":[[-704,774,775,-637,-177,-563,-191]],"type":"Polygon","properties":{"ZCTA5CE20":"27524"}},{"arcs":[[-643,776,-105,777,-16,778,779,780]],"type":"Polygon","properties":{"ZCTA5CE20":"27589"}},{"arcs":[[781,782]],"type":"Polygon","properties":{"ZCTA5CE20":"27821"}},{"arcs":[[783,784,-761,785,786,-652,787,-654,-739,788,-737,-49,789]],"type":"Polygon","properties":{"ZCTA5CE20":"27703"}},{"arcs":[[790,791,792,-630,793,-608,-493,794,795,-611]],"type":"Polygon","properties":{"ZCTA5CE20":"27325"}},{"arcs":[[796,-644,-781,797,798,-323,799,-451,-448,-661]],"type":"Polygon","properties":{"ZCTA5CE20":"27549"}},{"arcs":[[800]],"type":"Polygon","properties":{"ZCTA5CE20":"27695"}},{"arcs":[[802,803,804,-283,-285,805,806]],"type":"Polygon","properties":{"ZCTA5CE20":"29506"}},{"arcs":[[-313,-164,-312,-165,807,-80,808,809,-390,-167]],"type":"Polygon","properties":{"ZCTA5CE20":"27837"}},{"arcs":[[-645,-797,-660,-82]],"type":"Polygon","properties":{"ZCTA5CE20":"27544"}},{"arcs":[[-671,-718,-756,810,811,812,813,-674,814],[815]],"type":"Polygon","properties":{"ZCTA5CE20":"27516"}},{"arcs":[[-814,816,-51,-742,817,-675],[-46]],"type":"Polygon","properties":{"ZCTA5CE20":"27517"}},{"arcs":[[-677,818,-62,-234,819,820,821,-81,-808,-170,822,-388,823,824],[825]],"type":"Polygon","properties":{"ZCTA5CE20":"27834"}},{"arcs":[[[-539]],[[826,827,828,829,830,831,-538,832,-302]]],"type":"MultiPolygon","properties":{"ZCTA5CE20":"28306"}},{"arcs":[[833,834,835,-594,836,-56,837,-543,838]],"type":"Polygon","properties":{"ZCTA5CE20":"27874"}},{"arcs":[[839,-715,840,841,842,-441,843,-700,-612,-230],[844]],"type":"Polygon","properties":{"ZCTA5CE20":"27610"}},{"arcs":[[845,-544,-838,-55,-526,-683]],"type":"Polygon","properties":{"ZCTA5CE20":"27891"}},{"arcs":[[-597,-41,846,-74,847],[848]],"type":"Polygon","properties":{"ZCTA5CE20":"27892"}},{"arcs":[[-185,849]],"type":"Polygon","properties":{"ZCTA5CE20":"28325"}},{"arcs":[[850,851,852,-193,-565,-334,853,854,855,856]],"type":"Polygon","properties":{"ZCTA5CE20":"28334"}},{"arcs":[[-472,-246,857,858,-375,859,860,861,862,863,864,-204],[-210]],"type":"Polygon","properties":{"ZCTA5CE20":"28472"}},{"arcs":[[-483,-268,865,866,-311,867,868,869,870]],"type":"Polygon","properties":{"ZCTA5CE20":"27883"}},{"arcs":[[[871]],[[872,873,874,875]]],"type":"MultiPolygon","properties":{"ZCTA5CE20":"27885"}},{"arcs":[[-15,876,877,878,879,880,881,882,883,-541,884,885]],"type":"Polygon","properties":{"ZCTA5CE20":"27850"}},{"arcs":[[-361,-403,886,887,888]],"type":"Polygon","properties":{"ZCTA5CE20":"28478"}},{"arcs":[[889,890,891,892,-697,893]],"type":"Polygon","properties":{"ZCTA5CE20":"28479"}},{"arcs":[[-250,894,895,-372,-425,896,897]],"type":"Polygon","properties":{"ZCTA5CE20":"28504"}},{"arcs":[[-239,898,-803,899,-151,-458],[900]],"type":"Polygon","properties":{"ZCTA5CE20":"29532"}},{"arcs":[[-586,902,903,904,-535,905,-34,906,907]],"type":"Polygon","properties":{"ZCTA5CE20":"27910"}},{"arcs":[[908,909]],"type":"Polygon","properties":{"ZCTA5CE20":"28342"}},{"arcs":[[-108,910,911,-568,912,913,914,915,-196]],"type":"Polygon","properties":{"ZCTA5CE20":"29581"}},{"arcs":[[-225,-134,-101],[-220]],"type":"Polygon","properties":{"ZCTA5CE20":"27540"}},{"arcs":[[-741,916,917,918,919,-98,-676,-818]],"type":"Polygon","properties":{"ZCTA5CE20":"27523"}},{"arcs":[[920,921,-710,922,-775,-703]],"type":"Polygon","properties":{"ZCTA5CE20":"27577"}},{"arcs":[[923,924,-71,-340,-412,-520,925,-830,926]],"type":"Polygon","properties":{"ZCTA5CE20":"28312"}},{"arcs":[[927,928,929,-827,-301],[930]],"type":"Polygon","properties":{"ZCTA5CE20":"28304"}},{"arcs":[[931,-258,932,933,-883]],"type":"Polygon","properties":{"ZCTA5CE20":"27870"}},{"arcs":[[-893,934,935,936,-698]],"type":"Polygon","properties":{"ZCTA5CE20":"28461"}},{"arcs":[[-816]],"type":"Polygon","properties":{"ZCTA5CE20":"27510"}},{"arcs":[[-175,-227,937,938]],"type":"Polygon","properties":{"ZCTA5CE20":"27605"}},{"arcs":[[939,940,941,-555,942,943]],"type":"Polygon","properties":{"ZCTA5CE20":"28352"}},{"arcs":[[945,-782,946,947,948,949,950,951,952]],"type":"Polygon","properties":{"ZCTA5CE20":"27806"}},{"arcs":[[953,954,955,956,957]],"type":"Polygon","properties":{"ZCTA5CE20":"29572"}},{"arcs":[[-159,958,959,960,961,-399,962,963]],"type":"Polygon","properties":{"ZCTA5CE20":"28516"}},{"arcs":[[964]],"type":"Polygon","properties":{"ZCTA5CE20":"28542"}},{"arcs":[[965]],"type":"Polygon","properties":{"ZCTA5CE20":"27815"}},{"arcs":[[966,-736]],"type":"Polygon","properties":{"ZCTA5CE20":"28367"}},{"arcs":[[967,968]],"type":"Polygon","properties":{"ZCTA5CE20":"27877"}},{"arcs":[[969]],"type":"Polygon","properties":{"ZCTA5CE20":"28509"}},{"arcs":[[970,-681,-324,-799]],"type":"Polygon","properties":{"ZCTA5CE20":"27816"}},{"arcs":[[-497,971,-463,972]],"type":"Polygon","properties":{"ZCTA5CE20":"28374"}},{"arcs":[[973,974,975,976,977]],"type":"Polygon","properties":{"ZCTA5CE20":"28480"}},{"arcs":[[[-765]],[[-764]]],"type":"MultiPolygon","properties":{"ZCTA5CE20":"27571"}},{"arcs":[[978,-525,979,-469,-552,980,-831]],"type":"Polygon","properties":{"ZCTA5CE20":"28392"}},{"arcs":[[981,982,-162,983,984]],"type":"Polygon","properties":{"ZCTA5CE20":"28584"}},{"arcs":[[985,986,987,-502]],"type":"Polygon","properties":{"ZCTA5CE20":"28393"}},{"arcs":[[988,989,990]],"type":"Polygon","properties":{"ZCTA5CE20":"28543"}},{"arcs":[[[991]],[[992]],[[993,-990,994,995,996,997,998]]],"type":"MultiPolygon","properties":{"ZCTA5CE20":"28547"}},{"arcs":[[-518]],"type":"Polygon","properties":{"ZCTA5CE20":"27985"}},{"arcs":[[999,1000,1001,1002,1003]],"type":"Polygon","properties":{"ZCTA5CE20":"28311"}},{"arcs":[[[-826]],[[-823,-169,-389]]],"type":"MultiPolygon","properties":{"ZCTA5CE20":"28590"}},{"arcs":[[1004,1005,1006,1007,1008,-919]],"type":"Polygon","properties":{"ZCTA5CE20":"27511"}},{"arcs":[[1009,1010,1011,-492,1012,1013,1014]],"type":"Polygon","properties":{"ZCTA5CE20":"27979"}},{"arcs":[[1015,1016,-695,-378,1017]],"type":"Polygon","properties":{"ZCTA5CE20":"28436"}},{"arcs":[[-964,1018,-160]],"type":"Polygon","properties":{"ZCTA5CE20":"28557"}},{"arcs":[[[1019,1020,1021,-618]],[[1022,-619]]],"type":"MultiPolygon","properties":{"ZCTA5CE20":"28323"}},{"arcs":[[-280,1023]],"type":"Polygon","properties":{"ZCTA5CE20":"29519"}},{"arcs":[[1024,-982,1025]],"type":"Polygon","properties":{"ZCTA5CE20":"28582"}},{"arcs":[[1026,1027]],"type":"Polygon","properties":{"ZCTA5CE20":"27969"}},{"arcs":[[1028,1029,1030,-720]],"type":"Polygon","properties":{"ZCTA5CE20":"23828"}},{"arcs":[[-770]],"type":"Polygon","properties":{"ZCTA5CE20":"27708"}},{"arcs":[[-275,1031]],"type":"Polygon","properties":{"ZCTA5CE20":"29592"}},{"arcs":[[-692,1032,-532,1033,1034]],"type":"Polygon","properties":{"ZCTA5CE20":"29576"}},{"arcs":[[1035]],"type":"Polygon","properties":{"ZCTA5CE20":"28554"}},{"arcs":[[[-659]],[[-740,-658,1036,-917]]],"type":"MultiPolygon","properties":{"ZCTA5CE20":"27519"}},{"arcs":[[-380,-354,1037]],"type":"Polygon","properties":{"ZCTA5CE20":"28470"}},{"arcs":[[1038,1039,-935,-892]],"type":"Polygon","properties":{"ZCTA5CE20":"28449"}},{"arcs":[[1040,-851,1041,-1000,1042,-1021]],"type":"Polygon","properties":{"ZCTA5CE20":"28356"}},{"arcs":[[-988,1043,1044,-730,-86,-503]],"type":"Polygon","properties":{"ZCTA5CE20":"28453"}},{"arcs":[[1045,-640,-251,-898,1046,1047,-180]],"type":"Polygon","properties":{"ZCTA5CE20":"28578"}},{"arcs":[[1048,-909,-855]],"type":"Polygon","properties":{"ZCTA5CE20":"28331"}},{"arcs":[[1049,1050,-949]],"type":"Polygon","properties":{"ZCTA5CE20":"28552"}},{"arcs":[[1051,1052,1053,1054,-904]],"type":"Polygon","properties":{"ZCTA5CE20":"27922"}},{"arcs":[[1055,-1013,-491,-514,-513,1056],[-512]],"type":"Polygon","properties":{"ZCTA5CE20":"27919"}},{"arcs":[[-923,-709,1057,-707,-124,1058,-632,-776]],"type":"Polygon","properties":{"ZCTA5CE20":"27569"}},{"arcs":[[1059,-97,1060,-571,-591]],"type":"Polygon","properties":{"ZCTA5CE20":"29596"}},{"arcs":[[-668,-624]],"type":"Polygon","properties":{"ZCTA5CE20":"27213"}},{"arcs":[[1061]],"type":"Polygon","properties":{"ZCTA5CE20":"28531"}},{"arcs":[[1062,1063,-45,-595,-836]],"type":"Polygon","properties":{"ZCTA5CE20":"27849"}},{"arcs":[[-944,1064,-574,1065]],"type":"Polygon","properties":{"ZCTA5CE20":"28343"}},{"arcs":[[1066,1067,1068,-881]],"type":"Polygon","properties":{"ZCTA5CE20":"27842"}},{"arcs":[[1069,1070,-1057,-517,1071,1072]],"type":"Polygon","properties":{"ZCTA5CE20":"27980"}},{"arcs":[[1073,1074,-1026,-985,1075,-996,1076]],"type":"Polygon","properties":{"ZCTA5CE20":"28539"}},{"arcs":[[1077,-498,-973,-462,1078]],"type":"Polygon","properties":{"ZCTA5CE20":"27376"}},{"arcs":[[-181,-1048,1079,-423,1080]],"type":"Polygon","properties":{"ZCTA5CE20":"28508"}},{"arcs":[[-599,-272,-598,-848,-73,-822,1081,1082],[-209]],"type":"Polygon","properties":{"ZCTA5CE20":"27871"}},{"arcs":[[1083,1084,1085,1086,1087,-385,1088,1089,1090,1091,-914,1092]],"type":"Polygon","properties":{"ZCTA5CE20":"28463"}},{"arcs":[[-322,-452,-800]],"type":"Polygon","properties":{"ZCTA5CE20":"27508"}},{"arcs":[[[1093,1094,1095]],[[-365,-115,1096,1097,1098,1099,1100,-299]]],"type":"MultiPolygon","properties":{"ZCTA5CE20":"28310"}},{"arcs":[[1101,-921,-702]],"type":"Polygon","properties":{"ZCTA5CE20":"27593"}},{"arcs":[[1102,-978,1103,1104,1105]],"type":"Polygon","properties":{"ZCTA5CE20":"28403"}},{"arcs":[[-205,-865,1106,-863,1107,-1085,1108]],"type":"Polygon","properties":{"ZCTA5CE20":"28431"}},{"arcs":[[1109,1110,-36]],"type":"Polygon","properties":{"ZCTA5CE20":"27957"}},{"arcs":[[-155,-690,-474,1111,-646]],"type":"Polygon","properties":{"ZCTA5CE20":"29114"}},{"arcs":[[1112,-1077,-995]],"type":"Polygon","properties":{"ZCTA5CE20":"28544"}},{"arcs":[[-1082,-821,1113]],"type":"Polygon","properties":{"ZCTA5CE20":"27884"}},{"arcs":[[[-621,-26]],[[-142,-614,-25,-607]]],"type":"MultiPolygon","properties":{"ZCTA5CE20":"27505"}},{"arcs":[[1114,-947,-783,-946,1115,1116]],"type":"Polygon","properties":{"ZCTA5CE20":"27814"}},{"arcs":[[-1054,1117,1118,1119,1120]],"type":"Polygon","properties":{"ZCTA5CE20":"27942"}},{"arcs":[[-567,-207,1121,-1093,-913]],"type":"Polygon","properties":{"ZCTA5CE20":"28439"}},{"arcs":[[1122,1123]],"type":"Polygon","properties":{"ZCTA5CE20":"28378"}},{"arcs":[[1124,-812]],"type":"Polygon","properties":{"ZCTA5CE20":"27599"}},{"arcs":[[1125,-792]],"type":"Polygon","properties":{"ZCTA5CE20":"27259"}},{"arcs":[[-622]],"type":"Polygon","properties":{"ZCTA5CE20":"27506"}},{"arcs":[[1126,-723,1127,-253]],"type":"Polygon","properties":{"ZCTA5CE20":"27866"}},{"arcs":[[1128,1129,1130,1131,1132,1133,-834,1134]],"type":"Polygon","properties":{"ZCTA5CE20":"27869"}},{"arcs":[[-714,-687,-689]],"type":"Polygon","properties":{"ZCTA5CE20":"29530"}},{"arcs":[[[-341,-559]],[[1135,1136,-343,-558]]],"type":"MultiPolygon","properties":{"ZCTA5CE20":"28372"}},{"arcs":[[-1133,1139]],"type":"Polygon","properties":{"ZCTA5CE20":"27872"}},{"arcs":[[1140,1141,-873,1142]],"type":"Polygon","properties":{"ZCTA5CE20":"27875"}},{"arcs":[[1143,1144,-481,-119,-648]],"type":"Polygon","properties":{"ZCTA5CE20":"27880"}},{"arcs":[[-1138,-106,-729,1145,1146]],"type":"Polygon","properties":{"ZCTA5CE20":"23874"}},{"arcs":[[1147,1148,-1018,-377,1149]],"type":"Polygon","properties":{"ZCTA5CE20":"28423"}},{"arcs":[[[-431,1150]],[[-433,1151,1152,1153]]],"type":"MultiPolygon","properties":{"ZCTA5CE20":"28512"}},{"arcs":[[-1092,1154,-915]],"type":"Polygon","properties":{"ZCTA5CE20":"29545"}},{"arcs":[[1155,1156,-974,-1103,1157]],"type":"Polygon","properties":{"ZCTA5CE20":"28405"}},{"arcs":[[-1104,-977,1158,1159,1160]],"type":"Polygon","properties":{"ZCTA5CE20":"28409"}},{"arcs":[[1161,-66,-925]],"type":"Polygon","properties":{"ZCTA5CE20":"28391"}},{"arcs":[[-1042,-857,1162,-67,-1162,-924,1163,-1001]],"type":"Polygon","properties":{"ZCTA5CE20":"28395"}},{"arcs":[[-772,-421,1164,-1158,-1106,1165,1166]],"type":"Polygon","properties":{"ZCTA5CE20":"28401"}},{"arcs":[[1167,-1123,1168,1169,-536,-832,-981,-551,1170,1171]],"type":"Polygon","properties":{"ZCTA5CE20":"28384"}},{"arcs":[[[-504,-337]],[[1173,-332,-69]]],"type":"MultiPolygon","properties":{"ZCTA5CE20":"28385"}},{"arcs":[[1174,-1172,1175,1176,-305]],"type":"Polygon","properties":{"ZCTA5CE20":"28386"}},{"arcs":[[1177,-183,1178,-1044,-987]],"type":"Polygon","properties":{"ZCTA5CE20":"28398"}},{"arcs":[[-496,-540,-366,-297,-464,-972]],"type":"Polygon","properties":{"ZCTA5CE20":"28387"}},{"arcs":[[-699,-937,1179,-351]],"type":"Polygon","properties":{"ZCTA5CE20":"28465"}},{"arcs":[[-114,-28,-620,-1023,-1022,-1043,-1004,-1094,1180,1181,-1097]],"type":"Polygon","properties":{"ZCTA5CE20":"28390"}},{"arcs":[[1182,1183,1184,-413,-404,-359]],"type":"Polygon","properties":{"ZCTA5CE20":"28454"}},{"arcs":[[-436,1185,1186,1187,1188]],"type":"Polygon","properties":{"ZCTA5CE20":"28524"}},{"arcs":[[1189,1190,-21,1191,-157,-983,-1025,-1075,1192]],"type":"Polygon","properties":{"ZCTA5CE20":"28555"}},{"arcs":[[1193,-434,1194,1195,1196,1197]],"type":"Polygon","properties":{"ZCTA5CE20":"28556"}},{"arcs":[[-414,-1185,1198,-999,1199,1200]],"type":"Polygon","properties":{"ZCTA5CE20":"28445"}},{"arcs":[[-401,1201,1202,1203,-369]],"type":"Polygon","properties":{"ZCTA5CE20":"28526"}},{"arcs":[[1204,-952,1205,-1198,1206,-2,1207,1208,1209,-10]],"type":"Polygon","properties":{"ZCTA5CE20":"28529"}},{"arcs":[[-20,-6,1210,-959,-158,-1192],[-418]],"type":"Polygon","properties":{"ZCTA5CE20":"28532"}},{"arcs":[[-1051,1211,1212,-950]],"type":"Polygon","properties":{"ZCTA5CE20":"28537"}},{"arcs":[[-393,-402,-367,-896,1213]],"type":"Polygon","properties":{"ZCTA5CE20":"28538"}},{"arcs":[[-1127,-252,1214,-724]],"type":"Polygon","properties":{"ZCTA5CE20":"23879"}},{"arcs":[[1215,-991,-994,-1199,-1184,1216],[-965]],"type":"Polygon","properties":{"ZCTA5CE20":"28540"}},{"arcs":[[1217,-1160,1218,-1039,-891]],"type":"Polygon","properties":{"ZCTA5CE20":"28428"}},{"arcs":[[[1219,1220,1221]],[[1222,1223,1224,1225,-961]]],"type":"MultiPolygon","properties":{"ZCTA5CE20":"28520"}},{"arcs":[[-206,-1109,-1084,-1122]],"type":"Polygon","properties":{"ZCTA5CE20":"28430"}},{"arcs":[[1226,-1193,-1074,-1113,-989,-1216,1227]],"type":"Polygon","properties":{"ZCTA5CE20":"28546"}},{"arcs":[[-733,1228,-357]],"type":"Polygon","properties":{"ZCTA5CE20":"28521"}},{"arcs":[[1229,-24,1230,-1203]],"type":"Polygon","properties":{"ZCTA5CE20":"28523"}},{"arcs":[[-523,-749,1231,-1148,1232,-243]],"type":"Polygon","properties":{"ZCTA5CE20":"28434"}},{"arcs":[[1233,-841,-716,-840,-229]],"type":"Polygon","properties":{"ZCTA5CE20":"27601"}},{"arcs":[[-426,-370,-1204,-1231,-23,1234,-1190,-1227,1235]],"type":"Polygon","properties":{"ZCTA5CE20":"28585"}},{"arcs":[[-391,-810,1236,1237,-8,-17,-1230,-1202,-400]],"type":"Polygon","properties":{"ZCTA5CE20":"28586"}},{"arcs":[[-1207,-1197,1238,1239,-1208,-1]],"type":"Polygon","properties":{"ZCTA5CE20":"28571"}},{"arcs":[[-22,-1191,-1235]],"type":"Polygon","properties":{"ZCTA5CE20":"28573"}},{"arcs":[[1240,-1222,1241,1242,1243,-1224]],"type":"Polygon","properties":{"ZCTA5CE20":"28577"}},{"arcs":[[-869,1244,1245,-394,-1214,-895,-249,1246],[-1036]],"type":"Polygon","properties":{"ZCTA5CE20":"28580"}},{"arcs":[[1247,-1095,-1003,1248,1249,-929,1250,-1100]],"type":"Polygon","properties":{"ZCTA5CE20":"28303"}},{"arcs":[[-786,-760,1251,1252,1253,1254]],"type":"Polygon","properties":{"ZCTA5CE20":"27613"}},{"arcs":[[[-763]],[[-759,1255,1256,-1252],[-757]]],"type":"MultiPolygon","properties":{"ZCTA5CE20":"27614"}},{"arcs":[[-1101,-1251,-928,-300]],"type":"Polygon","properties":{"ZCTA5CE20":"28314"}},{"arcs":[[-1257,1257,1258,1259,-1253]],"type":"Polygon","properties":{"ZCTA5CE20":"27615"}},{"arcs":[[-788,-651,-787,-1255,1260,1261,-655]],"type":"Polygon","properties":{"ZCTA5CE20":"27617"}},{"arcs":[[-310,-867,1262,1263,-1245,-868]],"type":"Polygon","properties":{"ZCTA5CE20":"27888"}},{"arcs":[[[-931]],[[1264,-828,-930,-1250]]],"type":"MultiPolygon","properties":{"ZCTA5CE20":"28305"}},{"arcs":[[-1164,-927,-829,-1265,-1249,-1002]],"type":"Polygon","properties":{"ZCTA5CE20":"28301"}},{"arcs":[[-1007,1265,1266,-938,-226,-223,1267]],"type":"Polygon","properties":{"ZCTA5CE20":"27606"}},{"arcs":[[-1259,1268,1269,-172,1270]],"type":"Polygon","properties":{"ZCTA5CE20":"27609"}},{"arcs":[[-534,-905,-1055,-1121,1271,-1110,-35,-906]],"type":"Polygon","properties":{"ZCTA5CE20":"27924"}},{"arcs":[[-856,-910,-1049,-854,-333,-1174,-68,-1163]],"type":"Polygon","properties":{"ZCTA5CE20":"28344"}},{"arcs":[[1272,1273,1274,1275,1276]],"type":"Polygon","properties":{"ZCTA5CE20":"27925"}},{"arcs":[[-1072,-516,1277]],"type":"Polygon","properties":{"ZCTA5CE20":"27932"}},{"arcs":[[1278,-1028,1279,1280,-1118,-1053,1281,1282]],"type":"Polygon","properties":{"ZCTA5CE20":"27935"}},{"arcs":[[-327,1283,-1144,-647]],"type":"Polygon","properties":{"ZCTA5CE20":"27807"}},{"arcs":[[-727,-902,1284,1285,-1010,1286,-1280,-1027,-1279,1287]],"type":"Polygon","properties":{"ZCTA5CE20":"27937"}},{"arcs":[[[1288,1289]],[[1290,1291,1292]]],"type":"MultiPolygon","properties":{"ZCTA5CE20":"27941"}},{"arcs":[[1293,1294,1295,-77]],"type":"Polygon","properties":{"ZCTA5CE20":"27808"}},{"arcs":[[-233,-60,1296,-600,-1083,-1114,-820]],"type":"Polygon","properties":{"ZCTA5CE20":"27812"}},{"arcs":[[-79,1297,-1117,1298,-1237,-809]],"type":"Polygon","properties":{"ZCTA5CE20":"27817"}},{"arcs":[[-916,-1155,-1091,1299,-126,1300,-197]],"type":"Polygon","properties":{"ZCTA5CE20":"29569"}},{"arcs":[[-802,-547,1301,-506,1302]],"type":"Polygon","properties":{"ZCTA5CE20":"27915"}},{"arcs":[[-1065,-943,-562,1305,-577,-602,-575]],"type":"Polygon","properties":{"ZCTA5CE20":"29570"}},{"arcs":[[1306,1307,-527,-65,1308,-264,1309,-144],[-966]],"type":"Polygon","properties":{"ZCTA5CE20":"27801"}},{"arcs":[[-528,-1308,1310,-684]],"type":"Polygon","properties":{"ZCTA5CE20":"27804"}},{"arcs":[[1311,1312,1313,1314,-784,1315,-767]],"type":"Polygon","properties":{"ZCTA5CE20":"27704"}},{"arcs":[[-524,-470,-980]],"type":"Polygon","properties":{"ZCTA5CE20":"28332"}},{"arcs":[[-685,-1311,-1307,-145,-1310,-263]],"type":"Polygon","properties":{"ZCTA5CE20":"27803"}},{"arcs":[[-753,1316,-1312,-766]],"type":"Polygon","properties":{"ZCTA5CE20":"27712"}},{"arcs":[[1317,-912,1318,-318]],"type":"Polygon","properties":{"ZCTA5CE20":"29563"}},{"arcs":[[1319,1320,-587,-908,1321,-1130]],"type":"Polygon","properties":{"ZCTA5CE20":"27897"}},{"arcs":[[1322,-320,-276,-1032,-274,-805]],"type":"Polygon","properties":{"ZCTA5CE20":"29565"}},{"arcs":[[-560,-347,1323,-315,1324]],"type":"Polygon","properties":{"ZCTA5CE20":"29567"}},{"arcs":[[1325,1326,1327,1328,1329,1330,1331]],"type":"Polygon","properties":{"ZCTA5CE20":"27860"}},{"arcs":[[-968,1332,1333,1334,-583,1335,1336,1337]],"type":"Polygon","properties":{"ZCTA5CE20":"27862"}},{"arcs":[[-64,-581,-265,-1309]],"type":"Polygon","properties":{"ZCTA5CE20":"27864"}},{"arcs":[[1338,1339,1340,-1290,-1293,1341]],"type":"Polygon","properties":{"ZCTA5CE20":"27966"}},{"arcs":[[-303,-833,-537,-1170,1342]],"type":"Polygon","properties":{"ZCTA5CE20":"28371"}},{"arcs":[[1343,1344,-1320,-1129,1345,-255]],"type":"Polygon","properties":{"ZCTA5CE20":"27845"}},{"arcs":[[-585,1346,-1282,-1052,-903]],"type":"Polygon","properties":{"ZCTA5CE20":"27986"}},{"arcs":[[-847,-40,1347,1348,-75]],"type":"Polygon","properties":{"ZCTA5CE20":"27846"}},{"arcs":[[1349,-1323,-804,-899,-238,-579]],"type":"Polygon","properties":{"ZCTA5CE20":"29516"}},{"arcs":[[1350,1351,1352,1353,-956,1354]],"type":"Polygon","properties":{"ZCTA5CE20":"29582"}},{"arcs":[[-485,1355,-121]],"type":"Polygon","properties":{"ZCTA5CE20":"27851"}},{"arcs":[[-721,-1031,-1333,-969,-1338,1356]],"type":"Polygon","properties":{"ZCTA5CE20":"27853"}},{"arcs":[[-693,-1035,1357,-216]],"type":"Polygon","properties":{"ZCTA5CE20":"29585"}},{"arcs":[[-549,-592,-580,-236,-457]],"type":"Polygon","properties":{"ZCTA5CE20":"29593"}},{"arcs":[[-1137,1358,-1176,-1171,-550,1359,-344]],"type":"Polygon","properties":{"ZCTA5CE20":"28360"}},{"arcs":[[1360,1361,-941,1362,1363,-95]],"type":"Polygon","properties":{"ZCTA5CE20":"28363"}},{"arcs":[[-182,-1081,-429,-731,-1045,-1179]],"type":"Polygon","properties":{"ZCTA5CE20":"28349"}},{"arcs":[[1364,-726,-261,-725,-1215,-259,-932,-882,-1069]],"type":"Polygon","properties":{"ZCTA5CE20":"27832"}},{"arcs":[[-1014,-1056,-1071,1365]],"type":"Polygon","properties":{"ZCTA5CE20":"27946"}},{"arcs":[[-1363,-940,-1066,-573,1366]],"type":"Polygon","properties":{"ZCTA5CE20":"28351"}},{"arcs":[[1367,1368,1369,1370,1371]],"type":"Polygon","properties":{"ZCTA5CE20":"27974"}},{"arcs":[[-934,1372,-256,-1346,-1135,-839,-542,-884]],"type":"Polygon","properties":{"ZCTA5CE20":"27839"}},{"arcs":[[-1301,-132,-198]],"type":"Polygon","properties":{"ZCTA5CE20":"29511"}},{"arcs":[[-128,1373,-954,1374,1375]],"type":"Polygon","properties":{"ZCTA5CE20":"29579"}},{"arcs":[[-601,-1297,-59,1376,-57,-837]],"type":"Polygon","properties":{"ZCTA5CE20":"27843"}},{"arcs":[[-1343,-1169,-1124,-1168,-1175,-304]],"type":"Polygon","properties":{"ZCTA5CE20":"28357"}},{"arcs":[[1377,1378,1379,1380,1381,1382]],"type":"Polygon","properties":{"ZCTA5CE20":"27953"}},{"arcs":[[-477,-294,-213,-546,-461]],"type":"Polygon","properties":{"ZCTA5CE20":"29580"}},{"arcs":[[1385,-1375,-958,1386,-530]],"type":"Polygon","properties":{"ZCTA5CE20":"29577"}},{"arcs":[[-38,1387,1388,-1328,1389]],"type":"Polygon","properties":{"ZCTA5CE20":"27970"}},{"arcs":[[-1275,1390,-874,-1142,1391]],"type":"Polygon","properties":{"ZCTA5CE20":"27826"}},{"arcs":[[[-901]],[[-900,-807,1392,-712,-152]]],"type":"MultiPolygon","properties":{"ZCTA5CE20":"29501"}},{"arcs":[[-582,-819,-678,-825,1393,-1263,-866,-267]],"type":"Polygon","properties":{"ZCTA5CE20":"27829"}},{"arcs":[[-1356,-484,-871,1394,-122]],"type":"Polygon","properties":{"ZCTA5CE20":"27830"}},{"arcs":[[[-706]],[[-705]],[[-844,-440,-455,-711,-922,-1102,-701]]],"type":"MultiPolygon","properties":{"ZCTA5CE20":"27527"}},{"arcs":[[-1009,-221,-99,-920]],"type":"Polygon","properties":{"ZCTA5CE20":"27502"}},{"arcs":[[-1396,1396,1397,-1314]],"type":"Polygon","properties":{"ZCTA5CE20":"27509"}},{"arcs":[[1398,-669,-631,-793,-1126,-791,-610]],"type":"Polygon","properties":{"ZCTA5CE20":"27208"}},{"arcs":[[-642,1399,-635]],"type":"Polygon","properties":{"ZCTA5CE20":"27531"}},{"arcs":[[-657,1400,-1005,-918,-1037]],"type":"Polygon","properties":{"ZCTA5CE20":"27513"}},{"arcs":[[-1008,-1268,-222]],"type":"Polygon","properties":{"ZCTA5CE20":"27518"}},{"arcs":[[-769,-52,-817,-813,-1125,-811,-755]],"type":"Polygon","properties":{"ZCTA5CE20":"27514"}},{"arcs":[[[-845]],[[1401,1402,-442,-843]]],"type":"MultiPolygon","properties":{"ZCTA5CE20":"27545"}},{"arcs":[[-680,-194,-853,1404,-616]],"type":"Polygon","properties":{"ZCTA5CE20":"27521"}},{"arcs":[[-1398,1405,-84,-663,-762,-785,-1315]],"type":"Polygon","properties":{"ZCTA5CE20":"27522"}},{"arcs":[[-945,1406,-795,-499,-1078,1407,-734]],"type":"Polygon","properties":{"ZCTA5CE20":"27242"}},{"arcs":[[-1349,1409,-1326,1410,-1331,1411,-1294,-76]],"type":"Polygon","properties":{"ZCTA5CE20":"27865"}},{"arcs":[[-722,-1357,-1337,1412,-1344,-254,-1128]],"type":"Polygon","properties":{"ZCTA5CE20":"27876"}},{"arcs":[[1413,-1181,-1096,-1248,-1099]],"type":"Polygon","properties":{"ZCTA5CE20":"28307"}},{"arcs":[[-1394,-824,-387,-1246,-1264]],"type":"Polygon","properties":{"ZCTA5CE20":"27828"}},{"arcs":[[1414,1415,-467]],"type":"Polygon","properties":{"ZCTA5CE20":"28373"}},{"arcs":[[-1258,-1256,-758,-443,-1403,1416,-1269]],"type":"Polygon","properties":{"ZCTA5CE20":"27616"}},{"arcs":[[1417,1418,-397]],"type":"Polygon","properties":{"ZCTA5CE20":"28553"}},{"arcs":[[-1316,-790,-48,-768]],"type":"Polygon","properties":{"ZCTA5CE20":"27701"}},{"arcs":[[-281,-1024,-279,-200,-694,-292,-679,-286]],"type":"Polygon","properties":{"ZCTA5CE20":"29546"}},{"arcs":[[-888,1419,-745,1420]],"type":"Polygon","properties":{"ZCTA5CE20":"28447"}},{"arcs":[[-638]],"type":"Polygon","properties":{"ZCTA5CE20":"27533"}},{"arcs":[[1421,-1291,-1289,-1341]],"type":"Polygon","properties":{"ZCTA5CE20":"27964"}},{"arcs":[[-1262,1422,-176,-939,-1267,-1266,-1006,-1401,-656],[-801]],"type":"Polygon","properties":{"ZCTA5CE20":"27607"}},{"arcs":[[-1233,-1150,-376,-859,1423,-244]],"type":"Polygon","properties":{"ZCTA5CE20":"28450"}},{"arcs":[[-926,-519,-979]],"type":"Polygon","properties":{"ZCTA5CE20":"28399"}},{"arcs":[[1424,-383,1425,1426,-1353]],"type":"Polygon","properties":{"ZCTA5CE20":"28468"}},{"arcs":[[-1221,1427,-1242]],"type":"Polygon","properties":{"ZCTA5CE20":"28511"}},{"arcs":[[-1139,-1147,1428,-1334,-1030,1429]],"type":"Polygon","properties":{"ZCTA5CE20":"23827"}},{"arcs":[[-1058,-708]],"type":"Polygon","properties":{"ZCTA5CE20":"27568"}},{"arcs":[[-1229,-732,-427,-1236,-1228,-1217,-1183,-358]],"type":"Polygon","properties":{"ZCTA5CE20":"28574"}},{"arcs":[[-1300,-1090,1430,-1355,-955,-1374,-127]],"type":"Polygon","properties":{"ZCTA5CE20":"29568"}},{"arcs":[[-1140,-1132,1431,-1063,-835,-1134]],"type":"Polygon","properties":{"ZCTA5CE20":"27847"}},{"arcs":[[[-861,1432,-1087]],[[-864,-1107]],[[-1108,-862,-1086]]],"type":"MultiPolygon","properties":{"ZCTA5CE20":"28432"}},{"arcs":[[-410,-91,-362,-889,-1421,-744,-521]],"type":"Polygon","properties":{"ZCTA5CE20":"28444"}},{"arcs":[[-951,-1213,1433,-1195,-435,-1194,-1206],[-970]],"type":"Polygon","properties":{"ZCTA5CE20":"28515"}},{"arcs":[[-1047,-897,-424,-1080]],"type":"Polygon","properties":{"ZCTA5CE20":"28525"}},{"arcs":[[-384,-1425,-1352,1434,-1089]],"type":"Polygon","properties":{"ZCTA5CE20":"28467"}},{"arcs":[[-1182,-1414,-1098]],"type":"Polygon","properties":{"ZCTA5CE20":"28308"}},{"arcs":[[-887,-408,-771,-746,-1420]],"type":"Polygon","properties":{"ZCTA5CE20":"28421"}},{"arcs":[[[1435,-1378]],[[-1380,1436]]],"type":"MultiPolygon","properties":{"ZCTA5CE20":"27978"}},{"arcs":[[-1319,-911,-107,-278,-319]],"type":"Polygon","properties":{"ZCTA5CE20":"29543"}},{"arcs":[[-998,1437,-1200]],"type":"Polygon","properties":{"ZCTA5CE20":"28460"}},{"arcs":[[-381,-1038,-353,1438,-1426,-382]],"type":"Polygon","properties":{"ZCTA5CE20":"28469"}},{"arcs":[[1439,-1277,1440,-1329,-1389]],"type":"Polygon","properties":{"ZCTA5CE20":"27928"}},{"arcs":[[-1020,-617,-1405,-852,-1041]],"type":"Polygon","properties":{"ZCTA5CE20":"28339"}},{"arcs":[[-419,-416,1441,-975,-1157,1442]],"type":"Polygon","properties":{"ZCTA5CE20":"28411"}},{"arcs":[[-1360,-554,-566,-331,-569,-1318,-317,1444,-345],[-72]],"type":"Polygon","properties":{"ZCTA5CE20":"28340"}},{"arcs":[[-564,-186,-850,-184,-1178,-986,-501]],"type":"Polygon","properties":{"ZCTA5CE20":"28341"}},{"arcs":[[-96,-1364,-1367,-572,-1061]],"type":"Polygon","properties":{"ZCTA5CE20":"28345"}},{"arcs":[[1445,-1415,-466,1446,-1361,-94,-1305]],"type":"Polygon","properties":{"ZCTA5CE20":"28347"}},{"arcs":[[-1429,-1146,-728,-1288,-1283,-1347,-584,-1335]],"type":"Polygon","properties":{"ZCTA5CE20":"27818"}},{"arcs":[[-245,-1424,-858]],"type":"Polygon","properties":{"ZCTA5CE20":"28442"}},{"arcs":[[-1287,-1015,-1366,-1070,1447,-1119,-1281]],"type":"Polygon","properties":{"ZCTA5CE20":"27938"}},{"arcs":[[-1153,1448]],"type":"Polygon","properties":{"ZCTA5CE20":"28594"}},{"arcs":[[-748,-774,1449,-1016,-1149,-1232]],"type":"Polygon","properties":{"ZCTA5CE20":"28456"}},{"arcs":[[-1284,-326,-270,-482,-1145]],"type":"Polygon","properties":{"ZCTA5CE20":"27896"}},{"arcs":[[-1330,-1441,-1276,-1392,-1141,1450,-1295,-1412]],"type":"Polygon","properties":{"ZCTA5CE20":"27810"}},{"arcs":[[-1306,-561,-1325,-314,-1350,-578]],"type":"Polygon","properties":{"ZCTA5CE20":"29525"}},{"arcs":[[-129,-1376,-1386,-533,-1033,-691]],"type":"Polygon","properties":{"ZCTA5CE20":"29588"}},{"arcs":[[-1225,-1244,1451,-1187,1452]],"type":"Polygon","properties":{"ZCTA5CE20":"28581"}},{"arcs":[[[-1332,-1411]],[[-1348,-39,-1390,-1327,-1410]]],"type":"MultiPolygon","properties":{"ZCTA5CE20":"27962"}},{"arcs":[[-43,-596]],"type":"Polygon","properties":{"ZCTA5CE20":"27840"}},{"arcs":[[-798,-780,-1409,-885,-545,-846,-682,-971]],"type":"Polygon","properties":{"ZCTA5CE20":"27844"}},{"arcs":[[-32]],"type":"Polygon","properties":{"ZCTA5CE20":"28368"}},{"arcs":[[-510,1453]],"type":"Polygon","properties":{"ZCTA5CE20":"27943"}},{"arcs":[[-123,-1395,-870,-1247,-248,-639,-633,-1059]],"type":"Polygon","properties":{"ZCTA5CE20":"27863"}},{"arcs":[[-486]],"type":"Polygon","properties":{"ZCTA5CE20":"27813"}},{"arcs":[[-1299,-1116,-953,-1205,-9,-1238]],"type":"Polygon","properties":{"ZCTA5CE20":"28527"}},{"arcs":[[-306,-1177,-1359,-1136,-557,1454]],"type":"Polygon","properties":{"ZCTA5CE20":"28377"}},{"arcs":[[-1435,-1351,-1431]],"type":"Polygon","properties":{"ZCTA5CE20":"29566"}},{"arcs":[[-257,-1373,-933]],"type":"Polygon","properties":{"ZCTA5CE20":"27890"}},{"arcs":[[-420,-1443,-1156,-1165]],"type":"Polygon","properties":{"ZCTA5CE20":"28429"}},{"arcs":[[-1400,-641,-1046,-179,-636]],"type":"Polygon","properties":{"ZCTA5CE20":"28333"}},{"arcs":[[-1261,-1254,-1260,-1271,-171,-1423]],"type":"Polygon","properties":{"ZCTA5CE20":"27612"}},{"arcs":[[1455,-1166,-1105,-1161,-1218,-890]],"type":"Polygon","properties":{"ZCTA5CE20":"28412"}},{"arcs":[[-860,-374,-1088,-1433]],"type":"Polygon","properties":{"ZCTA5CE20":"28455"}},{"arcs":[[-1377,-58]],"type":"Polygon","properties":{"ZCTA5CE20":"27881"}},{"arcs":[[-1447,-465,-307,-1455,-556,-942,-1362]],"type":"Polygon","properties":{"ZCTA5CE20":"28396"}},{"arcs":[[-1391,-1274,1456,-1382,1457,-875]],"type":"Polygon","properties":{"ZCTA5CE20":"27824"}},{"arcs":[[-1240,1458,-1209]],"type":"Polygon","properties":{"ZCTA5CE20":"28510"}},{"arcs":[[[-93]],[[-89,-355]]],"type":"MultiPolygon","properties":{"ZCTA5CE20":"28464"}},{"arcs":[[-235,-719,-1365,-1068,-1173]],"type":"Polygon","properties":{"ZCTA5CE20":"23887"}},{"arcs":[[[-321]],[[-346,-1445,-316,-1324]]],"type":"MultiPolygon","properties":{"ZCTA5CE20":"29547"}},{"arcs":[[-1226,-1453,-1186,-437,-1189,1459,-1418,-396,-962]],"type":"Polygon","properties":{"ZCTA5CE20":"28579"}},{"arcs":[[-1017,-1450,-773,-1167,-1456,-894,-696]],"type":"Polygon","properties":{"ZCTA5CE20":"28451"}},{"arcs":[[-789,-738]],"type":"Polygon","properties":{"ZCTA5CE20":"27709"}},{"arcs":[[-173,-1270,-1417,-1402,-842,-1234,-228]],"type":"Polygon","properties":{"ZCTA5CE20":"27604"}},{"arcs":[[-849]],"type":"Polygon","properties":{"ZCTA5CE20":"27825"}},{"arcs":[[-806,-284,-713,-1393]],"type":"Polygon","properties":{"ZCTA5CE20":"29505"}},{"arcs":[[-478,-459,-1404]],"type":"Polygon","properties":{"ZCTA5CE20":"29518"}},{"arcs":[[-1408,-1079,-468,-1416,-1446,-1304,-735]],"type":"Polygon","properties":{"ZCTA5CE20":"27281"}},{"arcs":[[-743,-603,-794,-629]],"type":"Polygon","properties":{"ZCTA5CE20":"27252"}},{"arcs":[[-1322,-907,-33,-1064,-1432,-1131]],"type":"Polygon","properties":{"ZCTA5CE20":"27805"}},{"arcs":[[-1384,-1385,-1372,1460,-488,-1444]],"type":"Polygon","properties":{"ZCTA5CE20":"27921"}},{"arcs":[[-1336,-588,-1321,-1345,-1413]],"type":"Polygon","properties":{"ZCTA5CE20":"27820"}}]}}}