{"type":"Topology","transform":{"scale":[0.0003225274165274166,8.571496299999999e-05],"translate":[-176.696676,-14.37374]},"arcs":[[[248440,529090],[1,-5],[6,-62],[-3,-47],[-3,23],[-18,-22],[5,-38],[-10,-11],[5,-45],[-6,-9],[7,-63],[12,4],[-9,-33],[-39,-145],[-7,-21],[-1,-11],[10,23],[66,134],[5,-41],[2,-45],[4,-36],[4,-15],[8,-12],[12,-77],[2,-49],[2,-20],[7,-48],[2,4],[6,11],[3,3],[8,8],[38,74],[25,43],[30,-192],[4,-18],[6,-33],[1,-16],[20,-127],[8,-52],[11,1],[22,-5],[9,11],[197,158],[64,51]],[[248956,528340],[5,-69],[2,-12],[21,-71],[-3,-11],[8,-21],[14,51],[27,46],[-1,49],[-1,52],[4,11],[6,-7],[1,-16],[13,-55],[4,9],[11,-22],[14,20],[12,49],[-3,13],[10,40],[-4,19],[6,26],[-5,13]],[[249097,528454],[41,33],[167,316],[67,126],[3,-17],[10,26],[44,79],[25,33]],[[249454,529050],[5,-33],[4,-11],[-1,-31],[-6,-19],[1,-17],[7,-14],[-1,-23],[2,-8],[9,-13],[9,-52],[8,-18],[4,-16],[7,-7],[16,8],[3,-2],[2,-14],[17,-13],[4,-6],[6,-21],[8,-1],[2,-17],[-2,-13],[2,-16]],[[249560,528693],[4,-36],[9,-15]],[[249573,528642],[-14,5],[-18,-10],[-2,19],[-12,2],[-4,17],[-9,-3],[-6,12],[-5,3],[-5,-24],[-3,0],[-3,9],[1,34],[-3,6],[-13,8],[-5,13],[-7,-2],[-4,-5],[-8,-43],[55,-175],[-5,-7],[-26,-30],[-11,-15],[-9,2],[-4,11],[-8,11],[-6,-5],[-7,-16],[-32,-6],[-6,-15],[-7,-7],[-5,-12],[-3,-26],[7,-25],[-19,-29],[-20,-35],[-11,-73],[-54,-176],[-3,-11],[-16,-92],[-5,-29],[-9,18],[-9,23],[-9,47],[-7,18],[-10,55],[-3,4],[-20,-6],[-24,42],[-9,9],[-6,-4],[-9,-26],[-9,-13],[-4,5],[-14,51],[-7,10],[-4,53],[-6,23],[-21,-86],[-1,-8],[-6,-103],[-1,-13],[6,-45],[16,-33],[18,-43],[-2,-19],[5,-28],[9,1],[1,-57],[17,-38],[17,-13],[13,18],[2,-4],[-35,-116],[-39,70],[0,-32],[-2,-2],[-5,15],[-6,-1],[-6,-49],[-4,12],[-3,-16],[-25,75],[-16,-41],[-3,12],[-9,-33],[-24,68],[-6,-64],[-22,-156],[-100,144],[-3,6],[-21,24],[-109,144],[2,-8],[-3,-18],[-5,-4],[-6,2],[-8,-45],[-13,-61],[0,-20],[5,-40],[-8,-30],[-2,-16],[-4,-10],[-4,4],[-11,26],[-7,38],[4,17],[-16,34],[2,14],[-3,18],[-11,-12],[-9,4],[0,28],[-17,97],[-4,10],[-8,7],[-7,-25],[-18,-27],[-2,-8],[-15,-26],[-4,-15],[-8,-11],[-6,10],[-5,1],[-4,-10],[3,-5],[0,-25],[-9,-2],[-13,-29],[-10,-11],[-9,15],[-8,-4],[-5,13],[-6,-16],[-9,-3],[-3,12],[-5,-15],[-5,-57],[-4,-6],[7,-17],[4,0],[86,-218],[-11,-13],[16,-88]],[[248558,527276],[-5,18],[-8,-14],[18,-125],[2,-36],[-10,-23],[-9,-35],[-5,-17],[-3,-25],[-1,-38],[-4,-61],[48,-259],[-4,-25],[0,-53],[-4,-26],[-7,-12],[2,-11]],[[248568,526534],[-5,4],[-7,-2],[-7,3],[-17,27],[-10,0],[-7,10],[-4,14],[-4,30],[-6,19],[-2,19],[-4,12],[-5,37],[-1,17],[4,68],[7,62],[-2,-1],[-2,-8],[-80,-162],[-28,-58],[-8,-15],[-4,21],[-29,-55],[-2,7],[-27,-51],[-3,-4],[-2,7],[-5,41],[-2,57],[-4,20],[38,77],[-4,26],[24,46],[0,65],[-11,0],[-26,148],[-42,-84],[4,-12],[9,-24],[4,-3],[-1,-31],[0,-32],[5,-31],[-9,-42],[-15,-25],[-6,-22]],[[248272,526709],[-3,38],[-4,42],[-8,20],[-16,16],[-3,0],[-10,-25],[-8,-33],[-10,-14],[-8,11],[-6,15],[-5,22],[-4,44],[2,35],[4,31],[5,13],[16,22],[7,14],[6,25],[3,44],[-1,44],[-6,80],[-10,80],[-13,61],[-8,22],[-10,21],[-10,12],[-19,16],[-2,4],[-5,11],[-17,24],[-6,14],[-1,23],[4,31],[0,20],[-3,18],[-7,6],[-14,3],[-7,18]],[[248095,527537],[-9,88],[-5,25],[-8,27],[-10,24],[-9,34],[-6,30],[-3,28],[0,43],[-1,19],[-1,44],[3,34],[5,15],[19,7],[10,-6],[6,24],[-1,18],[-5,20],[-11,20],[-12,25],[-13,47],[-5,49],[0,19],[9,4],[5,-12],[9,-13],[9,-1],[9,26],[3,37],[-2,28],[-3,20],[-12,25],[-10,10],[-15,-1]],[[248041,528294],[0,22],[-13,18],[-8,24],[2,6],[-6,13],[0,10],[46,87],[2,6],[19,-106],[2,-29],[60,114],[7,11],[9,-6],[1,35],[-1,9],[4,19],[0,11],[5,31],[6,17],[6,31],[1,32],[8,32],[0,49],[3,6],[2,10],[17,44],[10,20],[5,30],[8,-3],[10,5],[6,22],[5,25],[-2,12],[7,10],[8,32],[1,22],[3,2],[7,-7],[6,8],[6,-4],[10,13],[5,4],[7,-7],[2,-25],[12,11],[3,-18],[8,25],[4,1],[1,16],[4,14],[8,-1],[5,33],[10,15],[8,-12],[4,31],[8,-8],[8,14],[12,-1],[8,14],[20,7]],[[245614,507266],[0,43],[9,26],[4,5],[9,-1],[7,21],[3,30],[4,26],[6,12],[9,5],[7,24],[3,19],[-3,22],[-1,52],[4,21],[9,-18],[10,30],[-7,12],[-6,24],[-4,27],[-6,-2],[-16,13],[-10,3],[-8,25],[-2,-3],[33,146],[7,19],[34,43],[-20,199],[11,9],[4,12],[7,-1],[5,7],[5,-8],[8,16],[10,-4],[6,22],[6,8],[6,-8],[10,10],[10,-17],[11,3],[10,-17],[5,-26],[0,-20],[8,-18],[2,-16],[4,-4],[9,17],[4,31],[6,17],[44,5],[-1,80],[17,-23],[9,-4],[1,-49],[-2,-31],[1,-23],[4,-44],[6,-13],[0,-9],[-8,-21],[-2,-20],[1,-21],[-1,-35],[3,-9],[5,-38],[4,-15],[3,7],[-1,45],[5,13],[9,9],[8,35],[4,-7],[1,14],[-1,97],[-1,16],[-7,4],[0,231],[27,4],[1,12],[24,22],[-11,40],[-14,79],[-24,107],[-19,61],[-38,202],[-3,12],[-22,69],[-14,3],[0,78],[-46,-57],[-4,-13],[-14,-76],[-48,-155],[-10,83],[-19,-51],[0,48],[-3,10],[3,22],[11,32]],[[245714,508828],[9,3],[-1,25],[4,9],[-3,15],[-1,42],[-3,15],[-8,15],[0,22],[-9,36],[0,20],[-5,20],[-5,-6],[-4,9],[1,20],[-6,19],[4,23],[-1,11],[-8,9],[-3,11],[-13,29],[-9,2],[-16,23],[-6,16],[2,31],[-3,22],[-1,29],[-4,21],[-16,39],[0,9],[-4,3],[-3,-13],[3,-16],[-2,-23],[-10,13],[-1,30]],[[245592,509361],[19,46],[3,-12],[32,98],[-13,50],[20,53],[27,-33],[30,273],[43,-52],[-7,-96],[10,-9],[11,-33],[16,0],[10,-9],[6,27],[9,28],[3,-8],[114,-360],[27,75],[16,-50],[8,16],[24,-77],[48,-3]],[[246048,509285],[0,-17],[13,-28],[4,15],[0,36],[4,11],[12,-12],[6,-43],[-5,-21],[-5,-27],[-4,-6],[-9,16],[-4,-14],[2,-23],[-1,-18],[-4,-3],[-3,15],[-7,0],[-1,-20],[0,-18],[5,-26],[4,-2],[9,35],[6,-8],[3,-20],[-2,-38],[4,-11],[6,-6],[7,0],[0,-11],[-3,-20],[-5,-3],[-2,22],[-12,4],[-3,-38],[-1,-19],[5,-23],[0,-24],[5,-24],[1,-14],[-3,-40],[-2,-20],[2,-24],[4,-10],[11,-6],[5,-18],[-3,-29],[2,-41],[0,-9],[-2,-5],[-7,2],[-6,-12],[-6,-4],[-1,-14],[3,-11],[7,5],[7,-9],[-1,-13],[-6,-17],[-1,-11],[3,-17],[4,-1],[8,12],[2,11],[-3,16],[5,11],[6,-18],[-3,-35],[-5,-15],[2,-12],[7,2],[9,-22],[1,-12],[-1,-16],[-8,-11],[-4,14],[-3,-15],[8,-32],[5,7],[0,19],[8,6],[10,-30],[6,-34],[8,1],[-5,42],[14,14],[3,17],[8,8],[5,21],[-6,7],[-3,25],[6,10],[-1,13],[12,16],[4,-1],[-8,268],[59,-12],[7,17],[2,30],[8,16],[21,-4],[39,-7],[16,-3],[6,10],[-2,-94],[0,-27],[4,-10],[81,-21],[-2,-113],[5,-6],[8,-1],[-22,-76],[-15,-58],[64,-16],[-5,-236],[-8,3],[-1,-71],[-4,-144],[0,-27],[-6,-218],[29,-7],[2,-1],[-9,-78],[23,-25],[1,-54],[1,-63],[20,23],[18,3],[9,-5],[16,7],[-9,39],[13,19],[42,113],[16,-66],[25,41],[12,28],[19,46],[43,110],[5,-35],[12,-48],[0,-8],[-1,-4],[-6,-17],[-1,-5],[42,-168],[2,7],[20,52],[5,3],[16,-10],[24,-48],[8,-10],[1,-42],[2,-40],[1,-7],[-6,-39],[-12,-3],[-22,-49],[-17,-2],[-4,18],[-1,-8],[9,-31],[17,-30],[10,-24],[3,-69],[7,-30],[-12,-37],[-20,-44],[-6,-19],[-5,-13],[-18,-63],[29,-95],[7,-38],[-3,-128],[4,-66],[5,-99],[0,-7],[18,-327],[-8,-17],[6,-100]],[[246807,506247],[-95,-263],[-47,-130]],[[246665,505854],[-27,-72],[-35,-98]],[[246603,505684],[-271,-744]],[[246332,504940],[-48,83],[-26,87],[-4,10],[-19,-84],[-64,136],[14,48],[-28,12],[-8,-4],[-15,-28],[-4,13],[2,17],[-14,39],[5,31],[-9,21],[7,36],[-24,50],[-8,9],[-3,-16],[-1,-44],[-4,24],[-25,71],[-7,-85],[-6,-81],[-11,-129]],[[246032,505156],[-9,9],[4,71],[-12,71],[-4,27],[-4,10],[0,16],[11,29],[7,20],[6,37],[11,41],[-41,109],[-16,25],[13,38],[-3,20],[-6,5],[0,12],[-8,22],[-2,31],[0,26],[3,23],[-1,29],[-7,17],[13,55],[-11,1],[-8,16],[-8,23],[-5,30],[-4,34],[-7,45],[-5,15],[-5,-17],[-10,-10],[-4,-8],[-9,-36],[-17,48],[-9,-31],[-18,14],[14,53],[1,27],[6,3],[11,36],[10,20],[0,99],[12,3],[0,66],[-2,6],[0,70],[-6,0],[0,161],[-18,-25],[-29,-59],[-11,-12],[-14,0],[-22,2],[-12,17],[-33,-85],[-116,-299],[-43,66],[31,225],[-40,63],[2,20],[-55,84],[14,134],[10,138],[10,160],[2,18],[14,71],[7,64],[0,54],[4,63]],[[244729,514741],[13,-56],[9,-50],[20,-106],[20,-37],[59,167],[5,-9],[4,5],[17,50],[2,-5],[3,19],[15,81],[12,-46],[5,-18],[-2,-11],[-15,-45],[-3,-21],[1,-28],[-2,-16],[-10,-31],[-6,-55],[-15,-40],[-11,41],[2,-55],[-4,-28],[-10,21],[-8,-5],[-5,-29],[-20,33],[13,-50],[6,-10],[12,-7],[5,-9],[-17,-48],[-6,-9],[-7,4]],[[244811,514338],[-24,-17],[-11,2],[10,18],[-4,17],[-13,17],[-3,9],[-11,14],[-7,-25],[-14,-31],[-7,47],[-9,23],[0,14],[6,17],[9,1],[15,38],[-6,4],[0,27],[-4,8],[-6,-6],[-22,51],[2,34],[-1,31],[2,19],[6,19],[-2,7],[-13,6],[-1,-4]],[[244703,514678],[1,5],[8,4],[-4,15],[21,39]],[[238761,513087],[2,5],[9,49],[9,12],[5,93],[3,25],[9,5],[2,12],[1,40],[21,1]],[[238822,513329],[9,0],[94,5]],[[238925,513334],[-5,-25],[-10,-9],[-4,-33],[-13,-58],[-9,-29],[-6,-31],[-6,-45],[-5,-69],[1,-56],[22,-6],[9,5],[11,12],[12,7],[20,2],[13,6],[14,15],[10,-1],[10,-13],[13,-3],[16,6],[7,-8],[9,-18],[9,-4],[13,25],[5,65],[3,9],[10,20],[9,5],[5,-1],[9,-19],[8,-40],[11,-24],[7,-5],[25,-1],[-1,-29],[-5,-9],[-1,-25],[-3,-9],[-9,-15],[-5,-1],[-10,-12],[-5,-12],[-8,-11],[-15,-11],[-9,-3],[-14,2],[-13,-5],[-6,-15],[-3,-15],[-9,0],[-4,-6],[-3,6],[-7,-18],[-1,-17],[4,-11],[12,-3],[6,-8],[1,-12],[-3,-26],[-8,-13],[-1,-27],[48,2],[0,-168],[48,0],[0,-89],[-12,-1],[0,-54],[42,2],[1,-205],[16,0],[0,116],[7,0],[2,18],[7,12],[9,33],[1,19],[4,5],[3,2],[6,-23],[11,5],[13,-8],[14,-6],[15,-27],[13,9],[11,-4],[2,-68],[16,-152],[3,-15],[-6,-14],[-5,-3],[8,-38],[8,-17],[3,-12],[6,28],[43,-153],[2,8],[1,27],[4,6],[12,-7],[7,7],[8,17],[7,25],[8,20],[5,-8],[4,9],[16,-20],[5,-1],[1,82],[4,5],[11,-5],[8,2],[3,13],[10,33],[0,11],[7,21],[10,11],[12,-3],[10,3],[5,-12],[9,-14],[9,12],[-1,18],[-6,24],[-3,20],[-7,20],[-3,23],[-3,35],[0,16],[8,11],[4,27],[-8,40],[-2,22],[-11,18],[-6,29],[2,24],[-1,22],[1,9],[7,29],[5,21],[9,14],[6,17],[3,4],[13,-7],[14,0],[8,-13],[10,5],[7,-3],[15,-41],[18,-20],[-2,-471]],[[239620,512037],[0,-137]],[[239620,511900],[-1,-41],[1,-324],[1,-50],[-1,-91],[1,-1347],[0,-27],[0,-337],[-2,-1984]],[[239619,507699],[-9,-24],[-6,-22],[-3,9],[-14,9],[-11,-29],[-15,4],[-2,16],[-4,4],[-24,-21],[-9,-5],[-8,-10],[-8,30],[-1,11],[3,20],[0,27],[4,14],[12,7],[19,7],[0,139],[-3,4],[-72,1],[1,-49],[2,-22],[0,-114],[1,-51],[5,-28],[0,-14],[-5,-5],[2,-71],[10,-11],[5,-46],[0,-43],[-8,-19],[-1,-18],[-5,-2],[-8,22],[-12,-23],[-9,25],[0,21],[-4,12],[3,27],[-6,36],[0,33],[-6,17],[-3,47],[1,22],[3,13],[0,17],[7,12],[0,16],[-6,11],[2,44],[7,26],[1,30],[-6,17],[-11,17],[-12,-9],[-4,19],[-3,-2],[-3,6],[-7,32],[0,31],[-3,11],[-3,31],[0,20],[-9,-10],[-3,-7],[-5,2],[-14,45],[-5,7],[-5,15],[-7,0],[-5,7],[-10,-2],[-8,-30],[-3,4],[-5,24],[0,74],[4,29],[5,21],[-4,21],[-13,11],[-13,28],[0,17],[12,36],[3,30],[-10,25],[-5,46],[2,11],[-2,12],[-6,16],[-23,7],[-5,35],[0,34],[3,5],[11,-4],[1,12],[-6,15],[-4,38],[6,54],[-4,40],[-6,25]],[[239260,508671],[-2,36],[-18,81],[4,31],[7,27],[11,73],[11,37],[5,21],[16,12],[-5,77],[1,18],[8,8],[2,15],[-3,33],[-2,46],[2,21],[-4,18],[7,39],[4,14],[-4,35],[3,30],[-15,32],[-8,24],[-2,24],[12,22],[9,23],[-2,193],[-37,-5],[-11,10],[-5,9],[-16,47],[-13,22],[-13,5],[-19,-3],[12,70],[3,31],[1,26],[-6,57],[0,32],[-22,31],[-3,-1],[-2,21],[4,33],[4,19],[2,27],[20,0],[89,-123],[24,190],[-12,30],[-49,238],[-34,135],[-37,129],[-10,28],[-29,59],[-2,22],[3,29],[-8,14],[-5,34],[-4,-14],[-5,24],[-4,3],[-1,-78],[-12,14],[-22,36],[-34,36],[-7,4],[-19,0],[-20,18],[-9,4],[-12,7],[-2,2],[-3,6],[-21,13],[-4,15],[-5,43],[-5,3],[-12,-5],[-1,-22],[-3,0],[-4,26],[-5,5],[-6,25],[-1,-12],[12,-30],[2,-17],[-13,-43],[0,-19],[-9,-38],[5,-34]],[[238902,510849],[-5,3],[-7,22],[-2,-1],[-3,2],[-2,-1],[-3,-6],[-4,-30],[-6,-5],[-5,1],[-4,6],[-4,19],[-3,9],[7,32],[0,10],[0,7],[0,19],[-11,47],[-3,4],[-3,-3],[-2,0],[-9,25],[2,50],[-6,83],[1,13],[6,27],[3,49],[-1,18],[-2,51],[-2,10],[-6,55],[-15,64],[-2,15],[-9,86],[-11,27],[-4,35],[-8,26],[-15,-34],[-6,-35],[-9,14],[-8,-14],[-5,-22],[-3,-36],[-6,-13],[-5,-41]],[[238722,511437],[1,35],[2,8],[3,32],[-2,18],[2,45],[10,38],[2,21],[6,17],[0,13],[5,10],[3,19],[2,-3],[18,-54],[3,13],[7,12],[17,-5],[1,31],[4,12],[13,6],[8,30],[8,17],[5,20],[0,18],[-3,5],[3,0],[5,-41],[3,14],[12,19],[3,9],[8,-9],[8,15],[9,-1],[5,-16],[6,-4],[4,-12],[5,8],[8,-22],[8,-8],[5,-14],[2,-33],[5,-11],[4,-26],[6,10],[6,-19],[0,-37],[7,-3],[1,-29],[4,14],[8,11],[5,25],[12,15],[2,40],[-3,26],[-4,15],[-9,17],[-2,29],[8,7],[7,-5],[10,0],[6,15],[-12,29],[-5,27],[-3,34],[-14,13],[-2,38],[-9,14],[0,9],[7,11],[13,-6],[3,14],[9,17],[4,0],[15,-23],[3,3],[-1,26],[-10,32],[1,23],[7,40],[1,18],[-9,9],[-3,-5],[-3,12],[5,25],[6,17],[1,25],[4,23],[6,-7],[8,7],[1,14],[-8,39],[0,13],[4,36],[6,31],[7,17],[-5,30],[-8,6],[-6,16],[-1,42],[-3,21],[2,22],[-6,14],[3,25],[-5,25],[-15,23],[-13,-6],[-9,15],[-4,19],[-16,-1],[-37,-141],[-20,86],[-8,27],[-6,6],[-12,-1],[-13,-17],[-14,8],[-2,14],[0,10],[-10,13],[-1,13],[-30,-21],[-5,59],[7,-1],[6,23],[4,2],[5,27],[-6,28],[11,34],[-1,13],[-3,-7],[-4,33],[7,22],[-1,20],[4,78],[-6,16],[0,15],[-9,26],[-2,13],[-5,12],[-4,2],[-5,-1],[-8,8],[-10,29],[-11,19]],[[249176,518376],[-23,27],[-5,10],[-6,27],[-28,189],[-4,15],[-17,56],[3,2],[59,38],[2,3],[-2,40],[-13,-9],[-8,118],[-5,0],[-3,94],[3,3],[-6,85],[-4,-3],[-9,122],[0,111],[14,-14],[33,-8],[3,0],[58,26],[14,6],[88,27],[2,0],[-2,99],[2,23],[4,71],[-10,7],[0,19],[-5,5],[-6,-3],[-14,2],[-11,15],[-3,37],[5,32],[-2,11],[2,17],[-3,61],[10,35],[3,20],[-10,28],[2,8],[6,12],[3,-7],[12,7],[0,13],[8,17],[6,-9],[2,10],[6,12],[23,12],[1,7],[7,-4],[6,10],[6,28],[2,79],[6,21],[5,2],[5,23],[5,3],[4,19],[5,-1],[1,11],[5,10],[17,-4],[4,6],[6,34],[13,27]],[[245207,521687],[15,87],[11,-21],[-15,-86],[-8,15],[-3,5]],[[245131,522380],[4,-12],[2,-27],[0,-13],[2,-11],[0,-2],[11,-22],[5,-32],[7,-15],[3,-4],[4,-8],[3,-5],[5,-9],[13,-23],[13,77],[-6,17],[14,-29],[7,-27],[-1,-20],[7,-38],[9,-15],[1,5],[19,114],[5,28],[2,7],[-9,-7],[-2,3],[2,17],[-7,2],[2,25],[-8,9],[6,27],[-7,11],[0,19],[5,-4],[4,13],[-1,10],[-11,17],[1,14],[4,-2],[2,37],[-7,1],[0,40],[-7,-4],[0,23],[8,-16],[4,19],[12,-21],[9,51],[1,-3],[-5,-30],[0,-27],[17,-31],[-14,-80],[26,-45],[7,42],[4,-48],[13,-25],[5,29],[22,-37],[2,16],[54,-98],[17,105],[13,75],[3,-5],[6,44],[5,32],[32,-56],[10,62],[-11,7],[-2,26],[3,6],[-13,40],[-3,34],[-1,38],[-3,-17],[-18,30],[-7,-35],[-2,-1],[-33,56],[5,32],[-6,9],[8,30],[3,-10],[5,14],[4,42],[-2,7],[1,4],[9,-18],[18,106],[1,1],[5,30],[2,-2],[7,-11],[23,138],[4,73],[-12,8],[3,70]],[[245466,523227],[10,-29],[5,49],[36,104],[18,-49],[7,-6],[4,-31],[0,-7],[9,-8],[-4,-76],[5,-3],[-2,-32]],[[245554,523139],[-9,-149],[-8,4],[-1,-8],[-19,-110],[11,-23],[-6,-31],[-24,44],[-2,2],[-8,-43],[-4,6],[6,-43],[-2,-25],[6,-55],[5,-13],[-3,-12],[-1,-42],[8,-4],[4,-15],[1,-25],[-2,-8],[6,-9],[4,-21],[-1,-12],[5,-28],[25,133],[18,-34],[21,-38],[17,-31],[5,18],[13,-23],[12,65],[42,-76],[-3,-15],[130,11]],[[245800,522529],[-47,-280],[-10,-66],[-53,97],[-18,-107],[0,-29],[1,-1],[40,-65],[14,11],[11,-5],[34,-59],[-28,-154],[16,-35],[3,15],[25,-44],[-6,-5],[-37,-7],[-23,-4],[-37,1],[-29,0],[5,35],[-6,-9],[-4,-26],[-7,0],[-22,-3],[4,-7],[-11,-69],[3,-6],[-10,-62],[-1,3],[-1,-20],[6,-78],[9,-8],[5,-24],[3,-44],[10,-7],[7,-1],[8,5],[25,-22],[16,-24],[12,-2],[1,11],[2,0],[0,-11],[2,-5],[12,-4],[-18,-102],[-2,-1],[-4,1],[-4,-17],[-35,-207],[15,-28],[0,-5],[-6,-33],[-16,-90],[-7,11],[-3,-8],[-5,27],[8,38],[-6,3],[-12,19],[-7,-44],[-17,27],[-6,-34],[-3,-19],[9,-18],[-3,-16],[29,-50],[-9,-54],[2,-7],[15,-35],[7,12],[5,-4],[17,-32],[1,11],[4,24],[21,-39],[2,16],[10,-14],[7,35],[6,-21],[-5,-41],[-9,-37],[2,-7],[-7,-28],[-4,-25],[-9,18],[-27,-153],[-26,46],[1,2],[8,58],[-12,-38],[1,-14],[-1,-2],[0,1],[-30,56],[-9,-48],[-6,17],[-3,-16],[-1,-7],[-7,-144],[-2,7],[2,-14],[1,-12],[-5,-109],[-3,-13],[0,-3],[-7,-43],[-10,21],[-6,-34],[4,-9],[5,33],[4,-9],[4,-2],[3,13],[-14,-79],[-5,-24]],[[245546,520121],[-9,-9],[-16,-48],[-10,-46],[-9,-12],[-19,-9],[-6,7],[-12,50],[-3,4],[-2,7],[-1,8],[2,13],[1,4],[6,10],[8,9],[3,1],[8,-6],[4,-8],[7,-1],[6,10],[0,30],[5,10],[-7,76],[-3,56],[0,31],[-2,44],[-4,11],[-12,-3],[-3,-20],[1,-41],[-3,-29],[-6,-12],[-4,-16],[-8,0],[-8,14],[-12,8],[-5,16],[0,28],[-6,18],[-6,-9]],[[245421,520317],[0,14],[-5,15],[-2,24],[-3,27],[-3,8],[-2,20],[-3,13],[8,7],[4,35],[-2,13],[-4,7],[-9,5],[-4,-11],[-4,2],[1,20],[-6,9],[-9,-6],[-3,-22],[-5,10],[-3,46],[-2,-8],[-3,10],[1,15],[8,3],[-3,22],[-6,0]],[[245362,520595],[-5,4],[0,10],[-5,13],[-3,44],[4,16],[-1,18],[-4,17],[-7,-5],[-4,23],[-5,6],[0,16],[-10,17],[2,12],[-13,42],[-5,17],[-11,-3],[-10,-9],[-4,15],[6,42],[-3,13],[-7,1],[-2,3],[28,86],[3,12],[0,14],[-4,17],[-11,20],[0,0],[14,-1],[4,0],[10,-5],[6,8],[4,18],[4,49],[-1,5],[5,77],[-1,43],[-1,-8],[-2,31],[-1,17],[-5,48],[-8,39],[-18,84],[-18,84],[-15,111],[-1,4],[-25,-36],[0,3]],[[245242,521627],[24,34],[-7,45],[-5,8],[2,12],[0,23],[4,55],[-13,-76],[-14,26],[13,77],[-7,15],[1,3],[-7,45],[13,1],[4,-8],[6,15],[8,-11],[6,7],[7,-17],[10,63],[4,60],[-14,8],[-16,28],[-14,-81],[-17,29],[-5,-33],[-7,18],[-18,17],[2,34],[1,7],[6,38],[5,31],[-3,4],[-5,-30],[-8,14],[-3,-32],[-4,9],[-6,9],[-12,-61],[-6,-28],[3,-2],[8,-33],[-4,-2],[8,-27],[0,-8],[-13,-77],[12,-20],[-14,-80],[-21,36],[-1,4],[-10,11],[3,2],[-3,34],[-5,18],[15,50],[3,33],[8,77],[6,33],[1,2],[2,12],[-6,11],[13,71],[5,-11],[-6,23],[2,12],[-7,4],[-9,43],[3,2],[-3,7],[0,2],[-5,32],[-9,18],[-4,37],[-4,20],[-10,19],[4,26],[2,16]],[[245504,531709],[5,1],[9,-26],[7,-6],[11,78],[11,17],[6,-6],[20,-6],[9,1],[4,65],[4,21],[17,41],[6,10],[11,29],[15,26]],[[245639,531954],[2,-3],[5,41],[1,5],[12,-31],[5,21],[5,-15]],[[245669,531972],[-4,-41],[10,-13],[-2,-21],[4,-11],[3,-10],[6,-22],[3,-13]],[[245689,531841],[9,-50],[18,-20]],[[245716,531771],[2,-31],[10,-107],[13,-65],[-3,-28],[2,-9],[9,-54],[14,23],[2,-3],[-6,-65],[1,-21],[2,14],[6,-36],[11,-18],[8,46],[10,10],[2,23],[7,26],[6,-3],[-2,-12],[6,-1],[-1,-23],[4,-17],[8,75],[-6,-66],[-9,-80],[-6,-33],[5,-8],[10,-16],[-4,-50],[29,-33],[13,-11],[-5,-33],[-4,-50],[17,-30],[-16,-146],[-3,-2],[-3,-31],[13,-33],[13,-34],[5,-14],[31,-79],[-12,-63],[-4,-37],[-5,-45],[-5,-54],[0,-16],[2,-27],[2,-18],[8,-33],[5,-22],[2,-19],[1,-7],[5,-46],[8,-69],[4,-24],[5,-17],[7,-12],[5,-4],[25,-20],[36,-38],[31,-37],[5,-9],[23,-65],[8,-24],[5,-16],[3,-14],[4,-15]],[[246075,529995],[-2,-16],[0,-22],[15,-16],[15,-80],[-5,-39],[-14,-141],[16,-2],[3,-2],[-12,-149],[0,-9],[4,-10],[0,-7],[-9,7],[-6,-57],[3,-4],[-4,-61],[0,-48],[-3,-22],[-12,11],[-4,-27],[-7,11]],[[246053,529312],[0,80],[8,74],[-7,11],[-4,8],[-4,-61],[-11,11],[-3,-20],[13,-13],[-7,-168],[-4,5],[-8,-76],[-4,9],[-25,34],[2,29],[-27,31],[1,9],[-9,9],[0,-19],[-18,19],[-1,-14],[-16,21],[-9,-1],[0,-9],[-9,-3],[-19,9],[-3,-25],[-7,14],[-1,3]],[[245881,529279],[3,26],[10,37],[11,61],[9,70],[1,39],[-1,38],[-2,18],[-13,0],[-12,14],[-16,-20],[-15,-8],[-9,-7],[-5,9],[-4,33],[-4,16],[-8,14],[-12,-2],[-3,-21],[-6,-24],[-4,-5],[-6,7],[2,11],[5,1],[0,10],[-9,6],[-8,-12],[-15,-6],[-2,5],[5,14],[5,5],[-3,14],[-8,6],[-4,9],[-3,19],[-6,28],[-8,5],[-1,10],[2,60],[1,28],[-3,11],[3,44],[5,30],[3,2],[4,16],[10,-1],[5,30],[5,14],[5,9],[10,-1],[9,15],[9,2],[1,33],[-4,25],[-4,9],[-9,35],[-8,13],[-7,-1],[-3,-5],[-4,-24],[0,2],[-12,-42],[-8,-14],[-7,0],[-12,9],[-5,6],[-8,22],[0,2],[-1,5],[5,41],[0,11],[0,2],[0,5],[1,14],[0,18],[0,6],[2,35],[-4,64],[-3,24],[-4,46],[-7,77],[-10,70],[-7,33],[0,2],[5,45],[14,134],[6,-7],[2,15],[-4,5],[2,18],[-3,3],[7,67],[-6,-9],[-31,33],[-17,-122],[-14,16],[-13,13],[1,12],[0,10],[-2,23],[4,27],[-6,6],[7,85],[13,9],[2,-3],[13,-34],[14,-17],[6,52],[-12,20],[7,53],[6,3],[19,-20],[6,48],[-9,9],[8,72],[19,-21],[12,-12],[9,79],[11,54],[17,80],[-6,41],[-8,-8],[-12,15],[-5,-15],[-5,-2],[-7,31],[-13,-15],[-5,33],[-12,-11],[-12,6],[-9,-13],[-11,5],[-6,-44],[-1,-8],[-2,-8],[-1,0],[-2,1],[-1,6],[-2,4],[-3,1],[-4,9],[-1,1]],[[245660,531256],[-4,16],[-3,2],[1,21],[-1,35],[-9,68],[-6,-14],[-9,22],[-11,13],[-3,-7],[-2,-27],[-2,20],[-8,-6],[-2,-25],[-1,20],[-6,-14],[-2,-15],[-2,10],[-10,-22],[-24,-17],[-7,1],[-7,14],[-6,26],[-6,4],[-1,12],[4,3],[0,13],[-7,45],[-3,55],[-2,8],[-9,0],[-3,31],[2,0],[3,-11],[2,-8],[7,12],[3,20],[-1,15],[-9,29],[-2,37],[-4,23],[-5,14],[3,6],[1,21],[-5,3]],[[244603,514980],[40,109],[6,23],[9,57],[34,214],[49,-189],[-65,-182],[12,-97],[12,-52]],[[244700,514863],[29,-122]],[[244703,514678],[-3,3],[1,21],[-4,6],[-8,31],[-13,7],[3,11],[5,-5],[-6,53],[3,23],[0,24],[-4,12],[4,5],[-2,12],[-2,5],[-15,15],[-14,-16],[-5,-3],[-2,-17],[1,-43],[-3,-15],[-6,-7],[-12,0],[-4,7],[-1,15],[-7,-7],[-1,15],[3,17],[-3,13],[3,14],[6,6],[4,47],[-2,32],[-1,9],[-4,-2],[-11,14]],[[244826,534914],[0,-29],[-5,0]],[[244821,534885],[-2,0],[0,19],[-2,1],[1,16],[2,2],[2,-1],[0,-7],[4,-1]],[[242135,510512],[4,-12],[11,-14],[0,5],[8,-21],[15,-88],[7,-33],[3,-34],[8,-8],[14,-32],[0,-1],[0,-1],[0,-2],[-9,13],[-12,4]],[[242184,510288],[0,1],[-11,-1],[-4,0],[-12,6],[-5,7],[-13,28],[-10,22]],[[242129,510351],[1,1],[4,24],[13,25],[5,-11],[6,30],[-11,40],[-13,36],[1,16]],[[247872,531434],[-22,101],[45,93],[-35,184],[4,15],[-12,69],[8,15],[4,-13],[6,-7],[9,16],[5,4],[9,17],[-28,151],[-6,-19],[-13,-14],[-42,-84],[-4,37],[0,24],[-3,22],[20,40],[-5,34],[1,22],[-7,21],[-14,82],[-8,-7],[-6,46],[-21,-23],[-20,169],[-20,-24],[-4,9],[-22,-42],[-6,28],[-2,3],[-39,-50],[9,-50],[4,-38],[7,-42],[-1,-4],[-21,-8],[-1,-42],[36,-76],[-166,-336],[65,-259],[-55,-110],[-2,-13],[8,-28],[2,-12],[-1,-43],[3,-16],[-2,-9],[-7,4],[-6,-12],[-1,-30],[3,-10],[5,-5],[26,-58],[4,-16],[4,-25],[1,-25],[4,-22],[10,-21],[21,-9],[15,5],[11,1],[8,4],[6,-5],[5,-13],[3,-18],[0,-25],[4,-27],[-1,-33]],[[247644,530927],[-2,42],[-2,12],[1,20],[-3,25],[-5,13],[-5,5],[-16,-4],[-6,-5],[-13,-1],[-22,10],[-9,22],[-5,20],[-1,26],[-4,28],[-2,10],[-13,28],[-9,24],[-16,22],[-5,3],[-20,27],[-10,32],[-6,53],[2,8],[15,17],[8,22],[1,24],[-1,39],[-5,31],[-9,35],[-11,26],[-9,10],[-12,9],[-6,13],[-7,65],[-2,15],[2,24],[-1,21],[-5,16],[-8,7],[-7,0],[-11,-11],[-9,-13],[-6,-1],[-3,6],[-1,10],[4,27],[4,40],[0,33],[2,24],[-1,16],[-8,19],[-4,1],[-5,-9],[-14,3],[-9,-8],[-11,0],[-9,11],[-10,4],[-6,11]],[[247319,531884],[-3,8],[-8,30],[-12,96],[0,9],[1,25],[6,34],[7,28],[6,-2],[25,23],[6,15],[3,15],[-2,46],[-3,18],[-3,60],[-1,14],[-13,27],[-7,19],[-9,14],[-11,4],[-2,33],[0,38],[-4,48],[-7,38],[-16,53],[-4,17],[-6,11],[-8,-1],[-7,-10],[-4,-34],[2,-25],[-4,-13],[-6,-2],[-8,7],[-7,19],[-3,24]],[[247217,532570],[-10,98],[-9,48],[-11,37],[1,39],[-3,23],[-8,38],[-12,22],[-25,0],[-22,19],[-10,13],[-3,17],[4,29],[5,10]],[[241010,525456],[15,-14],[17,-12],[8,-13],[9,5],[5,10],[-3,13],[-16,16],[-1,27],[2,24],[4,77],[-4,54],[2,29],[-1,161],[-7,-4],[-2,6],[0,29],[-5,4],[-5,14],[-1,14],[1,17],[8,3],[2,7],[1,6],[1,387],[-1,40],[7,115],[17,42],[5,47],[11,23],[0,32],[3,19],[13,13],[-2,114],[0,65],[-13,35],[-9,52],[-1,17],[2,33],[-5,26],[0,39],[9,42],[3,27]],[[241079,527097],[7,17],[11,46],[8,8],[6,-17],[14,0],[13,8],[39,2],[52,-3],[1,88],[4,32],[6,17],[5,32],[7,26],[3,46],[9,21],[8,12],[6,16],[18,24],[24,58],[11,22],[8,18],[5,20],[16,84],[7,17],[20,10],[25,19],[12,11],[5,-4],[11,-1],[7,-6],[21,-41],[51,1],[3,-1],[103,-3],[19,26],[19,11],[3,-21],[9,-19],[8,-38],[15,-12],[0,9],[3,21],[5,9],[0,24],[-3,49],[7,31],[4,34],[7,30],[4,28],[-1,16],[4,13],[16,-6],[6,22],[1,30],[-2,30],[1,15],[4,24],[12,51],[-3,30],[-3,6],[0,58],[-3,28],[2,12],[-3,21],[-14,43],[-3,0],[-6,-21],[-4,5],[-10,-7],[-5,-15],[-10,11],[-7,-2],[-12,-23],[1,16],[6,11],[-9,25],[-7,45],[-6,-8],[-8,6],[-8,-6],[-2,9],[-4,37],[-3,19],[1,17],[-14,5],[-4,7],[-6,25],[3,10],[-4,11]],[[241621,528428],[53,-1],[10,6],[194,6],[183,6],[3,-1],[207,2]],[[242271,528446],[1,-41],[-3,-41],[10,-47],[-1,-62],[4,-148],[3,-34],[6,-57],[3,-9],[-1,-20],[14,-18],[2,4],[18,-5],[2,-8],[3,-111],[7,-14],[2,-7],[2,-13],[5,-8],[-2,-17],[3,-38],[5,-13],[4,-49],[7,-20],[3,-53],[0,-11],[-4,-18],[-4,-28],[-3,-68],[-11,-76]],[[242346,527416],[-3,-16],[-17,-43],[-21,-63],[-3,-24],[-14,-2],[1,81],[-21,86],[-6,3],[-5,18],[1,23],[-1,34],[-5,51],[-22,-29],[-8,-28],[-10,-10],[0,-46],[-2,-16],[0,-143],[0,-21],[10,-9],[0,-74],[-8,-25],[-3,-5],[12,-4],[16,1],[4,-19],[4,-31],[7,-14],[0,-26],[6,9],[5,-13],[5,-26],[6,-49],[6,-31],[3,10],[3,36],[7,23],[2,23],[12,35],[5,-4],[20,7],[19,-5],[5,4],[4,-11],[9,-13],[5,-16],[11,-20],[8,-101],[4,-8],[3,-39],[1,-16],[6,1],[1,-13],[5,-6],[11,4],[3,15],[16,2],[1,52],[70,2],[-2,-20],[-5,-30],[-7,-17],[-8,-50],[-12,-27],[-3,-12],[5,-26],[2,-30],[-4,-15],[0,-26],[2,-19],[8,-24],[6,9],[11,7]],[[242507,526637],[4,-35],[3,-36],[-5,-20],[-44,2],[0,-42],[12,-29],[10,-55],[0,-28],[11,-50],[-1,-40],[1,-35],[-89,-2]],[[242409,526267],[-121,-4],[5,-14],[16,-38],[8,-30],[18,-55],[6,-25],[4,-26],[17,-45],[19,-18],[2,-12],[15,-23],[6,-4],[9,-19],[12,-38],[17,-32],[17,-4],[21,3],[9,-2],[11,4],[10,-17],[5,-5],[9,-25],[4,-16],[0,-48],[-5,-20],[-14,-35],[-10,-58],[1,-12],[-4,-6],[-3,-50],[4,-34],[-6,-32],[-4,-51],[-2,-64],[-11,18],[-4,-39],[-4,-16],[-5,-3],[-8,7],[-7,-6],[-16,-39],[-20,9],[-9,-7],[-5,-9],[-4,-16],[0,-60],[-6,-56],[-2,-30],[-5,0],[-4,-12],[-5,-42],[-1,-23],[-5,-53],[-3,-3],[4,-35],[15,-95],[20,-84],[32,-24],[30,17],[7,1],[11,-6],[2,4],[12,-8],[15,20],[8,25],[5,38],[13,69],[6,49],[6,24],[25,63],[1,-27],[-2,-29],[0,-23],[-4,-14],[-4,-46],[1,-35],[-2,-15],[1,-31],[16,-8],[6,13],[-4,29],[-1,33],[1,19],[0,15],[1,12],[5,6],[0,16],[8,-9],[4,-13],[6,-9],[4,10],[-5,35],[10,39],[1,16],[6,-12],[0,-25],[-12,-83],[-2,-51],[-2,-12],[-10,-45],[-2,-26],[1,-83],[1,-124],[3,-28],[5,-28],[5,-19],[23,57],[25,38],[3,3],[4,-1],[10,-11],[12,3],[11,70],[10,41],[7,-5],[4,8],[0,27],[-14,50],[-5,30],[3,5],[22,28],[15,-93],[12,-55],[8,-50]],[[242758,524683],[2,-25],[-1,-13],[-1,-18],[-6,-17],[-17,-32],[-14,-32],[-4,-21],[0,-25],[2,-26]],[[242719,524474],[-23,-89],[5,-73],[-9,-71],[-4,-30],[-7,-5],[-4,7],[-12,45],[-3,25],[-5,12],[-11,5],[-6,-6],[-13,-25],[-5,-3],[-4,19],[3,43],[-5,16],[-14,4],[-7,14],[-10,-17],[-10,-1],[-5,24],[-8,20],[-5,2],[-7,-9],[-8,-33],[5,-62],[3,-17],[0,-21],[-5,-27],[-11,-21],[43,-141],[11,-27],[21,-36],[17,-46],[-2,-12],[-4,-39],[-2,-32],[-6,-58],[1,-22],[22,-138],[0,-21],[-3,-38],[1,-45]],[[242633,523545],[-49,-2],[-203,-8]],[[242381,523535],[-216,-14]],[[242165,523521],[-355,-9],[-159,-2]],[[241651,523510],[-180,4],[-393,-8],[-68,-1]],[[241010,523505],[1,26],[-1,1452],[0,473]],[[243145,519293],[18,36],[13,6],[-1,-74],[8,1],[0,-101],[12,109],[1,13],[4,2],[4,-21],[24,17],[14,-53],[43,-2],[3,-70],[0,-12],[1,3],[-1,-10],[0,-41],[0,-26],[26,1],[21,1],[3,-2],[6,-23],[8,40],[9,36],[21,-53],[-20,-79],[11,-35],[4,4],[4,-18],[6,15],[28,24],[6,32],[7,-23],[4,25],[8,8],[5,17],[4,-3],[10,-39],[1,44],[12,40],[2,15],[4,13],[1,21],[9,6],[5,9],[1,27],[4,8],[4,23],[2,-39],[4,-9],[5,-33],[-4,-24],[1,-25],[6,16],[17,0],[10,29],[7,-13],[10,-2],[2,-12],[-4,-33],[6,-9],[2,-12],[5,2],[2,13],[3,-25],[4,-9],[15,-78],[5,-3],[12,9],[13,-21],[4,-23],[13,-24],[17,0],[10,-10],[19,-4],[8,17],[6,-3]],[[243702,518879],[-2,-31],[2,-30],[-8,-67],[-3,-20],[-3,-34],[2,-39],[6,-36],[3,-13],[13,-44],[4,-11],[2,0],[4,-46],[6,0],[-2,43],[7,1],[-1,58],[19,1],[-1,56],[-20,-1],[0,35],[3,6],[17,-8],[0,38],[13,-6],[0,17],[73,9],[7,3],[1,0],[0,-11],[11,0],[1,-85],[3,0],[2,-55],[-4,1],[0,-98],[29,-3],[2,-156],[28,-56],[-3,-27],[3,-4],[3,-16],[18,0],[15,-16],[4,-3],[12,0],[16,1],[4,2],[11,15],[36,-7],[5,-2]],[[244040,518240],[19,-8],[39,-21],[15,-10],[2,-2],[0,-102],[2,-19],[-2,-33],[0,-25],[5,-23],[6,-2],[4,36],[5,33],[5,45],[7,7],[8,-13],[4,-26],[0,-37],[4,-22],[6,-12],[14,-2],[4,-7],[-1,-33],[2,-13],[-2,-32],[6,-15],[-1,-9],[-9,-25],[-1,-14],[3,-18]],[[244184,517838],[-9,-43],[-6,-14],[-16,-18],[-11,-23],[-2,-1],[-5,13],[-4,38],[-6,31],[-7,8],[-12,0],[-5,-8],[-12,-38],[-5,-9],[-10,-4],[-23,-20],[-9,-5],[-8,-11],[-6,-13],[-10,-29],[-2,-24],[2,-19],[-3,-26],[-4,-3],[-5,8],[-3,13],[-4,13],[-8,28],[-3,3],[-8,-18],[-1,-40],[2,-47],[-1,-14],[-3,-18],[-11,-28],[-10,-20],[-6,0],[-12,26],[-8,-12],[-24,-46],[-13,74],[-4,3],[-6,-11],[-4,-30],[2,-19],[-4,-19],[4,-9],[-6,-7],[-2,-63],[-2,-24],[-8,-64],[-1,-64],[-1,-27],[5,-38],[8,-41],[17,-16],[14,-34],[7,-32],[-9,-30],[-12,52],[-6,10],[-16,-9],[-5,7],[-12,1],[-39,62],[0,-49],[-7,-4],[-43,-5],[-9,2],[0,2],[-1,-3],[-1,-3],[1,-97],[-11,0],[-7,10],[-2,1],[-7,4],[-8,9],[-5,25],[-1,15],[-1,11],[0,6],[-1,17],[0,6],[0,28],[-3,30],[0,36],[-2,27],[1,21],[9,41],[1,16],[-4,59],[0,22],[-6,21],[-20,8],[-7,-14],[-1,-15],[4,-11],[-2,-7],[-13,-6],[-7,19],[-3,-10],[-4,9],[-2,7],[-6,3],[-1,-4],[1,-3],[0,-3],[-1,-5],[-1,0],[3,-21],[-1,0],[-1,-1],[0,-2],[1,-5],[0,-9],[-2,-1],[-1,-3],[-1,0],[0,-9],[-5,55],[-2,-9],[-8,-14],[-24,-1],[-8,3],[-28,-27],[-5,3],[-8,15],[-7,-1],[-6,-8],[-1,-15],[4,-40],[-1,-31],[-5,-12],[-11,-3],[-8,11],[-10,1],[-7,-20],[-6,-35],[-11,-14],[-8,12]],[[243476,517175],[-7,16],[-17,63],[-4,7],[-21,11],[-15,38],[-8,20],[-12,21],[-12,46],[-3,7],[-5,-3],[-3,-9],[-4,0],[-3,8],[-1,10],[0,49],[0,15],[1,49],[-1,47],[-36,-2],[-20,-41],[21,-57],[-49,-2],[-5,44],[0,103],[-36,95],[-25,0],[-1,-24],[-56,9],[-1,67]],[[243153,517762],[0,21],[6,20],[-5,42],[-1,86],[-76,202],[11,103],[-15,4],[-11,-3],[-10,9],[-15,31],[-7,11],[-10,23],[-1,15],[6,36],[-4,54],[5,17],[10,18],[5,-7],[10,4],[2,20],[-3,20],[-6,16],[-6,-9],[-8,-3],[-2,7],[-10,12],[-5,-34],[-7,0],[-5,20],[-6,-9],[-6,-2],[-5,12],[-1,19],[6,27],[4,39],[4,12],[4,24],[2,29],[0,20],[-8,21],[-3,26],[3,-7],[10,-15],[0,-29],[4,-12],[10,4],[11,22],[12,-12],[6,62],[6,26],[3,38],[13,108],[-1,39],[1,41],[-1,30],[-14,5],[7,31],[5,39],[10,51],[6,19],[27,74],[18,31],[17,33]],[[247644,530927],[6,-48],[5,-60],[1,-30],[-10,-70],[-3,-20],[-9,-12],[-4,-20],[-1,-23],[0,-21],[-3,-39]],[[247626,530584],[3,4],[-5,-38],[1,-22],[17,-52],[26,-63],[6,-24],[8,-44],[5,-21],[5,-31],[-17,-65],[-6,-13],[-5,-22],[-6,-39],[-2,-27],[-1,-42],[3,-18],[7,-21],[21,-10],[13,9],[9,13],[20,46],[12,12],[7,-1],[4,-8],[10,-39],[2,-30],[1,-26],[-1,-24],[0,-24],[1,-11],[3,-24],[3,-10],[5,-5],[12,3],[23,21],[7,-5],[6,-27],[0,-33],[0,-7]],[[247823,529866],[-1,-10],[-14,-45],[-10,-9],[-11,-30],[-4,-26],[1,-25],[3,-21],[4,-13],[15,-8],[7,-11],[-1,-46],[-3,-21],[-8,-17],[-2,-15]],[[247799,529569],[-51,116],[-4,-13],[-8,17],[-6,-1],[1,-17],[-5,-24],[-2,-29],[-6,-4],[-4,13],[-2,-12],[-6,-2],[3,-24],[3,-40],[1,-19],[-2,-22],[2,-72],[-8,-38],[-2,-21],[-9,-93],[-13,9],[-9,17],[-4,0],[-16,-31],[-1,61],[-2,24],[-8,31],[-11,60],[2,6],[-20,112],[-4,7],[-2,-9],[2,-22],[-8,-2],[3,-40],[-5,5],[-4,-25],[-9,1],[-2,-9],[-7,4],[-2,18],[-3,2],[-17,-30],[-18,32],[-4,0],[-5,23],[-7,-3],[-11,32],[-20,22],[-8,-2],[-5,10],[-1,12],[-22,-14],[-1,-26],[-4,5],[-2,-26],[-7,-7],[-2,7],[-6,-6],[-2,-25],[-24,7],[-3,17],[-5,-11],[-13,-20],[6,-24],[0,-23],[3,-23],[-1,-9],[-8,-16],[12,-69],[31,58],[10,-54],[29,57],[5,-17],[12,27],[6,-14],[7,-3],[6,13],[6,-17],[9,19],[5,-10],[4,4],[26,-147],[6,-23],[16,-86],[-21,-45],[-77,-143],[-28,142],[-12,34],[-2,9],[-4,-6],[-2,-25],[-8,-13],[-4,3],[-13,-22],[-3,16],[-9,-8],[-6,12],[-3,-18],[-7,4],[-5,11],[-3,-10],[-7,8],[-1,21],[-13,19]],[[247346,529132],[-5,15],[-10,2],[-8,-9],[-5,10],[-5,-7],[-12,30],[0,11],[-6,9],[-10,-29],[-9,24],[-4,-19],[-6,3],[-1,26],[-2,6],[-12,7],[1,24],[-3,10],[-6,-5],[1,28],[-12,14],[-4,-1],[-11,16],[8,15],[20,52],[-36,189],[-3,14],[-50,153],[-6,27],[-27,145],[-70,-139],[-13,72],[-180,-344],[0,-10],[-9,-20],[-14,70],[-11,-20],[-30,160],[-22,-44],[-41,219]],[[246733,529836],[0,10],[22,38],[-55,293]],[[246700,530177],[31,62],[8,11],[10,5],[12,-9],[4,20],[48,91],[7,6],[10,21],[-27,151],[-6,32],[35,66],[9,41],[15,85],[3,11],[38,73],[-3,12],[-18,97],[14,29],[53,104],[-4,32],[46,88],[9,-48],[5,6],[20,-113],[50,-264],[37,73],[-14,79],[19,37],[5,18],[6,57],[10,23],[47,-258],[8,10],[14,24],[-50,269],[14,25],[7,6],[11,22],[5,21],[20,39],[5,12],[29,58],[-16,91],[17,33],[7,17],[22,39],[44,86],[-13,65],[-7,21],[-10,25],[-12,57],[6,31],[8,25],[4,-1],[5,13],[0,17],[4,24],[-1,9],[6,-1],[13,32]],[[246561,526330],[2,14],[4,-5],[2,17],[13,3],[12,8],[31,-37],[14,127],[6,5],[20,-22],[14,-22],[11,-8],[28,266],[27,-29],[5,15],[8,-7],[10,21],[10,-13],[0,-9],[32,-42],[18,-21],[3,-49],[2,-9],[33,-35],[14,17],[23,-25],[3,33],[9,51],[5,47],[5,21],[20,49],[4,26]],[[246949,526717],[15,19],[11,17],[4,-9],[1,-30],[-6,-13],[5,-25],[9,2],[3,-6],[-1,-19],[-7,0],[3,-19],[3,-4],[7,19],[1,25],[-1,24],[2,4],[8,-8],[4,-11],[0,-14],[-4,-11],[0,-13],[6,-13],[4,-14],[12,-13],[1,-14],[-7,-11],[1,-17],[-4,-15],[2,-17],[4,-8],[13,40],[13,-11],[5,11],[3,15],[2,21],[2,78],[-4,29],[-5,25],[10,11],[13,3],[6,-9],[3,-16],[10,-5],[9,9],[9,52],[8,24],[5,-30],[1,-4],[13,-12],[14,8],[6,-8],[-25,-169],[0,-28],[3,-21],[3,5],[1,18],[-3,24],[6,6],[1,-37],[-2,-6],[11,11],[0,13],[7,5],[4,-12],[24,-214],[18,21],[-3,59],[-17,215],[6,-54],[3,-8],[10,8],[8,22],[5,5],[1,-19],[9,5],[8,16],[12,-3],[3,21],[8,-13],[3,7],[4,4],[2,-22],[-5,-9],[1,-22],[-6,-16],[1,-18],[-5,6],[-6,-7],[-1,-18],[4,-18],[4,-1],[2,-13],[4,-11]],[[247264,526486],[4,-8],[1,-22],[-2,-13],[4,-60],[4,-14],[-1,-14],[-2,1],[-3,-34],[3,-37],[-9,-27],[-6,4],[-2,-10],[2,-45],[-7,-23],[-2,-32],[4,-12],[-1,-84],[-5,-15],[2,-33],[5,-1],[3,-29],[-5,-28],[-2,-19],[7,-18],[3,-43],[-2,-22],[2,-33],[-3,-7],[-1,-23],[-6,-14],[-3,-16],[6,-55],[-4,-14],[3,-8],[-2,-18],[59,28],[0,-15],[30,46],[-1,-41],[-6,-14],[-5,-28],[2,-23],[-6,-31],[9,-25],[2,-21],[3,-8],[0,-14],[4,-22],[25,-8],[37,-12],[48,-59],[6,-15],[2,-20],[9,-51],[1,-29],[-2,-13],[4,-39],[-2,-11],[5,-10],[0,-13],[-5,-20],[-1,-29],[3,-23],[-3,-21],[-1,-31],[12,-31],[12,-72],[1,-17],[3,-13],[7,1],[8,-16],[7,-23],[9,-16],[6,-19],[4,-6],[6,-30],[-2,-2],[-65,-77],[-1,-2],[8,-43],[0,-20]],[[247481,524702],[-5,-50],[7,-10],[4,1],[5,-38],[37,-324],[11,-71],[117,-216],[-56,-107],[-8,-13],[-20,-39],[-3,5],[-17,50],[-12,32],[-11,46],[-7,-11],[3,-23],[-20,-42],[-1,10],[-22,-24],[-3,21],[-11,-12],[-4,32],[-9,46],[-5,-5],[1,-12],[-11,-11],[7,-51],[-22,-27],[-9,54],[-48,-58]],[[247369,523855],[1,19],[-4,3],[0,13],[-6,43],[-7,24],[-1,23],[-6,9],[-4,-4],[-6,20],[-5,25],[-4,-15],[-5,24],[-4,-1],[-1,-13],[-4,5],[-5,-6],[-4,10],[-8,12],[-7,3],[0,17],[-8,-3],[-2,9],[-1,-18],[-8,-27],[-5,15],[-7,11],[3,18],[-2,10],[-6,-6],[-3,15],[-7,6],[-6,18],[-1,16],[-3,3],[-7,-11],[-7,5],[-5,43],[-1,20],[-101,-196],[-172,-336],[-60,-121]],[[246880,523537],[1,8],[4,25],[-7,64],[-5,40],[14,47],[-6,67],[17,20],[0,44],[-13,19],[-2,-10],[-9,-12],[-12,27],[-27,40],[-13,30],[-5,9],[-3,3],[5,50],[21,37],[22,62],[3,4],[23,63],[7,52],[3,12],[-1,2],[-12,-27],[0,-13],[-15,122],[-12,95],[-1,16],[1,33],[4,29],[-5,-28],[-1,-24],[1,-16],[1,-9],[-5,14],[-5,-6],[1,-10],[-67,-61],[0,11],[7,63],[-9,9],[5,60],[-9,57],[-8,38],[1,24],[-21,23],[-3,-8],[6,68],[2,10],[-5,23],[0,20],[3,6],[-1,18],[-3,7],[1,12],[-3,16],[3,0],[-3,30],[-6,2],[1,29],[-2,10],[-9,-1],[0,29],[4,8],[-4,26],[3,18],[-6,17],[-4,24],[1,25],[-2,13],[-15,3],[-45,-43],[-6,-3],[0,10],[7,76],[-3,13],[4,43],[-81,-86],[5,30],[1,17],[8,19],[-1,8],[6,-2],[1,11],[11,-9],[2,7],[5,-3],[2,10],[7,8],[2,8],[9,14],[-1,12],[9,4],[5,10],[-2,12],[5,-1],[-2,14],[6,15],[1,15],[3,5],[0,22],[5,1],[2,12],[4,-3],[3,39],[4,-12],[3,8],[2,20],[8,8],[-1,10],[9,2],[1,16],[4,-14],[0,29],[7,-12],[3,4],[5,-20],[4,10],[4,-12],[2,28],[7,-23],[14,21],[9,2],[-1,11],[-6,7],[-1,18],[-6,13],[0,30],[-10,20],[-4,43],[-6,-3],[-13,13],[-27,30],[-8,-57],[-56,64],[-3,1],[-6,-14],[-20,-24],[-14,120],[8,18],[4,3],[38,-6],[8,2],[35,49],[1,11],[-3,19],[-23,212],[-8,-6],[2,10],[8,58],[2,37],[-8,5],[-6,-9],[-3,12],[-9,-4],[-11,1],[-9,-19],[-4,12],[-1,26],[-10,-8],[-2,26],[-6,-7],[-1,-18],[-3,-5],[-4,4],[0,11],[-5,3],[-3,-17],[-4,1],[-5,11],[-2,20],[-5,0],[-2,-18],[-5,1],[-1,11],[-4,-10],[-2,3],[-3,-4],[0,7],[-2,1],[-1,-1],[0,-4],[-1,-5],[-1,0],[-3,7],[-9,-12],[-2,7],[-9,10],[-14,-11],[-3,-6],[-13,25],[-3,18],[-7,12],[-11,0],[-5,6],[-4,-6],[-4,18],[0,3],[-8,57],[-1,21],[70,-82],[9,78],[31,-29],[4,7],[11,103],[1,4]],[[237451,513294],[291,3],[3,-52],[6,-4],[4,-9],[7,12],[6,-15],[5,29],[-4,-1],[-3,17],[6,13],[3,-14],[3,25],[287,7],[72,1],[0,203],[0,208],[-1,46],[0,94],[6,-8],[14,24],[3,14],[14,18],[6,20],[5,-2],[7,-20],[11,19],[0,9],[-13,34],[1,24],[3,-2],[9,21],[0,28],[9,40],[0,13]],[[238211,514089],[122,8],[0,-335],[81,0],[1,-453],[21,0],[21,1]],[[238457,513310],[0,-232],[-48,0],[0,-96],[0,-134],[38,-3],[25,-1],[0,-33],[2,-115],[4,-32],[3,-4],[9,20],[1,-7],[-5,-52],[-7,-46],[8,-43],[2,0],[49,-2],[11,13],[3,-51],[-5,1],[8,-236],[-18,-7],[0,-28],[10,-1],[0,-117],[0,-123],[-31,-1],[1,-283],[27,-1],[0,-37],[0,-134],[19,-1],[0,-24],[-10,-18],[-2,-17],[-9,-12],[0,-21],[4,-19],[2,-30],[-1,-36],[-6,-56],[-2,-25],[1,-20],[8,-24],[15,5],[1,-5],[16,16],[33,20],[8,-14],[1,-16],[-2,-20],[-7,-35],[-15,-32],[143,0],[14,2],[11,25],[8,1],[9,19],[8,30],[-4,20],[-9,2],[-11,-14],[-12,5],[-3,17],[-2,40],[-2,49],[1,29],[-4,22],[-5,12],[-9,1],[-12,13],[3,23]],[[238902,510849],[2,-32],[-1,-20],[-6,-15],[-2,-18],[-7,-87],[-3,-64],[1,-31],[-3,-28],[0,-16],[-4,-26],[0,-25],[-4,-55],[0,-60],[-3,-57],[-2,-66],[-3,-25],[-5,-25],[-3,-28],[-2,-42],[-1,-12],[0,-46],[2,-15],[4,-56],[3,-15],[4,-3],[4,12],[10,8],[7,-13],[2,-13],[-4,-18],[-12,-11],[-7,-33],[1,-38],[-163,-1],[0,-168],[32,0],[-1,-152],[9,-1],[0,-92],[-5,-6],[1,-43],[12,1],[0,-70],[-42,1],[0,-103],[-4,-12],[0,-11],[-48,-134],[0,-9],[15,0],[0,-114],[60,-2],[0,-71],[-8,-1],[0,-59],[-8,0],[-8,-40],[4,-101],[2,1],[5,27],[19,37],[8,31],[-4,16],[10,18],[-1,17],[6,20],[8,-10],[10,-27],[3,0],[3,16],[6,4],[0,-33],[-3,-8],[-1,-13],[-2,-15],[-3,-18],[-2,-4],[-12,-16],[-13,-13],[2,-26],[-1,-22],[-8,-31],[0,-29],[1,-43],[6,-57],[1,-4],[-34,-52],[-3,15],[-2,-8],[0,-25],[10,-59],[-21,-80],[27,-59],[5,-20],[42,3],[85,-1],[22,-5],[8,-15],[16,10],[23,63],[4,13],[1,17],[0,41],[22,4],[135,-7],[13,-9]],[[239109,508332],[-6,-37],[-8,-73],[-2,-58],[0,-117],[20,0],[-1,-56],[9,-32],[0,-14],[-20,0],[2,-95],[2,-3],[4,-13],[-7,-22],[-5,-32],[-5,-11],[2,-18],[10,-10],[-4,-27],[-52,-1],[-50,14],[0,-24],[8,-29],[42,-166],[4,-17],[9,2],[4,17],[29,23],[7,8],[31,-3],[4,-23],[-7,-38],[-7,-9],[-4,-28],[16,0],[11,14],[8,4],[-1,-17],[4,-66],[4,-5],[7,9],[7,-3],[-4,-37],[3,-26],[-3,-14],[-9,-26],[-3,-21],[-3,-5],[-4,-35],[-4,-8],[-4,-48],[7,-11],[41,-68],[-67,1],[-11,-4],[-137,-3]],[[238976,507071],[-15,-3],[-92,-1],[-5,-2],[-87,-1],[-29,5],[-88,-4]],[[238660,507065],[3,19],[2,28],[19,34],[26,66],[2,13],[-3,25],[2,11],[-15,60],[-8,27],[-4,25],[-10,-22],[-14,6],[0,-22],[-5,-23],[-5,-6],[-6,38],[-24,-37],[-2,27],[-25,186],[-35,-53],[9,-89],[-3,-3],[-6,47],[-5,27],[-6,21],[-12,27],[-8,10],[-19,7],[-13,-8],[-12,79],[-10,-8],[-4,-15],[-13,0],[1,14],[-8,7],[-10,-20],[-5,-2],[-10,12],[-3,33],[-10,-1],[-5,-28],[-11,-15],[-24,-2],[4,-29],[-11,-47],[0,-35],[-9,-33],[-10,-28],[1,54],[1,19],[3,284],[-29,-349],[-1,-9],[-8,-234],[-6,7],[-7,17],[-8,-10],[-10,21],[-7,-12],[-3,-18],[-3,9],[-42,-107],[-2,-1],[-17,-2],[2,12],[-1,11],[-14,43],[2,0],[-5,32],[-10,25],[-13,77],[1,9],[-5,48],[0,61],[-3,12],[-8,21],[-6,12],[0,7],[-8,27],[-3,-14],[-5,10],[-11,65],[0,24],[1,25],[7,31],[6,42]],[[238134,507637],[3,26],[0,31],[-4,29],[-10,22],[-8,11],[-11,-10],[-3,10],[-10,-1],[-4,-11],[-17,-2],[-5,6],[-7,23],[4,31],[-2,30],[7,30],[12,28],[13,16],[7,23],[6,29],[7,11],[3,18],[-2,9],[-3,61],[2,33],[0,28],[-2,-10],[-1,-45],[2,-53],[-3,-7],[2,-13],[-2,-18],[-29,-34],[-5,29],[-3,30],[-1,25],[-14,-28],[-14,-5],[-13,-22],[-26,-147],[-2,20],[-5,31],[0,11],[-6,17],[7,23],[-2,23],[-21,-25],[-6,-14],[-17,-21],[-10,-8],[-1,-104]],[[237940,507773],[-5,-12],[-6,8],[-12,-36],[-8,6],[-11,-27],[-3,1],[1,35],[-2,21],[2,15],[-4,-11],[-7,31],[3,-21],[-24,1],[-6,-41],[-15,2],[-6,13],[-12,15],[-9,25],[-1,8],[-12,41],[12,11],[20,7],[3,16],[-1,21],[-4,38],[2,37],[2,1],[1,122],[-50,-3],[-12,1],[-7,-6],[-4,7],[-22,21],[-12,18],[-1,28],[6,10],[2,30],[-1,11],[-16,5],[-14,43],[-5,-33],[-1,-22],[1,-55],[0,18],[-4,26],[1,35],[-2,32],[-28,104],[-3,21],[-17,59],[-20,62],[2,-27],[8,-26],[9,-6],[4,-24],[8,-27],[14,-57],[-10,-19],[-5,0],[-5,-13],[-7,11],[-5,-3],[-5,-38],[-5,-20],[-9,-1],[-15,-20],[-15,-45],[0,-12],[-4,-3],[-21,-65],[-13,-14],[-4,-11],[-1,-33],[-4,-16],[-10,-17],[-7,-39],[7,-56],[14,-10],[13,-2],[15,6],[23,-9],[38,-47],[6,5],[43,131],[-1,-8],[17,51],[9,11],[9,-4],[17,-28],[4,-9],[8,-35],[8,-18],[1,-16],[6,-12],[7,-33],[-4,-22],[1,-15],[6,2],[6,-19],[0,-15],[-6,2],[-8,-21],[1,-30],[11,-26],[3,-18],[4,-1],[11,-15],[-15,-18],[-7,-21],[6,-18],[-6,-9],[-8,-51],[-6,-12],[-4,0],[-5,-21],[-1,-20],[-9,4],[-5,10],[-15,-2],[-7,-11],[-2,-16],[-13,-24],[-3,-27],[-2,31],[2,52],[-9,16],[-2,24],[-5,10],[-11,-41],[-3,-3],[0,17],[-12,139],[-2,59],[-5,-8],[-30,-8],[-5,-17],[-10,-28],[-7,-13],[-6,-29],[-16,-59],[-11,-27],[-9,-14],[-11,-30],[-14,-1],[-21,42],[-11,-3],[-2,-28],[-4,8],[0,-30],[-4,-15],[3,-11],[-4,-22],[-15,24],[-12,-17],[-6,-21],[-2,1296],[13,15],[29,24],[24,23],[32,30],[70,57],[-1,8],[30,32],[17,4],[30,26],[11,27],[2,12],[14,43],[5,7],[2,15],[5,8],[8,-1],[7,19],[8,13],[15,41],[6,48],[-2,16],[-13,9],[-3,16],[-8,9],[-1,12],[-15,41],[-17,25],[-7,5],[-17,21],[-19,-17],[-5,-8],[-8,-23],[-8,-8],[-11,-4],[-8,-16],[-5,-2],[0,26],[7,26],[1,16],[-4,30],[1,12],[7,8],[3,21],[11,-13],[0,31],[7,-5],[2,10],[-12,56],[-6,-13],[-11,11],[-9,-20],[-7,5],[8,10],[5,23],[1,22],[-1,25],[-7,46],[-4,-5],[-14,7],[-6,0],[-5,21],[-7,6],[-14,-16],[-14,-45],[-14,4],[6,-23],[5,2],[1,-15],[-2,-16],[-2,-26],[-3,-6],[-8,-36],[-14,5],[-12,25],[-11,41],[-7,31],[-13,-11],[-38,-133]],[[237452,509447],[-1,1728],[0,105],[0,42],[0,1972]],[[239517,523518],[2,-10],[0,-116],[-7,-40],[-9,7],[0,-139],[-1,-142],[19,1],[-4,-271],[-25,-5],[-1,-95],[36,1],[2,-192],[-21,-50],[-7,-9],[-12,-49],[-2,-16],[0,-26],[-6,-26],[-7,-8],[-8,-18],[-9,-30],[-3,-16],[-7,-21],[2,-23],[-6,-34],[0,-67],[2,-41],[0,-22],[1,-50],[-4,-50],[-2,-19],[1,-20],[-3,-8],[-10,-76],[-6,-32],[-2,-18],[-2,-49],[-4,-53],[-6,-30],[-17,-103],[-4,-31],[-5,-15],[-55,2],[-3,-2]],[[243106,517314],[9,28],[-3,13],[13,33],[8,-1],[8,-34],[-5,-33],[-7,4],[-4,-16],[-17,-4],[-2,10]],[[243165,517412],[18,-16],[12,-10],[3,-64],[3,-41],[1,-23],[6,1],[-1,-70],[0,-102],[13,1],[5,-41],[53,0],[1,36],[40,-1],[0,-39],[-3,-1],[4,-24],[12,-35],[0,14],[18,0],[5,6],[7,-21],[-1,-145],[2,-91],[-1,-2],[1,-56],[6,0],[-3,-10],[0,-23],[45,0],[2,11],[15,-22],[7,-1],[0,52],[11,0],[18,0],[1,6],[20,-6],[13,-2]],[[243498,516693],[12,-2],[31,-70],[8,2]],[[243549,516623],[2,-13],[71,-1],[1,-9],[0,-41],[-3,-33],[4,-42],[0,-70],[3,-23],[4,-20],[25,-101],[13,-85],[1,-9],[-2,-36],[-2,-20],[-8,12],[-8,-50],[-12,-8],[-2,-11],[4,-12],[-1,-24],[2,-16],[-4,-24],[-7,-23],[-16,32],[-8,-12],[-14,18],[-2,19],[-5,12],[-7,-21],[-8,-16],[-4,0],[-23,46],[3,10],[-5,8],[16,55],[-17,54],[-22,-74],[7,-18],[-5,-28],[-11,24],[-6,13],[-7,-112],[-35,-57],[-6,1],[-1,1],[-4,-6],[2,-10],[-9,-14],[6,-45],[-9,-13],[1,-7],[-2,-67],[-13,-24],[-43,-73],[-15,105],[-17,-34],[-3,15],[-23,-35],[-17,83],[-10,0],[0,13],[-6,-3],[-5,-6],[-18,-26],[-13,-14],[-14,-19],[-3,-1],[-5,3],[-5,12],[-10,47],[-3,8],[-3,4],[-13,14],[-9,11],[1,-19],[5,-6],[-7,-15],[-5,5],[0,-26],[-8,-9],[-6,1],[-13,-44],[-11,33],[-6,-24],[-4,17],[-6,5],[-8,-19],[2,-29],[-11,-59],[-26,-89],[-1,35],[-2,-24],[-5,-17],[-38,-93],[-12,-21],[-5,-3],[-10,4],[-40,36],[-9,3],[-7,-2]],[[242959,515477],[-3,26],[-12,15],[-5,19],[-6,40],[5,6],[-2,65],[-8,0],[-1,23],[1,60],[-14,2],[-1,82],[22,-3],[1,81],[5,24],[-8,28],[-1,14],[-11,10],[-5,-32],[-7,-21],[-11,58],[-6,46],[1,34],[-3,22],[18,0],[19,-2],[-5,25],[-15,21],[-5,13],[-2,17],[-9,42],[-3,23],[-9,35],[-9,29],[-2,20],[-6,27],[-4,56],[11,7],[6,-6],[10,-38],[3,-6],[9,-1],[7,19],[-2,38],[-4,28],[1,21],[8,7],[13,-22],[2,-35],[2,-10],[13,-13],[14,13],[1,10],[-1,29],[-4,32],[-4,15],[-18,9],[-2,7],[-3,26],[0,13],[7,28],[5,11],[15,11],[17,-9],[6,4],[3,10],[1,23],[-1,21],[-3,24],[-8,25],[-2,20],[2,19],[3,12],[18,6],[9,12],[12,-10],[3,-7],[5,-39],[-2,-35],[-10,-26],[-15,2],[-4,-5],[-2,-13],[1,-20],[4,-15],[5,-2],[4,-28],[5,-8],[6,2],[6,23],[5,12],[1,12],[5,5],[8,-7],[4,-21],[1,-35],[-6,-49],[-11,-14],[-7,-18],[0,-29],[8,-12],[13,13],[14,5],[8,6],[17,-38],[3,-6],[5,30],[6,60],[3,12],[0,64],[4,50],[5,-6],[0,47],[-10,62],[-8,36],[-21,53],[7,-8],[9,-27],[5,-1],[11,-20],[1,-24],[6,-28],[0,76],[5,13],[1,29],[-6,41],[-1,93],[1,18],[3,20],[-12,78],[21,39],[1,28],[13,26],[7,7],[2,10],[-2,27],[-1,29],[2,62],[16,51],[8,13],[5,19],[1,21],[5,27]],[[243338,503140],[37,113],[69,-267],[-43,-118],[-63,250],[-3,13],[3,9]],[[244134,519099],[126,391],[2,6]],[[244262,519496],[0,-144],[1,-8],[7,0],[1,-108],[27,0],[0,16],[5,1],[25,2],[-1,-8],[-18,-24],[-5,-19],[-15,-17],[-1,-47],[86,4],[-2,43],[15,-4],[21,2],[0,61],[3,0],[0,39],[3,1],[27,-72],[10,-27],[22,-60],[2,-6],[34,-92],[5,-12],[42,-113]],[[244556,518904],[16,-44],[5,-14],[1,-2],[1,-3],[7,55],[13,106],[8,72]],[[244607,519074],[1,-4],[1,0],[36,-64],[21,1],[0,-2],[9,0],[2,-1],[7,-14],[29,-52],[31,-56],[6,-10],[6,-11],[1,9],[12,73],[8,47],[2,23],[0,1],[0,0],[10,-19],[3,27],[17,-20],[3,-3],[12,-20],[5,-10],[5,26],[10,-19],[-1,-4],[-9,-51],[14,-31],[-3,-20],[-1,-4],[-3,-19],[-11,-66],[15,-30],[11,-22],[3,-3],[15,86],[-22,39],[5,23],[-4,17],[9,-23],[35,-65],[-13,-79],[1,0],[10,-3],[-5,-19],[-8,-13],[-8,-6],[-11,-32],[-17,21],[-4,27],[-3,12],[-8,-19],[-10,-4],[0,-19],[10,-18],[10,-12],[12,-3],[37,14],[8,1],[30,-17],[8,-8],[13,7],[2,2]],[[244951,518635],[1,-208],[3,-84],[4,2],[-1,56],[1,4],[-2,55],[0,110],[4,3],[9,32],[8,19],[5,21],[13,6],[14,-6],[4,20],[0,17],[4,16],[8,-26],[2,-22],[-2,-32],[9,29],[39,-123]],[[245074,518524],[-24,-78],[-4,-15],[-6,17],[-10,0],[1,-14],[8,-26],[-4,-15],[3,-8],[-11,-34],[27,-82],[-37,-126],[19,-65],[-11,-19],[-16,-13]],[[245009,518046],[-1,-1],[-10,-7],[-33,-25],[-17,-11],[-1,5],[-18,-15]],[[244929,517992],[-5,32],[-6,38],[-3,9],[-49,155],[-2,6],[-8,-27],[-2,3],[-7,12],[-25,-36],[-52,140],[-1,-6],[-13,-48],[6,-14],[-18,-64],[-29,-102],[1,-11],[-2,-1],[-13,-5],[-3,-1],[-5,2],[-8,14],[-11,23],[-21,66],[-20,-67],[-8,23],[-13,-30],[-7,15],[-1,-4],[-17,-54],[-3,-10],[-4,-4],[-39,1],[-7,13],[-4,2],[3,7],[0,29],[-11,0],[0,31],[-31,0],[-4,-27],[-8,3],[-16,3],[1,58],[9,7],[9,8],[0,4],[-23,1],[-2,-32],[-12,11],[-21,-3],[-11,-143],[-18,-1],[1,107],[-8,83],[0,62],[0,5],[-1,0],[-10,-1],[-1,0],[-5,-8],[-2,-7],[-5,-17],[-3,-16],[-11,-103],[-2,-25],[0,-6],[-43,-3],[-2,-12],[-3,-56],[-10,1],[0,91],[-25,-6],[0,104],[6,7],[12,-10],[2,4],[5,40],[6,21],[4,23],[-76,-3],[0,95],[5,4],[1,24],[-13,-28],[-13,-55],[-6,-19],[-5,-23],[0,-15],[-4,-6],[-3,0],[-9,14],[-7,27],[-5,4],[-28,-24],[-22,6],[-14,9],[-6,10],[-10,34],[-8,16],[-6,28],[-6,3]],[[244065,518397],[-8,19],[-4,19],[6,38],[8,25],[1,10],[-1,29],[-3,22],[0,18],[2,26],[12,35],[1,33],[-7,23],[-3,22],[-7,18],[-6,-3],[-5,-7],[-7,-14],[-14,-14],[-7,-25],[-6,-42],[-3,-8],[-5,4],[-6,39],[-17,10],[-7,-5],[-4,-10],[-9,19],[-7,3],[2,31],[6,19],[13,14],[4,14],[5,36],[17,54],[9,45],[8,59],[0,24],[-3,19],[-7,14],[0,-30],[-16,1],[-5,21],[-2,51],[-8,22],[-7,31],[2,44],[-2,22],[-4,13],[-9,-13],[-9,9],[-3,22],[1,20],[14,-1],[3,7],[26,-100],[7,-9],[14,-1],[7,-8],[18,-46],[3,-6],[2,-3],[86,1],[3,-3],[0,45]],[[241011,526969],[1,-669],[-1,-383],[-1,-461]],[[241010,523505],[-97,-1],[-15,-4],[-33,1],[-51,1],[-18,0],[-114,3]],[[240682,523505],[-26,0],[1,154],[-12,26],[-4,19],[-13,-26],[-6,-5],[-7,5],[-2,16],[-11,37],[-12,-8],[-5,-22],[-6,-18],[-6,-3],[-3,-13],[-7,-17],[-10,1],[-9,10],[-7,-12],[-5,21],[0,15],[-3,29],[-7,3],[-15,-9],[-5,15],[7,8],[9,41],[27,3],[22,-2],[19,66],[-22,25],[-4,32],[2,14],[12,30],[-1,15],[31,-19],[-3,-38],[11,-6],[4,9],[2,51],[12,21],[0,8],[-7,64],[3,24],[10,35],[8,16],[7,26],[0,14],[-5,23],[-10,14],[-15,-29],[-2,-10],[-7,13],[-8,22],[-7,6],[-1,15],[3,19],[4,86],[-7,24],[-7,-6],[-8,17],[-5,29],[13,28],[1,17],[-8,35],[-2,43],[-23,30],[-13,-2],[-6,-40],[-1,-62],[-4,-31],[-2,-88],[0,-34],[-2,-20],[-23,-101],[-9,-19],[-8,-13],[-10,-4],[-4,-14],[-12,-5],[-7,-13],[-4,17],[5,18],[-9,-1],[-11,50],[4,63],[3,12],[14,34],[10,-12],[5,12],[1,37],[6,24],[0,-12],[-3,-28],[4,9],[7,56],[-2,37],[4,29],[-1,21],[-32,0],[-3,-3],[-21,-74],[-2,-18],[-6,-27],[-22,-16],[-11,-35],[-6,-10],[-11,-30],[-9,-34],[-6,9],[-2,17],[-7,0],[-4,-9],[-5,6],[-5,-7],[-6,8],[3,16],[1,20],[4,27],[4,9],[-1,46],[-4,34],[5,37],[9,36],[-6,49],[-3,10],[-10,17],[-3,10],[7,-5],[1,40],[-1,34],[4,8],[4,34],[0,35],[7,31],[13,-6],[2,15],[-4,37],[5,26],[1,36],[-2,11],[1,31],[-8,29],[-16,-17],[-8,3],[-3,21],[-8,-6],[-7,-27],[-14,-23],[-9,0],[-11,-19],[-11,-31],[-4,-29],[-5,1],[-9,27],[4,31],[-3,28],[-4,4],[-5,-8],[-14,7],[-9,-4],[-8,2],[-10,-5],[-5,-14],[-15,-12],[-7,4],[-17,-3],[-14,20],[-7,20],[0,-73],[-5,-15],[7,-39],[-4,-26],[-4,-50],[6,-71],[7,-23],[1,-14],[-15,-27],[-2,-17],[4,-36],[3,1],[5,-33],[-2,-26],[2,-49],[-2,-9],[-3,-65],[5,-16],[0,-26],[7,-34],[3,-36],[1,-30],[2,-14],[0,-42],[-3,-34],[3,-12],[-1,-73],[1,-66],[-27,-62],[-31,-1],[-15,-4],[-56,-32],[-3,-3],[-15,-48],[-11,-7],[-24,-100],[2,-11],[-33,-1],[0,-126]],[[239944,523520],[-427,-2]],[[249315,521944],[-6,19],[-5,61],[-4,22],[-12,33],[-13,9],[-3,9],[0,12],[1,4]],[[249273,522113],[9,-1],[7,14],[2,14],[0,25],[-4,23],[-10,16],[-14,32],[-8,9],[-4,15],[-2,33],[6,31],[8,25],[15,12],[0,16],[-6,38],[-2,26],[4,38],[5,15],[7,6],[12,-4],[6,5],[8,-9],[12,-21],[12,-28],[6,-5],[13,24],[2,13],[-2,43],[3,29],[-5,23],[-12,-33],[-12,-8],[-7,9],[-7,16],[-3,22],[-4,29],[10,28],[7,34],[-12,83],[-2,56],[3,50],[6,46]],[[248521,517820],[10,-9],[12,7],[7,-15],[11,-1],[8,-42]],[[248569,517760],[11,-20],[1,-21],[3,-12],[-1,-13],[4,-9],[0,-38],[3,-16],[3,-4],[7,-29],[10,-11],[1,-11],[11,-10],[9,-23],[2,-24],[-12,-77],[7,1],[9,0],[-4,-5],[5,-8],[4,-32],[-5,-7],[-3,30],[-4,-10],[-3,-29],[-1,13],[-8,1],[-5,-9],[-4,10],[-4,-14],[3,-10],[3,10],[2,-20],[5,-4],[1,-54],[23,4],[0,-21],[7,3],[5,-49],[1,-8],[6,-16],[9,61],[6,75],[4,7],[13,-4],[16,-12],[40,-27],[3,28],[11,38],[3,25],[-16,58],[8,33]],[[248758,517500],[2,-1],[3,-35],[11,-28],[9,8],[2,20],[3,-1],[10,-57],[5,-35],[9,-24],[46,46],[-4,-21],[21,-62],[9,30],[20,-60],[27,95],[2,0],[39,-117],[20,-32],[-19,-70],[-2,-9],[-2,-50],[2,-54],[4,1],[9,-13],[6,11],[2,15],[6,-6],[0,-17],[7,-16],[11,4],[6,-2],[-1,28],[6,13],[4,-11],[6,-31],[5,2],[4,-18],[3,12],[8,0],[10,-30],[-5,-1],[7,-10],[-2,-26],[8,-18],[-8,1],[-4,6],[-19,-28],[-1,-25],[2,-23],[9,-47],[-1,-38],[11,-9],[1,-47],[17,2],[6,-27],[2,-16],[0,-41]],[[249090,516638],[2,-72],[-7,-8],[-2,-23],[-8,-27],[-4,-4],[-9,-31],[-6,-15],[-8,13],[-12,29],[-14,-14],[-1,22],[-7,2],[-3,14],[-3,-13],[-15,25],[-3,-7],[1,-26],[-2,-10],[3,-44],[-6,-42],[0,-16],[-3,-33],[-10,-52],[79,-92],[-37,-131],[-11,39],[-4,9],[-67,61],[-38,49],[-19,2],[0,-9],[9,-29],[-2,-18],[24,-73],[33,-98],[2,-23],[6,-11],[4,-51],[9,-44],[-21,-73],[-6,-5],[-2,18],[-6,30],[-12,35],[-6,-42],[-9,-37],[3,-20],[0,-38],[-2,-40],[1,-15],[-5,-3],[1,12],[-5,7],[0,23],[2,14],[-8,10],[1,21],[-5,5],[1,14],[-10,31],[-3,-5],[-8,12],[-5,-5],[-3,6],[1,17],[-3,16],[2,11],[-2,18],[-6,-3],[-5,5],[-14,45],[-25,38],[-7,-18],[19,-143],[4,-61],[5,-41],[-13,11],[-21,4],[-3,-16],[-3,32],[-6,31],[-3,5],[-8,25],[-8,7],[-3,-12],[-3,2],[-9,-31],[-13,44],[-18,-88],[-1,-59],[-5,-21],[13,-37],[0,-55],[9,-13],[7,23],[15,-44],[14,-19],[5,-34]],[[248769,515481],[0,-25],[-9,-1],[0,-24],[-8,10],[3,-28],[-10,-8],[-1,-60],[-2,-78],[-9,-2],[0,-93],[-2,-23],[-5,-25],[0,-38],[-18,-6],[-2,-10]],[[248706,515070],[4,37],[-1,16],[-4,15],[-1,44],[-2,20],[-14,53],[-7,16],[-10,28],[-13,43],[-11,51],[-4,44],[1,12],[-6,22],[-11,80],[-4,11],[-3,4],[-7,23],[-10,49],[-6,16],[4,2],[-7,33],[0,15],[-9,-1],[-5,15],[3,6],[-2,39],[11,6],[-2,88],[2,48],[-31,1],[2,-47],[-13,0],[-17,64],[-25,0],[-1,58],[-10,2],[-2,101],[1,63],[-21,-29],[-8,9],[-10,-12],[-10,6],[-3,-21],[-11,-16],[-1,-13],[-6,-10],[-4,-16],[-4,1],[-9,-17],[2,-19],[-7,1],[-6,-22],[2,-26],[-2,-15],[-9,-6],[0,-31],[-1,-18],[-11,-21],[7,-15],[-1,-17],[-5,-16],[-22,-1],[-6,-22],[1,-28],[5,-1],[-9,-10],[-4,7],[-1,16],[2,42],[-6,20],[-4,31],[2,21],[9,3],[4,18],[-2,15],[-12,29],[-2,21],[2,16],[12,25],[5,18],[0,33],[-3,15],[-7,10],[-12,25],[-1,11]],[[248329,516138],[4,30],[8,33],[5,39],[-4,27],[10,46],[-5,13],[13,-1],[13,-14],[1,16],[15,1],[9,18],[1,26],[38,2],[0,37],[67,6],[2,28],[9,86],[-3,188],[-10,-1],[0,-34],[-9,-7],[-6,2],[-4,67],[1,42],[-16,2],[0,-25],[-18,-1],[-12,38],[39,135],[5,19],[-12,72],[-76,41],[-48,26],[-50,15],[14,31],[8,12],[3,10],[0,11],[-5,30],[6,21],[-11,32],[9,21],[8,11],[11,9],[22,7],[4,3],[4,9],[35,104],[6,15],[-1,29],[37,139],[7,-34],[66,234],[2,16]],[[245151,530061],[35,-37],[2,-24],[8,-6],[6,48],[2,17],[-30,31],[4,43],[1,-10],[5,7],[10,-10],[13,-23],[9,40],[3,30],[12,-3],[16,-20],[2,-8],[4,2],[4,-2],[3,-7],[1,-6],[1,-12],[1,-13],[1,-5],[3,-5],[2,-1],[13,-9],[1,-9],[8,79],[19,-20],[1,6],[-6,9],[-13,24],[-24,26],[5,27],[11,-10],[1,6],[-10,24],[6,69],[-12,56],[0,7],[5,0],[2,33],[-24,14],[2,13],[-17,17],[2,22],[-24,27],[-43,56],[-4,-38]],[[245168,530516],[-5,4],[4,141],[9,78],[3,10],[6,-6],[29,-55],[17,8],[8,3],[6,-8],[7,17],[9,-11],[99,-105],[37,-34],[13,-15],[23,223],[14,175],[0,23],[-4,6],[-5,-18],[-2,41],[-7,-2],[-4,-29],[3,-21],[1,-38],[-2,1],[-8,32],[-10,-27],[-9,7],[2,24],[-4,9],[-5,29],[-5,17],[-4,-9],[-6,-53],[1,15],[-26,22],[-2,-8],[-14,-19],[-3,-9],[-9,20],[-28,49],[-9,13],[-29,89],[-3,9],[-29,55],[-18,28],[-15,40]],[[245194,531237],[-8,18],[-7,33],[-6,11],[-1,9],[-8,21],[-7,47],[-2,42],[8,84],[10,27],[6,9],[15,-14],[6,-12],[-2,36],[-11,12],[-14,-20],[1,36],[7,20],[1,-7],[8,28],[10,12],[5,-15],[-9,2],[9,-16],[7,-21],[2,-54],[-2,-24],[2,-42],[4,-8],[2,-20],[5,-10],[6,0],[13,23],[3,-22],[3,15],[-3,10],[12,28],[7,6],[4,-10],[4,-26],[2,8],[-1,-31],[7,-55],[-5,2],[4,-18],[6,4],[10,-6],[11,-20],[4,-55],[-6,-7],[3,-22],[-3,-5],[2,-16],[5,27],[0,-17],[10,-56],[5,-15],[-2,-15],[-6,-20],[10,7],[2,-11],[4,15],[9,-18],[6,-1],[3,-10],[5,0],[13,-26],[5,53],[10,-11],[12,-22],[7,-25],[9,-17],[16,5],[22,-29],[17,16],[4,-2],[15,-50],[4,-7],[13,-37],[15,-68],[-3,-6],[-4,-8],[4,-24],[6,-24],[-4,-48],[14,20],[1,121],[3,40],[2,9],[5,5],[6,17],[17,14],[4,0],[5,1],[16,-9],[4,-8],[13,-19],[10,6],[3,34],[-3,9],[-5,40],[-17,35],[-7,15],[-13,11],[-29,2],[-7,10],[-5,22],[-2,41],[4,32],[2,12],[6,13],[26,7],[18,-4],[4,1],[3,3],[8,1],[7,-1],[18,-3],[4,-1],[7,0],[11,4],[7,-4]],[[245881,529279],[-12,-30],[-7,-40],[-9,-37],[4,-14],[-3,-15]],[[245854,529143],[-7,-22],[-7,-69],[-11,-100],[-10,-100],[-2,-12],[-38,-387],[-1,8],[2,14],[-1,11],[-5,7],[-54,60]],[[245720,528553],[-8,8],[-10,-11],[7,67],[1,19],[-17,16],[33,338],[-14,7],[-7,18],[-6,3],[-6,-42],[-2,-24],[-10,-77],[-10,-48],[-2,-21],[-55,58],[-28,26],[-1,36],[-4,74],[2,27],[-1,5],[-56,60],[-10,9],[-3,11],[-9,6],[-1,-3],[-2,-23],[-1,-2],[-11,11],[-33,35],[-4,10],[2,16],[-7,8],[1,20],[7,70],[-6,6],[5,77],[-10,79],[-9,4],[-2,36],[3,24],[13,95],[-2,3],[5,36],[-10,30],[-2,3],[-16,1],[-8,-10],[-10,-23],[-5,-26],[-6,-41],[-10,11],[-26,50],[-6,0],[-5,-8],[-18,-46],[-6,-22],[-19,-33],[-10,3],[-8,26],[-17,82],[-7,17],[-2,6],[-4,8]],[[245257,529648],[-8,57],[-5,11],[-9,37],[-10,-12],[-5,20],[-10,-10],[-2,25],[3,20],[-5,24],[3,9],[4,34],[-44,18],[-9,11],[-1,-17],[-9,11],[-2,-14],[-5,13],[0,13],[8,19],[-6,5],[3,38],[-7,2],[5,53],[3,26],[2,20]],[[245768,519915],[9,59],[14,85],[13,12],[20,6],[23,137],[8,46],[62,-109],[14,71],[32,196],[7,42],[16,-48],[22,123],[8,38],[2,4],[4,1],[4,-44],[3,-4],[19,-63],[-3,-26],[11,-37],[6,17],[13,-39],[2,24],[2,4],[-10,30],[-9,5],[-10,24],[7,26],[4,21],[10,-13],[4,6],[4,38],[4,31],[-2,15],[5,36],[2,33],[-6,12],[-5,-1],[-9,6],[2,65],[14,43],[-9,57],[-16,117],[8,12],[31,103],[14,-43],[15,51],[10,34],[2,6],[3,7],[1,54],[-1,20],[0,6],[0,10],[0,5],[2,8],[9,30],[-2,29],[3,22],[12,-36],[14,-33],[23,-55],[5,-17],[0,-4],[12,-36],[12,-39],[1,-5],[33,-102],[5,-11]],[[246271,520977],[7,-15],[15,-48],[-9,-31],[7,-26],[15,-40],[21,72],[7,-19],[-4,-17],[-3,-43],[-5,-80],[-19,-83],[-8,-48],[-44,-204],[10,-32],[15,-43],[19,-63],[13,-44],[1,-2],[21,-66],[36,-106],[18,-54]],[[246384,519985],[1,-10],[0,-21],[-5,-23],[0,-70],[1,-162],[-4,-28],[5,-17],[-1,3],[21,71],[2,-3],[-2,-10],[3,-16],[2,5],[6,-21],[-20,-65],[32,-103],[-24,-55],[0,-2],[9,-32],[11,7],[12,-25],[6,-8],[2,-17],[0,-37],[-3,-57],[2,-28],[-11,-13],[-1,-14],[-8,-15],[-4,-25],[-2,-4],[1,-13],[-7,-55],[0,-25],[-3,-18],[-3,-27],[3,-27],[5,-29]],[[246410,518996],[-23,20],[-6,-64],[-5,-90],[-16,-206],[-1,-3],[14,-14],[-4,-58],[19,-14],[-3,-42],[15,-15],[-1,-2],[-6,6],[-5,-83],[7,-25],[19,-51],[-4,-13],[-5,-33],[-7,-22],[1,-25],[-6,-16],[-1,-13],[1,-25],[5,-27],[3,-20],[6,-10],[3,1],[-1,13],[4,9],[7,26],[4,38],[7,20],[7,14],[11,10],[16,35],[7,-14],[-6,-21],[-2,-27],[0,-27],[4,-39],[2,-31],[3,-64],[-1,-20],[-7,-36],[-18,-72],[-10,0],[-9,26],[-5,7],[-10,4],[-12,11],[-10,1],[-9,-13],[-5,-16],[0,-30],[4,-26],[-1,-21],[-2,-19],[-8,-25],[-7,-7],[-13,-5],[-15,-34],[-3,-8],[-4,19],[7,35],[4,31],[-1,27],[0,71],[-4,5],[-11,-3],[-11,2],[-3,9],[-6,1],[-5,-11],[-4,-18],[-13,-18],[-12,-9],[-17,-1],[-5,21],[-5,10],[-6,5],[-5,0],[-3,-2],[-10,28],[-22,47],[-4,24],[-1,48],[-2,8],[-7,7],[-10,0],[-7,0],[-15,-13],[-6,3],[-2,10],[-4,31],[-7,37],[-5,1],[-9,-52],[12,-30],[3,-10],[-3,-15],[-3,-11],[-3,-6],[2,-25],[4,-5],[-1,-19],[-6,-9],[6,-33],[-10,-19],[7,-24],[-8,-27],[-6,0],[-6,-9],[-7,-29],[-5,-10],[-2,-20],[-8,-13],[-3,-24],[2,-23],[4,-15],[7,5],[4,-6],[2,-39],[-2,-19],[-9,-3],[-6,-8],[-3,24],[-3,-6],[-9,4],[-5,17],[-5,-3],[-1,-14],[-5,-36],[0,-37],[2,-15],[10,-35],[5,-5],[0,-19],[-3,-6],[-2,-16],[-7,3],[0,-36],[3,-4],[1,-20],[-11,1],[-3,-16],[4,-51],[-3,-20],[2,-8],[-1,-24],[-6,5],[-5,-16],[1,-28]],[[246038,517357],[-26,47],[-6,-42],[-7,6],[-1,10],[-19,34],[-3,-19],[-38,67],[6,28],[-8,16],[5,30],[-34,61],[-5,-21],[-17,35],[3,22],[-12,25],[-14,17],[-18,38],[-6,-50],[-3,4],[-4,-21],[-4,-34],[-10,-60],[-15,28],[-2,-10],[-8,18],[-2,-12],[-4,7],[-14,-36],[6,35],[-3,7],[-4,-19],[-5,12],[4,24],[0,6],[-3,8],[-16,28],[-64,115],[1,28],[-8,14],[-9,-32],[-6,-8]],[[245665,517763],[-2,70],[-3,16],[6,18],[-4,17],[11,61],[12,-43],[6,-6],[10,55],[9,20],[5,35],[12,-9],[3,-8],[15,-24],[3,28],[0,23],[3,11],[8,9],[15,66],[11,-18],[-2,-16],[-5,-51],[3,7],[4,-11],[3,-30],[7,3],[4,10],[4,22],[-4,-10],[-5,43],[3,28],[-4,47],[13,70],[4,-2],[23,96],[25,-10],[3,42],[-8,7],[-2,-24],[-6,1],[7,76],[48,106],[-2,10],[-2,16],[5,33],[0,34],[8,20],[2,18],[0,11],[-13,24],[-9,2],[-9,-25],[-11,29],[-6,-11],[-7,10],[-7,3],[-2,21],[2,21],[-7,13],[-12,-15],[-6,-1],[-7,15],[-9,4],[-6,17],[-4,-1],[-9,-42],[-2,-21],[-3,-1],[-7,16],[-4,-8],[-5,5],[-3,-17],[-10,-6],[2,-19],[-5,-17],[-3,-17],[-4,37],[-2,32],[-4,15],[10,100],[13,3],[13,18],[11,5],[12,2],[0,60],[18,0],[0,42],[-1,53],[-14,1],[8,10],[4,12],[-4,9],[-14,-15],[-3,19],[-18,49],[-9,18],[0,23],[-7,14],[1,3],[-7,13],[3,40],[5,1],[0,47],[-12,1],[0,45],[-10,1],[0,-48],[-7,37],[3,67],[10,32],[-10,-8],[-7,0],[-9,16],[-23,74],[-1,10],[4,36],[16,44],[11,70],[5,14],[-2,-12],[10,34],[2,19],[5,32],[10,49],[8,29],[21,52],[4,23],[2,30],[-7,29],[-10,19],[-5,0]],[[242000,512761],[21,84],[3,9],[7,12],[12,8]],[[242043,512874],[30,13],[71,30]],[[242144,512917],[28,12],[5,2],[27,13],[6,6],[26,42],[0,-5]],[[242236,512987],[1,-1],[-5,-7],[0,-50],[0,-3],[10,-7],[5,-52],[9,-22],[0,-73]],[[242256,512772],[-7,-17],[2,-13],[0,-44],[2,-29],[-10,44],[-4,15],[-18,-46],[-8,-17],[-6,-12],[0,0],[-24,-40],[-12,-16],[-4,-4],[-7,-1],[3,-74],[-1,-33],[8,1],[10,-2],[2,-15],[4,-30]],[[242186,512439],[0,-20],[5,-18],[6,-35],[-16,-7],[-10,20],[-32,-1],[-17,0],[-29,-1],[-11,0],[-4,5],[-2,2],[-12,0],[-2,-2],[-3,-7],[-3,-9],[-7,-23],[-7,-3],[-15,4],[-9,31],[-3,0],[-11,-1],[-9,0],[-16,0]],[[241979,512374],[-10,-1],[-2,-2],[0,47],[-2,-9],[-5,2],[-6,26],[-7,-9],[-5,15]],[[241942,512443],[-11,39]],[[241931,512482],[0,1],[-9,29],[10,29],[6,-11],[11,36],[-2,20],[13,0],[9,35],[9,51],[2,1],[6,30],[14,58]],[[248513,521406],[11,-7],[-4,19],[5,3],[3,15],[8,-2],[6,-12],[10,11],[6,-8],[8,18],[5,-5],[0,12],[5,14],[5,-15],[8,13],[15,32],[6,-1],[5,-24],[3,-26],[9,1],[24,28],[12,2],[1,5],[5,37],[8,40],[-1,16],[5,17],[-1,16],[8,23],[6,6],[5,-5],[-2,-12],[8,-41],[22,5],[4,23],[5,2],[4,15],[9,12],[9,-21],[10,2],[3,18],[8,16],[7,-8],[-1,23],[-6,24],[1,9],[10,13],[11,-15],[7,-26],[11,5],[0,11],[16,-11],[8,17],[13,4],[7,-6],[10,11],[2,5],[6,1],[9,-9],[4,8],[9,34],[-2,15],[1,12],[-4,14],[5,27],[7,17],[12,2],[-3,13],[4,29],[6,5],[4,-7],[-1,-14],[9,-65],[4,0],[3,21],[4,-6],[6,18],[11,-2],[5,17],[13,5],[20,17],[4,13],[7,-11],[1,-15],[4,9],[8,-11],[-1,26],[7,0],[2,38],[-3,16],[3,10],[9,-11],[8,-2],[3,7],[-5,9],[2,15],[5,5],[7,19],[12,2],[3,6],[5,34],[0,22],[12,11],[6,-13],[0,-16],[1,-5],[2,-3],[6,3],[2,-5],[1,-10],[3,-3],[6,-1],[5,-12],[7,6],[4,-7],[2,0],[6,20],[1,8],[1,12],[1,6],[11,24],[10,-12],[2,0],[8,16],[1,28],[9,28],[17,1],[4,3],[8,20],[7,37],[8,-10],[8,-20],[5,-1],[3,18],[3,1],[10,-21],[5,-27]],[[249315,521944],[-6,-13],[0,-18],[-6,-4],[-5,6],[-8,-11],[-3,-23],[-4,-14],[-3,-18],[2,-13],[-6,-4],[-3,-28],[4,-9],[-3,-14],[5,-12],[4,2],[4,-23],[-6,-24],[8,-22],[2,-25],[5,-32],[15,15],[31,28],[6,44],[6,53],[5,20],[15,17],[6,11],[12,11],[21,-32],[18,11],[20,-5],[25,24],[5,-58],[-33,-32],[2,-26],[4,-23],[-10,-11],[-5,-25],[-13,-22],[-15,-8],[-62,-59],[-10,-55],[-4,-47],[2,-38],[1,-35],[-3,-43],[3,-2],[9,-9],[21,-5],[0,-276],[13,-2],[24,-6],[3,-139],[30,-63],[31,-6],[69,-5],[-1,-56],[14,-6],[-4,-30],[-23,-40],[-5,-2],[1,-212],[-70,-4],[1,-19],[8,-31],[3,-65],[-33,-1],[1,-85],[-2,7],[-7,-18],[6,0],[14,-15],[21,2],[-7,-48],[-6,-30],[-1,-28]],[[249176,518376],[6,-96],[1,-15],[-16,50],[-13,28],[-1,12],[-5,4],[-7,-6],[-10,-24],[-6,-3],[1,28],[-4,41],[-5,15],[-2,27],[5,26],[-7,22],[-12,-30],[-8,18],[-5,-9],[-8,16],[-7,-15],[-5,-24],[-24,-45],[0,-16],[10,16],[6,-24],[3,6],[38,-112],[-7,-16],[-9,-31],[-15,45],[-7,-4],[-22,63],[-5,-5],[-10,28],[-19,-72],[3,-43],[-3,-4],[0,-14],[-3,-20],[6,-37],[-8,-64],[0,-18],[-12,-45],[-1,-35],[-7,-33],[-3,2],[-5,16],[4,32],[-6,26],[-12,4],[-13,-17],[4,29],[2,36],[0,31],[-2,62],[1,38],[-2,42],[-28,-102],[-2,-10]],[[248920,518150],[1,13],[-5,25],[0,9],[-7,25],[-9,2],[-5,8],[0,20],[-7,3],[-3,29],[0,25],[-2,25],[1,16],[-1,23],[6,29],[4,6],[-1,27],[-4,22],[0,19],[-4,21],[-7,0],[-5,12],[-6,-9],[-1,7],[-7,-4],[-2,13],[-4,-9],[-5,3],[-8,-8],[-9,-18],[-2,-14],[-8,-29],[-11,10],[-15,-2],[-7,-27],[-8,2],[-12,-40],[-48,-308]],[[248719,518076],[-17,48],[-39,118],[-36,-129],[1,-23],[-20,-63],[3,-13],[-3,-16],[-19,-66],[-6,-29],[1,-7],[-4,-14],[-1,-34],[-2,-19],[-5,-20],[1,-13],[-3,-13],[-1,-23]],[[248521,517820],[-5,16],[-7,14],[-5,18],[-8,44],[4,20],[0,17],[2,25],[7,16],[-2,17],[4,-1],[2,18],[3,5],[-1,12],[2,24],[-12,37],[-14,16],[-4,-5],[-3,12],[-5,-12],[-5,0],[-6,28],[29,101],[-5,15],[-3,38],[-14,41]],[[248475,518336],[8,98],[3,13],[30,1],[-13,30],[-13,71],[6,24],[39,-46],[-5,14],[0,25],[-8,7],[8,38],[6,63],[-3,26],[9,32],[7,-20],[21,73],[-36,74],[-4,10],[-9,28],[-10,7],[-42,127],[20,16],[18,9],[8,14],[16,39],[13,12],[7,19],[15,31],[-7,22],[-6,8],[-13,5],[-9,9],[-6,33],[-10,30],[3,18],[-12,39],[9,38],[-1,7],[-5,13],[11,39],[-7,11],[-2,2],[-3,44],[8,37],[-2,13],[-1,-10],[-7,-7],[-4,-25],[-8,1],[-16,12],[-7,14],[-3,-1],[-3,20],[-7,18],[-5,3],[-10,35],[-9,4],[-5,9],[-3,27],[-5,8],[-3,29],[-4,-7],[-5,20],[-3,11],[2,19],[-6,1],[-3,26],[-11,41],[-11,9],[-2,17],[7,15],[23,19],[0,41],[-9,28],[7,24],[-8,25],[-5,77],[-8,59],[16,29],[15,33],[2,-2],[75,-238],[9,9],[2,4],[26,85],[8,-23],[17,58],[17,58],[24,-85],[-13,-59],[2,-12],[-3,-29],[1,-16],[34,-10],[19,-14],[25,92],[-22,67],[21,73],[2,5],[3,-9],[14,-44],[1,-29],[0,-12],[2,-10],[4,-11],[31,112],[8,38],[-26,79],[-4,11],[9,31],[-24,79],[-4,18],[-2,-7],[-17,51],[-4,-12],[-21,70],[-2,-7],[-20,63],[-4,-12],[-9,21],[2,8],[-39,81],[-3,-2],[-12,53],[4,25],[-5,8],[-4,-7],[-10,26],[-3,14],[23,76],[-9,29],[-12,4],[-6,17],[39,132],[18,54],[-3,32],[-13,37],[-13,7],[-5,-6],[-8,-21],[-19,-40],[-7,-6],[-26,-2],[-5,-7],[-17,-30],[-12,-11],[4,15],[0,29],[-5,28],[3,25],[14,18],[9,44],[8,18],[3,52],[28,160]],[[244455,497374],[5,9],[1,75],[39,0],[13,-2],[38,5],[45,52],[3,8],[2,13],[0,20],[32,0],[5,-59],[-2,-10],[6,-61],[7,-1],[9,-111],[50,149],[8,-45],[21,60],[3,-18],[15,40],[-2,12],[19,27],[11,19],[-3,42],[-11,106],[0,33],[3,22],[18,-116],[1,-5],[2,1],[33,60],[11,-22],[4,3],[18,42],[16,29],[4,15],[4,5],[8,-56],[7,-17],[8,-5],[8,-14],[22,-64],[6,-34],[7,8],[5,-3],[11,3],[8,24],[20,31],[7,-17],[7,-4],[11,7],[-2,42],[-7,17],[-8,13],[-1,23],[7,14],[6,1],[9,19],[0,22],[-8,4],[-5,14],[-1,32],[1,21],[-2,27],[-5,8],[-7,-6],[-3,-21],[-8,6],[-1,32],[-5,30],[1,14],[6,23],[4,46],[3,14],[8,63],[7,29],[-2,21],[-7,7],[-7,-7],[-4,7],[-3,17],[-1,36],[-7,21],[-2,25],[1,19],[5,21],[1,33],[-8,11],[20,12],[23,25],[4,-21],[6,-27],[12,-24],[10,-33],[15,-84],[16,-69],[7,-49],[9,-19],[0,-36],[13,-13],[2,-8],[12,-22],[-4,-44],[4,-15],[30,-32],[-2,-24],[11,-43],[-2,-8],[1,-56],[-2,-18],[4,-35],[9,-5],[1,-12],[1,29],[5,19],[3,17],[1,21],[7,2],[21,14],[1,4],[13,41],[15,46],[1,24],[4,8],[6,22],[5,-1],[7,11],[7,-11],[8,-5],[16,-41],[13,34],[-11,-79],[-4,-10],[2,-52],[4,-32],[-1,-8],[11,1],[11,11],[6,13],[8,-6],[-1,-18],[9,-41],[0,-15],[62,-81],[5,-15],[5,-3],[15,36],[7,11],[15,44],[35,85],[2,-5],[5,-10],[7,-40],[1,-20],[26,-200],[6,-17],[-2,-12],[65,-62],[4,-11],[17,-113]],[[244852,521033],[6,31],[10,59]],[[244868,521123],[1,8],[14,81],[0,1],[9,52]],[[244892,521265],[-1,-11],[2,8],[9,-42],[-2,-45],[4,-22],[2,-32],[1,-33],[2,0],[10,-18],[15,4],[1,-12],[-6,-10],[-3,-8],[-13,21],[-5,-2],[1,-18],[2,-16],[1,-10],[1,-5],[5,-28]],[[244918,520986],[-13,-8],[2,16],[-3,31],[-2,0],[2,-13],[0,-35],[-3,-1],[-1,13],[-6,-4],[0,-12],[-8,-6],[-9,-6],[-7,-3],[0,12],[-3,-2],[0,-12],[-3,-2],[-6,-4],[0,12],[-7,-4]],[[244851,520958],[-2,35],[-4,-1],[7,41]],[[242146,532727],[4,0],[2,-14],[7,-9],[2,9],[14,40],[6,29],[-3,19],[1,17],[21,-2],[14,1],[112,-3],[15,-11],[4,2],[23,41],[1,-14],[16,-37],[7,-24],[14,-6],[19,4],[3,-16],[32,1],[1,38],[8,4],[2,23],[39,4],[1,61],[2,7],[14,2],[-35,154],[-8,49],[47,3],[0,81],[-6,32],[-5,25],[-13,18],[-16,11],[-10,10],[-5,12],[-3,12],[-2,35],[7,85],[-2,-34],[-4,-41],[0,-33],[3,-17],[10,-23],[26,-16],[0,85],[17,0],[-1,85],[53,3],[12,2],[40,1],[1,-167],[105,7],[1,-76],[8,0],[7,-9],[38,89],[12,26],[69,157],[10,-6],[5,-34],[9,12],[3,10],[15,21],[9,5],[10,-1],[23,34],[13,-19],[9,-17],[16,11],[32,31],[4,36],[6,121],[1,53],[15,-17],[10,0],[9,-50],[4,6],[12,0],[3,-16],[7,-16],[3,2],[14,22],[5,17],[-3,21],[-14,30],[-4,30]],[[243099,533745],[8,18],[27,30],[10,9],[9,12],[2,10],[4,6],[7,4],[6,-23],[10,-30],[9,-82],[22,-59],[9,10],[96,115],[2,-10],[9,-48],[10,-59],[4,-4],[20,-92],[5,-17],[1,-18],[6,-6],[8,4],[14,26],[9,-1],[5,-10],[15,-7],[-1,40],[-6,28],[-8,55],[24,6],[6,-14],[0,-17],[-4,-12],[3,-6],[3,-38],[3,-16],[0,-19],[-3,-8],[4,-36],[-7,-1],[3,-32],[-6,-15],[-1,-19],[4,-14],[1,-20],[5,-10]],[[243446,533375],[2,-37],[-3,-14],[4,-13],[1,-28],[-1,-14],[-4,0],[0,-16],[-3,-2],[-1,-23],[-3,-26],[1,-28],[7,-28],[1,-35],[7,-8],[0,-16],[4,-27],[-1,-14],[2,-33],[-1,-33],[-4,2],[-2,-12],[3,-12],[5,5],[1,-14],[-4,-16],[3,-16],[2,-17],[-3,-20],[2,-14],[-4,-20],[3,-16],[-1,-22],[2,-12],[14,-16],[-1,-9],[-20,-21],[-6,1],[-14,25],[-20,40],[-8,26],[-22,3],[-15,-6],[-18,25],[-4,14],[-8,72],[-2,27],[-3,12],[-13,20],[-9,5],[9,-71],[-31,-35],[-3,22],[-24,-26],[-11,-15],[4,-31],[6,1],[3,-19],[10,-29],[4,-22],[14,-18],[15,-27],[4,-25],[5,-10],[7,-25],[8,16],[4,-2],[25,-23],[11,-4],[4,-7],[8,-50],[12,-46],[-5,-28],[-7,-18],[-20,-37],[-8,-6],[-11,-16],[-6,-27],[-1,-29],[-4,-16],[-3,-37],[-25,-187],[0,-18],[-13,22],[-32,22],[-4,-13],[-11,6],[23,-229],[2,-25],[8,9],[26,-250],[-60,-65],[2,-21],[-67,-77],[10,-104],[-39,96],[-7,33],[-3,27],[-3,76],[-1,27],[-10,101],[-2,33],[-23,-5],[-11,-18],[-8,2],[-38,-44],[-4,-14],[-11,-6],[-6,-17],[-30,-34],[3,-35],[16,-129],[-6,-6],[-69,105],[-10,-4],[-3,-9],[-20,-21],[-12,25],[-16,-42],[-7,13],[-5,2],[-12,-19],[-3,-24],[94,-226],[15,-39],[14,-46],[7,-30],[-12,-20],[-33,-36],[-2,-5],[-5,-30],[0,-39],[-2,-32],[-5,-11],[-11,-35],[-30,-11],[-14,3],[-9,8],[-10,24],[1,48],[-42,2],[5,-39],[3,-33],[9,-60],[14,-45],[10,-61],[4,-18],[1,-83],[6,-61],[6,-19],[3,-4],[5,-25],[-6,6],[-19,2],[-20,-1],[-5,8],[-26,-3],[-13,2],[0,-30],[-5,-12],[-1,-27],[-6,-23],[0,-33],[-3,-34],[-2,-9],[1,-28],[-19,-6],[-4,-22],[-8,-8],[-6,2],[-4,24],[1,18],[-4,70],[-4,15],[0,53],[-8,43],[-4,26],[-6,23],[0,19],[5,23],[-5,10],[-8,8],[-7,-7],[-6,20],[-9,19],[5,27],[-1,25],[3,13],[-7,22],[-6,8],[-5,16],[-2,20],[-8,-14],[-8,-50],[0,-26],[-19,-25],[-6,-1],[-7,-30],[-14,6],[-15,-22],[-4,4],[-15,-20],[-4,-13],[0,-9],[6,-12],[7,-2],[6,-12],[-13,-22],[-8,-31],[-5,-9],[-6,-2],[-9,17],[-11,48],[-11,70],[-3,8],[-4,5],[-9,-19],[-6,-33],[-4,-8],[-7,4],[-11,45],[-3,3],[-6,2],[-6,-2],[-6,-8],[-3,-10],[-5,-40],[-7,-55],[-5,-13],[-14,-11],[-7,-18],[-3,-19],[1,-20],[-1,-23]],[[242405,530526],[-8,-70],[-4,-18],[-16,-45],[-2,-1],[-9,22],[-8,48],[-4,92],[-19,89],[-3,38],[-14,53],[-7,15],[-11,56],[0,11],[3,47],[5,9],[11,6],[9,12],[24,38],[6,14],[6,21],[2,31],[-1,38],[-3,22],[-3,80],[1,15],[7,25],[4,2],[12,-11],[19,-7],[13,8],[11,38],[9,38],[3,21],[-2,35],[-5,10],[-17,-23],[-13,-8],[-12,4],[-5,9],[-21,77],[-7,15],[-6,3],[-26,7],[-5,0],[-7,25],[-1,23],[6,26],[12,26],[11,32],[0,17],[-9,30],[0,17],[-11,35],[-6,4],[-27,-28],[-12,-3],[-10,11],[-14,31],[-13,26],[-3,14],[0,26],[-1,24],[3,44],[4,56],[6,46],[3,30],[-16,24],[-5,3],[-5,0],[-40,-29],[-20,-20],[-26,-4],[0,22],[7,22],[-2,47],[-5,20],[12,19],[15,25],[6,3],[14,-12],[7,5],[7,21],[6,41],[6,19],[10,4],[17,-15],[16,1],[-1,31],[-7,61],[-8,20],[-10,44],[-11,65],[-3,45],[-7,35],[0,24],[-5,27],[-12,9],[-8,11],[-7,6],[-13,-19],[-5,-34],[-1,-22],[3,-31],[-2,-55],[-6,-7],[-5,8],[-11,40],[-14,38],[-4,9],[-18,19],[-11,27],[-6,20],[-3,2],[-15,27],[-3,2],[-9,54],[4,81],[15,45],[8,-5],[18,-36],[5,8],[24,21],[13,23],[4,4],[2,7],[1,23]],[[248324,514114],[-22,50]],[[246410,518996],[59,-49],[14,175],[14,1],[0,-19],[31,3],[1,-95],[18,15],[15,28],[13,35],[23,35],[7,2],[7,3],[5,9],[15,19],[18,8],[25,32],[20,24],[17,-44],[7,7],[17,-8],[9,3],[0,18],[3,7],[16,10],[13,19],[11,3],[0,5],[46,4],[1,46],[20,3],[14,2],[34,-188],[3,-14]],[[246906,519095],[4,-485],[-7,-32],[7,-4],[3,-385]],[[246913,518189],[-27,-1],[7,-73],[-1,-36],[-2,-24],[-2,-36],[10,-40],[6,6],[9,-36],[-5,-13],[-2,-43],[2,-5],[14,-17],[3,-23],[-2,-24],[3,-43],[3,-8],[4,7],[3,22],[5,-8],[-1,-32],[1,-19],[-2,-30],[11,-18],[4,-13],[0,-7],[-5,-33],[-8,-26],[-5,20],[-22,2],[3,-16],[9,-23],[9,-9],[7,-28],[1,-34],[-2,-5],[-6,8],[-5,-19],[5,-9],[2,-41],[2,-17],[4,-8],[4,56],[8,13],[2,13],[12,11],[5,-12],[19,-18]],[[246993,517500],[-12,5],[-11,18],[-5,3],[-7,-8],[-3,-18],[2,-27],[1,-46],[6,-42],[-1,-12],[-5,-21],[-7,-60],[-4,-14],[-8,-11],[-5,-19],[-23,-39],[-7,1],[-7,11],[-11,1],[-7,4],[-2,-4],[-43,-33],[0,-41],[-13,-5],[-3,3],[0,-14],[-3,-17],[-6,-19],[0,-29],[6,-68],[2,-1],[7,-27],[1,-14],[7,-18],[3,-18],[-1,-120],[-45,-2]],[[246789,516799],[-9,-1],[-118,-2],[-1,-40],[0,-5],[46,2],[1,-33],[10,-11],[6,15],[0,-64],[-19,-5],[0,26],[-30,-3],[2,-10],[0,-38],[-25,0],[-4,-4],[-11,4],[-9,14],[-10,5],[-8,41],[-12,6],[1,53],[-13,8],[7,21],[-1,13],[-4,0],[-90,-306]],[[246498,516485],[-1,263],[1,22],[1,12],[18,84],[3,22],[8,68],[-6,16],[-5,6],[-7,-3],[-4,16],[-87,-5],[-1,-56],[2,-26],[-5,-106],[-2,-23],[0,-226],[-29,1],[-9,-2],[-1,-9],[-1,-30],[-19,-1]],[[246354,516508],[-1,93],[-9,-5],[-12,17],[-28,-8],[0,12],[-27,6],[-4,-32],[-1,15],[-4,32],[0,44],[0,18],[-4,12],[-8,11],[-9,30],[-21,33],[-12,23],[-6,4],[1,38],[-15,7],[-3,6],[16,31],[11,1],[10,-16],[7,-4],[43,10],[8,9],[5,14],[-3,14],[-1,44],[6,115],[-39,23],[-2,12],[-3,-9],[-7,4],[-8,12],[-4,-6],[-8,2],[-9,-164],[-19,11],[-7,-37],[-28,51],[-5,-32],[-37,68],[2,17],[-20,38],[3,19],[-7,10],[2,22],[-15,27],[10,64],[-6,11],[5,34],[-53,98]],[[247037,528554],[27,-29],[-3,65],[3,77],[89,-94],[60,-64],[33,334],[13,-13],[47,-320],[25,36],[0,63],[15,523]],[[247799,529569],[3,-20],[0,-56],[3,-33],[4,-72],[6,-32],[6,-6],[6,3],[16,42],[15,24],[5,-11],[5,-3],[9,-17],[8,-21],[4,-42],[0,-17],[2,-13],[-3,-22],[-8,-33],[-4,-9],[-16,2],[-6,-15],[-2,-46],[-4,-51],[-2,-18],[-9,-24],[-12,-24],[-15,-23],[-4,-37],[0,-53],[4,-47],[6,-23],[4,-2],[9,5],[6,-11],[8,-27],[4,-53],[8,-49],[4,-37],[0,-38],[-2,-55],[-5,-57],[0,-19],[4,-22],[6,-21],[7,-19],[7,-24],[9,-23],[10,-48],[8,-9],[13,1],[9,3],[11,10],[3,-18],[0,-17],[-3,-23],[-12,-45],[0,-32],[4,-33],[11,-24],[10,-13],[23,-16],[9,1],[10,30],[6,26],[9,27],[7,18],[17,26],[11,10]],[[248095,527537],[2,-21],[-10,5],[-5,32],[-5,8],[-7,0],[-6,8],[-8,26],[-5,21],[-6,3],[-7,-13],[-1,-13],[4,-32],[6,-24],[-2,-15],[-8,-18],[-10,1],[-9,-29],[-5,12],[2,21],[-1,25],[-5,24],[-11,0],[-6,-12],[-2,-20],[6,-26],[10,-6],[1,-10],[-2,-36],[-4,-16],[-4,6],[-4,27],[-7,7],[-8,-13],[-6,3],[-2,17],[2,34],[2,18],[5,16],[1,20],[-6,34],[-5,-2],[-3,-25],[-6,-18],[0,-11],[6,-23],[0,-18],[-11,-29],[-8,-35],[-9,3],[-7,-9],[1,-36],[-10,-38],[-4,-30],[-11,4],[-18,-18],[-10,-20],[-6,-1],[-4,6],[-4,14],[-5,6],[-6,-11],[-2,6],[-14,23],[-2,13],[-1,21],[-5,18],[-13,6],[-10,18],[-4,25],[0,26],[-5,12],[-4,-6],[4,-44],[-6,-30],[-2,-21],[-5,-2],[-2,9],[-10,87],[1,13],[0,35],[2,18],[-1,25],[-4,27],[-3,32],[0,24],[-3,21],[-4,12],[-14,15],[-5,19],[1,20],[6,24],[-2,21],[-9,22],[-3,-9],[0,-20],[-3,-8],[-12,3],[-4,-9],[-2,-22],[13,-13],[-4,-21],[-12,-27],[-3,-28],[-14,-34],[-2,7],[-1,23],[-5,1],[-7,-15],[-6,-37],[-8,-3],[-9,8],[-8,-5],[-11,13],[-10,-3],[-7,-8],[-16,-47],[-5,-7],[-3,8],[2,25],[-3,12],[-4,-12],[-4,-40],[-6,-19],[-3,4],[-2,24],[2,39],[-7,13],[-2,-16],[-6,-13],[1,-23],[9,-16],[-3,-23],[0,-26],[-4,-19],[-8,-9],[-1,19],[-6,-11],[-5,-33],[-7,-13],[-5,19],[-11,-12],[-7,-3],[-10,-43],[-3,-26],[-4,1],[-5,-15],[3,-49],[-7,-75],[33,-17],[20,3],[6,-2],[20,-17],[32,1],[4,-8],[20,-65],[4,-8],[23,-25],[-4,-20],[-16,-57],[-16,-25],[-3,-17],[-6,-55],[-6,-17],[-14,-20],[-1,-28],[8,-10],[2,-15],[5,-12],[8,1],[-14,-31],[-15,-155],[22,-23]],[[247602,526584],[-8,-69],[-22,27],[-32,12],[1,18],[-20,22],[-30,-68],[-7,-67],[-2,-5],[-9,8],[-4,-5],[-2,-25],[-7,-12],[-1,-1],[-10,10],[-44,-101],[-4,27],[-9,-10],[-4,20],[-2,30],[-36,-40],[-8,-9],[-7,73],[-6,15],[-8,33],[1,25],[5,5],[4,-45],[13,15],[-2,14],[8,9],[1,-11],[5,2],[3,-25],[25,29],[1,8],[-1,12],[-2,52],[-61,-27],[-8,10],[-13,8],[-4,-3],[-10,-15],[-3,-10],[-1,-14],[-18,-20]],[[246949,526717],[-7,-3],[-3,-16],[-3,1],[-2,33],[-5,-2],[-4,15],[0,23],[-4,1],[-5,-25],[-9,-2],[-2,-15],[-14,-13],[-6,10],[-4,20],[-6,8],[-2,8],[2,11],[7,4],[1,30],[3,10],[3,-7],[0,-12],[6,1],[2,21],[-1,14],[-8,45],[-8,-4],[-8,1],[-6,12],[-5,-1],[-9,-14],[-6,7],[6,12],[6,35],[-5,20],[-8,5],[-2,-16],[4,-12],[-2,-17],[-10,-15],[-5,-15],[-2,9],[4,12],[-4,12],[-6,-15],[-9,1],[-3,16],[3,15],[-1,7],[-9,10],[-6,17],[-5,-6],[0,-27],[6,-17],[1,-11],[-4,-9],[-7,2],[-2,7],[0,43],[-4,-3],[-4,-18],[5,-14],[-1,-19],[-7,1],[-2,39],[-3,11],[-5,3],[-4,-7],[-1,-14],[2,-32],[-2,-13],[-5,-12],[-8,-2],[-4,14],[6,16],[-3,18],[10,10],[-8,14],[3,10],[2,12],[3,101],[52,512],[1,6],[-45,51],[-1,8],[41,385],[7,-3],[8,80],[8,-1],[2,-16],[4,13],[3,-16],[-3,-25],[5,-30],[3,-5],[4,-19],[11,-27],[3,20],[5,-4],[0,13],[18,5],[1,-14],[4,2],[11,-25],[9,9],[5,9],[0,14],[6,6],[5,-3],[7,17],[4,-5],[13,-1],[6,-6],[5,3],[6,27],[2,19],[3,2],[5,-12],[10,10],[2,-9],[8,6],[14,-3],[1,11],[23,23],[5,22],[11,12],[3,-4],[7,9],[3,-14],[9,21],[-2,16],[5,8],[2,19],[16,17],[12,25],[-3,6],[3,17],[4,-4],[6,10],[-6,5],[-10,19],[-5,21],[-8,7],[-9,32],[-10,18],[-2,12],[1,34],[-3,42],[-3,14],[0,22],[-9,26],[0,26],[-5,6],[-7,27]],[[239944,523520],[13,1],[1,-323],[18,0],[0,-12],[52,-2],[1,-364],[1,-135],[64,1],[0,-164],[48,-1],[-2,-9],[12,-27],[10,-13],[4,-13],[-1,-116],[34,0],[0,-27],[48,-1],[0,26],[40,-1],[3,0],[-3,41],[1,19],[2,11],[23,61],[7,9],[10,6],[5,10],[5,21],[12,30],[3,5],[3,8],[6,21],[0,-34],[31,-2],[-5,-118],[-1,-92],[2,-4],[3,21],[11,32],[9,7],[-1,-31],[11,-39],[6,-5],[4,-29],[22,-10],[8,3],[6,-14],[13,-16],[4,-34],[4,-56],[4,-32],[2,-50],[-3,-12],[1,-74],[3,-20],[-1,-19]],[[240497,521954],[-1,5],[-23,0],[-37,1],[2,-15],[-4,-58],[3,-41],[4,-91],[7,-66],[-6,-6],[-4,16],[-9,8],[-3,36],[-12,5],[-5,14],[3,35],[-1,20],[4,59],[-5,25],[-7,9],[-5,20],[-8,-6],[-2,18],[-6,4],[-1,29],[3,21],[-12,19],[5,32],[6,6],[4,24],[1,32],[-4,27],[4,9],[0,27],[4,9],[-1,16],[7,18],[1,20],[-5,21],[-2,27],[-5,0],[-10,10],[-2,-12],[-7,-5],[-1,-160],[-37,1],[1,-23],[10,-34],[5,-45],[3,-63],[4,-37],[0,-21],[-3,-35],[4,-23],[0,-17],[-7,-56],[0,-16],[-5,-52],[6,-34],[3,-31],[-4,-28],[0,-20],[4,-28],[4,-7],[0,-254],[1,-10],[10,-1],[11,16],[7,20],[19,0],[25,-2],[20,-2],[8,-7],[19,-11],[16,-21],[17,16],[21,6],[3,-76],[-3,7],[-36,1],[0,-46],[134,0],[0,180],[16,-15],[21,-53],[12,-16],[5,-12],[7,-23],[9,-16],[7,-7],[12,-2],[4,2],[10,0],[3,3],[45,-1],[-1,-16],[25,4],[0,-47],[-13,-1],[-3,-22],[3,0],[22,7],[0,-87],[-2,-28],[-1,-13],[-7,-11],[-1,-25],[-6,-16],[-8,-58],[-4,-14],[0,-33],[-6,-11],[-2,27],[5,14],[-1,24],[4,23],[-3,27],[-11,28],[-9,-8],[-5,11],[-7,8],[-11,47],[-41,3],[-2,-193],[-4,-4],[-149,2],[-1,213],[-44,-1],[-4,-16],[-2,-21],[1,-15],[-2,-5],[1,-28],[-7,-28],[-6,-30],[-5,-4],[-5,-35],[1,-24],[7,-38],[-5,-34],[0,-42],[-5,-13],[1,-15],[4,-20],[-1,-11],[-14,4],[-67,6],[-7,18],[-1,-15],[-4,-6],[6,-16],[-7,-29],[0,-21],[4,-22],[6,-9],[-1,-44],[-2,-21],[-13,-23],[-7,-21],[1,-8],[14,2],[4,6],[3,-22],[-4,-25],[-14,-15],[-5,-23],[-3,-23],[-4,5],[-16,-13],[-2,4]],[[240335,520383],[-9,-19],[-6,-3],[-7,11],[-10,-3],[-8,-14],[-10,12],[-5,-4],[-3,-34],[-3,13],[0,17],[-5,-14],[-2,-80],[-29,1],[-2,-21],[0,-36],[-31,-4],[-1,-96],[-2,11],[-17,98],[-4,13],[-4,7],[-20,5],[-11,18],[-2,-46],[-11,-73],[-17,-30]],[[240116,520112],[-11,-16],[-25,-11],[-7,8],[-5,0],[-15,-20],[-14,-2],[-8,8],[-1,10],[-14,13],[-6,-24],[4,-11],[-4,-10],[-13,-17],[-9,-4],[-7,6],[-9,-8],[-7,-1],[-7,-5],[-13,2],[-2,26],[-4,8],[-1,18],[-4,11],[-10,13],[-11,7],[0,22],[-5,21],[-4,7],[-9,2],[-7,14],[-2,16],[0,328],[-50,0],[-7,2],[-8,14],[-42,2],[-17,21],[-10,-3],[-51,2],[-2,-3],[-23,-66],[-17,-5],[6,108],[7,74],[0,11],[-1,89],[0,171],[-1,19],[-9,85],[-65,2],[-174,6],[-7,0],[-134,4],[-2,0]],[[239279,521056],[-52,96],[-16,35],[7,17],[8,25],[10,0],[3,6],[8,-6],[15,1],[0,41],[-1,36],[1,80],[-3,46],[3,21],[-1,49],[19,-9],[4,-183],[53,-7],[-2,203],[-11,0]],[[246665,505854],[57,-346],[55,-207],[-16,-44],[12,-50],[22,-73],[-5,-13],[-22,-30],[-5,-12],[-73,-245],[-3,-7],[-6,-4],[-9,1]],[[246672,504824],[4,58],[2,44],[-8,80],[-8,40],[-5,15],[-15,12],[-8,21],[-16,81],[-5,35],[-2,51],[0,80],[3,34],[1,47],[-3,61],[-1,51],[2,56],[-4,63],[-6,31]],[[244047,500021],[33,35],[151,183],[19,146],[-1,11],[8,37],[-1,13],[5,22],[-4,20],[12,41],[2,14],[0,17],[7,10],[-6,58],[14,19],[-3,31],[3,6],[-3,35]],[[244283,500719],[9,31],[5,8]],[[244297,500758],[8,-25],[2,-12],[8,-77],[4,-25],[23,28],[25,-28],[2,10],[4,44],[71,-82],[1,1]],[[244445,500592],[1,-61],[16,-14],[11,-24],[7,1],[11,-5],[6,8],[8,-10],[10,-4],[5,8],[3,-8],[17,0],[17,23],[6,21],[6,-4],[3,-20],[3,-5],[10,9],[10,-10],[5,8],[5,-3],[2,20],[5,-9],[9,9],[-1,-22],[2,-10],[8,-7],[9,-28],[7,0],[8,-17],[1,-15],[6,5],[0,-17],[5,11],[4,-3],[2,-4],[6,-46]],[[244678,500369],[25,-26],[9,-3],[4,5],[8,17],[5,-4],[7,-27],[8,12],[9,5],[6,13],[15,-8],[10,-7],[5,17],[3,35],[4,2],[16,-24],[-3,-34],[7,-3],[13,128],[-14,14],[-30,37],[-5,28],[-84,35],[-3,-1],[-5,-21],[-5,-12],[3,40],[6,34],[-2,30],[1,26],[-6,-5],[-10,1],[-7,-52],[-2,-5]],[[244666,500616],[-3,29],[-18,153]],[[244645,500798],[18,-1],[4,0],[0,170],[8,0],[95,-4],[-3,184],[17,3],[35,82],[-4,25],[-5,-1],[-7,30],[-2,26],[-7,9],[-6,30],[-3,6],[-6,-7],[-4,27],[-12,16],[-7,14],[-8,9],[-3,14],[-8,12],[-11,-68],[-25,14],[-11,10],[0,15],[-33,23],[-14,31]],[[244643,501467],[-11,176],[32,97],[4,9],[5,9],[45,46],[46,64]],[[244764,501868],[1,-14],[4,-9],[4,-31],[13,-31],[6,4],[7,-14],[7,-36],[3,0],[4,-27],[4,-1],[11,-17],[3,1],[3,-26],[-4,-7],[3,-12],[-2,-17],[3,-9],[5,2],[3,-24],[0,-48],[-4,-49],[3,-24],[5,-22],[1,-14],[6,-34],[3,-6],[10,-33],[2,-49],[-5,-14],[6,-20],[2,-16],[8,-17],[2,-27],[6,-14],[3,-15],[-3,-30],[5,-18],[-1,-26],[3,-24],[-3,-20],[14,-27],[-3,-23],[0,-40],[4,-3],[6,14],[0,-24],[4,-13],[3,-38],[-4,-24],[10,-8],[-4,-19],[-1,-10],[3,-24],[6,-11],[4,-33],[1,-14],[-7,-3],[3,-23],[4,-10],[1,-29],[6,-44],[9,7],[6,-12],[17,-12],[4,-9],[0,-24],[6,-10],[8,0],[3,-14],[24,7],[7,-5],[3,-11],[1,-46],[17,-29],[11,-7],[9,13],[4,-2],[3,-12],[-1,-23],[6,-20],[7,-5],[11,-26],[5,-2],[9,16],[-3,22],[9,4],[4,-11],[5,18],[10,-2],[12,26],[8,2],[3,12],[10,-3],[1,19],[10,-29],[6,13],[5,-19],[11,-18],[7,-21],[5,3],[1,31],[3,6],[5,-4],[3,-25],[11,-9],[6,2],[13,17],[14,-13],[14,5],[6,-21],[6,-4],[16,4],[11,-19],[6,-16],[8,-32],[0,-17],[11,-3],[8,15],[4,-10],[5,-21],[4,6],[4,-68],[4,-52],[7,-13],[1,-23],[-2,-18],[1,-21],[4,-30],[0,-8],[-6,-24],[-1,-18],[3,-28],[0,-16],[-4,-23],[4,-10],[5,-26],[2,-58],[-4,-17],[-1,-20],[5,-19],[1,-42],[-1,-11],[-7,-23],[-2,-31],[3,-52],[-1,-37],[5,-48],[3,-9],[10,11],[5,-13],[6,-3],[9,-38],[10,-7],[10,23],[4,-3],[6,-18],[9,1],[11,11],[11,-5],[5,-10],[-1,-23],[-7,-15],[-3,-24],[8,-36],[3,-48],[8,-18],[5,-1],[8,8],[10,-5],[7,7],[9,22],[4,29],[6,8],[7,-3],[5,8],[13,7],[7,-4],[7,-16],[13,-8],[15,-30],[6,-27]],[[245617,499391],[13,-60],[12,-15],[4,-35],[-3,-30],[6,-23],[8,-9],[2,-14],[2,-50],[9,-31],[7,-13],[7,-2],[8,6],[6,19],[6,-3],[6,-28],[1,-27],[3,-15],[5,-7],[3,4],[5,65],[6,9],[6,0],[14,15],[11,28],[6,0],[7,-16],[8,-47],[12,-40],[4,2],[6,18],[22,25],[6,-18],[6,-7],[18,-3],[7,-18],[1,-13],[-7,-23],[-4,-36],[-1,-26],[1,-22],[6,-19],[11,1],[6,14],[4,31],[9,11],[5,-16],[-3,-32],[2,-21],[8,-16],[6,-1],[10,13],[12,-9],[4,-16]],[[245936,498891],[-16,-81],[-46,-236],[-40,-203],[-12,-60],[-204,-1035],[-3,-23]],[[244455,497374],[-38,252],[-46,299],[-17,-108],[-5,-10],[-8,-49],[-3,-9],[-21,-53],[-9,-5],[-8,84],[-7,64],[3,11],[3,20],[-5,30],[-6,26],[-14,24],[-5,13],[-13,14],[2,15],[-8,17],[2,21],[7,32],[3,69],[1,9],[15,56],[3,7]],[[244281,498203],[3,58],[-2,10],[1,30],[4,29],[23,-13],[-43,273],[-77,495],[-5,-13],[-15,29],[0,34],[-31,-120],[-4,-8],[-48,-196],[-1,-8],[-1,-4],[-7,-27],[-9,-2],[-48,139],[28,119],[46,187],[-6,25],[-9,-5],[-36,-6],[-18,13],[-31,46],[-4,3],[-7,-11],[-14,-55],[-6,-6],[-9,18],[-3,1],[0,12],[-20,94],[-4,12],[-23,48],[-22,60],[-2,7],[-1,-5],[-17,-195],[-7,-39],[-37,-155],[9,-40],[-18,-73],[-7,5],[-4,-18],[-7,38],[-6,37],[-9,61],[-29,165],[-34,174]],[[243714,499426],[-30,161],[2,7],[-2,9],[10,34],[8,0],[103,101],[171,-74],[53,-16],[29,-44],[63,-68],[-2,13],[-72,472]],[[242095,509759],[46,109],[10,24],[11,32],[1,5],[10,54],[5,25],[39,156],[14,60],[-3,6]],[[242228,510230],[19,87],[41,183],[3,12],[0,-10],[0,-1],[0,-5],[8,-10],[-1,-24],[-8,2],[-3,-115],[30,-12],[12,25],[-8,105],[-1,16]],[[242320,510483],[11,-3],[14,-5],[0,-6],[16,-2],[-2,-6],[-2,-19],[19,1],[7,2],[14,1],[0,5],[0,-5],[12,5]],[[242409,510451],[-5,-51],[-6,-52],[0,-4]],[[242398,510344],[-5,-25],[0,0],[-6,-30],[1,0],[-18,-105],[-2,0]],[[242368,510184],[3,13],[5,33],[-17,0],[-6,0],[-3,8],[0,4],[-6,0],[-2,0],[0,-13],[-11,0],[-1,13],[0,0],[0,-12],[-24,-1],[-9,-37],[-9,-39],[0,-6],[0,-87],[0,-5],[-1,-23],[0,-5],[1,-103],[0,-14],[3,1],[0,-36],[-3,0],[0,-27],[4,0],[-1,-10],[-1,-18],[-2,0],[0,-19],[-3,-23],[0,-10],[0,-10],[-46,-1]],[[242239,509757],[-2,-1],[-10,-6],[-50,-42],[-14,-2],[-37,4],[-10,7],[-13,21],[-7,19],[-1,2]],[[242353,510654],[3,8],[6,-4],[0,6],[1,2],[6,-8],[7,-4],[26,-8],[13,0],[-1,-35],[-1,-29],[-1,-33],[0,-7]],[[242412,510542],[0,-11],[-1,-47],[-1,-15],[-1,-18]],[[242320,510483],[-6,15],[0,49],[0,6],[0,17],[3,-9],[4,-2],[4,18],[28,74],[0,3]],[[242584,510091],[4,25],[6,3],[1,9],[14,-2],[42,0],[1,-12],[8,-4],[0,-66],[4,1],[10,18],[14,-83],[6,-68],[-33,-4],[-3,-1],[-3,0],[-3,0],[-1,1],[0,5],[0,12],[0,4],[-1,4],[-1,0],[-44,0],[-3,6],[-4,54],[0,32],[-4,26],[-7,8],[-3,32]],[[242057,510305],[3,0],[15,-8],[1,17],[10,85],[10,14],[2,9],[31,-71]],[[242184,510288],[2,-10],[2,-29],[8,-13],[8,1],[-1,-19],[11,-11],[-2,-31],[2,-7],[14,61]],[[242095,509759],[-9,38],[-6,42],[0,3],[-15,137],[0,-1]],[[242065,509978],[-5,-13],[-6,52],[-17,-23],[-5,0],[0,17],[8,-5],[2,13],[7,8],[3,14],[-21,191]],[[242031,510232],[7,0],[-12,115],[0,5],[2,-4],[22,-43],[6,0],[1,0]],[[242612,528375],[15,17],[-3,-42],[-10,-15],[6,-10],[-5,-17],[8,1],[-1,-13],[3,-38],[4,-19],[8,-1],[4,10],[11,-7],[3,-10],[10,-10],[10,1],[13,-14],[9,1],[14,18],[17,37],[-1,18],[4,14],[7,6],[2,11],[60,4],[4,2],[6,-1],[-3,-6],[-1,-12],[2,-7],[2,2],[3,-2],[0,3],[-2,7],[0,4],[3,11],[32,4],[87,4],[12,-193],[93,3],[67,5],[0,-110],[14,42],[10,-39],[55,87],[45,71],[8,-35],[12,-26],[9,8],[5,1],[0,-2],[11,14],[58,85],[20,32],[-7,-198],[49,56],[10,161],[15,-51],[24,17],[55,-9],[22,18],[4,-4],[7,53],[14,-10],[7,15],[4,31],[0,15],[3,13],[5,-5],[1,13],[-4,-1],[-6,14],[-6,-3],[-7,-26],[8,53],[7,33],[3,9],[15,12],[8,-7],[6,-40],[11,-27],[3,-17],[6,-16],[11,-51],[6,-23],[5,-26],[2,-29],[-1,-58],[-5,-15],[-5,-4],[2,-51],[5,-42],[18,23],[4,-38],[43,58],[73,82],[3,-16],[2,3]],[[243772,528181],[17,-148],[10,-29],[6,10],[7,-53],[-7,-13],[-6,40],[-57,-63],[-14,-32],[-1,-10],[-16,-15],[-1,-62],[0,-35],[3,-36],[2,-29],[-11,-45],[4,-28],[-1,-26],[-10,-39],[2,-19],[-3,-18],[2,-10],[4,-19],[4,-41],[9,-55],[6,-61],[5,-13],[14,-24],[4,-17],[7,-55],[-9,-11],[4,-40],[-2,-31],[-5,-20],[4,3],[10,-32],[6,-2],[4,-29],[-18,7],[-6,-7],[-3,-17],[0,-37],[-3,-11],[-8,-12],[-15,7],[-3,-17],[-1,-45],[-3,-7],[-9,-1],[-10,-26],[-12,3],[-9,-6],[-4,11],[-8,-6],[-4,-12],[-9,0],[-6,11],[-5,-6],[-3,-27],[-10,-30],[-12,-4],[0,31],[-4,-1],[-10,-23],[-28,-38],[-2,-14],[-52,-61],[2,-18],[-10,-11],[-7,-21],[-3,-22],[0,-30],[4,-12],[-11,-12],[1,-23],[6,-58],[8,-55],[-6,-38],[0,-3],[11,0],[-3,-68],[-3,-37],[4,-22],[20,-28],[1,-7],[-2,-30],[11,-10],[7,1],[7,-30],[18,-39],[4,-13],[-16,-57],[-3,-29],[-21,-55],[-6,-10],[0,-11],[-10,-34],[-4,-21],[-3,3],[9,-19],[15,-21],[18,-31],[5,-22],[4,-29],[-20,-25],[-1,-9],[19,-173],[-24,-34],[3,-40],[4,-24],[-2,-35],[-8,-70],[6,-52],[13,3],[24,-99],[-10,-17],[-3,-14],[-11,-89],[-2,-16],[-43,75],[6,44],[-12,23],[-1,-21],[4,-21],[-1,-15]],[[243494,525205],[-11,11],[-4,9],[-8,21],[-24,39],[-2,0],[-7,-12],[-2,-1],[-2,2],[-4,7],[-7,6],[-5,10],[-3,10],[-19,-111],[-13,16],[3,61],[6,-10],[-6,96],[-11,9],[-19,-18],[-5,71],[-24,-19],[6,-76],[-20,35],[-4,-22],[-12,-10],[3,-27],[-2,-14],[-7,-31],[-10,-85],[-5,-29],[0,-25],[7,-25],[5,-27],[-15,39],[-6,40],[-4,35],[1,28],[2,20],[9,10],[8,14],[4,22],[2,48],[0,88],[1,22],[-1,15],[-9,48],[-2,3],[-9,-2],[-4,3],[-10,23],[-6,26],[-4,37],[-7,9],[-5,19],[-6,46],[-10,13],[-8,-2],[1,-54],[-6,-296],[-7,-9],[-11,1],[-10,9],[-14,-9],[-52,129],[1,23],[-3,8],[-9,-1],[-22,55],[0,20],[4,15],[-11,33],[-2,20],[-14,-89],[-4,-2],[-4,14],[-6,-4],[-18,23],[-11,40],[8,-82],[-25,53],[-56,98],[-11,-2],[-9,11],[-6,14],[-6,32],[-13,23],[-1,-31],[2,-39],[-58,1],[-1,-68],[-19,5],[-5,-34]],[[242811,525577],[-2,-3],[-2,-24],[-5,10],[-16,-26],[-8,9],[-3,-10],[-31,-33],[-3,18],[3,21],[6,14],[-2,17],[4,15],[2,11],[2,-1],[2,4],[1,4],[2,4],[1,-6],[0,-8],[1,-8],[3,14],[-3,-8],[-1,4],[0,8],[-2,8],[-3,1],[0,-11],[-2,1],[0,10],[-1,37],[-3,24],[-2,18],[-1,16],[-2,30],[-5,30],[-1,15],[-3,9],[-4,27],[-5,19],[-4,15],[-6,33],[1,24],[5,14],[6,22],[7,61],[-1,20],[1,19],[8,33],[0,13],[2,8],[7,9],[7,-4],[8,-6],[9,4],[3,-4],[3,3],[4,13],[7,34],[3,11],[7,41],[-2,-7],[-7,-37],[-7,-33],[-6,-19],[-15,0],[-15,7],[-6,-9],[-11,-53],[-3,-40],[-48,-1]],[[242685,526008],[-45,0],[-2,271],[64,44],[14,44],[8,14],[53,-109],[6,25],[8,57],[-3,11],[-13,9],[-11,17],[-42,4],[8,10],[30,14],[-2,8],[-18,20],[-15,2],[-11,9],[-9,-3],[-2,-1],[-13,-9],[-5,0],[-8,12],[-7,32],[-4,41],[0,37],[3,34],[7,46],[8,30],[5,31],[0,35],[-3,21],[-18,63],[-8,36],[-1,27],[2,21],[10,41],[11,20],[16,-4],[13,-12],[6,0],[5,14],[8,43],[2,29],[1,66],[1,20],[9,58],[1,20]],[[242744,527206],[1,4],[4,22],[8,11],[17,-8],[17,3],[7,11],[12,31],[12,46],[7,41],[3,28],[-1,35],[-8,27],[-5,11],[-22,28],[-17,28],[-12,10],[-12,2],[-11,-2],[-2,-10],[-4,-46],[-6,-29],[-11,-17],[-10,-4],[-18,3],[-2,26],[0,23],[4,68]],[[242695,527548],[4,68],[1,97],[-5,36],[-5,23],[-14,36],[-14,25],[-8,8],[-11,5],[-25,-3],[-8,3],[-8,10],[-5,10],[-6,22],[-6,27],[-3,28],[0,27],[3,22],[7,32],[14,42],[3,11],[0,29],[-2,44],[-1,76],[1,45],[2,36],[1,21],[2,47]],[[247728,511607],[-3,24],[7,8],[10,-91],[-10,-15],[-7,62],[3,12]],[[240497,521954],[9,-1],[1,76],[6,0],[14,139],[0,21],[-3,44],[-3,22],[-1,82],[4,24],[1,23],[6,60],[0,15],[6,-7],[2,-14],[8,-6],[2,-10],[8,-12],[17,-2],[3,-13],[6,-3],[16,19],[8,-8],[6,-15],[13,0],[5,-12],[13,0],[5,-34],[1,-18],[5,-15],[6,-46],[6,0],[-2,35],[-1,37],[4,3],[14,35],[9,-6],[2,1],[4,13],[2,9],[5,6],[5,4],[1,4],[1,6],[3,24],[3,32],[5,10],[2,14],[8,33],[5,7],[14,27],[0,25],[7,33],[-1,52],[4,12],[2,23],[7,-4],[8,-24],[8,-76],[5,-27],[7,-44],[6,-17],[64,3],[1,324],[9,1],[0,85],[-1,53],[-50,-1],[0,245],[-7,6],[-7,-17],[-5,0],[-15,-14],[-4,-15],[-7,-7],[-16,-4],[-2,-34],[-7,-39],[0,-13],[-5,-18],[-6,-15],[-27,3],[-5,7],[3,14],[6,2],[5,13],[4,41],[5,35],[-4,30],[-4,14],[-3,25],[-3,18],[-6,17],[-3,18],[-3,41],[-6,11],[-5,17],[9,31],[1,13],[-4,18],[-12,28],[5,31],[-4,6],[-12,5],[-1,17]],[[241651,523510],[-6,-23],[-5,-55],[8,-61],[-7,-92],[6,-29],[-4,-14],[5,-38],[-3,-22],[3,-18],[-1,-12],[-6,-29],[-10,-26],[-6,0],[-3,-25],[-7,-22],[-2,-18],[2,-18],[0,-28],[5,-36],[1,-22],[7,-34],[3,-40],[-6,-16],[-9,0],[-2,-14],[10,-6],[4,-15],[-2,-23],[-8,-30],[-5,-29],[-2,-29],[-6,12],[0,17],[-2,14],[-11,4],[-5,-3],[-3,9],[-13,-26],[4,3],[11,-5],[9,-28],[-8,-52],[1,-9],[6,-9],[3,-59],[10,-15],[-5,-44],[-7,-12],[-2,-14],[1,-89],[1,-14],[13,-13],[13,23],[3,17],[5,5],[10,22],[8,-4],[0,107],[33,2],[-8,-49],[-3,-7],[0,-38],[1,-18],[5,-7],[8,-1],[4,-14],[10,8],[4,28],[15,0],[0,86],[8,-6],[11,-18],[45,-1],[3,-15],[0,-63],[3,-25],[10,-15],[11,0],[8,-5],[10,0],[2,41],[0,54],[6,3],[0,88],[5,9],[11,34],[3,3],[9,-22],[5,5],[5,59],[11,48],[0,34],[8,27],[12,20],[7,7],[4,21],[8,21],[6,24],[9,0],[9,55],[10,21],[12,-5],[5,-6],[-4,-40],[8,-24],[10,-1],[11,6],[2,57],[8,27],[6,55],[-4,-2],[0,23],[5,10],[13,57],[0,37],[3,26],[6,6],[3,18],[-1,35],[3,24],[-1,36],[-6,19],[10,33],[0,29],[7,12],[1,18],[3,15],[13,32],[9,-7],[16,4],[13,41],[7,-4],[23,6],[8,-16],[22,-18]],[[242166,523420],[4,-1007],[3,-693],[1,-389],[1,-437],[2,-306]],[[242177,520588],[-6,-12],[-6,-2],[-14,-16],[1,22],[4,-1],[0,54],[-5,0],[-1,218],[-9,20],[-5,54],[-15,1],[-9,9],[-23,0],[-8,-10],[-3,-13],[-9,-14],[-8,-4],[-22,-4],[-30,14],[-16,6],[-1,111],[-31,-2],[2,-89],[-2,-35],[2,-153],[-1,-63],[0,-154],[-11,3],[-4,-5],[-8,-37],[-7,-14],[-18,-9],[-10,-20],[-2,-17],[-9,-31],[-4,-9],[-7,13],[-6,3],[-1,-10],[0,-77],[0,-3],[1,-201],[1,-16],[1,-269],[-1,-34],[7,-45],[23,-76],[6,-25],[3,-43],[0,-40],[2,-31],[-2,-63],[-15,-48],[-5,-26],[-5,-45],[7,-36],[5,-4],[0,35],[8,13],[8,-13],[12,15],[-1,-51],[34,0]],[[241964,519309],[0,-118],[-60,31],[0,-2],[1,-102],[-12,-10],[-98,-68]],[[241795,519040],[-16,-11],[8,-133],[6,3],[3,-42],[-54,-34],[-5,54],[-9,3],[-59,-2],[3,-37],[-2,-90],[2,-16],[10,-29],[5,-20],[11,-60],[4,-45],[5,-29],[3,-26],[0,-60],[0,-16],[-4,-50],[-53,-95],[-53,-130]],[[241600,518175],[-33,-81],[-50,-100],[-14,-55],[-95,-145],[1,36],[6,67],[4,47],[0,31],[2,23],[2,-11],[1,-29],[7,-12],[4,-1],[-2,23],[6,30],[10,-17],[5,8],[-1,33],[1,13],[-1,35],[-4,2],[-19,-1],[-2,40],[-10,8],[5,6],[0,15],[-4,35],[-1,34],[8,51],[2,26],[5,34],[1,29],[19,2],[-4,16],[-1,21],[2,23],[6,17],[3,17],[6,13],[4,20],[9,17],[4,20],[4,38],[1,18],[-6,2],[-7,25],[-13,-14],[-3,-7],[-1,-32],[-4,-8],[-5,9],[-2,49],[-8,-13],[-3,-29],[-9,-2],[-4,15],[-5,-1],[-6,34],[-13,9],[-7,18],[-1,-7],[-3,26],[-22,-2],[-3,5],[-6,-23],[-6,-2],[-7,8],[-13,24],[-2,20],[1,15],[-11,16],[-7,37],[-6,-25],[-7,-1],[-10,23],[-2,-10],[-1,-34],[-5,-7],[-8,-35],[-7,-12],[-2,-23],[-12,-30],[-10,-45],[-10,0],[-14,7],[-11,-13],[-11,16],[-9,26],[-4,31],[-7,12],[-4,18],[-9,14],[-7,18],[-9,3],[0,201],[25,224],[4,59],[5,-6],[5,11],[15,72],[-3,29],[-3,9],[-3,28],[-3,0],[-41,0],[-119,-4],[-65,-3],[-115,-5]],[[240848,519291],[-150,-6],[-42,-2],[-7,69],[10,12],[2,33],[-5,1],[-3,-15],[-14,36],[-3,12],[-2,36],[-7,29],[-2,39],[-7,39],[-5,1],[-6,-13],[-9,-27],[-4,-19],[-15,-43],[-7,4],[-6,-17],[-7,23],[-2,17],[2,30],[-2,54],[-5,47],[0,59],[-1,83],[-1,12],[-9,40],[-8,24],[-2,13],[-1,36],[-1,23],[0,37],[-16,-7],[-6,-2],[-6,25],[-2,5],[-5,11],[-2,3],[-7,2],[-3,-2],[-13,-45],[-8,-8],[-2,34],[-5,7],[-8,-14],[-14,3],[-7,-8],[-14,5],[-4,22],[-6,12],[2,15],[1,54],[-13,21],[-24,-25],[-5,-12],[-1,-25],[-10,-36],[-5,2],[1,21],[-40,-1],[1,174],[50,0],[1,147],[-2,22],[-23,-2],[1,27]],[[243446,533375],[3,23],[8,2],[-7,253],[0,43],[1,54],[19,355],[9,11],[6,-22],[2,0],[6,-47],[8,3],[12,-1],[6,9],[9,5],[10,-98],[1,-32],[14,14],[0,14],[-2,12],[13,19],[-20,130],[-9,65],[2,68]],[[243537,534255],[190,-1035],[35,-193],[15,-87]],[[243777,532940],[2,-54],[0,-16],[-2,-19],[-11,-62],[16,-14],[6,-9],[21,-59],[-3,-45],[-8,-57],[-56,-60],[12,-129],[-23,-15],[7,-83],[32,-321]],[[243770,531997],[-48,-49],[1,-38],[2,-14],[4,-7],[2,-39],[-4,-33],[-6,-31],[0,-40],[-3,-18],[5,-28],[7,-19],[2,-26],[0,-17],[-4,-8],[0,-25],[-4,-29],[8,-59],[10,-29],[9,-13],[11,6],[5,-12],[10,-5],[7,-55],[2,-36],[-28,-59],[-4,-20],[1,-28],[-2,-15],[-8,-35],[-20,-25],[-17,-15],[-18,-24],[0,-6],[11,-111],[-3,-13],[-22,-37],[5,-32],[-2,-12],[-9,-13],[9,-82],[-14,-14],[-9,-2],[-13,-10],[-5,-16],[12,-97],[7,-39],[10,15],[2,23],[6,-16],[6,3],[2,-27],[6,5],[-1,26],[10,6],[5,-35],[-4,-5],[-26,-9],[-20,-33],[-13,-7],[-5,-6],[-26,-53],[-6,-27],[-6,-42],[5,-5],[16,2],[32,14],[38,12],[9,-2],[14,-21],[-1,31],[19,1],[2,-33],[16,16],[-3,37],[66,73],[8,-70],[29,35],[6,19],[1,-2],[-4,-12],[-1,-12],[5,-20],[3,9],[5,-1],[3,-11],[0,-17],[6,-24],[13,-36],[7,-4],[3,-10],[2,-46],[11,-54],[-6,-24],[-8,-22],[-9,-9],[-6,1],[-6,13],[-7,-10],[-3,13],[-3,32],[-13,-4],[-4,8],[-1,-18],[13,-112],[-21,-39],[-6,-19],[-5,-21],[-8,-58],[-5,-27],[1,-4],[7,-56],[2,-2],[22,26],[5,-37],[12,-10],[-3,-17],[9,-71],[1,-41],[-13,-48],[-9,-24],[-2,-31],[63,3],[3,-29],[31,-251],[-69,-80],[6,-59],[7,7],[10,-93],[52,61],[7,-69],[23,27],[11,-100],[9,-31],[4,-59],[-5,-7],[-7,-38],[2,-46]],[[243988,528980],[12,-116],[6,-13],[8,-4],[-3,-15],[2,-55],[7,-10],[5,-28],[5,6],[1,-10],[-3,-6],[-5,-32],[-5,-7],[-11,-7],[-4,-5],[-8,8],[-4,-12],[-5,18],[-8,1],[-20,-44],[-16,-17],[-3,-9],[-1,-7],[17,-26],[25,-53],[-2,-70],[-11,-5],[-4,5]],[[243963,528467],[-3,8],[-9,4],[-14,-3],[1,-20],[6,-8],[1,-8],[-3,-31],[-13,-14],[-21,8],[-1,-22],[-5,-13],[-3,-56],[-9,-1],[-4,14],[-9,-31],[9,-18],[2,3],[-3,-27],[-9,-17],[-6,-3],[0,-3],[-2,-1],[-13,-73],[-3,-28],[-22,13],[-1,25],[-31,-13],[-12,44],[-14,-15]],[[242612,528375],[1,20],[5,45]],[[242618,528440],[3,19],[9,32],[5,8],[16,7],[18,-8],[22,-26],[8,13],[6,29],[10,167],[-1,16],[-4,16],[-12,22],[-15,19],[-9,3],[-20,3],[-24,9],[-12,12],[-4,12],[-4,30]],[[242610,528823],[-7,51],[-7,67],[0,50],[2,18],[4,16],[24,95],[3,32],[1,21],[-2,22],[-11,78],[-22,78],[-11,47],[-6,30],[-2,18],[0,31],[2,14],[5,19],[16,26],[11,15],[8,16],[11,28],[3,15],[5,39],[1,37],[-1,16],[-1,5],[-10,56],[-5,43],[-4,15],[-8,27],[-16,28],[-33,35],[-17,34],[-13,21],[-5,13],[-11,38],[-2,13],[-7,17],[-4,20],[-2,24],[1,50],[6,19],[11,8],[5,7],[7,26],[4,41],[7,9],[25,-9],[8,7],[8,14],[4,11],[1,11],[0,36],[-2,45],[-2,20],[-4,12],[-10,14],[-21,19],[-5,12],[-1,15],[4,26],[13,26],[11,26],[14,56],[4,12],[1,14],[-1,32],[-2,10],[-6,5],[-7,-7],[-5,-13],[-11,-34],[-8,-10],[-5,2],[-7,12],[-11,48],[-11,71],[-5,13],[-3,0],[-7,-18],[-5,-27],[-5,-13],[-3,-1],[-3,3],[-3,7],[-10,42],[-6,4],[-11,-5],[-7,-19],[-10,-82],[-4,-18],[-4,-7],[-6,-3],[-9,-14],[-8,-70]],[[241964,519309],[97,2],[2,-1],[114,1],[0,118],[0,430]],[[242177,519859],[4,-8],[4,15],[4,42],[1,19],[17,95],[6,25],[9,8],[3,-10],[5,-3],[1,-9],[1,-12],[1,-2],[1,-12],[3,-15],[-1,-11],[3,-8],[0,-14],[-1,-9],[-7,5],[-13,0],[0,-98],[48,-1],[1,-104],[0,-82],[35,0],[0,-101],[14,3],[5,-8],[8,7],[13,0],[0,137],[35,-1],[0,77],[88,-1]],[[242465,519783],[21,0],[-1,-63],[11,-2],[48,-55],[-1,-17],[55,-63],[2,-2],[13,-19],[-1,-8],[4,-7],[0,-3],[37,-41],[16,-18],[1,-1],[15,136],[0,9],[2,0],[0,6],[1,3],[1,7],[0,2],[0,6],[1,6],[2,9],[5,8],[1,15],[0,26],[3,1],[0,33],[1,55],[2,0],[30,1],[29,-3],[13,-65],[9,39],[8,22],[2,22],[12,16],[6,-13],[11,-14],[5,87],[6,68],[1,24],[-1,42],[6,7],[1,0],[36,-22],[6,-1],[8,5],[18,23],[11,2],[4,-5],[31,-62],[7,-9],[-9,-28],[0,-21],[4,-24],[3,10],[3,17],[9,-25],[4,13],[0,-80],[15,0],[19,-30],[5,-10],[20,-31],[-3,-19],[0,-50],[14,19],[5,-6],[5,-18],[11,-14],[18,-5],[1,41],[70,2]],[[243157,519711],[3,-116],[11,2],[-3,-62],[-3,-100],[-5,-7],[-3,13],[-7,-13],[-6,2],[-2,-13],[1,-1],[0,-22],[-3,-54],[5,-47]],[[243153,517762],[-46,-3],[1,-171],[-12,8],[0,-66],[37,-72]],[[243133,517458],[-10,5],[-20,-1],[-7,2],[-10,15],[-13,1],[-4,-60],[-12,12],[-11,-1],[-35,-1],[-8,10],[3,221],[-1,103],[-16,-3],[-12,-11],[0,-14],[-20,3],[-62,-199],[-39,-128],[-36,-116],[-5,21],[2,31],[-5,21],[-1,14],[-5,15],[-8,5],[-8,-4],[-5,4],[-11,-1],[-4,-7],[-7,-29],[-4,-1],[-6,-20],[-6,-13],[1,31],[-6,31],[-9,5],[-5,-33],[-4,-3],[1,22],[6,78],[5,113],[6,90],[1,44],[-15,-6],[-5,5],[-8,-3],[-11,-40],[-2,-2],[-4,5],[-17,61],[-11,12],[-7,15],[-11,-14],[-6,10],[-1,10],[-4,-3],[0,-22],[-6,3],[2,-19],[-3,-12],[-5,2],[-3,-19],[-3,-3],[-10,-41],[-5,-8],[-3,-21],[-10,-2],[-11,13],[-14,-26]],[[242570,517605],[-212,916],[-1,2],[-2,-55],[-3,-29],[1,-30],[-8,-45],[4,-15],[1,-26],[-3,-8],[-7,14],[-5,-3],[-2,-51],[-4,-41],[-7,-67],[-11,-33],[-7,-4],[-5,-9],[-10,-9],[-15,0],[-7,-9],[-1,-10],[12,-3],[6,-12],[-7,-48],[-7,-15],[-10,-15],[-2,-38],[-5,-8],[-12,54],[0,46],[-7,1],[0,118],[-20,30],[-47,53],[-1,-114],[-68,5],[0,-11],[-20,-2],[-64,4],[-1,-30],[-32,1],[0,-41]],[[241981,518068],[0,-6],[-8,18],[-6,-20],[-5,-3],[-3,11],[-7,-3],[-1,-11],[-6,-4],[-6,6],[-8,1],[-1,2],[0,70],[-1,127],[-4,-4],[-41,5],[3,8],[-2,13],[3,42],[14,58],[10,13],[2,-7],[8,6],[3,11],[12,2],[6,19],[2,21],[5,11],[13,-5],[1,21],[-9,34],[0,20],[5,-7],[13,5],[7,9],[2,14],[5,-8],[7,19],[2,16],[4,-2],[0,24],[5,1],[0,15],[4,-3],[6,59],[8,11],[5,-2],[-3,28],[-9,17],[-3,22],[-10,21],[-15,-42],[-12,9],[-2,5],[-6,48],[1,39],[0,19],[-6,12],[-30,-49],[-21,-42],[-47,-91],[-6,24],[-13,9],[-11,25],[-23,136],[1,11],[-5,21],[-8,18],[-2,13],[2,50],[-3,47],[-2,15]],[[244794,521905],[6,77],[3,-6],[6,46],[8,73],[1,12]],[[244818,522107],[10,-25],[15,-28],[6,-10],[7,-13],[11,-20],[5,-24],[1,-11],[1,-22],[2,-27],[-5,-5],[0,-20],[7,-8],[3,-40],[-8,-27],[9,-29],[-7,-26],[10,-18],[2,-4],[3,-14]],[[244890,521736],[-14,-78],[-4,8],[-6,0],[-4,74],[-2,-1],[3,-52],[-3,-20],[5,-8],[-2,-30],[6,-11],[-5,-32],[-7,-45],[-4,6],[-8,-25]],[[244845,521522],[-2,6],[-4,10],[1,5],[-6,16],[-1,-5],[-10,12],[-16,30],[-2,2],[-4,14],[-1,-13],[-11,8],[-13,-15]],[[244776,521592],[-5,0],[-11,20],[-1,2],[1,18],[16,126],[3,35],[2,-1],[2,15],[5,35],[5,46],[2,17],[-1,0]],[[239620,505374],[68,22],[3,-31],[5,4],[5,-15],[0,-29],[2,-36],[3,-3],[10,-42],[1,-11],[19,-34],[11,3],[32,-72],[2,-26],[-2,0],[-2,-8],[-18,-226],[35,-31],[-10,-60],[-4,-145],[4,-5],[0,-16],[-3,-3],[-1,-54],[4,-14],[1,-30],[98,-88],[9,73],[30,187],[1,21],[28,66],[41,60],[4,2],[3,-5],[46,-172],[1,-9],[7,-21],[-1,-18],[3,-10],[4,9],[13,-39],[12,-13],[15,-23],[8,-27],[2,-35],[-2,-24],[4,-18],[-15,-41],[-1,-16],[-18,-39],[38,-35],[0,-36],[-2,-15],[-30,-193],[9,6],[38,13],[9,-8],[4,3],[9,-37],[11,-22],[4,6],[6,-15],[24,-43],[7,1],[7,-12],[7,-33],[1,-21],[3,-34],[1,-21],[5,-38],[2,-36],[-8,-102],[37,-31],[41,-49],[86,-102],[10,-27],[9,-21],[-15,195],[1,16],[30,-27],[6,5],[6,79],[26,-22],[11,-6],[7,6],[23,-19],[7,4],[4,-6],[-6,-74],[-5,-44],[-7,-38],[-2,-16],[0,-53],[-2,-38],[-4,2],[-1,-22],[-4,3],[-2,-22],[6,-6],[-3,-45],[-2,-54],[-9,-110],[-3,-37],[-3,-38],[-8,-59],[-7,-45],[1,-5],[16,93],[1,7],[19,259],[1,7],[2,23],[4,56],[3,70],[3,29],[0,-14],[3,9],[-9,-105],[11,-9],[3,-15],[-4,-57],[4,-5],[33,-76],[16,50],[-10,36],[12,41],[-22,72],[10,32],[4,7],[6,-10],[23,79],[-13,-243],[9,-24],[4,-19],[33,113],[27,-90],[4,-9],[1,15],[52,170],[14,-45],[-8,-34],[14,-43],[8,-27],[-1,-20],[0,-56],[-3,-19],[4,-15],[7,-10],[14,-30],[5,14],[32,-109],[6,4],[31,-104],[27,93],[45,-144],[3,-1],[4,15],[-1,31],[-7,106],[9,8],[1,-12],[14,-30],[8,-23],[16,53],[3,16],[5,15],[17,-36],[9,-36],[36,-2],[7,-3],[17,-49],[7,110],[27,-86],[7,-22],[138,-314],[4,-12],[65,-211],[19,-70],[-1,-7],[-13,-23],[0,-9],[7,-34],[-10,-110],[28,-88],[9,-32],[-12,-41],[-1,-99]],[[241306,501905],[-18,-1]],[[241288,501904],[-7,1],[-152,-5],[0,-78],[-16,-1],[-10,-9],[-47,51],[-17,-102],[-3,11],[-21,69],[-4,1],[-5,-18],[-5,-2],[-9,-60],[-2,-6],[-17,0],[-25,-71],[-9,-17],[-7,35],[-8,5],[0,60],[-11,-103],[-10,-50],[-42,-61],[-5,5],[-3,-13],[-12,-8],[-5,-23],[-10,4],[-3,-3],[1,-20],[5,-17],[-5,-14],[-3,8],[-7,52],[-6,10],[-7,-28],[0,-17],[-5,-14],[-18,-1],[-10,53],[-13,-38],[-10,0],[0,21],[-19,41],[-5,4],[-7,15],[-1,11],[-12,36],[-5,33],[0,40],[-6,19],[-8,11],[-4,18],[-5,0],[-2,17],[-4,-8],[-16,-14],[-19,10],[-6,15],[-10,11],[-20,17],[-16,1],[-21,-7],[-7,-21],[-11,-45],[-4,4],[3,-270],[-6,-13],[-1,-31],[3,-28],[2,-111],[-17,-46],[-5,-12],[-1,-22],[-5,-43],[-19,48],[-2,12],[-13,33],[-165,147],[38,481],[-7,-82],[-2,-4],[-11,-30],[-61,-495],[-44,84],[-3,11],[-199,375],[-2,0],[-125,105],[-50,-300],[1,-8],[-9,-52],[-5,-5],[-16,26],[-6,3],[-4,-4],[-29,-42],[-23,45],[-7,-8],[-56,136],[-4,5],[-15,-31]],[[239672,501593],[0,239],[-41,-2]],[[239631,501830],[-1,734],[-1,48],[0,52],[0,49],[-6,1201],[0,149],[0,70],[-1,529],[-1,435],[-1,277]],[[238428,505628],[7,12],[7,21],[5,-13],[13,-19],[33,132],[14,0],[5,6],[8,-14],[3,5],[9,-8],[6,-22],[5,5],[12,-3],[0,36],[4,18],[4,2],[22,-13],[-1,12],[12,45],[3,2],[5,-16],[21,32],[-10,475],[-11,434],[-20,157],[12,-16],[13,20],[1,22],[-4,13],[3,22],[-4,20],[-9,26],[3,22],[5,21],[27,0],[29,1]],[[238976,507071],[19,-137],[4,-15],[18,33],[11,-9],[20,-45],[47,-122],[4,-15],[1,-24],[-10,-75],[-1,-23],[3,-48],[-1,-24],[-5,-35],[12,-22],[3,-16],[12,-6],[7,-9],[1,16],[-7,135],[0,20],[10,15],[22,-49],[15,-47],[18,-60],[0,-19],[14,10],[0,272],[-11,-1],[3,30],[2,8],[18,20],[6,-4],[11,-52],[9,4],[2,-15],[17,-4],[9,-10],[11,-26],[3,19],[-1,14],[-5,44],[0,10],[14,-7],[15,-19],[1,66],[-11,29],[-1,25],[7,-13],[10,15],[3,11],[-3,27],[2,27],[44,-92],[7,5],[97,-127],[5,-1],[-4,28],[0,17],[-4,30],[0,53],[5,1],[4,12],[-1,190],[159,3]],[[239616,507089],[2,-680],[2,-1035]],[[239631,501830],[-261,9],[-33,-1],[-41,8]],[[239296,501846],[6,18],[-7,51],[-1,76],[-6,0],[0,82],[27,1],[0,44],[5,19],[19,3],[0,264],[0,10],[-10,3],[-3,23],[-9,8],[0,21],[-7,18],[16,23],[1,17],[-13,30],[-2,47],[3,0],[-4,67],[1,15],[-3,31],[4,45],[-10,97],[-10,65],[-20,2],[-15,-46],[-5,-4],[-10,-25],[-10,-5],[-7,-47],[-13,-44],[-13,-75],[-6,-154],[-4,-4],[-5,-1],[-9,22],[1,27],[4,21],[-11,6],[0,35],[-3,17],[-8,11],[-10,4],[-13,-10],[1,181],[8,87],[1,14],[-17,129],[-4,10],[-25,22],[-6,16],[0,16],[5,66],[-2,30],[-4,10],[-16,14],[-6,12],[-5,35],[-6,16],[-86,77],[-5,14],[-2,-11],[4,-10],[10,-13],[-2,-39],[0,-71],[-8,-24],[-8,-9],[-2,-12],[-4,-42],[-12,-114],[-7,-13],[-3,-30],[-5,-11],[-47,-61],[-50,-1],[-4,-7],[-1,37],[-50,-41],[-10,5],[-1,12],[-8,-3],[-9,12],[-3,7],[-4,48],[-10,11],[-6,13],[-2,195],[1,45],[2,31],[8,111],[-5,20],[-5,39],[-6,15],[0,26],[9,47],[2,24],[4,28],[-53,46],[-5,1],[-4,-7],[-21,-82],[-4,-10],[-5,-3],[-113,-35],[-16,581],[4,8],[95,149],[-2,54],[-5,-4],[-2,19],[3,4],[9,72],[-12,19],[-11,6],[0,16],[3,25],[-6,47],[-8,15],[-71,-9],[-1,7],[-2,0],[-1,-4],[-1,-4],[-1,5],[-2,-14],[-3,8],[-4,0],[-5,8],[-9,0],[-1,5],[1,15],[7,12],[2,1],[3,-1],[0,7],[2,-5],[1,-4],[2,-1],[1,20],[6,3],[1,7],[-1,9],[-3,3],[-2,-11],[-2,1],[-1,11],[-3,5],[1,5],[2,0],[2,14],[-2,0],[-4,-9],[-2,19],[9,-2],[2,16],[4,-16],[2,-1],[2,3],[4,15],[1,4],[1,5],[-1,4],[-2,-3],[-4,5],[1,5],[1,5],[-2,6],[4,8],[-1,16],[-1,4],[-8,-2],[-1,-5],[0,-13],[-9,-1]],[[238494,504694],[-7,7],[-15,30],[-10,40],[-7,36],[4,4],[3,25],[-8,20],[-1,10],[4,-3],[5,9],[22,-17],[4,10],[-4,39],[3,19],[-4,48],[-6,2],[2,22],[-9,20],[-5,7],[-9,-16],[-7,22],[-5,4],[2,25],[4,23],[11,29],[-3,36],[-5,40],[2,12],[-3,11],[-8,10],[-7,-9],[-5,10],[0,12],[-4,12],[-6,46],[0,22],[-2,12],[1,14],[0,36],[10,39],[11,11],[2,11],[7,-2],[5,-21],[7,-3],[4,6],[9,89],[-2,20],[-4,17],[-8,14],[-12,10],[-5,-2],[-15,19],[-10,3],[8,44]],[[243041,535237],[5,-40],[-2,-23],[11,-111],[16,17],[9,-87],[-6,-6],[1,-59],[16,23],[3,-30],[7,5],[4,-37],[14,-122],[21,17],[29,36],[3,1],[4,-28],[14,14],[2,-14],[6,-12],[2,-17],[-4,-17],[3,-18],[7,9],[3,-8],[12,-108],[2,0],[41,50],[10,-86],[-14,-23],[2,-28],[3,-16],[2,-32],[15,-13],[2,-12],[-58,-111],[-11,-27],[-55,-110],[13,-69],[-24,-55],[4,-8],[2,-48],[-7,-12],[-8,-2],[-6,-9],[-7,-23],[-6,-38],[-7,-9],[-5,-14],[-8,-34],[0,-20],[-3,-19],[-14,-48],[3,-5],[7,-17],[2,-4],[3,-35]],[[242146,532727],[-1,26],[1,52],[2,17],[0,48],[3,54],[6,66],[12,40],[0,28],[12,25],[2,25],[-3,42],[-5,10],[-11,10],[-7,-6],[-5,-31],[2,-11],[-1,-24],[-5,-24],[-7,-24],[-11,-34],[-6,-13],[-6,-5],[-42,-25],[-10,-8],[-11,2],[-12,11],[-1,17],[2,40],[3,13],[15,14],[6,12],[2,22],[4,11],[9,5],[0,15],[-3,13],[-11,13],[-11,-1],[-11,8],[-6,-5],[-6,-24],[-8,-36],[-10,-39],[-13,-35],[-9,4],[-6,16],[-2,20],[2,69],[2,6],[11,22],[8,29],[6,41],[0,13],[-11,18],[-5,11],[-6,61],[10,41],[6,20],[11,7],[6,70],[-1,11],[-19,36],[-3,11],[-2,16],[-9,12],[-4,-3],[-3,-15],[-5,-16],[-6,4],[-5,14],[1,21],[7,27],[6,29],[0,20],[-4,23],[-8,15],[-9,-16],[-20,-56],[-7,3],[-6,-13],[-7,-22],[-1,-12],[1,-29],[-1,-30],[-2,-14],[-5,-11],[-9,-2],[-5,-10],[-1,-12],[-8,-28],[-9,-27],[-24,-27],[-1,-11],[-14,-35],[-11,-14],[-9,0],[-3,5],[-7,42],[-4,47],[-6,8],[-10,-8],[-3,4],[-2,20],[3,82],[6,6],[8,-10],[4,4],[8,39],[2,21],[2,37],[-1,15],[-7,44],[3,76],[-2,20],[1,32],[15,53],[6,14],[14,17],[0,30],[-5,22],[-4,28],[2,53],[0,63],[-1,18],[-3,18],[-6,3],[-9,-6],[-15,6],[-8,-7],[-10,-18],[-19,-16],[-3,4],[-9,28],[-5,6],[-10,29],[-4,17],[-3,23],[1,14],[7,5],[3,11],[1,42],[3,39],[1,28],[-1,26]],[[248759,517502],[5,-6],[5,-17],[11,39],[5,6],[38,83],[20,-62],[35,124],[-13,22],[-12,39],[2,8],[5,-5],[12,37],[-2,7],[57,208],[-6,20],[6,23],[-8,24],[14,49],[-6,30],[-7,19]],[[248758,517500],[1,2]],[[244028,496836],[2,7],[4,16],[-21,68],[6,25],[0,10],[12,46],[6,25],[6,3],[5,-9],[18,-63],[33,104],[15,-49],[3,-4],[5,0],[14,29],[43,115],[3,5],[78,63],[-6,23],[-3,37],[-9,65],[-2,8],[-35,84],[5,22],[-2,18],[4,21],[-1,17],[4,25],[1,23],[-5,3],[-15,-15],[-3,10],[-13,193],[-32,39],[-2,28],[7,42],[19,17],[19,26],[-8,127],[-7,67],[11,14],[7,3],[-2,56],[-8,68],[-4,27],[-3,50],[-1,39],[8,5],[11,-15],[16,-41],[15,-28],[2,-11],[12,-22],[4,-25],[7,-1],[2,-12],[0,-38],[6,-38],[5,14],[2,18],[11,34],[4,-1]],[[243699,495028],[-1,73],[-4,76],[1,93],[-5,346],[4,11],[36,118],[35,-117],[9,25],[30,98],[1,39],[5,14],[-4,17],[0,51],[12,15],[-4,45],[-4,7],[-2,13],[2,7],[-1,24],[-14,32],[8,26],[1,18],[5,11],[2,20],[3,7],[12,47],[12,41],[-6,31],[-27,91],[6,15],[16,-5],[13,32],[12,19],[8,33],[0,26],[16,32],[8,28],[0,13],[3,7],[51,53],[5,7],[84,269],[1,0]],[[242829,495029],[112,2]],[[247481,524702],[2,5],[59,113],[133,256],[10,-86],[18,22],[12,9],[14,20],[8,31],[-20,84],[2,4],[2,2],[200,376],[18,34]],[[247939,525572],[89,168],[0,28],[-8,42],[-6,23],[-7,32],[-10,92],[1,37],[-2,39],[-5,65],[-3,30],[9,10],[12,-5],[20,25],[8,-4],[8,9],[7,22],[7,1],[14,24],[11,5],[7,-13],[6,8],[4,31],[6,2],[12,-5],[12,10],[-2,10],[3,15],[-3,21],[10,17],[5,-24],[8,-5],[6,5],[11,-4],[3,-12],[8,-13],[4,2],[2,16],[5,7],[3,22],[5,17],[8,-2],[8,25],[9,10],[4,17],[5,-9],[4,-21],[2,17],[11,42],[4,23],[3,9],[2,5],[2,2]],[[248261,526440],[-7,-21],[-5,-29],[-9,-36],[-2,-14],[14,-56],[5,-9],[13,-38],[4,-22],[3,-14],[7,-11],[6,-2],[28,11],[10,-1],[14,-8],[11,-23],[4,-28],[1,-35],[-8,-44],[2,-21],[2,-7],[12,-15],[15,-35],[10,-19],[19,-26],[13,-25],[10,-22],[4,-18],[5,-36],[1,-30]],[[248443,525806],[-1,-35],[-2,-13],[-6,-15],[-10,-21],[-8,-2],[-10,14],[-8,-7],[-4,-20],[-4,-47],[-1,-24],[3,-72],[2,-130],[-3,-39],[-7,-42],[-15,-38],[-11,-12],[-3,-27],[0,-14],[-4,-33],[-10,-27],[-6,-23],[0,-17],[2,-8],[7,-7],[24,9],[7,-3],[8,-17],[8,-11],[15,-5],[13,4],[10,-3],[9,-16],[2,-23],[1,-26],[3,-24],[4,1],[10,20],[7,9],[17,4],[12,-17],[7,-34],[13,1],[16,5],[31,-4],[10,-5],[23,-17],[13,6],[10,12],[9,-29],[2,-26],[-3,-28],[1,-42],[4,-20],[13,-23],[8,-6],[6,6],[7,15],[8,29],[2,22],[0,19],[3,13],[4,3],[9,-18],[3,-35],[-1,-30],[-7,-64],[-2,-20],[1,-15],[7,-23],[6,-7],[9,6],[12,4],[15,23],[6,7],[7,-4],[11,-38],[5,-43],[8,-20],[9,-8],[10,1],[10,-8],[6,-13],[2,-21],[-3,-42],[3,-17],[7,-21],[13,-43],[10,-48],[5,-50],[9,-22],[10,-6],[9,8],[5,19],[3,24],[0,21],[-4,34],[-8,47],[-2,22],[0,26],[4,13],[7,3],[7,-12],[7,-31],[8,-30]],[[248897,524515],[2,-26],[-2,-18],[-7,-19],[-4,-19],[1,-28],[4,-35],[1,-30],[-1,-41],[-3,-45],[0,-42]],[[248888,524212],[-15,-19],[-4,-11],[-81,-279],[-29,-89],[-6,-25],[-5,-38],[-6,-115]],[[248742,523636],[-11,-9],[-6,8],[-11,-9],[-2,6],[-7,-14],[-7,0],[-5,8],[-4,-13],[-3,-18],[-10,-22],[-4,-25],[-5,-30],[0,-9],[-9,-37],[13,-56],[7,-61],[11,-34],[-29,-102],[-11,-34],[-41,-136]],[[248608,523049],[-6,41],[-17,67],[1,15],[-5,23],[-4,-1],[-13,27],[-4,15],[-11,-38],[-10,-16],[-11,-46],[-10,22],[-11,34],[-6,-31],[0,-12],[14,-45],[-10,-39],[21,-70],[-39,-118],[-19,-52],[-3,-14],[-39,-117],[3,-11],[-11,-4],[-4,-17],[-6,-4],[-7,22],[-11,14],[-6,14],[-7,39],[0,19],[-4,20],[-4,2],[-9,-25],[-6,-2],[-8,35],[-13,6],[-2,-33],[6,-22],[53,-276],[48,-200]],[[248438,522271],[-2,-5],[8,-31],[1,-13],[-2,-7]],[[248443,522215],[-4,-8],[-9,-3],[-21,-19],[-11,-34],[-23,-75],[-7,-26],[-6,-7],[-19,-39],[-21,-71],[-3,-6],[-18,-19],[-14,10],[-13,6],[-21,0],[10,40],[-16,84],[-17,99],[-13,48],[-7,18],[-40,131],[-22,-75],[-8,21],[-17,-55],[-5,15],[-16,-55],[6,-21],[-8,-28],[-3,51],[-3,22],[-12,39],[-14,-49],[-1,-4],[-25,82],[-6,29],[-11,-26],[-13,-37],[-19,-52],[7,-26],[33,-100],[-14,-43],[-25,-85],[-58,182],[-50,-173],[1,-14],[-21,-77],[12,-46],[-28,-98],[-9,-14]],[[247841,521707],[-4,22],[-4,8],[-4,41],[-8,30],[6,9],[-3,28],[-6,18],[-4,60],[0,22],[-4,20],[-7,13],[-5,21],[-4,-4],[-3,29],[-3,-7],[-7,13],[-3,21],[6,25],[-8,3],[-7,23],[1,15],[-4,-10],[-3,14],[-4,6],[1,18],[-8,17],[5,21],[-1,15],[4,11],[-3,6],[2,12],[-8,21],[-5,-1],[-6,10],[-8,-1],[-3,-9],[-5,5],[-11,41],[-12,22],[-6,1],[-4,35],[-4,18],[6,15],[-3,24],[-11,6],[0,8],[-5,-5],[-9,15],[-4,6],[0,14],[-5,19],[-5,6],[2,29],[-13,22],[4,2],[-2,16],[-3,-1],[-10,25],[-5,-5],[-2,22],[-3,6],[1,-17],[-5,2],[1,9],[-3,17],[3,0],[-3,18],[-5,-5],[0,-13],[-3,6],[-7,-10],[-4,13],[1,28],[-6,6],[2,15],[-6,-5],[-6,22],[6,12],[-1,10],[-5,-4],[-2,25],[-6,-2],[-6,-14],[-5,20],[-4,-5],[0,11],[-8,7],[-8,15],[-1,-8],[-7,4],[-12,-13],[-3,4],[3,11],[-2,10],[-8,-12]],[[247510,522750],[-8,19],[-6,43],[5,28],[-5,36],[-8,14],[-7,26],[0,16],[3,-6],[7,7],[-4,14],[-5,-7],[0,18],[3,15],[3,2],[-2,29],[3,10],[0,13],[-11,-4],[-4,11],[2,13],[-6,6],[1,7],[-6,17],[-5,2],[0,-14],[-5,-10],[-4,4],[-1,19],[-8,-11],[-13,-12],[-6,6],[-8,-13],[-4,11],[6,9],[-7,11],[1,12],[-6,14],[0,26],[-3,11],[-6,-11],[1,21],[8,1],[-1,15],[-3,4],[-5,-7],[-3,9],[1,27],[4,13],[4,46],[0,23],[3,27],[3,2],[9,21],[3,3],[4,39],[-3,11],[2,10],[-4,5],[-3,29],[-5,42],[2,15],[-8,31],[-7,15],[-7,3],[-7,9],[7,14],[6,62],[-5,50],[9,-1],[3,18],[-2,9],[-6,-9],[-5,1],[-1,11],[6,8],[1,35],[-4,-3],[-2,-19],[-5,4],[-3,38],[-1,25],[-10,9],[2,23],[0,23],[-5,12]],[[247839,522666],[10,-40],[7,16],[-5,17],[14,39],[-4,13],[4,-6],[4,14],[-4,14],[-7,1],[-2,-1],[-4,-16],[-5,-9],[-7,-38],[-1,-4]],[[248440,529090],[9,31],[10,21],[6,1],[8,34],[19,49],[-32,267],[74,150],[-18,96],[-6,33],[-4,17],[16,23],[-17,97],[-17,-31],[-11,61],[-20,-41],[-19,109],[-39,219]],[[240343,516595],[0,-121],[0,-6]],[[240343,516468],[-72,24]],[[240271,516492],[-3,23],[0,13],[5,4],[3,23],[4,7],[4,28],[5,2],[0,-12],[7,-12],[9,5],[2,12],[15,6],[4,11],[17,-7]],[[243963,528467],[2,-14],[2,-2],[3,1],[3,8],[3,-2],[3,3],[13,-36],[-2,-11],[5,-30],[0,-44],[-3,-32],[1,-12],[12,17],[8,0],[7,8],[4,-5],[2,12],[3,-27],[4,-14],[1,-49],[5,-9],[0,-15],[4,-7],[7,10],[4,-22],[-5,-18],[4,-25],[4,10],[8,3],[2,-7],[8,6],[4,-8],[4,10],[12,3],[16,-32],[5,5],[7,-28],[5,-11],[14,-22],[8,-6],[53,-3],[13,-15],[24,-48],[3,-14],[28,32],[-4,21],[0,47],[-1,14],[4,7],[27,32],[3,6],[9,-23],[10,15],[12,5],[6,-7],[10,4],[16,25],[7,1],[4,-7],[-4,-19],[-6,1],[-6,-12],[-2,-50],[-3,-18],[2,-12]],[[244355,528057],[-1,-35],[-5,-59],[-3,-53],[10,-32],[-6,-5],[-5,-15],[2,-44],[-73,-86],[-71,-80],[-1,13],[-11,-14],[19,-164],[2,-32],[7,-69],[6,1],[45,48],[9,12],[18,22],[-6,-22],[-104,-344]],[[244187,527099],[-18,-61],[-54,-183],[-36,-246],[-73,-517],[-17,-119],[-3,-19],[-39,57],[-10,2],[-6,-4],[-17,-15],[-20,-5],[0,-43],[2,-30],[4,-24],[-8,11],[-5,-12],[-5,-34],[-17,-8],[-5,28],[-5,6],[-6,-19],[-6,-15],[-13,16],[-9,-2],[-3,10],[-4,-4],[-3,-15],[-3,-24],[6,-61],[3,-66],[-2,-39],[-22,-117],[-4,-16],[-20,-74],[-2,-9],[0,-17],[12,-113],[36,40],[13,21],[17,20],[22,25],[24,3],[6,-6],[9,-26],[-61,-424]],[[243845,524971],[-15,-106]],[[243830,524865],[-6,-34],[-12,6],[-8,19],[0,32],[-5,-1],[-6,21],[-8,6],[-9,-7],[-3,4],[-3,18],[-8,-28],[-21,-111],[-5,-46],[-4,-15],[-13,-12],[-16,-31],[-12,35],[-3,21],[-3,11],[-11,-6],[-8,36],[-33,60],[-30,-75],[-5,11],[-4,33],[6,46],[-90,162],[-3,-16],[-6,26],[-6,13],[-1,56],[9,15],[0,20],[-10,41],[4,20],[-3,10]],[[246602,500814],[-7,36],[4,21],[-2,9],[-6,4],[0,17],[10,8],[3,11],[-3,15],[-5,-5],[-5,16],[2,9],[9,-3],[5,-13],[4,16],[-3,24],[13,-3],[3,20],[-1,12],[-10,16],[0,25],[-4,10],[-7,-36],[-6,2],[-2,46],[-4,21],[-6,7],[-2,-18],[-9,9],[-2,18],[1,12],[5,9],[9,3],[-1,19],[-5,15],[-5,2],[-6,16],[1,17],[4,1],[13,-18],[2,-15],[9,13],[-1,10],[-23,42],[-5,48],[-11,2],[-4,16],[3,28],[0,19],[-13,54],[-5,29],[-4,50]],[[246363,502483],[4,3],[0,39],[18,158],[6,59],[6,28],[-13,16],[10,29],[-9,24],[7,16],[-39,145],[3,7],[-16,61],[11,40],[-11,33],[43,115],[12,10],[8,-14],[11,28],[0,27],[4,15],[13,-2],[-6,58],[-7,97],[-6,85],[-18,-50],[-16,69],[20,55],[-20,81],[29,81],[7,48],[1,26],[13,0],[6,-13],[9,11],[70,193],[9,9],[0,9],[-11,39],[-14,15],[-3,10],[-9,52],[1,4],[-2,26],[-7,40],[-2,36],[-3,17],[-5,11],[-17,5],[-3,5],[-8,25],[0,-54],[-34,6],[0,68],[-7,26],[1,12],[-10,13],[-8,17],[-4,0],[-9,-5]],[[246368,504447],[-6,14],[-4,15],[0,60],[4,21],[7,48],[2,31],[-4,20],[-7,-1],[-11,-28],[-6,6],[-2,28],[7,53],[6,40],[0,37],[3,48],[-2,17],[-13,23],[-12,6],[-4,11],[-2,20],[8,24]],[[247291,506761],[282,775]],[[247573,507536],[135,358],[366,975],[24,63],[61,169]],[[244687,502150],[268,721]],[[244955,502871],[22,61],[96,256],[94,251],[52,140],[98,262]],[[245317,503841],[90,-2],[23,-6],[5,4],[32,1],[1,-27],[18,-52],[12,36],[11,41],[80,-5],[2,9],[0,82],[-5,1],[-27,79],[1,8],[0,97],[2,14],[2,5],[58,2],[16,-3],[20,14]],[[245658,504139],[1,-117],[-5,-95],[0,-99],[119,-8],[-9,77],[-6,37],[-34,13],[0,87],[5,9],[0,115],[-1,36],[4,-17],[25,-13],[21,2],[11,9],[23,3],[4,-4],[3,-4],[16,-57],[3,-17],[17,0],[5,-22],[30,1],[25,41],[4,0],[5,-12],[6,98],[30,250]],[[245960,504452],[1,8],[15,-16],[0,27],[4,9],[24,1],[0,13],[24,-3],[-3,19],[0,39],[6,-4],[5,261]],[[246036,504806],[10,0],[8,-35],[19,-49],[13,-32],[9,-38],[0,-16],[-6,-39],[0,-15],[2,-19],[7,5],[18,5],[3,8],[13,24],[6,-13],[-1,-24],[-6,-34],[3,-32],[18,-65],[4,-7],[16,-13],[5,-17],[-1,-31],[-5,-17],[1,-13],[5,-24],[-2,-14],[-6,-7],[-12,-5],[-2,-7],[1,-40],[4,-23],[9,-15],[14,20],[8,19],[11,-19],[9,-8],[8,22],[10,5],[12,-4],[18,4],[13,15],[17,-11],[5,-7],[13,15],[2,9],[1,28],[-1,48],[3,18],[6,7],[7,-4],[23,-28],[11,-15],[13,3],[3,9],[3,20],[0,16],[-3,14],[-7,24],[-3,26],[3,17]],[[246363,502483],[-13,-11],[-19,-24],[-4,-5],[-3,-3],[-166,-120],[-6,-34],[-8,-19],[-1,-25],[-11,-36],[1,-25],[2,0],[6,-36],[13,-10],[5,-14],[5,0],[12,19],[8,3],[7,-29],[2,-25],[-1,-46],[2,-33],[-7,-22],[0,-13],[4,-7],[5,5],[3,25],[8,-8],[16,3],[5,11],[7,-5],[3,-4],[7,-16],[5,-28],[5,-45],[5,-20],[2,-19],[3,-57],[4,-21],[5,-16],[9,-13],[12,3],[8,24],[-1,19],[1,8],[1,6],[8,11],[10,0],[2,-3],[2,-10],[-3,-41],[4,-30],[1,-19],[6,-25],[3,-18],[2,-31],[9,-25],[5,-27],[-2,-32],[-2,-17],[1,-36],[-1,-30],[2,-27],[7,1],[2,17],[2,10],[4,5],[17,-4],[8,18],[5,3],[3,-10],[1,-54],[4,-12],[8,-1],[2,-3],[6,-20],[6,-20],[8,-1],[3,17],[-6,22],[0,66],[1,10],[5,6],[4,8],[7,34],[15,17],[4,31],[3,12],[8,14],[11,29],[3,30],[4,63],[7,24],[4,1],[6,-23],[9,-10],[2,-24],[-6,-8],[-1,-25],[8,-10],[8,10],[6,-7],[0,-10],[-4,-17],[-4,-7],[-6,2],[-3,10],[-1,-12],[7,-26],[7,-68],[0,-16],[-4,-20],[0,-14],[4,-18]],[[246602,500814],[-2,-9],[-25,-71]],[[246575,500734],[-638,-1838],[-1,-5]],[[245617,499391],[6,13],[0,25],[2,20],[-5,46],[3,24],[0,53],[-8,33],[-5,32],[2,20],[-3,17],[-1,30],[-4,27],[4,26],[1,16],[6,24],[7,0],[5,9],[10,2],[7,8],[6,22],[11,14],[-1,21],[8,21],[2,31],[-2,56],[5,12],[2,26],[4,11],[10,9],[2,7],[-2,16],[4,13],[5,45],[-1,36],[-8,32],[2,41],[-3,16],[0,42],[-2,65],[6,177],[-4,33],[0,41],[-2,18],[0,54],[-4,44],[-37,501],[-120,-282],[-21,-49],[-13,-17],[-26,-5],[-10,178],[-30,551],[0,66],[-1,93],[-10,132],[4,31],[-37,49],[-6,6],[-12,-11],[-15,-7],[-36,-2],[-3,-1],[-6,-14],[1,15],[-9,51],[-5,4],[-20,38],[-3,25],[-4,13],[-2,18],[-23,26],[-23,49],[-4,14],[-35,94],[30,130],[-36,103],[-4,7],[-24,32],[-13,22],[-42,117],[-1,55],[-3,25],[-7,35],[-10,48],[-90,-349],[-6,-28],[-5,-30],[-2,-21],[0,-117],[0,-82],[-5,-44],[-4,-52],[-4,-13],[-4,-8],[-113,-137],[-41,-37],[-4,-5],[-13,-32],[-7,-26],[-4,-10]],[[244764,501868],[3,44],[-3,50],[-3,26],[-3,10],[-9,11],[-5,24],[-8,-1],[-3,8],[4,16],[-10,20],[-1,21],[-3,16],[-10,-3],[-6,43],[-4,-5],[-2,14],[-14,-16],[0,4]],[[246902,511681],[11,-24],[6,24],[45,215],[39,181],[9,-24],[4,-4],[29,-65],[6,25],[12,-20],[12,70],[15,25],[6,-8],[-2,25],[-5,19],[-12,15],[-7,15],[-8,6],[-9,38],[-4,23],[-2,0],[-4,-20],[-5,1],[0,16],[-5,26],[-7,9],[-5,-1],[-9,-17],[-12,2],[-2,28],[-6,27],[-3,6],[3,29],[0,70],[-1,12],[-2,9],[-3,9],[-4,6],[1,58],[-5,0],[0,29],[20,-2],[0,41],[-13,1],[-2,102],[-26,-2],[0,17],[0,20],[1,5],[39,4]],[[246997,512702],[57,2],[3,-11],[1,-18],[4,-7],[42,2],[4,2],[11,28],[4,3],[25,1],[0,56],[57,3],[1,-78],[42,1],[0,97],[15,2],[9,35],[18,35],[9,41],[15,36],[3,-30],[11,-41],[1,-37],[2,-16],[6,-5],[12,7],[6,-23],[5,-5],[10,12],[17,15],[3,-8],[1,-41],[3,-24],[9,-3],[8,18],[8,-5],[10,-21],[7,-9],[12,-29],[9,-10],[5,1],[1,-47],[7,2],[8,-17],[13,2],[2,-29],[5,-9],[6,-1],[9,12],[9,-2],[11,-26],[4,-19],[-1,-9],[2,-23],[10,0],[7,-13],[3,3],[8,25],[1,22],[5,13],[7,-13],[11,-10],[6,-20],[9,-9],[8,0],[5,-8],[2,26],[5,5],[9,-4],[7,12],[-9,33],[0,45],[-2,10],[-17,18],[-1,10],[8,51],[2,31],[-3,14]],[[247619,512753],[60,1],[12,2]],[[247691,512756],[51,3],[64,1],[0,-48],[3,-28],[15,-48],[6,-27],[-18,-1],[-1,-13],[-27,-1],[57,-221],[10,-42],[54,90],[9,14],[0,82],[71,2],[1,15],[0,61],[77,-1],[22,-82],[0,-57]],[[248085,512455],[0,-34],[-6,-40],[1,-208],[-55,-86],[0,-47],[5,-26],[0,-8],[-4,-30],[-15,1],[-1,9],[-2,-15],[4,-40],[1,-34],[0,-19],[5,-41],[0,-37],[-4,-8],[-3,-23],[3,-20],[6,-21],[2,-32],[-6,4],[-4,1],[7,-34],[46,-184],[48,-183],[96,-377]],[[248209,510923],[65,-249],[109,-424],[80,-314],[-39,-108],[-49,-135]],[[248375,509693],[-216,-592]],[[247573,507536],[1,30],[-1,17],[-14,8],[-10,15],[-7,22],[-10,19],[-7,22],[-10,40],[-13,45],[-8,12],[-4,16],[-1,23],[1,29],[-2,55],[-9,32],[-11,13],[-3,11],[-1,23],[5,43],[2,39],[-2,16],[-1,29],[3,13],[-18,2],[-7,-7],[-4,15],[-4,36],[-5,20],[-7,-12],[-7,2],[0,18],[6,13],[10,8],[8,10],[4,15],[1,30],[-2,31],[-6,24],[-9,49],[-1,32],[3,37],[-2,18],[-13,19],[-3,29],[4,17],[6,52],[0,20],[-3,17],[-6,3],[-8,-14],[-9,-24],[-8,7],[-7,18],[-16,34],[-10,2],[-3,-15],[3,-17],[-1,-22],[-8,-17],[-13,-5],[-6,2],[-7,-18],[-3,-27],[-6,-23],[-14,-25],[-4,-12],[-8,6],[-15,45],[-4,-1],[-5,-27],[-3,-51],[-3,-21],[1,-21],[-2,-24],[-7,-6],[-3,6],[-4,30],[-4,28],[0,45],[-4,21],[-7,-15],[-2,4],[-3,40],[-2,3],[-16,-5],[-3,1],[-3,18],[-9,-23],[-6,15],[-5,-28],[-14,-50],[-10,32],[4,22],[6,-10],[30,97],[3,5],[-3,15],[-10,17],[0,15],[5,16],[-1,8],[-5,9],[-9,-6],[-11,7],[-9,-3],[22,410],[8,84],[-8,21],[-10,15],[-5,18],[-2,29],[7,29],[-1,14],[-5,9],[-11,0],[-3,15],[0,29],[-3,15],[-1,43],[-2,11],[-5,4],[-7,-26],[-10,-9],[3,-19],[-3,-51],[-1,-52],[-5,-79],[-18,-61],[-6,0],[-4,11],[-28,91],[-4,4],[-12,3],[-14,10],[-8,8],[-12,39],[-5,-9],[-28,-93],[-9,23],[-19,65],[100,330],[-59,189],[-8,5],[-16,-14],[-5,1],[-5,9],[-26,81],[-7,15],[-8,25],[-5,30],[-15,50],[-3,12]],[[246889,509998],[-7,27],[14,45],[-6,21],[8,29],[-2,291]],[[246896,510411],[1,11],[0,18],[2,32],[-2,14],[-1,337]],[[246896,510823],[13,-5],[4,-34],[8,-13],[2,6],[0,31],[5,23],[6,4],[5,-6],[3,-38],[6,-16],[6,13],[-3,13],[-1,21],[7,4],[1,58],[-3,0],[0,255],[-30,3],[1,137],[-51,4],[-3,101],[32,-2],[-1,140],[-1,120],[0,39]],[[247137,505968],[9,584],[0,59],[3,13],[66,155],[-15,69],[13,33],[35,-4],[7,-3],[7,5],[29,-118]],[[245658,504139],[12,15],[17,37],[1,45],[3,9],[-65,14],[-4,3],[-5,16],[-7,30],[-7,17],[-11,2],[-2,10],[0,105],[-51,0],[91,241],[35,-198],[1,40],[112,-26],[0,57],[2,11],[2,3],[26,1],[4,-1],[30,-44],[19,-18],[5,-2],[56,1],[4,-3],[14,-21],[9,-7],[11,-24]],[[240059,514032],[31,28],[20,25],[37,32],[-4,33],[15,18],[32,1],[0,14],[51,-1],[3,13],[-1,21],[-2,20],[0,11],[10,66],[5,21],[7,9],[6,26],[8,26],[6,59],[0,27],[2,21],[0,27],[3,22],[0,25],[2,39],[4,18],[2,36],[10,52],[4,27],[1,26],[5,23],[4,44],[2,36],[2,6],[-4,17],[-6,69],[-2,15],[-6,14],[-6,5],[-9,-6],[-9,-18],[-6,-2],[-4,7],[-4,21],[3,34],[-1,24],[-7,18],[-13,67],[-13,57],[-2,29],[11,54],[14,21],[-2,8],[7,31],[2,12],[5,9],[6,-18],[2,-8],[0,-21],[8,5],[6,-3],[14,-19],[13,-2],[6,6],[7,14],[6,6],[33,2],[4,3],[4,5],[8,24],[4,13],[5,10],[-3,19],[1,24],[5,32],[-1,23],[3,24],[-6,19],[0,37],[3,44],[0,61],[-4,38],[-2,63],[-3,8],[2,90],[4,18],[7,4],[12,30],[4,22],[7,-7],[1,22],[6,1],[4,-25],[3,9],[8,7],[-1,12],[4,13],[-7,12],[4,6],[5,22],[8,-19],[2,-14],[-1,-20],[5,-7],[7,11],[9,25],[4,0],[3,23],[6,3],[-2,24],[1,24],[-5,22],[4,24],[9,32],[12,18],[4,1],[6,31]],[[240526,516192],[41,-68],[38,-62],[139,-234],[23,-38],[21,-35],[41,-70],[69,-114]],[[240898,515571],[-9,-4],[2,-25],[20,-19],[1,-24],[3,-11],[0,-39],[-4,-24],[-10,-25],[3,-23],[-2,-22],[-1,-30],[6,-17],[1,-23],[3,-15],[8,-54],[4,-19],[2,-28],[-3,-15],[1,-22],[-10,-25],[-1,-10],[8,-74],[11,-3],[2,-17],[0,-16],[8,-46],[-8,-8],[-1,-4],[1,-29],[2,-9],[7,-31],[7,-10],[0,-18],[-7,-29],[-13,-4],[-13,-77],[18,-100],[-7,-16],[5,-36],[-11,-33],[-4,-60],[16,11],[7,-4],[4,-16],[1,-45],[-1,-38],[-6,-28],[-5,-8],[0,-15],[9,-26],[13,-14],[9,-1],[3,6],[14,-15],[8,-17],[6,-24],[1,-11],[-5,-23],[-8,-6],[-7,-22],[-7,-34],[-4,-35],[4,-32],[15,-46],[0,-28],[-10,-29],[-5,-24],[0,-29],[17,-57],[4,-37],[-5,-28],[-19,-16],[-9,-22],[-4,-19],[-1,-36],[-10,-45],[-5,-36],[5,-22],[4,-7],[9,-2],[12,-11],[7,-6],[12,-20],[6,-33],[4,-46],[1,-33],[5,-27],[2,-25],[1,-9],[-5,-27],[-9,-16],[-7,-4],[-31,34],[-7,-13],[1,-18],[9,-48],[-1,-13]],[[240955,513282],[0,-42],[-20,6],[-12,20],[-4,31],[3,-29],[10,-33],[8,0],[2,-9],[-2,-34],[5,-35],[8,-18],[5,-6],[1,-10],[-1,-23],[-4,-14],[0,-22],[2,-8],[-3,1],[-6,-55],[-4,17],[1,13],[-7,11],[5,-13],[-1,-31],[-5,-24],[-3,14],[0,-23],[7,-4],[-1,-29],[-14,3],[3,-18],[-3,-19],[-8,-8],[-11,21],[2,-14],[-6,-13],[-3,-16],[-1,-30],[-3,-10],[-7,51],[-6,-6],[-10,2],[-10,16],[1,20],[-3,21],[0,23],[-9,29],[-6,36],[-14,26],[-7,24],[1,-17],[-8,-1],[-12,16],[-12,5],[-4,-6],[-9,1],[-7,-12],[-27,-19],[-33,-12],[-1,-40],[-7,-2],[-5,-9],[-9,-32],[-5,-24],[-5,16],[-10,-89],[-4,-25],[-5,-16],[-12,-19],[1,-16],[10,-71],[6,-20],[-2,-24],[-12,-27],[-3,-24],[-2,-31],[3,-55],[-6,-62],[-1,-21]],[[240644,512435],[-8,-30],[-15,-22],[-19,-8],[1,14],[-16,1],[-14,-7],[1,15],[6,151],[2,20],[3,17],[12,57],[11,66],[9,29],[-17,34],[-5,25],[-6,-6],[-4,15],[-16,15],[-5,32],[-4,10],[-1,11],[4,38],[-2,35],[-5,17],[-15,19],[-5,-11],[-5,-25],[-8,11],[-11,43],[-11,-18],[-7,-4],[-3,29],[1,30],[-1,29],[-8,8],[-3,24],[-7,27],[-10,-15],[-12,-4],[-1,-31],[-6,-10],[3,-27],[-1,-18],[-8,-18],[-8,-2],[-1,28],[4,26],[-4,7],[0,23],[-8,35],[1,17],[-3,16],[-6,1],[-4,12],[-16,0],[-2,-6],[-11,-4],[-12,-17],[-2,-29],[-3,-8],[-13,9],[-20,-9],[-4,-22],[-6,-12],[-9,7],[-7,-3],[-4,-20],[-14,-3],[-5,10],[-5,20],[-6,12],[-6,-1],[-4,-16],[-7,-9],[-7,12],[-7,24],[-4,-1],[-5,-37],[-1,-19],[-3,-19],[-6,7],[-3,16],[-7,11],[-15,-6],[-3,-18],[-12,-21],[-12,-28],[-5,-6],[-9,20],[-2,11],[-8,-14],[-4,-27],[1,-20],[-26,-32],[-4,50],[-7,47],[-11,18],[-3,20],[-1,48],[-6,23],[-8,43],[0,5],[12,29],[9,6],[-1,24],[-5,19],[-4,25],[0,20],[-1,27],[0,1]],[[240085,513323],[162,-3],[28,-1],[10,2],[13,8],[9,18],[8,-7],[14,8],[9,-8],[-5,56],[-3,22],[-6,49],[-11,26],[-3,16],[-7,13],[-4,15],[0,21],[-6,13],[20,-11],[9,1],[-4,23],[-5,2],[-4,42],[-2,44],[-11,70],[-3,33],[0,33],[-3,10],[6,10],[4,31],[-1,19],[4,28],[6,26],[6,12],[8,32],[-2,11],[-19,3],[-11,-8],[-16,-24],[-26,-22],[-10,-15],[-15,-7],[-8,-4],[-7,-10],[-34,-70],[-6,-11],[-22,-23],[-55,-43],[-6,43],[-12,-2],[-5,19],[-1,34],[2,19],[8,7],[-8,75],[-3,-11],[-12,-27],[10,26],[2,15],[-10,36],[2,45]],[[243157,519711],[0,129],[98,5],[11,102],[31,303],[63,605],[6,64],[-2,12],[-9,8],[-3,26],[4,7],[13,-9],[3,27],[-2,23],[-13,21],[-6,48],[1,19],[-4,17],[-2,44],[0,26],[4,14],[-7,25],[-3,21],[-2,40],[0,8],[8,9],[2,19],[6,-11],[7,2],[4,12],[1,5],[3,27],[0,13],[-9,29],[-11,21],[-3,28],[-1,33],[1,11],[13,57],[11,28],[6,7]],[[243376,521586],[10,15],[4,13],[1,17],[-3,70],[-3,18],[0,12],[5,33],[5,10],[7,3],[18,-23],[4,-17],[2,-30],[1,-43],[6,-68],[3,-11],[0,3],[3,-13],[5,-31],[9,-31],[4,-2],[8,14],[29,41],[14,17],[12,10],[9,3],[32,-11],[4,1],[3,14],[0,66],[3,49],[-1,25],[6,64],[5,28],[9,30],[10,19],[6,28],[0,13],[-6,12],[-5,22],[-5,34],[2,22],[7,25]],[[243599,522037],[10,26],[2,5],[20,25],[1,-64],[7,-140],[7,-8],[9,46],[31,-57],[-2,-15],[21,-41],[-2,-12],[-37,-70],[24,-138],[-37,-81],[8,-18],[5,-23],[13,-41],[14,-33],[26,-67],[5,25],[5,5],[5,21],[4,37],[3,9],[1,31],[4,59],[7,30],[3,32],[7,44],[-2,17],[2,22],[-2,23],[1,31],[8,14],[15,-26],[21,42],[4,-8],[5,-28],[3,-33],[11,-14],[2,-8],[7,19],[4,0],[7,-27],[6,-7],[9,11],[6,-21],[5,-11]],[[243875,521620],[-1,-21],[-6,0],[-3,-12],[-1,-44],[3,-32],[-4,-12],[1,-12],[-4,0],[5,-31],[-11,-4],[-4,-20],[-6,-7],[-8,-24],[-3,-15],[-5,-7],[-3,-63],[-7,-26],[2,-20],[5,-17],[-3,-14],[1,-16],[-4,-10],[1,-15],[-6,-2],[-12,-14],[-1,-12],[-10,-9],[-9,-3],[-5,-9],[-8,-46],[-1,-19],[3,-2],[34,-58],[5,1],[13,12],[17,8],[6,12],[12,3],[6,11],[6,0],[3,-23],[8,-4],[5,-10],[1,-11],[-5,0],[-7,-16],[43,-276],[-13,-72],[12,-33]],[[243917,520626],[-6,-50],[0,-16],[-3,-43],[8,-26],[2,-31],[4,-9]],[[243922,520451],[-4,-1],[-5,14],[-14,-9],[-2,-19],[2,-35],[-8,-8],[-7,-31],[2,-24],[7,6],[13,-15],[-1,-21],[2,-26],[9,1],[7,-76],[2,-10],[4,8],[1,-7],[-4,-6],[4,-45],[4,-6],[6,-21],[5,-5],[1,-14],[3,5],[3,-21],[8,-99],[13,-5],[4,-1],[3,0],[3,0],[14,0],[9,3],[2,3],[0,-6],[-1,-22],[0,-9],[2,-15],[-5,-14],[-4,-13],[-2,-27],[0,-15],[0,-6],[-1,-14],[-2,-21],[-4,-74],[-4,-25],[-3,-26],[-8,-39],[-1,-8],[-1,-17],[-2,-136],[1,-19]],[[243973,519480],[-32,-2],[-2,27],[4,13],[10,-8],[1,48],[5,28],[-2,13],[-4,27],[-69,-4],[-1,60],[-21,-1],[-36,-8],[4,-37],[0,-11],[-32,10],[-8,-9],[-8,1],[-21,0],[-9,-54],[-3,5],[-1,1],[-1,3],[-4,13],[-9,46],[-3,9],[-1,-6],[-3,-16],[-4,-14],[-6,-25],[0,-58],[4,-40],[-5,-57],[4,-37],[5,-59],[8,-10],[4,4],[1,32],[5,6],[8,-18],[4,-14],[7,8],[-7,20],[0,17],[-5,9],[8,23],[5,-10],[4,-20],[6,3],[10,16],[8,22],[6,0],[6,-30],[11,-96],[-2,-10],[4,-31],[10,-8],[5,12],[2,28],[8,17],[4,24],[8,28],[9,10],[0,-219],[-65,-2],[-4,-9],[-20,0],[2,32],[-7,0],[0,36],[7,40],[-27,-1],[-16,-4],[-3,-26],[-8,1],[2,-88],[3,-33],[0,-31],[-2,-38],[-7,-54],[-4,-39],[-11,-56]],[[245800,522529],[27,4],[23,136],[46,-80],[-9,-50],[37,3],[-6,45],[-3,50],[1,0],[1,0],[7,-2],[5,-18],[3,-37],[10,-17],[11,20],[-8,14],[-2,28],[30,35],[-3,26],[-7,94],[14,16],[10,18],[4,-11],[15,11],[-10,90],[0,27],[-16,150],[32,37],[18,-174],[-4,-40],[24,30],[-3,44],[34,40],[2,-19],[7,-18],[10,-81],[3,-42],[65,76],[15,22],[-13,117],[-22,-25],[-1,1],[-12,113],[4,10],[-3,7],[0,11],[6,-1],[3,24],[3,-4],[2,11],[8,-1],[8,24],[-1,19],[8,21],[1,22],[-3,12],[3,12],[5,3],[2,30],[2,11],[8,-1],[1,-9],[6,19],[1,-12],[5,6],[1,-23],[4,-5],[5,30],[-3,9],[5,14],[-5,11],[6,10],[6,-23],[4,-14]],[[246227,523385],[0,-4],[22,-189],[72,89],[3,22],[9,13],[18,-21],[7,-32],[3,-26],[17,-44],[-2,-26],[-6,-27],[-2,-20],[-38,-44],[8,-80],[-7,-13],[7,-70],[1,-20],[-1,-15],[2,-5],[1,-5],[3,-86],[2,-12],[9,-41],[10,8],[4,-1],[40,47]],[[246409,522783],[15,-131],[-17,-21],[8,-71],[-17,27],[-5,-4],[-5,-25],[-5,30],[-6,3],[-2,23],[5,0],[8,16],[-6,26],[-8,9],[-4,-3],[-3,-29],[17,-151]],[[246384,522482],[1,-40],[-19,-25],[6,-60],[-1,-37],[1,-22],[15,-122],[5,0],[3,-7],[2,-29],[-3,-22],[1,-14],[5,-38],[-28,55],[-9,12],[-10,1],[-3,-2],[-44,-55],[-11,-29],[-10,-62],[13,-24],[22,-39],[41,-74],[-10,-23],[-2,-12],[-18,-105],[-1,-11],[21,-37],[-8,-44],[-2,0],[-11,-32],[-9,-13],[-5,1],[-2,-16],[-3,-4],[-4,-25],[-3,-6],[10,-36],[-3,-18],[-13,3],[-28,48],[7,-24],[-1,-41],[-18,-96],[-2,-17],[1,-28],[24,-81],[1,-18],[-19,-64],[7,-2],[20,-16],[0,-11],[-6,-37],[-5,-12],[0,-14],[-7,-61],[0,-15],[-1,-5]],[[245768,519915],[-7,1],[-6,-6],[-5,-14],[-43,-45],[-13,-21],[-15,-16],[-9,0],[-5,17],[-6,10],[-15,-18],[-10,9],[-3,14],[-31,42],[-5,19],[0,61],[-8,38],[-3,22],[2,11],[9,4],[4,12],[2,39],[-6,25],[-5,3],[-10,31],[-3,11],[0,2],[-2,3],[-1,1],[0,0],[-1,-2],[-14,-42],[-13,-5]],[[244783,511843],[24,123]],[[244807,511966],[21,106],[16,76],[2,-38],[10,-62],[2,-21],[6,-25],[8,15],[4,17],[-9,5],[1,15],[7,18],[10,3],[3,-16],[3,1],[0,40],[4,-15],[8,-13],[5,2],[-3,-31],[-5,-10],[0,-9],[9,2],[3,10],[-4,17],[3,9],[7,-5],[1,-13],[4,-6],[8,19],[1,-13],[-4,-4],[-2,-13],[6,-7],[6,8],[-3,14],[2,20],[6,-21],[5,-6],[7,15],[1,16],[-2,9],[4,11],[4,-15],[0,-26],[10,27],[3,19],[4,38],[-7,7],[-14,0],[-8,7],[-30,55],[-5,8],[-10,7],[-29,0],[-10,6],[-6,8],[120,595]],[[244980,512822],[59,291]],[[245039,513113],[1,-9]],[[245040,513104],[30,-238],[3,-3],[7,-28],[4,-18],[4,-40],[5,-32],[1,-38]],[[245094,512707],[4,-36],[0,-10],[-7,-19],[21,-50],[7,21],[18,8],[3,6],[4,39],[4,17],[8,20],[7,6],[9,-22],[7,6],[3,-15],[0,-19],[5,-9],[12,-5],[12,-46],[26,73],[-13,52],[1,16],[-10,36],[5,16],[-8,61],[0,14],[5,14],[10,35],[2,-12],[24,5],[15,31]],[[245268,512940],[2,-3],[5,-17],[3,16],[-5,5],[-4,24],[-9,3],[-1,26],[10,25],[11,6],[4,20],[-2,11],[1,27],[-1,23],[-3,11],[-10,23],[-9,9],[3,11],[3,-1],[5,11],[11,14],[-1,30],[-6,14],[-2,13],[3,0],[0,34],[2,11],[-1,19],[-4,-13],[-6,23],[0,16],[-11,33],[-8,18],[7,16],[92,191],[-3,-14],[-2,-48],[1,-32],[2,-10],[0,-39],[-7,-23],[1,-17],[-4,-11],[-1,-46],[-3,-43],[0,-41],[-2,-6],[6,-44],[8,-27],[18,-52],[10,59]],[[245371,513195],[108,-311],[3,15],[11,-32],[3,-2],[2,4],[37,146],[-6,42],[-2,22],[10,29],[10,16],[30,36],[-12,162],[-8,-22],[-13,53],[-8,34],[14,38],[-3,15],[-17,59],[15,42],[-6,25],[-3,43],[51,-12],[12,5],[14,-92],[15,-65],[5,-29],[3,-37],[9,-41],[6,-68],[11,-46],[-28,-114],[-8,17],[-1,-41],[-3,-44],[-2,-50],[1,-26],[7,-70],[50,63],[-14,112],[-2,17],[9,31],[78,58],[0,-61],[12,-1],[3,-12],[9,-7],[8,8],[3,31],[7,9],[-1,34],[8,21],[0,31],[16,1],[30,1],[21,172],[3,36],[8,63]],[[245876,513503],[9,0],[34,1],[-1,-342],[-1,-215],[3,-41],[11,-28],[8,-8],[3,-11],[1,-40],[-2,-23],[3,-19],[4,-10],[0,-20],[18,86],[22,44],[15,52],[2,-34],[0,-23],[5,-45],[-1,-64],[2,-29],[12,1],[1,7],[0,36],[3,17],[20,0],[1,59],[2,11],[0,38],[5,10],[0,61],[-6,5],[0,57],[8,19],[9,34],[8,36],[14,64],[15,86],[3,38],[11,-31],[6,17],[18,5],[3,-10],[-2,-36],[-5,-20],[-1,-16],[8,2],[2,-13],[-6,-25],[4,-16],[1,-30],[-10,-21],[0,-24],[-8,-21],[5,-15],[9,-7],[3,-13],[8,-9],[6,10],[3,-6],[0,-20],[-6,-28],[5,-7],[10,26],[7,-16],[4,-19],[5,1],[0,-22],[4,-15],[1,-30],[-3,-15],[1,-23],[4,-26],[1,-33],[-5,-10],[-3,-38],[2,-9],[4,13],[8,-3],[-1,-28],[4,-13],[4,6],[3,-9],[-4,-18],[-2,10],[-5,-10],[7,-25],[-1,-33],[3,-4],[4,-7],[0,7],[4,0],[-1,9],[2,6],[-3,11],[4,13],[-1,38],[2,10],[42,132],[7,27],[5,9],[3,20],[-5,16],[0,12],[9,29],[9,15],[2,15],[5,-5],[7,17],[-2,20],[6,15],[2,17],[4,-2],[1,-33],[35,-1]],[[246349,513026],[1,-49],[40,0]],[[246390,512977],[3,-23],[0,-41],[31,4],[0,-53],[-6,10],[-10,-1],[-3,8],[-12,1],[1,-45],[0,-45],[1,-16],[2,-92],[29,3],[5,-27],[0,-112],[6,-2],[-3,-5],[-13,-32],[0,-72],[-3,-24],[-17,-50],[-1,-13],[-1,-58],[-10,-7],[0,-57],[1,-19],[-6,-29],[-17,-5],[-4,-45],[19,2],[9,-12],[9,-20],[11,7],[3,-7],[3,-22],[-4,0],[-19,-83],[-71,-307],[-16,-2],[-16,-14],[-9,-16],[-40,107],[-7,16],[9,29],[-27,75],[-8,-31],[14,-145],[-5,-93],[-8,14],[-5,-5],[-56,-39],[-9,-47],[3,-13],[45,-119],[21,-70],[10,-23],[-10,23],[-23,68],[-3,-36],[-68,50],[-1,-8],[4,-22],[-4,-24],[3,-29],[-2,-19],[4,-15],[0,-24],[5,-25],[0,-14],[6,-21],[-6,-6],[0,-13],[5,-38],[-3,-19],[2,-32],[0,-56],[3,-8],[0,-24],[-3,-30],[7,0],[0,-8],[0,-8],[0,-8],[4,-2],[3,3],[4,11],[3,2],[4,-7],[3,-13],[46,-166],[2,-10],[1,-9],[-2,-16],[9,-63],[-3,-19],[3,1],[-3,-21],[2,-20],[-6,-4],[-4,-11],[-6,7],[-5,-16],[0,-17],[-8,16],[-2,-10],[-5,-3],[3,-24],[-4,-7],[0,-26],[-8,5],[-7,14],[2,24],[-5,18],[-4,-1],[-4,-28],[-7,12],[-5,-32],[-6,-15],[-9,-32],[-6,-4],[-7,-11],[-2,-25],[3,-56],[3,-18],[0,-17],[-5,-26],[2,-13],[4,-11],[6,-1],[9,7],[2,8],[0,25],[4,4],[4,-14],[2,-18],[12,-56],[3,-52],[8,-37],[10,-3],[6,-11],[1,-37],[5,-4],[4,6],[4,-8],[-2,-20],[2,-9],[7,2],[4,-17]],[[246204,510091],[7,-14],[2,-11],[-4,-38],[-7,-35],[-9,-9],[-4,-17],[0,-21],[-5,-18],[-9,-14],[-5,-16],[0,-9],[9,4],[5,-5],[-1,-29],[-4,-23],[-13,-27],[-6,-6],[-3,8],[0,29],[-1,16],[-12,33],[-9,-5],[-1,-11],[2,-30],[-1,-18],[3,-20],[9,-27],[8,-11],[3,-24],[5,-22],[0,-14],[-12,-59],[-7,-53],[-2,-28],[-2,-19],[-6,-14],[-3,-19],[4,-31],[-3,-33],[-8,-1],[-8,-19],[0,-11],[6,-21],[-1,-16],[-8,-27],[-7,-16],[0,-25],[-4,-9],[-4,5],[-2,16],[-8,5],[-3,23],[-5,23],[-8,-18],[-7,14],[-2,29],[-4,14],[-6,-10],[-3,-20],[0,-13],[9,11],[3,-17],[-2,-40],[-3,-17],[-8,-14],[-1,-12]],[[245592,509361],[-1,35],[4,36],[-5,30],[1,19],[-3,14],[-9,6],[-2,40],[5,28],[-3,7],[-5,-20],[-4,14],[3,11],[-1,14],[-5,6],[-3,-22],[-4,0],[-4,14],[-8,-2],[-1,-13],[-11,28],[1,31],[-6,12],[2,21],[-4,6],[-3,21],[-7,4],[-3,-25],[-3,4],[0,24],[-8,-5],[1,-24],[-12,-17],[-5,11],[-5,-16],[-5,-2],[3,37],[-6,19],[-3,0],[0,-29],[-3,3],[-3,27],[-3,5],[0,18],[-9,20],[6,44],[-2,22],[0,25],[-4,28],[-9,19],[-6,-14],[2,-18],[-7,2],[-5,-9],[-7,7],[3,15]],[[245426,509872],[40,139],[-47,148],[-11,18],[-2,44],[-12,5],[-32,37],[-1,30],[-12,11],[-5,19],[1,40],[4,22]],[[245349,510385],[4,19],[8,15],[25,68],[21,48],[5,15],[5,32],[6,51],[8,18],[0,9],[9,97],[2,31],[-1,88],[55,3],[8,-5],[22,71],[14,82],[17,60],[24,139],[-80,-86],[-31,-1],[-6,-6],[-6,-12],[-8,19],[-19,90],[5,18],[7,15],[6,-8],[1,17],[4,2],[-3,-34],[4,0],[8,29],[-5,0],[11,32],[2,22],[-2,15],[3,14],[0,20],[-5,9],[-11,-17],[-5,-25],[-7,7],[2,24],[-1,15],[-4,-3],[-9,10],[-4,12],[-10,54],[-2,27],[6,1],[3,12],[-2,19],[-7,27],[5,23],[-1,37],[-3,6],[-2,-10],[-8,-18],[-7,-19],[-5,-55],[-9,11],[-16,-4],[-4,3],[-6,25],[3,10],[6,7],[9,15],[0,9],[-9,9],[-2,11],[-1,32],[1,18],[-2,5],[-3,-1],[-5,-18],[-1,-21],[-3,-9],[-6,9],[-7,-14],[0,-9],[7,-14],[2,-14],[-8,-42],[-6,-17],[-3,-16],[-3,2],[-6,37],[-4,46],[-8,19],[2,22],[8,-5],[6,25],[0,8],[-3,7],[-22,40],[-6,3],[-17,15],[0,-19],[-4,-40],[-4,-14],[-8,-18],[-16,-154],[-17,17],[-17,8],[-3,-31],[-1,-26],[-11,-47],[-5,-38],[-2,-22],[-39,6],[0,-29],[2,-37],[-9,1],[-1,-80],[-2,-61],[-18,-1],[-3,-100],[-15,-32],[17,-114],[-42,6],[-4,2]],[[245077,510889],[-6,43],[-6,23],[-9,58],[-11,27],[-7,53],[-2,5],[-12,-9],[2,80],[-47,13],[2,96],[5,47],[1,49],[3,6],[2,77],[2,2],[3,55],[4,144],[-9,42],[-5,19],[-18,36],[-17,60],[-7,10],[-26,6],[-6,13],[-11,35],[-12,27],[-4,3],[-38,10],[-19,-14],[-5,-10],[-8,-26],[-12,-24],[-15,-7],[-6,5]],[[244158,514750],[9,18],[5,-4],[3,-25],[7,-21],[-2,-23],[2,-7],[11,9],[3,12],[4,-11],[16,9],[6,-22],[9,33],[46,69],[3,-22],[2,0],[11,-55],[23,62],[1,3],[21,24],[4,4],[7,8],[2,2],[3,6],[33,94],[-10,39],[16,44],[7,-31]],[[244400,514965],[-5,-15],[-3,-15],[44,-167],[-2,-14],[23,-92],[5,7],[21,19],[7,8],[15,35],[40,104],[11,28]],[[244556,514863],[0,-5],[7,18],[40,104]],[[244811,514338],[6,-23],[2,-60],[-4,-43],[-19,-36],[-1,-16],[3,-9],[7,1],[7,-6],[8,-31],[-1,-28],[4,-2],[4,-6],[4,-5],[14,-26],[6,-26],[11,-1],[2,-16],[-5,-19],[3,-5],[13,23],[3,-4],[-3,-13],[2,-10],[5,4],[12,-7],[10,26],[9,-13],[5,-16],[-5,-12],[2,-13],[-3,-23],[2,-15],[-2,-18],[6,-1],[2,-14],[0,-30],[3,-4],[0,-18],[5,-2],[-17,-51],[-10,-22],[-10,-14],[-24,-20],[0,-5],[-62,-174],[-1,-27],[3,-15],[15,-56],[41,40],[2,3],[6,18],[3,-13],[26,-99],[-1,-34],[-8,-40],[-43,-121],[-6,-42],[7,1],[16,-12],[7,-12],[19,-76],[6,-13],[24,11],[5,-20],[-2,-7],[33,-127],[5,0],[18,-72]],[[244807,511966],[-3,11],[-4,58],[-6,1],[1,32],[4,16],[1,16],[-4,8],[-4,-8],[-4,3],[-3,13],[-4,0],[0,20],[5,20],[-2,22],[-4,6],[-12,-8],[-3,32],[-8,1],[-14,22],[-8,-18],[-5,-4],[-8,4],[-20,-20],[-5,2],[-9,18],[3,34],[9,29],[3,37],[-3,-1],[-5,8],[-15,-3],[-8,3],[10,-1],[4,5],[9,0],[-2,20],[6,-7],[-2,25],[3,-1],[1,16],[-5,7],[-1,17],[-5,10],[2,8],[-2,27],[3,-6],[2,13],[9,32],[2,18],[5,164],[7,41],[-31,-3],[-19,12],[0,13],[17,119],[-11,6],[-56,-118],[3,87],[-13,1],[-6,22],[0,100],[3,36],[0,160],[-10,1],[-3,21],[-7,2],[0,33],[-64,-2],[7,32],[1,19],[0,127],[3,40],[0,62],[-8,36],[11,31],[-4,-1],[-1,18],[4,2],[-1,21],[-11,-6],[-7,20],[-3,17],[-26,101],[-46,-36],[-37,144],[-5,-11],[-7,1],[-3,10],[-15,-44],[-4,-23],[-4,-7],[-9,-62],[-2,-39],[1,-60],[-6,-9],[0,67],[2,58],[4,31],[10,45],[-6,10],[-2,12],[-1,34],[-4,27],[0,38],[-8,60],[32,92],[-50,173],[3,10],[-8,31],[5,19],[-2,34],[-7,31],[3,34],[-32,-88],[4,-16],[-3,-7],[4,-17],[-3,-7],[-4,14],[1,15],[-9,-22],[-11,43],[0,-13],[-15,-2],[0,46],[-26,-4],[0,22],[-42,1],[-9,-2],[0,-34],[-35,-5],[0,45],[-25,1],[7,55],[4,-8],[13,2],[1,66],[17,3],[12,-2],[-1,124],[-11,0],[-1,63],[-2,12],[2,17],[2,61]],[[242409,526267],[4,-47],[7,-40],[3,-12],[53,-125],[3,-5],[60,-68],[11,-25],[3,-13],[14,-86],[3,-29],[8,-22],[6,2],[22,47],[11,30],[17,1],[13,9],[4,17],[13,21],[6,23],[11,22],[4,41]],[[242811,525577],[5,-10],[-14,-62],[1,-70],[18,-27],[9,-29],[5,5],[6,-3],[7,21],[9,-11],[3,-15],[-4,-26],[-7,-21],[4,-18],[7,-3],[-4,-39],[-1,-29],[-3,-16],[-9,0],[-3,-7],[-7,13],[-8,-9],[0,-29],[-3,-16],[-6,-13],[3,-9],[-79,-29],[-7,2],[1,-18],[-4,-66],[4,-24],[12,-27],[-7,-23],[-14,-1],[-2,-11],[4,-34],[1,-36],[7,19],[-4,-30],[2,-14],[5,6],[2,-11],[-4,-5],[9,-55],[8,-38],[3,8],[0,-16],[2,2],[-3,-20],[3,-50],[0,0]],[[243845,524971],[30,-69],[2,4],[10,-80],[21,35],[37,20],[15,4],[20,126],[7,-28],[7,-44],[12,-98],[18,-41],[4,4],[41,143],[35,19],[12,17],[18,36],[6,-13],[-3,46],[5,27],[10,22],[-5,45],[34,41],[7,-58],[0,-14],[-10,-41],[-8,-25],[5,-40],[20,-15],[2,21],[-9,21],[-3,29],[12,15],[4,-9],[8,14],[4,-10],[4,7],[1,17],[6,12],[7,-57],[8,8],[4,-39],[10,12],[-4,36],[43,53],[0,-17],[18,20],[6,-53],[0,-20],[6,0],[2,-32],[5,7],[7,21],[2,-11],[13,-21],[14,-33],[12,-6],[6,-9],[0,1],[0,29],[-10,113],[-2,25],[-4,19],[1,2],[10,11],[18,22],[3,4],[-1,7],[3,4],[22,26],[-4,-26],[6,-37],[3,-27],[12,14],[3,-22],[2,-59],[14,16],[1,3],[13,15]],[[244473,525110],[10,-78],[2,2],[0,22],[15,-5],[0,-51],[-15,-2],[2,-17],[-11,-14],[0,-54],[2,-26],[-2,-3],[28,-27],[4,-9],[9,-36],[2,-3],[14,-11],[4,12],[4,4],[-4,38],[9,21],[-2,16],[-14,138],[-3,29],[3,0],[4,2],[1,-6],[5,-50],[7,-53],[14,-121],[18,2],[3,-3],[9,-42],[2,-6],[2,-3],[2,-2],[3,1],[1,-9],[17,19],[11,-98],[-7,-49],[-5,-12],[-10,-46],[24,-11],[-3,-16],[1,-4],[3,-15],[4,-16],[6,28],[-1,28],[3,-21],[10,8],[8,8],[1,-12],[9,11],[-1,12],[11,12],[5,-45],[-27,-34],[2,-18],[-16,21],[-3,-26],[10,-34],[7,-10],[7,-31],[2,-2],[1,2],[1,1],[1,1],[5,6],[2,-1],[1,-3],[0,-3],[-1,-12],[0,-8],[-1,-5],[3,-30],[7,-28],[23,27],[7,-64],[-17,-21],[3,-20],[14,-81],[11,-36]],[[244729,524138],[3,-12],[1,-5],[3,-18]],[[244736,524103],[-26,-29],[-2,17],[-19,-20],[3,-28],[-6,-14],[0,-14],[0,-31],[-1,1],[-2,56],[-8,27],[2,-13],[-9,-12],[-1,0],[-20,-23],[-12,-9],[-12,-15],[0,-9],[-6,-4],[-5,-5],[0,-16],[-15,-10],[-5,-4],[-13,-6],[-9,10],[-2,3],[1,15],[0,14],[0,6],[-8,122],[-1,0],[5,-74],[-52,-60],[-1,9],[-6,3],[-4,-6],[-5,37],[-1,13],[0,4],[-21,-23],[4,-38],[0,-11],[-7,-20],[0,-3],[-36,-41],[-5,-6],[0,9],[-6,-5],[-7,12],[-4,-25],[0,-3],[-3,4],[0,1],[-7,-26],[-2,-33],[-1,0],[-1,1],[-1,-22],[-9,19],[-9,-31],[-13,-42],[3,-9],[-4,-9],[-4,-33],[4,-36],[0,1],[1,-5],[14,18],[2,-8],[-9,-21],[-4,-37],[6,-9],[13,27],[1,-20],[6,3],[2,40],[8,26],[2,-16],[7,7],[3,6],[2,-8],[0,-2],[2,-3],[3,-9],[13,-125],[0,-1],[-12,-41],[9,-45],[0,-1],[-3,-18],[0,-19],[-4,-5],[-6,-13],[-2,-36],[8,-25],[6,0],[0,-52],[8,11],[0,-9],[1,-8],[-2,-8],[0,-10],[-1,-14],[2,-5],[0,-8],[-1,-9],[3,-38],[5,-20],[0,-11],[-3,-24],[-5,-8],[-3,-30],[-8,-19],[-3,-25],[-2,-22],[3,-8],[1,-10],[-2,-16],[1,-6],[0,-11],[2,-16],[6,-19],[3,-14]],[[244440,522920],[-2,-14],[-1,-5],[-2,-3],[-7,-13],[-2,-8],[-9,-25],[-4,-5],[-5,-10],[-2,-2],[-2,1],[-2,2],[-2,0],[-1,-1],[-2,-3],[-5,-13],[1,-18],[-1,0],[-6,-66],[-2,-7],[-9,-11],[-3,0],[-7,-32],[-13,-22]],[[244352,522665],[-11,-8],[-16,-12],[-41,-24],[-8,-6]],[[244276,522615],[-2,12],[-4,36],[-8,37],[-11,35],[-3,6]],[[244248,522741],[0,12],[0,32],[0,10],[0,2],[-1,8],[-9,59],[-4,38],[-2,14],[-1,21],[-1,16],[0,25],[3,48],[3,14],[6,20],[25,49],[5,0],[5,11],[3,23],[-1,22],[-2,-1],[-2,-1],[-2,12],[-14,61],[-1,10],[-2,38],[-6,48],[1,22],[-2,5],[6,18],[10,114],[15,10],[3,6],[1,-14],[4,9],[3,11],[2,12],[1,5],[0,8],[-1,1],[0,3],[-2,4],[-4,-2],[-4,-5],[-6,-4],[-6,12],[0,4],[4,23],[2,10],[-3,13],[3,83],[0,0],[-3,-27],[-2,3],[-5,-54],[-3,-17],[-2,11],[-1,33],[-5,8],[4,14],[-7,23],[-5,5],[-1,24],[-13,-75],[-15,19],[-26,43],[-13,-77],[-13,23],[-15,-82],[-13,4],[-28,-7],[-11,-14],[1,30],[-1,9],[-7,-12],[-7,6],[-4,22],[-8,6],[-5,-8],[-6,4],[0,-7],[1,-14],[3,-50],[3,-16],[-1,-22],[-4,-10],[-4,21],[-5,5],[-10,-12],[-7,24],[-4,20],[-1,22],[-8,29],[-5,5]],[[244021,523589],[9,47],[25,148],[-7,12],[-108,194],[23,137],[-106,194],[-24,43],[1,13],[-8,28],[-4,1],[-7,21],[-8,43],[-5,13],[-1,7],[2,12],[1,11],[2,17],[0,21],[-1,16],[-2,6],[-3,7],[-3,9],[-4,17],[1,3],[30,213],[6,43]],[[245040,513104],[5,-2],[16,-26],[6,-24],[15,-35],[6,-28],[1,-31],[10,-5],[19,-76],[4,-17],[-12,-31],[7,-28],[1,-36],[-5,-8],[-19,-50]],[[244700,514863],[73,210],[12,32],[8,-30],[41,114],[30,-115],[-12,-37],[5,-23],[-6,-20],[18,-69],[12,35],[-3,18],[25,72],[20,-74],[7,20],[8,7],[-2,10],[19,131],[12,-60],[4,-1],[6,-20],[11,8],[12,16],[17,-15],[2,4],[10,-43],[3,6],[1,-28],[5,-32],[8,-10],[5,-27],[14,40],[2,-32],[6,-40],[6,7],[9,31],[-1,43],[9,21],[7,-21],[4,-17],[15,45],[21,-76],[46,209],[6,-23],[3,-17],[6,-7],[-1,-9],[2,-19],[-2,-8],[4,-21],[-1,-20],[7,-9],[2,-24],[5,-8],[5,-28],[4,13],[27,68],[9,34],[43,186]],[[245308,515260],[6,-10],[2,-21],[-1,-3],[0,-22],[10,-47],[-3,-17],[3,-25],[-5,-19],[-2,-8],[-4,-14],[15,1],[0,-52],[2,-34],[42,0],[0,-47],[10,-1],[11,-31],[34,2],[-1,103],[40,2],[0,-11],[30,1],[2,-85],[-4,-4],[0,-22]],[[245495,514896],[-1,-178],[-21,-1],[0,-21],[-6,-8],[0,-258],[0,-13],[0,-3],[5,-62],[5,-33],[11,-45],[5,-28],[3,-41],[-11,2],[-20,23],[-11,8],[-11,1],[0,-55],[-46,-131],[13,-52],[-37,-105],[83,-81],[-21,-43],[-64,-132],[12,-4],[5,-27],[59,-106],[-13,-40],[-15,-41],[-8,9],[-31,-186],[-9,-50]],[[245268,512940],[-9,22],[-2,19],[-21,14],[-2,68],[-12,32],[-15,57],[-10,24],[-18,33],[-5,31],[-3,5],[-9,33],[-3,20],[-6,-15],[-7,-10],[-13,-38],[-11,-5],[-10,-55],[-14,-41],[-12,40],[-9,-17],[-4,-1],[-7,13],[-13,1],[-5,-9],[-9,-48]],[[244021,523589],[-13,19],[-4,-5],[-5,-30],[-7,-1],[9,-61],[0,-38],[0,-22],[-10,-64],[-11,-50],[-3,-9],[0,-7],[-3,5],[-6,-33],[2,-3]],[[243970,523290],[-8,6],[-17,1],[-6,-8],[-3,-6],[-10,-37],[-10,-104],[-3,-49],[-3,-41],[-8,-54],[-9,-58],[-6,-28],[-13,-55],[-11,-34],[-20,-57],[-10,-21],[-5,-3],[-3,0],[-9,10],[-5,16],[-3,25],[-4,53],[7,39],[15,41],[6,24],[0,27],[-3,39],[-6,26],[-9,26],[-8,17],[-9,4],[-23,0],[-15,5],[-15,10],[-10,16],[-7,20],[-7,35],[-3,37],[-1,19],[6,30],[22,91],[9,49],[0,42],[-6,29],[-8,13],[-12,9],[-14,6],[-16,-7],[0,7],[-10,-7],[-15,-25],[-8,-20],[-7,-31],[-10,-62],[-13,-10],[-16,0],[0,27],[-7,17],[-1,-6],[-6,27],[-2,21],[-4,32],[-2,14],[-2,18],[-1,35],[0,19],[-2,26],[-5,68],[-1,36],[2,16],[7,24],[17,28],[1,24],[4,17],[3,-17],[4,26],[-8,75],[-5,74],[-6,5],[-5,-4],[-6,-18],[-8,-47],[-11,-53],[-10,-40],[-6,0],[0,-19],[-2,22],[-8,14],[-10,2],[-16,-17],[-15,-2],[0,-10],[-2,16],[-22,28],[-13,43],[-1,33],[3,23],[-2,16],[-5,10],[-11,-6],[-8,-40],[-8,6],[-16,26],[-4,17],[-3,25],[-5,-3],[-6,-13],[-7,-38],[-4,-21],[-1,23],[2,6],[-14,0],[-20,6],[-13,-6],[-2,-13],[-5,-5],[-12,17],[-2,-1],[-8,16],[-9,33],[-2,-8],[-1,-14],[5,-35],[-1,-9],[-4,-7],[-14,-2],[-2,-13],[1,-42],[-2,-27],[0,-38],[-5,-26],[-4,1],[-5,17],[-3,3],[-7,-8],[0,-17],[5,-33],[2,-56],[-1,-32],[-3,-29],[-9,-33],[-4,-23],[-5,0],[-2,-9],[-2,-24],[-6,8],[-2,-9],[-9,-23],[-3,5],[-9,1],[-6,-10],[-9,0],[-8,17],[-8,8],[-4,-6],[7,-10],[31,-35],[9,-6],[26,-11],[-2,-9],[-10,-7],[-10,-3],[-12,-19],[-4,-14],[-1,-15],[7,-45],[-1,-10],[3,-29],[7,-26],[3,-22],[-1,-20],[10,-1],[0,-75],[41,-1],[0,-111],[14,-19],[0,-44],[-72,71],[-3,7],[-30,28],[-2,1]],[[243192,523079],[-33,32],[-152,154],[-2,1],[-1,48],[-6,3],[1,33]],[[242999,523350],[5,1],[-1,142],[-1,84],[11,1],[0,14],[8,14],[1,27],[7,10],[4,35],[-1,1],[4,21],[9,2],[7,26],[2,19],[0,86],[9,-1],[-1,217],[36,2],[0,50],[7,15],[0,2],[5,20],[9,39],[-2,12],[-3,-16],[-10,-31],[-8,-2],[-10,4],[-4,4],[-13,13],[-12,19],[-16,30],[-7,18],[-11,29],[-5,21],[-17,26],[-5,-1],[-6,-9],[-6,-18],[-16,-60],[-17,-44],[-13,1],[-29,27],[-1,5],[-38,153],[-7,20],[-11,13],[-18,-6],[-16,-34],[-18,-27],[-3,-4],[-7,-6],[-23,-44],[-7,-5],[-9,4],[-4,11],[-13,56],[-7,45],[-2,13],[-6,80]],[[244184,517838],[3,4],[4,4],[3,-3],[2,-13],[5,-63],[17,-126],[7,-27],[3,-19],[4,-19],[3,-8],[3,-3],[7,-2],[3,-6],[4,-8],[3,-29],[-2,-35],[0,-13],[-1,-26],[-3,-43],[3,-20],[12,-10],[8,28],[0,15],[8,30],[2,19],[8,8],[6,-31],[2,-22],[-1,-26],[1,-28],[2,-35],[-2,-12],[-4,-12],[-9,-36],[1,-37],[9,-57],[2,0],[4,-17],[2,-29],[-3,-37],[-2,-18],[-6,-15],[-3,-28],[1,-7],[8,-16],[8,-19],[5,-22],[12,-14],[2,9],[-3,8],[-2,6],[0,17],[-1,6],[-15,43],[-1,7],[-1,7],[-2,-1],[7,31],[2,22],[0,30],[-5,51],[0,8],[6,21],[1,10],[21,-31],[-4,-28],[4,-14],[5,20],[12,-37],[5,13],[9,-13],[-5,-21],[1,-1],[2,-6],[7,-30],[0,-1],[1,-3],[0,-1],[2,-6],[15,-49],[-8,-32],[40,-127],[11,-31],[39,-122]],[[244468,516710],[-5,-11],[-3,11],[-7,-13],[-9,27],[-6,-18],[-14,44],[-3,-12],[-6,4],[-6,-22],[6,-20],[-2,-16],[-1,-56],[11,-35],[-19,-50],[-22,74],[-24,-81],[8,-27],[3,10],[11,-38],[-12,-33],[1,-2],[-28,-83],[4,-20],[17,-1],[14,35],[8,10],[11,-6],[19,2],[5,-12],[2,5],[4,-14],[1,-2],[1,4],[1,-3],[3,9],[1,-2],[11,-46],[0,-27],[12,-4],[5,13],[5,-19],[4,-17],[-2,-7],[-4,-11],[-6,-18],[-20,2],[9,-33],[-35,-96]],[[244411,516105],[-4,-13],[-37,26],[5,-49],[0,-4],[9,-2],[0,0],[3,-3],[1,-3],[1,-12],[-2,-10],[1,-7],[4,-14],[-1,-14],[2,-24],[-3,-13],[19,-75],[-56,-195],[7,-24],[-4,-12],[18,-66],[9,-24],[-9,-29],[10,-44],[-4,-14],[2,-11],[-5,-14],[5,-5],[-2,-10],[7,-28],[2,-16],[-10,-27],[8,-30],[10,26],[9,-34],[3,10],[8,-33],[-9,-31],[20,-76],[5,15],[6,-28],[-6,-17],[6,-24],[-25,-73],[11,-40]],[[244425,515034],[-25,-69]],[[244158,514750],[3,56],[-3,-30],[-9,-3],[-85,9],[0,75],[4,14],[-1,18],[-7,-2],[0,25],[-7,2],[-9,39],[-42,-152]],[[244002,514801],[-2,32],[19,64],[-1,15],[1,32],[-4,37],[-7,11],[-14,9],[-3,9],[0,17],[-8,39],[-5,22],[-12,130],[-22,21],[-7,-13],[-4,13],[0,14],[-3,9],[-1,24],[9,34],[15,51],[0,3],[-8,86]],[[243945,515460],[-2,24],[-1,14],[0,1],[-12,-37],[-5,-23],[-1,-3],[-2,7],[-14,-1],[-7,9],[-10,-9],[-3,4],[-6,35],[-9,20],[-21,16],[-4,16],[-6,46],[2,16],[-3,55],[-5,3],[-7,-19],[-3,2],[-5,47],[-6,12],[-7,-21],[-11,-20],[-11,18],[-6,4],[-6,23],[-2,23],[-9,14],[1,23],[62,208],[4,-15],[16,42],[15,47],[-83,222],[-154,410],[-68,180],[-7,-10],[0,-43],[0,-177]],[[243498,516693],[1,221],[5,4],[11,-4],[15,9],[-62,165],[2,3],[3,21],[0,38],[3,25]],[[241600,518175],[3,-16],[6,-11],[-2,-18],[0,-32],[-5,-6],[-5,-21],[0,-18],[9,-6],[4,-15],[4,-4],[7,-17],[4,-18],[0,-12],[-5,-32],[1,-19],[-7,-20],[-4,-27],[2,-18],[1,-25],[-5,-39],[11,-2],[6,17],[4,17],[10,-5],[14,16],[5,-1],[4,7],[2,11],[0,61],[8,-3],[15,-43],[12,-40],[3,-18],[-2,-26],[1,-18],[8,-31],[10,2],[7,-26],[6,0],[6,9],[2,-30],[3,-21],[7,-39],[2,-34],[0,-98],[1,-16],[7,-36],[-14,-21],[-12,-10],[-20,35],[-7,7],[-34,4],[-21,12],[-26,25],[-14,9],[0,-328],[-14,-2],[-5,3]],[[241593,517188],[-30,-1],[-1,66],[-21,-38],[-8,-21],[-17,-30],[-4,-11],[-9,-38],[3,-9],[-12,-43],[-1,-17],[-1,-194],[27,-31],[14,1],[7,-18],[4,20],[8,-6]],[[241552,516818],[-6,-35],[1,-9],[6,-3],[2,-24],[-3,-30],[-5,-42],[0,-21],[2,-22],[5,-22],[2,-17],[0,-32],[-13,-39],[-3,-29],[-11,-39],[-9,10],[-4,-9],[-5,-40],[-3,-12],[-11,-8],[-5,-17],[3,-7],[-3,-11],[1,-11],[18,-67],[-15,0],[0,-45],[5,-3],[2,-23],[5,-13],[-6,-24],[-3,-26],[-9,3],[0,-85],[8,1],[0,-69],[1,-17],[-12,-8],[1,19],[-13,18],[-12,-2],[-1,-15],[-11,-18],[-11,10],[-7,-8],[-4,24],[-26,158],[-12,65],[-5,28],[-14,91],[-25,130],[-6,2],[-10,-55],[-7,-2],[-5,-9],[-4,-20],[2,-21],[-1,-16],[-5,-12],[-9,-2],[-2,-21],[-3,-6],[-17,31],[-1,-19],[5,-18],[-5,-9],[-4,1],[-1,-11],[3,-12],[-10,-2],[0,-14],[-9,6],[-1,-24],[-3,-29],[-6,-36],[-7,20],[-4,-4],[0,-25],[-7,-1],[-2,-54],[-6,7],[-6,0],[-2,-39],[-3,-15],[-7,2],[-3,-10],[-1,-18],[-5,-2],[-7,-13],[-5,1],[-4,-2],[-2,-2],[-3,-5],[0,-1],[-1,-26],[-5,0],[-13,-20],[-5,-17],[1,-158],[1,-167],[3,-487]],[[241155,515139],[-45,76],[-35,57],[2,7],[8,4],[1,7],[-2,15],[-4,10],[-3,-17],[-7,-9],[-6,3],[-5,7],[-1,20],[-1,-2],[-4,-4],[-1,-1],[-120,202]],[[240932,515514],[0,321],[1,90],[0,53],[-14,-1],[0,-7],[-21,0],[0,-5],[-6,-4],[-18,-14],[-9,119],[17,12],[1,46],[48,1],[-1,191],[0,126],[0,215],[34,3],[1,7],[1,12],[1,5],[2,6],[0,50],[13,1],[2,6],[-1,10],[-5,12],[0,12],[2,6],[3,7],[6,3],[7,14],[2,6],[-3,5],[-29,0],[-7,-23],[-16,-14],[-4,7],[-9,-7],[-4,2],[10,36],[1,49],[-6,6],[-3,50],[-7,2],[-4,40],[-5,1],[-10,-9],[-6,-19],[-7,-9],[0,-22],[-12,14],[4,18],[9,-8],[6,11],[6,39],[6,15],[10,1],[7,-22],[14,-26],[8,-1],[-1,10],[0,57],[-1,200],[0,249],[-12,0],[-27,152],[-2,15],[6,4],[-27,159],[-23,-41],[-17,36],[-12,15],[-3,9],[-12,17],[-15,10],[0,4]],[[240801,517849],[-8,3],[-8,33],[-6,7],[-2,25],[-5,7],[-3,37],[2,17],[-3,20],[3,119],[4,0],[9,-19],[4,-40],[8,-21],[7,-5],[5,7],[-1,16],[3,5],[10,-19],[13,-8],[5,-16],[0,-42],[4,-38],[4,-49],[4,-21],[6,10],[14,11],[9,0],[17,-1],[20,4],[38,1],[14,2],[5,-5],[-2,52],[2,36],[-1,15],[-15,45],[-16,33],[-11,38],[-4,9],[-4,-5],[-10,5],[-6,10],[-7,24],[-12,29],[-4,22],[-8,17],[-10,1],[-6,7],[-2,14],[4,32],[1,42],[-3,26],[-5,15],[-6,5],[-7,-5],[-13,13],[6,29],[3,51],[-1,30],[1,32],[-3,18],[0,24],[-3,15],[-2,32],[-3,13],[-12,25],[-2,19],[-8,28],[-1,15],[-5,15],[2,8],[1,33],[4,16],[16,51],[3,54],[-1,22],[19,29],[2,12],[8,12],[-6,56],[3,25],[-6,17],[-2,44],[-10,23],[-1,13],[9,13],[1,24],[-2,27],[4,2],[3,29],[-2,48],[5,18]],[[242960,497465],[3,-4],[52,2],[0,507],[26,2],[0,170],[111,0],[109,0],[10,-5],[12,4],[23,1],[4,3],[16,42],[0,10],[15,48],[-36,124],[11,34],[-4,11],[11,28],[76,-2],[1,5],[9,-4],[8,-10],[19,62],[9,24],[6,43],[4,37],[4,18],[2,20],[11,78],[5,12],[4,30],[5,13],[0,8],[4,16],[0,30],[8,36],[5,15],[-6,31],[-19,126],[-11,98],[11,-87],[5,-37],[3,10],[26,87],[7,40],[-3,92],[-8,-2],[-7,16],[15,52],[-26,78],[9,18],[4,4],[2,23],[7,3],[4,-9],[7,18],[-1,6],[-6,-5],[-4,18],[1,6],[18,-13],[5,3],[15,24],[6,39],[8,23],[7,13],[6,30],[4,0],[12,-34],[9,-16],[4,-31],[8,-5],[2,-8],[-4,-13],[4,-27],[4,8],[3,21],[4,12],[-1,15],[4,11],[5,1],[6,-28],[2,-22],[4,-15],[1,-14],[-4,-32],[4,-59],[-1,-22],[4,-18],[8,-21],[10,-46],[7,-27],[-1,-44],[-3,-17],[-6,-7],[3,-23],[7,5],[5,-5],[16,6],[9,-27],[39,152],[-17,81],[-10,63],[-18,92],[-17,72],[2,7],[17,-79],[11,-58]],[[243699,495028],[-3,76],[-3,53],[0,35],[1,73],[-1,64],[-6,9],[-7,21],[-4,23],[-22,-23],[-7,23],[-54,-1],[-14,50],[-47,32],[-12,27],[-9,-30],[-34,-80],[-11,-28],[-11,-21],[-50,171],[-12,25],[-7,9],[-82,53],[-14,0],[-47,-18],[-60,-1],[-36,-121],[3,-19],[-30,-100],[-19,-93],[-9,-3],[-22,16],[-12,-37],[-1,-35],[-20,-31],[-6,-15],[-8,-28],[-23,-73],[-37,0],[-22,0]],[[242829,495029],[-23,1]],[[242806,495030],[-1,93],[-2,14],[4,24],[-1,56],[-2,13],[1,22],[-13,15],[15,105],[-8,9],[-2,10],[-11,21],[-15,6],[-4,-5],[-8,8],[-3,18],[12,80],[4,0],[0,62],[-8,0],[9,205],[16,48],[-15,61],[1,176],[3,18],[-1,26],[-9,32],[0,49],[-7,24],[-19,-5],[-10,-7],[-2,-10],[-2,29],[-6,21],[-34,-157],[-33,46],[-38,79],[-1,67],[-2,79],[-2,85],[0,82],[14,30],[9,0],[0,25],[15,36],[23,2],[12,-5],[5,-7],[8,10],[2,69],[14,4],[0,96],[2,5],[56,-1],[45,153],[7,28],[8,24],[10,33],[15,43],[13,58],[4,6],[15,53],[5,7],[6,27],[26,65],[3,18],[24,93],[2,51],[5,13]],[[241265,513141],[60,240],[5,18],[34,134],[9,36],[0,96],[-8,30],[0,28],[6,14],[18,1],[-1,66],[10,1],[0,29],[-2,9],[4,34],[10,-37],[10,4],[-8,28],[8,18],[11,11],[2,18],[13,27],[8,25],[1,15],[6,11],[6,-10],[19,59],[3,-7],[10,42],[12,48],[9,37],[28,108]],[[241548,514274],[11,7],[5,21],[6,-9],[4,-18],[17,0],[9,5],[8,12],[6,-12],[9,16],[9,-11],[4,14],[-2,15],[4,1],[10,-30],[9,17],[-1,15],[15,4],[2,19],[5,7],[12,-38],[2,-2],[3,-20],[-2,-435],[-1,-57],[14,-39],[5,-6],[7,-23],[1,-48],[1,-18],[4,2],[12,-17],[6,-41],[4,-15],[4,-51],[0,-10],[2,-6],[15,-25],[3,-26],[33,-8],[39,-16],[1,42]],[[241843,513490],[3,110],[4,8],[1,28],[2,7],[-2,-56],[16,-1],[1,-11],[9,0],[6,-3],[13,9],[0,-46],[1,-75],[-2,-31],[-11,-56],[-1,-32],[-1,-3],[5,-7],[12,-1],[2,0],[24,-2],[1,-61],[31,-1],[23,-2],[13,-1],[10,31],[1,-2],[-5,-20],[-7,-15],[-8,-23],[-1,-2],[-2,6],[-10,2],[-15,-56],[2,-15],[-4,-11],[-2,-49],[2,-8],[7,-7],[3,15],[4,-5],[3,10],[-2,40],[5,-1],[3,23],[-4,29],[-2,4],[8,18],[3,-1],[0,-6],[0,-13],[4,-15],[1,-33],[3,-19],[0,-3],[0,-6],[0,-4],[0,-7],[1,-4],[0,-6],[-19,-14],[-12,-45],[11,-22],[-19,-63],[-1,-3],[-1,-3],[0,-6],[-11,-17],[8,-4],[21,69],[15,40],[0,-15],[-3,-35],[-3,-28],[0,-30],[1,-15],[11,-68],[3,-32],[2,-24],[2,-22],[4,-12]],[[241931,512482],[-20,-79],[-7,-29],[-16,-59],[-5,-33],[-9,14],[-2,3],[-29,41],[-11,13],[-7,-6],[-8,-6],[-16,21],[-3,-12],[-5,7],[-2,-15],[-29,45],[2,24],[-3,-23],[-4,1],[0,-6],[-14,23],[4,29],[9,66],[-18,15],[-26,-8],[-27,-202],[-3,-22],[-2,-18],[0,3],[-9,13],[-16,47],[-11,36],[-9,13],[-8,-59],[0,-45],[-20,31],[-10,-72],[-2,4],[9,72],[-32,50],[-3,-14],[-16,8],[-10,-10],[-3,4],[0,-48],[-5,-73],[-8,6],[-1,2],[-19,58],[3,11],[2,29],[0,45],[14,1],[1,79],[8,37],[8,72],[9,65],[9,67],[6,64],[-4,4],[-2,-21],[-13,-113],[-4,4],[-9,28],[-13,25],[-7,8],[-13,1]],[[241502,512698],[-1,90],[0,81],[-6,16],[-8,27],[0,20],[4,26],[-8,27],[0,29],[4,39],[0,25],[-4,-8],[-6,14],[-11,5],[-11,19],[-6,-8],[-11,17],[-5,0],[-5,10],[3,17],[3,-1],[0,30],[-14,19],[-5,-1],[-2,12],[-9,10],[-1,24],[-2,5],[-6,-17],[-8,7],[-7,20],[-2,23],[-1,27],[-7,20],[-7,32],[-17,-23],[-15,-28],[2,-9],[7,1],[0,-51],[5,-33],[8,-27],[1,-31],[-6,-25],[-5,-7],[-2,-21],[-6,17],[-7,-3],[-2,-25],[-4,-18],[-3,-1],[3,21],[-1,14],[-4,2],[4,13],[-2,14],[-9,-15],[0,17],[-4,24],[-13,2],[-5,-5],[-7,3],[-4,-17],[-9,-17],[-3,15]],[[238745,517030],[8,0],[4,-3],[1,313],[1,-5],[38,1],[9,3],[5,-36],[8,-23],[4,-34],[3,-47],[3,-22],[3,-4],[2,44],[7,29],[8,6],[12,19],[7,5],[5,35],[15,19],[2,15],[1,-19],[-1,-55],[7,-9],[9,-2],[13,7],[12,-1],[8,-14],[10,11],[4,-4],[3,22],[-3,40],[4,27],[8,0],[9,23],[7,30],[11,20],[5,58],[-2,15],[2,28],[8,36],[10,14],[4,25],[1,40],[-5,28],[8,20],[6,-1],[6,-15],[5,-32],[6,-3],[4,9],[1,7],[-5,22],[-4,37],[-6,29],[1,19],[4,18],[14,-3],[4,21],[-1,23],[-7,51],[4,20],[9,11],[3,16],[-2,14],[-15,21],[-1,7],[4,25],[16,9],[20,-1],[3,16],[-1,14],[-13,60],[-12,14],[-2,23],[-4,30],[1,10],[7,12],[16,8],[14,-6],[9,3],[9,19],[4,19],[2,40],[-1,60],[1,19],[5,30],[7,16],[15,9],[-3,-17],[-16,-29],[0,-10],[19,-6],[18,22],[20,44],[3,31],[4,23],[1,38],[-5,14],[-1,13],[-8,-11],[11,28],[8,4],[-6,22],[1,24],[6,30],[5,36],[4,21],[0,27],[6,17],[6,31],[-2,15],[6,14],[15,4],[1,176],[0,280],[52,0],[0,9],[19,-24],[6,-31],[-1,-28],[4,9],[19,-1],[4,11],[13,13],[0,41],[-4,35],[-2,45],[-5,30],[0,27],[-12,22],[-7,24],[20,1],[-1,-30],[42,0],[0,89],[85,-1],[-1,-13],[22,0],[-1,-249],[-1,-82],[-8,0],[-1,-23],[0,-41],[57,-1],[0,-9],[0,-162],[13,-1],[3,-11],[0,-24],[15,7],[1,-7],[8,19],[6,4],[1,-14],[4,-1],[5,-18],[8,-14],[4,-62],[3,1],[4,5],[2,24],[8,20],[4,24],[9,17],[4,-2],[1,41],[7,0],[3,0],[40,-4],[0,-122],[3,-1],[7,-2],[1,15],[52,1],[1,72],[2,-1],[0,8]],[[239760,518861],[0,29],[52,0],[0,-45],[103,-1],[20,-64],[27,88],[3,-10],[5,15],[15,-54],[-14,-50],[29,1],[1,-81],[-83,91],[-23,22],[-9,-66],[-13,-72],[-14,-80],[16,-38],[18,7],[6,-8],[-1,31],[7,12],[2,-24],[-3,-27],[-1,-36],[-10,-12],[-20,19],[-2,-23],[-11,-32],[-15,-29],[-1,-24],[2,-6],[3,-51],[-2,-22],[-12,-41],[-6,-8],[0,-15],[-5,-18],[-15,-26],[-8,-21],[-11,-11],[-8,-24],[0,-10],[9,-59],[-2,-35],[-11,-40],[3,-23],[2,-7],[12,1],[7,-16],[14,-24],[11,-10],[5,-18],[9,-16],[5,-17],[5,44],[-1,16],[3,25],[3,76],[5,8],[4,18],[7,11],[3,25],[-9,-4],[-2,5],[8,23],[4,6],[4,-8],[7,10],[9,-10],[13,-1],[10,-19],[-3,-21],[5,-26],[-1,-17],[4,-36],[8,1],[4,-22],[-4,-25],[5,-22],[0,-51]],[[239937,517889],[-7,0],[-1,-369],[-18,-41],[-28,3],[-6,6],[-2,-5],[1,-14],[3,-26],[-7,1],[-8,-45],[-11,-2],[-11,29],[-4,-3],[-11,-31],[1,-25],[9,-13],[-5,-36],[13,-6],[2,-20],[-1,-17],[8,-20],[5,-35],[1,-23],[7,-17],[-16,-55],[-5,-23],[-9,1],[-7,11],[-13,-4],[4,-14],[3,-67],[-16,-47],[-4,-22],[3,-32],[10,-36],[6,-7],[8,-16],[5,-19],[8,-2],[9,-12],[3,-13],[17,-22],[5,-21],[4,-10],[4,3]],[[239886,516773],[9,-72],[8,-23],[0,-41],[-8,-29],[-1,-27],[-113,5],[-342,12],[-87,3]],[[239352,516601],[-301,11],[-20,0],[0,-228]],[[239031,516384],[-32,-5],[-8,-10],[-7,4],[-15,32],[-10,-12],[-8,1],[-11,19],[-25,-46],[-4,-3],[-7,4],[-8,16],[-9,-4],[-3,-19],[-7,-23],[-10,-20],[-15,10],[-3,-2],[-4,-21],[0,-39],[-4,-24],[-9,-19],[-10,-10],[-6,-17],[-18,23],[-6,-4],[-10,-30],[-4,0],[-14,13],[-3,0],[1,25],[0,19],[-3,12],[-24,70],[-4,19],[0,47],[-2,25],[-17,90],[-3,33],[-1,47],[2,33],[8,69],[20,112],[4,40],[4,161],[-1,30]],[[239616,507089],[498,2],[9,0],[8,-6]],[[240131,507085],[43,-1],[104,-2],[8,1]],[[240286,507083],[-1,-29],[6,-11],[7,13],[4,-1],[15,-51],[7,5],[19,-67],[55,-11],[5,-3],[-8,-48],[3,-30],[32,3],[0,-96],[15,0],[0,-17],[-3,-16],[-12,-1],[0,-77],[-9,-18],[-8,11],[-3,-4],[6,-47],[2,-44],[-7,-7],[-23,4],[0,48],[-34,-100],[-13,-7],[3,-42],[-17,-57],[12,-44],[9,3],[19,-6],[6,7],[3,-5],[32,8],[7,-20],[15,-72],[-12,-44],[23,-74],[-2,-38],[9,4],[21,21],[5,-29],[0,-11],[-7,-26],[-3,-2],[1,-18],[-6,-22],[-6,-17],[3,-13],[-6,-33],[-5,-8],[3,-32],[-4,-13],[-1,-37],[8,3],[25,-1],[-17,62],[10,35],[7,-15],[14,-16],[13,20],[2,-17],[23,-76],[7,17],[9,42],[5,-2],[7,14],[16,-51],[-52,-167],[25,-86],[24,51],[6,-35],[12,-45],[5,-9],[19,63],[15,-46],[7,111],[2,38],[15,123],[19,-61],[17,25],[8,71],[1,-2],[50,443],[5,4],[15,39],[16,0],[0,-26],[2,-28],[5,-12],[3,-31],[5,-26],[4,-31],[9,-38],[-2,-14],[5,-37],[2,-2],[11,-72],[8,-4],[4,-28],[7,-7],[0,-10],[6,-14],[2,-25],[-4,-36],[0,-15],[4,-3],[5,-27],[3,4],[3,-15],[-1,-21],[6,-6],[-1,-11],[10,-10],[3,-25],[5,-8],[1,-25],[7,-13],[4,-6],[3,1],[6,-22],[7,1],[4,-11],[18,28],[5,-9],[11,15],[5,-6],[0,-12],[5,5],[4,-10],[1,-22],[10,-18],[0,-26],[5,-27],[8,-47],[2,-31],[1,-44],[11,-59],[1,-83],[10,-13],[2,-19],[9,-53],[8,-82],[3,-22],[10,-24],[1,-17],[5,-12],[1,-13],[-3,-31],[4,-56],[-1,-40],[3,-41],[8,-2],[4,-35],[96,-25],[17,-1]],[[241181,504909],[-2,-17],[-9,-18],[1,-17],[-7,1],[0,-14],[4,-16],[0,-17],[7,-23],[1,-20],[-8,-32],[-3,-28],[-9,-12],[4,-27],[-2,-17],[6,-22],[-3,-9],[1,-14],[-5,-15],[0,-31],[-3,-22],[4,-24],[-2,-30],[6,-41],[5,-21],[4,-4],[1,-15],[-19,5],[-18,-794],[38,17],[2,-8],[-2,-12],[7,-56],[54,-22],[29,-209],[1,-4],[12,20],[4,-6],[7,1],[5,16],[11,9],[5,15],[6,8],[5,-102],[-3,-35],[41,-58],[7,-3],[4,12],[12,25],[39,-14],[18,70],[13,52],[63,59]],[[241513,503390],[2,-721],[2,-759]],[[241517,501910],[-211,-5]],[[242299,515644],[150,462],[44,137]],[[242493,516243],[17,53],[0,40],[-2,15],[-26,2],[0,62],[22,-1],[1,17],[-1,11],[-13,2],[-5,5],[3,44],[-1,22],[-12,14],[-13,-16],[-7,6],[-2,18],[1,15],[-2,20],[-4,7],[-18,10],[-7,-8],[-3,6],[61,132],[-11,49],[10,26],[28,65],[4,11],[-12,50],[3,111],[72,0],[1,-84],[12,15],[0,31],[-6,58],[13,26],[0,23],[12,37],[14,16],[5,14],[-5,97],[13,35],[5,-3],[-70,309]],[[243133,517458],[12,-28],[20,-18]],[[242959,515477],[-17,-6],[-5,-5],[-4,-9],[-16,-51]],[[242917,515406],[-13,-45],[-2,-13],[0,-48],[-4,-57],[-6,-61],[-8,-23],[-3,40],[-6,25],[9,19],[-6,33],[5,28],[6,-22],[4,14],[-3,14],[2,12],[0,22],[-3,14],[1,33],[-4,10],[0,22],[-4,12],[-4,-16],[-6,-7],[-4,-19],[-5,-9],[-7,-2],[-4,11],[-7,-7],[-2,-14],[1,-39],[-2,-22],[-4,-16],[0,-12],[9,-3],[3,-14],[6,-4],[-16,-55],[-23,-28],[0,76],[5,147],[-11,-4],[-6,-4],[-35,-49],[-10,-12],[-27,-3],[0,-13],[-2,-12],[-5,-19],[1,20],[-13,-3],[-2,17],[0,8],[-9,0],[-4,1],[-6,2],[-9,-13],[-1,-5],[-3,-9],[0,-18],[-3,-6],[-2,24],[-9,-3],[-1,32],[-20,11],[-1,-52],[-13,0],[-2,11],[-6,14],[-4,-3],[-31,-2],[-13,-4],[-5,-10],[-7,-28],[-9,-20],[-1,8],[-16,1],[-7,13],[-9,36],[-7,29],[-4,10],[-3,4],[-16,14],[0,-25],[-12,4],[-3,16],[-4,6],[2,20],[-6,9],[-10,23],[-10,10],[-41,2],[-4,2],[-4,5],[-25,52],[-2,6],[-9,56],[-6,17],[-3,5],[-19,4],[-1,-19],[-8,-33],[-8,-15],[-7,-51],[-7,-25],[-4,0]],[[242300,515434],[-7,191],[6,19]],[[242634,499555],[101,-2],[19,-18],[23,-62],[11,106],[11,-13],[13,-40],[-1,18],[3,8],[7,0],[1,-35],[21,-15],[11,110],[16,-14],[13,-6],[80,-8],[0,410],[0,76]],[[242963,500070],[7,-10],[5,-15],[0,-50],[106,1],[161,2],[-3,32],[-6,75],[1,31],[-9,25],[-4,-3],[-6,14],[-2,12],[-8,12],[-3,15],[-4,-5],[-3,14],[0,31],[-5,-9],[-1,14],[-5,-23],[-2,24],[-4,-8],[0,32],[-5,5],[1,11],[-4,14],[-2,-72],[-4,37],[-2,26],[-3,7],[2,30],[-3,15],[2,9],[-1,27],[6,33],[-16,51],[8,13],[5,42],[7,-14],[10,-8],[1,27],[12,26],[5,-2],[2,40],[5,21],[14,52],[-13,28],[2,53],[7,60],[2,33],[-5,41],[0,30],[-6,45],[9,15],[6,28],[-2,36],[-3,-2],[-1,147],[-12,28],[-12,51],[3,10],[-13,65],[4,61],[1,34],[-1,20],[-6,10],[-7,43],[0,21],[-10,32],[-4,7],[-32,29],[11,112],[5,1],[9,34],[3,-6],[10,49],[6,-18],[-6,-32],[17,-43],[7,24],[173,-519],[-32,147],[3,18],[1,38],[6,13],[3,61],[2,-2],[90,1],[0,-85],[11,17],[14,4],[9,17],[-2,23],[4,46],[11,18],[6,20],[0,12],[11,8],[-1,13],[1,30],[3,17],[5,1],[-2,32],[-2,10],[3,28],[0,24],[5,6],[2,45],[12,-42],[13,5],[12,-6],[0,65],[14,5],[12,-6],[0,118],[-18,1],[-28,-4],[-18,2],[-1,40],[-2,32],[0,15],[-29,2],[-19,-1],[-26,0],[1,195]],[[243434,502181],[140,-4],[1,-13],[144,-5],[-1,-266],[26,-2],[0,58],[21,-132],[39,-249],[60,-381],[35,-223],[27,-171]],[[243926,500793],[38,-243],[36,-225],[47,-304]],[[242960,497465],[-23,35],[-14,42],[-3,0],[0,49],[7,26],[16,37],[-5,21],[-28,103],[-54,-139],[-15,37],[8,228],[-1,51],[1,39],[-7,32],[0,254],[-3,56],[-4,24],[29,87],[0,9],[9,44],[4,4],[-1,10],[9,43],[2,32],[4,45],[26,30],[6,0],[13,22],[-1,21],[-2,6],[-4,156],[0,29],[-3,29],[-2,8],[-12,11],[-12,-8],[-3,-8],[-6,3],[-11,-9],[-9,1],[-5,-8],[-6,1],[-3,18],[-7,20],[0,14],[-10,43],[-17,-36],[-25,4],[0,102],[1,40],[-1,57],[-10,6],[-5,-20],[-7,-83],[-1,-29],[-6,-46],[-5,-7],[-2,14],[-14,-12],[-8,-12],[-5,7],[-15,-34],[-5,-2],[-7,80],[3,14],[-2,12],[3,28],[-2,34],[2,20],[0,60],[-4,2],[-21,1],[-5,4],[-9,-2],[-6,55],[-14,16],[-3,15],[-17,29],[1,225]],[[244865,523008],[2,3],[1,13],[7,14],[8,42],[30,177]],[[244913,523257],[7,-8],[6,-1],[23,14],[3,-33],[7,-29],[12,40],[4,15],[2,18],[0,4],[5,4],[1,9],[27,9]],[[245010,523299],[1,-8],[6,-76],[4,-44]],[[245021,523171],[9,-102],[1,-20],[3,-37],[1,-43],[-4,-65],[-2,-49],[-2,3],[0,-6],[-2,-25],[3,3],[-10,-189]],[[245018,522641],[-1,2],[-14,27]],[[245003,522670],[-8,14],[-16,29],[-2,4],[-4,42],[-1,-6],[-10,18],[1,6],[-16,30],[-3,6],[-3,4],[-4,8],[-2,3],[-1,1],[-5,3],[-23,33],[0,1],[-13,18],[0,1],[-13,36],[-6,8],[-8,47]],[[244866,522976],[-2,15],[1,17]],[[243875,521620],[4,2],[4,1],[6,20],[9,-26],[26,-60],[3,51],[-1,13],[-8,14],[-2,17],[3,38],[-4,16],[-2,68],[-1,30],[0,6],[-5,15],[5,12],[6,-10],[0,16],[4,1],[11,-3],[-1,-24],[-12,3],[10,-21],[-6,-15],[7,-1],[6,35],[4,56],[-3,32],[2,8],[2,1],[0,48],[4,20],[5,-1],[7,-13]],[[243958,521969],[9,-17],[1,-21],[4,-5],[3,-29],[-1,-21],[11,-39],[-1,7],[-3,19],[2,4],[12,-23],[-2,17],[-3,12],[9,-8],[-4,12],[6,18],[11,-45],[1,-29],[1,-22],[5,-8],[7,13],[7,38],[10,-6],[11,23],[0,-1],[0,0],[0,-10],[0,-16],[8,-14],[1,-2],[0,-21],[3,-4],[5,-1],[1,-1],[-1,-44],[1,-22],[-4,-63],[11,-10],[-1,25],[5,12],[0,9],[14,-29],[-3,-17],[0,-8],[-2,0],[0,-17],[-1,-14],[1,-21],[4,2],[6,-46],[2,-6],[4,20],[9,8],[3,10],[-4,45],[3,21],[6,9],[3,14],[0,1],[1,1],[0,1],[0,1],[1,1],[0,1],[0,2],[-1,3],[1,1],[0,1],[0,1],[1,0],[6,12],[3,-8],[5,3],[7,16],[7,-21],[8,-1],[5,-16],[3,-17],[9,-3],[3,-16],[3,0],[2,22],[4,-5],[2,-31],[6,-1]],[[244204,521615],[-2,-9],[3,-50],[12,-34],[16,-29],[7,2]],[[244240,521495],[0,-8],[6,-6],[9,11],[17,28],[9,25],[1,-7],[2,0],[3,-24],[-13,-79],[2,-14],[1,-51],[2,-20],[2,-10],[-1,-3],[-3,-19],[5,-10],[0,-1],[1,-3],[2,0],[1,-3],[3,-2],[-1,-55]],[[244288,521244],[-3,14],[-1,4],[-4,10],[-6,-5],[-3,-18],[-15,-27],[-5,-18],[-1,-26],[-1,-10],[-2,-5],[-2,-5],[-3,-7],[-2,-2],[-1,-5],[-3,-1],[-5,4],[-1,0],[-1,-1],[-3,-13],[0,-10],[1,-5],[0,-6],[-1,-3],[1,-3],[0,-3],[1,-5],[4,-7],[12,-7],[5,-10],[4,-14]],[[244253,521060],[-2,-15],[-7,9],[-6,7],[-8,-18],[0,0],[3,-19],[1,-26],[-4,-17],[-11,15],[1,-15],[5,-18],[-10,-45],[3,25],[-7,33],[-6,-4],[4,-16],[1,-27],[-5,-2],[-9,17],[-9,23],[-8,-2],[-3,-11],[4,-43],[-5,-11],[-4,9],[-9,10],[-13,-14],[-17,16],[-9,-17],[0,-19],[2,-11],[8,-13],[2,-28],[-10,1],[-9,16],[-6,4],[-3,-6],[-2,-29],[1,-17],[-2,-17],[-8,-7],[-5,10],[-13,77],[-6,-2],[-2,-16],[1,-28],[-1,-16],[-8,-22],[-5,8],[-4,21],[2,29],[-1,26],[-7,14],[-6,-31],[0,-17],[-4,-20],[-8,-5],[-4,13],[-2,-10],[-6,3],[-5,-20],[3,-21],[3,-5],[6,-12],[-2,-12],[-4,-3],[-6,7],[-4,-7],[-1,-16],[3,-25],[-7,-29],[-10,-2],[-4,-13],[1,-34],[-6,-13],[-8,0],[-11,-17],[-7,13],[-13,3],[-7,-13],[-6,16],[-4,26],[-7,16],[-4,-25]],[[244890,521736],[0,5],[2,6]],[[244892,521747],[1,-3],[9,-13],[2,13],[8,-13],[-3,-16],[5,-12],[0,-1],[5,-13],[3,8],[2,-9],[2,10],[9,-16],[-7,-31],[2,-3],[2,-5],[13,-21],[8,17],[-2,-29],[22,-37],[0,3]],[[244973,521576],[2,-3],[17,7],[0,-12],[3,1],[0,2],[3,10],[0,7],[3,12],[-1,-13],[5,-10],[-8,-46],[-1,2],[0,-3],[9,-18],[8,-22]],[[245013,521490],[-18,-24],[0,1],[-6,-7],[-5,15],[-6,-17],[1,-12],[-2,-2],[-13,-4],[-16,17],[2,12],[-5,6],[-9,-7],[-1,-19],[10,-4],[-1,-5],[-17,7],[-16,3],[-2,-2]],[[244909,521448],[-1,0],[-16,-19],[-1,-1],[-9,0],[-1,3],[-12,20],[-15,18],[-6,23]],[[244848,521492],[-2,10],[-1,20]],[[238054,517068],[5,-13],[6,-32],[2,-48],[2,-9],[16,3],[5,-16],[9,-11],[13,-44],[5,-32],[5,-10],[11,-10],[-4,-35],[0,-31],[4,-30],[1,-23],[4,-33],[-6,-39],[2,-37],[4,-18],[8,-23],[15,-17],[8,21],[9,19],[8,6],[6,-6],[0,-24],[1,-41],[-5,-19],[0,-14],[-6,-39],[2,-27],[-5,-12],[-1,-18],[-6,-20],[-2,-22],[-6,-19],[-7,-41],[0,-9],[0,-64],[-4,-19],[9,-23],[1,-11],[-5,-7],[-1,-26],[3,-8],[2,-48],[-2,-25],[1,-22],[7,0],[3,-18],[4,2],[15,47],[8,18],[-5,-985]],[[238193,515106],[1,-6],[0,-30],[-1,-45],[10,0],[4,8],[6,30],[5,9],[2,0],[56,-53],[11,-10],[4,-10],[33,-135],[6,-47],[-6,-16],[-14,-18],[-11,-2],[-2,-15],[0,-27],[-2,-16],[-5,-12],[-11,-67],[12,-66],[-3,-19],[-13,-20],[-1,-19],[-6,-24],[-3,-55],[-2,-9],[-11,-1],[-9,-11],[-7,-36],[-5,-7],[10,-28],[-30,-17],[-4,-24],[5,-14],[-7,-7],[-6,-13],[-2,-18],[2,-40],[-1,-15],[5,-3],[6,-24],[-2,-24],[2,-15],[2,-46]],[[247955,515184],[23,87],[6,29],[131,559]],[[248115,515859],[16,-22],[3,-18],[8,-8],[5,43],[3,7],[17,11],[11,-8],[8,-18],[10,-4],[3,-12],[0,-30],[2,-6],[29,-3],[-2,16],[3,11],[8,90],[14,-4],[0,62],[24,2],[0,76],[12,-2],[0,72],[10,-3],[14,6],[10,17],[6,4]],[[248203,512646],[3,45],[-8,51],[12,32],[14,17],[0,130],[1,27],[-5,-2],[0,87],[31,2],[-1,300],[-1,182],[29,4],[35,0],[2,104],[-5,-5],[-4,11],[0,16],[-3,15],[-4,6],[0,15],[4,10],[-2,18],[-8,13],[-2,-7],[-11,13],[-6,15],[-6,33],[-11,18],[-7,-5],[-2,9],[3,10],[-5,6],[-5,17],[-6,13],[-1,13],[-7,-2],[-2,9],[-6,-23],[-7,7],[-4,-5],[-1,34],[-11,12],[-6,2],[-2,48],[1,37],[0,69],[2,29],[0,17],[89,20],[44,1]],[[248302,514164],[-36,76],[-42,40],[-1,-113],[-17,-1],[0,33],[-17,38],[-1,155],[-9,16],[-15,67],[-9,55],[-9,42],[-17,62],[-27,66],[-8,36],[-4,28],[-1,23],[0,16],[1,26],[10,29],[10,16],[14,44],[4,21],[-2,23],[-6,31],[-2,17],[5,33],[-2,23],[-3,11],[-12,23],[-12,3],[-12,-8],[-17,1],[-3,12],[-13,18],[-12,-1],[-26,-31],[-14,-14],[-10,-17],[-16,-33],[-8,-2],[-11,13],[-7,22],[-2,12],[0,31],[9,37],[3,41]],[[247662,517826],[54,-154],[14,-13],[3,13],[30,107],[10,-31],[-2,-13],[18,-55],[-10,-38],[19,-59],[12,-32],[11,-10],[28,-36],[-9,-37],[17,-60],[15,55],[4,-8],[3,13],[21,-24],[0,-11],[14,8],[15,-29],[17,60],[-6,14],[10,27],[1,51],[11,37],[24,107],[4,2],[3,-15],[-1,-5],[7,-27],[39,143],[3,13],[11,-6],[22,-32],[16,53],[13,-41],[14,-16],[16,-59],[1,4],[27,96],[4,7],[5,-3],[18,-52],[-12,-10],[-9,-26],[-3,-17],[-4,-3],[-13,-49],[1,-13],[3,-2],[4,-3],[13,-19],[23,-11],[13,-3],[65,236],[2,6],[-14,51],[11,47],[-11,38],[2,6],[24,89],[19,-58],[6,-11],[7,-3],[17,1],[6,-10],[9,-46],[2,19],[10,40],[19,-36],[2,16],[12,-1],[7,17],[-3,26],[8,28],[-3,24],[35,122],[2,21],[3,1]],[[248441,518237],[6,7],[16,60],[5,2],[7,24],[0,6]],[[248115,515859],[-12,22],[-8,46],[-1,5],[5,22],[-3,13],[1,36],[-11,17],[-5,-16],[-27,62],[-8,28],[-4,-11],[5,-19],[-15,-38],[2,-18],[-5,-43],[-5,-8],[-4,11],[3,50],[-2,0],[-6,-33],[-3,-6],[-11,32],[-6,5],[0,-23],[-10,-20],[0,-35],[8,-88],[8,-16],[-8,-34],[5,-18],[-3,-6],[-1,-22],[-3,-15],[-3,-35],[-3,-17],[-1,-30],[-50,-218],[-7,-16],[-7,-45]],[[247920,515378],[-4,31],[-11,52],[0,35],[2,19],[-1,21],[-5,10],[-5,1],[-10,-12],[-10,-64],[-7,-34],[-8,-15],[-7,-8],[-6,9],[-6,43],[-1,23],[5,18],[1,21],[-4,24],[-1,56],[7,32],[4,29],[0,25],[-2,27],[-2,11],[-4,8],[-10,5],[-17,-16],[-27,-1],[-5,8],[-12,9],[11,43],[102,349],[-13,44],[1,4],[3,2],[-8,43],[-2,9],[66,230],[-45,-104],[-11,3],[-1,23],[2,4],[6,-13],[3,10],[-2,33],[9,-5],[1,15],[-3,29],[3,11],[6,14],[1,12],[-6,41],[0,19],[2,4],[7,-19],[3,-2],[3,13],[0,29],[6,31],[0,10],[-44,134],[4,12],[0,22],[6,6],[1,12],[16,14],[-15,-7],[-5,9],[-6,-9],[-3,2],[-3,-11],[-2,-27],[-63,188],[22,67],[-15,47],[-8,16],[1,6],[-6,22],[6,32],[11,41],[-26,70],[2,8],[-14,40],[-11,-33],[-6,6],[-8,23],[-2,-9],[-25,76],[13,44],[-10,31],[-14,-49],[-13,35],[3,8],[-4,12],[-12,39],[15,62],[-7,-3],[-5,4],[-4,9],[-8,26],[-7,32],[-28,83],[6,18],[1,14],[1,8],[-7,9],[17,60]],[[247067,520839],[-9,16],[-12,10],[-12,23],[-31,38],[-1,3],[2,10],[-6,55],[14,19],[2,-16],[18,27],[47,53],[4,64],[4,27],[7,19],[6,-3],[4,-50],[4,-15],[10,9],[0,24],[8,-3],[10,9],[3,-26],[9,6],[0,-17],[5,-23],[-4,-10],[-7,-32],[-4,-26],[-13,-36],[-5,2],[-6,-10],[-8,3],[-6,-19],[-8,5],[-8,-5],[-2,-8],[-7,2],[-5,-85],[-3,-40]],[[246906,519095],[-2,205],[25,-2],[22,1],[-19,255],[21,8],[-4,22],[-9,100],[24,15],[-2,50],[8,12],[3,-7],[7,7],[2,17],[14,49],[5,-4],[0,8],[14,-8],[24,2],[25,11],[11,14],[2,80],[-26,14],[3,63],[-11,8],[-2,42],[3,64],[-26,18],[-6,9],[2,23],[7,32],[6,1],[13,113],[-6,16],[-11,60]],[[247023,520393],[13,11],[14,-39],[75,50],[-1,104],[4,19],[2,16],[-65,203],[2,82]],[[247067,520839],[14,-12],[16,-8],[35,11],[26,15],[7,2],[7,8],[13,3],[9,9],[14,-8],[48,-26],[19,-5],[5,-63],[20,-2],[0,21],[16,-10],[-3,-62],[19,-10],[-2,-35],[6,-3],[-1,-20],[8,-7],[4,78],[7,-7],[9,-13],[16,-8],[3,7],[12,-36],[21,-67],[26,141],[-1,3],[12,58],[0,8],[-17,54],[-1,14],[4,16],[3,33],[-22,68],[-5,3],[-11,35],[-3,-1],[-4,24],[-3,43],[-2,8],[8,30],[8,16],[3,20],[7,9],[-1,31],[-3,17],[1,29],[4,19],[4,-2],[6,20],[4,4],[7,18],[1,18],[-2,2],[1,22],[-2,4],[-1,25],[6,11],[6,25],[6,3],[2,7],[20,34]],[[247476,521460],[11,-7],[6,20],[6,-7],[3,18],[5,-25],[5,11],[3,-10],[2,5],[0,25],[5,-5],[6,9],[4,-9],[0,18],[5,-9],[3,9],[4,-18],[6,-11],[12,-12],[-1,22],[4,6],[4,-49],[-3,-16],[5,-37],[7,-27],[0,-10],[9,-14],[10,16],[11,-6],[1,-14],[6,-2],[7,-27],[4,1],[6,-14],[8,6],[8,-20],[2,26],[6,10],[11,-15],[-7,-38],[10,-37],[-9,-33],[37,-114],[15,11],[7,-20],[6,-20],[15,-34],[5,-18]],[[247746,520995],[17,-54],[-11,-42],[-38,-131],[22,-78],[-29,-87],[-14,9],[2,30],[-3,14],[5,15],[-40,131],[4,22],[-26,-61],[33,-106],[-14,-52],[11,-38],[-4,-12],[10,-33],[-12,-7],[-28,1],[-8,5],[-2,3],[-10,-30],[-19,-62],[-12,16],[-10,-11],[-29,-6],[-19,3],[3,-22],[8,-33],[2,-22],[6,-1],[37,-109],[49,-278],[36,-149],[-2,-121],[5,-16],[-18,-61],[-6,-26],[10,-8],[29,-42],[-4,-14],[8,-33],[-3,-67],[6,-31],[-23,-73],[3,-7],[-21,-64],[-9,-34],[23,-75],[-17,-96],[-4,-18],[5,-20],[0,-12],[-5,-94],[-26,-92],[-7,2],[-8,-28],[-17,49],[-9,-1],[-61,-223],[9,-25],[-2,-15],[2,-16],[-8,-21],[14,-90]],[[247527,518448],[-71,-82],[-49,-47],[-41,-29],[1,-93],[-3,-19],[-13,-16],[-18,18],[-32,-37],[-45,74],[-10,6],[-8,45],[-1,12],[6,-12],[12,13],[8,27],[27,-5],[-1,31],[-6,28],[1,23],[8,15],[1,12],[20,38],[1,5],[-4,23],[-6,58],[-2,7],[-97,-178],[-9,54],[-5,13],[-38,-164],[-4,-9],[-22,-36],[-86,-160],[-16,227],[-31,-106],[-79,-5],[-2,10]],[[247746,520995],[-8,32],[35,106],[9,-27],[3,42],[-3,109],[-8,113],[-2,16],[-10,56],[3,15],[7,0],[6,21],[9,10],[7,-3],[12,21],[7,-22],[10,2],[4,-31],[5,-7],[3,-32],[8,-6],[9,16],[3,-8],[5,18],[4,-2],[1,-15],[6,-11],[5,11],[0,-14],[4,7],[5,-6],[0,13],[8,-10],[8,9]],[[247901,521418],[2,-1],[2,-10],[12,9],[-4,17],[11,14],[0,19],[2,-12],[5,4],[-3,11],[7,-6],[1,9],[11,-13],[4,3],[6,-30],[3,0],[3,-22],[11,-1],[6,16],[13,-15],[6,-2],[10,-12],[4,16],[6,3],[2,11],[6,-8],[5,13],[15,-6],[8,-17],[12,-9],[4,-10],[2,-28],[3,-25],[0,-11],[5,-15],[1,12],[3,-25],[6,7],[4,-6],[4,6],[6,-25],[8,-1],[1,-10],[-6,-20],[4,-13],[2,7],[6,-9],[1,-14],[4,10],[-3,-39],[4,1],[3,-30],[8,-4],[6,-19],[9,28],[4,-3],[-1,12],[4,8],[12,9],[2,-10],[7,0],[2,13],[2,-15],[4,1],[2,11],[1,-23],[9,-7],[2,-9],[12,-1]],[[248214,521152],[-4,-15],[0,-23],[-6,-3],[-5,-21],[-8,8],[-7,-5],[0,-11],[-8,-11],[-3,-27],[-12,3],[-7,-28],[2,-33],[-7,-30],[1,-14],[-17,-21],[-3,-12],[-5,-14],[-2,-46],[-6,-40],[-5,-12],[-9,3],[-4,-34],[-3,-5],[0,-21],[-5,-32],[-8,1]],[[248083,520709],[-3,-10],[-4,-23],[3,-17],[-1,-18],[-3,-3],[4,-11],[-3,-6],[3,-15],[-8,-22],[-8,6],[-4,-4],[-7,8],[-5,16],[-2,-12],[-4,9],[0,-10],[-4,3],[-11,-10],[0,-15],[-13,-17],[-3,-14],[-3,8],[-10,1],[-4,10],[-1,16],[-6,-5],[2,12],[-1,28],[-3,2],[0,-13],[-11,9],[-7,-27],[-4,0],[0,-16],[-4,-11],[-5,12],[-5,-36],[-4,-4],[-3,8],[-1,-10],[-7,7],[-4,-12],[-1,-12],[-4,-6],[1,-13],[-4,-8],[4,-5],[-5,-31],[-2,-28],[-3,-9],[1,-16],[-6,4],[1,-14],[-5,-24],[-5,-11],[-2,-13],[3,-7],[-1,-26],[3,-10],[3,6],[3,-13],[-3,-22],[-12,-31],[-1,-9],[2,-33],[4,-28],[5,1],[-3,-20],[2,-22],[-1,-10],[4,-12],[-3,-9],[2,-10],[1,-22],[-2,-24],[-4,-16],[1,-27],[-8,-17],[-77,-206],[17,-62],[2,-1],[-1,-4],[13,-38],[21,-60],[21,-55],[-4,-14],[5,-15],[40,-116],[-10,4],[-2,-2],[-35,-35],[-11,-96],[-3,-16],[-9,-31],[-5,-27],[-10,48],[-20,62],[-3,-4],[-19,125],[-23,31],[-14,-45],[-17,27],[-5,-6],[-2,-27],[2,-43],[0,-188],[-1,-20],[3,-12],[0,-24],[4,-22],[6,-5],[-2,-12],[8,-35],[3,-7],[-6,-30],[0,-29],[3,-29],[7,-16],[8,31],[7,21],[9,15],[3,0],[10,-24],[5,-27],[6,-22],[2,-23],[9,-9],[4,-15],[15,-18],[4,-37],[4,5],[5,18],[8,8],[11,20],[7,-12],[8,-6],[7,-13],[2,-5],[6,-35]],[[247910,518813],[2,-24],[3,-6],[-2,-35],[5,-26],[13,-20],[2,-10],[-1,-18],[-5,-15],[0,-23],[1,-67],[5,-3],[7,-29],[16,-15],[8,9],[7,-40],[-17,-59],[-19,50],[-15,-50],[-3,-10],[-15,-53],[-8,22],[-4,-7],[-21,64],[-6,-18],[-5,-5],[-9,29],[-7,-21],[-18,-11],[-7,-27],[-20,58],[-15,-55],[-10,27],[-11,-40],[-10,29],[-5,12],[-5,-11],[-7,-1],[-5,8],[-17,-64],[52,-155],[-26,-93],[-3,-6],[-35,-132],[-10,-34],[5,-13],[-16,-59],[-4,7],[-5,-16]],[[247670,517857],[-52,154],[-2,8],[9,36],[-19,55],[10,52],[-7,21],[-6,12],[-5,3],[-24,1],[-6,5],[-22,40],[-7,4],[-7,-10],[-2,8],[0,37],[16,47],[-5,21],[-14,97]],[[246409,522783],[111,127],[31,36],[68,79],[44,87]],[[246663,523112],[20,39],[25,51],[132,257],[29,56],[11,22]],[[247510,522750],[-9,-35],[1,-13],[-6,-11],[-4,-17],[2,-19],[-3,-14],[-11,-1],[-1,-20],[-5,-9],[-14,-12],[-6,-12],[-5,11],[-4,-4],[-2,-32],[14,-122],[-1,-7],[-72,-94],[-7,50],[-65,-79]],[[247312,522310],[-1,10],[1,75],[2,63],[-21,-23],[4,-36],[-18,-20],[5,-41],[-17,-25],[13,-121],[-19,-32],[-83,-101],[4,-19],[-3,-12],[8,-73],[-8,-10],[1,-13],[-9,-12],[6,-56],[-14,-17],[7,-76],[3,-24],[-4,-13],[-8,-11],[-4,22],[-8,-28],[-4,12],[-3,24],[-3,5],[5,26],[-2,12],[3,14],[-7,10],[-13,-72],[-11,26],[-8,-17],[-17,-8],[-3,24],[-8,3],[-3,-29],[5,-7],[-2,-70],[-27,-33],[-20,-26],[-18,-22],[11,-106],[-22,-18],[-11,-14],[2,-26],[-18,-23],[-9,-3],[-1,11],[-23,-35],[-1,11],[-14,-9],[5,-41],[6,-55],[6,-53],[-3,-12],[-6,31],[-14,23],[-5,-8],[-5,-5],[1,-13],[-7,-10],[0,-17],[-2,-10],[-5,3],[-6,-10],[-9,-2],[-2,-18],[-6,17],[-11,9],[-6,14],[-4,-10],[-5,25],[1,12],[-3,12],[-5,-9]],[[246842,521250],[-10,-15],[-1,-17],[-3,-3],[-19,22],[-7,-6],[-5,3],[-2,26],[-6,41],[-2,2],[-11,-10],[-17,-41],[-17,-7],[-2,12],[-17,0],[-9,-4],[-2,-10],[0,-27],[-6,-8],[-5,21],[-4,0],[-6,-5],[-12,-51],[-4,-27],[-67,168],[-40,100]],[[246568,521414],[-62,156],[-4,61],[26,28],[21,25],[7,-42],[31,34],[-5,46],[19,22],[-10,78],[-13,-15],[-3,37],[7,8],[-8,61],[39,47],[-12,108],[8,17],[-7,63],[4,12],[-1,47],[-23,-24],[-22,-14],[-8,5],[-11,26],[-6,0],[-9,-11],[-10,81],[-1,50],[-8,73],[-5,-12],[-9,-14],[-5,2],[-8,41],[-2,58],[-2,4],[-6,-1],[-13,-34],[-8,-9],[-6,3],[-14,24],[-2,16],[-8,28],[-7,17],[-28,-34]],[[242817,507713],[28,124],[131,592],[9,42],[4,12],[7,8],[4,-9],[4,7],[2,23],[3,3],[6,-10],[-2,-13],[1,-16],[4,4],[4,-7],[0,14],[20,198],[-2,34],[15,67],[21,-42],[2,31]],[[243078,508775],[4,24],[5,61],[2,36],[-4,22],[42,40],[-1,40],[9,-17],[2,6],[25,23],[5,10],[6,0],[28,27],[9,-13],[3,0],[30,28],[-7,83],[-12,-8],[-7,92],[15,15]],[[243232,509244],[1,1],[12,-121],[23,22],[4,0],[3,-44],[5,11],[7,-10],[-3,-5],[-8,-8],[17,-190],[37,103],[53,154],[0,6],[4,2],[3,-2],[0,0],[1,8],[0,6],[4,11]],[[243395,509188],[36,-30],[8,-31],[1,6],[10,-37],[7,-10],[5,63],[17,34],[7,-19],[22,-25],[13,6],[6,-23],[1,-43],[9,12],[9,17],[17,-15],[7,-43],[13,24],[3,-46],[-12,-29],[-3,-15],[6,-12],[4,-25],[6,-12],[52,69],[11,-71],[11,-60],[36,69],[5,13],[5,10],[6,12]],[[243713,508977],[5,8],[70,134]],[[243788,509119],[13,-79],[-12,-23],[-4,-38],[3,-21],[-6,-16],[18,-105],[0,-16],[13,-73],[7,13],[3,-21],[7,14],[8,52],[30,150],[27,-79],[-24,-44],[1,-19],[7,14],[49,74],[6,-14],[-1,-27],[3,-26],[13,0],[2,-24],[-3,-18],[-1,-25],[5,-25],[-1,-15],[3,-32],[5,-39],[7,6],[5,-10],[-3,-16],[2,-20],[2,-41],[-3,-26],[7,-39],[5,-10],[0,-23],[6,-61],[1,-23],[4,3],[8,-9],[1,-9],[-3,-18],[2,-30],[4,-10],[7,0],[9,-24],[3,-30],[-2,-18],[1,-19],[-5,-78],[1,-18],[6,-14],[-1,-12],[-6,-46],[-1,-52],[-2,-22],[-4,-14],[7,-59],[0,-9],[-3,-25],[5,-27],[9,-13],[6,-5],[12,21],[9,-3],[6,-8],[4,-62],[12,-26],[-2,-25],[2,-12],[10,-11],[6,-1],[3,-14],[0,-35],[1,-25],[9,-52],[-3,-43],[-9,-41]],[[244094,507499],[-4,9],[-20,-15],[-19,90],[-6,14],[-16,28],[-9,10],[-29,-10],[2,-19],[-4,-18],[-4,-32],[-6,-13],[-5,-23],[-6,-16],[-18,-31],[11,-59],[-22,-45],[-13,-28],[2,-14],[-5,-9],[-13,-95],[-12,69],[-5,-44],[4,-32],[4,-10],[-9,-19],[0,-11],[5,-31],[-30,55],[-12,-82],[-8,-18],[-36,-100],[-5,10]],[[243806,507010],[-45,84],[-2,-29],[-10,-35],[-5,21],[-6,-18],[-3,15],[-50,-136],[34,-145]],[[243719,506767],[-13,-39],[-73,-202],[-4,-12],[-18,-30],[-15,-23],[-27,-56],[63,-355],[-8,-14],[44,-244],[-37,-73],[18,-100],[5,-21],[16,-55],[-39,-76],[-19,75],[-22,122],[-62,-123],[-4,-32],[-117,641],[-140,-276],[-21,116],[-4,-10],[-3,-48],[-2,-8],[-46,256],[-13,-25],[-2,-8],[-1,-38],[-75,-202],[-14,-39],[43,-174],[-56,-153],[22,-88],[-8,-28],[72,-278],[-24,-146],[-20,20],[-113,68]],[[243002,505089],[5,153],[0,25],[4,38],[0,28],[-80,-3],[0,-153],[-36,1],[-26,-3],[-8,19],[-27,-1],[0,242],[0,10],[-1,222],[2,7],[34,142],[56,46],[35,80],[33,21],[-19,329],[1,7],[13,51],[0,7],[-14,57],[-50,200],[10,4],[0,26],[12,23],[-1,61],[-12,-7],[1,160],[6,-3],[0,65],[9,2],[-3,113],[-4,1],[0,19],[-3,24],[-11,0],[-1,100],[-12,6],[0,24],[-5,-2],[0,63],[-3,0],[0,90],[-28,-23],[-28,-15],[-16,16],[-4,-1],[1,25],[14,118],[8,100],[9,55],[-11,23],[-24,41],[-4,4],[-7,-13]],[[243809,504615],[3,-11],[15,-9],[10,-6],[38,-23],[42,-24],[5,8],[11,8],[25,6],[-1,99],[24,5],[1,-99],[46,11],[34,8],[68,16],[8,11],[19,-2],[4,2],[2,13],[1,62],[3,10],[2,0],[108,-13],[-3,13],[-111,389],[0,109],[3,-1],[24,15],[5,0],[4,-4],[4,-10],[9,29],[7,0],[3,-10],[7,-4],[11,12],[3,16],[0,23],[-2,23],[4,19],[7,6],[3,-12],[-1,-20],[2,-11],[5,4],[7,23],[7,10],[13,10],[8,32]],[[244296,505348],[7,26],[6,7],[6,-8],[6,-14],[4,16],[8,25],[10,19],[9,2],[12,-4],[15,-11],[10,8],[0,32],[-2,22],[6,6],[0,21],[4,11],[2,24],[-1,16],[-5,10],[-4,17],[0,32],[2,11],[4,-8],[3,-14],[10,6],[4,13],[1,14],[-3,14],[-6,-14],[-9,-2],[-5,9],[-1,43],[-1,20]],[[244388,505697],[-4,8],[1,15],[6,15],[3,32],[-5,29],[-7,21],[-6,4],[-4,-5],[-2,29],[-9,64],[6,20],[13,89],[4,17],[9,20],[4,20],[0,26],[-9,57],[43,79],[52,94],[0,9],[-7,41],[0,7],[25,49],[1,24],[-13,80]],[[244489,506541],[19,35],[7,17],[26,47],[4,3],[10,-7],[7,-11],[-3,18],[2,36],[11,57],[7,21],[4,22],[8,72],[7,3],[19,-3],[6,3],[20,-1],[8,90],[8,127],[10,167],[0,46],[10,0],[24,-87],[16,-59],[-22,-502],[-3,82],[-12,12],[-11,4],[-4,29],[-11,24],[1,-197],[8,-15],[44,-1]],[[244709,506573],[0,-93],[1,-12],[6,-1],[1,-46],[3,6],[10,-12],[6,-13],[9,-5],[1,-27],[3,-9],[4,6],[10,-11],[1,-16],[26,0],[-1,-29],[0,-130]],[[244789,506181],[-20,-49],[-10,-26],[46,-184]],[[244805,505922],[-52,1],[-66,-5],[-26,-1],[-6,-90],[0,-71],[-3,-16],[-5,-59],[-18,-288],[-10,-104],[70,-200],[4,-7],[-26,-102],[24,-72],[-22,-82],[1,-17],[9,-27],[-13,-46],[-6,-32]],[[244660,504704],[-8,36],[-1,17],[-3,19],[0,49],[1,18],[12,22],[1,22],[-2,8],[-8,1],[-5,13],[-6,23],[-10,14],[-8,29],[6,25],[8,8],[5,14],[-1,21],[-3,4],[-22,13],[-6,9],[-10,7],[-42,-139],[-99,-323],[-36,-125],[-1,-4],[2,-1],[2,-9],[1,-6],[5,-37],[-29,-96],[-9,16],[-23,-76],[-24,-71],[-32,52],[-6,3],[-9,-12],[-16,-45],[-26,-39],[34,-234],[6,9],[6,-43],[-85,-105],[-3,-4],[-16,-8],[-68,-83],[-5,46],[-29,-34],[-36,-50],[9,-77],[43,-383],[-118,-142],[-3,-9],[-27,-30],[-2,-32],[-52,3],[0,-37],[-50,2],[-1,26],[-25,1],[-26,103],[-4,1],[-7,-13],[-3,-15],[-8,2],[-5,12],[-7,-16],[-4,-5],[-8,-16],[-4,-2],[-5,32],[6,0],[4,15],[-11,15],[-2,18],[-33,-1],[0,-460],[-35,-2],[-4,-6],[-6,-41],[-3,-5],[-36,0],[-4,15],[-1,50],[-3,25],[-9,15],[-12,1],[-3,5],[-2,14],[0,233],[-15,3],[-48,-1]],[[243538,502956],[0,145],[-2,14],[-20,80],[48,142],[1,-164],[47,126],[5,12],[0,118],[-51,0],[0,164],[3,7],[28,-1],[-40,162],[30,83],[-47,180],[-21,-59],[-4,18],[-28,-76]],[[243487,503907],[-17,66],[21,27],[3,8],[33,63],[2,2],[18,49],[11,-48],[45,-184],[9,-36],[17,46],[10,-2],[9,25],[0,13],[-8,33],[1,24],[1,15],[93,259],[-15,68],[50,156],[2,9],[37,115]],[[243360,502353],[3,2],[25,-1],[3,4],[1,28],[1,138],[84,-3],[1,88],[7,-10],[8,-6],[18,31],[6,13],[11,-3],[8,7],[3,9],[24,0],[-4,77],[6,4],[-3,10],[-2,38],[-10,48],[-10,13],[-2,38],[0,78]],[[244660,504704],[5,-22],[3,-4],[12,13],[6,21],[6,7],[6,-17],[4,-20],[1,-18],[2,-8],[10,1],[3,-8],[1,-9],[-4,-27],[-10,-22],[-4,-29],[3,-20],[4,6],[4,-4],[7,19],[7,38],[7,22],[9,10],[12,-3],[6,-29],[1,-9],[0,-38],[-6,4],[-3,-15],[6,-39],[-5,-64],[3,-14],[8,-3],[4,-8],[8,-30],[2,-39],[3,-22],[-1,-13],[-6,1],[-2,-13],[-9,-5],[2,-34],[2,-10],[5,-3],[7,10],[-1,25],[14,13],[11,-4],[4,8],[-3,31],[5,-1],[8,8],[3,-3],[4,-21],[-6,-24],[-5,-16],[2,-15],[-17,-43],[-86,-132],[-6,18],[-25,-45],[-4,14],[-7,-16],[-8,19],[-10,0],[-11,-32],[-12,-6],[-3,41],[-7,-4],[-9,19],[-7,-9],[-15,-1],[-2,-24],[51,-72],[56,-23],[78,-36],[34,-158],[8,-27],[2,-9],[1,-7],[-6,-24],[21,-68],[-1,-19],[12,-41],[-20,-82],[5,-10],[15,-40],[2,-9],[-3,-14],[21,-56],[13,44],[29,-84],[-33,-134],[3,-15],[-10,-40],[12,-22],[47,-108],[7,-14],[22,-36],[-11,-44],[14,-38]],[[244687,502150],[-6,21],[-10,10],[-3,4],[-1,21],[-7,13],[-3,22],[-6,-3],[-6,16],[-5,-12],[-5,-29],[-86,-33],[12,-47],[1,-13],[1,-15],[0,-177],[0,-18],[1,-17],[-2,5],[0,-15],[-11,-17],[-12,-14],[-88,-108],[-7,9],[-47,-57],[9,-85],[-3,-3],[13,-122],[-46,-57],[-5,27],[-23,-29],[-10,85],[-19,-23],[-4,-6],[-27,-33],[19,-170],[-24,-31],[17,-156],[31,-280],[-2,0],[-19,-24],[-2,-24],[-5,-7]],[[244283,500719],[-17,-27],[-11,-7],[-12,-4],[-4,8],[-5,51],[-19,-22],[-5,2],[-7,57],[-18,-20],[-20,175],[-63,-77],[-37,327],[5,8],[-16,87],[-4,11],[-7,5],[-31,0],[-8,3],[-1,-122],[15,21],[6,-61],[-4,-6],[18,-171],[-2,-2],[18,-158],[-52,-63],[0,54],[-38,2],[-38,3]],[[243434,502181],[-99,3],[0,59],[3,21],[22,89]],[[243984,501969],[8,0],[0,-169],[0,-170],[43,1],[8,1],[0,174],[0,164],[51,1],[0,76],[-2,-4],[-15,7],[-13,-8],[-2,11],[-5,-1],[-5,-26],[-4,11],[-5,29],[-9,6],[-2,8],[-7,0],[-1,10],[-7,-10],[0,17],[-6,-2],[-5,22],[-16,0],[-3,-110],[-3,-38]],[[243848,513261],[0,-13],[2,-10],[14,2],[14,9],[4,5],[12,27],[8,9],[7,-3],[5,-10],[1,-17],[0,-6],[-2,-55],[2,-71],[-1,-17],[-8,-55],[-4,-16],[-7,-12],[-2,-10],[33,1],[0,-29],[0,-40],[-19,-1],[-2,-2],[-3,-3],[-5,-12],[6,-84],[0,-14],[-8,-29],[-4,8],[7,18],[1,7],[0,18],[-3,23],[-8,30],[0,-2],[-1,-1],[9,-32],[1,-40],[-10,-26],[-12,4],[-4,-8],[-5,-17],[-6,-3],[-1,6],[-10,40],[-4,9],[2,31],[-15,29],[-51,-14]],[[243781,512885],[48,166],[8,25],[1,6],[3,7],[1,18],[-4,15],[4,12],[-7,27],[19,61],[-1,14],[-3,-1],[-1,4],[-2,23],[1,-1]],[[243945,515460],[-14,-41],[-7,-31],[2,-55],[-1,-21],[-32,27],[-31,-109],[-3,-16],[-39,-137],[-6,-16],[-22,-38],[-8,-19],[-14,-46],[-13,-41],[-7,-43],[-2,-3],[-1,-10],[-9,-44],[-7,-46],[-4,-25],[-3,-26],[-13,-52],[-1,1],[-19,51],[-2,10],[-12,-30],[-9,-8],[-1,0],[-10,-10],[-2,-4],[-6,-21],[-9,-97],[-1,-5],[-6,-21],[-7,3],[-43,-24],[-5,-5],[-15,-19],[-10,-19],[-30,-74],[-1,-2],[-4,-15],[-4,-25],[-7,-35],[-6,-15],[-4,-21],[-1,-18],[2,-32],[18,-105],[0,-2],[3,-22],[0,-58],[1,-101],[-1,-49],[1,-7],[18,-86],[-3,-17],[-15,-23],[5,-38],[5,-35]],[[243530,513690],[-53,-83],[-15,-23],[1,-4],[9,-48],[-20,-38],[5,-26],[-16,-28],[-1,9],[-8,-15],[-1,-1],[-18,-32],[-6,-12],[-3,18],[-9,-17],[-3,26],[-9,-15],[6,-45],[-2,-5],[0,-1]],[[243387,513350],[-14,95],[0,1],[-5,91],[-24,-55],[0,-21],[2,-53],[-14,-19],[-2,36],[-6,21],[-22,-47],[-11,-16],[-33,-68],[-13,-21],[-30,-68],[-6,-10]],[[243209,513216],[-5,-3],[-1,12],[5,26],[-1,23],[-15,91],[21,47],[-4,-5],[-14,4],[-6,-6],[-3,-6]],[[243186,513399],[-5,30],[-1,9],[10,23],[20,56],[-4,18],[-1,4],[-4,65],[-7,1],[-12,-4],[-5,16],[-11,3],[-14,25],[0,17],[-18,79],[-20,-50],[-46,-86],[-5,-54],[-4,5],[1,21],[6,26],[-2,22],[-2,-1],[-2,21],[1,5],[9,35],[19,82],[-14,49],[-15,14],[-7,20],[9,21],[-5,21],[-22,-59],[-5,24],[-4,41],[7,67],[15,77],[49,142],[4,-27],[-5,-14],[-14,-26],[0,-18],[3,-31],[8,-18],[10,-8],[6,6],[3,-10],[9,-10],[4,-12],[3,-22],[-4,-36],[7,29],[8,50],[-5,27],[-2,-4],[-12,12],[-18,86],[-3,26],[5,14],[-9,41],[1,12],[-6,77],[0,16],[-14,4],[-8,19],[-6,24],[-4,9],[-5,2],[-14,-14]],[[243039,514388],[0,6],[0,25],[1,40],[11,141],[5,51],[2,43],[1,62],[-1,31],[-5,85],[2,47],[2,14],[8,13],[4,15],[6,43],[2,43],[-8,0],[-8,8],[-21,34],[-19,23],[-14,39],[-26,42],[-4,11],[-3,18],[-2,54],[-2,17],[-3,15],[-30,71],[-6,11],[-14,16]],[[244429,509198],[3,-21],[14,-27],[2,-8],[4,-29],[4,-11],[34,-61],[4,-15]],[[244494,509026],[6,-63],[-7,-6],[0,-11],[-12,-8],[-17,49],[-26,50],[-19,10],[-9,-7],[-22,12],[-5,32],[-11,125],[10,22],[41,-70],[6,37]],[[243119,512307],[11,22],[6,-33],[-7,-19],[-9,5],[-1,25]],[[242119,515009],[6,-1],[3,16],[5,46],[64,-4],[1,123],[10,17],[92,218],[0,10]],[[243039,514388],[0,-7],[-24,-9],[-7,3],[-5,15],[-3,16],[-1,28],[-2,18],[-10,25],[-22,38],[-4,1],[-13,-13],[-10,-3],[-12,6],[0,-5]],[[242926,514501],[-6,5],[-6,19],[-7,40],[0,25],[-10,-3],[-3,-14],[-1,-5],[-7,-40],[-16,-55],[-17,-42],[-16,-8],[-2,31],[2,23],[5,16],[1,37],[-2,16],[-10,24],[-23,30],[-8,-14],[-4,0],[-8,29],[-9,0],[-17,19],[-1,14],[5,34],[-2,15],[-11,39],[-1,14],[-4,11],[-13,-6],[-13,-18],[-10,-2],[-3,-9],[-13,-29],[-4,-36],[0,-18],[4,-59],[8,-6],[3,-19],[-1,-13],[-4,-12],[-8,-8],[-15,-21],[-11,-36],[-1,-8],[9,-52],[1,-13],[-4,-12],[-9,-11],[-11,4],[-12,-5],[-8,10],[-9,34]],[[242624,514416],[0,3],[-3,33],[0,43],[6,50],[0,21],[-3,28],[-7,14],[-6,-1],[-10,-16],[-4,-14],[0,-5],[-16,-14],[-6,3],[-1,8],[-7,11],[-9,54],[-3,5],[-8,-8],[-9,-18],[-8,-22],[-9,-11],[-9,19],[-17,9],[-8,0],[-6,-6],[-8,7],[-1,11],[-1,2],[-12,17],[-17,-2],[-6,5],[-16,29],[-15,19]],[[242405,514690],[-6,2],[-15,23],[-7,2],[-8,-21],[2,-33],[-2,-3],[-5,9],[-2,30],[-18,36],[1,44],[-1,21],[-3,8],[-5,-2],[-7,-11],[-15,2],[-11,18],[-2,9],[3,34],[-3,32],[-8,8],[-8,-6],[-6,-18],[-1,-18],[1,-22],[-9,-34],[-4,-10],[-10,0],[-2,8],[-8,6],[-4,-9],[-5,-42],[-4,1],[-7,16],[-7,8],[-3,-5],[-3,-34],[-9,-19],[1,-22],[-8,-9],[-4,-20],[-6,4],[-6,12],[-3,46],[-3,14],[-9,-5],[-5,-18],[-12,20],[-11,31],[-9,-6],[-4,-26],[11,-28],[4,-21],[-2,-21],[-9,-16],[-9,2],[-4,5],[-12,-5]],[[242104,514657],[0,257],[6,29],[1,1],[7,36],[1,29]],[[247626,530584],[118,213],[3,3],[30,52],[-4,5],[-2,40],[0,26],[-1,22],[-6,24],[-1,10],[6,28],[3,27],[-1,16],[111,206],[17,36],[-27,142]],[[248399,530226],[-8,8],[-8,-33],[-1,-11],[-7,-31],[-1,-22],[-3,-2],[-4,10],[-4,-11],[-4,6],[-8,-13],[-2,-13],[-6,-1],[-6,10],[-5,-12],[-6,-5],[0,-18],[-4,1],[-4,17],[-6,-2],[-2,-13],[-5,13],[-6,-1],[-4,-26],[-11,-5],[-1,9],[-9,-4],[-4,4],[-4,-8],[-5,-7],[-11,-21],[-6,-31],[-8,-7],[-9,-32],[-6,8],[-7,-5],[-22,-43],[-17,-44],[-8,48],[-31,169],[18,41],[-6,32],[33,54],[11,14],[-10,43],[-15,49],[-4,23],[-5,3],[-6,22],[-9,-23],[-14,-16],[-11,-19],[-29,-57],[-10,52],[-13,-2],[-10,49],[-17,90],[-4,54],[-7,37],[-31,-60],[-10,55],[0,26],[-3,-55],[0,-57],[-115,-222],[-16,87],[-5,51],[-112,-210],[-8,9],[0,-30],[6,-19],[11,-4],[13,-19],[6,-18],[2,-49],[-3,-56],[4,-53],[3,-10],[5,-3],[25,14],[13,13],[10,-9],[3,-11],[5,-36],[-6,-12],[-2,-10]],[[244947,537120],[2,18],[-5,9],[-5,20],[-7,8],[1,31],[-10,41],[-21,54],[-5,9],[-9,-10],[-2,0],[-6,17],[-12,65],[3,13],[14,28],[7,23],[-10,54],[-6,-11],[-49,-93],[-54,-102],[-49,-93]],[[245304,535793],[-19,-36],[-8,36],[-21,-41],[-9,15],[-36,4],[-6,-4],[-9,-19],[-2,11],[-10,-23],[-3,14],[-10,-19],[-18,101],[-20,-35],[-5,6],[-5,23],[-1,12],[-4,9],[-13,0],[-5,-57],[-1,-22],[-19,-29],[-4,2],[-52,-100],[-9,51],[2,15],[-19,104],[8,21],[1,8],[-8,46],[5,16],[13,91],[-2,148],[30,109],[1,46],[0,25],[-6,23],[0,26],[7,51],[0,18],[-11,63],[0,39],[6,14],[1,13],[-3,6],[-7,38],[-2,7],[-18,11],[-7,20],[-6,8],[-38,-3],[-36,19],[-25,12],[-9,13],[-22,8],[-2,3],[-9,48],[13,28],[3,19],[-1,45],[14,58],[6,48],[4,-14],[12,-17],[22,4],[10,-11],[6,25],[-1,12],[8,14],[7,-4],[5,-10],[8,-31],[-6,49],[-5,-7],[-4,11],[-14,72],[2,38],[-1,33]],[[246261,526885],[11,16],[-5,50],[0,11],[4,41],[-4,24],[6,77],[6,53],[4,40]],[[246283,527197],[3,-8],[1,15],[8,8],[3,12],[14,-5],[-9,-16],[3,-23],[4,-3],[24,217],[0,24],[-5,17],[-30,33],[-5,17],[-1,13],[1,14],[32,301],[5,18]],[[246331,527831],[2,-14],[-3,-70],[1,-11],[4,-2],[5,11],[2,-7],[-2,-30],[2,-19],[1,-44],[7,-36],[9,10],[2,-28],[12,30],[-4,12],[4,20],[5,3],[2,-9],[17,-34],[-5,-19],[3,-8],[11,14],[5,14],[2,36],[6,11],[-6,15],[0,13],[3,14],[7,-12],[3,-30],[20,193],[16,150],[3,7],[26,250],[16,-17],[-32,175],[3,5],[37,-82],[5,-2],[-1,-12],[18,-50],[102,-295],[3,34],[22,-57],[6,-10],[21,-23],[3,33],[11,-3],[12,138],[11,-10],[2,27],[4,14],[-3,38],[-3,10],[-10,12],[-2,-7],[-8,11],[-5,16],[3,24],[32,-33],[0,12],[13,124],[-2,21],[-5,20],[-2,28],[24,243],[-61,182],[-7,15],[31,58]],[[246729,528900],[139,264],[3,-23],[6,-1],[22,-28],[6,-15],[1,-17],[4,-19],[-3,-8],[6,-25],[3,-3],[-2,-12],[4,-1],[0,-13],[6,-40],[4,3],[7,-20],[5,-23],[4,-14],[-2,-11],[11,-3],[9,-20],[-2,-27],[5,-16],[3,4],[6,-24],[5,0],[1,-12],[5,-6],[1,-14],[4,0],[13,-63],[2,-22],[12,-12],[4,-13],[2,-3],[8,-51],[0,-18],[6,-40]],[[246561,526330],[-44,47],[12,104],[1,32],[-42,56],[19,235],[-32,30],[-33,42],[-13,14],[-14,-131],[-42,36],[-15,-125],[-39,52],[-6,-63],[-21,24],[6,51]],[[246298,526734],[5,48],[-14,20],[4,30],[-23,40],[-4,-29],[-5,42]],[[243730,535649],[2,-5],[5,-36],[1,-35],[10,-19],[0,-61],[4,-5],[11,-48],[1,-15],[-5,-14],[0,-17],[5,-16],[4,-16],[9,-14],[7,-15],[4,6],[4,-5],[4,-17],[-2,-25],[4,-9],[-1,-39],[1,-20],[-4,-4],[3,-21],[8,-5],[6,4],[4,-25],[5,-2],[9,14],[5,-30],[6,-14],[5,-4],[2,-11],[0,-21],[6,-37],[4,1],[3,-18],[3,-7],[8,5],[9,-17],[5,2],[5,-13],[3,-21],[18,-13],[4,-9],[8,0],[1,-32],[6,-20],[6,-4],[8,10],[5,10],[7,7],[12,0],[-3,-23],[2,-19],[4,-16],[12,-36],[5,19],[12,7],[4,6],[0,-26],[4,-22],[-28,-1],[-12,3],[-2,-23],[-19,-22],[-51,57],[-17,-162],[-9,20],[-8,-73],[-2,-61],[19,-14],[7,9],[14,-19],[14,0],[-10,-89],[23,-44],[-1,-16],[18,-21],[-6,-48],[-53,85],[-21,-185],[11,-18],[-4,-23],[22,-35]],[[243893,534159],[-2,-18],[-13,14],[-3,-30],[-18,12],[-4,-6],[-4,-36],[-4,-8],[-22,21],[-17,-19],[-27,-19],[-21,19],[-5,-37],[-4,0],[-6,4],[-6,47],[-18,16],[-41,25],[-5,8],[-6,20],[-3,-25],[-26,27],[-8,20],[-5,3],[-11,-12],[-5,31],[-9,20],[-11,-4],[-7,-9],[-17,0],[-10,26],[-1,5],[-2,81],[5,28],[1,19],[-4,13],[2,15],[-2,17],[4,56],[-4,3],[-7,38],[-7,28],[-3,36],[1,16],[-3,12],[-4,34],[-23,25],[-2,28],[-9,-16],[-7,-18],[-12,2],[-4,-24],[-4,-35],[67,-357]],[[243041,535237],[-28,246],[31,39],[-8,70],[-21,-12],[22,62],[-6,69],[58,110],[8,81],[26,-22],[-6,-55],[15,-17],[31,-27],[-3,-25],[68,-62],[0,-29],[30,-32],[0,-21],[-4,-45],[10,-10],[8,23],[3,31],[10,-7],[3,36],[-1,17],[1,30],[6,28],[34,-34],[10,100],[8,54],[21,91],[7,49],[2,31],[-13,13],[1,14],[-2,12],[-9,12],[-5,-4],[-17,17],[9,3],[1,4],[7,30],[17,19],[4,16],[9,-6],[3,15],[10,10],[9,-5],[9,2],[5,-7],[1,-10],[5,-1],[6,8],[10,-5],[8,11],[9,-3],[12,8],[3,-9],[8,-38],[6,-4],[5,11],[5,50],[13,-7],[8,-12],[-2,-70],[35,-34],[10,94],[-15,16],[2,19],[3,6],[1,27],[3,3],[11,-18],[5,5],[5,-2],[4,18],[4,-4],[8,-39],[7,17],[9,3],[3,-11],[5,5],[9,-20],[-1,-42],[-2,-15],[5,-16],[-5,-24],[-1,-17],[4,-12],[8,-4],[1,-17],[3,-7],[3,7],[11,-7],[6,-28],[-4,-9],[0,-23],[2,-18],[-6,4],[0,14],[-14,-12],[-3,-7],[24,-22],[-13,-130],[5,-7],[-5,-34],[42,-43],[-2,-23],[27,-28],[3,28],[22,-24]],[[245562,527954],[7,79],[4,72],[9,-9],[6,62],[34,-34],[-1,-11],[12,-12],[11,113],[2,22],[1,-2],[41,-43],[8,82],[-4,8],[11,105],[17,167]],[[245854,529143],[5,-40],[6,-31],[9,-2],[7,4],[4,-30],[0,-17],[5,-28],[4,-38],[2,-34],[5,-8],[8,-40],[7,-59],[3,-5],[3,-22],[11,-29],[8,-16],[4,3],[7,45],[3,26],[4,5],[5,16],[23,21],[11,7],[5,12],[1,16],[7,-11],[7,39],[6,43],[9,-12],[3,-9],[5,-36],[9,-19],[-1,-21],[-3,-13],[11,-26],[6,-1],[1,11],[-2,16],[-3,13],[2,10],[5,-4],[4,-22],[3,-3]],[[246073,528854],[6,-14],[-5,-12],[0,-8],[5,-14],[9,-19],[8,-2],[8,10],[4,-2],[8,-26],[3,-39]],[[246119,528728],[-10,-34],[-3,-6],[-18,-1],[-10,-16],[-3,-12],[2,-13],[5,-3],[7,15],[7,-16],[5,-28],[-13,-21],[-3,-9],[-1,-21],[8,-2],[8,-18],[5,4],[3,-15],[-8,-19],[-3,4],[-1,12],[-5,0],[-4,-17],[4,-14],[2,-21],[4,1],[5,15],[6,1],[4,-21],[-1,-12],[-6,0],[-3,-11],[3,-7],[22,-13],[2,-7],[-7,-20],[-6,3],[-5,-21],[0,-24],[-4,-12],[-8,11],[-8,-14],[0,-19],[5,-5],[2,-19],[10,-14],[-8,-31],[5,-21],[1,-15],[-5,-11],[7,-37],[-1,-25],[4,-3],[8,-15],[4,-23],[6,16],[3,-15],[4,-2],[4,9],[5,-11],[-1,-21],[6,-4],[5,18],[10,-26],[-2,-12],[-7,-3],[-5,9],[-10,-2],[-4,-15],[4,-19],[1,-49],[8,-18],[4,1],[7,13],[11,-5],[11,12],[4,-27],[-5,-21],[4,-9],[11,9],[7,-13],[6,-32],[9,-20],[1,-6],[-3,-27],[0,-9],[8,-6],[3,-20],[5,4],[1,-28],[7,-9],[2,1],[2,33],[-3,27],[15,20],[2,26],[0,18],[4,32],[4,10],[4,-30],[4,-11],[4,1],[1,15],[3,27],[4,-4],[3,-54],[9,-7],[4,18],[15,-1],[10,-35],[3,-25]],[[246283,527197],[-2,-7],[-7,11],[-8,-8],[-9,1],[-9,-7],[-10,1],[-5,11],[-7,-1],[-2,9],[2,9],[-6,19],[-4,-8],[-6,7],[-1,-10],[-5,-1],[-1,-10]],[[246203,527213],[-7,15],[-1,13],[-19,35],[-11,-1],[-2,-9],[-7,2],[-6,-10],[1,-11],[-9,-4],[-8,19],[-4,-7],[7,68],[-27,31],[-1,-8],[-12,13],[5,53],[-9,-14],[-3,23],[-6,-8],[-6,39],[-8,-1],[-15,5],[-17,-166],[-13,-9],[4,-16],[-3,-17],[-8,16],[-9,-5],[-7,-18],[5,-4],[-1,-12],[-9,-14],[1,-8],[-8,-8],[-1,16],[-7,16],[-4,-17],[-8,-15],[4,-16],[-1,-15],[-5,-7],[0,-22],[-4,-18],[-4,11],[-8,-14],[3,-9],[2,-32],[-1,-19],[-6,22],[-5,-15],[0,-29],[-32,31],[4,47],[-1,-1],[-28,29],[-1,3],[7,76],[6,58],[-26,28],[13,132],[-17,7],[-32,35],[2,22],[3,26],[-30,31],[-4,-40],[-4,-1],[-24,29],[1,13],[-23,23],[-5,-53],[-44,47],[-2,-16],[-30,31],[-3,-8],[-31,32],[4,52],[-9,12],[15,131],[-13,13],[4,43],[-10,34],[-19,17],[-4,-47],[-44,38],[-6,48]],[[243770,531997],[13,-110],[47,-17],[20,21],[4,-22],[49,48],[23,-163],[5,17],[52,61],[116,-635],[9,-48],[22,-23],[3,-11],[0,-18],[9,-10],[1,-7],[-5,-62],[15,-17],[-1,-31],[6,-6],[28,73],[-21,-60],[-2,-6],[-4,-16],[-4,-56],[-1,-25],[0,-65],[-1,-25],[-3,-14],[-6,-16],[-13,-18],[-8,-23],[-18,-73],[-15,-57],[-20,-54],[-36,-143],[2,-7],[-7,-46],[1,-11],[8,-9],[-3,-13],[-3,-19],[12,-2],[3,0],[7,5],[-1,-35],[1,-50],[2,-3],[-1,31],[10,2],[0,-14],[25,-29],[3,-12],[-2,-21],[6,-4],[26,-18],[17,-31],[6,-1],[-3,20],[-2,24],[-9,4],[-2,0],[-1,1],[-1,5],[0,8],[2,6],[1,2],[1,8],[-9,-7],[-10,92],[3,5],[3,-1],[1,32],[9,18],[9,-1],[1,6],[25,27],[1,-9],[16,19],[6,-62],[-6,-5],[9,-88],[5,3],[7,20],[-1,10],[24,28],[0,11],[8,0],[0,12],[11,-7],[13,15],[5,14],[26,-144],[29,57],[-8,27],[-3,47],[-5,39],[4,38],[-2,7],[4,14],[4,-3],[3,31],[-9,10],[-4,5],[3,25],[1,14],[12,16],[15,40],[17,16],[23,-24],[-15,-141],[15,-17],[4,-6],[-3,-29]],[[244373,530331],[-6,-62],[-5,3],[3,-62],[8,-73],[8,-29],[6,-34],[5,5],[2,-20],[-5,-4],[5,-20],[7,-22],[13,-4],[-5,-32],[-4,25],[-16,-52],[2,-16],[-30,-33],[4,-55],[-13,-13],[-3,-56],[-2,-11],[2,-29],[-8,-32],[-2,-20],[-3,16],[-7,-16],[0,-10],[3,-12],[8,-16],[-15,-18],[-10,62],[-20,-34],[10,-49],[-3,-25],[1,-17],[5,-9],[2,-19],[-6,-73],[-2,-14],[-9,3],[-11,80],[-7,33],[-5,-3],[17,-124],[-7,-16],[-1,16],[-3,-18],[-6,-25],[3,-17],[-1,-26],[8,-55],[8,-32],[12,-23],[-1,-21],[2,-14],[-1,-66],[2,-25],[-3,-18],[-3,-6],[4,-16],[-1,-18],[-27,-31]],[[244272,529029],[-18,69],[-10,62],[-8,37],[-4,1],[-5,-12],[-6,38],[0,43],[0,6],[3,3],[4,-1],[2,4],[-3,16],[-7,4],[-16,28],[-6,-19],[-13,-3],[-19,11],[-3,7],[-7,-19],[0,-39],[3,-14],[-10,-9],[-6,-21],[-17,-11],[4,-48],[-3,-21],[-9,-6],[-5,13],[-10,-24],[-5,19],[-1,-62],[3,-11],[10,-13],[4,-14],[-3,-25],[6,-33],[2,-30],[6,-29],[-1,-7],[-8,18],[-14,10],[-13,0],[-11,-4],[-14,14],[-6,27],[-5,13],[-11,-8],[-12,-4],[-3,7],[-15,0],[-4,5],[-11,-7],[-9,-10]],[[245580,525004],[16,-1],[2,3],[3,9],[14,-5],[8,15],[10,7]],[[245633,525032],[5,10],[2,8],[2,14],[1,6],[2,3],[11,-9],[4,-11],[6,-3],[3,5],[7,28],[8,8],[5,22],[-3,18],[-4,0],[1,21],[5,13],[9,-2],[9,-6],[1,12],[6,25],[7,2],[8,9],[2,9],[9,-9],[7,7],[10,-4],[8,20],[0,14],[-4,28],[6,3],[5,13],[7,-7],[-1,-31],[3,-10],[3,10],[9,6],[7,-12],[-3,-31],[7,0],[8,39],[-1,38],[3,14],[5,4],[9,-4],[8,-10],[8,15],[-1,18],[3,10],[-2,15],[-5,12],[1,19],[9,0],[10,7],[5,8],[0,12],[-8,11],[-6,17],[0,19],[13,-14],[8,-2],[12,-2],[16,4],[5,7],[6,30],[7,23],[8,0],[7,7],[5,21],[4,30],[11,35],[5,12],[2,22],[8,37],[5,29],[7,20],[14,4],[19,41],[8,46],[13,9],[12,52],[5,9],[25,2],[27,-36],[14,-3],[15,12],[6,24],[6,-18],[5,-5],[3,-23],[9,-22],[7,3],[0,21],[5,14],[-1,33],[7,21],[3,-10],[3,-63],[10,-11],[1,-14],[7,13],[6,2],[13,22],[2,-8],[4,-39],[6,-3],[11,28],[7,-3],[1,-29],[3,-4],[4,20],[4,4],[3,-15],[9,6],[5,31],[4,12],[3,21],[8,0],[-2,-43],[-5,-8],[-2,-13],[3,-25],[6,0],[7,16],[6,-22],[11,17]],[[246318,525780],[28,-258],[-7,-2],[-10,-11],[-7,1],[-9,12],[-5,-1],[-26,-31],[-5,0],[-25,28],[-14,-137],[27,-34],[-6,-57],[0,-15],[7,-64],[4,1],[11,-96]],[[246281,525116],[-2,-7],[-9,-1],[-11,-16],[-2,4],[-7,-11],[0,-12],[-6,-6],[-7,15],[-5,0],[-11,-9],[-6,9],[-4,-15],[-17,-6],[-4,-45],[-3,-62],[1,-16],[3,-20],[24,-224],[-108,-118],[5,-41],[29,21],[13,17],[7,-73],[19,13],[13,-72],[3,3],[7,-69],[12,-97],[-1,-4],[-58,-72],[0,-5],[17,-33],[2,-18],[-20,-22],[18,-152]],[[246173,523972],[-11,-12],[-2,-12],[-9,-7],[-5,-14],[-8,-11],[-10,-19],[-8,9],[-13,5],[-9,-7],[-2,-9],[-8,-11],[-4,-17],[-7,-3],[-2,-6],[-11,-59],[3,-13],[-8,-10],[-8,-25],[-2,9],[-6,-6],[-1,3],[-4,31],[0,5],[-3,27],[-2,6],[-10,-12],[-1,-13],[-20,-23],[1,-6],[-23,-29],[-11,-20],[0,-3],[12,-105],[-37,-44],[-4,-64],[-3,-96],[-8,-33],[-11,-199],[-1,-9],[-6,16],[-15,14],[-14,-4],[-4,7],[1,-10],[-10,-20],[-4,10],[1,-19],[-4,-10],[-5,0],[-3,-3],[-2,-2],[-9,6],[-23,3],[-25,-15],[-8,4],[-4,15],[-6,-15],[-4,16],[-6,-4],[-1,17],[-9,-11],[-7,6],[2,15],[-4,5],[-8,4],[-8,-15],[-5,-6],[-4,6],[2,-29],[-3,-9],[-6,6],[-3,18],[-2,-8],[-8,5],[-4,21],[-4,-4],[-4,14],[-5,-15],[-4,4],[0,20],[-4,6],[-2,-18],[6,-18],[-4,-15],[-8,-8],[-6,-14],[-2,5],[2,25],[-4,7],[0,-17],[-7,-4],[6,32],[-6,3],[-1,-16],[-4,-3],[-4,22],[-5,14],[-7,-5],[-3,-14],[-5,-2],[-4,12],[-1,-28],[-7,11],[-20,-11],[-7,42],[-1,2],[-1,-26],[-16,10],[-3,-64],[-10,8]],[[245466,523227],[3,65],[9,-1],[9,173],[-4,-2],[5,106],[-4,15],[-9,5],[3,56],[4,-16],[2,-31],[3,-8],[12,-34],[12,-26],[15,-9],[5,-6],[17,-37],[9,-13],[12,-14],[14,279],[0,9],[11,217],[0,7],[7,141],[0,16],[1,16],[1,12],[0,1],[-1,5],[-2,-1],[-1,-1],[0,0],[-4,-3],[-25,-16],[-6,-3],[-3,49],[33,11],[-8,67],[-14,-18],[-9,-5],[-14,118],[-7,-6],[-2,52],[-5,70],[-36,-40],[-9,83],[24,31],[-2,14],[20,25],[-7,55],[15,19],[-2,15],[-20,-21],[15,18],[5,7],[0,0],[-5,49],[3,4],[4,5],[6,11],[32,40],[11,6],[9,-2],[7,-4],[-25,222]],[[244841,534960],[8,-17]],[[244849,534943],[7,-15],[2,-8]],[[244858,534920],[-4,-45],[-8,7],[-3,1]],[[244843,534883],[-7,1]],[[244836,534884],[0,15],[5,61]],[[241754,534342],[-5,11],[-13,13],[-12,8],[-13,3],[-14,-26],[2,-18],[8,-27],[7,-43],[2,-40],[-6,-40],[-1,-28],[-4,-44],[-7,-29],[-9,-14],[-7,2],[-11,-5],[-7,-14],[-7,-23],[-1,-17],[2,-36],[4,-25],[7,-55],[1,-17],[-5,-28],[-12,-35],[-9,-50],[-8,-31],[-4,0],[-12,9],[-9,46],[-4,10],[-4,-6],[-11,-35],[-7,4],[-2,18],[8,53],[4,45],[-1,49],[5,46],[-1,84],[5,46],[0,47],[-3,18],[-6,13],[-4,5],[-5,-6],[-11,-29],[-16,-36],[-5,-5],[-7,5],[-9,16],[-12,13],[-4,2],[-6,-7],[-2,-14],[-9,-21],[-12,-17],[-14,-9],[-3,3],[-8,23],[2,22],[5,39],[1,17],[-2,31],[-3,9],[-9,-7],[-15,-29],[-10,-28],[-9,-15],[-7,-3],[-7,4],[-10,2],[-27,-1]],[[241376,534145],[0,-12],[-6,-23],[0,-20],[-3,-15],[-3,-13],[10,-42],[10,-9],[11,-29],[45,-177],[8,5],[4,24],[11,29],[6,10],[10,-4],[6,4],[7,-28],[11,34],[2,33],[18,16],[4,13],[12,-20],[7,7],[8,20],[6,5],[3,-10],[3,-33],[-2,-24],[3,-2],[5,-31],[-5,-8],[-5,-45],[5,-9],[0,-79],[-3,-33],[10,-17],[6,0],[2,-31],[-5,-19],[-4,-41],[4,-11],[-13,-28],[0,-46],[-11,-33],[-10,-43],[-8,-59],[-9,-24],[-11,-12],[-5,-13],[-19,85],[-6,13],[-22,18],[-7,15],[-7,44],[-38,5],[2,-33],[-1,-35],[-10,-28],[-8,-2],[0,-8],[-8,0],[-2,16],[-4,0],[-2,23],[-6,24],[-3,35],[-6,1],[4,36],[-9,19],[-11,-9],[-11,-22],[-11,-1],[-54,-21],[-1,-263],[-55,23],[-42,10],[-3,-531],[-18,1],[1,-23],[8,-22],[2,-31],[8,-25],[1,-62],[-5,-49],[0,-25],[4,-25],[-2,-42],[20,-11],[37,-46],[37,-76],[10,-18],[-1,-148],[-1,-45],[-49,66],[-2,-22],[3,-20],[-2,-12],[7,-6],[8,15],[7,-5],[1,-9],[10,-7],[0,-19],[-5,-27],[-1,-40],[-9,1],[-3,11],[-6,-10],[-11,-4],[-3,15],[1,20],[-9,-1],[0,35],[-6,4],[-5,-10],[-9,6],[-10,-9],[2,22],[4,6],[-4,28],[-8,32],[-13,-8],[-1,15],[-11,4],[-6,-16],[-5,-20],[-14,13],[1,20],[-8,-2],[-1,-37],[-1,-151],[-22,-4],[0,-63],[-4,-25],[-5,-16],[-6,-43],[-9,-61],[-1,-35],[-18,-17],[-16,-10],[-16,24],[-4,18],[-6,-3],[-6,-17],[-7,2],[-10,55],[-5,4],[-7,-43],[-13,-45],[-6,-63],[-3,-47],[-1,-63],[-2,-37],[2,-25],[5,-35],[1,-36],[-4,-48],[-5,-43],[-8,-58],[-5,-49],[0,-76],[-7,-33],[-6,-49],[-6,-22],[-2,-23],[2,-35],[-2,-43],[5,-23],[6,-10],[13,-2],[2,-8],[-3,-41],[-1,-81],[-3,-27],[-4,-17],[-8,-19],[-19,-28],[-6,-32],[-10,-24],[-7,-29],[-6,-49],[-7,-20],[-8,-18],[-7,-31],[-12,-25],[1,17],[-16,15],[-4,20],[-6,9],[4,30],[-1,28],[5,37],[5,22],[-13,-2],[-15,-9],[-14,4],[-4,-6],[-5,-20],[-15,-40],[-1,-17],[-8,-21],[-18,-25],[-5,-11],[-5,9],[-16,-5],[-6,-13],[-8,6],[-7,-2],[-3,6],[-10,-3],[0,-8],[-8,-32],[-9,-30],[-11,-23],[-6,-23],[-4,-2],[-4,-23],[-1,-29],[-11,-46],[-3,-6]],[[242610,528823],[-20,-12],[-23,12],[-23,38],[-8,22],[-16,33],[-30,68],[-42,81],[-9,10],[-9,15]],[[242430,529090],[-17,29],[-18,27],[0,151],[-8,0],[-6,19],[-11,26],[-5,-7],[-8,-23],[-19,-24],[-23,-3],[-5,4],[-19,29],[-10,-1],[-9,8],[-13,-2],[3,-9],[1,-16],[-23,30],[-3,6],[-48,72],[-17,11],[-9,13],[-26,66],[-14,67],[-16,59],[-5,15],[-12,-1],[-58,68],[-5,9],[-30,69],[-1,-6],[-6,-36],[-30,-20],[-17,-10],[-9,3],[-6,-26],[-3,24],[7,4],[3,15],[-2,32],[-5,9],[-10,38],[-1,30],[11,15],[7,3],[8,-36],[17,-3],[0,44],[-29,62],[-89,109],[3,30],[0,38],[5,12],[2,25],[-3,24],[-6,25],[-1,20],[-7,4],[-1,11],[-5,0],[-4,19],[-7,16],[-6,32],[-98,4],[14,-132],[3,-28],[1,-23],[-1,-45],[2,-36],[4,-48],[4,-21],[8,-23],[11,-43],[10,-64],[11,-55],[4,-28],[6,-84],[4,-132],[7,-142],[1,-65],[-12,-32],[-11,8],[-9,34],[-11,10],[-13,23],[-7,1],[-9,-18],[-7,1],[-4,-37],[1,-41],[-1,-24],[-6,-43],[-22,-37],[0,-12],[-17,-23],[-8,4],[-15,-19],[-7,3],[-18,21],[3,11],[10,-3],[11,35],[-3,27],[-12,18],[-17,5],[-10,-7],[-7,-34],[-4,-4],[-12,11],[-9,-9],[-9,-27],[-8,13],[-4,-1],[-10,11],[-7,-11],[-9,-36],[-11,-30],[-8,4],[3,-29],[-6,5],[-26,-8],[-21,20],[-9,25],[-5,4],[-19,-4],[-4,-4],[-26,-41],[-2,42],[4,19],[-2,24],[-3,11],[-4,49],[-11,-4],[-11,-22],[3,-23],[-4,-27],[3,-27],[-1,-26],[3,-10],[9,-6],[1,-15],[6,-9],[-19,-44],[-13,-36],[-3,-2],[-28,13],[-16,6],[-40,42],[3,13],[9,63],[3,35],[7,54],[10,53],[5,74],[-1,27],[4,16],[0,61],[-2,29],[7,24],[3,18],[-1,43],[5,46],[-184,273],[-178,-1],[0,-337],[-104,0]],[[240856,529530],[-3,0],[-104,-1],[2,191],[-27,-2],[2,-131],[-24,1],[1,129],[-62,-2],[1,-58],[-28,1]],[[240614,529658],[0,289],[0,259]],[[243756,512877],[3,2],[22,6]],[[243848,513261],[0,30],[-3,28],[2,15],[9,14],[1,14],[1,2],[36,109],[4,-16],[5,-19],[8,22],[42,132],[0,7],[1,-4],[37,1],[0,242],[1,15],[27,6],[0,24],[-6,0],[1,22],[5,2],[-2,28],[0,37],[-11,27],[-3,31],[2,37],[11,1],[0,40],[-6,1],[-1,82],[-5,0],[0,15],[19,1],[5,4],[0,204],[0,41],[16,0],[0,107],[-2,5],[-1,109],[-10,20],[-21,46],[-13,42],[5,16]],[[244783,511843],[-9,-55],[-11,-65],[-115,-561]],[[244648,511162],[-42,-204],[-44,-214],[-4,14],[0,46],[-3,30],[2,12],[-6,18],[-10,16],[-10,8],[0,-14],[-8,-13],[-3,-23],[-8,-13],[-2,44],[-24,142],[-13,7],[-2,-83],[0,-365],[-76,-5],[-5,4],[0,9],[-26,-1],[-9,-80],[-1,-50],[-3,-23]],[[244351,510424],[-215,14],[-142,5]],[[243994,510443],[-34,190],[-8,-19],[-14,38],[8,28],[0,12],[-16,2],[0,-10],[-9,-1],[0,11],[-5,-1],[0,90],[-3,11],[-14,1],[0,59],[-4,10],[7,21],[-8,34],[-4,-10],[-5,10],[-10,-42],[-65,1],[-60,1],[0,38],[-6,20],[32,0],[1,120],[-4,0],[-23,1],[1,33],[15,29],[-4,24],[-4,-1],[-11,62],[-12,64],[-7,46],[-17,-31],[-7,39],[9,16],[-7,38],[-27,-56],[-2,-5],[-6,-12],[-22,-46],[-16,-34],[-8,38]],[[243625,511262],[1,7],[-6,14],[-6,27],[-7,18],[0,29],[4,12],[17,-8],[7,31],[2,20],[1,23],[-5,55],[-8,37],[1,19],[-5,-5],[-6,12],[-2,19],[8,22],[-3,12],[-6,19],[-2,17],[12,23],[-3,7],[-2,15],[-11,-20],[-10,60],[12,23],[6,-14],[12,22],[-1,10],[-3,22],[-26,-49],[-15,93],[10,18],[-5,32],[-8,-15],[-6,30],[13,23],[5,-31],[13,24],[-6,31],[8,15],[-3,21],[-8,-15],[-1,5],[-3,20],[-4,23],[-4,21],[38,75],[3,-18],[-5,-9],[3,-15],[21,41],[-2,16],[6,11],[-3,17],[12,24],[-2,11],[-1,7],[-17,-23],[0,2],[0,0],[-1,3],[-3,17],[1,28],[-8,16],[-2,-1],[-15,1],[-6,-3],[-4,25],[3,18],[6,16],[6,8],[4,27],[-6,18],[-6,1],[0,20],[-8,7],[-5,13],[1,37],[-3,11],[2,47],[9,2],[2,-10],[-4,-15],[4,-8],[4,7],[7,-34],[7,-15],[19,8],[-6,34],[5,9],[25,27],[6,1],[4,-26],[13,17],[6,-34],[8,5],[-25,141],[29,118],[9,-20],[4,-19],[22,72],[-23,76],[5,9],[4,19],[31,29]],[[244709,506573],[8,-8],[54,0],[16,-7],[19,-1],[0,47],[80,1],[0,-154]],[[244886,506451],[-36,-98],[-61,-172]],[[238561,521081],[-11,-2527],[-274,-3],[4,-15],[-1,-19],[3,1],[2,-20],[-2,-86],[1,-193],[-43,-68],[-5,-4],[-38,0],[-53,44],[1,-22],[6,-38],[-3,-37],[-4,-24],[-4,-58],[-3,-10],[-8,-15],[-6,-60],[-7,-32],[0,-12],[-7,-21],[3,-30],[-3,-22],[-9,-5],[-4,-8],[-3,-21],[0,-25],[-2,-31],[0,-30],[9,-25],[9,11],[4,-12],[3,13],[11,2],[9,-2],[4,-20],[10,-11],[1,-47],[4,-52],[1,-38],[2,-10],[10,-4],[7,-12],[11,9],[3,12],[15,-2],[-1,-176]],[[238203,517326],[-7,-13],[-3,-18],[-2,-52],[-5,-5],[-10,10],[-5,-3],[-5,-14],[-8,-8],[-2,-20],[-7,-15],[3,-54],[-1,-7],[-18,21],[-4,11],[-9,6],[-3,-3],[-18,-36],[-4,1],[-9,27],[-5,4],[-6,-6],[-7,-59],[-7,-19],[-7,-6]],[[242633,523545],[6,0],[84,2],[45,-41],[62,-63],[82,-82],[22,-24],[4,137],[28,7],[15,3],[2,-133],[16,-1]],[[243192,523079],[2,-27],[0,-90],[-10,-48],[-6,-79],[-4,-37],[4,-24],[7,-11],[28,-224],[0,-16],[6,-1],[10,-15],[9,16],[14,4],[5,-8],[13,-8],[18,10],[2,14],[30,112],[8,-15],[4,6],[11,-6],[5,-23],[6,0],[5,-16],[1,-83],[-7,-53],[-5,-14],[2,-15],[7,-11],[8,-40],[19,-78],[1,-15],[5,-8],[7,-36],[12,-29],[5,-26],[9,8],[10,16],[5,-6],[2,-21],[5,-14],[16,-5],[9,-40],[4,-14],[13,4],[12,-17],[3,-17],[-3,-39],[7,44],[1,-40],[21,-1],[8,-38],[14,-54],[24,93],[17,-15],[8,8]],[[243376,521586],[-6,-6],[-11,-27],[-12,-50],[-2,-15],[0,-35],[4,-29],[6,-18],[1,-2],[3,-2],[6,-17],[4,-18],[-3,-33],[-7,-18],[-5,-1],[-3,8],[-13,16],[-7,-6],[-6,-14],[-14,-43],[-3,-13],[-2,-24],[1,-10],[-1,-27],[-5,-29],[-16,-11],[-15,0],[-8,15],[-9,25],[-10,46],[-4,13],[-2,22],[3,14],[6,11],[12,11],[8,17],[3,19],[9,77],[0,20],[-6,19],[-7,-1],[-10,-16],[-8,-4],[-8,10],[-3,11],[3,65],[-1,29],[-10,39],[-2,18],[-16,28],[-9,1],[-16,-29],[-4,-18],[-5,-30],[-16,-65],[-3,-18],[0,-26],[-4,-27],[-10,-35],[-13,-56],[-5,7],[-12,-10],[-9,-17],[-11,-31],[-6,-27],[-10,-26],[-3,-5],[-7,-20],[-16,10],[-9,2],[-7,-5],[-11,-16],[-4,314],[7,7],[15,-20],[17,17],[6,-13],[12,-49],[-12,68],[0,13],[13,32],[15,41],[-3,19],[-11,117],[5,12],[5,29],[7,12],[25,22],[18,42],[2,48],[5,34],[13,27],[4,16],[16,88],[-9,-3],[-10,-18],[-12,-6],[-11,3],[-8,-10],[-5,-18],[-10,-6],[-19,24],[-12,-13],[-5,8],[-4,50],[0,33],[5,15],[0,19],[0,28],[10,34],[6,10],[0,10],[-6,9],[7,15],[10,-9],[3,5],[-8,17],[-12,16],[-5,20],[-10,22],[-14,16],[-13,31],[-12,48],[-5,36],[-8,19],[-10,5],[-13,17],[-13,23],[-6,6],[-20,-6],[-13,69],[0,29],[-2,5],[3,39],[-3,11],[-4,-6],[-3,12],[-9,-1],[-12,-119],[10,-19],[0,-17],[-11,23],[-6,-61],[-11,-83],[6,-12],[0,-8],[-1,2],[-8,17],[-29,-199],[-1,-3],[-2,3],[-9,1],[1,10],[2,18],[5,41],[8,63],[1,3],[-2,4],[-2,5],[-3,19],[-5,31],[-2,3],[-3,-2],[-1,43],[28,4],[3,-1],[11,94],[5,29],[19,145],[0,13],[-5,12],[-2,7],[-4,-4],[-22,19],[-3,10],[-21,-4],[-5,-6],[-8,16],[-11,6],[-1,9],[-1,-30],[-5,-14],[-1,-16],[-5,-8],[-23,-5],[-14,41],[-120,-9],[-6,29],[-12,8],[-5,22],[4,37],[4,5],[0,18],[4,24],[0,38],[-3,83],[-9,11],[-18,-6],[0,-36],[-2,-32],[-3,-14],[1,-18],[-3,-9],[3,-18],[-5,-8],[3,-13],[-2,-26],[-4,0],[-6,-16],[-1,-21],[-3,57],[-3,12],[-1,28],[2,20],[-3,11],[0,129],[-26,-28],[-23,-10],[-27,-30],[-4,-6],[-4,40],[-3,25],[-13,55],[3,10],[-3,61],[-3,5],[2,35],[-3,15],[-15,-51],[-3,-35],[-9,-20],[-6,50],[-7,7],[-7,-2],[-5,10],[-10,8],[-2,21],[-6,20],[-26,41],[-7,5],[11,72],[-9,12],[-14,30],[0,43],[-8,-7],[-11,-50],[-21,-43],[-11,-29],[-12,-26],[-18,-21],[-13,-22],[-2,26],[-10,43],[0,40],[4,10],[29,34],[24,43],[18,2],[16,-6],[4,23],[7,0],[8,17],[0,15],[-5,24]],[[239672,499330],[-2,863],[2,0],[-1,1077],[1,323]],[[241288,501904],[-1,-10],[-4,-2],[-5,-44],[11,-10],[12,4],[-9,-55],[0,-10],[1,-7],[17,-59],[14,-34],[52,-1],[0,-52],[7,-96],[6,-109],[2,-34],[8,-54],[-3,-29],[2,-37],[7,-72],[5,-72],[-8,-70],[-3,-10],[0,-19],[3,-26],[0,-202],[-27,3],[2,-172],[-11,-61],[-5,-12],[-10,-3],[0,-223],[-7,-10],[1,-101],[-113,-9],[-5,-23],[-7,-2],[-4,3],[-1,22],[-12,1],[-2,17],[-11,26],[-2,33],[-11,-3],[-3,5],[-23,61],[-4,7],[-6,0],[-3,-14],[-31,-2],[-33,3],[-81,-225],[-4,309],[-2,15],[-22,1],[-4,4],[0,-293],[3,-6],[0,-36],[-2,-9],[0,-132],[-38,-3],[-26,-2],[1,-32],[0,-126],[-7,0],[-1,-14],[8,0],[1,-1364],[4,-11],[19,0],[79,1],[55,1],[0,-173],[31,-101],[10,-34],[8,-25],[2,-33],[5,-51],[2,-39],[-2,-66],[25,-91],[1,-17],[-1,-41],[75,3],[2,31],[-3,17],[12,12],[6,-59],[12,6],[72,114],[-4,-106],[7,-12],[85,2],[2,-2],[2,-59],[5,-23],[10,14],[6,35],[-4,22],[0,10],[53,5],[34,-89],[0,-164],[0,-20],[-4,-39],[0,-35],[4,-82],[1,-49],[5,33],[0,-36],[3,-559]],[[241519,496717],[-7,-1157]],[[241512,495560],[-10,-16],[-9,-1],[-15,5],[-6,-10],[-14,-17],[-4,-21],[-6,-7],[-11,-16],[-7,-22],[-10,-10],[-8,-9],[-3,18],[-10,14],[-4,-20],[-10,12],[-9,15],[-5,13],[-7,-7],[-16,2],[-8,-11],[-6,-14],[-6,11],[-9,4],[-7,9],[-7,5],[-7,-11],[-4,-26],[-8,-22],[-7,-16],[-12,-3],[-6,-10],[-13,20],[-9,-6],[-6,-7],[-3,23],[-7,-5],[-8,-3],[-12,-5],[-9,14],[-7,31],[-14,3],[-17,-23],[-9,12],[-17,-4],[-6,-14],[-14,40],[-14,5],[-7,4],[-20,19],[-8,0],[-9,24],[-5,-12],[-10,0],[-10,9],[-11,23],[-5,-13],[-8,20],[-7,7],[-7,17],[-9,-9],[-7,7],[-5,-15],[-7,10],[-7,6],[-5,22],[-6,16],[-10,29],[-10,5],[-6,20],[-6,13],[-12,11],[-9,19],[-5,23],[-5,36],[-10,18],[-7,20],[-4,33],[-12,26],[1,26],[-6,17],[-1,28],[-10,13],[6,13],[-5,21],[-8,-3],[-1,34],[-4,16],[-4,16],[-7,16],[-13,15],[-15,17],[-12,32],[-7,16],[-4,47],[-11,20],[-4,37],[3,36],[4,21],[-3,24],[-10,13],[-2,26],[-5,20],[-3,87],[-4,20],[-10,41],[-8,31],[-10,22],[-5,50],[-4,62],[-9,9],[-8,50],[-4,23],[-17,36],[-10,32],[0,33],[9,62],[-3,33],[4,27],[-2,64],[4,20],[-1,33],[1,49],[-13,32],[-8,0],[0,48],[-32,4],[-13,-12],[-10,6],[-4,19],[-12,49],[0,42],[-4,35],[2,25],[6,33],[-8,10],[-4,18],[-9,9],[-5,15],[-10,-6],[-7,28],[-16,1],[-6,-11],[-17,-5],[-7,6],[-7,-16],[-9,-16],[-8,-16],[-6,14],[-11,-15],[-14,20],[-1,33],[-13,33],[-17,-11],[-2,-9]],[[240384,497536],[-2,54],[1,40],[6,37],[-2,22],[-18,56],[-10,-11],[-9,-5],[-14,10],[-10,11],[-9,20],[-7,71],[-83,111],[-3,19],[-5,15],[-6,47],[0,16],[-6,3],[-36,41],[-9,13],[-54,-2],[-6,-3],[-49,1],[-1,-44],[5,-29],[2,-46],[-3,-29],[-17,-91],[-4,-29],[-10,-125],[-3,-52],[-5,-65],[-5,-47],[-21,-257]],[[239991,497288],[-4,-1],[-3,15],[-9,9],[-5,16],[6,82],[-1,4],[-301,245],[0,137],[-276,251],[14,97],[-5,16],[-16,21],[-6,3],[1,68],[-20,0],[5,57],[4,34],[-6,19],[0,17],[4,35],[-3,29],[0,38],[-6,52],[2,51],[0,7],[-11,20],[-3,15],[-1,17],[-6,2],[0,25],[45,-80],[286,-151],[-4,868],[0,24]],[[239937,517889],[63,-4],[1,13],[42,-1],[0,101],[110,6],[0,-207],[9,-6],[-4,28],[1,18],[4,21],[13,-2],[0,51],[5,37],[-3,45],[4,1],[1,16],[-5,20],[-10,3],[-2,8],[0,30],[-3,13],[-2,46],[5,22],[2,31],[4,12],[-4,62],[4,-27],[9,-19],[7,0],[-2,29],[1,26],[7,11],[2,19],[7,-1],[6,-22],[53,172],[19,19],[13,16],[5,-1],[1,5],[-12,22],[-4,0],[-6,3],[-2,-1],[-13,-6],[-6,-7],[-10,-7],[-21,-24],[-7,-5],[-14,22],[-7,3],[5,17],[5,17],[2,9],[6,18],[-6,1],[0,9],[-17,3],[3,17],[-4,14],[3,37],[9,-24],[14,45],[1,28],[-2,13],[2,39],[-3,8],[4,0],[0,33],[-17,0],[-3,28],[-6,-14],[-3,64],[-3,38],[0,71],[-4,0],[-2,160],[50,0],[10,8],[-13,33],[-7,12],[-12,12],[-8,14],[-11,47],[-4,26]],[[240187,519263],[-2,37],[-1,54],[-2,20],[-13,87],[-11,98],[-3,15],[-8,25],[-7,16],[-32,42],[0,23],[2,28],[-1,19],[-4,9],[2,129],[-4,62],[2,17],[1,28],[3,20],[6,61],[1,59]],[[240801,517849],[-10,-19],[-6,11],[-5,-9],[-11,18],[-5,18],[-5,-6],[-3,-29],[5,-11],[10,-23],[-1,-69],[0,-58],[7,-17],[3,-20],[11,-42],[3,-21],[-32,2],[-19,-4],[-9,2],[0,-10],[-43,5],[0,-366],[0,-114],[-12,38],[-1,12],[-3,7],[-13,15],[-7,-4],[-3,0],[-7,16],[-5,-24],[-1,-13],[-6,10],[-14,39],[-6,-25],[4,-21],[2,-67],[-16,2],[-1,-26],[5,-9],[9,-6],[90,-98],[8,-9],[-2,-36],[6,-38],[-42,-207],[-5,-16],[-5,-13],[-6,-4],[-9,4],[-7,-17],[-7,-28],[-6,-13],[-7,-7],[-6,-31],[-6,-16],[-3,-20],[-4,-1],[-13,-19],[-6,4],[-14,-16],[-1,22],[-10,72],[-1,28],[2,54],[-1,20],[-6,85],[-6,41],[-5,-7],[-13,-28],[-9,-4],[-6,-10],[-5,0],[-9,12],[-19,33],[-4,5],[-6,-4],[-3,-9],[-14,-61],[-3,-9],[-1,-1],[-1,-10],[-10,-36],[-9,-43],[-19,-1],[-43,-1],[-1,-7],[-8,-20],[-3,1],[-3,14],[-4,6],[-8,3]],[[240271,516492],[-123,42],[-52,17],[2,30],[5,18],[2,31],[6,36],[3,6],[4,29],[3,2],[2,-20],[5,6],[2,20],[7,2],[-16,-2],[-74,2],[1,173],[-15,3],[0,100],[-4,-20],[1,-22],[-6,-37],[-5,-15],[-6,15],[-4,-15],[-1,10],[-9,23],[-6,22],[-6,-8],[-2,-16],[-2,-33],[3,-18],[-4,-20],[-1,-16],[-3,-12],[0,-18],[-7,5],[-5,-6],[-6,-32],[1,-16],[-3,-17],[-10,37],[-1,18],[-4,-9],[-10,11],[1,20],[-5,1],[-11,-8],[-4,-17],[-8,-7],[-8,12],[-9,-15],[-3,-11]],[[242674,510506],[-5,-19],[0,-19],[6,-40],[1,-24],[4,-9],[2,-21],[-5,-11],[2,-11],[17,-20],[18,-35],[9,-29],[3,-17],[0,-13],[-4,-19],[-2,-16],[0,-14],[18,21],[4,7],[4,1],[1,-5],[8,-45],[2,-10],[1,-4],[-14,-153],[-3,-31],[-6,-28],[-5,-26],[-7,-22],[0,-27],[8,-45],[1,-12],[6,-8],[-2,-25],[2,-19],[8,18],[2,29],[13,10],[0,56],[33,152],[1,-1],[76,-181],[38,-92],[6,-35],[-3,-18],[0,-5]],[[242912,509691],[0,-8],[3,-1],[5,-15],[5,0],[8,-36],[-2,-13],[-7,-7],[10,-11],[1,-35],[8,-4],[-5,-20],[-7,-8],[-3,-30],[4,26],[10,8],[6,-6],[4,11],[-2,-33],[4,2],[3,-22],[-5,-15],[-1,-30],[5,24],[8,-1],[2,-13],[-2,-14],[7,13],[5,-12],[3,-16],[4,-2],[3,-27],[-5,-5],[-4,5],[-7,-10],[-1,-11],[-9,-10],[15,9],[9,-9],[9,-13],[1,-14],[-14,-30],[-4,-25],[8,16],[8,7],[12,-9],[-1,-36],[4,-27],[8,43],[5,5],[4,-27],[8,4],[4,-8],[17,22],[29,27],[1,-1],[6,-18],[7,26],[16,60],[-3,-36],[1,1],[3,-3],[4,12],[5,-3],[10,13],[10,5],[-2,31],[23,19],[2,-12],[29,28],[0,-5]],[[243194,509417],[14,-171],[17,22],[6,3],[1,-27]],[[243078,508775],[-1,42],[-9,28],[14,64],[16,67],[12,53],[-19,36],[-40,79],[-1,-3],[-6,9],[-10,-18],[-27,54],[-5,-7],[14,28],[-8,-6],[3,11],[0,4],[-3,7],[-6,-28],[-33,54],[-2,-4],[-7,50],[-6,-2],[-23,-43],[-1,-2],[-17,-36],[-20,71],[-5,14],[-42,56],[-13,10],[-26,121],[-20,-88],[-12,9],[-1,-95],[-1,0],[-5,1],[-8,20],[-10,-48],[2,-7],[5,20],[6,-14],[3,4],[-1,-48],[-8,18],[1,-11],[-6,-28],[4,-7],[-7,-31],[13,-29],[-48,-241],[3,0],[4,-6],[2,-9],[5,4],[2,0],[1,-8],[2,-8],[2,-4],[1,-7],[2,-1],[1,-3],[0,-1]],[[242739,508866],[-3,4],[-7,27],[-6,-3],[-6,15],[-6,-3],[-7,30],[-5,12],[-4,22],[-4,8],[-1,50],[-6,29],[2,23],[5,-3],[-1,30],[-3,8],[-5,-7],[-2,51],[3,28],[-6,6],[-2,24],[-1,8],[-3,9],[-1,2],[-6,2],[-1,-1],[-1,-5],[-1,-1],[-10,1],[-6,90],[5,-12],[3,42],[-6,-10],[-4,21],[3,17],[-5,2],[-2,15],[-3,-1],[-3,18],[2,16],[-1,18],[5,13],[-4,20],[-4,10],[-1,14],[-8,-1],[-1,22],[-5,9],[2,14],[4,-2],[6,26],[-1,12],[5,3],[-2,29],[6,2],[-5,12],[-1,0],[0,-1],[0,-10],[-1,-1],[-2,5],[0,17]],[[242627,509641],[4,5],[-6,14],[1,5],[-1,7],[-3,34],[-1,5],[-1,3],[-3,15],[-5,15],[-4,7],[-2,8],[0,20],[0,0],[0,5],[-3,12],[-9,9],[-2,6],[-10,49],[-3,21],[0,15],[3,34],[0,2],[0,3],[0,1],[-1,17],[-2,8],[-4,18],[1,45],[-4,16],[-21,49],[-2,33],[-2,28],[0,27],[0,18],[-1,15],[0,3],[0,5],[-1,24],[-8,39],[-5,43],[-5,13],[-3,10],[-6,41]],[[242518,510388],[8,13],[-13,75],[-1,9],[3,18],[2,3],[0,-2],[2,0],[0,6],[13,0],[6,6],[4,-11],[1,0],[1,39],[9,0],[0,-30],[9,0],[0,-10],[5,0],[3,0],[3,0],[4,14],[0,-4],[7,0],[0,-10],[13,0],[0,9],[13,0],[0,-5],[1,1],[0,-22],[20,0],[0,44],[2,0],[12,-32],[14,5],[6,11],[2,-8],[7,-1]],[[241552,516818],[5,8],[0,-2],[3,4],[1,0],[1,0],[0,6],[11,10],[1,3],[-1,31],[1,13],[6,37],[5,41],[-2,17],[-5,5],[0,17],[18,10],[3,22],[-4,22],[1,18],[3,4],[9,-23],[6,-4],[4,7],[-20,57],[-6,51],[1,16]],[[241981,518068],[51,-4],[1,-127],[31,-6],[1,-453],[3,-27],[-15,-13],[-14,-4],[-9,4],[-8,-37],[-7,-59],[10,-22],[7,-1],[0,-13],[5,-7],[9,-27],[8,-2],[12,-74],[7,-49],[1,-28],[-3,-11],[2,-35],[-1,-31],[8,-14],[-1,-12],[6,-6],[3,-19],[-1,-21],[5,-36],[4,-7],[10,7],[-1,16],[4,-14],[3,-28],[-7,-13],[-9,-23],[-4,-30],[2,-37],[3,-5],[2,46],[1,29],[4,10],[9,12],[8,-10],[10,4],[-2,135],[2,245],[15,1],[1,-85],[73,0],[-10,13],[-6,3],[-5,34],[-10,25],[-10,-3],[-7,17],[1,5],[-4,20],[0,46],[12,-10],[6,1],[11,-47],[4,-66],[14,-16],[3,5],[-4,23],[1,28],[-2,25],[1,18],[10,9],[6,-19],[2,-43],[0,-31],[-3,-23],[3,-36],[3,-15],[20,-34],[14,22],[12,2],[12,12],[26,47],[7,17],[13,42],[9,25],[7,13],[22,32],[2,-1],[9,-96],[-3,-11],[-7,-10],[2,-24],[1,-51],[3,-29],[-10,-29],[-6,-25],[-11,-21],[-6,-26],[-2,-21],[4,-43],[-2,-49],[0,-45],[-1,-24],[3,-18],[8,-29],[7,-63],[1,-25],[-2,-23],[2,-34],[15,-32],[1,-26],[-6,-19],[-6,-29],[3,-27],[-1,-41],[-10,-53],[-4,-27],[-12,-18]],[[242350,516359],[-5,15],[-53,-58],[-10,-33],[-15,-43],[1,-46],[-1,-23],[-6,-30],[-2,-28],[1,-44],[-2,-29],[-5,-25],[-2,-20],[-3,-44],[-2,-22],[-9,-47],[-8,-53],[-1,-16],[0,-53],[-1,-1],[-1,-16],[1,0],[0,-1],[-3,-68],[24,-2],[31,3],[3,-1],[17,-30]],[[242119,515009],[-2,45],[-2,24],[-8,45],[-15,39],[-11,16],[-12,6],[-13,-1],[-23,2],[-11,13],[-5,5],[-2,-11],[0,-5],[-86,9],[-2,44],[-3,5],[-31,-9],[-19,-19],[-2,6],[-7,-12],[-2,-2],[21,-5],[0,-77],[0,-92],[-9,17],[-3,16],[-6,8],[-5,-17],[-1,-1],[-1,-5],[-6,6],[4,-109],[-10,-38],[-3,-26],[-6,-15],[-2,-20],[1,14],[-9,10],[-8,2],[4,15],[-5,18],[-3,-14],[-9,-11],[6,-34],[-2,-7],[9,-30],[8,-28],[39,-131],[3,-11],[13,5],[7,-16],[13,-8],[3,6],[1,-2],[7,-76],[-17,0],[28,-95],[7,-22],[5,-16],[-2,-5],[4,-13],[23,-130]],[[241962,514272],[0,-5],[1,-32],[5,0],[24,-135]],[[241992,514100],[-27,1],[-2,12],[-16,-1],[0,-70],[-23,-2],[0,-57],[-4,-19],[-6,5],[-5,-2],[-15,1],[-2,-1],[0,52],[-6,1],[-1,54],[-26,-1],[1,-104],[1,-11],[0,-21],[13,-24],[-13,16],[-6,14],[-1,-129],[-7,3],[-9,22],[-4,1],[-14,32],[1,18],[-1,42],[-18,23],[0,17],[-6,-2],[-2,-10],[8,-15],[0,-94],[-23,0],[0,-165],[54,-12],[-7,-10],[6,-23],[0,-28],[-4,-11],[1,-32],[-11,-24],[-5,-29],[7,-25],[2,-14],[8,-21],[13,33]],[[241548,514274],[37,151],[-7,8],[-155,260],[-268,446]],[[243893,534159],[9,93],[15,-15],[9,75],[22,-21],[13,106],[1,4],[3,2],[12,-12],[38,-39],[4,5],[7,64],[5,5],[11,-9],[2,5],[17,167],[1,14],[1,30],[6,32],[18,177],[10,-1],[13,-8],[93,-102],[16,-18],[4,41],[24,-24],[3,101],[14,-16],[3,37],[8,-8],[3,27],[-8,9],[3,32],[8,-8],[6,15],[8,6],[16,-11],[4,9],[17,-18],[15,153],[8,68],[0,44],[3,57],[1,11],[-7,34],[-8,34],[-3,-15],[-6,-2],[-5,-9],[-5,6],[-5,20],[1,15],[-3,12],[-9,3],[4,43],[4,5],[-3,9],[-25,26],[4,50],[-1,47],[-63,70],[-4,42],[-19,22],[-11,-13],[-19,23],[-26,28],[2,34],[-1,6],[-34,36]],[[244117,535764],[5,52],[1,25],[-1,21],[-9,64],[5,9],[5,-29],[20,27],[8,-7],[4,8],[5,54],[14,-10],[2,4],[6,23],[13,120],[0,16],[6,54],[4,4],[7,-13],[30,6],[20,28],[26,44],[4,13],[51,10],[18,45],[15,-28],[2,-11],[5,3],[-1,-11],[5,10],[4,-4],[-2,-14],[3,-5],[4,12],[4,-17],[-2,-19],[4,-9],[3,7],[0,-20],[5,-1],[-2,-25],[7,-14],[-1,-26],[1,-19],[-6,-11],[3,-28],[-3,-2],[-5,14],[-1,-7],[5,-18],[-6,7],[3,-16],[-8,-21],[0,-16],[-4,-9],[2,-15],[-3,-12],[-5,3],[0,14],[-6,-12],[0,15],[-5,6],[-7,0],[-8,-9],[-1,15],[-3,3],[-2,-2],[4,-21],[-1,-9],[-6,12],[-4,-6],[-6,1],[-4,11],[-7,2],[-2,-27],[-8,2],[-3,-34],[-7,-5],[-4,-18],[1,-21],[-2,-25],[-4,-7],[2,-16],[-1,-11],[2,-19],[6,-17],[4,17],[4,-9],[3,-28],[5,-5],[2,15],[8,-30],[1,23],[4,10],[2,-16],[5,-4],[3,-17],[3,6],[-2,12],[7,7],[1,-18],[6,10],[2,-5],[3,-11],[1,-22],[3,-5],[2,-30],[-2,-15],[7,-34],[4,-33],[13,-41],[5,-7],[1,-13],[4,4],[6,-15],[9,-46],[5,-18],[3,-30],[5,-8],[7,-20],[7,3],[2,-8],[11,8],[7,-9],[5,-13],[4,8],[7,3],[8,-7],[10,39],[5,11],[1,19],[3,-5],[7,30],[2,20],[2,1],[-1,7],[-5,55],[-2,40],[16,14],[7,-6],[2,2],[6,66],[3,42],[5,50],[36,-37],[3,30],[32,-34],[19,190],[27,-28],[-6,-57],[16,-16],[4,9],[2,5],[13,127],[9,-7],[-1,-17],[5,-32],[-3,-41],[41,-44],[5,1],[2,-9],[10,-16],[-2,18],[-5,71],[-5,9],[0,23],[-2,14],[-9,26],[-3,31],[-4,1],[-6,17],[-4,3],[-2,23],[2,10],[-2,13],[1,15],[-5,16],[1,24],[-3,14],[-6,-4],[-9,24],[-4,27],[-9,5],[-6,23],[1,23],[7,16],[-6,12],[-5,18],[-4,-2],[-4,-10],[-9,16],[4,30],[-11,11],[-8,36],[0,11],[-11,31],[-4,30],[-1,8],[-1,26],[-12,11],[-7,23],[2,22],[-7,5],[-58,63],[-7,20],[-15,78],[41,78],[-14,78],[164,314]],[[245304,535793],[33,-181],[64,-347]],[[245401,535265],[-52,-94],[1,-7],[-13,-25],[17,-92],[-8,-14],[2,-11],[-12,-23],[6,-45],[-8,-3],[-25,-35],[-6,26],[-10,8],[-13,10],[-6,1],[-7,10],[-5,1],[-10,-15],[-20,-4],[-34,36],[-14,32],[-7,-13],[-29,-62],[-8,-39],[-6,-4],[-9,-12],[-14,1],[-8,-7],[10,-1],[4,-20],[7,-26],[4,5],[7,-35],[6,-5],[11,-30],[3,-25],[4,9],[6,-4],[4,-21],[5,-12],[2,-22],[3,-4],[0,-26],[6,-31],[7,-22],[4,-39],[12,-14],[23,-11],[8,-15],[2,-38],[-3,-3],[4,-36],[10,-34],[0,-21],[15,-16],[-1,-7],[-3,-24],[-2,-18],[13,7],[-9,-101],[50,-52],[-9,-92],[19,-19],[-3,-19],[-5,-39],[-5,-61],[-1,-5],[-5,-17],[-65,3],[3,-28],[13,-7],[5,-26],[8,-9],[4,-19],[-4,-7],[-1,-12],[8,6],[3,-9],[13,11],[6,-3],[2,13],[5,-20],[6,-4],[-9,-61],[0,-22],[18,-22],[3,29],[14,-9],[1,15],[15,-17],[-2,-29],[5,-13],[5,-41],[-4,-33],[9,0],[19,-28],[2,13],[4,1],[0,-14],[7,4],[5,-20],[8,-7],[10,-26],[6,-22],[13,-25],[5,8],[-1,-28],[5,-18],[3,-2],[3,20],[-2,9],[-6,2],[11,11],[-1,13],[3,7],[4,-7],[-3,-29],[3,-15],[4,1],[-1,13],[9,-11],[6,7],[3,-10],[2,10],[3,-5],[-2,-17],[1,-16],[6,-5],[0,-30],[-3,-11],[3,-8],[-12,-24],[4,-14],[-4,-8],[-1,11],[-3,-14],[4,-6],[-2,-14],[-5,11],[-2,-21],[-6,-9],[-3,-18]],[[245466,533286],[-10,-6],[-4,-32],[-14,-143],[-42,43],[-6,-59],[5,-7],[-2,-22],[-7,8],[-4,-32],[44,-150],[-4,2],[-14,-130],[52,-55],[1,-17],[22,-21],[-9,-61],[13,-25],[7,-25],[8,-42],[-35,-67],[-5,-51],[10,-13],[-5,-66],[0,-13],[13,-66],[0,-10],[-8,-76],[0,-15],[23,-24],[4,-6],[10,-29],[12,-3],[6,11],[7,40],[14,19],[9,-3],[16,-17],[11,-60],[7,-24],[9,-21],[39,-64]],[[245504,531709],[-5,-3],[-1,6],[11,24],[5,-16],[2,21],[-5,2],[-5,40],[-20,-4],[-24,-31],[3,20],[7,19],[-5,8],[-13,4],[-19,31],[-4,-8],[-13,31],[1,16],[9,-9],[16,-3],[14,-28],[13,2],[-9,25],[12,-16],[6,16],[13,5],[-4,43],[-13,16],[5,43],[-4,11],[-26,-7],[-13,29],[-7,0],[0,8],[-6,5],[-3,12],[-14,9],[-5,8],[-56,72],[6,49],[-2,5],[-16,11],[-3,9],[-9,7],[7,14],[-5,19],[-7,5],[-3,17],[-5,3],[-4,29],[1,11],[-6,16],[1,12],[-3,18],[1,21],[-8,24],[-22,27],[-2,-18],[-4,-3],[-6,18],[-1,-10],[-14,16],[8,69],[-23,25],[-3,-24],[-13,15],[5,43],[-53,58],[-15,44],[-6,1],[-22,37],[-16,9],[5,55],[-16,18],[-9,23],[-22,16],[-19,24],[9,86],[-4,5],[-7,6],[-5,-23],[-18,24],[-11,-26],[0,-35],[-12,23],[-16,11],[-1,5],[2,57],[1,56]],[[244982,533012],[0,102],[-2,42],[11,6],[4,-1],[3,-15],[13,2],[9,90],[5,29],[0,19],[21,-17],[-34,155],[-34,130],[-11,43],[-17,-39],[-8,38],[-12,-23]],[[244930,533573],[-8,34],[-5,36],[-5,19],[-6,10],[-10,8],[0,8],[10,16],[9,19],[-8,37],[-8,-6],[-16,-5],[-14,3],[-8,9],[0,-11],[-7,-19],[-4,-40],[2,-21],[-7,9],[-48,51],[-13,-16],[-12,15],[-12,20],[-7,15],[-1,11],[2,36],[-78,82],[-38,40],[-6,-1],[-3,-44],[-3,0],[-17,-42],[-10,-62],[-2,2],[-3,-25],[5,-1],[-2,-27],[0,-13],[-13,26],[-5,-8],[-9,-91],[-5,-32],[5,10],[33,-35],[1,20],[15,-15],[6,-22],[12,-24],[-3,-30],[-13,-8],[-8,-20],[-7,-61],[-2,-34],[-6,-32],[-3,-4],[-6,12],[-5,-4],[-4,7],[-8,-3],[-4,6],[-9,-9],[7,-10],[5,-18],[-7,-23],[-9,-59],[-2,-21],[-4,-7],[-5,26],[-6,9],[-18,-17],[-6,5],[-8,-27],[-5,3],[-13,-1],[-18,-138],[-1,-48],[-28,27],[-10,-93],[-2,-16],[-10,13],[4,32],[-26,29],[-12,-110],[28,-32],[8,-3],[9,-10],[-1,-100],[-2,-23],[-4,-16],[-7,-37],[0,-16],[3,-24],[-1,-19],[2,-31],[-1,-9],[-8,-23],[-4,-10],[-8,1],[-6,22],[-4,-37],[-21,-15],[-4,-51],[5,-27],[-13,-41],[-56,50]],[[244300,532474],[-1,4],[-1,-11],[-20,-70],[-37,41],[-20,19],[16,151],[-4,20],[6,25],[6,13],[2,23],[-1,26],[-6,14],[-7,-21],[-2,-18],[-4,-1],[-7,49],[-4,10],[7,25],[-3,26],[-4,7],[-12,4],[-2,6],[-12,-2],[-8,22],[-3,14],[-1,46],[-5,26],[-8,44],[-15,23],[-17,8],[-13,20],[-13,14],[0,33],[-3,12],[-11,-5],[-4,14],[-1,17],[-12,52],[-11,5],[-16,-17],[-1,-20],[-12,-1],[-5,24],[-7,3],[-12,-16],[-1,-18],[-5,-4],[-2,17],[3,30],[-4,10],[-7,-4],[-11,17],[-8,20],[-5,-4],[-2,-35],[-6,-9],[-5,15],[-11,-1],[0,30],[-5,9],[-6,-4],[-2,-14],[-9,-2],[-4,6],[-4,-9],[-11,9],[-11,-8],[3,27],[-27,31],[2,17],[-25,9],[-11,-17],[-20,5],[-13,-124],[-11,12],[-5,-76],[-3,-29],[-1,-32],[-4,3],[-3,-46],[-1,-23]],[[244826,534914],[5,-11],[0,-19],[5,0]],[[244843,534883],[-2,-12],[-6,-64],[11,-1],[15,40],[5,13],[5,1],[-1,7]],[[244870,534867],[0,15],[6,45],[14,35],[7,-13],[8,19],[17,-43],[6,17],[6,34],[9,31],[7,63],[-45,55],[-11,-99],[-27,32],[-8,-14],[1,-6],[-1,-5],[-10,-90]],[[244841,534960],[-4,9],[-13,21],[-11,-109],[-17,16],[3,-11],[-4,-88],[3,-2],[9,28],[-8,-74],[11,-11],[12,-13],[4,0],[-5,159]],[[244117,535764],[-15,-172],[3,-6],[13,5],[4,-26],[-2,-17],[11,-37],[-15,-150],[-10,12],[1,-21],[-14,-141],[1,-24],[-36,38],[-10,-98],[-11,-10],[-3,1],[-36,39],[9,96],[-2,5],[10,104],[5,0],[6,58],[2,21],[1,6],[26,254],[-10,6],[-4,10],[-2,29],[-10,9],[-3,9],[-8,4],[-4,15],[0,15],[4,12],[0,22],[-5,16],[57,111],[0,18],[4,30],[-3,9],[-8,10],[-4,25],[3,5],[-8,50],[-10,28],[-13,15],[-4,29],[0,20],[4,29],[-8,48],[-14,14],[-5,13],[-2,17],[-8,-1],[-14,20],[-2,16],[-8,2],[-7,14],[-4,29],[-4,-2],[-5,18]],[[246243,526804],[9,12]],[[246252,526816],[10,-77],[3,30],[33,-35]],[[246663,523112],[-16,32],[-6,4],[-12,-4],[-17,26],[-14,51],[-9,80],[-15,140],[-23,-26],[-2,-1],[3,33],[-71,83],[-10,-94],[-10,16],[-9,40],[-8,24],[-2,16],[20,31],[1,9],[20,-21],[16,151],[6,54],[-19,-20],[-9,0],[-19,-12],[-9,-2],[-17,6],[-12,101],[-21,100],[-9,78],[8,9],[6,11],[-10,92],[-16,83],[4,-1],[3,10],[-3,12],[2,13],[7,4],[5,18],[1,30],[4,12],[48,-88],[9,-13],[0,-1],[30,35],[-53,484],[-7,50],[-3,30],[-1,12],[-2,19],[-4,35],[-6,59],[-13,114],[-4,0],[-14,35],[-19,14],[-3,7],[-7,17],[-4,-3],[-10,34],[-6,3],[-6,-1],[-2,5],[-1,0],[-17,-7],[-5,13],[-15,-17],[-5,-20]],[[246318,525780],[-48,429],[-7,60],[-14,20],[-87,122]],[[246162,526411],[12,-13],[21,213],[29,68],[19,72],[3,26],[-3,27]],[[243970,523290],[6,-8],[5,-14],[10,-50],[7,-76],[5,-36],[1,-28],[0,-36],[-2,-20],[-3,-14],[-15,-45],[-2,-19],[-6,-1],[-5,-6],[-3,-3],[-5,-4],[-6,-19],[-37,-116],[-10,-32],[-9,-31],[-8,-42],[-4,-30],[-4,-69],[1,-20],[11,-20],[1,-2],[7,-8],[4,-1],[0,0],[35,-10],[22,-2],[1,-1],[43,-6],[9,1],[0,3],[12,4],[10,-2],[4,-10],[3,-13],[1,-40],[0,-16],[-1,-17],[-2,-19],[-9,-36],[-35,-76],[-7,-6],[-8,-29],[-33,-117],[-2,-15],[-1,-14],[-1,-31],[4,-30],[9,-36],[9,-2]],[[243972,522020],[-18,-8],[3,-25],[0,-7],[1,-11]],[[248905,526117],[-32,87],[-38,104],[-9,19],[-39,80],[-18,40],[-21,55],[-6,14],[-28,74],[0,36],[-5,62],[-12,84],[-22,136],[-4,15],[-85,196],[-2,6],[-26,151]],[[248897,524515],[4,17],[0,17],[4,5],[0,19],[4,4],[10,35],[20,16],[-1,7],[-1,38],[-6,32],[6,-25],[1,-37],[2,6],[-1,53],[6,7],[13,-36],[30,-50],[1,5],[5,15],[12,-2],[2,5],[11,36],[15,55],[1,9],[1,45],[3,75],[-5,48],[-3,36],[2,46]],[[249320,522902],[-2,15],[-4,2],[-9,-35],[-6,-15],[-6,4],[-28,41],[-5,14],[-9,48],[-8,24],[-8,4],[-4,-12],[-4,-20],[-6,-23],[-6,-12],[-9,-3],[-3,27],[1,35],[0,25],[-3,21],[-7,18],[-12,22],[-7,18],[-15,52],[-5,13],[-8,39],[-3,19],[3,13],[13,-14],[8,-1],[7,10],[3,15],[0,19],[-2,12],[-10,53],[-8,58],[-11,68],[-10,51],[-5,13],[-7,2],[-4,8],[-11,8],[-6,16],[-4,26],[-2,18],[3,58],[-1,16],[-6,15],[-7,-9],[-13,-32],[-11,1],[-6,8],[-6,23],[-1,20],[2,20],[8,17],[8,-5],[14,4],[11,17],[5,18],[3,24],[0,46],[-1,33],[-5,42],[-7,96],[-1,10],[-4,3],[-15,0],[-12,13],[-13,31],[-9,1],[-3,-10],[1,-21],[6,-28],[3,-38],[-5,-28],[-6,1],[-5,18],[-3,59],[-6,15],[-9,2],[-3,-5],[-3,-19],[2,-30],[8,-18],[3,-30],[-3,-22],[-5,-9],[-8,-4],[-9,6],[-19,18],[-10,13],[-7,17],[-2,17],[-5,19],[-4,4],[-16,-14],[-6,3],[-10,28],[-9,47],[-9,77],[-4,76]],[[248272,526709],[4,-38],[11,-53],[4,-26],[8,-33],[3,-18],[1,-27],[-2,-38],[-4,-26],[-9,-24],[-6,-7],[-13,16],[-8,5]],[[247939,525572],[-15,135],[-12,-13],[-18,166],[18,21],[-48,420],[-38,-43],[-3,-3],[0,9],[-40,24],[-6,55],[-5,-7],[-67,-121],[-5,50],[-21,-28],[-46,254],[-16,15],[7,56],[-7,54],[-9,12],[-6,-44]],[[246204,510091],[46,127],[-5,-103],[37,-22],[13,80],[9,94],[9,-1],[10,38],[18,-1],[0,35],[53,-14],[12,-12],[66,-257],[23,-6],[2,63],[64,-12],[0,15],[0,163],[24,-6],[5,-12],[3,2],[7,21],[-16,229],[5,10],[10,-11],[6,16],[19,9],[10,-6],[17,3],[14,6],[10,31],[10,0],[4,-11],[4,8],[3,-15],[8,4],[5,-6],[1,-14],[6,-13],[6,1],[21,-41],[3,-13],[4,5],[6,-16],[18,-12],[8,2],[8,16],[5,-39],[11,-23],[9,-17],[7,4],[1,12],[7,-7],[18,0],[5,-5],[2,80],[-12,7],[-16,55],[1,84],[15,1],[1,113],[15,2],[0,38],[-11,-1],[17,74],[16,-43],[4,5],[1,23],[6,2],[4,-7]],[[246896,510411],[-3,-14],[-35,-112],[-34,-86],[22,-62],[-24,-82],[-16,-46],[34,-105],[-67,-81],[32,-102],[5,12],[79,265]],[[247137,505968],[-4,-179],[-13,-7],[-6,-8],[-7,-20],[-17,-23],[-5,-34],[-10,3],[-12,16],[-22,0],[-3,7],[-14,-24],[-3,16],[-12,9],[-6,11],[-5,13],[-13,21],[-8,17],[-14,98],[-6,25],[-26,113],[2,15],[-80,337],[-46,-127]],[[241519,496717],[5,0],[1,79],[-3,113],[1,21],[29,-40],[8,-24],[11,-19],[8,21],[16,55],[7,-18],[8,-15],[10,-6],[14,-3],[34,24],[28,1],[14,-28],[6,-22],[18,22],[7,4],[12,0],[6,-4],[4,14],[8,-10],[5,0],[6,-18],[4,-7],[17,90],[9,22],[0,26],[4,24],[2,-3],[13,-42],[3,20],[8,11],[16,-54],[17,66],[-2,25],[-4,23],[-7,86],[-1,58],[3,55],[2,27],[11,55],[-103,219],[13,48],[-24,176],[0,12],[-5,21],[-3,4],[6,24],[28,59],[4,12],[-8,39],[-4,12],[-6,2],[-21,72],[-11,38],[-20,97],[-6,31],[-8,-11],[-10,-11],[-1,-18],[-11,29],[1,69],[-1,45],[-7,53],[-12,7],[-14,49],[-13,6],[-13,42],[8,-1],[1,16],[0,238],[2,15],[-5,17],[-7,14],[-5,20],[-8,7],[-7,17],[-5,0],[-27,18],[-59,2],[1,705],[107,6],[23,-88],[5,-15],[8,-38],[15,2],[3,-26],[8,-2],[75,3],[7,3],[16,93],[-23,75],[-28,-2],[1,32],[5,38],[-16,49],[-4,-13],[-4,0],[-7,23],[-8,1],[-5,18],[-1,17],[-6,7],[-4,-3],[-167,-9],[0,110],[0,52],[-1,277],[0,12],[33,836],[150,0],[21,-7],[21,0],[78,2],[44,-116],[9,-12],[20,125],[1,4],[-5,57],[-14,114],[-2,53],[-3,34],[3,46],[6,46],[3,91],[1,37],[8,47],[18,81],[6,18],[5,27],[10,29],[0,-37],[5,-30],[3,-24],[7,-12],[2,-29],[4,-47],[16,-16],[9,-4],[-15,109],[-3,43],[1,49],[1,7],[51,46],[1,52],[-1,40],[3,27],[21,-13],[22,47],[5,20],[7,0],[7,7]],[[242075,501909],[-1,-17],[3,-1],[15,-52],[6,1],[17,-24],[3,-14],[0,-42],[8,-21],[9,-1],[13,-12],[5,3],[7,-22],[8,-33],[1,-22],[-3,-49],[-5,-37],[5,-31],[23,-10],[10,-15],[7,-17],[12,-52],[8,-2],[7,-13],[8,5],[17,-9],[9,-25],[3,-20],[-4,-54],[1,-9],[8,-11],[1,-34],[5,-19],[2,-42],[6,-15],[10,9],[10,3],[19,-27],[24,2],[8,9],[8,19],[11,-1],[8,-18],[1,-17],[5,-27],[6,-9],[5,5],[5,23],[5,6],[3,-47],[-4,-24],[-5,-16],[-1,-18],[5,-15],[12,-7],[8,-25],[0,-8],[14,-62],[11,-15],[3,-10],[2,-26],[-7,-68],[0,-32],[5,-33],[7,-15],[5,-31],[-2,-24],[7,-20],[8,10],[8,-23],[12,-16],[7,-5],[9,5],[7,-1],[8,-24],[4,-23],[3,-59],[2,-23],[5,-22],[4,-8],[11,-2],[-3,21],[6,9],[9,-9],[12,64],[0,16],[9,48],[6,21],[4,-5],[45,-26],[2,59],[0,57],[23,89],[-1,10],[6,-8],[-1,-33],[0,-15]],[[242682,500781],[1,-37],[2,-19],[4,-11],[12,-7],[30,-47],[14,-4],[11,-8],[8,-24],[3,-13],[1,-41],[-3,-37],[-6,-24],[-14,-19],[-10,-39],[-7,-24],[-8,-39],[-16,-37],[-5,-39],[-7,-25],[-16,-28],[-16,-17],[-12,6],[-7,13],[-13,27],[-8,5],[-22,6],[-16,0],[-13,-7],[-8,-14],[-6,-20],[-6,-37],[-1,-44],[-4,-23],[2,-22],[-8,-17],[-4,-22],[3,-10],[-2,-27],[-9,-19],[-1,-15],[-4,-4],[-6,-27],[1,-17],[-6,-22],[-3,7],[-7,-9],[-6,-18],[-4,10],[-15,-17],[-7,-3],[-6,-24],[2,27],[-3,6],[-7,-23],[-6,0],[-5,9],[-5,14],[-2,-9],[-3,-16],[-1,-179],[46,-1],[156,-1],[0,-170]],[[242806,495030],[-248,-2],[-106,0],[-473,-2]],[[241979,495026],[0,147],[12,2],[19,68],[-2,46],[-18,-6],[-25,-6],[-9,-17],[-15,-3],[-8,-29],[-8,8],[-5,23],[-8,3],[-9,11],[-10,13],[-8,-2],[-5,-17],[-5,22],[1,254],[-10,1],[11,35],[-52,172],[0,32],[-22,74],[-6,-28],[-24,-156],[-61,-1],[-20,106],[-7,-8],[-5,-21],[-8,-9],[-4,27],[-7,-8],[-4,16],[-13,23],[-7,-5],[-8,-15],[-7,-3],[-8,-12],[-13,-2],[-9,-34],[-5,-18],[-9,-22],[-10,-22],[2,-25],[-8,1],[-7,-17],[-13,18],[-8,-14],[-8,-9],[-7,5],[-4,-25],[-1,-33],[-2,-6]],[[242217,501388],[1,-7],[1,-7],[0,-10],[1,-6],[6,-15],[-3,18],[-1,23],[-1,5],[-4,2],[0,-3]],[[239620,512037],[14,13],[16,22],[-11,120],[0,129],[10,-1],[3,8],[9,2],[5,-24],[12,-39],[6,-46],[6,-24],[3,-5],[19,0],[19,27],[9,24],[13,27],[20,31],[0,36],[5,34],[-8,17],[-9,39],[-14,27],[-4,14],[-6,31],[0,16],[11,56],[-3,50],[0,39],[21,2],[1,268],[1,12],[55,2],[0,171],[-4,0],[-1,120],[7,0],[-1,66],[-18,-4],[0,43]],[[239806,513340],[137,-6],[15,-2],[127,-9]],[[240644,512435],[2,-41],[-2,-34],[3,-40],[6,-13],[0,-10],[-7,-25],[-7,-52],[-4,-41],[0,-66],[12,-21],[5,-32],[9,-63],[3,8],[15,52],[7,25],[15,22],[18,5],[22,-6],[11,12],[24,3],[7,-31],[0,-35],[10,-23],[5,-8],[3,-13],[-2,-14],[0,-32],[9,-39],[5,-68],[9,-39],[3,-17],[6,-14],[15,-21],[4,17],[7,8],[-3,40],[1,30],[2,11],[8,-15],[10,3],[26,19],[1,29],[16,0],[0,-270],[26,1],[0,-5],[-3,-37],[12,-57],[0,-269],[1,-35],[1,-4],[6,8],[86,0],[3,-3],[6,-15],[3,-23],[7,-17],[11,-2],[12,19],[3,2],[45,-3]],[[241137,511196],[10,-42],[0,-32],[-2,-11],[-6,-7],[-3,-16],[-2,-40],[1,-27],[5,-23],[-4,-45],[-3,-15],[5,-12],[3,-15]],[[241141,510911],[-1,-25],[3,-40],[-10,-13],[4,-90],[-14,-30],[-8,-4],[-1,-31],[-6,-14],[3,-52],[8,-17],[-1,-14],[-9,-40],[4,-17],[6,11],[6,0],[7,-23],[-4,-30],[8,-32],[1,-31],[3,-7],[0,-23],[4,-6],[8,15],[4,-3],[4,-22],[0,-36],[-7,13],[-2,2],[-77,0],[0,-87],[-60,73],[-8,9],[0,-92],[-2,-34],[-1,-8],[-24,-1],[0,-113],[2,-38],[-1,-23],[4,-35],[8,-19],[-4,0],[0,-40],[2,0],[3,-4],[4,3],[-9,-45],[-8,-10],[-13,3],[-3,-7],[23,-135],[16,-74],[24,-71],[8,-40],[15,-55],[6,-13],[7,0],[6,6],[16,2],[20,-19],[5,-25],[-2,-29],[16,-22]],[[241124,509409],[-1,-11],[-2,-62],[-12,-68],[-38,117],[-4,17],[-11,83],[-4,-16],[2,-20],[-3,-36],[-4,-1],[-1,44],[-14,1],[-1,31],[-52,0],[1,-83],[20,-1],[4,2],[-6,-19],[-3,-17],[-46,4],[-7,30],[-49,1],[1,-30],[-4,-54],[-14,-1],[-1,-43],[-59,32],[-1,-20],[1,-169],[-77,1],[-9,-4],[-12,-18],[0,-52],[9,-4],[11,-14],[32,-96],[-15,-12],[-7,1],[-9,22],[-7,35],[-8,1],[-6,-15],[-1,-67],[-2,-3],[4,-35],[0,-33],[-8,-11],[-10,-35],[-7,-20],[-34,2],[0,-9],[-22,2],[-1,-147],[-4,-218],[2,0],[0,-51],[-2,9],[-1,-44]],[[240632,508305],[-9,-30],[-16,0],[-12,-9],[-15,11],[-6,16],[-5,26],[-7,1],[-8,-7],[-3,6],[0,-17],[-9,-34],[-6,-47],[-11,-43],[-1,-85],[31,-1],[-5,-38],[-3,-36],[-4,8],[-8,-13],[-9,12],[-4,-14],[-4,-40],[-5,-14],[1,-61],[4,-97],[-11,-29],[0,-13],[-33,0],[-1,122],[-51,-1],[-2,41],[-5,12],[-22,0],[-1,258],[-1,8],[-27,0],[0,22],[3,25],[5,1],[0,14],[-3,6],[3,6],[13,-10],[9,0],[4,10],[0,65],[26,5],[6,32],[6,15],[-10,8],[-2,18],[-8,3],[-39,-1],[-2,85],[-32,1],[0,43],[-35,-4],[-9,-21],[-13,11],[0,180],[0,4],[-55,0],[-14,35],[-3,-12],[-4,-41],[-6,-20],[-11,22],[-3,-15],[-10,4],[0,77],[-4,41],[-23,115],[-3,10],[-5,12],[-8,7],[-34,1],[-6,7],[-6,19]],[[240091,508977],[-1,21],[0,52],[-2,27],[-8,22],[-13,4],[-7,8],[-8,31],[-5,100],[22,0],[17,7],[9,22],[2,18],[-4,47],[-2,53],[1,31],[-11,34],[-15,-1],[-6,29],[-20,0],[1,159],[3,75],[10,-2],[4,15],[10,-19],[4,17],[-4,22],[0,22],[10,-3],[1,9],[15,-3],[1,37],[0,12],[6,0],[0,25],[-6,-1],[0,49],[4,1],[0,32],[-12,2],[-19,-8],[-27,-29],[2,21],[-3,29],[-9,0],[0,49],[0,42],[-4,39],[2,47],[62,0],[8,-18],[0,-4],[0,-163],[37,15],[64,25],[-8,11],[-3,27],[-5,12],[-2,25],[-6,17],[-1,18],[-5,18],[2,19],[5,4],[1,10],[-4,16],[-5,6],[-11,35],[-3,34],[-6,18],[-7,38],[-37,-4],[0,-41],[-14,-3],[0,145],[-10,6],[-1,167],[-1,332],[0,3],[0,90],[11,15],[10,1],[11,14],[17,0],[0,40],[2,37],[-2,9],[6,-4],[17,3],[14,10],[0,399],[-5,-13],[-9,-10],[-10,7],[-3,-7],[-7,1],[-10,-16],[-13,-25],[-12,-13],[-13,-23],[-7,-6],[-7,-13],[-24,0],[-2,-16],[-11,-3],[-15,2],[-10,-13],[-1,-6],[-2,-20],[-3,-76],[-1,-7],[-10,39],[-6,4],[-101,-2],[-2,1],[-6,10],[-8,56],[-3,12],[-7,6],[-19,0],[-8,8],[-7,38],[-7,10],[-30,0],[0,95],[-74,2],[-31,253],[-4,13],[-15,12],[-5,23],[-13,23],[-12,36],[-7,14],[-5,1]],[[238203,517326],[-2,-725],[3,-11],[3,-35],[4,-26],[-3,-29],[7,-17],[4,-28],[0,-40],[3,-28],[5,-10],[10,48],[1,14],[10,29],[24,32],[9,-1],[7,-14],[8,5],[11,-26],[7,-40],[5,-10],[16,3],[5,-6],[3,-16],[18,-12],[14,7],[5,-5],[0,-17],[-4,-29],[1,-36],[1,-18],[12,-16],[7,-23],[9,-72],[10,-27],[4,-18],[-1,-45],[2,-1],[2,1],[7,20],[5,-4],[5,23],[1,30],[-1,12],[1,36],[5,20],[-4,14],[0,12],[3,33],[-8,48],[-1,23],[-4,28],[13,42],[-6,20],[-6,41],[1,57],[0,11],[-5,27],[8,2],[13,38],[5,-11],[4,6],[3,11],[0,54],[-1,21],[6,-2],[2,-5],[1,-26],[4,-15],[16,-6],[1,-14],[-3,-22],[-1,-24],[10,-8],[9,-20],[3,-36],[14,22],[3,15],[-4,45],[1,21],[5,46],[1,24],[5,43],[4,15],[13,21],[0,14],[-2,9],[-6,-3],[-6,10],[-5,-8],[-1,13],[-10,28],[-12,3],[-11,33],[-4,-1],[-9,-24],[-2,28],[0,21],[-2,14],[-6,-4],[-4,5],[-3,-15],[-5,-3],[-13,-58],[-7,-3],[-5,-49],[-2,59],[1,15],[-6,16],[-1,-18],[-6,16],[1,19],[-2,42],[-5,34],[-9,23],[-1,46],[-3,29],[-2,20],[-5,15],[-8,7],[-3,30],[-12,42],[-5,4],[-10,32],[-7,20],[-6,57],[-3,15],[-16,18],[-14,37],[-7,19],[-4,24],[-1,22],[4,74],[4,21],[31,77],[7,31],[1,25],[-1,19],[-17,156],[6,-2],[8,36],[2,31],[6,35],[9,40],[-4,24],[2,11],[-2,19],[-6,26],[-1,18],[1,18],[-2,18],[8,34],[-1,28],[-2,22],[1,15],[-2,26],[4,5],[-1,32],[3,25],[6,-2],[4,-13],[6,-7],[12,6],[7,20],[16,58],[13,29],[5,6],[44,1],[-3,-28],[-10,-53],[-4,-73],[1,-32],[7,-61],[1,-34],[10,-22],[3,-13],[1,-38],[4,-46],[5,-38],[1,-45],[-3,-36],[1,-67],[2,-3],[18,6],[32,-78],[15,-18],[11,-6],[16,-4],[42,75],[14,22],[26,-107],[3,14],[9,57],[9,24],[5,30],[6,49],[2,88],[7,13],[46,114],[7,-323],[0,-320],[-18,8],[-12,11],[-6,-1],[-2,50],[-2,9],[-11,14],[-12,-26],[-4,-2],[-4,-26],[-4,-20],[6,-38],[-3,-14],[-7,-17],[-42,103],[-5,-24],[-6,-13],[-5,-34],[-3,-67],[-5,-9],[-7,5],[-3,-13],[-1,-23],[-3,-21],[2,-15],[6,-15],[-2,-24],[11,30],[1,-32],[-7,-29],[0,-11],[9,-18],[9,-37],[20,-13],[8,-9],[13,-24],[4,7],[11,0],[4,9],[12,-24],[8,5],[17,2],[5,-7],[11,3],[5,-5],[0,-49]],[[239031,516384],[0,-178],[-1,-1363],[-1,-184]],[[239029,514659],[0,-1319],[-104,-6]],[[238822,513329],[1,506],[-13,-12],[-14,-23],[-5,-15],[-5,-6],[-20,1],[-10,-14],[-9,-36],[-3,-2],[-19,-31],[-7,-5],[-10,9],[-5,15],[-4,2],[-9,15],[-7,37],[-4,57],[0,25],[-2,13],[-5,12],[-5,27],[4,50],[2,40],[-3,33],[-15,-39],[-9,-16],[-9,-9],[-14,-5],[-10,9],[-11,-6],[-6,-11],[-3,19],[-7,40],[-3,15],[11,5],[7,4],[-1,47],[-3,2],[-6,53],[-26,-41],[3,-13],[8,-29],[6,-23],[-4,-6],[-1,-4],[-12,50],[-8,18],[-21,-20],[4,-108],[14,-159],[5,-107],[-6,-306],[18,-2],[12,7],[3,-14],[2,-33],[-3,-29]],[[238585,513316],[-28,-4],[-100,-2]],[[247670,517857],[-8,-31]],[[247920,515378],[7,-26],[8,-11],[11,-75],[-1,-13],[1,-5],[4,-28]],[[247950,515220],[-6,32],[0,13],[-32,-54],[-9,4],[-86,-140],[0,-100],[-39,-3],[-2,11],[-3,11],[-31,100],[-7,34],[-2,38],[-1,51],[-1,93],[-63,-5],[-4,-6],[-3,-21],[-3,-35],[-3,-7],[-17,-4],[-7,0],[-38,-7],[-1,-4]],[[247592,515221],[-11,11],[-43,-3],[-5,15],[-2,36],[-6,16],[-3,1],[-70,-7],[-5,-4],[0,10],[-67,-39],[-1,95],[0,11],[-19,2],[-2,55],[-43,-4],[-1,-68],[-17,-1],[-5,4],[-3,-5],[-20,0],[-5,-22],[-16,-1],[1,-94],[-2,-28],[-11,12],[-20,-1],[0,-87],[-12,-5],[0,-35],[-53,6]],[[247151,515091],[-17,0],[-1,21],[-1,5],[-2,6],[-1,117],[-24,0],[-1,138],[24,59],[-2,2],[-19,0],[-1,154],[0,9],[6,3],[-2,17],[0,86],[-1,19],[2,10],[-3,11],[-8,11],[-7,35],[-3,3],[-4,58],[0,82],[-2,0],[0,171]],[[247084,516108],[7,17],[-5,22],[8,22],[-4,20],[6,22],[10,10],[1,139],[0,92],[8,87],[-2,157],[36,0],[1,-12],[27,93],[-1,78],[1,11],[22,77],[0,13],[26,-15],[28,-15],[6,21],[-19,46],[0,111],[-3,148],[-1,24],[-20,-13],[-13,-22],[-7,-1],[-6,14],[0,22],[4,39],[5,66],[0,22],[4,30],[2,30],[-2,28],[-3,13],[-5,1],[-11,-10],[-8,0],[-16,-10],[-8,-19],[-3,-33],[0,-45],[-2,-25],[-8,-36],[-7,-8],[-7,7],[-2,13],[-13,4],[0,7],[-10,-10],[-11,-26],[-3,-11],[-5,-51],[-3,-16],[-6,-21],[-9,-5],[-5,8],[-15,10],[-5,1],[-6,-12],[-7,1],[-8,18],[-2,20],[3,19],[7,15],[6,32],[0,25],[2,13],[6,15],[0,23],[-2,7],[-14,31],[-11,33],[-11,24],[-8,7]],[[241806,505969],[17,98],[11,51],[34,199],[1,15],[8,10],[6,-55],[10,2],[9,-13],[4,-14],[-2,-49],[3,-23],[8,-16],[8,3],[2,12],[5,-2],[11,23],[10,32],[7,1],[11,-15],[17,-66],[4,-1],[1,-3],[-3,-33],[46,-85],[29,173],[12,67],[17,-21],[7,-11],[5,-2],[10,24],[3,13],[16,53],[12,7],[3,-2],[13,-25],[1,-27],[3,-8],[11,-7],[10,0],[-3,-11],[-13,-7],[-2,-5],[-36,-233],[82,-94],[4,-225],[7,-8],[0,38],[9,14],[5,32],[5,13],[8,7],[3,19],[6,7],[6,17],[10,10],[2,3]],[[242279,505851],[-17,-153],[-1,-21],[0,-109],[56,-13],[0,-186],[63,-103],[7,17],[3,-7],[-9,-22],[-15,-39],[-18,-46],[4,-9],[9,-8],[0,-27],[-8,0],[-1,-41],[-16,4],[7,-37],[30,0],[2,-31],[26,1],[11,0],[0,-86],[4,-138],[-38,2],[0,-6],[6,-30],[21,-114],[0,-4],[2,-16],[-3,0],[-1,-39],[-1,-12],[-10,-2],[-6,-28],[-1,-14],[-5,1],[-53,-1],[-2,-964],[88,-2]],[[242413,503568],[16,-163],[24,26],[0,-202],[0,-6],[1,-12],[58,-281],[9,-55],[17,-90],[4,-37],[0,-47],[1,-8],[6,-16],[10,-4],[6,-8],[7,-45],[6,1],[6,29],[4,22],[15,18],[8,0],[3,15],[15,26],[6,-2],[9,6],[5,13],[6,7],[14,-4],[20,-9],[10,-11],[5,-9],[11,-1]],[[242715,502721],[1,-302]],[[242716,502419],[1,-249],[2,-11],[22,-81],[4,-18],[39,-142],[177,2],[0,-416]],[[242961,501504],[1,-210],[-16,-5],[-11,-17],[-6,-31],[-1,-27],[2,-350],[-1,-27],[-3,-33],[-5,-24],[-6,-23],[-33,-77]],[[242882,500680],[-10,-28],[10,-32],[6,-38],[-5,-56],[1,-14],[-1,-25],[-5,-31],[1,-19],[-11,-26],[1,-18],[5,0],[5,11],[1,14],[6,-16],[1,-19],[-4,-5],[0,-28],[-4,-6],[5,-33],[-1,-15],[-4,-20],[-12,6],[2,-26],[-5,-25],[-10,-26],[-5,-18],[-21,-11],[-15,-17],[-6,-35],[-3,-46],[-4,-10],[-7,-8],[-2,40],[6,23],[0,12],[-6,33],[3,14],[-1,14],[4,22],[7,18],[2,-9],[8,28],[-1,38],[-2,19],[1,15],[6,4],[1,10],[-9,38],[-4,-5],[0,-20],[-8,68],[0,20],[3,20],[-6,-9],[-2,31],[2,13],[-3,5],[2,32],[-6,21],[-1,51],[-1,9],[-16,15],[-7,23],[-4,1],[-11,37],[-8,16],[-6,3],[-2,-16],[2,-7],[-39,57],[-4,-23],[-4,12],[-5,48]],[[242075,501909],[0,11]],[[242075,501920],[6,38],[-9,38],[-11,-7],[-7,18],[-2,21],[-13,9],[-4,6],[-10,55],[-2,34],[-7,3],[0,14],[8,29],[-2,29],[-28,57],[-8,14],[-2,10],[1,33],[5,8],[2,20],[6,24],[-2,114],[-1,6],[-39,131],[-1,4],[23,75],[0,14],[-9,-1],[0,13],[-40,125],[10,39],[-4,19],[-31,384],[36,51],[-1,41],[10,19],[-17,212],[26,23],[-21,261],[3,5],[38,34],[6,-4],[11,40],[11,8],[3,7],[-1,86],[-58,-2],[-16,183],[-24,-20],[-8,94],[-24,-22],[-7,76],[-8,91],[-6,-5],[0,17],[-5,0],[129,238],[-5,29],[-20,0],[0,79],[-10,5],[-7,-14],[-9,4],[0,-20],[-11,0],[-6,-5],[-2,-13],[-15,-2],[-1,23],[-18,-1],[-16,29],[-15,-5],[-20,-35],[-8,-1],[-3,7],[1,69],[-33,-29],[-33,395],[21,145],[-46,87],[31,186],[2,19],[75,-147],[10,54],[1,13],[7,30],[34,196],[-27,36],[-60,59],[8,47]],[[245216,525537],[28,9],[21,5],[-1,39],[-3,37],[5,5],[4,-42],[-2,-38],[3,12],[11,10],[0,-28],[-4,-4],[-1,-1],[-11,-8],[-9,-13],[3,-45],[-7,-3],[0,-45],[-1,12],[0,11],[-3,19],[-14,36],[-8,10],[-18,16],[7,6]],[[240955,513282],[5,-22],[3,-28],[6,-27],[4,-27],[2,-41],[-3,-57],[-2,-34],[-4,-37],[-8,-47],[-12,-45],[-5,-47],[-1,-26],[4,-32],[8,-19],[10,-13],[3,-18],[-1,-25],[-6,-26],[-10,-18],[-4,-19],[-1,-36],[2,-34],[12,-63],[6,-38],[8,-25],[9,-16],[8,-1],[9,24],[2,22],[5,22],[5,14],[7,12],[14,4],[25,-22],[19,-4],[8,6],[18,45],[11,14],[14,-16],[2,7],[44,174],[34,139],[60,239]],[[241502,512698],[0,-128],[0,-170],[0,-108],[0,-28],[0,-75]],[[241502,512189],[0,-68],[-23,-1],[-6,-12],[-5,-28],[-8,-12],[-26,-25],[-9,-1]],[[241425,512042],[-6,8],[-3,-17],[-10,-19],[-29,-24],[-22,15],[-7,-3],[-1,9],[-5,49],[0,20],[5,14],[16,2],[0,10],[6,-4],[11,29],[20,22],[-6,30],[-4,30],[-7,23],[-8,9],[-19,10],[-23,30],[-5,3],[-34,6],[-7,4],[-8,-53],[-6,-45],[-10,-75],[-3,-19],[-4,0],[-4,-15],[-3,-27],[2,-14],[7,-18],[-1,-22],[-3,-16],[8,-16],[1,-21],[-6,-8],[-4,-22],[0,-30],[-5,-21],[-6,-7],[1,-36],[-45,-2],[-4,-3],[-2,10],[12,114],[0,32],[-5,25],[-1,41],[2,12],[10,27],[2,16],[-3,16],[-4,11],[-9,10],[-11,19],[-12,-5],[-7,-13],[-8,-4],[-10,14],[-9,27],[-7,2],[-17,-18],[-6,0],[-5,16],[-5,51],[-8,11],[-3,-2],[6,-15],[0,-16],[-3,-14],[-7,-14],[-6,-38],[-8,-25],[0,-13],[3,-70],[13,-132],[0,-8],[-6,-74],[0,-11],[6,-40],[15,-35],[8,1],[4,-21],[1,-26],[10,-48],[13,16],[19,16],[21,4],[7,8],[0,12],[6,1],[13,-8],[6,14],[7,1],[12,29],[4,5],[5,-22],[-1,-13],[1,-38],[6,-28],[1,-21],[9,-8],[2,-17],[1,-35],[-5,-7],[-2,-25],[-14,-16],[-6,2],[1,-11],[-10,-42],[15,-24],[6,-13],[5,9],[9,-1],[-4,-17],[5,-25],[-2,-18],[2,-24],[-4,-29],[7,-45],[4,-11],[-2,-35],[-13,-22],[-5,18],[-1,22],[-7,-1],[-7,20],[-10,-64],[1,-17]],[[241219,511181],[-3,0],[-14,14],[-65,1]],[[246499,534277],[-9,-53],[-3,-1],[-6,1],[-4,12],[-8,1],[-7,13],[-6,-5],[-8,7],[-16,68],[-12,15],[0,20],[-5,20],[4,4],[17,31],[-13,80],[8,14],[5,-24],[13,22],[-6,33],[-6,33],[-12,72],[14,26]],[[242551,512504],[3,17],[5,-12],[3,11],[8,28],[9,34],[7,26],[15,53],[16,60],[13,48],[8,28],[1,11],[1,113],[2,16],[8,27],[-2,16],[-6,14],[-9,14],[-6,28],[-1,15],[-23,21],[0,2]],[[242603,513074],[23,-20],[0,6],[11,-10],[0,20],[-4,29],[0,21],[-12,39],[12,16],[-2,-32],[12,-2],[3,-7],[0,-60],[9,-9],[3,-3],[1,-33],[0,-3],[8,-2],[36,9],[0,5],[25,5],[22,8],[30,3],[4,2],[28,2],[6,-2],[28,2],[18,4],[-6,41]],[[242858,513103],[-1,14],[2,21],[3,10],[20,41],[21,-82],[13,25],[4,-21],[11,20],[10,-43],[6,3],[-36,-29],[-7,-10],[-5,-10],[-7,-21],[-1,-2],[18,-93]],[[242909,512926],[-13,-24],[-9,-22],[-9,-24],[-11,-28],[-22,-60],[4,-23],[-12,-35],[-5,-26],[-5,19],[-5,-12],[1,-2],[4,-24],[-3,-12],[-5,6],[-11,-14],[-1,9]],[[242807,512654],[-22,132],[-10,59],[-6,-13],[-16,-49],[-15,-45],[-27,-86],[-9,-41],[-9,-40],[-24,-107],[-13,-54],[-4,-10],[-2,-5],[-1,0],[-6,-14],[-14,-34]],[[242629,512347],[-5,9],[-4,18],[-4,7],[-11,-1],[-7,-10],[-2,-21],[-5,-16],[-9,-19],[-20,55],[-12,12],[-15,39],[9,32],[-1,11],[4,14],[2,-7],[1,4],[5,18],[-4,12]],[[242635,513100],[0,-7],[3,5],[1,15],[-4,3],[0,-16]],[[242531,511240],[2,-9],[0,-1],[1,-1],[0,0],[0,1],[0,1],[0,-7],[-1,-2],[-1,-1],[-1,-2],[0,-7],[11,-1],[0,-18],[7,0],[8,0],[14,0],[0,-18],[9,0],[9,0],[0,39],[19,0],[8,-4],[4,-27],[-3,-6],[3,-14],[1,-9],[5,4],[3,5]],[[242629,511163],[3,4],[-2,-14],[-1,-16],[-1,-35]],[[242628,511102],[-9,-4],[-16,4],[-21,7],[-11,3],[0,4],[-6,-1],[-40,1]],[[242525,511116],[1,14],[16,2],[0,7],[0,4],[-5,0],[-9,5],[2,45],[-4,13],[1,35],[4,-1]],[[246261,526885],[-3,-30],[2,-19],[-8,-20]],[[246243,526804],[-4,40],[9,13],[-8,66],[-2,46],[-13,12],[0,19],[-10,6],[-7,40],[-9,8],[-11,16],[-8,-60],[23,203]],[[243950,536415],[-3,-28],[-17,15],[-10,-19],[-22,20],[-63,68],[-23,-232],[25,-30],[-6,-58],[-18,4],[-7,-9],[-10,7],[-3,22],[-6,13],[-12,-16],[-3,1],[-3,20],[-4,16],[-8,8],[-3,-5],[-8,-83],[75,-84],[-5,-52],[-15,14],[2,22],[-48,50],[-9,-100],[-7,-71],[14,-17],[-20,-214],[-3,-28]],[[245510,527346],[92,-132],[-68,-40],[-28,29]],[[245506,527203],[2,19],[9,111],[-7,13]],[[239279,521056],[-231,8],[-10,-41],[-39,1],[1,-119],[-17,-3],[-12,11],[-9,-29],[-10,-3],[-16,23],[-7,-19],[-3,-21],[-3,-63],[-2,-14],[-8,16],[-9,6],[-6,8],[-5,-4],[-15,0],[-6,-25],[-10,-94],[-3,-83],[-4,-10],[2,-15],[-2,-40],[41,-54],[0,-39],[-5,-19],[-1,-32],[-6,16],[-11,10],[-3,-13],[-6,-6],[-7,2],[-17,23],[-4,-3],[-7,7],[-7,-1],[-12,-12],[-8,13],[-9,3],[-3,-5],[-7,1],[-6,-14],[-2,1],[-9,-17],[-6,3],[-3,-6],[-11,-7],[-8,3],[-7,-11],[-16,0],[-13,-11],[-11,-6],[-12,2],[-11,-11],[-9,19],[-9,2],[-7,-9],[-13,7],[-12,21],[-21,59],[-21,38],[-3,2],[-6,-8],[-3,10],[37,147],[-5,11],[-10,-10],[-3,-10],[-4,5],[0,16],[-6,14],[-6,4],[-1,25],[2,50],[-1,35],[4,18],[16,28],[-5,21],[-14,14],[0,14],[5,67],[2,16],[6,12],[15,2],[4,-10],[5,9],[89,3],[-2,62],[1,29],[-132,5]],[[242506,511012],[1,0],[1,20],[6,9],[0,18],[5,26],[6,31]],[[242628,511102],[-2,-50],[0,-71],[0,-62]],[[242626,510919],[-14,-2],[-7,0],[0,10],[-7,0],[0,-11],[-7,1],[0,5],[-14,0],[0,-6],[-7,0],[0,20],[-28,0]],[[242542,510936],[0,8],[-9,-8],[-5,-4],[-4,4],[0,16],[-12,2],[1,15],[10,-2],[0,30],[-9,0],[-4,-15],[-4,1],[0,29]],[[248443,525806],[51,85],[146,245],[-10,56],[-10,28],[-8,9],[-19,2],[-6,-5],[-8,19],[-6,23],[0,56],[1,16],[1,40],[2,8],[6,51],[0,24],[-2,26],[-4,24],[-9,21]],[[248905,526117],[-3,-4],[-3,2],[0,-17],[-4,-21],[12,-11],[28,-70],[26,-65],[43,-111],[-11,-19],[1,-64],[-5,-6],[2,-27],[-2,-18],[-6,-2],[12,-42],[-4,-45],[-7,8],[-10,18],[-5,-10],[-13,1],[-5,-14],[2,-14],[-6,-20],[-14,-16],[-1,-21],[-6,26],[-32,101],[-3,-11],[-7,-21],[-2,-1],[28,-91],[6,18],[7,-20],[-12,-31],[5,-21],[-3,-11],[-4,0],[-11,-37],[-3,2],[-5,-18],[-3,-3],[-8,-28],[3,-5],[-3,-10],[-6,1],[-1,13],[-6,12],[-6,-7],[-8,18],[2,-13],[6,-11],[3,-21],[16,-1],[-1,-7],[15,7],[11,13],[17,-57],[-10,-8],[-3,12],[-1,-9],[-17,-12],[0,-9],[-8,-1],[-8,14],[42,-135],[12,54],[12,37],[-8,23],[6,17],[4,-23],[11,-33],[-1,-22],[-14,-48],[6,-57],[3,3],[2,-22],[6,7],[-1,13],[-7,23],[11,37],[0,22],[2,-13],[16,-50],[21,68],[16,53],[1,-8],[3,-42]],[[249017,525206],[1,-20],[-5,-11],[-2,-14],[13,-37],[1,-5],[2,-7],[3,-21],[1,-21],[4,24],[2,-16],[-4,-12],[1,-15],[-2,-2],[2,-28],[-1,-25]],[[248214,521152],[12,4],[1,13],[11,15],[6,-4],[4,6],[1,17],[3,-18],[7,-4],[1,-13],[9,1],[10,18],[3,-1],[8,16],[4,-3],[6,9],[7,-3],[8,11],[7,-3],[3,36],[5,25],[6,15],[5,4],[13,-16],[7,3],[2,-15],[7,15],[12,15],[4,-9],[8,6],[0,10],[5,4],[11,27],[2,-14],[5,8],[6,-13],[16,34],[-3,9],[4,3],[-4,15],[2,12],[10,12],[9,17],[5,0],[-5,36],[12,16],[5,-2],[2,-21],[10,6],[-1,-13],[4,5],[5,-16],[6,12],[13,-33]],[[248441,518237],[-4,26],[-7,3],[-1,13],[-9,13],[-2,13],[2,8],[-9,46],[-5,16],[11,38],[3,32],[-36,-1],[-4,8],[-3,19],[-10,28],[-3,15],[-5,4],[-83,-301],[-3,-11],[-6,262],[-7,12],[-15,30],[-11,63],[6,97],[-2,104],[-1,131]],[[248237,518905],[-1,23],[-21,166],[-39,112],[17,170],[5,18],[-17,58],[56,-6],[11,9],[2,10],[-11,-12],[-44,140],[9,30],[6,-10],[13,79],[-89,283],[16,33],[14,-4],[12,26],[-25,81],[-6,47],[-17,74],[-9,51],[-5,19],[-6,8],[-21,23],[-5,13],[-25,116],[3,10],[41,94],[-3,19],[-7,30],[5,40],[-13,54]],[[248443,522215],[2,-23],[4,11],[8,-24],[3,-9],[28,70],[1,5],[4,25],[-3,76],[-2,-11],[-16,52],[-7,-16],[-9,-49],[-8,-13],[-12,-28],[2,-10]],[[248608,523049],[-20,-67],[15,-50],[5,-42],[26,-77],[17,55],[21,-71],[-13,-47],[1,-11],[25,-78],[81,270],[-33,107],[4,19],[-10,69],[-16,93],[15,51],[-5,15],[12,43],[5,-17],[27,92],[47,-148],[2,-7],[1,-19],[1,-84],[1,-13],[3,-16],[14,-50],[23,-127],[7,-21],[16,-21],[6,-14],[7,-56],[3,-33],[5,19],[4,10],[36,50],[18,4],[69,229],[-10,45],[-12,43],[-5,10],[-4,28],[-9,2],[-19,-6],[-4,5],[-8,29],[-3,30],[-17,48],[2,33],[2,15],[1,28],[-3,43],[-8,-2],[-7,-19],[-8,18],[-11,18],[-8,25],[-7,14],[-17,9],[-3,-3],[-1,13],[3,23],[-1,21],[-3,31],[-7,32],[-10,1],[0,31],[-3,8],[-8,-10],[1,-38],[-3,-28],[-7,-23],[-12,-10],[-10,4],[-11,12],[-8,14],[1,32],[-2,14],[-5,-16],[-4,-3],[-6,10],[-1,15],[3,7],[5,-4],[6,7],[-2,26],[-9,1],[-4,-7],[-8,-3],[-10,-38],[-9,-1],[-3,-6],[0,2]],[[247901,521418],[-6,2],[-3,11],[4,15],[-6,-2],[4,24],[-8,29],[-1,-11],[-2,22],[-10,6],[-2,22],[-9,-6],[-2,17],[3,8],[2,40],[2,40],[-5,29],[-9,-1],[-6,-8],[-6,14],[3,25],[-3,13]],[[242465,519783],[-3,30],[-3,17],[-7,11],[-1,19],[-3,18],[-7,18],[-8,7],[-7,-1],[-6,11],[-6,18],[-8,111],[-6,27],[-4,26],[-7,-4],[-5,24],[-4,34],[1,38],[-3,18],[0,23],[7,-4],[5,14],[0,28],[-4,34],[-3,14],[-8,6],[3,32],[-1,10],[-7,14],[1,19],[-5,52],[0,21],[3,18],[2,37],[5,23],[-1,10],[-9,23],[6,21],[-1,15],[-12,18],[-26,-67],[-8,-11],[-5,-1],[-29,4],[-10,-4],[-13,-16],[-7,-6],[-18,-5],[-66,-43]],[[242177,520484],[0,79],[0,25]],[[242166,523420],[-1,101]],[[239029,514659],[4,18],[1,26],[5,24],[12,15],[9,1],[6,9],[8,21],[5,20],[5,46],[23,45],[3,4],[9,0],[15,-15],[8,-4],[11,-1],[10,-70],[3,-36],[13,-62],[15,-60],[5,-54],[4,55],[3,13],[13,7],[6,15],[7,29],[6,38],[1,17],[7,19],[15,29],[7,16],[11,9],[10,1],[13,28],[1,14],[3,16],[7,15],[5,5],[12,3],[4,5],[6,-8],[11,9],[15,-12],[8,8],[8,1],[14,31],[8,10],[5,-1],[-4,47]],[[239405,515005],[11,0],[9,-30],[1,-35],[5,-19],[24,-32],[7,-8],[4,0],[3,1],[6,8],[2,5],[5,17],[13,-159],[-44,-43],[6,-66],[37,34],[7,-83],[52,41],[4,-40],[36,29],[3,-44],[27,26]],[[239623,514607],[6,-36],[3,-5],[0,-3],[1,-5],[0,-4],[27,-362],[-13,-13],[20,-201],[0,-15],[11,28],[3,22],[0,18],[-5,15],[30,0],[1,2],[3,-8],[10,17],[5,-8],[2,12],[7,3],[6,-4],[7,-40],[9,-28],[5,-27],[11,-29],[0,-16],[-9,14],[-8,22],[-6,6],[-18,-7],[-8,7],[-6,15],[-14,19],[-10,-14],[-2,-34],[-8,-33],[-7,1],[-7,16],[18,-209],[9,8],[13,-159],[-18,-16],[0,-167],[-12,0],[0,-45],[127,-4]],[[243387,513350],[-1,0],[-8,-16],[0,-11],[13,-77],[7,-41],[-9,-20],[15,-87],[-8,-15],[-2,11],[-8,-17],[-6,36],[-16,-31],[-3,16],[-15,-27],[16,-100],[-9,-23],[2,-13],[6,-31],[0,1],[8,-45],[5,-4],[-11,-28],[9,-67],[9,17],[2,-14],[-1,-2],[14,-69],[4,-24],[4,8],[10,-59],[2,-9],[32,10],[1,-8],[1,-7],[-27,-51],[4,14],[-9,33],[0,-1],[0,-38],[6,-48],[3,-18],[2,-15],[0,-2],[11,-59],[6,-35],[13,-73],[-1,-1],[-18,-14],[6,-35],[1,-1],[0,-1],[2,-3],[8,-40],[0,-1],[8,-47],[-26,-50],[7,-34],[-28,-54],[20,-112],[-3,-6],[-5,14],[-3,22],[-15,-26],[4,-19]],[[243416,511903],[-5,20],[-1,16],[-1,7],[0,16],[-1,5],[-13,14],[-1,5],[-1,-12],[-9,-8],[-5,24],[2,25],[9,20],[-6,23],[-10,-5],[-2,10],[4,15],[-11,37],[-11,4],[-3,7],[-4,3],[-12,-4],[-3,11],[-3,4],[-8,-9],[-1,4],[2,36],[-2,18],[-2,5],[1,6],[-5,26],[-1,5],[-38,-71],[-11,63],[-4,21],[-5,-1],[-26,-47],[0,1],[10,20],[-4,27],[-9,-17],[2,-13],[-2,-5],[-8,47],[2,3],[-8,47],[-6,20],[2,3],[5,5],[2,26],[-3,13],[-12,20],[13,51],[7,-6],[6,10],[3,53],[7,9],[-4,34],[1,9],[0,3],[4,3],[7,40],[-1,3],[-2,4],[-3,8],[-2,0],[-1,2],[-1,0],[-1,4],[0,12],[-12,10],[-14,80],[-4,23],[-9,-17],[-1,1],[-8,45],[1,1],[-3,18],[31,61],[-5,29],[-7,36],[-14,81],[-1,-3],[-2,-4],[-11,58],[-9,47],[9,26],[-1,7],[16,57],[20,28]],[[243530,513690],[26,42],[23,-93],[0,-1],[-18,-34],[17,-102],[-5,-11],[11,-38],[14,44],[4,-60],[1,-16],[-36,-67],[28,-162],[-11,-20],[4,-20],[-2,-5],[6,-37],[15,28],[6,-40],[-8,-15],[4,-22],[7,8],[21,4],[6,-3],[2,-5],[29,10],[1,0],[17,-2],[1,0],[39,20],[-4,-82],[21,-72],[-8,-26],[10,-26],[2,8],[3,-18]],[[243625,511262],[1,-24],[-6,-11],[-2,-1],[-6,5],[-4,-4],[-7,-8],[-1,-13],[-3,-6],[-8,-12],[-5,-11],[-9,-16],[-3,-12]],[[243572,511149],[-3,77],[-7,3],[-6,23],[4,11],[12,19],[-29,161],[-18,-32],[-25,141],[-5,18],[-6,6],[-61,-118],[-6,41],[-6,44],[-10,-18],[-5,33],[13,27],[-16,90],[-15,-30]],[[243383,511645],[-5,39],[4,6],[-3,20],[1,10],[-5,9],[-8,45],[13,24],[5,-16],[12,21],[0,14],[-3,12]],[[243394,511829],[28,41],[0,2],[-3,22],[-3,9]],[[242229,509248],[0,-5],[12,55],[6,16],[3,-33],[3,-16],[11,-24],[2,25],[4,7],[7,27],[5,6],[14,-2],[7,-10],[1,-23],[-4,-16],[2,-18],[6,-3],[6,-25],[10,-5],[7,2],[2,7],[26,21],[5,-28],[8,-2],[9,9],[6,16],[9,-6],[8,-12],[5,10],[5,-5],[3,-29],[3,-6],[8,0],[4,-7],[4,-20],[7,-8],[6,2],[5,-22],[10,-2],[4,-15]],[[242468,509109],[-4,-3],[-3,-17],[-2,10],[-3,-25],[2,-11],[-3,-10],[-6,-4],[-7,31],[-4,5],[-5,-7],[-3,-15],[-5,-2],[-1,36],[-11,0],[-4,-6],[1,-38],[-6,6],[-2,18],[-10,-23],[-4,-15],[10,-45],[2,22],[7,-8],[12,13],[7,-4],[11,8],[7,-17],[11,0],[7,9],[-5,-32],[-1,-9],[10,-14],[-11,-86],[-4,5],[-1,-32],[4,22],[0,-3],[-1,-47],[-2,-13],[0,-2],[-13,-90],[0,-3],[0,-2],[-1,-1],[-1,-8],[-1,-8],[0,-178],[0,-4],[5,-2],[5,2],[41,49],[16,25],[5,2],[12,-1],[8,0],[41,4],[80,9],[7,49],[11,10],[6,-1],[4,4],[6,64],[3,-10],[1,0],[4,16],[5,1],[1,1],[1,3],[0,6],[4,14],[4,-1],[2,3],[1,7],[2,5],[0,1],[2,1],[2,0],[1,3],[0,3],[2,10],[1,3],[4,5],[3,-8],[-1,-19],[1,-14],[2,-6],[3,-1]],[[242730,508749],[0,-16],[-4,3],[-9,-5],[0,-17],[19,-7],[1,-16],[6,50],[3,2],[-22,-144],[-3,-30],[-24,-218],[-17,-166],[-3,-61],[-5,-122],[0,-20],[0,-230],[-9,-300]],[[242663,507452],[-3,-91],[-1,-103],[-8,1],[-5,-5],[-14,-25],[-1,265],[0,0],[-75,98],[-57,73],[-1,-66],[0,-118],[-1,-37],[-5,-45],[-6,-38],[-3,-23],[-1,0],[-8,19]],[[242474,507357],[-7,15],[0,4],[-1,31],[-27,0],[-2,90],[6,-9],[19,23],[-2,36],[-4,-1],[0,17],[-36,-1],[1,-17],[-46,-1],[0,115],[0,136],[-4,-31],[-4,-1],[-1,73],[-64,83],[-30,39],[-52,66]],[[242220,508024],[23,2],[-1,61],[14,0],[-1,72],[7,9],[0,62],[-33,-3],[-1,72],[-21,0],[0,15],[-20,0],[0,98],[18,2],[-1,222],[-7,-3],[2,89],[1,25],[-11,-1],[0,239],[-11,-11],[-5,2],[-7,13],[-8,40],[-11,20],[-1,-12],[4,-14],[-1,-94],[-19,29],[-30,43],[0,109],[-10,23],[0,66],[-3,26],[2,11],[0,-14],[9,-1],[6,12],[-2,-16],[-3,-5],[-1,-7],[0,-11],[1,-4],[0,-24],[2,-8],[11,-17],[3,1],[6,25],[8,1],[4,-20],[1,0],[1,1],[1,3],[-1,3],[0,2],[1,2],[3,4],[8,-67],[4,-5],[6,-6],[3,-9],[9,3],[1,-38],[8,-25],[0,22],[9,14],[2,37],[7,-11],[5,32],[19,93],[9,45]],[[242131,510564],[32,0],[0,14],[14,-1],[0,-13],[1,0],[0,13],[4,-2],[-10,98],[-5,-6],[-1,16],[2,20],[-7,34],[-4,-2],[1,41],[19,-2]],[[242177,510774],[12,-3],[-1,-28],[1,-42],[29,-11],[4,-5],[8,-7],[10,-3],[0,4],[0,13],[6,1],[0,18],[24,-9],[-1,-25],[2,0],[21,1],[5,-11],[1,8],[0,6]],[[242298,510681],[2,-2],[1,4],[13,1],[1,-7],[13,0],[-4,-17],[1,0],[2,0],[8,1],[0,6],[8,-4],[9,-2],[0,-6],[1,-1]],[[242135,510512],[1,13],[-2,16],[0,1],[-3,2],[0,20]],[[242771,513537],[18,-13],[36,-26],[4,-10],[25,24],[1,32],[0,3],[8,-18],[44,114],[15,-72],[-3,-14],[3,-8],[13,69],[2,28],[-7,19],[-36,42],[-10,51],[-3,26],[-9,17],[-13,-14],[-9,-14],[-12,-11],[-10,-9],[-3,4],[-5,64],[-1,41],[-2,25],[-3,4],[-2,3],[-4,22],[1,24],[7,22],[13,25],[2,16],[2,36],[-1,23],[-5,35],[-5,22],[-3,27],[1,38],[-1,23],[1,23],[11,26],[6,8],[12,-16],[10,7],[18,4],[15,-24],[9,0],[10,11],[12,23],[8,5],[4,9],[7,19],[3,25],[0,47],[5,14],[2,20],[-2,36],[-9,18],[-15,39]],[[243186,513399],[-11,-24],[-9,-20],[-3,-4],[-36,-49],[-24,-33],[-5,22],[-11,-22],[-5,-3],[-4,-11],[3,-14],[-17,-24],[-13,-24],[13,-81],[-36,-62],[-44,-77],[-3,-7],[-6,-13],[-35,-96]],[[242940,512857],[-7,-30],[-2,-19],[0,-4],[-22,122]],[[242858,513103],[-6,27],[-31,194],[22,43],[0,2],[-3,25],[-14,-26],[0,48],[6,8],[-1,10],[4,4],[-4,31],[-5,6],[-50,-95],[-1,22],[-9,37],[2,27],[3,2],[7,29],[0,27],[-7,13]],[[242177,519859],[0,227],[0,398]],[[246971,533493],[27,52],[-14,352],[-2,22]],[[247114,532963],[-1,13],[-5,6],[-11,-9],[-8,4],[-11,13],[-4,10],[-1,13],[-6,20],[-5,4],[-8,19],[2,10],[-10,9],[4,11],[-1,10],[-4,20],[-6,8],[-2,18],[-8,12],[3,21],[-2,7],[-13,7],[-23,-11],[-6,6],[-5,-3],[-6,-12],[-7,5],[-10,2],[-19,-8],[-9,-8],[-19,-40],[-12,76],[-1,19],[3,15],[77,149],[8,23],[-16,89],[-1,2]],[[244425,515034],[56,159],[20,-48],[1,-12],[-25,-75],[2,-12],[26,73],[4,11],[-1,10],[-2,9],[-5,15],[9,-8],[5,-16],[3,4],[5,14],[2,-13],[2,-12],[-10,-23],[14,-79],[9,-39],[-3,-8],[14,-63],[5,-58]],[[241766,511880],[8,3],[8,-31],[7,5],[-2,-23],[-6,2],[-11,17],[-5,6],[1,21]],[[241942,512443],[15,-65],[6,-20],[5,-18],[10,-22]],[[241978,512318],[8,-20],[5,-20]],[[241991,512278],[-8,1],[4,-53],[7,1],[6,1]],[[242000,512228],[14,-66],[3,-28],[7,-53]],[[242024,512081],[-24,-2],[-9,0],[-20,-1],[0,16],[0,5],[-5,-6],[-5,-1],[0,-8],[-2,0],[-1,-6],[-12,0],[-20,0],[-4,4],[-4,27],[-12,36],[-4,11],[-8,7],[-3,4],[-15,38],[-1,-7],[-6,-25],[-1,-3],[-7,-27],[-1,-8],[-14,-102],[-11,-88],[-6,-41],[-15,-117]],[[241814,511787],[-1,3],[3,24],[-5,33],[-8,-17],[-7,16],[-3,18],[-5,-4],[-13,46],[-13,12],[-4,-32],[-11,35],[-2,-15],[-3,4],[-17,25],[-23,34],[-2,-14],[-53,77],[-7,11],[-4,6],[-3,5],[-15,21],[-11,7],[-7,-3],[-28,-34],[-7,-1],[0,-7],[-22,35],[-9,19],[-12,27],[-8,3],[-5,36],[-7,32]],[[244774,530644],[1,9],[3,33],[9,-9],[4,32],[4,40],[2,16],[1,7],[9,97],[-17,19],[1,24],[12,-3],[2,22],[7,-2],[1,20],[-6,5],[0,17],[14,-7],[-10,-78],[-4,-16],[6,-7],[3,37],[2,19],[2,22],[9,-11],[10,-12],[26,-24],[21,-23],[21,-23]],[[244907,530848],[-4,-30],[-2,-47],[-3,-40],[-5,-42],[-5,-48],[-3,-15],[-9,-31],[-2,-14],[-3,-41],[-2,-8],[-3,-27],[0,-11],[-2,2],[-2,-17],[3,-3],[0,-8],[2,-51]],[[244867,530417],[0,-7],[-9,16],[-18,18],[-2,-17],[-11,7],[-3,-6],[-7,7],[2,19],[-14,18],[-6,18],[4,42],[-4,23],[-6,3],[1,9],[-16,15],[3,30],[-5,5]],[[244776,530617],[2,15],[-5,6],[1,4],[0,2]],[[246295,533603],[46,82],[-1,18],[-6,15],[4,49],[1,40],[11,-4],[4,10],[10,-6],[-1,-15],[2,5],[3,-11],[16,3],[3,-18],[13,-6],[5,-37],[8,-22],[2,-8],[2,-6],[2,-3],[1,-4],[2,-8],[1,-4],[3,-2],[-1,-32],[-1,-15],[-1,-8],[2,-3],[0,-50],[-1,-21],[-7,-128],[2,-3],[16,59],[4,-24],[4,6],[2,-7],[8,16],[17,-101],[14,18],[2,6],[37,0],[17,-61],[5,-15],[14,-79],[9,17],[-1,-37],[5,-5],[13,7],[11,-26],[5,9],[-1,-46]],[[246600,533148],[-8,1],[-3,13],[-20,-49],[-14,-25],[-45,-75],[-3,36],[-11,29],[-3,22],[-3,-8],[-2,2],[-93,-182],[-13,74],[-10,56],[-3,17],[-6,-52],[-3,-16],[-38,-176],[-3,-18],[-2,3],[40,249],[9,36],[-9,-13],[-15,100],[-1,12],[-3,9],[-10,-1],[-7,10],[-30,-37],[-19,165]],[[246272,533330],[-6,-5],[-7,17],[2,46],[-2,14],[-6,-4],[-2,15],[8,14],[7,-6],[2,1],[36,65],[9,10],[-18,106]],[[244848,521492],[0,-5],[-5,4],[-10,-46],[-2,4],[-5,-33],[8,-13],[-1,-6],[-3,-13],[-11,-16],[-5,-21]],[[244814,521347],[-18,-97],[-3,6],[-5,8],[-5,8],[-2,2]],[[244781,521274],[0,1],[-2,19],[0,47],[-2,31],[1,38],[-1,21],[11,-7],[1,4],[-2,66],[-2,12],[1,38],[-8,30],[-2,18]],[[244991,527945],[171,-103],[4,-2],[107,-154],[117,-168],[3,-4],[33,-48],[15,-22]],[[245441,527444],[69,-98]],[[245506,527203],[-7,-45],[7,-10],[-32,-316],[-36,42],[-3,0],[-24,-28],[-22,-26],[-12,98],[-11,-11],[0,-3],[3,-33],[8,-80],[-5,-6],[5,-46],[-32,-39]],[[245345,526700],[-1,-2]],[[245344,526698],[-3,32],[-39,-47],[3,-31],[-6,-8],[7,-53],[-15,-18],[6,-60],[-20,-23],[-9,18],[-2,29],[-6,20],[-6,8],[-1,25],[-21,-25],[-3,-5],[-6,-6],[-3,-3],[-1,-1],[-15,-18],[-3,7],[-20,175],[-8,-10],[-6,-7],[-8,19],[2,29],[-1,-2]],[[245160,526743],[-4,-23],[-5,1],[-14,-18],[-1,1],[-30,270],[-32,-39],[4,-45],[-41,-49],[-14,132],[-32,-50],[-11,-20],[-22,203]],[[244958,527106],[-3,27],[5,33],[8,23],[4,-3],[6,15],[1,22],[5,-3],[3,23],[-7,6],[-13,-6],[-3,7],[24,29],[-20,173],[67,81],[-44,412]],[[244345,520051],[17,-28],[4,-38],[5,-4],[13,17],[4,3],[16,-26],[2,0],[11,-14],[-2,-45],[10,-3],[6,-23],[-2,-24],[-4,-13],[-3,-21],[2,-21],[15,-52]],[[244439,519759],[0,-5],[-3,-14],[3,-2],[11,-2],[-5,-26],[-4,-24],[-6,-24],[-1,-7],[-1,-51],[1,-13],[0,-17],[0,-31],[0,-7],[0,-13],[3,-17],[5,-21],[2,-14],[6,-49],[-12,-15],[-2,3],[-2,-21],[-5,5],[-1,3],[0,-4]],[[244428,519393],[-2,-3],[-13,-27],[-11,69],[-11,35],[-19,-1],[-5,20],[-6,-29],[0,-28],[-21,58],[-25,68],[-2,3],[-17,48],[0,-2],[-4,-12],[-30,-96]],[[244262,519496],[-10,35],[2,10],[-2,6],[0,46],[2,16],[1,9],[-20,88],[-7,-2],[-5,4],[-4,17],[0,3],[0,3],[1,2],[0,14],[1,45],[0,4],[0,13],[0,53],[7,54],[4,18],[3,15],[9,52],[5,29],[5,26],[7,11],[6,-8],[-4,-23],[2,-15],[2,-32],[9,-17],[5,0],[9,14],[4,25],[8,-15],[6,40],[26,-48],[11,63]],[[246530,531733],[10,-11],[10,26],[11,0],[9,18],[6,2],[4,23],[5,16],[2,-8],[7,4],[6,15],[5,16],[2,46],[5,29],[-1,19],[3,22],[5,2],[1,17],[8,19],[9,5],[8,25],[1,20],[-1,19],[7,-3],[7,18],[8,-8],[0,32],[4,23],[9,17],[5,28],[4,12],[3,-5],[5,15],[9,-7],[10,28],[11,13],[3,18],[4,1],[4,9]],[[246738,532248],[10,20],[9,30],[6,5],[5,42],[7,22],[7,6],[8,-1],[5,21],[7,5],[3,-5],[28,-167],[8,-40],[12,77],[9,32],[-4,25],[37,70],[5,-17],[13,-74],[-7,-24],[-15,-27],[8,-48],[23,44],[43,-232],[54,105],[-16,93],[96,183],[3,11],[6,4],[18,38],[12,21],[2,32],[-2,51],[10,-33]],[[247148,532517],[20,101],[6,-12],[3,6],[17,-8],[-1,-32],[13,14],[11,-16]],[[246700,530177],[-20,102],[-2,13],[-95,499],[-31,169]],[[246552,530960],[-23,120],[-27,144],[68,133],[-1,11],[-23,125],[36,34],[-12,70],[-14,-22],[-26,158]],[[247148,532517],[-14,-74],[-38,-184],[3,3],[24,45],[7,-15],[9,32],[4,27],[15,67],[1,11],[-2,36],[-9,52]],[[241581,509866],[9,-2],[8,12],[0,48],[7,18],[5,2],[0,9],[18,177],[0,264],[34,4],[48,6],[15,4],[22,11],[7,3],[0,0],[2,1],[22,12],[20,20],[29,25],[21,19],[18,15]],[[241866,510514],[0,-7],[-4,-4],[-2,-2],[28,-261],[0,-31],[8,-5],[3,-35],[12,-102],[21,-4],[6,5],[11,9],[46,-3],[1,0],[0,37],[0,70],[0,49],[4,0],[5,1],[26,1]],[[242065,509978],[14,-137],[-6,-6],[-4,-2],[-23,-10],[-16,-6],[-4,-3],[-13,-18],[-4,-8],[-4,-6],[-18,-29],[-2,-2],[4,-15],[12,-92],[8,-32],[10,-81],[8,-6],[7,-14],[-7,-31],[-11,-31],[-2,18],[-9,1],[2,-16],[-5,-22],[-8,1],[-6,20],[-4,1],[-1,51],[1,13],[-10,1],[1,-124],[-44,-32],[-2,88],[-2,19],[-11,3],[0,-27],[-15,0]],[[241901,509444],[0,108],[9,2],[3,3],[-4,43],[-15,83],[0,12],[-1,-3],[-11,50],[-7,56],[-11,1],[0,45],[-73,-3],[-23,-1],[0,4],[-24,0],[-32,15],[-6,-1],[-12,-15],[0,90],[4,14],[-7,2],[-8,-21],[1,21],[-6,3],[-4,-29],[-2,-43],[-5,2],[-2,-5],[-1,-7],[0,-6],[2,-11],[-1,-5],[-1,-5],[-2,-5],[-12,27],[-7,14],[-8,12],[-7,5],[-5,4],[-2,-3],[-2,-9],[-3,-39],[-5,22],[-6,0],[-6,-24],[2,-38],[-14,9],[-5,23]],[[241582,509841],[0,12],[-1,13]],[[242828,511597],[19,47],[44,112]],[[242891,511756],[15,37],[3,8],[9,22],[5,15],[0,1],[0,1],[10,26],[4,12],[5,24],[5,26],[8,34],[10,22],[10,13]],[[242975,511997],[2,-15],[5,6],[-1,-35],[-4,-15],[-3,-29],[18,-16],[-2,-34],[1,-8],[-2,-33],[2,-9],[-19,-34],[-4,-7],[5,-19],[6,-39],[18,-105],[2,-61],[-1,-22],[0,-3],[3,-14],[-19,-26],[-4,-3],[-21,6],[-22,-5],[-7,-5],[-20,-22],[-22,-25],[0,-65],[-5,-43],[0,-34],[1,-39],[45,52],[3,-19],[-36,-42],[-10,-9],[3,-3]],[[242887,511223],[-5,-6],[0,5],[-23,-30],[-4,15],[1,24],[-38,-1],[0,48],[24,1],[-4,11],[0,41],[8,0],[0,18],[-9,0],[0,37],[0,62],[-8,7],[-1,14],[3,59],[5,12],[0,14],[4,14],[0,16],[-4,30],[-8,-19],[0,2]],[[242453,510549],[3,35],[11,25],[11,28],[1,-1],[1,35],[4,32],[9,18],[-14,23],[-4,15],[-9,17],[-1,35],[6,15],[-2,6],[9,20]],[[242478,510852],[1,5],[5,-19],[1,2],[0,32],[-1,5],[2,15],[5,-6],[3,9],[16,-40],[4,-8],[7,-15],[2,-2],[0,0]],[[242523,510830],[5,-20],[5,4],[0,-9],[4,9],[10,0],[10,0],[0,-1],[13,0],[0,3],[7,-6],[5,1],[0,5],[2,0],[14,0],[5,-10],[2,-8],[8,-4],[0,-6],[7,0],[2,-17]],[[242622,510771],[-4,-18],[-3,-11],[8,-18],[10,-23],[3,24],[10,0],[0,-6],[1,6],[11,0],[0,-17],[13,-1],[0,-5],[0,-11],[4,-19]],[[242675,510672],[4,-12],[1,-11],[-6,-24],[5,-27],[7,13],[2,-32],[-1,-21],[-8,-51],[-5,-1]],[[242518,510388],[0,-1],[-2,8],[-8,16],[0,1],[-13,16],[-7,23],[-6,3],[0,1],[-3,2],[-11,24],[-12,32],[-3,12],[0,24]],[[244646,519472],[7,86],[7,56],[4,24],[-1,0]],[[244663,519638],[0,1],[25,144],[18,102],[5,27],[17,82],[11,48],[9,43],[1,4],[6,30],[14,86]],[[244769,520205],[8,0],[42,-16],[2,13],[1,0],[1,-1],[20,-11],[36,-15],[12,-7],[1,-1],[-1,-4],[0,-6],[3,-8],[6,-1],[11,13],[9,4],[9,-5],[4,10],[13,7],[2,12],[13,31],[-1,12],[8,15],[3,9],[8,17],[3,3]],[[244982,520276],[0,-50],[0,-87],[-1,-97],[-2,-39],[-3,-75],[-8,-103],[1,-2],[0,-4],[4,-14],[11,-33],[0,-39],[3,-1],[-5,1],[-1,3],[-2,0],[1,12],[-11,21],[-5,-18],[1,-11],[-1,-26],[-3,2],[-3,-33],[-5,-79],[-1,2],[-4,-51],[2,-2],[3,-31],[-13,-66],[0,-4],[0,-8],[0,-7],[0,-65]],[[244940,519372],[-9,16],[-19,-115],[-8,-45],[-5,-4],[3,-6],[-3,-24],[-20,37],[-1,4],[5,34],[1,-2],[3,15],[-3,5],[-4,-14],[-8,15],[1,16],[-3,7],[6,35],[-6,10],[-8,-49],[-1,7],[-2,6],[0,15],[-3,17],[-1,0],[0,7],[2,6],[0,6],[0,16],[-1,4],[-4,9],[2,24],[-17,31],[6,36],[-21,36],[-3,17],[0,10],[-1,1],[0,12],[0,21],[-17,33],[-13,-78],[-1,-4],[-14,23],[-3,-19],[9,-18],[-1,-13],[-10,19],[-13,9],[-8,-4],[-4,-24],[-5,4],[-9,-54],[-6,6],[-1,0],[-18,21],[-3,9],[-4,29],[-1,0],[-9,-1],[-5,-9],[-1,-19],[-2,1],[-4,-9],[-6,27],[-7,-8],[-11,18],[-4,-54],[-1,-1]],[[244714,522755],[11,-21],[2,0],[1,0],[15,4]],[[244743,522738],[7,2],[0,-22],[22,-23],[-3,-5],[-5,-24],[13,-26],[4,-12],[2,-12],[2,-37],[5,-1],[10,-17],[-3,-15],[4,-7],[2,10],[7,-14],[1,5],[4,-6],[17,-32],[2,8],[2,0],[3,28],[-1,7],[2,-11],[2,-22],[7,-19],[8,1],[5,-2],[3,19],[1,7],[4,20],[11,69],[14,-25],[9,-16]],[[244904,522566],[-5,-24],[-3,-59],[-9,-16],[-7,-5],[1,-6],[0,-8],[0,-25],[-9,-64],[-4,4],[3,48],[-6,-6],[-2,14],[-7,-24],[-4,12],[-8,-26],[-1,0],[1,-28],[-3,-43],[-3,-19],[0,-2],[-20,-182]],[[244794,521905],[-8,3],[-9,26],[0,0],[-5,21],[-10,26],[-3,-25],[-13,29],[3,15],[5,-12],[1,6],[-5,10],[3,19],[-11,-9],[-3,-20],[-13,16],[-1,-4],[-5,8],[-1,2],[-2,6],[-1,16],[1,5],[1,8],[1,7],[0,10],[0,4],[2,3],[3,15],[-2,47],[-8,15],[-2,8],[0,1],[1,12],[-3,53],[-2,10],[-7,13],[-3,-5],[0,-1]],[[244698,522243],[-12,-12],[-15,25],[3,15],[6,1],[-3,6],[8,15],[-10,20],[-4,3],[-5,-3],[-11,-22],[-1,-4],[-14,26],[-22,40],[-4,6],[-30,55],[23,142],[-7,6],[2,9],[0,4],[5,-8],[7,-4],[21,26],[4,2],[0,-1],[1,8],[-3,13],[3,8],[8,8],[4,-2],[0,-1],[2,-3],[1,-2],[1,0],[1,-1],[2,0],[7,12],[1,20],[0,13],[6,23],[1,7],[1,4],[9,25],[3,3],[-3,30],[4,4],[-1,4],[5,6],[4,17],[18,-31]],[[240898,515571],[34,-57]],[[247910,518813],[8,25],[4,30],[11,30],[12,61],[7,10],[1,19],[6,10],[2,-8],[4,10],[4,46],[13,33],[0,26],[-5,9],[3,20],[58,-184],[4,-4],[15,2],[19,-57],[7,-9],[3,17],[8,28],[34,113],[39,-116],[19,65],[3,-6],[38,-114],[10,36]],[[239352,516601],[0,-106],[12,0],[0,-142],[-10,0],[1,-158],[11,0],[0,-162],[-11,0],[0,-38],[11,0],[0,-168],[2,-45],[7,-104],[52,-94],[-12,-63],[-4,-33],[-14,-78],[62,-117],[-5,-35],[6,-63],[7,-93],[-65,-59],[3,-38]],[[245426,509872],[-7,14],[-9,1],[-2,-2],[-1,-5],[2,-8],[-2,-17],[-39,131],[-13,33],[-38,-128],[-6,-38],[-5,-15],[-7,-20],[-12,-26],[-85,-242],[-8,-21],[-3,0]],[[245191,509529],[-2,19],[-33,125],[-2,17],[-4,7],[-3,11],[-72,272]],[[245075,509980],[28,79],[-3,57],[4,1],[4,19],[-3,19],[10,39],[6,2],[17,-10],[-2,-14],[5,-3],[8,-19],[1,-13],[13,8],[4,-23],[5,13],[8,-33],[11,8],[13,-17],[6,2],[6,-18],[12,-7],[6,-20],[3,-26],[4,3],[6,-13],[9,-7],[6,-31],[8,12],[2,21],[-6,29],[-4,3],[1,25],[-6,12],[4,41],[6,14],[3,16],[0,46],[4,44],[-3,16],[6,8],[-1,17],[2,22],[-14,8],[-5,-7],[1,16],[-5,24],[0,18],[5,2],[-1,23],[1,20],[4,1],[5,17],[6,9],[3,13],[-1,14],[-5,3],[6,39],[0,16],[-8,-2],[-2,17],[4,13],[-5,5],[-2,41],[4,14],[-6,26],[6,-20],[10,-44],[7,-21],[7,-30],[22,-83],[18,-29],[16,-20]],[[242549,512086],[46,174],[3,11],[31,76]],[[242807,512654],[-8,-25],[-12,-34],[-1,-4],[-10,-30],[-14,-44],[2,-8],[-8,-23],[-5,-18],[-7,-1],[-4,-9],[-3,-12],[-4,-21],[-6,-35],[0,-3],[2,-3],[1,-3],[-1,-9],[4,-37],[-7,-13],[0,-17],[1,1],[0,-1],[0,-9],[0,-13],[23,57],[13,2],[5,12],[3,-12],[2,-17],[-3,-9],[1,-41],[-11,-10],[-9,-3],[-13,12],[-12,-1],[-1,-51],[28,-1],[18,15],[7,19],[5,6],[2,-3],[4,-5],[-12,-74],[-5,-60]],[[242772,512119],[-2,-13],[-1,0],[-9,18],[-6,-1],[-3,-33],[1,-18],[-21,-28],[-6,0],[0,-8],[2,-22],[-17,-2],[4,27],[-9,0],[0,5],[-16,0],[-13,0],[-12,0],[0,-6],[4,-16],[-1,-5],[-4,-8],[-5,8]],[[242658,512017],[1,6],[0,19],[-6,0],[-12,-4],[-1,2],[-1,0],[-2,4],[-20,3],[-9,1],[-4,18],[-5,-18],[-16,1],[0,14],[-6,-12],[-16,4],[-10,28],[-2,3]],[[244904,522566],[10,36],[2,-4],[1,-2],[1,-2],[4,-10],[3,-10],[2,-3],[0,-1],[7,-13],[1,-3],[1,1],[6,-13],[1,-1],[8,-16],[8,-14],[1,0],[11,-22],[17,-29]],[[244988,522460],[6,-9],[4,-3],[0,-1],[-1,-23],[-3,-78],[-7,21],[0,-32],[5,-10],[-3,-24],[1,-2],[0,-9],[-7,-16],[-6,-31],[-5,-37],[-4,-16],[8,-14],[1,-1],[-3,-17],[-2,-13],[-7,11],[-1,3],[-9,14],[-5,-22],[18,-34],[-10,-70],[-4,-27],[-2,-12],[-6,11],[-2,-4],[-9,-56],[-4,7],[3,-11],[-1,-18],[-2,5],[2,-6],[-7,-25],[0,-41],[4,-8],[-1,-4],[-3,-9],[-9,-23],[-8,18],[-6,-13],[10,-19],[-11,-30],[-4,-8],[-6,-27]],[[243809,504615],[4,35],[2,29],[1,163],[69,-11],[1,11],[0,463],[-9,0],[0,131],[11,131],[6,20],[5,72],[3,-1],[10,-49],[5,-15],[3,-1],[6,15],[9,56],[1,18],[1,14],[-3,11],[1,48],[6,10],[6,1],[7,-11],[17,6],[15,26],[18,-33],[10,2],[7,-9],[6,-22],[8,-13],[4,-34],[8,-16],[4,-29],[61,119],[-31,187],[4,11],[20,37],[11,10],[85,156],[1,-11],[-1,-29],[0,-38],[8,7],[3,14],[5,6],[2,-66],[11,-106],[10,23],[-1,34],[6,17],[9,10],[4,14],[-5,19],[-8,44],[0,36],[7,64],[-4,35],[0,53],[-3,19],[-11,-23],[-5,-59],[-14,-28],[-2,142],[3,-2],[90,165]],[[244306,506493],[73,134],[3,-28],[-1,-41],[4,-33],[10,-59],[13,-77],[46,84],[4,12],[31,56]],[[244388,505697],[-11,-50],[-4,-11],[-56,-104],[-1,13],[-4,-8],[2,-11],[-14,-23],[-19,-20],[15,-135]],[[245700,516135],[18,-42],[27,-50],[15,-30],[19,111],[17,104],[-16,52],[18,77],[1,27],[3,21],[9,23],[3,-3],[10,4],[1,15],[11,23],[6,-2],[6,20],[2,15],[8,31],[4,2],[3,52],[5,20],[-3,22],[2,35],[7,1],[11,19],[1,17],[-3,23],[3,27],[14,26],[6,6],[-1,12],[6,21],[-3,9],[1,15],[4,-6],[28,-51],[10,-13],[-1,-15],[10,-19],[17,101],[6,22],[-5,19],[-6,7],[-11,48],[13,14],[3,5],[7,-4],[4,8],[4,0],[9,27],[8,15],[1,7],[1,61],[-7,19],[1,36],[-10,7],[8,34],[4,48],[-1,4],[28,-53],[1,14],[8,-6],[-7,45],[-8,68],[-5,28],[-4,14],[8,-13],[5,5],[4,43]],[[246354,516508],[1,-194],[8,-4],[0,-100],[-1,-21],[-25,-33],[8,-41],[1,-17],[13,-86],[-60,-206]],[[246299,515806],[-109,-373],[-11,-8],[-4,-34],[-8,4],[-43,63],[-1,-42],[-1,-21],[-15,-108],[-26,45],[4,72],[0,48],[2,31],[5,25],[-10,27],[-6,11],[-6,-46],[-10,-23],[-4,-14],[-5,-42],[-5,-57],[-6,-1],[-4,-20],[1,-64],[-4,-38],[3,-18],[-1,-28],[2,-14],[-2,-30],[-3,-20],[4,-39],[5,-2],[6,-29],[8,3],[3,-5],[-122,-252],[2,18],[-3,14],[-1,33],[-13,13],[-6,-14],[-10,12],[-2,10],[-10,17],[-2,-11],[-5,-72],[-10,8],[-3,-55],[0,-27],[-4,11],[-4,25],[-11,19],[-22,69],[-1,0]],[[245831,514877],[-31,103],[9,62],[-15,28],[-14,31],[-11,22],[-10,58],[-18,69],[4,38],[-30,39],[-1,6],[-7,-50],[-5,0],[-10,1],[0,7]],[[245692,515291],[-2,49],[-7,29],[1,3],[2,32],[-2,38],[-8,-1],[-7,14],[-13,1],[-5,36],[-9,3],[0,100],[-18,60],[-5,13],[49,287],[7,32],[25,148]],[[240924,528911],[50,-13],[7,-3],[51,44],[7,2],[50,-14],[20,17],[8,-122],[0,-12],[0,-20],[-5,-12],[-6,-44],[0,-17],[1,-30],[0,-26],[-8,-78],[15,-23],[10,-11],[15,-7],[1,-35],[6,-16],[18,-18],[1,-38],[60,-2]],[[241225,528433],[-10,-38],[4,-21],[0,-21],[3,-48],[3,-26],[-7,-13],[-7,-23],[3,-26],[7,-27],[0,-10],[-9,-20],[6,-13],[-2,-17],[-8,-13],[-1,-10],[4,-24],[2,-42],[-3,-36],[-11,-68],[-64,-1],[-5,4],[-5,9],[-40,102],[-3,9],[-2,14],[-8,109],[-5,22],[-8,6],[-25,2],[-8,12],[-7,28],[-10,18],[2,-1154]],[[241011,527117],[0,-148]],[[243987,509515],[-128,-251],[2,-7],[21,-23],[7,-10],[2,-10],[-3,-9],[-5,2],[-1,-16],[-9,-3],[1,-19],[4,-20],[1,-36],[4,-38],[3,-5],[9,6],[2,-4],[-37,-69],[-3,37],[-5,46],[-5,28],[-11,36],[-7,34],[-7,19],[-13,-44],[-21,-40]],[[243713,508977],[-32,170],[5,11],[-4,47],[53,110],[9,-40],[5,4],[3,-27],[17,32],[18,-48],[3,13],[3,-3],[8,39],[-5,21],[4,11],[5,-10],[7,42],[-3,3],[3,39],[4,21],[-2,23],[3,25],[2,8],[-2,12],[-8,1],[-7,-23],[-12,32],[2,11],[-1,16],[-6,18],[1,11],[7,-2],[10,-22],[5,-1],[0,31],[18,38],[52,93],[62,116],[38,-226],[9,-58]],[[242484,507215],[8,-107],[2,1],[5,-80],[6,-81],[1,-1],[-1,-44],[3,-4],[1,-27],[-8,-73],[-5,3],[-1,-35],[0,-43],[-5,0],[0,-16],[-36,9]],[[242454,506717],[2,97],[0,20],[-15,11],[-18,10],[-6,21],[19,164],[-48,60],[2,18],[-25,42],[5,45],[-7,14],[-10,45],[-1,20],[-10,35],[2,6],[9,20],[4,-4],[50,-53],[12,119],[11,0],[0,-101],[12,0],[3,-107],[29,0],[3,16],[7,0]],[[246384,519985],[0,14],[7,18],[12,-1],[17,46],[10,18],[10,32],[-2,22],[4,40],[-2,12],[-1,44],[-4,10],[-3,41],[-5,21],[-5,15],[-3,28],[-2,42],[3,25],[6,25],[5,32],[6,-25],[1,-24],[7,-65],[13,-46],[11,38],[2,27],[3,21],[-5,39],[7,23],[51,-70],[17,-27],[30,103],[12,-33],[4,-31],[1,-18],[10,-71],[-10,-27],[49,-82],[7,15],[12,-20],[3,-3],[-5,42],[-12,-9],[-6,8],[-33,65],[-4,13],[41,47],[0,6],[-69,219],[-13,38],[-66,208],[26,89],[8,-20],[8,15],[25,31],[6,-17],[-6,-11],[3,-28],[6,1],[7,25],[1,6],[-1,15],[-9,-10],[-6,54],[-12,110],[48,59],[-16,136],[-15,129]],[[246842,521250],[3,-16],[2,-31],[9,-39],[12,-18],[3,-10],[7,-42],[4,-11],[9,-11],[26,-22],[2,-62],[-3,-4],[4,-29],[5,0],[4,-7],[-1,-7],[3,-22],[5,-11],[10,-11],[-1,-15],[-6,-6],[-7,7],[2,-20],[-3,-10],[3,-14],[-2,-26],[-6,-9],[-2,-13],[-5,-5],[-2,-33],[1,-24],[3,-35],[4,-6],[11,10],[7,-57],[4,-17],[13,-32],[6,-19],[8,-69],[3,-8],[15,-23],[11,-94],[5,2],[15,12]],[[243388,510304],[21,97],[8,38],[1,6],[154,704]],[[243994,510443],[-6,0],[20,-114],[-3,-7],[-7,41],[-5,9],[-25,-49],[-2,-15],[3,-18],[-2,-13],[-1,-25],[-3,-11],[-12,-51],[-10,-59],[3,-15],[-3,-49],[9,-51],[13,25],[38,-220],[-33,-60],[36,-199],[2,-11],[-19,-36]],[[243395,509188],[16,45],[6,84],[1,26],[-7,6],[9,137],[-4,3],[6,91],[0,15],[5,17],[16,-12],[13,157],[10,-9],[8,118],[17,-14],[-3,30],[3,19],[3,-4],[3,43],[-5,5],[5,63],[-4,3],[2,31],[-1,16],[-11,10],[5,48],[4,-3],[1,17],[12,-5],[6,67],[16,-13],[1,22],[2,0],[1,3],[0,18],[-14,80],[-11,-21],[-4,24],[-7,-14],[-6,47],[-9,9],[-5,-68],[-36,29],[-6,-72],[-12,3],[-1,-31],[-5,-8],[-48,-1],[-2,2],[1,1],[22,102]],[[244440,522920],[3,7],[6,11],[3,4],[6,12],[1,1],[5,7],[1,2],[7,16],[6,45],[5,15],[10,15],[-8,23],[3,4],[20,24],[13,-28],[17,-51],[1,-19]],[[244539,523008],[1,-2],[0,-1],[6,-15],[3,-10],[5,-19],[5,-18],[14,-13],[1,-2],[5,-23],[3,-2],[-9,-58],[-1,6],[-4,-10],[-5,22],[-1,-9],[9,-37],[2,-8],[2,-16],[1,-58],[-5,-25],[3,-8],[0,-27],[2,-8],[-2,-23],[4,-21],[16,-16],[2,-2],[-1,-26],[-5,1],[-4,2],[-6,-4],[-6,-6],[-10,-26],[-9,-11],[-4,-19],[0,-15],[-3,-29],[0,-5],[0,-4],[0,-6],[0,-4],[0,-3],[0,-4],[-1,-7],[-1,-8],[-7,-25],[-13,-27],[-3,1],[-5,-45],[-11,-27]],[[244507,522308],[-2,-3],[-12,-3],[-11,-18],[-3,8],[2,19],[-2,18],[2,14],[-8,3],[-3,31],[-6,21],[-5,-8],[-5,17],[-1,-7]],[[244453,522400],[-3,6],[-4,12],[-2,-8],[-10,12],[-11,2],[-9,40],[1,10],[-7,33],[2,19],[-7,27],[3,4],[-1,36],[-10,49],[0,6],[-1,6],[-2,-14],[-2,-11],[-9,0],[-1,33],[-4,20],[0,13],[-9,-37],[-5,22],[-10,-15]],[[241785,511244],[2,-8],[4,-5],[0,-12],[-6,13],[0,12]],[[241814,511787],[1,0],[0,-1],[2,12],[14,-16],[17,-40],[10,1],[1,-7],[18,12],[2,0],[0,35],[10,-6],[-3,-33],[34,-39],[14,-30],[9,-15],[12,-30],[5,-9],[23,-32],[9,2],[7,5],[13,8],[20,37],[8,13]],[[242040,511654],[5,-16],[-7,-12],[-10,-30],[-3,-37],[4,-26],[5,-2],[7,-33],[9,-50],[1,-22],[-15,-22],[3,-41],[-5,-31],[11,-20],[2,-4],[-12,-56],[-15,-66]],[[242020,511186],[-9,27],[0,17],[-3,-4],[-8,15],[-6,26],[-20,-28],[-6,-8],[-12,-18],[-14,-20],[0,0],[-15,-22],[-32,-35],[1,-20],[0,-11],[-11,8],[-9,-15],[-1,16],[-11,-12],[-5,-3],[-2,0],[-12,6],[-34,0],[0,1],[-14,0],[-2,0]],[[241795,511106],[0,80],[-2,0],[-1,65],[-10,-2],[-6,-3],[-3,30],[-4,-4],[0,27],[13,45],[0,111],[13,-3],[0,46],[2,146],[2,21],[-1,3],[16,119]],[[244300,532474],[-21,-207],[0,-14],[1,-20],[2,-31],[0,-12],[1,-8],[1,-29],[-9,-90],[-1,-47],[-1,-50],[2,-27],[1,-53],[3,-26],[17,-97],[1,-15],[1,-30],[0,-14],[-4,-142],[0,-11],[-16,-196],[-2,-86],[1,-42],[3,-39],[4,-36],[10,-50],[4,-23],[6,-37],[2,-73],[36,-45],[5,-3],[7,-14],[21,-22],[5,-5],[-7,-66],[26,-27]],[[244399,530787],[2,-2],[-2,-19],[-1,-2],[14,2],[13,1],[14,-3],[3,0],[14,3],[0,-15],[-2,-42],[7,-15],[-1,-26],[21,-86],[14,-16]],[[244495,530567],[-19,-37],[-90,-175],[-13,-24]],[[242239,509757],[-4,-41],[3,-64],[-3,-8],[-11,36],[-7,-19],[2,-21],[3,-2],[0,0],[3,-3],[10,-20],[4,-12],[0,-13],[-2,-50],[2,-21],[9,-51],[-2,-39],[-3,-7],[-4,24],[-7,-31],[1,-11],[2,-14],[0,-1],[9,-38],[0,-16],[1,-3],[0,-6],[1,-10],[-7,-23],[-10,-45]],[[242220,508024],[-36,47],[-15,-140],[-1,-24],[-2,2],[-29,27],[0,24],[-5,-1],[-1,-72],[-8,-1],[-1,29],[-7,1],[0,-86],[-31,-5],[0,35],[-28,0],[0,-66],[-4,0],[-27,1],[-5,18],[-8,27]],[[242012,507840],[6,0],[-1,186],[12,0],[0,183],[-9,7],[0,68],[-52,66],[0,19],[58,-3],[0,122],[-41,2],[-1,113],[18,0],[17,0],[0,62],[-3,2],[-4,3],[-3,3],[-4,5],[-3,0],[0,5],[-1,1],[-25,36],[-10,17],[-10,26],[-6,21],[-1,5],[-30,-2],[-1,-28],[-27,-1]],[[241891,508758],[-3,14],[-4,4],[-19,1],[0,14],[-4,5],[-1,36],[5,1],[0,96],[0,67],[-3,-5],[-8,-5],[-2,3],[-6,-3],[-1,2],[-5,17],[-2,8],[0,21],[0,12],[-9,23],[-10,9],[-2,21],[40,59],[8,15],[-3,20],[-1,115],[14,14],[48,34],[-1,13],[-20,-7],[-1,82]],[[243806,507010],[-13,-36],[17,-60],[-25,-72],[13,-55],[-29,-73],[-1,-10],[0,-46],[7,-76],[-8,80],[-1,37],[-18,-51],[-1,6],[-28,113]],[[241225,528433],[61,-2],[16,5],[319,-8]],[[241079,527097],[-13,-4],[0,-18],[-6,-24],[-4,-8],[-12,-2],[-6,10],[-5,25],[-8,21],[-14,20]],[[245010,510906],[7,11],[4,3],[17,-3],[27,-22],[12,-6]],[[245075,509980],[-2,8],[-56,216],[-2,7],[3,6],[37,106],[3,16],[5,46],[-8,52],[5,11],[-15,108],[-9,-11],[-8,55],[-9,64],[3,15],[-14,92],[2,135]],[[244248,522741],[-10,22],[-11,15],[-14,13],[-10,2],[-13,-1],[-25,-37],[-7,-20],[-7,-41],[-2,-26],[-1,-32],[2,-42],[1,-7],[10,-53],[7,-32],[11,-52],[1,-13],[3,-32],[1,-38],[-2,-26],[-2,-10],[-2,-16],[-4,-21],[-4,-7],[-3,-3],[-27,0],[-20,0],[-11,2],[-9,-1],[-2,1],[-9,-11],[-7,-13],[-3,-8],[-11,-33],[-11,-48],[-25,-80],[-6,-2],[-22,-33],[-1,0],[-13,-17],[-13,-13],[-5,-8]],[[242390,513430],[6,-1],[5,-5],[1,-1],[1,0],[3,0],[5,3],[14,24],[4,16],[0,14],[0,33],[5,48],[4,23],[1,4],[1,10],[-2,63],[1,13],[9,39],[1,19],[3,17],[10,15],[9,-3],[6,7],[8,13],[10,18],[-2,18],[-8,29],[1,7],[0,28],[4,17],[4,-17],[1,-20],[6,-15],[4,-20],[5,7],[9,-15],[-1,-16],[16,6],[7,21],[3,-14],[3,2],[13,-3],[22,12],[13,-1],[1,21],[-4,42],[-11,20],[0,44],[0,3],[3,13],[3,6],[5,120],[5,-1],[1,22],[0,-1]],[[242598,514114],[5,-4],[5,-26],[3,-16],[5,-10],[-8,-18],[0,-52],[4,1],[1,-18],[1,-5],[0,-16],[1,-12],[0,-1],[3,-12],[4,-18],[-17,-1],[6,-66],[1,-47],[2,2],[0,-33],[-3,-1],[2,-24]],[[242613,513737],[-8,-3],[0,-34],[5,1],[6,-19],[9,-38],[-18,-52],[-4,1],[-4,-35],[5,-6],[-6,-6],[-13,-92],[-1,1],[-9,-62],[-1,-10],[1,-2],[-9,-59],[5,-4],[3,-4],[11,-18],[8,-21],[-4,-13],[21,-47],[1,-10],[-8,9],[-13,1],[-13,38],[-18,22],[-2,-14],[-9,-126]],[[242548,513135],[1,25],[-4,4],[2,26],[-6,7],[-1,-17],[-5,4],[-3,-28],[-10,2],[1,14],[-6,-5],[0,-20],[-16,-6],[-3,36],[-10,3],[-5,-13],[2,-21],[-1,-12],[-12,-7],[-14,-4],[-29,2],[-5,0]],[[242424,513125],[-41,-1],[-5,-2],[-8,-8],[-25,-52],[-10,-11],[-11,-3]],[[242324,513048],[-3,10],[-18,14],[-20,-5],[-2,3],[2,18],[6,14],[1,9],[-17,43],[-4,29],[0,26],[2,26],[4,40],[0,10],[-8,37],[-2,44],[27,-1],[0,0],[0,-28],[50,0],[1,0],[12,0],[36,0],[-1,88],[0,5]],[[242730,508749],[2,5],[1,1],[0,10],[4,17],[0,21],[5,28],[-7,10],[0,0],[4,19],[0,6]],[[242817,507713],[-50,-229],[-30,-126],[-74,94]],[[240091,508977],[0,-27],[-5,-13],[0,-88],[5,0],[25,-56],[10,-35],[2,-2],[8,-38],[3,-47],[6,-25],[6,0],[2,9],[5,-4],[3,-12],[19,-26],[-17,1],[-28,-5],[-17,3],[-8,-2],[-2,-85],[1,-46],[8,-18],[1,-31],[8,-26],[4,-4],[4,-24],[-12,-25],[0,-76],[-4,-2],[-2,-18],[6,-18],[-3,-19],[-38,-1],[0,-103],[-5,0],[2,-17],[0,-73],[3,-109],[5,-5],[2,-20],[0,-33],[3,-55],[-31,-4],[18,-77],[14,28],[1,11],[15,7],[1,-148],[2,-9],[-2,-12],[1,-40],[-6,-24],[-6,12],[-4,-8],[2,-26],[-1,-15],[2,-17],[8,-22],[4,-18],[-2,-68],[-3,-21],[4,-9],[21,0],[2,-29],[14,-63],[7,-19],[-4,-21],[-6,-14],[-5,-23],[-4,-5],[-4,-20],[9,-4],[0,-15],[-7,-31],[0,-13]],[[239616,507089],[0,20],[2,321],[1,54],[0,215]],[[243388,510304],[-19,13],[2,27],[-20,16],[3,32],[-18,16],[5,52],[0,24],[-24,19],[2,27],[-3,2],[-26,21],[-10,14],[-4,8],[-12,36],[-8,12],[-11,62],[-32,174],[-10,42],[-9,34],[-32,125]],[[243162,511060],[8,1],[-2,86],[10,-13],[26,153],[44,-83],[21,151],[-3,7],[25,142],[-9,15],[9,55],[-14,79],[8,13],[24,25],[14,-118],[3,-54],[17,34],[5,19],[20,39],[6,20],[9,14]],[[247312,522310],[2,-47],[12,-66],[5,-32],[3,-57],[-1,-47],[-3,-37],[2,-44],[-1,-55],[1,-36],[4,-26],[11,-16],[10,-3],[10,5],[4,-5],[15,28],[7,24],[20,-173],[-2,-4],[-5,-14],[-7,-43],[2,-9],[6,4],[46,-143],[2,9],[21,-63]],[[244381,526730],[53,61],[6,12],[9,5],[28,33],[5,11],[1,27],[-18,160],[2,27],[6,17],[17,17],[12,-108],[31,30],[12,-77],[15,18],[18,-153],[-31,-31],[12,-84],[7,4],[7,-13],[2,-12],[26,-228],[28,33],[-4,38],[42,52],[-5,47],[9,22],[2,20],[6,15],[13,-14],[6,0],[2,-14],[8,-1],[3,14],[8,10],[4,-5],[10,17],[6,-19],[3,-15],[0,-18],[10,-18],[5,-1],[-7,63],[15,34],[23,-108],[36,-52],[-5,-15],[0,-19],[5,5],[7,-67],[35,41],[4,-8],[12,-27],[10,-19],[-25,81],[3,8],[2,7],[4,7],[2,3],[14,17],[6,9],[13,48],[13,17],[-7,69],[-40,363],[4,3],[38,50],[5,-55],[34,42]],[[245160,526743],[-7,-87],[-4,-39],[-14,-134],[-18,-209],[-1,-3],[-6,-72],[-6,-66],[1,-2],[-3,-33],[-17,-188],[-1,5],[-4,-40],[-2,3]],[[245078,525878],[-2,6],[-1,4],[-1,2],[-2,14],[-2,-2],[-5,36],[-22,112],[-11,52],[-7,18],[-5,8],[-6,17],[-4,8],[-55,-65],[-3,-3],[3,-14],[1,-62],[12,8],[0,0],[6,9],[4,-8],[-4,-18],[-2,-9],[0,-1],[-1,-4],[-1,-3],[-1,-5],[-7,-18],[-9,-15],[-16,-25],[-22,-34],[-4,-9],[-3,-20],[-6,-75],[-7,-29],[-13,-29],[-2,-12],[-3,-44],[-2,-11],[-6,-41],[-6,-109],[-2,-11],[-14,-30],[-3,14],[-3,53],[-6,31],[-18,27],[-18,-2],[-6,7],[-16,-11],[-4,-11],[-2,-19],[0,-38],[-3,-22],[-17,1],[-11,10],[-15,33],[-15,48],[-13,27],[-17,20],[-5,-10],[-6,1],[-30,59],[-6,28],[-22,37],[-12,-11],[-8,-17],[-5,14],[-19,44],[-10,46],[-9,8],[-5,-2],[-6,-6],[-6,-12],[0,-1]],[[244531,525812],[-11,-30],[-9,-35],[-3,3],[-15,137],[-48,35],[-8,24],[-5,2],[-1,38],[4,9],[-1,71],[1,10],[10,15],[-2,22],[-8,79],[-14,-14],[-23,205],[-12,-15],[-3,30],[0,2],[-1,89],[0,224],[-1,17]],[[245168,530516],[-7,-107],[0,-4],[0,-9],[0,-10],[-1,-10],[0,-4],[-3,-31],[-46,59],[-1,0]],[[245110,530400],[-14,21],[16,161],[-6,11],[-10,44],[-15,20],[-19,-192],[-28,36],[-5,9],[-9,24],[0,-2],[-2,-18],[-8,-82],[3,-48],[-4,-49],[-3,-18],[-3,-9],[-17,-9],[-6,-10],[0,-2],[-5,-32],[-1,2],[3,-26]],[[244977,530231],[-11,11],[-13,17],[-19,35],[-4,-9],[-14,14],[-3,30],[-33,60],[-3,10],[-10,18]],[[244907,530848],[2,20],[2,17],[0,9],[4,36],[-8,9],[-10,105],[-2,12],[-3,2],[-19,-16],[-1,-6],[-16,20]],[[244856,531056],[8,30],[2,5],[22,47],[5,15],[4,34],[44,-46],[25,-27],[19,-41],[4,-4],[19,-2],[16,8],[14,22],[16,46],[14,-15],[-1,21],[9,27],[-5,2],[6,7],[11,0],[27,23],[13,24],[14,9],[25,-4],[12,-5],[10,11],[5,-6]],[[242881,510857],[41,-31],[15,-13],[13,-10],[8,104]],[[242958,510907],[7,95],[5,56],[14,74]],[[242984,511132],[3,-11],[43,-35],[11,121],[11,-5],[10,-13],[-10,-108],[15,3]],[[243067,511084],[13,-142],[-4,0],[-15,-203],[-1,-12],[12,-9],[-3,-26],[0,-24],[5,0],[-2,-29],[19,-14],[14,-2],[-6,-89],[6,-5],[-1,-19],[6,-6],[-8,-115],[2,-2],[1,-26],[0,-27],[-1,-6],[-17,17],[-3,-38],[-15,12],[-4,-44],[11,-3],[17,-12],[-2,-19],[4,-6],[1,12],[19,-13],[3,-15],[2,11],[2,-22],[11,-70],[5,-4],[-4,-45],[-4,-2],[-5,-21],[15,-10],[3,36],[22,-18],[-3,-32],[-3,-4],[6,-68],[17,-14],[7,99],[9,-8],[-3,-42],[12,-9],[-5,-57],[-5,-48],[-6,2],[6,-20],[0,-20],[10,-22],[-1,-13],[4,-17],[-4,-66],[7,-9],[0,-20],[-7,-86],[-11,9],[-2,-39],[-4,-16],[9,5],[9,-101],[-13,-61]],[[242912,509691],[7,-17],[11,-6],[8,-28],[0,-23],[7,-18],[8,39],[-2,18],[-5,15],[0,25],[-4,10],[0,31],[-10,7],[-8,27],[-2,20],[-1,20],[-4,12],[8,-3],[-3,14],[-8,6],[-2,2],[0,117],[15,0],[1,36],[2,58],[10,1],[0,15],[-14,2],[-1,27],[-30,-4],[-2,16],[0,30],[14,10],[4,29],[15,11],[9,18],[-2,2],[-42,35],[-10,18],[0,2],[0,4],[0,177],[41,-33],[1,20],[-42,39],[0,124],[0,72],[0,189]],[[244858,534920],[7,-23],[5,-30]],[[242961,501504],[84,231],[152,422],[117,324],[46,-128]],[[242963,500070],[0,467],[-6,-12],[4,-15],[-11,-5],[-6,28],[-2,-30],[-4,-14],[-4,-53],[-3,14],[-4,2],[-12,-28],[-8,23],[1,33],[-3,-13],[-5,32],[-4,-17],[-1,17],[9,30],[-2,7],[2,26],[-3,6],[-5,52],[-4,18],[-9,29],[-1,13]],[[248719,518076],[19,-57],[14,-56],[8,-21],[54,-159],[-15,-54],[4,-18],[-19,-62],[-6,6],[-7,-3],[-17,-61],[-1,-17],[1,-37],[5,-35]],[[240286,507083],[20,2],[61,-1],[144,-4],[14,5],[53,0],[-1,146],[-52,-1],[-1,138],[-7,29],[2,3],[3,-2],[2,4],[-1,175],[54,-1],[35,0],[5,10],[1,22],[9,44],[0,12],[5,4],[0,82]],[[240632,507750],[11,0],[2,16],[-3,26],[1,18],[-2,25],[11,4],[2,13],[9,3],[2,13],[10,1],[11,-8],[4,9],[23,1],[-3,-41],[1,-29],[-2,-48],[4,-29],[5,-15],[1,-26],[9,-23],[37,3],[37,-9],[90,1],[13,10],[1,-52],[-2,-12],[0,-86],[-2,-77],[-1,-11],[2,-4],[20,7],[0,-11],[-2,-110],[-8,18],[-1,-59],[-4,-181],[130,-4],[25,0],[-1,-103],[19,-4],[5,-12],[11,7],[3,-6],[-10,-59],[10,13],[4,52],[4,12],[3,33],[3,16],[6,9],[7,-7],[11,47],[31,-1],[-4,-123],[-34,7],[1,-15],[-3,-17],[3,-17],[-18,-89],[-4,-37],[-4,-116],[50,-60],[25,-7]],[[241181,506606],[106,-30],[-1,-81],[-5,-8],[1,-36],[-7,-324],[7,-4],[-1,-61],[-20,3],[-1,-75],[-18,5],[-2,-57],[-3,18],[-13,2],[0,-19],[-12,-2],[-5,19],[-4,-15],[2,-7],[-5,-17],[-1,-27],[-11,3],[-13,-26],[-1,29],[-8,5],[1,25],[-2,14],[-27,9],[-5,-170],[25,-8],[27,-6],[-8,-344],[51,-12],[-7,-353],[-4,-147],[-36,0]],[[244742,520811],[9,-15],[4,-7],[2,-3],[4,-5],[6,-5],[2,-4]],[[244769,520772],[7,-7],[3,-5],[4,-5],[7,-13],[3,-5],[4,-18],[6,-57],[5,-20],[1,-4],[2,-7],[0,-3],[2,-4],[3,-6],[3,-5]],[[244819,520613],[0,-3],[1,-28],[1,-35],[-6,-47],[-13,-83],[-10,-63],[-1,-7],[-8,-52],[2,-6],[9,-37],[0,-6],[0,-33],[-19,2],[-4,1],[0,-2],[-2,-9]],[[244769,520205],[-4,6],[-2,5],[-1,-4],[-33,60],[0,0],[-15,27],[-1,23],[1,6],[1,4],[-9,12],[-13,1],[-9,1],[-1,-3],[-1,-10],[-1,2],[-1,3],[-1,-2],[-2,3],[1,4],[-10,4],[-5,8],[1,4],[-8,13],[0,-3],[-5,8],[-3,-16],[-6,11],[3,16],[-13,24],[-2,6],[1,2],[-4,17],[-15,107]],[[244612,520544],[5,7],[11,-4],[13,-23],[3,-13],[8,3],[3,18],[-3,33],[-8,16],[-14,5],[3,60],[14,20],[1,1],[13,19],[7,15],[1,16],[-4,13],[15,23],[16,11],[2,2],[2,-1],[3,1],[1,-1],[16,6],[7,11],[4,5],[10,21],[1,3]],[[244909,521448],[0,-2],[-3,-79],[-5,-45],[-3,-21],[-6,-36]],[[244868,521123],[-3,5],[1,4],[-6,10],[-1,-4],[-1,2],[-12,20],[-8,14],[-12,22],[-1,2],[1,4],[-13,28],[6,34],[9,52],[-14,31]],[[242178,511121],[0,40],[0,10],[1,-12],[17,-6],[0,13],[8,11],[12,-5],[29,-11],[13,-1],[2,-1],[2,-1],[8,-3],[9,-5],[6,-2],[0,-4],[21,-8],[0,-5],[5,-2],[2,-2]],[[242313,511127],[-1,-44],[-2,-46],[-6,3],[-1,-15],[-1,-48],[7,-4],[-2,-10],[0,-11],[-2,-49],[-1,-26],[-1,-39],[-1,-24],[3,-21],[-2,-5],[-2,1],[-1,-53],[0,-2],[-2,-53]],[[242177,510774],[0,6],[0,13],[-2,-1],[-3,16],[0,58],[-3,46],[-7,35],[-5,17],[-16,30],[0,11],[7,-13],[12,0],[3,71],[15,0],[0,22],[0,36]],[[246171,532482],[67,138],[3,-10],[26,-139],[46,-250],[61,-325],[7,-33],[12,-66],[3,-4],[9,14],[12,3],[2,11],[-10,60],[24,42],[21,38],[28,-163],[5,-30],[66,301],[3,-46],[5,-13],[3,-29],[3,-16],[7,-2],[2,-18],[8,-15],[18,-8],[2,-11],[-9,-19],[-75,-136],[2,-13],[5,9],[3,-19]],[[246552,530960],[-10,-66],[-78,96],[-20,-192],[-38,44],[-2,-17],[-9,13],[-2,-26],[-4,5],[-2,9],[-10,10],[-12,27],[3,30],[-17,19],[11,87],[-12,16],[2,15],[-90,94],[3,30],[7,16],[10,43],[4,33],[-14,20],[-19,22],[-18,19],[-3,-25],[-11,10],[-2,-20],[-15,20],[-7,-64],[-5,6],[3,33],[-25,28],[4,35],[-5,4],[1,14],[-8,8],[1,5],[18,178],[1,13],[-39,42],[-22,-212],[4,59],[-9,9],[1,9],[-2,4],[0,8],[-11,13],[7,71],[-15,14],[-9,-87],[-16,20],[-2,2],[-19,21],[-31,32],[-5,5],[0,1]],[[246014,531563],[-4,3],[-11,11]],[[245999,531577],[8,75],[3,8],[-6,154],[-1,12],[-6,146],[-5,40],[4,48],[31,-31],[8,77],[9,-11],[10,92],[15,-16],[12,120],[-2,3],[4,9],[44,90],[72,-77],[22,103],[-50,63]],[[244852,521033],[-18,31],[-8,-1],[-2,-11],[-1,13],[-1,19],[-3,15],[-1,11],[-1,-6],[0,-12],[-8,2],[-1,-50],[-6,27],[0,-5],[-3,1],[0,-4],[3,-1],[-1,-16],[-1,-31],[0,-15],[14,-3],[1,45],[11,-3],[-1,-45],[1,-28],[-7,-10]],[[244819,520956],[-11,12],[-8,8],[-4,5],[-6,6],[0,16],[-4,2],[-1,-13],[-5,6],[-11,0],[4,-19],[1,-16],[-2,-7]],[[244772,520956],[1,6],[-2,22],[-10,25],[4,49],[7,38],[10,5],[1,4],[-8,61],[3,10],[6,7],[-9,38],[4,24],[4,10],[-2,19]],[[242772,512119],[4,8],[2,3]],[[242778,512130],[-1,-19],[-6,-56],[-5,-79],[1,0],[2,0],[6,0],[0,18],[5,-11],[4,11],[7,-4],[0,-14],[6,0],[2,21],[7,1],[0,-22],[15,0],[10,0],[0,7],[10,0],[1,-7],[6,2],[9,-47],[2,-36],[6,-5],[-1,-14],[-5,-6],[1,-12],[2,-8],[4,-5],[-4,3],[5,-14],[8,-14],[3,-9],[2,-10],[3,9],[-6,19],[7,11],[4,-22],[-2,-30],[3,9],[0,-21],[3,8],[4,-13],[-5,-13],[0,-2]],[[242828,511597],[-10,-27],[-26,-67],[-28,-70],[-12,-30],[-5,-12],[0,4],[-9,-23],[-2,21],[-5,11],[0,21],[-5,-14]],[[242726,511411],[5,46],[-16,4],[0,38],[7,36],[5,47],[0,21],[-13,1],[-8,0],[0,36],[-8,0],[0,40],[-2,0],[-7,-1],[-17,1],[-6,-2]],[[242666,511678],[0,13],[2,0],[9,60],[1,7],[-3,4],[-3,-10],[-3,8],[-7,-14],[-6,38],[-2,13],[-1,10],[-1,8],[0,105],[0,28],[0,16],[1,0],[-1,19],[-2,23],[3,18],[5,-7]],[[242402,512506],[2,-11],[-6,-27],[-2,3]],[[242396,512471],[-3,10],[4,14],[5,11]],[[242370,512456],[12,45],[8,-19],[-2,-15],[-4,-15],[0,-11],[-5,-1],[-5,-13],[-4,29]],[[242355,512411],[3,-30],[5,9],[4,-38],[-4,-13],[0,6],[-2,-4]],[[242361,512341],[-7,19],[-3,12],[4,39]],[[242236,512987],[17,26],[12,17],[43,9],[14,4],[3,0]],[[242325,513043],[2,-11],[-1,-67],[-3,-37],[-15,-27],[-3,-19],[2,-17],[6,-18],[8,7],[3,2],[6,-25],[0,-3],[0,-2],[0,-2],[2,-7],[1,-25],[12,-46],[17,-25],[8,-20],[1,-3],[-2,-33],[-1,-57],[11,-4],[7,-2]],[[242386,512602],[2,0],[1,-8],[7,-54],[1,-4]],[[242397,512536],[-8,-8],[-28,24],[-7,2],[-7,-11],[-6,-19],[8,-65]],[[242349,512459],[-8,-6],[-11,28],[-8,-27],[0,0],[0,1],[1,4],[18,70],[-3,25],[-11,22],[3,16],[3,4],[-5,32],[-1,3],[-12,75],[-3,19],[-1,6],[-2,8],[-2,8],[-17,-65],[-5,-17],[-2,6],[2,18],[-7,54],[-11,23],[-5,20],[-6,-14]],[[241999,511089],[21,97]],[[242040,511654],[-3,12],[-10,23],[-3,32],[-4,1],[-6,49],[1,109],[-5,16],[5,25],[0,34],[-7,13],[4,12],[2,-4],[2,-3],[1,-6],[1,-3],[2,1],[1,3],[-1,15],[5,16],[5,27],[3,7]],[[242033,512033],[6,-30],[2,-14],[10,-56],[0,2],[3,9],[4,-29],[-3,-5],[9,-55],[1,-5],[17,63],[12,-36],[7,-19],[5,-12],[1,5],[2,3],[2,2],[4,-12],[0,-3],[-3,-13],[4,-12],[10,-31],[2,-7],[1,-3],[9,-25],[2,-8],[9,-25],[8,-23]],[[242157,511694],[5,-12],[3,-12],[7,-18]],[[242172,511652],[6,-19],[-3,-13],[0,-6],[2,-13],[-7,-7],[-36,-34],[-1,-6],[-1,-7],[0,-48],[-6,0],[-1,-4],[2,-13],[0,-8],[4,1],[-1,-4],[2,0],[0,-7],[0,-61],[0,-40],[-7,1],[0,-23],[-9,-2],[1,-14],[3,7],[11,-4],[1,-11],[-1,-61],[0,-62],[1,-22],[8,-22],[1,-52]],[[242141,511098],[-24,13],[-51,0],[-17,2],[-10,8],[6,-36],[-13,-19],[-17,3],[-16,20]],[[242531,511240],[5,0],[8,0],[0,25],[-2,0],[0,1],[0,12],[0,6]],[[242542,511284],[14,-2],[-1,11],[0,23],[0,12],[16,0],[9,-2],[4,0],[0,1],[0,7],[3,25],[-1,6],[2,24],[1,6],[4,10],[1,18],[1,19],[-1,3],[-2,10],[0,27],[0,3],[13,0],[8,5],[0,-4],[0,-1],[0,-65],[2,2],[8,9],[7,14],[4,13],[2,11],[7,50],[13,88],[9,-3],[0,18],[1,20],[-4,8],[3,25],[1,3]],[[242726,511411],[-7,-54],[-3,-9],[-2,0],[-3,1],[-38,-1],[-2,-1],[-6,2],[-4,-1],[-5,2],[-4,-6],[5,-1],[-1,-11],[4,-20],[-7,-27],[-3,-16],[-21,-106]],[[245513,535309],[42,81],[4,-2],[4,-20],[4,-5],[20,11],[-1,-45],[25,-134],[-2,-11],[21,-112],[50,99],[1,-10],[36,46],[-2,14],[8,19],[0,28],[-12,60],[11,27],[-15,85],[5,28],[3,16],[4,22],[4,42],[6,-7],[6,-96],[3,-22],[37,-277],[-33,249],[-4,35],[-3,40],[-4,81],[8,2],[3,22],[2,-21],[9,-9],[-3,24],[-9,10],[-1,12],[39,13],[18,1],[3,2],[3,5],[8,15],[2,3],[6,12],[5,-19],[1,-14],[4,-20],[8,-4],[4,-13],[2,-33],[-7,-27],[0,-23],[8,-25],[7,-30],[18,-32],[11,-14],[7,-28],[40,77],[33,63],[-9,49],[7,14],[9,-50],[43,78],[15,27],[-13,68],[16,29],[6,-31],[10,17],[19,38],[3,3]],[[246066,535742],[4,-1],[10,-34],[4,-6],[7,-23],[10,-20],[-3,-8],[-2,-36],[2,-8],[11,5],[2,15],[6,8],[9,-15],[3,-23],[-1,-28],[-4,-29],[0,-10],[2,-5],[33,-176],[1,-6],[-20,-39],[11,-40],[1,-36],[13,-43],[8,-5],[2,1],[8,6],[3,12],[21,25],[5,-10],[5,-21],[0,-31],[-8,-15],[2,-13],[-12,-22],[1,-13],[-12,-22],[19,-96],[17,5],[22,18],[0,-34],[0,-69],[-3,-5],[-1,-12],[-11,3],[-4,-19],[3,-25],[-2,-9],[0,-24],[-4,2],[-3,-20],[3,-23],[-9,-36],[-7,-12],[-1,-16],[-4,-9],[0,-23],[-5,0],[-5,-15],[6,-17],[0,-13],[-4,0],[-6,-20],[-4,2],[1,-23],[-3,-4],[-3,19],[-7,-11],[0,-27],[-15,-25],[-8,5],[-6,-9],[-4,-29],[3,-46],[-4,-18],[-3,11],[-6,-17],[-2,-11],[8,-15],[-1,-15],[-10,-4],[-5,-45],[5,-12],[0,-18],[4,-16],[-4,-19],[8,-42],[22,44]],[[246155,534282],[2,-11],[-11,-21],[-2,-51],[9,-13],[3,-23]],[[246156,534163],[-8,17],[-4,7],[1,-15],[-1,-4],[-46,-86],[-40,-76],[4,4],[14,-76],[6,-23],[34,-187],[-1,-8],[-2,-99],[-2,-14],[-19,-35],[-17,-45],[-11,-21],[-3,-20],[-1,-45],[-7,-3],[-6,23],[-10,6],[-5,-11],[-4,-19],[-10,-95],[-2,-11],[-8,-75],[-24,24],[0,-35],[-4,5],[-9,83],[-8,42],[-23,77],[-13,48],[-5,37],[-2,-2],[-16,-152],[-23,25],[-1,27],[-18,19],[-2,-3],[-19,-201],[-53,46],[-8,-80],[-32,173],[-63,66],[-11,-114],[-12,-87],[-9,-87],[-5,7],[-5,35],[-5,-51],[1,-36],[-3,6],[2,-12],[-4,-20],[-4,-10],[-10,15],[-3,7],[-3,7],[-9,12],[-7,4],[-4,1],[-2,31],[3,32],[-6,36],[5,16],[-6,-8],[2,32],[-1,12],[-6,17]],[[245583,533296],[-3,14],[4,54],[-5,53],[-6,13],[3,15],[-2,16],[-6,6],[-9,70],[-7,28],[-1,21],[2,3],[5,-16],[7,6],[-5,19],[0,17],[3,10],[-2,9],[-1,28],[7,29],[0,12],[6,22],[0,14],[-4,29],[6,34],[-2,5],[0,25],[-5,15],[1,23],[-2,20],[24,-27],[5,51],[-12,90],[1,18],[1,4],[26,32],[5,2],[8,-6],[-40,211],[-1,7],[53,30],[2,26],[-36,194],[41,81],[-1,12],[-17,89],[-57,-111],[-23,118],[43,83],[-19,101],[-4,22],[-66,-126],[-3,-36],[-2,3],[-19,101],[7,48],[-20,21],[-15,82],[1,10],[7,-3],[4,33],[27,60],[-4,28],[45,84],[-15,87]],[[239760,518861],[-2,2],[1,96],[2,9],[17,36],[10,36],[8,21],[5,-4],[13,5],[-1,17],[1,63],[-1,74],[-2,36],[1,32],[4,22],[5,-2],[5,9],[-2,18],[4,19],[12,10],[4,10],[9,0],[6,-21],[13,-20],[12,-2],[18,15],[6,-16],[2,-16],[2,-79],[2,1],[10,25],[2,-28],[3,-12],[10,-20],[12,-35],[6,13],[5,75],[4,26],[0,-20],[57,2],[164,5]],[[242626,510919],[0,-73],[0,-46],[-1,-24],[-3,-5]],[[242523,510830],[0,98],[5,-7],[5,0],[0,0],[9,-8],[0,8],[0,15]],[[242461,510971],[5,0],[2,-20],[-1,-13],[6,3],[-1,-42],[3,0],[5,3],[0,-30],[-2,-20]],[[242453,510549],[-4,0],[0,6],[-9,0],[-1,-6],[-1,6],[-5,0],[-14,1],[-1,3],[-4,-10],[0,-7],[-2,0]],[[242353,510654],[1,22],[0,2],[6,-8],[0,-1],[12,29],[2,6],[7,16],[0,4],[20,48],[-1,-23],[15,-6],[-2,-9],[1,0],[2,18],[4,31],[5,38],[1,5],[9,33],[7,32],[2,49],[0,12],[5,-5],[4,-12],[2,25],[6,-4],[0,15]],[[242473,511115],[-3,-6],[8,-39],[3,7],[10,-33],[7,-8],[4,-30],[4,6]],[[242461,510971],[-5,27],[5,11],[-2,42]],[[242459,511051],[3,14],[-6,16],[8,19],[0,1],[-2,6],[6,3],[1,-1],[4,6]],[[242313,511127],[0,3],[0,4],[1,-1],[0,-5],[7,-3],[0,6],[1,38],[0,12],[-1,1],[1,40],[2,-1]],[[242324,511221],[0,-1],[4,-7],[16,0],[0,-7],[13,-2],[1,-3],[0,3],[3,-11],[11,7],[0,2],[1,-6],[13,2],[13,-11],[1,18],[3,-1],[1,0],[1,-10],[4,-19],[-1,15],[13,-5],[0,-12],[16,-6]],[[242437,511167],[-2,-14],[-1,-7],[0,-1],[5,-39],[6,-33],[0,0],[4,-19],[0,-2],[0,0],[2,13],[8,-14]],[[242542,511284],[-7,0],[-1,0],[1,6],[0,3],[-3,0],[-1,-4],[-2,6],[6,35],[-7,13]],[[242528,511343],[1,13],[5,34],[1,17],[15,-1],[3,20],[-3,6],[-2,38],[2,17],[-20,-2],[-8,34],[8,28],[2,7],[0,18],[0,-1],[-6,21],[-5,29],[-7,0],[0,1],[0,23],[0,25],[0,3],[-2,4],[-1,2],[-2,6],[-2,24],[-2,22],[1,22],[0,2],[0,2],[-4,-10]],[[242502,511747],[-3,52],[0,12],[7,51],[13,85],[2,-1],[5,30],[18,86],[2,7],[-1,1],[4,16]],[[242355,512411],[-6,48]],[[242397,512536],[5,-30]],[[242396,512471],[-6,-33],[-1,-5],[2,-9],[1,-4],[2,8],[4,11],[10,22],[3,-3],[11,-61],[-6,-21],[8,-3],[2,3],[1,-8],[3,-28],[0,-28],[0,-44],[0,-2],[1,-18],[0,-8],[0,-3],[1,-16],[1,-51],[1,-13],[-3,-1],[-3,-12],[6,-18],[0,-2],[-5,-27],[0,-5],[-11,-6],[-9,3],[-1,-33],[6,-17],[8,-21],[0,-16],[4,1],[3,0],[0,-59],[0,-12],[-6,1],[2,-40],[1,-4],[0,-17],[-10,-2],[7,-10],[1,-15],[-2,0],[-1,-19],[-2,0],[0,2],[0,17],[-2,1],[1,-24],[3,-27],[4,-11]],[[242425,511784],[0,-16],[0,-3],[0,-41],[0,-1]],[[242425,511723],[-1,-6],[-16,1],[0,7],[-1,0],[-3,-26],[-15,0],[-1,13],[0,10],[-13,1],[0,-7],[-4,0],[0,2],[-1,0],[0,5],[-1,0],[0,-3],[-1,-5],[-27,-1],[0,-34],[-15,2],[-5,7],[-5,10],[-5,22],[-1,2],[-2,10],[-7,79],[-1,28],[-2,26]],[[242298,511866],[1,6],[1,4],[5,30],[8,35],[7,16],[6,0],[0,13],[15,20],[5,8],[17,48],[-1,2],[0,2],[-1,16],[-5,82],[-3,13],[-16,63],[-3,16],[28,99],[-1,2]],[[242627,509641],[0,-6],[0,-38],[-5,-31],[-10,-8],[-12,26],[-7,65],[-21,3],[32,10],[-11,5],[-1,5],[0,10],[10,0],[-10,8],[0,9],[0,9],[2,25],[0,11],[-1,0],[-6,0],[-1,-7],[-13,7],[0,22],[-5,1],[-3,0],[-10,0],[-1,-14],[-3,-49],[-4,0],[-4,-35],[8,1],[0,-18],[-12,0],[-9,-10],[-2,30],[-7,71],[0,4],[-9,0],[0,10],[8,0],[0,1],[-1,9],[-1,13],[-1,11],[-12,-1],[-1,4],[1,28],[-6,1],[0,59],[11,9],[-2,29],[-1,18],[-5,40],[-5,40],[-7,62],[-2,14],[-4,32],[-2,17],[-4,42],[-2,19],[-14,0],[0,-11],[-9,0],[0,13],[-12,0],[-3,10],[0,27],[1,0],[0,15],[-1,0],[-1,32],[0,0],[0,31],[0,12],[-7,8],[-15,-1],[-17,1],[0,-1],[0,4]],[[242405,512780],[4,-1],[6,-6],[2,0],[3,4],[8,24],[3,4],[0,13],[7,-2],[-1,-11],[4,-7],[14,-40],[10,-31],[15,-44],[11,-31],[9,-25],[2,-7],[2,-7],[7,-19],[4,14],[5,-17],[4,11],[4,-30],[23,-68]],[[242502,511747],[-3,-9],[-7,11],[-2,7],[-5,4],[-10,-8],[-15,-20],[-8,9],[-7,9],[-6,27],[-14,7]],[[242386,512602],[-1,42],[-12,39],[1,17],[14,-42],[3,8],[2,8],[5,18],[-5,13],[3,-3],[8,44],[-3,9],[1,25],[3,0]],[[242186,512439],[5,-27],[14,-36],[-6,-23],[8,-58],[4,3],[8,29],[8,-12],[1,-29],[10,-4],[13,-44],[0,2],[6,-21]],[[242257,512219],[-1,-3],[-8,-29],[-11,-43],[-14,-53],[-2,15],[-12,-4],[-7,1],[-7,0],[-1,9],[-1,16],[-4,12],[-8,-24],[0,-15],[-1,-1],[-5,-8],[-2,6],[-11,-8],[-4,-41],[3,-10],[-8,-29],[4,-10],[11,-31],[-12,-45],[3,-10],[12,47],[6,-17],[-3,-12],[-1,-20],[7,-17],[6,23],[3,-10],[1,-2],[0,-22],[-9,-36],[-13,-12],[0,1],[-5,-10],[-2,-9],[-7,-25],[1,-5],[0,-21],[-2,-3],[-1,-39],[4,-13],[3,-11],[-2,-7]],[[242033,512033],[-8,38],[-1,10]],[[242000,512228],[-4,17],[-5,33]],[[241978,512318],[1,5],[0,51]],[[242368,510184],[-4,-19],[-5,-17],[0,-6],[0,-3],[-5,-14],[-6,-12],[10,-58],[2,-11],[4,-31],[4,-33],[14,-104],[14,-108],[1,-9],[0,-2],[2,-21],[4,-71],[-1,-24],[-3,-73],[1,-40],[3,-24],[45,-256],[23,-104],[4,-20],[1,-23],[-3,14],[-5,-6]],[[242548,513135],[-1,-4],[17,-14],[13,-17],[26,-26]],[[242405,512780],[-4,44],[0,36],[4,25],[8,39],[1,16],[3,45],[8,55],[-25,11],[-2,8],[-3,37],[26,-9],[3,4],[0,34]],[[242401,513060],[4,12],[2,-7],[-4,-8],[9,-4],[1,7],[10,-2],[1,4],[0,14],[-6,0],[-19,9],[2,-25]],[[242940,512857],[11,-59],[3,6],[18,-101],[2,-10],[2,-10],[6,16],[0,-1],[-5,-16]],[[242977,512682],[-10,-31],[9,-42],[6,-27],[4,-21],[9,-48],[-2,-3],[5,-25],[-9,-17],[3,-19],[6,-6],[1,-15],[7,-2],[4,-15],[1,-21],[-8,-12],[-8,-48],[-8,-17],[-6,-23]],[[242981,512290],[-4,9],[-4,8],[-9,-18],[-5,5],[-4,13],[-15,-26],[-1,-4],[-33,-63],[0,-3]],[[242906,512211],[-1,1],[-2,4],[-6,14],[-8,29],[-4,14],[-5,17],[-12,44],[-1,2],[-6,-22],[-1,-7],[-7,-19],[-5,16],[-6,-18],[-1,5],[-13,-37],[4,-13],[0,-18],[4,0],[1,-60],[-18,-9],[-1,57],[-3,-4],[-5,-48],[-6,-20],[-6,15],[-6,-17],[-2,2],[0,1],[-4,-11],[-8,1],[0,0]],[[242057,510305],[-1,6],[-9,68],[-15,106],[-23,152],[1,2],[3,5],[10,10],[7,-49],[12,18],[-3,21],[7,22],[11,14],[-1,12],[-1,8],[0,1],[0,0],[1,0],[0,4],[0,2],[0,1],[0,2],[2,4],[1,1],[1,0],[2,-1],[2,0],[6,-1],[7,12],[1,0],[2,8],[10,6],[19,16],[5,2],[4,3],[-1,-3],[-2,-27],[2,-8],[13,-19],[1,-139]],[[241943,510546],[6,3],[3,-23],[-3,-22],[13,-23],[4,19],[-2,13],[3,25],[5,6],[17,-117],[6,-44],[-35,-19],[-4,0],[-9,118],[-6,27],[2,37]],[[242906,512211],[20,-55],[3,-24],[2,-13],[4,-14],[6,-6],[12,-12],[5,-5],[12,-13],[3,-6],[9,-40],[3,-13],[-10,-13]],[[242104,514657],[0,-105],[-27,0],[-1,-151],[0,-14],[-13,-70],[-9,0],[-1,-24],[-5,-29],[-5,-83],[4,2],[6,4],[16,-10],[7,6],[7,-12],[6,5],[1,-11],[-1,-35],[5,-15],[-4,-11],[-7,-4],[0,-10],[7,-26],[-2,-11],[18,-1],[1,-8]],[[242107,514044],[-1,-4],[-5,-47],[-9,-28],[-10,-14],[-20,-22],[-2,-6],[-15,-3],[-2,4],[0,21],[-1,0],[0,0],[-4,-26],[-6,3],[-3,-6],[-10,54],[-55,302],[-1,0],[-1,0]],[[244495,530567],[5,9],[31,59],[37,71],[3,6],[9,17],[-3,5],[0,34],[23,10],[5,-1],[1,4],[5,8],[1,1],[12,25],[1,-25],[0,-14],[27,8],[0,-3],[-11,-3],[-7,-12],[-4,-5],[-5,-46],[0,-2],[2,-4],[21,-22],[21,-23],[2,-2],[8,-8],[3,11],[4,40],[9,-4],[2,19],[37,-41],[3,3],[1,-1],[1,4],[2,5],[3,-10],[4,-6],[0,-3],[26,-27]],[[244776,530617],[-4,5],[-6,-51],[7,-8],[2,-3],[-1,-17],[-1,-5],[-2,-23],[-9,-93],[-1,-15],[-2,-26],[-12,7],[-1,-13],[10,-31],[-3,-41],[-1,-12],[-2,-24],[-1,-11],[-5,5],[-7,-56],[4,-9],[-5,-37],[-9,-85],[-1,-49],[0,-3],[1,1],[9,-83],[8,-71],[2,-21],[-1,-49],[1,-33],[11,-102],[4,-39],[-1,-1],[1,-22],[2,-45],[1,-5],[-23,-25],[4,-34],[17,19],[4,-7],[1,-13],[-11,-20],[-5,-5],[3,-9],[-6,-3],[3,-14],[6,7],[6,-10],[0,-16],[-6,-5],[-6,-26],[4,-12],[-7,-30],[-2,5],[-3,1],[-7,-32],[4,-8],[-3,-13],[-4,7],[-18,-101],[-11,-72],[-5,-21],[-7,-23],[2,-5],[-5,-32],[-3,-20],[-2,-1],[-4,-30],[-1,-29],[-2,-1],[-3,-61],[-8,-34],[1,-5],[0,-6],[1,-2],[-3,-12],[-1,-11],[-2,-13],[0,-8],[0,-21],[4,-62],[1,-32],[-5,-40],[-9,-30],[-7,-34],[-3,-36],[-1,-49],[-4,-48],[-7,-90],[-5,-51],[-9,-56],[-1,-28],[0,-23],[2,-36]],[[244618,528186],[-85,55],[-18,-58],[0,37],[-5,48],[-4,1],[-10,-39],[-6,-6],[0,21],[-8,35],[-7,-9],[-7,12],[-3,-10],[-10,15],[-4,-29],[0,-47]],[[244451,528212],[-3,42],[2,36],[-6,24],[0,51],[-3,18],[-1,21],[-5,10],[-6,37],[0,11],[-4,15],[6,21],[1,46],[-2,18],[-5,22],[-9,11],[-5,36],[0,8],[6,20],[5,32],[1,25],[-8,38],[-4,16],[2,14],[8,28],[10,36],[-5,15],[2,-18],[-39,-47],[-5,11],[0,7],[7,0],[0,11],[-4,10],[-1,18],[2,17],[-4,10],[-5,0],[0,17],[6,7],[-3,26],[-5,-6],[-6,4],[8,30],[-1,25],[-2,3],[-7,-13],[-10,-39],[-4,-6],[-8,3],[-3,-8],[-36,-42],[-2,-4],[-7,14],[-6,25],[-12,71],[-9,40]],[[244333,520279],[24,-40],[9,29],[5,21],[8,-16],[0,34],[6,-10],[8,-11],[5,14],[-8,19],[-13,1],[4,11],[0,22],[-2,4],[-5,25],[14,31],[7,6]],[[244395,520419],[4,1],[16,-2],[4,2],[0,0],[13,15],[8,-4],[18,2],[0,-8],[12,-6],[6,-2],[2,0],[0,11],[-1,19],[11,5],[9,0],[24,0],[13,-2],[9,-11],[1,-1],[12,-21]],[[244556,520417],[-9,-53],[-4,8],[-10,-65],[-3,-7],[3,-6],[9,-13],[-4,-19],[-5,-33],[-7,-44],[-1,-2],[-1,-11],[-4,8],[-2,-6],[-4,-20],[4,4],[3,-2],[-5,-24],[-7,-40],[0,-4],[-3,5],[0,-6],[-1,-4],[-2,-12],[2,-8],[-1,-4],[-3,-21],[-1,-5],[-6,10],[-2,-13],[0,-4],[-3,3],[-3,6],[-1,10],[-5,3],[-4,-14],[-8,-43],[5,-10],[10,-2],[6,-10]],[[244489,519969],[-2,-13],[-21,-124],[-11,-63],[-19,3],[3,-13]],[[244345,520051],[3,17],[-2,11],[5,6],[-8,39],[-11,44],[-3,62],[-1,6],[1,11],[1,10],[1,12],[2,10]],[[244832,520895],[2,20],[3,24],[3,0],[12,7],[-1,12]],[[244918,520986],[7,4]],[[244925,520990],[1,-18],[-5,-2],[8,-50],[6,-26],[2,-13],[3,-47],[2,-17],[6,-7],[-4,-22],[3,-37],[2,-27],[9,-18],[-5,-40],[0,-51],[4,-8],[1,-7]],[[244958,520600],[-2,-16],[1,-34]],[[244957,520550],[-7,3],[-4,-1],[-15,18],[-1,11],[-6,28],[-10,4],[-26,-2],[-8,-8],[-3,-7],[-2,-6],[-7,-9],[-1,-1],[-11,-13],[-5,5],[-1,1],[-10,9],[-2,2],[-10,15],[-5,10],[-4,4]],[[244819,520613],[-4,79],[0,21],[2,24],[5,53],[2,11],[1,11],[3,33],[1,16],[3,34]],[[246948,514599],[0,143],[78,6],[-6,1],[0,50],[-3,173],[39,2],[-1,152],[5,2],[2,-25],[0,-53],[3,-49],[10,1],[-1,-95],[47,1],[0,29],[30,7],[-1,67],[1,29],[0,51]],[[247592,515221],[8,-30],[1,-24],[1,-249],[0,-120],[5,-44],[2,-27],[1,-127],[5,-47],[1,-52],[5,-85],[-1,-46],[1,-4],[11,1],[1,-73],[12,1],[0,-36],[-12,-36],[-3,-5],[1,-49],[-20,0],[-8,-8],[1,-5],[5,-14],[0,-31],[-6,-40],[6,-10],[2,-2],[-20,-64],[7,-3],[0,-31],[-31,-11],[-3,-18],[3,-47],[-7,-25],[-9,-10],[0,-50],[4,-11],[1,-20],[-4,-33],[-2,-29],[7,-17],[0,-28]],[[247557,513662],[-51,-197],[-16,-61],[29,0],[-3,-24],[1,-5],[9,-5],[-1,-17],[12,-18],[0,-28],[6,-13],[8,-2],[11,-18],[10,-6],[2,-10],[-5,-14],[5,-22],[13,-5],[0,-21],[2,-23],[-3,-21],[-3,-24],[10,-16],[2,-28],[8,-17],[1,-41],[2,-20],[3,-1],[8,-30],[0,-7],[-7,-29],[-2,-50],[-8,-28],[-1,-10],[1,-26],[7,-25],[6,-11],[6,-36]],[[246997,512702],[0,43],[34,3],[2,18],[-1,26],[5,-1],[0,45],[20,8],[43,4],[0,56],[17,0],[0,46],[-2,15],[0,102],[1,16],[0,35],[-4,15],[0,59],[-37,-3],[-4,9],[-15,-1],[-2,26],[-71,-3],[-4,105],[-11,7],[1,13],[-4,0],[-5,25],[-13,-2]],[[246947,513368],[2,6],[25,17],[3,14],[8,26],[17,0],[-1,181],[-10,5],[-2,40],[-11,-3],[-1,177],[0,37],[-20,3],[0,82],[-7,1],[1,222],[-1,20],[-11,-1],[-1,99],[-2,17],[0,112],[14,1],[-2,175]],[[244411,516105],[6,-10],[17,49],[13,-68],[7,-27],[17,64],[4,-13],[14,42],[-2,24],[21,60],[47,-7],[14,-1],[4,-10],[2,8],[36,-4],[1,-2],[-33,-82]],[[244579,516128],[-1,-3],[6,-34],[8,-17],[6,-24],[12,-13],[7,11],[4,-3],[8,-59],[6,-22],[5,-29],[5,-62],[16,-71],[-9,-16],[-4,-17],[-17,-19],[2,-54],[5,-11],[1,-14],[-7,-17],[0,-39],[-5,-21],[-2,-18],[3,-17],[2,-38],[-6,-22],[0,-25],[-3,-30],[1,-14],[12,-82],[-59,-165],[1,-5],[7,-15],[-10,-32],[7,-28],[6,14],[-1,9],[10,-7],[6,-22],[2,-8],[-3,-20],[4,-23],[-2,-4],[-7,18],[-10,-1],[13,-65],[5,-14]],[[242279,505851],[6,-1],[0,-9],[4,1],[4,19],[-3,12],[4,11],[1,17],[9,-3],[3,-8],[4,19],[5,9],[0,23],[7,14],[1,-5],[9,5],[4,-17],[10,-20],[5,-5],[12,21],[10,32],[6,10],[6,19],[9,12],[8,-2],[2,10],[8,10],[-9,31],[-8,20],[10,89],[-3,13],[6,25],[32,298],[6,-7],[7,223]],[[242484,507215],[-10,142]],[[243002,505089],[-58,32],[-16,12],[-33,19],[2,-410],[4,-22],[3,-32],[15,-289],[14,-285],[1,-15],[2,-15],[7,-42],[5,-12],[15,-27],[8,-20],[8,-35],[2,-21],[19,-294]],[[243000,503633],[-42,3],[12,-45],[6,-18],[10,-20],[21,-31],[4,-15],[-1,-3],[13,-20],[2,-228],[4,-50],[4,-30],[12,-53],[-15,-46],[-57,-165],[7,-54],[1,-45],[12,-37],[-4,-36],[-22,-85],[-1,-7],[4,-75],[4,-72],[4,-64],[1,-7],[9,-1],[5,-51],[-11,-53],[-2,-10],[11,-9],[3,-8],[4,-26],[-1,-24],[0,-24],[-2,0],[-6,18],[-4,-34],[5,-16],[1,-13],[3,-2],[1,-25],[-6,-26],[-1,-22],[7,-17],[-1,-8],[-6,10],[-6,-18],[-9,-7],[-4,15],[-10,14],[0,175],[2,42],[-1,34],[-3,3],[-3,20],[-9,9],[-9,-31],[-8,19],[-10,17],[-31,74],[-18,64],[-27,12],[-18,-52],[-2,30],[-6,15],[-11,-36],[-2,-46],[-2,-10],[-19,-13],[-3,2],[-16,-1],[-44,7],[-3,-8]],[[242715,502721],[-2,355],[57,167],[8,25],[1,8],[-66,106],[-110,173],[-6,6],[-6,2],[-34,1],[1,169],[-1,1],[-25,1],[-42,1],[-1,-1],[-18,-76],[1,-11],[-6,-30],[-4,-6],[-2,0],[-11,-11],[-13,20],[-26,-14],[3,-39]],[[242257,512219],[4,-17],[8,-29],[-1,-2],[5,-24],[3,-22],[3,-48],[-8,-16],[3,-32],[8,11],[3,-27],[2,-25],[9,-102],[2,-20]],[[242298,511866],[-8,-50],[-10,-30],[1,-4],[-14,-33],[-7,-18],[-9,-2],[-7,-1],[0,-6]],[[242244,511722],[-3,6],[-4,-15],[-13,2],[0,15],[-5,0],[-15,-1],[3,-15],[-5,-20],[-8,26],[-5,-7],[3,-23],[-10,-12],[-1,9],[-7,-13],[2,-6],[-4,-16]],[[244630,521773],[15,94],[2,14]],[[244647,521881],[2,30],[2,47],[0,15],[2,12],[-5,9],[2,8],[-14,26],[1,10],[20,-35],[7,23],[4,11],[2,53],[1,5],[6,14],[10,-9],[12,37],[10,18],[-1,34],[-5,17],[-5,37]],[[244781,521274],[-5,-1],[-2,0],[-4,7],[-3,4],[0,5],[-6,6],[0,-6],[-8,5],[-2,1],[3,68],[1,43],[-2,64],[-5,23],[-4,-5],[-12,21],[-15,-74],[15,-27],[-10,-60],[-6,11],[-8,-16],[-7,-7],[-6,12]],[[244695,521348],[1,52],[-2,34],[0,14],[-1,20],[-10,78],[-4,20],[0,0],[-16,101],[-7,31],[-10,31],[-16,43],[0,1]],[[242346,527416],[4,9],[19,2],[27,0],[2,33],[4,-2],[1,30],[-7,26],[-1,25],[2,17],[-1,35],[6,6],[-2,22],[6,21],[7,36],[-2,25],[10,-4],[5,-4],[2,-6],[8,-23],[3,-8],[6,-33],[3,-17],[27,-53],[2,-17],[3,19],[17,52],[1,-30],[2,-7],[7,6],[10,-14],[-2,-24],[5,-15],[4,-52],[5,-16],[1,-23],[6,-16],[7,-13],[3,-19],[17,-50],[9,12],[14,-17],[2,17],[9,22],[6,92],[2,23],[4,65],[20,0],[30,1],[36,-1]],[[242744,527206],[-132,159],[-4,0],[-2,0],[0,-15],[5,-11],[-1,-11],[18,-17],[3,15],[0,-18],[-5,-4],[6,-24],[2,13],[3,-6],[-3,-3],[-1,-19],[4,3],[1,-10],[-4,-16],[4,-20],[-6,7],[-3,-12],[-1,14],[-6,-8],[-4,11],[-5,-9],[5,-11],[3,-23],[-4,-13],[8,-8],[-2,-9],[-12,-6],[3,-9],[3,-26],[5,-7],[4,5],[-1,-14],[5,-25],[-3,-20],[-10,-7],[-3,17],[2,4],[-4,17],[-7,-10],[-2,12],[-5,8],[1,-19],[6,-22],[-1,-14],[-6,-1],[-6,18],[-1,15],[-4,16],[-4,-8],[0,26],[-12,14],[-10,17],[-1,14],[-7,2],[-5,19],[-1,12],[4,21],[-6,1],[-3,-15],[-10,2],[0,112],[-3,17],[-11,10],[-11,-17],[12,-160],[6,-181],[7,1],[0,-39],[3,-28],[3,-12],[9,-25],[7,-26],[4,-29],[1,-23],[-1,-49],[-4,-3],[1,-22],[-16,7],[-14,-17],[-9,-28],[-1,-29],[-8,-20]],[[246036,504806],[-12,-9],[-9,0],[-5,-30],[-4,-8],[-7,21],[1,45],[-1,4],[15,111],[4,42],[22,94],[12,57],[-20,23]],[[246552,512881],[10,32],[12,12],[1,41],[7,74],[1,29],[3,3],[1,33],[3,20],[-7,2],[-1,6],[58,172],[18,46],[38,2],[152,10],[77,4],[22,1]],[[246902,511681],[-28,64],[-16,35],[-17,37],[-42,-1],[-5,7],[5,27],[-30,71],[6,34],[-4,-3],[-38,24],[-38,6],[-34,1],[9,311],[-4,0],[0,23],[-5,267],[-9,-1],[-12,0],[-8,23],[-17,-30],[-22,-29],[-6,2],[-25,41],[-5,21],[-5,6],[-32,-1],[-3,-2],[0,77],[10,36],[0,126],[18,3],[9,21],[-2,4]],[[242107,514044],[43,5],[0,39],[3,0],[0,-117],[9,-4],[40,-1],[0,-11],[8,-18],[1,-12],[3,5],[10,-22],[9,-7],[6,1],[6,7],[0,-44],[59,0]],[[242304,513865],[20,1],[2,0],[14,0],[0,-6],[40,-1],[6,-53],[1,-15],[1,-14],[-1,-11],[-3,-74],[0,-9],[2,-38],[6,-44],[1,-44],[-5,-65],[1,-26],[1,-36]],[[242324,513048],[1,-5]],[[242144,512917],[0,5],[-11,-3],[-1,30],[7,61],[-7,75],[1,3],[0,1],[-4,36],[-10,-1],[3,17],[-1,44],[-8,77],[-6,53],[-3,-5],[-6,19],[-12,3],[-6,13],[2,20],[9,0],[5,25],[4,8],[-5,43],[-21,118],[-11,-5],[1,20],[5,16],[-3,19],[-10,100],[-10,50],[-2,13]],[[242044,513772],[-3,27],[-1,9],[-3,33],[-2,0],[-6,49],[-2,-4],[-2,1],[-2,16],[3,6],[-2,9],[-8,50],[-24,132]],[[241141,510911],[4,12],[11,-13],[8,6],[16,12],[3,-23],[-1,-43],[-2,-22],[4,-14],[-5,-42],[-1,-22],[5,-22],[57,0],[-4,5],[0,28],[-46,-2],[7,38],[-1,28],[2,21],[-3,51],[-4,8],[-7,0],[-3,22],[2,22],[6,23],[10,7],[6,-5],[12,3],[5,-8],[5,2],[8,-21],[5,21],[1,23],[4,15],[1,22],[-1,18],[-4,15],[-8,1],[-6,8],[-4,20],[-1,32],[0,31],[-3,13]],[[241219,511181],[9,-6],[10,-18],[22,-1],[-5,-25]],[[241255,511131],[-2,-18],[-1,-58],[56,-1],[20,-5],[8,4],[24,27],[10,6],[48,9],[4,-1],[4,-1],[54,-41],[1,-152],[9,-5],[5,8],[9,-4]],[[241504,510899],[0,-164],[1,-446],[0,-3]],[[241505,510286],[0,-392],[-3,1],[-21,32],[-2,-1],[-4,10],[-53,84],[0,-67],[1,-22],[-20,-1],[-1,7],[-16,-8],[-46,-1],[-1,-26],[-28,5],[5,-24],[1,-7],[1,-18],[10,-23],[6,-30],[-5,-2],[-7,-20],[-11,-15],[-8,16],[-4,-17],[-9,11],[1,-21],[-5,-10],[5,-13],[7,-26],[-1,-15],[3,-9],[5,12],[2,21],[5,-1],[0,-29],[3,-28],[-3,-20],[6,-2],[2,-12],[-5,-10],[0,-16],[-6,2],[1,-18],[-1,-23],[-5,4],[4,-25],[-2,-13],[2,-30],[0,-15],[-12,-30],[-3,-13],[-9,-77]],[[241284,509361],[-3,-2],[-39,20],[-15,-7],[-48,-2],[-2,-4],[-3,21],[-4,10],[-8,4],[-11,56],[-12,51],[-15,-99]],[[241646,506145],[4,-2],[87,-98],[-9,-53],[5,-8],[34,-33],[4,22],[4,27],[31,-31]],[[242075,501920],[-36,1],[-446,-9],[-76,-4],[0,2]],[[241513,503390],[-2,842],[-1,243],[-3,961],[17,-59],[39,-129],[19,52],[12,41],[-12,39],[31,82],[-14,32],[-1,16],[16,79],[8,73],[-45,80],[2,18],[-50,91],[12,78],[26,3],[0,34],[10,-1],[5,116],[-10,7],[6,46],[-10,24],[8,49],[59,-57],[11,-5]],[[241181,506606],[9,345],[78,-16],[-1,-50],[-4,-92],[26,-5],[12,-12],[9,14],[7,-1],[6,276],[1,11],[116,2]],[[241440,507078],[64,0]],[[241504,507078],[1,-309],[11,-22],[14,71],[20,-38],[2,2],[7,40],[0,12],[92,-173],[13,-27],[-4,-54],[-4,-24],[-9,-28],[-2,2],[-4,-67],[0,-11],[4,-52],[-3,-51],[1,-56],[10,-46],[-15,-88],[8,-14]],[[243000,503633],[53,-5],[1,4],[10,29],[8,-19],[19,-78],[7,-54],[26,-103],[5,18],[38,109],[2,21],[0,55],[3,18],[31,88],[33,-150],[32,89],[28,-103],[8,7],[9,16],[5,-8],[21,-11],[5,-39],[8,23],[2,2],[16,49],[45,118],[72,198]],[[241999,511089],[-1,1],[-6,-15],[-4,20],[-11,14],[-3,-26],[16,-22],[-5,-50],[0,-40],[-14,0],[-3,-17],[0,-33],[2,-23],[-9,0],[0,32],[-6,0],[-12,-10],[1,-11],[0,-11],[0,-86],[0,-7],[-4,1],[-6,-12],[-16,-4],[-8,-30],[-2,-14],[-6,-2],[7,-25],[1,-26],[-2,-13],[6,-4],[5,-17],[9,4],[4,10],[2,-32],[4,-11],[1,-16],[-1,-11],[-17,-24],[2,-9],[-13,-17],[-44,-39]],[[241581,509866],[0,190],[-22,2],[-6,4],[-1,256],[-2,12],[-45,-44]],[[241504,510899],[0,135],[23,-22],[7,-14],[13,-35],[11,-24],[5,-2],[25,2],[29,1],[25,2],[4,4],[4,12],[21,64],[6,10],[4,1],[32,2],[1,-19],[13,0],[0,26],[29,28],[12,11],[13,13],[-5,-7],[0,-16],[7,0],[0,-67],[12,0],[0,102]],[[241255,511131],[2,-9],[16,-1],[1,8],[12,10],[25,2],[4,-4],[6,14],[21,0],[4,20],[3,2],[-1,7],[-13,1],[-12,-5],[-4,-15],[-13,-2],[-18,5],[-1,5],[-9,-5],[-9,7],[3,35],[-3,33],[1,2],[2,20],[3,63],[6,72],[-1,12],[-6,61],[21,56],[8,9],[32,0],[3,11],[0,52],[2,7],[15,0],[2,8],[1,25],[-1,39],[1,14],[2,5],[8,40],[2,44],[4,27],[6,18],[2,2],[5,2],[5,4],[2,5],[2,28],[2,7],[6,-2],[5,12],[-5,10],[1,14],[12,3],[-3,52],[-4,16],[5,18],[1,24],[9,23]],[[242044,513772],[-7,-7],[0,-14],[7,-17],[1,-24],[-5,-9],[-8,0],[0,-19],[-1,-8],[1,-27],[-7,5],[-9,-2],[-10,-11],[1,-5],[2,-42],[-2,-25],[-3,-10],[-18,-18],[-4,-11],[-9,-3],[-9,-18],[-13,-35],[-1,-24],[11,-27],[9,-39],[8,-19],[2,-12],[-1,16],[0,1],[1,3],[0,5],[1,1],[1,5],[0,1],[5,-20],[10,9],[4,17],[14,0],[9,-29],[9,3],[-17,-45],[-7,-32],[4,-8],[10,-33],[2,-15],[7,-46],[15,-22],[4,-16],[3,-34],[0,-17],[-2,-34],[-2,-15],[-1,-8],[-1,-33],[-4,-27],[5,-20],[0,-41],[-6,-43]],[[242613,513737],[37,18],[1,-19],[5,-24],[5,-31],[0,-2],[1,-4],[1,-4],[3,-5],[8,-17],[5,-29],[0,-27],[2,-16],[0,0],[28,14],[18,-9],[15,-20],[2,-3],[9,-8],[18,-14]],[[242624,514416],[-2,-16],[6,-28],[-4,1],[-7,-39],[-2,-5],[1,-92],[-5,1],[0,-60],[-3,0],[-7,-1],[-3,-63]],[[242304,513865],[-1,4],[-5,51],[1,41],[-7,13],[-1,24],[11,-6],[12,-16],[8,3],[5,-16],[13,-64],[0,58],[16,0],[0,382],[20,29],[3,9],[-1,21],[0,49],[-2,15],[-4,15],[1,17],[9,19],[3,11],[1,41],[-1,25],[2,18],[11,-7],[12,-29],[0,85],[-5,33]],[[242350,516359],[-1,-4],[3,-73],[2,-9],[5,-10],[6,5],[4,11],[6,41],[9,14],[6,2],[5,-3],[6,-16],[6,-49],[9,-6],[7,11],[10,23],[8,-7],[5,-11],[8,-29],[5,-23],[1,-18],[8,-15],[5,3],[8,15],[9,31],[3,1]],[[245714,508828],[-1,18],[-8,3],[-5,-8],[-5,4],[-1,16],[1,23],[-6,21],[-4,-1],[-8,-15],[-11,0],[-2,25],[-9,-6],[-16,-2],[-8,18],[-15,-19],[-3,6],[-11,-5],[-4,-78],[-5,-37],[-2,-39],[0,-20],[-3,-20],[2,-9],[2,-55],[-3,-33],[-6,-46],[2,-25],[6,-12],[11,-94],[-227,-638],[-60,-169]],[[245315,507631],[-11,-31],[-67,-189],[-7,-19],[-31,-88]],[[245199,507304],[-235,859],[-25,94]],[[244939,508257],[14,5],[9,45],[-2,12],[90,-166],[-11,101],[-1,31],[-8,53],[-2,31],[8,42],[-15,33],[-32,57],[-3,65],[-8,22],[-13,20],[-8,0],[-13,29],[-5,15],[-8,39],[-4,15],[-8,51],[-5,4],[-9,23],[-33,60],[27,159],[4,-7],[3,-24],[1,-18],[9,2],[4,10],[11,3],[8,21],[17,101],[68,-124],[6,12],[6,22],[19,112],[29,20],[19,5],[5,29],[-9,-2],[-46,16],[-2,22],[3,53],[5,11],[11,67],[-10,20],[7,40],[0,19],[5,-27],[4,-1],[16,-63],[7,6],[4,30],[1,26],[5,10],[6,-2],[3,27],[7,27],[5,2],[10,-20],[2,3],[12,34],[11,16],[7,-38],[5,-13],[13,79],[1,20]],[[244351,510424],[42,-2],[-1,-58],[8,-31],[-24,-153],[-6,-34],[19,-35],[-22,-132],[16,-28],[-3,-22],[29,-117],[37,8],[6,-5],[29,-54],[-24,-143],[-2,-6],[-8,10],[-14,-99],[9,-16],[2,-10],[-14,-84],[-8,10],[-4,-27],[0,-24],[-9,-90],[7,-12],[2,-15],[15,-26],[-4,-31]],[[244494,509026],[19,115],[16,117],[10,43],[2,-9],[-2,-8],[25,-66],[40,158],[7,27],[3,-12],[10,-2],[3,-10],[-48,-202],[-1,-34],[27,-108],[-85,-74],[-19,-19],[1,-8],[-16,-13],[0,9],[-9,-6],[-14,-90],[26,-147],[89,-683],[15,-82]],[[244593,507922],[-29,-79],[-61,-168],[-2,-6],[-67,-185],[-2,-3],[-62,-173]],[[244370,507308],[-74,-204],[-37,216],[-23,-38],[-18,101],[-36,-70],[7,-210],[-5,-7],[-15,43],[-3,14],[-14,69],[-41,-77],[-18,-30],[-6,31],[-9,24],[-5,27],[-4,31],[-7,18],[-2,35],[6,33],[6,13],[12,62],[2,18],[-2,13],[0,29],[4,26],[6,24]],[[244886,506451],[109,301],[72,199],[80,220],[16,28],[36,105]],[[245315,507631],[70,-180],[13,-3],[13,2],[3,-5],[40,-102],[9,-44],[9,-3],[7,-15],[14,60],[31,-33],[29,-31],[20,0],[5,-2],[11,-17],[4,-5],[5,-6],[16,19]],[[245317,503841],[2,4],[96,261],[-19,57],[-11,15],[-29,83],[-2,16],[4,27],[-3,20],[-33,125],[-5,10],[13,54],[9,31],[5,23],[57,218],[-20,51],[25,110],[-6,7],[4,21],[-3,4],[-44,62],[2,16],[-45,79],[46,274],[7,30],[-10,-3],[-6,10],[-5,27],[-19,34],[-7,1],[-12,22],[-3,24],[-5,10],[-24,-110],[-26,48],[5,35],[-28,51],[-8,-46],[-25,47],[25,148],[3,36],[3,23],[-23,44],[-13,2],[-13,1],[-14,27],[-18,28],[-25,-10],[-7,-11],[-9,15],[-36,-4],[-13,-5],[-2,-16],[-10,-39],[-8,26],[6,42],[-14,29],[0,25],[-1,153],[-47,-2],[0,39],[-8,-3],[1,-84],[-6,-1]],[[244965,506052],[-38,-2],[-1,-13],[-40,-13],[0,-65],[-8,-35],[-73,-2]],[[244678,500369],[-1,132],[-1,23],[-10,92]],[[242271,528446],[39,-1],[26,-2],[21,0],[19,5],[19,-1],[7,-3],[45,1]],[[242447,528445],[171,-5]],[[242012,507840],[-15,2],[0,-40],[1,-14],[25,-62],[-28,2],[0,-33],[8,-30],[-42,-1],[-10,0],[0,66],[0,21],[-36,2],[-17,-3],[-15,2],[-28,0],[-1,46],[-6,-1],[-43,-1]],[[241805,507796],[-13,-1],[-7,0],[0,134],[-41,1],[-1,146],[1,322],[42,1],[4,-5],[2,-8],[3,-14],[0,10],[0,157],[17,0],[5,6],[-22,28],[-74,95]],[[241721,508668],[10,-8],[28,-5],[0,20],[12,6],[2,44],[6,7],[0,-21],[3,0],[3,21],[10,-4],[17,2],[1,40],[4,-6],[33,-3],[0,-60],[16,0],[-3,39],[18,1],[0,15],[10,2]],[[242981,512290],[8,-18],[10,-37],[1,4],[3,7],[19,39],[23,-123],[0,-1],[10,45],[4,18],[6,27],[1,3],[1,-4],[6,33],[3,-15],[-3,-51],[33,-184],[15,3],[2,-20],[0,0],[2,-10],[3,-29],[4,-25]],[[243132,511952],[-13,-26],[22,-21],[-5,-58],[16,-14],[12,-11],[1,-6],[-12,-63],[-1,-3],[-1,-3],[-3,-9],[-5,-26],[-3,-16],[-11,-65],[-37,34],[-1,-8],[-2,-28],[11,-10],[-9,-97],[12,-10],[15,-29],[44,54],[1,-1],[71,88],[40,51],[32,42],[88,112]],[[243162,511060],[-39,151],[-7,-41],[-5,-15],[-41,-38],[-3,-8],[0,-25]],[[242984,511132],[14,33],[1,10],[15,171],[2,23],[1,8],[-14,-15],[0,0],[-23,-27],[-93,-112]],[[244957,520550],[4,6],[24,7],[7,10],[15,25],[6,18],[5,25],[0,16],[8,20],[2,4],[2,2],[5,15],[18,41],[1,1],[3,5],[11,4],[7,-1],[5,3],[5,0],[6,5],[1,2],[3,3],[3,0],[5,-3],[2,-3],[3,-3],[3,-8],[0,-55],[5,-8],[25,-8],[10,3],[8,-10],[0,-16],[1,-34],[-2,-29],[-12,-66],[-7,-22],[-2,-11],[-11,-14],[-16,-12],[-11,-13],[-7,-1],[-7,-14],[-5,-17],[-6,-9],[-6,-28],[-5,-14],[-5,-31],[3,-38],[4,-29],[8,-32]],[[245073,520236],[-3,-4],[-8,40],[-4,41],[-1,23],[2,17],[-10,-35],[-6,20],[-8,6],[-2,-26],[-10,15],[-5,-12],[-5,14],[-2,-7],[4,-13],[-2,-14],[6,-10],[3,-21],[5,15],[7,-19],[-8,-26]],[[245026,520240],[-8,16],[-1,3],[-14,25]],[[245003,520284],[-8,19],[-10,62],[-2,17],[1,5],[-16,107],[-4,17],[-1,-5],[-3,11],[-2,18],[-1,15]],[[239260,508671],[-8,28],[-22,55],[-5,18],[-7,2],[-3,15],[1,20],[5,27],[10,36],[-15,1],[4,-15],[-8,-7],[-18,22],[1,-31],[0,-13],[-4,-80],[2,-11],[-1,-22],[-11,-5],[-38,1],[-15,36],[-1,28],[-4,49],[-1,-261],[-10,0],[-1,-222],[26,-1],[0,-35],[-28,26]],[[238761,513087],[-11,10],[-22,-10],[-6,3],[-10,18],[-13,2],[-18,-21],[-13,-2],[-15,11],[-9,1],[-23,-18],[-11,-4],[-2,17],[0,32],[-2,9],[-3,44],[-4,27],[-8,4],[-6,-7],[-9,-1],[-7,11],[-4,36],[0,22],[7,21],[10,-1],[8,18],[1,8],[-6,-1]],[[244370,507308],[24,-139],[-49,-95],[6,-33],[5,-46],[5,-40],[-37,-70],[1,-22],[-65,-121],[22,-125],[5,-17],[19,-107]],[[239623,514607],[-3,15],[-1,34],[0,38],[-5,35],[4,11],[2,41],[4,12],[10,-22],[11,-11],[7,-17],[1,-15],[8,-26],[5,-5],[10,-20],[12,20],[3,15],[6,55],[5,-1],[7,15],[6,35],[4,14],[3,21],[0,39],[12,81],[-4,26],[6,12],[-6,12],[1,16],[7,11],[-4,27],[0,34],[13,17],[2,-2],[28,1],[11,-13],[12,-36],[7,-9],[7,2],[12,18],[0,-19],[2,-21],[-5,-54],[-10,-65],[2,-29],[-2,-11],[1,-35],[-3,-20],[2,-37],[-5,-15],[0,-10],[6,-7],[2,-14],[-2,-29],[-3,-1],[-4,-27],[2,-21],[3,-43],[-8,-15],[-3,0],[-6,-15],[-6,-4],[10,-1],[8,5],[0,13],[10,11],[15,-1],[10,11],[16,-3],[0,-25],[-2,-28],[-10,-20],[-3,-31],[0,-15],[14,-15],[7,-3],[6,-20],[-2,-31],[2,-10],[-3,-17],[-14,-26],[-6,0],[-3,-14],[9,-5],[11,11],[0,23],[9,-24],[12,-50],[4,-9],[0,-11],[8,-49],[10,-18],[4,-23],[1,-50],[3,-24],[6,-34],[8,-13],[6,-7],[4,-11],[11,-6],[13,-14],[8,-71],[11,-28],[13,14],[64,56]],[[245010,510906],[-5,-6],[-17,-8],[-40,-8],[0,-275],[-10,-5],[-1,-96],[-4,-1],[-14,0],[-1,12],[-27,-1],[-5,4],[-22,-2],[-19,-63],[-7,0],[-3,25],[-12,4],[0,66],[-28,0],[-1,-28],[-3,11],[-4,-6],[-8,19],[-7,23],[-2,27],[-18,-20],[-4,-26],[-5,18],[-7,-11],[-4,10],[-2,18],[2,2],[-1,27],[3,32],[6,5],[1,58],[0,65],[22,1],[3,-16],[24,9],[10,170],[-13,23],[-4,0],[-1,19],[-4,9],[-6,50],[-5,3],[-6,-11],[-4,5],[-12,46],[-6,7],[0,17],[-4,14],[0,25],[-2,7],[-7,-14],[-6,-4],[-8,14],[-5,-1],[-2,-30],[-3,-14],[-13,-6],[-5,8],[-2,28],[-17,17],[-13,3],[-4,7]],[[246498,516485],[0,-12],[61,3],[1,-153],[27,1],[1,-206],[33,-34],[4,-1],[-2,-311],[19,-3],[0,-45],[5,-18],[8,-2],[6,24],[-1,42],[18,-1],[-2,-13],[-2,-139],[-5,-48],[-1,-75],[2,-38],[1,-60],[8,-49],[1,-25],[5,-15],[6,-52],[15,2],[85,2],[6,-14],[7,-2],[2,4],[-9,-68],[-3,-27],[-1,-89],[-2,-24],[-6,-39],[11,-1],[20,1],[6,-2],[53,8],[41,2],[8,2],[-26,-291],[-4,-62],[15,1],[2,20],[20,50],[0,-132],[17,3]],[[246552,512881],[-2,11],[-19,92],[-3,13],[-22,59],[-9,27],[-24,52],[-18,48],[-66,-4],[1,-202]],[[246349,513026],[0,52],[-2,21],[0,107],[13,-26],[1,24],[3,22],[0,15],[-3,34],[-3,5],[1,42],[8,28],[3,19],[1,34],[8,31],[5,40],[23,-43],[3,-9],[2,0],[11,-15],[6,36],[14,79],[18,111],[45,3],[0,57],[2,71],[-1,195],[-59,31],[0,162],[4,1],[-1,72],[-2,383],[-5,4],[0,52],[-12,13],[-3,14],[-5,35],[-6,27],[-15,58],[-8,14],[-12,0],[-2,4],[4,19],[1,38],[-19,-14],[-4,11],[-8,12],[-7,3],[-4,-105],[2,-14],[-38,1],[0,33],[1,15],[0,45],[2,100],[0,117],[91,40],[-1,61],[-30,-2],[-2,-16],[-1,-32],[-22,17],[-6,16],[-7,4],[-34,-1],[-3,-10],[-5,46],[2,42],[3,9],[0,78],[-2,38],[55,7],[12,-2],[36,2],[2,-8],[-1,221],[-4,34],[-4,49],[-10,85],[-15,0],[0,88],[-40,-1],[-1,-24],[-8,-1],[-3,-22],[-14,-2]],[[247950,515220],[0,-6],[5,-30]],[[248203,512646],[-94,-7],[10,-77],[4,-57],[-2,-61],[-16,-2],[-20,13]],[[247691,512756],[-1,100],[-8,0],[-1,86],[-1,8],[-14,1],[-1,39],[-11,0],[0,25],[-26,5],[2,57],[7,2],[1,34],[-1,105],[-3,57],[0,99],[1,22],[9,14],[7,1],[-1,46],[-1,6],[-3,5],[-13,-1],[-16,8],[-35,0],[-4,-13],[1,-52],[-2,-17],[-13,-4],[-4,3],[-2,13],[-1,257]],[[247084,516108],[-4,-17],[-8,-2],[-2,-36],[3,-28],[-2,-24],[-7,-7],[-4,-13],[-5,-2],[-1,12],[-5,6],[-4,-6],[-4,-33],[-8,-3],[0,-25],[-5,-21],[2,-16],[-5,-22],[-6,7],[-2,-8],[-8,-1],[-5,-7],[-12,-5],[-6,3],[11,126],[3,78],[8,120],[-13,1],[0,38],[-5,53],[0,33],[5,129],[-2,31],[-6,63],[-2,54],[-2,-8],[-25,-16],[-4,-5],[-4,-23],[-1,-53],[-8,-14],[-2,-21],[-8,-53],[-5,-18],[-1,-19],[-10,17],[-2,25],[-1,-30],[-80,5],[-1,19],[0,54],[-2,15],[-1,-14],[-8,0],[-6,24],[-1,13],[0,14],[3,105],[5,0],[-3,50],[-11,16],[-2,54],[-7,56],[-9,20]],[[244939,508257],[-55,200],[-20,36],[2,-26],[-17,-158],[-19,164],[-4,34],[-13,23],[-50,-138],[-60,-164],[3,-50],[0,-40],[26,-45],[15,16],[-14,-89],[-22,-165],[-61,108],[-2,19],[-3,1],[-4,-18],[-10,2],[-12,-16],[-24,-44],[-2,15]],[[244445,500592],[5,3],[37,0],[13,112],[47,-57],[0,150]],[[244547,500800],[65,-1],[33,-1]],[[244643,501467],[8,-124],[-24,-14],[-13,-1],[-2,11],[-8,14],[-3,-8],[-3,2],[-7,-38],[-8,-19],[-10,-73],[-2,-26],[1,-23],[-8,7],[2,-13],[-2,-14],[-14,-7],[-27,95],[-14,60],[-11,-18],[-7,-57],[-8,-75],[-2,-7],[11,-22],[4,-19],[-1,-41],[11,-8],[1,-35],[9,-7],[0,-36],[-7,0],[-11,19],[-9,0],[-18,-34],[0,-70],[5,-20],[11,-35],[0,-29],[60,-2]],[[243132,511952],[2,3],[4,-23],[4,9],[4,-19],[12,23],[-8,42],[1,1],[0,0],[-5,26],[-4,26],[3,7],[1,1],[-1,3],[32,59],[2,-2],[6,-27],[10,19],[0,1],[1,10],[-3,16],[-6,38],[5,35],[1,15],[-21,115],[-11,26],[-1,2],[-3,4],[-5,7],[-1,2],[1,2],[7,20],[-4,18],[1,23],[-4,12],[-1,3],[1,2],[-1,3],[-16,-1],[-10,16],[-6,9],[-4,17],[-1,30],[-6,24],[-16,23],[-6,2],[-6,-9],[-6,5],[1,24],[-5,42],[-5,18],[-1,4],[-2,14],[-1,19],[1,17],[-1,19],[-11,-20],[-6,22],[-4,4],[-2,23],[-6,37],[-5,-7],[6,-38],[-8,-14],[-4,-29],[-4,4],[-2,-17],[-3,-8],[-4,6],[-4,-23],[-2,7],[-1,-2],[-1,4],[-11,-22],[-3,16],[-5,20],[-4,-8]],[[244468,516710],[39,73],[25,71],[17,38],[8,16],[8,17],[16,28],[1,-7],[7,19],[2,-25],[6,-37],[6,10],[9,-55],[9,28],[-24,96],[12,22],[11,12],[11,16],[7,9],[4,5],[1,3],[1,1],[0,-1],[1,-5],[2,5],[5,18],[12,-23],[6,14],[-11,37],[8,5],[20,7],[-4,23],[27,23],[5,-83],[36,21],[-3,67],[19,13],[1,-23],[16,8]],[[244784,517156],[6,-86],[-22,-64],[-31,-106],[-77,-216],[12,-53],[7,-56],[4,-11],[6,-7],[3,-19],[4,0],[16,19],[5,-18],[5,9],[8,-19],[3,-26],[12,-8],[1,-9],[13,-52],[15,-33],[6,-6],[5,-37],[5,-6],[4,-14],[2,0],[-4,-8],[-13,-9],[26,-141],[-60,12],[-9,6],[-6,-2],[-78,10],[-4,-10],[-50,-141],[-19,73]],[[245021,523171],[1,0],[1,-1],[4,-2],[3,-6],[-1,-6],[7,-80],[1,4],[3,-14],[7,6],[8,-11],[1,14],[0,3],[27,-50],[0,-3],[-1,-3],[5,24],[2,14],[2,6],[2,6],[4,21],[-3,10],[-1,42],[3,0],[7,-12],[4,26],[0,24],[-9,4],[0,11],[5,3],[9,-1],[0,9],[-7,58],[0,1],[1,20],[5,23],[4,0],[15,-11],[6,36],[3,1],[14,14],[1,0],[9,20],[1,1],[0,1],[1,-1],[4,9],[24,1],[0,19],[16,5],[0,-10],[2,-14],[29,2],[0,64],[7,1],[2,1],[6,-1],[1,42],[6,3]],[[245262,523494],[1,-38],[0,-5],[25,0],[1,0],[1,2],[3,49],[3,26],[3,4],[1,-1],[2,-4],[1,2],[5,-1],[0,0],[1,0],[9,-2],[1,0],[4,-1],[2,1],[2,0],[5,-3],[7,-3],[-2,-42],[15,-7],[1,-43],[23,-13],[10,-5],[3,-34],[-1,1],[-4,-78],[13,-7],[0,0],[-2,-44],[12,-12],[9,44],[-3,3],[0,1],[0,1],[3,-2],[9,-9],[3,-3],[35,-35],[3,-9]],[[245131,522380],[-3,7],[-7,13]],[[245121,522400],[1,9],[1,2],[-1,2],[-11,19],[-1,23],[-16,14],[-2,10],[7,43],[-2,-3],[-7,-51],[-3,6],[-3,21],[-5,12],[11,68],[2,-2],[7,8],[-5,13],[5,32],[-7,19],[3,44],[-4,1],[-6,8],[-3,-19],[-17,32],[-1,-5],[-2,-61],[2,-13],[18,-42],[-9,-44],[-2,-22],[-6,25],[-14,35],[-8,14],[-4,8],[0,41],[-1,-24],[-2,-12],[-9,17],[11,65],[-4,9],[-11,6],[-4,-68],[-1,1]],[[245503,517704],[1,6],[17,-55],[2,7],[4,-13],[4,12],[6,-3],[4,-26],[4,12],[8,-24],[6,20],[4,-11],[4,10],[5,19],[14,-32],[-2,-6],[19,-66],[15,50],[-11,39],[29,92],[5,-17],[7,-36],[18,64],[-1,17]],[[245700,516135],[10,61],[-83,153],[-14,-87],[-16,27],[-8,-75],[-3,-18],[-10,20],[1,11],[-37,68],[10,58],[3,-5],[7,38],[-7,34],[4,21],[-6,12],[6,50],[22,125],[9,41],[24,143],[-32,101],[-83,-220],[-1,5],[13,64],[-7,14],[28,160],[7,39],[-1,26],[-4,-5],[-4,-9],[-12,-26],[-22,-41],[-18,-51],[18,103],[-31,39],[-4,45],[0,41],[-4,46],[-7,36],[13,77],[9,-26],[6,12],[52,173],[-30,47],[-49,29],[17,92],[37,121]],[[244953,524149],[2,-3],[1,-68],[-1,-87],[10,9],[0,-25],[3,-32],[9,13],[10,-10],[5,15],[-1,13],[6,30],[11,-1],[4,-34],[15,7],[1,1],[4,3],[13,6],[0,-1],[10,5],[0,6],[12,13],[11,-9],[-2,-31],[4,1],[3,59],[1,-1],[0,-3],[-3,-43],[-1,-41],[-2,-30],[0,-15],[0,-39],[0,-5],[-10,-83],[0,-38],[5,3],[-1,-28],[-4,-16],[-1,-2],[1,-2],[8,-1],[10,10],[2,3],[6,5],[4,-47],[5,-22],[-2,6],[1,-64],[-2,-33],[0,-63],[36,1],[16,2],[20,1],[3,1],[8,7],[5,1],[2,-1],[0,32],[4,0],[0,7],[5,0],[0,10],[-9,-1],[0,33],[9,0],[-1,28],[0,18],[0,2],[0,26],[-9,-1],[0,56],[8,0],[0,87],[0,0],[0,76],[-1,19],[-1,8],[2,2],[9,7],[30,13]],[[245236,523914],[28,19],[11,3],[1,-46],[-1,-4],[-3,-2],[9,-18],[7,-42],[-9,-1],[-4,10],[-7,-19],[-3,-28],[5,-31],[0,-21],[0,-3],[-1,-5],[1,-5],[0,-1],[0,-2],[0,-2],[0,-2],[1,0],[2,-13],[-2,-12],[0,-67],[1,-113],[3,0],[0,-10],[-3,-7],[-4,2],[0,11],[-6,-11]],[[245010,523299],[-8,95],[-5,62],[-8,52],[-6,43],[-3,21],[-4,36],[-3,29],[-3,38],[-14,218],[-2,42],[-1,214]],[[241582,509841],[-1,-3],[0,-71],[-21,-24],[-11,-16],[1,-321],[-16,-3],[-2,-19],[-6,-8],[-3,-47],[-15,-18],[-3,4],[0,-5]],[[241505,509310],[-27,15],[-23,0],[-5,-6],[-28,-10],[-7,-9],[-14,3],[-4,-17],[-8,-19],[-41,-2],[-17,0]],[[241331,509265],[-3,1],[-17,-1],[0,17],[-5,-14],[-4,16],[-2,27],[-2,1],[-11,-8],[-4,3],[-2,4],[-4,25],[0,15],[7,10]],[[244729,524138],[16,36],[3,-25],[5,52],[4,11],[4,7],[-1,29],[9,12],[2,2],[-15,150],[9,10],[23,27],[-6,59],[4,11],[3,-6],[11,18],[10,26],[7,-13],[13,13],[4,-16],[9,-6],[2,-22],[4,17],[5,3],[8,-16],[3,-19],[2,-30],[4,-10],[8,-3],[6,-23],[12,-12],[5,-18],[8,-13],[2,-5],[4,4],[5,-26],[15,16],[0,4],[0,1],[14,17],[-2,13],[-1,11],[3,27],[1,74],[1,27],[7,87],[8,74],[2,25],[0,18],[0,13],[3,10]],[[244972,524779],[0,-29],[-2,-24],[-10,-94],[-5,-61],[-2,-33],[-1,-48],[0,-66],[0,-32],[0,-38]],[[244952,524354],[1,-152],[0,-53]],[[244913,523257],[3,19],[1,4],[3,18],[-2,5],[-12,118],[9,7],[-4,31],[3,2],[0,3],[1,1],[-3,28],[2,3],[-2,6],[-6,-8],[-3,37],[0,6],[2,2],[12,17],[3,3],[-1,25],[10,12],[0,3],[-4,58],[0,11],[-6,-1],[-30,-40],[-3,-4],[-5,-13],[0,-1],[-2,-7],[-6,-33],[-5,-29],[-1,-5],[-2,-9],[-2,-13],[0,-1],[13,-31],[3,-21],[0,-24],[-9,-54],[-1,-5],[-6,19],[-5,33],[-8,18],[0,2],[-13,19],[-15,-2],[-6,5],[-5,16],[-5,22],[-2,28],[8,55],[-1,0],[4,52],[-5,8],[-1,-9],[-4,3],[-4,34],[0,-1],[0,5],[13,16],[-5,52],[-4,-4],[-6,-2],[0,4],[-9,-3],[-1,0]],[[244789,523747],[-5,9],[-2,6],[-4,42],[-7,36],[-4,9],[-10,16],[-15,12],[-8,13],[1,53],[-6,55],[15,25],[-1,15],[-3,25],[-4,40]],[[244819,520956],[-1,-47],[14,-14]],[[244769,520772],[2,12],[-8,10],[7,17],[1,11],[2,21],[-2,3],[1,12],[-3,31],[6,26],[-3,25],[0,16]],[[244742,520811],[-12,18],[-16,29],[-6,24],[-3,12],[-21,60],[-15,52],[-4,25],[-1,57],[0,4],[0,0],[1,11],[0,19],[-1,28],[0,10],[7,39],[7,31],[11,56],[6,62]],[[244507,522308],[-1,-13],[-7,-30],[12,-1],[1,11],[2,12],[3,4],[3,1],[3,5],[3,-16],[0,-10],[-2,-10],[11,-24],[23,-60],[5,-14],[1,25],[24,-4],[8,47],[2,-30],[9,-23],[2,-34],[0,-30],[-3,-32],[1,-33],[0,-6],[4,-25],[3,-18],[0,-2],[4,-14],[8,-21],[2,-5],[6,-34],[9,-37],[4,-6]],[[244630,521773],[-10,18],[-7,7],[-11,-2],[-3,-6],[-8,-27],[-10,-59],[-5,-27],[-15,-62],[-17,-74],[-4,-12],[-15,-45],[-16,-15],[-13,5],[-8,21],[-5,55],[-1,62],[-2,49]],[[244480,521661],[-2,12],[-5,61],[-10,54],[-2,7],[-8,13],[-10,20],[-15,-5],[-4,-7],[-32,-82],[-3,-6],[-18,-25],[-11,-7],[-3,-1],[-17,-11],[-13,-8],[-7,-9]],[[244320,521667],[-2,2],[-2,6],[28,27],[-2,8],[-2,24],[2,0],[21,107],[11,49],[-15,27],[18,102],[4,-4],[9,-1],[5,-16],[3,3],[4,26],[-11,30],[11,47],[21,85],[44,102],[-7,22],[7,12],[-9,55],[-5,20]],[[244276,522615],[11,-96],[3,-26],[10,-80],[1,-3],[6,-45],[5,-64],[-2,-12],[-17,-17],[-12,-20],[-5,-7],[-8,-26],[-3,-40],[0,-45],[1,-61],[0,-15],[1,-54],[0,-11],[0,-14],[1,-59],[-10,-96],[-16,-60],[-31,-121],[-7,-28]],[[243922,520451],[8,-12],[10,11],[17,-4],[3,26],[6,21],[4,-10],[6,-30],[8,-32],[9,-18],[4,-3],[3,2],[54,-144],[-2,9],[5,21],[0,30],[7,-11],[4,-1],[12,-32],[4,-18],[4,26],[14,-25],[12,71],[13,-18],[10,-31],[-11,-25],[8,-19],[6,-1],[3,-6],[5,32],[-3,35],[18,28],[29,45],[19,16],[18,12],[-11,-68],[15,-26],[12,-8],[8,3],[-4,25],[-1,37],[-1,7],[-1,28],[-2,11],[28,19],[4,1],[5,0],[23,-26],[8,-9],[1,-2],[13,-14],[2,-2],[1,-1],[8,-4],[9,-4],[0,-7],[-11,-62],[-2,-15]],[[244134,519099],[1,90],[-48,3],[-1,264],[0,10],[-2,-4],[-13,-14],[-28,-45],[-14,23],[-9,26],[-2,22],[-3,9],[-42,-3]],[[244607,519074],[20,195],[5,51],[1,4],[13,148]],[[244940,519372],[17,-28],[9,11],[30,-52],[-18,-104],[-7,-4],[-8,-28],[-14,25],[-4,-25],[14,-25],[-7,-41],[2,-4],[-5,-37],[4,-8],[-8,-16],[1,-36],[1,-62],[1,-58],[3,14],[23,-80],[-23,-79],[1,-88],[-1,-1],[0,-11]],[[244489,519969],[27,-52],[8,-11],[2,1],[4,-16],[5,-8],[6,27],[9,-17],[-1,-6],[7,-6],[7,-13],[-4,-21],[3,-6],[4,24],[4,-6],[2,-4],[8,0],[3,-1],[8,1],[15,1],[16,1],[16,-5],[4,-13],[1,-4],[-1,-6],[1,-5],[10,-1],[8,4],[4,-1],[3,-2],[8,5],[-4,-45],[-6,-77],[-11,16],[-3,0],[-4,-82],[8,-1],[5,-2],[2,0]],[[244556,518904],[6,-2],[3,14],[0,-32],[10,-5],[3,24],[7,27],[0,48],[0,23],[-1,42],[0,65],[0,45],[-3,25],[2,36],[5,28],[0,2],[8,-8],[2,3],[2,30],[8,40],[7,47],[-10,10],[-10,9],[-8,2],[-6,-25],[-2,-4],[-3,-3],[-15,0],[-13,-14],[-21,-1],[-9,-1],[-15,-1],[-17,28],[-2,-2],[0,11],[-10,10],[1,-22],[-2,-6],[2,-11],[1,-1],[-2,-7],[-1,2],[-10,-12],[-13,16],[-8,3],[-11,23],[-2,10],[-1,23]],[[245242,521627],[-15,-22],[-10,-9],[-1,-1],[-5,-2],[-2,10],[-15,15],[-6,24],[0,34],[-17,-97],[-3,-29],[-1,0],[-2,10],[-7,-2],[3,16],[-6,10],[-5,-27],[-46,-13],[0,-10],[-9,-3],[-1,0],[-24,-6],[-34,-12],[-14,-11],[-9,-12]],[[244973,521576],[9,49],[-12,23],[7,34],[7,47],[9,-19],[-1,21],[6,39],[2,22],[5,27],[4,-6],[3,14],[4,25],[11,66],[1,5],[-1,58],[4,25],[4,23],[1,6],[15,28],[1,5],[2,6],[4,17],[0,1],[-3,9],[8,21],[3,-3],[11,26],[10,38],[2,21],[1,3],[13,88],[18,105]],[[240343,516468],[8,-3],[6,-7],[169,-266]],[[241505,509310],[0,-33],[0,-149],[-94,1],[0,-37],[0,-124],[45,-1],[0,-39],[0,-21],[-10,12],[7,-44],[1,-27],[-39,0],[0,-112],[0,-2],[0,-1],[-1,-1],[0,-1],[0,-1],[-1,-1],[-11,0],[0,-47],[0,-189],[8,22],[28,55],[1,-8],[0,-79],[1,-56],[5,-5],[0,-50],[4,8],[15,43],[1,42],[-2,10],[1,62],[9,0],[1,25],[9,3],[4,16],[18,1],[0,-59],[0,-4],[0,-79],[0,-138],[0,-252],[0,-123],[0,-133]],[[241505,507794],[0,-31],[0,-20],[-1,-472],[0,-193]],[[241440,507078],[-1,43],[7,50],[0,56],[0,92],[13,-1],[0,11],[-10,55],[-1,12],[6,35],[-4,13],[-1,40],[-12,42],[-4,3],[-1,19],[-18,3],[0,9],[-7,7],[-21,3],[1,23],[-104,25],[3,140],[-1,11],[-2,6],[-4,14],[0,10],[0,103],[-24,0],[0,29],[0,2],[37,192],[-13,1],[0,42],[4,1],[1,117],[-10,0],[-2,45],[2,18],[0,93],[-8,43],[1,42],[-14,0],[0,53],[-5,1],[0,26],[0,5],[4,1],[0,74],[-4,0],[2,80],[8,1],[1,40],[10,0],[9,6],[2,-26],[4,-8],[4,3],[-2,15],[5,-6],[13,-2],[-1,-22],[4,0],[0,215],[-2,19],[-5,29],[0,57],[48,0],[0,50],[-6,-16],[-7,-2],[-6,9],[-7,-22],[-6,7],[-5,32],[2,20],[-1,23],[3,2],[1,17],[14,0],[-2,33],[3,24]],[[244865,523008],[2,97],[2,77],[-3,22],[-5,21],[-2,6],[-2,3],[-2,3],[-3,3],[-19,14],[-22,-10],[-12,-15],[-21,-10],[-13,8],[-23,31],[-12,-15],[-16,-19],[-7,-5],[-13,-3],[-3,-3],[-10,-11],[-1,6],[-29,-33],[8,-38],[-1,-19],[-4,-17],[-5,25],[-4,7],[-10,-11]],[[244635,523122],[-4,32],[-2,-3]],[[244629,523151],[-6,56],[16,28],[-1,11],[-1,15],[-3,30],[-3,-3],[-17,2],[-2,-2],[-7,48],[0,31],[-6,-7],[-1,-1],[0,2],[-3,26],[5,14],[-8,28],[6,5],[3,28],[2,10],[8,6],[5,9],[2,4],[10,29],[5,35],[12,27],[6,8],[18,-18],[2,-2],[3,-5],[3,1],[1,2],[3,1],[4,-2],[2,-2],[3,-1],[2,1],[8,30],[11,-7],[13,27],[7,11],[6,3],[9,-6],[5,7],[4,23],[2,18],[10,26],[12,23],[5,10],[4,13],[1,4]],[[244982,520276],[0,7],[4,7],[7,5],[10,-11]],[[245026,520240],[27,-56],[57,-108],[-8,-22],[-3,12],[-19,-61],[15,-48],[-1,-7],[-2,-22],[5,-73],[1,-27],[-2,-31],[-3,-27],[-13,-62],[-24,-66],[-5,19],[-2,5],[-1,4],[-5,7],[-1,-17],[1,-12],[1,-3],[8,-15],[-10,-58],[-16,-91],[-5,-8],[1,-13],[-4,-28],[8,-13],[-4,-28],[-7,-18],[5,-10],[19,-35],[-4,-39],[-1,-31],[3,-47],[12,-69],[4,-39],[0,-38],[6,-16],[14,-14],[13,-24],[-2,-30],[-20,-119],[3,-13],[-14,-47],[15,-46],[15,47],[19,-61],[-6,-28],[9,-25],[15,-47],[-7,-24],[1,-8],[-2,-8],[7,1],[-32,-121]],[[245087,518482],[-5,19],[-8,23]],[[245013,521490],[3,-8],[18,-52],[7,-27],[4,-26],[2,-37],[5,-91],[0,-29],[-5,-71],[-9,-127]],[[245038,521022],[-13,8],[-10,6],[-31,-11],[-42,-25],[0,5],[-6,-1],[1,-7],[-1,-1],[-1,6],[-1,-1],[-5,-3],[0,-5],[-4,-3]],[[244451,528212],[0,-7],[-7,-11],[6,-56],[-4,-6],[-4,28],[-35,-52],[1,-34],[-24,-13],[-3,25],[-26,-29]],[[244556,520417],[5,-6],[2,0],[0,-7],[21,4],[14,-17],[11,-1],[1,9],[-6,2],[-5,4],[2,29],[1,26],[-7,12],[2,19],[-2,4]],[[244595,520495],[7,29],[10,20]],[[244595,520495],[-1,-4],[-1,-1],[-1,-3],[0,-1],[-2,-2],[0,0],[-1,1],[-1,1],[-2,12],[1,24],[0,4],[-7,69],[-2,25],[-6,21],[-4,6],[-5,8],[-11,28],[-5,44],[2,45],[-4,48],[-2,15],[-3,4],[-14,0],[-8,33],[-3,14],[-9,13],[-9,6],[-11,-29],[-4,9],[0,2],[-3,15],[-1,5],[-7,37],[-2,3],[-11,31],[1,30],[3,10],[1,4],[6,13],[3,5],[3,12],[11,27],[1,19],[-2,7],[-4,1],[-6,-19],[-10,3],[-4,22],[-2,35],[-4,67],[1,9],[-4,21],[-6,4],[-3,-6],[-2,-20],[0,-30],[-3,-22],[-8,-18],[-5,9],[-4,22],[0,41],[-6,35],[-5,10],[-2,-1]],[[244408,521268],[0,42],[-3,20],[2,23],[1,-4],[4,46],[5,1],[7,7],[4,-2],[11,-27],[11,-19],[0,2],[12,-20],[7,-21],[10,-8],[1,21],[4,17],[3,44],[5,22],[0,16],[-4,20],[-4,22],[3,12],[-5,35],[-2,33],[-3,110],[3,1]],[[245503,517704],[-5,13],[-5,-17],[-11,35],[-8,-24],[-27,88],[-16,-56],[8,-29],[-18,-56],[-21,65],[-8,-27],[-6,21],[-9,-28],[-32,105],[11,35],[15,-46],[2,9],[3,10],[-1,2],[-31,95],[1,17],[11,48],[-1,9],[19,71],[3,-7],[5,17],[-2,5],[8,45],[12,27],[2,-11],[9,-7],[8,8],[4,-12],[2,70],[-1,14],[-3,27],[-5,17],[-8,-29],[-9,26],[9,29],[-69,222],[-1,4],[-13,38],[-35,111]],[[245290,518638],[16,52],[44,7],[12,33],[17,49],[-5,99],[-3,9],[3,64],[7,22],[0,29],[7,34],[9,-9],[12,38],[15,-30],[23,138],[-27,37],[-11,26],[-12,18],[-34,50],[-3,3],[-1,-5],[-2,3],[-6,-36],[-9,16],[5,33],[-3,5],[-3,10],[-2,7],[6,20],[97,331],[-1,2],[-5,12],[8,13],[-5,17],[2,48],[18,-36],[1,2],[-19,36],[11,16],[-1,25],[7,25],[16,2],[5,14],[1,31],[4,16],[9,0],[7,39],[-8,7],[-1,19],[3,12],[-3,7],[18,12],[12,47],[17,56],[6,2],[2,6]],[[238134,507637],[-14,-70],[-2,-22],[0,-27],[10,-70],[7,-9],[11,-24],[-4,-11],[-4,-7],[-59,-70],[-16,148],[31,54],[3,4],[-11,95],[-10,-11],[-16,-6],[-9,-8],[-19,154],[-11,-9],[-8,-20],[-2,19],[-12,-18],[-4,-90],[-11,-5],[-6,-22],[-8,5],[-6,12],[-3,46],[-10,5],[-3,-13],[-8,68],[0,38]],[[244629,523151],[-42,-49],[-3,29],[-8,-9],[2,-17],[-8,-18],[0,-5],[0,0],[-5,-6],[-7,-9],[0,1],[-8,20],[4,-12],[-9,-33],[3,-8],[-9,-27]],[[246173,523972],[6,11],[10,8],[3,-2],[10,-83],[2,-23],[9,-84],[-17,-22],[2,-21],[-4,-14],[9,-81],[-8,-9],[8,-82],[-13,-15],[8,-72],[8,16],[10,-9],[0,11],[5,1],[6,-30],[5,-58],[-3,-2],[-2,-27]],[[245096,520859],[7,-15],[2,-12],[-7,-29],[-10,19],[8,37]],[[245362,520595],[-1,-2],[-12,-9],[-13,11],[-21,-2],[-22,-16],[-1,-31],[-3,28],[-14,-64],[-3,-12],[-4,5],[-5,9],[-2,46],[-10,36],[0,9],[3,20],[-10,-1],[-15,23],[-18,26],[-7,17],[-7,23],[-18,24],[-5,19],[-12,-85],[-6,19],[-14,-4],[9,67],[4,-8],[8,43],[-1,16],[-4,23],[-25,-141],[-15,18],[-1,9],[-3,40],[-2,11],[2,1],[0,2],[0,3],[0,4],[-1,2],[-1,1],[-2,-2],[-7,-3],[-6,12],[0,9],[12,5],[1,24],[0,21],[-4,22],[-2,41],[6,35],[-19,27],[0,1],[-2,2],[0,-24],[-2,-14],[-24,-134],[-2,28],[3,3],[-4,12],[1,22],[6,-3],[1,14],[-3,2],[0,14],[4,3],[-5,38],[4,18],[0,25],[3,21],[-7,10],[-26,18]],[[244958,520600],[3,7],[21,12],[12,27],[4,17],[16,99],[1,-1],[1,5],[6,39],[2,22],[14,195]],[[245421,520317],[-4,-37],[3,-20],[-2,-12],[-11,-15],[-7,-19],[-8,-30],[-3,-21],[-10,-39],[-5,-12],[-8,-1],[-9,12],[-4,30],[-5,9],[-15,13],[-15,14],[-3,1],[-9,-7],[-7,-19],[-2,-7],[0,-13],[-9,-31],[-12,-19],[-7,2],[-10,12],[-4,14],[2,63],[-3,39],[1,44],[8,21],[2,20],[-1,22],[-5,17],[-8,8],[-4,-8],[-16,-13],[-3,-23],[-3,-41],[-1,-33],[-4,-25],[-4,-10],[-8,2],[-7,-18],[-9,-7],[-10,-25],[-10,-11],[-2,-1],[-13,-9],[-3,-3],[-15,-21],[-17,7],[-1,0],[-21,27],[-17,37],[-1,7],[-9,48]],[[244866,522976],[-21,-157],[-1,-12],[-2,7],[-9,3],[-8,20],[-5,-4],[-10,-15],[-6,18],[0,3],[-4,12],[-2,16],[-11,-16],[5,-29],[-9,-13],[-7,27],[-14,-20],[-1,-2],[-3,-3],[-8,-10],[0,-6],[-6,-38],[-1,-19]],[[244714,522755],[-2,11],[-17,31],[-10,23],[4,8],[-2,15],[10,12],[-7,18],[-14,-26],[-7,11],[13,41],[-16,45],[-17,-19],[-4,78],[-3,28],[2,2],[-9,89]],[[244731,522743],[2,-2],[4,5],[-4,35],[-6,-8],[4,-30]],[[245290,518638],[-20,-64],[-25,81],[-18,-57],[-8,-18],[-16,-60],[-13,43],[-22,-72],[-5,12],[-28,-95],[-32,100],[-12,-38],[-4,12]],[[244065,518397],[-5,-13],[-2,-15],[-1,-37],[0,-5],[-4,-3],[-5,-21],[-7,-10],[-3,5],[-4,4],[1,-46],[1,-7],[4,-9]],[[244473,525110],[24,27],[1,2],[5,28],[15,-29],[5,-6],[8,-3],[0,2],[3,0],[0,0],[-4,56],[-1,8],[-2,17],[-1,8],[-18,78],[-2,11],[40,41],[18,20],[2,-12],[6,4],[11,13],[2,8],[13,15],[0,1],[-9,71],[-1,6],[-1,1],[-2,8],[-1,11],[0,12],[-1,4],[-3,0],[-3,-5],[-4,-2],[-1,7],[-2,17],[-5,16],[-1,14],[5,18],[-5,22],[-5,-7],[-15,22],[-1,16],[-24,30],[-5,15],[-3,26],[8,23],[4,48],[8,23],[0,16],[0,1]],[[245078,525878],[-16,-157],[-1,-14],[-8,-76],[-13,-77],[0,0],[-7,-38],[-8,-50],[-21,-122],[-1,-9],[-5,-41],[-4,-22],[-2,-7],[-11,-38],[-15,-57],[-4,-25],[-6,-70],[-1,-35],[3,-48],[4,-55],[9,-133],[1,-25]],[[240632,507750],[-2,467],[2,88]],[[244929,517992],[3,-18],[36,-112],[3,-130],[3,-67],[2,-31],[-77,-239],[-2,-5],[-4,70],[-38,-22],[-15,-11],[0,-29],[-41,-23],[7,-125],[-25,-14],[2,-23],[6,1],[0,-22],[-7,-4],[2,-32]],[[242430,529090],[-11,-23],[-1,-12],[2,-56],[4,-7],[14,8],[11,-29],[7,-36],[15,-13],[8,-12],[3,-27],[-3,-36],[-4,-17],[-3,-38],[7,-10],[-1,-18],[-9,-12],[-8,8],[-2,-21],[9,-15],[3,-18],[2,-27],[-9,-40],[5,-17],[-2,-7],[-9,0],[-7,-11],[9,-42],[-2,-25],[2,-25],[-4,-17],[-1,-23],[-6,-13],[-2,-14]],[[240924,528911],[2,67],[0,22],[3,34],[3,10],[0,25],[-2,10],[-3,45],[-1,63],[2,30],[8,17],[3,12],[-3,21],[-4,14],[-8,9],[-14,2],[-10,11],[-6,18],[-9,15],[-2,9],[0,34],[-11,-1],[-7,5],[-12,20],[-3,4],[-4,10],[6,20],[3,4],[1,15],[-2,11],[-1,4],[-2,4],[-4,4],[-1,11],[0,7],[2,6],[5,4],[4,-1],[-1,24]],[[246865,533781],[10,-55],[-4,-4],[-2,0],[-8,52],[4,7]],[[246638,533036],[14,27],[9,5],[-3,27],[13,8],[-2,19],[0,37],[8,109],[3,25],[10,61],[9,13],[7,-30],[11,-33],[1,-27],[17,18],[18,35],[27,50],[13,-74],[10,15],[6,-28],[2,-1],[19,33],[7,-22],[6,214],[5,164],[14,23],[7,-15],[9,-33],[3,5],[6,-23],[3,10],[4,-12],[23,105],[0,-200],[-5,-2],[4,-23],[12,-3],[6,-28],[8,-44],[29,52]],[[246738,532248],[-2,9],[-25,145],[3,5],[-25,145],[13,12],[11,-2],[17,36],[37,61],[8,16],[15,52],[-1,49],[-13,-3],[-18,-17],[-10,1],[-30,17],[-6,5],[-67,83],[-3,2],[1,16],[10,5],[-3,31],[0,48],[-4,27],[-8,45]],[[245513,535309],[-14,-26],[-54,-95],[-5,11],[-16,-30],[-6,2],[-17,94]],[[245110,530400],[-2,-5],[3,-50],[-10,4],[0,-4],[0,-3],[0,-2],[0,-7],[0,-2],[7,-12],[2,-1],[3,-3],[4,-4],[6,-8],[6,-27],[15,-16],[23,-24],[-2,-21],[-3,-31],[-2,-30],[-9,-93]],[[245257,529648],[-1,0],[-7,-9],[-16,-47],[-12,-94],[-5,-12],[-6,-14],[-4,5],[-5,21],[-5,53],[-2,12],[-20,23],[-12,49],[-5,-8],[-6,-21],[2,-57],[0,-24],[-3,-24],[-5,-15],[-8,-8],[-15,32],[-5,6],[-7,15],[-7,5],[-13,-13],[-4,-21],[-2,-29],[1,-20],[5,-40]],[[245090,529413],[-15,1],[-6,18],[-11,20],[-1,15],[6,31],[-4,16],[-8,1],[-6,22],[2,6],[12,29],[0,13],[-18,21],[-1,18],[17,42],[-4,27],[-3,10],[-6,1],[-5,16],[0,46],[1,7],[0,8],[-1,3],[-1,5],[0,8],[0,3],[-1,1],[-3,11],[-2,38],[-6,53],[-7,-9],[-6,30],[-3,-1],[-2,2],[-4,18],[0,6],[1,16],[-9,90],[-19,176]],[[246600,533148],[18,-4],[2,-3],[18,-105]],[[246171,532482],[-20,-41],[15,146],[-2,27],[-7,-11],[-17,100],[6,10],[-4,12],[5,26],[-10,64],[13,1],[17,4],[-5,22],[-8,51],[-1,4],[48,81],[-5,29],[5,9],[-2,57],[5,85],[-8,-6],[-7,21],[1,23],[2,3],[27,47],[-1,5],[22,27],[4,-23],[28,75]],[[245466,533286],[4,-14],[-6,-17],[1,-14],[8,-4],[-4,18],[5,17],[1,-25],[6,-11],[-5,-11],[7,-18],[6,26],[3,-15],[6,10],[-1,-38],[11,12],[2,-4],[9,-4],[11,-14],[13,-32],[6,-22],[0,61],[8,-14],[3,-3],[12,-31],[10,-4],[2,18],[1,40],[-3,47],[6,26],[0,13],[-5,17]],[[246156,534163],[11,-44],[7,-9],[5,-5],[5,-12],[9,-45],[8,-28],[-2,-6],[13,-21],[8,9],[6,-26],[12,-10],[3,6],[7,-29],[4,-3],[3,9],[9,-13],[11,2],[9,-18],[2,-15],[8,5],[5,-11],[-20,-38],[14,-86],[0,-21],[-2,-129],[4,-22]],[[245999,531577],[-29,30],[-5,-12],[-7,-69],[-2,-8],[-2,-1],[-36,39],[-9,5],[-16,16],[-3,-5],[-2,-15],[-5,-5],[-29,30],[-7,13],[-8,10],[2,20],[-10,11],[3,5],[2,38],[4,39],[-11,9],[-1,9],[-19,23],[-1,-12],[-9,11],[1,21],[-17,16],[-5,-44],[-1,-10],[-2,-13],[-2,-17],[-14,15],[-12,11],[-31,34]],[[245689,531841],[4,5],[2,27],[4,5],[8,-3],[4,34],[-6,14],[-4,1],[1,32],[-8,4],[-2,17],[-7,7],[-5,-1],[-6,-12],[-5,1]],[[244618,528186],[1,-1],[81,-52],[12,15],[-4,32],[-2,2],[-5,39],[-5,-23],[-9,76],[18,20],[5,-47],[5,5],[-10,97],[13,13],[2,-18],[4,4],[14,13],[8,23],[1,2],[7,23],[7,12],[13,-13],[8,13],[11,8],[35,42],[31,31],[4,30],[13,21]],[[244876,528553],[10,-92],[1,-41],[6,-21],[3,-57],[-14,-20],[-9,-28],[-1,-28],[0,-42],[11,6],[4,4],[-3,26],[18,20],[3,-35],[-3,0],[-7,-4],[4,-28],[-7,-19],[19,-163],[2,-34],[78,-52]],[[244381,526730],[-34,-40],[-7,36],[-2,62],[-16,36],[-4,19],[-1,70],[-3,23],[-46,-55],[-15,135],[-34,-39],[-7,13],[4,18],[12,34],[1,21],[-1,24],[-5,15],[-11,-4],[-3,-13],[-16,-19],[-6,22],[0,11]],[[245345,526700],[31,-266],[3,7],[23,28],[11,13],[45,56],[10,0],[8,-26],[7,-58],[7,2],[4,-26],[15,16],[-2,15],[6,6],[5,-11],[-5,44],[25,40],[34,41],[3,-33],[9,-15],[3,-26],[11,-17],[7,-31],[3,-6],[22,-25],[7,57],[12,110],[1,-1],[88,-101],[3,-1],[2,37],[6,159],[3,34],[1,31],[21,-15],[10,-1],[9,77],[2,-4],[54,-58],[-13,-124],[-2,-16],[-1,-29],[4,-31],[18,-16],[6,53],[58,-62],[4,46],[61,-67],[3,34],[103,-122],[23,-27],[7,64],[0,2],[25,-28],[3,-2],[0,4],[14,-20]],[[245633,525032],[5,11],[4,26],[2,5],[13,-11],[2,-8],[7,-3],[4,19],[-5,21],[-4,-1],[-5,13],[2,25],[-19,-17],[-34,308],[-6,9],[-22,25],[-15,17],[14,130],[4,23],[-10,91],[-24,-35],[-9,-1],[-58,65],[-11,13],[-9,-82],[-8,-76],[-2,3],[-36,41],[-3,3],[-3,27],[-10,-14],[-11,15],[-5,45],[2,36],[-9,-10],[-7,67],[12,16],[-7,80],[6,7],[-1,12],[7,66],[7,50],[6,3],[5,29],[-4,21],[-2,39],[-10,12],[-5,-1],[-10,-12],[-3,6],[-4,24],[-9,21],[-7,75],[-2,13],[-8,17],[-8,26],[-13,2],[-3,10],[9,10],[4,11],[5,17],[36,43],[6,17],[-30,272]],[[245090,529413],[2,-6],[3,-14],[4,-23],[1,-20],[-1,-13],[-1,-17],[-1,-12],[-3,-10],[-3,-3],[-3,-2],[-8,6],[-4,18],[-5,26],[-3,7],[-3,3],[-8,1],[-9,-29],[-2,-34],[2,-14],[0,-46],[-3,-13],[-6,-11],[-4,-6],[-12,22],[-9,-9],[-7,3],[-4,19],[5,15],[-2,16],[-11,23],[-8,11],[-5,-3],[-4,-20],[-7,-5],[-3,11],[-6,-10],[-1,-8],[-1,-22],[9,-32],[2,-23],[2,-10],[8,-10],[5,-20],[-1,-40],[-8,-92],[15,-128],[-3,-20],[-5,-13],[-20,-15],[-4,-21],[-5,-20],[-7,-36],[-12,-27],[-11,-4],[-5,2],[-8,16],[-7,-5],[-4,-36],[3,-46],[0,-11],[-7,-56],[-18,-25],[-3,-19]],[[246733,529836],[-3,-6],[-9,-88],[-89,93],[-4,11],[-8,0],[-31,35],[-5,-46],[-14,17],[-2,-11],[-2,-66],[-2,-38],[-5,8],[-6,-69],[-9,11],[-7,-76],[-17,18],[-5,-43],[23,-24],[2,-16],[13,-14]],[[246553,529532],[-8,-82],[-8,-29],[-10,-37],[-10,-89],[-113,285],[-21,-186],[-33,38],[-54,63],[-15,-144],[-1,-4],[-10,8],[-4,-40],[-10,13],[-10,-99],[-2,6],[-18,52],[-4,-31],[-16,81],[-2,-29],[3,-11],[-29,-232],[9,-9],[-3,-31],[-4,5],[-5,-64],[-5,5],[-3,-30],[-8,7],[-39,43],[-6,-60],[4,-75],[4,-17],[4,-24],[6,-71],[-13,-16]],[[246073,528854],[-13,70],[-20,59],[-4,18],[3,40],[7,64],[6,-5],[1,17],[6,55],[-3,43],[-5,6],[2,91]],[[246075,529995],[6,45],[3,9],[4,12],[-16,158],[-5,45],[-14,105],[-5,42],[-12,44],[-4,7],[-12,32],[-2,28],[1,60],[1,44],[-3,131],[-3,27],[7,13],[17,13],[7,6],[-8,19],[15,164],[13,-6],[-13,9],[3,60],[-1,22],[-1,16],[-10,104],[-4,41],[-14,93],[-4,38],[-7,187]],[[245441,527444],[-2,18],[-3,9],[1,6],[2,13],[-1,19],[3,27],[0,14],[-1,9],[-6,27],[-7,45],[21,27],[3,48],[53,-52],[8,73],[-10,-10],[-11,98],[37,49],[4,-18],[22,26],[8,82]],[[245876,513503],[0,2],[7,72],[0,38],[8,64],[2,35],[2,30],[-36,-20],[0,49],[1,269],[25,31],[2,12],[-2,13],[43,45],[-9,60],[-2,23],[-15,14],[-6,12],[-5,46],[-7,20],[-21,41],[-4,3],[-21,33],[-9,26],[1,168],[1,288]],[[245580,525004],[-15,17],[-9,-4],[-11,-15],[-7,12],[-7,26],[-7,6],[-8,21],[-13,-1],[-8,-14],[-5,2],[-4,-15],[-16,-10],[-4,3],[-7,18],[-8,0],[-10,26],[-8,8],[-10,18],[-4,4],[-2,-2],[-14,9],[-1,-34],[-4,-2],[-9,-22],[-5,-29],[-2,13],[-20,-21],[1,-12],[-14,-28],[-1,8],[-13,-17],[3,-22],[-9,-2],[-33,-34],[2,-17],[-63,-74],[-7,41],[-11,33],[-58,-71],[12,-104],[31,36],[12,-104],[8,8],[0,-33],[3,-28],[9,11],[6,-49],[0,-3]],[[245240,524557],[-18,-22],[-3,-2],[-7,-9],[-17,-20],[-1,0],[-36,-44],[-18,-35],[-5,38],[1,12],[-3,25],[1,28],[-2,20],[-3,26],[-5,-6],[-3,51],[-23,-29],[-1,0],[7,-44],[0,-1],[-33,-38],[0,0],[0,-5],[3,-23],[-9,17],[-2,-2],[-12,-15],[-4,-4],[-6,-3],[-18,-10],[5,-44],[-21,-20],[0,-6],[0,-1],[-3,-4],[-1,-2],[-25,-29],[0,0],[-1,13],[-2,11],[0,-1],[1,-6],[-17,-15],[-5,-10],[0,19],[0,2],[-2,-15]],[[246729,528900],[-4,8],[-3,21],[-15,33],[-8,-7],[-4,12],[-12,24],[-10,2],[-12,21],[-7,19],[-3,22],[14,124],[37,-44],[8,67],[10,-3],[7,79],[-40,42],[-8,-8],[5,55],[-14,16],[-3,-2],[-3,-31],[-12,12],[4,38],[-14,15],[-24,31],[-2,-19],[-3,5],[1,17],[-29,30],[3,33],[-5,0],[-1,18],[-9,11],[3,24],[-7,21],[-6,38],[-10,-92]],[[242473,511115],[9,21],[11,22],[2,1],[12,5],[-1,10],[0,47],[1,-1],[1,5],[2,17],[0,2],[5,37],[5,18],[-3,28],[8,18],[3,-2]],[[242881,510936],[2,-5],[6,25],[0,9],[19,-49],[6,-8],[7,-1],[0,106],[14,-2],[-2,-107],[25,3]],[[242881,510857],[0,79]],[[242626,510919],[14,2],[-2,50],[0,11],[14,0],[7,-7],[0,-6],[5,-20],[18,29],[11,0],[1,0],[2,2],[4,14],[9,21],[4,7],[0,-43],[10,0],[17,-8],[3,-1],[5,0],[0,42],[27,0],[-1,-5],[0,-38],[11,-1],[5,-4],[3,-2],[3,-3],[0,5],[14,-1],[3,-13],[16,1],[19,-1],[4,0]],[[242852,510950],[0,-13],[3,-13],[-6,-30],[-4,-9],[-10,-12],[-3,-36],[2,-42],[-3,-35],[-5,-14],[-8,-51],[-8,-7],[0,-19],[-9,1],[-8,0],[-6,-1],[-11,0],[1,20],[-9,10],[-2,0],[0,-30],[-20,0],[-1,10],[-16,18],[0,14],[-7,2],[-3,-36],[-3,8],[-7,-2],[-5,0],[-3,34],[-13,0],[2,-35],[-5,-1],[-9,-8],[-1,-1]],[[241505,509310],[3,-2],[7,10],[7,-54],[-2,-32],[1,-37],[-4,-29],[0,-9],[9,-18],[1,-41],[6,-9],[2,-43],[7,-8],[-4,-34],[7,-12],[2,-40],[86,-3],[1,-2],[46,3],[4,-9],[-4,-10],[0,-14],[-8,-2],[0,-14],[-11,0],[-1,-9],[0,-121],[-20,0],[34,-43],[47,-60]],[[241805,507796],[-4,-28],[-9,-39],[-4,-21],[-2,-27],[-4,33],[-12,-7],[-2,14],[-7,-15],[-9,0],[-4,-7],[-7,11],[-12,-2],[-1,-12],[-11,16],[-7,-2],[-3,-8],[0,-47],[-8,63],[2,19],[-1,85],[12,16],[-14,44],[-66,2],[-6,0],[-1,-89],[-38,2],[-7,-3],[-30,13],[-44,-7],[-1,-6]],[[244240,521495],[15,5],[9,14],[12,30],[6,14],[28,97],[2,3],[5,5],[3,4]],[[244408,521268],[-3,-20],[3,-16],[-1,-21],[2,-9],[-4,-27],[-5,-19],[-7,2],[-10,20],[-9,-17],[-3,-16],[-3,-6],[-1,-21],[4,-32],[0,-29],[-5,-22],[-1,-2],[-6,5],[-6,25],[-4,45],[-5,26],[-8,2],[-12,-48],[-8,-20],[-8,-4],[-5,30],[8,31],[5,11],[3,18],[-2,20],[-13,38],[-6,17],[-10,14],[0,1]],[[244982,533012],[-4,-12],[-7,-9],[-6,-20],[-4,-5],[-6,18],[-14,10],[-3,10],[-3,-11],[2,-5],[1,-47],[1,-28],[-2,-37],[-5,-4],[-7,4],[-9,45],[-19,24],[-1,16],[-8,8],[-10,21],[-1,-16],[-9,-34],[-3,-22],[1,-47],[-7,-24],[2,-41],[0,-11],[-27,49],[-13,0],[-56,39],[-6,7],[-25,47],[6,66],[-8,9],[-15,-23],[-23,15],[-2,27],[-6,9],[-3,-12],[-7,10],[-2,-9],[-8,-13],[-8,-4],[-10,15],[-2,-25],[-4,-13],[2,-50],[-35,39],[-8,-12],[-3,60],[4,3],[-11,14],[7,71],[11,-10],[3,40],[3,7],[12,-17],[11,-7],[12,-14],[6,8],[-3,39],[0,23],[-9,18],[1,48],[-13,-26],[-12,5],[-9,-13],[5,36],[9,21],[3,-4],[10,24],[5,47],[-4,28],[28,60],[7,-43],[3,-9],[23,-25],[13,-31],[13,-17],[26,-70],[6,-14],[4,37],[15,43],[12,61],[7,-15],[12,-64],[4,-5],[1,-10],[5,-3],[-7,-22],[-1,-9],[11,-16],[4,9],[8,2],[6,-12],[6,1],[14,-15],[10,-23],[12,4],[2,17],[-7,29],[-2,-2],[0,23],[-3,27],[2,25],[6,63],[-1,21],[4,21],[6,12],[5,29],[5,6],[1,-53],[10,89],[8,7],[4,30],[-7,11],[5,15],[11,22]],[[244399,530787],[10,5],[6,-10],[9,-8],[32,7],[49,0],[0,80],[-2,43],[-5,55],[0,21],[1,58],[2,35],[3,29],[7,34],[5,40],[24,-26],[13,10],[7,5],[10,1],[26,-2],[20,-5],[41,-10],[12,-3],[-1,-27],[0,-11],[4,83],[-1,18],[-3,15],[-6,20],[10,-5],[7,2],[3,-3],[35,-71],[6,-11],[45,-44],[7,-3],[35,-5],[4,-2],[2,-5],[3,-13],[2,-18],[19,5],[16,-15]],[[246155,534282],[32,60],[-21,116],[5,10],[-6,34],[5,12],[-3,13],[67,132],[-2,10],[8,17],[7,-33],[3,8],[6,-31],[10,19],[2,-11],[11,22],[3,-17],[6,3],[7,-24],[3,-3],[3,6],[8,33],[-3,9],[2,18],[21,93],[-8,46],[28,51],[-7,45],[7,15],[9,-26],[3,-5],[10,-1],[15,14],[2,-10],[3,-16],[5,-28],[0,-48],[4,-25],[2,-17],[1,-5],[5,-25],[17,-26],[3,-9],[6,-16],[5,-26]],[[246499,534277],[4,-7],[5,1],[29,53],[25,-143],[9,-46],[21,-122],[0,-8],[32,56],[10,-53],[5,10],[3,4],[-10,53],[16,27],[10,-52],[17,31],[-17,68],[-12,61],[23,47],[5,-51],[14,-101],[16,29],[19,33],[-1,10],[5,7],[0,59],[23,0],[-1,103],[15,1],[-3,13],[7,16],[10,12],[-2,35],[6,-16],[15,-15],[7,-17],[5,-2],[5,-15],[7,2],[11,-15],[9,5],[6,-9],[11,4],[3,-15],[11,12],[5,-9],[11,14],[6,-3],[2,23],[5,-33],[-13,-24],[-21,-38],[3,-14],[1,-23],[20,-118],[-14,-26],[5,-5],[10,10],[11,26],[18,3],[1,-127],[2,16],[10,19],[13,-32],[10,-18],[10,21],[15,-85]],[[242141,511098],[14,-5],[1,32],[19,4],[3,-8]],[[242244,511722],[6,-13],[6,-26],[4,-10],[2,9],[4,-6],[-1,-6],[-2,-11],[14,-13],[3,-23],[1,1],[0,-15],[-4,-1],[-2,-31],[10,1],[4,20],[8,-38],[4,-3],[0,15],[8,-12],[1,-3],[7,-16],[-1,-8],[11,-1],[0,-29],[-1,-19],[1,-1],[-1,-7],[-2,-39],[0,-24],[0,-20],[2,-26],[2,-16],[0,-16],[0,0],[-3,-88],[0,-14],[-1,-12]],[[242881,510936],[-7,13],[-22,1]],[[245495,514896],[67,5],[0,-64],[51,-4],[0,86],[0,56],[9,56],[-19,35],[2,272],[51,-3],[1,-8],[15,-29],[20,-7]],[[245236,523914],[0,74],[18,1],[-1,55],[14,1],[0,43],[-1,49],[0,35],[-7,0],[0,75],[12,0],[8,0],[4,1],[-4,22],[-4,50],[-1,27],[1,15],[3,9],[0,25],[-18,151],[0,2],[-5,16],[-1,5],[-13,-16],[-1,3]],[[245317,503841],[-4,1],[-26,19],[-32,-1],[-36,-17],[-30,0],[-5,2],[-36,2],[-9,3],[-26,1],[-6,24],[-20,100],[-27,107],[-16,89],[36,21],[31,304],[-40,54],[-43,51],[-4,1],[-5,-16],[-14,-11],[-24,34],[-30,35],[-13,54],[-8,17],[-3,2],[5,13],[33,26],[8,9],[12,32],[28,82],[11,25],[-1,9],[-7,9],[-5,7],[29,43],[-96,387],[16,82],[0,10],[-3,52],[0,32],[20,66],[-9,23],[-13,4],[0,42],[-85,-1],[0,78],[24,4],[1,81],[70,6],[0,214]],[[244253,521060],[2,3],[0,0],[3,-31],[0,-69],[6,-48],[2,-12],[13,-78],[3,-20],[4,-67],[2,-14],[8,-34],[-8,-21],[0,-3],[9,-10],[-3,-17],[9,2],[7,-25],[9,-34],[3,-3],[6,26],[17,-33],[6,-10],[6,-19],[-6,3],[0,-8],[4,-8],[-2,-12],[9,-19],[-2,-12],[3,-9],[3,16],[3,-11],[2,5],[10,-48],[2,-7],[6,-11],[6,-3]],[[245003,522670],[-3,-13],[4,-33],[-8,-22],[1,-30],[-6,-49],[0,-33],[-3,-30]],[[245308,515260],[6,26],[43,188],[2,9],[85,372],[3,95],[6,4],[9,12],[7,4],[4,15],[-1,53],[-19,64],[15,48],[-23,80],[0,13],[4,24],[11,-28],[6,35],[-20,47],[-10,-30],[-6,-7],[-40,119],[6,1],[5,13],[2,39],[-11,50],[-10,27],[3,14],[-7,18],[-14,-18],[-9,36],[-84,-145],[-6,-11],[-7,-4],[-3,49],[-5,8],[-5,50],[-41,-23],[-4,68],[-31,-18],[-3,-6],[17,57],[19,42],[5,14],[37,123],[12,22],[7,7],[-9,29],[-13,40],[-37,119],[28,94],[-10,34],[-12,-38],[-28,83],[35,120],[-19,59],[14,52],[-17,46],[-27,91],[5,33],[-12,28],[-2,-12],[-1,-26],[-10,-39],[-6,-11],[-6,22],[-17,-44],[-13,-44],[-2,24],[3,41],[-5,-5],[-2,12],[2,29],[-7,29],[27,99],[-22,67],[-19,-64],[-22,67],[-3,-1],[-8,29],[-5,-8],[-7,24],[21,70],[-34,111],[-13,51],[0,17],[-1,2]],[[242425,511723],[0,-5],[0,-15],[0,-4],[-4,1],[-2,-2],[-4,2],[0,-11],[10,0],[0,-6],[0,-53],[0,-32],[0,-22],[0,-21],[0,-90],[0,-35],[-1,-22],[1,0],[0,-34],[0,-67],[0,-12],[0,-32],[-2,-12],[2,-25],[4,-16],[0,-15],[5,-1],[4,-15],[-1,-12]]],"objects":{"cb_2020_us_zcta520_500k":{"type":"GeometryCollection","geometries":[{"arcs":[[0,1,2,3,4,5,6,7,8,9,10]],"type":"Polygon","properties":{"ZCTA5CE20":"77859"}},{"arcs":[[11,12,13,14,15,16,17,18,19]],"type":"Polygon","properties":{"ZCTA5CE20":"77954"}},{"arcs":[[20,21,22]],"type":"Polygon","properties":{"ZCTA5CE20":"78661"}},{"arcs":[[23,24,25,26,27,28,29,30,31]],"type":"Polygon","properties":{"ZCTA5CE20":"78881"}},{"arcs":[[[33]],[[34,35,36,37,38,39,40,41]]],"type":"MultiPolygon","properties":{"ZCTA5CE20":"78653"}},{"arcs":[[42,43,44,45,46,47,48,49,50]],"type":"Polygon","properties":{"ZCTA5CE20":"76502"}},{"arcs":[[51,52,-23,53]],"type":"Polygon","properties":{"ZCTA5CE20":"78622"}},{"arcs":[[54,55]],"type":"Polygon","properties":{"ZCTA5CE20":"76598"}},{"arcs":[[56,57,58]],"type":"Polygon","properties":{"ZCTA5CE20":"78243"}},{"arcs":[[63,64,65,66,67,68,69,70,71,72,73,74,75,76]],"type":"Polygon","properties":{"ZCTA5CE20":"78643"}},{"arcs":[[77,78,79,80,81,82]],"type":"Polygon","properties":{"ZCTA5CE20":"78676"}},{"arcs":[[-61,83,84,85,86,87,88,89]],"type":"Polygon","properties":{"ZCTA5CE20":"76570"}},{"arcs":[[90,91,92,93,94,95]],"type":"Polygon","properties":{"ZCTA5CE20":"76567"}},{"arcs":[[96,97,98,-31,99,100,101,102,103,104,105]],"type":"Polygon","properties":{"ZCTA5CE20":"78801"}},{"arcs":[[[107]],[[108,109,110,111]]],"type":"MultiPolygon","properties":{"ZCTA5CE20":"78133"}},{"arcs":[[112]],"type":"Polygon","properties":{"ZCTA5CE20":"78062"}},{"arcs":[[113,114,115,116,117,118,119,120,121]],"type":"Polygon","properties":{"ZCTA5CE20":"78610"}},{"arcs":[[128,129,130,131,132,133,134]],"type":"Polygon","properties":{"ZCTA5CE20":"78950"}},{"arcs":[[135,136,137,-50,138,139,140,141]],"type":"Polygon","properties":{"ZCTA5CE20":"76513"}},{"arcs":[[142,143,144,145,146,147]],"type":"Polygon","properties":{"ZCTA5CE20":"78602"}},{"arcs":[[148,149,150,151,152,153,154,155,156]],"type":"Polygon","properties":{"ZCTA5CE20":"78249"}},{"arcs":[[157,-127,158,-33,159,160,161,-129,162,163]],"type":"Polygon","properties":{"ZCTA5CE20":"77833"}},{"arcs":[[165,166,167,168,169]],"type":"Polygon","properties":{"ZCTA5CE20":"78722"}},{"arcs":[[170,171,172,173]],"type":"Polygon","properties":{"ZCTA5CE20":"76853"}},{"arcs":[[175,176,177,178,179,180,181,-146]],"type":"Polygon","properties":{"ZCTA5CE20":"78957"}},{"arcs":[[182,-87,183,-10,184,185,-92,186]],"type":"Polygon","properties":{"ZCTA5CE20":"76520"}},{"arcs":[[-107,-126,187,188,189,190,191]],"type":"Polygon","properties":{"ZCTA5CE20":"78631"}},{"arcs":[[-17,192,193]],"type":"Polygon","properties":{"ZCTA5CE20":"77976"}},{"arcs":[[194,195,196,197,198,199,200,201,202,203,204,-165,205,206,207]],"type":"Polygon","properties":{"ZCTA5CE20":"78102"}},{"arcs":[[208,209,210,211,212,213,214]],"type":"Polygon","properties":{"ZCTA5CE20":"78211"}},{"arcs":[[215,216,-211,217]],"type":"Polygon","properties":{"ZCTA5CE20":"78225"}},{"arcs":[[218]],"type":"Polygon","properties":{"ZCTA5CE20":"78235"}},{"arcs":[[219,-58,220,-209,221,222,223]],"type":"Polygon","properties":{"ZCTA5CE20":"78242"}},{"arcs":[[224,225,226,227,228,229,230]],"type":"Polygon","properties":{"ZCTA5CE20":"78611"}},{"arcs":[[231]],"type":"Polygon","properties":{"ZCTA5CE20":"77986"}},{"arcs":[[-189,232,-124,-76,233,234,235,236,237,238,239]],"type":"Polygon","properties":{"ZCTA5CE20":"78624"}},{"arcs":[[240,241,242,243,244,245,-225,246,247,248,-173]],"type":"Polygon","properties":{"ZCTA5CE20":"76550"}},{"arcs":[[-237,249,250,251,252,-83,253,254,255,256]],"type":"Polygon","properties":{"ZCTA5CE20":"78606"}},{"arcs":[[257,258,259,260,261]],"type":"Polygon","properties":{"ZCTA5CE20":"78757"}},{"arcs":[[262,263,264,265,266]],"type":"Polygon","properties":{"ZCTA5CE20":"78017"}},{"arcs":[[267,-102,268,269,-267,270,271,272]],"type":"Polygon","properties":{"ZCTA5CE20":"78829"}},{"arcs":[[-94,280,281,282,283,284,285,286,287,288,289,290,291],[292]],"type":"Polygon","properties":{"ZCTA5CE20":"77836"}},{"arcs":[[294,295,296]],"type":"Polygon","properties":{"ZCTA5CE20":"78029"}},{"arcs":[[-246,297,298,299,300,301,-226]],"type":"Polygon","properties":{"ZCTA5CE20":"78605"}},{"arcs":[[307,308,309,310,311,312,-304,313,-303,314,315,-204,316,317]],"type":"Polygon","properties":{"ZCTA5CE20":"77963"}},{"arcs":[[318,319,320,321,322,323,324,-307,325,326,327,328],[-232]],"type":"Polygon","properties":{"ZCTA5CE20":"77964"}},{"arcs":[[-311,330]],"type":"Polygon","properties":{"ZCTA5CE20":"77993"}},{"arcs":[[331,332,333,334,335,336]],"type":"Polygon","properties":{"ZCTA5CE20":"78003"}},{"arcs":[[337,338,339,340,341,342,343,-78,-253]],"type":"Polygon","properties":{"ZCTA5CE20":"78620"}},{"arcs":[[344,345,346,347,-143,348,-38]],"type":"Polygon","properties":{"ZCTA5CE20":"78621"}},{"arcs":[[349,350,351,352,353,354,355,356,357,358,359,360,-14,361,362,363,364]],"type":"Polygon","properties":{"ZCTA5CE20":"78629"}},{"arcs":[[365,366,367,-54,-22,368,-351,369]],"type":"Polygon","properties":{"ZCTA5CE20":"78638"}},{"arcs":[[370,-228,371,-70]],"type":"Polygon","properties":{"ZCTA5CE20":"78639"}},{"arcs":[[-301,372,373,374,375,376,377,378,379,380]],"type":"Polygon","properties":{"ZCTA5CE20":"78641"}},{"arcs":[[[-354,381]],[[382,383,384,-356,385,-352,-369,-21,-53]]],"type":"MultiPolygon","properties":{"ZCTA5CE20":"78648"}},{"arcs":[[-372,-227,-302,-381,386,387,388,389,-71]],"type":"Polygon","properties":{"ZCTA5CE20":"78654"}},{"arcs":[[-81,390,391,392,393,-366,394,395,396,-110,397]],"type":"Polygon","properties":{"ZCTA5CE20":"78666"}},{"arcs":[[-239,398,399,400,401,402,403]],"type":"Polygon","properties":{"ZCTA5CE20":"78013"}},{"arcs":[[404,-207,-278,-279,405,-280,406,407]],"type":"Polygon","properties":{"ZCTA5CE20":"78022"}},{"arcs":[[408,409,410,-157,411,412]],"type":"Polygon","properties":{"ZCTA5CE20":"78023"}},{"arcs":[[413,414,415,416,417,418]],"type":"Polygon","properties":{"ZCTA5CE20":"78024"}},{"arcs":[[419,420,421,422,423,424,-263,-270]],"type":"Polygon","properties":{"ZCTA5CE20":"78061"}},{"arcs":[[425,426,-255,427,-112,428,429,430],[-108]],"type":"Polygon","properties":{"ZCTA5CE20":"78070"}},{"arcs":[[431,432,433,434,-208,-405,435]],"type":"Polygon","properties":{"ZCTA5CE20":"78071"}},{"arcs":[[436,437,438,439,440,441,442]],"type":"Polygon","properties":{"ZCTA5CE20":"78728"}},{"arcs":[[443,444,445,446,447,448,-341]],"type":"Polygon","properties":{"ZCTA5CE20":"78738"}},{"arcs":[[-260,449,450,451,452,453,454]],"type":"Polygon","properties":{"ZCTA5CE20":"78752"}},{"arcs":[[461,462,-163,-135,-459,463,464]],"type":"Polygon","properties":{"ZCTA5CE20":"78940"}},{"arcs":[[[465]],[[466,467,468,469,470,471,-177]]],"type":"MultiPolygon","properties":{"ZCTA5CE20":"78942"}},{"arcs":[[472,473,474,475,476,477,-471]],"type":"Polygon","properties":{"ZCTA5CE20":"78946"}},{"arcs":[[478,479,-95,-292,480,481,482,483,-347]],"type":"Polygon","properties":{"ZCTA5CE20":"78947"}},{"arcs":[[484,485,486,487,488,489,490,491,492,493]],"type":"Polygon","properties":{"ZCTA5CE20":"78114"}},{"arcs":[[494,495,496,497,498,499,500,501,502,503]],"type":"Polygon","properties":{"ZCTA5CE20":"78118"}},{"arcs":[[504,-502,505,-308,506,-196,507,-434,508],[509]],"type":"Polygon","properties":{"ZCTA5CE20":"78119"}},{"arcs":[[510,511]],"type":"Polygon","properties":{"ZCTA5CE20":"78123"}},{"arcs":[[-429,-111,-397,512,513,514,515,516,517]],"type":"Polygon","properties":{"ZCTA5CE20":"78132"}},{"arcs":[[518,519]],"type":"Polygon","properties":{"ZCTA5CE20":"78143"}},{"arcs":[[520]],"type":"Polygon","properties":{"ZCTA5CE20":"78150"}},{"arcs":[[521,-430,-518,522,523,524,525,526]],"type":"Polygon","properties":{"ZCTA5CE20":"78163"}},{"arcs":[[531,532,533,534,-187,-91,535,536]],"type":"Polygon","properties":{"ZCTA5CE20":"76518"}},{"arcs":[[537,538,-241,-172,-274,539]],"type":"Polygon","properties":{"ZCTA5CE20":"76525"}},{"arcs":[[540,-140,541,542,543,-533,544,545]],"type":"Polygon","properties":{"ZCTA5CE20":"76534"}},{"arcs":[[546,547,548,-244]],"type":"Polygon","properties":{"ZCTA5CE20":"76539"}},{"arcs":[[549,550,551,552,553,-36,554]],"type":"Polygon","properties":{"ZCTA5CE20":"76574"}},{"arcs":[[555,556,557,558,559]],"type":"Polygon","properties":{"ZCTA5CE20":"76596"}},{"arcs":[[-562,-561,-275,-174,-249,562,563,564,565]],"type":"Polygon","properties":{"ZCTA5CE20":"76877"}},{"arcs":[[566,-511,567,-395,-370,-350,568,569,570,571,572]],"type":"Polygon","properties":{"ZCTA5CE20":"78155"}},{"arcs":[[573,574,-499]],"type":"Polygon","properties":{"ZCTA5CE20":"78111"}},{"arcs":[[-73,577,-389,578,-339,579]],"type":"Polygon","properties":{"ZCTA5CE20":"78663"}},{"arcs":[[580,-265,581,582,583,584,585]],"type":"Polygon","properties":{"ZCTA5CE20":"78014"}},{"arcs":[[586,587,-190,-240,-404,588,-297,589,-416]],"type":"Polygon","properties":{"ZCTA5CE20":"78028"}},{"arcs":[[590,591,592,-486,593,594,595,596],[-219]],"type":"Polygon","properties":{"ZCTA5CE20":"78223"}},{"arcs":[[597,-399,-238,-257,598,599,-431,-522,600,601,602,-410,603,-401]],"type":"Polygon","properties":{"ZCTA5CE20":"78006"}},{"arcs":[[604,605,-530,-531,606,607,608,-43,609,610,611,612,-242,-539],[-55,613,-559,614,615,-556,616]],"type":"Polygon","properties":{"ZCTA5CE20":"76528"}},{"arcs":[[618,619,-536,-96,-480,620,-552,621,622]],"type":"Polygon","properties":{"ZCTA5CE20":"76577"}},{"arcs":[[-388,623,624,-444,-340,-579]],"type":"Polygon","properties":{"ZCTA5CE20":"78669"}},{"arcs":[[-9,628,-282,629,-185]],"type":"Polygon","properties":{"ZCTA5CE20":"77857"}},{"arcs":[[-361,630,-328,631,-326,-306,-330,632,-15]],"type":"Polygon","properties":{"ZCTA5CE20":"77995"}},{"arcs":[[-583,633,634,635,-436,-408,636,637],[638]],"type":"Polygon","properties":{"ZCTA5CE20":"78072"}},{"arcs":[[639,640,-336,641,642,643,644,645,646,-27]],"type":"Polygon","properties":{"ZCTA5CE20":"78861"}},{"arcs":[[-577,647,-419,648,649,-25,650,651,-98,-457,-456]],"type":"Polygon","properties":{"ZCTA5CE20":"78873"}},{"arcs":[[-472,-478,652,-465,653,654,655,656,657,-178]],"type":"Polygon","properties":{"ZCTA5CE20":"78945"}},{"arcs":[[[-639]],[[658,659,660,661,662,663,664,-635,665,666]]],"type":"MultiPolygon","properties":{"ZCTA5CE20":"78026"}},{"arcs":[[667]],"type":"Polygon","properties":{"ZCTA5CE20":"78674"}},{"arcs":[[-335,668,-413,669,670,671,672,-642]],"type":"Polygon","properties":{"ZCTA5CE20":"78056"}},{"arcs":[[674,675,676,677,678,679],[680]],"type":"Polygon","properties":{"ZCTA5CE20":"78247"}},{"arcs":[[681,682,683,684]],"type":"Polygon","properties":{"ZCTA5CE20":"78208"}},{"arcs":[[-545,-532,685,-619,686]],"type":"Polygon","properties":{"ZCTA5CE20":"76523"}},{"arcs":[[688,689]],"type":"Polygon","properties":{"ZCTA5CE20":"76573"}},{"arcs":[[691,-684,692,693,694]],"type":"Polygon","properties":{"ZCTA5CE20":"78202"}},{"arcs":[[695,-7,-626,696,697,-627,-284]],"type":"Polygon","properties":{"ZCTA5CE20":"77807"}},{"arcs":[[-475,698,-164,-463,699,700]],"type":"Polygon","properties":{"ZCTA5CE20":"77835"}},{"arcs":[[-290,701,-288,702,-286,-628,-128,-158,-699,-474,703]],"type":"Polygon","properties":{"ZCTA5CE20":"77879"}},{"arcs":[[-233,-188,-125]],"type":"Polygon","properties":{"ZCTA5CE20":"78618"}},{"arcs":[[-74,-580,-338,-252,704,705,-235,706]],"type":"Polygon","properties":{"ZCTA5CE20":"78636"}},{"arcs":[[-650,707,708,709,-640,-26]],"type":"Polygon","properties":{"ZCTA5CE20":"78884"}},{"arcs":[[-688,-618,-605,-538]],"type":"Polygon","properties":{"ZCTA5CE20":"76566"}},{"arcs":[[-515,710,711]],"type":"Polygon","properties":{"ZCTA5CE20":"78108"}},{"arcs":[[-514,712,-573,713,714,715,716,-711]],"type":"Polygon","properties":{"ZCTA5CE20":"78124"}},{"arcs":[[717,718,719,720,721,722]],"type":"Polygon","properties":{"ZCTA5CE20":"78264"}},{"arcs":[[723,724,725,-218,-210,-221,-57,726]],"type":"Polygon","properties":{"ZCTA5CE20":"78226"}},{"arcs":[[727,-523,-517,728,729,-677,730]],"type":"Polygon","properties":{"ZCTA5CE20":"78266"}},{"arcs":[[-705,-251,731]],"type":"Polygon","properties":{"ZCTA5CE20":"78635"}},{"arcs":[[-702,-289]],"type":"Polygon","properties":{"ZCTA5CE20":"77863"}},{"arcs":[[-394,734,-367]],"type":"Polygon","properties":{"ZCTA5CE20":"78670"}},{"arcs":[[[735]],[[-412,-156,736,737,738,739,740,741,-670]]],"type":"MultiPolygon","properties":{"ZCTA5CE20":"78254"}},{"arcs":[[742,743,744,745]],"type":"Polygon","properties":{"ZCTA5CE20":"76541"}},{"arcs":[[746,747,748]],"type":"Polygon","properties":{"ZCTA5CE20":"76630"}},{"arcs":[[-261,-455,749,750,751]],"type":"Polygon","properties":{"ZCTA5CE20":"78756"}},{"arcs":[[752,753,-690,754,755,756,757,758]],"type":"Polygon","properties":{"ZCTA5CE20":"76537"}},{"arcs":[[759,760,761,762]],"type":"Polygon","properties":{"ZCTA5CE20":"78739"}},{"arcs":[[763,764,765,-62,-90,766,767],[768]],"type":"Polygon","properties":{"ZCTA5CE20":"76656"}},{"arcs":[[769,770,-223,771,772,773]],"type":"Polygon","properties":{"ZCTA5CE20":"78252"}},{"arcs":[[774,775,776,777]],"type":"Polygon","properties":{"ZCTA5CE20":"78244"}},{"arcs":[[778,779,780,781,782,-597,783]],"type":"Polygon","properties":{"ZCTA5CE20":"78210"}},{"arcs":[[784,785,786,787,788]],"type":"Polygon","properties":{"ZCTA5CE20":"78744"}},{"arcs":[[789,790,791,-258,792,793]],"type":"Polygon","properties":{"ZCTA5CE20":"78759"}},{"arcs":[[794,-402,-604,-409,-669,-334]],"type":"Polygon","properties":{"ZCTA5CE20":"78063"}},{"arcs":[[-477,795,-700,-462,-653]],"type":"Polygon","properties":{"ZCTA5CE20":"78954"}},{"arcs":[[-418,796,-708,-649]],"type":"Polygon","properties":{"ZCTA5CE20":"78885"}},{"arcs":[[-363,797,798,799]],"type":"Polygon","properties":{"ZCTA5CE20":"78677"}},{"arcs":[[800,-679,801,802,803]],"type":"Polygon","properties":{"ZCTA5CE20":"78217"}},{"arcs":[[-792,804,805,-450,-259]],"type":"Polygon","properties":{"ZCTA5CE20":"78758"}},{"arcs":[[806,807,-497,808,-495]],"type":"Polygon","properties":{"ZCTA5CE20":"78117"}},{"arcs":[[809,-182,810,811,812,813]],"type":"Polygon","properties":{"ZCTA5CE20":"78953"}},{"arcs":[[-598,-400]],"type":"Polygon","properties":{"ZCTA5CE20":"78074"}},{"arcs":[[817,-489,818]],"type":"Polygon","properties":{"ZCTA5CE20":"78161"}},{"arcs":[[819,820]],"type":"Polygon","properties":{"ZCTA5CE20":"78050"}},{"arcs":[[821,-483,822,-467,-176,-145]],"type":"Polygon","properties":{"ZCTA5CE20":"78659"}},{"arcs":[[823,-714,-572,824,-819,-488,825]],"type":"Polygon","properties":{"ZCTA5CE20":"78121"}},{"arcs":[[-377,826,827,828,829]],"type":"Polygon","properties":{"ZCTA5CE20":"78726"}},{"arcs":[[[830]],[[831,832,833,834]]],"type":"MultiPolygon","properties":{"ZCTA5CE20":"78251"}},{"arcs":[[-613,835,836,837,-547,-243]],"type":"Polygon","properties":{"ZCTA5CE20":"76522"}},{"arcs":[[-772,-222,-215,838,-723,839,840,841]],"type":"Polygon","properties":{"ZCTA5CE20":"78073"}},{"arcs":[[842,-492]],"type":"Polygon","properties":{"ZCTA5CE20":"78147"}},{"arcs":[[-327,-632]],"type":"Polygon","properties":{"ZCTA5CE20":"77987"}},{"arcs":[[-75,-707,-234]],"type":"Polygon","properties":{"ZCTA5CE20":"78675"}},{"arcs":[[-195,-435,-508]],"type":"Polygon","properties":{"ZCTA5CE20":"78125"}},{"arcs":[[843,-65,844,-816]],"type":"Polygon","properties":{"ZCTA5CE20":"76885"}},{"arcs":[[845,-364,-800,846]],"type":"Polygon","properties":{"ZCTA5CE20":"78614"}},{"arcs":[[-387,-380,847,-624]],"type":"Polygon","properties":{"ZCTA5CE20":"78645"}},{"arcs":[[848,849,850,851,852,853]],"type":"Polygon","properties":{"ZCTA5CE20":"78258"}},{"arcs":[[854,-594,-485,855,-720]],"type":"Polygon","properties":{"ZCTA5CE20":"78112"}},{"arcs":[[-28,-647,856,-420,857]],"type":"Polygon","properties":{"ZCTA5CE20":"78850"}},{"arcs":[[-386,-355,-382,-353]],"type":"Polygon","properties":{"ZCTA5CE20":"78658"}},{"arcs":[[-715,-824,858,859]],"type":"Polygon","properties":{"ZCTA5CE20":"78152"}},{"arcs":[[-482,860,-469,-468,-823],[-466]],"type":"Polygon","properties":{"ZCTA5CE20":"78948"}},{"arcs":[[861,-758,862,863,864]],"type":"Polygon","properties":{"ZCTA5CE20":"78633"}},{"arcs":[[-137,865,866,867,-744,868,869]],"type":"Polygon","properties":{"ZCTA5CE20":"76543"}},{"arcs":[[870,871,872,873,-592,874]],"type":"Polygon","properties":{"ZCTA5CE20":"78263"}},{"arcs":[[[-558,875,-615]],[[-560,-614,-56,-617]]],"type":"MultiPolygon","properties":{"ZCTA5CE20":"76599"}},{"arcs":[[-664,876,-509,-433,877]],"type":"Polygon","properties":{"ZCTA5CE20":"78075"}},{"arcs":[[878,-277,-130,-162]],"type":"Polygon","properties":{"ZCTA5CE20":"78944"}},{"arcs":[[879,880,881,-422]],"type":"Polygon","properties":{"ZCTA5CE20":"78057"}},{"arcs":[[882,883,884,885,886]],"type":"Polygon","properties":{"ZCTA5CE20":"78704"}},{"arcs":[[-750,-454,887,-167,888]],"type":"Polygon","properties":{"ZCTA5CE20":"78751"}},{"arcs":[[889,890,-725,891]],"type":"Polygon","properties":{"ZCTA5CE20":"78237"}},{"arcs":[[892,-768,893,894,895]],"type":"Polygon","properties":{"ZCTA5CE20":"76579"}},{"arcs":[[-751,-889,-166,896,897,898]],"type":"Polygon","properties":{"ZCTA5CE20":"78705"}},{"arcs":[[-293]],"type":"Polygon","properties":{"ZCTA5CE20":"77852"}},{"arcs":[[-803,899,900,-775,901,902,903]],"type":"Polygon","properties":{"ZCTA5CE20":"78218"}},{"arcs":[[[904,905]],[[906]],[[907,908]],[[909,910,911,912,913,-152]]],"type":"MultiPolygon","properties":{"ZCTA5CE20":"78231"}},{"arcs":[[914,-833,915,916,917,918,919]],"type":"Polygon","properties":{"ZCTA5CE20":"78238"}},{"arcs":[[920,921,-903,922,-682]],"type":"Polygon","properties":{"ZCTA5CE20":"78234"}},{"arcs":[[923,924,925,926,927]],"type":"Polygon","properties":{"ZCTA5CE20":"76657"}},{"arcs":[[-587,-415,928]],"type":"Polygon","properties":{"ZCTA5CE20":"78025"}},{"arcs":[[-694,929,-781,930]],"type":"Polygon","properties":{"ZCTA5CE20":"78203"}},{"arcs":[[931,-779,932,-216,933]],"type":"Polygon","properties":{"ZCTA5CE20":"78204"}},{"arcs":[[934,-695,-931,-780,-932,935,936]],"type":"Polygon","properties":{"ZCTA5CE20":"78205"}},{"arcs":[[937,938,939,-936,-934,-726,-891]],"type":"Polygon","properties":{"ZCTA5CE20":"78207"}},{"arcs":[[-804,-904,-922,940,941,942]],"type":"Polygon","properties":{"ZCTA5CE20":"78209"}},{"arcs":[[-908,943,-913,944,-906,945,946,947,948],[-907]],"type":"Polygon","properties":{"ZCTA5CE20":"78213"}},{"arcs":[[-212,-217,-933,-784,-596,949]],"type":"Polygon","properties":{"ZCTA5CE20":"78214"}},{"arcs":[[950,-680,-801,-943,951,-946,-905,-945,-912,952]],"type":"Polygon","properties":{"ZCTA5CE20":"78216"}},{"arcs":[[-154,953,954,-917,955,-740,956,-738,957]],"type":"Polygon","properties":{"ZCTA5CE20":"78240"}},{"arcs":[[-214,958,-718,-839]],"type":"Polygon","properties":{"ZCTA5CE20":"78224"}},{"arcs":[[-852,959,-675,-951,960],[961]],"type":"Polygon","properties":{"ZCTA5CE20":"78232"}},{"arcs":[[-678,-730,962,963,964,965,-900,-802]],"type":"Polygon","properties":{"ZCTA5CE20":"78233"}},{"arcs":[[[-727,-59,-220,966]],[[967]]],"type":"MultiPolygon","properties":{"ZCTA5CE20":"78236"}},{"arcs":[[-966,968,-776,-901]],"type":"Polygon","properties":{"ZCTA5CE20":"78239"}},{"arcs":[[-527,969,970,-601]],"type":"Polygon","properties":{"ZCTA5CE20":"78015"}},{"arcs":[[-838,971,-746,972,973,974,-548]],"type":"Polygon","properties":{"ZCTA5CE20":"76549"}},{"arcs":[[975,976,977,978,-760,979]],"type":"Polygon","properties":{"ZCTA5CE20":"78749"}},{"arcs":[[980,-169,981,982,983,984,985]],"type":"Polygon","properties":{"ZCTA5CE20":"78702"}},{"arcs":[[986,-656,987,988,-320,989,990]],"type":"Polygon","properties":{"ZCTA5CE20":"78956"}},{"arcs":[[991,992,-368,-735,-393]],"type":"Polygon","properties":{"ZCTA5CE20":"78655"}},{"arcs":[[993,-820,994,-721,-856,-494,995,996,-662,997,-660]],"type":"Polygon","properties":{"ZCTA5CE20":"78064"}},{"arcs":[[998,999,1000,-918,-955]],"type":"Polygon","properties":{"ZCTA5CE20":"78229"}},{"arcs":[[1001,1002,-793,-262,-752,1003,1004]],"type":"Polygon","properties":{"ZCTA5CE20":"78731"}},{"arcs":[[1005,-230,1006,-68]],"type":"Polygon","properties":{"ZCTA5CE20":"78607"}},{"arcs":[[-19,-305,-313,1007]],"type":"Polygon","properties":{"ZCTA5CE20":"77974"}},{"arcs":[[1008,-990,-319,1009]],"type":"Polygon","properties":{"ZCTA5CE20":"77975"}},{"arcs":[[-294,-11,-184,-86,-529]],"type":"Polygon","properties":{"ZCTA5CE20":"77837"}},{"arcs":[[-481,-291,-704,-473,-470,-861]],"type":"Polygon","properties":{"ZCTA5CE20":"77853"}},{"arcs":[[-629,-8,-696,-283]],"type":"Polygon","properties":{"ZCTA5CE20":"77867"}},{"arcs":[[-971,1010,1011,-854,1012,-910,-151,1013,1014,-602]],"type":"Polygon","properties":{"ZCTA5CE20":"78257"}},{"arcs":[[1015,1016,1017,1018,1019,1020,-644]],"type":"Polygon","properties":{"ZCTA5CE20":"78009"}},{"arcs":[[1021,-667,1022,-424,1023]],"type":"Polygon","properties":{"ZCTA5CE20":"78011"}},{"arcs":[[1024,1025,1026,-1024,-423,-882]],"type":"Polygon","properties":{"ZCTA5CE20":"78005"}},{"arcs":[[-665,-878,-432,-636]],"type":"Polygon","properties":{"ZCTA5CE20":"78007"}},{"arcs":[[-997,1027,-503,-505,-877,-663],[-113]],"type":"Polygon","properties":{"ZCTA5CE20":"78008"}},{"arcs":[[-287,-703]],"type":"Polygon","properties":{"ZCTA5CE20":"77878"}},{"arcs":[[-834,-915,1028,-770,1029,-1019,1030]],"type":"Polygon","properties":{"ZCTA5CE20":"78245"}},{"arcs":[[[-957,-739]],[[-958,-737,-155]],[[-741,-956,-916,-832]]],"type":"MultiPolygon","properties":{"ZCTA5CE20":"78250"}},{"arcs":[[1031,-671,-742,-835,-1031,-1018],[-736],[-831]],"type":"Polygon","properties":{"ZCTA5CE20":"78253"}},{"arcs":[[-1015,1032,-149,-411,-603]],"type":"Polygon","properties":{"ZCTA5CE20":"78255"}},{"arcs":[[[-681]],[[-851,1033,-731,-676,-960]]],"type":"MultiPolygon","properties":{"ZCTA5CE20":"78259"}},{"arcs":[[-525,1034,-849,-1012,1035]],"type":"Polygon","properties":{"ZCTA5CE20":"78260"}},{"arcs":[[[-962]],[[-1013,-853,-961,-953,-911]]],"type":"MultiPolygon","properties":{"ZCTA5CE20":"78248"}},{"arcs":[[1036,-426,-600]],"type":"Polygon","properties":{"ZCTA5CE20":"78004"}},{"arcs":[[-798,-362,-13,1037,1038,1039,1040]],"type":"Polygon","properties":{"ZCTA5CE20":"78159"}},{"arcs":[[-818,-825,-571,1041,-520,1042,1043,1044,-490]],"type":"Polygon","properties":{"ZCTA5CE20":"78160"}},{"arcs":[[-575,1045,-1039,1046,-20,-1008,-312,-331,-310,1047,1048,-500]],"type":"Polygon","properties":{"ZCTA5CE20":"78164"}},{"arcs":[[1049,-199]],"type":"Polygon","properties":{"ZCTA5CE20":"78104"}},{"arcs":[[-317,-203]],"type":"Polygon","properties":{"ZCTA5CE20":"78107"}},{"arcs":[[1050,1051,-247,-231,-1006,-67]],"type":"Polygon","properties":{"ZCTA5CE20":"78672"}},{"arcs":[[-841,1052,1053,1054]],"type":"Polygon","properties":{"ZCTA5CE20":"78069"}},{"arcs":[[-969,-965,1055,1056,-716,-860,1057,-873,1058,-777]],"type":"Polygon","properties":{"ZCTA5CE20":"78109"}},{"arcs":[[1059,1060,1061,1062]],"type":"Polygon","properties":{"ZCTA5CE20":"78742"}},{"arcs":[[-30,1063,-100]],"type":"Polygon","properties":{"ZCTA5CE20":"78870"}},{"arcs":[[-24,1064,-651]],"type":"Polygon","properties":{"ZCTA5CE20":"78879"}},{"arcs":[[-493,-843,-491,-1045,1065,-807,-504,-1028,-996]],"type":"Polygon","properties":{"ZCTA5CE20":"78113"}},{"arcs":[[-337,-641,-710,1066]],"type":"Polygon","properties":{"ZCTA5CE20":"78883"}},{"arcs":[[-161,-276,-879]],"type":"Polygon","properties":{"ZCTA5CE20":"78931"}},{"arcs":[[-701,-796,-476]],"type":"Polygon","properties":{"ZCTA5CE20":"78932"}},{"arcs":[[-569,-365,-846,1067]],"type":"Polygon","properties":{"ZCTA5CE20":"78122"}},{"arcs":[[-811,-181,1068,-991,-1009,1069,-359,1070]],"type":"Polygon","properties":{"ZCTA5CE20":"78941"}},{"arcs":[[-655,1071,-461,-175,-460,1072,-322,1073,-988]],"type":"Polygon","properties":{"ZCTA5CE20":"78962"}},{"arcs":[[-396,-568,-512,-567,-713,-513]],"type":"Polygon","properties":{"ZCTA5CE20":"78130"}},{"arcs":[[-179,-658,1074]],"type":"Polygon","properties":{"ZCTA5CE20":"78963"}},{"arcs":[[-1068,-847,-799,-1041,1075,-1043,-519,-1042,-570]],"type":"Polygon","properties":{"ZCTA5CE20":"78140"}},{"arcs":[[1076,1077,-200,-1050,-198]],"type":"Polygon","properties":{"ZCTA5CE20":"78142"}},{"arcs":[[-510]],"type":"Polygon","properties":{"ZCTA5CE20":"78145"}},{"arcs":[[-318,-202,1078,-1077,-197,-507]],"type":"Polygon","properties":{"ZCTA5CE20":"78146"}},{"arcs":[[-729,-516,-712,-717,-1057,1079,-963]],"type":"Polygon","properties":{"ZCTA5CE20":"78154"}},{"arcs":[[1080,1081,-992,-392]],"type":"Polygon","properties":{"ZCTA5CE20":"78656"}},{"arcs":[[-440,1082,1083,-35,1084,1085]],"type":"Polygon","properties":{"ZCTA5CE20":"78660"}},{"arcs":[[1086,-147,-810,1087]],"type":"Polygon","properties":{"ZCTA5CE20":"78662"}},{"arcs":[[1088,1089,-1083,-439,1090]],"type":"Polygon","properties":{"ZCTA5CE20":"78664"}},{"arcs":[[-1020,-1030,-774,1091,1092,1093]],"type":"Polygon","properties":{"ZCTA5CE20":"78039"}},{"arcs":[[1094,1095,1096,-1091,-438,1097,1098,-375]],"type":"Polygon","properties":{"ZCTA5CE20":"78681"}},{"arcs":[[-898,1099,-986,-884,1100]],"type":"Polygon","properties":{"ZCTA5CE20":"78701"}},{"arcs":[[-1004,-899,-1101,-883,1101]],"type":"Polygon","properties":{"ZCTA5CE20":"78703"}},{"arcs":[[-170,-981,-1100,-897]],"type":"Polygon","properties":{"ZCTA5CE20":"78712"}},{"arcs":[[-829,1102,-1002,1103,1104,1105]],"type":"Polygon","properties":{"ZCTA5CE20":"78730"}},{"arcs":[[-848,-379,1106,-445,-625]],"type":"Polygon","properties":{"ZCTA5CE20":"78734"}},{"arcs":[[1107,-980,-763,-114,1108,-343]],"type":"Polygon","properties":{"ZCTA5CE20":"78737"}},{"arcs":[[1109,-789,1110,-117]],"type":"Polygon","properties":{"ZCTA5CE20":"78747"}},{"arcs":[[-979,1111,-785,-1110,-116,1112,-761]],"type":"Polygon","properties":{"ZCTA5CE20":"78748"}},{"arcs":[[-1085,-42,1113,-452,1114],[-34]],"type":"Polygon","properties":{"ZCTA5CE20":"78754"}},{"arcs":[[-417,-590,-296,1115,-332,-1067,-709,-797]],"type":"Polygon","properties":{"ZCTA5CE20":"78055"}},{"arcs":[[-1093,1116,1117,-1026,1118]],"type":"Polygon","properties":{"ZCTA5CE20":"78059"}},{"arcs":[[-1098,-437,1119,1120,1121]],"type":"Polygon","properties":{"ZCTA5CE20":"78717"}},{"arcs":[[1122,-1062,1123,1124,-118,-1111,-788]],"type":"Polygon","properties":{"ZCTA5CE20":"78719"}},{"arcs":[[-888,-453,1125,1126,-982,-168]],"type":"Polygon","properties":{"ZCTA5CE20":"78723"}},{"arcs":[[-549,-975,1127,-298,-245]],"type":"Polygon","properties":{"ZCTA5CE20":"78608"}},{"arcs":[[-985,-1063,-1123,-787,-885]],"type":"Polygon","properties":{"ZCTA5CE20":"78741"}},{"arcs":[[1128,1129,-886,-786,-1112,-978]],"type":"Polygon","properties":{"ZCTA5CE20":"78745"}},{"arcs":[[-1104,-1005,-1102,-887,-1130,1130,1131]],"type":"Polygon","properties":{"ZCTA5CE20":"78746"}},{"arcs":[[-349,-148,-1087,1132,1133]],"type":"Polygon","properties":{"ZCTA5CE20":"78612"}},{"arcs":[[[-673,-1016,-643]],[[-1032,-1017,-672]]],"type":"MultiPolygon","properties":{"ZCTA5CE20":"78066"}},{"arcs":[[-104,1134]],"type":"Polygon","properties":{"ZCTA5CE20":"78802"}},{"arcs":[[-1099,-1122,1135,-827,-376]],"type":"Polygon","properties":{"ZCTA5CE20":"78613"}},{"arcs":[[-554,1136,-345,-37]],"type":"Polygon","properties":{"ZCTA5CE20":"78615"}},{"arcs":[[-1058,-859,-826,-487,-593,-874]],"type":"Polygon","properties":{"ZCTA5CE20":"78101"}},{"arcs":[[[1137]],[[-1114,-41,1138,-1126]]],"type":"MultiPolygon","properties":{"ZCTA5CE20":"78724"}},{"arcs":[[1139,-1139,-40,1140,-1060,-984],[-1138]],"type":"Polygon","properties":{"ZCTA5CE20":"78725"}},{"arcs":[[-1120,-443,1141,-790,1142],[1143]],"type":"Polygon","properties":{"ZCTA5CE20":"78729"}},{"arcs":[[-1141,-39,-1134,1144,-1124,-1061]],"type":"Polygon","properties":{"ZCTA5CE20":"78617"}},{"arcs":[[-344,-1109,-122,1145,-79]],"type":"Polygon","properties":{"ZCTA5CE20":"78619"}},{"arcs":[[-82,-398,-109,-428,-254]],"type":"Polygon","properties":{"ZCTA5CE20":"78623"}},{"arcs":[[1146,-864,1147,-1095,-374]],"type":"Polygon","properties":{"ZCTA5CE20":"78628"}},{"arcs":[[-661,-998]],"type":"Polygon","properties":{"ZCTA5CE20":"78012"}},{"arcs":[[-645,-1021,-1094,-1119,-1025,-881,1148]],"type":"Polygon","properties":{"ZCTA5CE20":"78016"}},{"arcs":[[-121,1149,-1081,-391,-80,-1146]],"type":"Polygon","properties":{"ZCTA5CE20":"78640"}},{"arcs":[[-762,-1113,-115]],"type":"Polygon","properties":{"ZCTA5CE20":"78652"}},{"arcs":[[-264,-425,-1023,-666,-634,-582]],"type":"Polygon","properties":{"ZCTA5CE20":"78021"}},{"arcs":[[-564,1150,-1051,-66,-844,-815,1151]],"type":"Polygon","properties":{"ZCTA5CE20":"76832"}},{"arcs":[[[-769]],[[1152]],[[1153,-734,-63,-766,-765,1154]]],"type":"MultiPolygon","properties":{"ZCTA5CE20":"76632"}},{"arcs":[[-528,-84,-60]],"type":"Polygon","properties":{"ZCTA5CE20":"76680"}},{"arcs":[[1156,-142,1157,1158,-867]],"type":"Polygon","properties":{"ZCTA5CE20":"76548"}},{"arcs":[[-186,-630,-281,-93]],"type":"Polygon","properties":{"ZCTA5CE20":"76556"}},{"arcs":[[-748,1159,-1155,-764,-893,1160]],"type":"Polygon","properties":{"ZCTA5CE20":"76524"}},{"arcs":[[1161,-927,1162,-749,-1161,-896,1163,-46,1164,-44,-609]],"type":"Polygon","properties":{"ZCTA5CE20":"76557"}},{"arcs":[[-1156,-928,-1162,-608]],"type":"Polygon","properties":{"ZCTA5CE20":"76561"}},{"arcs":[[-299,-1128,-974,1165,1166,-759,-862,1167]],"type":"Polygon","properties":{"ZCTA5CE20":"76527"}},{"arcs":[[-756,1168,-622,-551,1169]],"type":"Polygon","properties":{"ZCTA5CE20":"76530"}},{"arcs":[[-745,-868,-1159,1170,-1166,-973]],"type":"Polygon","properties":{"ZCTA5CE20":"76542"}},{"arcs":[[-767,-89,1171,1172,-543,1173,-48,1174,-894]],"type":"Polygon","properties":{"ZCTA5CE20":"76501"}},{"arcs":[[[-1164,-895,-1175,-47]],[[-1165,-45]]],"type":"MultiPolygon","properties":{"ZCTA5CE20":"76504"}},{"arcs":[[[-537,-620,-686]],[[-755,-689,-754,1175,-546,-687,-623,-1169]]],"type":"MultiPolygon","properties":{"ZCTA5CE20":"76511"}},{"arcs":[[-812,-1071,-358,1176]],"type":"Polygon","properties":{"ZCTA5CE20":"78959"}},{"arcs":[[-1148,-863,-757,-1170,-550,1177,1178,-1096],[-668]],"type":"Polygon","properties":{"ZCTA5CE20":"78626"}},{"arcs":[[-88,-183,-535,1179,-1172]],"type":"Polygon","properties":{"ZCTA5CE20":"76519"}},{"arcs":[[-12,-1047,-1038]],"type":"Polygon","properties":{"ZCTA5CE20":"77994"}},{"arcs":[[1180,-941,-921,-685,-692,-935]],"type":"Polygon","properties":{"ZCTA5CE20":"78215"}},{"arcs":[[[1181,-871,1182]],[[-930,1183,1184,-782]]],"type":"MultiPolygon","properties":{"ZCTA5CE20":"78220"}},{"arcs":[[1185,-1054,1186,-1117]],"type":"Polygon","properties":{"ZCTA5CE20":"78052"}},{"arcs":[[-69,-1007,-229,-371]],"type":"Polygon","properties":{"ZCTA5CE20":"78609"}},{"arcs":[[1187,-1105,-1132,1188,-447]],"type":"Polygon","properties":{"ZCTA5CE20":"78733"}},{"arcs":[[[-611,1189]],[[1190,-869,-743,-972,-837]]],"type":"MultiPolygon","properties":{"ZCTA5CE20":"76544"}},{"arcs":[[-49,-1174,-542,-139]],"type":"Polygon","properties":{"ZCTA5CE20":"76554"}},{"arcs":[[-866,-136,-1157]],"type":"Polygon","properties":{"ZCTA5CE20":"76559"}},{"arcs":[[-1173,-1180,-534,-544]],"type":"Polygon","properties":{"ZCTA5CE20":"76569"}},{"arcs":[[1191,-674,1192,-733,-1154,-1160,-747,-1163,-926],[-1153]],"type":"Polygon","properties":{"ZCTA5CE20":"76655"}},{"arcs":[[-213,-950,-595,-855,-719,-959]],"type":"Polygon","properties":{"ZCTA5CE20":"78221"}},{"arcs":[[-1029,-920,1193,-892,-724,-967,-224,-771],[-968]],"type":"Polygon","properties":{"ZCTA5CE20":"78227"}},{"arcs":[[-1001,1194,-938,-890,-1194,-919]],"type":"Polygon","properties":{"ZCTA5CE20":"78228"}},{"arcs":[[-563,-248,-1052,-1151]],"type":"Polygon","properties":{"ZCTA5CE20":"76824"}},{"arcs":[[-817,-845,-64,-123]],"type":"Polygon","properties":{"ZCTA5CE20":"76831"}},{"arcs":[[-773,-842,-1055,-1186,-1092]],"type":"Polygon","properties":{"ZCTA5CE20":"78002"}},{"arcs":[[-683,-923,-902,-778,-1059,-872,-1182,1195,-1184,-693]],"type":"Polygon","properties":{"ZCTA5CE20":"78219"}},{"arcs":[[-1070,-1010,-329,-631,-360]],"type":"Polygon","properties":{"ZCTA5CE20":"77984"}},{"arcs":[[-589,-403,-795,-333,-1116,-295]],"type":"Polygon","properties":{"ZCTA5CE20":"78010"}},{"arcs":[[1196,-813,-1177,-357,-385]],"type":"Polygon","properties":{"ZCTA5CE20":"78632"}},{"arcs":[[-555,-1084,-1090,1197,-1178]],"type":"Polygon","properties":{"ZCTA5CE20":"78634"}},{"arcs":[[-1168,-865,-1147,-373,-300]],"type":"Polygon","properties":{"ZCTA5CE20":"78642"}},{"arcs":[[-646,-1149,-880,-421,-857]],"type":"Polygon","properties":{"ZCTA5CE20":"78886"}},{"arcs":[[-458,-1072,-654,-464]],"type":"Polygon","properties":{"ZCTA5CE20":"78938"}},{"arcs":[[-1074,-321,-989]],"type":"Polygon","properties":{"ZCTA5CE20":"78951"}},{"arcs":[[-348,-484,-822,-144]],"type":"Polygon","properties":{"ZCTA5CE20":"78650"}},{"arcs":[[-390,-578,-72]],"type":"Polygon","properties":{"ZCTA5CE20":"78657"}},{"arcs":[[-1179,-1198,-1089,-1097]],"type":"Polygon","properties":{"ZCTA5CE20":"78665"}},{"arcs":[[-1048,1198]],"type":"Polygon","properties":{"ZCTA5CE20":"78141"}},{"arcs":[[-1080,-1056,-964],[-521]],"type":"Polygon","properties":{"ZCTA5CE20":"78148"}},{"arcs":[[-501,-1049,-1199,-309,-506]],"type":"Polygon","properties":{"ZCTA5CE20":"78151"}},{"arcs":[[-1107,-378,-830,-1106,-1188,-446]],"type":"Polygon","properties":{"ZCTA5CE20":"78732"}},{"arcs":[[-449,1199,-976,-1108,-342]],"type":"Polygon","properties":{"ZCTA5CE20":"78736"}},{"arcs":[[-496,-809]],"type":"Polygon","properties":{"ZCTA5CE20":"78144"}},{"arcs":[[[-442,1200,-805,-791,-1142]],[[-1144]]],"type":"MultiPolygon","properties":{"ZCTA5CE20":"78727"}},{"arcs":[[-427,-1037,-599,-256]],"type":"Polygon","properties":{"ZCTA5CE20":"78027"}},{"arcs":[[-616,-876,-557]],"type":"Polygon","properties":{"ZCTA5CE20":"76597"}},{"arcs":[[-201,-1078,-1079]],"type":"Polygon","properties":{"ZCTA5CE20":"78162"}},{"arcs":[[-119,-1125,-1145,-1133,-1088,-814,-1197,-384,1201]],"type":"Polygon","properties":{"ZCTA5CE20":"78616"}},{"arcs":[[-783,-1185,-1196,-1183,-875,-591]],"type":"Polygon","properties":{"ZCTA5CE20":"78222"}},{"arcs":[[-806,-1201,-441,-1086,-1115,-451]],"type":"Polygon","properties":{"ZCTA5CE20":"78753"}},{"arcs":[[-652,-1065,-32,-99]],"type":"Polygon","properties":{"ZCTA5CE20":"78838"}},{"arcs":[[-1171,-1158,-141,-541,-1176,-753,-1167]],"type":"Polygon","properties":{"ZCTA5CE20":"76571"}},{"arcs":[[-621,-479,-346,-1137,-553]],"type":"Polygon","properties":{"ZCTA5CE20":"76578"}},{"arcs":[[-948,1202,-939,-1195,-1000]],"type":"Polygon","properties":{"ZCTA5CE20":"78201"}},{"arcs":[[-1187,-1053,-840,-722,-995,-821,-994,-659,-1022,-1027,-1118]],"type":"Polygon","properties":{"ZCTA5CE20":"78065"}},{"arcs":[[-691,-191,-588,-929,-414,-648,-576]],"type":"Polygon","properties":{"ZCTA5CE20":"78058"}},{"arcs":[[-1082,-1150,-120,-1202,-383,-52,-993]],"type":"Polygon","properties":{"ZCTA5CE20":"78644"}},{"arcs":[[-706,-732,-250,-236]],"type":"Polygon","properties":{"ZCTA5CE20":"78671"}},{"arcs":[[-1127,-1140,-983]],"type":"Polygon","properties":{"ZCTA5CE20":"78721"}},{"arcs":[[-1189,-1131,-1129,-977,-1200,-448]],"type":"Polygon","properties":{"ZCTA5CE20":"78735"}},{"arcs":[[-828,-1136,-1121,-1143,-794,-1003,-1103]],"type":"Polygon","properties":{"ZCTA5CE20":"78750"}},{"arcs":[[-180,-1075,-657,-987,-1069]],"type":"Polygon","properties":{"ZCTA5CE20":"78949"}},{"arcs":[[-1044,-1076,-1040,-1046,-574,-498,-808,-1066]],"type":"Polygon","properties":{"ZCTA5CE20":"78116"}},{"arcs":[[-1014,-150,-1033]],"type":"Polygon","properties":{"ZCTA5CE20":"78256"}},{"arcs":[[-524,-728,-1034,-850,-1035]],"type":"Polygon","properties":{"ZCTA5CE20":"78261"}},{"arcs":[[-947,-952,-942,-1181,-937,-940,-1203]],"type":"Polygon","properties":{"ZCTA5CE20":"78212"}},{"arcs":[[-914,-944,-909,-949,-999,-954,-153]],"type":"Polygon","properties":{"ZCTA5CE20":"78230"}}]}}}