{"type":"Topology","transform":{"scale":[0.0003225274165274166,8.571496299999999e-05],"translate":[-176.696676,-14.37374]},"arcs":[[[296917,500701],[94,-1],[8,3],[11,20],[10,39],[6,11],[9,10],[4,0],[98,-2],[1,36],[6,6],[0,21],[4,0],[1,21],[0,213],[0,42],[0,42]],[[297169,501162],[0,26],[14,0],[0,70],[2,24],[5,26],[21,62],[22,62],[11,12],[0,19],[4,1],[0,-16],[4,-1],[0,10],[2,0],[0,-11],[2,0],[15,2],[23,1],[3,0],[0,14],[4,-13],[7,0],[0,-48],[3,-36],[42,-1]],[[297353,501365],[7,-107],[10,-86],[36,-314],[5,-43],[33,-197],[12,-107],[49,-3],[7,6],[7,-7],[21,1],[8,-3],[2,6],[-3,30],[6,49],[-2,16],[1,30],[3,15],[-2,40],[4,15],[-1,25],[4,15],[-1,30],[6,26],[4,5],[2,21],[6,23],[0,22],[4,23],[10,1],[-3,27],[0,31],[4,28],[6,-2],[3,31],[-1,19],[2,28],[5,30],[0,30],[-7,18],[-2,18],[5,22],[10,10],[-6,20],[-7,-2],[-4,13],[-10,14],[-14,4],[-5,8],[3,-45],[2,-12],[5,11],[1,-10],[-3,-21],[-5,27],[-5,33],[-6,105],[-3,33],[0,50],[-4,11],[2,11],[-4,13],[1,33],[-1,105],[1,18],[-1,38],[3,14],[11,-19],[1,-23],[5,-27],[4,-28],[2,-51],[7,-13],[15,11],[2,23],[0,164],[-1,23],[0,147],[50,-1],[14,-84],[37,-213]],[[297700,501567],[33,-195],[30,-117],[11,-62],[2,-25],[1,-268],[-1,-14],[-26,-391]],[[297750,500495],[-46,-4],[-43,1],[0,-56],[-9,5],[-8,-90],[-4,-77],[-4,3],[-36,1],[-38,3],[1,88],[-103,2],[-1,-18],[1,-266]],[[297460,500087],[-51,-4],[-4,1],[-26,-1],[-3,35],[-1,17],[-1,18],[-1,50],[2,83],[0,22],[-3,27],[-4,0],[0,-26],[-5,-7],[-8,0],[0,-33],[-7,-10],[-2,-11],[0,-31],[-2,-6],[-10,0],[-1,41],[-20,4],[-3,9],[2,20],[-3,15],[-3,31],[-2,4],[-18,-5],[0,-32],[2,-22],[24,-136],[2,-16],[-23,-8],[-26,-1],[-25,5],[-11,-1],[-20,88],[-32,-173],[-6,-37],[-53,-289],[-9,-51],[-3,-10],[-2,-7],[-7,-9],[-4,-1],[-9,3]],[[297084,499633],[-9,5],[-5,1],[-41,0],[-2,1]],[[297027,499640],[1,22],[-4,4],[2,31],[4,-12],[3,15],[4,0],[2,24],[-3,-3],[-1,25],[-3,14],[7,3],[2,15],[-4,-1],[-1,28],[11,16],[0,-18],[4,-3],[7,22],[2,13],[6,-10],[2,9],[5,0],[3,10],[2,-24],[4,0],[0,14],[12,15],[-2,-14],[4,-9],[7,27],[6,2],[-10,59],[1,22],[2,3],[-3,22],[2,21],[-5,14],[-2,31],[-7,5],[2,17],[6,9],[-1,16],[-7,-4],[-6,6],[-1,9],[-7,5],[-5,40],[2,15],[8,6],[3,11],[-1,41],[-3,33],[-7,4],[-5,62],[-2,8],[-14,18],[-10,-2],[-4,-20],[-5,-6],[-7,3],[-4,20],[-6,-11],[-4,7],[-3,-7],[-8,13],[3,13],[-4,12],[0,13],[5,20],[-2,17],[-6,1],[3,26],[-9,18],[-6,-3],[-2,16],[6,6],[-3,12],[-15,-21],[-4,3],[-9,26],[-2,42],[-7,46],[-3,4],[-10,-5],[-3,3],[-10,29],[-6,-24],[-5,16],[-1,21],[-5,-1],[-1,-20],[-5,3],[1,52],[-2,11],[2,19],[11,-5],[4,-13],[5,12],[1,16],[-2,8],[0,3]],[[292107,495126],[5,8],[9,26],[4,6],[8,0],[19,-7],[7,5],[25,1],[14,0],[5,0],[0,8],[6,0],[0,-9],[6,0],[7,0],[7,0],[1,15],[5,0],[0,-15],[9,1],[4,-1],[0,10],[13,-1],[6,-1],[0,-8],[7,0],[2,0],[0,30],[11,3],[0,-34],[17,0],[0,-37]],[[292304,495126],[3,-39],[-1,-52],[-9,-13],[4,-10],[16,-1],[1,-19]],[[292318,494992],[0,-127],[-1,-128]],[[292317,494737],[-26,0],[-5,-1],[-25,0],[-7,-8],[0,8],[-6,0],[0,-17],[0,-45],[5,-22],[-2,0],[-12,66],[-3,10],[-9,8],[0,3],[-18,1],[0,-3],[-12,1],[-13,0],[-3,1],[-23,1],[-32,0],[-17,1],[-2,1]],[[292107,494742],[0,5],[0,10],[6,44],[-3,0],[-1,0],[0,20],[-4,15],[-7,-5],[1,16],[6,-2],[2,21],[-5,1],[0,37],[-4,13],[0,65],[0,18],[3,3],[0,34],[5,0],[1,4],[0,85]],[[293761,493530],[9,4],[4,-22],[3,-7],[12,6],[5,-14],[0,140],[17,0],[53,-106],[5,-16],[2,-25],[0,-87],[0,-13],[-1,-8],[-9,-20],[-6,-17],[-1,-6],[0,-25],[1,-17],[6,-20],[0,-39],[0,-112],[8,5],[21,35],[6,5],[58,0],[34,-8],[58,9],[0,4],[0,4],[-1,10],[1,4],[0,3],[0,39],[-1,49],[-5,8],[-8,1],[-84,3],[0,85],[13,0],[0,-43],[13,0],[0,64],[-13,0],[0,21],[13,0],[-1,86],[-6,0],[0,43],[6,0],[0,22],[-6,0],[-19,-1],[0,43],[0,22],[12,0],[7,0],[6,0],[11,0],[2,43],[12,0],[0,21],[13,0],[0,21],[-13,0],[0,21],[13,0],[0,37],[-4,20],[0,6]],[[294007,493808],[4,0],[2,0],[-4,21],[-4,22],[44,-1],[0,65],[2,29],[-3,4],[-3,34],[1,22],[3,30],[1,22],[-2,18],[2,41],[2,14],[8,13]],[[294060,494142],[2,2],[5,12]],[[294067,494156],[49,-39],[33,101],[15,-77],[6,-53],[3,-9],[1,-7],[0,-10],[7,0],[2,2],[1,0],[1,2],[2,-1],[1,-2],[33,0],[6,0],[0,-85],[8,-5],[-2,-16],[-6,-1],[0,-63],[6,-1],[20,1],[-1,42],[21,1],[-4,-44],[-3,-13],[-7,-10],[-6,-20],[0,-25],[12,0],[1,-16],[13,38],[-1,5],[-1,82],[13,42],[5,-31],[13,11],[5,29]],[[294313,493984],[2,-5],[4,0],[25,83],[1,-4],[1,1],[-6,-19],[1,-2],[0,-17],[0,-43],[-13,1],[0,-22],[-11,0],[-2,-20],[-5,3],[0,-15],[11,0],[0,-18],[7,0],[0,-14],[13,0],[0,-42]],[[294341,493851],[0,-43],[13,0],[1,-171],[-13,0],[-10,0],[0,-45],[2,-45],[-5,-9],[-12,-61],[4,-20],[54,12],[8,-1],[10,-8],[37,-28],[3,1],[24,45],[16,30],[10,1],[2,1]],[[294485,493510],[10,-5],[16,-25],[-1,48],[11,0],[0,58],[2,52],[18,0],[12,-42],[6,-13],[12,-13],[16,2],[-32,143],[56,-249]],[[294611,493466],[-23,-1],[-2,-24],[-10,-21],[-16,-11],[-3,-27],[-12,-39],[57,-211],[6,-21],[55,-70],[4,-12],[1,-6],[9,-157],[3,-21],[-3,-15],[-30,-116],[-1,-9],[-8,8],[-9,-13],[-1,-18],[2,-21],[4,-5],[-8,-10],[-7,-17],[-1,-25],[2,0],[2,-170],[-18,2],[0,-167],[-35,-5],[0,-23],[-25,2],[1,-67],[7,0],[0,-5]],[[294552,492171],[0,-79],[-51,2],[1,120],[-74,8],[0,11],[-14,1],[-11,6],[-1,10],[-2,-5],[-5,1],[-2,11],[-1,7],[-3,3],[-40,-1],[-73,-1],[-40,5],[-6,-1],[2,-9],[1,-13],[3,-12],[1,-15],[5,-29],[7,-22],[-2,-24],[1,-9],[3,2],[2,-2],[1,-7],[1,-6],[2,-13],[-2,-23],[-3,-4],[0,-31],[2,3],[2,0],[1,-4],[0,-8],[1,-4],[-2,-9],[2,-33],[9,-19],[5,-35],[1,-7],[-3,-13],[1,-28],[-1,-13],[-2,-9],[2,-18],[1,-10],[-2,-9],[-1,-34],[5,-10],[2,-38],[-51,1],[-2,0],[-2,21],[-4,22],[-19,65],[15,1],[5,0],[0,-24],[16,0],[0,36],[-15,0],[-1,33],[-5,16],[0,114],[-7,0],[0,-27],[-7,0],[0,26],[-25,1]],[[294173,492039],[-8,107],[-3,65],[-1,52],[-7,-1],[-14,0],[-1,21],[-6,-1],[1,23],[-5,0],[3,-43],[-1,-16],[0,-58],[-4,-12],[20,-3],[0,-19]],[[294147,492154],[-4,-10],[2,-2],[-13,-1],[-4,-8],[-6,-45],[-7,9],[-19,1],[0,72],[-3,6],[-15,87],[-9,10],[-4,11],[-2,21],[0,42],[-2,22],[-8,14],[-19,0],[-24,0],[-16,26],[-24,0]],[[293970,492409],[-25,-2],[-27,1],[-5,3],[-10,21],[-10,10],[-29,-2],[-8,-7],[-21,2],[-17,-2],[-5,-4],[-1,-12],[-18,-2],[2,-12],[2,-107],[-2,-7],[-3,8],[-25,3],[-19,55],[-5,9],[-25,-2],[-22,-5],[5,63],[-6,11],[2,7],[2,39],[4,47],[5,-1],[15,52],[0,17],[3,7],[7,-13],[5,6],[7,21],[48,4],[17,23],[3,6],[3,10],[3,19],[9,14],[1,16],[1,39],[0,134],[1,10],[10,62],[1,9],[0,130],[-1,37],[-48,0],[-16,1],[0,32],[-9,2],[-7,15],[-18,2],[-3,8],[-4,63],[-11,54],[-7,-1],[-8,13],[1,69],[20,68],[23,42],[6,36]],[[297574,493313],[101,-3],[51,-1],[0,14],[0,68],[0,170],[0,246],[0,200],[0,167],[0,2],[1,147],[-1,22]],[[297726,494345],[28,-2],[18,-2],[0,-27],[5,0],[0,27],[21,1],[44,-3],[0,-30],[14,-1],[3,-8],[7,-44],[4,0],[1,0],[9,-2],[1,84],[0,-13],[24,12]],[[297905,494337],[-1,-85],[-5,1],[0,-43],[-7,1],[0,-42],[-6,0],[-5,28],[0,-28],[-1,-10],[-1,-45],[0,-114],[27,-2],[12,-183],[19,-267]],[[297937,493548],[5,-72],[12,-170],[17,-250]],[[297971,493056],[5,-82],[-1,-91]],[[297975,492883],[-95,4],[-2,-1],[0,-85],[-1,-253],[-63,4],[-15,1],[-11,1],[-1,-112],[-17,0],[0,-132],[2,-5],[-105,0],[0,9],[-1,-9],[-50,1],[-3,11],[1,207],[-13,4],[0,102],[15,85],[0,78]],[[297616,492793],[-3,15],[-11,1],[-31,1],[1,213],[-13,2],[0,84],[13,-1],[2,205]],[[291707,503472],[0,10],[3,1],[0,-18],[-3,0],[0,7]],[[295767,506414],[-4,0],[0,8],[-2,-1],[0,14],[6,1],[0,-22]],[[293080,493317],[0,-66],[-15,16],[-2,8]],[[293063,493275],[1,2],[16,40]],[[291014,493176],[17,12],[4,-3],[1,2],[4,1],[7,6],[8,39],[3,-1],[-2,-15],[1,-1],[0,-8],[8,2],[0,6],[2,0],[0,-8],[24,2],[0,6],[13,-1],[0,-21],[5,0]],[[291109,493194],[-7,-43],[1,-38],[-3,-12],[-2,-14],[-6,-57],[-2,-28],[1,-21],[0,-22],[8,0],[-6,-12],[0,-12],[-9,-43],[3,-12],[-4,-23],[0,-30],[-5,-38]],[[291078,492789],[-6,0],[-6,0],[-26,1],[-13,0],[0,-10],[-7,1],[1,9],[-19,1],[-3,-4],[-17,-1]],[[290982,492786],[-7,73],[-1,7],[0,41],[-1,17],[7,45],[7,26],[6,25],[1,6],[5,38],[11,55],[0,3],[4,54]],[[297937,493548],[32,1],[0,11],[30,0],[-1,171],[83,3],[51,23],[13,-1],[-16,129],[-11,49],[5,0],[6,0],[3,-1],[27,-2]],[[298159,493931],[53,-388],[54,-412],[-2,0]],[[298264,493131],[-32,1],[-8,1],[-8,0],[0,-42],[-10,1],[0,42],[-17,0],[-34,2],[0,-42],[-12,-1],[-7,0],[0,28],[-3,15],[-3,0],[-50,1],[-4,-2],[-47,0],[-25,3],[-1,-84],[-24,2],[-8,0]],[[292106,494372],[13,-8],[13,0],[0,-16],[8,-5],[2,-10],[6,-8],[11,0],[3,-15],[2,0],[1,0],[19,0],[17,1],[2,0],[6,0],[26,0]],[[292235,494311],[0,-11],[0,-47],[0,-6],[0,-29],[-1,-10],[1,1],[0,-13],[0,-56],[0,-42]],[[292235,494098],[-13,0],[-13,0],[0,-42],[0,-42],[0,-7]],[[292209,494007],[-3,8],[-4,1],[-1,1],[-8,-9],[-9,9],[-9,0],[0,-10],[-4,6],[-2,5],[-11,-5],[0,9],[-12,-1],[0,-10],[-6,0],[0,-5],[-7,14],[-10,2],[-2,35],[0,6],[-4,3]],[[292117,494066],[10,39],[7,36],[-1,0],[0,0],[-3,-1],[-5,-2],[-20,0],[-2,0]],[[292103,494138],[0,21],[3,-1],[0,12],[-7,12],[0,21],[7,8],[0,15],[-1,0],[1,9],[0,33],[0,43],[0,26],[0,16],[-3,0],[0,20],[3,-1]],[[291408,495059],[1,-1],[12,41],[-1,48],[4,46],[3,63],[18,0],[1,52],[-1,10],[1,25],[7,14],[-1,2],[25,2],[17,-2],[26,0],[0,42],[38,-1],[1,-85],[7,0],[1,-44],[17,0],[0,-59],[-12,-11],[0,-16],[-6,0],[1,-86],[-7,0],[1,-37],[-27,-1],[-2,-6],[64,2],[1,0]],[[291597,495057],[1,-45],[-1,-205]],[[291597,494807],[0,-58],[0,-173],[0,-8]],[[291597,494568],[-18,-14],[-2,-2],[-7,-36],[0,-15],[0,-25],[8,-10],[-8,-78],[-2,-30],[-11,6],[-6,-9],[-5,17],[1,8],[3,31],[0,10],[-1,44],[-5,35],[0,4],[-6,43],[6,32],[2,69],[-1,36],[-13,27],[-17,21],[-4,7],[-2,2],[-11,-18],[-19,-14],[-5,-16]],[[291474,494693],[-5,37],[-3,6],[-2,15],[-3,8],[-6,18],[-5,12],[-4,8],[-7,20],[-23,109]],[[291416,494926],[0,2],[-7,0]],[[291409,494928],[0,9],[-8,80],[2,19],[3,10],[0,3],[1,5],[1,5]],[[290999,493621],[3,-5],[2,0],[48,-2],[7,1]],[[291059,493615],[-9,-76],[-11,-91]],[[291039,493448],[-7,-61],[-1,-8],[-4,-38],[-3,-38]],[[291024,493303],[-40,1],[-5,0]],[[290979,493304],[0,5],[10,166],[6,110],[4,31],[0,5]],[[294529,501578],[-1,35],[13,0],[6,-11],[0,-19],[9,-2],[2,-39],[-2,-24],[-12,5],[-17,0],[2,55]],[[296143,485807],[9,-6],[33,-34],[264,-341],[4,-12],[13,29],[7,1],[69,0],[-1,473],[90,-1],[28,-3],[8,-17],[5,-24],[16,-10],[2,30],[-1,8],[6,26],[-2,16],[2,20],[-16,176],[-3,24],[-4,18],[-2,-4],[0,-18],[-1,-5],[-1,5]],[[296668,486158],[1,20],[5,11],[-7,-5],[5,20],[4,-13],[2,9],[8,4],[2,18],[5,0],[3,-9],[0,-24],[3,-18],[10,-5],[0,-22],[7,-11],[4,21],[5,5],[0,-17],[-8,-28],[-4,-27],[4,-13],[1,-43],[-4,-10],[-1,-16],[3,-2],[2,-31],[-5,-2],[-1,-37],[4,7],[-1,-16],[-4,-8],[4,-9],[-2,-19],[1,-30],[-4,-10],[-3,-36],[5,6],[5,-46],[-4,-15],[3,-19],[-2,-23],[2,-10],[3,23],[-1,-33],[0,-16],[4,9],[10,-40],[-4,0],[4,-38],[5,-2],[14,-18],[7,-21],[7,1],[4,-5],[-1,-34],[-5,19],[-3,-4],[7,-32],[-1,-8],[-6,8],[2,-16],[1,-21],[34,53],[32,1],[1,-162],[3,-9],[17,2],[5,21],[6,7],[6,-3],[-4,-12],[-3,-34],[9,-3],[4,12],[14,-39],[-3,-10],[9,-24],[5,-5],[-3,-6],[-2,-22],[18,-31],[38,-7],[10,-44],[1,11],[-1,5],[-5,27],[-25,123],[-1,14],[5,19],[9,10],[15,59],[-1,11],[2,29],[1,61],[69,0],[91,0],[45,0],[13,0],[13,0],[5,2],[20,0],[7,1],[14,-2],[0,-18],[4,0],[0,18],[3,1],[0,-18],[10,-1],[0,9],[1,10],[5,0],[19,0],[4,0],[0,-18],[6,0],[0,18],[12,2],[6,8],[20,29],[9,17],[6,10],[7,5],[15,8],[44,21],[15,15],[34,46],[5,4],[16,-9],[10,4],[10,21],[7,28],[4,16],[3,7],[53,113],[30,60],[7,18],[30,90],[36,88],[18,36],[23,44]],[[297708,486214],[0,-93],[-3,-1],[1,-510],[1,-67],[0,-450],[302,0]],[[292065,486176],[0,13]],[[292065,486189],[11,-2],[0,-12],[15,0],[6,0],[9,0],[3,5],[8,4],[16,0],[0,-9],[14,0],[4,1],[7,5],[1,-5],[3,5],[6,-5],[20,0],[11,1],[9,-1],[10,0]],[[292218,486176],[-2,-175],[0,-170]],[[292216,485831],[-14,1],[-9,-4],[-13,1],[0,-9],[-12,-4],[-1,-28],[-6,-1],[-14,-24],[-5,1],[-3,2],[2,16],[0,47],[-22,0],[-2,0],[-26,1],[-8,1],[-18,-1]],[[292065,485830],[0,87],[0,87],[0,86],[0,86]],[[291465,487866],[10,11],[2,10],[23,94]],[[291500,487981],[27,-75],[40,-113],[21,-58],[108,-501]],[[291696,487234],[71,-345],[14,-64],[31,-148]],[[291812,486677],[0,-9],[-1,-49],[-32,-111]],[[291779,486508],[-1,13],[-7,24],[-10,41],[-6,21],[-20,77],[-24,91],[-19,73],[-18,68],[-43,207],[-16,114],[-46,218],[-11,48],[-40,129],[-3,8],[-19,48],[-10,26],[-17,44],[-6,33],[2,51],[0,24]],[[294976,502457],[-1,1]],[[294975,502458],[0,2],[0,2],[0,41],[1,1],[0,-12],[7,0],[0,-34],[0,-9],[0,-2],[0,-2],[-7,12]],[[293752,504027],[0,65],[0,23],[65,-3],[1,0]],[[293818,504112],[0,-2],[24,-1],[1,34],[0,8],[10,18],[2,26],[13,-1],[0,18],[0,-10],[4,0],[0,-8],[1,0],[0,-11],[-5,0],[0,-30],[13,0],[-1,-43],[13,-1],[0,21],[13,1],[0,20],[-6,2],[0,40],[6,0],[0,32],[0,3],[1,4],[19,-27],[8,0],[0,13],[1,8],[2,3],[2,-4],[6,8],[12,0],[5,-4],[13,19],[13,23],[0,-12],[10,-37],[8,-57],[5,-23],[9,-29],[8,-14],[10,-6],[28,12],[11,10]],[[294077,504115],[0,-14],[4,-73],[3,4],[7,43],[16,-101],[0,-18],[6,-6],[3,21],[0,27],[14,0],[-5,-28],[2,-14],[0,-12],[0,6],[4,16],[0,16],[22,49],[0,-3],[0,-12],[0,-19],[4,0],[-1,-13],[-3,-5],[0,-67],[12,0],[1,-61],[0,-66],[5,-2],[0,22],[7,0],[0,-12]],[[294178,503793],[-5,-51],[-5,-16],[-7,-55],[-3,-10],[-14,-37],[-6,-38],[-7,-16],[-3,-32],[-4,-5],[-14,17],[-8,-16],[-12,34],[-14,18],[-5,20],[-3,44],[-6,23],[-2,7],[0,44],[2,6],[-4,9],[-10,-19],[-4,-29],[-3,-2],[-7,-7],[-1,1],[-8,-4],[-9,9],[-6,21],[-2,50],[-1,-21],[-11,6],[0,-45],[8,-9],[-4,-25],[-13,-40],[-7,-12],[1,-5],[-2,4],[-5,-37],[-10,-20],[-2,14],[-5,-13],[1,-62],[4,-7],[5,-14],[4,-9],[5,-18],[1,-7],[2,-28],[0,-9],[0,-22],[1,-13],[0,-8],[2,-6],[0,-4],[-3,-1],[3,-7],[0,-9],[2,-29],[1,-13],[-9,-12],[1,-2],[3,3],[1,4],[1,1],[2,-1],[1,1],[4,32],[9,-17],[5,23],[6,-15],[0,-5],[0,-1]],[[294009,503301],[-2,-47],[-2,-5],[28,-1],[0,-37],[0,-2],[0,-4],[-7,0],[0,-43],[7,0],[0,-42],[0,-43],[6,0],[2,21],[0,21],[4,0],[3,-1],[13,-2],[0,-32],[11,-1],[0,-23],[7,1],[3,-11]],[[294082,503050],[3,-1],[0,-93],[0,-13],[9,0],[2,-23],[2,-4],[0,-15],[-38,-2],[0,-35],[-2,0],[2,-25],[5,0],[0,-23],[-5,-26],[-24,0],[-2,25],[4,-78],[0,-5],[2,-37],[20,1],[12,-47],[-12,-3],[-1,-16],[1,-25],[2,-1],[10,-21],[3,19],[9,0],[15,-50],[36,-69],[0,-10],[-64,1],[-9,4],[-3,3],[-7,1],[-1,0],[9,-169],[1,0],[2,-42],[0,-37],[20,-38],[73,-140]],[[294156,502056],[-9,-5],[-2,0],[-2,5],[-1,4],[-3,5],[-2,-1],[-3,-3],[0,33],[-32,8],[-1,0],[-1,-3],[-1,-1],[-2,2],[-2,6],[-3,8],[-2,0],[-2,-18],[-4,-6],[-2,-10],[-4,-9],[-1,-5],[-1,-2],[-1,2],[-1,5],[-2,-1],[5,-22],[6,-24],[-5,16],[-2,11],[-5,-1],[0,-12],[4,-1],[-1,-36],[-14,-11],[-4,-20],[-7,10],[10,19],[0,25],[-8,16],[-15,5],[-2,-17],[-3,0],[0,-53],[-13,1],[0,-86],[-12,0],[-1,0],[0,-23],[-1,-6],[1,-45],[-1,50],[-5,53],[1,23],[0,7],[0,8],[-2,10],[-7,3],[-5,28],[2,36],[-1,22],[-5,40],[1,36],[4,18],[-6,32],[-5,-4],[-9,33],[0,27],[-6,11],[4,10],[1,27],[-5,-2],[3,19],[3,-16],[8,23],[5,22],[6,-10],[1,-34],[4,0],[-1,27],[5,-4],[1,143],[-2,12],[-4,-9],[-3,7],[0,20],[-54,1],[-2,106],[0,21],[-2,83],[0,5],[23,-81],[1,4],[-20,75],[6,-1],[0,126],[3,-1],[13,1],[4,1],[-23,43],[-6,13],[0,48]],[[293930,502928],[5,0],[7,-24],[1,70],[4,0],[8,-1],[13,-1],[0,53],[-12,1],[7,34],[5,-1],[0,20],[-12,0],[-24,1],[2,9],[15,48],[5,16],[-1,29],[-11,-15],[-13,0],[0,22],[13,1],[11,15],[0,19],[11,16],[5,0],[4,12],[3,-11],[-6,-26],[-8,-6],[1,-27],[7,25],[6,21],[2,15],[-1,23],[-1,12],[-1,1],[-5,-5],[-9,-23],[-18,-7],[-9,-10],[-7,14],[-15,-3],[-6,12],[-8,4],[0,33],[-19,1],[0,40],[-12,0],[-16,9],[-9,9],[-20,27],[-12,27],[-9,34],[-21,74],[-9,27],[-19,46]],[[293752,503588],[0,96],[0,43],[0,84],[0,119],[0,2],[0,2],[0,29],[0,64]],[[292049,487136],[30,-2],[16,-1],[15,1],[2,7],[4,8],[2,-10],[9,6],[16,-10],[1,45],[13,-1],[3,-31],[10,10],[0,-22],[16,-1],[9,4],[1,-20],[3,-16],[8,-9],[12,-36],[2,-15],[0,-145],[-1,-42]],[[292220,486856],[-16,1],[1,-62],[-5,-1],[-30,2],[0,-12],[-12,2],[0,11],[-49,3],[-4,0],[-7,0],[-13,0],[-9,0],[-10,1],[0,-5]],[[292066,486796],[-18,-2],[0,7],[-8,0]],[[292040,486801],[0,22],[0,40],[0,24],[0,41],[0,44],[0,85],[0,21],[3,0],[2,42],[-5,-1],[0,8],[3,8],[6,1]],[[292212,508405],[0,92],[34,-2],[-2,39],[23,1],[0,-42],[39,-2],[-1,45],[53,3],[83,0]],[[292441,508539],[0,-97],[-16,-1],[4,-147],[3,0],[0,-85]],[[292432,508209],[-19,4],[-29,45],[-5,-59],[-25,0],[2,-278],[5,0],[0,-21],[-3,0],[0,-216],[-7,1],[2,-22],[5,1],[0,-65],[-13,1],[0,21],[-13,0],[1,-91],[5,5],[1,-17],[0,-146],[68,6],[3,1],[12,20],[11,14],[14,13],[22,24],[9,2],[17,-5],[3,2],[12,29],[7,1],[0,-126],[19,0],[0,-64],[6,1],[0,63],[74,1],[4,0],[0,-86],[4,2],[47,-1],[0,-33],[1,-307],[0,-88],[3,0],[0,-43],[19,-1],[0,-19],[3,-1],[0,-21],[0,-108],[11,0],[21,1],[-10,-39],[-49,-183],[0,-228],[-13,-1],[0,44],[-13,0],[0,-44],[-5,-1],[1,-41],[0,-86],[4,0],[129,2],[0,86],[26,1],[26,1]],[[292825,506160],[0,-43],[1,-43],[25,-1],[19,0],[6,0],[1,-21],[0,-65],[25,-1],[0,-42],[17,-1],[9,-31],[0,-354]],[[292928,505558],[-89,2],[-5,2],[-192,-1]],[[292642,505561],[0,2]],[[292642,505563],[0,37],[-2,34],[-4,33],[-6,16],[-1,28],[-6,2],[-5,11],[-3,-14],[-3,10],[0,15],[-6,0],[0,9],[-5,7],[-8,25],[-7,1],[-1,13],[-4,5],[-3,18],[-3,4],[-2,-10],[-5,19],[-5,5],[-2,14],[-7,15],[-4,20],[-5,-6],[-9,-1],[-12,18]],[[292524,505891],[-8,30],[-13,5],[-4,17],[-10,3],[-4,11],[1,15],[-4,16],[4,15],[-4,9],[-4,23],[2,9],[-8,9],[-7,-18],[-3,9],[-12,7],[-12,-20],[-4,21],[2,25],[-2,7],[-10,12],[-12,21],[-3,14],[-9,-14],[-3,5],[0,17],[-4,-18],[-5,-5],[-4,25],[-8,14],[0,14],[6,8],[2,13],[-9,9],[-2,9],[2,13],[-8,-5],[-3,-11],[-3,6],[2,34],[-5,-2],[-6,-25],[-6,-2],[-4,6],[-6,-21],[-8,-5],[-11,-17],[-6,-4],[-6,18],[2,36],[-3,10],[-10,1],[-6,9],[3,20],[-1,7],[-6,-4],[-8,0],[2,16],[-6,6],[3,9],[-6,7],[-1,29],[-2,8],[-4,-13],[-7,12],[4,20],[-5,6],[-2,-8],[-5,42],[-8,-3],[-2,17],[1,17],[-8,6],[-6,15],[-16,32],[-3,-6],[-5,6],[-9,32],[-4,18],[-2,39],[-6,-11],[-8,-24],[-3,6],[-1,7]],[[292167,506557],[7,26],[-3,6],[2,6],[5,5],[1,6],[0,37],[6,-12],[7,33],[4,33],[-16,-1],[-1,-41],[-14,0],[-4,28],[-6,7],[1,43],[28,0],[0,8],[2,0],[2,-1],[5,-1],[-4,1],[3,14],[1,6],[0,13],[-1,4],[0,23],[5,-1],[1,7],[-11,5],[-10,14],[-11,26],[-3,19],[-6,14],[-4,31],[-3,15],[-6,9],[-4,11],[1,21],[62,-117],[1,49],[1,43],[4,213],[3,42],[1,27],[0,8],[3,63],[2,27],[0,14],[4,70],[4,65],[5,110],[-3,0],[1,52],[2,4],[-6,1],[0,21],[10,0],[3,65],[2,46],[1,36],[0,9],[-11,1],[-1,35],[-13,-1],[0,40],[13,0],[0,25],[14,0],[4,272],[6,139],[-1,23],[-5,0],[-4,53],[-31,-1]],[[297975,492883],[0,-107],[2,-19],[5,-30],[108,-445]],[[298090,492282],[9,-35],[8,-38],[4,-34],[0,-28],[-3,-64],[-4,-217],[-2,-150],[-1,-71]],[[298101,491645],[-1,-64],[0,-65],[0,-41],[7,-141],[5,-92]],[[298112,491242],[7,-122],[7,-114],[4,-64],[0,-24],[41,-492],[5,-55],[3,-24],[11,-82],[4,-30],[-113,3],[-17,0],[-224,6],[-26,1],[2,607],[-2,2],[-96,1],[-2,12],[0,54],[2,37],[-4,1],[0,66],[4,553],[0,41],[1,559],[1,5],[0,40],[2,0],[0,53],[-1,14],[-55,1],[-235,8]],[[297431,492299],[-8,21],[0,88],[0,12],[0,39],[-1,88],[-1,230],[1,28],[139,-8],[22,3],[18,5],[15,-12]],[[297439,499569],[4,0],[1,-12],[-1,-27],[-4,0],[0,39]],[[292181,495613],[-1,-76],[-2,-29]],[[292178,495508],[-1,-19],[2,-23],[-12,2],[-2,16],[1,44],[5,1],[0,85],[10,-1]],[[292161,496510],[1,-16],[2,-31],[13,-102],[3,-30],[2,-23],[-1,-19],[-8,-272],[-9,-1],[1,-42],[-6,0],[0,-37],[2,2],[10,0],[-1,-35],[0,-6],[0,-22],[5,-109],[-7,0],[3,-49]],[[292171,495718],[-10,1],[-10,9],[0,-43],[0,-14],[-37,-1],[-9,0]],[[292105,495670],[-1,0],[0,77],[-22,-27],[1,-17],[-13,-1],[-7,-11],[-6,20],[-6,6],[-1,-40]],[[292050,495677],[-22,0],[-22,0]],[[292006,495677],[0,170],[16,0],[28,0],[1,74],[4,50],[1,1],[7,39],[15,91],[1,6],[0,60],[13,-2],[13,31],[4,0],[7,26],[17,108],[5,31],[22,141],[1,7]],[[294147,492154],[2,-16],[0,-64],[1,-105],[2,-6],[24,1],[2,-3],[-5,78]],[[294552,492171],[2,8],[38,53],[7,4],[9,-5],[2,-13],[1,-35],[2,-4],[116,1],[-2,84],[78,0],[0,-51]],[[294805,492213],[0,-57],[1,-399],[-3,0],[-15,85],[-33,1],[1,-132],[-25,0],[-1,-125],[-25,1],[0,-262],[-10,7],[-2,3],[-1,156],[-23,-6],[-1,18],[-1,61],[-9,-20],[-16,1],[-5,-88],[-19,-1],[-22,-1],[-3,-31],[-1,-31],[2,-23],[4,-25],[3,0],[2,-29],[-3,-17],[0,-25],[4,-27],[4,-34],[2,-65],[4,-20],[2,-25],[11,38],[2,28],[4,6],[7,27],[10,27],[8,17],[47,0],[1,-506],[127,-210],[0,63],[7,-3],[6,13],[8,0],[5,-6],[11,4],[1,-37],[4,0],[2,13],[16,1],[-1,33],[6,34],[2,46],[8,55],[14,-11],[5,-29],[17,-24],[12,-39],[2,-19],[4,29],[6,11],[11,0],[13,-66]],[[294992,490598],[-2,-19],[-1,-38],[-3,-7],[-115,-4],[0,-74],[-5,-22],[0,-37],[-2,-18],[-9,-5],[-3,-17],[-5,-14],[-17,-24],[-13,-45],[-12,-25],[0,-17]],[[294805,490232],[-60,0]],[[294745,490232],[-89,0],[-114,-1],[-132,-1]],[[294410,490230],[-148,-1],[0,120],[-5,-2],[-12,-29],[-14,5],[-9,31],[-2,3],[2,19],[-3,13],[3,7],[-4,14],[2,18],[-3,0],[-4,19],[3,26],[-3,16],[1,15],[-5,16],[3,22],[3,-5],[0,25],[-6,14],[0,23],[5,16],[-4,12],[0,12],[-4,5],[-3,23],[0,13],[1,10],[12,13],[9,45],[-3,21],[5,21],[0,13],[-6,6],[3,9],[-2,16],[4,11],[1,23],[4,18],[0,24],[-3,38],[-3,5],[-8,-2],[-7,-14],[-4,2],[-7,3],[-8,-9],[-8,-182],[-6,-24],[-4,-2],[-89,2],[-25,-23],[-4,7],[-2,37],[2,14],[3,3],[5,19],[-2,40],[-14,0],[-1,-16],[-6,-23],[-18,17],[0,54],[-4,13],[-20,1],[-3,4],[-10,24],[-31,1],[-4,-15],[-1,-33],[-5,-3],[-1,55],[1,61],[-7,7],[-34,4],[-9,28],[-16,-3],[-12,4],[-9,-6],[-13,0],[-17,5],[-10,-17],[-9,9],[-5,18],[-35,73],[-3,9],[-11,51]],[[293754,491146],[-11,43],[-1,48],[2,18],[9,31],[4,24],[3,2],[0,20],[8,0],[23,76],[2,15],[0,628],[-5,18],[90,-14],[3,-2],[9,-25],[7,-10],[10,0],[4,-5],[2,-20],[2,-37],[3,-17],[12,-29],[11,0],[4,5],[1,18],[6,31],[1,13],[5,306],[0,33],[0,44],[1,15],[11,34]],[[295267,500127],[7,27],[2,-8],[4,7],[5,-10],[0,-8],[0,-16],[-12,-2],[-6,10]],[[295143,500729],[57,32],[9,2],[4,0],[21,-8],[9,2],[16,9]],[[295259,500766],[20,11],[4,-3],[8,-12],[1,-2]],[[295292,500760],[-4,-34],[0,-11],[-3,0],[0,-82],[3,0],[0,-2],[-4,-67],[0,-48],[1,-43],[-8,21],[-12,-7],[1,-29],[-6,-17],[0,-32],[10,-13],[0,-45],[1,0],[0,-21],[2,-8],[7,7],[5,-17],[0,-68],[0,-24],[-15,2],[-6,-3],[-7,-18],[-12,-42],[-4,0],[19,-26],[8,-17]],[[295268,500116],[-9,0],[-11,0],[0,-15],[-10,-1],[-3,-16],[0,32],[-25,0],[-23,0],[-55,-1]],[[295132,500115],[0,29],[3,65],[-3,46],[0,29],[-1,128],[0,7],[3,14],[0,2],[5,20],[-5,0],[-3,66],[5,19],[-4,0],[-1,22]],[[295131,500562],[0,124],[-2,1],[-3,21],[-3,6],[20,12],[0,3]],[[294670,510596],[16,-107],[3,-91],[-19,-113],[6,-133],[10,-138],[23,-89],[6,-17]],[[293970,509645],[2,45],[-1,17],[2,51],[5,26],[-2,14],[3,22],[0,32],[-5,26],[-4,43],[2,14],[-4,24],[-2,23],[-3,1],[-6,-35],[-3,-23],[2,-8],[-6,-23],[2,-19],[-3,1],[-7,-21],[1,-14],[-4,-8],[1,-19],[-4,-12],[5,-1],[0,-17],[-1,-15],[-5,-1],[-1,-20],[-15,-19],[1,-7],[-6,-16],[-1,-13],[-3,0],[-1,-11],[-5,-3],[-6,-35],[-6,-12],[1,-41],[-20,-64],[-5,-24],[-1,-19],[-4,-3],[-5,-30],[-14,-38],[-3,1],[-3,-11],[-5,-8],[-3,5],[-6,-5],[-8,-16],[-7,-29],[-3,-5],[-5,-36],[1,-10],[-3,-21],[-1,-32],[3,-8],[1,-21],[-4,-3],[-3,-16],[-3,-38],[-18,-7],[-5,-17],[-9,-18],[-3,-16],[-3,5],[-1,-12],[-4,3],[2,-16],[-2,-25],[-4,-16],[-6,-11],[-2,-12],[-4,-6],[-4,8],[-9,-30],[-4,-2],[-2,-21],[2,-20],[0,-24],[-4,-6],[3,-11],[-5,-22],[4,-5],[-2,-30],[-4,-19],[1,-27],[-6,-4],[0,-11],[-4,7],[0,-18],[-2,-11],[0,-24],[-5,0],[-2,-10],[0,-25],[-5,-22],[-6,-10],[-7,19],[-4,-6],[2,-19],[-3,-16],[-5,-9],[1,-19],[3,-1],[-8,-20],[-10,1],[-1,-23],[2,-12],[4,-2],[-1,-15],[4,-12],[-5,-11],[-15,16],[-8,3],[-11,-4],[-58,22],[69,473],[-11,34],[-2,50],[-9,18],[-8,3],[7,164],[-59,-5]],[[294670,510596],[51,-75],[1,20],[-7,13],[-3,12],[-12,15],[-4,10],[6,43],[7,8],[2,-24],[3,-8],[14,-19],[8,52],[50,188],[23,62],[1,25],[20,7],[12,17],[0,129],[25,1],[11,54],[15,4],[3,-536],[0,-35],[13,-9],[3,-16],[-1,-67],[2,-8],[12,-11],[9,-2],[11,7],[7,0],[-7,-32],[-10,-17],[-10,-40],[-10,-16],[-13,-24],[-8,-26],[-4,-19],[-1,-31],[6,-13],[18,-76],[2,-3],[8,-34],[6,-18],[1,-13]],[[294930,510091],[-215,-183]],[[295792,487316],[30,3],[2,66],[4,94],[1,38],[1,88],[-1,118],[-6,41],[0,24],[-4,14],[3,13],[-1,28],[14,16],[5,12],[-1,9],[1,17],[3,12],[-3,3],[-1,6],[1,6],[3,8],[4,-9],[-7,-8],[3,1],[3,-5],[-6,-16],[0,-7],[2,1],[6,11],[1,14],[0,7],[-1,-25],[-8,-11],[2,-18],[4,6],[5,2],[5,8],[8,3],[8,5],[6,0],[4,-4],[5,-9],[5,-18],[1,-28],[8,-8],[12,0],[0,67]],[[295913,487891],[1,203],[13,-1],[0,87],[13,-1],[2,239],[17,0],[0,97],[27,1],[85,-4],[8,18],[8,7]],[[296087,488537],[0,-12],[-3,6],[-2,-23],[-6,6],[1,-26],[-2,-45],[-4,-11],[1,-23],[5,-14],[7,5],[5,-19],[2,-18],[6,1],[7,-8],[2,-7],[5,13],[1,-12],[4,-1],[6,-29],[10,-9],[3,10],[3,-3],[3,18],[3,-14],[4,-5],[-2,-16],[3,-1],[10,-36],[-1,-34],[4,-22],[7,-17],[5,-26],[1,-17],[4,-2],[-3,-23],[1,-20],[-5,-7],[13,-45],[6,8],[1,-17],[5,-21],[5,5],[7,-16],[4,5],[-1,11],[5,-22],[-3,-17],[3,-5],[4,14],[3,-10],[5,2],[9,-25],[-7,-4],[5,-35],[3,7],[0,-24],[4,-17],[4,18],[2,-12],[3,11],[2,-15],[5,-10],[0,-17],[5,-5],[1,-26],[5,-14],[2,-26],[0,-18],[5,-22],[-2,-26],[-4,-37],[4,-7],[-2,-36],[4,0],[1,-14],[-5,2],[-3,-13],[2,-20],[-3,-36],[-1,-16],[-4,0],[-1,-10],[4,-16],[1,-23],[-5,7],[-1,-9],[2,-6],[7,5],[8,-5],[1,-11],[-4,-8],[4,-20],[5,25],[0,-23],[5,-10],[4,14],[2,-32],[3,27],[3,-14],[6,5],[2,-5],[-6,-14],[10,-26],[7,-3],[5,-13],[-8,-15],[-2,4],[3,-24],[1,-17],[4,-22],[-2,-4],[-2,-26],[10,-25],[5,-4],[-2,-15],[14,0],[-2,-8],[1,-15],[6,-4],[-1,-10],[5,-18],[8,-10],[4,1],[13,-15],[12,3],[6,-25],[4,-24],[7,11],[5,16],[6,2],[-1,15],[6,2],[1,9],[5,-19],[3,2],[4,17],[5,1],[15,20],[-1,-16],[4,1],[4,-12],[4,7],[11,-15],[3,9],[6,-14],[7,1],[8,-22],[5,1],[2,-13],[6,-35],[2,-31],[3,11],[3,-19],[9,1],[2,-9],[8,-1],[5,-17],[4,-2],[0,-15],[-5,-27],[1,-12],[-5,-10],[5,-5],[0,-20],[5,-5],[19,8],[9,-8],[2,-11],[-2,-24],[4,5],[8,-11],[6,3],[-1,-18],[5,-9],[0,-14],[-4,3],[-1,-11],[2,-13],[9,-4],[2,-25],[-6,-46],[-7,-25],[-4,3],[0,10],[8,12],[1,14],[-2,15],[-3,4],[-3,-26],[-11,-14],[-8,7],[-1,-12],[3,-21],[-1,-13],[-11,-27],[-1,-8],[-1,-36],[2,-14],[4,-49],[0,-29],[2,-12],[4,-5],[6,27],[4,-25],[1,16],[3,1],[0,-21],[7,-1],[2,-12],[4,-2],[11,-37],[1,-12],[-3,-17],[-3,13],[-4,-4],[-1,-25],[3,-14],[5,-4],[1,-25],[5,-49],[2,25],[3,-8],[0,-36],[1,-28],[-5,-5],[1,19],[-4,1],[1,-39],[10,-40],[10,-11],[3,-12],[2,4],[0,23],[3,4],[9,-33],[3,0],[-1,20],[10,-54]],[[296143,485807],[-27,43],[-34,43],[-9,13],[-50,217],[-42,209],[-2,12],[-53,196],[-4,20],[-4,27],[-106,-192],[-18,615],[-2,306]],[[294751,494446],[11,0],[0,-42],[13,0],[0,-42],[13,0],[0,-43],[28,0]],[[294816,494319],[-11,-22],[1,-13],[6,-28],[-2,-28],[7,-44],[7,-14],[4,-4],[3,1],[6,5],[2,7],[2,-6],[-1,0],[0,-10],[-7,-3],[0,-27],[6,0],[0,-21],[6,0],[0,-20]],[[294845,494092],[-12,-2],[-6,-5],[-4,4],[0,-16],[2,-14],[1,-32],[0,-2],[-8,0],[0,23],[-4,8],[0,14],[-5,0],[-2,-17],[-19,0],[0,46],[-6,0],[0,-30],[-2,41],[-20,0],[-7,-1],[-1,0]],[[294752,494109],[-1,168],[0,43],[0,3],[0,6],[0,75],[0,42]],[[294753,494256],[10,0],[11,-4],[1,24],[-1,1],[-17,1],[-4,-22]],[[292310,505624],[-6,0],[0,-10],[-7,-1],[0,11],[0,0]],[[292297,505624],[0,20],[-1,7],[-22,104],[7,17],[16,-68],[11,-48],[2,-32]],[[291117,507969],[3,30],[9,33],[7,12],[9,-2],[12,25],[7,-9],[6,3],[5,-10],[4,-25],[7,-8],[7,3],[3,-9],[8,-7],[5,-28],[5,-8],[9,-31],[2,-28],[-2,-22],[3,-13],[0,-17],[7,-15],[5,-26],[5,-3],[6,-15],[0,-28],[31,3],[16,9],[5,-5],[12,2],[10,-6],[29,-2],[15,-12],[19,4],[5,-63],[0,-28],[1,-36],[-1,-12],[-1,-105],[2,-26],[-1,-35],[22,-1],[8,-5],[7,22],[6,1],[1,75],[-3,35],[0,17],[16,61],[1,12],[-12,35],[-11,64],[-2,41],[-3,11],[-8,16],[-12,6],[-9,16],[-17,3],[-17,46],[-11,54],[0,49],[4,31],[0,31],[7,4],[12,-16],[7,-19],[9,-12],[-2,43],[3,53],[4,51],[-8,10],[-4,15],[-12,9],[-9,-8],[-6,-13],[-11,-5],[-6,-35],[-17,9],[-5,-3],[-5,16],[-3,6],[-2,28],[3,21],[3,5],[3,17],[2,49],[-1,20],[8,30],[8,26],[15,19],[6,0],[11,39],[15,15],[7,-4],[1,12],[0,26],[4,36],[-1,11],[6,20],[3,2],[14,-31],[4,3],[13,-16],[11,17],[3,-15],[3,2],[5,-34],[7,13],[5,0],[2,-14],[7,10],[6,29],[7,17],[3,19],[4,0],[5,29],[3,49],[5,20],[3,32],[-4,7],[6,19],[3,45],[6,11],[4,7],[12,-25],[2,14],[12,22],[2,11],[9,14]],[[291558,508811],[7,-1],[5,13],[3,-4],[0,-165],[2,-5],[6,-47],[2,-10],[6,-45],[10,-108],[2,-60],[2,-33],[3,-10]],[[291606,508336],[-11,-12],[-11,-33],[-9,-9],[-2,-19],[0,-54],[-6,3],[-10,-11],[-7,-17],[-10,-2],[-3,21],[-6,3],[-6,-11],[-14,15],[-9,2],[-8,20],[-3,-11],[6,-24],[7,-17],[123,-236],[126,-236],[-9,-14],[2,-5],[-3,-38],[4,-82],[7,-9],[7,2],[23,-33],[5,-16],[7,-12],[5,0],[3,18],[6,44],[4,27],[17,-31],[11,-18],[-3,-14],[4,-17],[20,-116],[-3,-14],[-6,-10],[-6,-17],[-30,-61],[-8,-86],[-8,-34],[0,-23],[-7,-2],[-12,-50],[-9,-33],[-22,-43],[6,-57],[8,-18],[18,-5],[1,-19],[12,-25],[9,-35],[2,-17],[5,-12],[10,-16],[8,-28],[6,-4],[17,-26],[6,-28],[-2,-19],[3,-19],[0,-69],[-5,-5],[-12,-35],[-5,-10],[-13,-18],[1,-29],[-2,-23],[9,-1],[0,-48],[-8,-1],[0,-15],[3,-2],[0,-28],[-6,-29],[-12,5],[-5,16],[-6,4],[-2,24],[-3,-12],[-2,11],[-9,6],[-12,-2],[-8,12],[-8,-16],[-6,-16],[-7,4],[1,-6],[-4,-73],[-17,-11],[-16,-19],[-8,3],[-7,-13],[-16,-17],[-6,1],[-33,-29],[0,-22]],[[291637,506230],[-10,6],[-1,9],[-1,4],[-76,-68],[-22,-20],[2,-6],[-151,-132],[4,0],[-49,-44],[-6,-10],[8,-30],[-8,-27],[4,-52],[-5,-45],[1,-11],[-4,-9],[-3,1],[-3,-17],[-3,15],[-1,-28],[4,-17],[-6,2],[-8,-7]],[[291303,505744],[0,25],[-6,11],[-6,65],[-2,11],[-12,27],[-18,39],[7,31],[-11,-7],[10,42],[4,11],[-4,27]],[[291265,506026],[1,19],[9,13],[13,24],[12,31],[5,2],[3,9],[-3,18],[6,22],[11,4],[9,18],[3,11],[17,0],[3,34],[5,14],[5,28],[14,55],[5,10],[2,11],[12,20],[3,14],[7,0],[5,7],[7,-8],[10,24],[7,-10],[6,3],[5,-4],[2,12],[12,-2],[2,4],[0,37],[-2,0],[0,63],[-5,11],[-8,29],[-9,23],[-10,18],[-10,9],[-4,-2],[-16,11],[-5,12],[-6,1],[-11,15],[-49,-1],[-30,2],[-6,17],[-5,-1],[-10,16],[-1,14],[-7,-10],[-5,-12],[1,-17],[-4,-5],[-17,0]],[[291244,506639],[-4,20],[-23,10],[-18,24],[-19,2],[-17,-4],[-32,-22],[-3,-2],[1,25],[8,6],[9,19],[16,-13],[13,13],[3,37],[24,11],[7,6],[-2,7],[-3,4],[-6,-6],[2,10],[-3,6],[1,-8],[-5,0],[0,-7],[-6,-1],[-6,-12],[8,21],[2,14],[-1,18],[-1,7],[3,-1],[0,-7],[5,2],[0,11],[4,-6],[-3,11],[-3,-3],[-3,5],[1,11],[5,-8],[3,14],[3,0],[7,19],[5,-7],[1,-20],[1,18],[4,-4],[3,3],[-4,0],[-3,8],[-6,10],[-2,-2],[-1,8],[-4,-4],[1,16],[3,13],[3,-3],[-2,-9],[3,4],[4,0],[3,6],[10,3],[-5,4],[-3,-1],[-2,18],[0,18],[-2,0],[2,-33],[-3,-9],[-5,7],[-2,16],[1,18],[-3,-15],[-2,4],[-1,8],[2,23],[-2,4],[2,12],[0,22],[2,0],[1,8],[7,6],[4,-5],[7,7],[2,16],[-6,-15],[-3,-2],[-5,2],[-5,-1],[-3,7],[1,-11],[-3,-12],[-1,-9],[-3,4],[-1,-10],[-3,-5],[4,0],[-3,-16],[-5,-3],[-2,-14],[-3,3],[2,-8],[-3,-8],[3,-5],[-3,-8],[1,-10],[4,9],[-1,-12],[-2,-14],[-7,-8],[-3,5],[2,6],[2,11],[1,11],[-3,6],[0,12],[-3,1],[0,11],[-1,6],[-1,-20],[3,-2],[0,-11],[3,-6],[-2,-11],[-2,1],[-3,-6],[-3,25],[-1,9],[-4,1],[-1,19],[0,18],[-2,-20],[3,-28],[-5,10],[-2,11],[1,-22],[4,-3],[-2,-6],[-5,2],[-5,8],[-1,5],[-1,8],[1,18],[-6,0],[2,13],[-1,24],[-2,16],[3,5],[-4,-5],[1,-16],[-1,-11],[2,-16],[-1,-10],[-7,-3],[3,-9],[-3,-3],[1,-9],[-2,-9],[-6,-2],[-6,12],[-2,6],[1,-13],[3,-2],[-2,-11],[-1,-12],[-4,1],[2,13],[-5,12],[-1,18],[-4,9],[1,15],[-1,9],[-1,-17],[-5,-6],[-6,0],[1,-12],[-9,-25],[-7,9],[-5,14],[1,12],[0,8],[10,3],[-6,13],[5,-3],[2,15],[-5,9],[5,15],[13,20],[6,19],[7,17],[-5,2],[-6,-15],[0,22],[6,14],[4,-4],[4,10],[1,14],[5,4],[5,-8],[5,7],[6,-2],[3,13],[-4,-7],[-11,2],[-3,16],[0,30],[-4,18],[-3,-1],[-1,38],[-5,19],[-6,1],[-8,-11],[-11,33],[13,18],[18,95],[0,10],[3,12],[-1,9],[-2,6],[-1,4],[1,22],[-3,-2],[0,36],[6,9],[-6,-2],[-3,-25],[-4,12],[-9,10],[7,52],[6,-14],[2,31],[-5,3],[1,12],[-4,20],[2,4],[0,25],[-5,-5],[6,11],[5,-4],[1,36],[-4,16],[1,12],[-1,59],[13,-21],[9,10],[3,27],[-2,9],[5,19],[7,0],[-7,2],[-6,-21],[2,-9],[-4,-18],[-6,-12],[-13,22],[2,18],[-6,-5],[2,20],[9,9],[0,16],[7,6],[-7,-2],[-12,-29],[-2,14],[3,14],[-4,-1],[-4,21],[-9,31],[12,15],[-1,11],[3,23],[0,28],[8,15],[0,14]],[[292789,501917],[10,-13],[8,7],[0,13],[5,2],[0,-37],[-2,-12],[-7,-24],[-1,-12],[1,-22],[-3,-34],[2,-20],[5,-18],[9,-9],[10,-42],[6,11],[7,-6],[3,-28],[3,-3],[1,-26],[-4,-10],[-1,-15],[3,-29],[11,-10],[1,-10],[-2,-27],[5,-16],[-1,-19],[7,5],[5,-11],[4,-25],[8,-20],[-1,-35],[5,-32],[0,-28],[13,3],[3,-9],[1,-18],[8,-17],[2,-18],[8,-24]],[[292921,501279],[-10,-22],[-8,0],[0,35],[-11,14],[-10,5],[-11,-24],[-43,0],[-52,-2]],[[292776,501285],[0,65],[-25,104],[-33,252],[-22,1],[-23,-3],[0,178],[28,1],[5,5],[22,52],[10,10],[6,-6],[16,-31],[11,-9],[18,-6],[0,19]],[[292935,501127],[21,89],[6,36],[16,131],[8,3],[24,-23],[10,-8],[68,50],[6,11],[33,21],[4,7],[25,16],[23,16],[2,17],[9,68],[2,0],[27,204],[4,-2],[10,27],[10,69],[3,-1],[0,-212],[13,-1],[0,42],[26,0],[0,42],[-13,10],[-1,3],[0,2],[1,4],[0,103],[0,49],[13,0],[0,43],[12,0],[0,42],[3,0],[0,-14],[10,0],[0,-28],[-12,0],[-1,-11],[13,0],[0,-117],[26,0],[0,-86],[6,0],[0,43],[13,0],[0,20],[6,1],[0,21],[13,0],[0,85],[6,-13],[7,-1],[-3,-29],[15,0],[2,-42],[37,0]],[[293438,501814],[0,-170],[23,-2],[6,-10],[14,-13],[9,44],[0,65],[-13,0],[0,128],[39,-1],[0,43],[13,-1],[2,-20],[10,-23],[0,-45],[-2,-25],[-7,-44],[9,-33],[27,44],[4,10],[3,17],[5,45],[-4,-50],[0,-14],[4,-6],[2,-14],[-6,-17],[-1,-57],[11,-18],[3,-3],[14,-1],[5,9],[9,-4],[1,-49],[-26,-1],[0,-42],[-12,0],[-1,-42],[-6,-1],[0,-41],[9,0],[3,21],[2,8],[5,5],[0,4],[0,-22],[13,0],[-1,-10],[-2,-5],[3,0],[0,-189],[18,-21],[15,-1],[6,-11],[1,-113],[-1,-64],[40,47],[10,8],[48,3],[9,-1]],[[293751,501131],[-1,-110],[0,-228],[-2,-325]],[[293748,500468],[-2,-10],[-6,20],[-9,-14],[-17,-6],[-1,17],[1,14],[12,24],[-6,22],[-5,25],[-6,48],[3,35],[0,35],[-5,32],[2,46],[-1,26],[-6,-23],[-9,-9],[-18,-6],[-7,10],[-11,-44],[7,-27],[7,-1],[5,6],[11,-43],[-4,-20],[-7,-22],[-1,-14],[-5,-27],[-4,-5],[5,-26],[-11,-16],[-8,3],[-13,-4],[-11,-9],[-7,-21],[10,-6],[3,-1],[0,-23],[-4,-51],[-1,-40],[-1,-7],[-4,-53],[-7,-20],[-7,15],[-8,27],[-8,4],[-6,-3],[-14,-33],[-8,-42],[-7,-11],[-7,-26],[-10,-11],[-10,-6],[-11,-32],[-9,-30],[-5,-28],[-4,-16],[-9,-9],[-18,-59],[10,-13],[0,-23],[8,7],[6,-8],[3,-37],[3,-12],[10,-20],[2,-11],[-1,-41],[1,-26],[-3,-29],[-7,-20],[3,-27],[10,-21],[-17,-40],[-18,-4],[-12,17],[-10,-14],[-19,-5],[-7,12],[-1,-795],[-1,-524]],[[293436,498389],[-7,-7],[-7,-40],[-6,-16],[-10,-11],[-7,-18],[-7,1],[-10,11],[1,21],[9,51],[2,22],[3,100],[-1,13],[-5,18],[-4,27],[-7,21],[-20,31],[-13,11],[-19,-7],[-13,16],[-17,8],[-15,-10],[-6,9],[-7,-6],[-8,6],[-8,2],[-9,11],[-1,-10],[-11,9],[-27,88],[-1,14],[0,91],[-7,41],[0,27],[-1,137],[-18,186],[-6,22]],[[293173,499258],[-7,21],[-1,12],[0,89],[-1,27],[38,-77],[6,23],[22,69],[10,33],[4,24],[6,6],[17,-6],[8,-8],[16,-2],[9,12],[5,16],[2,32],[-3,31],[-2,58],[-14,1],[-6,44],[-3,29],[5,36],[0,26],[-12,13],[-6,20],[-19,49],[-11,4],[-18,13],[-8,9],[-13,-4],[-4,5],[-14,45],[-21,25],[-9,5],[-15,0],[-7,0],[-2,-27],[-7,-4],[-5,-2],[-8,22],[-1,11],[14,338],[-14,4],[-24,1],[11,170],[-3,17],[-18,0],[0,47],[-7,0],[0,9],[-6,-10],[0,-26],[-9,-5],[-20,-27],[1,-7],[-3,14],[-6,-1],[0,-26],[-1,-4],[-4,1],[0,-37],[-3,-14],[-2,-13],[-14,-29],[-6,-5],[-8,3],[-8,11],[-5,47],[-3,12],[-1,6],[2,45]],[[292967,500459],[4,3],[0,5],[0,16],[2,7],[2,17],[4,10],[2,0],[1,2],[0,3],[4,3],[0,2],[0,2],[0,3],[0,5],[-4,20],[3,5],[0,3],[1,43],[1,3],[1,-1],[0,-4],[1,-2],[1,1],[0,6],[0,4],[1,1],[2,0],[2,1],[1,1],[0,3],[0,12],[5,7],[2,4],[0,5],[0,9],[-4,20],[-1,1],[-2,-4],[-1,1],[-3,23],[2,12],[0,8],[-1,8],[0,6],[1,4],[1,5],[0,3],[-1,3],[-2,1],[-2,-3],[3,13],[-1,5],[-3,7],[-3,-6],[-2,11],[0,5],[-2,8],[-1,3],[-2,4],[-3,0],[-3,11],[-7,12],[0,14],[2,9],[0,9],[-1,18],[-4,34],[5,19],[3,3],[1,4],[-1,4],[-1,11],[1,4],[4,-1],[5,3],[2,4],[0,5],[-1,6],[1,1],[0,-2],[1,-5],[1,-3],[0,-6],[0,-4],[1,-1],[1,-1],[1,29],[0,5],[-3,2],[1,6],[3,5],[2,7],[3,8],[0,4],[-2,8],[-1,10],[-3,9],[-1,0],[-2,-3],[-2,-2],[-2,0],[-5,1],[-3,0],[-3,-1],[-3,-2],[-3,0],[-18,39],[-4,18],[-6,40]],[[295576,494793],[5,4],[1,26],[2,6],[-1,20],[4,17],[-8,37],[2,31],[-2,24],[1,16],[-3,26],[3,20],[-1,16],[-3,15],[-1,15],[-4,10],[2,23],[4,14],[-2,15],[2,24],[8,21],[6,-19],[22,-15],[1,7],[9,10],[4,-9],[8,22],[-1,41],[0,25],[-2,11],[0,47],[-4,14],[2,28],[5,10],[1,9],[2,-9],[5,0],[-3,10],[-1,8],[-22,614]],[[295617,495977],[2,16]],[[295619,495993],[0,-15],[5,-135],[1,-28],[7,-199],[4,19],[4,7],[9,5],[1,27],[2,14],[1,43],[3,-1],[17,-27],[70,-2],[79,74],[28,-281],[6,-38],[8,-31],[42,-123],[76,-221]],[[295982,495081],[14,-55],[6,-17],[22,-49],[158,-458],[10,-19],[23,-27],[50,-61],[9,-17],[9,-25],[14,-54],[75,-290],[10,-30],[7,-24],[15,-69],[15,-51],[2,4],[-16,52],[-8,35],[-22,138],[-42,362],[32,13],[8,12],[4,-1],[-6,45],[-12,85],[4,-11],[11,-11],[26,4],[15,-1],[18,-8],[8,4],[7,26],[0,11],[7,23],[17,34],[14,3],[4,8],[34,-23],[8,-2],[29,-73],[8,16],[5,34],[15,21],[9,-6],[-6,35],[13,6],[3,-4],[10,-47],[3,-30],[5,-22],[6,-12],[9,-33],[4,4],[9,-33],[8,-22],[2,-12],[16,-49],[13,-17],[11,-63],[48,0],[-4,17],[-1,19],[-5,30],[-15,31],[0,32],[5,22],[1,18],[1,103],[-3,28],[1,38],[91,-1],[5,25],[1,20],[5,9],[5,20],[8,11],[10,27],[4,17],[9,10],[1,22],[9,19],[0,20],[5,43],[-2,19],[4,19],[6,16],[4,21],[17,56],[1,10],[2,55],[11,15],[18,-2],[6,8],[4,13],[3,-27],[-4,-21],[1,-26],[-1,-14],[7,-27],[-2,-22],[3,-14],[11,-17],[5,-40],[4,-10],[-5,-27],[5,-29],[-2,-36],[2,-6],[1,-27],[5,-11],[4,-36],[0,-29],[-5,-22],[-10,-33],[-1,-26],[6,-33],[-1,-30],[-5,-23],[-2,-22],[3,-30],[1,-43],[5,-46],[0,-24],[3,-13],[10,-2],[22,-287],[8,-78],[23,110],[2,206],[7,0],[4,20],[4,0],[2,-17],[7,-3],[33,0],[3,-34]],[[297112,494291],[0,-138],[1,-54],[1,-163],[0,-176],[0,-18],[-1,-27],[2,-1429]],[[297115,492286],[-39,0],[0,-6],[2,-550]],[[297078,491730],[-118,0],[-8,-3],[-3,17],[-16,-31],[-15,-14],[-15,-28],[-28,-34],[4,-19],[-9,-17],[-5,-34],[-140,475],[-3,15],[-10,51],[-9,65],[-2,34],[-5,122],[-3,-2],[-31,-78],[-4,-4],[-17,-322],[-21,2],[-16,22],[1,-25],[18,-158],[7,-23],[-4,-38],[-2,-30],[3,-9],[9,-7],[-1,-65],[-5,-45],[-1,-20],[1,-30],[6,-51],[0,-199],[-155,222]],[[296481,491469],[-333,596],[-6,6],[-44,8],[-1,-13],[-4,0],[0,-11],[1,-43],[-2,32],[-1,19],[-2,-54],[-1,-14],[3,12],[6,-36],[19,-107]],[[296116,491864],[-6,19],[-4,21],[-6,11],[-3,20],[-1,30],[-4,28],[-5,0],[1,37],[-2,36],[-3,15]],[[296083,492081],[-6,45],[-1,20],[-3,-4],[-5,25],[-10,57],[2,4],[-3,19],[6,23],[-15,26],[-8,40],[4,20],[-3,14],[-17,61],[-8,15],[-19,65],[-12,22],[-4,-1],[-10,25],[-11,16],[-1,-17],[-15,36],[-3,-11],[-4,-34],[-6,-14],[-2,10],[1,28],[3,17],[-12,5],[-5,-16],[-11,-17],[2,25],[-7,-14],[-14,7],[-4,10],[-20,21],[-9,3],[-10,18],[-3,26],[-4,18],[0,20],[-25,-2],[-8,3],[-16,23],[-2,15],[-13,18],[2,33],[8,-32],[5,-2],[-1,14],[-18,80],[-7,54],[-1,30],[4,27],[0,16],[-4,57],[-7,42],[-12,54],[-6,43],[-3,37],[1,30],[2,11],[4,40],[1,20],[10,63],[2,65],[0,12],[-12,40],[-6,6],[-4,28],[-7,5],[-3,-6],[4,-16],[2,-24],[-3,-5],[-4,13],[-28,40],[-16,18],[-15,35],[-1,-24],[-9,14],[-7,40],[-6,-2],[-5,18],[-1,19],[5,29],[8,-1],[14,-16],[1,-9],[0,9],[6,63],[0,49],[-3,13],[-9,3],[-7,24],[-3,-9],[-13,10],[-6,10],[4,18],[2,64],[-6,33],[-47,106],[-11,11],[-2,27],[-4,21],[-3,-2],[-10,33],[-4,25],[-7,88],[-2,9],[-2,56],[1,35],[-2,12],[8,46],[4,57],[8,-15],[8,-12],[14,-1],[0,-12],[4,-7],[7,10],[1,15],[-5,9],[3,37],[0,19],[-2,36],[-1,26],[7,6],[5,28],[1,31],[6,15],[9,9],[3,9],[0,11],[-8,3],[6,8],[0,20],[-4,10],[0,25],[-8,-9],[-7,7],[1,-13],[-4,-1],[-2,20],[-2,-2],[-3,32],[-3,-10],[-5,7],[0,12],[4,12]],[[294728,500916],[4,1],[7,-5],[2,-3],[20,10],[0,-29],[4,-1],[1,20],[4,1],[2,-52],[8,0],[0,-14],[5,-1],[0,-58],[-21,0],[-3,14],[0,12],[-10,0],[-8,7],[-4,12],[0,19],[-5,21],[-6,0],[0,46]],[[291024,493303],[-9,-104],[-2,-23],[1,0]],[[290982,492786],[1,-7],[7,-43],[1,-9],[3,-37],[4,-62],[1,-7],[3,-44],[7,-29],[0,-12],[1,-31],[10,-51]],[[291020,492454],[-1,-2],[-3,-2],[-5,1]],[[291011,492451],[-13,79],[0,2],[-1,4],[-14,121],[-2,34],[-6,69],[-4,99],[-1,8],[-1,22],[0,20],[-3,117],[5,99],[5,113],[3,66]],[[292304,495126],[5,0],[1,16],[4,6],[16,-2],[2,11],[12,-12]],[[292344,495145],[-1,-22],[16,7],[1,-91],[-9,-15],[2,-32],[-35,0]],[[291673,491850],[-5,-50],[3,-22],[1,-8],[1,-7],[8,-44],[-1,-9],[-2,-25],[-2,-18],[-1,-7],[0,-7],[0,-8],[-2,-84],[-12,-24],[-1,-4],[-1,-8],[-2,-15],[-4,-25],[0,-2]],[[291653,491483],[-1,-12],[-4,0],[-10,7],[0,-3],[0,8],[-5,-12],[-5,0],[0,5],[-1,-11],[-2,-1],[-9,4],[-9,2],[-4,0],[0,62],[0,17],[0,43],[0,34],[0,2],[0,11],[0,37],[0,11],[0,32],[0,34],[0,8],[0,21],[0,22],[0,11],[0,20],[0,16]],[[291603,491851],[0,5],[8,8],[3,-7],[2,21],[0,53],[8,0],[0,-70],[4,0],[0,-4],[2,6],[28,-2],[12,1],[0,-15],[3,3]],[[292124,489151],[0,-25],[0,-81],[1,-5],[-1,-18],[-12,-1],[4,-19],[-10,-23],[5,11],[1,-10],[12,0],[0,-25],[-4,2],[0,-16],[-6,-4],[-2,0],[0,-76],[-3,-15],[0,-53]],[[292109,488793],[-4,1],[-33,28],[-9,2],[-8,0],[-8,-10],[-6,-18],[-41,-113],[-24,-65],[-6,-3],[-5,-2],[-3,19],[-23,-11],[-7,-5],[-19,-24],[-16,-2]],[[291897,488590],[-1,68],[2,9],[13,-10],[9,-17],[9,16],[12,8],[1,14],[0,8],[-7,0],[-1,26],[-3,8],[-7,0],[-1,27],[4,-1],[1,25],[5,4],[0,36],[8,2],[5,18],[1,31],[24,0],[25,-2],[12,-1],[9,0],[5,0],[1,-4],[3,7],[6,8],[-4,53],[-3,33],[0,29],[0,146],[-2,52],[38,66],[24,38],[13,-5],[0,-43],[7,-1],[0,-43],[6,-1],[0,-23],[-25,-3],[38,-17]],[[297708,486214],[12,26],[18,43],[16,23],[10,22],[10,44],[4,35],[7,97],[1,18],[16,95],[4,18],[51,220],[9,26],[6,10],[95,121],[47,47],[15,14],[6,2],[8,-5],[15,-31],[21,-39]],[[298079,487000],[-2,-3],[-23,46],[-7,-1],[-9,21],[-17,-2],[-50,-46],[-30,-37],[7,-48],[0,-20],[3,-4],[0,-23],[-4,-11],[-1,-40],[-5,3],[-3,-14],[-1,-22],[8,-74],[9,-57],[-2,-7],[-5,-98],[2,-36],[-6,-5],[-8,-16],[-5,-2],[-18,-37],[-1,-173],[1,-129],[6,-19],[10,-20],[1,-7],[31,0],[0,-76],[50,2],[2,-111],[-1,-815],[3,-11],[-5,-15]],[[296072,489024],[2,19],[-4,18],[0,13],[6,4],[4,-13],[10,-2],[5,28],[9,25],[0,11],[5,17],[2,-10],[7,11],[1,17],[-4,-1],[5,12],[-2,11],[5,5],[12,22],[2,-12],[5,-5],[7,7],[8,-5],[4,6],[-4,8],[3,9],[3,-3],[2,12],[-1,27],[2,18],[9,16],[4,-1],[1,5],[-2,21],[3,4],[3,23],[3,4],[0,30],[8,22],[5,-24],[2,15],[10,7],[3,-8],[-5,-4],[-2,-24],[2,-8],[1,17],[12,30],[-2,2],[-4,39],[3,58],[7,28],[2,19],[-2,41],[1,9],[3,3],[1,13],[12,17],[1,23],[2,6],[16,1],[4,7],[-3,9],[4,6],[-2,8],[7,12],[-2,36],[3,11],[-5,24],[4,13],[-8,54],[1,10],[-2,16],[-4,5],[0,20],[5,13],[-2,25],[4,8],[1,47],[2,11],[-1,14],[2,16],[-3,-3],[-2,11],[-1,19],[5,29],[-3,38],[-4,-1],[-2,31],[7,3],[-2,14],[6,23],[-5,-5],[1,13]],[[296268,490194],[57,-2],[1,18],[-1,20],[-7,-3],[-3,4],[-1,19],[1,31],[8,77],[6,73],[10,15],[-1,14],[1,88],[-9,101],[-4,30],[-2,55],[5,14],[4,2],[56,113],[6,22],[86,584]],[[297078,491730],[2,-480],[17,0],[3,1],[1,-398],[0,-189],[0,-216],[1,-265],[19,1],[10,-3],[16,3],[16,-1],[234,11],[2,-266],[1,-720],[84,2],[15,-2],[2,-1],[178,-2],[22,0]],[[297701,489205],[1,-9],[0,-664],[0,-22],[2,-316],[-1,-188],[2,-83],[2,-1120],[1,-589]],[[296087,488537],[-5,19],[-1,13],[4,20],[2,27],[-5,-6],[2,21],[7,4],[2,9],[-4,22],[1,33],[-3,11],[-4,-14],[2,-16],[-5,4],[0,20],[-5,-6],[-4,17],[-6,17],[4,20],[-8,14],[-5,18],[-5,26],[4,4],[1,27],[-1,12],[-7,-1],[-4,6],[1,9],[6,11],[-1,12],[4,-2],[4,-15],[5,-1],[1,7],[-3,24],[3,20],[-5,7],[9,24],[5,7],[8,22],[-1,13],[-4,3],[-1,15],[-3,10]],[[298444,486717],[46,0],[35,117],[0,105],[2,34],[5,0]],[[294960,486664],[0,380]],[[294960,487044],[13,40],[24,2],[6,8],[50,5],[20,-5],[8,-12],[31,-8],[25,0],[1,43],[25,0],[12,3],[13,40],[26,0],[0,-18],[-5,0],[0,-16],[-4,0],[-1,-34],[-41,-17],[-13,-41],[1,-44],[12,-1],[-1,-81],[1,-78],[19,5],[2,61],[11,3],[0,-21],[11,3],[1,43],[7,2],[0,-43],[31,0],[0,43],[-6,0],[0,42],[6,0],[0,42],[-19,0],[0,43],[15,0],[0,39],[-7,6],[-4,21],[0,43],[35,0],[0,-46],[-1,-23],[24,-7],[0,-87],[22,-6],[27,2],[2,-57],[2,19],[7,-1],[4,-9],[8,-2],[-2,52],[0,115],[19,0],[10,22],[4,-7],[1,-5],[-1,-36],[16,-27],[11,9],[13,-12],[5,-18],[7,-6],[0,-19],[-1,-23],[-7,-16],[-2,-27],[-6,-51],[1,-4],[9,-14],[7,-20],[-5,76],[3,20],[10,2],[-1,41],[21,2],[-8,45],[-1,1]],[[295463,487045],[12,6],[1,-8],[14,11],[0,8],[6,3],[7,16],[7,0],[8,21],[13,41],[2,49],[4,13],[3,42],[-2,28],[0,22],[7,20],[3,-6],[2,12],[11,29],[6,9],[6,-3],[4,-13],[5,4],[6,-17],[2,-25],[10,0],[7,-17],[9,-7],[14,6],[5,11],[7,5],[1,7],[8,-9],[19,4],[26,3],[96,6]],[[295370,492695],[3,7],[7,-2],[2,18],[5,2],[7,-37],[-4,-14],[-7,3],[-3,-28],[-6,-2],[-4,28],[0,25]],[[298526,489881],[25,-1],[22,-1],[22,-1],[-2,17],[8,0],[2,-18],[3,0],[-1,12],[10,-1],[0,-11],[13,0],[0,10],[0,22],[23,-2],[-5,38],[1,59],[16,-1]],[[298663,490003],[1,-18],[9,-57],[9,-81],[7,-58],[6,-46],[9,-142],[4,-65],[22,-345]],[[298730,489191],[-1,0]],[[298729,489191],[-61,1],[-3,0],[-3,0],[-12,0]],[[298650,489192],[-8,3],[-42,-1],[-25,1],[-51,-1]],[[298524,489194],[0,173],[1,85],[12,1],[0,43],[-6,-1],[0,44],[-6,0],[0,129],[0,27],[0,15],[1,86],[0,85]],[[296379,501504],[26,1],[94,-1],[224,6],[10,-2],[15,0]],[[296748,501508],[3,-14],[4,-5],[2,17],[2,-31],[10,9],[-1,-13],[3,-8],[6,0],[7,-15],[3,10],[5,30],[2,2],[5,-4],[1,-5],[-1,-15],[1,-10],[3,-2],[0,-37],[5,-11],[1,11],[8,-10],[3,9],[8,4],[3,-6],[2,-24],[9,-11],[2,22],[4,-2],[2,13],[7,-6],[0,-25],[-3,-12],[8,-17],[3,9],[0,-22],[9,-15],[-3,-19],[4,1],[9,-24],[-1,-12],[-4,-4],[4,-21],[-2,-16],[-2,-2],[-2,-29],[-4,11],[2,-15],[-2,-13],[7,-13],[-3,-11],[4,-4],[2,-15],[-1,-15],[5,-1],[3,-19],[3,-2],[1,-26],[4,-7],[-4,-12],[3,-21],[6,-18],[3,6],[6,-24],[2,-20],[5,-14],[0,-20],[7,-18],[-7,-16],[2,-22],[-8,-7],[7,-40],[-6,-11],[0,-34],[4,-5],[-5,-46],[0,-33],[4,-12]],[[297027,499640],[5,-20],[6,-5],[6,-19],[5,-45],[-11,-16],[2,-23],[-3,-10],[-2,-30],[2,-7],[-4,-18],[-3,12],[-6,-10],[4,-12],[-5,-7],[-2,-16],[-6,-4],[3,-20],[6,3],[1,-24],[3,-18],[0,-20],[-5,-3],[7,-13],[-2,-21],[4,-1],[1,-29],[-4,-22],[6,-7],[1,12],[6,-8],[4,-27],[9,-4],[1,-35],[9,-23],[1,-26],[5,-6],[0,-20],[-6,-2],[-4,-29],[3,-16],[-4,-28],[1,-10],[5,-8],[0,-30],[-7,7],[0,-22],[-3,-12],[-5,-6],[0,-9],[5,-50],[-1,-30],[9,-8],[9,-31],[3,-17],[6,-2],[0,-8],[-1,-35],[-6,-15],[1,-10],[4,3],[0,-14],[3,-15],[4,-2],[4,12],[4,-1],[8,-42]],[[297103,498668],[-64,15],[-9,5],[-8,10],[-66,113],[-33,-234],[-4,-37],[0,5],[-42,410],[-97,1],[2,9],[-7,16],[-13,-8],[-2,-17],[-14,0],[-23,-5],[-154,-2],[-51,-6],[-13,4],[-15,110],[-23,1],[-2,8],[-5,-3],[0,-15],[-7,-11],[-9,-2],[-7,5],[-16,-9],[-6,0],[-1,595]],[[296414,499626],[105,5],[106,4],[148,3],[-10,31],[-39,103],[-11,22],[-74,131],[-6,13],[-29,80],[-24,65],[-34,141],[-42,176],[-6,30],[-29,141],[-13,55],[-7,28],[-24,74],[-4,12],[-6,13],[-2,5]],[[296413,500758],[1,1],[0,4],[12,178],[3,6],[4,35],[1,29],[3,19],[2,-5],[5,32],[-3,25],[4,10],[7,-10],[6,-2],[7,43],[4,12],[1,11],[-1,30],[1,16],[0,28],[-3,19],[3,37],[6,29],[-3,24],[2,11],[-27,49],[-55,-3],[0,23],[-2,23],[-9,8],[-3,25],[2,7],[-5,9],[3,23]],[[295148,507186],[6,0]],[[295154,507186],[-2,-22],[3,-12],[11,-13],[17,-1],[10,-28],[6,-3],[8,3],[9,10],[19,5],[7,8],[8,19],[8,3],[5,-4],[10,-19],[12,-10],[6,-30],[1,-48],[7,-47],[1,-18],[-5,-17],[-7,-3],[-7,-23],[-1,-19],[0,-23],[4,-14],[7,-10],[5,-12],[1,-35],[-2,-31],[2,-33],[2,-8],[7,-9],[18,8],[4,-11],[12,-77],[11,-48],[5,-31],[8,-21],[5,-21],[5,-2],[3,13],[6,2],[5,-8],[9,-25],[7,-38],[6,-17],[11,4],[7,-13],[5,-25],[2,-32],[3,-12],[4,-2],[6,17],[8,4],[4,-5],[6,-30],[17,-56],[2,-11],[-1,-35],[-2,-17],[1,-12],[6,13],[4,2],[3,5],[-1,59],[2,41],[-2,23],[-5,15],[2,12],[1,28],[-7,46],[-7,18],[0,39],[3,10],[7,7],[1,11],[15,1],[10,5],[11,-3],[5,-6],[9,19],[4,-1],[2,18],[-2,18],[4,-4],[1,21],[-12,16],[0,8],[-5,12],[1,25],[-6,0],[-6,54],[-11,12],[-11,41],[-1,29],[-5,13],[56,4],[0,-12],[31,-18],[0,44],[-1,220],[-1,148],[2,48],[14,-8],[16,-8],[0,63],[17,-7],[20,-68],[1,-5],[2,1]],[[295650,507250],[7,-12],[3,-14],[0,-19],[5,-20],[3,-11],[25,-106],[7,-18],[11,-28],[15,-52],[6,-23],[28,-85],[3,-17],[1,-14],[1,-54],[0,-10],[1,-6],[-1,-5],[0,-20],[0,-19],[2,-9],[-2,-3],[0,-13],[0,-7],[0,-24],[1,-22],[0,-9],[2,1],[-1,-6],[1,-7],[-2,0],[0,-42],[2,0],[-2,-26],[7,-6],[0,-21],[-7,-1],[7,-32],[-6,-11],[8,0],[0,-32],[5,0],[0,-33],[-13,0]],[[295767,506414],[1,-32],[6,-10],[-6,0],[1,-21],[-1,-21],[6,0],[1,-21],[-5,0],[2,-32],[-3,0],[1,-10],[5,0],[1,-62],[-7,-10],[7,-11],[-7,0],[0,-11],[1,-16],[4,0],[1,-17],[-5,0],[0,-22],[0,-11],[0,-10],[1,-22],[3,-22],[2,0],[0,-21],[0,-21],[-5,-1],[0,-20],[0,-27],[0,-21],[1,-12],[5,-5],[2,-10],[0,-42],[1,-10],[1,-20],[16,5],[-8,-7],[0,-85],[-4,0],[-1,21],[-3,0],[1,-56]],[[295782,505721],[-2,4],[-5,-13],[-3,0],[0,21],[-26,-1],[0,25],[-16,-1],[0,-26],[-19,-1],[0,-27],[-16,-3],[0,30],[-16,-1],[-1,57],[-7,49],[-5,1],[-2,-24],[-7,-9],[0,-49],[-3,-11],[1,-18],[-2,-33],[-6,-18],[1,16],[-14,45],[4,-35],[-5,-4],[-5,-24],[-5,-42],[6,-37],[-1,-27],[-4,-25],[2,-50],[9,-45],[1,-20],[6,-28],[4,-35],[-8,-47],[-4,-4],[-7,19],[-3,-11]],[[295624,505319],[-10,-6],[-5,5],[-3,19],[1,15],[5,21],[2,23],[-6,11],[-8,-28],[-5,-4],[0,16],[14,30],[2,14],[-5,18],[-12,0],[-3,7],[1,23],[4,6],[0,20],[-2,5],[-7,9],[-6,-16],[-14,-4],[-8,29],[1,11],[7,7],[-5,2],[-93,0],[-1,-89],[-26,2],[-2,41],[-27,3],[9,43],[-86,0],[1,169],[-6,0],[-7,0],[-33,-2],[-7,-11],[-5,-4],[-6,-7],[-6,5],[-4,12],[-15,65],[-4,28],[-2,39],[-2,31],[-3,46],[-5,-4]],[[295232,505919],[0,57],[-1,15],[-1,79],[57,-3],[-1,94],[-8,28],[-6,4],[5,39],[5,83],[3,80],[1,31],[5,35],[-12,48],[-6,20],[-1,20],[-3,20],[5,11],[6,24],[2,18],[-10,66],[-4,10],[-2,29],[4,37],[0,20],[5,36],[5,-6],[3,18],[-4,39],[1,9],[-2,29],[1,29],[7,21],[11,13],[2,17],[-8,33],[-2,34],[-2,50],[-2,9],[-2,5],[-14,11],[-12,22],[-5,-3],[-3,-9],[12,-4],[1,-13],[-6,-1],[-8,7],[-6,-11],[-20,-2],[-21,-16],[-6,2],[-6,10],[-5,19],[-6,4],[-6,-5],[-8,4],[-14,15],[-2,36]],[[296148,505748],[-9,-65],[-16,-14],[0,-61],[-5,-11],[-26,-1],[-49,1],[-2,3],[0,18],[-6,0],[0,-16],[-7,-5],[-5,-19],[2,-16],[4,-12],[0,-17],[-1,-8],[0,-12],[0,-86],[-5,0],[-21,0]],[[296002,505427],[0,41],[-16,0],[1,-43],[-11,2],[-1,41],[-12,2],[0,61],[-6,2],[0,18],[-7,0],[0,43],[-13,-1],[0,-24],[0,-18],[-23,1]],[[295914,505552],[7,78],[15,182],[2,18],[1,14],[4,46],[11,125],[4,53],[7,57],[25,102],[6,-1],[11,6],[1,-62],[12,1],[0,21],[20,1],[0,54],[19,7],[16,16],[15,29],[2,-56],[2,-78],[2,-23],[7,-46],[4,-70],[13,-41],[5,-27],[6,-48],[-1,-68],[1,-16],[3,-37],[14,-41]],[[294468,496580],[22,40],[42,67],[61,112],[6,13],[9,21],[85,236]],[[294693,497069],[1,-2]],[[294694,497067],[-32,-90],[-16,-48],[0,-58],[24,0],[1,-25],[0,-61],[1,-363],[1,-7],[-2,-9],[0,-24],[0,-19],[0,-85],[0,-203],[7,-17],[4,-32],[30,1],[0,2],[-2,5],[-11,17],[13,1],[0,17],[1,21],[10,0],[6,-21],[3,-43],[-1,22],[0,64],[13,-11],[6,10],[0,-23],[0,-40],[7,-1],[0,22],[3,-1],[8,0],[0,35],[8,-12],[0,19],[14,0],[-1,42],[3,0],[4,-6],[5,-8],[20,-5],[-6,-26],[-6,-38],[-3,-44],[-1,0],[-3,0],[0,-20],[0,-31],[1,-12],[0,-21],[5,0],[3,84],[1,22],[1,5],[0,15],[3,0],[1,0],[8,0],[2,0],[0,-41],[17,-1],[6,16],[3,-16],[25,-1],[0,-83],[26,0],[0,84],[13,0],[0,-39],[1,-4],[24,2],[7,-22],[3,5],[8,-13],[12,-7],[8,7],[1,-59],[47,-2],[4,20]],[[295032,495913],[5,-22],[2,-29],[4,-24],[0,-18],[6,-39],[6,-23],[14,-15],[3,-11],[7,-15],[4,-1],[3,2],[1,-7],[3,-4],[2,5],[-2,6],[3,13],[2,-4],[-2,-7],[0,-9],[2,-5],[4,6],[3,-13],[-5,-15],[-2,-3],[3,-20],[8,-3],[4,-20],[0,-38],[5,-8],[-6,-16],[2,-55],[-2,-7],[-21,0],[6,-15],[2,-18],[0,-4],[0,-51],[-4,-37],[0,-13],[0,-12],[5,-42],[-8,-12],[-5,-2],[0,-15],[5,-27],[4,-9],[-2,-25],[-1,-26],[5,-26],[0,-30],[6,-10],[6,-72],[4,-35],[-5,-34],[-5,-19],[-17,-7],[4,-11],[3,-24],[0,-36],[-2,-2],[-3,-30],[1,-9],[-2,-43],[-3,-43],[2,-7],[-5,-29],[15,-19],[18,-46],[4,-5],[30,0],[10,0],[20,1],[46,1],[0,173],[46,1],[0,107],[19,0]],[[295287,494952],[-5,-9],[2,-4],[-1,-58],[4,-37],[-1,-20],[10,-15],[10,-40],[2,-13],[11,-23],[10,11],[7,0],[8,8],[9,-38],[5,-46],[10,-50],[10,-17],[2,-25],[1,32],[4,-53],[6,-37],[1,-16],[-3,-1],[-10,-19],[-6,-16],[-19,-22],[-8,-21],[-15,-84],[3,-11],[-13,-61],[-3,4],[-1,-15],[-5,-3],[0,-27],[-3,-16],[-4,-5],[1,-50],[4,-46],[-2,-6],[4,-31],[4,-11],[0,-27],[-3,-41],[-2,-1],[-3,-3],[-1,-3],[-1,-5],[0,-5],[-4,1],[-5,-30],[-4,-8],[-5,-28],[-5,-12],[-9,-3],[-14,-39],[-5,6],[-12,35],[-18,14],[-8,17],[-6,-6],[-4,-16],[-13,3],[-4,7],[-5,-17],[-3,6],[0,16],[-6,4],[-5,-20],[-4,1],[-2,2],[-5,19],[4,58],[-2,39],[-2,14],[-9,8],[-9,23],[-5,7],[-9,29],[-10,55],[-2,29],[-6,47],[-6,24],[-3,20],[2,8],[-16,34],[-2,8],[4,-1],[-1,26],[3,9],[2,45],[-6,13],[0,25],[1,64],[1,13],[-2,11],[-1,2],[-2,1],[-4,-3],[-2,1],[0,3],[1,2],[0,2],[-2,-6],[-2,0],[0,-3],[-3,-1],[-5,-6],[-1,-18],[0,-63],[2,-10],[-1,-3],[-8,0],[-5,0],[-2,21],[-11,-1],[0,36],[-25,1],[0,46],[-13,1],[1,43],[0,43],[-30,0],[-2,43],[-7,-1],[-13,-1],[1,-151],[-13,-1],[0,11],[-25,1]],[[294915,494525],[0,30],[-13,0],[-6,0],[0,-22],[-5,0],[-2,43],[7,0],[-1,22],[7,0],[-1,106],[0,44],[-13,-1],[-12,0],[0,-53],[-6,12],[0,40],[-7,0],[-25,0],[0,21],[-13,0],[0,21],[-13,0],[0,42],[-27,1]],[[294785,494831],[-1,18],[11,2],[2,14],[3,-13],[0,63],[-14,1],[1,7],[0,35],[13,0],[0,44],[-4,0],[-9,0],[-48,1],[5,-53],[-1,-15]],[[294743,494935],[-3,0],[0,34],[-6,47],[-1,28],[-21,18],[-9,24],[-7,4],[1,-26],[7,-14],[-5,-35],[-5,-13],[0,-2],[-2,1],[-1,-2],[-1,1],[-1,2],[-1,27],[3,30],[-11,32],[2,56],[1,2],[-1,0],[-6,23],[11,-1],[2,28],[7,11],[1,6],[0,46],[0,2],[-2,34],[-1,25],[2,61],[-9,6],[6,28],[-3,13],[-18,19],[-2,11],[-4,20],[-8,-9],[-13,21],[-5,25],[2,25],[3,6],[-15,-3],[-7,-41],[-6,0],[-8,-14],[-2,-3],[0,27],[-38,-1],[0,75],[-3,-3]],[[294566,495586],[0,15],[-9,-7],[1,-1],[-1,-1],[-1,-1],[-1,3],[-2,2],[-10,-9],[1,98],[-13,-1],[0,43],[-8,0],[1,42],[7,0],[13,0],[0,32],[-7,0],[-1,55],[-5,-1],[0,41],[-12,1],[-1,298],[-48,-2],[1,90],[-8,-16],[-3,0],[-12,16],[-21,6],[-2,22],[-23,168]],[[294402,496479],[0,3],[66,98]],[[291597,494807],[28,3],[16,0],[2,1],[16,0],[62,4],[17,1],[13,1],[18,1],[22,1],[10,1],[24,1]],[[291825,494821],[1,-12],[-3,-19]],[[291823,494790],[-12,-77],[-2,-12],[-3,-2],[-5,-5],[0,-1],[-2,-2],[-14,-13],[-1,2],[-22,-24],[-26,-69],[-9,-37],[1,-2],[-3,-13],[-1,-53],[0,-6],[-1,2],[-4,-18],[-2,-47],[-3,-11],[-5,-9]],[[291709,494393],[0,2],[-7,-13],[-16,-60],[-5,5],[-3,31],[-4,4],[-12,11],[-10,14],[-17,38],[-9,46],[0,4],[-4,74],[0,3],[-5,2],[-6,1],[-9,2],[-5,11]],[[297531,499053],[5,-64],[3,-30],[8,-100],[10,-117],[19,-171],[6,-57]],[[297582,498514],[2,-8],[7,-72]],[[297591,498434],[-49,-1],[-35,-1],[-39,-1]],[[297468,498431],[0,30],[0,44],[0,12],[-2,6],[-7,-6],[0,27],[8,16],[-16,-1],[-3,0],[-4,75],[-1,10],[-2,40],[15,0],[-29,2],[-2,21],[-8,0],[0,107],[20,1],[6,-4],[2,0],[4,-6],[0,-29],[6,-3],[13,4],[-5,16],[5,0],[0,19],[0,74],[-1,13],[0,15],[-1,8],[2,2],[0,14],[0,47],[-1,5],[-2,24],[3,8],[6,3],[14,7],[10,6],[33,15]],[[291452,488299],[73,-1]],[[291525,488298],[-3,-63],[-2,-11],[-7,12],[-7,-50],[7,-12],[-5,-36],[-11,18],[-1,-28],[1,-10],[-6,-2],[-9,7],[-9,21],[-3,19],[-6,-2],[-3,-1]],[[291461,488160],[-4,67],[-4,51],[-1,21]],[[295429,492693],[5,27],[9,0],[4,-18],[-1,-47],[-8,-20],[-7,1],[-7,25],[5,32]],[[297797,497527],[127,3],[10,0]],[[297934,497530],[4,-188],[1,-39],[16,-358],[4,-108]],[[297959,496837],[-3,2],[-27,0],[-36,-1],[-3,-2],[-4,-4],[-2,-1],[-18,-15],[-21,-19]],[[297845,496797],[-3,39],[-39,389],[-3,174],[-3,128]],[[292735,491676],[21,1],[5,-9],[9,-56],[6,-14],[6,-8],[15,-1]],[[292797,491589],[-7,-41],[-18,-2],[-37,1],[0,129]],[[291606,508336],[1,-19],[6,0],[16,-14],[-3,-26],[5,-105],[-3,-33],[1,-14],[8,-26],[3,11],[95,285],[13,28],[11,12],[43,20],[12,9],[12,17],[9,21],[7,26],[108,0],[22,0],[0,-128],[25,0],[0,44],[64,-1],[0,52],[8,1],[0,33],[76,3],[-1,-18],[7,0],[0,-25],[7,0],[0,-43],[33,0],[0,-40],[21,-1]],[[292167,506557],[-7,26],[-4,-2],[-2,-12],[-5,-3],[-8,23],[-1,13],[2,18],[-12,0],[-4,16],[-2,-4],[-10,3],[-5,-14],[-5,3],[-9,-1],[-2,-15],[5,-21],[-8,1],[-4,-13],[-10,-13],[-3,-22],[-10,-30],[-6,1],[-1,-8],[-7,6],[-10,-28],[-9,-22],[-3,6],[4,29],[-3,12],[-7,-2],[1,23],[-4,-1],[-13,13],[1,-22],[-6,-13],[-6,-17],[-8,3],[0,20],[-3,2],[-3,-15],[-2,10],[3,9],[-3,10],[-6,-7],[-8,13],[-3,-6],[-2,-24],[-9,-2],[3,19],[-2,24],[-3,3],[-5,-6],[1,-16],[-4,-8],[-12,-1],[-3,6],[-9,-10],[-13,-30],[-2,-16],[-19,-50],[-4,5],[-1,13],[-12,-5],[-5,14],[-7,-13]],[[291853,506429],[-21,-28],[-1,-15],[-5,-23],[-6,-12],[-16,-2],[-21,8],[-15,16],[-5,-2],[-9,-22],[-7,-45],[-4,-33],[-1,-32],[4,-25],[-5,-34],[-4,-13],[-12,-22],[-16,-14],[-9,10],[-9,2],[-8,26],[-6,0],[-9,16],[-8,-4],[-2,5],[-6,29],[-8,-4],[-3,20],[-4,-1]],[[293522,508110],[117,2],[-6,17],[-2,35],[10,11],[18,-32],[21,-9],[9,-36],[78,-154],[22,-14],[14,-29],[36,-84],[16,-1],[21,-10],[20,12],[13,-1],[12,42],[8,36],[6,42],[5,44],[2,48],[-2,51],[1,17],[1,-4],[7,0],[0,-23],[19,2],[5,-7],[1,7],[13,2],[-1,6],[6,-1],[1,-93],[63,-153],[6,-4],[3,9],[-5,14],[3,20],[-7,28],[1,7],[6,-5],[-2,-17],[9,-2],[4,18],[-4,16],[1,9],[15,3],[0,-7],[2,0],[-1,8],[3,8],[6,0],[2,18],[-6,8],[4,1],[4,18],[8,3],[7,35],[1,19],[-7,5],[-1,16],[7,18],[38,2]],[[294153,508081],[-1,-32],[37,-168],[0,-239],[-25,-103],[-1,-8],[-77,-183],[1,-8],[17,-68],[2,-3],[54,0],[28,-1]],[[294188,507268],[1,-248],[-1,-27],[0,-15],[1,-19],[-1,-21],[1,-16],[1,-113],[9,-34],[1,-208],[-17,-42],[-3,-5],[-25,0],[-6,-4],[-29,-56],[8,-34],[8,-101],[1,-42],[-15,-11],[0,-33],[2,0],[4,-40],[0,-55],[-1,-61],[-40,15],[-5,-37],[12,-41],[10,-47],[-15,54]],[[294089,506027],[-10,38],[-52,2],[0,21],[-13,0],[0,-21],[-32,0],[0,21],[-16,0],[-6,5],[-2,3],[0,21],[-2,0],[0,29],[0,139],[13,-1],[0,43],[12,-1],[0,36],[-13,2],[-1,211],[-60,-1],[-2,-114],[-6,-2],[-13,-21],[5,-35],[1,-60],[-14,1],[-1,12],[-3,23],[-26,-29],[-14,-26]],[[293834,506323],[-11,-25]],[[293823,506298],[-13,-32],[-10,-36],[-10,-90],[-13,-80],[-9,-35]],[[293768,506025],[-9,0],[-3,27],[-5,1],[-11,-6],[-4,14],[-7,-6],[-2,24],[-8,-16],[1,10],[-6,20],[-1,15],[3,27],[-6,-1],[-1,17],[7,-3],[1,12],[-3,26],[-9,0],[-4,26],[-1,54],[-2,11],[-11,42],[-1,13],[-1,13],[-2,1],[-2,19],[-19,1]],[[293662,506366],[0,38],[13,6],[23,-2],[1,48],[-2,-5],[-11,-1],[0,35],[18,-3],[3,-12],[8,-12],[6,4],[3,11],[0,9],[1,14],[6,-1],[-3,3],[2,21],[9,7],[1,30],[2,6],[-4,3],[-14,-7],[-10,12],[6,3],[-1,20],[-5,-7],[-4,23],[1,28],[-7,3],[-5,53],[-5,14],[10,8],[4,-13]],[[293708,506702],[10,-13],[5,3],[13,37],[4,-22],[3,6],[0,16],[7,-1],[0,-20],[13,5],[-1,61],[-10,27],[3,20],[0,28],[6,8],[2,0],[0,62],[90,3],[1,84],[51,-2],[0,46],[-3,28],[-4,25],[-6,15],[-4,27],[-17,-21],[-3,17],[-7,6],[0,-20],[-5,6],[-5,26],[-2,-8],[-3,11],[-3,-10],[-4,2],[-8,13],[-1,15],[-3,-7],[-2,13],[-4,-4],[0,16],[-7,-18],[-5,25],[1,22],[5,9],[-5,12],[1,32],[-3,4],[-1,21],[-13,17],[-2,15],[3,7],[-2,16],[0,23],[-4,10],[-3,-13],[-3,20],[-4,-1],[-8,23],[-2,16],[-5,15],[4,29],[-5,14],[1,15],[-3,12],[1,25],[-5,30],[2,43],[-4,22],[-10,12],[-4,15],[-5,25],[-5,18],[-11,13],[-4,23],[-8,7],[-7,33],[-11,-2],[-4,8],[-8,5],[-5,22],[-6,2],[-5,11],[-1,17],[-2,-7],[-2,-47],[-2,-15],[-7,-13],[-39,-176],[2,-23],[5,-32],[13,-31],[11,-44],[-3,-16],[8,7],[1,-17],[-3,-10],[-19,4],[-6,1],[-5,28],[-6,24],[-23,60],[-7,34],[4,10],[10,-6],[0,29],[-2,14],[-8,4],[2,16],[-10,38],[-18,0],[-9,-27],[-3,-5],[-5,32],[-7,3],[1,86],[-2,14],[-5,75],[0,28],[-7,7],[0,23],[-9,19],[-1,9],[17,72],[-1,17],[-2,52],[0,19]],[[294636,504662],[3,23],[18,51],[10,14],[13,20],[14,7],[21,-8],[12,34],[11,-5],[4,1],[1,87],[9,-2],[7,5],[2,24],[5,19],[12,5],[7,-9],[32,0],[0,58],[8,-9],[40,7],[4,5],[10,17],[6,3],[16,-2],[6,20],[-3,45],[2,20],[9,8],[11,23],[12,12],[7,-4],[8,2],[15,34],[10,1],[11,-3],[4,-5],[-5,29],[0,15],[8,41],[-1,7]],[[294995,505252],[3,44],[9,42],[2,43],[2,10],[3,-3],[62,13],[16,-2],[3,13],[15,-1],[19,26],[29,9],[25,44],[-11,-6],[-9,-15],[-4,6],[0,122],[4,-22],[6,15],[9,12],[5,29],[-1,12],[-7,-9],[-7,11],[-6,24],[13,-13],[6,7],[0,9],[-5,34],[-5,54],[6,22],[10,7],[8,-20],[3,1],[4,10],[-1,21],[8,32],[9,16],[4,36],[4,13],[-1,15],[7,6]],[[295624,505319],[-2,-16],[-9,-17],[6,-32],[0,-15],[-9,-15],[-3,-19],[1,-17],[5,-23],[2,-39]],[[295615,505126],[2,-29],[-6,3],[-11,-47],[-6,-34],[0,-9],[8,-19],[1,-12],[-8,-22],[-3,-23],[8,-34],[-1,-39],[4,-18],[8,-5],[4,-20],[-9,-1],[3,-18],[-1,-29],[-2,-29],[-5,-35],[-5,2],[-9,29],[-9,6],[-5,-30],[1,-35],[2,-22],[7,-36],[-3,-8],[-7,11],[-2,-9]],[[295571,504614],[2,-66],[-7,-8],[-4,-27],[-8,-20],[-5,11],[-5,-39]],[[295544,504465],[-12,-20],[-3,-23],[-2,6],[-13,-15],[-2,-10],[-7,4],[-12,24],[-4,-8],[-9,-6],[-3,5],[-4,-15],[-8,-6],[-9,-19],[-8,-31],[-7,-11],[-7,0],[-1,9],[-14,-11],[-6,-14],[-6,9],[-3,-13],[-9,23],[-7,-2],[-7,13],[-5,-2],[-9,16],[-14,-3],[-5,-11],[-6,-39],[-3,-1],[-5,-39],[1,-12],[-4,-19],[1,-17],[-4,-22],[-3,-5],[-3,-23],[-9,-30],[3,-25],[-4,-35],[-6,-19],[-3,-8],[-6,10],[-5,-1],[-3,-22],[-3,-5],[-8,3],[0,9],[-5,-3],[-4,-17],[-10,9],[-4,16],[-16,1],[-5,-17],[-10,-8],[-8,17],[-5,-6],[-12,13],[-4,-1],[-8,11],[-21,-1],[-3,-11],[-7,-9],[-8,0],[-12,32],[-2,9],[-12,30],[-2,9],[0,26],[-2,13],[-7,9],[-3,23],[-6,17],[-7,8],[-14,3],[-2,-11],[0,-26],[-4,-6],[-6,1],[-11,111],[11,1],[3,2],[1,74],[2,11],[-13,3],[1,24],[-11,0],[-5,20],[-8,-11],[-14,2],[-1,-44],[-13,-1],[0,-40],[-9,-1],[0,-32],[-2,-13],[-1,0],[-30,-3],[-49,-1],[0,-233],[-25,0],[-1,-4],[0,-17]],[[294894,504033],[-11,0],[-1,64],[-6,1],[0,21],[-7,0],[0,43],[-12,1],[0,42],[-26,3],[0,21],[-13,1],[0,43],[-3,-22],[-11,-1],[0,44],[-1,-1],[-10,0],[-8,0],[-4,-1],[0,-21],[-6,-1],[0,-21],[-6,0],[0,-15],[-6,0],[0,9],[-5,0],[-1,5],[0,-41],[0,-64],[-3,24],[-3,-12],[-8,5],[-1,-6],[-4,-18],[-24,-83],[-1,-7],[0,1]],[[294713,504047],[-4,20],[-6,6],[-7,1],[-2,0],[-2,1],[-13,0],[0,8],[12,12],[-1,3],[-2,9],[1,27],[10,2],[-4,32],[3,49],[0,6],[3,30],[7,10],[-8,44],[-1,2],[-7,-1],[-8,0],[0,20],[0,42],[0,43],[0,18],[0,24],[-5,0],[0,24],[-17,0],[-4,12],[-4,-8],[0,16],[9,0],[-7,9],[-15,38],[-2,4],[-11,-4],[0,22],[-5,0],[8,59],[4,31],[0,2],[6,7],[13,1],[0,8],[-13,0],[-5,-14]],[[291040,494560],[13,-64],[4,-22],[3,-17],[7,-33],[6,-15],[6,-34],[-2,-14],[1,-1]],[[291078,494360],[-1,-4],[-4,-39],[12,-113],[2,-17],[7,-34],[3,-66],[-3,-86],[7,-16],[7,-15]],[[291108,493970],[-1,-3],[-3,-14],[-7,-34],[-4,-22],[-16,-92],[8,0],[-18,-120],[-8,-70]],[[290999,493621],[1,1],[0,3],[19,146],[5,65],[2,30],[1,13],[3,63],[0,2],[-1,21],[0,44],[6,144],[1,76],[1,181],[3,150]],[[297087,503317],[3,2],[3,3],[2,-29],[-6,-5],[-2,29]],[[295024,500537],[-3,0],[-5,0]],[[295016,500537],[0,27],[13,1],[0,-6],[-5,0],[0,-22]],[[294493,500011],[-1,39],[-2,33],[26,0],[0,21],[77,-2],[1,85],[-5,3],[1,4],[0,138],[0,8],[1,4],[8,13],[30,0],[0,41],[6,0],[0,18],[-8,-5],[0,19],[7,6],[2,10],[4,36],[0,24],[9,-5],[10,24],[3,-16],[-5,-9],[2,-22],[4,-9],[-1,-21],[8,3],[0,172],[1,71],[-7,14],[0,-52],[-6,6],[-2,-10],[5,-10],[-7,-31],[3,-8],[-13,1],[0,83],[7,0],[0,20],[6,1],[0,22],[7,1],[7,-2],[-1,19],[1,6],[-11,26],[-12,-4],[-16,8],[-8,14],[-15,78]],[[294609,500876],[35,-50],[10,-11],[17,-6],[0,46],[0,72]],[[294671,500927],[5,2],[6,58],[21,2],[19,-34],[36,10],[48,53],[5,10],[30,53],[27,18],[11,46],[2,16],[7,40],[1,16],[5,102],[2,63],[14,13],[25,41]],[[294935,501436],[28,-2]],[[294963,501434],[-26,-79],[-9,-28],[22,0],[0,-23],[0,-6],[13,0],[0,-17],[6,9],[6,-23],[-2,-11],[-1,-11],[-5,0],[4,-21],[-1,-55],[0,-17],[0,-16],[0,-7],[0,-101],[2,1],[4,0],[0,-1],[0,-42],[1,-59],[0,-11],[0,-41],[0,-43],[-1,0],[1,-12],[0,-1],[2,-28],[-2,-1],[1,-21],[2,-34],[-1,-2],[1,-1],[1,-28],[-1,0],[2,-35],[0,-6],[-1,-43],[1,0],[-1,-19],[-1,-13],[-3,0],[0,-10],[0,-21],[1,0],[0,-1],[6,0],[0,-20]],[[294984,500536],[-6,-1],[0,-31],[5,-37],[0,-9],[-3,-67],[0,-10],[-2,1],[0,26],[-33,-1],[1,22],[-7,13],[-4,1],[-1,-2],[-5,10],[-9,-4],[0,-80],[-2,0],[0,0],[-2,-36],[0,-9],[-5,0],[0,-22],[18,-6],[-2,-9],[0,-48],[-13,0],[0,-42],[-12,-2],[-1,-41],[-4,0],[-8,-1],[-1,0],[-46,-2],[0,-25],[-7,-1],[-2,-19],[6,1],[2,-92],[3,-16],[-3,-5],[-4,-21],[8,-19],[9,-38],[10,-59],[17,-70],[-10,-18],[-3,-9],[-1,-6],[-4,-14],[-3,-42],[0,-89],[1,-6],[3,-5],[0,-24],[-13,-2],[0,-142],[16,1],[3,15],[7,-13],[0,-25],[26,2],[5,9],[4,-15],[9,-31]],[[294921,499371],[-8,-17],[0,-53],[-18,0],[-5,-14],[-5,9],[-5,-4],[-18,-1],[0,42],[-25,1],[-4,-7],[0,15],[-7,0],[0,-255],[-26,-7],[0,-79],[13,0],[0,-65],[-6,-26],[-6,-53],[4,-28],[6,-42],[4,-42]],[[294815,498745],[3,-61],[-1,-57],[-7,-31],[-5,-14],[-5,-4],[-16,-29],[-1,-11],[-7,-36],[3,-27],[0,-23],[-6,-4],[-1,-27],[2,-15],[-45,-2],[-30,0],[-28,2]],[[294671,498406],[0,6],[0,156],[0,185],[0,49],[0,35],[-1,584],[0,177],[0,9],[-1,6],[-12,3],[-11,-23],[-7,-2],[-120,1],[-2,25],[-1,115],[0,30],[0,84],[-3,1],[-28,-1],[6,40],[1,48],[0,56],[1,21]],[[291862,488574],[19,7],[16,9]],[[292109,488793],[6,-83],[-5,-18],[-17,-15],[-9,-34],[-3,-33],[2,-4],[33,-49],[10,-21],[4,-13],[3,-13],[12,-93]],[[292145,488417],[12,-94],[27,-210],[1,-14],[0,-24],[0,-52]],[[292185,488023],[-3,52],[-25,-1],[-26,2],[-28,0],[-12,2],[-12,-1],[1,20],[-2,15],[-1,-17],[-2,-5],[-2,-13],[-32,1],[-25,-1],[-5,-3],[-3,-1],[-44,4],[-22,5],[-26,0],[-3,35],[0,-35],[-25,2],[-4,0],[-6,0],[-3,0],[-10,6],[-2,11],[0,2]],[[291863,488103],[0,21],[0,25],[0,21],[-3,1],[0,16],[-4,1],[7,4],[0,21],[-1,43],[1,32],[-1,10],[-1,26],[1,16],[1,44],[0,42],[0,7],[-4,7],[0,27],[3,0],[0,103],[0,4]],[[293834,506323],[58,0],[13,0],[0,-85],[-8,-1],[-5,1],[0,-94],[-13,-105],[-10,11],[-11,-5],[-3,-20],[11,-1],[0,-42],[-12,1],[-1,-13],[-5,9],[-1,-8],[6,-5],[0,-69],[-13,0],[-18,0],[1,401]],[[297549,494344],[25,0],[25,0],[49,1],[27,0],[0,-43],[11,0],[0,41],[15,0],[0,-42],[25,2],[-3,42],[3,0]],[[297574,493313],[1,318],[-1,56],[0,268],[1,1],[0,129],[-2,0],[-24,0],[0,32],[-14,0],[1,54],[-13,0],[0,87],[26,0],[0,43],[0,43]],[[295144,498757],[1,4],[19,79],[70,295],[1,6]],[[295235,499141],[4,31],[0,108],[19,-11],[113,2],[7,1],[2,0]],[[295380,499272],[-1,-3],[-8,-44],[-4,-69],[-2,-13],[-2,-49],[-7,-27],[-5,-29],[6,-53],[4,-21],[2,-21],[-2,-18],[-14,-28],[-1,-119],[3,-52],[3,-11],[-48,-1],[0,-25],[-31,0],[-18,-1],[1,-200],[0,-3],[0,-78]],[[295256,498407],[-59,-1],[-1,0],[-69,1],[-66,1],[-2,0]],[[295059,498408],[-1,0],[-2,0],[-24,0]],[[295032,498408],[-1,173],[27,-1],[2,0],[12,0],[-2,4],[-4,9],[28,-39],[1,-2],[49,205]],[[293751,501131],[-2,454],[-1,266],[1,155],[1,249],[0,38],[0,26],[0,63]],[[293750,502382],[0,106],[0,42],[1,318],[0,14],[0,221]],[[293751,503083],[13,0],[0,85],[6,0],[7,0],[22,-2],[76,-271],[2,4],[7,23],[5,12],[10,40],[18,3],[0,39],[-6,0],[-7,-22],[0,45],[13,-1],[0,-57],[1,-4],[12,16],[0,-65]],[[294156,502056],[36,-68],[7,-13],[29,-58],[0,-1]],[[294228,501916],[-21,-65],[-21,-65],[-1,-4],[-16,-51],[-4,-15],[-2,-5],[22,0],[14,0],[4,-20],[6,-1],[0,-21],[2,0],[0,-21],[0,-21],[0,-86],[10,-19],[6,19],[9,0],[0,38],[7,6],[0,42],[6,0],[3,27],[9,12],[0,-23],[-1,-9],[2,-1],[0,33],[20,17],[5,17],[1,12],[7,0],[0,-25],[6,2],[2,-17],[10,-15],[0,-29],[-12,-5],[0,-39],[-2,0],[-6,0],[-1,2],[0,3],[-1,1],[-1,0],[-1,-2],[-1,-3],[-2,-4],[-1,-3],[-1,-4],[-1,-2],[-2,0],[0,-77],[0,-39],[-20,-1],[0,-76],[6,0],[0,-42],[16,0],[4,-42]],[[294287,501295],[-4,2],[-15,-2],[-1,4],[-2,6],[-4,-2],[0,-8],[-18,0],[0,-6],[-11,20],[-10,-14],[-6,-11],[-3,-27],[-4,1],[0,-27],[0,-34],[0,-20],[0,-13],[0,-33],[0,-7],[11,0],[2,0],[6,1],[0,-71],[-1,-3],[0,-9],[13,15],[12,1],[9,-8],[0,-10],[6,-12],[-2,2],[-1,-5],[-1,-3],[0,-2],[1,-7],[1,-10],[1,-3],[1,-2],[0,-45],[14,-1],[6,0],[0,-52],[-1,-16],[-1,-10],[-12,0],[0,-19],[6,-9],[-13,16],[-10,8],[-47,0],[0,-5],[0,-38],[-19,0],[0,-21],[-7,0],[-9,12],[-7,-7],[-9,-15],[-15,-39],[-1,-6],[-14,14],[-4,11],[-2,8],[-10,7],[-6,-10],[-5,12],[-8,-3],[-2,-18],[3,-33],[-6,-63],[5,-18],[6,-2],[-2,-19],[9,-25],[-4,18],[14,29],[5,-9],[1,-20],[-4,-15],[1,-13],[1,-31],[13,0],[0,20],[9,1],[3,9],[0,-115],[13,1],[0,126],[7,0],[7,0],[-1,-46],[-4,-23],[3,-38],[6,-9],[1,-24],[7,-1],[0,-116],[-26,1],[0,-31],[-19,-1],[0,-12],[-32,0],[0,-43],[26,0],[4,-12],[1,-25],[5,-10],[3,-23],[0,-25],[12,-11],[3,-17],[-1,-9],[7,-38],[16,0],[1,84],[13,0],[-1,-82],[4,-2],[0,-64],[-3,0],[3,-22],[-13,0],[0,-20],[6,-1],[0,-42],[-3,-1],[0,-32],[-6,1],[-4,-24]],[[294180,499895],[-5,-7],[-3,-24],[-3,21],[-5,3],[-6,-19],[2,-32],[12,-21],[-1,-22],[4,-14],[3,-23],[-2,-9],[2,-25],[-4,-9],[8,-3],[-2,-27],[-7,-4],[0,-14],[3,-12],[4,5],[7,-10],[-3,-28],[-7,4],[-2,-7],[-1,28],[-8,-9],[-4,5],[-5,-7],[-7,20],[0,29],[-3,18],[1,8],[5,0],[0,-22],[4,-3],[3,45],[-5,10],[-4,-5],[1,-16],[-7,-3],[0,-37],[-20,-2],[-1,99],[-1,49],[-20,4],[-13,7],[-7,17],[-3,-10],[-10,-5],[-5,-76],[-9,0],[0,-179],[-9,-2],[-70,0],[0,-174],[-77,2],[0,131],[-36,1],[-15,129],[-5,-5],[-8,1],[-4,-33],[7,-18],[-5,-26],[0,-18],[3,-7],[5,7],[6,0],[2,-18],[8,-9],[-5,-22],[-8,-3],[-2,13],[-11,14],[-9,7],[-4,11],[-20,3],[-13,-5],[-9,10],[0,9],[-10,-4],[-8,6],[-11,-11],[-3,2]],[[293745,499574],[2,695],[1,199]],[[293817,501501],[8,-29],[90,-1],[0,-43],[-22,0],[0,-84],[3,-11],[6,0],[0,11],[26,0],[0,-128],[-13,0],[0,-42],[-12,0],[1,-17],[-2,-7],[-13,6],[0,-25],[-27,1],[-1,31],[-1,4],[-1,7],[-1,0],[-1,-34],[-6,-30],[7,-17],[12,5],[19,-3],[7,3],[0,-9],[6,0],[0,-21],[13,0],[0,-22],[-13,0],[0,-22],[-13,-24],[0,-38],[10,-1],[-2,-24],[-8,-50],[0,-10],[13,-1],[22,0],[0,43],[-9,0],[0,10],[0,32],[25,0],[0,30],[6,-1],[1,-27],[4,2],[-3,22],[5,-4],[25,-2],[0,-20],[-6,-1],[0,-21],[-6,0],[0,-21],[12,0],[7,0],[0,21],[0,21],[9,0],[10,0],[0,2],[0,32],[0,8],[6,0],[-6,8],[6,6],[-1,26],[-5,5],[0,35],[-2,5],[-11,0],[0,11],[11,0],[2,4],[0,11],[0,16],[0,31],[0,12],[0,26],[0,16],[-12,1],[-1,-5],[-11,5],[-1,2],[-4,58],[-7,-5],[-1,-29],[-1,-4],[-13,0],[-1,9],[-1,12],[2,0],[-1,87],[2,19],[2,15],[-3,7],[-19,0],[0,44],[-6,1],[0,81],[-13,0],[0,24],[-2,14],[-6,-25],[-8,-9],[-3,-13],[-5,9],[-1,19],[4,7],[4,31],[-7,16],[-9,-1],[-1,13],[5,16],[18,6],[-5,19],[-1,13],[-1,8],[-1,4],[-1,-1],[-1,-5],[-1,-9],[-2,-6],[1,-2],[1,1],[-1,-3],[-8,0],[3,-14],[-5,-3],[-6,-16],[2,-7],[-4,-13],[3,-12],[-7,-6],[-3,-11],[-6,-5],[-3,13],[-2,-10],[-7,9],[-3,-12],[-4,13],[-3,-2],[0,-50],[-26,-5],[4,-6]],[[294172,500895],[18,-4],[8,-19],[9,1],[2,9],[0,30],[0,45],[0,34],[-1,0],[-11,-1],[-21,-28],[-4,-12],[0,-55]],[[294209,500994],[3,4],[10,40],[0,23],[-13,0],[0,21],[0,-42],[0,-46]],[[295131,500562],[-13,-7],[0,-15],[-22,-3],[-8,14],[5,-11],[0,-27],[-5,0],[-3,26],[-2,0],[0,-43],[-7,0],[-4,-5],[-8,-24],[-3,3],[-4,26],[-2,0]],[[295055,500496],[-1,22],[1,20],[-4,0],[0,29],[3,0],[0,58],[0,10],[-6,34],[1,0],[-9,32],[-12,23],[0,2],[8,-11],[14,-47],[4,40],[13,1],[0,41],[4,-25],[4,19],[4,-4],[0,11],[8,0],[0,-18],[8,-7],[5,-8],[3,10],[0,42],[2,11],[10,5],[0,-7],[6,-23],[2,-39],[20,12]],[[293436,494657],[9,15],[38,26],[0,5],[1,1],[2,-1],[63,41]],[[293549,494744],[0,-25],[2,-17],[9,4],[4,12],[14,-60],[-1,0],[11,-48],[4,-13],[21,-96],[-8,-16],[-30,-53],[8,-18],[10,-35],[12,-27],[16,-12],[41,-21]],[[293662,494319],[1,-5],[19,-55],[2,-16],[2,-96],[0,-5],[1,-26],[4,-53],[1,-80],[2,-36],[4,-43],[1,-45],[0,-13],[-7,-54],[-10,-153]],[[293682,493639],[-11,1],[-68,-2],[-15,1],[-24,0],[-22,-2],[-29,0],[-76,-2]],[[293437,493635],[-1,143],[0,28],[0,128]],[[293436,493934],[0,42],[0,39],[0,2],[0,44],[-1,86],[0,42],[1,83],[-1,42],[0,61],[0,13],[1,23],[-1,239],[1,7]],[[298484,488174],[23,0],[65,1],[25,-1]],[[298597,488174],[26,-1],[13,-5],[32,-2],[6,-4],[1,4],[50,-3]],[[298604,487543],[0,69],[0,112],[0,15],[-1,33],[-6,53],[-15,130],[-6,28],[-4,12],[-53,103],[-28,56],[-7,20]],[[292773,492691],[0,1]],[[292773,492692],[4,0],[1,3],[1,14],[4,4],[1,5],[6,38],[2,-3],[2,-1],[2,5],[2,1],[1,-6],[1,-3],[2,1],[3,4],[20,67],[3,7],[22,-55],[7,-14],[2,0],[2,2],[2,4],[1,1],[2,-4],[5,0],[3,4],[2,-6],[2,-3],[1,0],[1,2],[0,3],[-1,3],[4,-4],[1,1],[7,14],[0,4],[-2,7],[0,7],[2,16],[6,3],[3,3],[2,-5],[4,12],[2,15],[6,-1],[2,14],[5,-3],[0,-7],[1,-11],[2,-2],[1,2],[1,7],[3,-3],[2,2],[2,-5],[1,2],[-1,9],[-2,7],[0,6],[2,3],[4,-15],[1,1],[0,13],[2,17],[6,2],[4,-12],[1,1],[2,5],[6,5],[6,38],[3,10],[3,-6],[6,4],[4,22],[-7,14],[-1,8],[4,16],[6,1],[0,16],[4,2],[2,14],[4,7],[0,14],[11,14],[3,1]],[[293007,493050],[-1,-24],[8,-10],[6,20],[2,-56],[4,-21]],[[293026,492959],[5,-11],[4,-17],[7,7],[3,-18],[8,8],[2,-28],[-1,-9],[7,-13],[3,11],[8,13],[7,4],[2,1],[-1,-18],[0,-4],[6,15],[7,-4],[-3,-9],[5,-4],[-1,-10],[5,-8],[4,5],[3,-12],[2,9],[5,2],[7,-5],[-4,-6],[8,-15],[4,7],[1,-13],[4,4],[5,-7],[4,-13],[9,-3],[-1,22],[6,-2],[1,-22],[5,-17],[5,-22],[2,-19],[3,6],[4,-10],[2,13],[5,-8],[1,21],[4,-1],[16,20],[5,23],[0,17],[4,7],[2,26],[3,15],[10,12],[4,15],[8,13],[3,27],[4,6],[1,-15],[4,5],[7,-9],[8,1],[1,15],[4,-9],[7,12],[4,12],[3,-3],[12,36],[6,4],[2,-17],[9,-2],[7,7],[0,-16],[3,2],[5,19],[8,-1],[4,15],[10,12],[3,-6],[12,29],[0,16],[4,9],[8,29],[2,18],[-1,19],[8,20],[3,16],[4,7],[3,22],[4,26],[8,-16],[6,8],[11,29],[4,23],[7,3]],[[293438,493280],[-1,-155],[4,-7],[7,-81],[9,-38],[0,-45],[33,1],[41,1],[5,7],[3,24],[0,-152],[-1,-27],[-10,-44],[-5,-8],[2,-17],[11,-29],[6,-54],[0,-31],[-2,-10],[-87,-1],[-12,47],[0,-47],[-2,-639],[-1,-346],[-1,-35],[0,-53],[-6,-43],[-6,-20],[2,-9],[-7,-51],[-1,-61],[-7,-67],[-5,-22],[-27,-65],[3,-8],[9,5],[12,-28],[10,-45],[4,-6],[1,-29],[6,-11],[14,0],[0,-804]],[[293439,490277],[1,-46]],[[293440,490231],[-7,-2],[-242,1],[-36,0],[-200,2]],[[292955,490232],[8,56],[2,30],[6,20],[-4,38],[7,29],[-3,69],[1,41],[4,12],[1,214],[38,0],[0,170],[-37,1],[0,170],[-5,2],[-1,36],[-5,63],[-2,68],[-7,-2],[-12,-15],[-20,-6],[0,146],[12,-1],[0,213],[52,0],[0,85],[-106,2],[-2,15],[1,27],[-20,1],[0,41],[-13,-4]],[[292850,491753],[-7,0],[-2,7],[36,229],[-4,6],[38,206],[-4,7],[3,20],[-21,1],[-1,41],[-2,2]],[[292886,492272],[1,129],[-9,-5],[-7,25],[-8,35],[-4,30],[-7,0],[-7,14],[0,-36],[-3,-6],[1,-20],[-14,0],[-6,3],[0,16],[-10,-1],[0,26],[-14,12],[0,71],[15,0],[1,18],[2,13],[-6,10],[-3,1],[-9,0],[-13,-1],[0,30],[6,-3],[1,1],[7,-10],[2,19],[0,13],[-13,-7],[-16,-1],[0,43]],[[294816,494319],[4,14],[6,9],[1,1],[0,2],[1,1],[1,1],[1,1],[0,26],[28,2],[6,-9],[0,19],[19,1],[0,-20],[24,0],[8,-4],[0,5],[0,81],[-7,0],[-3,15],[0,26],[10,0],[0,35]],[[295287,494952],[-3,7],[4,0],[-1,17],[3,23],[12,29],[9,-11],[4,5],[19,25],[0,-4],[10,-7],[5,-15],[10,-47],[2,-34],[2,-48],[5,-31],[5,-15],[3,7],[7,-14],[-2,-9],[1,-15],[7,0],[5,13],[3,-21],[16,-7],[10,-17],[12,-35],[2,-19],[8,-26],[5,-9],[10,4],[9,-4],[8,5],[10,-16],[2,-38],[2,-5],[1,-36],[1,-19],[4,1],[11,-24],[5,-5],[10,-56],[3,8],[8,-16],[1,19],[3,1],[3,28],[-4,18],[-4,44],[1,10],[9,32],[2,25],[-2,20],[1,13],[10,25],[12,29],[3,3],[1,20],[6,13]],[[296083,492081],[-3,-2],[-49,3],[1,-70],[-17,-6],[-14,-51],[0,-89],[-1,-48],[35,39],[21,-16],[2,-39],[19,-84],[12,-39],[6,-9],[4,-43],[14,10],[6,-40],[9,-31],[11,13],[4,-21],[-2,-41],[2,-63],[2,-20],[8,-42],[13,-1],[-3,25],[0,9],[2,7],[-4,9],[-3,16],[-3,5],[-1,7],[-1,45],[4,30],[11,5],[4,-2],[0,25],[-4,10],[-2,26],[-13,16],[3,55],[-8,-7],[0,45],[-5,8],[-7,-18],[-9,24],[1,18],[5,20],[-1,10],[-11,37],[0,36],[-5,12]],[[296268,490194],[-202,13],[8,8],[3,142],[5,28],[-4,21],[3,146],[-2,24],[3,5],[1,44],[1,95],[-15,5],[-8,-6],[-4,9],[-6,1],[-8,-12],[-16,16],[-13,2],[-3,-10],[-5,11],[-66,9],[-1,-25],[-12,-4],[-4,-6],[-3,-250],[2,-14],[-2,-17],[-1,-34],[-5,-4],[-81,-1],[-1,175],[-1,5],[-89,12]],[[295742,490582],[-20,3],[-1,55],[-50,191],[-2,16],[-4,60],[3,7],[1,19],[-4,26],[-2,57],[0,19],[-1,36],[4,31],[7,32],[0,38],[-2,25],[-1,43],[1,38],[1,16],[4,8]],[[295676,491302],[-1,31],[2,15],[7,30],[6,33],[1,3],[5,0],[0,340],[-22,-2],[1,96],[-145,-214],[-4,-3],[-4,0],[0,260]],[[295522,491891],[25,1],[0,-85],[51,0],[0,75],[51,0],[0,-18],[12,0],[0,37],[-12,0],[0,131],[-26,0],[0,-18],[-25,-2],[0,-19],[-25,0],[0,-37],[-26,0],[0,-9],[-25,-1]],[[295522,491946],[0,150],[-16,5],[-5,-27],[-7,-25],[-11,-29],[-14,-23],[-12,-29],[-15,-27],[-14,-13],[-15,-7],[-13,-12],[-10,6],[-16,24],[-6,12],[-14,23],[-14,30],[-11,54],[-1,33],[11,8],[-23,0]],[[295316,492099],[-73,1],[-14,0],[-1,6],[-27,136],[7,-12],[4,14],[-2,26],[-6,6],[-2,35],[-4,13],[1,22],[1,12],[6,9],[-1,38],[7,20],[-6,16],[2,22],[-4,14],[1,20],[-3,40],[2,24],[-9,16],[-4,0],[-6,24],[-7,6],[-2,24],[4,44],[-4,7],[-4,20],[-8,6],[-3,45],[2,34],[-7,37],[-3,52],[-9,17],[-1,5],[-58,23],[-23,-118],[0,-108],[-35,2],[-16,81],[0,46],[-10,-1],[-3,-21],[-5,-7],[-1,-12],[-7,-3],[2,-53],[-2,-36],[2,-25],[-3,-7],[2,-10],[-6,-5],[-6,-16],[-10,-10],[-7,7],[1,-81],[-7,1],[0,-22],[-13,0],[-12,0]],[[294926,492523],[-1,57],[3,9],[2,24],[-5,20],[4,8],[0,52],[-10,0],[1,76],[12,-6],[0,17],[0,84]],[[294932,492864],[0,42],[0,43],[13,-1],[13,0],[0,18],[0,25],[14,1],[13,1],[0,21],[0,21],[0,52],[0,2],[0,32],[0,64],[0,22],[0,44],[-1,19],[0,19],[1,6],[2,14],[0,2],[-20,-15],[-1,56],[-12,0],[0,36],[0,6],[-38,-2],[-1,21],[-12,-2],[-2,22],[-11,0],[0,40],[-1,3],[-26,-1]],[[294863,493475],[-10,93],[-5,102],[1,13],[10,24],[5,23],[1,41],[0,32],[0,80],[-13,14],[0,23],[13,0],[0,43],[0,22],[-2,0],[-11,-1],[0,21],[13,1],[0,12],[0,8],[-13,0],[0,22],[12,0],[0,22],[0,22],[-12,0],[-7,0],[0,0]],[[295473,501825],[6,0],[16,0],[11,1]],[[295506,501826],[1,0],[-1,82],[18,0],[0,-41],[13,0],[6,1],[5,0],[3,0],[5,0],[3,0],[3,1],[13,0],[0,7],[6,2],[10,17],[9,-11],[1,38]],[[295601,501922],[7,-7],[10,3],[2,6],[5,-16],[-3,-22],[1,-9],[10,2],[2,21],[18,4],[18,-1],[0,-29],[4,1],[0,-24],[7,0],[1,16],[7,0]],[[295690,501867],[0,-47],[1,0],[4,-6],[4,-18],[4,-7],[5,24],[1,1],[1,1],[0,-8],[2,-14],[3,-25],[15,-118]],[[295730,501650],[-3,0],[-10,0],[-13,-1],[-5,0],[0,9],[3,0],[-1,22],[3,0],[0,11],[-7,0],[1,-42],[-6,-1]],[[295692,501648],[-1,71],[-3,3],[-2,11],[-4,0],[-17,0],[0,1],[-1,0],[-6,-26],[-7,-11],[2,-28],[-6,-1],[0,-13],[-1,-8],[0,1],[-9,0],[2,-40],[-1,-4],[0,-2],[-2,1],[-2,-17],[0,-1],[-12,0],[1,-11],[0,-13],[-8,-1],[-9,3],[1,17],[-7,2],[-12,-13],[0,-8],[1,-66],[-11,0],[-1,0],[-1,-1],[-5,0],[0,-4],[-4,4],[-20,-1],[-2,0],[-1,0],[-20,-1],[-5,-1],[-3,-6],[-6,0],[0,-9],[0,0]],[[295510,501476],[0,15],[0,23],[0,56],[0,32],[-2,0],[-9,1],[0,10],[-2,0],[0,2],[-11,0],[-6,-2],[0,-20],[-6,2],[0,2],[-1,59],[-9,-1],[-13,-11],[1,-31],[-4,0],[-13,0],[0,26],[0,6],[12,-2],[1,33],[-4,4],[0,22],[2,12],[7,4],[20,0],[0,107]],[[291815,499418],[31,0],[1,0],[1,0],[3,0],[48,0],[8,0]],[[291907,499418],[8,0],[56,-1],[29,-1],[32,0],[72,0]],[[292104,499416],[49,1],[5,0],[18,0],[8,-1],[20,1],[157,3]],[[292361,499420],[0,-8],[-14,-157],[0,-9],[-16,-181],[-1,-8],[-13,-146],[-1,-13],[-14,-36],[-7,-2],[-7,-15],[-2,-25],[-18,-7],[-3,-21],[-6,-111],[2,-76],[6,-18],[4,-35],[-5,-42],[0,-26],[-10,-19],[-7,-43],[2,-21],[-8,-11],[0,-53],[3,-25],[7,-17],[2,-35],[-2,-67],[-5,-17],[2,-16],[-2,-8],[-2,-32],[2,-13]],[[292248,498107],[-17,4],[-25,-2],[-10,4],[-31,30],[-80,10],[-3,-3],[-34,-46]],[[292048,498104],[-2,-1],[-24,20],[-11,15],[-8,4],[-18,1],[-40,54],[-9,12],[-7,3],[-17,2],[-16,3],[-21,0],[-18,-4],[-13,-8]],[[291844,498205],[0,71],[4,40],[1,48],[9,34],[-4,-3],[-13,9],[-4,-5],[4,34],[0,39],[2,21],[-2,75],[-44,0],[0,42],[26,2],[0,9],[0,32],[-16,-5],[-5,13],[1,77],[7,-1],[0,43],[10,0],[0,21],[2,0],[-5,21],[0,26],[6,-1],[0,49],[-3,11],[-15,0],[0,17],[-4,1],[-3,-17],[-46,-1],[5,21],[-9,-20],[-2,-1]],[[291746,498907],[0,106],[24,1],[9,42],[3,20],[6,33],[9,50],[0,45],[-13,0],[1,42],[13,1],[0,-15],[4,-10],[3,9],[-1,15],[6,1],[0,154],[5,0],[0,17]],[[294738,494874],[-3,-28],[-1,-31],[1,-33],[2,-39],[50,1],[0,35],[-2,52]],[[294751,494446],[-2,1],[0,43],[-13,56],[-7,28]],[[294729,494574],[-9,43],[1,6],[4,35],[4,31],[-2,50],[4,4],[-20,-1],[0,8],[0,10],[14,42],[1,20],[3,-3],[1,12],[1,9],[3,14],[1,-1],[0,4],[-2,4],[2,12],[3,1]],[[295774,503532],[12,0],[15,1],[3,0],[2,-14],[-5,-23],[15,-1],[5,1],[0,-2],[2,0],[2,29],[4,0],[6,-1],[2,-26],[0,38],[2,0],[6,0],[-1,-11],[1,0],[1,0],[3,11],[13,0],[3,0],[37,1],[25,0],[14,0],[26,0],[25,0],[26,1],[8,0],[2,0],[0,-27],[4,0],[0,27],[12,0],[5,0],[21,0],[64,1],[4,0],[11,-11]],[[296149,503526],[-2,-36],[7,-12]],[[296154,503478],[2,-5],[6,-63],[3,-36],[0,-52],[-6,-34],[-14,-47],[-8,-35],[-3,-32],[0,-24],[4,-51],[-4,1],[-16,-89]],[[296118,503011],[-5,-29],[2,0],[-1,-14],[-7,-39],[-12,-40],[-16,-52],[-8,-25],[-18,-61],[-1,0],[-13,-34],[-21,-48],[-5,-6],[-14,-8],[-31,7],[-1,1]],[[295967,502663],[-26,3],[-3,-7],[-15,9],[-25,10],[-30,-1],[-15,16],[-26,18],[-5,0],[-11,-5],[-1,1],[-10,-8],[-2,8],[-23,10]],[[295775,502717],[0,39],[12,0],[0,22],[-19,-1],[0,21],[-7,0],[-3,22],[0,30],[8,21],[8,11],[0,29],[-3,11],[-6,-7],[-2,-29],[-1,24],[-7,-3],[0,4]],[[295755,502911],[6,24],[13,46],[5,21],[2,7],[0,2],[-7,0],[-13,0],[1,30],[12,2],[2,43],[0,56],[5,29],[-2,0],[-2,11],[-3,0],[-7,-1],[-32,-1],[0,52],[7,13],[3,9],[6,36],[10,-15],[0,19],[3,0],[-2,23],[9,17],[-3,17],[11,1],[7,12],[0,71],[-1,4],[-1,4],[-5,27],[-5,62]],[[295709,503532],[13,0],[1,0],[5,1],[19,0],[9,-1],[5,0]],[[295761,503532],[0,-13],[-3,0],[-6,-12],[-4,-22],[4,-23],[0,-23],[6,-30],[-1,-13],[-6,-4],[0,-21],[-7,0],[1,20],[-4,-2],[-5,17],[3,23],[-5,8],[-1,-12],[2,-19],[-3,-5],[-9,0],[0,-5],[-6,0],[-1,30],[-3,-14],[-3,-3],[0,104],[-1,19]],[[294287,501295],[34,0],[0,-28],[0,-32],[15,3],[3,3],[0,-4],[6,2],[8,-36],[6,-15],[2,-5],[3,-16],[3,-12],[1,-8],[0,-3],[0,-156],[0,-7],[9,0],[11,0],[1,0],[1,1],[0,5],[10,0],[0,-7],[1,0],[14,0],[0,-34],[13,0],[0,42],[7,0],[2,-34],[3,0],[0,-8],[7,0],[19,-1],[0,43],[4,-1],[2,1],[0,22],[-19,1],[0,20],[17,-12],[2,0],[0,-7],[9,-29],[4,-4],[2,1],[2,0],[10,0],[14,20],[4,-1],[2,-2],[9,-17],[6,-14],[4,-7],[5,-8],[9,-22],[2,-2],[1,-1],[0,30],[7,-1],[0,34],[0,5]],[[294562,500994],[27,-85],[4,-10],[4,-6],[12,-17]],[[294493,500011],[-1,-2],[-7,1],[-14,15],[-56,-144],[-4,-9],[-35,-53],[-7,0],[-7,26],[-10,38],[-5,0],[-13,0],[-57,2],[-3,-32],[-4,-1],[-2,-15],[0,-30],[7,-21],[4,-23],[-6,-22],[-29,1],[-1,-20],[-15,-1],[-9,4],[4,24],[-1,26],[-9,47],[-5,16],[-8,11],[-2,18],[0,25],[-11,25],[-3,-3],[-4,-19]],[[296990,506096],[2,1],[22,-159],[15,-102],[19,-133]],[[297048,505703],[-6,3],[-2,1],[-9,-2],[-17,-31],[-3,-5],[-41,-54],[-3,-3],[-2,-3],[-13,-18],[-4,-4],[-5,-7],[-31,-84],[-5,-8],[-8,-10],[-3,-4],[-20,-25],[-13,-1]],[[296863,505448],[-21,168],[19,1],[0,10],[2,30],[9,89],[2,15],[4,14],[8,12],[0,9],[5,1],[10,13],[13,17],[9,12],[17,23],[-5,69],[-5,0],[-5,45],[-7,39],[2,3],[5,6],[19,21],[19,20],[18,19],[2,2],[7,10]],[[291998,504764],[58,4],[0,68],[0,272],[4,1],[34,1],[13,-2],[0,-85],[23,0],[0,-52],[2,-2],[-9,-70],[36,-1],[-1,6],[3,23],[-3,13],[43,-1],[7,0]],[[292208,504939],[0,-82],[-10,-6],[-9,-20],[-16,-48],[-11,-12],[0,-121],[0,-18],[31,1],[0,-21],[-12,-1],[0,-42],[-19,-1],[0,-11],[-3,0],[0,-128],[12,-3],[13,0],[25,1],[0,79],[7,0],[0,11],[12,0],[1,-91],[6,0],[3,8],[3,8],[7,-8],[9,1],[3,-1],[1,118],[-1,51],[21,-1],[2,-2],[24,-1]],[[292307,504599],[1,-167],[0,-72],[0,-2]],[[292308,504358],[-13,4],[-19,5],[-15,-12],[0,-159],[-127,-1],[0,-322],[-9,0],[-1,-44],[-15,-1],[1,-147],[90,-57],[5,-8],[5,-25],[1,-8],[0,-160],[-3,-59],[0,-91],[0,-127],[51,0]],[[292259,503146],[0,-231],[-9,-7],[-27,-26],[-15,-22],[0,-226],[0,-129]],[[292208,502505],[-25,0],[-20,3],[-5,10],[-5,38],[-4,13],[-25,70],[-3,6],[-25,23],[-5,8],[-11,62],[-3,10],[-22,16],[0,371],[3,0],[11,7],[30,1],[-1,128],[7,0],[-1,117],[-12,11],[-5,-11],[0,10],[-3,1],[0,87],[-26,0],[0,22],[-32,-1],[0,-34],[3,-9],[-10,10],[0,43],[-6,6],[0,26],[13,1],[9,13],[0,8],[20,1],[0,43],[-17,1],[-6,11],[0,7],[0,10],[6,1],[0,9],[17,3],[22,0],[0,42],[19,0],[1,16],[-1,9],[0,18],[-10,-1]],[[292086,503741],[0,43],[-16,0],[0,42],[-13,0],[0,-42],[-13,-2],[0,-45]],[[292044,503737],[-13,0],[-12,-1],[-8,0],[-6,0],[-1,0]],[[292004,503736],[0,86],[-14,0],[-1,105],[-6,4],[0,60],[-5,5],[-2,-7],[-1,8],[4,13],[0,154],[24,0],[0,128],[-24,0],[-1,129],[-10,1],[-3,-1]],[[291965,504421],[0,84],[24,1],[0,20],[-11,0],[-2,81],[2,0],[0,25],[-7,7],[0,15],[7,0],[0,22],[11,-42],[9,-25],[0,155]],[[295626,502261],[8,51],[6,-12],[0,-14],[3,1],[0,19],[6,0],[0,2],[0,20],[13,0],[0,-6],[4,1],[0,-11],[4,-3],[2,15],[1,6],[4,19],[1,4],[5,17],[2,4],[4,21],[2,17],[1,9],[1,5],[0,7],[7,3],[-6,12],[6,7],[-5,43],[2,0],[2,1]],[[295699,502499],[4,0],[1,0],[5,0],[9,0],[5,0],[0,-17],[3,-66],[0,-3],[6,-11],[1,-37],[3,-3],[5,0],[0,-13],[-2,-20],[0,-46],[10,4],[1,-4],[2,-10],[13,7],[0,10],[1,0],[18,9],[0,-21],[9,4],[-1,-68],[18,7],[-1,-3],[12,6],[0,-31],[0,-5],[-1,-16],[-2,-9],[3,-52],[3,-10],[0,-11],[1,-53],[1,-26],[0,-4],[2,-25],[13,-32],[2,-40],[0,-48],[1,-22]],[[295844,501840],[-8,-6],[-24,12],[-3,5],[-11,-32],[-4,-6],[-3,-4],[-4,7],[-33,1],[-2,1],[-12,-8],[-5,-5],[-13,-8],[5,-35],[0,-25],[3,1],[6,8],[6,-10],[0,-42],[0,-20],[4,-2],[1,-5],[1,-1],[4,-14],[-4,-1],[-6,0],[-3,-1],[-9,0]],[[295690,501867],[-6,9],[-1,10],[-2,1],[4,19],[-8,1],[0,13],[3,2],[3,8],[2,8],[3,9],[3,8],[0,2],[-8,24],[-1,2],[-5,15],[-7,20],[-2,4],[-3,10],[-7,-7],[3,15],[-11,23],[-6,13],[-2,8]],[[295642,502084],[-5,10],[0,63],[-1,17],[0,25],[0,22],[0,12],[0,9],[-10,-1],[0,20]],[[295736,501655],[3,0],[1,0],[1,12],[-4,1],[-1,-13]],[[294363,495855],[53,0],[-10,1],[-2,9],[0,85],[-1,15],[-8,28],[-4,31],[-12,33],[-6,39],[-11,37],[1,1],[0,59],[-1,125],[-21,0],[0,65],[18,31],[43,65]],[[294566,495586],[-2,-1],[-1,-2],[-7,-7],[0,-20],[7,1],[0,-43],[-14,0],[-1,-19],[-4,-23],[-2,-55],[-6,-4],[-4,-14],[-9,-57],[-15,-41],[-2,2],[-2,4],[-5,2],[0,-14],[-4,-59],[-17,36],[-12,18],[-7,-2],[-13,-29],[-1,-4],[-3,-25],[0,-19],[-2,0],[-1,0],[-2,0],[0,13],[0,14],[-8,-12],[-9,-15],[-1,0],[-28,-44],[-12,-21],[-1,0],[-1,-1],[-3,5],[1,12],[-4,5],[-3,-20],[-11,-14],[-9,15],[-1,34],[-7,3],[-8,1],[-4,3],[-1,0]],[[294327,495189],[0,67],[-9,-1],[12,59],[7,26],[1,5],[0,31],[5,5],[18,3],[6,1],[0,201],[-4,14],[0,79],[0,6],[0,170]],[[292575,493459],[2,20],[3,33],[2,50],[4,114],[5,123]],[[292591,493799],[1,0],[-1,-24],[8,-4],[0,-29],[-2,-28],[2,-20],[14,0],[1,-29],[-3,-26],[6,-8],[4,-2],[12,1],[13,0],[26,0],[25,0],[17,0],[0,26],[4,0],[0,-26],[4,0],[0,17],[4,-1],[0,-16],[7,-1],[2,0],[12,1],[26,0],[0,51],[13,-6],[6,6]],[[292792,493681],[0,-18],[7,0],[0,-32],[4,0],[-1,-53],[3,-32],[-6,0],[-1,11],[-4,1],[0,-13],[0,-31],[5,-35],[-1,-17],[0,-47],[14,-24]],[[292812,493391],[-5,-19],[-5,-38],[10,-48],[-2,0],[-11,0],[0,-85],[5,-15],[-3,-1],[1,-69],[-11,-1],[-18,0],[0,-76],[0,-22],[0,-70],[0,-39],[0,-24],[0,-24],[0,-167],[0,-1]],[[292773,492691],[-1,6],[-12,0],[-4,16],[-3,9],[-3,4],[0,2],[-5,17],[-10,5],[-3,6],[-3,15],[0,9],[-3,16],[0,3],[2,5],[0,5],[0,5],[0,6],[-7,29],[-2,8],[-8,31],[-5,10],[-8,37],[-11,-2],[-3,6],[-2,5],[-4,20],[2,23],[-5,20],[-4,12],[-2,4],[-8,-18],[-7,2]],[[292654,493007],[1,7],[11,41],[8,4],[2,23],[1,3],[-6,-10],[0,40],[-1,0],[0,38],[-3,43],[-3,1],[0,6],[-18,1],[-26,-3],[-33,1],[-5,2],[-1,-1],[-11,0],[0,92],[-16,-2],[-3,-13],[-8,-56],[-1,6],[-11,78],[-2,20],[12,5],[3,12],[-1,24],[17,3],[2,-1],[13,88]],[[292800,493392],[4,-13],[3,12],[-5,9],[0,0],[-2,-8]],[[291321,496803],[20,1],[24,1],[23,0],[2,0]],[[291390,496805],[8,0],[10,-1],[0,-16],[-5,-14],[0,-6],[8,-2]],[[291411,496766],[1,-11],[-6,3],[-2,-14],[-7,1],[-3,-15],[2,-2],[-4,-22],[3,-34],[-5,1],[-5,17],[-4,-2],[1,-17],[-6,-13],[7,-19],[-3,-17],[5,-27],[-4,-59],[7,-25],[3,0],[0,-4],[-4,-10],[-2,-1],[-2,-6],[7,-9],[0,-37],[-6,-46],[-4,-10],[-5,-11]],[[291375,496377],[-4,0],[-8,0]],[[291363,496377],[-16,0],[-4,-1],[-3,0],[-20,1],[-8,-5]],[[291312,496372],[0,6],[15,4],[0,14],[-7,8],[0,13],[-7,4],[4,5],[0,36],[-5,-5],[1,27],[0,28],[0,37],[3,0],[1,32],[10,5],[-13,48],[1,33],[0,49],[0,51],[7,4],[-1,32]],[[291734,489226],[9,19],[-7,1],[-2,7],[7,12],[6,3],[1,-12],[8,6],[-1,13],[12,59],[1,-17],[0,14],[-3,23],[3,28],[-7,15],[-13,8],[0,10],[12,28],[2,11],[3,-14],[6,4],[5,5],[-2,26],[-2,3],[3,20],[9,0],[11,-3],[20,-25],[2,-9],[0,-10],[9,-66],[-19,-9],[0,-11],[0,-22],[-14,-42],[-5,-29],[-3,-21],[-4,-11],[-1,-15],[-13,-5],[-16,-13],[-12,-31],[3,15],[-6,5],[-3,20],[1,10]],[[298473,490480],[23,0],[49,-1],[2,0],[5,0],[35,0],[27,-92],[2,-9],[3,-78],[3,-31],[17,-4],[6,20],[2,2],[5,14]],[[298652,490301],[3,-12],[1,-187],[2,-34],[5,-65]],[[298526,489881],[-51,2]],[[298475,489883],[0,85],[0,42],[0,43],[-3,1],[0,15],[0,48],[3,-1],[0,11],[1,5],[-1,6],[0,13],[0,75],[0,67],[-5,44],[-1,16],[8,84],[-3,1],[-1,42]],[[291443,492098],[17,0],[0,22],[3,0],[0,-22],[7,0],[6,6],[25,-5],[0,23],[3,-1],[6,-22],[4,5],[39,-4],[2,0],[3,0],[17,0]],[[291575,492100],[1,0]],[[291576,492100],[0,-5],[0,-37],[1,-32],[0,-11],[1,-43],[0,-42],[-1,-43],[-12,0],[0,-42],[11,1]],[[291576,491846],[2,-85],[0,-3],[0,-3],[0,-69],[-5,0]],[[291573,491686],[-5,0],[-16,-1],[-12,0],[-13,0],[-9,-1],[-16,1]],[[291502,491685],[-21,-1],[-5,0],[-17,0],[-21,0]],[[291438,491684],[0,32],[0,32],[0,52],[0,11],[0,31],[0,86],[0,10],[2,1],[1,7],[0,3],[-1,6],[-2,4],[0,11],[1,0],[0,4],[4,0],[0,4],[-4,0],[0,9],[-1,0],[0,25],[1,1],[0,42],[5,1],[-1,42]],[[293556,503515],[25,0],[0,25],[1,17],[12,-11],[1,-31],[0,-67],[1,-18],[4,-24],[17,-86],[2,-17],[2,-33],[13,0],[0,-11],[-13,0],[0,-18],[0,-44],[0,-23]],[[293621,503174],[-10,0],[-29,1],[-16,0],[-22,0],[-1,340],[13,0]],[[293531,503686],[32,0],[3,0],[3,0],[0,-64],[-13,0],[0,21],[-13,0],[0,32],[-12,0],[0,11]],[[293543,503557],[-12,0],[-1,1]],[[293530,503558],[0,21],[11,0],[2,-1],[0,-21]],[[293134,505186],[74,-267],[41,0],[0,43],[6,0],[0,42],[9,0],[32,-212],[7,0],[-5,39],[3,47],[38,1],[0,10],[10,0],[1,12],[30,-2],[10,2],[0,-24],[13,0],[0,44],[28,0],[1,-28],[10,0],[0,-14],[7,0],[0,20],[-7,0],[0,22],[19,0],[0,43],[3,0],[3,0],[0,-43],[-2,0],[2,-6],[0,-36],[7,-1],[6,0],[13,0],[3,0],[23,0],[13,0],[0,22],[0,13],[4,-16],[8,1],[1,-20],[15,0]],[[293560,504878],[8,-27],[8,-22],[0,-37],[0,-9],[-4,-33],[-26,1],[-2,-3],[0,-39],[7,-1],[-2,-42],[8,0],[2,-43],[1,-60],[-16,-2],[0,-23],[38,1],[1,-23],[6,0],[0,-20],[19,0],[0,-43]],[[293608,504453],[-42,0],[-22,-1],[1,-41],[12,0],[0,-42],[13,-1],[0,-22],[-25,0],[0,-97],[-1,-14],[-9,1],[1,24],[-5,7],[-12,18],[-5,-35],[-6,12],[-2,-2],[0,-19],[-8,0],[0,-18],[33,-40],[39,-50],[4,34],[-7,13],[0,17],[2,2],[-8,21],[0,3],[4,15],[17,4],[1,-80],[30,-78],[4,-12],[0,-3],[9,-22],[3,13],[2,-13],[1,13],[7,-16],[16,-4],[6,-13],[12,-4],[0,-21],[2,24],[10,1],[0,-46],[0,-7],[3,-2],[38,-21],[11,-9],[1,81],[14,4]],[[293752,503588],[0,-72],[-1,-173],[0,-6],[0,-3]],[[293751,503334],[-10,36],[-5,11],[-48,101],[-28,44],[-14,38],[-8,23],[-27,98],[-47,166],[-20,1],[-20,2],[0,-7],[0,-113],[7,0],[0,-48]],[[293531,503686],[-9,0],[-2,-21],[-9,0],[0,22],[-6,0],[-13,0],[-19,0],[-13,0],[0,-42],[-6,0],[0,-21],[-7,-1],[0,-21],[6,0],[0,-64],[7,0],[0,-21],[-19,1]],[[293441,503518],[0,64],[-19,0],[0,74],[19,0],[0,21],[0,11],[0,21],[-26,0],[0,43],[0,64],[1,1],[-1,41],[-6,0],[-6,-43],[-26,0],[0,128],[-26,0],[0,-85],[13,0],[0,-42],[-13,0],[0,-37],[-12,-1],[-1,-90],[-2,0],[0,-49],[-1,0],[4,-233],[-1,-41],[-3,-21],[-15,-67]],[[293320,503277],[1,8],[-12,17],[-3,21],[5,-21],[3,10],[2,-13],[7,-5],[4,18],[-11,28],[-6,49],[-1,44],[5,43],[0,19],[-7,26],[-3,19],[-3,76],[-9,49],[-5,12],[-6,61],[-5,4],[-4,24],[-4,10],[0,15],[-5,-1],[-3,19],[4,2],[-6,24],[-16,52],[-16,12],[-2,24],[-7,31],[-15,21],[-2,36],[1,39],[-5,25],[-3,-1],[-2,-22],[-8,-14],[-6,1],[-6,11],[-4,20],[1,17],[-4,30],[6,-36],[4,-7],[5,23],[-2,17],[3,11],[4,-9],[8,13],[3,17],[7,20],[2,23],[-3,4],[1,56],[5,4],[4,15],[2,35],[-18,25],[0,17],[6,31],[1,18],[-4,16],[-14,1],[0,109],[-6,-4],[3,-24],[-14,2],[-2,19],[10,21],[-40,3],[-1,359],[0,290]],[[298729,489191],[25,-367],[12,-167],[11,-127],[19,-197],[5,-53],[-3,-29],[7,-19],[9,-92]],[[298814,488140],[-10,0],[-19,-10],[-4,-3],[-5,-5],[-4,8],[-2,12],[-4,20],[-41,1]],[[298597,488174],[1,165],[0,108],[-12,0],[-2,56],[-11,1],[-1,10],[1,254],[26,-1],[57,-2],[26,0],[0,83],[-6,4],[0,67],[-3,11],[-5,38],[-2,-2],[-7,36],[0,30],[-4,3],[0,20],[2,8],[-5,15],[-5,-12],[-3,-12],[-5,-29],[1,105],[8,24],[-1,26],[3,12]],[[298447,491464],[-6,0],[0,-43],[-13,0],[-26,1],[0,-21],[-12,1],[0,20],[-13,1],[0,86]],[[298377,491509],[-1,43],[7,-1],[0,22],[10,-1],[-3,-26],[0,-31],[3,0],[3,-1],[0,16],[7,-1],[0,-21],[12,0],[0,85],[13,0],[-8,60],[27,-189]],[[296238,505117],[3,-14],[25,-182],[27,-65],[6,-11],[6,4],[5,-9],[9,-46],[5,-6],[9,3],[9,-13],[7,-20],[7,-34],[0,-20],[-1,-31],[-3,-17],[-1,-41],[4,-31],[8,0],[4,-33],[0,-20],[12,-87],[9,-25],[9,-49],[1,-17],[4,-28],[2,-21],[6,-43],[2,-7],[12,-12],[6,12],[12,7],[4,11],[12,-1],[-5,44],[1,159],[1,21],[13,45],[0,37],[-3,41],[-6,37],[-13,23],[-7,27],[-8,15],[-18,62],[-2,17],[-6,11],[-16,65],[-5,31],[-2,20],[1,33],[9,34],[-1,50],[2,28],[8,59],[3,15],[12,6],[0,-81],[77,3],[-1,294],[14,4],[52,25],[18,20],[21,32],[28,-539],[5,0],[2,-55],[-6,-45],[-4,-62],[-23,0],[-2,-28],[-3,-19],[7,-7],[13,-5],[11,2],[4,13],[11,-15],[4,-24],[-1,-42],[4,-40],[12,-17],[89,24]],[[296748,504589],[1,-21],[21,-63],[6,-13],[3,-22],[10,-56],[10,-90],[6,-67],[0,-218],[-2,-69],[-1,-114],[5,-29],[6,-26],[7,-42],[3,-30],[-1,-47],[1,-53],[6,23],[13,9],[-4,-24],[-6,-61]],[[296832,503576],[-24,-1],[2,-299],[-33,58],[-4,-37],[-4,-68],[-118,-9],[-4,-34],[-3,0],[-10,-36],[-8,-8],[-7,-30],[0,-16],[-7,-19],[2,-12],[-9,2],[0,-16],[-4,5],[-4,-11],[-6,10],[1,-21],[-2,-9],[-2,-44],[-1,-55],[-2,-38],[2,-42],[-5,35],[-2,-4]],[[296580,502877],[-50,172],[-11,57],[0,79],[2,61],[23,135],[-8,132],[-3,27],[-1,38],[-7,53],[-13,52],[-12,42],[-1,26],[4,33],[1,23],[-4,34],[-10,23],[-8,-1],[-5,17],[-2,26],[-2,9],[-7,-1],[-5,-27],[-10,-15],[-7,4],[-5,27],[-7,26],[-5,35],[-3,13],[-5,2],[-4,-11],[-4,-21],[-4,-6],[-4,4],[-3,15],[-11,14],[-2,11],[-2,30],[-4,8],[-19,-4],[-5,-17],[-5,-7],[-10,4],[-7,-10],[-5,-23],[-6,-16],[-7,-10],[-1,-12],[4,-13],[7,-61],[-2,-25],[-3,-15],[-18,-43],[-2,-14],[4,-18],[2,-23],[0,-33],[-3,-10],[-10,-1],[-15,-13],[-7,-16],[5,-13],[5,0],[5,-16],[-2,-15],[-5,-11],[-20,3],[-14,8],[-16,-9],[-7,4],[-13,-11],[-12,-17],[-8,-24],[-9,-44],[-3,-5],[0,22],[-2,12],[-19,-2],[-1,-9],[1,-26],[-4,-12]],[[296149,503526],[3,50],[-2,58],[-3,16],[-6,10],[-4,-5],[-6,-27],[-6,-11],[-7,9],[-3,13],[-2,-5],[-9,-34],[-5,-5],[-4,5],[-2,25],[-16,27],[-3,23],[-10,35],[-4,4],[-3,3],[-1,0],[0,1]],[[296056,503718],[4,21],[0,9],[-1,-2],[-2,14],[2,23],[-1,32],[-3,13],[3,36],[-10,14],[-5,24],[-5,331]],[[296038,504233],[3,-3],[5,5],[8,-15],[5,-1],[3,-29],[-1,-12],[3,-1],[9,31],[11,-5],[5,14],[-7,28],[-1,3],[-4,13],[10,0],[-1,30],[18,2],[1,12],[13,-1],[0,-15],[-7,-1],[0,-47],[7,0],[0,-17],[-1,-5],[1,0],[3,0],[5,21],[15,6],[-1,-4],[5,-15],[0,32],[12,1],[0,59],[-13,14],[0,14],[13,0],[0,41],[26,0],[12,1],[1,84],[9,0],[0,37],[1,6],[1,6],[0,5],[9,41],[2,6],[1,4],[4,12],[8,13],[6,10],[1,3],[0,131],[0,370]],[[293439,502481],[0,185],[59,-2],[45,-2],[39,-1],[0,43],[12,0],[0,-43],[52,-1],[0,169],[52,0],[0,-212],[13,0],[0,-128],[17,0],[1,-48],[3,-15],[8,13],[2,-55],[8,-2]],[[293438,501814],[0,85],[0,30],[0,13],[0,170],[0,43],[1,326]],[[294921,499371],[1,-3],[6,-3],[13,0]],[[294941,499365],[1,-19],[12,-1],[0,-42],[25,0],[0,43],[32,1],[-6,-34],[1,-8],[-8,-22],[-4,-18],[4,-13],[8,2],[4,13],[0,22],[5,15],[16,1],[1,-43],[-1,-14],[5,-24],[4,-46],[1,-1],[2,1],[1,7],[0,-50],[-11,-1],[-6,-17],[5,-12],[-8,-36],[-2,14],[4,6],[-18,0],[10,-26],[5,-6],[2,-15],[-4,-3],[-1,-35],[-5,-16],[4,-35],[5,-19],[0,-15],[1,-2],[24,-3],[0,28],[-5,0],[4,22],[0,24],[-4,19],[20,-1],[18,0],[0,-128],[7,0],[0,-21],[6,0],[0,-43],[4,0],[0,-21],[9,0],[0,-21],[7,0],[0,21],[19,1],[0,3],[3,10],[4,5],[3,-34],[0,-15],[0,-1],[0,-5]],[[295032,498408],[-30,0],[-46,0],[-112,-2],[0,17],[2,11],[-1,23],[4,4],[9,-12],[6,25],[6,-1],[-1,23],[1,32],[-12,49],[3,25],[0,29],[-9,0],[0,72],[-13,0],[0,43],[-24,-1]],[[294941,499365],[5,3],[26,52],[5,16],[2,23],[0,104],[13,-14],[10,-11],[2,-3],[14,-17],[27,-53],[19,78]],[[295064,499543],[-1,-31],[-1,-3],[5,-19],[8,-10],[11,-4],[13,18],[2,12],[7,28],[-1,14],[9,-5],[9,42],[12,3],[17,19],[5,-1],[26,-1],[-2,-10],[5,-17],[-4,-11],[4,-38],[7,-16],[7,0],[1,-10],[2,-40],[5,-107],[-1,-7],[2,-77],[-5,-21],[4,-6],[2,-10],[6,-54],[16,-38],[1,-2]],[[291726,502459],[119,2],[46,-1],[4,0]],[[291895,502460],[6,1],[134,0],[174,1]],[[292209,502462],[0,-204],[0,-13],[4,-21],[9,-28],[7,-1],[0,-9],[6,-1],[0,-63],[26,1],[0,-170],[-34,-3],[-5,2],[0,-311],[-6,-6],[0,-69],[-7,0],[0,43],[-6,0],[0,-11],[-7,0],[1,-11],[-10,1],[-3,-22],[-8,-1],[-2,-3],[-13,-83],[2,-43],[9,-90],[2,-31],[5,-49]],[[292179,501266],[-12,-1],[0,-54],[-8,-22],[-29,1],[-3,-11],[0,-19],[-7,-1],[-2,29],[-3,22],[-17,98],[-1,0],[18,-105],[3,-23],[-18,-1],[-1,22],[-14,-1],[-3,-10],[0,-10],[-6,0],[-13,0],[-7,-2],[-6,1],[-7,-1],[-5,0],[-103,-3],[-12,2],[-34,1],[-1,0],[-10,0],[0,83],[16,0],[3,55],[0,113]],[[291897,501429],[-1,233],[-12,-4],[-5,11],[-3,20],[-10,18],[-10,31],[-8,4],[-6,8],[-5,18],[-2,23],[-7,35],[-2,33],[-7,-7],[-4,-19],[-14,-15],[13,51],[12,11],[1,12],[-1,26],[0,63],[1,12],[-6,202],[-95,0],[0,264]],[[298090,492282],[141,-2],[5,70],[6,9],[18,68],[2,9],[6,31],[1,4],[7,88],[-1,58],[1,12],[11,31],[38,0]],[[298325,492660],[15,-100],[23,-189],[19,-171],[7,-40],[9,-53],[46,-249],[9,-48],[22,-130],[32,-65],[13,-44],[-6,-14],[0,11],[-6,25],[-5,1],[-2,-5],[2,-24],[2,-8],[0,-21],[-27,-60]],[[298478,491476],[-7,-16],[-5,-15],[-8,-23],[-5,-1],[-6,43]],[[298377,491509],[-26,0],[0,-41],[-19,0],[0,41],[-6,0],[0,-15],[0,-69],[-23,1],[-3,0],[0,14],[0,8],[0,15],[-1,5],[-5,15],[0,27],[-6,1],[-2,-6],[-6,-1],[-4,3],[-9,24],[1,6],[-9,9],[0,7],[-22,0],[0,-42],[-10,1],[-1,42],[0,24],[12,18],[-13,1],[0,18],[0,23],[-2,0],[-5,1],[-26,-3],[-32,1],[-9,0],[-15,6],[-13,0],[-7,0],[-2,0],[-3,0],[-10,2]],[[292179,501266],[32,-274],[0,-95],[3,-39],[0,-20],[-17,0],[-1,-8],[-10,-78],[-3,-28],[-5,8],[-3,0],[-1,-20],[-1,-42],[3,1],[0,-3],[-1,-2],[-1,-10],[-8,-5],[1,-26],[-8,0],[0,-43],[-12,1]],[[292147,500583],[-6,-1],[-9,1],[-2,2],[-8,-1]],[[292122,500584],[-13,0],[-26,-1],[-23,-1],[-2,0],[-22,-1],[0,-21],[-14,0],[0,21],[-2,0],[0,-31]],[[292020,500550],[-17,0],[0,30],[-20,0],[0,-23],[-11,7],[0,15],[-22,-3],[-16,-11],[-15,-18],[-6,-10],[-43,-80],[2,-9],[-3,-17],[-8,-16]],[[291861,500415],[-3,18],[0,2],[-8,-15],[-7,-9],[-6,-1]],[[291837,500410],[-11,11],[-21,5],[-9,34],[-17,70],[3,8],[-1,7],[-4,-9],[-8,35],[-14,56],[-5,6],[2,40],[20,6],[4,17],[1,35],[12,-2],[-1,21],[-45,-1],[0,38],[0,134],[-94,-2],[-1,173],[89,-3],[-1,40],[13,2],[0,127],[26,4],[-2,138],[77,3],[7,22],[14,34],[5,2],[8,11],[13,-43]],[[295425,500807],[1,0],[25,0],[0,-13],[6,0],[0,13],[11,0],[0,-6],[8,-6],[2,-13],[3,12],[1,13],[1,0],[6,1],[0,-6],[13,1],[0,-20]],[[295502,500783],[0,-82],[0,-21],[13,0],[0,-22],[8,1],[0,-22],[-1,-12],[-2,-24],[0,-2],[-2,-12],[-6,-35],[3,0]],[[295515,500552],[1,-37],[5,0],[-3,-19],[0,-63],[-3,-79],[2,-10],[-1,-4],[0,-65]],[[295516,500275],[-9,-21],[-3,-3],[0,-11],[-10,4],[-3,-25],[-4,1],[0,12],[-9,0],[0,53],[0,22],[-7,-7],[-6,-2],[-21,-4],[-17,0],[0,2],[-15,-7],[-1,-2]],[[295411,500287],[-1,5],[-8,-16],[-6,-25],[-2,0],[1,8],[-7,0],[0,12],[-1,0],[1,12],[0,9],[0,83],[0,129],[-1,38],[0,6],[-6,0],[5,53],[5,31],[-15,2],[0,20],[-3,5],[-1,17],[3,0],[-1,21],[1,17],[0,5],[-1,7],[-2,3],[-8,17]],[[295364,500746],[7,0],[0,15],[3,0],[0,30],[3,0],[0,-8],[23,0],[6,21],[7,0],[0,-25],[12,1],[0,27]],[[291360,493164],[0,-5]],[[291360,493159],[1,-21],[-5,1],[0,-22],[1,-1]],[[291357,493116],[-2,0]],[[291355,493116],[-1,21],[-6,5],[0,11],[12,11]],[[291245,493887],[7,4],[0,6],[17,-1],[26,0],[8,0],[-2,-43],[3,0],[3,0],[0,32],[5,0],[0,11],[4,0],[0,-11],[-3,-11],[0,-21],[0,-21],[4,0],[2,0],[0,21],[3,0],[3,0],[0,-21],[2,0],[0,10],[4,0],[0,9],[3,0],[0,2],[-7,0],[5,10],[0,22],[2,0],[0,-4],[2,0],[0,-28],[7,-1],[2,-16]],[[291345,493836],[17,13],[4,19],[-1,-10],[6,-28]],[[291371,493830],[-1,-3],[-1,-7],[-5,-31],[-1,-24],[-1,-10],[0,-13],[-1,-18],[10,-1],[1,-20],[2,-23],[1,-5],[0,-4],[1,-3],[-1,-2],[-14,-29],[-3,-19],[0,-1]],[[291358,493617],[-2,0],[-11,0],[-1,-44],[0,-21],[0,-21],[0,-41],[0,23],[4,-1],[0,8],[2,0],[0,13],[2,-3],[3,-17],[8,-47],[-8,39],[-1,-39],[0,36],[-3,5],[-1,-40],[-6,-1],[2,-86],[1,-88],[0,-6],[1,-23],[2,-31]],[[291350,493232],[2,-32],[-4,0],[-1,0],[-4,1],[-3,0],[-2,1],[-4,1],[-1,42],[-5,-2],[-3,0],[-3,1],[-1,46],[-7,-16],[-10,11],[-3,9],[2,36],[-2,25],[-5,25],[-1,10],[0,34],[-6,1],[0,34],[-13,7],[1,21],[-3,-1],[1,6],[2,17],[-3,23],[-4,17],[0,-40],[-6,0],[-5,1],[-12,0],[-3,0]],[[291244,493510],[0,131],[0,43],[0,42],[2,0],[0,43],[-2,0],[0,17],[0,19],[0,28],[0,11],[0,10],[0,21],[1,12]],[[291307,492695],[4,20],[11,23],[0,2],[0,20],[1,6],[3,12],[2,0],[-2,6],[18,61],[4,0],[0,14],[0,1]],[[291348,492860],[0,2],[2,5],[24,58],[9,21],[3,14]],[[291386,492960],[2,-15],[8,0],[4,0],[7,-40],[-8,-1],[0,-21],[12,0],[5,-21],[4,-21],[4,-21],[4,-19],[1,-7],[3,-14],[3,-15],[2,-12],[0,25]],[[291437,492778],[2,0],[26,0],[36,0],[0,1]],[[291501,492779],[25,0],[0,-103],[0,-43],[0,-35]],[[291526,492598],[0,-6],[-10,-22],[-5,-15]],[[291511,492555],[-10,11],[-6,21],[0,22],[-1,0],[-30,-1],[4,-21],[-4,22],[-14,0],[-4,-8],[-1,4],[-8,-1],[0,4],[-19,0],[0,-4],[-28,0],[-3,-1],[0,5],[-27,0],[-5,-11],[-6,0],[0,-11],[-12,21],[-14,0],[-12,-9],[-1,-5],[-13,-16],[-5,12],[0,26],[1,5],[1,5],[1,6],[1,6],[1,4],[0,4],[1,5],[1,5],[1,5],[3,18],[2,8],[2,8],[0,1]],[[295867,500306],[8,0],[12,1],[26,0],[0,-36],[4,-51],[0,-41],[8,-3],[16,14],[8,18],[2,8],[-1,4],[1,-1],[1,88],[15,1],[-3,-40],[0,-16],[3,-20],[3,-12],[85,1],[4,0]],[[296059,500221],[0,-2],[52,1],[1,-9],[-4,-32],[-5,-4],[2,-37],[23,-1],[42,0]],[[296170,500137],[-16,-19],[-11,-30],[-6,-30],[-4,-31],[-1,-32],[0,-126],[2,-33],[3,-14],[7,-19],[7,-8],[42,1],[7,10],[-5,33],[3,28],[10,-45],[2,-30],[0,-151],[0,-14]],[[296210,499627],[-1,0],[-215,-3],[-43,-1],[-10,-2],[-18,-17],[-2,-2]],[[295921,499602],[-10,-9],[-10,-2]],[[295901,499591],[0,3],[-1,0],[1,100],[-6,-21],[-1,-23],[-5,26],[-1,4],[-1,9],[-1,5],[-2,14],[-15,0],[-1,4],[-3,16],[4,7],[-6,35],[-1,23],[-8,-1],[-3,14],[11,1],[0,120],[0,39],[14,0],[8,0],[-9,38],[-1,51],[0,38],[1,0],[-1,75],[-12,5],[3,6],[0,43],[-8,-1],[-1,6],[-1,0],[0,37],[13,3],[-1,39]],[[291919,486177],[5,0],[2,0],[6,0],[10,-1],[6,0],[1,-20],[2,0],[0,9],[11,11],[4,0],[8,0],[-1,-20],[16,-9],[0,29],[11,0],[9,0],[0,-10],[5,-1],[13,2],[0,9],[13,0],[25,0]],[[292065,485830],[0,-110],[0,-10],[0,-28],[-5,0],[0,-14],[3,-14],[2,0],[0,-9],[-3,2],[3,-28],[0,-21],[0,-68],[0,-81],[0,-36],[0,-20],[0,-40],[11,0],[3,-31],[-4,-11],[3,-1],[0,-31],[5,0],[1,-42]],[[292084,485237],[-18,2],[-1,5],[-12,-1],[3,-13],[0,-29],[-4,-8]],[[292052,485193],[-30,156],[-27,169],[-4,15],[-30,119],[-2,4],[-6,38],[-6,34],[-3,13],[-12,96],[-3,11],[-3,10],[-3,48],[-2,33],[2,11],[2,21],[-3,47],[-2,137],[-1,14],[0,8]],[[293435,498006],[4,15],[7,12],[12,14],[9,23],[11,7],[6,16],[2,-14],[13,11],[4,13],[4,-3],[14,15],[3,14],[5,-6],[9,5],[3,-9],[3,15],[3,-7],[6,5],[3,-11],[3,10],[17,-16],[8,12],[11,-13],[6,-21],[10,0],[10,-17],[4,-10],[7,-44],[6,-51],[6,-32],[8,-21],[22,5],[4,11],[4,34],[4,7],[4,-19],[6,-2],[20,-4],[15,14],[8,-4],[0,423]],[[293739,498383],[54,1],[257,9],[0,185],[120,-2],[87,2],[0,-180],[94,0]],[[294351,498398],[1,-16],[6,2],[1,-8],[16,-82],[3,-44],[6,-8],[10,-62],[3,-36],[10,-9],[-3,-16],[0,-31],[1,-20],[4,-14],[-1,-22],[8,-42],[3,-46],[4,-24],[4,0],[20,48],[4,29],[16,-15],[1,-586],[0,-816]],[[294363,495855],[0,127],[-108,-1],[13,27],[1,10],[-2,19],[-6,7],[0,-19],[-13,-1],[0,164],[7,-7],[-1,14],[-20,-12],[-2,-6],[0,-14],[-1,-4],[-6,-1],[1,-26],[-10,-17],[-6,-4],[-2,0],[-10,0],[-8,0],[-6,0],[-3,0],[-31,0],[-1,10],[-2,32],[2,-128],[-15,-1],[-1,-84],[-25,0],[-4,0]],[[294104,495940],[-13,138],[-7,69],[-1,12],[-23,-24],[0,-3],[-138,-142]],[[293922,495990],[1,4],[4,24],[4,13],[10,28],[11,19],[0,-49],[25,26],[13,11],[0,48],[13,13],[-1,-18],[13,0],[0,31],[7,10],[19,0],[0,43],[0,12],[-3,-13],[-10,-1],[-13,-25],[-2,-4],[-4,-4],[-32,-14],[0,22],[-5,0],[0,-24],[-5,-2],[-3,2],[-21,39],[-1,2],[-6,9],[-10,1],[0,5],[0,37],[-13,0],[0,4],[0,15],[1,70],[-12,0],[0,28],[-1,11],[1,3],[-1,54],[4,7],[-31,193],[0,76],[-3,0],[0,487],[-2,34],[10,38],[-1,28],[-1,10],[-17,64],[-2,20],[-9,0],[-2,0],[0,62],[25,85],[-4,33],[2,38],[-2,17],[-6,12],[-5,27],[-3,35],[-3,15],[-14,12],[-7,19],[-8,12],[-12,-17],[-14,4],[5,-16],[6,0],[1,-39],[4,-27],[-3,-15],[3,-29],[-9,6],[-4,-46],[-6,10],[0,-196],[9,-1],[-63,0],[-2,2],[0,-5],[-7,-25],[-11,10],[-18,-17],[-6,0],[-10,33],[-14,-2],[-31,5],[-7,44],[-20,-41],[-4,-1],[-3,7],[-15,12],[-4,18],[0,27],[-9,-1],[-13,13],[-6,31],[-4,5],[-11,-3],[-11,13],[-5,28],[-15,55],[-5,24],[-6,44],[-8,30],[-7,7],[-21,63],[-8,37],[27,-1],[0,12],[-2,39],[-5,14],[-7,42],[-16,46],[-10,7],[-10,-27],[0,83]],[[298524,489194],[-102,3],[-51,3],[-44,0],[-7,1],[-2,0]],[[298318,489201],[-112,5],[-27,2],[-11,-4],[-152,2]],[[298016,489206],[1,13],[0,158],[-50,0],[-3,12],[-53,2],[-24,-8],[0,169],[-27,0],[2,9],[0,157],[23,0],[1,171],[27,-1],[28,-7],[23,0],[1,273],[52,-2],[-1,-594],[2,-2],[48,-2],[7,2],[121,-6],[1,255],[20,-1],[5,-1],[0,16],[0,9],[0,62],[50,1],[51,-3],[52,-2],[6,0],[0,43],[32,-1],[0,-27],[7,-6],[-4,-10],[9,0],[52,-2]],[[293622,505555],[-1,-39],[17,-1],[4,-13],[2,-7],[9,-32],[-8,-16],[-12,11],[7,-11],[5,-2],[3,4],[3,7],[7,-18],[1,-32],[6,-5],[3,5],[0,-7],[3,-15],[0,-29],[-1,-70],[0,-10],[-3,-65],[1,-17],[-5,-36],[0,-68],[33,1],[9,0],[16,2],[30,2],[0,-8],[0,-36],[1,-7]],[[293752,505043],[0,-121],[0,-214],[-14,-1],[1,-59],[14,0],[0,-42],[0,-173],[0,-2]],[[293753,504431],[-11,20],[-19,2],[-42,0],[-13,0],[-51,0],[-9,0]],[[293560,504878],[4,21],[3,6],[0,57],[-9,0],[-4,0],[-3,0],[0,17],[-6,0],[0,-17],[0,42],[-13,1],[0,43],[-13,0],[0,110],[0,17],[-4,0],[-9,2],[0,11],[13,6],[6,-6],[0,30],[27,0],[6,6],[0,37],[-1,42],[0,11],[0,21],[0,10],[13,1],[0,42],[-7,0],[0,8],[-6,1],[0,76],[13,0],[0,42],[-12,0],[0,41],[-74,2]],[[293484,505558],[-1,31],[3,96],[7,-1],[0,43],[37,1],[2,0],[-1,84],[14,1],[11,0],[3,-13],[8,-8],[6,11],[21,0],[0,10],[16,0],[10,0],[2,-42],[16,-1],[0,-42],[-16,0],[0,-43],[-7,0],[0,-43],[7,1],[0,-88]],[[291531,499415],[9,0],[2,0],[3,0],[5,0],[21,0],[9,1]],[[291580,499416],[0,-89],[-30,0],[-1,-25],[1,-18],[-4,-7],[-2,-11],[-15,-163],[-1,8],[-17,59],[-4,12],[-7,22],[-2,0],[-13,-16],[-9,-20]],[[291476,499168],[-6,10],[-4,-7],[-4,-6],[-2,-4],[-21,1],[-1,6],[1,8],[16,24],[0,10],[0,19],[0,2],[-9,19],[0,9],[9,30],[5,0],[6,-6],[6,-7],[10,-9],[10,62],[12,16],[2,3],[0,2],[1,15],[1,15],[9,-1],[9,18],[1,2],[4,10],[0,6]],[[297727,495606],[53,-2],[0,36],[10,2],[15,-4],[30,7],[2,2],[6,17],[16,-58],[2,0],[26,1],[0,-5],[5,0],[-1,5],[6,0],[40,-1]],[[297937,495606],[19,-136],[9,-61],[10,-73],[5,-66],[2,-21]],[[297982,495249],[23,-150]],[[298005,495099],[-47,2],[-5,0],[3,-21],[9,-65],[-2,0],[-29,2],[-1,-42],[0,-44],[0,-84],[-26,3],[-25,0],[-7,0],[0,-49],[0,-16],[0,-19],[-12,0],[0,42],[-13,2],[-19,1]],[[297831,494811],[0,41],[0,21],[0,21],[0,21],[-1,5],[0,16],[0,11],[0,10],[1,11],[0,10],[0,43],[0,14],[0,35],[0,21],[0,14],[0,6],[3,0],[4,36],[-5,43],[-2,1],[0,85],[0,42],[-23,14],[-12,6],[-1,15],[-15,1],[-1,83],[0,8],[0,44],[-3,10],[-38,-1],[-10,0],[-1,64],[0,44]],[[297826,495326],[4,-3],[0,9],[0,10],[-4,-1],[0,-15]],[[291947,492499],[-1,160],[11,0],[37,-1],[6,25],[0,20],[0,75],[24,-3],[1,22],[7,7],[0,3],[1,0],[1,6],[4,6],[0,10]],[[292038,492829],[7,-4],[2,-17],[3,0],[1,-30],[25,-1],[1,6],[0,-5],[16,-1]],[[292093,492777],[1,-17],[4,-18],[14,-65],[6,-25],[1,-8],[1,-1],[3,-7],[23,-61],[4,-23],[4,-24],[-1,-29],[0,-2],[-3,-65],[-3,-57],[-4,-89],[-8,-18],[-46,19],[-66,63],[-49,92],[-5,8],[-16,-43],[-11,32],[0,12],[9,38],[-2,10],[-2,0]],[[292542,494784],[26,60],[0,-55],[13,0],[0,14],[3,17],[0,-27],[2,-7],[4,0],[0,-8],[42,0],[0,43],[20,1],[0,-44],[18,0],[0,74],[38,1],[0,-95],[25,-1],[0,-20],[-2,-4],[0,-41],[11,-5],[4,9],[18,0],[1,1],[22,41],[5,-87],[-4,84],[10,43],[2,17],[3,-7],[-3,34]],[[292800,494822],[15,0],[0,-52],[6,-10],[1,-4],[3,-11],[1,-94],[24,-1],[-1,-23],[0,-5],[-13,-10],[-2,-30],[-6,5],[1,-51],[-2,-12],[3,2],[0,-41],[3,-1],[1,-47],[-4,0],[0,-13],[-7,1],[-3,-8],[0,47],[-10,0],[-8,-152],[9,1],[-1,40],[4,2],[4,-16],[2,-68],[7,-1],[0,-42],[24,4],[-14,-9],[0,-82],[-6,0],[0,-35],[3,-39],[-10,-10],[-3,0],[-14,-3],[0,-19],[-12,0],[-1,16]],[[292794,494051],[0,6],[-12,-1],[2,-27],[-9,-1],[-2,11],[0,-68],[0,-85]],[[292773,493886],[-16,0],[-3,11],[0,31],[-7,1],[0,-11],[-15,-1],[-1,11],[-9,0],[0,64],[-7,1],[0,10],[-2,0],[-1,15],[0,38],[10,0],[0,60],[-13,-18],[-8,-12],[-7,-4],[-10,5],[-13,7],[-13,6],[-13,-18],[-16,-32],[-9,-4]],[[292620,494046],[0,93],[13,1],[0,32],[6,0],[0,42],[4,11],[2,0],[0,43],[-6,1],[0,23],[4,18],[-7,0],[0,22],[-5,-9],[-11,10],[0,8],[0,17],[-9,-1],[2,17],[-6,11],[-6,1],[-6,-3],[-2,-1],[-3,117],[-5,45],[-6,28],[-29,114]],[[292550,494686],[0,6],[0,53],[-2,13],[-2,7],[-4,19]],[[292653,494098],[4,12],[4,21],[-2,1],[0,9],[-1,0],[0,-18],[-2,0],[0,-9],[-3,1],[0,-17]],[[294107,504787],[0,7],[0,10],[12,29],[-5,63],[-3,53],[-4,117],[-2,85],[5,31],[15,35],[4,36],[0,11],[-5,39],[-4,59],[-12,99],[-10,48],[-2,31],[1,14],[0,14]],[[294097,505568],[177,-2],[9,0],[0,-18],[-7,0],[-2,-20],[21,0],[0,-42],[26,0],[0,21],[5,0],[0,20],[8,0],[0,-63],[13,1],[0,-192]],[[294347,505273],[-26,0],[1,-53],[0,-39],[16,1],[9,23]],[[294347,505205],[1,-6],[1,-20],[1,-17],[4,-22],[15,-58],[7,-18],[8,-14],[26,-33]],[[294410,505017],[-22,-63],[-7,-6],[1,-23],[2,-7],[1,-33],[13,0],[0,-84],[12,0],[0,-43],[-12,0],[-22,3],[-17,47],[0,-132],[0,-98],[-1,-36],[13,1],[26,60],[2,-33],[5,-28],[2,-4]],[[294406,504538],[5,-15],[4,-58],[-2,-59],[-6,-68],[-6,-43],[-13,-80],[-4,-15],[-3,-20],[-1,-11],[-1,-43],[1,-26],[1,-17],[3,-26],[0,-98],[-3,-14],[-32,6],[0,-5],[3,-17],[0,-24]],[[294352,503905],[-20,2],[0,-17],[-11,11],[-6,5],[0,-2],[-5,5],[-3,4],[-9,8],[-2,3],[-1,-5],[-4,-17],[0,-13]],[[294291,503889],[-5,11],[-13,22],[-20,26],[-1,-6],[-9,-4],[-4,-4],[-4,-8],[-2,-6],[0,-7],[-1,-3],[-3,-10],[-6,-10],[-2,-2],[-7,-8],[-10,-21],[-9,-46],[-5,-6],[-1,1],[-2,3],[0,2],[-2,2],[-2,0],[-2,3],[0,-3],[-3,-22]],[[294077,504115],[-2,97],[4,99],[4,52],[8,86],[1,119],[9,64],[4,85],[2,58],[0,12]],[[297501,496358],[1,-1],[14,4],[10,-8],[36,5],[59,3],[0,138],[-1,28],[5,3],[78,3],[1,-1],[7,0],[10,2],[4,0],[1,-23]],[[297726,496511],[0,-4],[0,-22],[0,-7],[0,-5],[0,-4],[0,-2],[0,-21],[-1,-22],[-8,0],[1,-61],[8,1],[0,-43],[-2,0],[0,-8],[-1,0],[0,-34],[3,0],[0,-17],[-3,0],[0,-6],[3,0],[0,-38],[-4,0],[0,-23],[-12,0],[0,-24],[-6,0],[0,-26],[22,3],[0,-80],[-3,0],[0,-39],[3,0],[0,-3],[0,-31],[1,-4],[-1,-7],[0,-43],[0,-8],[0,-8],[1,-17],[0,-13],[-1,-7],[-7,-4],[0,-22],[1,-6],[-27,-4],[-13,-12],[-4,-9],[-13,-48],[-5,-10],[56,0],[0,-32],[7,2],[-1,-26],[-6,-1],[0,-29],[4,0],[0,-42],[-4,0],[-3,-28]],[[297711,495617],[-9,-2],[0,-14],[-25,-4],[-1,16],[-3,-3],[-9,1],[-9,0],[0,-14],[-8,-3],[-9,16],[0,-78],[-13,0],[1,-21],[-5,0],[-1,0],[-20,-1],[1,-80],[-26,-1],[0,-80],[-1,-73],[-22,0],[-29,0],[-6,2],[-8,7],[-9,15],[-21,48],[1,40],[4,28],[3,91],[4,19],[4,41],[-1,11],[-9,12],[8,42],[0,43],[-1,0],[-1,7],[0,2],[6,31],[2,3],[0,21],[-5,2],[0,31],[-5,16],[0,6],[10,13],[3,215],[1,51],[0,47],[-3,50],[4,52],[-3,48],[0,88]],[[297048,505703],[11,-76],[5,-29],[2,-14],[7,-56],[20,-76],[9,-48],[-2,-3],[2,-3],[2,-24],[1,-8],[1,-17],[8,-20],[1,-5],[3,-25],[2,-12],[6,-59],[6,-64],[14,-138],[7,-69],[7,-55]],[[297160,504902],[-12,-16],[-7,-16],[-6,3],[-4,0],[1,-6],[-7,-2],[-2,0],[-13,0],[6,-56],[0,-11],[2,-17],[-11,0],[0,-12],[4,1],[1,-8],[1,-8],[1,-5],[0,-9],[-2,-5],[0,-11],[-2,0],[-7,-31],[11,0],[2,-14],[2,-25],[6,0],[7,-12],[3,-22],[-9,-1],[-12,17],[-5,-5],[1,-30],[-11,16],[-6,26],[-2,28],[-138,-83],[1,-19],[-15,133]],[[296938,504702],[-15,140],[-6,66],[-9,114],[-11,131],[-15,126],[-21,169],[2,0]],[[296585,509101],[14,-102],[13,-84],[2,-13],[13,-93],[1,-7],[7,-58],[1,-6],[4,-29]],[[296640,508709],[-14,-21],[-10,-16],[-12,-18],[-2,-4],[3,-17],[-8,-12],[-3,17],[-8,-14],[-5,-7],[1,-6],[-10,-15],[-1,5],[-9,-14],[-2,-4],[1,-7],[-3,-4],[2,-9],[-8,-18],[-1,9],[-3,1],[-2,7],[-5,-8],[-5,-8],[-6,-11],[-14,-21],[-22,-34],[-6,-10],[0,-47],[-7,-2],[-2,21],[0,25],[-8,2],[-32,49],[-1,-6],[-9,-11],[9,-123],[-26,-38]],[[296412,508340],[-23,250],[-18,194]],[[296371,508784],[-4,47],[-4,56],[15,13],[2,6],[20,-75],[4,-42],[23,1],[-7,61],[-2,24],[0,96],[7,1],[13,1],[0,-38],[43,-6],[2,-4],[9,16],[5,7],[5,7],[15,25],[-5,38],[-3,-4],[-1,16],[13,20],[4,1],[4,-1],[6,-2],[2,0],[6,8],[2,3],[8,13],[-1,12],[4,3],[2,-2],[1,-5],[2,1],[1,-4],[2,-3],[18,23],[3,4]],[[296430,508392],[4,-10],[1,17],[-1,13],[-3,-3],[-1,-17]],[[292086,503741],[-42,-4]],[[291442,503481],[17,3],[11,-2],[-1,9],[7,0],[-8,8],[6,11],[3,2],[6,-7],[-2,-5],[-2,-18],[4,0],[-2,6],[4,12],[7,8],[-6,0],[5,12],[0,12],[5,4],[-1,21],[3,-6],[0,-12],[5,0],[-2,10],[5,7],[7,-2],[1,-18],[9,12],[2,7],[-3,15],[4,28],[3,9],[6,-5],[2,10],[6,-1],[2,11],[6,-9],[9,11],[1,-8],[8,10],[1,-14],[6,12],[10,-5],[1,12],[4,-12],[1,9],[5,1],[3,13],[6,2],[-2,22],[3,7],[-4,21],[-5,6],[3,27],[-3,26],[2,20],[-4,7],[6,13],[0,9],[-8,31],[2,17],[-6,-7],[-3,11],[-7,12],[-1,23],[-6,1],[-4,7],[3,9],[6,-3],[6,6],[-2,17],[4,26],[-10,3],[6,37],[0,20],[5,-8],[0,20],[-5,-7],[-2,28],[-5,0],[0,15],[3,-7],[5,20],[4,29],[5,-3],[4,21],[4,4],[10,-10],[15,-4],[10,2],[6,-4],[36,-3],[16,23],[15,34],[3,24],[-1,21],[3,11],[9,13],[3,12],[61,2],[0,77],[3,4],[2,4],[8,12],[12,0],[0,55],[0,43],[5,2],[20,20],[13,-20],[7,-7],[7,-16],[2,-3],[36,4],[2,0],[1,-5],[35,-42],[0,48],[26,0]],[[292004,503736],[-3,0],[-37,-1],[-10,0],[-56,0],[0,21],[-16,-1],[0,-21],[-24,0],[-30,-1],[0,11],[-3,0],[0,-11],[-4,0],[0,-67],[-1,-4],[-16,-87],[12,19],[7,5],[0,13],[14,-4],[4,-12],[-2,-7],[8,-26],[5,-1],[34,-111],[-4,-12],[2,-11],[2,-8],[5,0],[1,-13],[1,-61],[0,-76],[0,-128],[0,-115],[1,-239],[0,-124],[1,-194],[0,-10]],[[291726,502459],[-209,-5]],[[291517,502454],[-2,48],[-26,27],[-23,14],[-14,74],[-29,75],[-24,-7],[-26,-2],[1,57],[17,98],[21,17],[11,87],[18,-29],[16,0],[12,37],[-12,65],[-13,63],[-1,110],[1,13],[3,115],[-1,71],[-7,18],[-9,21],[7,31],[5,24]],[[291295,503481],[43,-2]],[[291338,503479],[-7,-56],[-7,-40],[-14,41],[-15,57]],[[298532,486973],[9,85],[10,86],[7,47],[8,36],[21,75],[-1,5],[8,28],[3,21],[3,15],[3,28],[1,22],[0,122]],[[295503,502413],[1,48],[2,14],[18,99],[10,100]],[[295534,502674],[1,0],[16,170],[31,-1],[15,-6],[0,21],[12,1],[0,-22],[6,0],[16,2],[3,-1],[1,43],[37,1],[0,7],[0,29],[0,6],[38,0],[1,-30],[-1,-12],[1,-35],[12,23],[20,21],[1,5],[2,4],[2,10],[2,3],[1,0],[2,0],[2,-2]],[[295775,502717],[-15,25],[-8,2],[-1,-1],[-8,4],[-5,18],[-5,-2],[-10,9],[-2,4],[-14,-60],[11,-1],[0,-15],[-14,-3],[-1,0],[-1,-9],[5,-7],[0,-11],[-6,6],[-1,-13],[-2,-15],[8,-10],[-5,2],[-1,-3],[2,0],[-5,-17],[0,-12],[0,-3],[-1,-34],[9,4],[0,-11],[-5,-2],[-4,-1],[-1,-15],[5,6],[0,-12],[-1,-41]],[[295626,502261],[-1,65],[-15,1],[-11,-1],[-6,-1],[-3,0],[-4,0],[0,9],[-36,-1],[-18,-1],[-8,0],[-20,0],[-1,0]],[[295503,502332],[0,81]],[[295256,498407],[33,1],[31,7]],[[295320,498415],[-2,-15],[-1,-20],[1,-12],[4,-59],[5,-19],[0,-56],[4,-10],[0,-49],[-7,-23],[1,-10],[-10,-10],[-9,-43],[3,-55],[0,-50],[3,-19],[-2,-60],[0,-2],[-2,-11],[0,-23],[6,4],[-3,-41],[-5,-10],[-3,-1],[-2,-21],[8,-54],[1,-25],[-2,-30],[2,-18],[-1,-49],[-2,-40],[0,-18],[-1,-25],[4,-33],[6,-18],[3,-13],[-1,-1],[1,-2],[3,-10],[6,-5],[17,21],[12,-5],[4,-1],[4,-9],[5,5],[10,21],[5,-4],[6,-4],[2,-1],[1,0],[1,0],[1,1],[1,2],[0,6],[0,-3],[6,11],[23,-27],[4,1],[5,-16],[3,2]],[[295438,497459],[2,-5],[-12,-25],[-2,-39],[52,-55],[7,-51],[1,-22],[9,-118],[3,-70]],[[295498,497074],[-4,-27],[-1,-57],[-6,-72],[-2,-17],[-7,-101],[-4,-43],[-1,-46],[1,-22],[6,-60],[9,-99],[6,-43],[6,-28],[7,-17],[63,-171],[4,-2],[44,-276]],[[295617,495977],[-17,-1],[-9,2],[-11,-25],[-4,-4],[-2,2],[-92,87],[-23,42],[-5,12],[-29,72],[-30,0],[-11,3],[-7,-24],[-3,-15],[-13,6],[-8,12],[-6,-4],[-3,15]],[[295344,496157],[-3,3],[-13,57],[-3,29],[-3,81],[-4,26],[-15,89],[-13,57],[-5,17],[-13,29],[-9,37],[-6,34],[5,6],[1,4],[-1,211],[0,9],[0,33],[0,136],[1,14],[4,17],[-5,19],[0,95],[1,11],[3,5],[9,0],[0,43],[0,6],[0,3],[0,29],[-5,0],[2,21],[-7,6],[-3,20],[-9,0],[-3,36],[-11,-5],[0,33],[-5,0],[-15,2],[-17,3]],[[295202,497373],[0,3],[0,90],[1,8],[4,19],[27,59],[-20,44],[9,28],[-3,33],[-11,54],[-14,45],[-7,19],[-5,24],[0,38],[5,52],[-2,16],[-8,31],[-95,0],[-1,-1]],[[295082,497935],[-2,0],[0,97],[12,3],[1,0],[0,54],[-1,130],[-3,19],[0,12],[-4,22],[-30,115],[4,21]],[[294961,488270],[5,-11],[18,-13],[1,-26],[6,-21],[4,-44],[1,-56],[-7,-3],[73,4],[0,46],[4,18],[13,-12],[6,-29],[8,-9],[9,13],[7,28],[1,28],[3,0],[14,0],[12,0],[14,0],[4,0],[6,0],[2,0],[9,0]],[[295174,488183],[8,0],[5,0]],[[295187,488183],[15,0],[12,-4]],[[295214,488179],[40,0],[-2,-19],[1,-5],[4,-6],[1,-29],[6,-2],[5,-7],[9,-8],[35,-2],[4,20],[16,-1],[4,-22],[8,-42],[16,-34],[2,-6],[0,-99],[0,-72],[0,-73],[10,-65],[2,-55],[7,17],[0,24],[10,10],[-2,25],[5,15],[2,24],[3,4]],[[295400,487771],[6,3],[4,3],[3,-81],[0,-19],[1,-43],[1,-21],[0,-13],[0,-8],[2,-85],[0,-124],[0,-46],[-6,-3],[2,-15],[-1,-34],[9,1],[1,-10],[3,-24],[38,-207]],[[294960,487044],[1,486],[-1,225],[1,515]],[[292793,502145],[4,20],[4,34],[2,65],[-1,57],[8,49],[11,32],[1,31],[9,48],[2,39],[4,20],[-1,26],[-6,14],[0,11],[6,18],[-6,26],[-1,16],[6,29],[0,46],[10,17],[13,57],[8,10],[4,11],[5,30],[7,14],[5,16],[0,31],[4,32],[5,15],[6,6],[10,37],[7,10],[11,25],[3,9],[1,34],[3,6],[7,-10],[3,3],[2,9],[2,38],[4,28],[8,17],[2,16],[4,3],[7,-6],[7,13],[8,-5],[11,32],[19,-13],[7,10]],[[293028,503221],[1,-5],[6,-18],[-1,-20],[5,-61],[-1,-17],[6,-15],[-4,-23],[-7,-24],[2,-18],[-1,-18],[1,-34],[-3,-22],[-6,-27],[-7,-21],[0,-19],[5,-26],[4,-7],[2,-41],[-2,-27],[8,-37],[8,-18],[5,-36],[4,-61],[11,-29],[18,-15],[12,-25],[5,2],[19,22],[14,-16],[0,19],[12,1],[0,85],[13,0],[0,84],[88,-1],[-4,-42],[-6,-69],[-1,-19],[13,0],[0,-40],[25,0]],[[293272,502583],[-1,-42],[14,-1],[0,52],[1,20],[5,23],[40,116],[5,19],[0,-271],[3,6],[8,-1],[10,14],[11,6],[4,19],[5,6],[10,-22],[39,-13],[13,-33]],[[292935,501127],[-7,27],[-4,40],[-2,47],[-1,38]],[[292789,501917],[-9,1],[-11,24],[-9,42],[-4,28],[1,32],[2,20],[8,8],[11,-14],[4,7],[-4,24],[15,56]],[[294511,506068],[106,0],[-2,14],[-1,74],[18,53],[15,46],[9,-36],[5,-11],[4,-39],[0,411],[56,0],[-8,30],[-3,3],[-96,-1],[0,598],[1,20],[23,2],[16,22],[24,0],[-2,38],[2,12],[0,39],[-1,26],[-7,26],[10,96],[3,15],[7,19],[7,49],[7,10],[19,-26],[-1,390],[-1,44],[43,28],[16,3],[7,-10],[14,-35],[16,-17],[10,-27]],[[294827,507934],[2,-6],[-9,-34],[1,-36],[-11,-24],[1,-20],[-1,-8],[-1,-29],[4,-36],[0,-42],[7,-17],[2,-19],[2,-7],[2,-117],[-33,-149],[2,-54],[0,-31],[-2,-33],[7,0],[4,-7],[5,-32],[10,-111],[-2,-31],[13,-110],[0,-7],[93,-2],[-8,19],[3,26],[7,9],[7,-6],[10,12],[4,-13],[6,-33],[1,-18]],[[294953,506968],[-14,-6],[-5,-3],[-44,-65],[15,-50],[31,-90],[27,-58],[5,-6],[9,-24],[11,-27],[-20,-1],[1,-695],[-3,1],[-9,-12],[-14,-15],[-31,-30],[-5,-17],[-8,-16],[-9,-7],[-13,3],[-2,-39],[-8,-26]],[[294867,505785],[-9,-22],[-16,-33],[-10,-3],[-23,1],[0,-84],[-19,-1],[0,-41],[-13,2],[1,-16],[-10,0],[0,-28],[-9,11],[-7,20],[0,-30],[5,-1],[1,-11],[-6,1],[1,-32],[-26,0],[-2,42],[-11,-6],[-3,22],[-5,-11],[-17,-4],[-2,-1],[-12,0],[-9,0],[0,75],[-6,-3],[-4,8],[1,69],[-4,0],[0,20],[-38,5],[3,22],[-2,24],[-9,13],[-1,12],[-7,12],[-12,1],[-24,-45],[0,206],[-15,-91],[-9,14],[3,-24],[-1,-21],[-6,33],[-9,37],[-1,75],[-10,33],[-4,33]],[[298325,492660],[74,1],[2,1],[9,24],[9,38],[4,-2]],[[298423,492722],[58,-422],[38,-292],[5,-28],[32,-213],[1,-10],[13,-91],[9,-71],[4,-29],[12,-70],[12,-85],[10,-74],[10,-83],[2,-24],[6,-80],[21,-238],[14,-147],[9,-87],[4,-56],[1,-17],[3,-41],[1,-14],[7,-65],[1,-12],[3,-56],[0,-17],[9,-86],[12,-158],[1,-89],[9,-98],[5,-36],[1,-7],[4,-25],[3,-21],[14,-72],[11,-52],[11,-68],[2,-18],[2,-25],[19,-321],[10,-132]],[[298812,489192],[-5,0],[-29,-1],[-48,0]],[[298652,490301],[-1,6],[-14,97],[-9,74],[-3,45],[-6,101],[-3,40],[-12,132],[-15,3],[-3,2],[-9,62],[-10,68],[-2,20],[-13,78],[-2,8],[-8,57],[-2,12],[-6,24],[-10,69],[-4,8],[-4,25],[-4,17],[-3,16],[4,9],[-11,33],[-7,55],[-4,17],[-3,40],[-10,57]],[[294930,510091],[61,55],[16,13],[84,90],[11,-4],[26,23],[5,6],[137,128],[9,5],[32,31],[12,22],[3,-2],[5,27],[3,6],[6,25],[3,3],[-1,23],[2,11],[1,37],[6,25],[8,19],[5,34],[-1,5]],[[295363,510673],[-2,8],[3,6],[6,-1],[7,-30],[8,-3],[7,5],[5,37],[7,-10],[5,-913]],[[295409,509772],[-116,26],[-4,-3],[-20,-35],[-22,-20],[-6,-2],[-24,-4],[-3,-24],[0,-40],[-6,-1],[0,-39],[-17,-1],[31,-246],[7,-87],[5,-56],[-2,-11],[0,-8],[-210,-22]],[[295022,509199],[1,48],[8,65],[8,53],[4,6],[-12,47],[-6,39],[-4,136],[-4,28],[-1,20],[-3,12],[1,5],[-1,17],[-5,21],[-2,19],[-7,21],[-2,20],[-1,26],[-4,9],[-8,51],[-2,18],[-10,40],[-9,27],[-7,39],[-3,11],[-5,29],[-5,9],[-10,48],[-3,28]],[[293212,509839],[9,-1],[0,-16],[-8,-3],[-1,20]],[[293189,509793],[4,-5],[19,1],[4,-4],[15,6],[0,-25],[-3,0],[0,-16],[4,1],[0,-32],[19,1],[-3,-68],[0,-20],[-11,-1],[-1,-31],[-25,2],[0,-12],[-8,0],[-1,-73],[33,-1],[0,-43],[1,-21],[-12,-4],[0,-20],[12,0],[0,-39],[13,-1],[0,-129],[13,2],[26,0],[0,-39],[3,-13],[1,-20],[4,-19],[7,2],[12,-101],[2,-23],[52,0],[8,-5],[6,-13],[58,-189]],[[293441,508841],[-1,-9],[2,-35],[-75,-4],[0,-76],[11,1],[0,-81],[-9,1],[0,-14],[21,0],[0,-19]],[[293390,508605],[0,-8],[-25,0],[-1,-22],[-4,49],[-8,0],[0,-16],[0,-55],[-13,1],[0,-22],[-6,8],[-40,0],[-2,-1],[-10,1],[0,34],[-6,2],[0,-33],[-9,-3],[-4,14],[-7,-1],[-6,-4],[0,-10],[-12,6],[0,-11],[-2,0],[0,42],[-3,-7],[-6,1],[0,-15],[-7,0],[-1,-10],[-4,14],[-11,0],[-5,-17],[0,9],[-3,-16],[-8,0]],[[293187,508535],[-6,0],[-2,64],[6,-1],[3,27],[-4,0],[0,92],[7,0],[0,48],[-7,0],[-2,30],[-4,0],[8,85],[-2,34],[0,9],[6,0],[1,17],[-6,0],[-3,6],[3,47],[4,57],[-19,0],[-5,5],[-14,2],[-2,7],[-1,35],[2,26],[-1,26],[1,7],[7,23],[7,1],[9,-5],[1,-19],[11,-19],[9,6],[4,-10],[0,86],[2,13],[-1,10],[-41,146],[26,0],[-1,85],[2,0],[1,20],[12,4],[3,131],[0,86],[-11,0],[-1,51],[-6,-1],[1,13],[5,14]],[[291360,493159],[5,-23],[1,-9],[2,-10]],[[291368,493117],[-5,-1],[-6,0]],[[291219,493511],[11,5],[2,-5],[0,-28],[12,27]],[[291350,493232],[4,-33],[1,0],[3,-21],[2,-14],[0,0]],[[291355,493116],[-3,0],[-4,0],[-3,0],[-4,1],[-1,-13],[-5,-29],[-6,5],[-1,-46],[-3,0],[-2,0],[-20,3],[-7,-1],[0,2],[0,15],[0,27],[7,0],[-1,5],[-6,1],[0,18],[0,8],[-7,0],[-1,11],[-5,1],[-5,0],[-1,0],[0,-21],[-7,0],[0,-6],[-6,-5],[0,-18],[-6,0],[-3,-35],[-1,0],[0,22],[-9,0],[0,11],[-1,-25],[-6,14],[0,-21],[-4,0],[-16,72],[-3,14],[-3,1],[-1,-6],[-6,6],[1,-51],[0,-30],[-3,1],[0,32],[-3,48],[-7,0],[-12,0],[-7,0]],[[291174,493127],[-6,0],[0,50],[5,-9],[0,-11],[2,14],[5,0],[0,27],[-3,-1],[-2,16]],[[291175,493213],[5,0],[0,43],[7,0],[-3,-43],[8,0],[5,0],[1,0],[-9,42],[-9,43],[-14,72],[0,14],[13,0],[0,-22],[17,-7],[5,2],[-3,14],[0,13],[8,0],[0,42],[13,0],[0,62],[0,23]],[[291226,493083],[5,1],[0,-24],[4,0],[-1,23],[10,-1],[0,43],[-3,0],[-12,1],[-4,-14],[1,-29]],[[291166,493320],[7,0],[5,-22],[-12,0],[0,7],[0,15]],[[291914,495596],[5,8],[6,-3],[1,-2],[2,52],[13,4],[0,26],[13,-2],[0,2],[11,-4],[35,-1],[6,1]],[[292050,495677],[0,-8],[0,-10],[-3,-1],[-6,-16],[2,1],[0,-32],[2,0],[6,0],[0,-47],[0,-59],[0,-55],[-1,-27],[-2,-24],[-6,-56],[-38,0],[0,-14],[-2,-11],[2,-5],[0,-15],[1,-6],[-3,-7],[-9,-14],[2,-21],[9,4],[-1,-31],[2,-46],[-9,13],[-4,21],[-7,0],[8,-39],[-1,-26],[7,0],[0,-23],[6,0],[0,-20],[-6,0],[-4,-43],[10,1],[0,-48],[0,-17],[0,-90],[4,-15],[-4,-2],[0,-22],[12,1],[11,-33],[2,-10],[-15,-1],[0,-34],[-1,-5]],[[292014,494785],[-42,7]],[[291972,494792],[-44,7]],[[291928,494799],[0,27],[0,43],[0,44],[-1,32],[-5,37],[0,11],[6,79],[0,8],[1,97],[0,19],[0,14],[-1,117],[4,9],[2,3],[0,28],[0,38],[0,26],[0,9],[-6,37],[-2,12],[-1,9],[-6,37],[-3,55],[-2,6]],[[298079,487000],[6,-6],[44,-16],[17,-5],[3,-3],[14,-2],[22,7],[31,0],[77,-2],[0,97],[10,7],[5,-19],[35,0],[0,-84],[25,1],[0,-87],[8,1],[4,47],[13,35],[0,-40],[13,0],[13,4],[24,-6],[1,-5],[0,-207]],[[291290,495792],[23,-1],[1,0],[13,0],[1,1],[19,-1]],[[291347,495791],[-1,-76],[8,-46],[8,-41]],[[291362,495628],[16,-93],[16,-86],[11,-57],[4,-27],[0,-2],[0,-18],[3,-44],[-4,-27],[-5,-26],[2,-79],[1,-102],[2,-8]],[[291409,494928],[-8,0],[-20,0],[-10,0],[-8,0],[-5,1],[-13,12],[-11,-2],[-9,-9],[-7,-2],[-13,-2]],[[291305,494926],[-1,29],[7,0],[0,57],[-8,0],[0,71],[-3,33],[4,-7],[4,-1],[0,33],[3,0],[-1,46],[3,0],[0,45],[-3,0],[0,28],[-4,17],[8,0],[-3,10],[-1,131],[-1,30],[6,0],[0,52],[-6,0],[-1,27],[-5,1],[-3,-16],[1,20],[13,-5],[1,25],[-1,48],[0,20],[-5,0],[-1,26],[-7,0],[1,26],[12,-10],[0,40],[-13,13],[-2,30],[-7,3],[-1,5],[-1,7],[-1,8],[0,14],[1,10]],[[292201,490225],[33,66],[8,25],[7,36],[16,105],[1,6],[5,1],[7,23],[11,-8],[13,47],[15,5],[3,-28],[3,-13],[14,-2],[2,-2],[1,0],[2,2],[3,2],[2,-4],[1,-5],[0,-13],[-1,-7],[-6,-16],[3,-12],[3,1],[2,3],[1,7],[0,19],[7,-20],[21,-9],[11,15],[4,6],[3,-4],[5,20],[-4,16],[8,29],[5,34]],[[292410,490550],[2,7],[5,8],[1,2],[1,8],[1,13],[10,4],[4,6],[3,-6],[6,-18],[1,-1],[9,11],[10,-25],[4,-20],[5,17],[6,-15],[1,-19],[5,-12],[7,12],[17,20],[3,-2],[4,-16],[8,22],[3,16],[2,11],[5,45],[12,127],[21,215],[3,22],[0,20],[0,39],[0,291],[0,49],[0,42],[0,44],[-6,-2],[-10,24],[-5,6],[-4,18],[-6,8],[-9,-5],[-15,12],[-3,20],[-4,12],[-12,16],[-4,-1],[-7,14],[1,3],[39,0],[35,0],[10,0],[0,22],[0,29]],[[292569,491643],[13,0],[0,31],[7,0],[0,-11],[2,0],[0,11],[4,0],[0,-42],[10,0],[0,42],[16,0],[26,0],[28,1],[60,1]],[[292797,491589],[27,6],[25,-3],[1,161]],[[292955,490232],[-178,-1],[-20,1],[-7,-12],[-6,2],[-3,9],[-6,-4],[18,-104],[-2,-50],[-6,-37],[-7,-14],[-1,-9],[2,-26],[-4,-19],[-34,-24],[0,-35],[-9,-5],[-18,57],[2,48],[-4,24],[-8,6],[-3,20],[-9,15],[3,-2],[-20,23],[-48,1],[-1,36],[-10,-5],[-7,11],[-26,-6],[-11,-2],[-11,13],[-9,-31],[-48,-90],[-7,4],[-4,29],[-17,66],[1,19],[-15,29],[2,-26],[-7,35],[10,53],[-12,0],[-203,-5],[-6,0]],[[292206,490226],[-5,-1]],[[292163,496596],[11,189],[0,23],[0,10],[-3,19],[7,33],[3,0],[6,41],[1,5],[1,18],[-2,33],[1,61],[-8,149],[1,0],[2,7],[3,28]],[[292186,497212],[7,-1],[0,42],[13,-13],[2,16],[2,8],[3,11],[1,19],[2,37],[-2,30],[3,95],[1,4],[11,23],[3,21],[12,44],[-2,0],[1,2],[-18,0],[-14,0],[1,19],[-3,2],[-3,-15],[0,63],[-4,17],[4,4],[5,25],[1,18],[-6,68],[18,35],[6,-22],[17,-29],[10,-4],[7,7],[5,51],[1,67],[1,17],[9,26],[2,27],[6,27],[11,16],[2,10],[4,70],[12,78]],[[292317,498127],[92,7],[10,0]],[[292419,498134],[-2,-22],[11,-32],[-3,-36],[-8,-23],[-5,-41],[-1,-30],[-1,-5],[-1,-2]],[[292409,497943],[-4,-15],[-16,-38],[-51,-217],[-4,-40],[1,-19],[-10,-120],[2,-112],[1,-109],[0,-71],[57,0],[0,-86],[-13,-1],[0,-12],[-15,9],[0,-80],[2,-1],[49,1],[20,0]],[[292428,497032],[0,-59],[-1,-3],[-11,-28],[-3,-11],[-15,-71],[-4,-26],[-20,-125],[-2,-17],[-2,-66],[2,-20],[5,-23],[2,-17],[4,-51],[-2,-39],[-7,35],[-10,13],[-3,14],[-4,-6],[-5,-5],[-25,0],[-13,0],[-32,1],[0,-4]],[[292282,496524],[-66,0],[0,3],[-5,2],[-19,30],[-16,25],[-12,11]],[[292164,496595],[-1,1]],[[294943,508401],[5,-6],[5,3],[2,-10],[6,2],[6,13],[7,-3],[3,9],[-1,14],[0,24],[6,15],[13,22],[4,-1],[12,15],[4,-18],[6,-4],[1,-20],[5,-9],[-1,23],[8,-20],[-13,48],[12,-44],[3,23],[6,8],[8,55],[-3,2],[7,23],[4,13],[2,-1],[-4,-22],[-5,-10],[23,4],[-18,1],[3,15],[5,-6],[10,1],[-13,6],[7,32],[1,24],[3,-2],[8,10],[3,18],[-4,5],[-3,25],[3,34],[3,5],[1,18],[-2,80],[-3,13],[-3,111],[-4,55],[-3,16],[1,34],[9,8],[7,-10],[8,16],[-1,-18],[4,-18],[5,-6],[-8,20],[0,24],[-7,-11],[-4,17],[-13,9],[-8,-4],[-10,7],[-14,29],[-13,55],[-2,17],[-4,1],[0,19],[4,0]],[[295409,509772],[35,-7],[-1,28],[-2,14],[-10,83],[-4,16],[-2,32],[1,17],[4,29],[3,37],[26,-11],[1,-70],[3,-11],[6,-3],[9,-153],[1,-16],[33,1],[-1,-59],[-7,-38],[0,-29],[-2,-32],[-3,-17],[1,-62],[-3,-19],[2,-14],[12,-4],[19,26],[16,4],[8,-4],[7,-18],[1,-17],[-5,-36],[4,-8],[2,-25],[0,-27],[-12,-13],[-13,-40],[-1,-15],[-6,-29],[-9,-18],[5,-13],[13,-16],[9,-3],[15,2],[3,-15],[12,6],[4,-19],[16,-50],[5,-27],[2,-51]],[[295606,509078],[-23,-2],[-13,0],[1,-24],[2,-19],[-1,-67],[-9,-29],[-2,-15],[8,-62],[16,-211],[-1,-13],[-12,-87],[-7,-137],[-6,-6],[-100,-129],[-39,-23],[-4,-5],[-5,-13],[-8,-27],[178,-525],[5,-15],[9,-17],[0,-29],[-2,-7],[-11,-15],[-4,12],[-21,7],[-13,-15],[-3,-3],[-8,-7],[-16,17],[-4,-8],[-3,-24],[-8,-8],[-11,9]],[[295491,507581],[0,12],[0,116],[1,36],[-4,38],[7,59],[0,25],[4,43],[-8,9],[-15,40],[-14,-46],[-9,-4],[-7,17],[-19,-10],[-13,-48],[-2,-18],[-6,-24],[-7,-45],[-6,-64],[-7,-3],[-7,4],[-11,-7],[-15,4],[-6,-2],[-21,-23],[-18,-2],[-10,2],[-8,-15],[-14,10],[-20,51],[-3,1],[-13,-11],[-9,-23],[-9,-18],[-12,-10],[-10,-21],[-11,-14],[-12,2],[10,52],[5,104],[-5,43],[-5,18],[0,155],[-16,-1],[0,-51],[-6,-2],[-1,-26],[-9,-1],[-2,8],[0,71],[-16,-1],[7,19],[7,12],[19,62],[11,21],[6,4],[-4,8],[-1,23],[-9,19],[-3,18],[-8,20],[-11,1],[-27,21],[-1,10],[4,46],[2,41],[-1,54],[1,28],[1,10],[-11,-5],[-19,-1],[-42,-87],[-9,-5],[-5,6],[-4,-22],[0,25],[-3,2],[-1,-18],[-10,-23],[-7,-3],[-11,14],[-17,-46],[-4,30],[4,12],[-4,-4],[-3,44],[-8,23],[-23,13],[-7,9],[2,9]],[[294089,506027],[13,-50],[11,-28],[3,-27],[2,-38],[-1,-20],[-10,-59],[-2,-23],[-1,-38],[-7,-62],[-2,-27],[3,-54],[-1,-33]],[[294097,505568],[0,-13],[-38,-1],[0,-119],[-3,-7],[-19,2],[2,28],[-5,1],[0,13],[-77,0],[-13,0],[-10,0],[0,-55],[-17,2],[-5,-4],[-1,-17],[-6,2],[-2,-14],[-13,-2],[0,-41],[-16,-1],[-7,0],[-6,0],[0,21],[-27,0],[0,20],[-5,0],[0,11],[-1,11],[0,42],[0,22],[0,43],[-10,1],[-2,0],[-6,0],[0,10],[-4,0],[0,34],[-4,0],[-11,-1],[-2,0]],[[293789,505556],[0,42],[-10,0],[-3,24],[0,105],[-13,0],[-31,-1],[-7,0],[-1,87],[1,38],[-1,5],[0,22],[-2,24],[3,-1],[1,50],[4,42],[12,22],[15,-2],[3,-1],[8,13]],[[296761,507809],[0,3]],[[296761,507812],[12,18],[10,16],[9,-36],[2,-12],[1,-4],[1,-7],[1,-12],[1,-7],[4,0],[1,-11],[4,-14],[1,-5],[1,-8],[1,-7],[-5,-9],[3,-12],[1,-7],[2,-6],[0,-7],[1,-11],[6,3],[1,-8],[6,-22],[0,-11],[3,-22],[2,4],[4,6]],[[296834,507621],[26,-171],[21,-134],[5,-25],[14,-69],[23,-114],[3,-16],[18,-75],[16,-64],[3,-15],[11,-32],[3,-8]],[[296977,506898],[-14,-15],[-3,-36],[-11,0],[-4,0],[-11,0],[-6,21],[-3,26],[1,23],[-3,6],[-18,55],[-1,33],[-8,50],[-6,23],[-9,15],[-6,-7],[-7,20],[-2,-49],[-4,-18]],[[296862,507045],[-17,-1],[-8,-5],[0,11],[-7,-4],[-9,18],[-15,-32],[-15,-9],[-2,-41],[-14,-16],[-15,-15],[-8,-6],[-10,-61],[-4,-16],[-1,-5],[-6,31],[-14,7],[-1,28],[-4,23],[1,34],[-6,4],[-4,17],[-4,4],[-12,-18],[-3,16],[-3,35],[-4,12],[-11,7],[-6,-9],[1,16],[-3,43],[-9,-22],[-5,2],[-3,-5]],[[296641,507088],[-22,171]],[[296619,507259],[6,14],[1,9],[5,66],[-1,24],[-9,32],[-1,6],[0,40],[-3,39],[2,0],[3,-31],[1,-49],[11,8],[0,-12],[-5,-1],[1,-9],[0,-8],[3,-11],[3,10],[41,103],[8,17],[8,7],[2,5],[3,9],[-5,37],[15,24],[9,53],[-2,15],[6,-1],[8,26],[2,6],[0,7],[8,14],[4,-15],[7,1],[35,60],[-18,31],[-6,24]],[[292409,497943],[1,-53],[151,-2],[1,-22],[27,0],[1,-47],[11,16]],[[292601,497835],[-1,-50],[-3,-61],[-1,-50],[0,-87],[-3,-40],[-6,-66],[-5,-32],[-5,-26],[-23,-83],[-7,-30],[-38,-189],[1,-1]],[[292510,497120],[8,-6],[6,0],[-10,-133],[-1,-19],[0,-165],[0,-105],[-1,-32],[11,-13],[-2,-35],[2,-40],[-6,-32],[4,-11],[-9,-2],[0,-4],[10,3],[0,-38],[-1,-6],[-1,-18],[-3,-7],[-6,3],[0,-105]],[[292511,496355],[0,0],[-26,0],[-61,-3],[-1,1],[-3,1],[-7,0],[-10,0],[-10,0],[-6,0],[0,0]],[[292387,496354],[5,47],[9,83],[16,137],[0,2],[10,68],[14,88],[20,103],[0,31],[0,120],[-12,-1],[-21,0]],[[297084,499633],[13,-18],[11,-25],[4,-16],[1,-5],[50,-207],[0,13],[0,15],[102,4],[51,1],[49,0],[0,141],[-2,12],[-3,12],[6,7],[0,-53],[18,0],[8,1],[0,10],[26,1],[0,-70],[-2,-50],[2,-1],[0,-8],[12,2],[3,0],[-7,63],[10,-1],[3,-21],[0,-31],[5,-10],[8,1],[14,-2],[33,8],[6,24]],[[297505,499430],[24,-352],[2,-23],[0,-2]],[[297468,498431],[0,-44],[-25,0],[-5,0],[0,-14],[5,-13],[0,-101],[-1,-47],[-12,3],[0,45],[-13,1],[0,-48],[-10,-9],[2,-17],[-9,-4],[-16,-20],[-19,14],[-6,-2],[-7,19],[-3,-5],[-5,18],[-2,1],[-59,12],[-2,4],[-28,19],[-39,72],[-32,74],[-48,18]],[[297134,498407],[0,3]],[[297134,498410],[-12,33],[-6,26],[-10,55],[-6,51],[0,30],[4,31],[-1,32]],[[292111,493797],[0,9],[19,-9],[19,7],[0,-8],[7,0],[0,42],[9,-12],[1,0]],[[292166,493826],[0,-41],[0,-10],[0,-1],[14,-40],[4,-23],[2,-17],[0,-3],[1,-19],[5,-23],[4,-31],[10,-66],[12,-87]],[[292218,493465],[1,-7],[13,-87]],[[292232,493371],[-2,1],[-2,-15],[-3,-23],[2,-28],[-8,-23],[-3,-10],[-6,3],[-2,1],[-2,4],[-1,2],[-4,6],[-4,0],[-17,-1],[-4,15],[0,15],[0,12],[-1,65],[0,9],[0,21],[0,19],[1,7],[3,90],[0,8],[2,73],[-3,9],[-1,4],[-1,4],[0,1],[-5,-11],[0,0],[-2,-3],[0,-1],[-6,-11],[-1,-2],[-4,-34],[-17,-15],[-3,-8],[-7,-19],[-19,-50]],[[292112,493486],[-2,13],[-2,-6],[-1,17],[-1,32],[4,-1],[0,22],[0,1],[0,3],[0,16],[-1,1]],[[292109,493584],[1,16],[-3,26],[4,0],[0,14],[-4,0],[0,15],[4,0],[0,24],[0,16],[0,17],[0,43],[-7,0],[0,25],[7,0],[0,17]],[[295866,501837],[6,18],[11,5],[10,26],[-4,27],[19,0],[13,1],[-1,86],[-1,44],[0,2],[11,-4],[0,71],[16,-1],[1,-22],[6,-8],[-4,-13],[-1,-21],[7,-17],[-1,-16],[4,0],[2,17],[6,24],[-7,9],[0,68],[27,1],[12,-1],[0,42],[7,1],[2,44],[1,54],[-1,39],[-1,2],[-9,22],[-6,12],[-4,4],[6,17],[2,37],[7,2],[1,0],[10,1],[3,-1],[14,0],[18,1],[1,101],[5,0],[-3,54],[-2,13],[-3,-4],[-4,1],[-8,-14],[-31,-20],[-5,-7],[-12,5],[7,-47],[-7,38],[-12,2],[2,-36],[-4,0],[0,-32],[-9,-1],[0,50],[7,23],[15,3],[-18,124]],[[296118,503011],[36,0],[7,16],[8,1],[10,-14],[5,0],[6,-5],[3,-15],[-5,-11],[4,-25],[12,-37],[8,0],[6,-11],[12,18],[13,-28],[-7,-3],[-7,18],[-4,-15],[-9,1],[0,-15],[-2,-21],[2,-16],[7,-13],[2,-31],[3,-11],[11,-21],[11,-1],[-3,-25],[2,-33],[-1,-26],[-3,-46],[31,3],[0,-127],[-5,-1],[9,-25],[-3,-10],[-25,-42],[-54,-90],[-1,-1],[5,-1],[0,-21],[6,-12],[13,-5],[3,-6],[2,-22],[-13,-23],[-4,-26],[-1,-19],[3,4],[-2,18],[4,13],[3,-13],[-2,-32],[-7,-13],[-7,-37],[-10,-2],[-9,-19],[0,-19],[-3,1],[2,-32],[-2,-8],[2,-31],[-5,-15],[3,-20],[3,-4]],[[296181,502005],[1,-3],[-1,-10],[3,-13],[4,-30],[-1,-37],[3,9],[2,-13],[0,-28],[6,-11],[0,-8],[10,-24],[1,-35],[-4,-1],[5,-16],[-5,-5],[0,-28],[0,-8],[2,-11],[1,4],[1,-6],[3,0],[4,-19],[0,-8],[2,-1],[0,-11],[4,-9],[2,5],[-1,-19],[-2,-16],[2,-40],[-5,-24],[3,-38],[-5,-31],[3,-21]],[[296219,501499],[-51,-2],[-39,-1]],[[296129,501496],[-7,0],[-9,1],[-28,0],[-20,-2]],[[296065,501495],[-32,0],[-19,-1],[-4,0],[-3,0],[-21,-1],[-36,-2],[-3,1],[-52,-2],[-17,-1]],[[295878,501489],[0,43],[3,38],[3,4],[0,17],[-1,110],[-1,85],[0,21],[-10,-1],[-1,20],[-5,11]],[[294517,494619],[15,-1],[4,1],[3,0],[1,0],[0,2],[0,4],[3,0],[0,-5],[14,-1],[3,7],[7,3],[3,-10],[7,0],[0,17],[6,0],[0,25],[12,0],[0,43],[13,-1],[0,-42],[0,-27],[2,-16],[1,0],[17,0],[6,0],[6,0],[6,0],[7,0],[6,0],[0,10],[6,3],[7,12],[0,-2],[0,-24],[3,0],[0,-34],[4,-5],[3,-2],[8,-1],[0,42],[1,0],[0,-42],[17,1],[0,40],[3,0],[0,-41],[18,-1]],[[294752,494109],[-11,-1],[0,-43],[8,-30],[4,-38],[3,-15],[6,-84],[7,-44],[-3,0],[-3,0],[-8,1],[-5,4],[-3,3],[-30,34],[-18,1],[-39,-2],[0,-67],[0,-18],[1,-137],[0,-22],[0,-13],[12,0],[0,78],[-3,15],[2,0],[1,7],[0,-15],[7,-28],[3,4],[9,-27],[-4,-11],[4,-18],[5,5],[-2,10],[12,13],[5,18],[0,13],[-3,21],[26,-1],[2,-127],[-24,-45],[-34,-18],[-14,-10],[-4,-16],[-8,-47],[2,-34],[-19,0],[0,5],[0,36],[-13,0],[-12,0]],[[294485,493510],[0,176],[-9,-15],[0,42],[0,10],[14,58],[1,12],[3,2],[9,-7],[0,22],[-9,-1],[-4,0],[-1,9],[-10,75],[28,1],[-1,21],[0,13],[-1,8],[0,4],[-8,38],[-5,0],[-2,17],[-13,4],[0,20],[-7,1],[0,33],[-7,24],[-2,-32],[-6,19],[0,100],[0,29],[-6,-4],[-6,25],[2,19],[2,0],[1,21],[6,27],[14,-17],[17,7],[1,-29],[18,31],[1,6],[-2,12],[1,28],[0,18],[17,22],[7,31],[-1,15],[0,3],[-7,9],[-3,1],[0,5],[-12,7],[0,3],[1,23],[-1,26],[2,21],[10,34],[-6,15],[1,6],[0,18],[2,4],[3,9],[0,30]],[[293212,507435],[0,42],[-26,1],[0,42],[0,83],[4,69],[1,37],[1,79],[12,3],[5,-12],[8,3],[0,-11],[9,0],[0,32],[4,-10],[0,-22],[9,4],[-2,5],[2,9],[4,-19],[5,1],[14,0],[0,8],[13,0],[0,-8],[34,0],[26,2],[3,12],[1,53],[11,-14],[1,7],[-6,17],[0,8],[20,0],[11,0],[0,70],[5,1],[0,7],[2,1],[0,-7],[4,0],[0,7],[3,-7],[2,7],[7,-4],[4,11],[0,74],[13,11],[13,0],[-1,59],[-5,2],[1,24],[-8,0],[0,85]],[[293416,508197],[13,0],[6,-9],[7,10],[0,-43]],[[293442,508155],[0,-42],[0,-86],[0,-42],[0,-92],[0,-164],[0,-31],[0,-47],[0,-213],[0,-8],[0,-188],[0,-77],[0,-39],[0,-15],[0,-66]],[[293442,507045],[0,-15],[-40,2],[-18,17],[-12,2],[11,-35],[2,-8],[-21,-1],[-3,-1],[-14,0],[-8,0],[-2,0],[-10,1],[0,-40],[12,-3],[0,-21],[1,-190],[0,-86],[-5,-1],[-3,-34],[-7,0],[-1,35],[-16,-1],[-1,-15],[7,-21],[0,-47],[-39,0],[0,-131],[-13,-1],[0,-42],[-2,-84]],[[293260,506325],[-24,0],[0,-11],[-7,-13],[0,-22],[-5,-1],[0,-41],[-26,-4]],[[293198,506233],[-11,8],[0,81],[11,1],[0,143],[-12,1],[0,26],[-8,0],[0,14],[-5,1],[0,26],[-8,0],[0,16],[-5,7],[-13,4],[0,21],[-12,1]],[[293135,506583],[0,169],[52,0],[-1,43],[0,83],[13,4],[0,21],[7,-1],[-1,24],[-6,50],[-4,1],[-5,32],[-4,0],[0,85],[0,42],[0,99],[3,9],[-3,20],[0,13],[10,-4],[0,15],[3,-1],[0,29],[6,-1],[0,35],[7,-1],[0,24],[-12,2],[-1,-47],[-6,0],[-2,35],[-5,0],[0,50],[12,0],[2,-20],[12,0],[0,42]],[[294009,503301],[4,-7],[14,3],[8,-14],[7,-36],[-5,-18],[4,14],[2,1],[8,-26],[6,-7],[2,-4],[1,-4],[10,-17],[1,-2],[17,-6],[1,-3]],[[294089,503175],[-4,-19],[0,-48],[9,-10],[6,-11]],[[294100,503087],[-3,-16],[-15,3],[0,-24]],[[293752,503169],[-1,159],[0,6]],[[293751,503083],[0,0],[1,86]],[[291812,486677],[8,9],[0,122],[69,0],[7,3],[6,2],[9,18],[1,-13],[0,-17],[13,0],[14,-1],[-1,-11],[10,0],[3,-1],[0,11],[13,0],[0,-11]],[[291964,486788],[0,-36],[-2,-36],[0,-7],[0,-66],[3,0],[0,-28],[-3,0],[0,-31],[2,0],[1,-7],[0,-7],[-3,0],[0,-14],[3,0],[0,-12],[-3,0],[0,-14],[1,-9],[7,0],[0,-17],[-5,-1],[1,-11],[0,-35]],[[291966,486457],[-25,-1],[0,8],[-8,0],[-2,2],[3,3],[6,18],[0,10],[-10,-22],[-19,-1],[6,-104],[2,-131]],[[291919,486239],[-51,24],[-1,-81],[3,-7],[-6,-33]],[[291864,486142],[-11,15],[-10,16],[-5,31],[-16,95],[-23,96],[-10,24],[-5,56],[-1,5],[-3,21],[-1,7]],[[293195,485119],[63,0],[175,-5],[1,489],[-1,299],[1,195],[1,539]],[[293435,486636],[37,-1],[1,-32],[31,-53],[16,-25],[14,-37],[4,-48],[17,-59],[5,-24],[9,-54],[4,8],[14,8],[75,-3],[1,310],[99,-1],[284,-7],[0,42],[55,-2],[37,0]],[[294138,486658],[72,0],[231,0],[22,1],[40,1],[2,-2],[97,2],[55,3],[303,1]],[[292361,499420],[47,1]],[[292408,499421],[51,-1],[156,10],[3,1],[51,-1],[67,-1],[36,0],[50,0],[1,256],[0,254],[4,3],[140,-2],[8,1],[-5,44],[-32,409],[9,10],[3,21],[1,33],[9,5],[1,-3],[6,-1],[0,0]],[[293173,499258],[-94,-3],[0,-85],[25,0],[0,-64],[7,-22],[15,0],[4,-30],[0,-58],[-8,-15],[-5,-43],[-13,-7],[0,-17],[-26,0],[0,-47],[2,-18],[-2,-14],[-13,-12],[0,-37],[-6,0],[-1,-18],[-1,23],[-6,27],[-18,-4],[-1,14],[-6,1],[-1,-27],[5,-10],[3,-33],[-3,-44],[-1,-14],[-1,0],[12,-121],[-4,30],[-3,7],[-4,-7],[-15,0],[0,11],[-10,0],[-3,-11],[-6,11],[-19,-5],[0,0],[-13,0],[-5,0],[-34,0],[-38,-1],[-19,2],[-3,5],[-13,33],[-3,3],[-26,0],[-10,5],[-11,36],[-5,20],[0,24],[-6,0],[0,17],[-7,0],[0,58],[-13,-1],[0,11],[-19,0],[0,-42],[-7,0],[0,-44],[-25,0],[-10,0],[0,43],[-3,0],[0,43],[-13,0],[0,42],[-13,1],[0,-43],[-13,0],[0,-42],[-26,-1],[0,11],[-12,2],[0,31],[-3,1],[1,-27],[-9,0],[-1,-61],[-30,2],[2,16],[9,-3],[1,30],[9,13],[8,-1],[0,30],[-9,25],[-12,60],[-80,-4],[0,-84],[-9,-1],[-1,-91],[-8,0],[1,-37],[-51,-1],[0,-84],[-16,0],[-1,-41],[-21,-1],[0,-168],[25,-2],[1,-85],[20,-4]],[[292455,498311],[0,-12],[-2,-10],[-15,-58],[-4,-31],[-15,-66]],[[292317,498127],[-36,-3],[-19,-19],[-14,2]],[[292668,503514],[0,-48],[13,1],[0,30],[4,-30],[3,5],[9,10],[1,30],[-17,0],[0,4]],[[292681,503516],[0,38],[26,-2],[0,-19],[4,-4],[0,-17],[9,-1],[7,-11],[11,16],[32,3],[1,166],[19,-1],[-2,-14],[5,-1],[3,16],[3,0],[22,-28],[6,-13],[3,-5],[2,-64],[8,-5],[22,-5],[8,-16],[4,-38],[7,-36],[8,-19],[22,-28],[11,-4],[12,2],[7,7],[11,28],[5,3],[1,12],[-3,16],[16,23],[11,-2],[14,-9],[11,-17],[14,-18],[8,-18]],[[293029,503451],[-5,-32],[1,-60],[4,-15],[7,-3],[6,-10],[1,-13],[-2,-28],[-1,-26],[-5,-20],[-7,-23]],[[292793,502145],[-17,-8],[-18,0],[-9,0],[-141,-1],[-65,-7],[-51,-3],[-89,-3]],[[292403,502123],[-2,130],[-12,1],[0,43],[-12,-1],[-1,42],[13,1],[-1,127],[26,0],[0,25],[6,4],[0,15],[71,4],[0,12],[18,27],[15,37],[15,47],[-23,0],[-1,213],[26,1],[0,294],[75,3],[1,123],[0,242],[51,1]],[[291652,493282],[4,-11],[-14,-41],[-4,-18],[-7,-38],[-2,-7],[0,-31],[0,-29],[1,-1],[2,-2],[14,-16],[2,-2],[33,-80],[13,-32],[3,-8],[14,-62],[6,-23],[0,-3]],[[291717,492878],[-5,-18],[-5,-9],[-29,-30],[1,34],[-15,-18],[0,-27],[0,-4],[-8,-10],[-11,-9],[1,32],[-1,1],[0,42],[-5,0],[1,-67],[2,-2],[0,-9],[-3,-2],[-2,-1],[-4,0],[-3,0],[-4,0],[-13,-5],[-12,-22],[0,25],[-1,-25],[-10,-30],[-11,-30],[-7,1],[-2,-20],[-6,-11],[-4,2],[0,41],[7,8],[0,64],[-19,1],[1,-143],[-16,-27],[-8,-12]],[[291501,492779],[0,83],[-1,19],[0,43],[1,9],[0,12],[-1,76],[0,12],[0,18],[0,24],[1,27],[0,16],[19,-1],[17,1],[16,-1],[9,1],[29,0],[11,-4],[5,-1],[31,122],[14,47]],[[291358,493617],[0,-5],[4,0],[8,0],[4,0],[18,-48],[15,-38],[1,-3],[21,-54],[2,-2]],[[291431,493467],[0,-67],[2,-1],[0,-18],[-11,-2],[0,-12],[0,-10],[13,0],[0,-20],[-4,-2],[-2,-12],[3,-7],[3,-6],[1,-37],[0,-72],[1,-70],[0,-13],[0,-15],[0,-8],[0,-8],[0,-27],[0,-2],[-3,0],[3,-15],[0,-11],[0,-254]],[[291386,492960],[0,29],[-6,0],[0,20],[0,20],[5,1],[-8,44],[-3,15],[-6,28]],[[291425,492841],[12,1],[0,10],[-4,0],[-3,10],[1,-17],[-6,-4]],[[295854,504881],[5,33],[1,6],[3,33],[3,35],[1,12],[6,69],[2,11],[11,132],[3,43],[15,169],[1,21],[5,56]],[[295910,505501],[4,51]],[[296002,505427],[0,-27],[0,-12],[6,-13],[28,-77],[8,-17],[11,-9],[-1,-22],[-5,-2],[2,-18],[10,-12],[-1,-15],[3,-22],[-2,-18],[5,-14],[-6,-39],[3,-22],[-3,-13],[-9,-35],[-8,6],[-4,18],[-2,-2],[-4,3],[-2,-20],[-8,-3],[4,-2],[0,-32],[-4,-11],[1,-24],[-10,-23],[8,-22],[2,-1],[7,-8],[2,-11],[1,-11],[0,-16],[-1,-50],[0,-32],[3,-35],[5,-24],[-5,11],[-2,-7],[-4,-11],[-2,-26],[2,-6],[-10,-37],[3,-9],[2,-48],[-1,-43],[-4,-19],[-8,-45],[10,-23],[7,-15],[-1,-73],[2,-17],[-13,11],[0,-31],[7,4],[5,-1],[-1,-32],[4,-3],[3,-47],[-6,-9],[4,-17],[7,-8],[-2,-6]],[[296056,503718],[-7,10],[-3,11],[-2,39],[-6,9],[-1,24],[2,15],[0,32],[-8,30],[-9,39],[-10,14],[6,51],[0,11],[-9,65],[-75,8],[-15,1],[-57,6],[-51,4],[-45,4],[-17,2],[-32,0]],[[295717,504093],[6,21],[3,20],[95,357],[2,-3],[2,-3],[0,-2],[1,0],[1,2],[1,0],[4,14],[-1,-14],[16,14],[0,7],[0,24],[-11,5],[-8,-7],[15,174],[-1,3],[5,69],[3,69],[4,38]],[[296623,502576],[13,-23],[6,-17],[3,-18],[0,-21],[12,-55],[1,-21],[-2,-14],[-9,-18],[0,-15],[-4,-23],[-1,-28],[1,-61],[0,-39],[2,-12],[20,-34],[9,-26],[12,-54],[-3,-39],[0,-16],[7,-65],[1,-16],[4,-27],[4,-16],[-1,-37],[7,-46],[0,-18],[-4,4],[-8,-11],[-6,-21],[0,-9],[14,-57],[8,-13],[5,3],[0,-11],[-4,-18],[3,-24],[8,-22],[6,-29],[14,36],[2,0],[2,-14],[-1,-19],[5,-42],[-1,-12],[-8,-2],[-2,-7],[2,-30],[8,-11]],[[296379,501504],[-54,-2],[-16,0],[-90,-3]],[[296181,502005],[-4,10],[2,2],[0,10],[-3,2],[4,11],[1,7],[-1,11],[2,26],[-3,28],[3,1],[0,20],[7,7],[2,-8],[-1,14],[6,-2],[-1,5],[5,0],[8,38],[6,11],[4,35],[-3,25],[9,15],[-1,-27],[4,38],[-2,25],[1,34],[3,2],[1,-21],[5,2],[1,20],[7,3],[5,-33],[8,-4],[2,-11],[4,4],[9,21],[4,-27],[7,2],[1,9],[7,-5],[3,-16],[7,14],[5,-1],[0,-22],[11,-4],[8,21],[5,-1],[3,20],[11,-7],[-1,-19],[4,-14],[4,8],[1,-14],[4,-6],[8,22],[5,-6],[1,-13],[7,-9],[-1,15],[6,3],[6,-8],[2,-20],[5,-5],[6,13],[5,-6],[4,-28],[1,-20],[3,-10],[5,16],[-1,13],[8,-8],[5,-13],[5,-1],[10,13],[13,10],[6,29],[1,-24],[10,-12],[11,8],[1,11],[8,-9],[2,12],[-1,37],[6,-12],[1,21],[9,28],[8,-8],[-5,25],[8,16],[0,51],[3,21],[7,13],[6,37],[3,-8],[3,24],[4,7],[9,-6],[4,-9],[4,-26],[0,-22],[8,6],[-1,-14],[9,-1],[0,-26],[5,8],[5,12],[2,21],[-5,7],[2,8],[8,4],[5,9],[3,-7],[9,22],[-5,8],[3,26],[3,10],[5,-3],[-3,36],[4,24]],[[295271,501399],[3,3],[3,1],[0,17],[7,1],[0,-20],[-10,-2],[0,-43],[-2,0],[-1,0],[0,43]],[[295245,501699],[38,-1],[0,-20],[9,-15],[0,17],[10,-21],[1,-5],[5,0],[14,0],[-3,22],[-5,-6],[-3,27],[3,1],[1,1],[-9,51],[-3,19],[9,6],[18,50],[3,0]],[[295333,501825],[25,-1],[26,1],[37,-1],[0,5],[19,-1],[4,-4],[29,1]],[[295510,501476],[0,-49],[0,-28]],[[295510,501399],[-6,6],[2,13],[-6,23],[-11,-6],[-1,-25],[1,-9],[-13,0],[-1,-13],[-8,0],[0,25],[-8,10],[-13,-22],[0,-1],[0,-1],[0,-1],[-4,-15],[0,-22],[-7,0],[0,-2],[1,0],[0,-30],[-2,0],[-4,-4],[-2,-1],[-2,-6],[-1,-1],[1,-3],[-1,-1],[0,-4],[1,0],[-1,3],[1,-2],[-1,-3],[-5,0],[-1,8],[-3,18],[0,-1],[-2,-3]],[[295414,501329],[1,6],[-5,32],[-13,3],[0,32],[8,4],[-3,13],[-9,-22],[-3,12],[-6,0],[-2,8],[-2,18],[2,18],[2,-10],[5,13],[-4,9],[0,-2],[-5,11],[0,3],[-12,27],[-1,2],[-5,-2],[-28,1],[-13,-10],[-7,-5],[-1,0],[0,-20],[-5,0],[0,18],[-25,-3],[-22,-4],[-3,3]],[[295258,501484],[-2,6],[-2,-8],[-1,2],[-1,-3],[0,1],[-2,11],[-2,4],[-1,2],[0,4],[-15,14],[0,18],[0,4],[0,30],[-13,-1],[0,24],[5,0],[-2,64],[10,0],[4,1],[0,15],[4,0],[0,27],[5,0]],[[291919,486239],[-1,-18],[1,-41],[0,-3]],[[292052,485193],[1,-64],[-3,-13],[-12,-5],[-1,-7],[-3,-2],[-2,7],[-9,7]],[[292023,485116],[-1,4],[-8,42],[-17,136],[-7,56],[-20,105],[-4,13],[-9,28],[-2,5],[-9,48],[-1,4],[0,35],[-5,32],[-5,33],[-5,21],[-2,12],[-10,45],[-8,16],[-27,51],[-4,7],[-20,29],[-9,41],[-6,26],[-2,45],[3,14],[3,11],[1,5],[9,32],[9,52],[4,58],[1,11],[-8,9]],[[295187,488183],[0,33],[1,137],[22,0],[4,-8],[0,-162],[0,-4]],[[294961,489164],[16,0],[3,-6],[7,24],[5,-27],[13,13],[42,1],[16,-10],[12,-28],[4,13],[3,6],[16,16],[6,-2],[5,-11],[3,-15],[-1,-24],[15,21],[2,-16]],[[295128,489119],[-4,-31],[-10,-13],[2,-57],[10,-76],[12,30],[8,11],[14,-144],[3,-36],[2,-21],[-14,-28],[0,-60],[11,0],[0,-20],[4,-33],[11,21],[4,-44],[-4,0],[0,-64],[10,-1],[4,-30],[-25,1],[-2,0],[0,-43],[-4,-42],[-8,-1],[0,-13],[-13,0],[0,-30],[-16,0],[-5,-15],[0,-16],[-5,-1],[0,-9],[51,0],[-1,-162],[2,4],[9,0],[0,-13]],[[294961,488270],[0,18],[0,66],[0,99],[0,242],[0,469]],[[296977,506898],[4,-12],[8,-36],[7,-77],[6,-43],[2,-17],[33,-237],[3,-22],[12,-73],[6,-40],[16,-101],[13,-82],[3,-16],[2,-12],[32,-179],[191,-1080],[1,-5],[9,-50],[32,-183],[-23,-3],[-1,13],[7,-2],[-5,12],[-3,-5],[-7,46],[4,2],[-5,12],[-13,58],[-15,47],[-19,50],[-111,1]],[[297166,504864],[-6,38]],[[296990,506096],[1,4],[-14,98],[-12,63],[-3,35],[-1,41],[1,16],[-8,-11],[-3,9],[-13,53],[-5,36],[10,22],[16,11],[6,6],[1,15],[-5,-3],[0,21],[5,48],[3,16],[-9,16],[-12,11],[-4,23],[-6,17],[-8,15],[1,37],[1,9],[-6,5],[-12,18],[-7,27],[-12,86],[-1,5],[-29,201],[-3,-1]],[[294957,497167],[11,66],[9,46],[12,45],[9,-57],[-7,14],[-7,-44],[6,0],[3,-6],[-18,-110]],[[294975,497121],[-5,15],[-10,26],[-2,4],[-1,1]],[[295601,501922],[-1,21],[0,36],[2,13],[12,0],[5,22],[15,4],[2,10],[-7,12],[-4,22],[0,22],[9,10],[6,-21],[2,11]],[[296474,507837],[4,7],[0,9],[3,-1],[4,3],[26,42],[22,34],[18,29],[5,8],[33,52],[11,17],[20,32],[37,56],[17,26],[8,15],[31,47]],[[296713,508213],[12,-94],[3,-23],[4,-20],[4,-39],[18,-131],[1,-8],[2,-18],[-1,-29],[5,-39]],[[296761,507809],[-21,-27],[-4,-4],[-7,-12],[-1,13],[-8,0],[-23,0],[2,-13],[-5,-11],[-9,56],[-6,-9],[-2,20],[-6,-9],[4,-30],[-4,-7],[2,-29],[-6,-9],[-2,19],[-7,-9],[-2,15],[-3,19],[-2,14],[-4,29],[-5,-9],[-6,-10],[-2,-2],[-7,49],[-2,11],[-4,32],[-6,35],[-7,-10],[-8,-13],[-1,-32],[0,-14],[0,-32],[-6,0],[-13,0],[-11,0],[0,-93],[0,-61],[-23,1],[-7,-7],[-6,-15],[1,-5],[13,-41],[11,-34],[4,-23],[1,-11],[1,-15],[-34,-4]],[[296530,507522],[-1,4],[-11,35],[-11,61],[-28,184],[-4,29]],[[296475,507835],[-1,2]],[[293844,494310],[0,4],[36,2],[16,20],[11,2],[0,-35],[8,0],[0,12],[5,4],[0,-4],[4,-18],[11,-61],[0,-2],[16,-85],[1,0],[-5,31],[6,13],[8,-6],[2,6],[21,-2],[0,28],[3,14],[21,9],[50,-93],[2,-7]],[[294007,493808],[-22,0],[-25,0],[-13,0],[-28,-1],[-11,0],[-12,0],[-13,0],[-38,0],[0,85],[0,84],[-1,86],[0,42],[0,2],[0,20],[0,20],[0,45],[13,0],[0,-44],[13,0],[1,4],[-22,85],[-5,9],[0,65]],[[296291,506987],[154,-12],[3,-510],[21,30],[30,38],[-1,74],[-18,-2],[0,79],[16,1],[18,7],[2,-2],[8,-1],[13,20],[0,85],[12,0],[1,-40],[23,9],[-3,5],[6,6],[0,-11],[0,-52],[2,-21],[11,-10],[0,-10],[2,0],[11,-1],[0,-24],[5,0],[0,-36],[8,-9],[47,-29],[24,7],[-5,177],[-6,73],[-33,255],[-1,5]],[[296938,504702],[-67,-47],[3,-54],[-102,-21],[-24,9]],[[296238,505117],[-27,89],[-3,15],[0,40]],[[296208,505261],[8,4],[8,0],[0,251],[-13,1],[0,86],[-17,-1],[0,95],[32,7],[10,-2],[37,5],[2,7],[-4,611],[-26,9],[-16,20],[8,80],[30,233],[13,99],[11,221]],[[291861,500415],[1,-5],[1,2],[3,-18],[1,-17],[-2,-1],[1,-25],[7,-2],[-5,-16],[-4,-31],[-3,3],[-1,-7],[1,-26],[2,-22],[-3,-59],[-3,2],[-2,-42],[2,-1],[-1,-13],[-1,-11],[-1,3],[-1,-9],[-5,-18],[-1,-1],[-10,-35],[-2,-10],[-10,-52],[5,-16],[-2,-18],[-4,21],[-6,-2],[-2,-7],[2,-7],[-11,-29],[-3,-21],[1,-2],[-1,-24],[-3,0],[0,-29],[0,-18],[2,0],[0,-6],[0,-21],[0,-6],[2,-14],[-1,-1],[0,-22],[-8,-29],[-3,-27],[0,-22],[-2,3],[-5,-29],[0,-10],[0,-13],[1,-21],[5,5],[13,25],[2,-10],[-1,-2],[2,-17],[0,-10],[0,-7],[-1,-8],[1,-4],[-6,-30],[-3,-41],[-7,-44],[5,-36],[5,-19],[0,-18]],[[291802,499418],[-33,0],[-23,1],[-5,0],[-33,-1],[-13,0],[-32,0],[-19,0],[-20,0]],[[291624,499418],[9,69],[9,71],[4,31],[-3,7],[4,26],[3,5],[2,22],[0,11],[1,10],[3,-5],[2,15],[5,37],[-4,7],[-2,28],[7,5],[5,-2],[26,108],[15,64],[-4,10],[10,38],[7,32],[7,0],[14,53],[8,36],[14,55],[-1,1],[19,80],[7,35],[-2,8],[7,21],[3,-12],[8,25],[-7,-1],[-3,15],[1,70],[-13,0],[1,65],[0,2],[1,0],[1,1],[1,0],[9,-19],[2,-24],[-1,-4],[17,-14],[12,14],[5,-29],[4,25]],[[292828,508198],[61,-1],[7,-1],[30,0],[4,1],[9,3],[2,1],[5,1],[2,0],[19,-1],[2,-1],[0,-18],[13,-1],[0,17],[13,-1],[0,-34],[13,-1],[0,35],[6,0],[0,-33],[7,0],[0,34],[8,0],[3,0],[3,-1]],[[293035,508197],[50,0],[0,-2]],[[293085,508195],[0,-98],[0,-47],[-1,-66],[-8,0],[0,-33],[3,-9],[5,19],[0,-146],[0,-43],[0,-43],[18,0],[2,-42],[-6,0],[-14,0],[-3,-58],[3,-28],[-47,1],[-2,-164]],[[293035,507438],[-2,-4],[-18,1],[-52,1],[0,17],[-2,0],[0,-17],[-11,0],[-6,0],[-11,-37],[0,26],[-2,6],[-3,0],[-12,0],[-3,3],[-2,3],[0,12],[-41,3],[0,-14],[-34,1]],[[292836,507439],[5,336],[-14,0],[0,43],[0,85],[1,295]],[[293039,507730],[23,0],[-1,17],[-3,0],[0,25],[-12,0],[0,-20],[-8,0],[1,-22]],[[292657,488226],[5,-42],[6,-40],[0,-15],[-1,-243],[-1,-445],[-1,-87],[-1,-10]],[[292664,487344],[-21,38],[-4,5],[-118,143],[-9,11],[-34,43],[-8,19],[-19,44],[-6,14],[-3,8],[-23,51],[-4,6],[-3,2],[-30,-1],[-18,1],[-27,0],[-6,0],[-50,2],[-2,42],[-9,40],[-3,5],[0,-76],[-30,34],[-11,13],[-17,21],[-5,19],[-2,-11],[-18,21]],[[292184,487838],[1,185]],[[292145,488417],[12,-6],[10,-18],[10,-22],[2,-4],[5,-5],[8,-3],[0,-39],[20,-3],[5,-10],[3,33],[14,10],[23,1],[6,0],[0,-10],[5,10],[16,-2],[17,-10],[27,-1],[7,1],[6,-5],[5,-8],[5,-15],[9,-47],[5,-14],[8,-10],[9,-1],[41,-1],[35,-1],[-1,-60],[0,-48],[-2,-11],[2,-22],[1,-121],[0,-80],[16,1],[8,5],[39,-6],[0,339],[136,-8]],[[295083,496538],[15,-12],[20,21],[6,13],[13,-2],[0,97],[-4,42],[1,143],[-1,16],[-3,23],[-7,28],[3,-4],[18,-18],[-6,13],[-6,32],[-2,45],[-5,51],[-8,24],[-15,81],[0,41],[-11,18],[-3,26]],[[295088,497216],[91,3],[-5,15],[5,7],[0,100],[1,17],[3,-3],[2,13],[12,6],[5,-1]],[[295344,496157],[0,-17],[-4,-30],[-5,-28],[-2,-5],[-11,-2],[-18,-11],[-11,-9],[-19,10],[-5,-2],[-18,-35],[-10,-6],[-85,0],[-2,0]],[[295154,496022],[-49,0],[-22,0],[0,345],[0,171]],[[291375,496377],[66,1],[76,0],[7,0],[56,0],[9,0]],[[291589,496378],[2,-331],[1,-96],[3,-441],[1,-58],[0,-32]],[[291596,495420],[-10,0],[-2,32],[-4,42],[-7,63],[-28,176],[-7,-6],[-8,-31],[0,-46],[-27,130],[-22,9],[-2,-48],[-3,-33],[-13,19],[4,23],[-14,-9],[-1,20],[-12,0],[-1,21],[-9,10],[-8,48],[1,20],[7,16],[-4,12],[-22,0],[-3,9],[-17,1],[-7,-32],[-2,-14],[1,-22],[-5,-27],[-5,-23],[2,-17],[0,-45],[-1,-26],[4,-21],[-1,-10],[3,-9],[-11,-24]],[[291347,495791],[0,24],[18,133],[11,164],[0,10],[-2,4],[-4,-5],[-8,-7],[-5,-12],[-6,-39],[-1,14],[-6,10],[1,7],[-4,5],[-4,2],[1,26],[5,0],[3,0],[0,54],[3,21],[0,1],[0,1],[5,25],[3,34],[4,17],[-2,54],[4,43]],[[295990,498418],[-1,0],[-23,0]],[[295966,498418],[-1,0]],[[295965,498418],[-1,47],[12,0],[2,-4],[3,-12],[5,-17],[4,-14]],[[295639,499614],[10,-2],[9,2],[11,3],[6,2],[9,2],[66,1]],[[295750,499622],[3,0],[21,0],[16,-6],[46,-25],[35,0],[18,0],[0,0],[12,0]],[[295921,499602],[0,-3],[1,-41],[6,-20],[4,-47],[-3,-8],[16,-27],[6,10],[1,-17],[-40,-1],[0,-48],[1,-16],[1,-18],[2,-11],[11,-32],[22,-66],[4,-17],[0,-7],[2,-20],[0,-18],[0,-1],[0,-45],[-1,-6],[0,-7],[-3,-57],[-1,-40],[0,-9],[-11,-22],[-8,-30],[-25,-114],[-5,-13],[-4,-8],[-26,-30],[-22,-32],[0,-2],[1,-5],[8,12],[12,-8],[11,13],[12,-14],[-3,-10],[3,-11],[-1,-13],[6,-7],[2,5],[-1,44],[4,14],[-2,26],[20,14],[4,-24],[12,-43],[0,-61],[4,-11],[9,5],[-1,-3],[-7,-5],[1,-16],[-11,-39],[-1,-26],[-1,10],[-7,19],[-5,-8],[-10,-2],[-4,-16],[-2,-23],[-4,-19],[2,-15],[-6,-18],[-9,-8],[2,33],[-5,4],[-4,-9],[-2,-31],[-5,-3],[-3,-3],[0,-1],[1,-1]],[[295869,498525],[-7,-5],[-15,10],[-10,20],[-6,-15],[-30,3],[0,54],[-8,1],[-28,2],[-17,1],[0,20],[1,47],[0,3],[41,32],[10,12],[33,48],[2,16],[-1,66],[0,45],[-2,175],[6,32],[-3,23],[0,45],[9,35],[7,8],[0,76],[-20,0],[0,39],[-16,-18],[-1,-1],[0,-16],[-1,-15],[-5,-35],[-1,-17],[2,-158],[-3,-20],[-2,-5],[-27,-29],[-10,-10],[-5,-4],[-14,-1],[-1,1],[-18,0],[-4,21],[7,47],[2,58],[-11,0],[-2,6],[-9,-4],[-15,1],[-3,5],[-19,98],[-18,-9],[-5,-10],[-8,-38],[-8,27],[-4,21],[1,94],[0,27],[-6,5],[0,21],[6,0],[1,0],[0,93],[2,2],[-1,14],[-1,60],[-7,17],[-3,16],[0,42]],[[295624,499604],[0,2],[-2,4],[-1,1],[6,5],[10,-1],[2,-1]],[[295316,499941],[26,79],[13,43],[11,48],[30,130],[2,6],[6,26],[7,14]],[[295516,500275],[5,-15],[1,-7],[2,-11],[1,-12],[2,-5],[0,6],[1,0],[3,-5],[1,-1],[3,-37],[-5,-12],[-1,-27],[4,-22],[3,0],[0,43],[4,0],[3,-42],[1,-22],[4,-63]],[[295548,500043],[7,-85],[-1,0],[4,-43],[3,-42],[-18,-1],[-13,0],[0,9],[-2,3],[-1,-6],[-1,0],[0,-6],[-9,-1],[-8,0],[-16,-1],[1,7],[0,9],[1,5],[-2,5],[-2,-3],[-1,-1],[1,-3],[0,-19],[-12,0],[0,42],[-13,0],[0,-11],[-13,0],[-6,7],[-4,-20],[-3,-13],[0,14],[-11,-2],[0,-19],[-3,-1],[-3,0],[0,13],[1,-10],[3,0],[0,12],[-9,0],[0,-5],[0,-10],[-3,0],[-1,87],[0,0],[-1,-58],[-5,-2],[-2,-27],[-12,-1],[-18,0],[-2,0],[-1,0],[0,6],[-8,0],[0,-7],[-2,0],[-6,0],[-12,-1],[-8,0],[-6,0]],[[295331,499864],[-15,77]],[[292235,494311],[0,74],[0,32],[0,64],[1,43],[0,1],[2,0],[1,-9],[10,47],[4,30],[6,17],[1,3],[10,9],[6,12],[1,7],[11,21],[9,15],[4,-3],[4,-34],[1,-55],[-7,-66],[2,-28],[10,-20],[11,0],[5,19],[1,7]],[[292328,494497],[7,-6],[2,-14],[1,4],[1,0],[0,4],[17,0],[0,-4],[6,0],[1,0],[0,-5],[1,0],[0,-6],[4,0],[1,3],[3,8],[3,0],[13,0],[0,-42],[16,1],[-1,-17],[2,-23],[28,82],[8,0],[6,38],[1,44]],[[292448,494564],[60,-50],[2,0],[0,5],[9,-13],[2,32],[24,88],[1,15],[0,60],[4,-15]],[[292620,494046],[-23,-6],[-1,0]],[[292596,494040],[-1,4],[-26,-8],[0,103],[-20,1],[-25,0],[0,-21],[-1,-7],[-1,-3],[-6,10],[-8,8],[4,14],[-21,0],[-29,0],[-46,0],[-28,-1],[-25,0],[-1,0],[-5,0],[-1,-3]],[[292356,494137],[-15,-36],[-5,-4],[-12,0],[-13,0],[-7,0],[0,-1],[0,-9],[-5,-1],[-1,2],[0,9],[-12,1],[-5,0],[-13,0],[-8,-1],[-5,1],[0,9],[0,1],[-3,0],[0,-11],[-11,0],[-6,-4],[0,5]],[[296412,508340],[21,-225],[4,-33],[11,-48],[2,-16],[2,-31],[22,-150]],[[296475,507835],[-13,-12],[-11,-22],[-8,-13],[-6,-10],[-19,-30],[-13,-20],[-7,-12],[-38,-64],[-17,-33],[-10,-31],[-70,-276]],[[296263,507312],[-145,-579],[-26,-100],[-4,21],[-5,71],[-7,33],[-40,-1],[-1,431],[13,26],[-1,20],[-20,89],[-9,22],[-8,34],[-6,48],[5,14],[9,6],[8,23],[13,8],[-5,78],[-4,64],[-9,122],[-2,26],[-4,41],[-16,79]],[[295999,507888],[8,18],[10,10],[6,-1],[17,9],[4,20],[9,-7],[25,-8],[9,-29],[5,23],[4,52],[16,52],[5,1],[9,-15],[13,5],[6,10],[12,2],[-15,87],[9,28],[-7,116],[29,7],[0,-7],[7,2],[-2,22],[8,78],[-1,32],[-8,38],[-2,58],[-5,10],[-6,23],[-7,17],[-10,61],[10,1],[0,87],[25,3],[-7,50],[-8,28],[1,40],[5,23],[1,51],[-4,35],[-3,8],[0,111],[4,0],[0,44],[5,-3],[21,-58],[2,-5],[5,-8],[23,-12],[2,-5],[0,-10],[-4,-13],[2,-41],[68,-221],[10,34],[17,2],[1,-43],[13,2],[-1,84],[13,1],[0,30],[-5,17],[-8,0],[0,42],[-3,4],[-1,12],[0,15],[4,12],[13,1],[0,-27],[12,2],[2,-36],[-1,-26],[4,1],[4,-50],[2,0]],[[296227,510733],[-20,0],[-17,-1],[-11,0],[-2,-42],[1,-32],[-13,-1],[-1,32],[-26,-1],[1,-32],[-13,-1],[-1,54],[7,0],[-1,21],[-19,0],[0,-75],[5,-14],[3,-50],[13,1],[1,-63],[6,0],[1,-43],[-5,0],[-9,28],[-2,0],[5,-23],[54,-217],[10,-31],[10,-28],[17,-49],[0,-66],[-4,-16],[-18,-30],[-4,-43],[-10,-13],[-5,-29],[-5,-20],[-9,-12],[-4,-16],[-11,-5],[-3,4],[-4,-9],[-9,11],[-7,-12],[-6,-40],[-14,0],[-15,-17],[-9,-3],[-4,-2],[-1,25],[-8,18],[-4,28],[-5,47],[-5,36],[-6,18],[-3,22],[0,40],[-7,4],[-12,-9],[0,-41],[-8,-24],[-31,-2],[-8,-9],[-1,-11],[-4,-17],[1,-9],[4,-352],[-2,-30],[-23,65],[-21,-4],[-18,-2],[-30,-19],[8,-66],[-4,-27],[-15,-54],[2,-381],[-3,-1]],[[295876,509093],[-190,-10],[-11,0],[-69,-5]],[[292104,499416],[1,185],[1,28],[6,38],[8,31],[5,32],[1,25],[0,95],[-1,26],[-12,98],[-5,47],[0,20],[2,28],[5,28],[8,34],[6,43],[1,28],[0,129],[-1,41],[-5,103],[-2,31],[0,78]],[[292147,500583],[0,-31],[13,0],[0,19],[9,-10],[4,22],[13,0],[18,-3],[13,3],[26,0],[2,-16],[14,1],[0,-28],[20,4],[12,-2],[20,2],[0,43],[33,3],[1,-3],[-4,-31],[-11,10],[-3,-22],[-4,0],[1,-43],[8,0],[-5,-44],[-4,-30],[-13,0],[0,-17],[9,-1],[-14,-100],[-17,-145],[-9,-67],[43,0],[3,0],[0,33],[-2,9],[8,0],[1,-41],[0,-2],[12,-26],[1,-5],[31,81],[4,18],[8,60],[6,25],[18,47],[2,13],[1,-21],[13,0],[0,21],[6,0],[0,-117],[6,0],[0,-10],[-6,-1],[0,-77],[6,-6],[-6,-1],[0,-15],[0,-2],[2,3],[6,20]],[[292442,500103],[2,-21],[-1,-63],[16,-87],[0,-42],[-4,0],[0,-16],[-9,1],[0,-16],[9,0],[0,-13],[-9,1],[0,-47],[7,1],[0,-32],[6,-12],[0,-75],[-2,-5],[-6,-38],[-3,-8],[-5,0],[0,-22],[-10,1],[0,-23],[-25,0],[0,-166]],[[292387,496354],[-2,0],[-1,-5],[-24,-123],[-9,-59],[-7,-70],[-15,-141],[-25,-192],[-10,-75],[-7,-42],[-5,-16],[4,-8],[10,6],[7,-15],[1,-15],[7,-14],[2,-36],[15,0],[3,-42],[4,-66],[-6,-11],[0,-13],[8,-13]],[[292337,495404],[-1,-43],[-5,-21],[-7,-25],[0,23],[-13,1],[0,-41],[-7,0],[-8,0],[-7,-11],[-2,7],[-15,1],[0,21]],[[292272,495316],[0,25],[0,5],[-2,0],[0,41],[2,0],[1,5],[-5,0],[0,32],[-8,0],[0,32],[13,-1],[0,54],[0,6],[0,4],[-5,0],[0,13],[-8,0],[0,19],[-6,16],[-6,2],[25,41],[0,2],[0,25],[0,126],[0,85],[0,7],[0,7],[0,58],[0,12],[0,86],[1,85],[0,104],[0,15],[0,62],[0,19],[7,52],[1,27],[0,142]],[[293894,494489],[7,0],[0,-21],[12,0],[0,-21],[-15,-1],[-4,14],[0,29]],[[295510,501399],[1,-43],[-3,1],[-2,8],[-5,0],[-1,-51],[0,-22],[10,2],[3,-14],[0,-6],[-4,-24],[-1,-19],[27,3],[1,-53],[3,1],[0,-33],[3,0],[3,0],[-1,50],[-5,28],[0,2],[0,5],[6,0],[5,-15],[-4,-27],[2,-28],[2,0],[-1,-15],[3,0]],[[295552,501149],[0,-43],[5,-13],[0,-39],[-3,-31],[2,0],[-2,-49],[0,-37],[-1,-19],[-3,-18],[-1,-5],[-9,-17]],[[295540,500878],[0,6],[-7,-17],[-3,17],[-1,-4],[-2,-10],[-4,-60],[-16,-2],[-3,0],[0,-25],[-2,0]],[[295425,500807],[0,34],[-5,70],[2,44],[-2,48],[-19,2],[-15,9],[2,43],[9,1],[10,17],[1,26],[1,0],[4,0],[3,22],[-5,0],[-3,0],[0,63],[3,15],[0,54],[-7,16],[4,26],[-6,-2],[0,18],[8,0],[3,13],[1,3]],[[294827,507934],[4,39],[6,-2],[11,33],[8,16],[5,0],[-2,26],[6,37],[13,52],[11,35],[17,21],[10,3],[3,135],[-1,45],[-2,3],[7,13],[12,5],[8,6]],[[295491,507581],[-5,-10],[1,-26],[-3,-14],[-5,-5],[-6,-23],[-10,-6],[-8,-2],[-2,-47],[8,-54],[4,-3],[2,-5],[0,-23],[-1,-4],[-6,-13],[-4,-19],[-58,-88],[-18,46],[-10,68],[-2,8],[-6,2],[-8,-24],[-9,-51],[-4,-8],[-9,1],[-6,12],[-6,25],[-26,-22],[-31,-4],[-3,23],[-63,-50],[-39,11],[-8,-13],[4,-14],[3,-30],[0,-14],[-3,-19]],[[295148,507186],[-7,-16],[-2,-16],[2,-61],[2,-19],[12,-43],[8,-13],[-5,-29],[-3,-25],[-7,-5],[-4,8],[-17,5],[-6,-17],[-5,-3],[-10,14],[-9,2],[-8,13],[-24,10],[-12,-19],[-27,-20],[-34,-8],[-4,3],[-21,45],[-5,-20],[-9,-4]],[[291886,493971],[22,7],[4,13],[1,23],[0,3],[1,1],[1,0],[0,41],[11,0],[2,128],[12,-1],[0,43],[13,1],[-1,40],[1,42],[24,0]],[[291977,494312],[1,-28],[6,-26],[0,-87],[0,-73],[0,-28],[5,0],[0,-12],[11,-3],[2,-1],[0,-16],[6,-1],[6,2],[13,-5],[0,-42],[-19,2],[-20,-19],[-1,-5],[33,-5],[5,4],[16,2],[0,170],[13,-2],[26,0],[13,-1],[10,0]],[[292117,494066],[-2,-24],[2,-29],[3,-6],[8,-12],[7,-26],[18,-69],[13,-7],[3,-11],[-2,-35],[-1,-21]],[[292111,493797],[-7,1],[0,8],[-12,-5],[-13,-4],[0,-6],[-7,6],[-6,-13],[-11,1],[-1,0],[-1,0],[0,13],[-13,0],[-15,0],[-9,-13],[-20,-2],[-10,-3],[-3,-3],[0,23],[-6,0],[0,-22],[-21,0],[-6,23],[-5,0],[0,-21],[-4,-1],[-1,-8],[-1,2],[-17,-3]],[[291922,493770],[-5,7],[-1,23],[3,3],[3,5],[0,17],[-1,20],[-9,37],[-6,26],[0,1],[-1,1],[-7,31],[-7,30],[-5,0]],[[291851,494040],[9,0],[7,-2],[8,-13],[0,-8],[0,-6],[-10,-39]],[[291865,493972],[-10,0],[-6,-35],[-5,-31],[-6,8],[-8,11],[7,61],[0,2],[3,23],[0,1],[12,23],[-1,5]],[[296148,505748],[34,-143],[13,-51],[13,-93],[0,-200]],[[291272,491683],[11,10],[22,-10],[6,-1],[20,1],[8,0],[11,0],[12,0],[6,0],[20,0],[12,0],[17,1],[4,0],[17,0]],[[291438,491684],[0,-10],[5,0],[-1,-11],[-4,0],[0,-10],[0,-11],[0,-54],[0,-12],[5,0],[0,-10],[-5,0],[1,-29],[0,-6],[0,-26],[0,-11],[1,0],[-1,-10],[0,-9],[0,-13],[0,-42],[0,-9],[1,0],[0,-33],[-1,-40],[0,-11],[0,-78],[11,2],[-24,-86],[-4,-16]],[[291422,491149],[-28,-97],[-5,-2],[1,-20],[-19,-18],[-5,-37],[0,-3],[2,-7],[-5,-16]],[[291363,490949],[1,18],[0,4],[2,42],[-5,69],[2,25],[-5,37],[-17,130],[-3,28],[-3,18],[-11,34],[-5,14],[-9,10],[-15,17],[-7,7],[-6,21],[-4,21],[-6,27],[-9,54],[-4,23],[2,16],[9,43],[3,28],[-1,48]],[[291233,496849],[10,62],[1,1],[-6,12],[1,2],[12,45],[8,27],[1,2],[4,17],[-4,19],[0,1],[0,0],[-1,1],[-7,6],[-1,1],[-8,7],[-3,3],[-2,9],[7,117],[3,9],[11,-16],[3,-6],[1,-1],[1,-1],[3,7],[1,4],[1,3],[7,22],[12,34],[-1,10],[-2,34],[-1,3],[-4,15],[-6,-6],[-1,0],[-15,25],[0,1],[-1,13],[2,3],[3,8],[23,-1],[0,0],[2,11],[7,51],[1,1],[5,47],[3,24]],[[291303,497475],[9,-5],[11,10],[1,1],[0,1],[1,0],[-2,-19],[0,-4],[-2,-9],[6,9],[12,0],[9,0],[0,20],[4,1],[0,21],[3,0],[2,-1],[1,0],[9,-19],[-5,-22],[15,1],[6,0],[0,-25],[6,0]],[[291389,497435],[1,-60],[0,-20],[3,-18],[-3,0],[0,-43],[0,-54],[0,-54],[0,-11],[0,-14],[0,-17],[0,-1],[0,-27],[0,-57],[0,-5],[0,-34],[0,-4],[0,-42],[0,-35],[0,-52],[0,-40],[0,-42]],[[291321,496803],[-6,0],[-6,-1],[-2,0],[0,33],[5,-1],[-2,20],[-6,-2],[0,-5],[-12,-3],[-4,10],[0,-3],[-2,-7],[-24,1],[-24,-3],[-5,7]],[[291306,494738],[0,15],[9,1],[0,-32],[-7,0],[-1,8],[-1,4],[0,4]],[[291313,494676],[5,3],[-5,-10],[-1,-43],[-1,-42],[6,-1],[3,0],[0,-2],[1,-27],[4,-31],[-2,-4],[-4,-11],[6,-39],[13,-1],[-10,39],[6,-20],[2,-3],[4,-13],[4,8],[3,3]],[[291347,494482],[6,1],[0,-98],[-6,-1],[0,-36],[18,-6],[0,-17],[-4,-15],[6,-24],[5,13],[0,-17],[-6,0],[6,-32],[-25,0]],[[291347,494250],[-1,0],[0,19],[-1,0],[-5,0],[-1,-22],[-5,-7],[0,2],[-2,2],[0,-3],[-4,8],[-3,-10],[-3,0],[-7,10],[-3,-5],[0,-5],[-5,0],[-9,-1],[-17,0],[1,4],[0,8],[-1,1],[1,9],[-2,3],[0,-2],[-4,-1],[-1,2],[0,-4],[0,-19],[-7,0],[-16,0],[0,22],[2,20],[-1,0],[0,-7],[-1,0],[0,7],[-5,-3],[-3,-8]],[[291244,494270],[1,46],[-3,4],[0,4]],[[291242,494324],[0,33],[0,48],[0,4],[1,1],[12,0],[0,36],[0,6],[4,-20],[9,0],[-1,66],[2,-2],[11,0],[0,44],[13,-1],[0,5],[0,26],[1,11],[14,0],[3,0],[0,2],[-8,-1],[0,2],[-6,0],[2,24],[-6,0],[-1,8],[0,19],[7,0],[0,8],[0,25],[14,1],[0,7]],[[294819,502920],[11,-36],[0,-2],[1,-3],[1,-2],[10,-32],[2,-4],[0,-6],[7,-20],[6,-21],[24,-74],[0,-2],[15,-51],[20,5],[2,0],[7,-2],[10,1],[16,1],[15,0],[2,0],[-4,64],[0,22],[-1,64],[0,11],[-1,0],[0,10],[-11,0],[-5,0],[-5,0],[-19,-2],[-24,2],[-20,0],[-6,-1],[4,11],[0,11],[7,0],[0,21],[6,0],[0,78],[6,0],[0,29],[-12,0],[0,24],[-13,2],[0,-6],[-11,0]],[[294859,503012],[0,42],[4,-1],[0,29],[4,14],[3,0],[-1,84],[-25,0],[-1,41],[1,89],[12,1],[0,41],[-13,76],[1,98],[26,0],[0,-8],[0,-84],[13,0],[0,44],[38,1],[0,47]],[[294921,503526],[11,0],[41,1],[38,0],[13,0],[1,-22],[0,-23],[13,1],[1,-39],[12,1],[-1,61],[3,-15],[3,16],[0,13],[17,-4],[0,11],[32,0],[124,2],[11,-3],[1,-88],[5,-18],[43,-8],[11,7],[13,-3],[4,-44],[0,-47],[-5,-34],[-9,-16],[5,-35],[1,-188],[-4,-38],[16,-11],[71,11],[7,-18],[-11,-6],[-11,-53],[-17,-67],[-10,-77],[-11,-52],[2,-33]],[[295341,502708],[1,-3],[-11,-20],[-6,-2],[-4,17],[-9,-10],[-23,0],[-5,-12],[0,-45],[0,-243],[-1,-57]],[[295283,502333],[-13,1],[1,5],[-11,0],[-1,-5],[-1,0],[-26,0],[0,5],[-7,4],[1,34],[-20,0],[-4,-30],[-3,-12],[-5,0],[-20,0],[-1,0],[-18,0],[0,43],[-10,0],[0,-42],[-16,0],[0,18],[-6,0],[0,18],[-3,1],[0,-6],[-1,0],[-1,-13],[-1,0],[0,-13],[-2,0],[0,-7],[2,0],[0,-14],[-11,1],[-3,-1],[1,-40],[0,-30],[-1,2],[-4,0],[-1,0],[-6,16],[-1,2],[0,-2],[-18,43],[0,2],[-6,13],[-7,9],[-33,21],[0,34],[-14,19],[-1,-14],[-4,-15],[-32,70],[0,7]],[[294975,502458],[-2,6],[0,-6],[-7,15],[-15,19],[0,-2],[-7,10],[1,-30],[-7,-11],[-13,0],[1,-84],[-1,-12],[-1,-202],[-55,-1],[-2,-9],[-5,36],[-8,28],[-13,32],[-18,22],[-18,10],[-17,3],[-14,-14],[-5,-14],[-10,10],[-1,-7],[-10,4],[-6,-5],[-27,23],[0,14],[-6,-11],[-3,18],[-9,-5],[-9,7],[-3,11],[-8,8],[-10,2]],[[294667,502323],[0,147]],[[294667,502470],[0,418],[51,-8],[54,1],[0,-42],[8,4],[21,-2],[-1,25],[19,1],[0,53]],[[291580,499416],[44,2]],[[291802,499418],[13,0]],[[291746,498907],[-6,0],[-42,0],[-3,0],[-5,0],[0,-32],[-8,-11],[-12,-1],[-2,0],[0,-49],[-24,0],[0,22],[-25,0],[0,-20],[-16,0],[1,-82],[0,-10],[-10,6],[0,-18],[0,-148],[-27,0],[-12,-15],[-6,-1],[0,-36],[-6,0],[0,-72],[1,-25],[2,-32],[-3,-62],[-1,-15],[0,-41],[1,-47]],[[291543,498218],[-1,0],[0,-24],[-10,-1],[0,-8],[-2,0],[-1,5],[-5,14],[-2,0],[-3,7],[-3,-8],[-2,14],[-7,0],[-16,4],[-6,0],[-6,0],[-13,0],[0,-16],[-5,0],[-1,16],[-20,0],[-25,1],[-5,70],[-2,8],[-6,15],[-13,4],[-6,28],[-2,4]],[[291381,498351],[2,9],[2,9],[2,9],[2,9],[1,37],[7,3],[4,1],[1,6],[4,29],[-1,2],[-3,15],[-19,0],[-1,6],[0,34],[0,5],[15,24],[1,3],[2,15],[1,3],[5,31],[1,5],[12,47],[0,14],[-3,2],[-5,3],[0,14],[4,7],[11,3],[8,33],[-1,2],[-3,11],[-9,27],[4,26],[-6,45],[-3,22],[1,8],[3,40],[0,7],[-3,16],[0,5],[1,24],[6,52],[0,2],[0,21],[-2,3],[-5,8],[1,11],[1,1],[5,8],[2,3],[1,-2],[3,-9],[4,3],[1,1],[19,27],[0,2],[13,25],[2,3],[3,2],[3,1],[3,15],[-1,8],[0,7],[0,12],[-1,0],[0,2]],[[291337,492900],[3,0],[0,-11],[0,-3],[-3,-1],[0,15]],[[291348,492860],[0,44],[-6,1],[-2,0],[-15,1],[-2,-42],[-5,0],[1,24],[-9,1],[0,-24],[-14,1],[-12,0],[-1,0],[-1,0],[-12,0],[-16,0],[-1,41],[-8,-15],[0,-24],[-14,1],[-1,-2],[-2,0],[0,-5],[-9,-13],[-6,-57],[-3,-7],[-17,0]],[[291193,492785],[-25,-1]],[[291168,492784],[0,8],[4,0],[-1,4],[-3,0],[0,11],[0,21],[8,0],[0,43],[-5,1],[0,29],[-3,4],[0,42],[4,22],[-4,0],[0,31],[0,17],[0,6],[2,8],[1,4],[0,3],[6,0],[-1,-4],[1,0],[3,4],[0,-17],[4,0],[1,0],[10,4],[0,18],[-2,1],[0,19],[-3,0],[0,-15],[-19,-1],[-3,18],[0,9],[4,1],[-1,37],[3,15]],[[291964,486788],[6,1],[0,10],[5,0],[1,-4],[23,3],[5,-3],[3,0],[5,1],[2,3],[26,-3],[0,5]],[[292066,486796],[0,-39],[0,-130],[-7,0],[5,-23],[-2,-19],[2,-41],[-3,-47],[5,2],[0,-38]],[[292066,486461],[-8,1],[-17,-6],[-27,-1],[-24,1],[-24,1]],[[291347,494250],[0,-64],[2,0],[0,-17],[0,-15],[-3,0],[0,-73],[29,-14],[-1,-3],[0,-9],[-16,9],[0,-20],[-11,1],[-1,-63],[12,0],[0,-43],[-8,0],[2,-29],[-6,-14],[-1,0],[0,-60]],[[291245,493887],[-1,0],[0,10],[-1,0]],[[291243,493897],[-1,24],[0,62],[0,20],[0,24],[18,1],[2,-9],[7,0],[0,57],[-1,35],[-8,0],[-4,13],[-1,34],[-13,8],[0,2],[0,2],[0,27],[0,32],[0,11],[0,29],[2,1]],[[292216,485831],[-2,-202],[-1,-28],[-7,-130],[-1,-25],[-1,-54],[2,-47],[5,-44],[18,-148],[6,-56],[8,-118],[4,-70]],[[292247,484909],[-50,-245],[-3,-16],[-6,96]],[[292188,484744],[-15,235],[-11,173],[-8,2],[-66,-2],[0,43],[0,42],[-4,0]],[[294863,493475],[-17,0],[-17,-1],[-1,0],[2,-19],[-9,-6],[-2,3],[-7,4],[-1,18],[-7,-1],[-3,10],[-6,-10],[-19,-1],[11,-76],[2,-9],[17,-40],[2,-6],[1,-34],[-3,-39],[1,-27],[7,-5],[6,-16],[0,-2],[-2,7],[-10,7],[2,-48],[4,-64],[22,0],[2,43],[1,-22],[3,7],[0,-7],[7,0],[0,-76],[-3,-31],[3,0],[3,-42],[2,-24],[0,-3],[2,-16],[11,-87],[14,2],[19,0],[6,0],[26,0]],[[294926,492523],[-20,-1],[1,-86],[20,0],[1,-46],[-1,-9]],[[294927,492381],[-8,-10],[-1,-38],[-13,-8],[-12,-6],[-7,-14],[-5,-22],[-4,-13],[-12,15],[2,14],[-6,-47],[-4,-66],[-1,-53],[-51,80]],[[293438,493280],[-1,226],[0,2],[0,127]],[[293682,493639],[6,0],[0,-45],[1,1],[0,37],[3,0],[0,-9],[13,1],[-1,-28],[13,0],[1,-38],[4,-7],[21,2],[4,0],[0,-26],[14,3]],[[293754,491146],[4,-20],[-5,-36],[-13,-23],[-4,-12],[-5,-24],[0,-12],[14,-302],[0,-40],[-13,3],[-65,0],[-9,-7],[-7,-15],[-36,-148],[-6,-10],[-80,-1],[-6,1],[-51,26],[-10,-3],[-8,-19],[-6,-36],[-9,-191]],[[293678,491859],[2,-61],[18,-1],[13,58],[-3,85],[-6,29],[-10,32],[-1,-48],[-13,1],[0,-95]],[[295876,509093],[-2,-81],[3,-135],[14,-86],[13,-116],[-2,2],[-14,71],[-10,-16],[-9,1],[1,-47],[13,-140],[32,-218],[13,-57],[3,-21],[11,30],[3,-26],[7,-122],[1,-86],[8,-49],[5,-61],[-4,-124],[-7,-60]],[[295955,507752],[0,-11],[2,-217],[-8,-4],[-12,-27],[-10,-33],[-7,-6],[-3,17],[-2,33],[-9,137],[-57,-92],[3,-21],[-14,-27],[-4,-27],[-4,-5],[-7,2],[-1,-43],[-1,-20],[-4,-23],[-3,-3],[-5,-31],[-5,31],[-3,-1],[-3,-2],[-3,-1],[-45,-5],[1,-85],[-26,-2],[0,-22],[-4,0],[1,-21],[-4,-2],[-18,3],[0,60],[-1,52],[-23,0],[-16,-42],[0,-42],[-7,0],[0,-22],[-3,0]],[[294351,498398],[66,0],[101,2],[1,0],[72,3],[29,2],[29,0],[-1,-48],[-15,2],[0,-27],[13,0],[0,-27],[16,0],[-3,-23],[3,-15],[-6,-32],[0,-47],[4,-13],[7,-4],[5,6]],[[294672,498177],[2,12],[11,1],[0,-32],[13,-11],[0,-41],[0,-46],[-10,2],[-2,-24],[0,-19],[-15,0],[0,-43],[0,-84],[1,-171],[-1,-171]],[[294671,497550],[0,-108],[-6,-5],[-3,2],[5,-117],[4,-101],[1,-16],[3,-21],[18,-115]],[[292828,508198],[-13,3],[-6,2],[-137,1],[-10,-4],[-10,-10],[-8,-14],[-34,-17],[-3,0],[-13,18],[0,-15],[-12,2],[0,-44],[-13,1],[0,23],[-12,-1],[-1,57],[-1,7],[-37,1],[-26,0],[0,-45],[-7,0],[1,-31],[-6,-2],[0,-54],[-15,-8],[0,49],[-24,1],[1,90],[-10,1]],[[293030,505556],[41,0],[153,2],[1,1]],[[293225,505559],[11,-2],[77,1],[169,0],[2,0]],[[293134,505186],[-104,368],[0,2]],[[292836,507439],[0,-44],[4,-1],[0,-21],[-4,-1],[1,-63],[-14,4],[-5,-18],[-1,-15],[1,-24],[2,-48],[4,-22],[1,-90],[10,-1],[5,4],[4,2],[5,-10],[-23,-86],[5,-26],[-4,-51],[-1,-7],[0,-77],[0,-34],[0,-7],[0,-11],[0,-89],[0,-27],[0,-47],[91,-1],[64,0]],[[292981,506628],[0,-170],[-156,0],[-52,-3],[0,-212],[52,2],[0,-85]],[[294065,487824],[6,20],[5,3],[3,25],[-6,17],[0,9],[6,26],[0,15],[10,23],[-3,13],[2,11],[-1,35],[5,24],[-3,16],[-4,-12],[-7,13],[-4,28],[0,28],[2,27],[10,15],[5,18],[12,-11],[3,29],[11,-32],[12,14],[-3,19],[7,16],[-2,19],[-5,-1],[1,30],[6,24],[1,14],[-3,10],[7,8],[4,30],[-3,15],[5,16],[6,-14],[6,8],[2,32],[5,30],[6,3],[5,15],[3,-3],[-2,-30],[7,-8],[5,-24],[2,14],[6,2],[4,12],[2,45],[-5,59],[-1,11],[5,24],[16,23],[11,-3],[8,1],[3,12],[0,-62],[2,0],[3,0],[7,-1],[26,2],[2,3],[23,22],[0,59],[3,1],[24,1],[16,68],[13,37],[19,66],[15,68],[18,41],[9,20],[25,74],[49,80],[18,24],[41,41],[7,11],[31,51],[16,11],[27,12],[26,26],[7,3],[26,1],[45,40],[3,4],[4,8],[28,71],[13,39],[0,401],[0,8],[-35,112],[6,52],[2,22],[-5,17],[4,32],[-5,35],[-7,14],[1,35],[-1,19],[8,12],[-7,65]],[[294805,490232],[156,2],[1,-382],[-1,-261],[0,-377],[0,-50]],[[294138,486658],[13,17],[-5,33],[0,26],[6,22],[-2,8],[-6,25],[8,49],[-5,22],[-1,19],[-10,34],[3,22],[-2,14],[-7,9],[-1,36],[1,22],[-1,29],[-9,29],[-6,-2],[-5,10],[-5,-2],[-4,22],[-5,13],[1,38],[-5,11],[4,35],[-4,10],[4,13],[-5,17],[-4,7],[-1,15],[-4,4],[-1,12],[4,11],[0,25],[-4,7],[1,17],[-2,42],[2,9],[-3,6],[3,13],[-4,37],[8,14],[0,15],[5,8],[0,10],[-7,13],[-2,33],[1,39],[-8,15],[-2,32],[-3,4],[-1,-33],[-5,-4],[-1,11],[0,11],[9,37],[3,23],[0,38],[7,15],[-3,21],[-8,21],[0,13],[5,20],[-3,16],[-5,-14],[-2,22]],[[294671,497550],[15,1],[0,85],[24,0],[0,60],[1,25],[6,-11],[7,1],[0,-75],[13,1],[0,-43],[13,0],[0,-42],[25,2],[7,-1],[-1,-39],[7,-5],[18,-20],[6,-8],[2,29],[6,0],[0,-21],[6,-12],[-6,-25],[1,-2],[-17,-67],[2,0],[54,1],[0,3],[18,0],[25,1],[9,8],[3,166],[40,-2],[3,-19],[3,-20],[9,-1],[4,-26],[6,-13],[11,-41],[7,-51],[3,-1],[14,0],[30,50],[-1,13],[-11,36],[-9,15],[-3,33],[2,40],[8,9],[1,144],[8,0]],[[295040,497728],[0,-75],[22,-82],[5,-15],[7,-6],[5,-21],[2,-50],[6,-2],[2,18],[7,-7],[-2,-20],[40,-41],[-1,-4],[-6,6],[-37,37],[-14,4],[-20,-22],[-1,-4],[-10,-16],[3,-21],[5,-17],[2,-23],[6,-11],[2,-34],[7,-21],[5,-22],[7,-12],[0,-33],[5,3],[1,-21]],[[295083,496538],[1,126],[0,38],[-39,258],[-39,1],[-14,22],[0,95],[-17,43]],[[294957,497167],[-6,10],[-10,14],[-4,4],[-27,18],[-25,1],[0,-3],[-1,-3],[-2,-1],[-1,-2],[-2,0],[-1,4],[0,5],[-16,13],[-15,-6],[-13,22],[-8,11],[-19,22],[-8,17],[-6,12],[-8,16],[-91,-253],[0,-1]],[[293035,507438],[2,16],[78,3],[8,1],[-1,-10],[3,-17],[13,13],[1,-4],[6,8],[0,-39],[2,-11],[8,19],[19,43],[12,5],[0,-30],[26,0]],[[293135,506583],[-1,-249],[-6,-4],[0,-9],[-9,-1],[-14,175],[-2,13],[-9,61],[-92,58],[-15,1],[-6,0]],[[295415,488151],[0,12],[13,3],[1,-21],[-14,1],[0,5]],[[295400,487771],[-1,57],[-1,6],[11,1],[0,10],[-1,43],[6,0],[0,28],[-7,-1],[-1,19],[0,14],[9,1],[0,25],[0,42],[0,36],[0,49],[27,2],[0,19],[1,39],[5,0],[0,-14],[15,1],[2,-1],[1,43],[75,-219],[0,-79],[0,-42],[34,5],[109,5],[0,30],[2,131],[0,147],[-35,0],[15,49],[8,57],[3,10],[5,6],[26,-23],[10,-8],[5,-8],[78,-148],[17,-35],[45,-85],[9,-14],[41,-78]],[[292218,486176],[2,0],[17,0],[6,-1],[45,0],[11,0],[16,0],[50,0],[2,-1],[8,43],[2,27],[18,-1],[19,-31],[0,-32],[-1,-43],[4,-27],[5,31],[0,50],[-4,63],[1,233],[1,5],[15,16],[6,-15],[4,0],[5,-14],[5,-5],[0,-322],[36,-78],[13,81],[2,9],[21,78],[4,28],[1,16],[6,-12],[18,-11],[9,-38],[16,33],[15,43],[45,-1],[9,-27],[4,-21],[3,-42],[26,-28],[9,-5],[12,62],[-1,11],[3,51],[3,1],[1,-128],[-1,-87],[13,0],[0,-60],[26,0],[0,42],[76,10]],[[292824,486079],[-1,-7],[0,-25]],[[292823,486047],[-1,-14],[-7,-9],[-7,-21],[-2,-14],[-8,-25],[0,-18],[-10,-9],[-4,-16],[-2,-23],[-3,-10],[-8,4],[-3,-6],[-7,-33],[-6,-8],[-16,10],[-9,-34],[-8,-27],[-1,-49],[-5,-23],[0,-30],[-2,-33],[-5,-14],[-9,-10],[-4,-15],[12,-25],[19,-16],[-9,-38],[-10,-70],[-14,-66],[-7,-37],[-4,-53],[-3,-9],[-38,124],[-1,-4],[-9,13],[-4,-15],[-4,0],[3,-24],[-3,-3],[-3,-38],[2,-13],[-8,-10],[-1,-14],[-1,12],[3,11],[-5,16],[1,53],[-3,31],[-4,4],[5,-38],[1,-24],[-3,-42],[-10,-50],[-4,-14],[-11,-15],[-12,-34],[0,-32],[-9,2],[-6,-11],[0,-15],[4,-23],[-2,-15],[-4,-3],[-2,-11],[0,-34],[-3,-3],[-3,-35],[1,-31],[-6,10],[3,11],[-4,-1],[-3,-14],[-2,-26],[4,-10],[1,12],[3,-10],[-9,-34],[2,21],[-3,-16],[-7,-6],[0,-20],[2,-19],[1,-25],[0,-9],[-7,-18],[3,16],[-4,13],[-4,-10],[-5,1],[-4,-28],[5,-5],[2,-16],[-2,-17],[-5,-10],[-1,12],[-5,-13],[-1,-21],[3,-30],[-3,-15],[-5,0],[-4,-21],[-7,-15],[-3,-25],[0,-18],[6,-7],[-1,-15],[-6,-7],[-7,-21],[-2,0]],[[292472,484615],[-1,5],[-6,0],[3,61],[0,41],[-15,0],[-2,340],[-11,1],[-10,26],[-22,-5],[-6,6],[-6,-6],[-15,-1],[-1,-33],[-2,-5],[0,-24],[6,-31],[0,-54],[-9,6],[-7,13],[-14,-3],[-3,-18],[2,-60],[0,-17],[-8,-179],[1,-24],[7,-19],[-39,-2],[-3,5],[-5,-17],[-6,-64],[-5,-44],[-1,-12],[-10,54],[-16,89],[-7,62],[-3,32],[-11,171]],[[291760,487417],[26,45],[24,40],[2,4],[7,11],[8,30],[7,16],[9,-6],[5,18],[7,-9],[2,9],[0,12],[5,31],[0,38]],[[291862,487656],[26,0],[12,0],[0,22],[5,0],[0,-26],[6,-3],[-3,28],[4,21],[3,1],[11,-1],[13,-2],[0,-10],[6,10],[18,0],[-1,-38],[9,0],[19,-11],[0,48],[8,0],[5,0],[13,0],[25,1],[6,-2],[15,-25],[14,-16],[19,-1],[6,-6]],[[292101,487646],[6,-6],[3,-42],[9,-28],[2,-5],[-3,-24],[1,-12],[-2,-1],[-1,-16],[1,-26],[-3,-5],[3,0],[0,-119],[0,-11],[0,-131],[7,0],[20,0],[27,-1],[26,5],[19,0]],[[292216,487224],[6,-94],[1,-159],[0,-115]],[[292223,486856],[-3,0]],[[292049,487136],[-4,7],[-5,1],[-13,-2],[-38,1],[-25,-1],[-2,0],[-4,1],[-9,0],[-11,0],[-6,1],[-6,-1],[-2,0],[-30,25],[1,-22],[-13,-6],[-8,-2],[-2,-14],[-13,4],[-2,40],[-2,27],[-2,26],[-1,9],[-32,0],[-61,2]],[[291759,487232],[0,47],[0,53],[1,85]],[[293436,488331],[0,-122],[-1,-1573]],[[293195,485119],[-373,8],[0,19],[1,901]],[[292824,486079],[0,104],[-1,8],[1,400],[1,185],[-7,-4],[-43,2],[1,167],[0,256],[-98,0]],[[292678,487197],[1,122],[-15,25]],[[292657,488226],[6,2],[10,10],[-164,208]],[[292509,488446],[15,70],[12,-20],[8,-27],[10,33],[7,4],[6,-8],[15,13],[7,-6],[16,22],[4,57],[0,35],[4,38],[-3,15],[2,2],[100,-5],[8,10],[1,51],[17,1],[5,17],[9,56],[5,56],[-1,20],[-5,17],[15,-6],[3,-18],[14,-37],[2,3],[3,11],[10,23],[4,21],[0,16],[7,34],[3,37],[4,19],[8,14],[10,34],[1,19],[4,11],[7,42],[2,26],[9,28],[59,-14],[28,12],[2,-4],[0,-20],[6,-21],[0,-15],[-3,-18],[-8,-27],[0,-39],[5,-18],[1,-23],[3,-17],[8,-28],[5,-61],[-2,-47],[13,-16],[13,-22],[6,11],[15,0],[11,5],[5,9],[12,-32],[7,30],[4,32],[6,29],[10,17],[9,-7],[8,-12],[19,-1],[6,-3],[13,-2],[2,-26],[-2,-15],[16,-4],[5,16],[20,-14],[5,-13],[10,-9],[-2,-22],[2,-20],[-2,-41],[0,-14],[27,2],[22,-7],[20,3],[96,-5],[-1,254],[19,1],[5,-9],[4,-14],[18,-185],[7,-291],[-12,-46],[21,-11],[13,-2],[3,-10],[19,-37],[3,-22]],[[293442,508155],[12,-1],[0,43],[8,-6],[5,6],[0,-17],[4,2],[0,13],[8,0],[1,-9],[14,-1],[0,9],[11,0],[1,-51],[0,-34],[16,1]],[[293708,506702],[0,47],[4,21],[-7,33],[-6,-2],[1,34],[-7,0],[0,21],[3,1],[-3,8],[-5,12],[-23,54],[-6,12],[0,-23],[-5,0],[0,-26],[-32,2],[0,-19],[-13,1],[0,-43],[-13,1],[-12,-18],[2,-20],[-17,-16],[-30,-31],[-8,-1],[1,89],[-39,118],[-1,43],[1,43],[-51,2]],[[293198,506233],[0,-35],[-13,-2],[0,-214],[-22,-4],[-5,3],[55,-337],[12,-85]],[[293030,505556],[-102,2]],[[293184,508206],[0,57],[9,20],[2,19],[-5,4],[-2,59],[3,25],[0,19],[-5,2],[-2,29],[6,6],[22,43],[2,9],[-3,-6],[-23,0],[-4,9],[3,4],[0,30]],[[293390,508605],[0,-59],[20,-1],[0,-38],[-2,-5],[0,-10],[2,2],[9,18],[10,-17],[0,56],[3,11],[2,4],[2,2],[6,0],[12,-1],[12,11],[10,4],[6,-21],[-2,-25],[5,-2],[9,-25],[5,-20],[2,-24],[-1,-24],[2,-24],[11,-51],[4,-32],[1,-55],[0,-62],[2,-27],[2,-80]],[[293416,508197],[-20,-1],[-6,0],[-51,-1],[-16,-3],[0,-12],[-5,12],[-16,0],[-4,0],[-10,-6],[-3,-1],[-49,10],[-7,9],[0,-18],[-9,1],[-11,0],[0,17],[-15,0],[0,-8],[-10,0],[0,10]],[[292066,486461],[0,-43],[0,-89],[0,-42],[-1,-47],[-2,-1],[0,-46],[2,-1],[0,-3]],[[294065,487824],[-4,5],[-6,28],[-3,9],[-16,-9],[-8,23],[-19,-12],[0,-11],[-9,-4],[-4,11],[0,114],[-2,338],[-76,0],[0,470],[-82,1]],[[293836,488787],[-20,417],[-11,239],[9,2],[24,29],[5,12],[0,-112],[204,-1],[-1,87],[26,0],[1,105],[12,0],[0,-63],[25,-1],[3,33],[2,-9],[12,-10],[12,7],[6,10],[1,28],[15,45],[7,21],[11,7],[12,42],[8,16],[11,23],[16,10],[3,-11],[4,-1],[2,-10],[3,9],[5,47],[-1,20],[3,21],[-1,26],[-10,18],[-8,24],[-2,25],[-1,23],[-5,13],[-2,35],[4,14],[11,-6],[69,1],[0,-85],[51,1],[0,-63],[11,16],[5,22],[4,-1],[3,25],[12,24],[9,5],[10,0],[3,18],[6,18],[3,20],[13,0],[5,15],[7,-3],[10,4],[0,66],[-5,9],[-6,23],[-9,11],[-3,13],[0,15],[-4,20],[-5,-1],[-6,46],[-1,18],[-3,22]],[[293085,508195],[13,0],[0,-8],[6,0],[7,0],[6,-1],[0,8],[13,-1],[6,1],[0,-8],[6,9],[16,2],[15,-1],[0,10],[11,0]],[[292217,487224],[4,-1],[17,0],[14,-23],[4,-3],[9,0],[28,1],[23,0],[58,0],[17,5],[54,-4],[11,1],[11,0],[47,-1],[7,0],[11,0],[146,-2]],[[292218,486176],[1,115],[0,157],[3,190],[1,67],[1,151],[-1,0]],[[292216,487224],[1,0]],[[292208,502505],[1,-43]],[[291389,497435],[1,25],[4,0],[0,-32],[8,-1],[0,75],[-4,0],[0,18],[11,11],[0,-8],[6,-1],[0,22],[0,11],[7,-24],[5,13],[0,0],[1,0],[0,1],[0,0],[0,0],[12,0],[1,-1],[10,-11],[7,12],[0,4],[4,0],[0,10],[3,-4],[1,0],[0,-10],[17,0],[9,-10],[-1,7],[1,88],[5,0],[16,1]],[[291513,497631],[5,-41],[-1,-56],[0,-32],[-6,0],[0,-10],[-2,0],[0,-24],[4,-2],[0,-5],[4,-1],[0,-85]],[[291517,497375],[1,-205],[2,-25],[10,-22],[7,-16],[4,-14],[3,-29],[0,-80],[-1,-45],[-3,-3],[0,-47],[-4,0],[-2,-21],[-4,6],[-19,6],[0,-43],[-5,8],[-3,17],[-3,-7],[-7,8],[-4,20],[0,-2],[-4,6],[-25,2],[0,-17],[-13,12],[-6,-8],[-8,-9],[-1,-28],[-11,-19],[1,-21],[-5,-18],[-4,5],[-2,-20]],[[291517,497375],[5,0],[0,-21],[20,0],[1,-37],[7,0],[8,20],[5,1],[6,-17],[1,21],[8,7],[11,-9],[12,2],[12,17],[-4,14],[8,0],[11,49],[4,7],[9,5],[4,-8],[8,-35],[5,-6],[11,27],[10,-4],[7,3],[6,12],[9,33],[10,8],[28,39],[16,2],[3,6],[5,37],[15,1]],[[291778,497549],[-5,-63],[-23,-115],[-48,-233],[-31,-158],[-7,-23],[-9,-47],[-13,-65],[-16,-86],[-7,-35],[4,-10],[19,0],[2,-14],[0,-93],[32,-32],[7,0],[0,-2],[21,7],[22,9],[4,-75],[2,-1],[6,5],[9,31],[-1,-171],[-58,1],[-99,-1]],[[292668,503514],[13,2]],[[292514,504110],[3,-1],[22,0],[1,129],[-6,0],[-1,7],[7,-1],[0,36],[21,-57],[5,-12],[-1,22],[8,29],[-4,32],[9,6],[4,13],[4,3],[2,2],[2,-2],[1,-6],[1,-7],[4,-3],[15,28],[6,17],[0,-29],[2,15],[5,-1],[3,27],[2,-25],[3,20],[2,-2],[1,-25],[4,-2],[-5,29],[3,27],[8,22],[4,18],[1,18],[5,2],[4,-8],[1,-35],[2,-5],[11,13],[4,17],[8,16],[7,-1],[-1,-14],[2,-13],[-5,-13],[1,-9],[6,34],[-1,13],[3,7],[-4,29],[7,8],[3,11],[10,-11],[2,11],[-4,3],[-1,32],[8,29],[2,35],[7,8],[4,11],[-1,18],[-10,-5],[-6,-13],[-1,-13],[-4,12],[4,20],[-5,10],[6,2],[-4,6],[-2,17],[14,44],[43,-1],[39,0]],[[292804,504704],[4,-7],[9,-27],[6,-10],[7,-24],[15,-20],[5,-27],[6,-3],[2,-31],[9,-48],[-4,-28],[1,-10],[9,-19],[3,-18],[-2,-21],[2,-15],[9,-27],[4,-19],[10,-15],[4,-1],[16,-29],[3,-11],[6,-12],[4,-14],[18,-80],[4,-10],[7,-3],[6,-18],[1,-26],[5,-36],[19,-48],[8,-5],[15,-39],[13,-6],[4,-7],[7,-25],[3,-21],[-1,-56],[5,-44],[0,-47],[6,-33],[0,-36],[1,-6],[7,-12],[8,-23],[7,-18],[7,-18],[2,-44],[-1,-12],[-5,-20],[-15,-31],[-7,-2],[-1,-17],[-18,-30],[-8,-44]],[[292681,503516],[-7,41],[-7,39],[-38,-2],[-1,156],[-2,36],[7,45],[-1,22],[0,7],[-4,45],[-4,0],[-4,33],[-1,15],[2,9],[-8,63],[-7,21],[-11,29],[-5,13],[-6,13],[0,-13],[-4,0],[0,15],[-4,5],[-12,0],[1,-43],[-4,1],[-22,0],[-13,1],[0,27],[-4,9],[-8,-9],[0,16]],[[292186,497212],[-7,8],[-2,23],[3,13],[-18,42],[-1,-6],[-7,28],[-11,60],[-8,20],[-10,67],[-6,48],[-3,22],[-5,55],[-16,132],[-6,42],[-24,128],[-23,92],[-2,18],[0,15],[8,85]],[[291826,498198],[18,7]],[[292163,496596],[-2,1],[-7,12],[-7,8],[-9,0],[-8,1],[-1,3],[0,-10],[-10,2],[-15,32],[-14,23],[-9,-6],[-16,-38],[-13,-13],[-12,6],[0,23],[-3,0],[-2,-19],[-17,13],[-17,-3],[-6,-1],[0,9],[-15,1],[0,-14],[-21,-5],[-1,11],[1,15],[-9,2],[1,76],[-14,0],[-1,-74],[-4,-38],[3,-23],[-14,-22]],[[291921,496568],[-7,57],[-2,40],[-4,126],[-6,199],[-1,42],[0,156],[1,51],[-1,116],[0,51],[0,205],[-13,-17],[-49,-45],[-34,-10],[-27,14]],[[291778,497553],[16,215],[7,97],[2,13],[4,52],[5,77],[14,191]],[[292208,504939],[27,3],[1,7],[3,26],[-2,-27],[-2,-9],[-12,-22],[-2,-12],[2,-48],[18,0],[0,64],[12,0],[1,-64],[6,1],[0,254],[0,85],[26,0],[-1,169],[0,88],[4,12],[26,-31],[-7,31],[-18,2],[0,12],[14,1],[-19,80],[-8,38]],[[292277,505599],[10,20],[10,5]],[[292310,505624],[2,0],[0,23],[3,0],[0,21],[-4,0],[0,63],[7,0],[-1,62],[11,0],[8,-29],[0,30],[14,1],[9,1],[2,-2],[0,62],[102,-7],[8,-20],[9,19],[3,-18],[14,-39],[22,81],[5,19]],[[292642,505563],[-20,-3],[-3,-4],[-8,6],[-5,-5],[-8,-30],[-6,-9],[-12,13],[-4,-14],[-15,-40],[-7,-24],[-1,-12],[1,-6],[13,-24],[10,-3],[4,-12],[1,-11],[-9,-8],[-6,-19],[-3,-22],[-3,-35],[-3,-31],[-4,-16],[-5,-10],[-8,-5],[-8,1],[-5,-5],[-15,-4],[-31,0],[1,-63],[5,-40],[10,-41],[-4,-68],[-2,-15],[9,-7],[33,-10],[3,-6],[3,-13],[3,-5],[-2,-37],[-11,-68],[-14,-57],[-10,-28],[-9,-3],[-4,-24],[4,-8],[11,-31],[7,8],[0,-14],[-13,8],[-6,1],[2,-17],[-9,-19],[0,-49],[-10,1],[-1,4],[-7,82],[-3,23],[-5,34],[0,-15],[-26,0],[0,-42],[-20,0],[-6,52],[0,7],[-22,1],[0,26],[-10,0],[0,20],[-4,0],[0,-20],[-5,0],[-1,-27],[-4,-2],[0,-36],[-4,-17],[-24,-4],[-5,-29],[0,-10],[2,0],[0,-69],[-3,-8],[-12,14],[-8,1],[-4,-12]],[[292442,500103],[7,20],[11,46],[2,9],[25,3],[11,13],[55,2],[8,-3],[37,3],[5,-7],[2,-14],[0,-43],[12,1],[0,-64],[4,0],[0,21],[29,1],[6,10],[0,-12],[8,0],[0,-19],[5,0],[0,213],[-1,176],[8,1],[-2,43],[1,7],[0,91],[0,212],[12,1],[0,30],[1,13],[0,53],[6,0],[6,11],[1,23],[25,0],[0,-42],[13,-1],[0,-42],[38,1],[0,55],[1,71],[-2,212],[1,84],[-1,3]],[[291455,505045],[10,43],[14,32],[8,9],[10,-7],[6,-15],[8,-3],[13,-18],[7,-16],[6,-19],[4,-9],[19,6],[12,-32],[13,-6],[12,-5],[12,-32],[6,-12],[7,5],[6,-11],[1,-15],[7,-21],[6,-4],[10,0],[8,11],[7,4],[13,-13],[10,-6],[10,-12],[5,-35],[13,-46],[22,-50],[10,20],[2,24],[7,31],[1,-23],[9,1],[0,18],[9,-1],[0,16],[6,-5],[6,-14],[5,2],[25,9],[0,20],[-12,3],[0,16],[6,-3],[8,-18],[8,-19],[5,-8],[5,-4],[2,16],[6,0],[0,11],[6,0],[0,-25],[7,-6],[1,10],[5,-10],[1,11],[6,0],[4,-14],[0,-18],[5,5],[9,-16],[1,10],[1,-20],[2,-2],[7,-19],[2,5],[15,0],[8,1],[0,-14],[23,2],[1,3]],[[291952,504763],[9,-3],[20,2],[17,2]],[[291442,503481],[6,25],[15,54],[1,39],[-11,41],[-9,7],[-7,-48],[-16,41],[-4,22],[-20,24],[-4,51],[-2,27],[-23,36],[-24,76],[-2,18],[-4,35],[-20,50],[6,130],[28,39],[-5,98],[-14,53],[9,72],[9,150],[54,49],[31,35],[17,41],[16,41],[4,113],[-1,122],[-21,56],[11,24],[1,42],[-8,1]],[[291295,503481],[-4,15],[3,93],[-9,73],[-21,17],[-4,19],[19,17],[28,12],[25,-48],[11,-20],[21,-81],[-15,-47],[-9,-27],[-2,-25]],[[292020,500550],[2,-6],[1,-36],[-6,-63],[-7,-40],[0,-7],[-4,-20],[-4,-16],[-7,17],[-4,-19],[1,-4],[-2,-26],[5,-4],[-5,-42],[2,-2],[-2,-29],[-5,-23],[-2,8],[-2,-7],[-5,-9],[-1,-5],[1,-7],[-3,-5],[-1,4],[-10,-20],[1,-5],[-5,-11],[-15,-33],[-2,-7],[-7,-24],[-9,20],[-3,-28],[4,-9],[-3,-2],[-5,-55],[5,0],[0,-40],[0,-34],[-3,0],[0,-8],[0,-6],[2,-19],[3,3],[2,-19],[1,-12],[0,-9],[-3,-2],[0,-9],[0,-22],[4,0],[0,-10],[0,-47],[0,-17],[-1,-2],[1,-6],[-1,0],[0,-6],[2,-17],[2,2],[1,-14],[3,-30],[0,-38],[0,-25],[0,-35],[4,-1],[-1,-9],[-12,-89],[-7,10],[-2,-16],[5,-8],[-3,-26],[-12,-34],[-1,-22]],[[291265,506026],[2,-22],[-9,-36],[9,35],[-2,-3],[-8,-23],[1,-12],[-2,-2],[-5,-22],[-2,12],[2,11],[1,16],[-4,8],[1,18],[-4,4],[2,6],[-5,8],[-1,5],[13,71],[3,147],[15,85],[-12,89],[-7,93],[-6,111],[-3,14]],[[291203,495072],[3,-3],[4,0],[-2,-16],[-2,0],[-3,3],[0,16]],[[291040,494560],[0,18],[0,3],[0,10],[2,18],[28,316],[7,-35],[8,-169],[-6,-122],[-2,-103],[22,-64],[-5,-24],[-15,-35],[-1,-11],[0,-2]],[[291179,495012],[2,0],[17,0],[2,0],[0,-7],[2,7],[1,3],[4,15],[3,23],[2,13],[1,-13],[2,-1],[0,3],[25,-1],[0,-20],[-19,-3],[0,-20],[-7,0],[1,-21],[-7,0],[-1,21],[-5,-32],[0,-31],[0,-21],[2,0],[8,-1],[1,1],[1,1],[1,1],[3,5],[5,5],[17,-14],[13,-1],[38,0],[14,2]],[[291305,494926],[0,-2],[0,-47],[0,-5],[14,1],[0,-21],[-27,-2],[0,-21],[10,-21],[-2,-12],[-1,0],[0,-5],[7,0],[0,-69],[-13,-1],[0,-11],[16,1],[3,-18],[1,-17]],[[291242,494324],[-9,1],[-4,0],[-5,0],[-2,0],[-18,0],[-13,1],[-9,0],[-4,0],[-13,0],[-23,0]],[[291142,494326],[2,31],[5,75],[-2,53],[-1,4],[0,9],[0,8],[7,75],[1,47],[1,48],[1,77],[3,10],[4,17],[0,2],[0,5],[0,54],[5,48],[0,4],[3,23],[-9,7],[-1,1],[-7,0],[-24,-2],[-20,41],[-29,35],[-1,-1],[-6,-3],[-15,-7],[-6,19],[-31,94],[-14,184],[4,69],[0,5],[3,70],[27,-98],[1,-3],[1,-2],[2,-18],[1,-9],[2,-24],[2,-71],[-2,-103],[13,-41],[11,24],[14,-5],[2,-1],[23,-62],[15,-44],[13,0],[9,0],[9,5],[21,-5],[0,41]],[[294671,498406],[0,-47],[0,-18],[1,-164]],[[293739,498383],[5,798],[0,7],[1,386]],[[292420,491260],[1,68],[2,35],[3,26],[6,35],[0,2],[33,169],[14,76],[3,29],[5,65],[4,43]],[[292491,491808],[3,-2],[5,1],[6,-2],[1,-83],[25,-3],[38,-4]],[[292569,491715],[0,-6],[0,-36],[0,-30]],[[292410,490550],[-1,44],[3,1],[8,19],[-1,33],[-3,26],[2,43],[-3,8],[-3,1],[0,190],[0,6],[-10,2],[-2,6],[8,33],[7,44],[4,53],[1,25],[0,176]],[[292317,494737],[0,-10],[2,-1],[1,-1],[0,-10],[-3,-1],[0,-20],[0,-19],[3,-1],[0,-23],[0,-22],[1,-21],[3,-8],[8,1],[10,23],[21,18],[5,4],[7,4],[0,-5],[0,-14],[-13,-11],[-9,-11],[-4,-16],[-12,-14],[-3,-14],[-6,-68]],[[292106,494372],[0,8],[0,15],[-3,0],[0,39],[3,0],[0,27],[-3,1],[1,20],[-1,0],[-1,19],[3,1],[-2,38],[3,27],[1,39],[0,3],[0,20],[-1,-1],[-4,0],[0,16],[5,0],[0,8],[-2,0],[0,22],[-2,0],[0,21],[0,14],[0,3],[1,4],[3,0],[0,26]],[[292324,494588],[0,-2],[0,-5],[6,1],[1,9],[-6,0],[-1,-1],[0,-2]],[[291150,496372],[2,0],[7,-6],[3,0],[5,-1],[4,3],[2,2],[5,3],[32,0],[25,0],[4,0],[9,1],[7,0],[6,0],[13,1],[7,0],[1,-3],[30,0]],[[291290,495792],[-1,0],[-40,-2],[-13,0],[-25,0],[-8,0],[-13,-1],[0,-4]],[[291190,495785],[-3,6],[-7,-1],[-2,15],[6,30],[1,5],[1,5],[-2,17],[0,14],[-1,2],[-5,82],[-1,3],[0,12],[1,3],[-1,0],[-3,6],[-1,0],[-3,-5],[-1,-3],[-2,4],[7,38],[-2,13],[-7,74],[-12,67],[-7,61],[0,0],[-13,2],[0,3],[0,4],[-1,7],[0,3],[9,16],[2,5],[2,15],[-7,42],[-11,4],[-2,16],[9,17],[16,4],[0,1]],[[294228,501916],[1,2],[21,-41],[0,4],[25,-56],[0,15],[9,0],[-2,32],[0,103],[-17,1],[0,19],[4,20],[0,29],[9,39],[0,2],[3,-17],[12,-29],[3,-1],[5,8],[13,7],[0,43],[16,-1],[0,21],[9,1],[0,20],[7,0],[0,41],[9,-8]],[[294355,502170],[7,0],[52,9],[0,-43],[8,0],[20,-2],[4,-23],[3,-22],[7,-16],[15,15],[3,-1],[7,-9],[10,-30],[16,-4],[5,17],[6,3],[10,7],[9,22],[6,-2],[5,10],[36,-17],[7,-4],[77,-36]],[[294668,502044],[4,-591],[-1,-153]],[[294671,501300],[-23,-3],[0,14],[-1,13],[-2,27],[-6,34],[-9,62],[-7,27],[-12,7],[-2,20],[-10,12],[-2,16],[4,44],[6,20],[-4,16],[-6,-16],[-5,6],[-3,-20],[-6,-52],[-5,-28],[-2,-48],[-7,1],[-5,0],[-19,1],[-14,1],[-33,0],[-42,1],[3,-14],[39,-180],[0,-3],[13,-58],[27,-124],[4,-19],[20,-63]],[[291150,496372],[1,9],[-4,12],[-3,9],[0,1],[1,6],[1,0],[4,1],[1,-2],[1,-3],[5,-10],[5,2],[0,5],[0,11],[-7,18],[-1,1],[-5,12],[0,1],[-13,31],[-4,32],[-2,10],[5,29],[26,50],[4,6],[2,5],[1,9],[6,67],[0,2],[2,18],[1,3],[7,40],[-3,10],[2,21],[13,16],[11,-22],[13,8],[2,10],[9,52],[2,7]],[[291125,496398],[1,0],[3,5],[4,-6],[0,-12],[-6,-8],[-2,9],[0,12]],[[291114,496425],[3,7],[5,-6],[1,-10],[-3,-7],[-6,5],[0,6],[0,5]],[[291109,496387],[2,5],[1,1],[3,-5],[0,-12],[-3,-6],[-1,2],[-2,3],[0,12]],[[291474,494693],[-5,-15],[3,-16],[12,-64],[0,-4],[2,-25],[3,-29],[2,-20],[1,-4],[18,-52],[3,-37],[1,-7],[-2,-9],[-9,-44],[-4,-17],[-10,-50],[-3,-16],[-3,-13],[-2,-9],[-5,-26],[0,-2],[-9,-38],[-7,-28],[0,-7],[-2,-36],[-1,-15]],[[291457,494110],[-4,9],[-1,-9],[-16,0],[-9,-2],[-4,-11],[-9,14],[-4,0],[0,11],[0,2],[0,29],[5,0],[-1,36],[-4,23],[0,9],[0,22],[0,6],[1,34],[0,43],[-1,80],[0,49],[0,3],[0,7],[7,0],[-1,10],[-6,0],[0,22],[0,1]],[[291410,494498],[0,87],[0,10],[0,11],[0,23],[0,120],[4,7],[9,0],[0,22],[-13,14],[-1,11],[0,20],[1,12],[-1,15],[0,24],[0,6],[0,7],[0,28],[0,-9],[10,0],[-4,21],[1,-1]],[[292455,498311],[2,27],[12,20],[8,-1],[4,-7],[17,-20],[4,5],[10,3],[19,18],[14,23],[5,5],[29,14],[12,-7],[5,12],[13,-18],[0,-3],[-1,-25],[2,26],[6,-1],[0,14],[26,0],[0,48],[13,1],[0,-42],[32,0],[0,32],[-6,0],[0,10],[38,0],[0,-42],[19,0],[6,0],[1,42],[6,0],[0,-43],[6,1],[13,0],[6,0],[15,0],[0,-21],[0,-25],[5,0],[4,-15],[9,0]],[[292809,498342],[-7,-20],[-6,-8],[-5,-28],[-6,13],[0,-28],[45,1]],[[292830,498272],[18,0],[23,1],[2,3],[0,-1],[0,-44],[0,-42],[-13,0],[-1,-44],[-38,-1],[0,-87],[-24,0],[-1,-40],[-10,0],[-3,-9],[-1,-34],[-20,1],[-4,19],[-10,1]],[[292748,497995],[-3,-1],[-1,-6],[0,-99],[-47,-1],[-4,-28],[-5,7],[-22,-1],[-1,-20],[-10,0],[-2,-5],[-1,-29],[-4,-8],[-9,0],[1,347],[-19,6],[-20,-5],[-3,-158],[3,-159]],[[291826,498198],[-22,-8],[-21,14],[-19,23],[-18,16],[-3,10],[-2,8],[-4,14],[-4,9],[-2,3],[-5,3],[-9,4],[-10,15],[-6,7],[-5,-1],[-15,-9],[-9,-20],[-11,-28],[-18,-31],[-5,-5],[-30,0],[-7,-6],[0,-18],[-7,-11],[0,28],[-8,-4],[-18,7],[-18,0],[0,-8],[-7,0]],[[291543,498210],[0,8]],[[291182,495622],[8,-17],[2,-19],[-2,-25],[2,-27],[21,-11],[0,-75],[0,-30],[-10,2],[0,-11],[-5,1],[-1,-18],[0,-29],[4,-1],[0,15],[4,3],[-4,6],[1,16],[0,-10],[15,-20],[-3,-7],[0,-11],[-1,-47],[-2,-18],[-2,-15],[-9,-9],[-10,-10]],[[291190,495255],[-12,34],[0,20],[0,6],[1,14],[2,29],[2,43],[1,11],[5,77],[-10,97],[4,29],[-1,7]],[[291182,495622],[-3,18],[7,29],[-3,25],[1,16],[1,12],[0,5],[3,2],[4,5],[1,1],[1,10],[2,11],[-1,19],[-5,10]],[[291179,495012],[0,52],[-6,34],[-2,8],[-2,11],[23,89],[1,21],[0,20],[-3,8]],[[291596,495420],[0,-60]],[[291596,495360],[0,-72],[0,-17],[0,-174],[1,-40]],[[293272,502583],[3,94],[10,0],[0,161],[13,0],[0,30],[2,1],[2,-2],[1,1],[0,-3],[1,0],[1,2],[0,2],[0,5],[0,6],[44,-1],[0,106],[14,0],[0,22],[-23,0],[1,86],[-20,3],[-3,7],[-9,47],[-10,7],[13,60],[1,2]],[[293313,503219],[33,145],[3,16],[28,223],[13,0],[-1,20],[5,1],[0,22],[8,0],[0,33],[4,-10],[6,0],[0,-23],[3,0],[0,-43],[-6,0],[0,-43],[3,0],[0,-43],[3,0],[0,43],[13,-1],[0,-63],[1,0]],[[293429,503496],[-4,-15],[5,-22],[7,0],[14,31],[3,27],[6,0],[32,-1],[0,42],[38,0]],[[293543,503557],[0,-10],[13,-5],[0,-27]],[[293621,503174],[78,-2],[12,-1],[27,-2],[14,0]],[[292812,493391],[12,-22],[27,-46],[21,-36],[5,-1],[25,1],[25,0]],[[292927,493287],[4,0],[0,-15],[4,-1],[0,16],[1,0],[1,-42],[-4,-1],[0,-42],[7,0],[0,43],[43,1],[-4,-45],[-1,-27],[10,-11],[3,0],[19,-2],[12,-4],[-3,-21],[-2,-36],[-7,-44],[-3,-6]],[[291890,490224],[32,191],[6,36],[15,90],[4,19],[3,18],[3,16],[10,49],[6,33],[14,49],[22,108],[0,26],[0,17],[9,46],[4,11],[4,11],[52,134],[2,0],[6,2],[26,7],[4,1],[1,3],[9,24],[1,-1],[2,-2],[5,21],[-1,16],[-3,8],[6,35],[-1,18],[-2,43],[0,13],[-6,52],[-1,7],[-1,8],[-3,15],[-3,14],[2,4],[6,25],[2,5],[24,28],[5,-7],[3,-2],[1,6],[2,6],[1,1],[11,20],[4,-30],[2,-9],[3,3],[1,10],[3,19],[3,18],[2,11],[7,14],[8,-2],[0,3],[2,14],[1,2],[12,15],[2,6],[2,4],[1,2],[1,3],[2,4],[8,-7],[14,45]],[[292250,491573],[2,-14],[7,-10],[3,-13],[7,-20],[1,-4],[-6,1],[0,-37],[13,-73],[8,-14],[0,-17],[-19,1],[1,-23],[-7,0],[-1,0],[0,-83],[13,0],[12,38],[2,4],[4,0],[12,14],[8,-8],[0,-49],[20,-1],[5,0],[20,-1],[15,-1],[11,0],[27,-2],[12,-1]],[[292201,490225],[-138,-4],[-5,-1],[-77,0],[-3,-1],[-26,1],[-9,0],[-9,0],[-30,1],[-14,3]],[[292331,491951],[35,-3],[0,-5],[3,-5],[47,-2],[22,-3],[64,-6]],[[292502,491927],[-9,-106],[-2,-13]],[[292250,491573],[1,4],[14,44],[2,8],[1,1],[-1,4],[0,5],[0,3],[0,6],[0,4],[-1,3],[9,32],[1,3],[1,7],[1,5],[0,3],[1,4],[1,18],[-4,2],[-2,1],[-1,-4],[-5,-17],[-5,13],[-1,1],[-5,13],[27,104],[18,71],[6,23],[16,1],[4,10],[3,6]],[[292171,495718],[6,0],[2,-62],[2,-43]],[[292178,495508],[19,-3],[7,4],[1,-11],[2,-15],[0,-3],[-6,-37],[-3,-60],[11,-1],[-1,29],[-7,0],[0,11],[7,0],[3,0],[0,-40],[7,-2],[4,-5],[0,-34],[7,0],[3,-27],[3,-9],[4,-7],[4,-3],[12,0],[-1,22],[18,-1]],[[292337,495404],[4,-8],[2,-8],[1,-2],[-8,-28],[1,-65],[7,6],[9,-3],[3,-18],[3,-1],[3,-2],[2,-1],[11,-36],[14,-31],[13,18],[11,6],[15,-4]],[[292428,495227],[8,-35],[2,-27]],[[292438,495165],[-35,-1],[-16,0],[-11,-1],[-1,0],[-1,0],[-12,0],[-18,-1],[0,-17]],[[292107,495126],[0,35],[-7,19],[1,25],[6,3],[1,-19],[4,12],[-3,3],[0,33],[3,19],[10,4],[3,6],[0,16],[-9,7],[5,12],[-2,19],[2,13],[8,10],[-4,42],[-10,4],[0,9],[2,0],[-1,38],[-4,34],[0,36],[1,5],[4,0],[0,6],[2,-2],[3,18],[6,-5],[3,10],[1,16],[5,0],[0,42],[-20,0],[1,11],[-7,30],[-4,0],[0,-2],[-3,0],[-1,31],[2,4]],[[295032,495913],[5,17],[22,49],[8,13],[10,3],[14,-10],[25,-19],[8,8],[20,43],[10,5]],[[291823,494790],[1,-3],[13,5],[-6,10],[-1,20],[22,0],[25,-7]],[[291877,494815],[0,-31],[-12,1],[6,-10],[-6,-11],[0,-21],[-13,1],[0,-4],[0,-5],[1,-5],[9,-20],[3,-12],[0,-40],[-1,-97],[0,-16],[0,-6],[0,-10],[0,-43],[0,-17],[-8,1],[-3,-26],[11,-1],[-1,-39],[0,-51],[-3,-1],[-5,-5],[0,-9],[8,0],[0,-22],[2,0],[1,0],[-1,-62],[0,-8],[7,-14],[0,-5],[-1,-46],[1,-23],[-3,-8],[-5,-2],[0,-4],[0,-13],[4,-37],[2,-17],[-4,-15],[-15,0],[-1,-17]],[[291850,494045],[-1,6],[-4,20],[-3,-2],[-10,-5],[0,0],[-7,10],[-5,7],[-10,14],[-4,6],[-3,4],[-4,6],[0,38],[0,0],[-38,2],[0,67],[0,61],[-4,2],[-8,-22],[-8,0],[-23,65],[-5,15],[-3,46],[-1,8]],[[291078,492789],[0,0],[13,-2]],[[291091,492787],[0,-42],[-13,1],[1,-5],[0,-27],[0,-11],[0,-18],[6,-3],[0,-64],[7,0],[-1,-86],[1,-43],[0,-86],[0,-16],[-20,-29]],[[291072,492358],[-7,24],[-5,7],[-15,26],[-19,10],[-3,15],[-2,10],[-1,4]],[[292109,493584],[-18,0],[0,6],[-13,0],[-3,7],[-16,-2],[0,-11],[-6,1],[-13,0],[-7,0],[0,11],[-19,1],[0,-11],[-11,0],[-2,3],[1,-14],[-20,2],[-9,2],[-5,23],[-11,3]],[[291957,493605],[3,10],[-6,24],[-2,0],[-2,0],[-5,0],[-1,0],[-5,25],[-17,-1],[-1,8],[-1,19],[0,3],[-1,6],[13,40],[-2,22],[-4,5],[-4,4]],[[292438,495165],[2,-17],[-3,-27],[1,-4],[-7,-4],[-7,-27],[1,-51],[5,5],[3,-15],[11,-9],[3,0],[2,5],[6,7],[8,6],[1,-1],[11,-22],[3,-17],[0,-4],[1,-13],[-3,-23],[1,-5],[0,-16],[-3,0],[-4,-35],[-3,-19],[0,-16],[1,-12],[-1,-9],[-2,-26],[-2,-8],[-2,0],[-4,11],[-2,1],[-2,-4],[-2,-10],[-2,-1],[-2,1],[-3,9],[-3,2],[-3,-6],[-7,-19],[-8,-12],[0,-7],[-1,-22],[2,-15],[0,0],[4,-17],[-6,-42],[1,-24],[0,-5],[2,-8],[7,-21],[1,-6],[0,-11],[3,-13],[3,-13],[1,-2],[1,-2],[8,-6],[-1,-2]],[[291511,492555],[-10,-33],[0,-5],[0,-36],[1,-21],[-1,-21],[0,-22],[-3,0],[2,-21],[2,0],[1,-10],[1,-11],[-2,0],[-1,0],[0,-17],[3,-4]],[[291504,492354],[-3,0],[-2,0],[-1,0],[-13,0],[-4,-21],[-18,-1],[0,-21],[-3,9],[-3,0],[-1,33],[-18,0]],[[291438,492353],[-3,0],[-16,0],[-13,0],[-6,0],[-13,-1],[0,-7],[0,-10],[0,-7],[-3,0],[0,-18],[-3,6],[0,5],[0,11],[-3,0],[-3,0],[0,21],[-5,0],[0,-11],[-2,0],[1,-10],[-4,-1],[0,22],[-6,0],[1,-43],[-4,6],[-7,-1],[0,6],[1,21],[6,-11],[2,10],[0,12],[-8,0],[-3,0],[-3,0],[-1,-1],[-6,0],[-13,1],[-18,-1],[-2,0],[-2,-37],[3,-14],[2,-28],[-5,39],[2,41],[-3,5],[-25,4],[-5,0]],[[291271,492362],[-1,49],[0,12],[4,31],[1,13],[2,13],[-1,0],[7,68],[1,9],[1,4],[-1,10],[1,10],[2,6],[7,38],[2,14],[1,6],[5,28],[5,22]],[[291960,493289],[15,0],[0,4],[1,0],[0,-5],[16,0],[9,0],[0,4],[1,0],[18,0],[13,-1],[0,-25],[6,-1],[0,26],[19,0],[2,0],[17,-5],[10,0],[0,5],[0,0]],[[292087,493291],[4,-84],[1,-11],[0,-3],[2,-46],[1,-12],[2,-6],[5,-17],[11,-33],[3,-9],[2,-5],[-4,-100],[0,-1],[0,-14],[-1,-8],[-6,-11],[-10,-40],[0,-7],[-6,-55],[2,-52]],[[292038,492829],[0,41],[-1,12],[0,22],[1,0],[0,42],[0,17],[-3,1],[0,4],[1,0],[0,6],[-2,0],[1,6],[3,0],[0,22],[0,9],[-6,8],[-6,-8],[-12,0],[-1,-9],[-12,0],[0,12],[-26,1],[0,16],[0,4],[-16,0],[0,6],[0,17],[-12,3],[-3,6],[-13,-8]],[[291931,493059],[0,8],[-2,5],[-2,7],[0,1],[0,6],[0,8],[1,21],[22,0],[0,1],[2,5],[6,19],[1,3],[0,18],[0,4],[0,3],[0,1],[-10,5],[-2,25],[1,25],[0,3],[13,8],[0,3],[0,2],[1,8],[-1,13],[0,3],[-1,3],[0,2],[0,2],[0,18]],[[295320,498415],[26,1],[47,0],[14,-1],[1,0],[48,0]],[[295456,498415],[0,-16],[1,-201],[-4,0],[0,-10],[4,0],[0,-26],[0,-10],[-6,0],[0,-11],[6,0],[0,-21],[0,-43],[-5,0],[-4,-19],[0,-23],[9,-1],[0,-6],[0,-35],[-10,21],[-6,0],[1,-13],[0,-18],[10,-20],[5,4],[0,-8],[-6,0],[-1,-2],[2,-13],[0,-6],[3,-1],[0,-14],[2,0],[0,-14],[0,-2],[-4,1],[0,-41],[4,-1],[0,-11],[-4,0],[0,-24],[4,0],[-1,-26],[3,-9],[0,-9],[5,-13],[3,-12],[0,3],[2,-6],[3,1],[1,6],[2,18],[5,-4],[3,-4],[2,-107],[8,-20],[-2,-46],[-3,-27],[-7,-51],[-2,-4],[-13,2],[-15,-36],[-11,-16],[-2,-12]],[[294089,503175],[9,-13],[14,-9],[7,10],[8,-20],[-1,-6],[-1,-7],[0,-12],[1,10],[0,8],[1,2],[2,-4],[0,-2],[4,-7],[6,-18],[1,-5],[6,-13],[10,-19],[12,-16],[11,-7],[11,1],[10,16],[13,11],[3,7],[14,8],[1,-36],[10,8],[2,12],[6,1],[11,-20],[9,-2],[-3,-28],[-5,-14],[-2,-19],[-8,-5],[-4,-16],[7,0],[-2,-18]],[[294252,502953],[-6,-7],[-7,-17],[-11,-20],[-11,10],[-4,-5],[-1,-20],[0,-166],[-25,-6],[-13,7],[-25,0],[-6,0],[-10,10],[-22,69],[-1,79],[7,21],[9,34],[4,0],[0,21],[1,65],[-14,27],[-17,32]],[[293662,494319],[-1,2],[4,-2],[19,1],[30,-1],[28,-2],[0,-8],[16,-15],[9,-2],[0,2],[13,2],[18,8],[22,9],[24,7],[0,-10]],[[291761,488084],[12,0],[13,0],[27,1],[0,10],[11,-3],[0,-8],[13,-1],[1,16],[2,6],[10,1],[5,-21],[6,6]],[[291861,488091],[2,-7],[0,-86],[0,-9],[0,-16],[0,-56],[-2,-4],[0,-43],[2,0],[1,-43],[-2,0],[0,-43],[0,-43],[2,0],[11,0],[0,-42],[-13,0],[0,-39],[0,-4]],[[291760,487417],[1,198],[-1,36],[1,48],[13,19],[-2,22],[1,16],[-12,1],[0,20],[0,52],[0,85],[0,65],[0,15],[1,6],[1,42],[-2,0],[0,42]],[[293435,494785],[0,2]],[[293435,494787],[49,1],[2,0],[3,1],[10,9],[4,8],[12,33],[34,94],[1,3],[11,29]],[[293561,494965],[5,-10],[4,0],[35,36],[-1,6],[8,-1],[1,1],[5,0],[8,0],[0,41],[0,2],[13,0],[0,-44],[24,0],[6,0],[13,0],[17,1],[1,0],[13,0],[2,5],[3,-5],[10,0],[12,1]],[[293740,494998],[0,-65],[-2,0],[3,-41],[-3,-13],[3,2],[0,-10],[-3,-14],[0,-28],[0,-22],[3,0],[0,-10],[-3,-28],[1,-25]],[[293739,494744],[-3,0],[0,-7],[-1,1],[-7,0],[0,6],[-8,-30],[-10,-15],[-6,-10],[-3,7],[-1,-3],[-5,-17],[-4,-16],[0,-2],[-14,0],[-12,2],[0,63],[-7,-1],[-6,0],[0,-21],[6,-2],[0,-41],[-19,0],[-1,0],[-1,5],[-8,0],[0,16],[-9,1],[0,-22],[-6,0],[-4,0],[-2,6],[-1,37],[-6,0],[0,21],[-4,0],[0,23],[5,-1],[10,40],[27,21],[0,3],[-90,-64]],[[293436,494657],[0,5],[-1,8],[0,4],[0,2],[0,23],[0,29],[0,19],[0,14],[0,24]],[[294327,495189],[0,-39],[0,-3],[0,-38],[-6,-4],[0,-11],[0,-53],[-2,0],[2,-10],[0,-32],[0,-48],[-3,6],[-6,10],[-10,19],[0,13],[-13,0],[0,-18],[0,-13],[1,-8],[-1,-46],[5,-5],[1,-13],[7,0],[0,-25],[-12,0],[0,-32],[12,0],[0,-26],[-19,6],[-4,9]],[[294279,494828],[-13,78],[-4,0],[-5,30],[-1,5],[-1,4],[-1,3],[-3,4],[-2,2],[-11,1],[-10,1],[2,-23],[-3,-25],[2,-32],[10,-44],[0,-21],[4,-14],[-4,-54],[-56,0],[0,-7],[-3,-1],[-4,-78],[-12,5],[-2,-11],[0,7],[-31,1],[-7,127],[-15,0],[-9,1],[-13,-5],[-1,-5]],[[294086,494777],[-16,10],[-10,-1],[0,33],[-13,10],[0,42],[0,35],[10,6],[-10,-6],[0,8],[0,2],[-5,0],[0,50],[-5,-4],[0,9],[-3,1],[0,12],[6,0],[0,5],[7,3],[0,8],[-19,0],[6,16],[0,117],[13,0],[0,33],[3,5],[0,42],[-55,0],[0,39]],[[293995,495252],[0,89],[7,0],[0,175],[0,43],[5,0],[0,113],[2,14],[19,-1],[5,1],[0,-26],[3,-4],[8,3],[5,0],[-1,27],[25,2],[35,1],[0,205],[-4,46]],[[295982,495081],[153,336],[-1,455],[23,2],[0,17]],[[296157,495891],[15,-13],[13,0],[7,-4],[7,-29],[4,-8],[7,-37],[0,-9],[9,0],[7,-19],[-7,-29],[0,-9],[3,-13],[1,-28],[4,-4],[9,5],[10,14],[8,16],[9,47],[6,5],[10,-4],[11,2],[12,11],[12,43],[25,94],[37,127],[2,3],[20,-8],[26,15],[-26,41],[-11,23],[-9,23],[-63,178],[-4,13],[-5,23],[-17,105],[-9,33],[-24,48],[-49,93],[-9,22],[-5,23],[-8,50],[-5,31],[4,9],[-5,35],[31,0],[-2,15],[-9,35],[-1,16],[4,17],[0,4],[11,49],[2,2],[0,61],[38,15],[44,-23],[4,-6],[10,-49],[16,-40],[2,-8],[13,-180],[1,-11],[22,-110],[25,-3],[22,-38],[55,0],[5,8],[1,1],[26,9],[8,-6],[11,-15],[26,-1],[178,676],[4,-6],[22,-1],[2,-17],[4,-55],[0,-22],[5,-12],[6,-56],[7,-3],[4,-14],[5,-9],[20,-3],[0,273],[3,20],[-3,20],[0,219],[-77,2],[0,451],[3,32],[-3,33],[-1,113],[1,40],[-2,179],[4,11]],[[296726,498422],[141,-9],[26,1],[3,-1],[44,0],[194,-3]],[[297134,498407],[4,-1109],[0,-65]],[[297138,497233],[0,-92]],[[297138,497141],[-4,-1713],[0,-83],[-20,0],[0,-229],[-3,-94],[2,-100],[0,-257],[-1,-374]],[[291072,492358],[24,-84],[15,-49],[15,47],[5,8],[11,-7],[16,0],[8,-1],[2,0],[2,0],[9,0],[2,0],[12,-1],[2,8],[0,34],[-2,15],[-25,70],[25,-68],[0,60],[4,0],[-17,9],[0,7],[17,-4],[-3,8],[-2,9],[1,20]],[[291193,492439],[4,-18],[16,3],[8,-12],[9,-102],[6,-44],[1,-24]],[[291237,492242],[2,-34],[1,-27],[0,-7],[0,-6],[0,-50]],[[291240,492118],[-3,0],[0,-51],[-2,-43],[-7,-15],[-12,-24],[3,-8]],[[291219,491977],[-9,-37],[-13,-52],[-1,-6],[-14,-57],[-5,-9]],[[291177,491816],[-1,10],[-19,93],[-17,47],[-1,4],[-34,98],[-28,79],[-12,36],[-1,0],[-3,15],[-14,53],[-4,16],[-1,5],[-2,8],[-1,3],[-7,42],[-2,13],[-17,104],[-2,9]],[[291176,492141],[16,-36],[1,-17],[10,-17],[4,-26],[5,-17],[8,-6],[-1,-6],[2,1],[1,22],[-4,-1],[1,16],[6,-16],[-4,33],[5,19],[1,23],[-2,28],[4,33],[-8,10],[-35,-1],[-4,-24],[-6,-18]],[[291237,492242],[12,23],[2,0],[12,95],[6,1],[2,1]],[[291438,492353],[0,-8],[0,-3],[0,-31],[3,0],[0,-42],[-3,0],[0,-68],[0,-9],[1,-9],[10,0],[-5,-19],[-2,-32],[5,-1],[0,-12],[-9,0],[0,-21]],[[291438,492098],[-7,5],[-19,-5],[0,6],[-3,14],[-8,-4],[-1,-5],[0,-12],[-2,6],[-24,0],[-1,-6],[-24,0],[0,21],[-13,1],[-4,-11],[0,-10],[-9,-1],[-12,0],[-15,1],[0,7],[-3,0],[0,-7],[-5,0],[-3,-3],[-2,6],[-12,-2],[-12,0],[-2,20],[-17,-1]],[[291735,488142],[0,74],[0,32],[0,12],[0,43],[0,31],[0,11],[1,65],[0,21],[0,11],[0,31],[3,0],[2,14],[2,29],[2,-1],[4,21],[1,17],[1,9],[2,59]],[[291753,488621],[3,-1],[3,0],[2,-1],[17,-7],[3,-1],[14,-6],[7,-2],[22,-10],[11,-5],[27,-14]],[[291863,488103],[-2,-12]],[[291761,488084],[-4,0],[-9,0],[-5,2],[-8,0],[0,56],[0,0]],[[292511,496355],[6,-1],[46,3],[31,0],[8,0],[14,-1],[0,0],[18,0],[3,0],[9,0],[33,1],[16,0],[25,0]],[[292720,496357],[0,-20],[10,-26],[9,-2],[13,-30],[0,-43],[-2,-18],[8,-15],[-13,-60],[7,-16],[-2,-7],[-5,-21],[-10,-1],[-3,0],[3,-13],[5,-13],[-2,-9],[-1,-6],[-3,-24],[-15,0],[-1,-20],[-5,0],[-7,0],[0,-34],[0,-7],[-6,0],[-6,0],[-2,-5],[1,-24],[0,-16],[11,0],[2,-20],[9,0],[-3,-16],[-1,-6],[-12,1],[0,-23],[-4,6],[-14,-4],[0,-14],[-6,-7],[-14,0],[-13,17],[-6,8],[-22,-2],[-8,-9],[-3,-14],[-15,0],[-14,0],[-40,0],[-25,0],[0,-86],[-30,1],[1,58],[14,43],[0,44],[-7,46],[-6,-24],[-5,-19],[1,-31],[-4,-29],[-7,-47],[0,-16],[-1,-39],[2,-36],[1,-6],[0,-164],[4,-19],[19,-57],[7,-24],[8,-64]],[[292512,495375],[-3,3],[-1,0],[-11,-13],[0,-6],[4,-14],[-1,-8],[-2,-2],[-3,2],[0,-1],[-9,-22],[-4,6],[-5,-16],[-4,10],[-3,-19],[-4,5],[-2,4],[-4,-10],[-7,-5],[-2,-20],[-5,-16],[-3,17],[-9,1],[0,11],[-4,-25],[-1,-1],[-2,-6],[-3,2],[-2,-7],[-1,4],[-2,2],[4,-6],[3,4],[2,-2],[0,-20]],[[293125,496359],[51,0],[2,2],[43,4],[59,-6]],[[293280,496359],[126,-1],[-13,61],[2,2],[7,14],[7,28],[9,19],[10,13],[6,0],[0,120],[90,-1],[-1,45],[12,-30],[5,0],[1,73],[-3,34],[-4,34],[-4,20],[-6,7],[0,35],[-12,11],[0,-26],[-2,-2],[-4,5],[2,26],[-11,10],[0,31],[8,-7],[4,16],[-9,32]],[[293500,496928],[11,1],[-4,15],[10,-1],[9,-34],[12,1],[44,-153],[4,-19],[4,-20],[15,-111],[12,-84],[7,-38],[12,-41],[43,-131],[5,-19],[3,-15],[-4,0],[0,-43],[6,0],[0,-85],[0,-15],[-8,-2],[0,-26],[8,0],[1,-145],[0,-27],[0,-85],[-1,-85],[0,-21],[0,-51],[1,-49],[-1,0],[1,-33],[-4,-2],[0,-14],[0,-1],[0,-21],[4,0],[-1,-50],[0,-17],[0,-38],[-6,-3],[-3,-11],[4,-19],[0,-32],[-5,-21],[-8,-6],[2,-25],[-6,-56],[13,0]],[[293680,495296],[-32,-90],[-9,-25],[-4,-12],[-31,-86],[-31,-86],[-2,-4],[-8,-22],[-2,-6]],[[293435,494787],[0,20],[0,19],[-1,13],[0,72],[-1,383],[-2,0],[0,43],[-10,0],[0,16],[6,0],[-2,110],[-11,-3],[-1,47],[-30,0],[0,172],[-50,-3],[-1,287],[-9,28],[-53,9],[-17,-9],[-12,-28],[-13,22],[-13,3],[-9,11],[-10,-13],[-11,7],[-8,-1],[-6,-10],[-15,25],[-12,-18],[-19,370]],[[295891,497441],[0,2],[9,17],[14,59],[3,28],[9,60],[0,7],[1,2],[4,39],[3,53],[4,113],[5,70],[1,27],[-1,25],[-3,47],[-15,126],[-3,10],[0,7],[-3,3],[0,0]],[[295919,498136],[12,33],[9,33],[0,16],[6,38],[19,24],[5,11],[-5,15],[-4,34],[5,-11],[0,89]],[[295990,498418],[36,-1],[28,0],[40,1],[75,0],[231,0]],[[296400,498418],[15,0],[222,-5],[72,10],[17,-1]],[[296157,495891],[5,142],[1,346],[-18,16],[1,28],[15,54],[6,3],[4,22],[0,119],[6,8],[0,10],[19,1],[4,11],[-6,26],[-8,47],[-67,4],[5,17],[10,-6],[2,11],[7,-6],[11,14],[-3,9],[-11,4],[-12,10],[0,26],[3,-11],[-3,54],[-3,5],[-7,48],[-3,40],[5,28],[6,74],[-2,25],[-6,19],[-21,31],[-6,22],[-11,13],[-9,-31],[-5,-5],[-1,-12],[-6,-15],[-1,-24],[-2,-13],[1,-28],[13,5],[0,-15],[4,4],[-2,-12],[-8,-4],[-1,15],[-4,-17],[-6,-1],[-4,-15],[12,-16],[-5,-13],[-9,-12],[-2,-17],[3,-17],[-14,1],[-6,41],[-13,3],[-9,28],[-3,-8],[-12,8],[-2,1],[-16,27],[-7,23],[0,-23],[-1,-1],[-1,13],[-11,15],[0,5],[-1,4],[0,6],[-7,40],[-1,7],[0,13],[3,27],[-7,9],[0,11],[6,0],[0,42],[-6,-11],[0,-24],[-6,7],[0,-35],[-13,0],[0,11],[-6,0],[0,73]],[[295915,497225],[0,3],[0,16],[0,24],[6,0],[0,46],[-9,-11],[-5,31],[-5,8],[-12,0],[2,20],[8,-3],[-4,53],[-1,7],[0,1],[-2,10],[-2,11]],[[291569,492355],[8,0],[0,-5],[22,-1],[0,7],[3,-1],[11,0],[0,-5],[3,0],[1,-9],[3,4],[-1,10],[9,0],[13,0],[0,-8],[5,-4],[0,13],[6,0],[23,0],[6,0],[15,2],[8,13],[12,1],[2,-1],[2,1],[16,7],[15,-51],[8,-16],[7,-7]],[[291766,492305],[2,-17],[1,-13],[17,-30],[-2,-42],[-10,-28],[-7,3],[-9,4],[-1,0],[-10,-56],[-6,-34],[-11,-33],[-1,-8],[0,-17],[-1,-7],[0,-4],[-2,-7]],[[291726,492016],[-5,15],[-1,21],[-3,22],[-12,17],[-4,-2],[-4,-12],[2,15],[0,31],[-6,1],[-1,-16],[-11,-6],[-19,-1],[-8,0],[-13,0],[0,-10],[-8,-1],[0,12],[-11,-1],[0,5],[-5,0],[0,-5],[-8,0],[-6,3],[-6,-4],[-8,1],[-2,8],[-4,0],[0,-4],[-4,-1],[0,-4],[-2,0],[-1,0]],[[291575,492100],[1,41],[1,1],[0,7],[0,36],[0,85],[-17,-1],[0,22],[5,0],[0,21],[4,0],[0,43]],[[295498,497074],[24,38],[9,18],[25,36],[6,3],[6,-10],[28,-63],[13,-15],[8,-44],[8,-28],[10,25],[4,1],[14,17],[3,15]],[[295656,497067],[1,-9],[48,0],[1,0],[5,17],[13,0],[0,-58],[9,8],[16,-8],[12,1],[10,-5],[2,-5],[14,-35],[6,-2],[7,0],[9,1],[13,17],[12,-21],[4,0],[7,-5],[6,-4],[9,0],[14,20],[3,-1],[0,38],[25,-2],[0,12],[13,-2],[0,64],[-7,0],[0,21],[1,32],[-7,0],[0,84],[13,0]],[[292112,493486],[-1,-2],[-7,-20],[-2,-6],[-3,-6],[-4,-11],[-7,-20],[-4,-60],[1,-22],[2,-48]],[[291960,493289],[0,3],[-1,37],[0,29],[0,4],[0,0],[0,5],[0,9],[-1,1],[-8,6],[-2,19],[2,3],[2,3],[0,5],[0,8],[0,1],[-2,5],[-1,5],[0,15],[5,11],[0,1],[0,5],[0,7],[1,9],[3,9],[4,9],[0,21],[-4,9],[-2,5],[-2,2],[0,1],[-1,39],[2,19],[2,11]],[[293739,494744],[2,0],[0,11],[3,-11],[3,0],[0,11],[3,0],[0,-11],[13,0],[16,-1],[0,-41],[8,2],[6,-9],[4,-10],[3,-27],[34,1],[7,-25],[18,-60],[1,1],[9,-30],[5,-17],[1,-4],[19,-2],[9,0],[9,-31],[7,-1],[1,0],[0,-11],[13,0],[0,6],[1,5],[11,0],[23,0],[16,0],[1,-23],[8,0],[0,-5],[38,16],[31,5]],[[294062,494483],[2,-33],[-3,-28],[0,-8],[8,-35],[1,-10],[4,-16],[-8,-17],[-3,-30],[1,-14],[1,-26],[7,0],[4,-16],[-3,-55],[-6,-39]],[[292101,487646],[9,27],[2,4],[13,-1],[0,-11],[-7,-25],[1,-45],[5,2],[6,20],[11,-51],[2,16],[6,-2],[-2,-14],[16,-8],[1,-29],[6,-25],[5,-7],[5,8],[7,-4],[3,14],[7,-10]],[[292197,487505],[11,-162],[4,-49],[5,-70]],[[291877,494815],[1,-1],[26,-10],[24,-5]],[[291972,494792],[6,-12],[1,-35],[-1,-91],[0,-171],[0,-129],[-1,-34],[0,-8]],[[291886,493971],[-20,1],[-1,0]],[[291851,494040],[-1,5]],[[293414,497379],[22,-2],[0,421],[-1,83],[-6,8],[-8,19],[2,2],[1,28],[5,40],[6,28]],[[293922,495990],[-18,-18],[-11,-14],[-11,-19],[-17,-41],[-27,-84],[-1,0],[-28,-86],[-12,-38],[-11,-49],[-23,-124],[-5,-18],[-8,-26],[-13,-25],[-10,-21],[-27,-76],[-20,-55]],[[293500,496928],[-15,52],[0,71],[-19,9],[0,102],[-19,61],[-11,26],[-4,1],[-21,53],[-1,31],[4,45]],[[295040,497728],[41,1],[1,206]],[[293281,497381],[27,0],[0,12],[19,85],[47,-98],[40,-1]],[[293280,496359],[0,299],[0,212],[-1,102],[0,409],[2,0]],[[294738,494874],[0,2],[5,59]],[[291696,487234],[63,-2]],[[291113,493960],[6,100],[9,91],[2,66],[5,19],[1,8],[6,82]],[[291243,493897],[-13,0],[0,-21],[-6,0],[0,21],[-20,1],[-7,29],[-1,-2],[-1,3],[-2,1],[0,4],[-1,0],[0,13],[-4,0],[0,10],[-3,0],[-1,-18],[-1,18],[-17,-20],[0,19],[-6,0],[0,-18],[-10,-2],[0,-7],[-5,-4],[0,31],[-5,0],[0,-10],[-12,-9],[-12,6],[-3,18]],[[291108,493970],[5,-10]],[[291219,493511],[-14,1],[-21,1],[-5,0],[0,48],[0,18],[-13,-1],[-2,0],[-1,0],[-2,-22],[-7,0],[-4,0],[-9,-1],[-3,0],[-1,-7],[-3,0],[0,7],[-3,1],[-3,-1],[-2,-3],[0,-30],[0,-51],[-19,0],[-7,1],[-2,0],[-10,0],[-26,1],[-5,-25],[-18,0]],[[294927,492381],[6,-14],[3,-15],[5,4],[-3,55],[4,42],[6,28],[5,15],[14,11],[0,-70],[-9,0],[1,-165],[-12,-47],[-30,-42],[-1,-22],[0,-67],[1,-14],[11,-185],[5,-119],[0,-11],[-17,10],[-12,-13],[1,-6],[3,-13],[6,-8],[6,7],[19,-13],[6,29],[55,4],[-1,149],[0,22],[1,63],[12,1],[0,-21],[7,0],[0,10],[6,0],[0,-10],[13,0],[0,-43],[12,0],[0,64],[13,0],[0,-64],[19,0],[0,43],[7,0],[0,-43],[3,0],[5,0],[1,-6],[1,44],[3,51],[3,9],[7,6],[12,-2],[8,15],[8,-2],[2,-7],[4,26],[6,1],[2,20],[5,1],[-6,-16],[-1,-8],[0,-219],[0,-296],[39,0],[6,0],[18,0],[24,0],[22,2],[46,34],[14,47],[3,17],[1,25],[-9,336],[0,88]],[[295522,491946],[0,-55]],[[295676,491302],[-13,8],[-22,45],[-10,-8],[-8,-1],[-5,-13],[-9,-11],[-3,-14],[-1,-64],[-137,0],[-4,-40],[0,-39],[-34,6],[-10,-10],[-5,-19],[-4,-22],[4,-24],[-14,-34],[-3,-52],[3,-14],[-2,-26],[-8,-32],[-2,3],[6,-12],[-4,-3],[-4,21],[3,9],[0,23],[-6,-4],[0,22],[-3,13],[-13,3],[-2,14],[-7,-4],[-3,18],[-6,1],[-11,18],[0,-35],[-4,-39],[-11,-30],[7,-20],[10,-20],[9,-44],[80,-269],[6,-60],[4,-28],[51,-159],[-33,-122],[-230,0],[10,5],[3,8],[1,38],[6,15],[4,31],[13,41],[4,21],[-5,11],[-11,-1],[0,125],[-38,1],[0,-127],[-26,0],[0,-84],[-50,-1],[-6,10],[-7,-10],[-37,0],[-1,-85],[-22,-1],[-6,1],[-37,1],[-11,0],[0,84],[14,0],[0,23],[10,28],[-44,230]],[[293836,488787],[-13,0],[-23,73],[-26,-1],[-11,4],[-13,6],[-14,15],[-14,20],[-40,29],[-6,17],[-6,29],[-2,17],[-6,11],[-9,6],[-5,31],[-9,18],[-9,5],[-7,-3],[-2,27],[-6,28],[-3,32],[-3,6],[-24,-33],[-5,0],[-5,-20],[-8,-13],[-10,-46],[-9,-28],[-14,-19],[-5,23],[-4,6],[-1,21],[-4,22],[0,19],[-6,32],[-1,28],[0,29],[-2,20],[6,46],[3,14],[5,32],[-5,26],[3,26],[-5,25],[-13,15],[-15,30],[-9,11],[-3,45],[-4,13],[-13,5],[-13,-9],[0,18],[-1,67],[0,43],[4,29],[-12,0]],[[293439,489634],[1,597]],[[295742,490582],[0,-353],[-76,2],[-3,-21],[-27,-71],[-18,0],[-7,-13],[-3,12],[-14,3],[13,77],[1,14],[-20,0],[0,-27],[-5,-18],[-1,-17],[-2,-12],[0,-12],[-2,-3],[-2,-9],[-5,-8],[-3,-9],[-4,-37],[-3,-8],[-1,-7],[1,-5],[1,-6],[3,-5],[-3,-16],[0,-8],[4,-4],[2,-15],[3,-4],[-3,-20],[7,-1],[-6,-22],[6,-35],[0,-34],[5,-17],[0,-17],[-5,-2],[4,-21],[0,-14],[4,-17],[9,-11],[4,-18],[-2,-4],[-1,-23],[4,-14],[-1,-18],[7,-9],[2,-18],[-1,-22],[9,0],[4,-11],[5,0],[3,-19],[1,-33],[-3,-24],[3,-20],[10,-5],[-6,-39],[7,-11],[-8,-52],[0,-34],[2,-7],[10,-8],[8,22],[2,-9],[-5,-31],[-1,0]],[[295645,489384],[-190,-2],[-2,0],[-1,-303],[-6,-12],[-14,-6],[-2,-34],[-10,-33],[-11,-4],[0,-125],[-43,1],[0,43],[-13,0],[-50,1],[0,44],[-13,1],[1,44],[-7,-9],[-6,-11],[-3,-32],[-9,-27],[-2,-1],[-7,24],[-13,9],[-5,-14],[-2,-8],[-3,14],[-2,2],[-11,52],[-7,60],[0,-12],[-37,0],[0,12],[0,19],[0,21],[0,42],[0,74],[-13,0],[-13,0],[-12,-2],[0,-27],[0,-33],[-1,-27],[-5,-2],[-5,-4]],[[291502,491685],[0,-11],[7,0],[1,-18],[-8,0],[0,-24],[0,-42],[0,-43],[2,0],[0,-21],[0,-21],[-2,0],[0,-42],[0,-27],[6,1],[0,-16],[-6,0],[0,-22],[6,-21],[2,-42],[1,0],[2,-51],[-1,-34],[-6,0],[4,-17],[-3,-58],[-1,-25],[2,-27],[0,-2],[0,-30],[-1,-12],[-4,-24],[-2,-13],[0,-8],[0,-17],[1,-57],[5,-13],[1,-20]],[[291508,490928],[0,-5],[0,-121],[0,-3],[-3,-1],[-3,-1],[-2,0],[0,6],[0,59],[-1,3],[0,53],[0,6],[-11,-20]],[[291488,490904],[-11,35],[-34,125],[-1,10],[-17,63],[-3,12]],[[291573,491686],[0,-32],[5,1],[0,-22],[0,-4],[0,-4],[0,-34],[0,-22],[-3,0],[0,-20],[0,-6],[3,0],[0,-11],[0,-26],[-1,0],[1,-38],[0,-5],[0,-21],[-2,0],[0,-10],[2,0],[0,-10],[1,-53],[0,-14],[3,-1],[4,0],[5,-1],[5,3],[4,10],[-2,-14],[0,-15],[4,-4],[1,-53],[-3,-11],[-3,-44],[3,-13],[-2,-22],[-4,3],[-3,-17],[5,-12],[-8,-23],[-11,23],[-12,53],[-3,-9],[7,-36],[16,-54],[-7,-15],[0,-20],[0,-28],[-6,0],[0,-15],[6,0],[1,-43],[0,-42],[0,-13],[-2,0],[0,-24],[2,0],[0,-6],[-3,-14],[4,-13],[-1,-5],[0,-6],[1,-1],[2,-3],[1,-8]],[[291583,490862],[-24,16],[-1,2],[-1,1],[-4,2],[-1,2],[-26,40],[-18,4],[0,-1]],[[294188,507268],[178,2],[2,-663],[1,-530],[6,1],[64,0],[44,2],[12,-12],[16,0]],[[294867,505785],[-3,-17],[3,-64],[0,-124],[21,-10],[11,-11],[11,4],[1,-23],[5,-32],[4,-12],[12,-30],[5,-34],[14,-57],[44,-123]],[[294636,504662],[-19,5],[1,26],[11,15],[-12,-9],[-2,5],[2,4],[-7,15],[0,28],[-6,-4],[-1,-39],[1,-20],[-7,0],[-9,-21],[0,29],[-1,6],[-2,5],[-1,-37],[-6,-3],[-7,-5],[-5,0],[-6,-12],[-2,-22],[-8,0],[-7,0],[11,73],[16,103],[-5,-1],[-30,-1],[-1,15],[-4,-1],[2,25],[-2,3],[-3,-14],[-7,8],[-6,-3],[-1,-34],[-9,0],[-26,-1]],[[294478,504800],[-5,16],[-63,201]],[[294347,505205],[0,65],[0,3]],[[295558,503051],[4,0],[0,-8],[-1,-8],[-3,0],[0,16]],[[295341,502708],[5,38],[4,17],[6,14],[14,62],[1,12],[14,66],[6,17],[4,1],[3,19],[3,33],[1,56],[9,117],[6,13]],[[295417,503173],[2,0],[2,13],[34,-2],[-3,5],[-3,32],[1,17],[53,0],[25,-1],[-4,-47],[12,0],[4,-14],[0,-36],[14,0],[0,-96],[-5,-2],[-6,-15],[2,-44],[11,-2],[2,-10],[-4,-31],[-9,-1],[0,-21],[5,0],[1,-14],[-4,-50],[-8,-5],[0,-60],[-6,-4],[1,-40],[-1,-43],[-6,-5],[0,-23],[7,0]],[[295503,502413],[-5,-10],[-14,-32],[-5,-2],[-8,5],[-5,0],[-6,0],[-6,1],[-3,2],[-3,3],[-7,4],[-14,-13],[-13,-18],[-4,-21],[-10,1],[-3,0],[0,-43],[-13,0],[-13,0],[-6,0],[-10,-5],[3,-17],[0,-62],[13,0],[0,-22],[-2,1],[-11,-4]],[[295358,502181],[-10,7],[0,16],[-28,-4],[0,91],[-6,0],[-30,1],[-1,41]],[[295692,501648],[0,-46],[0,-40],[0,-74],[-1,-3],[0,-24],[1,-99],[0,-1],[0,-18],[-5,0],[0,-11],[5,0],[0,-20],[0,-36],[0,-1],[0,-4],[-1,-1],[0,-65],[1,-1],[0,-4],[0,-5],[-7,0],[1,-18],[-2,-28],[8,1],[1,-32],[1,-8],[-1,-31],[0,-11]],[[295693,501068],[-13,1],[0,6],[0,11],[0,1],[-1,1],[0,1],[-3,0],[0,21],[-6,-1],[-15,0],[0,-56],[0,-34]],[[295655,501019],[0,0],[0,-32],[-10,-2],[-1,7],[-2,0],[0,-9],[-2,0],[0,3],[-3,-1],[0,4],[-1,8],[0,0],[-7,0],[0,40],[-6,8],[2,20],[-9,0],[0,25],[3,7],[-5,39],[-10,-2],[-1,6],[-2,-3],[-1,12],[-10,-1],[-13,1],[-11,1],[-2,-4],[-3,4],[-9,-1]],[[295844,501840],[2,3],[20,-6]],[[295878,501489],[-31,-2],[-2,0],[-12,-1],[0,-2],[-1,-30],[10,10],[3,-41],[0,-11],[8,-1],[3,-22],[-3,-24],[-1,-23],[-9,-14],[-11,-1],[-2,-43],[10,0],[6,1],[11,-1],[-15,-4],[0,-23],[0,-5],[1,-10],[-3,0],[-7,0],[1,-60],[1,-25]],[[295835,501157],[-14,0],[-13,1],[0,9],[-13,-1],[0,-54],[-39,-2],[-5,1],[-5,-34],[0,-7],[-1,0],[-1,0],[-6,2],[-7,-4]],[[295731,501068],[0,76],[-8,1]],[[295723,501145],[-5,1],[-16,-2],[0,-33]],[[295702,501111],[0,-43],[-9,0]],[[294819,502920],[-14,34],[-5,34],[-1,21],[19,1],[4,1],[11,-1],[1,-55],[0,-6],[6,1],[6,22],[9,0],[0,39],[4,1]],[[295540,500878],[0,-16],[-4,-1],[0,-1],[0,-8],[4,0],[0,-30],[5,0],[0,-12],[5,-1],[3,1],[0,-76],[4,-11],[3,11],[6,0],[13,1],[13,-5],[0,-6],[0,-35],[12,1],[1,-7],[0,-43],[13,1],[0,-6],[-12,0],[0,-4],[-1,0],[0,-75]],[[295605,500556],[-9,-1],[-5,0],[0,5],[-10,0],[0,-2],[0,-3],[-1,0],[0,3],[-2,21],[-10,-1],[-1,-2],[-1,-15],[-7,0],[-6,-8],[0,-22],[-3,7],[-3,15],[-6,0],[-6,0],[0,16],[-5,0],[0,-16],[-2,0],[0,16],[-6,-1],[0,-16],[-7,0]],[[295544,504465],[-1,-7],[3,-42],[-6,-13],[-9,-35],[-1,-19],[-6,-30],[-3,-23],[-10,-24],[-6,0],[-6,-11],[-14,-80],[-12,-3],[0,-14],[-6,-23],[-8,-18],[-3,-27],[-10,-1],[-6,-18],[0,-8],[-9,-23],[-7,-36],[-4,-13],[-4,-21],[-7,-73],[-1,-36],[2,-54],[3,-28],[-1,-20],[8,-45],[2,-64],[4,-53]],[[295426,503603],[-1,-33],[-5,-45],[3,-4],[-1,-12],[-2,-22],[2,-28],[-1,-19],[2,-18],[-1,-28],[-2,-10],[-1,-32],[-1,-18],[0,-23],[2,-12],[-1,-24],[2,-9],[-1,-46],[-2,-16],[-1,-31]],[[294921,503526],[1,15],[-7,24],[-5,31],[-4,0],[0,26],[-10,-1],[-13,-9],[1,32],[-8,0],[0,12],[-5,-2],[0,28],[0,13],[0,3],[8,0],[0,42],[5,0],[-2,32],[-7,0],[0,36],[6,-1],[0,10],[-7,4],[1,45],[20,-1],[0,163],[-1,5]],[[296170,500137],[21,3],[27,1],[20,1],[14,12],[12,-17],[21,-8],[10,50]],[[296295,500179],[4,-21],[8,-18],[6,-36],[3,-18],[6,-13],[1,-31],[13,-36],[1,-31],[15,-38],[5,-31],[-2,-18],[2,-26],[-3,-22],[-2,-42],[-3,-37],[7,-17],[14,-51],[3,-69]],[[296373,499624],[-113,2],[-50,1]],[[296373,499624],[3,-23],[-5,-21],[0,-13],[-3,-35],[-4,-16],[-11,-34],[-6,-68],[-7,-45],[-1,-66],[3,-40],[2,-9],[-1,-18],[0,-87],[-1,-13],[-17,-44],[2,-19],[-2,-19],[-1,-40],[1,-20],[11,-33],[2,-24],[-1,-32],[7,-19],[10,-102],[6,-18],[3,-36],[0,-26],[-2,-21],[5,-35],[3,-50],[3,-20],[11,-19],[3,-29],[5,-56],[7,-28],[2,-28]],[[295965,498418],[-63,-1],[-28,0]],[[295874,498417],[-6,44],[4,57],[-3,7]],[[293441,503518],[0,-22],[-12,0]],[[293313,503219],[-2,13],[1,10],[8,35]],[[296231,500952],[23,-2],[20,-15],[22,-26],[2,-2],[-1,-6],[2,-9],[11,-3],[13,-11],[39,-45],[12,-14],[0,-37],[7,0],[-2,31],[9,-10],[0,-16],[0,-3],[5,0],[0,11],[8,-13],[12,-23],[0,-1]],[[296414,499626],[-41,-2]],[[296295,500179],[-4,5],[1,40],[0,6],[-8,40],[0,12],[3,52],[7,35],[6,17],[5,53],[4,26],[4,17],[3,41],[1,42],[9,47],[1,6],[2,-1],[2,8],[-2,36],[-12,17],[-9,21],[-2,23],[-6,32],[-8,31],[-7,-6],[-6,8],[-3,16],[-3,-8],[-8,11],[-2,-5],[-8,20],[-3,17],[1,26],[-2,25],[-5,17],[-8,18],[-7,28]],[[295380,499272],[9,0],[9,9],[7,16],[13,62],[8,26],[15,28]],[[295441,499413],[1,-2],[2,-9],[10,-25],[24,-62],[10,-42],[3,-20],[4,-56],[0,-96],[1,-183],[0,-73],[1,-66],[4,-129],[1,-26],[2,-49],[10,-91],[7,-69]],[[295521,498415],[-1,0],[-16,0],[-1,0],[-10,-1],[-18,0],[-19,1],[0,0]],[[295730,500942],[2,0],[0,13],[0,56],[0,28],[0,13],[0,15],[-1,-1],[0,2]],[[295835,501157],[11,0],[-3,-21],[4,-1],[1,-55],[6,0],[6,-17],[6,0],[0,-9],[-3,-4],[-21,-3],[-2,-4],[-2,-14],[1,-42],[8,0],[0,-2]],[[295847,500985],[-8,0],[2,-22],[-7,-25],[0,-121],[2,-87],[12,0],[0,-13],[0,-7]],[[295848,500710],[-19,-38],[-7,-10],[-6,-6],[-5,-3],[-6,-2],[-2,-5],[3,-14],[0,-57],[5,0],[4,-38],[-2,-28],[-10,25],[-6,-12],[0,-21],[-1,-4],[0,-2],[0,-19],[-6,0],[-5,0],[0,0],[0,-16],[0,-7],[-9,-1],[0,-8],[-4,0],[0,32],[-10,0],[0,19],[-2,9],[-4,2],[-3,-1],[-1,11],[-6,-4],[0,-31],[5,-5],[3,-22],[-7,11],[-1,1],[-6,8],[-5,0],[-2,0]],[[295733,500474],[0,21],[-4,0],[0,-19],[1,-2],[-3,0],[0,21],[-19,-7],[-7,2],[0,54],[0,15],[-8,0],[0,3],[-11,-1],[0,-4]],[[295682,500557],[-3,0],[0,1]],[[295679,500558],[-3,46],[6,23],[-1,8],[7,2],[11,8],[-3,0],[6,35],[5,0],[0,56],[13,21],[-3,11],[-2,19],[2,20],[-12,4],[7,3],[2,3],[0,2],[-1,5],[1,2],[1,5],[3,25],[2,0],[1,15],[7,29],[1,10],[0,3],[0,3],[1,26]],[[296065,501495],[-1,-40],[-4,-9],[5,-1],[-1,-62],[-5,16],[-3,-22],[2,-13],[6,-3],[0,-31],[0,-20],[-12,-1],[2,-65],[-5,-20],[-6,-5],[9,-16],[0,-42],[12,-1],[0,-24],[-10,0],[-2,7],[-1,-65],[1,-32],[7,9],[-2,-34],[2,-48]],[[296059,500973],[-7,3],[0,-27]],[[296052,500949],[-25,1],[-1,36],[-12,1],[0,4],[-16,7],[0,-10],[-9,-1],[-1,15],[-1,-15],[-11,0],[-1,17],[-10,0],[-16,-6],[-14,-6],[-6,-4],[-5,0],[0,-2],[-11,0],[-3,-9],[-12,10],[-15,-23],[0,22],[-18,-1],[-2,-15],[-1,15],[-15,0]],[[296059,500973],[6,-3],[1,-20],[5,0],[1,16],[6,-3],[0,2],[26,-11],[4,-1],[8,0],[13,0],[14,0],[13,0],[14,0],[12,0],[13,0],[0,-1],[24,0],[0,-15],[0,-15],[5,-9],[1,21],[0,18],[6,0]],[[296059,500221],[0,187],[13,26],[5,0],[0,25],[13,7],[2,11],[-8,4],[-6,10],[-2,9],[-4,34],[-6,66],[-2,34],[4,33],[-2,5],[0,5],[3,14],[0,4],[1,3],[4,-8],[2,17],[1,29],[0,35],[-24,-16],[-1,194]],[[295292,500760],[11,-8],[18,0],[37,0],[6,-6]],[[295316,499941],[-1,4],[-9,45],[-11,54],[-10,27],[-17,45]],[[295657,500123],[0,10],[0,41],[7,0],[-2,22],[-3,28],[-2,84],[0,36],[0,43],[0,18],[0,15],[0,24],[12,1],[0,-6],[4,30],[9,4],[0,9],[-2,0],[2,30],[0,23],[0,22]],[[295733,500474],[0,-32],[5,0],[0,-36],[2,-1],[0,-15],[-6,-1],[0,-25],[0,0],[0,-4],[0,-15],[0,-83],[0,-85],[12,0],[0,-42],[-12,-1],[0,-86],[13,1],[0,-86],[-8,0],[0,-42],[8,0],[0,-21],[0,-39],[-6,-34],[6,0],[0,-34],[1,0],[-1,-122],[3,-47],[0,-2]],[[295639,499614],[0,6],[-7,2],[-13,27],[0,13],[-3,12],[-9,63],[-6,12],[-2,19],[1,1],[8,-4],[4,-8],[3,6],[10,5],[9,-2],[4,-3],[1,6],[2,7],[0,12],[4,4],[2,20],[-3,4],[3,15],[3,-2],[6,13],[3,17],[7,4],[0,13],[-8,13],[-4,1],[-1,12],[-12,46],[-12,22],[-11,6],[9,5],[-2,27],[8,21],[-1,-22],[11,4],[11,-12],[11,19],[1,24],[-10,31],[5,34],[-4,16]],[[295702,501111],[4,2],[14,-1],[0,15],[3,-3],[0,21]],[[295730,500942],[-1,0],[0,0],[-13,-1],[-3,0],[0,-43],[-13,-1],[0,-11],[0,-6],[-5,-1],[-2,-18],[0,-6],[-1,0],[-5,0],[0,6],[2,14],[5,20],[-2,6],[-9,-39],[-8,-2],[0,39],[0,1],[-1,82],[-2,0],[-11,0],[0,0],[0,17],[-6,2],[0,18]],[[295162,501597],[2,59],[16,0],[2,40],[9,37],[5,10],[6,3],[17,-17],[4,-2],[9,6],[13,8],[0,-42]],[[295258,501484],[0,-3],[0,-84],[0,-86],[0,-85],[0,-44],[0,-6],[0,-38],[0,-41],[0,-2],[1,-123],[0,-19],[1,-26],[-1,0],[0,-109],[3,1],[0,-21],[-3,0],[0,-32]],[[295143,500729],[0,67],[0,30],[-13,0],[0,12],[-13,-1],[0,85],[0,85],[20,1],[-1,21],[7,0],[0,21],[17,7],[0,14],[-9,3],[0,19],[-13,-4],[-4,-17],[0,0],[-3,4],[-1,17],[0,22],[12,0],[1,-20],[8,0],[5,41],[0,25],[-5,18],[-8,0],[-3,42],[3,18],[1,4],[0,-22],[5,0],[0,43],[3,0],[0,-43],[4,1],[0,43],[-1,11],[-5,0],[1,8],[2,66],[-14,-1],[0,22],[10,0],[5,-1],[1,43],[13,1],[0,0],[-3,1],[-9,8],[0,1],[2,54],[-10,0],[0,23],[7,1],[2,51],[3,0],[0,12],[2,32]],[[295104,501567],[13,0],[0,-44],[0,-1],[-1,0],[-12,0],[0,45]],[[295605,500556],[2,0],[24,0],[13,1],[7,3],[6,-13],[6,10],[16,1]],[[295657,500123],[-6,10],[-12,-5],[-3,-8],[-2,4],[-3,-2],[-22,-51],[-12,-23],[-17,-21],[-4,1],[5,8],[2,15],[-2,25],[-7,0],[-5,-24],[-7,2],[-3,14],[-7,-5],[1,-19],[-5,-1]],[[295624,499604],[-4,-4],[0,-58],[-16,-15],[-10,6],[-18,16],[1,8],[-6,0],[-35,-2],[-45,-44],[-7,-8],[-7,-18],[-13,-42],[-7,-14],[-3,-4],[-13,-12]],[[295441,499413],[-7,29],[-30,168],[-1,2],[-6,32],[-11,36],[-21,69],[-30,97],[-4,18]],[[297797,498679],[117,2],[4,-2],[13,-1],[0,28],[0,71],[9,1],[3,0],[9,4]],[[297952,498782],[-7,-96],[-1,-19],[-1,-17],[-1,-4],[-5,-114],[-1,-36],[-6,-184],[-1,-50],[-1,-90],[0,-81],[0,-19],[0,-46],[0,-184],[0,-28],[2,-83],[4,-201]],[[297797,497527],[-4,166],[-1,34],[0,108],[1,147],[2,194],[1,75],[2,151],[2,126],[-3,151]],[[293436,498389],[-1,-383]],[[293281,497381],[1,168],[-52,2],[0,94],[-26,9],[0,22],[-16,0],[-2,-21],[-14,1],[-6,20],[0,0],[-4,0],[-2,0],[-1,6],[-6,3],[0,35],[-3,0],[-1,22],[-21,0],[0,21],[-7,0],[0,21],[-6,0],[0,-11],[-13,0],[0,-31],[-25,-1],[0,-21],[-13,0],[0,11],[-13,-1],[0,-10],[-10,0],[-4,23],[-2,3],[-9,13],[0,1],[0,-41]],[[293026,497719],[-51,1],[0,6],[-103,-3],[0,-172],[7,-2],[0,-20],[-32,-1]],[[292847,497528],[0,233],[-42,0],[0,70],[16,0],[0,59],[-46,-1],[-8,15],[-6,3],[-3,11],[-1,24],[-6,31],[-4,5],[1,17]],[[292830,498272],[0,18],[0,39],[-12,13],[-9,0]],[[292800,494822],[-2,9],[-10,33],[41,-1],[2,21],[0,22],[5,0],[2,0],[1,43],[10,-1],[0,25]],[[292849,494973],[13,-19],[0,-27],[10,0],[0,-21],[3,0],[2,-1],[2,36],[10,8],[1,21],[10,-4],[9,16],[4,-7],[0,-26],[18,-2],[1,-20],[3,-22],[3,0],[0,-42],[3,0],[0,-9],[4,0],[0,-24],[-7,-6],[0,-4],[4,0],[0,-21],[9,-1],[0,-98],[-8,-2],[-4,-5],[0,-13],[24,1],[14,-2]],[[292977,494679],[0,-34],[-6,-17],[6,-18],[0,-12],[13,-4],[0,-73],[13,0],[0,21],[6,-12],[0,-40],[6,0],[1,-97],[13,0],[0,-7],[-26,-26],[3,2],[0,-50],[10,0],[0,-32],[13,-11],[0,-170],[7,0],[2,0],[4,-40],[0,-88],[6,0],[0,-5]],[[293048,493966],[0,-38],[4,0],[-10,-24],[0,-11],[0,-39],[8,4],[1,-36],[23,-1],[0,-14],[-11,1],[-10,-17],[-11,4],[0,-165],[0,-2],[38,0],[0,-126],[-13,0],[0,-41],[13,-2],[0,-142]],[[293063,493275],[-4,-9],[-3,-13],[5,-107],[-19,24],[-13,2],[0,-183],[-3,-30]],[[292927,493287],[1,150],[0,64],[-1,128],[0,87],[0,139],[0,116],[-35,1],[-10,0],[-14,0],[-1,-9],[-17,1],[0,9],[-6,0],[-20,-1],[0,5],[-3,0],[0,17],[-16,-1],[0,-20],[-15,0],[-3,20],[1,28],[-2,6],[6,0],[2,24]],[[292374,492651],[16,19],[18,31],[11,14],[1,0],[19,-19],[24,-2],[31,-4],[14,3],[11,-9],[8,1],[5,5],[1,-65],[0,-27],[-3,-58],[4,-20],[3,-30],[-1,-41],[-1,-15],[-6,-1],[-1,-41],[3,0],[-1,-43],[9,-70],[-7,-42],[4,-13],[-1,-26],[-4,-18],[1,-27],[5,-7],[-5,0],[0,-10],[1,-8],[1,-5],[-1,-3],[-4,-2],[-2,-9],[0,-2],[4,-1],[-2,-48],[-1,-9],[0,-37],[-12,-82],[15,-5],[-29,2]],[[292331,491951],[0,2],[0,40],[0,10],[0,11],[-1,30],[0,3],[1,45],[2,30],[2,26],[24,16],[1,2],[2,4],[11,19],[15,-1],[5,36],[19,28],[0,4],[-1,10],[0,5],[-1,18],[-1,14],[-16,-2],[-9,107],[3,29],[1,20],[0,4],[-3,46],[-1,8],[5,17],[1,7],[2,15],[-1,6],[-6,-3],[-6,-9],[-2,6],[-1,44],[0,27],[0,6],[-1,20],[-1,0]],[[293050,496868],[0,2],[2,0],[3,-20],[12,-78],[20,17],[7,-45],[1,0],[-7,45],[1,1],[14,12],[11,4],[0,0],[13,2],[5,1],[4,1],[1,0],[1,1],[1,0],[1,1],[12,25],[6,34],[1,8],[0,4],[0,11],[0,8],[-1,31],[-6,44],[0,42],[0,105],[0,1],[-12,2],[0,41],[-13,1],[0,63],[-9,0],[-1,0],[10,63],[0,0],[-13,0],[0,72],[-7,12],[-12,1],[-6,0],[-13,0],[-13,-1],[-3,0],[-4,-6],[1,-16],[-6,0],[-1,22],[0,0],[-6,0],[-19,0]],[[293025,497379],[0,43],[0,42],[12,1],[-2,88],[-6,8],[2,0],[-5,5],[0,16],[9,0],[0,95],[-9,0],[0,42],[0,0]],[[293125,496359],[-1,0],[9,-170],[-8,5],[-11,-7],[-14,14],[-12,4],[-5,7],[-10,-1],[-10,-8],[-4,-30],[-3,-44],[3,-38],[-10,-7],[-8,10],[-17,0],[0,33],[-15,-7],[-11,-1],[-8,27],[-9,17]],[[292981,496163],[4,35],[11,31],[7,26],[13,21],[9,26],[0,13],[-9,8],[-16,25],[4,14],[-53,0]],[[292951,496362],[18,165],[5,33],[5,21],[34,126],[21,77],[14,56],[2,28]],[[292845,496909],[-1,106],[-1,22],[0,23],[1,63],[0,1],[3,76],[2,20],[-1,4],[-2,41],[1,113],[0,150]],[[293025,497379],[-7,0],[-2,0],[-4,0],[0,-5],[0,-7],[-4,1],[0,-22],[-1,7],[-1,6],[0,10],[0,1],[0,1],[0,0],[-1,1],[0,1],[0,6],[-1,0],[-11,0],[0,-9],[0,-9],[-3,0],[0,18],[-4,0],[-5,0],[-7,21],[1,-21],[-7,1],[-7,-6],[0,-75],[-1,-25],[0,-21],[0,-43],[-13,0],[0,-96],[2,0],[-1,-25],[-1,1],[0,-3],[0,-6],[25,1],[1,0],[-1,-42],[12,0],[27,0],[0,-15],[0,-6],[0,-22],[0,-42],[0,-22],[0,-64],[0,-10],[7,6],[5,4],[1,0],[9,-10],[17,4],[0,5]],[[292951,496362],[-21,-1],[-110,-4],[-17,0]],[[292803,496357],[15,42],[3,25],[13,109],[1,18],[7,149],[1,16],[0,4],[1,6],[2,12],[0,29],[0,4],[-1,12],[0,126]],[[292161,496510],[0,10],[1,14],[-1,6],[1,21],[2,34]],[[297907,495917],[23,23],[8,12],[8,6],[1,-9],[7,0],[17,1],[0,8],[3,0],[5,0],[4,-20],[0,31],[12,-6],[0,-20],[15,-1],[-1,9],[-1,21],[5,2]],[[298013,495974],[1,-19],[3,-43],[4,-49],[1,-20],[2,-19],[4,-52],[6,-83],[0,-9],[2,-22],[13,-157],[2,-22],[1,-5],[4,-46],[6,-68],[10,-94]],[[298072,495266],[-25,3],[-14,0],[0,-17],[2,-3],[-53,0]],[[297937,495606],[-9,61],[-4,30],[-7,50],[-2,13],[-4,27],[-4,130]],[[297774,494769],[34,-2],[3,0],[5,1],[0,12],[1,0],[0,-12],[8,-1],[5,0],[1,44]],[[298005,495099],[2,-14],[12,-69],[15,-96],[7,-52],[4,-23],[18,-119],[14,-90],[12,-79],[6,-55]],[[298095,494502],[-44,0],[-2,-1],[-2,1],[-6,-2],[-43,2],[-36,2],[-18,2]],[[297944,494506],[-5,-1],[-59,4],[-54,3],[-4,0],[-16,86],[-16,85],[-16,86]],[[297138,497233],[23,2],[21,-7],[7,-26],[8,23],[2,17],[79,-4],[38,23],[0,97],[4,3],[7,13],[143,-2],[0,2],[0,31],[13,1],[8,12],[14,35],[11,14],[9,2],[23,-4],[20,-2],[15,-10],[36,-5],[8,-1],[3,-3],[15,-24],[8,-2],[8,-2],[9,-12],[5,3],[3,-27],[36,-356],[11,-110],[10,0],[-12,120],[6,7],[-2,-29],[2,-25],[8,-26],[0,-15],[7,-22],[-2,-35],[6,-9],[-1,-24],[5,-20],[2,-13],[-1,-22],[3,-28],[4,-13],[13,-6],[17,9]],[[297790,496763],[0,-1]],[[297790,496762],[-15,-12],[-1,3],[-5,-6],[-7,-25],[1,-24],[1,-12],[0,-6],[0,-10],[9,-97],[-4,5],[-10,0],[8,-78],[6,-31],[-8,-1],[-6,45],[-33,-2]],[[297501,496358],[-11,2],[-16,-15],[-5,-9],[-5,-17],[-13,-13],[-6,0],[-6,-10],[-14,-3],[-5,4],[-9,21],[-4,20],[-7,7],[-12,-1],[-3,26],[-9,20],[-6,6],[-5,20],[-14,7],[-12,1],[-7,7],[-4,11],[-2,17],[-3,10],[-5,8],[-3,-10],[-11,27],[-5,32],[-9,31],[0,11],[-8,36],[-7,35],[-6,2],[-12,21],[-12,13],[-9,30],[-2,29],[-5,17],[-9,18],[-7,9],[-34,22],[-10,49],[-12,29],[-8,42],[0,13],[6,36],[2,26],[-2,15],[-4,13],[-8,47],[-1,19],[1,46],[-1,12],[-4,-6]],[[292886,492272],[-35,-1],[-1,3],[0,17],[-27,0],[-1,0],[-15,24],[-7,1],[-27,1],[-3,-2],[-22,-39],[-4,-2],[-60,0],[-9,0],[-16,1],[-28,0],[-4,0],[-37,0],[-8,0]],[[292582,492275],[1,36],[2,38],[1,12],[2,48],[1,21],[0,3],[1,29],[5,1],[-2,24],[2,48],[15,-1],[10,-9],[0,21],[-9,12],[1,17],[1,32],[-2,1],[-1,-40],[-11,1],[-4,15],[0,105],[13,0],[9,-22],[2,25],[-8,45],[-9,41],[3,13],[-10,19],[0,18],[5,3],[14,-24],[14,-9],[8,-19],[2,5],[-2,32],[-2,21],[12,12],[2,22],[-9,49],[-1,5],[2,28],[14,54]],[[297115,492286],[128,4],[178,9],[10,0]],[[298112,491242],[7,9],[4,11],[88,-4],[13,0],[-1,-4],[3,1],[11,0],[0,-298],[23,-3],[13,2],[1,65],[0,-277],[36,-1],[1,60],[1,-59],[11,-3],[0,-129],[1,-169],[50,-2],[0,43],[33,-1],[18,0],[7,0],[-1,-44],[7,-2],[32,1],[0,42],[3,0]],[[298016,489206],[-315,-1]],[[293435,494785],[-1,0],[0,2],[-93,1],[-2,0],[-31,-1]],[[293308,494787],[0,41],[0,11],[0,37],[-1,36],[0,1],[-12,-1],[-26,-1],[-13,0],[-10,0],[-1,0],[-2,0],[-13,0],[-23,0],[0,0],[3,-42],[-24,-1],[0,-13],[-7,-8],[-4,-13],[-26,13],[-3,-13],[3,12],[26,-14],[0,-27],[17,0],[0,-63],[1,-1],[0,-6],[-36,-48],[-10,-9],[-15,-2],[-7,0],[-7,0],[-90,-2]],[[293028,494674],[-27,0],[-24,5]],[[292849,494973],[0,60],[6,1],[0,21],[7,-1],[-1,151],[-19,-1],[0,21],[-4,1],[-1,21],[-1,0],[-1,89],[9,0],[-4,18],[2,7],[0,119],[-3,22],[-3,-1],[0,88],[24,1],[-6,25],[3,46],[3,10],[3,0],[-1,20],[-7,12],[-1,2],[20,118],[25,143],[13,76],[11,-26],[13,32],[4,0],[1,15],[15,22],[9,1],[4,-7],[3,24],[1,39],[8,21]],[[297905,494337],[13,0],[0,42],[26,-1],[0,63],[0,65]],[[298095,494502],[40,-252],[11,-181],[5,-79],[8,-59]],[[295775,505027],[1,14],[6,1],[0,-17],[-7,0],[0,2]],[[295615,505126],[3,1],[23,-2],[0,-41],[35,0],[16,-1],[0,42],[13,0],[0,-104],[17,-2],[0,-18],[10,-4],[11,0],[0,44],[24,0],[3,0],[-2,-23],[3,0],[0,-13],[5,-4],[13,-5],[0,-39],[13,0],[0,-34],[6,0],[0,-95],[18,1],[-4,25],[-2,15],[-4,28],[18,-2],[0,18],[6,0],[1,-8],[12,8],[0,-31],[1,-1]],[[295717,504093],[-2,0],[-9,32],[-3,4],[-1,0],[-16,16],[-11,16],[-18,56],[-7,22],[-11,-9],[-8,-1],[-15,12],[-17,6],[-4,14],[-1,15],[4,19],[8,17],[2,14],[0,40],[5,14],[7,-12],[-3,49],[-5,9],[-13,11],[-17,8],[-4,11],[0,20],[5,29],[8,7],[-1,23],[-14,47],[-5,32]],[[295503,502332],[0,-95],[0,-30],[0,-2],[1,-125],[0,-38],[0,-134],[1,-73],[1,-9]],[[295333,501825],[2,15],[23,70],[0,62],[0,43],[6,0],[0,17],[-6,2],[0,103],[7,0],[0,6],[-3,3],[-6,14],[2,8],[0,13]],[[296832,503576],[50,2],[138,6],[1,0],[51,3],[124,-1]],[[297196,503586],[6,-95],[4,-47],[13,-204],[1,-37],[2,-19],[1,-47],[9,-28],[8,-117],[17,-239],[18,-269],[8,-104],[-4,0],[9,-114],[19,-178],[2,-17],[0,-18]],[[297309,502053],[-66,-4],[-39,-2],[-9,0],[-2,-1],[-2,-6],[0,-57],[-9,-7],[0,-15],[-4,0],[-12,0],[-35,-1],[-4,44],[-14,125],[-1,0],[-9,0],[3,-33],[-5,-18],[-5,-4],[-7,10],[0,-87],[-9,1],[1,-41],[-4,1],[1,-24],[9,0],[0,-17],[7,-1],[-2,-10],[1,-76],[-4,0],[2,-18],[6,-3],[-2,-42],[-3,-26],[-11,-61],[5,-1],[19,-2],[3,-134],[3,-131],[0,-78],[5,-20],[0,-36],[0,-43],[-7,0],[0,-43],[7,1],[0,-30],[16,0],[0,-41],[-25,-1],[0,-21],[26,0],[0,-22],[12,0],[0,-41],[13,-1],[0,21],[-7,0],[0,21],[7,0],[0,84],[11,0]],[[296623,502576],[-18,41],[-4,16],[-3,33],[1,22],[5,30],[-2,28],[-10,13],[-4,16],[2,13],[6,-2],[1,18],[-4,16],[-13,14],[2,20],[-2,23]],[[295426,503603],[2,0],[23,4],[38,-3],[13,-9],[8,-4],[5,3],[6,11],[20,8],[5,-6],[37,-3],[0,12],[15,0],[4,-18],[8,39],[15,2],[-2,-18],[5,-44],[-7,-46],[10,-1],[1,0],[5,0],[7,-10],[7,6],[2,3],[3,2],[40,1],[4,0],[9,0]],[[295761,503532],[9,0],[4,0]],[[295782,505721],[6,-8],[5,-1],[11,-2],[14,-3],[5,-5],[5,-8],[9,-22],[16,-37],[31,-75],[23,-53],[2,-4],[1,-2]],[[294713,504047],[-1,-9],[0,-26],[-7,0],[0,-41],[-15,0],[-15,-1],[-5,-1],[-6,-4],[-13,-13],[-22,-22],[-13,4],[-33,26],[0,-2],[-15,2],[0,-14]],[[294568,503946],[-4,-1],[-7,-9],[-2,-2],[-4,-5],[-2,-2],[0,17],[-17,-1],[-1,-13],[-4,-7],[-6,0],[0,19],[-2,0],[-4,0],[0,2],[1,4],[20,81],[-7,0],[0,33],[-4,9],[1,15],[-9,23]],[[294517,504109],[9,20],[7,41],[8,28],[1,3],[0,-2],[17,82],[0,23],[1,-1],[3,1],[11,0],[4,1],[3,31],[-3,50],[0,4],[-1,-1],[-1,7],[1,2],[-1,0],[-1,6],[0,7],[0,9],[-1,3],[0,2],[1,1],[-2,0],[-8,30],[0,16],[-4,15],[-23,35],[-10,21],[-8,-2],[-12,7],[0,-2],[-13,-1],[0,-4],[1,-4],[-8,4],[-9,5],[-5,-6],[-19,-1]],[[294455,504539],[0,11],[-2,5],[-4,4],[0,23],[0,7],[6,0],[32,0],[19,-1],[-10,19],[0,25],[4,0],[13,2],[0,31],[0,8],[3,3],[-8,24],[-30,100]],[[296640,508709],[4,-30],[1,-13],[5,-46],[7,-51],[4,-20],[13,-63],[10,-67],[4,-30],[8,-55],[6,-42],[11,-79]],[[291573,488090],[7,0],[-2,-5],[0,-8],[-5,0],[0,13]],[[291446,488491],[21,-10],[7,10],[6,10],[1,4],[-3,112],[4,18],[6,39],[1,4],[27,74],[40,37],[19,-18],[17,9],[6,4],[10,16],[12,21],[-8,34]],[[291612,488855],[18,-36],[15,-29],[18,-35],[9,-2],[14,9],[12,-30],[4,-16],[1,-7],[21,-49],[16,-38],[13,-1]],[[291735,488142],[-1,-38],[-12,-6],[0,-11],[-13,0],[0,11],[-12,0],[0,9],[-10,0],[-3,-20],[0,8],[-11,0],[-8,3],[-6,5],[0,27],[-13,0],[0,-25],[-12,1],[-1,-21],[-36,-8],[-2,6],[-1,63],[9,8],[2,-18],[-1,15],[13,31],[3,18],[2,0],[-7,12],[-57,84],[-33,2]],[[291452,488299],[-2,70],[-2,117],[-2,5]],[[296227,510733],[0,10],[-2,74],[24,11],[-1,57],[59,57],[-2,-7],[2,-21],[7,-9],[-4,-14],[6,-22],[3,1],[-1,-19],[1,-36],[5,3],[5,-29],[4,-8],[5,14],[5,-27],[3,-6],[8,-51],[3,-2],[10,19],[20,46],[9,16]],[[296396,510790],[8,-44],[5,-54],[11,-81],[5,-33],[21,-197],[4,-37],[16,-147],[3,-22],[13,-125],[13,-119],[6,-62],[3,-45],[5,-37],[6,-64],[9,-73],[8,-70],[0,-12],[0,-75],[1,-9],[14,-112],[5,-40],[7,-50],[7,-41],[19,-140]],[[295999,507888],[-18,-52],[-2,-24],[-18,-52],[-6,-8]],[[295645,489384],[-4,-24],[0,-18],[-8,-56],[-4,-13],[-5,9],[-5,-7],[-5,-18],[0,-8],[-3,-8],[3,-14],[-1,-18],[-4,-12],[1,-9],[-1,-10],[1,-8],[-1,-5],[2,-6],[1,-19],[-2,0],[-2,-23],[-4,-13],[-4,-5],[-2,-21],[-7,-5],[-1,-10],[1,-6],[2,-11],[185,-8],[166,-8],[66,0],[4,5],[7,-9],[44,-2],[7,0]],[[292356,494137],[0,-18],[7,0],[0,-21],[0,-64],[-3,0],[0,-21],[2,-20],[1,-3],[0,-3],[0,-17],[-1,-21],[0,-107],[-29,0],[2,-28],[8,-15],[0,26],[19,0],[0,-54],[-13,7],[-29,47],[0,-4],[0,-7],[2,-97],[2,-21],[5,-10],[-53,-118],[0,-2],[-2,1],[0,-19],[6,-31],[3,-204],[-3,-10],[-22,-63],[0,4],[-2,-4]],[[292256,493240],[-20,128],[0,0],[-4,3]],[[292218,493465],[9,164],[3,51],[2,6],[2,11],[1,16],[1,80],[0,7],[-3,1],[-2,9],[-4,14],[0,8],[0,9],[0,1],[0,17],[-1,4],[-4,2],[-13,-54],[0,18],[2,2],[1,17],[-3,0],[0,68],[0,23],[0,11],[0,2],[0,27],[1,0],[1,0],[0,13],[-2,0],[0,15]],[[291543,498210],[0,-67],[1,-68],[-1,-48],[0,-15],[0,-60],[-1,-13],[-4,6],[-2,-4],[-3,-16],[-1,2],[0,-11],[3,-8],[-1,-14],[2,-7],[-6,-28],[-15,-41],[-7,5],[0,-65],[5,1],[0,-44],[0,-84]],[[291303,497475],[1,6],[0,69],[10,4],[1,1],[7,3],[1,1],[0,12],[0,9],[0,1],[-18,16],[-1,1],[-1,9],[3,13],[7,29],[4,4],[5,-11],[5,-10],[0,1],[10,13],[-1,24],[-1,14],[0,3],[0,2],[3,21],[3,2],[4,2],[6,3],[3,2],[5,22],[0,5],[-1,9],[-1,5],[0,1],[-8,0],[-3,0],[-10,1],[-7,78],[-1,9],[9,37],[1,3],[-9,45],[8,64],[2,14],[0,4],[0,0],[-5,17],[0,7],[3,53],[3,55],[7,33],[27,134],[4,17],[3,18],[0,1]],[[293441,508841],[0,316],[-9,40],[-2,18],[2,16],[7,25],[2,15],[0,63],[2,10],[7,-23],[21,-29],[5,0],[9,-9],[4,2],[12,17],[45,2]],[[293970,509645],[-1,-4],[2,-56],[-4,3],[-11,-37],[-3,-22],[-1,-24],[2,-15],[16,-9],[-1,-63],[5,-26],[1,-95],[4,-20],[2,-40],[18,10],[12,12],[32,-108],[3,-4],[59,3],[3,-347],[32,2],[2,-21],[1,-199],[2,-15],[5,-8],[5,-20],[-12,-42],[2,-324],[0,-25],[8,-51],[0,-19]],[[292167,506557],[-6,-23],[0,-8],[-3,1],[-29,-1],[-1,-53],[-2,-12],[-7,1],[-1,-10],[5,-2],[10,-38],[0,-17],[0,-20],[2,-27],[0,-15],[3,-30],[-1,-43],[-3,-26],[-13,-46],[-4,-21],[-1,-40],[0,-8],[-2,-33],[3,-1],[-4,-35],[-3,4],[-5,-38],[-3,-54],[4,-12],[-3,-51],[7,-30],[4,-18],[10,-56],[2,-20],[-1,-15],[-3,-52],[0,-31],[0,-34],[4,0],[-4,-20],[2,-27],[3,-45],[-1,-44],[0,-27]],[[292126,505480],[-13,0],[0,-10],[-7,6],[-45,0],[0,10],[9,0],[0,20],[-9,0],[0,10],[-13,0],[-20,9],[-24,-3],[-2,0],[0,-83],[-13,-1],[0,42],[-13,-1],[0,-42],[-13,-1],[-66,-2],[1,-84]],[[291898,505350],[-13,-1],[1,-85],[-26,0],[-1,42],[-12,-1],[-1,11],[-1,118],[-22,-1],[8,111],[9,58],[13,85],[-2,16],[-8,0],[1,46],[7,0],[0,7],[-4,0],[0,14],[-3,0],[0,16],[3,0],[0,20],[-3,0],[-1,226],[5,1],[2,5],[0,21],[-7,0],[0,8],[14,3],[-1,41],[2,38],[-15,-36],[0,18],[2,0],[11,27],[1,40],[-14,0],[1,73],[3,0],[1,12],[8,0],[1,76],[-4,13],[0,7],[5,2],[-2,33],[-2,-1],[1,8],[-2,8]],[[296393,511005],[-4,-1],[-8,1],[0,-60],[6,-33],[-5,9],[2,-36],[3,-45],[9,-50]],[[296585,509101],[25,36],[15,21]],[[296625,509158],[20,-150],[4,-26],[16,-126],[13,-95],[11,-84],[11,-81],[12,-89],[11,-80],[7,-56],[27,-197],[5,-39],[1,-8],[23,-173],[18,-132],[4,-30],[6,-43],[4,-27],[7,-45],[8,-55],[1,-1]],[[296530,507522],[31,-69],[-1,-6],[7,-15],[35,-80],[6,-21],[11,-72]],[[296291,506987],[6,121],[-4,4],[-11,35],[-2,56],[0,26],[-17,-8],[0,91]],[[291914,495596],[-5,6],[-8,0]],[[291901,495602],[0,26],[0,31],[0,165],[0,5],[-1,29],[-6,1],[-6,0],[0,36],[-3,44],[1,15],[1,10],[17,51],[6,13],[-10,3],[-6,1],[1,20],[4,41],[0,108],[0,23],[4,-3],[10,-18],[15,-26],[12,-2],[1,-1],[-1,58],[7,65],[1,42],[-1,33],[-1,-2],[-9,111],[-3,22],[-13,65]],[[294567,503724],[4,2],[0,-22],[-2,-1],[-2,1],[0,20]],[[294352,503905],[1,0],[5,-38],[3,-1],[10,6],[13,-28],[5,-9],[2,8],[16,-24],[0,2],[6,0],[11,-11],[-3,11],[12,51],[-1,1],[-2,26],[8,31],[11,23],[7,3],[16,21],[4,-8],[-4,9],[8,24],[12,32],[12,47],[10,21],[0,2],[3,5]],[[294568,503946],[6,0],[3,-2],[-3,-9],[3,-33],[0,-6],[-1,-16],[-1,-5],[-2,0],[-4,0],[0,-3],[1,0],[-1,-3],[5,-4],[-6,-12],[3,-9],[-3,-23],[4,-50],[-5,-4],[4,-34],[7,5],[0,-4],[-5,-5],[-8,-2],[-1,-31],[5,0],[0,-42],[1,-9],[8,0],[0,-4],[-1,-93],[29,4],[14,16],[30,44],[14,7],[26,-10],[6,-42],[8,-42],[-4,-23],[6,-25],[4,-67],[-2,-39],[-4,-34],[-7,-33],[-7,-9],[-7,-1],[-2,16],[-6,18],[-1,9],[-7,-39],[-10,-21],[-6,-1],[-7,-10],[-2,28],[-12,2],[-11,-8],[-4,13],[-10,-73],[-18,-74],[-8,-23],[-7,-34],[1,-27],[6,-17],[4,-169],[3,-82]],[[294586,502802],[-9,6],[-34,0],[-5,-3],[-10,-21],[-3,-12],[-12,-62],[-1,13],[0,257],[-61,0],[-1,0],[-1,-86],[0,-42],[-9,0],[-9,-10],[0,-2],[-2,-3],[-2,-17],[-23,0],[-42,-4]],[[294362,502816],[-2,39],[-4,31],[-11,56],[-4,15],[-5,15],[-5,10],[-28,41],[-17,30]],[[294286,503053],[-3,7],[-8,27],[-8,62],[-5,30],[-18,97],[-6,43],[-12,96],[-5,70],[39,190],[6,24],[21,38],[24,35],[7,48],[-3,9],[-24,60]],[[297711,495617],[12,3],[1,-14],[3,0]],[[297774,494769],[-47,3],[0,21],[-6,-1],[0,-20],[-44,-3],[1,85],[-26,-1],[-2,0],[-27,0],[-22,-1],[-25,0],[-25,-1],[-1,-41],[0,-78],[-1,-208],[0,-11],[-51,0],[0,-169],[12,0],[37,0],[2,0]],[[296231,500952],[0,2],[-4,18],[1,7],[-10,46],[0,17],[-7,14],[-2,21],[-5,26],[-14,38],[-2,12],[-1,9],[-6,43],[4,11],[4,18],[13,1],[5,20],[1,24],[6,17],[2,27],[3,24],[-6,49],[0,23],[9,32],[1,30],[-4,18]],[[291576,491846],[2,0],[0,10],[9,-5],[16,0]],[[291653,491483],[2,-26],[2,-25],[12,-9],[3,-2],[4,-45],[-7,-24],[-1,-3],[-4,-13],[6,-98],[-1,-50],[-1,-17],[-11,-84],[-3,-23],[-9,-72],[-1,-9],[0,-3],[-10,-37],[-5,-22],[-5,-19],[-4,-5],[-16,-16],[-15,-17],[-4,-4],[-2,2]],[[291379,488828],[7,3],[27,-38],[-1,-29],[-3,-58],[-1,-27],[-6,-52],[3,-84],[9,-31],[3,-7],[10,-5],[13,-6],[6,-3]],[[291461,488160],[12,-70],[4,-26],[21,-78],[2,-5]],[[291465,487866],[1,8],[-36,347],[-13,128],[-3,30],[-15,101],[-6,48],[-3,13],[-21,107]],[[291369,488648],[3,11],[-13,63],[-4,-1],[0,40],[-4,10],[-1,49],[-5,-28],[5,37],[0,11],[25,-32],[4,20]],[[292845,496909],[-38,-1],[-26,13],[-22,11],[-6,7],[-9,20],[-2,4],[-27,54],[-15,24],[-8,13],[-5,7],[-8,14],[-4,5],[-9,17],[-14,46],[-7,16],[-6,3],[-2,0],[-9,0],[0,51],[-13,2],[0,-11],[-12,-1],[-1,-41],[-25,-1],[1,11],[-1,32],[-13,-1],[0,-27],[-5,-6],[1,-10],[-3,7],[-14,-13],[-3,26],[-2,-26],[-8,5],[-2,-11],[-12,-1],[-6,-27]],[[293436,488331],[3,1303]],[[294252,502953],[33,97],[1,3]],[[294362,502816],[5,-159],[1,-155],[1,-30],[0,-46],[-1,-77],[-2,-27],[-3,-17],[-9,-27],[-1,-57],[5,-31],[-3,-20]],[[291369,488648],[-7,34],[-1,4],[-21,73],[-3,11],[-13,48],[-5,17],[-15,51],[-4,48],[-4,42],[10,6],[24,-52],[7,-14],[3,-6],[3,-4],[26,-48],[4,-7],[5,-23],[1,0]],[[296129,501496],[1,-162],[25,-5],[0,-28],[-5,-4],[5,-6],[0,-41],[-25,0],[-8,-1],[-38,-2],[-10,-1],[-5,32],[7,40],[-1,15],[-5,10],[-5,-13],[0,165]],[[294313,493984],[-10,0],[0,40],[23,-3],[0,42],[-8,1],[-13,11],[1,4],[14,-13],[8,19],[1,9],[0,20],[1,5],[1,3],[4,5],[6,2],[7,9],[5,14],[2,4],[2,47],[-7,46],[-9,24],[3,11],[21,4],[0,9],[0,15],[1,6],[13,0],[5,0],[1,-43],[6,0],[0,-42],[3,0],[23,76],[1,-2],[-9,-30],[2,-11],[-10,-33],[1,-13],[2,13],[12,-1],[1,-3],[11,-60],[10,-43],[-20,0],[-4,-24],[-10,-22],[0,-17],[7,0],[0,-22],[-3,0],[0,-21],[-3,0],[0,-21],[0,-11],[0,-67],[0,-71],[-18,0],[-4,0],[-4,0],[-38,1]],[[294963,501434],[0,5],[6,20],[5,53],[3,20],[20,26],[7,30],[4,0],[0,-23],[10,1],[0,0],[0,0],[9,0],[0,43],[20,0],[18,1],[13,1],[26,0],[3,0],[1,0],[15,-1],[0,-21],[-3,0],[0,-22],[3,0],[0,8],[7,0],[0,36],[12,0],[9,1],[0,-15],[11,0]],[[295055,500496],[-1,-2],[1,-29],[0,-10],[0,-9],[-16,-35],[-6,0],[-4,20],[0,57],[0,50],[-5,-1]],[[295016,500537],[-32,-1]],[[295026,501347],[7,4],[6,-4],[3,0],[0,-6],[2,0],[0,6],[8,0],[0,0],[13,0],[11,0],[1,2],[11,1],[0,40],[-11,-1],[1,40],[0,9],[-4,-5],[-14,2],[-7,0],[-1,-23],[-14,-12],[-3,-9],[-9,-14],[0,-30]],[[293753,504431],[4,-12],[3,-6],[2,-2],[16,-1],[7,0],[6,0],[4,-1],[11,0],[0,-81],[6,-5],[-4,-29],[3,-14],[1,-14],[-9,-26],[-7,-44],[21,-1],[0,-74],[1,-9]],[[295064,499543],[-4,26],[-10,38],[-4,23],[3,19],[6,7],[8,-5],[18,19],[-4,46],[-5,31],[-5,4],[1,-26],[-8,-9],[-1,23],[5,57],[3,1],[5,-21],[3,7],[1,20],[2,20],[11,9],[1,21],[-3,29],[-8,11],[0,21],[2,15],[-1,14],[5,19],[2,0],[7,-19],[3,-22],[0,-17],[9,-16],[2,26],[9,17],[5,56],[5,3],[5,2],[0,81],[-7,0],[-5,26],[0,16],[2,0],[10,0]],[[292126,505480],[44,-1],[3,-2],[6,-13],[13,-56],[8,-23],[12,-28],[3,17],[2,-3],[6,18],[4,-4],[9,63],[-8,0],[-1,35],[6,13],[9,0],[4,21],[5,16],[18,47],[-8,7],[-1,8],[3,13],[7,14],[7,-23]],[[291952,504763],[-1,4],[0,94],[0,66],[-26,-2],[0,56],[0,30],[-10,-1],[-11,11],[0,34],[-4,0],[2,79],[-4,-1],[0,217]],[[292804,504704],[-9,27],[-11,13],[-6,19],[-7,38],[-11,23],[-2,24],[-6,28],[4,19],[-4,16],[-4,68],[-9,25],[-6,24],[1,19],[0,17],[-7,41],[-1,22],[-7,28],[-6,37],[0,34],[-4,46],[-7,19],[-5,1],[-6,12],[3,37],[-4,49],[-5,38],[-14,38],[-9,3],[-11,35],[-3,24],[-5,10],[-1,23]],[[294062,494483],[36,0],[0,175],[-10,1],[-4,10],[2,38],[0,70]],[[294279,494828],[2,-8],[20,-119],[1,-1],[0,43],[26,0],[-1,-43],[16,0],[3,0],[7,1],[2,1],[5,5],[6,1],[9,0],[0,5],[3,0],[0,-5],[1,0],[5,22],[4,5],[1,0],[0,-4],[31,-179],[2,11],[-2,29],[2,17],[1,10],[2,5],[5,-1],[0,5],[6,-11],[12,-2],[7,10],[8,1],[0,-10],[5,10],[13,0],[0,-10],[8,-13],[9,15],[18,1],[1,0]],[[297591,498434],[14,-115],[10,-86],[11,-92],[31,-250],[7,-60],[2,-20],[48,-430],[8,-74],[30,-242],[38,-302]],[[293622,505555],[21,1],[72,1],[35,0],[15,0],[24,-1]],[[294107,504787],[-23,5],[-24,-19],[-17,-23],[-25,-2],[-10,-7],[-10,6],[-6,18],[-6,3],[-4,-20],[-11,1],[-8,10],[0,-20],[-16,-33],[-27,-1],[-7,0],[-14,0],[0,15],[-18,-1],[-3,-14],[-2,0],[-7,0],[-4,-2],[-3,-2],[-3,1],[-3,7],[0,21],[-5,-1],[-2,-4],[0,-19],[-15,0],[-4,-1],[-26,0],[0,18],[-3,-1],[0,17],[-18,1],[0,26],[-13,0],[0,107],[5,1],[-1,134],[-13,0],[0,36],[-9,-1]],[[294586,502802],[10,-332],[2,2],[69,-2]],[[294667,502323],[0,-71]],[[294667,502252],[1,-208]],[[292792,493681],[7,15],[0,3],[-12,-20],[-12,4],[-2,2],[0,30],[0,43],[0,23],[0,21],[0,78],[0,6]],[[291820,490099],[13,21],[10,-43],[0,-31],[-13,9],[-10,44],[0,0]],[[292206,490226],[-16,-32],[-8,-21],[12,-22],[-11,-44],[-10,-145],[24,-1],[10,16],[7,-22],[-2,-334],[-12,11],[-31,61],[-8,10],[-36,1],[0,-45],[12,0],[-1,-99],[1,-24],[0,-160],[-8,-14],[-3,-5],[-2,-8],[0,-176],[0,-22]],[[291612,488855],[-9,39],[2,20],[6,11],[18,36],[7,13],[3,5],[3,43],[6,107],[17,81],[46,144],[-3,136],[1,9],[3,19],[30,54],[17,48],[27,1],[9,22],[10,4],[13,38],[-4,29],[3,39],[16,20],[6,20],[15,80],[4,71],[-5,32],[7,81],[3,76],[2,2],[7,4],[4,2],[1,6],[12,71],[1,6]],[[292197,487505],[-5,60],[-5,74],[-2,44],[-1,35],[0,117],[0,3]],[[293048,493966],[9,-17],[6,22],[17,0],[19,0],[7,0],[0,-10],[14,2],[0,8],[10,0],[1,0],[26,0],[19,0],[6,0],[11,0],[2,-14],[10,-7],[0,21],[2,0],[0,-88],[6,9],[16,71],[1,8],[1,0],[10,0],[4,0],[27,0],[4,0],[0,-6],[2,0],[0,-10],[3,-16],[6,0],[-3,32],[12,1],[0,-6],[5,-16],[8,2],[0,-22],[19,1],[0,21],[2,1],[-3,10],[-1,11],[8,0],[4,0],[3,-14],[0,-18],[14,-37],[10,-36],[4,-29],[16,8],[0,127],[25,1],[3,0],[4,-42],[19,0]],[[292512,495375],[0,-4],[2,-21],[1,-79],[0,-9],[11,-65],[10,19],[1,-5],[-9,-31],[0,6],[-4,1],[-6,-12],[4,0],[0,-10],[-6,0],[0,-19],[0,-112],[6,-11],[6,2],[1,14],[-2,14],[7,62],[-5,38],[3,14],[5,12],[8,-46],[0,-43],[-7,-48],[-1,-53],[2,0],[0,-171],[0,-4],[3,-30]],[[293662,506366],[-3,0],[-1,-106],[-9,1],[0,104],[0,26],[-1,17],[0,85],[-20,0],[0,44],[-13,0],[0,43],[-6,0],[0,34],[-24,29],[-1,-62],[13,0],[-1,-172],[-16,0],[0,21],[-3,0],[0,22],[-13,0],[-3,-10],[0,10],[-8,0],[-5,13],[-3,-34],[-7,1],[0,-12],[-8,-1],[7,-36],[-10,-13],[-16,4],[-12,3],[-13,-9],[-17,-5],[-39,2],[-14,0],[-7,-4],[-6,-9],[2,-7],[-2,-21],[-13,0],[0,8],[-9,-5],[-42,-1],[-11,0],[-5,0],[-63,-1]],[[291455,505045],[-3,1],[-11,22],[-8,14],[16,68],[1,66],[-20,25],[-19,35],[-47,205],[-5,82],[-1,19],[-21,51],[-35,42],[1,44],[0,25]],[[298318,489201],[53,-241],[29,-133],[1,-4],[6,-47],[3,0],[6,-41],[54,-487],[4,-27],[5,-30],[5,-17]],[[293308,494787],[-13,0],[0,-7],[13,1],[0,-34],[0,-4],[0,-63],[0,-6],[0,-58],[0,-7],[0,-17],[67,43],[0,-4],[9,6],[0,-18],[0,-32],[0,-116],[-12,-1],[0,-58],[-13,6],[0,86],[-25,0],[0,-13],[-6,0],[0,-175],[19,0],[0,-85],[-6,5],[-6,-5],[-1,11],[-3,29],[-4,25],[-39,130],[-5,13],[-1,-95],[1,-106],[-24,-3],[-10,-6],[-18,0],[-25,1],[0,-14],[0,-19],[1,-3],[0,-24],[-3,1],[-2,4],[0,9],[-4,0],[0,26],[0,6],[-6,-12],[-10,11],[0,14],[0,31],[1,5],[-2,20],[0,33],[0,68],[-6,2],[-10,17],[-10,-26],[-13,-26],[-1,22],[-10,0],[0,-36],[-50,11],[0,58],[-2,0],[0,22],[0,45],[-1,14],[-12,52],[-1,13],[0,40],[-37,7],[0,73]],[[297790,496763],[24,12],[11,-3],[24,-163],[7,-47],[10,-77],[7,-56],[5,-25],[5,-38],[51,-331],[3,-20],[0,11],[-11,66],[5,6],[-31,266],[-28,205],[-1,10],[-28,207],[2,11]],[[297959,496837],[2,-50],[2,-58],[3,-63],[1,-25],[1,-16],[5,-87],[2,-20],[5,-85],[3,-37],[1,-25],[1,-4],[3,-48],[3,-42],[6,-82],[3,-47],[7,-98],[3,-28],[1,-19],[2,-28],[0,-1]],[[297907,495917],[0,4],[-13,-17],[-1,7],[-33,273],[-18,155],[-4,32],[-11,93],[-37,298]],[[297873,500440],[-16,33],[-11,13],[-12,7],[-84,2]],[[297700,501567],[16,2],[46,-2],[6,-34],[2,-8],[5,-7],[1,14],[2,9],[1,23],[-2,19],[-2,3],[-4,30],[5,6],[2,22],[10,12],[-37,98],[0,109],[41,0],[4,-5],[47,-126],[28,-39],[8,19],[13,-1],[4,-4],[6,10],[15,-65],[4,-32],[6,-31],[17,-70],[22,-81],[-7,-8],[-5,1],[-8,-35],[-5,-6],[-1,-48],[3,-15],[-4,-3],[-5,-38],[-2,23],[5,14],[-3,9],[4,19],[-3,12],[-8,-16],[-1,-28],[4,-42],[-4,-8],[1,-10],[3,-20],[1,-41],[-5,-5],[3,-18],[-5,-6],[-4,-23],[7,-28],[-2,-38],[2,-28],[1,-44],[-2,-16],[3,-14],[-3,-44],[-1,-52],[-4,-42],[-1,-33],[-3,-16],[-2,-22],[6,-17],[3,33],[4,21],[1,-27],[-9,-70],[-5,-13],[-1,13],[4,13],[-1,11],[-6,-8],[-1,-32],[-2,-17],[-3,-59],[-3,-10],[-6,-57],[-8,-52],[3,-13],[-5,1],[-4,-22],[-3,-28],[2,-7],[2,20],[2,-27],[20,-55],[6,-18],[-38,91]],[[297166,504864],[9,-64],[2,-16],[11,-67],[7,-42],[14,-59],[11,-70],[3,-22],[9,-54],[19,-116],[-31,0],[1,-170],[-22,0],[2,-11],[10,-55],[-12,-16],[1,-19],[3,-21],[-7,-8],[3,-19],[-17,-21],[-11,0],[0,-248],[13,-73],[12,-107]],[[291175,493213],[-5,1],[-2,0],[-3,0],[-9,0],[-1,0],[-6,-1],[-7,1],[-13,0],[-12,1],[-4,0],[-2,1],[-2,-16],[0,-6]],[[294935,501436],[20,140],[23,44],[1,51],[4,66],[-42,70],[-24,53],[-27,33],[-20,18],[-21,65],[0,161],[-20,52],[-33,26],[-21,-31],[-48,12],[-60,56]],[[291813,495349],[0,15],[0,7],[25,-1],[-4,25],[1,6],[4,-6],[0,59],[12,-1],[1,21],[6,5],[13,2],[2,21],[5,-13],[13,1],[-2,26],[6,0],[-1,65],[-2,0],[-1,21],[10,0]],[[291825,494821],[1,5],[-9,6],[-6,34],[-9,10],[0,40],[0,174],[0,22],[0,43],[1,56],[12,47],[0,21],[0,46],[-2,24]],[[294455,504539],[-3,2],[-3,-1],[-3,0],[-1,0],[-10,-3],[-19,-15],[-10,16]],[[297460,500087],[15,-236],[1,-25],[3,-77],[3,-24],[2,-29],[9,-110],[12,-155],[0,-1]],[[292014,494785],[29,-5],[13,-2],[-1,-17],[19,2],[-6,1],[-3,10],[3,2],[13,-2],[11,-5],[11,-22],[4,-5]],[[291193,492439],[-5,15],[-3,29],[6,3],[-2,39],[-2,40],[0,51],[-1,44],[3,46],[4,79]],[[291531,499415],[0,14],[-6,15],[0,7],[3,46],[11,19],[-1,74],[9,10],[1,1],[-1,29],[-5,10],[-7,11],[1,14],[1,10],[-19,16],[-3,24],[-17,17],[-2,40],[5,24],[19,24],[11,0],[10,85],[-4,28],[9,75],[2,51],[-8,11],[-3,26],[-1,5],[-2,18],[3,15],[2,10],[3,15],[-1,3],[-11,37],[-22,-16],[-3,-1],[1,2],[28,95],[-2,42],[1,101],[4,97],[13,23],[14,15],[14,15],[6,58],[-12,83],[-17,60],[-3,9],[5,39],[15,-1],[14,-22],[3,56],[-16,129],[-1,7],[4,53],[-2,17],[0,9],[3,7],[1,2],[4,7],[23,43],[6,44],[-16,40],[5,21],[-1,15],[-19,9],[-4,9],[-3,96],[3,46],[-4,11],[-19,-4],[-3,4],[1,15],[30,80],[2,32],[-21,69],[-18,10],[-1,40],[-15,26],[-1,28],[-4,67],[-1,51],[4,17],[7,15],[4,42],[-14,44],[-16,41],[7,72],[13,3],[10,22],[-5,34],[1,37],[23,-22],[11,39],[10,49],[0,65],[-16,25],[-24,8],[-4,25],[9,40],[-3,34],[-22,25],[0,2]],[[298264,493131],[22,-119],[5,-55],[7,-74],[5,-40],[12,-117],[10,-66]],[[291717,492878],[1,-5],[2,-9],[18,-81],[21,-12],[-1,-21],[-6,0],[2,-3],[-7,-2],[0,-7],[11,0],[1,-10],[-1,-18],[-4,-12],[-1,-3],[11,-163],[-1,-12],[2,-9],[3,-9],[-2,-4],[4,-24],[1,-13],[6,-2],[4,-19],[2,-62],[-9,-43],[-9,-18],[1,-12]],[[291569,492355],[-2,0],[-2,0],[0,-9],[-2,-1],[0,-14],[0,-5],[-3,0],[0,2],[0,17],[-3,0],[0,9],[-5,0],[0,-23],[-8,-2],[8,-43],[0,-17],[-4,0],[-1,0],[-6,84],[-2,-40],[-8,1],[0,18],[5,0],[-4,22],[-5,0],[0,-9],[-14,4],[-1,5],[-8,0]],[[291347,494482],[0,15],[24,1],[0,-14],[4,0],[7,13],[15,1],[13,0]],[[291457,494110],[-1,-15],[1,-18],[13,-14],[3,-22],[-9,-22],[-14,-91],[-10,-28],[-1,-3],[-2,-4],[-8,1],[-5,1],[-3,0],[-3,1],[-2,-7],[-2,-4],[-1,-5],[-2,-4],[0,-2],[-4,-14],[-2,-5],[-2,2],[-3,2],[-2,2],[-2,2],[-2,2],[-3,2],[-4,4],[-4,-9],[-3,-8],[-9,-24],[0,0]],[[295521,498415],[48,0],[15,1],[0,0],[24,0],[16,0],[25,0],[62,0],[6,2]],[[295717,498418],[-5,-4],[-2,-4],[-1,-4],[-13,-59],[-11,-58],[0,-17],[-1,-25],[0,-16],[-11,-63],[-8,-40],[-3,3],[0,-20],[0,0],[-5,-25],[-3,7],[-5,-18],[-6,-3],[8,-10],[-28,-146],[-4,-7],[-11,-1],[-1,-2],[-11,0],[-9,-2],[0,1],[-11,45],[-10,47],[-9,79],[-8,76],[-17,162],[-2,22],[-9,79]],[[291726,492016],[-1,-6],[5,-28],[-4,-42],[-14,-30],[-11,-7],[-12,-7],[-10,1],[-1,0],[-5,-47]],[[291219,491977],[30,-81],[10,-68],[12,-87],[1,-10],[0,-30],[0,-18]],[[291363,490949],[-2,-6],[1,-14],[-1,-40],[-1,-24],[-5,-44],[-15,-31],[-7,-153],[0,-9],[-1,-14],[-22,-26]],[[291310,490588],[5,48],[3,23],[1,7],[0,78],[1,163],[0,13],[0,16],[-1,17],[-6,116],[-3,17],[-7,52],[-6,44],[-4,27],[-9,29],[-13,42],[-3,16],[-1,2],[-1,8],[-8,37],[-9,41],[-8,64],[-2,18],[-8,62],[-6,54],[-6,48],[-13,43],[-16,56],[-11,61],[-2,26]],[[292514,504110],[-6,12],[-7,-3],[-12,14],[3,17],[-5,4],[-16,45],[-8,0],[-1,9],[-3,9],[0,16],[-2,5],[-2,5],[-5,-1],[-2,5],[0,8],[-5,4],[-5,9],[0,11],[-27,32],[-13,12]],[[292398,504323],[-11,8],[-53,19],[-26,8]],[[291778,497553],[0,-4]],[[292363,492923],[28,4],[0,1],[5,2],[2,6],[-2,10],[-3,85],[5,0],[10,21],[18,32],[37,0],[2,3],[0,-16],[10,0],[5,-23],[16,1],[-16,12],[0,32],[17,0],[1,6],[2,4],[2,11],[1,7],[0,15],[0,21],[0,23],[6,-1],[0,17],[-6,0],[0,16],[0,50],[0,10],[0,18],[0,52],[1,9],[-14,1],[0,60],[13,0],[0,42],[20,1],[9,-1],[8,4],[20,0],[15,1]],[[292582,492275],[-2,-22],[-4,-85],[-1,-25],[-2,-47],[18,0],[2,-12],[-13,-23],[-9,9],[0,-12],[-1,-32],[0,-34],[13,-1],[3,-7],[3,-12],[0,-28],[-8,-3],[0,-10],[0,-27],[-11,-14],[-1,-53],[0,-41],[0,-36],[0,-45]],[[292374,492651],[-3,1],[-10,1],[-7,45],[10,34],[-6,155],[5,27],[0,9]],[[291438,492098],[5,0]],[[292509,488446],[-8,31],[-1,16],[-6,12],[1,13],[-5,7],[-4,37],[6,41],[-1,20],[-3,8],[0,-31],[-5,-7],[-1,7],[3,12],[-3,25],[3,7],[-5,18],[-6,5],[-3,17],[-8,20],[-2,-7],[-2,6],[-4,9],[-4,23],[-13,-18],[-3,1],[-4,14],[2,9],[6,-16],[2,2],[1,21],[2,9],[-2,15],[-3,6],[-6,-5],[-5,13],[-5,2],[-8,-20],[-7,1],[-3,-4],[-5,6],[-9,-18],[-6,2],[-6,25],[-3,6],[-7,-7],[-3,-12],[-5,-3],[-7,10],[-2,10],[2,20],[-3,17],[-2,1],[-2,-25],[-4,-9],[-8,1],[-4,-13],[-2,-10],[0,-20],[-3,-10],[-3,6],[-3,13],[-6,-3],[-2,-19],[-9,-15],[-18,6],[-8,41],[-1,26],[-2,12],[-4,4],[-15,-27],[-19,-39],[-10,0],[-2,3],[-13,20],[-14,59],[-7,13],[-14,9],[-13,-2],[-10,10],[-3,-1],[-8,-29],[-15,-20],[-18,-10]],[[295874,498417],[-74,0],[-51,0],[-25,0],[-7,1]],[[291168,492784],[-4,0],[-5,0],[-4,0],[-6,-5],[0,-35],[-3,0],[-4,13],[0,30],[-9,0],[-13,0],[-29,0]],[[292803,496357],[-34,0],[-49,0]],[[291813,495349],[-8,0],[-2,-11],[-3,-7],[-23,20],[-38,0],[-12,-9],[-5,-3],[-3,2],[-3,10],[-7,2],[-10,-9],[0,31],[-11,1],[-2,2],[-1,1],[-1,4],[-3,-1],[-3,2],[-1,-3],[-3,-4],[-7,-18],[-17,-5],[-2,-2],[-7,6],[-11,-3],[-34,5]],[[296393,511005],[1,-8],[23,-186],[52,-426],[11,-93],[10,-74],[8,-70],[12,-99],[10,-81],[3,-18],[2,-20],[1,-7],[2,-21],[4,-26],[2,-20],[2,-16],[4,-33],[10,-82],[14,-110],[10,-73],[1,-11],[13,-97],[4,-28],[5,-41],[9,-65],[19,-139],[0,-3]],[[298072,495266],[1,-10],[7,-62],[12,-107],[9,-72],[5,-43],[3,-27],[2,-19],[9,-75],[1,-6],[14,-109],[2,-19],[10,-77],[16,-124],[21,-154],[18,-134],[13,-94],[9,-65],[1,-6],[6,-51],[50,-349],[59,-376],[21,-138],[29,-194],[33,-209],[0,-14],[0,-10]],[[295656,497067],[13,96],[0,2],[8,58],[0,4],[3,25],[5,36],[1,4],[0,3],[1,4],[7,20],[15,39],[3,8],[11,31],[26,71],[4,11]],[[295753,497479],[4,-21],[13,-35],[3,3],[1,7],[7,-13],[14,-16],[7,0],[0,-6],[6,0],[-2,-9],[6,-6],[8,-6],[3,2],[4,17],[8,-23],[0,13],[2,-3],[0,5],[4,-12],[11,7],[23,23],[2,3],[7,12],[7,20]],[[293740,494998],[0,12],[4,-12],[3,0],[6,1],[0,21],[3,-11],[13,1],[0,-11],[23,-2],[10,-12],[7,-10],[11,0],[4,-3],[12,-34],[1,2],[11,-2],[0,-12],[1,0],[0,10],[12,28],[3,14],[4,37],[4,32],[2,38],[1,24],[-1,31],[0,31],[6,-1],[0,22],[11,0],[2,24],[0,-13],[11,10],[15,0],[13,0],[21,0],[15,0],[10,0],[8,37],[9,2]],[[291488,490904],[-2,-3],[-1,-2],[-13,-49],[-8,5],[-7,4],[-12,21],[-3,71],[-27,-22],[-12,-10],[-1,0],[-5,-18],[-1,-2],[0,-20],[0,-38],[-6,-28],[-4,-17],[-2,-10],[-1,-7],[-3,-15],[-1,-1],[8,-38],[-8,-29],[-1,-3],[-1,-139],[-14,-9],[-1,0],[1,-54],[9,-39],[0,-11],[-5,-6],[-3,-4],[0,-14],[7,-19],[11,-34],[5,-74],[1,-2],[5,-28],[4,-18],[2,-8],[-6,-14],[-1,-30],[4,-13],[7,0],[10,-136],[5,-11],[6,15],[13,89],[4,6],[2,-9],[-13,-116],[-8,-30],[-79,-128],[-13,-29],[-7,9],[1,55],[3,88],[-5,30],[-1,62],[-7,52],[-13,129],[0,5],[-4,59],[8,196],[3,57],[2,18]],[[291947,492499],[-3,0],[-17,57],[-13,40],[-4,27],[-7,5],[-5,-27],[-4,-25],[-5,7],[-1,27],[9,72],[-3,73],[18,10],[26,15],[2,7],[6,20],[14,53],[4,57],[1,10],[-1,6],[-1,0],[-4,14],[2,42],[0,3],[3,19],[1,5],[0,2],[-3,10],[-25,-7],[-1,-12],[-7,-1],[2,51]],[[294671,501300],[0,-30],[1,-3],[11,-22],[12,-47],[4,-23],[-3,-23],[-5,-6],[-4,-21],[0,-34],[2,-25],[-5,-49],[-13,-13],[0,-77]],[[292591,493799],[4,115],[1,55],[0,71]],[[297873,500440],[-3,-12],[-22,-142],[-31,-2],[0,-242],[0,-21],[-12,-93],[-3,-34],[-14,-126],[4,-3],[-7,-60],[-7,-96],[-1,-16],[-2,-10],[-9,-119],[-3,-44],[-4,-105],[-1,-49],[-4,-130],[-40,-3],[0,-3]],[[297714,499130],[-55,0],[-1,-35],[-1,-9],[3,-62],[1,-59],[10,-29],[-2,-18],[0,-18],[3,-33],[1,-79],[0,-12],[1,-24],[2,-33],[13,-57],[6,-8],[4,-15],[-2,-65],[-11,-3],[4,-46],[-27,-1],[-39,-3],[-5,-2],[-16,-5],[-10,1],[-11,-1]],[[295848,500710],[0,-47],[4,-16],[2,-10],[-6,-1],[0,-32],[-6,0],[0,-43],[7,0],[0,-84],[6,0],[2,0],[-2,-6],[-1,-36],[6,0],[1,-61],[6,-56],[0,-12]],[[292209,502462],[102,1],[1,-251],[26,0],[1,-66],[3,-1],[0,-20],[61,-2]],[[292363,492923],[-1,24],[-2,40],[-3,13],[-1,6],[0,3],[-21,109],[-7,39],[-8,37],[-43,-1],[-1,0],[-10,-17],[-3,18],[-7,46]],[[295919,498136],[-1,12],[-6,1],[-2,-12],[-30,23],[-20,10],[-13,0],[-4,-4],[-4,8],[-7,2],[-19,-3],[-12,-13],[-5,3],[-6,-7],[-9,-1],[-10,-12],[-6,4],[-9,14],[-5,13],[-5,27],[3,5],[-4,29],[2,13],[-6,15],[-3,-6],[0,-15],[-2,-39],[-3,-1],[1,-29],[-2,-2],[0,-1],[0,-1],[1,-5],[-1,-2],[0,-2],[0,-2],[11,-11],[7,7],[9,-9],[4,-22],[-2,-33],[-9,-27],[-15,-33],[-10,-27],[-4,-16],[-8,-45],[0,-61],[0,-38],[-2,-15],[2,-85],[1,-47],[9,-80],[8,-56],[12,-57],[6,-24],[7,15],[-5,-15]],[[292259,503146],[51,1],[0,172],[50,1],[-2,366],[-49,0],[0,20],[-44,0],[0,46],[-3,11],[0,94],[97,1],[1,173],[38,0],[0,292]],[[297309,502053],[10,-104],[-1,-5],[-10,-64],[-1,-131],[8,-41],[12,-64],[7,-35],[2,-6],[0,-8],[17,-230]],[[297714,499130],[39,0],[52,-1]],[[297805,499129],[1,-47],[-4,-137],[0,-21],[-3,-186],[-2,-33],[0,-15],[0,-11]],[[291431,493467],[12,-8],[1,-1],[1,0],[3,-17],[3,-1],[1,12],[0,4],[7,-2],[5,30],[8,-10],[2,-61],[13,-39],[23,-23],[15,-8],[16,-8],[17,-30],[30,-39],[9,-5],[2,-2],[2,-1],[1,11],[1,8],[3,24],[1,7],[4,0],[14,-51],[1,-5],[3,-8],[4,-2],[17,45],[2,-5]],[[297805,499129],[20,2],[-1,7],[14,3],[8,27],[1,44],[7,29],[5,4],[25,3],[9,10],[21,-8],[4,7],[4,-8],[14,5],[2,54],[4,46],[-2,42],[7,55],[0,51],[5,27],[-3,27],[7,41],[3,38],[0,46],[-6,19],[-5,4],[0,16],[-2,11],[8,29],[2,21],[-3,31],[8,1],[8,24],[1,39],[-3,14],[7,0],[2,9],[1,38],[-3,27],[4,27],[7,28],[0,14],[-3,29],[6,25],[1,23],[3,17],[-1,23],[2,13],[4,66],[-1,29],[-10,-3],[-8,-8],[13,14],[7,19],[0,55],[-3,17],[1,26],[-27,97],[-4,-4],[-2,15],[-3,-14],[-6,-7],[-3,24],[2,3],[63,-5],[60,3],[15,-139],[26,-175],[4,-33],[26,-202],[10,-68],[23,-148],[1,-8],[0,-52],[-4,-34],[-1,-5],[-7,-23],[-21,-32],[-11,-1],[-9,-14],[-16,-25],[-14,-23],[-26,-28],[-10,-21],[-10,-28],[-16,-54],[-4,-35],[-15,-50],[-15,-72],[-6,-59],[-6,-23],[-6,-21],[-2,-10],[-2,-14],[-13,-125],[-4,-44],[-6,-70],[-1,-10],[-2,-26],[-2,-29],[0,-7]]],"objects":{"cb_2020_us_zcta520_500k":{"type":"GeometryCollection","geometries":[{"arcs":[[0,1,2,3,4,5,6,7]],"type":"Polygon","properties":{"ZCTA5CE20":"32780"}},{"arcs":[[8,9,10,11,12]],"type":"Polygon","properties":{"ZCTA5CE20":"33612"}},{"arcs":[[13,14,15,16,17,18,19,20,21,22,23,24]],"type":"Polygon","properties":{"ZCTA5CE20":"33830"}},{"arcs":[[25,26,27,28,29,30,31]],"type":"Polygon","properties":{"ZCTA5CE20":"32909"}},{"arcs":[[32]],"type":"Polygon","properties":{"ZCTA5CE20":"34487"}},{"arcs":[[33]],"type":"Polygon","properties":{"ZCTA5CE20":"32723"}},{"arcs":[[34,35]],"type":"Polygon","properties":{"ZCTA5CE20":"33530"}},{"arcs":[[36,37,38,39]],"type":"Polygon","properties":{"ZCTA5CE20":"33774"}},{"arcs":[[40,41,42,-29]],"type":"Polygon","properties":{"ZCTA5CE20":"32949"}},{"arcs":[[43,44,45,46,47,48]],"type":"Polygon","properties":{"ZCTA5CE20":"33603"}},{"arcs":[[49,50,51,52,53,54,55]],"type":"Polygon","properties":{"ZCTA5CE20":"34677"}},{"arcs":[[56,57,58,59,60]],"type":"Polygon","properties":{"ZCTA5CE20":"33786"}},{"arcs":[[61]],"type":"Polygon","properties":{"ZCTA5CE20":"34729"}},{"arcs":[[65,66,67,68,69]],"type":"Polygon","properties":{"ZCTA5CE20":"34233"}},{"arcs":[[70,71,72,73,74]],"type":"Polygon","properties":{"ZCTA5CE20":"34228"}},{"arcs":[[75,76]],"type":"Polygon","properties":{"ZCTA5CE20":"32768"}},{"arcs":[[77,78,79,80,81,82,83,84,85]],"type":"Polygon","properties":{"ZCTA5CE20":"34748"}},{"arcs":[[86,87,88,89]],"type":"Polygon","properties":{"ZCTA5CE20":"34235"}},{"arcs":[[90,91,92,93,94,95,96,97,98]],"type":"Polygon","properties":{"ZCTA5CE20":"34432"}},{"arcs":[[-31,99,100,101,102,103]],"type":"Polygon","properties":{"ZCTA5CE20":"32948"}},{"arcs":[[104]],"type":"Polygon","properties":{"ZCTA5CE20":"32959"}},{"arcs":[[[105,106]],[[107,108,109,110,111]]],"type":"MultiPolygon","properties":{"ZCTA5CE20":"33548"}},{"arcs":[[-24,112,-22,113,114,115,116,117,118,119]],"type":"Polygon","properties":{"ZCTA5CE20":"33841"}},{"arcs":[[[120]],[[121,122,123,124,125,126]]],"type":"MultiPolygon","properties":{"ZCTA5CE20":"32835"}},{"arcs":[[129,130,-128]],"type":"Polygon","properties":{"ZCTA5CE20":"32139"}},{"arcs":[[131,132,133,-63,134]],"type":"Polygon","properties":{"ZCTA5CE20":"33857"}},{"arcs":[[135,136,137,138],[139]],"type":"Polygon","properties":{"ZCTA5CE20":"33877"}},{"arcs":[[140,141]],"type":"Polygon","properties":{"ZCTA5CE20":"34445"}},{"arcs":[[142,143,144,145,146,147,148]],"type":"Polygon","properties":{"ZCTA5CE20":"34449"}},{"arcs":[[149,150,151]],"type":"Polygon","properties":{"ZCTA5CE20":"34661"}},{"arcs":[[152,153,154,155,156,157,158]],"type":"Polygon","properties":{"ZCTA5CE20":"33597"}},{"arcs":[[159,160,161,162,163,164,165,166,167,168]],"type":"Polygon","properties":{"ZCTA5CE20":"34739"}},{"arcs":[[169]],"type":"Polygon","properties":{"ZCTA5CE20":"34760"}},{"arcs":[[-60,170,-40,171,172,173]],"type":"Polygon","properties":{"ZCTA5CE20":"33785"}},{"arcs":[[174,175,-10]],"type":"Polygon","properties":{"ZCTA5CE20":"33620"}},{"arcs":[[176,177,178]],"type":"Polygon","properties":{"ZCTA5CE20":"33701"}},{"arcs":[[179,180,181]],"type":"Polygon","properties":{"ZCTA5CE20":"34222"}},{"arcs":[[[182,183,-65]],[[184,185,-166,186,187,-64,-134,188]]],"type":"MultiPolygon","properties":{"ZCTA5CE20":"34972"}},{"arcs":[[193]],"type":"Polygon","properties":{"ZCTA5CE20":"33856"}},{"arcs":[[194,195,196,197,198,199]],"type":"Polygon","properties":{"ZCTA5CE20":"32962"}},{"arcs":[[200,201,-8,202,203,204,205]],"type":"Polygon","properties":{"ZCTA5CE20":"32709"}},{"arcs":[[206,207,208,209,210,211,212],[-34]],"type":"Polygon","properties":{"ZCTA5CE20":"32720"}},{"arcs":[[213,214,215]],"type":"Polygon","properties":{"ZCTA5CE20":"32744"}},{"arcs":[[216,217,218,219,220,221,222,223,224,225]],"type":"Polygon","properties":{"ZCTA5CE20":"33844"}},{"arcs":[[226,227,228,229,-52]],"type":"Polygon","properties":{"ZCTA5CE20":"33635"}},{"arcs":[[230,231,232,233]],"type":"Polygon","properties":{"ZCTA5CE20":"32922"}},{"arcs":[[234,235,236]],"type":"Polygon","properties":{"ZCTA5CE20":"34215"}},{"arcs":[[237]],"type":"Polygon","properties":{"ZCTA5CE20":"33854"}},{"arcs":[[238,239,240,241]],"type":"Polygon","properties":{"ZCTA5CE20":"32925"}},{"arcs":[[242,243]],"type":"Polygon","properties":{"ZCTA5CE20":"33503"}},{"arcs":[[244,-99,245,246,-145]],"type":"Polygon","properties":{"ZCTA5CE20":"34431"}},{"arcs":[[247,248,249,250,251,252,253,254,255]],"type":"Polygon","properties":{"ZCTA5CE20":"32179"}},{"arcs":[[256,257,-212,258,259,260,261,262,263]],"type":"Polygon","properties":{"ZCTA5CE20":"32736"}},{"arcs":[[264,265,266,-57,267]],"type":"Polygon","properties":{"ZCTA5CE20":"33767"}},{"arcs":[[268]],"type":"Polygon","properties":{"ZCTA5CE20":"32775"}},{"arcs":[[[269,270]],[[271,272,273,274,275,276,277,278,279],[-170]]],"type":"MultiPolygon","properties":{"ZCTA5CE20":"34787"}},{"arcs":[[280,-181,281,282,283,284]],"type":"Polygon","properties":{"ZCTA5CE20":"34208"}},{"arcs":[[-252,285]],"type":"Polygon","properties":{"ZCTA5CE20":"32133"}},{"arcs":[[286,-26,287]],"type":"Polygon","properties":{"ZCTA5CE20":"32908"}},{"arcs":[[288,289,290,291,292,293]],"type":"Polygon","properties":{"ZCTA5CE20":"32821"}},{"arcs":[[-155,294,295,296,-84,297,298,299,300,301],[302],[303],[304]],"type":"Polygon","properties":{"ZCTA5CE20":"34736"}},{"arcs":[[-127,305,306]],"type":"Polygon","properties":{"ZCTA5CE20":"34734"}},{"arcs":[[307,308,309,310,311,312]],"type":"Polygon","properties":{"ZCTA5CE20":"33811"}},{"arcs":[[316,317,318,319,320,321,322,323,324,325]],"type":"Polygon","properties":{"ZCTA5CE20":"33547"}},{"arcs":[[326,-221,327,-169,328,-167,-186,329,330,331,332,333,334,335,336,337,-137],[-194],[-238]],"type":"Polygon","properties":{"ZCTA5CE20":"33898"}},{"arcs":[[338,339,340,341,342,343,344]],"type":"Polygon","properties":{"ZCTA5CE20":"32751"}},{"arcs":[[345,346,347,348,349,350,351,352]],"type":"Polygon","properties":{"ZCTA5CE20":"34610"}},{"arcs":[[353,-222,-327,-136,354,355]],"type":"Polygon","properties":{"ZCTA5CE20":"33838"}},{"arcs":[[[356,357,358,359,360,361,362]],[[363,364]]],"type":"MultiPolygon","properties":{"ZCTA5CE20":"32773"}},{"arcs":[[[-305]],[[-304]],[[365,366,-272,367,-300]]],"type":"MultiPolygon","properties":{"ZCTA5CE20":"34711"}},{"arcs":[[368,369,370]],"type":"Polygon","properties":{"ZCTA5CE20":"32132"}},{"arcs":[[371,372,373,374,375,376,377,378,379,380]],"type":"Polygon","properties":{"ZCTA5CE20":"34461"}},{"arcs":[[381,382,383,-342,384,385],[386]],"type":"Polygon","properties":{"ZCTA5CE20":"32707"}},{"arcs":[[387,-225,388,389]],"type":"Polygon","properties":{"ZCTA5CE20":"33850"}},{"arcs":[[390,391,392,393,-317,394,395],[396]],"type":"Polygon","properties":{"ZCTA5CE20":"33511"}},{"arcs":[[397,398,399,400,401,402]],"type":"Polygon","properties":{"ZCTA5CE20":"34690"}},{"arcs":[[403]],"type":"Polygon","properties":{"ZCTA5CE20":"34250"}},{"arcs":[[404,405,-195,406,407]],"type":"Polygon","properties":{"ZCTA5CE20":"32960"}},{"arcs":[[408,409,410,411,412,413,414]],"type":"Polygon","properties":{"ZCTA5CE20":"33713"}},{"arcs":[[[415,416]],[[417]],[[418,419]],[[420,421,422,-86,423,424,425,426,427]]],"type":"MultiPolygon","properties":{"ZCTA5CE20":"34785"}},{"arcs":[[-198,428,429,-315,430]],"type":"Polygon","properties":{"ZCTA5CE20":"34946"}},{"arcs":[[431,432]],"type":"Polygon","properties":{"ZCTA5CE20":"32970"}},{"arcs":[[433,434,435,436,-358,437,438,439]],"type":"Polygon","properties":{"ZCTA5CE20":"32764"}},{"arcs":[[440,-295,-154,441]],"type":"Polygon","properties":{"ZCTA5CE20":"33514"}},{"arcs":[[442,443,-294,444,-278]],"type":"Polygon","properties":{"ZCTA5CE20":"32830"}},{"arcs":[[445,446,-289,-444]],"type":"Polygon","properties":{"ZCTA5CE20":"32836"}},{"arcs":[[447,448,449,450,451]],"type":"Polygon","properties":{"ZCTA5CE20":"34614"}},{"arcs":[[452,453,454,-433,455,-101]],"type":"Polygon","properties":{"ZCTA5CE20":"32958"}},{"arcs":[[-451,456,457,458,459,460,461]],"type":"Polygon","properties":{"ZCTA5CE20":"34613"}},{"arcs":[[462,463,464,465,466,467]],"type":"Polygon","properties":{"ZCTA5CE20":"32805"}},{"arcs":[[[468,469,470,471]],[[472,473,474,475,476,477]]],"type":"MultiPolygon","properties":{"ZCTA5CE20":"33764"}},{"arcs":[[478,479,480,481,482,483,484]],"type":"Polygon","properties":{"ZCTA5CE20":"33782"}},{"arcs":[[485,486,487,488,489,490]],"type":"Polygon","properties":{"ZCTA5CE20":"32829"}},{"arcs":[[491,-70,492,493,494]],"type":"Polygon","properties":{"ZCTA5CE20":"34231"}},{"arcs":[[495,496,497,-226,-388,498,499,500]],"type":"Polygon","properties":{"ZCTA5CE20":"33868"}},{"arcs":[[-407,-200,501,502,503]],"type":"Polygon","properties":{"ZCTA5CE20":"32968"}},{"arcs":[[504,505,506,-422,507,508]],"type":"Polygon","properties":{"ZCTA5CE20":"32162"}},{"arcs":[[509,510,511]],"type":"Polygon","properties":{"ZCTA5CE20":"34679"}},{"arcs":[[512,513,514,515,516],[517]],"type":"Polygon","properties":{"ZCTA5CE20":"32901"}},{"arcs":[[518,519,520]],"type":"Polygon","properties":{"ZCTA5CE20":"33621"}},{"arcs":[[521,522,523,524,525,526],[527]],"type":"Polygon","properties":{"ZCTA5CE20":"33584"}},{"arcs":[[528,529,530,531,532,533,534,535,-80,536]],"type":"Polygon","properties":{"ZCTA5CE20":"34788"}},{"arcs":[[537,538,539]],"type":"Polygon","properties":{"ZCTA5CE20":"32934"}},{"arcs":[[-370,540,541,542]],"type":"Polygon","properties":{"ZCTA5CE20":"32141"}},{"arcs":[[543,544,545,546],[547]],"type":"Polygon","properties":{"ZCTA5CE20":"32117"}},{"arcs":[[[548,-378]],[[549,-380,550,-448,551,552],[-33]],[[553,554]]],"type":"MultiPolygon","properties":{"ZCTA5CE20":"34448"}},{"arcs":[[556,557,-362,558,-382,559,560]],"type":"Polygon","properties":{"ZCTA5CE20":"32750"}},{"arcs":[[-292,561,562,563,564,-161,565,566,567,568]],"type":"Polygon","properties":{"ZCTA5CE20":"34746"}},{"arcs":[[569,570,571,572,573,-192,574]],"type":"Polygon","properties":{"ZCTA5CE20":"33875"}},{"arcs":[[575,576,577,-442,-153,578,-150,579]],"type":"Polygon","properties":{"ZCTA5CE20":"33513"}},{"arcs":[[580,581,582,583]],"type":"Polygon","properties":{"ZCTA5CE20":"32702"}},{"arcs":[[584,585,586,-196,-406,587,-454]],"type":"Polygon","properties":{"ZCTA5CE20":"32963"}},{"arcs":[[588,589,590,591]],"type":"Polygon","properties":{"ZCTA5CE20":"32190"}},{"arcs":[[[592]],[[593,594,595,596]]],"type":"MultiPolygon","properties":{"ZCTA5CE20":"34479"}},{"arcs":[[[597,598,-470]],[[599,-477,600,-472,601,602,603],[604]],[[605]]],"type":"MultiPolygon","properties":{"ZCTA5CE20":"33771"}},{"arcs":[[606,-111,607,608,609,610]],"type":"Polygon","properties":{"ZCTA5CE20":"33624"}},{"arcs":[[612,613,614,-56,615,616]],"type":"Polygon","properties":{"ZCTA5CE20":"34684"}},{"arcs":[[617,618,619,-244,620,-324,621,622]],"type":"Polygon","properties":{"ZCTA5CE20":"33598"}},{"arcs":[[623,624,625,626,627,628,629,630]],"type":"Polygon","properties":{"ZCTA5CE20":"34639"}},{"arcs":[[631,-591,632,633,634]],"type":"Polygon","properties":{"ZCTA5CE20":"32180"}},{"arcs":[[-253,-286,-251,635,636,637]],"type":"Polygon","properties":{"ZCTA5CE20":"32195"}},{"arcs":[[638,639,640,641,642,643,644]],"type":"Polygon","properties":{"ZCTA5CE20":"32127"}},{"arcs":[[645,646,647,648,649,-628]],"type":"Polygon","properties":{"ZCTA5CE20":"33544"}},{"arcs":[[-7,650,651,-234,652,653,654,-203]],"type":"Polygon","properties":{"ZCTA5CE20":"32926"}},{"arcs":[[655,656,657,658,659,660]],"type":"Polygon","properties":{"ZCTA5CE20":"33606"}},{"arcs":[[661,-360,662,663,664,665,666,667]],"type":"Polygon","properties":{"ZCTA5CE20":"32765"}},{"arcs":[[668,-355,-139,669,-20,670]],"type":"Polygon","properties":{"ZCTA5CE20":"33884"}},{"arcs":[[671,672,673,674,675,676,677]],"type":"Polygon","properties":{"ZCTA5CE20":"34480"}},{"arcs":[[[678,679,680,-82]],[[681,-424,-85,-297,682]]],"type":"MultiPolygon","properties":{"ZCTA5CE20":"34762"}},{"arcs":[[-74,683,684,685,686,687]],"type":"Polygon","properties":{"ZCTA5CE20":"34236"}},{"arcs":[[691,692,-158,693,694,-626,695,-349]],"type":"Polygon","properties":{"ZCTA5CE20":"33523"}},{"arcs":[[696,697,698,-576,699,700]],"type":"Polygon","properties":{"ZCTA5CE20":"34436"}},{"arcs":[[701,702,-483,703]],"type":"Polygon","properties":{"ZCTA5CE20":"33716"}},{"arcs":[[704,705,-481,706,-598,-469,-601,-476],[707]],"type":"Polygon","properties":{"ZCTA5CE20":"33760"}},{"arcs":[[708,709,-215,710,-439,711,712]],"type":"Polygon","properties":{"ZCTA5CE20":"32725"}},{"arcs":[[713,-201,714,-664,715]],"type":"Polygon","properties":{"ZCTA5CE20":"32766"}},{"arcs":[[[716]],[[717,718,-345,719,720,721,722]]],"type":"MultiPolygon","properties":{"ZCTA5CE20":"32810"}},{"arcs":[[-687,723,-495,724,725]],"type":"Polygon","properties":{"ZCTA5CE20":"34242"}},{"arcs":[[[-572,726]],[[727,728,-570,729]]],"type":"MultiPolygon","properties":{"ZCTA5CE20":"33872"}},{"arcs":[[-642,730,731,-541,-369,732]],"type":"Polygon","properties":{"ZCTA5CE20":"32169"}},{"arcs":[[-528]],"type":"Polygon","properties":{"ZCTA5CE20":"33550"}},{"arcs":[[733,734]],"type":"Polygon","properties":{"ZCTA5CE20":"33858"}},{"arcs":[[-385,-341,735]],"type":"Polygon","properties":{"ZCTA5CE20":"32730"}},{"arcs":[[736,737,-639,738,739,740]],"type":"Polygon","properties":{"ZCTA5CE20":"32119"}},{"arcs":[[741,-15,742]],"type":"Polygon","properties":{"ZCTA5CE20":"33812"}},{"arcs":[[743,-643,-733,-371,-543,744,-434,745,746]],"type":"Polygon","properties":{"ZCTA5CE20":"32168"}},{"arcs":[[-461,747,748,749]],"type":"Polygon","properties":{"ZCTA5CE20":"34606"}},{"arcs":[[750,751,752,753,754],[755]],"type":"Polygon","properties":{"ZCTA5CE20":"34474"}},{"arcs":[[756,757,758,-283,759]],"type":"Polygon","properties":{"ZCTA5CE20":"34211"}},{"arcs":[[760,761,-567,762,763]],"type":"Polygon","properties":{"ZCTA5CE20":"34758"}},{"arcs":[[-401,764,765,766,-614,767]],"type":"Polygon","properties":{"ZCTA5CE20":"34688"}},{"arcs":[[[768,769,770]],[[771,772,-490,773,774,775]]],"type":"MultiPolygon","properties":{"ZCTA5CE20":"32827"}},{"arcs":[[776,-466,777,778,779]],"type":"Polygon","properties":{"ZCTA5CE20":"32839"}},{"arcs":[[780,781,782,-526,783,784,785,-45]],"type":"Polygon","properties":{"ZCTA5CE20":"33610"}},{"arcs":[[-546,786,-741,787,788,789]],"type":"Polygon","properties":{"ZCTA5CE20":"32124"}},{"arcs":[[792,-458,793,794,-692,-348]],"type":"Polygon","properties":{"ZCTA5CE20":"34604"}},{"arcs":[[-629,-650,795,796,797]],"type":"Polygon","properties":{"ZCTA5CE20":"33559"}},{"arcs":[[798]],"type":"Polygon","properties":{"ZCTA5CE20":"33840"}},{"arcs":[[-721,799,800,801,-463,802]],"type":"Polygon","properties":{"ZCTA5CE20":"32804"}},{"arcs":[[803,-635,804,-207,805,-582]],"type":"Polygon","properties":{"ZCTA5CE20":"32102"}},{"arcs":[[[806,807,-48,808,-656,809,810]],[[811,812]]],"type":"MultiPolygon","properties":{"ZCTA5CE20":"33607"}},{"arcs":[[-214,813,-746,-440,-711]],"type":"Polygon","properties":{"ZCTA5CE20":"32738"}},{"arcs":[[814,815,816,817]],"type":"Polygon","properties":{"ZCTA5CE20":"33707"}},{"arcs":[[818,819,820,-398,821]],"type":"Polygon","properties":{"ZCTA5CE20":"34652"}},{"arcs":[[[822]],[[823,824,825,826,827]]],"type":"MultiPolygon","properties":{"ZCTA5CE20":"33763"}},{"arcs":[[828,829,830,831,832,-77,833,834,835]],"type":"Polygon","properties":{"ZCTA5CE20":"32712"}},{"arcs":[[-511,836,-749,837,-353,838,839,840]],"type":"Polygon","properties":{"ZCTA5CE20":"34667"}},{"arcs":[[[841]],[[-605]],[[-602,-471,-599,-707,-480,842,843,844]]],"type":"MultiPolygon","properties":{"ZCTA5CE20":"33773"}},{"arcs":[[845,-89,846,847,-685]],"type":"Polygon","properties":{"ZCTA5CE20":"34237"}},{"arcs":[[-826,848,-473,849,850]],"type":"Polygon","properties":{"ZCTA5CE20":"33765"}},{"arcs":[[-69,851,852,853,-493]],"type":"Polygon","properties":{"ZCTA5CE20":"34238"}},{"arcs":[[[-140]],[[-670,-138,-338,854,-336,855,856,-114,-21]]],"type":"MultiPolygon","properties":{"ZCTA5CE20":"33859"}},{"arcs":[[857,-311,858,-25,-120,859,-321],[860]],"type":"Polygon","properties":{"ZCTA5CE20":"33860"}},{"arcs":[[-634,-792,861,862,-208,-805]],"type":"Polygon","properties":{"ZCTA5CE20":"32130"}},{"arcs":[[863,864,865,-217,-498]],"type":"Polygon","properties":{"ZCTA5CE20":"33897"}},{"arcs":[[867,868,-508,-421,869]],"type":"Polygon","properties":{"ZCTA5CE20":"34484"}},{"arcs":[[-867,-755,870,871,-93]],"type":"Polygon","properties":{"ZCTA5CE20":"34481"}},{"arcs":[[872,-117,873,-730,-575,-191,-691,874]],"type":"Polygon","properties":{"ZCTA5CE20":"33890"}},{"arcs":[[875,876,-761,877,-734,878,-218,-866]],"type":"Polygon","properties":{"ZCTA5CE20":"33896"}},{"arcs":[[-754,879,-678,880,-871]],"type":"Polygon","properties":{"ZCTA5CE20":"34476"}},{"arcs":[[[881]],[[-132,-193,-574,882]]],"type":"MultiPolygon","properties":{"ZCTA5CE20":"33876"}},{"arcs":[[-68,883,884,885,886,-852]],"type":"Polygon","properties":{"ZCTA5CE20":"34241"}},{"arcs":[[887,888,889,890,891,-87,892,893]],"type":"Polygon","properties":{"ZCTA5CE20":"34243"}},{"arcs":[[894,-689,895,-885,896,897,-757,898,899]],"type":"Polygon","properties":{"ZCTA5CE20":"34251"}},{"arcs":[[900,-256,901,-674]],"type":"Polygon","properties":{"ZCTA5CE20":"34472"}},{"arcs":[[-881,-677,902,-868,903,-94,-872]],"type":"Polygon","properties":{"ZCTA5CE20":"34473"}},{"arcs":[[904,-596,905,-901,-673,906]],"type":"Polygon","properties":{"ZCTA5CE20":"34470"}},{"arcs":[[-848,907,-66,-492,-724,-686]],"type":"Polygon","properties":{"ZCTA5CE20":"34239"}},{"arcs":[[-118,-873,908,909]],"type":"Polygon","properties":{"ZCTA5CE20":"33873"}},{"arcs":[[[-756]],[[910,-907,-672,-880,-753]]],"type":"MultiPolygon","properties":{"ZCTA5CE20":"34471"}},{"arcs":[[911,-897,-884,912,-891,913]],"type":"Polygon","properties":{"ZCTA5CE20":"34240"}},{"arcs":[[-379,-549,-377,914,-449,-551]],"type":"Polygon","properties":{"ZCTA5CE20":"34446"}},{"arcs":[[915,916,917,-399,-821]],"type":"Polygon","properties":{"ZCTA5CE20":"34653"}},{"arcs":[[-918,918,919,-765,-400]],"type":"Polygon","properties":{"ZCTA5CE20":"34655"}},{"arcs":[[[920,-697]],[[921,922,-698,923]]],"type":"MultiPolygon","properties":{"ZCTA5CE20":"34450"}},{"arcs":[[-350,-696,-625,924]],"type":"Polygon","properties":{"ZCTA5CE20":"34637"}},{"arcs":[[925,-351,-925,-624,926,927,928]],"type":"Polygon","properties":{"ZCTA5CE20":"34638"}},{"arcs":[[929,930,-141,931,-97,932,-373]],"type":"Polygon","properties":{"ZCTA5CE20":"34442"}},{"arcs":[[933,-151,-579,-159,-693,-795]],"type":"Polygon","properties":{"ZCTA5CE20":"34602"}},{"arcs":[[[934,935,-381,-550,936]],[[-554,937]]],"type":"MultiPolygon","properties":{"ZCTA5CE20":"34429"}},{"arcs":[[-460,938,-346,-838,-748]],"type":"Polygon","properties":{"ZCTA5CE20":"34608"}},{"arcs":[[-148,939]],"type":"Polygon","properties":{"ZCTA5CE20":"34498"}},{"arcs":[[[940]],[[-265,941]],[[942,943,-828,944,945]]],"type":"MultiPolygon","properties":{"ZCTA5CE20":"34698"}},{"arcs":[[-301,-368,-280,946,-864,-497,947]],"type":"Polygon","properties":{"ZCTA5CE20":"34714"}},{"arcs":[[948,949,950,-619,951]],"type":"Polygon","properties":{"ZCTA5CE20":"33573"}},{"arcs":[[-12,952,-781,-44,953],[954]],"type":"Polygon","properties":{"ZCTA5CE20":"33604"}},{"arcs":[[955,-402,-768,-613,956,957]],"type":"Polygon","properties":{"ZCTA5CE20":"34689"}},{"arcs":[[958,959,960,961,-366,-299],[-62]],"type":"Polygon","properties":{"ZCTA5CE20":"34715"}},{"arcs":[[[-822,-403,-956,962]],[[963]],[[964]],[[965]]],"type":"MultiPolygon","properties":{"ZCTA5CE20":"34691"}},{"arcs":[[-54,966,967,968]],"type":"Polygon","properties":{"ZCTA5CE20":"34695"}},{"arcs":[[-627,-695,969,970,971,972,-646]],"type":"Polygon","properties":{"ZCTA5CE20":"33576"}},{"arcs":[[-352,-926,973,974,-839]],"type":"Polygon","properties":{"ZCTA5CE20":"34669"}},{"arcs":[[975,976]],"type":"Polygon","properties":{"ZCTA5CE20":"34681"}},{"arcs":[[-976,977,-957,-617,-943,978],[-941]],"type":"Polygon","properties":{"ZCTA5CE20":"34683"}},{"arcs":[[979,980,-50,-615,-767]],"type":"Polygon","properties":{"ZCTA5CE20":"34685"}},{"arcs":[[981,982,983,-419,984,-417,985,-683,-296,-441,-578]],"type":"Polygon","properties":{"ZCTA5CE20":"33585"}},{"arcs":[[[-397]],[[986,987,-318,-394]]],"type":"MultiPolygon","properties":{"ZCTA5CE20":"33596"}},{"arcs":[[988,989,-952,-618,990]],"type":"Polygon","properties":{"ZCTA5CE20":"33570"}},{"arcs":[[991,992,-949,-990,993]],"type":"Polygon","properties":{"ZCTA5CE20":"33572"}},{"arcs":[[-109,994,-107,995,-797,996,997,998,-175,-9,999]],"type":"Polygon","properties":{"ZCTA5CE20":"33613"}},{"arcs":[[-303]],"type":"Polygon","properties":{"ZCTA5CE20":"34753"}},{"arcs":[[1000,-763,-566,-160,-328,-220]],"type":"Polygon","properties":{"ZCTA5CE20":"34759"}},{"arcs":[[-229,1001,1002,1003]],"type":"Polygon","properties":{"ZCTA5CE20":"33615"}},{"arcs":[[-39,1004,1005,1006,-172]],"type":"Polygon","properties":{"ZCTA5CE20":"33776"}},{"arcs":[[-810,-661,1007,1008]],"type":"Polygon","properties":{"ZCTA5CE20":"33609"}},{"arcs":[[[-955]],[[-11,-176,-999,1009,-782,-953]]],"type":"MultiPolygon","properties":{"ZCTA5CE20":"33617"}},{"arcs":[[-485,1010,1011,1012,1013]],"type":"Polygon","properties":{"ZCTA5CE20":"33781"}},{"arcs":[[1014,1015,-520,1016,1017]],"type":"Polygon","properties":{"ZCTA5CE20":"33611"}},{"arcs":[[1018,1019,-563]],"type":"Polygon","properties":{"ZCTA5CE20":"34741"}},{"arcs":[[1020,1021,-680]],"type":"Polygon","properties":{"ZCTA5CE20":"34797"}},{"arcs":[[-743,-14,-859,-310,1022]],"type":"Polygon","properties":{"ZCTA5CE20":"33813"}},{"arcs":[[1023,1024,-888,1025]],"type":"Polygon","properties":{"ZCTA5CE20":"34207"}},{"arcs":[[1026,1027,1028,1029,1030,-308,1031]],"type":"Polygon","properties":{"ZCTA5CE20":"33815"}},{"arcs":[[-499,-390,1032,1033,1034,1035]],"type":"Polygon","properties":{"ZCTA5CE20":"33823"}},{"arcs":[[1036,1037,1038,-654,1039,1040,1041,-163]],"type":"Polygon","properties":{"ZCTA5CE20":"34773"}},{"arcs":[[-173,-1007,1042,1043,1044,1045,1046,1047],[1048]],"type":"Polygon","properties":{"ZCTA5CE20":"33708"}},{"arcs":[[1049,-1013,1050,1051,-1045]],"type":"Polygon","properties":{"ZCTA5CE20":"33709"}},{"arcs":[[1052,1053,-285,1054,-1024,1055]],"type":"Polygon","properties":{"ZCTA5CE20":"34205"}},{"arcs":[[-649,1056,1057,1058,-997,-796]],"type":"Polygon","properties":{"ZCTA5CE20":"33647"}},{"arcs":[[1059,1060,1061,1062,-1028,1063]],"type":"Polygon","properties":{"ZCTA5CE20":"33810"}},{"arcs":[[1064,1065,-769,1066,1067,-1038,1068,1069]],"type":"Polygon","properties":{"ZCTA5CE20":"34771"}},{"arcs":[[1070,1071,1072,-410,1073]],"type":"Polygon","properties":{"ZCTA5CE20":"33703"}},{"arcs":[[1074,1075,-1069,-1037,-162,-565]],"type":"Polygon","properties":{"ZCTA5CE20":"34772"}},{"arcs":[[-1008,-660,1076,-1015,1077]],"type":"Polygon","properties":{"ZCTA5CE20":"33629"}},{"arcs":[[-1031,1078,1079,-16,-742,-1023,-309],[-799]],"type":"Polygon","properties":{"ZCTA5CE20":"33803"}},{"arcs":[[1080,1081,-914,-890]],"type":"Polygon","properties":{"ZCTA5CE20":"34201"}},{"arcs":[[1082,-610,1083,-807,1084,-812,1085,-1003]],"type":"Polygon","properties":{"ZCTA5CE20":"33634"}},{"arcs":[[1086,-501,1087,-1062,1088]],"type":"Polygon","properties":{"ZCTA5CE20":"33809"}},{"arcs":[[-113,-23]],"type":"Polygon","properties":{"ZCTA5CE20":"33847"}},{"arcs":[[1089,-568,-762,-877]],"type":"Polygon","properties":{"ZCTA5CE20":"33848"}},{"arcs":[[1090,-1089,-1061,1091]],"type":"Polygon","properties":{"ZCTA5CE20":"33849"}},{"arcs":[[1092,-223,-354]],"type":"Polygon","properties":{"ZCTA5CE20":"33851"}},{"arcs":[[-88,-892,-913,-67,-908,-847]],"type":"Polygon","properties":{"ZCTA5CE20":"34232"}},{"arcs":[[1093,-893,-90,-846,-684,-73]],"type":"Polygon","properties":{"ZCTA5CE20":"34234"}},{"arcs":[[1094,-945,-827,-851,1095]],"type":"Polygon","properties":{"ZCTA5CE20":"33755"}},{"arcs":[[-879,-735,-878,-764,-1001,-219]],"type":"Polygon","properties":{"ZCTA5CE20":"33837"}},{"arcs":[[-267,1096,-1096,-850,-478,-600,1097,-58]],"type":"Polygon","properties":{"ZCTA5CE20":"33756"}},{"arcs":[[-857,1098,-334,1099,-332,1100,-115]],"type":"Polygon","properties":{"ZCTA5CE20":"33843"}},{"arcs":[[-1049]],"type":"Polygon","properties":{"ZCTA5CE20":"33744"}},{"arcs":[[-322,-860,-119,-910,1101,1102]],"type":"Polygon","properties":{"ZCTA5CE20":"33834"}},{"arcs":[[-1101,-331,1103,1104,-728,-874,-116]],"type":"Polygon","properties":{"ZCTA5CE20":"33825"}},{"arcs":[[-816,-414,1105,1106,1107]],"type":"Polygon","properties":{"ZCTA5CE20":"33711"}},{"arcs":[[-413,1108,1109,-1106]],"type":"Polygon","properties":{"ZCTA5CE20":"33712"}},{"arcs":[[1110,-584,1111,-257,1112,1113,-532,1114,-530,-636,-250]],"type":"Polygon","properties":{"ZCTA5CE20":"32784"}},{"arcs":[[[1115]],[[-832,1116,1117,-557,1118,1119]]],"type":"MultiPolygon","properties":{"ZCTA5CE20":"32779"}},{"arcs":[[-720,-344,1120,1121,1122,-800]],"type":"Polygon","properties":{"ZCTA5CE20":"32789"}},{"arcs":[[[-387]],[[-343,-384,1123,-668,1124,1125,1126,1127,1128,-1121]]],"type":"MultiPolygon","properties":{"ZCTA5CE20":"32792"}},{"arcs":[[-829,1129]],"type":"Polygon","properties":{"ZCTA5CE20":"32798"}},{"arcs":[[-802,1130,1131,-464]],"type":"Polygon","properties":{"ZCTA5CE20":"32801"}},{"arcs":[[-262,1132,1133,-1117,-831,1134]],"type":"Polygon","properties":{"ZCTA5CE20":"32776"}},{"arcs":[[-337,-855]],"type":"Polygon","properties":{"ZCTA5CE20":"33853"}},{"arcs":[[1135,1136,1137,-488]],"type":"Polygon","properties":{"ZCTA5CE20":"32831"}},{"arcs":[[-489,-1138,1138,-1067,-771,1139,1140,-774]],"type":"Polygon","properties":{"ZCTA5CE20":"32832"}},{"arcs":[[-427,1141,-983,1142]],"type":"Polygon","properties":{"ZCTA5CE20":"33521"}},{"arcs":[[1143,-205,1144,-1137,1145]],"type":"Polygon","properties":{"ZCTA5CE20":"32833"}},{"arcs":[[1146,1147,1148,-1019,-562,-291]],"type":"Polygon","properties":{"ZCTA5CE20":"32837"}},{"arcs":[[1149,-1126,1150,1151,1152,1153,1154,1155]],"type":"Polygon","properties":{"ZCTA5CE20":"32807"}},{"arcs":[[-667,1156,1157,1158,-1151,-1125]],"type":"Polygon","properties":{"ZCTA5CE20":"32817"}},{"arcs":[[1159,-1146,-1136,-487,1160,-1158]],"type":"Polygon","properties":{"ZCTA5CE20":"32828"}},{"arcs":[[1161,-467,-777,1162,-124],[-121]],"type":"Polygon","properties":{"ZCTA5CE20":"32811"}},{"arcs":[[1163,-1154,1164,-772,1165]],"type":"Polygon","properties":{"ZCTA5CE20":"32812"}},{"arcs":[[-1129,1166,-1127,-1150,1167,-1122]],"type":"Polygon","properties":{"ZCTA5CE20":"32814"}},{"arcs":[[[1168,-723,1169,-122,1170]],[[1171]]],"type":"MultiPolygon","properties":{"ZCTA5CE20":"32818"}},{"arcs":[[-1132,1172,-1155,-1164,1173,-778,-465]],"type":"Polygon","properties":{"ZCTA5CE20":"32806"}},{"arcs":[[-722,-803,-468,-1162,-123,-1170],[-717]],"type":"Polygon","properties":{"ZCTA5CE20":"32808"}},{"arcs":[[-779,-1174,-1166,-776,1174,1175]],"type":"Polygon","properties":{"ZCTA5CE20":"32809"}},{"arcs":[[1176,1177,-239,1178]],"type":"Polygon","properties":{"ZCTA5CE20":"32931"}},{"arcs":[[-157,1179,-1087,-1091,1180,1181,1182,-972,1183,-970,-694]],"type":"Polygon","properties":{"ZCTA5CE20":"33525"}},{"arcs":[[-523,1184,1185,1186,1187,-36,1188,-319,-988,1189]],"type":"Polygon","properties":{"ZCTA5CE20":"33527"}},{"arcs":[[1190,-992,1191]],"type":"Polygon","properties":{"ZCTA5CE20":"33534"}},{"arcs":[[1192,1193,-1181,-1092,-1060,1194,1195,1196]],"type":"Polygon","properties":{"ZCTA5CE20":"33540"}},{"arcs":[[1197,-1182,-1194,1198,-1197,1199,1200]],"type":"Polygon","properties":{"ZCTA5CE20":"33541"}},{"arcs":[[1201,-630,-798,-996,-106,-995,-108]],"type":"Polygon","properties":{"ZCTA5CE20":"33549"}},{"arcs":[[-1193,-1199]],"type":"Polygon","properties":{"ZCTA5CE20":"33542"}},{"arcs":[[1202,1203,1204,-514,1205]],"type":"Polygon","properties":{"ZCTA5CE20":"32903"}},{"arcs":[[1206,-516,1207,1208,1209]],"type":"Polygon","properties":{"ZCTA5CE20":"32905"}},{"arcs":[[1210,1211,1212,-538,1213,-1041]],"type":"Polygon","properties":{"ZCTA5CE20":"32940"}},{"arcs":[[-395,-326,1214,1215]],"type":"Polygon","properties":{"ZCTA5CE20":"33569"}},{"arcs":[[1216,-103,1217,-408,-504,1218,-187,-165]],"type":"Polygon","properties":{"ZCTA5CE20":"32966"}},{"arcs":[[-456,-432,-455,-588,-405,-1218,-102]],"type":"Polygon","properties":{"ZCTA5CE20":"32967"}},{"arcs":[[-1195,-1064,-1027,1219,1220,1221,-1186,1222]],"type":"Polygon","properties":{"ZCTA5CE20":"33565"}},{"arcs":[[1223,-1209,1224,-41,-28]],"type":"Polygon","properties":{"ZCTA5CE20":"32950"}},{"arcs":[[[1225]],[[1226,-713,1227,-260]]],"type":"MultiPolygon","properties":{"ZCTA5CE20":"32713"}},{"arcs":[[-1119,-561,1228,-339,-719,1229]],"type":"Polygon","properties":{"ZCTA5CE20":"32714"}},{"arcs":[[-560,-386,-736,-340,-1229]],"type":"Polygon","properties":{"ZCTA5CE20":"32701"}},{"arcs":[[1230,1231,1232,-1,-202,-714,1233,-436],[-269]],"type":"Polygon","properties":{"ZCTA5CE20":"32754"}},{"arcs":[[1234,-365,1235,-363,-558,-1118,-1134],[-1116]],"type":"Polygon","properties":{"ZCTA5CE20":"32746"}},{"arcs":[[-211,1236,-709,-1227,-259],[-1226]],"type":"Polygon","properties":{"ZCTA5CE20":"32763"}},{"arcs":[[-1113,-264,1237,1238,1239,1240]],"type":"Polygon","properties":{"ZCTA5CE20":"32726"}},{"arcs":[[-437,-1234,-716,-663,-359]],"type":"Polygon","properties":{"ZCTA5CE20":"32732"}},{"arcs":[[-261,-1228,-712,-438,-357,-1236,-364,-1235,-1133]],"type":"Polygon","properties":{"ZCTA5CE20":"32771"}},{"arcs":[[[-548]],[[-545,1241,-737,-787]]],"type":"MultiPolygon","properties":{"ZCTA5CE20":"32114"}},{"arcs":[[[1242]],[[1243,1244,-1053,1245,-235,1246]]],"type":"MultiPolygon","properties":{"ZCTA5CE20":"34209"}},{"arcs":[[-861]],"type":"Polygon","properties":{"ZCTA5CE20":"33835"}},{"arcs":[[-583,-806,-213,-258,-1112]],"type":"Polygon","properties":{"ZCTA5CE20":"32767"}},{"arcs":[[-791,1247,1248,-547,-790,1249,-862]],"type":"Polygon","properties":{"ZCTA5CE20":"32174"}},{"arcs":[[-1105,1250,-189,-133,-883,-573,-727,-571,-729],[-882]],"type":"Polygon","properties":{"ZCTA5CE20":"33870"}},{"arcs":[[-46,-786,1251,1252,-658,1253]],"type":"Polygon","properties":{"ZCTA5CE20":"33605"}},{"arcs":[[-840,-975,1254,-916,-820,1255]],"type":"Polygon","properties":{"ZCTA5CE20":"34668"}},{"arcs":[[1256,-129,1257,-248,-906,-595]],"type":"Polygon","properties":{"ZCTA5CE20":"34488"}},{"arcs":[[-246,1258,1259,1260]],"type":"Polygon","properties":{"ZCTA5CE20":"34433"}},{"arcs":[[-168,-329]],"type":"Polygon","properties":{"ZCTA5CE20":"33867"}},{"arcs":[[1262,1263,-640,-738,-1242,-544]],"type":"Polygon","properties":{"ZCTA5CE20":"32118"}},{"arcs":[[-788,-740,1264,-644,-744,1265]],"type":"Polygon","properties":{"ZCTA5CE20":"32128"}},{"arcs":[[-927,-631,-1202,-112,-607,1266,1267]],"type":"Polygon","properties":{"ZCTA5CE20":"33558"}},{"arcs":[[[1268]],[[-535,1269,-1239,1270,1271,1272,1273]]],"type":"MultiPolygon","properties":{"ZCTA5CE20":"32778"}},{"arcs":[[[-518]],[[-1214,-540,1274,-517,-1207,1275,-288,-32,-104,-1217,-164,-1042]]],"type":"MultiPolygon","properties":{"ZCTA5CE20":"32904"}},{"arcs":[[-715,-206,-1144,1276]],"type":"Polygon","properties":{"ZCTA5CE20":"32820"}},{"arcs":[[-412,1277,-178,1278,-1109]],"type":"Polygon","properties":{"ZCTA5CE20":"33705"}},{"arcs":[[1279,-1247,-237,1280,-71,1281,1282]],"type":"Polygon","properties":{"ZCTA5CE20":"34217"}},{"arcs":[[-973,-1183,-1198,1283,-647]],"type":"Polygon","properties":{"ZCTA5CE20":"33545"}},{"arcs":[[1284,-1102,-909,-875,-690,-895]],"type":"Polygon","properties":{"ZCTA5CE20":"33865"}},{"arcs":[[-681,-1022,1285,-1273,1286,-959,-298,-83]],"type":"Polygon","properties":{"ZCTA5CE20":"34737"}},{"arcs":[[-1283,1287]],"type":"Polygon","properties":{"ZCTA5CE20":"34216"}},{"arcs":[[-666,1288]],"type":"Polygon","properties":{"ZCTA5CE20":"32816"}},{"arcs":[[-18,1289]],"type":"Polygon","properties":{"ZCTA5CE20":"33839"}},{"arcs":[[1290,-1171,-307,1291,-271,1292,-276],[1293],[-1172]],"type":"Polygon","properties":{"ZCTA5CE20":"34761"}},{"arcs":[[[-507,1294,-78,-423]],[[-1142,-426,-425,-682,-986,-416,-985,-420,-984],[-418]]],"type":"MultiPolygon","properties":{"ZCTA5CE20":"32163"}},{"arcs":[[-279,-445,-293,-569,-1090,-876,-865,-947]],"type":"Polygon","properties":{"ZCTA5CE20":"34747"}},{"arcs":[[-125,-1163,-780,-1176,-1147,-290,-447,1295]],"type":"Polygon","properties":{"ZCTA5CE20":"32819"}},{"arcs":[[1296,-930,-372,-936,1297,-1260]],"type":"Polygon","properties":{"ZCTA5CE20":"34465"}},{"arcs":[[-95,-904,-870,-428,-1143,-982,-577,-699,-923,1298]],"type":"Polygon","properties":{"ZCTA5CE20":"33538"}},{"arcs":[[1299,-1034,1300,-671,-19,-1290,-17,-1080]],"type":"Polygon","properties":{"ZCTA5CE20":"33880"}},{"arcs":[[-653,-233,1301,-1211,-1040]],"type":"Polygon","properties":{"ZCTA5CE20":"32955"}},{"arcs":[[1302,-637,-529,1303,-505]],"type":"Polygon","properties":{"ZCTA5CE20":"32159"}},{"arcs":[[-1272,1304,-835,1305,1306,-960,-1287]],"type":"Polygon","properties":{"ZCTA5CE20":"34705"}},{"arcs":[[-524,-1190,-987,-393,1307]],"type":"Polygon","properties":{"ZCTA5CE20":"33594"}},{"arcs":[[[1308]],[[-991,-623,1309,-182,-281,-1054,-1245,1310],[-404]]],"type":"MultiPolygon","properties":{"ZCTA5CE20":"34221"}},{"arcs":[[-1293,-270,-1292,-306,-126,-1296,-446,-443,-277]],"type":"Polygon","properties":{"ZCTA5CE20":"34786"}},{"arcs":[[-758,-898,-912,-1082,1311]],"type":"Polygon","properties":{"ZCTA5CE20":"34202"}},{"arcs":[[-35,-1188,1312,-312,-858,-320,-1189]],"type":"Polygon","properties":{"ZCTA5CE20":"33567"}},{"arcs":[[1313,-527,-783,-1010,-998,-1059]],"type":"Polygon","properties":{"ZCTA5CE20":"33637"}},{"arcs":[[-902,-255,1314,-675]],"type":"Polygon","properties":{"ZCTA5CE20":"34420"}},{"arcs":[[-146,-247,-1261,-1298,-935,1315]],"type":"Polygon","properties":{"ZCTA5CE20":"34428"}},{"arcs":[[-1219,-503,1316,-316,-556,-190,-612,-183,-188]],"type":"Polygon","properties":{"ZCTA5CE20":"34945"}},{"arcs":[[-1184,-971]],"type":"Polygon","properties":{"ZCTA5CE20":"33574"}},{"arcs":[[-1221,1317]],"type":"Polygon","properties":{"ZCTA5CE20":"33563"}},{"arcs":[[1318,-241,1319,-1203,1320,-1212]],"type":"Polygon","properties":{"ZCTA5CE20":"32937"}},{"arcs":[[1321,-4,1322]],"type":"Polygon","properties":{"ZCTA5CE20":"32899"}},{"arcs":[[-745,-542,-732,1323,-1231,-435]],"type":"Polygon","properties":{"ZCTA5CE20":"32759"}},{"arcs":[[-59,-1098,-604,1324,-37,-171],[-606]],"type":"Polygon","properties":{"ZCTA5CE20":"33770"}},{"arcs":[[[-1294]],[[-834,-76,-833,-1120,-1230,-718,-1169,-1291,-275,1325,-1306]]],"type":"MultiPolygon","properties":{"ZCTA5CE20":"32703"}},{"arcs":[[-1238,-263,-1135,-830,-1130,-836,-1305,-1271],[-1269]],"type":"Polygon","properties":{"ZCTA5CE20":"32757"}},{"arcs":[[1326,-1267,-611,-1083,-1002,-228,1327]],"type":"Polygon","properties":{"ZCTA5CE20":"33625"}},{"arcs":[[[-1114,-1241,1328,-533]],[[-1115,-531]]],"type":"MultiPolygon","properties":{"ZCTA5CE20":"32735"}},{"arcs":[[1329,-651,-6],[-105]],"type":"Polygon","properties":{"ZCTA5CE20":"32927"}},{"arcs":[[-609,1330,-954,-49,-808,-1084]],"type":"Polygon","properties":{"ZCTA5CE20":"33614"}},{"arcs":[[-843,-479,-1014,-1050,-1044,1331],[-842]],"type":"Polygon","properties":{"ZCTA5CE20":"33777"}},{"arcs":[[-552,-452,-462,-750,-837,-510,1332]],"type":"Polygon","properties":{"ZCTA5CE20":"34607"}},{"arcs":[[-361,-662,-1124,-383,-559]],"type":"Polygon","properties":{"ZCTA5CE20":"32708"}},{"arcs":[[-43,1333,-453,-100,-30]],"type":"Polygon","properties":{"ZCTA5CE20":"32976"}},{"arcs":[[-484,-703,1334,-1071,1335,-1011]],"type":"Polygon","properties":{"ZCTA5CE20":"33702"}},{"arcs":[[-825,1336,-968,1337,-474,-849]],"type":"Polygon","properties":{"ZCTA5CE20":"33759"}},{"arcs":[[1338,1339]],"type":"Polygon","properties":{"ZCTA5CE20":"34743"}},{"arcs":[[-739,-645,-1265]],"type":"Polygon","properties":{"ZCTA5CE20":"32129"}},{"arcs":[[-199,-431,-314,-1317,-502]],"type":"Polygon","properties":{"ZCTA5CE20":"34951"}},{"arcs":[[-856,-335,-1099]],"type":"Polygon","properties":{"ZCTA5CE20":"33827"}},{"arcs":[[-1073,1340,-179,-1278,-411]],"type":"Polygon","properties":{"ZCTA5CE20":"33704"}},{"arcs":[[-1047,1341,-818,1342,1343]],"type":"Polygon","properties":{"ZCTA5CE20":"33706"}},{"arcs":[[-933,-96,-1299,-922,1344,1345,-374]],"type":"Polygon","properties":{"ZCTA5CE20":"34453"}},{"arcs":[[-974,-929,1346,-919,-917,-1255]],"type":"Polygon","properties":{"ZCTA5CE20":"34654"}},{"arcs":[[1347,-396,-1216,1348,-950,-993,-1191,1349]],"type":"Polygon","properties":{"ZCTA5CE20":"33578"}},{"arcs":[[-47,-1254,-657,-809]],"type":"Polygon","properties":{"ZCTA5CE20":"33602"}},{"arcs":[[-1052,1350,-415,-815,-1342,-1046]],"type":"Polygon","properties":{"ZCTA5CE20":"33710"}},{"arcs":[[-1310,-622,-323,-1103,-1285,-900,1351,-180]],"type":"Polygon","properties":{"ZCTA5CE20":"34219"}},{"arcs":[[-1175,-775,-1141,1352,-1339,-1148]],"type":"Polygon","properties":{"ZCTA5CE20":"32824"}},{"arcs":[[-1289,-665,-1277,-1160,-1157]],"type":"Polygon","properties":{"ZCTA5CE20":"32826"}},{"arcs":[[-1012,-1336,-1074,-409,-1351,-1051]],"type":"Polygon","properties":{"ZCTA5CE20":"33714"}},{"arcs":[[-38,-1325,-603,-845,1353,-1005]],"type":"Polygon","properties":{"ZCTA5CE20":"33778"}},{"arcs":[[-616,-55,-969,-1337,-824,-944],[-823]],"type":"Polygon","properties":{"ZCTA5CE20":"33761"}},{"arcs":[[-1006,-1354,-844,-1332,-1043]],"type":"Polygon","properties":{"ZCTA5CE20":"33772"}},{"arcs":[[-1201,1354,-1057,-648,-1284]],"type":"Polygon","properties":{"ZCTA5CE20":"33543"}},{"arcs":[[[-1167,-1128]],[[-801,-1123,-1168,-1156,-1173,-1131]]],"type":"MultiPolygon","properties":{"ZCTA5CE20":"32803"}},{"arcs":[[-920,-1347,-928,-1268,-1327,1355,-980,-766]],"type":"Polygon","properties":{"ZCTA5CE20":"33556"}},{"arcs":[[-333,-1100]],"type":"Polygon","properties":{"ZCTA5CE20":"33855"}},{"arcs":[[1356,-1263,-1249,-1262]],"type":"Polygon","properties":{"ZCTA5CE20":"32176"}},{"arcs":[[-1205,1357,-585,-1334,-42,-1225,-1208,-515]],"type":"Polygon","properties":{"ZCTA5CE20":"32951"}},{"arcs":[[1358,1359,-1070,-1076]],"type":"Polygon","properties":{"ZCTA5CE20":"34769"}},{"arcs":[[1360,-1035,-1300,-1079,-1030]],"type":"Polygon","properties":{"ZCTA5CE20":"33801"}},{"arcs":[[-1343,-817,-1108,1361]],"type":"Polygon","properties":{"ZCTA5CE20":"33715"}},{"arcs":[[-1017,-519,1362]],"type":"Polygon","properties":{"ZCTA5CE20":"33616"}},{"arcs":[[-110,-1000,-13,-1331,-608]],"type":"Polygon","properties":{"ZCTA5CE20":"33618"}},{"arcs":[[1363,-273,-367,-962]],"type":"Polygon","properties":{"ZCTA5CE20":"34756"}},{"arcs":[[-98,-932,-142,-931,-1297,-1259]],"type":"Polygon","properties":{"ZCTA5CE20":"34434"}},{"arcs":[[1364,-784,-525,-1308,-392]],"type":"Polygon","properties":{"ZCTA5CE20":"33510"}},{"arcs":[[-459,-793,-347,-939]],"type":"Polygon","properties":{"ZCTA5CE20":"34609"}},{"arcs":[[-1322,1365,1366,-231,-652,-1330,-5]],"type":"Polygon","properties":{"ZCTA5CE20":"32953"}},{"arcs":[[-1349,-1215,-325,-621,-243,-620,-951]],"type":"Polygon","properties":{"ZCTA5CE20":"33579"}},{"arcs":[[-1246,-1056,-1026,-894,-1094,-72,-1281,-236],[-1243]],"type":"Polygon","properties":{"ZCTA5CE20":"34210"}},{"arcs":[[-1033,-389,-224,-1093,-356,-669,-1301]],"type":"Polygon","properties":{"ZCTA5CE20":"33881"}},{"arcs":[[-676,-1315,-254,-638,-1303,-509,-869,-903]],"type":"Polygon","properties":{"ZCTA5CE20":"34491"}},{"arcs":[[-1222,-1318,-1220,-1032,-313,-1313,-1187]],"type":"Polygon","properties":{"ZCTA5CE20":"33566"}},{"arcs":[[-1153,1367,-491,-773,-1165]],"type":"Polygon","properties":{"ZCTA5CE20":"32822"}},{"arcs":[[-1250,-789,-1266,-747,-814,-216,-710,-1237,-210,-209,-863]],"type":"Polygon","properties":{"ZCTA5CE20":"32724"}},{"arcs":[[-1355,-1200,-1196,-1223,-1185,-522,-1314,-1058]],"type":"Polygon","properties":{"ZCTA5CE20":"33592"}},{"arcs":[[-457,-450,1368,-700,-580,-152,-934,-794]],"type":"Polygon","properties":{"ZCTA5CE20":"34601"}},{"arcs":[[-785,-1365,-391,-1348,1369,-1252]],"type":"Polygon","properties":{"ZCTA5CE20":"33619"}},{"arcs":[[-1020,-1149,-1340,-1353,-1140,-770,-1066,1370,-1359,-1075,-564]],"type":"Polygon","properties":{"ZCTA5CE20":"34744"}},{"arcs":[[-1088,-500,-1036,-1361,-1029,-1063]],"type":"Polygon","properties":{"ZCTA5CE20":"33805"}},{"arcs":[[1371,-1345,-924,-921,-701,-1369,-915,-376]],"type":"Polygon","properties":{"ZCTA5CE20":"34452"}},{"arcs":[[-1356,-1328,-227,-51,-981]],"type":"Polygon","properties":{"ZCTA5CE20":"33626"}},{"arcs":[[-1304,-537,-79,-1295,-506]],"type":"Polygon","properties":{"ZCTA5CE20":"34731"}},{"arcs":[[-1213,-1321,-1206,-513,-1275,-539]],"type":"Polygon","properties":{"ZCTA5CE20":"32935"}},{"arcs":[[-1352,-899,-760,-282]],"type":"Polygon","properties":{"ZCTA5CE20":"34212"}},{"arcs":[[1372,-2,-1233]],"type":"Polygon","properties":{"ZCTA5CE20":"32796"}},{"arcs":[[-1367,1373,1374,-1179,-242,-1319,-1302,-232]],"type":"Polygon","properties":{"ZCTA5CE20":"32952"}},{"arcs":[[[-708]],[[1375,-704,-482,-706]]],"type":"MultiPolygon","properties":{"ZCTA5CE20":"33762"}},{"arcs":[[-1159,-1161,-486,-1368,-1152]],"type":"Polygon","properties":{"ZCTA5CE20":"32825"}},{"arcs":[[-1055,-284,-759,-1312,-1081,-889,-1025]],"type":"Polygon","properties":{"ZCTA5CE20":"34203"}},{"arcs":[[-1210,-1224,-27,-287,-1276]],"type":"Polygon","properties":{"ZCTA5CE20":"32907"}},{"arcs":[[1376,-1177,-1375]],"type":"Polygon","properties":{"ZCTA5CE20":"32920"}}]}}}