{"type":"Topology","transform":{"scale":[0.0003225274165274166,8.571496299999999e-05],"translate":[-176.696676,-14.37374]},"arcs":[[[323960,661124],[129,39],[-4,-44],[-1,-29],[18,-2],[10,6],[0,-41],[52,33],[-2,-164],[33,46]],[[324195,660968],[54,-27],[-23,-179],[36,-129],[-12,-110],[18,-51]],[[324268,660472],[-4,-63],[-19,-26],[-2,-115],[-1,-82],[-7,7],[-8,20],[-16,57],[-39,-278],[8,-209],[-23,23],[12,-183]],[[324169,659623],[-7,19],[-12,3],[-5,-5],[-14,13],[-8,22],[-14,-4],[-57,-28],[-69,139],[7,11],[5,22],[16,231],[15,-7],[2,55],[3,29],[10,22],[14,74],[5,24],[22,44],[5,28],[11,0],[10,-45],[-16,98],[-10,52],[-7,15],[-11,-18],[-1,20],[-5,44],[-2,60],[-2,11],[-2,7],[-3,20],[-2,42],[-88,-1]],[[323959,660620],[0,51],[-16,6],[-1,41],[-3,99],[-1,23],[16,-4],[2,150],[15,30],[10,43],[2,27],[-23,38]],[[326258,669396],[3,-4],[2,-2],[2,-2],[11,5],[1,-13],[-4,-2],[5,-63],[6,2],[0,-5],[2,1],[3,-15],[-4,-1],[1,-17],[4,0],[0,-35]],[[326290,669245],[0,-38],[0,-26],[-5,0],[-4,0],[0,-26],[-3,0],[0,-18],[3,-8],[-3,-9],[2,-71],[-2,-1],[-4,0],[-5,-2],[-8,-3],[-4,2],[-1,1],[-5,7]],[[326251,669053],[6,39],[2,17],[2,48],[-3,26],[-3,16],[3,88],[0,30],[-13,38],[0,14],[13,27]],[[326510,664104],[27,41],[32,50],[5,6],[42,40],[4,5],[20,18],[43,-33]],[[326683,664231],[-2,-8],[26,-48],[16,-22],[16,-53],[-12,-79],[12,-41],[17,-62],[5,-9],[-1,-37],[8,-7],[1,-2]],[[326769,663863],[-1,-32],[-5,-45],[0,-24]],[[326763,663762],[-1,-36],[2,-34],[-1,-6],[-6,-10],[-17,-48],[-8,-24],[-3,-26],[0,-28]],[[326729,663550],[-112,6],[-50,9],[-47,9]],[[326520,663574],[-20,27],[-20,227],[-5,91]],[[326475,663919],[2,1],[12,15],[32,38],[-11,131]],[[323341,654953],[91,-20],[13,7],[68,32],[5,-15],[76,-316]],[[323594,654641],[-2,-16],[-15,-70],[-26,-106],[-25,-122],[-18,-121]],[[323508,654206],[-99,-40],[-32,-14],[-42,221],[-5,32],[-5,22],[-11,54],[-8,61]],[[323306,654542],[0,20],[4,1],[6,0],[46,22],[-5,56],[0,44],[-16,268]],[[322976,661205],[11,20],[10,-11],[34,39],[11,10],[8,-11],[11,-3],[5,12],[3,-13],[14,-33],[18,28],[14,7],[14,21],[45,11]],[[323174,661282],[17,-305],[12,-202],[16,-301],[8,-134]],[[323227,660340],[-54,-23],[-43,-17],[-61,-26],[-81,-34]],[[324986,669738],[291,67]],[[325277,669805],[16,-221],[48,34],[7,-98]],[[325348,669520],[48,-647],[-41,-23]],[[325355,668850],[-146,-73]],[[325209,668777],[-10,-5],[-12,80],[-19,-11],[-5,100],[21,12],[-3,40],[-157,-62],[-17,284]],[[325007,669215],[-9,145],[-13,-3],[-3,44],[-11,-3],[-3,85],[9,-10],[4,4],[5,-15],[10,-5],[0,29],[12,4],[-3,61],[-7,-3],[-12,190]],[[324981,658574],[15,19],[7,8],[24,30],[9,11],[71,89],[33,40]],[[325140,658771],[40,-407],[3,-27],[36,-373]],[[325219,657964],[-81,3],[-9,0],[-25,1],[-12,0],[-24,1]],[[325068,657969],[-22,1],[-17,0],[-17,1],[-19,0],[-16,1],[-4,0]],[[324973,657972],[-4,11],[-6,36],[-1,45],[-6,39],[1,24],[5,50],[1,15],[3,33],[-4,38],[1,18],[11,-1],[10,13],[-1,7],[1,36],[1,31],[-7,7],[1,36],[1,12],[8,26],[1,11],[-1,11],[0,14],[-7,90]],[[325215,660722],[3,9],[2,50],[1,13],[2,3],[7,-3],[1,20],[-3,1],[2,21],[-3,1],[1,18],[6,-1]],[[325234,660854],[10,3],[-1,-13],[5,6],[6,-26],[0,-17],[-8,4],[1,-13]],[[325247,660798],[2,-35],[-5,-5],[1,-18],[-5,-16],[-1,-1],[-4,-15],[-1,-17]],[[325234,660691],[-5,-5],[-2,4],[-8,-19],[5,-14],[3,-20],[-2,0],[0,-7],[-9,-1],[-1,7],[-5,2],[2,12],[1,8],[-8,-21],[-4,14],[-7,18],[3,5],[2,4],[0,-2],[5,-14],[2,0],[3,9],[-6,15],[8,15],[2,4],[3,-13],[1,1],[3,16],[-3,8],[-2,5]],[[323936,666914],[69,-4],[-3,49],[32,3],[-3,77],[58,-5],[6,-1],[-4,113],[14,1],[97,-1]],[[324202,667146],[9,-194],[119,-8]],[[324330,666944],[39,-899]],[[324369,666045],[-8,1],[-25,2],[-67,8]],[[324269,666056],[-42,5],[-5,0],[-60,6],[-180,17]],[[323982,666084],[-46,830]],[[327535,654829],[30,-21],[13,14],[9,4],[6,9],[9,1],[17,11],[6,12],[4,-13],[18,18],[-3,29],[8,23],[4,3],[-2,8],[-8,39],[8,-8],[6,3],[21,-14],[2,23],[11,22],[-9,59],[0,26],[-4,11],[0,15],[-6,5],[-5,18]],[[327670,655126],[81,36],[85,37],[23,11],[16,7],[55,24],[26,12]],[[327956,655253],[46,-323]],[[328002,654930],[-60,-55],[3,-26],[3,-9],[7,-12],[-26,-47]],[[327929,654781],[-38,-71],[-46,-83],[-22,-38],[-2,-4]],[[327821,654585],[-24,-44],[-1,2],[-8,-18],[-54,-97],[-57,-102],[-1,-2],[-79,113],[-26,31]],[[327571,654468],[-4,18],[-1,74],[-2,64],[-8,32],[-1,21],[-3,12],[-5,39],[-2,27],[-5,28],[-2,25],[-3,21]],[[323046,655592],[1,12],[2,39],[4,72],[2,32],[10,195],[8,120]],[[323073,656062],[4,63],[3,2],[6,15],[-1,-12],[15,6],[9,4],[48,24],[16,7],[2,1],[11,7],[29,13],[40,18],[31,15]],[[323286,656225],[2,-44],[2,-40],[2,-59],[3,-82],[2,-58],[2,-85],[7,-204]],[[323306,655653],[1,-15],[7,-202],[0,-4]],[[323314,655432],[-6,-5],[-3,0],[-23,-15],[-31,-15],[-30,-17],[-19,-8],[-56,-37],[-1,0]],[[323145,655335],[0,10],[-8,162],[-29,-9],[-6,-6],[-14,-4],[-33,-14],[-15,-6],[3,68],[3,56]],[[325951,657675],[-1,-4]],[[325950,657671],[-2,7],[-12,-11],[-17,11],[7,-34],[-3,-5],[-10,27],[5,12],[-2,2],[-2,-3],[-15,-49],[-16,0],[-7,-6],[-4,10],[-3,-6],[0,-3],[-1,0],[2,11],[13,5],[1,28],[-6,16],[11,22],[1,-49],[8,14],[1,-8],[13,31],[3,-5],[3,4],[6,8],[12,-10],[1,10],[-2,-1],[-3,3],[0,5],[6,1],[4,-5],[0,-10],[-5,4],[0,-7],[10,-5],[4,-10]],[[326531,657908],[93,100],[13,13],[26,29],[10,10],[35,38],[15,15],[12,13],[5,6],[27,28],[1,1],[2,2],[47,51]],[[326817,658214],[2,-175],[1,-182]],[[326820,657857],[-48,-68],[-72,-105],[-37,-53],[-12,-18],[-54,-77],[-3,-5],[-10,-14],[-32,-2],[-11,0],[-10,-1]],[[326531,657514],[0,175],[0,219]],[[326046,654557],[-4,-10],[-5,-7]],[[326037,654540],[-16,0],[-4,12],[-4,-10],[-4,-4]],[[326009,654538],[-2,13],[4,31],[-11,3],[-1,11],[16,-12],[-2,28],[8,7],[8,22],[4,-61],[9,6],[4,-29]],[[327308,670085],[28,219],[103,3],[49,1],[8,38]],[[327496,670346],[-1,-38],[180,4]],[[327675,670312],[-2,-264],[0,-79]],[[327673,669969],[-2,-218]],[[327671,669751],[9,-158],[-215,6]],[[327465,669599],[-109,2],[-86,1],[-22,1]],[[327248,669603],[1,8],[1,16],[4,36],[8,58],[15,120],[31,244]],[[325348,669520],[349,199],[5,2]],[[325702,669721],[16,-27],[5,-27],[4,-2],[-1,-11],[5,-15],[11,3],[9,-5],[4,-14],[7,-85],[18,-221],[22,-320]],[[325802,668997],[6,-92],[3,-61],[1,-26],[9,-166]],[[325821,668652],[-95,-50]],[[325726,668602],[-298,-153]],[[325428,668449],[-10,117],[-10,133],[-20,53],[-33,98]],[[324268,660472],[38,-91],[64,3],[10,12],[7,0]],[[324387,660396],[-1,-20],[-2,-13],[-1,-25],[4,-56],[-4,-22],[-8,-19],[0,-22],[-6,-27],[5,-11],[52,-124],[-1,-4],[-30,-208],[1,-28],[-8,-23],[-5,-45],[2,-23],[5,-22],[1,-18],[-2,-23]],[[324389,659663],[-16,-8],[-37,-17],[8,-148],[-17,-9]],[[324327,659481],[-51,-24],[-9,150],[-72,-31]],[[324195,659576],[-22,-9]],[[324173,659567],[-4,56]],[[330510,653952],[25,-20],[5,8],[3,-8],[5,10],[7,14],[13,-21],[2,-4],[0,8],[2,22],[2,-28],[9,-40],[16,2],[0,20],[0,19],[7,-1],[0,8],[5,-1],[9,9],[6,-7],[7,23],[8,-8],[8,4],[4,6],[-2,-44],[7,-7],[2,-1],[5,12],[5,0],[-1,-8],[-1,-17],[6,13],[4,6],[3,-22],[14,-4],[-11,-43],[15,12]],[[330699,653864],[-3,-26],[2,-29]],[[330698,653809],[-9,-1],[-47,-30],[-20,-4],[-8,-17],[-2,-4],[-1,-4],[-27,16],[-5,3],[-33,-11],[-8,-2],[-12,-12],[-12,-12]],[[330514,653731],[-7,52],[-1,46],[8,7],[-4,0],[-6,-4],[0,26],[6,34],[0,60]],[[324834,657984],[-10,-15],[-8,-33],[-3,0],[-4,0],[-8,-13],[-1,-7],[-1,-8],[-6,13],[-12,-31],[4,-39],[5,-20],[4,-27],[-14,-20],[-19,8],[-13,-5]],[[324748,657787],[-20,208]],[[324728,657995],[14,-2],[1,0],[18,-2],[18,-1],[27,-3],[28,-3]],[[326491,656494],[8,8],[5,12],[6,6],[6,-2],[14,-30]],[[326530,656488],[0,-39],[0,-7],[1,1]],[[326531,656443],[-1,-6],[-4,-33],[9,-23],[-3,-45],[-13,-7],[-4,-2],[-5,-2],[-7,-4],[-1,2],[-2,-3],[-2,-3],[-1,2],[-8,-4],[-27,-14]],[[326462,656301],[-2,19],[-4,53],[-4,54],[7,34],[0,0],[23,23],[9,10]],[[327420,662055],[3,0],[3,-1],[9,-3],[7,-6],[2,-2],[5,8],[11,-4],[3,5],[0,0],[15,0],[6,-17],[4,8]],[[327488,662043],[1,-7],[6,-3],[11,-7],[9,-33]],[[327515,661993],[-17,1],[-3,-12],[0,-1],[-3,-10]],[[327492,661971],[-7,17],[-9,-33],[-4,2],[0,8],[-4,11],[-6,2],[-1,-7],[-13,6],[-7,-5],[-1,-6],[-3,5],[-1,-12]],[[327436,661959],[-5,-4],[-2,7],[-2,5],[-1,11],[0,0],[-1,4],[-1,1],[-1,-2],[-3,10],[-2,7],[-2,6],[-3,7],[5,29],[3,-1],[0,4],[-1,12]],[[327772,659269],[12,18],[20,30],[50,74],[18,26],[25,37]],[[327897,659454],[13,-177],[6,-91],[10,-138],[12,-46],[15,-62],[21,-83]],[[327974,658857],[-33,-24],[-13,-8],[-44,-30],[-5,-3],[-11,-10],[-27,-26],[-51,-47]],[[327790,658709],[1,6],[-2,17],[1,58],[1,4],[0,17],[-5,51],[0,24],[-4,25],[2,9],[-2,26],[-8,17],[-1,23],[7,25],[-1,8],[-61,-28],[-3,57],[-1,0],[-7,116]],[[327707,659164],[1,1],[-1,9],[65,95]],[[327239,655233],[62,7],[7,1],[0,4],[17,6],[0,-2],[2,1],[1,-1],[2,1],[13,0]],[[327343,655250],[16,-142]],[[327359,655108],[-9,-59],[-21,-82]],[[327329,654967],[-16,-80],[-6,-28],[-2,-66],[0,-28],[-21,-101],[-6,-25],[-20,-76],[-7,-26],[-19,-71]],[[327232,654466],[-15,42],[-1,3],[-26,33],[-10,19],[-45,97]],[[327135,654660],[-4,33],[-8,17],[14,-5],[40,-24],[34,-21],[18,-11],[2,129],[3,140],[1,70],[0,38],[1,70],[3,137]],[[326184,666603],[11,48],[8,7],[1,-17],[-4,-11],[3,-45],[9,-34],[22,3],[3,10],[-3,19],[3,16],[5,1],[5,-19],[14,-6],[3,8],[3,14],[7,2],[17,-11],[13,0],[-4,34],[3,16],[13,-13],[16,4]],[[326332,666629],[6,-22],[0,-14],[1,-12],[10,-61],[2,-29],[0,-9],[-5,-65],[0,-17],[2,-18],[1,-11],[3,-57],[5,-27],[9,-37],[2,-36],[-7,-34],[-6,-46],[5,-125],[-1,-25],[3,-60],[6,-33],[5,-35]],[[326373,665856],[-52,4]],[[326321,665860],[-5,41],[1,48],[-1,0],[4,129],[-2,45],[-1,30],[-5,37],[-6,39],[-5,16],[-7,10],[-8,5],[-24,-20],[-7,-1],[0,2],[-5,3],[-4,5],[-35,66],[-12,27],[-8,31],[-3,16],[-1,14],[-1,22],[-2,178]],[[327545,672735],[25,-66],[80,-187]],[[327650,672482],[39,-93],[41,-98],[3,-10],[3,-9],[25,-54],[99,-229]],[[327860,671989],[-27,-116]],[[327833,671873],[-28,-124],[-85,-382]],[[327720,671367],[-36,-165],[9,-3],[3,7],[2,-45],[-4,-66],[-31,14],[-15,-68],[-17,-77]],[[327631,670964],[-183,426],[-104,241],[-23,49]],[[327321,671680],[-4,9],[-18,41]],[[327299,671730],[8,30],[84,347],[43,173],[0,2],[111,453]],[[328196,660727],[12,6],[5,25],[9,18],[28,-3],[4,3]],[[328254,660776],[8,-8],[16,5],[4,-3],[15,-13],[2,-22],[8,-4],[6,-19],[5,-4],[8,6],[2,-3],[1,-20],[6,-13],[10,3],[5,-22],[2,-10],[-3,-14],[1,0],[2,2],[1,1],[3,19],[5,6],[4,-6],[4,-6],[6,-36],[1,-3],[6,-23],[9,1]],[[328391,660590],[-10,-28],[-6,-44],[-7,-28],[3,-7],[14,11],[1,-12],[-1,-4],[0,-3],[-1,-7],[1,-3],[-1,-2],[6,-16],[-21,-45],[2,-41],[8,4],[2,-41],[-13,-5],[0,-31],[-7,-15],[-18,-39],[-79,-172],[-14,-31]],[[328250,660031],[-43,144],[-25,201],[-14,108],[2,2],[4,4],[21,25],[11,12],[0,14],[-25,33],[3,16],[-2,37],[5,26],[5,46],[3,20],[1,8]],[[324721,656375],[10,2],[0,-47],[-7,-2],[0,15],[-4,8],[1,24]],[[324352,654170],[0,32],[4,20],[0,14],[3,2],[1,-68],[1,1]],[[324361,654171],[-3,-12],[-4,-56]],[[324354,654103],[-12,-11],[11,37],[-1,41]],[[324235,654276],[13,-12],[22,7],[28,5],[1,-38],[18,-3],[5,-51],[17,-5],[0,-10],[13,1]],[[324352,654170],[-50,-91],[-19,-18],[-8,-58],[0,25],[-10,55],[2,45],[-2,33],[-27,-2],[-3,117]],[[324394,653648],[2,-11],[8,-4],[12,-36],[-2,-36],[4,7],[8,5],[-11,-49],[-4,5],[-3,-32],[-8,23],[-11,31],[-15,86],[3,21],[17,-10]],[[326246,663524],[12,14],[62,70],[17,19],[27,149],[1,4],[1,4],[19,74]],[[326385,663858],[15,-31],[23,28],[52,64]],[[326520,663574],[-2,-12],[-4,-21],[-11,-13],[-7,-7],[10,-22],[-14,-34],[-18,-26],[6,-10],[13,-10],[-45,-247],[-1,-6],[-20,-112],[-7,-42],[-1,-4],[-40,-222]],[[326379,662786],[-15,22],[-54,80],[-3,6],[-33,48]],[[326274,662942],[-73,109],[-33,48]],[[326168,663099],[20,111],[31,170],[18,96],[8,43],[1,5]],[[326373,663761],[1,-11],[1,-11],[5,-20],[8,24],[4,30],[-2,5],[3,16],[-11,25],[-8,-7],[-5,-37],[4,-14]],[[327158,668894],[92,-8]],[[327250,668886],[6,-493],[1,-98],[3,-134]],[[327260,668161],[-12,2],[-1,-4],[-1,-2],[-3,6],[-1,2],[-14,3]],[[327228,668168],[-21,5],[-3,4],[-89,107],[-9,10],[0,18],[-44,12],[-29,7]],[[327033,668331],[0,53]],[[327033,668384],[0,32],[-1,5],[-9,411],[-3,116],[43,-19],[95,-35]],[[323227,660340],[134,53],[3,-65],[23,-473]],[[323387,659855],[1,-10]],[[323388,659845],[-8,-27],[-10,-12],[-13,-27],[-14,-17],[-8,-29],[6,-12],[-2,-37],[0,-28],[-3,-20],[5,-50],[-1,-18],[4,-44],[-1,-41],[-12,-9],[-13,22],[-6,25],[-12,-1],[-14,-4],[-8,-13],[-6,0],[-14,12],[-11,-7],[-11,-19],[-7,-9],[-9,-2],[-12,19],[-15,-3],[-23,-24],[-10,0],[-19,14],[-10,-6],[-20,37]],[[323111,659515],[-11,16],[2,24],[-8,-4],[1,28],[-9,-9],[-14,1],[-18,8],[-8,1],[-16,-19],[-10,5],[-7,-1]],[[323013,659565],[-1,29],[-4,60],[-3,63],[15,6],[-5,72],[-8,130]],[[323007,659925],[-15,242],[-4,73]],[[325678,662716],[8,110],[5,68],[3,27],[28,362],[20,-31]],[[325742,663252],[111,-142],[72,-91],[7,-10],[80,-102]],[[326012,662907],[-6,-73],[-16,-212],[-10,-128]],[[325980,662494],[-17,-11],[-31,-22],[-14,-10],[-19,-13],[-54,-100],[-3,-7],[-2,-3]],[[325840,662328],[-12,20],[-69,118],[-74,80],[-10,11],[-10,11]],[[325665,662568],[1,3],[0,9],[2,18],[10,118]],[[322963,662302],[5,4],[7,-12],[4,5],[6,7],[-1,23],[5,6],[2,1],[6,-14],[9,5],[7,9],[8,0],[9,11],[13,-9],[5,-29],[-14,6],[-13,-16],[-6,6],[-1,-22],[-2,-14],[-1,-46],[-1,-4],[-9,-9],[-3,6],[0,-33],[-2,-2],[-1,5],[-6,-5],[1,-6],[-10,-7],[-6,4],[2,-34],[-3,-4],[-3,-3],[-6,-1],[0,29],[-2,18],[-3,-2]],[[328176,657916],[3,13],[15,32],[10,-2],[2,-16],[-1,-22],[-10,14],[-3,-14],[11,-10],[-5,-24],[-8,11],[3,17],[-9,-18],[-5,11],[-3,8]],[[327606,664286],[15,-4],[2,50],[0,6],[15,-7],[4,12],[7,-20],[17,-9],[22,-45],[13,13],[4,-21]],[[327705,664261],[11,-13],[60,-74],[25,-22],[27,-24],[26,-24],[29,-25],[14,-19],[13,11],[25,-25],[3,10],[19,-30],[7,-5],[0,0],[18,-15]],[[327982,664006],[1,-104],[1,-2],[-1,-22],[1,-29],[-8,9],[-3,-23],[-6,-21],[1,-9],[3,-3],[-2,-16],[-4,1],[-3,-25],[-3,-11],[-7,-22],[-10,-32],[-5,-18],[-19,-60],[-49,-158]],[[327869,663461],[-3,2],[-19,18],[-8,15],[-15,30],[-43,82],[-16,30],[-11,21]],[[327754,663659],[0,2],[-6,12],[-6,26],[11,17],[3,23],[14,-5],[11,37],[-11,25],[-33,-37],[-12,-31],[-9,20],[-19,42],[-36,146],[-8,34],[-7,29],[-30,120],[-1,17],[-9,150]],[[327463,662147],[4,14],[3,11],[3,18],[1,4],[12,65]],[[327486,662259],[2,-11],[11,37],[7,9],[0,-9],[-11,-51],[-1,-7],[16,-28],[26,8],[6,-2],[0,0]],[[327542,662205],[22,-17],[3,-5],[9,-24]],[[327576,662159],[-1,-28],[-1,-26],[0,-17],[-3,-27],[-2,-20]],[[327569,662041],[-1,0],[-11,-2],[-6,-25],[0,-1]],[[327551,662013],[-8,0],[-6,-8],[-9,-14]],[[327528,661991],[-10,-5],[-3,7]],[[327488,662043],[-3,34],[-6,47],[-15,10],[-1,13]],[[324187,667824],[235,-33],[20,2],[117,-7],[83,-5]],[[324642,667781],[20,-365],[24,-415],[6,-103]],[[324692,666898],[-121,14],[-62,9],[-144,18],[-35,5]],[[324202,667146],[-20,378],[-2,39]],[[324180,667563],[-15,263],[22,-2]],[[325140,663431],[28,-18],[135,-85],[34,-21],[9,-6],[42,-27],[20,-12],[25,-16],[22,-14]],[[325455,663232],[30,-21],[1,-133],[0,-204],[0,-19],[0,-88],[0,-110],[0,-183]],[[325486,662474],[-9,-11],[-4,-62],[-10,-159]],[[325463,662242],[-50,-40]],[[325413,662202],[0,69],[-66,88],[-19,1],[-3,0],[-11,0],[-11,0],[-28,-17],[-3,2],[-27,16],[-2,1],[-15,9],[-50,30]],[[325178,662401],[-43,325]],[[325135,662726],[32,83],[22,59],[4,19],[-14,10],[-6,44],[-5,6],[3,16],[-6,30],[1,14],[-5,17],[-2,52],[-10,21],[0,26],[-3,36],[1,37],[-12,67],[-12,67],[17,101]],[[326560,655870],[5,28],[7,10],[-2,13],[10,14],[6,43],[0,35],[-6,23],[6,2]],[[326586,656038],[16,6],[13,5],[35,14],[5,0],[21,7],[1,0]],[[326677,656070],[-23,-179],[-1,-13],[1,-13],[3,-15],[17,-81],[-7,-20],[-6,-21],[-10,-28],[-7,-18],[-3,-25]],[[326641,655657],[-8,-8],[-5,8],[1,42],[-4,16],[-2,-11],[-2,-11],[-3,4],[-8,7],[-5,-30],[-5,7],[-2,2],[1,2],[-1,2],[1,12],[-8,16],[-2,2],[-2,-2],[-14,10],[5,10],[13,28],[0,6],[-9,37],[-12,2],[-13,-9]],[[326557,655799],[3,62],[0,9]],[[325502,666656],[70,24],[-11,228],[68,24],[51,18],[34,13],[2,-56],[8,-189]],[[325724,666718],[14,-314],[9,-234],[12,-259]],[[325759,665911],[-4,0],[-14,1],[-48,4]],[[325693,665916],[-64,5],[-90,8]],[[325539,665929],[-25,510],[-3,52],[-9,165]],[[325714,657292],[-2,-9],[5,-8],[1,-9],[-2,-6],[27,51],[11,12]],[[325754,657323],[-7,-31],[-11,-26],[-11,-45],[-4,-33],[-4,-12],[-1,-21],[-4,12],[-1,-19],[-4,-4]],[[325707,657144],[-4,14],[-3,24],[0,33],[-2,11]],[[325698,657226],[-2,8],[-5,20],[-10,-5],[-10,6],[-7,33],[-5,-4],[-6,19],[2,22],[4,5],[11,6],[0,-36],[5,17],[16,-4],[2,-16],[10,-19],[4,14],[-16,40],[13,34],[6,-57],[1,-10],[3,-7]],[[322967,662692],[-30,-15],[-11,-5]],[[326912,661618],[4,-15],[7,22],[3,11],[28,-54],[13,-25]],[[326967,661557],[-10,-18],[-10,-1],[-5,-1],[-4,-5],[-1,-9],[4,-59]],[[326941,661464],[-11,37],[-11,-25],[-7,8],[-1,12],[-13,-4],[-8,14],[-13,10]],[[326877,661516],[-1,32],[6,-3],[10,15],[1,24],[5,12],[12,6],[2,16]],[[327302,667792],[23,131],[0,5]],[[327325,667928],[27,25],[21,-55],[48,-149],[10,-30],[37,-26]],[[327468,667693],[-23,-97],[3,-6],[91,-166],[9,-16]],[[327548,667408],[-4,-34],[-29,-279],[-4,3],[-80,67],[0,0],[-26,22],[-10,8],[-34,28]],[[327361,667223],[-6,5]],[[327355,667228],[2,14],[9,52],[-3,22],[-3,43],[-6,30],[-8,19],[7,44],[-6,29],[-2,34],[-54,213]],[[327291,667728],[11,64]],[[328933,671375],[11,8]],[[328944,671383],[2,-16],[-9,-2],[-2,3],[-2,2],[0,5]],[[328917,671394],[4,12],[0,13],[6,3],[1,-9],[-6,-7],[-2,-12],[4,-3],[5,-14],[-2,-9],[3,-7],[-4,-5],[-4,9],[-4,11],[-1,18]],[[327983,653247],[5,-18],[5,-21],[0,-2],[4,-14],[4,-15],[1,-3],[5,-19],[0,-2],[2,-6],[1,-4],[4,-43],[4,-53],[7,-74],[0,-4],[3,-33],[-3,-4],[-8,-8],[-21,24],[-6,21],[-4,37],[-3,17],[-4,37],[-7,49],[-1,5],[-3,11],[-1,4],[-5,19],[-5,27],[-1,3],[-2,11],[-1,0],[-9,-5]],[[327944,653184],[-1,13],[-14,-20],[-8,6],[6,53],[2,12],[3,6],[8,5],[1,2],[8,2],[10,8],[1,6],[2,-20],[2,-46],[2,0],[-2,20],[0,6],[19,10]],[[327443,658467],[15,10],[15,-3],[8,19],[4,-20]],[[327485,658473],[8,-126]],[[327493,658347],[-5,-12],[-4,-12]],[[327484,658323],[-8,17],[-8,30],[-6,-3],[-2,27],[0,21],[3,19],[-4,17],[-15,-11]],[[327444,658440],[-1,27]],[[324175,651340],[6,2],[-1,9],[5,6],[14,-25],[22,-32]],[[324221,651300],[3,-19],[-14,-21],[-14,40],[-5,-1],[-6,22],[-8,9],[-2,10]],[[324175,651340],[-3,8],[-7,20],[-19,36],[-6,3],[-15,22]],[[324125,651429],[-4,16],[1,12],[11,-17],[5,3],[4,-22],[9,-6],[7,-16],[-4,-5],[8,-11],[10,-28],[3,-15]],[[325147,667781],[287,117],[2,0],[10,-190],[4,-79],[1,-17]],[[325451,667612],[2,-22],[4,-89],[2,-28],[0,-4],[9,-162],[2,-21],[1,-30],[2,-32],[-1,-1],[12,-236],[13,-230]],[[325497,666757],[-24,-10],[-18,-2],[-24,-8],[-8,1],[-27,18],[-16,56],[-9,30],[-7,26],[0,23],[1,12],[-2,13],[3,28],[-99,-39],[-67,-25]],[[325200,666880],[-53,901]],[[327542,661802],[8,-14],[-9,-51],[-1,-5]],[[327540,661732],[-3,-3],[-6,-2]],[[327531,661727],[4,11],[0,13],[7,51]],[[323149,658803],[4,-68]],[[325178,662162],[23,-276],[12,-158],[3,-40],[4,-4],[-3,-7],[3,-33],[7,-90]],[[325227,661554],[-5,-12],[-41,-94],[-19,-43],[-11,-26],[-7,-16]],[[325144,661363],[-16,-35],[-19,-45]],[[325109,661283],[-16,-38],[-43,-97]],[[325050,661148],[-12,-29],[-7,-15]],[[325031,661104],[-4,25],[-4,10],[-12,77],[-16,45],[-2,-14],[2,-51],[-4,-14],[-3,-23],[-4,8],[-4,-7],[-30,-21],[-28,206],[-14,87]],[[324908,661432],[10,51],[24,34],[6,27],[5,8],[-16,77],[-3,27],[-7,32],[10,20],[10,7],[2,24],[5,12],[5,9],[18,29],[15,46],[13,-9],[2,-4],[3,-8],[2,15],[4,-13],[2,-11],[2,12],[-2,34],[-7,47],[5,40],[-4,20],[16,15],[8,2],[1,0],[19,-16],[-1,30],[5,29],[8,-4],[5,17],[2,0],[4,14],[15,-10],[16,20],[-6,30],[21,48],[8,36],[11,4],[9,-23],[15,8],[10,-9],[0,13]],[[327897,659454],[20,29],[19,28],[11,16]],[[327947,659527],[34,50],[3,4],[60,89],[10,22]],[[328054,659692],[4,-50],[-1,-3],[1,0],[1,-2],[0,-7],[1,-3],[12,-145]],[[328072,659482],[-49,-23],[14,-161],[8,-99],[7,-79],[3,-34],[1,-21],[2,-61],[0,-17],[4,-272]],[[328062,658715],[-46,-24]],[[328016,658691],[-42,166]],[[329738,674554],[22,3],[-1,-28],[-6,-21],[-4,-16],[0,17],[-5,36],[-6,9]],[[328755,655904],[10,46],[2,0],[5,-13],[-5,-35],[-3,1],[-2,0],[-4,2],[-3,-1]],[[325606,655269],[11,-9],[8,4],[1,11],[18,-32],[8,-5],[16,13],[9,-4],[9,-26],[4,-1],[-1,-20],[-6,2],[-8,-14],[-15,1],[16,-22],[4,3],[9,-22],[9,-7],[15,-24],[5,4],[5,17],[6,5],[0,-20],[9,-33],[-7,-6],[5,-22],[15,-37],[1,-20]],[[325752,655005],[-4,-2],[-14,13],[-20,2],[-19,-10],[-17,-20],[-2,-19],[-14,-2],[-10,-13],[-3,-6],[2,-18],[-4,-32],[-4,2],[0,-39],[-12,2],[0,-42],[-5,8],[-1,22],[0,10],[4,20],[2,58],[-1,46],[-12,24],[-6,143],[-5,100],[-1,17]],[[323156,658677],[29,12],[81,34],[51,21],[11,102],[109,46]],[[323437,658892],[9,-187],[29,-636]],[[323475,658069],[-94,6]],[[323381,658075],[-137,7],[-47,3],[-5,0]],[[323192,658085],[-9,158],[-6,91],[-15,245],[-4,64],[-2,34]],[[324310,662145],[19,48],[10,17]],[[324339,662210],[4,-7],[51,-58],[110,256]],[[324504,662401],[53,-404],[76,-583]],[[324633,661414],[13,-107]],[[324646,661307],[-160,-17]],[[324486,661290],[-221,557]],[[324265,661847],[83,193],[-14,37],[-13,-28],[-12,5],[-1,25],[-14,23],[-15,-8],[17,17],[14,34]],[[324163,662099],[67,-165]],[[324230,661934],[-1,-24],[-8,-25],[-23,-18],[-3,-11],[-6,-60]],[[324189,661796],[-2,32],[-11,18],[-3,9],[-6,-26]],[[324167,661829],[4,35],[1,30],[8,20],[5,28],[-4,35],[-8,30],[-4,4],[-5,19],[-1,29],[0,40]],[[326460,671701],[3,21],[42,237],[22,126],[28,166],[38,230],[0,1]],[[326593,672482],[307,-198],[1,-1]],[[326901,672283],[-2,-11],[-41,-279],[-8,-49],[-8,-1],[6,-9],[-5,-29]],[[326843,671905],[-107,-659],[-7,3],[0,1]],[[326729,671250],[-34,21],[-204,128],[-69,40],[38,262]],[[324369,673305],[84,438],[2,4],[4,44]],[[324459,673791],[17,6],[26,8],[67,22]],[[324569,673827],[21,-123],[10,-60]],[[324600,673644],[1,-9],[85,-551],[72,-465],[-4,-3],[-6,-24],[-38,-32],[-50,-40],[-250,-189]],[[324410,672331],[-76,787],[35,187]],[[325201,670805],[44,38],[107,77],[90,66]],[[325442,670986],[201,149]],[[325643,671135],[47,-645],[35,-503]],[[325725,669987],[20,-240],[-11,-7],[-32,-19]],[[325277,669805],[-2,20],[-19,262],[-31,437],[-24,281]],[[327254,671412],[26,117],[1,7]],[[327281,671536],[4,-9],[1,-65],[-4,-21],[-4,15],[1,-77],[-13,23],[-12,10]],[[324012,652910],[10,-10]],[[324022,652900],[-1,-42],[6,-21],[7,-56],[-8,-24],[-2,-18],[-5,-4],[-6,-41],[-33,-12]],[[323980,652682],[6,50],[20,143],[6,35]],[[324793,669574],[36,16],[-2,9],[4,5],[-5,8],[7,14],[6,-10],[1,15],[-2,19],[-8,18],[-2,13],[6,1],[-8,14],[6,39],[9,32],[7,-2],[-1,13],[-4,0],[3,13],[-6,1],[-5,10],[0,34],[1,16],[-6,-5],[1,9],[9,0],[25,16],[-3,20],[17,30],[8,32]],[[324887,669954],[33,-87],[7,-15],[1,-29],[37,3],[5,-91],[16,3]],[[325007,669215],[-143,-55],[-6,-4],[-42,50]],[[324816,669206],[-5,6],[0,46],[-20,-4],[-12,-7],[-3,28],[31,15],[-5,28],[-5,-1],[-1,22],[3,9],[-4,77],[5,3],[-7,146]],[[324095,668920],[94,-17],[2,16],[0,55],[-4,15],[163,-10],[0,-8],[73,-15]],[[324423,668956],[-3,-245],[174,-12],[8,-158]],[[324602,668541],[7,-126],[-2,0]],[[324607,668415],[-389,36]],[[324218,668451],[-89,0],[5,11],[3,24],[5,20],[-3,12],[0,13],[-8,15],[-7,-14],[-2,50],[-8,159],[1,92],[-22,2],[2,85]],[[323834,663622],[20,57]],[[323854,663679],[94,259],[56,154],[34,17],[262,-778]],[[324300,663331],[-207,-493],[-2,-1],[-114,-276]],[[323977,662561],[-2,-12]],[[323975,662549],[0,64],[-10,-4],[0,44],[-4,8],[2,24],[-13,5],[6,25],[7,50],[1,22],[-1,64],[-4,92],[-153,425],[12,4],[8,37],[-8,38],[10,82],[4,8],[-4,14],[4,24],[0,39],[2,8]],[[322981,668588],[225,-41]],[[323206,668547],[-4,-47],[0,-61],[-11,2]],[[323191,668441],[-13,1],[-13,-35],[-4,-65],[-5,2],[-17,-115],[3,-13],[-13,-11],[2,-15],[-2,-31],[-6,-68],[-10,-58],[-10,-17],[-13,-40],[-7,-1],[-9,-11],[3,-20],[8,-25],[-2,-16],[3,-22],[-12,-31],[-2,-75],[-7,-44],[6,-13],[-2,-16],[-1,-33],[3,-15]],[[324514,664260],[10,-19],[7,-38]],[[324531,664203],[-16,-17],[-14,-9],[-15,1],[0,7],[-3,38],[0,15],[-3,7],[2,17],[-3,32],[1,10],[14,-44],[3,-11],[9,17],[8,-6]],[[325726,658842],[-11,-13]],[[325715,658829],[5,30],[4,-13],[2,-4]],[[324486,661290],[26,-583],[7,-158]],[[324519,660549],[-25,-9],[-4,-26],[-18,-143],[-29,7],[-22,4],[-20,5],[-5,0],[-9,9]],[[324195,660968],[17,107],[37,140],[207,65],[30,10]],[[324504,662401],[86,199]],[[324590,662600],[81,186],[49,113]],[[324720,662899],[185,-461],[56,-142]],[[324961,662296],[-97,-237],[-14,-34],[-16,-41],[2,-17],[19,-143],[10,-76]],[[324865,661748],[-6,-5],[-56,-89],[-47,-74],[-55,-52],[-68,-114]],[[325575,662910],[2,-1],[10,-9],[-5,-33],[-10,12],[3,31]],[[325000,660768],[36,-271],[15,-115],[7,-49],[7,3]],[[325065,660336],[-3,-37],[-3,-14],[-8,12],[-15,30],[-7,-2],[-32,-128]],[[324997,660197],[-4,17],[-1,20],[-2,-3],[-6,14],[-20,0]],[[324964,660245],[2,9],[3,68],[0,56],[-6,39],[-2,-1],[0,21],[-10,17],[-3,-2],[-22,76],[-1,24],[6,4],[1,0],[2,-1],[9,-7],[4,8],[17,-1],[0,23],[-1,5],[2,8],[-10,47],[-3,29],[0,5],[7,26],[0,16],[14,37],[5,1],[3,5],[19,11]],[[326071,663753],[37,-49],[4,-20],[1,-5],[5,-23],[10,-29],[7,12],[20,-37],[8,28],[15,-19],[59,-76],[9,-11]],[[326168,663099],[-39,9],[-24,5],[-13,3],[-63,14]],[[326029,663130],[-12,21],[-34,59],[-6,12],[29,173],[11,62],[38,220],[7,16],[9,60]],[[326184,661153],[-11,-83]],[[326173,661070],[-6,-44],[-2,-13]],[[326165,661013],[-16,-16],[-3,128],[1,0],[-7,-3],[3,28],[-2,14],[11,-16],[18,4],[-4,-12],[18,13]],[[327531,666234],[3,20],[16,66],[14,72],[12,35],[1,49],[7,16],[-2,29],[2,1]],[[327584,666522],[12,21],[12,57],[13,63],[16,70],[6,34],[3,17],[5,54]],[[327651,666838],[25,-51],[49,-96],[11,-19],[80,-137]],[[327816,666535],[23,-52]],[[327839,666483],[-33,-30],[-12,-20],[-17,-10],[-14,-29],[-20,-32],[-31,-49],[-33,-59],[-1,-1],[-6,11],[-4,-13],[-15,-4],[-23,-26],[-24,11],[6,-104],[4,-63]],[[327616,666065],[-41,81],[-9,18],[-8,16],[-25,50],[-2,4]],[[327753,664549],[6,-2],[17,-24],[2,-8],[0,-2],[-12,-14],[-13,13],[0,37]],[[327715,667145],[0,1],[-4,25],[-1,35],[1,28],[8,26],[10,17],[14,5],[14,17],[13,7],[10,3],[19,-8],[5,-7],[5,-10]],[[327809,667284],[11,-17],[13,-13],[11,-2],[38,11],[17,22]],[[327899,667285],[18,-73],[12,-20],[-2,-8],[-1,-9],[0,-12],[4,-17],[2,-22],[-1,-7],[-5,-21],[0,-11],[2,-26],[0,-3],[32,-139],[10,-41]],[[327970,666876],[-24,-67]],[[327946,666809],[-3,-6],[-10,-17],[-13,-12],[-22,-35],[-10,-21],[-24,-60],[-4,2],[-12,-22],[-5,-17],[-4,7],[-12,-10],[-9,-60],[-2,-23]],[[327651,666838],[2,68],[3,18],[11,38],[9,19],[21,38],[6,16],[11,45],[4,30],[-3,35]],[[326913,658891],[-4,-4],[-12,-16],[-26,-34],[-26,-116]],[[326845,658721],[-16,107]],[[326829,658828],[10,31],[13,-10],[1,18],[9,3],[5,-6],[10,4],[-4,14],[-13,20],[-3,-25],[-6,7],[4,40],[18,11],[5,6],[1,22],[5,25],[6,17],[5,78],[20,-20],[0,-20],[-7,-48],[-5,-12],[2,-21],[-8,-10],[6,-25],[5,4],[3,12],[6,10],[-2,-36],[-7,-12],[5,-14]],[[327492,661971],[-10,-39],[-3,-25],[0,-2],[-2,-17]],[[327477,661888],[-3,-10],[-6,-10],[-13,-15],[-5,-7]],[[327450,661846],[-6,34],[-4,-5],[-2,7],[0,2],[4,4],[-2,13],[0,18],[-5,1],[1,24],[0,1],[-1,1],[1,13]],[[327532,661917],[2,-6],[1,-6],[-1,2],[-7,-12],[-3,3]],[[327524,661898],[1,6],[6,10],[1,3]],[[327646,659660],[46,-7],[2,-1],[11,1],[82,-1]],[[327787,659652],[-1,-21],[-12,-314],[-2,-48]],[[327707,659164],[-32,-47],[-13,-20],[-16,-23]],[[327646,659074],[-16,58],[-1,68],[0,18],[0,21]],[[327629,659239],[1,56],[-7,76],[-2,69],[1,5],[5,57],[3,27],[16,131]],[[326676,662310],[41,-40],[12,-6],[7,15],[6,33],[4,-6],[3,24],[4,20],[32,20],[19,11],[11,-13],[21,-25],[1,9]],[[326837,662352],[10,-11],[10,-69],[27,-32],[-21,-134],[-5,-32]],[[326858,662074],[-2,-11],[9,-14],[9,-50],[2,-14],[-10,-32],[7,-25],[6,-9],[1,-32],[12,-54],[5,-9],[7,-10],[2,0]],[[326906,661814],[6,-50],[-5,-13],[1,-25],[-5,-25],[-1,-23],[3,-11],[8,2],[8,-26],[-9,-25]],[[326877,661516],[-36,-33],[-32,-31],[-16,-15],[-28,-26],[-35,-33]],[[326730,661378],[-31,-29]],[[326699,661349],[0,86],[-3,91],[-1,2]],[[326695,661528],[0,11],[-1,19],[-10,351],[-2,71],[-7,214],[-3,90],[4,26]],[[329117,655379],[5,17],[26,86]],[[329148,655482],[15,-71],[41,-140],[6,-21],[63,-133],[8,-16],[0,-1]],[[329281,655100],[-14,-26],[-12,-3],[-21,-15],[-7,-9],[-26,12],[0,-13]],[[329201,655046],[-20,7],[-41,21],[-10,2],[-1,86],[-5,54],[-3,92],[-1,34],[-3,37]],[[329946,654305],[6,0],[30,34],[4,0],[9,-14],[-5,-27],[-1,-8],[3,-18],[6,-1],[1,6]],[[329999,654277],[2,-3],[-11,-36],[-3,-27],[5,-1],[5,-6],[-10,-12],[-12,-21],[-14,-14]],[[329961,654157],[-5,-4],[-11,0],[-2,43],[3,2],[6,1],[-1,46],[-5,16],[0,44]],[[326795,657317],[-36,-92],[-21,-57],[-7,-18]],[[326731,657150],[-4,-2],[3,40],[-8,22],[-3,2],[1,21],[6,29],[12,-12],[10,51],[-8,23],[1,8],[1,4],[-13,13],[-2,0],[-1,11],[9,-6],[1,10],[4,-14],[3,-4],[1,12],[2,0],[1,4],[11,21],[0,4],[8,10],[1,-28],[13,2],[5,-44],[0,0],[2,18],[-2,53],[-2,15],[-2,11],[4,8],[15,10],[-3,-93],[-1,-19],[-1,-13]],[[327501,651953],[-6,6],[-47,5],[-3,-8]],[[327445,651956],[-11,4],[-5,16],[-1,25],[-1,82],[-3,26],[-5,14],[-14,56],[-2,42],[4,16],[0,21],[-6,12],[5,9],[4,-12],[4,-24],[5,-8],[11,25],[1,14],[-2,30],[4,17],[12,7],[3,8],[1,-14],[11,-73],[12,-40],[6,-42],[9,8],[11,18],[5,-12],[9,7],[4,-20],[-3,-18],[-3,-1],[-3,-49],[-4,-21],[-6,36],[1,-13],[4,-34],[2,-17],[-3,-23],[0,-75]],[[324118,672632],[18,8],[13,-372],[81,-2]],[[324230,672266],[-13,-746],[-89,-42]],[[324128,671478],[-196,-84]],[[323932,671394],[-4,72],[22,13],[9,19],[1,52],[-4,7],[-2,35],[-8,49],[-1,44],[-3,24],[-9,31],[-10,7],[-9,-6],[-33,592]],[[323881,672333],[-8,133],[13,12],[-2,15],[-2,26],[236,113]],[[326823,677306],[-1,-11],[-5,13],[-12,-2],[-1,4],[-3,8],[-2,0],[-2,23],[-5,12],[-12,9],[-11,19],[4,5],[-25,-7],[-13,-22],[-2,25],[-15,13],[-4,10],[-8,-6],[-2,-16],[-3,30]],[[328026,657646],[-1,77],[3,68],[3,89],[1,11],[1,21]],[[328033,657912],[8,85],[93,-64],[13,-56],[23,-3],[6,-1],[4,-1],[1,0],[36,33],[13,11]],[[328230,657916],[38,34],[19,18],[5,-11],[-1,-40],[6,-23],[8,-11],[-1,-16],[7,-28]],[[328311,657839],[2,-27],[-9,-44],[-28,-118],[-4,-43],[-7,-75],[-2,-24],[-80,-208],[-45,-116],[7,-21]],[[328145,657163],[-25,-78],[-98,169],[-25,42]],[[327997,657296],[4,13],[0,32],[-5,26],[1,21],[-10,32],[-1,17],[2,21],[31,32],[6,62],[1,94]],[[324692,666898],[94,-12]],[[324786,666886],[10,-142],[19,-386],[18,-360]],[[324833,665998],[-83,6],[-79,6],[0,0]],[[324671,666010],[-107,12],[-192,22],[-3,1]],[[324246,654484],[15,182],[4,8],[8,23],[1,5],[-8,22]],[[324266,654724],[29,-17],[9,148],[10,128],[13,742]],[[324327,655725],[133,-3],[15,1]],[[324475,655723],[40,2],[32,-41],[16,-181],[5,-90]],[[324568,655413],[-11,-260],[-12,-222],[-3,-47]],[[324542,654884],[-71,-340],[-21,11],[-11,-353]],[[324439,654202],[-3,-7],[-22,-21],[-53,-3]],[[324235,654276],[-2,61],[13,147]],[[327294,664678],[43,14],[33,10],[67,21],[41,14]],[[327478,664737],[54,57]],[[327532,664794],[-2,-32],[6,-18],[72,-225],[18,-133],[-8,-17],[-14,-28]],[[327604,664341],[-4,17],[-3,-6],[-8,5],[-4,22],[-9,5],[-1,-11],[-15,-22],[-11,22],[-12,12],[-19,-109],[-6,-32],[-18,-70]],[[327494,664174],[-59,27],[-9,12],[-34,69],[-3,15],[-9,-22],[-8,-37],[-9,-6],[-9,13],[-14,-17],[-8,-23],[-13,-50],[-7,3],[-5,-22],[-16,-3]],[[327291,664133],[-1,12],[3,57],[9,168],[4,60],[3,61],[-15,187]],[[326728,665155],[4,7],[0,7],[6,27],[-3,4],[-2,5],[4,16],[0,-2],[2,7],[2,-1],[2,26],[-6,1],[-3,3],[1,5],[5,20],[5,19]],[[326745,665299],[11,-29],[2,-4],[1,-2],[4,-6],[5,-8],[7,-10],[2,-2],[8,-4],[1,0],[15,-24],[6,-2],[14,24],[4,10],[2,25]],[[326827,665267],[18,55],[16,22]],[[326861,665344],[10,-95],[1,-22],[1,-22],[-5,-81],[0,-4],[-6,-95],[-4,-35],[0,-7],[-1,-10],[-5,-41],[-5,-21],[-12,-43],[0,-2],[-12,-8],[-28,-22]],[[326795,664836],[-2,4]],[[326793,664840],[0,7],[2,13],[-21,-4],[-10,-2],[-3,-1],[-30,-5],[-3,1]],[[326728,664849],[-6,22],[3,26],[-2,45],[1,38],[1,27],[3,11],[11,43],[5,9],[-1,6],[-2,15],[-2,9],[-4,35],[0,1],[-3,10],[-4,9]],[[326109,670159],[20,9],[-4,73]],[[326125,670241],[96,363],[13,49],[6,22],[28,106]],[[326268,670781],[1,-54],[3,1],[15,5],[11,21],[7,-5],[39,-27],[75,-50],[191,-126]],[[326610,670546],[-55,-363],[-54,-350]],[[326501,669833],[-3,-20],[-31,19],[-3,2],[5,-45],[0,-4],[3,-33],[9,-102],[2,-62]],[[326483,669588],[5,-118],[-5,4],[-121,85],[-12,9],[-24,16],[-7,5],[-3,52],[-9,160],[-3,57],[0,10],[-8,-18],[-52,-83]],[[326244,669767],[-5,25],[-2,5],[-10,11],[-2,7],[-11,27],[0,6],[-2,9],[0,5],[0,8],[-14,82],[-1,7],[-73,-25]],[[326124,669934],[-15,225]],[[327927,664834],[1,4],[11,49],[5,69],[5,10],[12,-7],[5,7],[-1,-12]],[[327965,664954],[69,-77],[10,-11],[17,-19],[12,-13],[5,-6],[24,-26],[26,-27],[89,-91],[72,-72]],[[328289,664612],[7,-59],[7,-49]],[[328303,664504],[-7,-29],[-3,-18],[-11,-7],[-7,-3],[-3,-12],[-1,-5],[-11,30],[-1,2],[-11,30],[-24,88],[-79,1],[-4,0],[-61,1],[-71,2],[-54,5]],[[327955,664589],[-7,4],[-9,5],[-7,27],[-13,58],[14,110],[-6,41]],[[325951,657675],[0,16],[5,-6],[3,48],[18,-32],[4,-12],[3,-19],[3,-21],[-18,-2],[-2,-3],[-6,0],[-11,27]],[[326730,652085],[-14,-22],[7,-54],[-15,-15],[1,-17],[-4,-46],[7,-9],[3,-64],[0,-9],[-3,-1]],[[326712,651848],[0,43],[-7,7],[-8,7],[-9,40],[5,71],[9,6],[3,35],[-2,4],[-6,14],[3,32],[9,10],[10,-34],[3,0],[4,1],[4,1]],[[322960,668747],[5,-16],[6,-5],[3,-9],[4,-25],[2,-38],[1,-49],[0,-17]],[[324410,672331],[7,-69],[-187,4]],[[325336,674766],[10,-11],[18,-7],[11,-16],[21,-18],[-5,-69],[0,-31],[4,-59],[-9,8],[-7,11],[-5,11],[-3,3],[-7,23],[-9,49],[-5,4],[-3,18],[0,22],[-5,31],[1,16],[-4,-7],[-3,22]],[[326350,655889],[3,-2],[1,14],[3,-1],[10,-6],[1,12],[4,-5],[-1,-27],[11,-4],[1,0],[-2,-35],[-7,2],[-5,2],[-15,8],[-6,11],[2,31]],[[323963,667814],[15,-59],[-1,-16],[7,-11],[12,-49],[0,-13],[7,-7],[3,-18],[11,-25],[4,-15],[2,-19],[0,-9],[22,10],[105,50],[6,-87],[24,17]],[[323936,666914],[-5,137],[-46,6],[-10,140]],[[323875,667197],[5,-1],[1,50],[7,67],[-3,82],[17,16],[-4,115],[25,-3],[-3,184],[0,101],[41,13],[2,-7]],[[327675,670312],[98,4]],[[327773,670316],[24,15],[93,57],[28,18],[5,-1],[19,-11],[18,-10],[88,-50],[2,-9],[50,-32]],[[328100,670293],[-14,-38]],[[328086,670255],[-44,-118],[-13,-26],[-21,-36],[-8,-21]],[[328000,670054],[-12,-50],[-2,-31]],[[327986,669973],[-63,-28],[-5,-2],[-3,-1],[-21,-5],[-104,11],[-3,-9],[4,-32],[-37,8],[6,42],[-87,12]],[[329200,655023],[-8,-39],[-6,-76],[-3,-39],[0,-2]],[[329183,654867],[-43,76],[-5,10],[-3,8]],[[329132,654961],[-4,26],[2,74],[7,-1],[33,-16],[30,-21]],[[328623,659597],[2,-5],[64,-352],[19,-78]],[[328708,659162],[-10,-11],[-7,41],[-8,32],[2,4]],[[328685,659228],[-6,24],[-8,50],[-3,-3],[-12,54],[-2,45],[-12,77],[-7,29],[-5,6],[-8,24],[-11,-10],[-3,14]],[[328608,659538],[-2,11],[13,23],[4,25]],[[328685,659228],[1,-6],[8,-44],[2,4],[-8,44],[-1,4],[-2,-2]],[[329809,653475],[8,3],[29,9],[7,-7],[3,-5],[3,-9]],[[329859,653466],[-3,-35],[-8,-45],[-6,2],[-3,19],[6,11],[-5,16],[-5,-14],[3,-16],[-9,-4],[-1,-13],[-8,0],[-4,1],[-1,-6]],[[329815,653382],[-8,14],[-5,9],[-11,20],[0,1]],[[329791,653426],[0,22],[5,0],[-2,18],[12,8],[3,1]],[[327524,658892],[11,16],[41,62],[10,15],[22,32],[27,40]],[[327635,659057],[5,-87],[2,-17],[3,-18],[3,-11],[7,-45],[5,-29],[2,-23],[0,-42],[0,-39],[0,-16],[0,-41],[0,-20],[1,-34],[0,-16],[0,-32],[0,-32],[0,-3],[2,-33],[3,-32],[3,-42],[2,-14],[1,-5],[14,-57],[6,-29],[30,-122]],[[327724,658218],[-40,-19],[-25,-11],[-16,-7],[-9,147],[0,3],[-33,-15],[-25,-11],[-78,-37]],[[327498,658268],[-5,79]],[[327485,658473],[-1,22],[-6,91],[-8,132],[-6,85]],[[327464,658803],[4,5],[38,57],[0,1],[18,26]],[[327366,663216],[-3,57],[-8,127],[-3,58],[-4,11],[-1,58]],[[327347,663527],[51,20],[3,1]],[[327401,663548],[12,-4],[21,-9],[12,-84],[3,-19],[0,-1],[31,-49],[-1,-52],[-3,-71],[-3,-1],[-2,-39]],[[327471,663219],[0,-40],[-1,-12],[-1,-54],[-1,-43],[-2,-39],[-1,-31],[-1,-25],[-5,-107]],[[327459,662868],[-11,8]],[[327448,662876],[-59,49],[-45,54]],[[327344,662979],[14,115],[16,123],[-8,-1]],[[325856,660325],[8,83],[12,118],[9,94],[10,96],[27,34],[41,52],[19,11],[0,-3],[6,7],[13,-9],[7,-16]],[[326008,660792],[6,0],[14,-24],[6,0],[7,-14],[4,20],[6,3],[13,16],[13,5],[15,-5],[2,4],[1,0]],[[326095,660797],[-2,-131],[30,-25],[43,-37],[41,-34],[0,-8],[0,-58],[-1,-106],[0,-12],[34,-20],[25,15]],[[326265,660381],[10,-48],[12,-122],[-22,-45],[-16,-32],[-22,-47],[-37,-87],[-15,-36],[-4,-8],[-16,-34]],[[326155,659922],[-13,-29],[-26,2],[-24,2],[-40,4],[-10,1],[-43,-70],[-8,-14],[1,12],[-3,36],[0,61],[-2,7],[-25,1]],[[325962,659935],[-23,2],[1,10],[2,12],[-21,7],[-15,4],[-19,86],[-40,177],[9,92]],[[323166,652834],[118,59],[3,3],[33,16],[6,37],[14,94],[1,9]],[[323341,653052],[6,-3],[7,-41],[15,-37],[12,-11],[13,-24],[24,-36],[4,-11],[1,25],[5,15],[1,21],[4,19],[9,9],[4,17],[3,42],[13,-21],[11,8],[8,-5],[5,16],[6,-4],[9,-29],[9,-8],[8,14],[3,3],[28,3],[44,67],[3,5],[11,152]],[[323607,653238],[35,-105],[12,23],[51,-156],[3,-5],[7,-20],[84,-251],[2,-6],[27,-91],[12,-40],[6,-28],[51,-135],[10,-30],[27,-86]],[[323934,652308],[-33,-24],[-11,-11],[-5,-3],[-90,-70],[-99,-77],[-25,-19],[-33,-25],[-26,-12],[3,-69],[21,-398],[8,1],[0,-10],[-6,-13]],[[323638,651578],[-18,-8],[-8,35],[0,28],[-11,16],[-17,-6],[-11,7],[-6,17],[-13,6],[8,7],[3,34],[9,7],[-3,49],[-10,18],[-16,-1],[-6,26],[-4,2],[-3,18],[-6,15],[-5,-8],[-4,15],[-10,11],[-10,73],[-24,124],[-9,-4],[-11,3],[-17,-10],[-9,-8],[-4,4],[-4,15],[5,106],[2,24],[-60,-20]],[[323366,652173],[-88,-31]],[[323278,652142],[-14,85],[-35,219],[-5,26],[-2,8],[-1,4],[-9,54],[-46,296]],[[324885,654724],[3,11],[3,-13],[12,0],[-1,-28],[0,-7]],[[324902,654687],[-13,15],[-2,-48],[-2,70]],[[327209,675643],[31,101],[78,293]],[[327318,676037],[10,-151],[40,-619]],[[327368,675267],[44,-616],[19,-260]],[[327431,674391],[9,-119],[-68,-235],[-152,-539]],[[327220,673498],[-10,132],[-36,662],[-30,610],[-22,462],[87,279]],[[323034,658088],[92,-2],[61,-1],[5,0]],[[323381,658075],[-7,-183],[4,-14],[11,-11],[3,-63],[-1,-17],[-9,1],[-8,-12],[-3,25],[-9,-251],[9,1],[17,18],[-5,-43],[-4,-15],[-3,-34],[20,16],[-1,-19],[9,-49],[-18,18],[-27,10],[0,-9],[-7,-255]],[[323352,657189],[-17,-4],[-55,-22],[-54,-22],[-33,-15],[-71,-31],[-4,-2],[-26,-15],[-4,-1],[-2,-1]],[[323086,657076],[-20,355],[-1,43],[-1,30],[-8,162],[-5,98],[-5,83],[-1,34],[-9,171],[-2,36]],[[323100,657490],[3,7],[9,29],[-20,-12],[8,-24]],[[326584,666849],[6,-26],[14,25],[12,-23],[3,0],[0,-17],[5,-13],[-4,-31],[6,-14],[3,-36],[-4,-17],[13,-9],[85,-57],[54,-37],[14,-10],[41,-28]],[[326832,666556],[38,-25],[19,-12],[2,-3],[16,-11],[45,-153]],[[326952,666352],[-29,-70]],[[326923,666282],[-2,-2],[-33,-108],[-5,-15],[-23,-116],[-10,-48],[-1,-7],[0,-1],[-31,-107],[-16,-58],[-60,1],[0,0],[-52,1],[0,0],[-66,11],[-1,0],[0,1],[-41,3],[-7,1],[-8,0]],[[326567,665838],[-53,5]],[[326514,665843],[5,62],[17,218],[17,232],[26,329],[3,48],[2,117]],[[325876,659108],[60,165],[10,39],[-4,37]],[[325942,659349],[7,4],[25,-112],[3,-7],[13,-45],[6,-10],[11,-54],[1,-5],[5,-8],[8,-11],[4,-6],[5,-14],[4,-11],[18,-81],[21,-87],[7,-14],[4,-5],[5,-7],[1,-4],[2,-8],[1,-3],[14,-13],[4,1],[28,34],[25,13]],[[326164,658896],[10,-17],[-2,-2],[6,-23],[-9,-76],[0,-56],[0,-150],[0,-127]],[[326169,658445],[-83,-3],[-121,-6]],[[325965,658436],[-87,-4]],[[325878,658432],[0,206],[-2,383]],[[325876,659021],[0,87]],[[325910,656460],[0,-4]],[[325910,656456],[-1,0],[1,-8],[-9,-22],[3,-33],[-2,-14],[6,-44],[1,-5],[-11,33],[-6,36],[-12,-28],[-2,8],[-7,0],[-11,59],[-12,49],[8,11],[11,43],[4,4],[17,-34],[6,-25],[10,-21],[6,-5]],[[325271,672060],[128,95],[65,49]],[[325464,672204],[3,-18],[5,18],[3,-8],[1,-12],[3,-13],[68,94],[96,125],[17,-104],[38,-219],[1,-5],[35,-186]],[[325734,671876],[53,-288],[33,-175],[24,-132]],[[325844,671281],[-78,-57]],[[325766,671224],[-123,-89]],[[325442,670986],[-71,460],[-23,139],[-77,475]],[[324882,671771],[99,73],[97,73]],[[325078,671917],[193,143]],[[325201,670805],[-142,-107],[-58,357],[-22,136],[-97,580]],[[323188,669595],[154,-14],[105,-37],[50,-10]],[[323497,669534],[-10,-453],[-49,-36],[-12,-9],[46,-530],[0,-10]],[[323472,668496],[-266,51]],[[322960,668747],[-2,8],[-2,15],[1,27],[6,32],[35,79],[8,17],[11,4],[22,8],[11,19],[36,22],[18,48],[16,26],[7,-5],[8,-22],[9,4],[24,75],[14,52],[0,13],[-7,24],[-5,40],[2,47],[6,39],[9,37],[10,14],[15,-8],[10,7],[12,38],[3,21],[0,32],[-2,18],[-26,61],[-13,18],[-6,24],[-2,12],[0,2]],[[324886,655843],[7,9],[26,-65],[9,-7],[-1,-34],[-4,-1],[-6,4],[-6,-6],[-1,27],[-10,21],[-9,44],[-5,8],[0,0]],[[324359,663471],[131,312],[3,7],[116,276]],[[324609,664066],[22,-55],[3,-7],[5,-14],[37,-91]],[[324676,663899],[97,-250],[45,-114],[44,-113]],[[324862,663422],[-42,-100],[40,-97],[-140,-326]],[[324590,662600],[-81,211],[-205,530]],[[324304,663341],[55,130]],[[326853,661178],[4,12],[6,1],[10,0],[21,0],[16,-26]],[[326910,661165],[-15,-41]],[[326895,661124],[-5,6],[3,25],[-6,23],[-15,-8],[4,-29],[7,-5],[-3,-8],[-8,-27],[-2,4],[3,12],[-5,37],[-8,-9],[-4,12],[-1,18],[-2,3]],[[324833,665998],[1,0],[93,-10]],[[324927,665988],[5,-89],[61,-169],[24,-66],[13,6],[6,-54],[18,-53],[5,-85],[-2,-80],[-5,-315]],[[325052,665083],[-1,-56]],[[325051,665027],[-72,-106],[4,-30],[-9,-12],[2,-12],[-28,-33],[-3,15],[-9,-12],[2,-13],[-48,-57],[-2,13],[-5,-1],[-14,-21],[-33,-46]],[[324836,664712],[-55,-83],[-14,79],[5,10],[-4,28],[-5,31],[4,6],[-5,30],[-14,-5],[-14,47],[15,26],[7,-10],[-4,14],[9,-3],[8,-12],[2,14],[-5,27],[-2,44],[-6,59],[-12,62],[-9,17],[-10,10],[-4,12],[-14,21],[-2,10],[-15,25],[-13,42],[-6,15],[-14,11]],[[324659,665239],[2,98],[3,220],[-5,15],[1,27],[-5,20],[-2,31],[2,21],[-2,35],[-1,26],[6,19],[9,9],[4,250]],[[325766,671224],[43,-95],[113,-234],[-10,-24],[26,-47],[-23,-87],[4,-71],[93,-194],[113,-231]],[[326109,670159],[-85,-40],[-174,-78],[-125,-54]],[[327787,659652],[7,187],[1,31]],[[327795,659870],[7,-18],[16,-77],[6,-5],[3,-1],[5,45],[-2,39],[9,-3],[3,23],[-7,10],[4,60],[10,17],[2,-2],[16,-17],[-6,5],[2,-38],[-2,-31],[5,-5],[1,-16],[12,-13],[4,32],[3,14],[0,16],[12,-16],[23,-15]],[[327921,659874],[7,-6],[30,-53]],[[327958,659815],[0,-15],[-6,-152],[-5,-121]],[[323799,671338],[133,56]],[[324128,671478],[-52,-385],[-16,-200]],[[324060,670893],[-31,-367],[-18,-282],[-1,-29]],[[324010,670215],[-5,11],[-1,15],[-144,-60]],[[323860,670181],[-41,771],[-20,386]],[[327532,664794],[9,161],[4,56],[34,57],[6,9],[22,35],[38,62]],[[327645,665174],[112,-228],[2,-4],[20,-1],[1,-1],[6,-9],[2,4]],[[327788,664935],[-19,-52],[-9,-58],[13,-61],[9,-9],[6,-8],[9,-23],[8,-2],[8,-25],[6,4],[4,-17]],[[327823,664684],[-3,-7],[-27,-52],[-36,-32],[1,-23],[-5,-11],[-2,-8],[-11,-21],[2,-45],[-1,-14],[4,-5],[-8,-46],[-3,-36],[-3,-18],[-7,-13],[1,-25],[-5,-24],[-12,-17],[-3,-26]],[[327606,664286],[-2,55]],[[328139,674841],[105,47],[-8,148],[10,4],[65,23],[76,29]],[[328387,675092],[26,-46],[-16,-60],[18,-42],[-9,-33],[29,-60]],[[328435,674851],[-34,-136],[-11,18],[3,-30],[2,-20],[2,-23],[2,-31],[-8,3],[-3,7],[-5,-6],[-2,1],[-2,9],[-1,6],[-5,-3],[-6,5],[3,-19],[-6,-15],[-17,-97],[-46,45],[-9,23],[-5,26],[-55,51],[-15,-60],[2,-14],[-6,-17],[-5,-33],[0,-12],[-5,-9],[-7,3]],[[328196,674523],[-48,131],[10,25],[-48,149]],[[328110,674828],[29,13]],[[327250,668886],[101,-8],[77,1]],[[327428,668879],[-3,-83],[-4,-222],[-2,-182],[1,-21],[-1,-22],[-1,-78]],[[327418,668271],[-14,-11],[-10,-12],[-36,-60],[-9,-13],[-26,-29],[0,-2],[-25,5],[-1,7],[2,8],[-6,7],[-4,4],[-5,2],[-3,-1],[-3,-4],[-2,-16],[-16,5]],[[327459,662868],[-2,-60],[27,11],[8,3],[3,1],[9,4],[38,14],[6,2],[10,4],[19,8],[23,9],[9,3],[9,3],[16,7]],[[327634,662877],[2,-12],[15,-64],[-2,-13],[-1,-7],[-1,-5],[-5,-30],[0,-1],[-3,-21],[-13,-87]],[[327626,662637],[-39,-8],[-6,-2],[-24,-7],[-7,-18],[-5,-13],[-7,-14],[0,-2],[-10,-27],[-5,-9],[-2,-1],[-7,-2],[0,-1],[-11,-2],[-10,-2],[-6,-1],[0,-21]],[[327487,662507],[-8,3],[-3,-1],[-9,21],[-7,2],[-8,16],[-5,17],[-2,18],[-3,33],[-1,11],[-2,17],[-3,23],[2,28],[3,12],[-1,1],[0,1],[-1,4],[1,1],[2,3],[0,17],[1,19],[1,31],[2,39],[2,53]],[[326318,672215],[53,198],[37,136],[4,8],[1,12],[117,442]],[[326530,673011],[88,-182],[57,-115],[-12,-36],[-10,-4],[-1,-43],[-5,-24],[-14,-3],[-5,-25],[-13,-24],[-3,-14],[-5,-8],[-14,-51]],[[326460,671701],[-45,88],[-130,262],[-1,11],[1,11],[2,8],[2,3],[7,4],[2,5],[-3,5],[-3,11],[20,82],[4,14],[2,10]],[[325965,658436],[1,-354],[0,-17],[0,-68],[0,-142]],[[325966,657855],[-41,-2],[-31,-3],[-13,-1]],[[325881,657849],[-1,165],[0,49],[0,56],[-1,253],[-1,57],[0,3]],[[326975,659821],[10,35],[10,37],[22,79],[18,62],[3,11],[22,80],[39,54],[6,5],[18,-3],[2,0],[10,-8],[4,-5],[2,-7],[3,-11],[2,19],[1,0],[13,-4],[49,-123],[2,-6],[15,-32],[8,-18]],[[327234,659986],[-6,-17],[-3,-2],[-8,-61],[0,-19],[-6,-14],[-5,3],[3,-28],[-8,-34],[4,-10],[-4,-15],[-8,-7],[6,-9],[-3,-14],[10,-12],[-5,-18],[5,-23],[-15,-7],[4,-37],[-3,0],[-4,4],[-12,-20],[0,-21],[-9,0],[-3,-24],[-2,2],[0,-8]],[[327162,659595],[-14,-53],[-15,-43],[1,-22],[-23,-40]],[[327111,659437],[-21,99],[-4,20],[-5,2],[-13,45],[-3,9],[-6,24],[-3,3],[-4,18],[-20,-4]],[[327032,659653],[-5,24],[-1,8],[-13,8],[-23,111],[-10,-1],[-1,11],[-4,7]],[[323274,671220],[80,-23],[-13,174],[2,2],[9,25],[3,15],[-9,44],[-5,40],[-3,13],[-4,14],[-4,0],[-4,55],[0,16],[3,9],[2,7],[3,8],[20,6],[-1,34],[200,81],[-10,143]],[[323543,671883],[10,0],[12,9],[4,-5],[2,-26],[3,-4],[8,5],[19,-2],[-10,70],[1,48],[-5,62],[7,6],[14,25],[10,5],[14,-11],[13,-30],[4,-28],[7,-34],[5,-17],[0,-27],[14,-160],[7,-10],[1,-12]],[[323683,671747],[-4,-56],[-2,-55],[-4,-27],[-4,14],[-5,-19],[-2,-28],[3,-54],[7,-27],[5,0],[4,-12],[-1,-36],[-3,-11],[-8,-12],[-6,-27],[-15,-5],[-5,-13],[-10,0],[-11,11],[-12,-3],[-7,-13],[-10,-10],[-10,7],[-7,-5],[7,-111],[192,71],[24,12]],[[323860,670181],[-203,-64]],[[323657,670117],[-159,-41]],[[323498,670076],[-11,239],[-27,581],[-22,5],[-19,4]],[[323419,670905],[-31,7]],[[323388,670912],[-113,25],[-1,283]],[[323419,670905],[-2,-16],[-3,-10],[-4,6],[-2,8],[-4,5],[-5,-12],[-4,0],[-3,13],[-4,13]],[[324426,651522],[7,25],[-2,55],[1,19],[11,43],[15,15],[10,4],[15,-8],[6,-1],[1,-18],[19,21],[-6,14],[2,20],[15,31],[14,6],[20,-10],[8,0],[9,-52],[6,-13],[18,5],[98,17]],[[324693,651695],[1,-15],[0,-16],[4,-3],[2,-23],[-4,-19],[14,-5],[-15,-12],[2,-9],[20,11],[3,-15],[-11,-7],[5,-26],[10,10],[5,-25],[-13,-10],[-2,-8],[16,9],[-16,-20],[-2,9],[-10,-10],[-2,10],[-2,2],[-2,4],[-2,1],[-16,3],[2,-19],[-3,-50],[-3,-22],[-14,20],[0,-8],[-16,-2],[3,-79],[5,-52],[4,-17],[6,-21],[9,-7],[6,-8],[0,11],[11,2],[2,3],[17,22],[9,7],[3,11],[-12,105],[6,5],[2,1],[4,-2],[3,6],[10,11],[3,7],[4,5],[3,-1],[2,-3],[4,3],[3,7],[4,-2],[2,24],[2,7],[-6,21],[-5,7],[1,13],[-4,23],[2,9],[-2,11],[-2,8],[-2,4],[-1,-5],[-3,13],[-26,47],[-2,10],[-7,42]],[[324702,651698],[46,10]],[[324748,651708],[17,-202],[4,-45],[7,-93],[-2,-16],[-3,-61],[-1,-28],[7,-33],[2,-36],[2,-19],[6,-5],[2,2],[2,-6],[0,-7],[-3,-33],[3,-32],[-2,-13]],[[324789,651081],[2,-39],[-3,-17]],[[324788,651025],[-11,-23],[-11,-27],[-8,-50],[-1,-20],[-9,-34],[-1,-21],[-4,-13],[-9,-2],[-4,-10],[-2,-28],[-2,-27],[5,-66],[-3,-11],[1,-11],[4,-18],[-13,1],[-24,4],[-36,3],[-25,2],[-28,1],[-29,2],[-26,3]],[[324552,650680],[-20,1],[-33,1]],[[324499,650682],[-1,7],[5,63],[8,40],[1,50],[-4,46],[15,45],[7,34],[-11,54],[-14,59],[-14,29],[-3,18],[-6,20],[9,27],[2,38],[0,43],[-4,19],[-18,26],[-4,14],[-3,0],[3,34],[-7,9],[2,18],[7,-6],[7,59],[-11,11],[-1,14],[-2,7],[0,18],[-17,86],[-6,-1],[-9,-46],[-2,0],[-2,5]],[[323652,655776],[7,0],[2,0],[20,-2],[13,4],[32,-1],[4,0],[41,-2],[6,0],[35,-2],[108,-6],[18,-1]],[[323938,655766],[54,-2],[31,-1]],[[324023,655763],[-1,-9],[-5,-11],[-11,-55],[-3,-8],[1,-27],[6,-44],[-2,5],[-2,0],[13,-244],[-5,-29],[-8,-21],[3,28],[-2,26],[-10,43],[-4,30],[-3,-13],[3,-26],[-12,-10],[11,-27],[5,-1],[-7,-18],[-7,4],[-13,-33],[-4,-28],[-3,-9],[0,-14],[5,-23],[1,-23],[4,-19],[11,-40],[1,-29],[13,-40],[11,-8],[-8,-6],[-11,-23],[-1,16],[-11,39],[-2,32],[-5,30],[-6,29],[-1,-11],[19,-168],[-1,-9],[9,-34],[2,-8],[4,-21],[1,-4],[-9,-15],[-5,-50],[-14,-47],[-9,-55],[-34,-42],[-12,-11],[-2,13],[-1,34],[-36,-10],[-11,-10],[-6,-20],[-8,-16],[-8,12],[-9,2],[-5,18],[-15,30],[1,31],[-2,34],[-9,-4],[-11,78],[-8,-6],[-5,0]],[[323780,654918],[-7,19],[0,23],[-4,12],[1,47],[-10,30],[-1,27],[-6,20],[-9,17],[0,24],[-1,34],[-34,130],[-13,-4],[-1,5],[-12,20],[-8,3],[-10,-24],[-10,11],[-12,23],[1,12],[9,15],[-2,27],[-18,31],[0,25],[-2,6],[5,12],[1,46],[-6,15],[0,22],[9,25],[3,22],[-3,24],[2,20],[1,35],[-4,9],[4,17],[6,0],[8,44],[-5,21],[0,13]],[[323790,655506],[5,-45],[5,24],[4,-21],[5,3],[4,-16],[-5,-25],[5,-38],[7,-1],[2,-32],[-3,-4],[-15,-3],[1,-15],[8,-25],[7,-8],[14,0],[11,22],[-7,26],[-1,32],[-4,17],[12,29],[6,-13],[0,-20],[7,12],[5,19],[-4,16],[-4,-6],[-1,7],[-3,-5],[-3,14],[1,11],[2,15],[-8,7],[16,39],[14,4],[-3,21],[3,6],[-5,24],[-5,-15],[-5,26],[-13,26],[-22,-48],[-2,8],[-1,-4],[2,-12],[-6,-6],[-16,2],[-11,4],[1,-52]],[[323799,654915],[4,-8],[33,-18],[15,14],[-9,8],[-5,0],[-6,4],[-16,-1],[-4,3],[-6,-2],[-5,7],[-1,-7]],[[323594,654641],[3,-8],[-2,-20],[4,-22],[12,-10],[4,2],[4,-17],[13,-5],[4,-9],[11,6],[14,-31],[14,-15],[7,-29],[7,11],[11,-14],[30,1],[1,-29],[7,4],[-1,-11],[6,5],[8,17],[8,-27],[-4,-11],[4,-3],[10,9],[12,-14],[6,-22],[5,-6],[10,23],[8,31],[7,0],[10,-13],[3,10],[11,15],[4,-15],[4,12]],[[323849,654456],[4,-29],[3,-39],[4,-8],[11,-26]],[[323871,654354],[-11,-11],[-4,13],[-2,-6],[5,-19],[-8,-15],[-2,-31],[-4,6],[1,-22],[11,-4],[-6,-33],[-5,4],[-12,-9],[0,-24],[4,-19],[-6,-6],[-7,16],[-11,-8],[-2,-16],[-7,3],[-2,-39],[-7,-24],[-1,-17],[-6,-11],[-2,-2],[-7,20],[-6,-11],[-9,17],[-2,-8],[-2,-18],[8,-24],[9,-34],[-1,-12],[6,-37],[2,-41],[3,-9],[-4,-19],[0,-23],[-3,-29],[-32,10],[-36,-102],[-40,-105],[-96,-125]],[[323577,653530],[-30,293]],[[323547,653823],[-23,216],[-16,167]],[[323575,656961],[21,7],[7,-46],[5,-50],[5,-11],[3,-11],[43,15],[3,2]],[[323662,656867],[2,-42],[3,-21],[6,-16],[5,-26],[8,-13],[5,-41],[-1,-17],[3,-40],[9,-25],[3,-23],[4,-2],[2,-14],[-1,-29],[-4,-30],[5,-42],[-6,-16],[-19,-18],[-7,-12],[-5,-29],[1,-16],[11,-3],[3,-10],[-10,-13],[-4,-35],[-13,-17],[1,-13],[-8,-38],[2,-38],[-11,-14],[1,-20],[4,-17],[1,-31],[7,-33],[-1,-19],[5,-35],[-2,-49],[10,-33],[0,-29],[-4,-4],[-4,-2],[-10,-28],[2,-36],[-1,-22],[1,-43],[-2,-17]],[[323653,655796],[-9,-2],[-5,-3],[-72,-36],[-63,-25],[-57,-25],[-90,-35],[-51,-17]],[[323286,656225],[-5,202],[1,21],[-6,243],[3,2],[3,4],[55,31],[69,27],[35,15],[131,60],[-8,29],[11,102]],[[323149,655250],[4,-77],[2,-53],[5,-96],[0,-13],[11,-239],[2,-12],[0,-26],[2,-14]],[[324125,653694],[0,2]],[[324125,653696],[8,57],[10,56],[15,-4],[83,-45],[1,-17]],[[324242,653743],[5,-95],[15,-218],[6,-73],[8,-113],[1,-13],[3,-42],[10,-158]],[[324290,653031],[-45,-308],[-18,-115],[-2,-14]],[[324225,652594],[-3,8],[-27,64]],[[324195,652666],[-3,47],[-9,34],[-161,153]],[[324012,652910],[5,39],[8,43],[6,53],[57,400],[19,136],[16,98],[2,15]],[[323009,656171],[-3,-152],[10,6],[41,24],[16,13]],[[327128,665811],[26,-32],[9,-5],[6,10],[4,12],[25,65]],[[327198,665861],[4,9],[15,23],[21,11],[10,3],[13,12]],[[327261,665919],[27,20],[0,-6]],[[327288,665933],[1,-27],[-9,-12],[-1,0],[-8,-52],[-6,1],[-3,-5],[7,-18],[3,-32],[5,-4],[9,-20],[2,-33],[-8,-25],[7,-9],[-5,-23],[18,-59],[-3,-31]],[[327297,665584],[-35,38],[-13,15],[-4,5],[-30,-20],[-15,-9],[-21,-14],[-40,-25],[-2,40],[-9,197]],[[326475,656018],[26,1],[23,2],[15,5],[7,0],[5,-1],[8,-80],[1,-75]],[[326557,655799],[0,-17],[-2,-48],[-11,-37],[-7,-32],[-10,-45],[-9,-43]],[[326518,655577],[-12,0],[0,17],[-7,-2],[0,8],[-4,-1],[0,-5],[-1,-1],[0,-3],[-1,0],[-3,-2],[-4,-1],[-7,-3],[-7,-2],[-2,4],[-6,26],[-3,9],[-2,8],[-3,20],[-2,1],[0,9]],[[326454,655659],[2,-10],[5,1],[0,-18],[9,-10],[3,1],[3,1],[-1,26],[7,6],[0,21],[-10,-4],[0,10],[-2,32],[-7,-2],[0,-28],[1,-5],[-5,-1]],[[326459,655679],[-6,-2],[-2,5],[-2,12],[-1,16]],[[326448,655710],[-4,52],[-1,-3],[0,6],[14,6],[3,16],[-6,1],[-5,15],[-5,-1],[3,27],[2,16],[8,50],[5,4],[-4,2],[4,21],[2,16],[7,0],[-6,7],[1,7],[1,1],[5,32],[0,2],[3,13],[0,18]],[[326480,655699],[10,12],[1,-18],[1,1],[6,4],[-1,11],[-6,37],[-3,-2],[-14,-21],[6,-24]],[[326483,655626],[5,2],[0,11],[-3,9],[-3,-1],[1,-21]],[[326779,652579],[4,-12],[29,-79],[32,-85],[46,-101],[100,-283]],[[326990,652019],[-8,-36],[-15,-63],[0,-45],[-18,-87],[-1,-12],[-3,-29],[3,-39],[8,-19],[7,-5],[13,8],[2,-4],[-1,-40],[-2,-17],[-4,-6],[-3,-48],[-5,-11],[-5,0],[-4,-16],[-4,-10],[-3,0],[-1,8],[7,77],[-2,16],[-19,50],[-19,23],[-4,2],[-16,10],[-9,-8],[-4,-41],[-18,-57],[-6,2],[-4,24],[-4,20],[-10,52],[-9,9],[-1,-1]],[[326828,651726],[-3,11],[-2,8],[-22,89],[-5,19],[0,9],[-2,1],[-11,45],[-4,17],[-3,12],[-3,18],[-2,10],[-7,39],[-11,57],[-6,1],[0,17],[2,2],[-3,17],[-2,7]],[[326744,652105],[5,14],[-1,17],[4,30],[-7,49],[-1,18],[1,27],[3,19],[10,35],[1,10],[0,32],[2,1],[-5,24],[-5,24],[10,70],[1,6],[1,7],[3,22],[6,44],[7,25]],[[326203,657444],[22,86],[23,91],[28,109],[12,47],[2,35],[1,39],[2,-2],[0,29],[13,18]],[[326306,657896],[12,1],[9,0],[18,1],[7,1],[0,0],[46,2],[6,0],[0,0],[21,1],[4,1],[5,0],[97,5]],[[326531,657514],[0,-26],[0,-1],[0,-117],[0,-15],[0,-55],[0,-22],[0,-139],[0,0],[0,-60],[0,-211],[0,-79],[-1,-2],[0,-83],[0,-9]],[[326530,656695],[0,-2],[0,-129],[0,-76]],[[326491,656494],[-1,12],[-11,19],[-5,16],[-3,2],[4,53],[4,37],[3,10],[-5,18],[-13,-6],[-7,-5],[-11,31],[-30,60],[-10,39],[-3,1],[-8,3],[-9,12],[-2,7],[-6,34],[-1,41],[1,33],[0,15],[-10,42],[-13,51],[-8,23],[-6,36],[-24,22],[-2,4],[-1,19]],[[326314,657123],[-3,18],[-9,30],[-6,11],[-3,3],[-11,7],[-1,3]],[[326281,657195],[0,33],[-9,64],[2,24],[-2,12],[-15,23],[-13,18],[-15,53],[-23,12],[-3,10]],[[326728,655077],[0,-1],[5,-7]],[[326733,655069],[58,-92],[9,-14],[32,-51]],[[326832,654912],[-1,-36],[-6,-193],[-7,-40],[-1,-14],[0,-4],[-2,-42],[1,-14],[4,-27],[3,-21],[-1,-55],[0,-10],[-5,-81],[-11,-49],[-4,-18]],[[326802,654308],[-4,-35]],[[326798,654273],[-11,44],[0,-27],[-8,-26],[-7,1],[-5,23],[-8,49],[4,42],[3,27],[-3,25],[-1,10],[-13,13],[-8,9],[-3,3],[-25,16],[-4,3],[-35,-5],[-13,-2],[-5,50],[0,7],[0,8],[0,51],[-10,17],[-6,32],[-6,36],[-1,2],[-4,12],[-8,21],[-2,0],[-8,0]],[[326611,654714],[6,73],[7,16],[15,40],[13,33],[18,46],[12,33],[2,5],[23,59],[6,16],[9,23],[6,19]],[[323439,663564],[32,-13],[32,-14],[4,553]],[[323507,664090],[188,-12],[2,-23],[0,-22],[9,4],[18,-33],[9,-36],[5,-45],[3,-15],[5,-75],[12,9],[9,-10],[1,-24],[7,-12],[0,-16],[4,1],[3,5],[9,56],[0,10],[-3,7]],[[323788,663859],[4,7],[6,-14],[56,-173]],[[323834,663622],[-124,-339],[25,-447],[-13,-32],[1,-14],[-11,1],[6,-21],[-7,-18],[-3,-47],[-5,0],[-11,-42],[-10,-11],[0,-10],[-7,-7],[4,-4],[1,-20],[-4,-19],[-10,1],[-4,-14],[1,-32],[-7,-21],[0,-39],[-5,-7],[0,-32],[-10,-15],[3,-37],[-4,-50],[-4,-4],[5,-29],[-7,-22],[8,-20],[-4,-13],[6,-9],[0,-26],[8,-15],[-5,-9],[2,-9],[-6,-37],[-4,-12],[3,-34],[-1,-16],[5,-11],[-3,-33],[5,-16],[-10,-10],[-3,-22],[7,-11],[9,-50],[-8,-25],[4,-38],[-1,-11],[-6,-1],[2,-25],[-2,-13],[4,-10],[0,-34],[-5,-29],[0,-54]],[[323639,661698],[-2,-12],[0,-34],[-9,-3],[-17,-69],[3,-17],[-2,-14],[-6,-3],[-4,-30],[5,-15],[-5,-19],[-2,19],[-4,-18],[2,-21],[1,-35],[-4,-22],[-2,13],[-10,-3],[-8,-21],[-1,-28],[-8,-8],[-13,-2],[-5,-29],[-7,-22],[-9,-10],[-4,14],[-4,-4],[4,-23],[-7,-1],[5,-6],[3,-16],[-2,-22],[-4,1],[-1,25],[-7,-8],[-6,-28]],[[323509,661227],[-3,19],[-11,32],[1,5],[5,8],[-1,12],[5,6],[9,67],[-2,25],[7,35],[-3,11],[0,24],[8,8],[-7,32],[8,22],[-5,19],[0,15],[5,29],[-8,31],[2,7],[-4,22],[-4,7]],[[323511,661663],[-2,22],[3,7],[-13,28],[4,39],[-4,7],[9,13],[-4,16],[2,27],[-6,16],[0,12],[6,35],[-7,49],[9,28],[-5,6],[-8,23],[0,28],[-6,10],[-5,37],[2,14],[-2,28],[-6,-7],[-2,30],[3,11],[7,1],[-7,13],[-3,28],[10,19],[-7,21],[1,22],[-4,6],[-3,34],[2,6],[-5,22],[3,12],[-5,32],[4,28],[5,10],[-11,53],[-4,7],[4,24],[-11,31],[5,30],[-11,36],[1,21],[-75,-35]],[[323375,662563],[0,34],[6,36],[0,12],[-4,46],[2,17],[9,36],[12,18],[4,24],[1,22],[5,28],[1,17],[-2,50],[1,26],[-14,30],[-12,5],[-9,-3],[-6,13],[5,9],[4,18],[5,7],[6,22],[8,11],[-1,32],[7,9],[5,17],[13,-4],[5,6],[-6,8],[10,0],[3,20],[-6,54],[3,19],[-1,27],[3,15],[-2,53],[2,26],[-1,37],[-4,38],[0,36],[3,47],[7,51],[6,13],[-4,19]],[[327484,658323],[-5,-15],[-22,-36],[-1,15],[-4,-3],[-6,76],[-6,0],[0,21],[5,0],[-1,59]],[[327284,658537],[35,52],[29,43],[16,23],[45,66],[16,24],[39,58]],[[327443,658467],[-4,0],[0,-5],[-1,-4],[-2,-2],[-2,-5],[-4,3],[-3,-2],[-1,5],[0,7],[-6,-5],[3,-10],[5,-50],[-3,-21],[-1,-24],[-6,-18],[5,-55],[-1,-16],[-5,-8],[8,1],[-1,-12],[-18,-41],[-1,8],[-10,6],[-4,-36],[-4,1],[-7,-18],[6,-11],[-7,-6],[-6,37],[1,10],[-7,5],[1,19],[-6,6],[-5,-7],[-5,21],[-2,0],[-5,-86],[4,-28],[2,-45],[8,-17],[2,-22],[0,-5],[4,-15],[10,-4],[3,-13],[18,-14],[16,-40],[9,-61],[-7,-8],[-40,-75],[-34,137],[5,1],[-4,17],[-25,7],[-2,20],[-4,-2],[-1,-16],[-11,2],[-9,-4],[-3,47],[-6,39],[-1,14],[-41,-35],[-28,22]],[[327210,658056],[-5,79],[0,7],[-6,109],[-8,151]],[[327191,658402],[4,5],[78,114],[11,16]],[[326962,667583],[57,25],[24,11],[29,12]],[[327072,667631],[1,-20],[49,-190],[13,-52],[-3,-3],[-12,-168],[1,-2],[2,-22],[54,27],[11,-41],[9,-35],[1,-7]],[[327198,667118],[-4,-10],[-20,-66],[-1,-1],[0,-1],[-24,-85]],[[327149,666955],[-8,-26],[-4,-16],[6,-291],[4,-172],[3,-156],[-19,15],[-18,15],[-12,10],[-33,26],[0,0],[0,0],[-17,14],[-9,7],[-22,19],[-30,-14],[-37,-34],[-1,0]],[[326832,666556],[25,114],[17,80],[22,101],[52,240],[3,17],[10,60],[4,21],[2,10],[12,82],[-5,93],[-12,209]],[[326167,667077],[11,6],[7,-38],[-8,-57],[7,-30],[15,-10],[12,0],[12,-6],[6,-23],[6,-5],[10,11],[9,21],[4,5],[2,29],[-1,43],[2,6]],[[326261,667029],[11,-37],[5,-12]],[[326277,666980],[10,-18],[5,-19],[4,-28],[2,-73],[-1,-35],[0,-46],[6,-39],[29,-93]],[[326184,666603],[0,58],[1,41],[1,6],[0,22],[0,19],[-9,154],[-1,15],[-9,159]],[[325439,675225],[132,173]],[[325571,675398],[-1,-21],[9,-38],[12,-25],[5,-31],[8,-26],[4,-30],[6,-33],[12,-13],[10,-27],[18,-10],[14,-18],[15,-31],[4,-16],[1,-35],[48,48],[24,-168],[8,8],[11,-95]],[[325779,674837],[-14,-15],[11,-106],[-10,-11],[19,-134],[2,-1],[5,-37],[-4,-5],[-4,1],[-12,3],[-6,-7],[6,-80],[9,9],[7,-51],[1,-28],[-28,-10],[14,-261],[-35,-11],[-15,-5],[0,-21],[-4,-45],[4,-36],[-7,-63],[-4,-46],[-10,-26]],[[325704,673851],[-67,-90]],[[325637,673761],[-4,80],[-32,31],[-2,44],[-6,11],[-10,-17],[-3,61],[-5,-12],[-5,143],[-28,-32],[2,87],[-7,-9],[-6,5],[-5,44],[-22,30],[-14,5],[5,21],[-9,17],[-6,5],[-8,20],[-8,26],[-12,32],[-5,43]],[[325447,674396],[55,66],[15,24],[18,21],[9,9],[3,1],[2,2],[6,21],[2,3],[-26,255],[-7,82],[-7,-10],[-34,226],[-35,104],[-9,25]],[[325844,671281],[29,-154],[50,71],[70,101],[30,42],[15,21],[25,36],[8,12],[7,9],[8,12],[8,11],[-6,-20],[-1,-35],[-3,-24],[2,-14],[17,-45],[22,-18],[14,0],[5,-5],[23,-45],[12,-34]],[[326179,671202],[14,-34],[14,-9],[8,-6],[9,-17],[11,-29],[29,-82],[10,-39],[8,-59],[0,-14],[-11,-71],[-2,-18],[-1,-43]],[[327870,672032],[-2,-11],[-8,-32]],[[327650,672482],[4,10],[5,21],[7,61],[2,24],[8,62],[2,8],[10,13],[15,36],[16,55],[14,37],[5,-30],[11,-44],[20,-72],[9,-13],[0,-2],[31,-46],[6,-15],[31,-99],[-10,-21],[-9,-2],[14,-106],[8,-34],[12,-30],[-12,-50],[1,-13],[14,-21],[-5,-6],[7,-23],[5,7],[-7,-35],[9,-11],[-3,-6],[-2,-29],[9,-27],[-1,-11],[-6,0],[-6,-32],[6,-6]],[[327757,662216],[14,32],[3,10]],[[327774,662258],[2,-13],[12,-12],[1,-1],[9,3],[13,5],[4,-22],[-2,-6],[-11,-25],[-1,-1],[-2,-5],[-1,-39],[1,-7],[0,0],[0,0],[3,-44],[2,-17],[1,-8],[10,-73],[2,-12],[0,-4],[-8,-39],[1,-25],[1,-3],[2,-50],[2,-4],[-4,-15],[-4,-8],[-8,23],[-6,24],[-3,35],[4,28],[3,0],[6,-29],[5,49],[-8,5],[1,20],[2,11],[2,13],[-7,16],[0,-1],[-25,-21],[-22,-18],[-4,6],[-16,28],[-9,14],[-2,0],[6,41],[7,11],[-13,13]],[[327720,662101],[10,34],[0,18],[2,23],[18,29],[5,0],[2,11]],[[324659,665239],[-3,-200],[-69,-113],[-3,-5],[-79,-129],[-21,-49],[-4,5],[-23,1],[-12,37]],[[324445,664786],[-2,7],[-16,46],[1,1],[2,0],[0,4],[-1,4],[-2,8],[-1,1],[-2,-3],[-2,-2],[-9,29],[-31,90],[-4,12],[-126,16]],[[324252,664999],[17,1057]],[[329339,654934],[13,-27],[74,-84],[56,-64],[3,-11],[1,-3],[88,-70],[51,-23]],[[329625,654652],[-23,-91],[-7,-24]],[[329595,654537],[-3,1],[-4,-14],[-3,-10],[1,-10],[1,-4],[0,-5]],[[329587,654495],[-6,-13],[-9,-34],[-35,-130],[-1,-4],[-1,-4]],[[329535,654310],[-19,-71]],[[329516,654239],[-8,9],[-2,-3],[-11,0],[-19,-53],[-10,22],[-4,13],[0,15],[0,3],[-1,2],[-3,7],[-2,2],[-15,22],[-4,-5],[-4,-39],[-12,-50],[-9,-13],[-3,10],[-1,0],[-5,-19],[-18,-31],[0,14],[-8,22],[-13,74],[1,26],[-3,21],[-8,-39],[-10,-19],[-5,-61],[-12,-13],[-9,6],[-4,36]],[[329314,654198],[1,2],[4,36],[8,14],[1,-2],[7,22],[6,10],[-1,17],[10,24],[4,-9],[-13,41],[7,49],[-23,19],[1,5],[-8,10],[-12,44],[-6,15],[-5,-2],[-1,21],[2,-7],[4,25],[15,36],[4,37],[7,21],[25,-18],[10,-13],[28,-44],[6,-21],[0,17],[0,3],[-33,53],[5,57],[-4,16],[-29,17],[-3,-8],[1,10],[-9,6],[1,30],[3,-1],[4,30],[-6,5],[2,30],[-7,13],[5,23],[0,30],[10,28],[-10,35],[5,7],[7,-2],[2,5]],[[328078,660893],[18,-11],[11,-27],[18,-52],[1,-25],[-3,-21],[0,-21],[5,-18],[5,-8],[4,-3],[19,-7],[18,11],[10,-8],[4,16],[8,8]],[[328250,660031],[-37,-70]],[[328213,659961],[-41,-51],[-27,-44],[-2,-3],[-28,-49],[-42,-83],[-19,-39]],[[327958,659815],[5,133],[3,60],[5,132],[2,57],[5,118],[-5,7],[-13,1],[-5,-6],[-2,4],[-2,3],[-1,25],[4,15],[-10,87],[-12,69],[-5,19],[0,24]],[[327927,660563],[1,8],[0,0]],[[327928,660571],[0,1],[5,9],[-6,41],[8,6],[4,-12],[-2,-32],[6,17],[5,5],[2,26],[15,16],[12,0],[3,8],[4,38],[-5,5],[1,35],[1,1],[2,8],[12,-9],[8,15],[9,1],[12,-15],[13,18],[6,-4],[0,-15],[-6,-14],[-3,-27],[-5,-4],[1,-14],[16,-30],[5,-31],[3,-13],[1,-6],[7,-17],[1,-3],[10,-22],[0,2],[2,2],[8,13],[10,17],[2,34],[2,20],[2,35],[6,20],[-2,3],[-12,13],[-3,18],[2,18],[-4,26],[0,17],[4,9],[-1,13],[-7,4],[-10,31],[7,32],[-1,13]],[[327417,661095],[4,12],[4,19],[6,26],[5,7],[8,8],[1,7],[1,3],[9,-34],[4,2],[4,0],[1,1],[3,2],[2,2],[8,7],[2,13],[-1,1],[0,4],[1,1],[0,3],[1,1],[0,-3],[4,6],[1,-2],[4,10],[0,3],[0,18],[3,5]],[[327492,661217],[-1,-7],[9,1],[5,-11],[0,-4],[2,-5],[1,1],[0,0],[4,-7],[2,-6],[3,-12],[9,6],[-3,-30],[-3,-3],[-2,-3],[0,-10],[0,-1],[4,-7],[-1,-12],[-1,-14],[-1,-8],[7,9],[1,5],[8,5],[1,-16],[-3,-9],[7,-8],[1,-9],[-1,-1],[2,-10],[0,0],[2,-9],[-5,-13],[3,-9],[1,0],[0,-6],[-8,-4],[-10,-10],[1,-5],[4,1],[11,1],[0,-5],[10,3],[2,-2],[1,-1],[9,3],[6,5],[-3,-28],[-1,-4],[4,-7],[-6,-31]],[[327563,660930],[-4,3],[-10,-7],[-8,-29],[7,-30],[-1,-9],[-26,-53],[-8,17],[-1,24],[-8,9],[-1,-5]],[[327503,660850],[-1,1],[-5,-2],[2,19],[-4,17],[1,4],[-2,1],[1,2],[-2,1],[0,3],[-1,0],[0,1],[-1,0],[-1,0],[0,8],[1,3],[1,1],[-2,20],[-2,0],[-6,1],[-13,8],[-1,1],[-3,4],[-1,12],[-3,-3],[-3,8],[-1,5],[-2,3],[-6,-1],[-11,23],[0,9],[-2,5],[-6,1],[0,-1],[1,10],[-5,3],[-1,7],[-1,7],[-1,14],[-1,-1],[-4,38],[-6,3]],[[327412,661085],[5,10]],[[326861,665344],[20,11],[13,6],[18,-9],[7,3]],[[326919,665355],[25,-44],[29,-52],[30,-55],[9,-17],[7,-13],[78,-140],[70,-127],[1,-1],[13,-25],[-1,-11],[-9,-10],[12,-149],[20,-46]],[[327203,664665],[-3,-4],[-10,-22],[-19,-41],[-17,-101],[-25,-148],[-7,-42],[-6,-32],[-12,23],[-4,7],[-3,4],[-38,68]],[[327059,664377],[0,1],[-45,77],[-18,33],[-17,29],[-13,21],[-5,10]],[[326961,664548],[-26,46],[-3,5],[-12,15],[1,3],[8,-14],[-4,57],[-22,-12],[-2,5],[-33,57],[-23,40],[-50,86]],[[327160,661125],[2,-4],[11,3],[4,21],[14,18],[-4,28],[4,-2],[11,-22],[14,-44],[9,16],[12,0],[5,-13],[6,10],[7,14],[5,-1],[2,2],[19,-11],[5,0],[8,12],[-1,13]],[[327293,661165],[18,19],[3,-5],[-4,-12]],[[327310,661167],[-9,-16],[-9,-28],[-4,-12],[-2,-6],[-6,-18],[-1,-6],[-9,-26],[-5,-4],[0,-14],[-1,-6],[-8,1],[0,-7],[8,1],[-8,-12],[2,-21],[5,-17],[4,-15],[1,-2],[9,-40],[1,-20],[0,-11],[2,-8]],[[327280,660880],[-2,-48],[8,-46],[-11,-20],[-17,-33],[-13,-26],[3,-1],[3,-6],[0,-3],[-1,-3],[-1,-4],[-1,2],[-1,0]],[[327247,660692],[-5,9],[-12,-20],[-8,-16],[-9,28],[-6,17],[-12,37],[-4,12],[-8,25],[-10,23],[3,41],[0,7],[-4,27],[1,15],[0,6],[-7,15],[-19,-11],[-1,0],[-7,42],[-2,3],[-7,8]],[[327130,660960],[-7,14],[-2,16]],[[327121,660990],[1,3],[38,132]],[[326204,661541],[2,37],[8,195],[1,31],[0,4]],[[326215,661808],[42,-22],[101,-53],[27,-14],[12,-6],[29,-15],[40,-21],[18,-10]],[[326484,661667],[2,-13],[3,-15],[3,-36],[16,9],[22,-91],[0,-4],[13,-157]],[[326543,661360],[-7,-32],[-8,-38],[-2,-12],[-14,-65],[-17,-39]],[[326495,661174],[-33,-3],[-13,-3],[-3,-1],[-33,-5],[-3,1],[-6,3],[-14,8],[-23,16],[-5,2],[-4,-1],[0,1],[-14,-10],[-3,-3],[-12,-8],[-10,-3],[0,-2],[-1,-2],[-23,-42],[-10,2],[-11,15],[-17,43],[-17,-7],[-9,-23],[-37,7],[-10,-6]],[[326184,661153],[1,4],[10,74],[9,62],[2,17],[1,9],[2,113],[1,27],[-5,79],[-1,3]],[[324995,660800],[45,-9],[-1,-9],[-1,-31],[12,-63],[3,1],[10,-60],[6,8],[5,-14],[13,20],[4,-32],[4,8],[10,-14],[6,-9],[6,2],[2,0],[1,6],[13,-10],[2,5],[-4,4],[-1,3],[-13,13],[-7,42],[2,10],[3,11],[3,5],[13,37],[10,-16],[-1,-4],[4,3],[5,-4],[-2,-18],[-5,-21],[1,-1],[3,-3]],[[325146,660660],[-3,-10],[2,-8],[2,-4],[2,-7],[4,-1],[0,-10],[7,-21],[2,-6],[4,-48],[9,22],[12,28],[4,-13],[8,10],[-8,-45],[-3,-17],[-8,-40],[-2,-20],[-1,-19],[-6,-68],[1,-8]],[[325172,660375],[-2,0],[-3,-35],[-8,-43],[3,18],[-2,6],[-8,6],[4,42],[-1,0],[-41,-15],[-13,-5],[-18,-7],[-17,-6],[-1,0]],[[325000,660768],[-5,32]],[[326941,661464],[8,-30],[2,0],[16,-2],[8,11],[12,-12],[11,-1],[8,-22],[1,-23]],[[327007,661385],[1,-17]],[[327008,661368],[-5,12],[-2,1],[-10,-3],[-39,-103],[-9,-23],[-8,-21]],[[326935,661231],[-13,-35],[-12,-31]],[[326853,661178],[-7,-4],[-1,5],[1,11],[0,5],[-3,14],[-9,-10],[-3,0],[-5,10],[-2,8],[-2,9],[-7,22],[-7,21],[-17,-12],[-10,-1],[1,2],[-2,0],[-36,-6],[-7,24],[-2,13],[2,2],[-2,31],[-1,-1],[-1,8],[-3,49]],[[326718,661116],[10,11],[16,14],[20,3],[23,-3],[6,-18],[-2,-10],[4,-17],[-9,-21],[-3,-6],[-4,-9],[-4,4],[-6,-10],[-2,-13],[8,-4],[-3,-26],[-10,-24],[-5,-37],[-18,51],[-6,33],[-11,74],[-4,8]],[[325440,660465],[7,38]],[[325447,660503],[19,22],[22,22],[20,1],[6,9],[15,29],[11,5],[50,26],[33,16]],[[325623,660633],[0,-15],[0,-29],[11,-46],[25,15],[11,6],[28,15],[5,-31],[1,-6],[11,-197],[1,-13]],[[325716,660332],[2,-42]],[[325718,660290],[-13,-20],[-9,2],[-13,2],[-1,10],[-8,3],[0,14],[-15,36],[-20,-40],[0,-15],[-13,4],[3,26],[8,22],[-39,5],[2,-17],[-13,-22],[-3,-6],[-3,-33],[9,-47],[-9,-28],[-9,-3],[-1,-14],[-4,-22],[-4,-2],[1,-22],[-13,-4],[0,17],[-7,24],[2,11],[-7,-8],[-7,11],[-7,18],[-5,-14],[-8,8],[-15,-26],[-11,-27],[-11,-6],[-7,15],[-5,-18],[-4,8]],[[325459,660132],[-9,150],[0,6],[-4,64],[-6,113]],[[325052,665083],[42,49],[33,-3],[124,-9],[59,-4]],[[325310,665116],[0,-7],[-1,-17],[-4,22],[0,-27],[-2,-31],[2,-16],[1,-112],[5,-134],[11,-32],[2,-31],[-2,-118],[-2,-88],[-3,-191],[25,-79],[6,12]],[[325348,664267],[5,-5],[13,-16],[4,-11],[6,-20],[12,-77],[7,-34],[-6,-2],[2,-9],[-2,-44],[-14,10],[-11,29],[-6,-8],[-3,7],[-2,9],[-1,31],[-5,23],[-3,14],[-15,36],[-7,13],[-4,-8],[-2,-5],[-10,-21],[-21,-45],[-8,-17],[-11,-1],[-11,9],[-9,7],[-9,3],[-4,-5],[-14,-45],[-10,-13],[-17,1],[8,-34],[-2,-75],[1,-25],[2,-5],[19,-15],[3,1],[-82,-208],[-24,-30],[-8,12],[-6,-2]],[[325103,663692],[0,1]],[[325103,663693],[13,340],[-33,4],[-7,1],[-38,5],[1,45],[1,46],[21,-5],[0,15],[0,2],[1,56],[-6,-2],[-12,3],[-4,-4],[0,19],[1,45],[5,328],[3,278],[2,158]],[[326348,654864],[5,-1],[4,23],[5,-1],[6,14],[1,6],[2,-24],[7,15],[3,1],[11,3],[10,23],[3,19],[7,2],[4,-8],[-5,-27],[3,1],[5,5],[6,7],[4,1],[7,24]],[[326436,654947],[4,18],[17,12],[9,-1],[3,-11],[6,21],[12,-20],[5,-30],[11,4],[6,-8],[9,-62],[3,-10],[3,11]],[[326524,654871],[8,-31],[0,-2],[3,-68],[0,-6],[-1,-39],[10,-16],[3,-5],[1,0],[-13,-56],[-1,-3],[-1,-3],[0,-31]],[[326533,654611],[-5,-4],[-1,29],[-5,13],[-3,-15],[-10,-16],[-5,7],[3,-41],[-16,-4],[0,5],[-2,0],[-20,12],[-19,2],[-16,3],[-3,-2]],[[326431,654600],[-7,23],[-3,-6],[-12,2],[0,-26],[-16,-5],[-4,-7],[0,26],[-11,3],[-5,-32],[-10,-1],[0,-8],[-3,-1],[0,-3],[-9,7],[-1,10],[1,3],[-5,0],[4,39],[-10,1],[-1,53],[-1,-8],[-1,-1]],[[326337,654669],[0,25],[-1,10],[-3,17],[-4,38],[19,38],[-2,30],[6,19],[-4,18]],[[325666,665098],[8,170],[0,3]],[[325674,665271],[6,-8],[6,-27],[1,-3],[5,-14],[7,-12],[4,-6],[5,2],[13,-39],[6,-18],[31,-47],[47,-69],[4,-9],[19,-13],[3,33],[4,9],[7,-13],[9,-44],[9,-2],[15,7],[-2,17],[2,15],[16,18],[-4,24],[-11,1],[-1,10],[6,22],[-4,10],[2,10],[9,-3],[5,26],[3,56],[-3,9],[2,17],[9,-5],[2,-22],[10,44],[0,16],[2,25],[-1,24],[2,11],[52,42],[22,18],[-2,-9],[10,16],[47,39]],[[326048,665429],[4,-68],[5,-108],[60,-56],[57,72]],[[326174,665269],[-3,-95],[-3,-33],[3,-51],[13,-199]],[[326184,664891],[-4,-152],[-9,-280],[-1,-41]],[[326170,664418],[-16,-16],[-10,-38],[-16,-32],[0,-1]],[[326128,664331],[-88,51],[-72,41],[-17,10],[-55,31],[-35,20],[-10,6],[-5,-11],[-14,13],[-5,-18],[-2,-5]],[[325825,664469],[-5,-1],[0,17],[-8,-12],[0,16],[-4,17],[3,13],[-5,7],[-9,2],[-2,-8],[0,24],[-5,-1],[-11,40],[2,22],[-8,8],[-2,14],[2,15],[-1,28],[-6,22],[2,30],[-4,-7],[-5,17],[1,39],[-7,6],[-7,20],[-2,17],[5,20],[-6,-1],[-7,13],[-14,13],[-5,22],[2,4],[-4,15],[3,17],[-2,31],[-5,16],[-2,31],[-4,-17],[-6,20],[-2,29],[-4,15],[-4,3],[-14,32],[-2,14],[-3,-6],[-4,13]],[[324542,654884],[73,-45],[5,-1],[116,-72],[115,-67],[7,-4],[22,-13]],[[324880,654682],[-1,-10],[-14,-62],[-10,-20],[-5,-4]],[[324850,654586],[-18,11],[-8,-9],[-2,-33]],[[324822,654555],[-9,-23],[-19,-28],[-7,-20],[-3,-27],[-2,-6],[-14,32],[-10,14],[-9,-3],[-4,-25],[1,-27],[-3,-25],[-14,-40],[-11,-17],[0,-7],[7,-39],[-5,-27],[9,-34],[2,-70],[-2,-20],[1,-24],[7,-42],[2,-3],[8,8],[4,-13],[3,-31],[0,-31],[-5,-40],[2,-35],[7,-31],[-1,-21],[16,-6],[-4,-90],[-1,-34],[-6,-114],[-9,-228]],[[324753,653428],[-5,3],[-3,-7],[-5,-8],[1,11],[1,8],[-43,26],[-5,3],[-4,3],[-21,12],[-30,19],[-72,44],[-51,31]],[[324516,653573],[-75,47],[-20,11],[-27,17]],[[324394,653648],[-5,49],[-6,36],[2,89],[52,32],[11,152],[1,46],[-10,150]],[[328369,663918],[0,21],[1,12],[4,6],[5,-4],[3,-7],[5,-10],[1,-11],[1,-10],[-3,-5],[-1,-5],[-2,-4],[-2,0],[-2,-6],[-1,-9],[-2,-5],[-3,1],[-1,-4],[-3,4],[-2,12],[2,24]],[[328327,664117],[2,5],[7,-3],[2,-17],[3,0],[4,16],[4,-5],[2,-20],[0,-11],[-7,-18],[-10,14],[-7,-6],[-3,13],[3,32]],[[327982,664006],[13,-11],[4,-3],[-6,38],[5,23]],[[327998,664053],[-3,8],[20,-16],[14,-23],[12,-25],[13,-17],[7,-3],[1,-31],[2,18],[20,-6]],[[328084,663958],[-6,-29],[4,-12],[7,-20],[11,19],[11,20],[1,1],[12,8],[11,-33],[-7,-78],[-35,-38],[-13,-53],[-7,-30],[-3,-13],[-1,-17],[-1,-19],[-1,-18],[0,-1],[0,-2],[-1,-21],[14,-35],[10,-3]],[[328090,663584],[-3,-19],[-8,-12],[-14,-49],[3,-9],[-1,-16],[-2,-14],[-13,-18],[1,-14],[2,-26],[-1,-7],[-12,-42],[-5,-5],[-1,6],[-3,9],[-1,1],[-3,-9],[-1,2],[0,-4],[0,-5],[1,-3],[1,1],[1,-3],[-5,-3]],[[328026,663345],[-3,2],[-2,3],[-2,1],[-3,-1],[-9,-5],[-1,-2],[-3,-5],[-21,20],[-64,57]],[[327918,663415],[-4,4]],[[327914,663419],[-43,39],[-2,3]],[[329115,650884],[-3,-6],[-15,-30],[0,53],[-10,66],[-3,10],[-11,-3],[-5,-26],[-9,-22],[-9,-17],[0,-27],[-7,-5],[-3,-18],[-4,-10],[-7,0],[-7,0]],[[329022,650849],[-9,16],[-6,8],[13,103],[11,69],[1,15],[3,76],[1,42],[-1,6],[-3,51],[26,27],[-11,42],[-18,22],[-1,18],[-13,13],[-17,-1],[-2,13],[-6,20]],[[328990,651389],[6,3],[9,5],[6,21],[10,31],[11,36],[23,34],[13,-24],[12,-73],[4,-26],[1,-4],[14,-86],[0,-11],[0,-41],[1,-59],[-3,-49],[-5,-97],[7,-81],[16,-84]],[[327248,661600],[6,6],[-1,5],[4,11],[2,2],[-1,4],[2,1],[0,10],[5,12],[2,4],[7,5],[2,8],[-2,3],[1,2],[1,3],[1,-3],[3,7]],[[327280,661680],[6,-12],[9,-22],[-3,-2],[14,-15],[8,4],[0,4],[2,-2],[4,-10],[2,-6],[1,-4],[9,-22],[8,15],[2,0],[3,7],[4,2],[4,-2],[7,-13],[1,3],[2,-2],[5,39],[1,18],[2,0]],[[327371,661660],[-3,-36],[2,-14],[0,-6]],[[327370,661604],[-2,-13],[-5,-25],[-1,-5]],[[327362,661561],[0,-17],[-3,-25],[-4,-18],[-1,-11],[-2,-22],[-9,-14],[-2,1],[-4,12],[-7,-14],[-11,-48],[5,1],[4,-16],[3,-29],[-5,-17],[-7,24],[-7,4],[-3,-14],[-4,-16],[-8,-46],[-6,-35],[-12,-48]],[[327279,661213],[-21,40],[1,19],[6,25],[8,12],[2,10],[4,2],[-3,13],[7,24],[-6,11],[-1,-11],[-3,3],[-1,5],[1,5],[1,11],[-2,6],[4,31],[2,16],[-3,9],[-6,9],[-4,13],[2,16],[-1,4],[1,1],[0,3],[3,3],[0,3],[2,-1],[-1,2],[1,0],[-12,20],[-12,14],[-4,9],[-1,33],[10,18],[-5,9]],[[324410,672331],[63,-4],[11,-374],[101,-406]],[[324585,671547],[-86,-63],[41,-261],[-24,-194],[-7,8],[-20,39],[-14,-1],[-14,-11],[-20,10],[2,-14],[9,-20],[6,-29],[13,-31],[17,-12],[17,-25],[-10,-85]],[[324495,670858],[-141,6],[3,-14],[3,4],[-3,-29],[0,-30],[-3,5],[1,34],[-6,22],[1,8],[-290,29]],[[323011,666187],[64,-581],[2,-24]],[[327791,657552],[1,6],[6,-5],[0,3],[2,6],[6,9],[2,5],[8,-16],[5,18],[0,9],[-1,7],[25,14],[5,-4],[-1,-32],[-14,-24],[2,-24],[-11,-29],[-12,45],[-7,-2],[-7,-12],[-1,4],[-8,-6],[1,12],[-2,3],[1,13]],[[324849,672656],[120,68],[-6,21],[-16,8],[-15,17],[-12,31],[-13,23],[-11,52],[2,31],[-8,24],[-19,34],[-2,13],[-14,32],[7,25],[-4,50],[-5,10],[3,5],[12,-24],[13,3],[9,-9]],[[324890,673070],[9,2],[10,-7],[20,1],[27,-19],[2,27],[7,-3],[33,-2],[14,-9],[22,-37],[6,-6],[3,27],[10,-1],[-51,359],[-1,12],[-27,193]],[[324974,673607],[18,79],[64,141],[3,66]],[[325059,673893],[56,73]],[[325115,673966],[4,-330],[18,-17],[10,-24],[13,-9],[8,-11],[19,22],[14,-13],[5,-11],[3,-19],[10,-29],[8,-43],[19,-19],[9,11],[4,22],[-3,72],[-9,87],[4,8],[3,50],[9,-3],[11,5],[4,-10],[1,-26],[6,-33],[-5,-13],[-13,-17],[2,-13],[8,-2],[7,-14],[1,-21],[6,3],[5,-10],[2,-13],[-13,-66],[-12,-17],[-9,-3],[-3,-37],[4,-18],[6,-52],[9,-46],[10,-33]],[[325290,673274],[-14,-19],[2,-9],[73,-409],[113,-633]],[[325078,671917],[6,64],[-3,39],[-5,30],[-5,13],[-1,29],[-4,19],[-21,3],[-13,8],[-18,39],[-12,35],[-11,21],[-11,12],[-4,-42],[-9,-19],[1,-19],[-9,-13],[-10,22],[-6,1],[-5,13],[-6,1],[-4,-13],[-58,356],[-11,81],[-10,59]],[[325770,651233],[6,4],[-1,25],[5,5],[0,20],[-4,2],[1,16],[8,-2],[0,23],[10,-2],[-1,60],[-3,24],[5,6],[5,-38],[-1,-73],[3,-28],[5,6]],[[325808,651281],[2,-1],[-14,-47],[-9,-8],[-8,5],[-9,-14],[0,17]],[[327454,661753],[13,13],[3,-20],[-3,-9],[-7,-19]],[[327460,661718],[-3,5],[-5,3],[-4,21],[6,6]],[[328850,677567],[-138,-497],[-17,-62]],[[328695,677008],[-28,215],[-12,-12],[2,-18],[-3,-10],[-11,-7],[-10,-21],[-26,-35],[-5,-3],[-7,8],[-12,-4]],[[328583,677121],[-75,353],[-1,12],[-4,77],[-31,561],[-65,-70]],[[328504,676336],[36,199],[55,-108],[0,30],[7,17],[-5,18],[-3,41],[10,-6],[-4,21],[-10,21],[-1,19],[-4,-17],[-6,39],[-9,38],[4,6],[3,16],[19,-41],[23,-19],[9,-3],[9,-23],[14,-24],[20,118],[8,-11],[6,8],[4,29],[10,4],[5,13],[5,27],[10,22],[-2,15],[2,24]],[[328719,676809],[7,-58],[80,-600]],[[328806,676151],[-69,-265],[-16,-59]],[[328721,675827],[-28,86],[21,68],[-1,5],[-20,13],[-16,-33],[-45,-70],[-4,60],[0,23],[-7,28],[-50,-92],[-8,21],[-5,2],[-2,10],[-1,47],[-34,-3],[0,222],[-4,24],[4,8],[5,27],[-11,16],[2,27],[-13,20]],[[328212,677629],[73,127],[107,181],[15,117]],[[328583,677121],[-7,-3],[-15,-11],[-18,12],[-16,19],[-5,19],[-7,3],[-7,-9],[-4,-11],[-11,-46],[0,-28],[3,-20],[3,-7],[8,3],[4,-26],[6,-7],[5,4],[5,-6],[2,-23],[7,-16],[-2,-36],[8,-25],[-8,6],[-7,-3],[-8,-34],[-4,-9],[-8,0],[-1,-36],[-3,18],[-8,31],[-3,8],[-14,7],[-4,17],[-5,-2],[0,11],[-10,42],[-9,11],[-9,-12],[-5,12],[-19,20],[-8,20],[-17,13],[-7,0],[-4,-12],[-3,-24],[-6,-22],[-9,15],[-14,-15],[1,-24],[6,-24],[2,-40],[-8,-39],[-6,-42],[-14,5],[-14,24],[-18,16],[-10,0]],[[328288,676845],[-3,-5],[-7,15],[-16,12],[-9,-2],[-6,9],[-7,2],[-3,19],[-11,8],[-1,14],[1,15],[-11,19]],[[328215,676951],[1,235]],[[328216,677186],[0,48]],[[328216,677234],[-1,42],[-3,353]],[[325726,668602],[10,-129],[-15,-8],[5,-95],[10,-157],[-12,-5],[7,-51],[14,-133],[-13,-7],[-19,-4],[-56,-32],[1,-12],[3,-71],[-13,-8],[5,-89],[-6,-3]],[[325647,667798],[-87,-34],[0,-6]],[[325560,667758],[-20,-8],[-4,34],[-5,5],[-6,71],[1,32],[-4,20],[-3,47],[-5,1],[4,78],[-1,57],[-21,-9],[-2,43],[-6,-7],[-32,-2],[-2,41],[-6,-1],[-14,-5],[-1,25],[-16,-9],[1,-16],[-8,-6],[-21,281],[39,19]],[[324495,670858],[13,-1],[-30,-545],[5,2]],[[324483,670314],[-30,-456]],[[324453,669858],[-19,-282]],[[324434,669576],[-218,25],[10,33],[0,31],[8,34],[14,31],[-4,39],[-29,-19],[-2,81],[3,19],[7,21],[8,49],[1,18],[-6,39],[-4,64],[7,24],[-2,26],[3,21],[-1,33],[1,12],[-4,22],[-18,33],[-12,-14],[-12,-7],[-5,-14],[-8,-3],[-17,-60],[-14,-15],[-6,0],[-7,-30],[-13,-10],[-6,-26],[1,-38],[5,-49],[-2,-51],[-6,-7],[-3,-14],[-17,-11],[-15,13]],[[324071,669876],[2,90],[-78,12]],[[323995,669978],[15,237]],[[325536,663917],[73,-40]],[[325609,663877],[10,-6],[32,-18],[68,-38]],[[325719,663815],[23,-13],[-1,-11],[7,-13],[2,-16],[1,-1],[4,-17],[5,-3],[-1,-19],[-6,-10],[9,-5],[-1,-26],[7,-8],[-3,-29],[-3,10],[-3,-19],[-3,1],[0,-17],[-9,-46],[3,-21],[5,1],[17,-30],[1,-12],[-5,-62],[0,1]],[[325768,663450],[-4,-62],[-9,-38],[-5,2],[2,-2],[2,-7],[1,-13],[-1,-4],[-4,-2],[-5,-36],[4,-32],[-7,-4]],[[325678,662716],[-21,14],[-49,35],[-6,3],[-15,11],[-7,5],[-24,-79],[-17,-57],[-15,-48],[-14,-48],[-1,-3],[-12,-39],[-11,-36]],[[325455,663232],[13,186],[2,16],[17,244],[5,65],[12,26],[2,5],[2,10],[28,133]],[[328997,672476],[-24,-213],[5,-42],[11,-21],[2,-50],[1,-34],[1,-6],[11,-44],[5,-23],[2,-12]],[[329011,672031],[-27,43],[-4,8],[-18,28],[-85,144],[-82,136]],[[328795,672390],[4,27],[-1,16],[20,5],[10,-3],[4,-7],[5,6],[5,-5],[14,23],[4,-3],[7,-29],[2,15],[6,-1],[13,32],[7,-1],[2,3],[6,-3],[10,13],[8,-32],[4,-5],[5,35],[5,17],[10,1],[12,10],[2,14],[2,-4],[11,5],[12,-29],[2,1],[11,-15]],[[325975,659535],[0,-29],[-8,-27],[24,-56],[12,-28],[39,-92],[3,-5],[4,-10],[26,-68],[9,-27],[20,-56],[9,-1],[21,-5],[8,-28],[3,-30],[14,-23]],[[326159,659050],[0,-10],[3,-37],[-8,-28],[8,-33],[-3,-16],[5,-30]],[[325942,659349],[0,77],[0,34],[5,11],[9,20],[19,44]],[[326533,654611],[1,-31],[-1,-64],[-1,-9],[3,-10],[6,-31],[1,-2],[3,-15],[1,-8],[19,-36],[2,-3],[18,-11],[21,10],[0,-5],[0,-14],[-20,-44],[-2,-4],[-3,-8],[-1,-2],[0,-34],[0,-9],[4,-38],[-3,-36],[-1,-11],[0,-10],[0,-67],[0,-4],[9,-21],[-7,-41],[-13,-24],[-7,-11],[-6,-79],[1,-70],[-3,-16],[-12,-54],[-2,1],[-11,7],[-13,43],[-1,1],[-10,10],[0,3],[-3,98],[3,24],[1,9],[-3,8],[-3,-1],[-4,-1],[-14,-5],[-3,-1],[-9,1]],[[326470,653996],[-5,37],[-3,34],[-1,10],[-10,47],[-2,5],[-20,33],[-7,22],[-2,-14],[-16,-1],[0,-6],[-2,16],[-3,0],[-4,46],[3,1],[-7,14],[19,1],[1,-5],[6,15],[2,3],[0,3],[2,3],[-7,22],[1,11],[3,34],[2,-5],[13,18],[-1,12],[-4,20],[-1,2],[-1,3],[-2,36],[-4,36],[-8,25],[-3,1],[2,35],[14,5],[3,12],[-6,48],[5,1],[-1,19],[6,3],[-1,2]],[[326383,654191],[-1,26],[10,6],[4,-43],[-1,-9],[-14,18],[2,2]],[[326624,668686],[15,-10],[111,-71],[2,34]],[[326752,668639],[5,-26],[1,-13],[81,-54],[18,-12],[108,-70],[59,-38],[2,-21],[7,-21]],[[327033,668331],[1,-62],[2,-37],[7,-108],[5,-75],[6,-100],[2,-29],[7,14],[-1,8],[10,25],[11,5],[2,14],[4,-12],[1,-18],[6,3],[6,23],[6,-13],[-1,-16],[-5,-3],[-7,-40],[1,-26],[-5,-53],[-7,9],[-4,-26],[-6,-23],[0,-30],[4,5]],[[327078,667766],[-11,-54],[5,-81]],[[326962,667583],[-2,30],[-17,-6],[-14,-10],[-26,-10],[-9,-3],[-134,-53],[-78,-31]],[[326682,667500],[-4,178],[-5,193],[-5,7],[5,14],[-1,11],[-3,12],[3,8],[-3,74],[-6,183],[-3,63],[0,4],[-20,400],[-7,-15],[-3,10],[3,1],[3,5],[4,8],[-1,12],[-8,-18],[-5,1],[-8,-20],[-6,-7],[0,3],[5,8],[4,18],[3,33]],[[327759,673775],[2,-12],[1,-12],[0,-8],[8,-26],[1,-6],[16,-71],[7,-51],[-2,-58],[5,-34],[0,-6],[7,-47],[11,-78],[4,-8],[6,-14],[11,-10],[8,-38],[2,-18],[3,-18],[10,-17],[5,16],[24,17],[11,8],[10,7],[13,-7],[2,-21],[0,-5],[2,-41],[2,-17],[22,-56],[1,-3]],[[327951,673141],[22,-49],[3,-5],[11,-1],[1,-115],[-3,-19],[8,-19],[8,-22],[2,1],[7,5],[7,-5],[6,-41],[-3,-30],[-8,-22],[-11,-39],[4,-22],[18,-3],[9,15],[3,-7],[-6,-16],[-3,-37],[2,-5]],[[328028,672705],[-11,-45],[-9,-40]],[[328008,672620],[-23,-1],[-11,13],[-52,120],[-8,14],[-22,19],[-1,56],[8,1],[-21,47],[4,21],[-10,21],[3,14],[4,-10],[10,47],[-9,27],[-8,17],[6,22],[-8,17],[9,28],[-2,16],[-2,4],[-19,29],[-4,11],[-8,-10],[-7,0],[-10,15],[-20,48],[-7,7],[-8,-7],[-1,-49],[-2,-80],[-2,-15],[-1,53],[-4,-13],[-13,10],[-4,-14],[-14,52],[-3,-9],[12,44],[4,33],[1,38],[-2,56],[18,-42],[-10,308],[-1,24],[-5,48],[-5,-26],[0,-67],[-5,-17],[-4,108],[-2,26],[-7,45]],[[327742,673719],[7,26],[2,8],[4,15],[4,7]],[[327072,677647],[79,63],[6,6],[49,107],[7,34],[10,-25],[2,8],[5,27],[-19,39],[-8,224],[6,17],[12,-11],[6,-21],[-5,-19],[4,-11],[13,-8],[4,-24],[4,10],[3,12],[4,3],[3,-13],[-5,-38],[5,-12],[5,3],[4,13],[9,-7],[3,-24],[-3,-19],[13,-34],[26,54],[-1,25],[-13,69],[7,-5]],[[327307,678090],[101,-226],[127,-288],[6,10],[8,4],[7,20],[17,32],[12,16],[5,18],[10,12],[11,31],[12,11],[5,-9],[3,-43],[-2,-23],[5,-75],[-1,-30],[2,-11],[3,-51],[-3,-53],[-12,3],[-12,15],[-12,10],[-5,-18],[77,-171]],[[327671,677274],[-16,-58]],[[327655,677216],[-84,-293],[-35,-125],[-6,-19],[-11,-37],[-10,-34]],[[327509,676708],[-8,14],[-5,-5],[-3,8],[-5,-6],[-14,11],[-6,14],[-8,-6],[-17,27],[-5,13],[-5,-2],[-5,8],[-10,1],[-7,-18],[-6,9],[-16,28],[-39,184],[22,50],[10,16],[8,2],[-39,76],[-7,3],[-10,-30],[-38,71],[-55,109],[-36,-137],[-54,99],[-15,27]],[[327136,677274],[-13,78],[-35,202],[-16,93]],[[326277,666980],[95,49],[28,9],[6,2],[-1,15],[-6,106],[-5,75],[-4,75]],[[326390,667311],[34,-4],[25,-3],[64,-7],[57,-200],[25,-87]],[[326595,667010],[-6,-19],[1,-19],[-5,-18],[-7,-29],[4,1],[3,-33],[-1,-44]],[[326514,665843],[-4,1],[-137,12],[0,0]],[[328100,670293],[20,52],[14,22],[5,21],[6,71],[1,43],[-1,47],[-4,70],[1,36],[7,49],[-5,23],[-9,30],[-1,18],[6,31],[10,17],[19,15],[19,-12]],[[328188,670826],[9,-19],[8,-30],[12,-28],[12,-17],[12,-5],[13,5],[1,2],[17,51]],[[328272,670785],[35,-64],[30,-80],[16,-41],[31,-68],[4,-15],[11,-43],[34,-27],[1,-1]],[[328434,670446],[4,-10],[11,-37],[6,-40],[10,-60],[4,-11],[12,-8],[33,-22],[3,-12],[9,-30],[0,0]],[[328526,670216],[1,-2],[-2,-32],[3,-20],[9,-10],[17,4],[3,-15],[0,-17],[-6,-8],[-9,13],[-13,-6],[-2,-21],[8,-52]],[[328535,670050],[0,-6],[-16,-33],[-6,-24],[-25,-98],[-82,-317],[-16,-59],[-60,37],[-27,39]],[[328303,669589],[0,8],[-13,292],[-3,52],[-9,145],[-24,-11],[-5,12],[-5,-16],[-8,-19],[-3,-5],[-9,-3],[-50,33],[-17,13],[-21,26],[-14,28],[-19,54],[-17,57]],[[327768,663311],[4,8],[6,-38],[6,8],[11,41],[14,-1],[-1,-8],[7,-30],[-1,-1],[-3,-12],[10,-39],[4,3],[-9,-22],[2,-5],[0,-7],[-9,-19],[0,-6],[5,-16],[14,29],[2,-4],[-1,-49],[2,6],[2,-7],[1,-15]],[[327834,663127],[-1,-4],[2,-12],[2,-14],[-7,-6],[0,-5],[1,0],[7,2],[6,-38],[12,13],[4,-14],[-6,-9],[-12,-22],[14,14],[1,-7],[2,-11]],[[327859,663014],[-3,-2],[3,0],[4,3],[3,5],[6,-27]],[[327872,662993],[-42,-112],[-9,4],[-2,-22],[0,-1]],[[327819,662862],[-8,11]],[[327811,662873],[-32,75],[-15,18],[1,17],[12,28],[-11,28],[-9,-16],[-2,-31],[-2,34],[5,20],[-10,5],[-1,7],[-7,72],[-6,57],[-4,39],[0,3],[13,-6],[14,25],[-4,15],[-9,23],[17,13],[7,12]],[[327546,657487],[76,85],[3,3],[0,1],[10,11],[70,79],[38,68],[30,33],[3,4],[3,17],[-2,29]],[[327777,657817],[44,-33],[5,-4],[6,26],[4,-8],[2,-10],[7,-12],[5,-5],[-1,-8],[7,-6],[35,8],[22,14],[12,1],[5,0],[15,12],[15,-19],[6,-15],[4,-15],[0,-29],[10,-37],[2,-17],[15,-16],[15,5],[14,-3]],[[327997,657296],[-7,-4],[3,-21],[-8,-13],[-3,3],[-4,-14],[4,-10],[-4,-4],[-8,11],[-7,2],[-2,12],[-5,-7],[-3,-34],[-3,-7],[-14,14],[-12,-13],[-5,-24],[-2,-21],[-4,-19],[-3,-42],[1,-29],[-1,-24],[-3,-18],[-3,-28],[-7,-35],[-5,-13],[-4,-29],[-7,-24],[-2,-2],[-5,18],[-19,5],[-6,-8],[-9,10],[-4,12],[-16,11],[-9,20],[-15,19],[-8,-9],[-13,11],[-14,-24],[-7,-5],[-1,-5],[0,-13],[-1,-19],[-6,-31],[-1,-4],[-5,0],[-14,18],[-5,13],[-3,-25],[1,-18],[0,-6],[-5,-5]],[[327714,656868],[0,1],[-33,120],[-19,45],[-13,29],[-67,153],[-15,29],[-7,13],[-1,14],[-1,24],[-12,191]],[[327359,655108],[17,66],[18,60],[5,46],[17,41],[2,24],[13,28],[11,11],[4,27],[-4,37],[-3,13],[-13,-7],[-2,18],[1,33],[14,58],[51,-5],[31,-3],[20,-1],[59,-6]],[[327600,655548],[1,-2],[41,-119],[27,-77],[-37,-241],[38,17]],[[327535,654829],[-45,30],[-72,49],[-22,16],[-11,7],[-23,15],[-8,6],[-6,-9],[-6,7],[-1,27],[-12,-10]],[[324193,658425],[12,22],[4,22],[4,5],[9,-1],[5,11],[2,19],[7,-28],[-4,-25],[-3,-53],[0,-19],[4,-2],[-8,-39],[-1,-33],[-2,-29],[7,-19],[18,79],[21,115],[7,18],[10,50],[8,30],[-5,11],[4,22],[1,20],[4,29],[0,31],[3,28],[13,54],[5,51],[9,29],[2,17],[7,26],[-7,-4],[-4,2],[-3,-11],[-2,0],[-2,9],[-1,12],[7,38],[-2,18],[-4,-2],[3,26],[-1,22],[-5,2],[8,0],[0,5],[0,2],[-7,2],[-12,19],[-7,71],[8,69],[-2,18],[-6,56],[9,1],[11,-28],[2,21],[-4,52],[21,9],[11,-1],[0,2],[0,8],[6,30],[-2,14],[-8,2],[-4,13],[1,15],[-4,13],[-10,10],[-1,19],[4,53],[-2,28]],[[324389,659663],[133,60]],[[324522,659723],[17,-380],[-71,-80],[1,-12],[3,-56],[10,-190],[1,-14]],[[324483,658991],[5,-87],[-18,-8],[-2,-1],[-9,-96],[-7,-79],[-3,-54],[-1,-5],[0,-9],[-12,7],[-6,-14],[-5,-37],[4,-46],[-4,-36],[-7,10],[-11,-7],[-25,-159],[-78,-346]],[[324304,658024],[-8,2]],[[324296,658026],[-103,15],[-1,0]],[[324192,658041],[1,15],[0,250],[0,119]],[[326495,661174],[-29,-63],[1,-20],[4,-61],[13,-5],[-2,-11],[4,-10],[-4,-27],[-7,-8],[0,-7],[7,-19],[3,-53],[1,-18],[7,-4],[10,-7]],[[326503,660861],[-8,-44],[-2,-9],[-2,-11],[-11,-57],[-25,-19],[-8,-6],[-26,-20],[-7,-5]],[[326414,660690],[-7,13],[-7,14],[-17,34],[-6,12],[-41,80],[-1,2],[-3,7],[-47,93],[-95,105],[-17,20]],[[327028,661951],[12,14],[1,0]],[[327041,661965],[2,-8],[9,-11],[19,-9],[9,19]],[[327080,661956],[0,-8],[5,-34],[-11,-16],[8,-21],[5,-21],[-4,-14],[3,-7],[-11,-22],[-3,-28],[15,13],[17,18],[0,-11],[-1,-1],[2,-22],[0,-14],[-3,-15],[-1,-6],[-1,2],[3,-53]],[[327103,661696],[-5,-4],[-3,-8],[2,-19],[-7,11],[1,-2],[-3,-1],[-13,-34],[-3,0],[-8,-9],[-6,2],[-6,-3]],[[327052,661629],[-2,11],[3,40],[-6,20],[6,4],[-2,27],[7,15],[-8,23],[10,6],[0,3],[0,2],[-11,-6],[1,7],[-4,-2],[-7,23],[2,3],[3,4],[-6,62],[2,16],[1,0],[1,13],[-1,-3],[-8,27],[-5,27]],[[326975,665498],[8,21],[13,51],[7,31],[5,31],[5,41],[2,28],[2,77],[11,59],[4,16],[5,9],[10,8],[16,-8],[20,-18],[25,-7],[11,-8],[9,-18]],[[327297,665584],[17,-27],[4,-21],[3,-10],[-3,-13],[11,-35],[-17,-19],[9,-50],[20,17],[5,-26],[79,-397],[53,-266]],[[327294,664678],[-18,48],[-6,10],[-9,50],[-2,19],[-6,37],[-18,25],[-4,-3],[-3,-1],[-6,-24],[-3,-61],[-3,-28],[-10,-40],[-3,-45]],[[326919,665355],[4,7],[10,30],[5,8],[19,6],[5,10],[6,51],[7,31]],[[327294,661723],[1,2],[3,7],[6,14],[7,12],[4,10],[7,9],[5,9],[0,0]],[[327327,661786],[4,3],[3,4],[0,-6],[3,-1],[1,5],[3,-1],[6,-3],[0,-11],[7,-3],[6,-3],[9,-4],[0,9],[7,-16],[6,-4],[-1,-18],[2,-11],[4,-26],[-9,-18],[-7,-22]],[[327280,661680],[3,11],[2,12],[1,-3],[6,18],[2,5]],[[326530,656695],[28,57],[61,132],[1,1],[1,3],[33,71],[4,9],[14,30],[10,26],[47,121],[2,5]],[[326795,657317],[16,43],[70,180]],[[326881,657540],[26,-135],[3,-17]],[[326910,657388],[11,-56],[38,-182],[17,-82],[3,-11],[4,-22],[85,-410]],[[327068,656625],[-44,40],[-5,-3],[-97,-40],[-41,-16],[-100,-42]],[[326781,656564],[-13,-6],[-22,-11],[-30,-15],[-12,-6],[-41,-21],[0,-2]],[[326663,656503],[-3,-1],[-19,-9],[-9,-5],[-12,-5],[-5,-2],[0,0],[-1,15],[-14,-8],[-1,-7],[0,-7],[-9,-4],[-7,-2],[-2,-1],[-5,-2],[-13,-6],[0,0],[0,0],[-8,-3]],[[326555,656456],[0,0],[-8,-4],[-1,0],[0,0],[-15,-9]],[[327635,659057],[11,17]],[[327790,658709],[-3,-3],[1,-68],[1,-51],[2,-68]],[[327791,658519],[-18,-28],[-7,-26],[-21,-83],[9,-150]],[[327754,658232],[-7,-4],[-23,-10]],[[331002,655478],[4,-2]],[[331006,655476],[0,-10],[29,-796],[1,-219],[-24,9]],[[331012,654460],[-4,50],[-7,49],[-11,38],[-12,42],[-17,48],[-10,47],[-5,26],[-2,37],[1,35],[3,14],[11,35],[9,20],[15,8],[6,10],[3,27],[-2,11],[-7,10],[-8,20],[1,39],[3,17],[11,14],[12,0],[6,10],[1,33],[-2,31],[-10,36],[8,34],[-1,13],[-3,9],[-4,1],[-1,23],[-2,0],[10,6],[2,5],[-1,36],[4,-5],[-1,36],[-10,30],[-9,14],[1,20],[9,38],[3,51]],[[326017,653743],[9,1],[9,1],[25,2]],[[326060,653747],[29,2],[2,0],[75,7],[0,18],[-1,24],[-1,85],[0,42]],[[326164,653925],[6,-8],[19,1],[-2,35],[6,-4],[19,2],[11,50],[0,-17],[-4,-8],[3,-30],[7,-28],[3,-33],[-3,-33],[10,-15],[18,2],[2,37],[3,-1],[1,-22],[31,-10],[0,20],[0,4],[-1,50],[-2,16],[5,-6],[13,1],[13,10],[2,11]],[[326324,653949],[0,-4],[2,-15],[9,-41],[1,-2],[0,-6],[-1,-7],[-2,-5],[-4,-8],[-1,-8],[2,-58],[4,-26],[1,-3],[4,-9],[3,7],[1,1],[3,29],[3,8],[17,-7],[14,15],[11,23],[2,11],[5,-2],[1,-3],[20,-55],[28,-25],[0,-2],[0,-2],[-1,-58],[0,-47]],[[326446,653650],[-27,13],[-19,-13],[-16,-38],[-12,9],[-10,-25],[-12,-19],[-3,-16],[-5,-5],[1,-29],[-9,-23],[-4,-30],[-2,2],[-7,-26],[1,-49],[-8,-36],[-5,5],[-4,16],[0,20],[-4,25],[-8,15],[-3,19],[-10,5],[-3,-22],[-14,-28],[-6,4],[-8,-28],[3,-35],[-14,-33],[-10,-24],[-10,-7],[-3,-24],[-8,-20],[-1,-28],[-4,-6],[-1,-20],[1,-20],[7,-6],[3,-108],[0,-13],[-35,1],[-8,0],[-1,0],[-38,-1],[-30,0],[-6,0]],[[326094,653052],[-69,-7]],[[326025,653045],[-4,277],[-1,191],[-1,49],[0,65],[-1,88],[-1,28]],[[328907,650848],[37,0],[20,0],[45,1],[13,0]],[[329115,650884],[2,-11],[28,-77],[30,-48],[35,-16],[32,-41],[15,-96],[1,-30],[2,-47],[7,-12],[26,-8],[19,31],[19,67],[21,48],[-3,34],[-1,113],[7,48],[21,73],[35,27],[7,-9],[13,-283],[-10,-187],[3,-312],[-12,-45],[-34,-27],[-59,11],[-40,-11],[-52,7],[-52,6],[-30,4],[-126,12],[-62,-8],[-24,-4]],[[328933,650093],[-8,419],[-18,336]],[[323934,652308],[2,22],[44,348],[0,4]],[[324195,652666],[-2,-2],[2,-19],[6,-19],[2,-28],[0,-17],[1,-25]],[[324204,652556],[-3,-138],[-3,-22],[-3,-11],[-2,-9],[-2,-11],[-14,-80],[0,-7],[5,-76],[17,-203],[2,-40],[-4,-32],[-4,-25]],[[324193,651902],[-2,10],[-18,-8]],[[324173,651904],[-6,9],[-30,28],[-26,32],[-12,5],[-8,19],[-8,21],[-23,23],[-8,5],[-5,-3],[1,-18],[-1,-21],[-13,2],[-13,14],[-8,-25],[-18,12],[-87,66]],[[323908,652073],[1,45],[2,32],[7,59],[16,99]],[[323941,657200],[67,14],[14,-2],[121,2]],[[324143,657214],[-3,-74],[6,-6],[0,-35],[5,-66],[2,-4],[4,-11],[2,-40],[4,-9],[0,-33],[3,-26],[-2,-31],[0,-21],[12,-60],[3,-6],[4,-23],[0,-19],[-4,-23],[3,-20],[12,-29],[7,-35],[13,5],[12,-6],[7,5],[4,-9],[4,-31],[3,-29],[11,-18],[2,-58],[4,3],[3,-50],[0,-18],[2,-13],[-6,-37],[-11,-21],[14,-85],[0,-18],[2,-175],[-5,-363]],[[324260,655725],[-37,26],[-10,4],[-15,4],[-20,0],[-15,3],[-28,1]],[[324135,655763],[-6,-1],[-26,0],[-4,0],[-10,0],[-66,1]],[[323938,655766],[2,433],[1,142],[1,42],[1,55],[-1,302],[-2,358],[1,102]],[[324135,655763],[-4,-3],[-8,-29],[-4,-4],[-6,-24],[-8,-11],[2,-78],[12,-479],[8,-320],[2,-2]],[[324129,654813],[-8,-24],[-2,-9],[-12,-11],[-14,30],[-4,-10],[-8,-34],[-8,31],[-5,-17],[-1,20],[-6,14],[1,31],[-8,3],[-4,6],[-11,-5],[-8,-6],[-1,-17],[7,-16],[-2,-13],[-9,-13],[2,-29],[-12,-36],[-9,-57],[0,-31],[5,-26],[4,-3],[4,-17],[1,-19],[-3,-12],[-11,-4],[-10,17]],[[323997,654556],[-15,-8],[-38,-11],[-2,-21],[-34,0],[-28,1],[-18,0],[-4,0],[-3,0],[-2,2],[-9,-2],[-9,0],[-5,0]],[[323830,654517],[-4,16],[-18,1],[-5,37],[2,16],[-3,30],[-4,4],[1,15],[-3,12],[0,13],[-7,37],[-8,14],[2,10],[-5,1],[11,49],[-1,39],[-5,35],[-10,40],[0,10],[7,22]],[[325000,650876],[22,-22],[38,-30],[22,-21],[13,-11],[6,-2]],[[325101,650790],[-2,-33],[0,-16],[5,-15],[2,-46],[-3,-21],[-1,-7],[1,-18],[3,-15],[8,-34],[1,-6],[9,-12],[8,-28],[-1,-22],[-2,-34],[6,-28],[3,-14],[-2,-12],[-4,-25],[2,-31],[1,-24],[-1,-8],[-1,-9],[-8,-22],[-2,-6],[-6,-18],[-1,-26],[0,-36],[3,-59],[4,-18],[13,-27],[5,-54],[1,-49],[-4,-14],[-17,-61],[-26,-63],[-10,-12],[-13,-57],[-17,-46],[-9,-6]],[[325046,649758],[3,25],[-29,63],[-19,68],[-8,28],[-15,3]],[[324978,649945],[-1,101],[-1,8],[1,41],[1,18],[-7,2],[-7,-14],[-9,1],[-3,15],[-1,4],[-15,8],[1,14],[29,74],[0,46],[5,0],[1,23],[-4,21],[20,-17],[6,-15],[1,-20],[2,-17],[5,8],[-1,63],[-14,8],[-3,139],[13,27],[4,-1],[0,15],[-2,35],[12,38],[1,12],[-6,9],[-5,19],[1,11],[4,19],[1,4],[-2,11],[1,11],[-3,26],[0,17],[0,14],[-9,31],[4,53],[10,36],[4,3],[1,6],[-9,1],[-4,23]],[[324465,652961],[2,4],[2,7],[8,53],[1,8],[11,43],[3,8],[4,13],[7,60],[-3,44],[-2,7],[-2,33],[-7,42],[-1,19],[-1,51],[5,18],[21,57],[-1,18],[2,37],[0,29],[4,19],[0,20],[-2,22]],[[324753,653428],[9,-6],[48,18],[85,33],[77,30]],[[324972,653503],[1,-131],[2,-57],[24,-533],[1,-4],[3,-74],[8,-150],[4,-85],[5,-10],[9,-7],[4,23],[11,-7],[7,-34],[-3,-26],[2,-15],[7,-26],[1,-23],[9,-32],[8,-37],[1,-17],[6,-1],[1,-10],[-8,-41],[-9,-28],[-2,-43],[-8,-32],[-3,-25],[-10,-32],[-2,-19]],[[325041,652027],[-4,2],[-123,63]],[[324914,652092],[-115,387],[-45,152],[-81,-7],[-26,-3],[-6,-9],[-6,18],[-22,-9],[-10,11],[-12,24],[-11,9],[-4,-18],[-2,-37],[-10,-86],[-10,-39],[-11,-7],[-13,18],[-8,4],[-8,-4],[-10,-14],[-5,2],[-14,20],[-15,4]],[[324470,652508],[2,12]],[[324472,652520],[2,13],[3,18],[2,17],[0,22],[-4,38],[-4,39],[2,40]],[[324473,652707],[13,86],[-6,18],[-9,38],[-5,104],[-1,8]],[[327111,659437],[-18,-30],[0,-1],[-47,-80]],[[327046,659326],[-8,-2],[-2,1],[3,31],[-10,18],[-16,34],[-10,-23],[-3,3],[-1,2],[4,59],[0,47],[-3,3],[-6,36],[-9,13],[-3,-5],[32,96],[8,-3],[3,1],[7,16]],[[323237,671230],[-2,-28],[13,-114],[5,-110],[-2,-27],[7,-71],[34,-75],[-6,-22],[-9,-1],[-14,34],[-8,69],[-2,9],[-5,-58]],[[328721,675827],[-63,-235],[-69,-262],[-36,68],[-110,203],[-6,33],[3,58],[-3,15],[1,27],[-3,17],[-6,27],[-8,6],[-4,27],[-16,57],[-3,51],[-4,12],[-2,8],[-2,10],[-6,-3],[-14,73],[-7,-3],[-5,53],[-19,-10]],[[328339,676059],[-31,471]],[[328308,676530],[6,-14],[6,0],[2,14],[1,47],[6,27],[7,39],[2,25],[3,-9],[12,-7],[8,-19],[-2,-36],[-4,-9],[4,-50],[-3,-3],[9,-38],[2,-29],[-1,-19],[9,-16],[2,-47],[13,-28],[5,-19],[6,-10],[12,-62],[32,18],[10,16],[-8,43],[5,18],[5,3],[24,-3],[12,-10],[11,-16]],[[328121,677227],[95,7]],[[328216,677186],[-15,-25],[-7,-73],[-7,-18],[-5,-34],[-6,-19],[-5,-22],[-4,12],[-1,18],[-12,29],[-2,29],[-8,31],[-6,0],[1,19],[-3,40],[-8,11],[-1,19],[-6,24]],[[327777,677209],[47,1],[238,13]],[[328062,677223],[4,-14],[-16,-30],[14,4],[21,-13],[3,-30],[13,-25],[1,-9],[13,-22],[11,13],[12,-16],[10,-18],[9,-38],[14,-39],[-25,-38],[-8,-2],[-9,-24],[-17,-5],[-3,-8],[7,-3],[9,-28],[4,-6],[13,19],[8,4],[18,18],[11,2],[6,-7],[13,20],[1,7],[16,16]],[[328288,676845],[11,-167]],[[328299,676678],[-163,-53],[1,-13],[9,-2],[6,-21],[5,0],[0,-20],[-3,-31],[-8,-31],[-20,-42],[-4,-24],[-12,-16],[-7,-24],[-4,2],[-3,-27],[-9,7],[-3,12],[-13,5],[-4,2],[-12,-16],[0,-29],[-7,-48],[-5,-9],[-18,0],[-6,25],[-7,9],[-9,0],[-5,-7]],[[327998,676327],[-12,-2],[0,10],[-8,14],[-5,14],[-7,1],[-3,11],[-8,-4],[-3,-13],[-7,3],[1,10],[-6,6],[-6,-12],[0,23],[-11,26],[-8,6],[-18,-5],[-11,20],[-11,8],[-3,11],[-18,30],[-6,14],[-11,-2],[-17,2],[-18,22],[-11,3]],[[327791,676523],[-2,125],[-12,561]],[[327833,671873],[145,-456],[6,14],[1,-13],[5,-16],[7,-1],[0,-6],[-4,-1],[-3,-13],[26,-80],[9,-27],[4,-12],[10,-30],[37,-113],[75,-199]],[[328151,670920],[-7,-6],[-3,-2],[-116,160],[-13,16],[-3,3],[-71,66],[-13,13],[-6,5],[-83,81]],[[327836,671256],[-116,111]],[[325036,674699],[148,192]],[[325184,674891],[134,175],[121,159]],[[325447,674396],[-1,-4],[-72,-88],[-5,-5],[-254,-333]],[[325059,673893],[-42,224],[-29,180],[-47,299],[95,103]],[[324472,652520],[-12,-21],[2,-28],[-5,-5],[-2,31],[1,6],[0,9],[-1,7],[-9,27],[-2,-2],[-5,15],[-2,2],[-8,-4],[-6,7],[-10,31],[-4,2],[3,8],[4,18],[-1,66],[3,-7],[15,4],[6,23],[4,9],[6,52],[-3,-52],[14,13],[6,-32],[7,8]],[[323997,654556],[-1,-25],[3,-14],[-6,-27],[7,-30],[2,-26],[5,-15],[28,116],[0,-40],[2,-71]],[[324037,654424],[-2,-52],[-7,-16],[-3,3],[-8,13],[1,5],[-4,5],[-1,-8],[-2,1],[6,-20],[-2,-24],[0,-20],[5,-22],[3,-12],[21,1],[11,-41],[0,-15],[-5,-30],[-4,-25],[-1,-10],[11,-60],[2,-5],[3,-16],[21,-80],[8,-47]],[[324090,653949],[-13,-9],[-3,-8],[-1,16],[5,16],[-5,25],[-6,-29],[-27,-25],[-1,-35]],[[324039,653900],[-4,12],[-9,25],[-29,81],[-29,80],[-10,22],[-10,26],[-28,73],[-14,37],[-14,36],[-7,21],[-9,28],[-5,13]],[[323849,654456],[-2,7],[-7,10],[-11,6],[1,38]],[[324016,658756],[178,-10]],[[324194,658746],[0,-83],[-1,-238]],[[324192,658041],[-23,1],[-21,1],[-151,7]],[[323997,658050],[2,49],[-11,53],[0,27],[2,26],[14,45],[1,27],[-4,11],[-7,35],[1,31],[6,36],[2,34],[10,44],[0,17],[3,59],[-1,71],[-2,25],[3,4],[2,35],[-3,36],[1,41]],[[322926,662672],[-5,-199],[-3,-117],[24,8],[4,2],[19,7],[-1,-55],[-1,-16]],[[322959,662175],[-3,-128],[-3,-95],[-3,-4],[-1,-60],[3,0],[-4,-116],[-4,-115],[-5,-141],[-3,-99],[9,6],[9,-185]],[[327578,656352],[4,9],[-3,-21],[4,-5],[3,15],[8,6],[3,-7],[0,-21],[12,35],[5,4],[7,-8],[14,3],[6,9],[5,21],[6,5],[7,1],[9,32],[5,3],[4,-27],[10,5],[9,-62],[7,-2],[0,-23],[10,10],[3,2],[3,-11],[6,11],[-2,6],[6,6],[9,54],[-5,16],[1,38],[-3,31],[-16,-1],[8,45],[4,29],[6,24],[2,13]],[[327735,656597],[4,-4],[14,-3]],[[327753,656590],[4,-43],[13,-155],[3,-26],[4,-45],[8,-94],[10,-158],[0,-4],[-14,-42],[-14,-21],[-10,-17],[-14,-46],[-19,-41],[-33,-94]],[[327691,655804],[-12,19],[-34,58],[-21,35],[-21,36],[-43,83]],[[327560,656035],[5,46],[4,8],[-7,28],[-1,29],[-19,49],[3,46],[6,9],[24,38],[-1,9],[0,11],[-3,3],[-5,7],[-2,2],[11,12],[3,20]],[[327921,669600],[-6,24],[2,34],[-1,34],[-7,45],[1,13],[3,13],[11,9],[6,26],[5,12],[3,17],[7,20],[6,7],[15,9],[6,19],[12,72],[2,19]],[[328000,670054],[32,-63],[3,-5],[0,-2],[1,-2],[1,-2],[2,-4],[3,-4],[35,-67],[24,-48],[19,-40],[-1,-19],[-9,-33],[41,-84],[-9,-30],[-4,-17],[10,-16],[3,-4],[1,-3],[-30,-195],[0,-1]],[[328122,669415],[-11,-76],[-16,-104],[-34,-218]],[[328061,669017],[-107,203],[-17,33],[-11,20],[-20,37],[1,20],[-7,27],[7,17],[0,7],[-3,46],[0,12],[-4,43],[4,38],[11,23],[6,27],[0,30]],[[326583,665127],[7,2],[17,10],[7,4],[6,1],[29,14],[-1,-17],[8,5],[26,15],[7,5],[6,-2],[11,-6],[0,6],[21,-7],[1,-2]],[[326728,664849],[-12,-2],[-2,13],[-10,-21],[0,3],[-7,0],[-1,3],[-2,4],[-55,82],[-16,23],[-25,37]],[[326598,664991],[-10,90],[-2,21],[-2,15],[-1,10]],[[330358,653807],[2,28],[-1,37],[12,-12],[9,23],[-2,5],[-4,26],[8,15],[4,53],[-3,11],[-2,59],[34,22]],[[330415,654074],[3,-37],[1,-11],[4,-43]],[[330423,653983],[18,-210],[3,-44],[1,-11],[-1,-11],[-1,-8],[1,-8],[1,-6],[3,4],[2,-22]],[[330450,653667],[-60,-47],[-13,-10],[-51,16]],[[330326,653626],[10,68],[6,14],[0,15],[12,43],[6,40],[-2,1]],[[330150,654072],[-2,4],[44,9],[3,21],[-1,16],[9,80],[13,36],[12,0],[5,14],[16,2]],[[330249,654254],[12,-27],[18,-62],[7,-10],[2,-40],[0,-7],[7,-44],[9,-17],[10,1],[3,-27],[3,-5],[-9,-35],[0,-29],[-9,-14],[-5,-13],[-15,-59],[-7,-24],[-12,-2],[-5,-10],[-8,-41]],[[330250,653789],[-8,-35],[-7,-14],[-9,-45],[-16,-32],[-4,-14],[-4,-52],[6,-13],[1,-5]],[[330209,653579],[-1,-4],[-6,-28],[-2,-10],[-28,-19],[-39,-71],[-2,-2]],[[330131,653445],[2,73],[-2,28],[-9,49],[2,5],[2,21],[10,27],[2,29],[11,18],[13,30],[1,21],[4,2],[-2,8],[-8,33],[-3,15],[-4,58],[1,5],[-1,25],[-2,0],[-1,5],[-1,20],[-4,48],[-9,33],[-2,5],[1,53],[8,4],[6,-28],[7,-10],[5,6],[1,16],[-6,18],[-3,10]],[[325777,661777],[3,6],[20,35],[22,40],[7,37],[2,9],[3,15],[10,54]],[[325844,661973],[27,11],[55,22],[20,8],[5,1],[20,9],[25,9],[76,30],[4,2],[21,8],[20,8],[81,32],[41,16]],[[326239,662129],[0,-1],[-21,-284],[-3,-36]],[[326204,661541],[-18,-8],[-48,-19],[-9,10],[-17,18],[-46,-19],[-1,-1],[-17,-7],[-43,-19],[-56,-70],[-3,-8],[-25,-54],[-22,-48]],[[325899,661316],[-22,81],[-15,37],[-14,69],[-11,37],[5,18],[-1,43],[0,17],[-23,26],[-21,41],[-8,31],[-16,53],[4,8]],[[327251,659306],[15,-11],[11,4],[7,22],[0,23],[10,0],[3,21],[10,-11],[-2,-40],[23,20],[22,20],[41,37],[26,23],[23,48],[26,53],[41,87]],[[327507,659602],[10,-36],[22,-83]],[[327539,659483],[-23,-156],[-4,-20],[-18,-76],[8,-74],[2,-19],[23,-202],[-3,-44]],[[327284,658537],[-1,23],[1,22],[-3,20],[0,42],[3,21],[-2,17],[5,41],[6,25],[1,20],[9,75],[3,14],[1,6],[0,13],[-1,40],[-6,67],[-7,30],[-6,45],[-2,21],[-3,12],[-9,28],[-11,29],[-5,19],[-3,20],[-1,39],[-5,51],[1,12],[2,11],[0,6]],[[326570,665409],[35,-85],[49,38],[19,14],[1,2],[9,7],[10,7],[4,4],[8,6],[10,7]],[[326715,665409],[3,-4],[8,-17],[2,-46],[8,-15],[9,-28]],[[326583,665127],[-7,-2],[-7,2],[-6,6],[-10,15],[-8,39],[-9,64],[-3,9]],[[326533,665260],[1,22],[-6,19],[3,27],[-5,18],[1,6],[-3,14],[5,18],[5,-5],[2,5],[0,-5],[3,-1],[2,18],[29,13]],[[325792,664134],[5,-11],[31,17],[3,-33],[-1,-21],[6,-3],[2,-21],[4,0],[2,-13],[26,-21],[5,5],[7,115],[1,12],[10,-14],[27,-18],[8,-1],[5,17],[4,-8],[1,-4],[2,0],[0,-39]],[[325940,664093],[-10,7],[-10,-17],[-11,-53],[-7,-21],[-19,-24],[-6,-31],[-7,1],[-9,-135],[-4,-33],[-7,-22],[-13,-29],[-4,-15],[-9,-41],[-49,-205],[-3,-10],[-4,-15]],[[325719,663815],[-4,11],[-7,79],[-2,29],[8,33],[4,-6],[3,-3],[4,38],[9,-7],[6,22],[5,-2],[-9,10],[-7,19],[-2,20],[12,19],[7,9],[38,42],[4,0],[4,6]],[[327163,661668],[3,10],[17,9],[3,-2],[1,20]],[[327187,661705],[10,-50],[2,1],[0,-11],[8,-35],[6,18],[8,12],[18,-8],[3,-10],[3,-10],[-7,-14],[-4,-26],[-7,-20],[2,-4],[20,44],[-1,8]],[[327279,661213],[2,-3],[8,-8],[4,-37]],[[327160,661125],[25,64],[0,31],[-10,-15],[-9,13],[3,22],[2,10],[-1,1],[-3,34],[1,24],[5,8],[-14,39],[-7,23],[5,22],[-7,11],[-4,-1],[0,1],[6,2],[-1,4],[2,36],[3,-1],[3,-10],[1,4],[0,21],[5,0],[4,19],[-7,38],[-9,35],[-1,4],[-1,31],[-1,6],[-1,4],[-1,9],[4,-1],[7,9],[2,11],[1,8],[1,27]],[[328481,659601],[11,12],[11,-39],[9,-6],[19,16],[11,-21],[8,44],[3,8],[16,3],[14,-6],[4,-15],[4,-14],[12,-14],[2,-11],[0,-9],[3,-11]],[[328708,659162],[48,-210],[1,-4],[10,-31],[0,-1],[26,-79],[2,-6],[19,-61],[15,-48],[6,-82],[-15,-32],[-2,-6],[-1,-1],[-10,-22],[-1,-39]],[[328806,658540],[-2,-8],[-12,-18],[-48,-79],[-4,-6],[-43,-70],[-21,58],[-19,49],[-3,3],[-1,4],[-4,21],[0,17],[-54,104],[-45,89],[-15,28],[-10,20],[-35,68]],[[328490,658820],[-15,27],[-2,5],[-22,42],[0,0],[5,46],[4,27],[-20,3],[-2,49],[-21,-10],[-1,-1],[-8,-3],[0,7],[-4,-1],[5,14],[2,9],[-6,17]],[[328405,659051],[-3,27],[1,20],[-5,8],[4,40],[-5,21],[3,15],[-2,19],[-6,0],[-3,10],[7,21],[-4,27],[2,30],[-7,24],[-1,35],[-7,11],[-7,22],[4,20],[3,35],[6,2],[3,68],[2,7],[8,1],[11,-15],[4,-4],[9,3],[5,-12],[5,1],[2,4],[5,42],[4,8],[7,-22],[2,0],[5,27],[3,3],[9,-5],[3,4],[4,18],[0,24],[5,11]],[[326663,656503],[1,0],[-2,-45],[0,-11],[0,-2],[-2,-39],[0,0],[-3,-99],[6,-64],[3,-34],[0,0],[2,-14],[10,-113],[-1,-12]],[[326586,656038],[-1,72],[-1,67],[-1,53],[0,15],[-1,49],[-1,23],[-5,32],[-2,13],[-2,15],[-7,32],[-5,25],[-5,22]],[[326454,655659],[-2,-1],[7,21]],[[327228,671303],[26,109]],[[327281,671536],[27,112],[5,6],[8,26]],[[327631,670964],[-48,-215],[-87,-403]],[[327308,670085],[-114,76],[-140,92]],[[327054,670253],[30,183],[4,-2],[38,200],[-52,31],[55,227],[49,-119],[11,46],[30,118],[-55,98],[13,52],[51,216]],[[325466,657813],[137,12]],[[325603,657825],[9,1],[50,4],[51,5],[116,10],[4,0]],[[325833,657845],[4,-84],[2,-35],[11,-195],[2,-31],[0,-10],[11,-197],[10,-178],[9,-16],[10,11],[12,2],[-5,-24],[4,-11],[0,-42],[-1,-9],[6,-22],[2,-21],[-2,-44],[-8,-19]],[[325900,656920],[-1,0],[-15,-5]],[[325884,656915],[-73,-9]],[[325811,656906],[-3,15],[4,21],[2,49],[-3,6],[-7,48],[-1,14],[-8,-2],[2,44],[-24,21],[0,29],[-4,-9],[-14,-6],[-8,5],[-5,-17],[-8,4],[-13,-11],[-1,9],[-5,3],[-2,-1],[-6,16]],[[325754,657323],[7,7],[23,19],[3,20],[-9,15],[15,35],[14,12],[0,2],[0,2],[-4,10],[-4,28],[-3,17],[-11,9],[-10,29],[-4,-5],[-5,-51],[-3,-1],[0,33],[-13,-1],[-7,-11],[-10,-9],[-3,18],[-4,-3],[-4,35],[0,39],[-23,29],[-14,7],[-8,-4],[-8,6],[-8,20],[-10,47],[-3,37],[-24,-78],[-9,-43],[1,-9],[18,14],[4,-22],[12,-41],[1,-6],[-3,-31],[1,-30],[6,15],[-1,-30],[-5,-2],[0,-16],[9,5],[7,25],[17,-9],[8,3],[17,23],[6,-7],[11,-24],[-10,-16],[1,-14],[-3,-11],[15,-62],[-3,-15],[1,-2],[-1,-4],[-10,-35]],[[325698,657226],[-3,-22],[-4,14],[-1,2],[-3,6],[-8,-18],[-4,-5],[-6,3],[-3,-5],[-10,24],[2,5],[-6,13],[-12,3],[0,-12],[3,-5],[7,-21],[2,-22],[-6,-61],[-11,-24],[-10,-69]],[[325625,657032],[-10,8],[-10,35],[-13,5],[-3,1],[0,7],[-4,18],[-8,4],[1,45],[3,15],[-4,56],[0,9],[-12,25],[2,12],[4,9],[-4,7],[-1,-2],[-2,-4],[-18,22],[-1,11],[7,8],[0,56],[-10,102],[-13,74],[2,11],[-3,25],[-8,29],[-14,63],[-16,-62],[-5,-8],[-3,55],[-7,38],[0,27],[-9,61],[0,19]],[[326251,655777],[18,10],[0,22]],[[326269,655809],[1,23],[4,0],[1,-33],[1,-11],[4,2],[3,-38],[6,-10],[3,-3],[6,-9],[5,35],[4,8],[1,-4],[-1,-2],[-1,-8],[1,1],[1,-4],[2,-23],[-1,0],[0,-42],[1,-37],[2,-4],[11,-2],[4,12],[2,-14],[6,-1],[3,-1],[1,0],[0,5],[6,-2],[6,-1],[0,-4],[4,-1],[-1,6],[21,35],[10,6]],[[326385,655688],[-10,-7],[-6,-9],[2,-25],[9,8],[-1,8],[8,7],[1,-8],[5,4],[0,-9],[-8,-4],[-16,-15],[1,-1],[6,7],[5,-11],[-1,0],[2,-11],[2,-15],[3,-13],[0,-4],[-1,0],[5,-9],[0,-9],[-3,-4],[4,-13]],[[326392,655555],[-7,-3],[4,-28],[-7,-9],[-1,-4],[1,-9],[-5,-9],[-1,-4],[-5,-11],[1,-1],[-2,-9],[-1,0],[-3,-16],[-1,-7],[-2,-8],[-2,-8],[-1,3],[-2,-7],[1,-2],[-3,-10],[-4,-14],[-2,-4],[-1,3]],[[326349,655398],[-1,3],[-3,10],[-2,15],[0,13],[-5,-2],[-12,-5],[-8,-9],[-7,3],[-16,-6],[-6,-2],[-2,-12],[-1,2],[-1,1],[-1,4],[-2,1],[-2,-1],[-4,1]],[[326276,655414],[-3,-1],[-1,11],[-6,-17],[-7,5],[7,34],[-5,33],[6,1],[-5,55],[-3,32],[-5,-3],[0,9],[4,2],[-2,11],[-2,25],[22,14],[10,-4],[3,-2],[-2,9],[-6,11],[-1,4],[0,32],[-7,42],[-9,6],[-9,16],[-6,15],[2,23]],[[328541,671085],[73,-138],[1,-3],[1,-2],[21,-39],[22,-49],[41,-89]],[[328700,670765],[-14,-45],[-4,5],[-13,-56],[-5,8],[-6,-26],[-15,22],[1,-16],[-7,-34],[-13,-21],[-2,-10],[-2,-34],[-5,-20],[-6,-5],[-7,1],[-6,-38],[-7,-21],[2,-11],[15,-15],[-1,-23],[-20,-15],[0,-84],[-4,-101]],[[328581,670226],[-55,-10]],[[328434,670446],[8,65],[-11,34],[-8,17],[-11,14],[-1,6],[2,16],[5,11],[6,4],[5,9],[29,141],[5,20],[78,302]],[[328475,671660],[29,65],[127,301]],[[328631,672026],[12,-27],[1,-60],[5,-9],[8,-44],[15,-1],[13,-10],[-5,-3],[3,-30],[-8,4],[-2,-7],[3,3],[9,-16],[9,-44],[1,-19],[10,-18],[10,-4],[3,-28],[5,-15],[7,-3],[6,-14],[1,20],[4,-17],[28,-64],[6,26],[15,47],[13,52],[5,5],[12,-4],[-2,-34],[-5,-141],[6,31],[6,4],[5,40],[12,21],[4,28],[4,5],[4,-16],[11,-13],[-3,-12],[8,-26],[4,-2],[-5,-10],[2,-30],[22,10],[3,-5],[12,8],[7,-17],[22,-31],[8,-7],[8,-42]],[[328953,671507],[-4,-8],[-2,-8],[-20,-87],[6,-29],[0,0]],[[328944,671383],[6,4],[18,-32],[5,-24],[11,-33],[0,-16],[-5,-5],[-13,-15],[-7,10],[-16,25],[-23,23],[-24,-53],[-4,-30],[-12,-109],[-1,-4],[-2,-21],[-3,-29],[-1,-47],[8,-8],[4,-4],[0,-23],[0,-17],[-1,-50],[-1,-2]],[[328883,670923],[0,9],[-23,21],[-6,-10],[-8,34],[-14,18],[-3,-12],[-3,-41],[-4,-10],[-13,28],[-3,-20],[-1,-9],[13,-27],[3,-5],[-5,-39],[3,-11],[11,16],[20,2]],[[328850,670867],[-3,-23],[2,-30],[-1,-34],[-1,-22],[-7,-11],[-7,-7],[4,-17],[-2,-36],[-11,-26],[-2,-20],[-17,-71],[-10,-32],[-10,-6],[-1,-19]],[[328784,670513],[-19,18],[-5,4],[3,33],[-8,14],[-2,13],[-6,14],[-10,34],[-1,41],[-28,64],[-8,17]],[[328541,671085],[-36,70],[-39,444],[6,48],[3,13]],[[329599,677005],[-44,-166],[-65,-242],[-7,-22],[-17,-54],[-63,120],[-12,25],[-29,54]],[[329362,676720],[33,129],[-49,153],[-53,156],[-98,292],[-23,71],[-27,76],[-7,26],[-18,52]],[[329120,677675],[-11,31],[-9,-36],[-76,-298],[-56,117],[-8,-31],[-24,-80],[-19,-7]],[[328917,677371],[1,33],[2,26],[0,15],[-6,18],[-5,39],[-9,10],[-15,4],[-3,8],[-2,19],[-13,26],[-9,5],[-8,-7]],[[326132,675219],[3,11],[0,34],[-5,42],[5,39],[9,45],[17,75],[2,17],[1,42],[-2,25]],[[326162,675549],[3,-3],[11,-9],[19,-36],[7,-21],[10,-73],[1,-6],[14,-29],[16,-31],[17,-34],[11,-22],[12,-24],[21,-41],[-1,-10],[-2,-15],[1,-10],[2,-5],[5,3],[1,14],[1,8],[4,-6],[6,31],[1,6]],[[326322,675236],[10,43],[27,-59],[125,-250]],[[326484,674970],[-71,-249],[-5,-20],[-31,-124],[-32,-130],[-35,-126],[-35,-141],[-23,-27]],[[326252,674153],[-43,-38]],[[326209,674115],[-8,77],[-3,74],[-148,290],[-40,77],[7,2],[9,32],[15,23],[2,8],[-2,26],[13,54],[7,42],[1,35],[0,9],[-3,17],[-2,10],[-5,41],[0,42],[1,9],[6,3],[13,-18],[10,-4],[5,4],[7,19],[8,31],[3,27],[0,22],[-9,36],[3,12],[7,7],[11,29],[13,60],[2,8]],[[325802,668997],[113,46],[85,35],[55,24],[48,21],[19,8]],[[326122,669131],[53,22],[6,2],[2,-33],[4,-83],[4,-78],[1,-22],[29,14],[17,11]],[[326238,668964],[9,-90],[2,-34],[3,-18],[13,-31],[9,-12],[5,-13],[7,-25],[6,-98],[7,-36],[1,-8],[2,-41],[6,-48],[-2,-93],[5,-100]],[[326311,668317],[-36,-16],[-115,-54],[-42,-20],[-17,-8],[-141,-68],[-7,-3],[-8,-3]],[[325945,668145],[-6,93],[-4,68],[-11,161],[-15,226],[-88,-41]],[[328061,669017],[42,-32],[45,-43],[11,-10],[2,-1],[34,-26],[29,-23],[5,-3],[19,-10],[87,-45],[49,-28]],[[328384,668796],[-4,-15],[-4,-40],[1,-39],[-3,-3],[-11,-12],[-2,-5],[-3,-10],[-4,-12],[-2,-6],[-11,-115],[-2,-40],[-1,-27],[2,-40],[10,-32],[-24,-6],[-11,-13],[-7,-39],[-1,-4],[-4,-38],[-2,-31],[0,-32],[0,-6],[-1,-33],[0,-40],[0,-9],[0,-50]],[[328300,668099],[-14,22],[-5,3],[-7,5],[-10,31]],[[328264,668160],[1,81],[-4,20],[-31,72],[-15,2],[-1,4],[-1,5],[-1,16],[-1,11],[-1,4],[-3,-2],[-1,-3],[-6,-29],[-5,-4],[-4,6],[-3,15],[-5,26],[-1,4],[0,2],[3,23],[-2,1],[5,38],[-4,7],[1,6],[-2,-2],[-5,8],[-2,-11],[-6,13],[1,3],[-4,11],[-8,8],[3,28],[-6,4],[-1,18],[-10,-4],[-9,27],[-10,7],[-11,39],[-11,3],[-9,48],[-2,28],[2,21],[-2,20],[-7,15],[0,9],[-12,28],[1,12],[-9,23],[-11,35],[-15,23],[-5,12],[-7,51],[-10,30]],[[328018,668972],[10,11],[11,11],[22,23]],[[327362,661561],[1,0],[3,1],[0,-1],[4,-5]],[[327370,661556],[5,-33],[4,-13],[3,-5],[4,-6],[5,-6],[4,2],[2,1],[1,7],[5,-6],[3,-1],[3,0]],[[327409,661496],[-2,-16],[-1,-12],[-2,-14],[-9,-40],[5,-13],[0,-27],[5,-15],[1,-1],[-1,-9],[6,-24]],[[327411,661325],[-1,-7],[0,-13],[-8,-40],[-7,-7],[0,-8],[-3,-23],[-2,-6],[-1,-6],[1,-13],[5,-3],[10,-28],[-4,-10],[14,-52],[1,-4]],[[327416,661105],[-1,0],[-2,-3],[-2,-2],[0,-3],[-1,1],[-2,6],[-1,2],[-9,0],[-12,-37],[-7,-13],[-6,-12],[-2,-8],[0,4],[-8,18],[-10,-1],[-6,13],[0,4],[-3,0],[0,3],[0,9],[1,15],[2,11],[4,28],[1,4],[4,23],[0,9],[-15,-35],[-1,2],[-5,-6],[-22,11],[-3,19]],[[324836,664712],[14,-77],[-62,-294],[-5,-22],[-18,-81],[0,-3],[-2,-10],[-30,-99],[-8,-28],[14,-35],[-13,-39],[-27,-80],[-10,-4],[-13,-41]],[[324609,664066],[-9,22],[-40,98],[-8,18],[-3,8],[-9,-3],[-9,-6]],[[324514,664260],[-2,22],[20,56],[-4,1],[1,33],[1,6],[-2,6],[-12,6],[1,18],[-6,4],[4,22],[-8,20],[-10,-32],[0,11],[-10,8],[-4,13],[2,35],[-3,10]],[[324482,664499],[11,29],[-11,36],[1,31],[12,14],[7,8],[-32,93],[-24,-37],[2,79],[-3,34]],[[326992,662509],[52,-65],[15,-18]],[[327059,662426],[27,-28],[2,-10],[0,-17],[4,-22],[3,-25],[9,-25],[-4,-28],[4,-26],[5,-27],[2,-23]],[[327111,662195],[-41,-41],[-36,-32],[-14,-26],[-6,-1],[-2,-1],[0,-5],[-1,0],[0,-2],[-3,-1],[0,2],[-1,0],[0,4],[-4,-2],[-4,-2],[1,-5],[-1,-1],[-1,0],[-1,1],[0,-8],[0,0],[-1,3],[0,8],[-1,0],[-1,-12],[-8,1],[-1,6],[-2,-2]],[[326983,662079],[0,19],[-7,2],[1,17],[5,2],[0,3],[-1,19],[-9,1],[-9,-3],[1,19],[8,5],[7,-5],[0,4],[-3,39],[-3,25],[-1,10],[1,11],[4,26],[-12,28],[1,19],[12,-9],[9,42],[1,27],[-8,6],[-1,1],[0,6],[-3,25],[5,29],[5,-4],[1,28],[1,-1],[1,13],[1,12],[2,14]],[[327311,661997],[1,34],[5,2],[3,-28],[4,-14],[12,-11],[10,-8],[2,-17],[-1,-18],[-5,-2],[-10,-3],[-1,0],[0,21],[-7,10],[-7,-21],[-6,6],[2,13],[-5,7],[3,29]],[[325989,666932],[8,38],[5,9],[5,32],[6,5],[-1,7],[0,13],[7,19],[8,1],[2,14],[1,1],[-1,18],[10,-8],[2,-23],[4,5],[8,-16],[6,-3],[7,9],[7,-1],[11,-25],[6,5],[4,15],[21,-16],[6,3],[2,6],[1,10],[1,7],[14,28],[11,-4],[5,6],[3,-8],[9,-2]],[[326184,666603],[-6,-40],[-11,-31],[-7,0],[-9,-34],[-2,-45],[-2,-10],[-9,-11],[-9,-32],[-11,-11],[-10,-6],[-13,-53],[-20,-15]],[[326075,666315],[5,89],[1,8],[1,25],[0,44],[5,210],[-3,19],[-5,34],[-6,-7],[-1,6],[-7,49],[-21,-21],[-42,-17],[3,17],[12,37],[-2,35],[-8,-2],[-7,10],[-5,16],[-11,-11],[-3,20],[-7,14],[0,7],[15,35]],[[327722,667771],[2,2],[68,39],[26,15],[13,21],[7,10],[12,19],[1,1],[20,31],[1,2],[37,64],[11,19],[6,10],[2,5],[1,0],[9,8],[40,15],[1,0]],[[327979,668032],[8,-81],[8,-82],[14,-140],[7,-69],[8,-85],[0,-8],[-13,-150]],[[328011,667417],[-8,-2],[-5,-1],[-11,10],[-6,21],[-3,35],[-3,16],[-6,7],[-10,-3],[-7,-13],[-6,-17],[-9,-35],[-11,-38],[-7,-48],[-20,-64]],[[327809,667284],[-3,27],[0,2],[-14,109],[-6,47],[-10,76],[-24,53],[-1,13],[-52,147]],[[327699,667758],[8,5],[15,8]],[[327859,663014],[7,8],[-4,21],[9,17],[-3,9],[-4,9],[6,16],[-5,10],[0,1],[4,18],[6,-12],[2,6],[1,7],[6,-3],[6,-3],[3,13],[2,5],[4,-11],[-4,-2],[-2,-10],[1,-3],[3,-5],[2,-11],[1,-11],[-3,-9],[-5,-3],[4,-15],[1,-11],[-14,13],[1,-7],[1,-9],[1,-12]],[[327886,663030],[0,-2],[-2,-4],[-12,-31]],[[325592,651609],[-1,11],[9,23],[18,-46],[28,159],[8,18],[11,-10],[14,3],[-5,14],[5,12],[4,70],[8,6],[6,-28]],[[325697,651841],[9,-43],[-1,-29],[-4,-17],[3,-19],[6,-5],[10,-27],[3,-34]],[[325723,651667],[0,-16],[1,-18],[-3,-8],[-1,-57],[-2,-30],[2,-11],[-3,-17],[-4,-58],[-13,-109],[-6,-10]],[[325694,651333],[-12,45],[-10,-6],[-11,11],[-5,-13],[-2,0],[-16,28]],[[325638,651398],[2,1],[1,59],[-6,15],[-20,28],[-20,-33],[-21,-5]],[[325574,651463],[0,24],[4,36],[9,28],[-1,34],[3,17],[3,7]],[[326752,668639],[31,364],[5,-2],[14,148],[-12,6],[10,91],[15,218],[5,140]],[[326820,669604],[11,-8],[72,-54]],[[326903,669542],[-12,-107],[-7,-51],[79,-61],[70,-55],[-1,-20],[58,7],[16,-17],[2,-2],[30,-29],[55,-33]],[[327193,669174],[-35,-280]],[[326244,669767],[0,-10],[-17,-77],[-2,-30],[0,-18],[16,-103],[7,-72],[7,-38],[3,-23]],[[326251,669053],[-9,-57],[-4,-32]],[[326122,669131],[-3,51],[12,32],[-7,11],[-6,6],[-3,1],[-6,20],[-4,46],[7,3],[-4,23],[7,23],[-3,6],[11,7],[8,-9],[4,11],[6,-11],[9,-16],[13,-14],[-1,18],[-2,20],[-3,11],[-6,-5],[-6,26],[-18,40],[-2,16],[6,19],[7,-12],[16,3],[-2,35],[-12,183],[-4,62],[-12,197]],[[323011,666187],[181,-19]],[[323192,666168],[22,-2]],[[323214,666166],[42,-5],[26,-3],[54,-6]],[[323336,666152],[23,-219],[85,-786]],[[323444,665147],[-17,-14],[-251,-211],[6,-158],[-91,-29]],[[323091,664735],[7,44],[15,24],[6,19],[6,53],[-1,36],[-23,145],[-5,25],[2,29],[8,35],[16,45],[27,56],[18,55],[4,29],[-1,21],[-3,20],[-12,48],[-4,20],[-1,54],[0,13],[-12,7],[-3,20],[-12,54],[-6,12],[-8,-7],[-4,-49],[-9,9],[-1,42],[-18,-12]],[[326535,659239],[1,30],[13,0]],[[326549,659269],[14,-27],[14,8],[1,-22],[7,13],[2,-10],[5,15],[4,13],[1,4],[4,-5],[17,37],[15,34],[12,66],[8,23],[6,6],[2,7]],[[326661,659431],[0,0],[23,0],[17,1],[71,1]],[[326772,659433],[11,-28],[-2,-24],[4,-37],[1,-30],[-9,-29],[6,-77],[4,-44],[-4,-7],[9,-63],[3,-29],[1,-16],[16,-103],[8,-57],[9,-61]],[[326845,658721],[-13,-57],[-2,-14],[0,0]],[[326830,658650],[-58,53],[-37,37],[-27,-2],[-71,-3],[-37,-2]],[[326600,658733],[-16,123],[-4,36],[-5,34],[-1,14],[-20,115],[-18,110],[-4,32],[-2,9],[5,33]],[[327135,656281],[36,-22],[6,-4],[6,7],[-1,-10],[106,-65],[21,-12],[2,-24],[12,-5],[10,-16],[4,-24],[-1,1],[-2,-30],[4,-33],[4,-18],[8,-4],[4,-14],[2,-6],[2,-2],[5,5],[14,-19]],[[327377,655986],[2,-10],[-12,-31],[-3,-22],[0,-16],[7,-44],[-1,-22],[8,-55],[0,-22]],[[327378,655764],[-4,47],[-11,53],[-5,-26],[-2,-38],[-8,-19],[0,-13],[-7,17],[-12,6],[-10,-87],[-2,13],[0,15],[0,-9],[-1,-5],[-7,7],[-41,66],[-2,34],[5,-3],[-2,30],[-5,25],[-6,1],[-18,-19],[2,-12],[-17,18],[-1,-18],[-1,-2],[-3,11],[-66,-102],[-24,6],[-2,53],[-6,36],[-6,8],[-9,-143]],[[327107,655714],[-10,247],[-7,172],[-1,33],[-2,49],[-4,95],[52,-29]],[[328901,669089],[6,13],[2,3],[3,-6],[5,0],[4,-19],[-4,-21],[-5,-14],[-1,-1],[-2,7],[1,18],[-2,11],[-2,9],[-3,-2],[-2,2]],[[328535,670050],[14,-6],[12,-30],[5,-7],[24,0],[5,-5],[9,-47],[3,-13]],[[328607,669942],[-1,-77],[-4,-19],[-4,-24],[-13,-90],[-13,-35],[-16,-20],[-6,-26],[-6,-34],[-1,-65],[-1,-5],[-5,-37],[-3,-13],[-15,-12],[-2,-7],[-9,-29],[-5,-47],[8,-28],[-7,-27],[-6,-22],[-6,-23],[-1,-32],[-2,-12],[-9,-5],[-7,6],[-5,-5],[-8,-22],[-7,-32],[-8,-63],[-1,-13],[-2,-57],[2,-18],[-12,-24],[-6,-26],[-1,-3]],[[328425,668996],[-12,24],[-24,42],[4,10],[-23,69],[-1,-4],[-33,30],[-25,23],[-14,7],[44,148],[-42,24],[7,37],[-5,9]],[[328301,669415],[8,27],[3,-7],[4,27],[-29,44],[16,83]],[[328377,669142],[13,-16],[9,-36],[17,-13],[0,-15],[4,-12],[11,-23],[11,63],[-2,7],[-19,9],[1,12],[8,4],[-2,4],[8,7],[-1,52],[-8,26],[-9,-12],[-1,20],[-10,-15],[0,-9],[-23,-50],[-7,-3]],[[323756,651160],[107,32]],[[323863,651192],[67,-346],[3,-16]],[[324934,655518],[1,23],[4,-6],[2,2],[5,42],[-5,90],[11,17],[6,0],[7,7],[5,5],[-1,92],[12,-6],[-4,-9],[2,-19],[5,-2],[0,-17],[11,-13],[0,4],[6,14],[2,5],[4,-4],[18,37],[3,-2],[5,4],[-1,22],[7,-13],[7,20],[12,-17],[9,-28],[21,18],[12,-9],[5,10],[13,14],[6,-76],[-1,-18],[-2,-46],[-4,-31],[-1,-12],[7,3],[10,-165],[32,-1],[16,79],[2,0],[5,-32],[47,-82],[0,-38],[21,22]],[[325256,655402],[4,-344]],[[325260,655058],[-147,-66],[-2,-56]],[[325111,654936],[-7,12],[-9,-24],[-18,0],[-4,41],[3,-4],[2,14],[-67,-30],[-1,0],[-5,-23],[-3,-38],[-12,-82],[-13,-4],[-4,-18],[-3,-20],[3,-36],[-4,0],[-2,-25],[-12,-63],[-8,-27],[-16,12]],[[324931,654621],[0,17],[2,21],[-17,28],[-12,-1],[-2,-1]],[[324902,654685],[0,2]],[[324885,654724],[-4,12],[-3,6]],[[324878,654742],[5,50],[-3,32],[-8,19],[-5,13],[3,29],[10,51],[1,23],[7,20],[9,38],[9,25],[-1,39],[6,40],[4,8],[37,37],[6,13],[1,18],[-2,24],[-3,50],[12,33],[2,18],[-3,42],[-2,12],[-2,3],[-35,64],[12,30],[0,25],[-4,20]],[[324788,651025],[-11,-65],[13,-6],[1,-20],[-9,-151],[4,-2],[-13,-44],[-20,-43],[-2,-16],[18,38],[17,23],[4,3],[1,-27],[-21,-111],[-22,-27],[-4,-24],[8,-19],[2,-26],[-2,-16],[1,-22],[5,-10],[15,-6],[2,-29],[2,-12],[-1,-14],[-6,-1],[2,-8],[2,-6],[2,-7],[14,-42],[18,-54],[-5,-17],[2,-20],[3,5],[0,-8],[-6,-31],[-8,-55],[1,-53],[-4,-7],[3,-21],[-7,-13],[-19,-14],[-1,-14],[6,-12],[-1,-17],[-7,16],[-4,-24],[7,-27],[-7,-31],[-5,-8],[0,-25],[11,-7]],[[324767,649898],[-12,-51],[-25,-74],[-21,-6],[-3,8],[-29,97],[-3,-1]],[[324674,649871],[2,5],[-16,8],[-11,20],[-13,58],[-4,33],[-1,-4],[-3,-7],[-3,-4],[-1,21],[3,7],[-4,18],[-8,20],[-2,-2],[-5,-17],[-1,4],[-10,30],[-5,10],[-2,50],[-5,-3],[0,29],[3,33],[4,56],[-1,64],[1,19],[0,17],[0,37],[5,66],[1,22],[-2,0],[-4,21],[-4,0],[0,26],[4,6],[0,28],[-1,5],[-25,8],[-14,125]],[[324173,651904],[2,-13],[-6,-2],[-8,-27],[-26,-3],[-7,-8],[3,-22],[-8,-2],[9,-7],[3,19],[17,-29],[-1,-17],[5,-19],[11,-1],[10,-26],[7,6],[4,-7],[16,-7],[5,-19],[-9,-23],[-11,-10],[-16,-77],[8,-17],[-6,-24],[5,-11],[2,-7],[-1,-5],[-13,-3],[8,-58],[15,21],[7,11],[5,-20],[0,-36],[-2,-18],[18,-66],[18,-78],[-16,1]],[[324125,651429],[-7,-12],[-14,-35],[-10,-11],[0,-264],[3,-3],[9,15],[17,-30],[1,-8],[-3,-16],[4,-23],[0,-20],[-5,-56],[6,-5],[12,-34]],[[324138,650927],[-40,-22],[-11,-3]],[[324087,650902],[-30,-20],[-63,-33],[-15,1],[-46,-20]],[[323863,651192],[33,19],[30,18],[-2,119],[30,11],[-9,202],[-3,61],[-3,154],[-1,46],[-2,38],[-19,109],[-5,41],[-3,40],[-1,23]],[[330336,658589],[119,-111],[103,-152],[73,-163],[2,-4],[68,-230]],[[330701,657929],[-5,-8],[-7,-26],[-7,33],[-7,-3],[-2,-16],[-6,14],[4,25],[-8,20],[-6,40],[0,39],[-7,7],[-9,-6],[-16,5],[-7,-28],[5,-35],[17,-21],[4,-28],[7,-18],[2,-17],[7,-14],[-10,-34],[-4,-32],[-4,-4],[-9,-32],[-11,13],[15,37],[-4,11],[-2,-17],[-6,-9],[-8,-1],[-8,-10],[1,-27],[-12,45],[-6,43],[-7,-15],[-6,-3],[-23,-53]],[[330556,657804],[-1,25],[-18,150],[-16,76],[-3,16],[-3,9],[-33,107],[-3,10],[-2,4],[-40,81],[-4,9],[-3,4],[-49,64],[-4,5],[-3,4],[-17,26],[-1,2]],[[330356,658396],[1,12],[0,26],[1,5],[1,4],[1,7],[-24,139]],[[324793,660025],[2,22],[6,22],[3,1],[9,5],[5,5],[11,25],[6,18],[7,36],[9,6],[15,-3],[4,-10],[5,2],[4,23],[3,-13],[18,-21],[10,22],[2,4],[-2,15],[-1,27],[4,-6],[13,4],[2,3],[4,12],[4,22],[36,-74],[-3,25],[-5,19],[0,29]],[[324997,660197],[-11,-52],[-43,-191],[-5,-21]],[[324938,659933],[-6,-1],[-7,-2],[4,-41],[-7,-7],[-5,3],[-14,30],[0,9],[-8,-2],[-19,-96]],[[324876,659826],[-5,89],[-28,-7],[-42,-12]],[[324801,659896],[-6,100],[-2,29]],[[323182,670043],[-7,-18],[-8,-31],[-3,-25],[2,-40],[3,-20],[11,-38],[6,-41],[-2,-55],[-6,-87],[2,-35],[8,-58]],[[326103,652373],[28,-21],[25,-18],[6,-8],[7,-20],[0,15],[3,21],[5,2],[8,44],[4,-10],[-2,-4],[-1,-65],[5,2],[4,6],[1,5],[1,25],[14,-48],[15,-5],[12,-33],[5,1],[1,-18],[-7,-25],[1,-27],[8,11],[7,-6],[2,-21],[-4,-6],[-4,13],[-2,-25],[-6,-11],[-7,1],[4,-18],[6,-3],[4,-29],[26,20],[-2,28],[0,47],[-1,13],[11,8],[8,3],[13,0],[31,-22],[5,40],[-6,27],[2,19],[21,-11],[-1,37],[4,-21],[4,4],[-4,21],[5,30],[3,7],[5,32],[-3,6],[7,2],[-3,10],[2,12],[-5,1],[-10,18],[-4,21],[6,-19],[15,-19],[7,-24],[8,29]],[[326390,652417],[7,15],[2,-7],[2,-8],[-10,-54],[11,-56],[17,-29],[-1,-42],[-1,-6],[5,-16],[2,-7],[1,-4],[-1,-22],[4,-56],[-1,-47],[0,-22],[0,-11],[-2,-26],[-7,-66],[-5,-55],[-1,-6],[-5,-53],[1,-16],[0,0]],[[326408,651823],[0,-21],[-29,-3],[1,-33],[-24,-4],[0,23],[1,13],[-31,-3],[1,-9],[2,-58],[-1,-9]],[[326328,651719],[-26,-7],[1,32],[3,17],[-7,33],[-60,-29],[-22,-9],[-16,-10],[-12,-2],[-5,25],[-13,0],[0,22],[-9,2],[0,-20],[-7,-15],[-4,-16],[2,-14],[-8,-77]],[[326145,651651],[-7,-4],[-3,10],[-2,12],[-2,63],[-2,41],[0,64],[-4,3],[1,25],[-9,6],[-7,5],[-2,1]],[[326108,651877],[1,58],[-1,26],[-26,23]],[[326082,651984],[20,156],[4,34],[-3,30],[0,169]],[[327041,661965],[17,55],[9,30],[10,31],[8,25],[10,32],[4,13],[5,17],[0,0],[0,6],[3,4],[0,-2],[5,16]],[[327112,662192],[4,-17],[11,-45],[2,-1],[6,-3],[5,1],[6,-1],[1,0],[5,-1],[5,-1],[12,-9],[1,0],[12,-13],[2,0],[14,-13],[6,-4],[3,-1],[8,-1],[2,-2],[6,-5],[0,1],[4,-5],[2,-2],[0,-2],[6,-3]],[[327235,662065],[2,-1],[3,-2],[10,-3],[-1,-2],[12,9],[1,0],[6,1],[0,0],[4,1],[9,-5],[-2,-46],[2,-14],[-9,-33],[-3,-5],[-2,-2],[1,-9],[0,-6]],[[327268,661948],[-2,-3],[-9,-36],[-3,-8],[-19,-12],[-17,-3],[-5,-10],[-7,-5],[-12,18]],[[327194,661889],[-1,1],[-15,-9],[-8,-1],[-9,3],[-12,13],[-1,-3],[-2,-12],[-7,-2],[-15,14],[-9,8],[-1,1],[-2,-3],[0,0],[0,1],[-1,4],[-6,5],[13,43],[-7,15],[-2,12],[-4,-7],[-6,3],[-12,-19],[-7,0]],[[327024,661410],[9,16],[-4,7],[-2,4],[5,18],[3,-5],[5,21],[-3,20],[4,27],[-1,22],[-2,6],[12,5],[-2,11]],[[327048,661562],[6,11],[7,-7],[9,11],[2,-29],[3,-32],[0,-3],[1,0],[7,-10],[0,-8],[4,-20],[5,8],[0,1],[1,-3],[2,-3],[-3,-13],[-3,-11],[-4,-11],[6,-7],[2,0],[7,-24],[-13,1],[0,-1],[11,-1],[-1,-13],[11,-28],[-6,-4],[-10,-36],[-5,1],[-2,-20],[1,-8],[-2,3],[-1,-35],[-7,-7],[6,-3],[9,-40],[-14,20],[1,-47],[8,-24],[-6,-13],[-2,2],[-9,-4]],[[327069,661155],[-11,30],[1,30],[0,10],[-6,35],[-12,5]],[[327041,661265],[3,12],[6,-6],[4,-8],[4,54],[-6,7],[-6,3],[-3,-2],[23,83],[-7,-12],[-6,-1],[-2,-16],[-5,-21],[-2,27],[-3,15],[5,3],[-12,0],[-1,17],[-9,-10]],[[327056,661326],[3,13],[2,11],[-3,3],[-4,-23],[2,-4]],[[330805,656409],[3,14],[-8,11],[4,13],[9,23],[3,42],[5,-2],[-24,28],[0,47],[5,-7],[11,22],[7,-11],[11,31],[1,20],[3,-8],[14,37],[0,9],[5,10],[3,-58],[6,1],[0,-54],[6,-4],[6,-25],[-2,-42],[-4,-8],[13,-52],[8,-14],[3,14],[20,-38],[24,-38],[5,-48],[1,-34],[-55,-24],[-8,2],[-4,-12]],[[330876,656254],[-7,3],[-3,1],[-3,-3],[-11,3],[-16,-14],[-9,2],[-15,14],[-12,1],[-2,8],[1,9],[3,16],[0,7],[-8,-3]],[[330794,656298],[2,13],[4,12],[14,46],[-9,40]],[[330575,657197],[119,58],[33,13],[96,33]],[[330823,657301],[34,-199],[8,-62]],[[330865,657040],[-9,-8],[-2,2],[7,-22],[6,-24],[2,-34],[6,-31],[3,-45],[3,4],[2,-14],[-5,-2],[3,-34],[4,-71],[-6,-15],[-13,-22],[-5,-1],[-7,0],[-4,-3],[-3,-9],[-11,9],[-22,11],[-12,-16],[-19,-61],[-7,4],[-7,-12],[-4,17],[1,-15],[7,-14],[-2,-14],[11,-14],[-4,-5],[-17,1]],[[330761,656602],[-9,8],[-17,48],[-21,102],[1,44],[10,43],[4,17],[-24,8],[-30,0],[-31,-25],[-12,-24],[-9,-27],[12,-35],[11,5],[-14,-45],[-13,-22],[-8,-41],[0,-140],[-11,-40],[8,-115],[-1,-36],[-7,19],[-12,173],[-3,454],[-10,55],[0,169]],[[326213,654557],[22,2],[28,4],[23,2],[1,0],[15,1],[8,23],[-3,36],[8,27],[15,3],[5,2],[2,12]],[[326470,653996],[-21,3],[-31,5],[-33,22],[-4,2],[-12,8],[-1,0],[-23,-6],[-2,10],[-3,12],[4,20],[-10,11],[-3,2],[-8,-32],[-3,-14],[-2,-9],[1,-28],[0,-9],[5,-44]],[[326164,653925],[-3,89],[-1,30],[-2,103],[-14,0],[-16,-4],[-12,-1],[-11,-1],[14,90],[3,24],[2,13],[19,31],[5,22],[8,1],[5,2],[11,18],[14,54],[7,-3],[2,16],[-1,27],[3,19],[11,38],[3,31],[2,33]],[[325348,664267],[12,25],[36,75],[8,17],[44,-146],[32,-106],[13,-88],[8,-60],[8,-50],[19,-12],[8,-5]],[[325140,663431],[24,141],[-62,97],[1,23]],[[327125,654089],[14,-13],[3,-2],[9,37],[7,19],[5,10],[9,-6],[19,-13],[13,-9],[-1,-8],[5,-3],[3,-14],[1,19],[4,-2],[-1,-11],[4,-3],[-3,-32],[-2,-2],[-2,-15],[-4,-19],[-1,-12],[1,0],[-2,-13],[-1,-3],[2,-19],[9,-16],[0,-7],[-8,-3],[2,-20],[-9,6],[0,-11],[-3,-23],[-8,18],[-9,-15],[-12,-5],[-5,-16],[-2,-24]],[[327162,653859],[-10,9],[-10,6],[-21,15],[-10,5],[-4,4]],[[327107,653898],[0,0],[-17,79]],[[327090,653977],[15,52],[20,60]],[[326729,663550],[-2,-49],[-1,-82],[-3,-50],[1,-7],[6,-19],[0,-13],[-4,-10],[-7,-6],[0,-8],[-1,-12],[8,-22],[0,-1],[5,-21],[10,-29],[13,25],[9,-23],[9,1]],[[326772,663224],[6,-14],[-7,-3],[-1,-19],[6,-2],[8,-51],[-4,-10],[6,5],[1,-6],[-5,-6],[5,-32]],[[326787,663086],[-13,-16],[-1,-14],[-4,-85],[-15,5],[-4,4],[-9,17],[-20,-60],[0,-2],[-5,-1],[-20,-26],[-30,-32],[-7,-4],[4,-14],[16,-39],[1,-6],[-6,-17],[-53,-127],[-6,-57],[-8,-26],[-13,15],[-4,0],[-7,-11],[2,-48],[-7,-39]],[[326578,662503],[-26,37],[-25,36],[-42,59],[-28,41],[-29,40],[-25,36],[-24,34]],[[327371,661802],[1,0],[18,-2],[4,1],[16,7],[12,7],[3,2],[6,5]],[[327431,661822],[4,-32]],[[327435,661790],[1,-8],[1,-5],[-5,-5],[1,-9],[6,-1],[2,-20],[1,-2],[0,-4],[-5,-6],[0,5],[-5,-4],[0,-28],[-1,-9],[-7,-1],[-2,-1],[6,-9],[-2,-9],[1,-5],[-2,-4],[-10,-12],[-2,-9],[-6,1],[-5,12],[-8,30],[-13,-44],[4,-9],[-7,-22],[-1,-6],[-4,9],[0,-3],[-3,-8]],[[327327,661786],[-1,10],[0,2],[0,0],[0,13],[1,11],[1,-1],[1,10],[10,-5],[3,1],[6,4],[12,-31],[8,-6],[3,8]],[[327821,654585],[-33,-569],[3,-14],[13,-36],[9,18],[13,10],[3,-10],[-1,-17]],[[327828,653967],[-10,-6],[1,-31],[10,-24],[2,-10],[-9,-33],[-4,-11],[1,-33],[-9,-19],[-3,-12],[-5,-10],[-5,-27],[1,-23]],[[327798,653728],[5,-72],[5,-68],[4,-11],[1,-6],[4,-12],[5,-18],[2,-6],[12,-44],[3,-42],[2,-11],[2,-11],[14,-85],[7,-41],[6,-35],[4,-9],[9,-17],[9,-15]],[[327892,653225],[-6,-6],[-15,5],[-14,-2],[0,-13],[-4,-33],[2,-27],[-9,-35],[4,-30],[-2,-4],[-4,-1],[1,9],[-16,1],[-10,40],[-12,-34],[-7,10],[-11,-21],[-10,-28],[2,-50],[-6,-8],[-43,7],[-3,-21],[-1,-41],[-4,-16],[1,-25],[-2,-19],[-4,0],[-4,-34],[1,-12],[-9,-10],[-2,-20],[0,-7],[-6,5],[-6,-19],[-1,-13],[1,-28],[-1,-18],[6,-25],[-1,-3],[-7,8],[-12,27],[-7,3],[-9,1],[-6,20],[-15,32],[-4,22],[-6,-51],[-4,2],[-16,-80]],[[327611,652683],[-23,128],[-13,63],[0,29],[16,46],[2,22],[7,30],[-5,117],[5,82],[0,29],[-3,49],[-3,11],[6,14],[-6,46],[-13,60],[-6,40],[-7,17],[-4,16],[-10,104],[-7,52],[-12,63],[-18,96],[-36,136],[-5,109],[31,-21],[61,109],[-6,16],[-12,8],[-12,24],[-8,24],[-6,43],[-9,44],[-5,54],[-1,22],[-6,38],[-7,55],[-4,14],[-7,15],[-10,7],[-10,32],[-17,12]],[[327448,654538],[9,19],[11,29],[6,4],[97,-122]],[[327834,663127],[3,11],[3,7],[0,0],[1,-2],[0,2],[1,-1],[1,5],[0,1],[1,1],[-1,2],[0,2],[1,0],[0,2],[1,-2],[0,0],[0,1],[2,6],[0,3],[1,3],[-1,1],[2,0],[4,16],[4,14],[1,-2],[5,17],[6,10],[1,16],[-1,2],[3,14],[12,46],[1,6],[1,-2],[1,2],[1,-3],[1,3],[-1,1],[1,3],[-1,1],[2,5],[0,1],[1,7],[-1,2],[2,8],[3,9],[1,4],[16,55],[2,15]],[[327918,663415],[9,-69],[1,0],[3,-5],[-1,-3],[0,-1],[-1,-1],[6,-45],[6,-50],[1,-3],[5,-36],[3,-26],[0,-3],[0,0],[2,-15],[1,-1],[1,-8],[-1,-2],[1,-6],[1,0],[0,-5],[0,0],[1,-3]],[[327956,663133],[-11,-42],[-4,-15],[-3,-11],[-1,0],[-9,-2],[-2,-1],[-8,-25],[-3,-6],[0,-15]],[[327915,663016],[-5,3],[-2,-5],[-4,-9]],[[327904,663005],[-1,15],[-15,16],[-2,-6]],[[327351,661938],[6,2],[4,8],[1,9],[0,22],[-1,0],[-2,18],[3,0],[8,-12],[2,8],[-2,2],[2,10],[3,-4],[1,5],[-2,2],[1,2],[-1,1],[0,3],[1,9],[1,0],[1,-1],[0,2],[0,0],[1,2],[-1,1],[1,3],[-1,1],[0,1],[2,2],[6,23],[2,22]],[[327387,662079],[7,-24],[5,1],[6,0],[7,1],[8,-2]],[[327450,661846],[-8,-9],[-11,-15]],[[327371,661802],[-8,6],[-12,28],[-1,17],[2,21],[0,5],[0,24],[-1,28],[0,7]],[[328026,663345],[0,-1],[1,-1],[30,-34],[12,-14],[17,-19],[1,-2]],[[328087,663274],[-1,-5],[-20,-92],[0,0],[0,-3],[-4,-27],[-1,-9],[2,-26],[0,0],[-16,-34],[-5,-12],[-23,38],[-18,-16],[0,7],[0,7],[-2,34],[-4,-1],[0,0],[-12,0],[-8,-1],[-19,-1],[0,0]],[[325054,653538],[1,-1],[10,19],[15,-3],[7,1],[1,-22],[83,-22],[8,0],[66,-16],[27,-6]],[[325272,653488],[-1,-64],[-5,-438],[0,-1]],[[325266,652985],[-3,-290],[-4,-302]],[[325259,652393],[-3,-225],[-3,-246]],[[325253,651922],[-91,45],[-27,14],[-29,12],[-19,13],[-46,21]],[[324972,653503],[30,10],[52,25]],[[323046,653570],[2,-17],[71,-436],[1,-5],[15,-90],[8,-57],[16,-91],[7,-40]],[[323475,658069],[140,-8],[2,0],[13,0],[53,-1],[91,-2]],[[323774,658058],[66,-1],[25,-1],[112,-5],[20,-1]],[[324296,658026],[1,-142],[5,-371]],[[324302,657513],[3,-221]],[[324305,657292],[-11,16],[-4,22],[-12,11],[-6,20],[-7,-2],[0,-27],[-6,-29],[-7,-14],[-8,-8],[-18,-33],[-10,-36],[-73,2]],[[323941,657200],[-56,-6],[-6,8],[1,-26],[-1,-124],[2,-20],[-2,-45],[-73,4],[-94,5],[-32,1],[-16,0],[-9,-84],[1,-28],[6,-18]],[[323575,656961],[-11,17],[5,25],[-93,3],[-15,3],[-62,-1],[-48,-3],[1,184]],[[324305,657292],[1,-82],[5,-482],[1,-31],[91,-4]],[[324403,656693],[23,-1]],[[324426,656692],[0,-27],[1,-1],[0,-18],[-8,-56],[-11,-41],[-4,-3],[-4,-9],[-1,-10],[-5,-7],[1,-13],[0,-7],[-2,-5],[0,-20],[-1,-3],[-3,-2],[-7,13],[0,-17],[-5,-4],[0,-22],[-4,0],[-4,-27],[3,-13],[0,-20],[-5,-13],[0,-21],[-4,-19],[-5,-6],[-3,-26],[3,3],[18,-14],[3,27],[11,-4],[5,-19],[14,18],[5,-3],[10,6],[-4,-44],[2,-48],[-2,-21],[24,-25],[12,-23],[19,-56],[0,-369]],[[324327,655725],[-3,-1],[-10,1],[-54,0]],[[324302,657513],[8,-1],[12,-10],[7,-13],[12,-31],[-12,-35],[0,-59],[3,-17],[-3,-38],[0,-14],[6,-3],[7,11],[19,17],[24,-1],[9,-39],[9,-18],[6,-1],[4,-24],[-1,-2],[-5,-10],[7,-16],[7,20],[9,9],[0,-4],[11,-36],[10,-3],[16,-20],[0,94],[6,61],[19,-43],[-7,-93],[-10,-30],[-5,-4],[-8,-50],[-11,-35],[-20,-120],[-4,-1],[-3,45],[-9,-1],[-6,7],[0,-19],[-4,0],[1,21],[-3,-7],[-14,2],[-2,-7],[-2,-13],[7,-6],[-4,-25],[3,-16],[-1,-48],[-3,-10],[4,-12],[12,-8],[5,-15],[4,-52],[6,-17],[-1,-24],[-2,-14],[-12,-42]],[[324369,657204],[9,-20],[4,-41],[-2,-20],[-2,-8],[0,-4],[1,-30],[6,-59],[10,7],[3,-8],[10,50],[-6,0],[0,53],[-5,4],[-6,12],[1,11],[2,14],[2,6],[5,25],[-1,26],[-8,0],[-14,0],[-9,-18]],[[326385,655688],[6,5],[7,2],[19,-16],[0,3],[1,36],[1,11],[2,-2],[13,-4],[1,-1]],[[326435,655722],[3,-1],[3,2],[0,-8],[4,2],[1,-8],[2,1]],[[326518,655577],[-4,-31],[-6,-5],[-12,-9],[-8,-41],[1,-10],[5,-43]],[[326494,655438],[-26,-36],[-5,40],[-12,-10],[0,8],[0,33],[0,8],[-12,-7],[-2,16],[-2,20],[-6,-3],[-3,17]],[[326426,655524],[-4,-2],[-2,-7],[-2,4],[-8,14],[-1,-6],[-4,10],[-10,-17],[-2,5],[12,30],[-1,3],[-12,-3]],[[325980,655231],[12,2],[12,17],[13,13],[12,5],[26,9],[2,-1],[12,-21],[13,-13],[14,-7],[9,-10],[8,-3],[8,-2],[24,5],[9,3],[17,21],[3,1],[5,3]],[[326179,655253],[-5,-12],[0,-41],[5,-5],[3,-9],[-1,-16],[3,-2],[4,-9],[16,-5],[26,32],[2,-15],[-6,-25],[1,-16],[10,2],[3,-9],[-4,-13],[-3,2],[-10,-11],[2,-37],[-4,-17],[0,-21],[-2,-29],[0,-21],[9,-5],[-3,-39],[2,-54],[0,-3],[8,-22],[-1,-7],[-9,-9],[-3,-33],[-8,-50],[-15,-89],[-3,-22],[2,-47],[-7,-2],[-8,-40]],[[326183,654554],[-13,-2],[-59,-6],[-8,-2],[-1,0],[-17,-2],[-16,-1],[-12,-1]],[[326057,654540],[-20,0]],[[326046,654557],[2,22],[5,17],[-2,18],[3,10],[2,34],[-11,4],[-6,44],[-2,40],[0,37],[11,22],[-3,44],[-35,-7],[5,42],[0,25],[2,11],[22,20],[7,5],[-3,28],[-5,-3],[-2,16],[-5,-8],[-2,-3],[-6,19],[-10,15],[-1,16],[-11,59],[-13,-20],[-4,62]],[[325984,655126],[-4,105]],[[323388,659845],[0,-7]],[[323388,659838],[7,-140],[4,-78],[16,25],[33,-154],[-12,-6],[-12,-1],[-18,8],[1,-25],[1,-13]],[[323408,659454],[26,-499],[3,-63]],[[323156,658677],[-3,58]],[[323149,658803],[-5,89],[-8,156],[-2,37],[-4,81],[-8,132],[-2,46],[-4,82]],[[323116,659426],[-3,50],[-1,25],[-1,14]],[[326787,663086],[30,22],[-1,19],[6,-19],[-5,-10],[10,-69],[-1,-1],[-3,-4],[-3,-50],[10,-44],[1,4],[16,-3],[10,8],[16,24]],[[326873,662963],[1,-17],[1,-27],[5,-92],[4,-55],[3,-42],[0,-2],[2,-24],[-3,-54],[-1,-10]],[[326885,662640],[-14,-89],[-6,-69],[-2,-12],[-14,17],[-1,-17],[-9,10],[-11,-69],[14,-25],[-5,-34]],[[326676,662310],[7,39],[-27,39],[-76,113],[-2,2]],[[323666,651112],[2,-42],[57,74],[31,16]],[[326370,669218],[2,-4],[10,0],[3,-2],[25,-6],[6,0],[9,7],[0,-17],[16,13],[8,12],[13,66],[2,8],[5,18],[-11,24],[2,10],[8,-16],[5,5],[5,23],[2,6],[7,31],[2,-11],[10,8],[2,6]],[[326501,669399],[2,-22],[1,-16],[25,-371],[10,-155],[5,-97]],[[326544,668738],[5,-77],[1,-14],[-27,-11],[-1,-1],[-90,-38]],[[326432,668597],[-27,54],[13,27],[7,29],[-1,30],[0,46],[-1,75],[-3,30],[-4,17],[-4,11],[-3,-3],[-4,43],[-15,91],[-1,4],[-5,17],[-3,15],[-4,34],[-1,8],[-2,14],[0,4],[-1,10],[-3,56],[0,9]],[[326311,668317],[-3,-75]],[[326308,668242],[-3,-40],[-3,-21],[-12,-39],[-13,-81],[-1,-15],[-24,-79],[-12,-43],[-6,-32],[-4,-11],[-4,-31],[-15,-55],[-4,-24],[-1,-31],[3,-40],[10,-89],[1,-25],[0,-26],[-3,-35],[-6,-39],[-1,-16],[2,-20],[9,-49],[1,-9],[2,-21],[5,-53],[-3,-49],[17,-48],[2,-27],[2,-53],[-1,-47],[15,-65]],[[325989,666932],[-5,125],[0,6]],[[325984,667063],[-9,190],[-8,154],[-1,10],[-3,49],[-5,88],[-5,78],[-14,234],[-3,60],[-2,1],[-1,5],[-1,2],[0,11],[-1,13],[0,7],[2,8],[-1,8],[-6,112],[-1,4],[6,-2],[1,18],[-4,14],[-1,10],[18,8]],[[326901,672283],[16,67],[15,85],[6,40],[9,91]],[[326947,672566],[229,-541],[100,-240],[23,-55]],[[327228,671303],[-157,105],[-19,10],[-18,15],[-49,32],[-49,32],[-23,3],[7,29],[-1,29],[13,37],[-8,10],[-4,27],[-12,20],[-2,29],[-12,41],[-14,-6],[27,124],[-2,5],[-10,10],[-7,14],[-6,-8],[-10,23],[-15,11],[-12,0],[-2,10]],[[326319,655962],[1,2],[3,1],[-2,-13],[-2,-12],[18,12],[1,-3],[4,2],[3,27],[7,8],[4,-9],[2,-6],[1,0],[2,0],[0,-3],[2,-1],[2,-10],[1,1],[2,-14],[1,-3],[8,20],[-1,2],[4,11],[2,-6],[2,13],[3,-2],[4,-5],[3,-20],[4,-18],[12,-53],[8,-54],[7,-44],[1,-8],[1,5],[7,-44],[1,-16]],[[326269,655809],[-3,18],[7,19],[14,34],[1,0],[3,2],[1,0],[0,10],[8,22],[-1,1],[1,32],[15,3],[4,12]],[[326267,656204],[10,9],[24,10],[20,10],[34,16],[14,7],[37,17]],[[326406,656273],[2,-39],[4,-65],[1,-16],[3,-41],[4,-61],[19,-9],[1,-25],[13,-14],[3,13],[19,2],[0,0]],[[326319,655962],[0,9],[2,1],[-4,2],[-4,38],[-2,1],[-7,-6],[-12,2],[-1,5],[-11,10],[3,12],[-5,19],[-1,-2],[-7,11],[-3,-16],[-13,-6],[-3,11],[-1,15],[-2,-1],[0,-16],[-2,-1],[-2,36],[4,0],[6,46],[-1,4],[-2,11],[1,15],[-8,-3],[1,22],[-6,9]],[[326239,656190],[3,2],[25,12]],[[329599,677005],[6,-13],[35,-88],[4,-10],[21,-44]],[[329665,676850],[60,-110],[8,-15],[8,-17],[28,-53],[50,-93],[2,-68],[8,-22],[6,5],[2,20],[5,22],[3,-6],[37,-71],[40,-76],[21,-40]],[[329943,676326],[23,-45],[2,-35],[19,8],[13,-34],[8,-8],[8,2],[-4,-10],[2,-9],[5,6],[0,-23],[5,-7],[-6,-13],[-1,-12],[-8,-22],[-8,3],[-4,-12],[-1,-19],[-10,-18],[-10,-14],[-6,-48],[-4,-25],[0,-17],[4,-22],[4,-40]],[[329974,675912],[-5,7],[-14,-25],[-27,-45],[-41,-71],[-27,-73],[-10,-56],[-10,-49],[9,-34],[4,-17],[8,-22],[-18,-24],[-24,3],[-2,5],[-3,10],[-2,8],[3,15],[3,16],[10,34],[-12,48],[-12,13],[-7,6],[-2,3],[-40,-3],[-32,-50],[-3,-4],[-1,-6]],[[329719,675601],[-13,25],[-42,79],[-39,73],[-5,8],[-15,29]],[[329605,675815],[-2,3],[-31,58],[-8,16],[-30,56],[-96,186],[-19,37],[-11,19],[5,19],[-124,225]],[[329289,676434],[41,164],[32,122]],[[328062,677223],[59,4]],[[325482,659757],[3,8],[32,19],[10,41],[-7,31],[7,-5],[5,6],[30,-12],[24,-3],[52,-9],[3,-7],[17,-47],[26,41],[37,-100]],[[325721,659720],[-11,-15],[13,-84]],[[325723,659621],[-48,1],[-46,0],[-3,0],[-18,1],[-10,-9],[-28,-23]],[[325570,659591],[-12,148],[-72,-33],[-2,28],[-2,23]],[[330865,657040],[47,-382],[34,-371]],[[330946,656287],[-70,-32],[0,-1]],[[330805,656409],[-4,2],[-9,5],[-15,8],[-20,-1],[-18,56],[0,29],[10,16],[23,12],[1,44],[0,12],[-12,10]],[[326592,673477],[40,-79]],[[326632,673398],[136,-278],[214,-440]],[[326982,672680],[-34,-103],[-1,-11]],[[326530,673011],[19,75],[49,184],[-4,20],[-7,-7],[4,39],[-6,45],[0,15],[10,-18],[-3,52],[-3,20],[4,5],[-1,36]],[[326752,674929],[11,-181],[8,2],[11,12],[-10,-30],[-2,-3],[-5,-20],[2,-56],[19,-36]],[[326786,674617],[104,-194],[-15,-58],[-33,-129]],[[326842,674236],[-44,-173],[-47,-190]],[[326751,673873],[-84,-336]],[[326667,673537],[-5,12],[-11,9],[-10,18],[-20,70],[-2,12],[-2,48],[3,36],[0,21],[30,110],[-4,59],[2,46],[3,18],[11,27],[8,9],[9,43],[6,50],[-9,19],[-13,22],[-14,8],[-13,-1],[-10,13],[-8,-28],[-6,13],[-23,42],[15,62],[1,11],[-13,31],[-12,1],[-32,42],[2,11],[10,3],[-3,11],[-17,43],[1,17],[-3,15],[-7,13],[-15,12],[-13,27],[-9,49],[-1,19],[-13,21],[7,7],[8,19],[-4,37],[-4,13],[-3,24],[-8,14],[3,23],[2,7],[5,-23],[9,2],[6,-6],[14,5],[17,-11],[9,-19],[8,-51],[4,-17],[9,36],[5,-4],[9,-20],[12,-15],[4,-15],[2,-40],[21,-43],[5,4],[27,102],[13,-29],[10,-7],[23,107],[14,4],[8,-15],[11,20],[11,28],[16,9],[-2,25],[-18,36],[-7,21],[-2,23],[-7,45],[-3,8],[2,12],[-4,18],[13,-8],[3,8],[9,2],[10,-11],[5,3]],[[324988,667939],[83,37]],[[325071,667976],[63,28],[13,-223]],[[325200,666880],[-33,-19]],[[325167,666861],[-246,19]],[[324921,666880],[-10,206],[19,36],[14,38],[1,27],[7,27],[0,32],[7,36],[3,33],[7,30],[-3,68],[-5,30],[5,46],[-2,23],[-6,14],[-6,3],[1,41],[19,12],[-11,113],[39,25],[-12,219]],[[327007,661385],[7,3],[0,0],[1,29],[9,-7]],[[327041,661265],[-12,-2],[-10,11],[-8,11],[1,23],[-2,25],[2,20],[-4,15]],[[326231,659518],[17,1],[27,16],[62,194],[43,52],[11,-1],[9,0],[1,-13],[37,5],[28,2]],[[326466,659774],[42,-251],[11,-68],[22,-138],[8,-48]],[[326535,659239],[-7,7],[-1,-4],[2,28],[-6,-5],[-40,26],[-4,11],[-13,14],[-5,-23],[-15,-40],[-7,4],[-6,-10],[-7,16],[0,38],[-10,-20],[-1,27],[-13,3],[-15,-11],[-10,1],[-9,-36],[-2,-9],[-12,9],[-9,-4]],[[326345,659261],[-3,7],[-7,2],[-81,-37],[-24,-12]],[[326230,659221],[1,181],[0,26],[0,57],[0,33]],[[323326,664770],[1,-4],[15,-31],[23,-66],[30,-5],[11,-24],[4,1],[11,22],[9,3],[9,-3],[8,14],[8,4],[12,-12],[18,-32],[5,-4],[0,2]],[[323490,664635],[4,23],[4,9],[4,8],[14,-10],[0,-15],[-2,-136]],[[323514,664514],[-3,0],[-7,31],[-4,31],[-7,30],[0,13],[-3,-23],[-10,3],[-14,-30],[-10,-86],[-5,-27],[-7,-53],[-10,61],[-5,-9],[-13,-43],[-3,-19],[-6,-12],[-22,0],[-5,-8],[-5,-42],[2,-100],[-116,221],[-2,29],[5,30],[-4,66],[11,63],[10,46],[10,23],[10,36],[12,6],[-4,17],[-7,3],[12,3],[12,-4]],[[326802,654308],[8,-8],[34,17],[40,22],[29,15],[9,5],[12,9],[15,-140],[7,-25],[2,-33]],[[326958,654170],[-6,-15],[1,-27],[4,-31],[3,-34],[2,-15],[14,-67],[1,-7],[9,-49],[-2,-62],[-4,-47],[-6,-29],[-5,0],[-13,41],[-18,-47],[-4,-19],[-6,-33],[-4,-98],[-6,-21],[0,-5],[-2,-38],[-7,-48],[-11,5],[-12,22],[-5,44],[-5,44],[3,28],[5,29],[-4,30],[-1,2],[-9,14],[-5,16],[-10,34],[-1,5],[-1,3],[-3,25],[-1,12],[-1,4],[-4,33],[2,15],[2,30],[1,22],[-1,2],[-9,12],[-1,3],[-9,30],[-6,-22],[-5,-11],[4,-83],[-9,-117],[-9,-25],[-14,-23],[1,-52],[-5,-50],[-7,5],[-7,56],[-4,53],[-3,155],[10,107],[12,-3],[1,5],[1,5],[13,55],[3,15],[1,40],[4,116],[1,11],[-1,2],[-12,51]],[[327057,652385],[47,38],[114,89],[57,46],[4,3],[16,13],[7,6],[16,13]],[[327318,652593],[2,-69],[1,-25],[3,-84],[10,-301],[6,-289]],[[327340,651825],[-27,-13],[-17,-20],[-7,-8],[-4,-14],[-9,-32],[3,-48],[4,-28],[-11,-26],[-10,0],[-2,-32],[-8,-17],[-6,-14],[-11,10],[-15,-8],[-9,-23],[-3,-27],[-13,-3],[-9,-36],[0,-51],[5,-30],[-6,-9],[-10,9],[-5,-18],[-8,11],[-8,-13],[-18,7],[-24,-46],[-3,31],[-6,25],[1,42],[13,21],[0,45],[2,46],[6,46],[-1,70],[-28,87],[-1,44],[-8,33],[-13,10],[17,177],[-4,31],[-8,24],[0,49],[-8,36],[-3,29],[10,139],[-6,31],[-15,23]],[[326408,651823],[1,-47],[4,-8],[3,-5],[-6,-22],[1,-77],[7,-18],[1,-48],[-2,-62],[-4,-12],[-5,-20],[-6,32],[-13,-1],[-11,-22],[0,-59],[1,-33],[2,-19],[10,-27],[3,-33],[-4,-22],[-9,-11],[-7,-44],[3,-25],[-8,-27],[-14,-39],[0,-24],[-3,-4],[-4,-10],[-5,16],[-2,19],[-19,-34],[-18,-52],[-2,-7],[-2,-5],[3,-29],[-1,-29],[1,-66],[1,-6],[6,-47],[0,-11],[0,-24],[-1,-60],[-7,-20],[-3,-33],[-9,-23],[-10,-22],[0,-35],[-4,-29],[-11,-9],[-5,-16],[-5,-21],[-14,-67],[-3,-19],[-8,-44],[-18,-103],[4,-69],[8,-41],[-1,-15],[0,-10],[-12,14],[-9,0],[-5,11],[1,23],[-19,45],[-7,36],[-18,33],[-32,12],[-3,2]],[[326119,650401],[-4,33],[2,8],[-7,38],[8,31],[20,168],[10,91],[1,6],[5,118],[19,-1],[4,59],[9,-2],[-4,60],[4,-6],[23,-21],[2,28],[-12,30],[11,15],[-7,3],[-8,-1],[7,6],[13,38],[2,4],[24,36],[7,13],[10,15],[5,6],[6,9],[5,11],[36,102],[4,11],[2,55],[-1,43],[4,51],[5,32],[-4,43],[3,31],[2,64],[2,8],[-2,61],[3,22]],[[327149,662778],[26,-1],[28,-2],[28,-2],[18,0]],[[327249,662773],[10,-123],[2,-18],[4,-15],[6,-6],[0,-16],[0,-12],[4,-13],[1,-9],[3,-14],[6,-11],[16,-1],[2,-2]],[[327303,662533],[0,-8],[-1,-30],[1,-35],[-4,-23],[-2,-14],[0,-19]],[[327297,662404],[-2,-19],[-4,-17],[-12,-15],[-4,-10],[-4,-13],[-2,-4],[0,-1],[0,0],[-27,40]],[[327242,662365],[-10,15],[-3,5],[-3,-2],[-21,36],[1,3]],[[327206,662422],[0,-1],[1,2],[12,-14],[8,-19],[1,7],[2,31],[5,19],[10,-6],[2,-3],[2,-12],[4,0],[-1,17],[-3,15],[0,18],[-6,14],[-4,-3],[-1,2],[7,12],[-4,27],[-2,7],[-6,7],[3,16],[-10,13],[-16,23],[-3,6],[-16,11],[-16,40],[-6,6],[-2,1],[-13,-5],[3,-6],[-10,-3],[-10,4],[-6,18],[-8,7]],[[327123,662673],[4,12],[14,58],[8,35]],[[323387,659855],[81,34],[27,11],[8,3]],[[323503,659903],[8,-5],[18,25],[0,-22],[5,-39],[1,-69],[7,-54],[-1,-29],[-4,0],[-8,11],[2,9],[4,5],[-3,8],[-6,-15],[-6,2],[-5,2],[-3,-12],[-19,34],[-6,-49],[-7,43],[-13,-4],[-5,-13],[-15,-1],[0,14],[5,12],[-17,-6],[-4,8],[-18,87],[-6,6],[-19,-13]],[[326165,661013],[-2,-16],[-18,-124],[0,-87],[-2,-14],[-7,2],[-5,20],[-11,16],[-13,2],[-12,-15]],[[326008,660792],[22,14],[1,29],[-10,38],[-48,176],[4,1],[1,4],[1,6],[-6,-3],[-3,0],[0,1],[-55,199]],[[325915,661257],[-16,59]],[[323652,655776],[1,20]],[[324235,650354],[2,6],[9,34],[1,5],[24,87],[2,4],[1,16],[11,10],[1,-13],[39,34]],[[324325,650537],[-1,-116],[9,-87],[2,-24],[5,-44],[1,-8],[3,-86],[1,-22],[1,-15],[1,-36],[-3,-16],[4,-88],[1,-16],[5,-130],[5,-126]],[[324359,649723],[-20,-17],[-9,-9],[-10,-10],[1,-11],[4,-44],[-5,-6],[-12,-15],[-8,-39]],[[324300,649572],[-9,10],[7,19],[-1,30],[4,44],[-8,49],[-6,38],[0,15],[-11,78],[1,22],[-2,19],[-2,23],[-8,86],[-4,26],[-3,9],[-12,39],[-4,21],[-21,73],[-6,21],[0,67],[0,23],[14,50],[5,12],[1,8]],[[330946,656287],[22,-238],[16,-166],[8,-142],[4,-120],[5,-49],[5,-96]],[[331002,655478],[-43,28],[-15,27],[-3,-2],[-6,-8],[-11,-39],[-2,-12],[-1,-17],[-4,-20],[-17,-23],[-24,-140],[-9,44],[-14,68],[-18,-45],[-6,-2],[-3,13],[-26,11],[-1,11],[-4,-20],[-8,9]],[[330787,655361],[12,71],[3,18],[-4,49],[1,29],[2,36],[0,12],[0,129],[-1,103],[-1,49],[-3,103],[-5,144],[-5,145],[6,34],[2,15]],[[323638,651578],[-3,-52],[-5,-40],[-8,-14],[-1,-13],[-9,0],[-8,-16],[8,-48],[45,-76],[9,-207]],[[329083,676193],[9,-18],[-1,-29],[-11,-57],[-4,-40],[9,-39],[8,-18],[5,-2],[6,-10],[6,-50],[2,-14],[13,-24],[4,-18],[0,-15],[-4,-23],[-10,-37],[-1,-20],[2,-7]],[[329116,675772],[4,-9],[12,-1],[15,16],[19,45],[5,3],[4,-4],[15,-44],[12,-62],[13,3],[8,-5],[-3,-53],[-2,-6],[-13,-27],[-13,-78],[-8,-18],[-7,-27],[-2,-18],[4,-33],[5,-34],[7,-22],[10,-21],[5,-5],[5,-25],[7,-61],[15,-26],[15,-73],[5,-12],[11,-8],[11,1],[25,7],[19,1],[20,42],[6,1],[16,-37],[15,-9],[8,-1],[22,12],[4,-1],[6,-17],[0,-13],[-1,-7],[-4,-14],[2,-11],[10,-13],[17,-5],[22,-24],[3,-6],[5,-14],[0,-33],[2,-18],[5,-7],[15,-1],[17,-10],[13,-37],[19,-8],[-1,-30],[9,-23],[22,-6],[3,-4],[4,-16],[15,-86],[4,-14],[5,-9],[15,-10],[26,-11]],[[329643,674736],[17,-72],[15,-33],[4,0],[8,-1],[5,30],[3,21],[11,15],[50,-1],[13,-6],[30,15],[-6,-39],[-17,-43],[6,-59],[-14,3],[-4,-37],[-3,-7],[-10,-25],[-3,-7],[-18,22],[-38,-34],[-27,-58],[-15,-61],[-3,-15],[-2,-81],[-3,-4],[-14,-13],[-2,-3],[-11,-49],[19,-17],[0,-11],[-1,-11],[-14,-36],[-4,-10],[-8,-18],[-5,-50],[-21,-87],[-4,-2],[-5,18],[2,61]],[[329574,674031],[3,5],[1,23],[6,44],[-2,20],[6,24],[9,7],[1,20],[6,1],[-8,69],[0,35],[-8,5],[-18,-24],[-13,-9],[-6,11],[-90,147],[-30,56],[-95,170],[-16,28],[-32,57],[-7,13],[-57,102],[-30,53],[-43,75],[-89,159],[-13,23]],[[329049,675145],[-25,98],[-106,431],[-70,284]],[[328848,675958],[7,-10],[9,3],[10,-16],[3,-17],[14,-15],[11,11],[5,-7],[22,47],[0,23],[-3,26],[9,13],[4,25],[6,24],[21,49],[-1,26],[4,7],[-1,12],[5,25],[11,45],[10,3],[7,52],[3,10],[10,-9],[16,-34],[13,-10],[18,-21],[7,-12],[15,-15]],[[327576,662159],[4,5],[12,37],[13,-11],[6,-11],[4,-4],[13,-6],[15,26],[7,16],[6,22],[3,14],[1,20],[4,40],[8,18]],[[327672,662325],[7,-10],[-2,-9],[6,-4],[3,-3],[10,-14],[16,33],[12,-5],[5,-33],[2,-3],[14,-1],[6,-5],[2,-47],[4,-8]],[[327720,662101],[-4,-6],[3,-5],[-11,-93],[1,-5],[-4,-34],[4,-15],[9,-35],[3,-13],[30,15],[3,-16],[4,-17],[1,-8],[-1,-5],[-12,-40],[-4,-2],[-11,-5],[-8,14],[-8,15],[-12,-3],[0,5],[-7,-8],[-2,-10],[4,-13],[1,12],[3,3],[-6,-91],[-6,-3],[-62,134],[4,38],[0,4],[-2,18],[-8,-4],[-26,4],[-1,3],[-10,29],[-3,8],[-4,32],[-3,27],[-6,10]],[[323207,664102],[-19,-389]],[[324693,651695],[9,3]],[[326239,662129],[0,0],[9,110]],[[326248,662239],[4,60],[1,12],[5,75]],[[326258,662386],[70,42],[14,12],[18,169],[3,22],[4,37],[12,118]],[[326578,662503],[-3,-6],[0,-15],[-10,-13],[-13,-22],[0,-9],[2,-16],[11,-8],[8,-13],[-7,-34],[9,-10],[-8,-19],[1,-8],[17,-19],[4,2],[4,-13],[-3,-16],[2,-21],[-7,3],[-4,-13],[3,-15],[-4,-7],[-10,6],[-4,-16],[-6,10],[-2,-25],[-8,17],[-6,-11],[0,-13],[-4,-10],[-1,-16],[-8,-11],[-8,-40],[3,-21],[-1,-19],[-13,-14],[-1,-1],[4,-26],[-7,-19],[5,-17],[-9,-25],[0,-31],[-3,-25],[10,-1],[9,-1],[5,0],[27,5],[1,-4],[3,1],[1,-1],[-14,-16],[-17,-37],[-4,18],[-4,0],[-1,-12],[-11,-12],[-5,1],[1,-32],[3,-16],[3,-45],[3,-16],[1,-45],[-12,5],[-4,-10],[-16,-13],[-1,-2],[5,-24]],[[328917,677371],[-3,-18],[4,-30],[13,-31],[4,-40],[0,-16],[-3,-11],[-1,-20],[10,-42],[4,-35],[8,-30],[5,-25],[5,-59],[3,-108],[-1,-18],[2,-27],[4,-20],[7,-43],[0,-107],[2,-17],[18,-37],[5,-21],[6,-23],[13,-30],[10,-17],[12,-13],[6,-2],[12,11],[17,-19],[12,-3],[13,-18],[1,-17],[-5,-13],[-2,-5],[-4,-42],[-1,-25],[3,-58],[0,-63],[2,-36],[-12,-35],[-3,-15]],[[328848,675958],[-23,92],[-6,21],[-13,80]],[[328719,676809],[-24,199]],[[326406,656273],[19,10],[29,14],[4,2],[4,2]],[[326179,655253],[15,2],[9,21],[9,24],[5,8],[4,6],[5,4],[23,-4],[3,21],[6,6],[6,-8],[4,53],[1,13],[7,15]],[[326349,655398],[1,-32],[-4,-47],[0,-8],[2,-29]],[[326348,655282],[-5,6],[-11,-13],[-7,-6],[-1,7],[-4,-13],[-9,-27],[-11,-31],[0,-12],[-4,-25],[4,3],[3,-31],[8,-24],[3,-34],[-8,-31],[1,-38],[6,-27],[6,4],[4,-19],[3,-18],[12,-39],[0,-11],[1,-17],[4,-17],[5,-5]],[[326213,654557],[-8,-1],[-22,-2]],[[325833,657845],[38,3],[1,0],[9,1]],[[325966,657855],[13,1],[19,1],[0,0],[75,6]],[[326073,657863],[-4,-43],[3,-17],[-32,1],[6,-61],[6,-54],[9,-77],[4,-45],[12,-14],[17,-32],[14,-23],[6,-5],[2,-2],[26,-16],[23,-14],[24,-10],[7,-3],[7,-4]],[[326203,657444],[-2,-18],[-3,-5],[-1,-27],[5,-21],[3,-41],[-5,-13],[6,-28],[-4,-33],[1,-18],[1,-4]],[[326204,657236],[-1,-32],[6,-25],[-9,-17],[3,-33],[0,-18],[-1,-40],[10,-17],[-3,-36],[-9,22],[-8,-14]],[[326192,657026],[0,0],[-56,-20],[-9,-2],[-47,-19],[-76,-28],[-2,-1],[-10,-4],[-92,-32]],[[327042,653320],[8,147],[0,11]],[[327050,653478],[7,0],[3,37],[9,127],[8,56],[5,34],[23,150],[2,16]],[[327162,653859],[6,-4],[0,-33],[0,-6],[43,-29],[9,-6],[16,-11],[2,-1],[23,-15],[34,-26],[1,0],[6,-5],[0,-16],[-5,-204],[-1,-27],[-2,-95],[-1,-26],[0,-2],[-15,-52],[-3,-92],[2,-101],[0,-3],[1,-24],[6,-19]],[[327284,653062],[3,-10],[19,-101],[0,-8],[1,-11],[11,-339]],[[327057,652385],[-13,21],[0,15],[2,9],[-1,33],[2,20],[5,11],[-1,24],[-15,29],[-5,3],[-2,15],[3,19],[4,2],[5,-10],[9,-20],[8,-22],[5,6],[1,19],[-2,32],[5,93],[1,118],[-19,29],[-1,27],[16,54],[1,39],[12,5],[5,20],[-1,16],[-1,11],[-10,27],[-13,93],[-3,16],[2,97],[0,17],[1,43],[-11,23],[-4,1]],[[326641,655657],[-4,-32],[25,-165],[1,-5],[0,-3],[-1,-20],[0,-26],[-3,-28],[-2,-21],[0,-7]],[[326657,655350],[-12,19],[-2,-26],[-17,48],[-2,2],[0,-15],[0,-44],[-2,-31],[-4,4],[-31,26],[-7,10],[-8,-2],[-2,-24],[-2,-7],[7,-25],[-4,-11],[-8,-7],[-6,-25]],[[326557,655242],[-1,8],[-3,11],[0,3],[-2,-1],[-7,30],[-11,19],[-14,68],[-15,36],[-10,22]],[[325261,660523],[5,-6],[0,-38],[7,4],[4,48],[1,19],[11,-35],[-1,-37],[21,-30],[8,-72],[4,-77],[3,-19],[-15,-23],[1,-6]],[[325310,660251],[-14,-24],[-10,-16],[-1,-5],[0,-22],[2,-6],[4,-37],[-6,-11],[-2,16],[-13,-15],[-3,14],[-16,9],[-2,-4],[-7,-11]],[[325242,660139],[-2,-4],[-2,14],[0,6],[1,2],[-4,25],[-4,-9],[-3,1],[1,15],[-9,11],[-3,16],[-7,-2],[14,34],[-3,18],[-8,34],[-10,83]],[[325203,660383],[5,5],[6,2],[2,-6],[1,-19],[-2,-4],[0,-7],[3,4],[1,-11],[3,5],[2,12],[-2,7],[2,3],[-4,12],[2,3],[7,15],[-5,15],[8,23],[-6,19],[-8,48],[-13,7],[-11,-21],[1,10],[7,12],[14,6],[5,12],[3,-23],[3,-15],[2,2],[1,2],[4,19],[2,-6],[3,2],[1,4],[2,-1],[6,-6],[-1,-7],[3,-2],[0,3],[3,-2],[1,3],[6,-5],[1,20]],[[327149,666955],[69,-170],[10,-24],[10,-26],[71,-171]],[[327309,666564],[2,-32],[7,-39],[6,-31],[11,-23],[9,-32],[9,-36],[2,-26],[0,-10]],[[327355,666335],[-2,-24],[-7,-29],[-15,-49],[-3,-9],[-3,-14],[-2,-16],[-18,-65],[-7,-23]],[[327298,666106],[-10,0],[-14,2],[-19,1],[-2,-6],[-2,7],[-7,1],[-1,4],[-1,-4],[-12,1],[-7,1],[-6,0],[-14,2],[-3,0],[-10,1],[0,0],[-7,7],[-4,-15],[0,0],[-2,-6],[-9,-19],[-9,-20],[-11,-24],[0,-1],[-2,-4],[-1,-3],[-23,-51],[-1,-4],[3,-67],[3,-71],[1,-27]],[[326975,665498],[-4,68],[13,9],[3,13],[-13,29],[0,17],[-9,48],[-1,5],[-6,96],[-2,-1],[0,0],[-5,77],[-6,91],[-4,64],[0,9],[-5,80],[-2,30],[-2,8],[-1,16],[-8,124],[0,1]],[[327527,661727],[4,0]],[[327540,661732],[0,-4],[-1,-2],[-3,-30],[14,-12],[5,15],[1,-3],[5,-13],[4,-12],[-2,-8],[5,-11],[10,32],[8,-22],[-3,-12],[1,0],[10,38],[0,10],[4,-5],[0,-2],[3,-10],[35,3],[28,2]],[[327664,661686],[7,-11],[9,-24],[0,0],[2,-24],[-17,-83],[-26,31],[0,0],[-1,-1],[-5,-7],[-3,-5],[-2,-5],[-9,-14],[-1,-1],[-12,-18],[-2,1],[-6,4],[-8,6],[-7,5],[-5,-7],[-9,-12],[-3,-5],[0,-16],[1,-36],[0,-2],[2,-4]],[[327569,661458],[-4,-6],[-3,10],[-4,-17],[0,-2],[-1,-12],[-1,1],[-1,6],[-3,1],[-1,0],[-1,16],[-12,40],[0,-6],[-14,53],[-7,6]],[[327517,661548],[2,13],[6,33],[3,21],[1,3],[-1,64],[1,15],[-3,1],[-2,2],[2,18],[0,2],[1,7]],[[323182,670043],[21,53],[13,38],[17,53],[16,67],[12,55],[3,21],[0,11],[0,25],[-13,96],[-11,69],[2,33],[5,29],[18,44],[5,32],[2,17],[-1,65],[-9,43],[-7,20]],[[323255,670814],[-1,3],[-6,19]],[[323237,671230],[37,-10]],[[323498,670076],[24,-547],[-25,5]],[[327193,669174],[23,186],[7,60],[10,67],[9,81],[2,4],[2,16],[2,15]],[[327465,669599],[-21,-591],[-1,-44],[-2,-84]],[[327441,668880],[-13,-1]],[[327410,660755],[2,3],[11,47],[0,0],[11,-6],[3,36],[5,-2],[15,-11],[23,20],[7,0],[3,6],[10,-2],[3,4]],[[327563,660930],[12,-18],[6,9]],[[327581,660921],[2,-49],[2,-52],[-1,-20],[1,-3],[0,-2],[4,-10],[3,-11],[5,-15]],[[327597,660759],[2,-1],[8,-22],[4,-9],[4,-10],[1,-4],[0,-2]],[[327616,660711],[-2,-9],[-9,-18],[-12,-25],[-1,-2],[2,-16],[2,-31],[-1,-1],[-2,32],[-2,-2],[-2,12],[-3,-8],[-5,-10],[-2,1],[-3,1],[-2,-1],[0,-3],[2,-7],[-21,-45],[-31,-63],[10,-60],[15,-90],[0,-4],[-23,-34],[-40,-56],[-21,-30],[-40,-58],[32,-112],[-14,-6],[-2,-10],[14,2],[8,-8],[4,-9],[2,-7]],[[327469,660034],[0,-7],[4,-99],[-14,-9],[-16,-30],[-12,1]],[[327431,659890],[-12,47],[-24,93],[-9,32],[-9,35],[-5,20],[-64,231]],[[327308,660348],[11,37],[6,9],[2,8],[0,17],[5,2],[2,3],[0,11],[-12,44],[2,4],[28,55],[7,12],[7,15],[9,17],[-1,51],[0,35],[-9,32],[-2,6],[0,3],[5,22],[10,4],[10,-4],[3,-11],[1,-1],[18,36]],[[327347,662215],[5,-9],[9,38],[0,0],[4,20],[1,-1],[5,-5],[7,-16],[1,-1],[4,19],[7,-9],[1,4]],[[327391,662255],[6,-12],[5,-8],[9,-15],[7,-12],[6,-12],[7,-26],[4,-10],[0,-5],[6,-24],[1,2],[4,4],[17,10]],[[327387,662079],[-2,6],[-4,14],[-1,4],[3,2],[-3,10],[-1,-1],[-5,17],[-3,10],[-3,1],[-6,19]],[[327362,662161],[-7,21],[-1,8],[-3,10],[-2,10],[-2,5]],[[328906,657846],[9,1],[-1,-4],[12,-1],[-1,5],[3,0]],[[328928,657847],[33,-105],[-15,-29],[-36,53],[-26,-53],[-29,-108],[-22,12],[-7,141],[5,56],[10,36],[8,-21],[-2,-83],[14,-41],[18,54],[31,60],[-4,27]],[[328478,656910],[31,77],[14,34],[13,32],[41,102],[22,86],[9,35],[23,86],[30,116],[2,10],[1,3]],[[328664,657491],[8,-21],[30,-25],[8,-23],[8,-57],[11,-43],[6,-24],[11,-44],[1,-6],[7,-26],[6,-15],[7,-18],[6,-15],[6,-14],[5,-13],[5,-13],[1,-1],[2,-4],[17,-32],[22,1],[24,-39],[4,0],[0,4],[1,8],[-1,3],[-18,78],[-2,7],[-4,21],[-5,30],[-12,69],[-6,36],[-8,43],[-1,7],[-13,53],[0,2],[0,4],[1,12],[0,6],[10,-3],[1,-4],[-3,-5],[3,-17],[7,-18],[11,-86],[8,-41],[9,-54],[23,-94],[17,-84],[3,-12],[23,-33],[26,6],[30,78],[1,4],[20,18],[25,8],[15,-38],[2,-4],[10,-26],[22,-54],[2,-17],[1,-2],[1,-11],[1,-9],[17,-30],[18,-35],[1,-2],[5,-9],[28,-40],[5,3],[10,3],[-3,-36],[7,-32],[-7,-12],[-6,-11],[-9,-4],[-5,-22],[-3,-56],[2,-26],[3,-30],[32,-156],[4,-16],[7,-33],[-3,-44],[3,-43],[2,-15],[0,-30],[1,-87],[0,-4],[0,-12],[1,-46],[16,-79],[-3,-26],[-15,-144],[-4,-40],[-2,-12],[-3,2],[-6,-12],[-5,-59],[-13,-29],[-4,-80],[6,-95],[1,-6],[11,-57]],[[329117,655379],[-42,-134],[-14,-45],[-10,-12],[-3,0],[-5,3],[1,-13],[-32,-37],[-70,-86],[-55,-82],[-14,-21],[-20,-30],[0,5]],[[328853,654927],[-5,22],[-7,44],[9,24],[1,17],[10,23],[-3,24],[1,5],[3,9],[2,14],[-6,37],[1,27],[0,26],[10,8],[3,24],[25,157],[5,30],[-46,11],[-4,-1],[-12,-2],[-21,-5],[-22,-4]],[[328797,655417],[-96,-21],[-4,0],[-107,-23]],[[328590,655373],[-1,27],[2,3],[-2,21],[4,30],[-2,18],[6,33],[-2,25],[4,17],[-2,12],[4,15],[7,29],[9,31],[1,34],[6,26],[4,5],[14,-9],[3,12],[6,-4],[1,18],[7,21],[4,41],[12,23],[1,19],[18,58],[8,8],[-7,39],[-59,254],[-42,180],[-20,90],[-30,127],[-13,58],[-28,121],[-16,69],[-2,14],[-7,72]],[[328016,658691],[-14,-8],[-18,-10],[9,-173],[2,-30],[3,-50],[0,-11]],[[327998,658409],[-14,38],[-50,14],[-68,-62],[-36,55],[-39,65]],[[325290,673274],[202,286],[145,201]],[[325704,673851],[-5,-44],[0,-31],[-7,-46],[0,-15],[5,-45],[13,-42],[3,-11],[-2,-21]],[[325711,673596],[2,-25],[11,-17],[10,-34],[12,-19],[7,-28],[2,-35],[-6,-50],[-1,-19],[4,-50],[5,-20],[9,-15],[8,-34],[-1,-26],[-6,-35],[3,-28],[7,-16],[11,14],[5,18],[8,11],[10,-14],[5,-22],[-6,-38],[-18,-35],[6,-19],[6,-1],[26,-35],[9,-1],[19,19],[10,-1],[4,-9],[-1,-23],[-10,-26],[-10,-59],[-9,-20],[5,-16],[8,-16],[11,-1],[18,23],[8,5],[6,-15],[1,-23],[-6,-26],[-9,-19],[-1,-24],[9,-36],[1,-20]],[[325893,672736],[-5,-16],[2,-12],[3,-23],[14,-19],[14,-9],[10,3],[5,-7],[6,-32],[1,-20],[-1,-42],[1,-22],[13,-13],[7,-3],[-7,-56],[-4,-37],[-8,-59],[-1,-61],[-7,-7],[-3,-6],[8,-34],[-2,-41],[-4,16],[-8,-4],[-2,-30],[-35,-17],[-6,-7],[-8,-41],[-1,-30],[-3,-26],[-6,-18],[-7,-7],[-11,-31],[0,-25],[5,-44],[2,-33],[-5,5],[-11,-6],[-8,-13],[-19,-7],[-39,-12],[-28,-14],[-11,0]],[[327268,661948],[12,-8],[11,29]],[[327291,661969],[3,-24],[0,-20],[-2,-2],[-4,-31],[2,-2],[-1,-10],[-3,-20],[-1,-6],[-8,0],[-8,-28],[-1,2],[0,-24],[5,-10],[-3,-3],[-3,-3],[0,-11],[12,-1],[0,13],[0,2],[9,10],[6,-8],[-1,-3],[-2,-14],[-4,-20],[0,-4],[-5,2],[2,-22],[0,3],[5,-4],[5,-8]],[[327187,661705],[-6,28],[-8,34],[-1,8],[2,36],[8,32],[3,12],[3,11],[6,23]],[[324483,658991],[7,8],[2,-38],[9,5],[1,-15],[16,18],[-3,54],[8,8],[5,-90],[6,7],[-5,-35],[29,-38],[3,-3],[5,-7],[38,-50],[8,8],[7,7],[6,-123],[7,2],[-3,-25],[5,4],[2,-30],[-12,-11],[2,-55],[11,9],[-2,-66]],[[324635,658535],[-1,-84],[5,-88],[9,-24],[2,-15],[-3,-115],[-17,-159],[5,-48]],[[324635,658002],[-53,2],[-76,1],[-90,2],[-112,17]],[[327538,661912],[5,-4],[0,4]],[[327543,661912],[3,13],[5,4],[1,2],[1,-2],[1,8],[4,-1]],[[327558,661936],[0,-4]],[[327558,661932],[-4,-7],[1,-10],[-5,-16],[3,-15],[3,1],[-2,-8],[0,-3],[-2,-1],[1,-9],[-3,4],[-1,-6],[-2,-3],[2,-6],[-2,-5],[-3,9],[-2,-4],[-6,-2]],[[327536,661851],[-2,12],[7,41],[-3,8]],[[327535,661851],[0,-6],[-5,4]],[[327530,661849],[2,4],[3,-2]],[[327551,662013],[1,-17],[5,-13],[1,-20],[0,-2],[0,-11]],[[327558,661950],[-4,-4],[-5,4],[1,6],[0,3],[0,2],[1,12],[-1,1],[-2,2],[-1,-2],[0,1],[-1,-1],[-1,1],[-1,2],[0,2],[-1,-4],[-2,4],[0,5],[-5,-5],[-2,-6],[-2,-3]],[[327532,661970],[-4,21]],[[330004,654040],[13,-3],[37,-15],[18,-3],[13,4],[19,17],[23,23],[23,9]],[[330131,653445],[-9,-10],[-38,-44],[-32,-37],[-32,-91],[2,-37],[-13,-77],[-18,-18],[-6,18],[-7,80],[2,93],[-5,26]],[[329975,653348],[10,20],[14,-16],[4,28],[-17,81],[-18,82],[-5,25],[1,13],[2,20],[3,33],[1,-4],[1,24],[1,12],[1,21],[2,13],[2,25],[13,149],[12,136],[-1,5],[1,5],[2,20]],[[328528,655361],[62,12]],[[328797,655417],[-4,-12],[-7,-38],[-1,-36],[-5,-37],[-9,-5],[-11,-57],[-10,-30],[-8,-14],[-13,-61],[5,-49],[2,-34],[-6,-10],[-2,-45],[-5,-12],[-4,14],[-7,-1],[0,-13],[11,-18],[3,-8],[-2,-8],[-6,-24],[-2,2],[-5,5],[-4,9],[-4,9],[-5,8],[4,-10],[6,-21],[3,-11],[3,-5],[1,-10],[-4,-19],[-6,-13],[-18,-2],[-20,-3],[6,-8],[16,-46],[8,-31],[-1,-11],[11,0],[4,-4],[7,-20]],[[328718,654738],[-5,-12],[0,-2],[0,-6],[19,-28],[22,-73],[5,-1],[11,32],[62,-133]],[[328832,654515],[0,-18],[-3,-33],[-9,-70]],[[328820,654394],[-1,0],[-16,5],[-6,-54],[-30,-97],[-43,-160],[-6,15],[34,130],[28,112],[-2,23],[-22,9],[-20,67],[-28,64],[-20,-4],[-6,-28],[-2,-11],[-27,64],[-28,-2],[-6,23],[-3,2],[-12,9],[-1,1],[-6,4],[-6,23],[-5,16],[-18,-27],[-6,-8],[17,-59],[0,-52],[-15,16],[-3,-7]],[[328561,654468],[-7,30],[-19,25],[-11,30],[-12,-7],[-3,6],[-3,17],[5,25],[-1,12],[-11,27],[-2,3],[-7,-6]],[[328490,654630],[1,21],[4,22],[-2,28],[5,31],[3,3],[1,34],[-3,13],[5,66],[10,33],[2,31],[-8,19],[-1,13],[-8,18],[-3,-20],[-5,-9],[-11,14],[0,15],[6,0],[1,17],[-11,27],[-5,2],[0,26],[3,8],[-5,37],[-9,25],[3,35],[1,9],[16,-67],[11,-50],[4,0],[6,42],[1,27],[5,41],[3,-21],[4,-10],[5,9],[4,31],[10,-4],[-1,36],[2,2],[-7,37],[-5,46],[-7,17],[6,15],[7,62]],[[328926,654370],[-17,3],[0,-50],[-6,-97],[1,-29],[-5,5]],[[328899,654202],[-2,12],[-1,7],[-16,11],[1,43],[-9,65],[-14,8]],[[328858,654348],[7,37],[13,46],[9,10],[18,-33],[3,-1],[1,9],[1,0],[10,-10],[6,-7],[0,-4],[0,-25]],[[326446,653650],[0,-28],[2,-121],[1,-53],[1,-26],[0,-11],[14,-69],[-1,-23],[-16,-41],[1,-17],[1,-10],[10,-27],[7,-21],[-3,-23],[-3,-20],[-7,-8],[-9,-9],[-3,3],[-4,6],[-15,-69],[-1,-4],[3,-9],[5,-18],[33,4],[1,-19],[0,-8],[0,-9],[-1,-123],[-4,-5],[-5,-7],[-11,-17],[-3,-3],[-26,-9],[-31,-26],[-2,-2],[-12,-30],[-17,-40],[2,47],[-6,42],[-17,-21],[6,-50],[-8,-6],[0,-12],[2,-34],[7,-13],[2,-3],[16,-29],[-18,-30],[1,-23],[5,-26],[9,-2],[6,-17],[4,-1],[2,0],[3,-6],[-3,-24],[2,-17],[2,-2],[4,-6],[8,10],[5,-14],[2,-19],[-9,-59],[7,-40],[5,14]],[[326103,652373],[1,139],[1,98],[3,132],[0,15],[0,48],[-1,126],[-1,21],[-10,80],[-2,20]],[[324090,653949],[2,2],[6,-64],[13,-54],[8,-29],[4,-28],[2,-80]],[[324125,653694],[-4,10],[-25,61],[-27,62],[-9,26],[-21,47]],[[325172,660375],[23,9],[2,0],[6,-1]],[[325242,660139],[3,-9],[-6,-29],[-2,-9],[-34,-163],[-1,-7],[-14,-68],[-52,-249]],[[325136,659605],[-11,-52],[-9,1],[-24,4],[-32,4],[-6,1]],[[325054,659563],[-42,83],[-14,28],[-9,39],[-27,119],[-24,101]],[[325269,654169],[3,-333]],[[325272,653836],[-15,24],[-10,1],[-4,28],[-3,7],[-18,22],[-2,-144],[-8,20],[-11,-1]],[[325201,653793],[6,32],[0,64],[-2,45],[7,16],[0,18],[-1,14],[-10,49],[-3,38],[-8,31],[16,13],[0,26],[-2,13],[0,11],[7,-6],[1,-30],[3,-10],[16,14],[7,18],[30,20],[1,0]],[[327616,666065],[17,-155],[5,-20],[3,-16],[58,-3],[23,-8],[5,-12],[3,11],[9,2],[1,-15],[12,-16],[8,-10],[11,8],[14,-26],[2,-15]],[[327787,665790],[3,-6],[83,-155]],[[327873,665629],[-49,-68],[-3,-34]],[[327821,665527],[-5,7],[-6,8],[4,-43],[10,-108],[6,-60],[7,-70],[-14,-24],[-15,-26],[-19,-33],[-2,-15],[9,-44],[-4,-25],[4,-32],[-1,-16],[1,-13],[15,-29],[1,-7],[0,-2],[-3,-14],[-8,-5],[1,-7],[-5,2],[-4,-9],[-7,-5],[2,-22]],[[327645,665174],[-48,304],[-9,58],[-5,19],[-14,48],[-24,84],[-31,106],[-33,115],[-30,101],[-18,64],[-4,-7],[-11,46],[11,26],[-6,29],[-4,-6],[-4,-25],[-38,131]],[[327377,666267],[33,-1],[17,21],[14,-10],[12,4],[7,2],[24,-26],[6,-21],[41,-2]],[[331012,654460],[-45,15],[-117,5]],[[330850,654480],[-10,43],[-6,18]],[[330834,654541],[-26,62],[4,30],[11,39],[9,60],[3,13],[-9,52],[-13,63],[-9,47],[-6,-3],[-6,19],[-7,47],[12,27],[-9,71],[-9,72],[-5,21],[-18,31],[-13,25]],[[330743,655217],[1,15],[22,77],[21,52]],[[324194,658746],[0,243],[1,340],[0,247]],[[325344,661338],[24,-8],[47,60],[-1,-18],[15,13],[16,13],[5,37],[30,41],[3,4],[65,86],[9,-24],[-6,-13],[0,-9],[20,6],[0,-24],[10,-16]],[[325581,661486],[-6,-78],[9,-45],[20,-114],[1,-11],[10,-211],[12,-51],[5,-17],[4,-18]],[[325636,660941],[34,-140],[-8,-14],[-2,-5],[-26,-48],[-18,-80],[7,-21]],[[325447,660503],[-34,22],[-12,8],[-7,48],[1,2],[0,3],[2,0],[1,2],[0,2],[-1,2],[-2,0],[-2,-1],[-5,35],[-3,29],[-4,69],[-1,40],[-3,45],[-3,81],[-13,-3],[1,19],[-2,22],[3,26]],[[325363,660954],[8,3],[-8,158],[-1,29],[-2,11],[-12,71],[-16,94]],[[325332,661320],[3,23],[9,-5]],[[325569,659444],[4,-28],[13,-4],[12,-13],[7,22],[3,0],[5,-47],[2,0],[18,-78],[1,-20],[9,20],[0,-30],[-4,-14],[-8,-1],[3,-11],[-2,-23],[10,-18],[1,-23],[13,14],[6,-5],[-1,-16],[16,-39],[2,-21],[14,-45],[1,3],[-14,45],[13,41],[-1,14],[7,8],[-2,0],[2,18],[-7,82],[-1,12],[-21,31],[17,51],[19,-75],[0,-8],[1,-2],[0,-2],[-2,-36],[8,-6],[6,-24],[3,-53],[4,13],[7,9],[9,-60],[12,-53],[14,-70],[7,-56],[4,-21],[1,-11]],[[325780,658914],[-54,-72]],[[325715,658829],[-1,-2],[-1,5],[-2,-7],[0,-2],[-3,-4],[-12,-16],[-10,10],[-10,10],[-70,72]],[[325606,658895],[-15,38],[-5,-26],[-11,-14],[2,15],[-6,11],[-29,-37],[-22,-26],[3,16],[6,28],[-1,18],[0,110],[6,2],[2,6],[5,67],[-5,30],[-7,10],[0,6],[34,128],[7,152],[-1,15]],[[324423,668956],[8,459],[3,161]],[[324453,669858],[4,-7],[7,-33],[3,-36],[11,-37],[7,-9],[11,-29],[10,14],[11,-38],[24,-23],[4,19],[5,7],[1,75],[13,-18],[6,15],[5,-3],[17,26],[6,-36],[17,-37],[7,-43],[3,-43],[5,-7],[10,0],[10,-65],[-1,-35],[81,33],[63,26]],[[324816,669206],[1,-32],[5,-24],[2,-32],[-2,-37],[0,-44],[3,-49],[3,-96],[-1,-33],[-18,-15],[-8,-4],[-3,-27],[4,-14],[-2,-15],[-11,-7],[-9,-24],[-2,-12],[0,-22],[5,-22],[-8,-18],[0,-9],[8,-21]],[[324783,668649],[-57,-28],[-111,-65],[-13,-15]],[[326281,657195],[-3,-7]],[[326278,657188],[-17,-1],[-1,19],[-8,3],[0,7],[0,5],[-3,-11],[3,-39],[10,-66],[0,-22],[-35,116],[-23,37]],[[328581,670226],[43,8],[1,-26],[7,-155]],[[328632,670053],[0,-3],[-24,-19],[-1,-89]],[[325932,656041],[3,0],[33,16],[19,9],[2,-9],[-4,-4],[1,-6],[2,1],[4,-7],[3,7],[0,7],[-2,8],[0,6],[14,7],[3,-3],[2,-9],[-3,-10],[1,-21],[3,10],[-2,15],[2,9],[-3,11],[56,27]],[[326066,656105],[4,2],[3,-3],[3,-5],[1,2],[0,3],[0,2],[1,5],[40,20],[21,10],[9,4],[29,15]],[[326177,656160],[8,-19],[6,-38],[9,-25],[3,-34],[1,-34],[3,-21],[1,-9],[15,-32],[1,-49],[-1,-8],[4,-19],[2,-10],[1,-13],[1,-6],[3,-46],[12,13],[3,-23],[2,-10]],[[325980,655231],[-8,92],[-5,93],[-7,114],[-1,26],[-7,132],[-4,76],[-4,41],[-2,52],[-8,159],[-2,25]],[[328631,672026],[159,372]],[[328790,672398],[5,-8]],[[329011,672031],[7,-34],[11,-54],[-3,-49],[-35,-105],[4,-34],[-2,-4],[-7,-18],[2,-15],[4,-31],[-1,-5],[-3,-44],[-9,-38],[-6,-39],[-12,-40],[-7,-14],[-1,0]],[[329719,675601],[-2,-4],[-23,-68],[-22,-104],[-13,-60],[-17,-78],[-3,-15],[-10,-71]],[[329629,675201],[-4,16],[5,15],[-5,5],[-4,-20],[-2,5],[6,25],[-4,23],[-92,-49]],[[329529,675221],[0,8],[1,4],[-2,49],[-5,16],[0,39],[-3,20],[3,20],[4,25],[-20,1],[-11,-9],[66,255],[6,23],[37,143]],[[326321,665860],[-1,1],[-7,0],[-18,2]],[[326295,665863],[-31,2],[-63,6],[-1,0],[-23,2],[-25,3],[-35,3],[-64,5],[-10,1],[-10,1]],[[326033,665886],[5,47],[5,65],[3,58],[5,69],[5,16],[1,12],[3,73],[2,34],[13,55]],[[323657,670117],[42,-880],[2,3],[121,99],[12,11],[5,20]],[[323839,669370],[1,-15],[12,-233],[88,-97],[3,165],[47,-4],[-11,-63],[2,-43],[-3,-21],[8,3],[10,-20],[8,-2]],[[324004,669040],[13,3],[8,-7],[-2,-62],[-4,-48],[-12,-20],[-6,-25],[-14,-19],[-3,-16],[18,-7],[0,-8],[7,-56]],[[324009,668775],[-4,-37],[-3,-11],[-15,-32],[-7,-7],[-9,-70],[-7,-16],[-10,-12],[0,-34],[11,-3],[5,-9],[10,-2],[10,-9],[-65,-20],[0,-44],[0,-116],[0,-27],[-2,0],[-18,-4],[-8,-2],[-9,-49]],[[323888,668271],[-7,-33],[-13,31],[-24,14],[-2,5],[-1,7],[1,13],[-1,4],[-2,-2],[-2,8],[-3,0],[0,-15],[-6,-60],[0,-18],[4,-40],[6,-27],[13,-44],[8,-23],[-1,-9],[-19,66],[-4,12],[-4,20],[-10,47],[3,-21],[-9,-13],[-1,-52],[-8,2],[-3,-18],[-9,4],[2,29],[-6,51],[2,46],[-9,4],[0,39],[-9,-22],[-8,-3],[-15,20],[-8,-34],[1,-18],[12,-61],[2,-21],[-13,3],[-5,25],[-11,106],[-1,23],[-6,0],[-12,0],[-55,-1],[-116,-1]],[[323539,668314],[-51,-1],[-16,183]],[[327616,660711],[7,-30],[10,-14],[-2,-6],[-6,-1],[8,-10],[2,-4],[12,26],[7,8],[5,1],[10,10],[11,1],[7,11],[1,8],[0,13],[1,4],[2,3],[3,3],[1,-1],[2,-1],[4,-6],[2,2],[9,16],[3,25],[3,9],[5,4],[1,16],[2,4]],[[327726,660802],[0,0],[1,-1],[7,-6],[21,-19],[4,-4],[1,1],[14,11],[22,-27],[9,23],[6,17],[2,4],[10,25],[9,7],[9,8],[0,0],[2,2],[3,2],[4,3],[0,6],[6,40],[-5,51],[0,3],[3,13],[3,-6],[2,-2],[9,-51],[3,-15],[-3,-57],[-1,-23],[-4,-32],[-1,-6],[3,-32],[0,0],[-2,-9],[-7,7],[-16,17],[0,0],[-1,-1],[-5,-15],[-2,-4],[-1,-2],[-5,3],[-1,-4],[-2,-6],[-1,-1],[0,-2],[-1,-2],[-1,-22],[17,-24],[6,11],[3,-20],[-9,-36],[-3,-19],[-3,-19],[-1,-3],[1,-11],[0,-11]],[[327831,660564],[-8,3],[-2,1],[-5,-30],[-5,-45],[2,-28]],[[327813,660465],[-15,-10],[-14,14],[-8,-25],[-4,-5],[-23,-15],[-23,-15],[-19,-11],[-10,-16],[-4,-7],[-2,-2],[-3,-5],[-8,-12],[-23,-3],[-6,-1],[-40,-5],[-3,-14],[-34,-132],[0,-47],[1,-57],[-1,0],[-9,-2],[-5,5]],[[327560,660100],[-11,-12],[-22,7],[-15,-10],[-10,-6],[-5,-5],[-6,-1],[-5,-2],[-4,3],[-9,-15],[-4,-25]],[[327297,662404],[2,-8],[8,-23],[1,-7],[2,-7],[4,-19],[4,-14],[1,-5],[9,-40],[4,-15],[7,16],[0,0],[2,-13],[10,-35],[-1,-14],[-3,-5]],[[327362,662161],[-7,-1],[-1,4],[-10,6],[-1,8],[0,4],[-3,-6],[-3,-2],[-6,-4],[-1,-4],[-1,8],[-4,-6],[-3,17],[-5,-4],[-2,7],[-1,6],[-2,-2],[-4,2],[-5,27],[0,2],[-14,-1],[-5,24],[6,5],[4,1],[-7,4],[-11,7],[-10,6],[-24,33],[-13,5]],[[327229,662307],[4,20],[9,38]],[[327416,661105],[1,-10]],[[327412,661085],[-9,-10],[-1,-28],[3,-17],[-10,-22],[10,-26],[-19,-23],[-6,-24],[-3,-34],[-2,-12]],[[327375,660889],[0,1],[-2,-6],[-5,-28],[-2,4],[6,38],[-12,23],[-4,11],[-4,11],[3,-15],[-5,-21],[-4,6],[-1,-12],[-6,-13],[-3,-42],[-5,9],[-4,14],[-9,-25],[-9,-12],[-4,-8],[1,-1],[-3,14],[2,32],[2,5],[-5,12],[-3,4],[-9,-34],[-10,24]],[[327409,661496],[2,23],[2,-2],[5,26],[0,2],[3,10],[2,-1],[10,-2],[7,-6],[7,-14],[3,13],[0,3],[3,11],[-4,7],[1,4],[5,16],[3,-3],[0,2],[1,1],[0,3],[2,7]],[[327461,661596],[4,12],[4,-11],[-4,-14],[-1,-5],[-1,-5],[5,-10],[7,18],[6,-2],[2,-7],[4,-9],[1,2],[2,4],[0,-1],[1,1],[0,-15],[8,-21],[-4,-8],[4,-15],[9,-15]],[[327508,661495],[0,0],[-4,-35],[-1,-23],[-7,3],[0,4],[-6,-6],[0,0],[-1,-1],[-1,3],[-3,-4],[0,-1],[-1,-1],[0,-3],[0,0],[-4,-3],[0,2],[-7,2],[0,-5],[2,0],[-1,-13],[-1,-12],[-2,-28],[-1,-8],[3,-9]],[[327473,661357],[0,-5],[-4,7],[-2,4],[0,4],[-1,2],[-4,9],[0,-1],[-1,1],[-1,-2],[-3,3],[-7,5],[0,4],[-4,5],[-8,12],[-2,-7],[-5,-4],[0,-1],[1,-2],[0,-3],[-1,-3],[-1,2],[-4,-3],[-2,-15],[-1,-11],[1,-2],[-3,-6],[-2,-7],[-4,-9],[-4,-9]],[[326543,661360],[11,-50],[2,-7],[10,9],[5,26],[14,36],[3,-1],[10,15],[14,1],[29,-26],[12,48],[10,41],[19,52],[13,24]],[[326699,661349],[-8,-9],[11,-100],[0,-2],[6,-60],[2,-20],[6,-41],[1,-2],[23,-155],[17,-113]],[[326757,660847],[9,-124],[0,-2],[9,-136],[-6,1],[-30,3],[-11,1],[-45,3],[0,-14]],[[326683,660579],[-31,31],[2,36],[-20,14],[-8,14],[-5,5],[-6,15],[0,11],[-6,12],[-1,9],[0,31],[-14,21],[-50,56],[-14,9],[-16,11],[-11,7]],[[327351,661938],[-1,36],[-3,15],[-13,2],[-2,2],[-16,54],[-8,3],[-7,-13],[4,-40],[-14,-28]],[[327235,662065],[-1,11],[-5,53],[2,11],[-6,8],[-1,0],[-7,42],[0,6],[0,1],[7,7],[2,45],[-3,43],[6,15]],[[323795,659833],[25,-33],[54,-73]],[[323874,659727],[95,-127],[22,-30],[4,-88],[20,9],[3,74],[-1,34],[30,36],[7,-9],[4,-15],[-2,-38],[-1,-63],[118,57]],[[324016,658756],[-240,12]],[[323776,658768],[-6,274],[-8,323]],[[323762,659365],[5,-10],[4,3],[8,33],[-1,19],[4,14],[4,56],[5,12],[-2,18],[-4,4],[-4,21],[1,13],[4,13],[-4,26],[3,38],[7,13],[9,32],[1,22],[-6,18],[-1,17],[5,11],[2,15],[-5,21],[-2,23],[2,16],[-2,20]],[[329015,665109],[16,43],[6,-3],[-1,-36],[-7,-23],[-9,1],[-5,18]],[[328979,665033],[11,12],[5,-28],[-2,-9],[-2,-11],[-11,12],[-2,23],[1,1]],[[328974,665394],[2,8],[6,2],[5,16],[4,-1],[2,-8],[-6,-27],[-2,-8],[-10,4],[-1,14]],[[328828,665690],[6,23],[7,29],[20,28],[8,-15],[1,-35],[12,-18],[7,0],[1,-27],[-10,-35],[4,-38],[-5,-16],[8,-49],[-4,-38],[-1,-6],[-1,-11],[-1,-9],[1,-14],[0,-2],[1,-8],[1,-5],[0,-5],[-3,-32],[7,-24],[3,-9],[5,2],[3,2],[6,14],[4,-1],[0,-2],[4,-13],[0,-2],[1,1],[8,11],[11,-14],[26,15],[4,-3],[0,-3],[-1,-15],[8,-23],[-7,-31],[1,-23],[17,-35],[-13,-70],[1,-25],[10,2],[2,-8],[-7,-56],[-12,0],[-17,-1],[-6,0],[-1,0],[-17,-30],[-4,-8],[-19,-35],[1,-31]],[[328898,664992],[-14,18],[-53,69],[-9,12],[-2,28],[-1,131],[-1,97],[-1,96],[1,23],[6,122],[4,102]],[[327514,661870],[0,11],[5,1]],[[327519,661882],[1,-17],[-2,-3],[-6,-6],[0,14],[2,0]],[[323198,662800],[11,6],[37,837]],[[323246,663643],[193,-79]],[[323375,662563],[-55,-25],[-4,78],[-26,-22],[-18,-7],[-10,15],[-8,18],[-12,2],[-9,-15],[-12,2],[-9,-4],[-4,12],[-7,-11],[-6,-35],[-4,-12],[-4,12],[-18,80],[8,33],[4,36],[10,30],[7,50]],[[326657,676667],[7,-17],[0,-13],[9,-32],[8,-19],[8,3],[143,-361],[2,-7]],[[326834,676221],[80,-201],[26,-22],[68,-56],[21,-59],[37,-105],[16,22],[15,74]],[[327097,675874],[0,-22],[-4,-8],[-2,-49],[-6,-29],[-6,9],[-11,-27],[0,-19],[-6,21],[-25,27],[-3,-27],[-5,-12],[-15,30],[-8,0],[-3,-11],[5,-30],[0,-25],[3,-25],[-2,-29],[15,-42],[8,3],[-2,-20],[3,-12],[11,-19],[1,-12],[8,-7],[-2,-19],[-2,12],[-11,9],[-5,-3],[-16,31],[-11,3],[-6,-12],[-1,-18],[-4,-10],[-2,-23],[2,-13],[-15,-22],[-9,0],[-1,-14],[-2,-41],[6,-8],[10,-23],[1,-40],[-5,-29],[0,-46],[9,-39],[-18,-34],[8,-121],[1,-10],[13,-55],[5,-91],[6,-3],[4,31],[1,-33],[4,-50],[-23,-13],[2,-15],[2,-5],[6,-46],[4,-17],[1,-40],[-1,25],[-2,10],[-1,9],[-2,1],[-9,8],[10,-22],[0,14],[4,-21],[-2,-28],[-3,-2],[-12,0],[-19,-37],[-8,-10],[-9,-1],[-4,7],[-6,-9],[-37,-12],[8,-19],[1,-14],[10,-47],[4,-6],[-1,-19],[-12,4],[-27,-10],[-4,8],[-9,1],[-1,20],[-13,16],[-13,7],[-19,3],[-28,-7],[-14,16]],[[326752,674929],[-22,369]],[[326730,675298],[-14,285],[-13,230],[-2,32],[-2,30],[-5,73],[2,10],[17,-8],[16,-22],[11,3],[4,7],[3,23],[1,26],[-4,71],[-3,34],[-4,14],[-10,12],[-5,0],[-25,-8],[-12,5],[-3,7],[-34,569]],[[326648,676691],[9,-24]],[[328106,672025],[32,55],[49,82],[25,43]],[[328212,672205],[2,-16],[4,-7],[12,6],[17,-14],[4,-4],[5,-4],[2,-2],[4,-5],[1,-2],[1,-3],[14,-23],[1,-3]],[[328279,672128],[0,-3],[0,-3],[5,-25],[2,-70],[4,0],[7,-8],[2,-11],[5,-23],[0,-10],[-9,-71],[-2,-14],[-9,-19],[-3,-12],[-12,-173],[2,-25],[1,-10]],[[328272,671651],[-36,-10],[-1,24],[-13,-6],[-5,39],[0,22],[-3,30],[-19,-8],[-12,-21],[-17,10],[-4,9],[-11,4],[-2,5],[-2,6],[-13,17],[-7,6],[-4,2],[-7,34],[-2,15],[12,49],[3,47],[-23,100]],[[326967,661557],[9,-15],[9,85],[4,10]],[[326989,661637],[16,-16],[-3,-16],[1,-2],[2,-1],[2,1],[1,1],[2,10],[10,-11],[3,-1],[13,24],[4,-4],[1,-1]],[[327041,661621],[-2,-37],[-1,-10],[3,-12],[7,0]],[[325449,665936],[11,-1],[79,-6]],[[325693,665916],[3,-167],[-8,-184],[-14,-294]],[[325666,665098],[-13,-274]],[[325653,664824],[-91,101],[-23,25],[-19,20],[-77,85]],[[325443,665055],[14,104],[5,18],[-1,5],[18,91],[-4,106],[3,10],[-20,-9],[-12,4],[-13,37],[28,124],[6,33],[-6,12],[-9,-1],[-11,11],[-12,-8],[-11,26],[9,12],[7,22],[6,-1],[9,180],[0,105]],[[328291,664165],[-5,-11],[-26,-27],[-11,-2],[-7,-1]],[[328242,664124],[1,28],[8,18],[-3,33],[2,10],[-4,5],[-6,2],[-4,10],[-2,4],[-18,17],[-13,23],[-6,25],[-6,4],[0,20],[4,3],[8,41],[17,-18],[23,-63],[7,26],[3,16],[20,-10],[2,-29],[1,-15],[-7,-42],[-12,-16],[7,-34],[11,-1],[8,-29],[8,13]],[[326155,659922],[17,-289],[13,-5],[26,-3],[13,-1],[1,0],[7,0],[-1,-85],[0,-21]],[[326230,659221],[-35,-77],[0,0],[-18,-48],[-18,-46]],[[325975,659535],[-5,16],[0,0],[0,2],[0,1],[-4,11],[-2,55],[5,27],[9,-9],[-4,31],[-7,26],[5,27],[0,32],[0,19],[-1,23],[4,23],[-6,37],[-4,58],[-3,21]],[[326414,660690],[3,-126],[-4,-61],[-2,-36]],[[326411,660467],[-35,-21],[-26,-15],[-19,-12],[-39,-23],[-27,-15]],[[325524,675627],[13,-15],[16,-31],[26,-51],[3,-13],[0,-39],[-5,-31],[-6,-49]],[[323075,664639],[-1,-22],[4,-13],[-8,-36],[-1,-46],[-17,-60],[4,-11],[14,5],[8,8],[6,-1],[8,-19],[3,-7],[7,-5],[8,2],[11,9],[11,-25],[4,-19],[5,-12],[2,-3],[6,0],[7,8],[12,23]],[[323168,664415],[1,-6],[17,28],[36,89],[30,-58],[14,-40],[9,-58],[17,-48],[-6,-6],[18,-74],[-2,-34],[-12,-41],[4,-25],[-3,-37],[-1,-26],[-9,-17],[-6,3],[-5,-8],[-15,0],[-7,-10],[-5,-21],[-10,6],[-1,-9],[-8,17],[-2,30],[2,18],[-4,31],[-4,6],[-1,15],[-6,19],[-2,-57]],[[328543,665318],[2,2],[21,129]],[[328566,665449],[19,-17],[41,-64],[31,-28],[14,-1],[8,-37],[13,-9],[3,16],[3,11],[1,3],[7,69],[-4,14],[0,9],[16,45],[9,5],[5,14],[2,7],[5,15],[1,5],[5,15],[2,4],[10,69],[19,45],[9,2],[17,47],[6,25],[6,8],[5,-12],[1,-28],[6,0],[0,0],[2,9]],[[328898,664992],[0,-6],[-8,-29],[-20,-20],[-16,-53],[0,-23],[0,-55],[0,-19],[0,-7],[-3,-24],[-1,-9],[-7,-56],[0,-2],[-18,-64],[-14,-28],[-6,-54],[-4,-11],[-17,-51],[-31,-21],[-1,9],[-2,21],[-1,11],[0,2],[6,41],[1,8],[5,16],[8,27],[0,2],[8,71],[0,3],[-2,24],[-3,29],[-1,5],[-4,13],[-4,13],[-6,18],[-6,22],[-10,-6],[-6,-3],[-19,-10],[1,-49],[-16,-30],[-9,-53],[2,-4],[8,-23],[1,-5],[-6,-32],[-5,-22],[0,0],[-10,-29],[-1,-4],[0,-1],[-15,-20],[-18,-79],[-29,-22],[-7,-35],[-16,-3]],[[328596,664365],[-2,19],[1,15],[2,9],[-4,36],[-2,29],[-6,10],[-14,23],[-35,47],[-18,19],[-16,111]],[[328502,664683],[-3,20],[-33,220],[21,102],[15,69],[2,10],[17,79],[4,24],[18,111]],[[327532,661970],[1,-20],[0,-9],[3,-13],[3,-6],[4,-10]],[[327538,661912],[-3,-6],[-3,11]],[[327524,661898],[-2,-10],[-3,0],[0,-6]],[[327514,661870],[-2,2],[-10,-1],[-1,4],[-4,0],[-1,-12],[0,-2],[1,0],[0,-1],[1,0],[0,-2],[-1,-3],[0,-1],[-2,8],[-4,-4],[-1,16],[-3,-27],[-1,-4]],[[327486,661843],[-2,13],[-7,32]],[[330514,653731],[-36,-36],[-20,-21],[-5,-5],[-3,-2]],[[330423,653983],[14,-4],[7,-30],[11,-4],[7,-26],[1,13],[7,1],[0,31],[9,-12],[4,13],[11,-13],[14,13],[2,-13]],[[323503,659903],[-6,4],[-5,39],[1,13],[6,-4],[-1,24],[-4,11],[-8,-3],[-1,11],[4,7],[-3,41],[-3,12],[-1,42],[1,6],[8,1],[-4,-15],[7,-8],[6,14],[5,29],[8,-2],[4,-21],[4,0]],[[323521,660104],[-2,-19],[8,-31],[14,6],[1,-9],[7,31],[10,-15],[6,2],[-5,26],[1,32],[5,-8],[3,-2],[3,0],[6,5],[-5,50],[11,32],[-6,59]],[[323578,660263],[48,49],[5,9],[3,9],[2,1],[8,0],[56,57],[9,10],[32,32],[11,-22],[4,9],[11,-20],[11,7],[4,-40],[33,6],[24,107],[8,36],[80,37]],[[323927,660550],[-55,-215]],[[323872,660335],[-51,-200],[-6,-22],[-8,-23],[-9,-39],[-4,-35],[-1,-32],[0,-38],[4,-11],[0,-29],[-2,-20],[0,-53]],[[323762,659365],[-18,-3],[-3,-22],[-10,-5],[-19,11],[-10,21],[-8,-2],[-2,10],[-17,-4],[-19,6],[-8,-17],[-8,8],[-2,3],[0,10],[1,9],[-5,25],[-7,-19],[-2,-2],[-3,7],[6,-23],[-9,3],[-10,12],[-17,-9],[-3,-6],[-2,13],[-10,22],[-6,19],[-2,-6],[-36,72],[-10,35],[-2,22],[-17,-15],[-9,-18],[-11,-35],[-8,-16],[-9,-13],[-15,-7],[-44,3]],[[323540,659804],[3,-77],[-1,-22],[1,-18],[5,5],[9,-3],[10,3],[4,9],[5,26],[11,21],[2,10],[10,4],[16,-9],[7,4],[1,16],[-8,21],[-9,60],[3,8],[-6,42],[2,57],[-1,32],[3,4],[-21,50],[-5,-2],[-4,-11],[-14,-72],[4,-11],[12,-8],[4,-15],[-2,-15],[-11,6],[-13,-12],[1,-16],[-15,-20],[-3,-67]],[[324568,655413],[70,14],[-1,144],[46,-2],[-2,30],[5,38],[0,30],[55,1],[69,1],[11,-2],[5,6],[3,19],[-7,8],[0,16],[-7,11],[4,34],[7,2],[1,-9],[8,-1],[5,20],[-5,12],[-6,38],[3,9],[-1,21],[-6,39],[1,15],[12,13],[21,10]],[[324859,655930],[3,-28],[4,-14],[7,-9],[6,-49],[11,-28],[2,-29],[9,-37],[9,-16],[-3,-38],[-3,-14],[-4,-12],[-1,-29],[3,-26],[-6,-48],[-17,-15],[9,-10],[7,8],[5,2],[2,-2],[2,-1],[3,6],[10,8],[8,-2],[9,-29]],[[324878,654742],[-2,-10],[4,-50]],[[324818,656718],[18,2],[2,1],[-10,128],[-3,41]],[[324825,656890],[23,1],[16,1],[16,0],[52,2],[1,0],[7,0],[7,0],[26,2],[15,-1],[38,2],[44,0],[136,2],[4,-9],[-10,-31],[-4,-35],[-10,-51],[-4,-47],[8,-3],[6,37],[7,35],[8,25],[6,11],[9,31],[15,-20]],[[325241,656842],[1,-130],[2,-138],[1,-86]],[[325245,656488],[-8,7],[-9,43],[-9,15],[-20,-19],[-42,-34],[-134,-120],[-24,-23],[-35,-31],[-28,-24],[-2,-1],[-6,-5],[-10,-33],[-6,-14],[-5,-35],[-9,-10],[-2,-24],[-5,-16],[-5,-3],[-7,10],[-10,-8]],[[324869,656163],[-18,14],[-5,48],[4,40],[2,41],[-1,23],[6,38],[-3,22],[-5,45],[-5,59],[-3,24],[-2,14],[-14,51],[-3,50],[-1,6],[-3,80]],[[324902,654685],[2,-12],[11,-70],[1,-25],[-4,-30],[-10,-57],[-12,-32],[-1,-11],[-8,-5],[-15,70],[-1,5],[5,54],[-20,14]],[[324822,654555],[7,-11],[3,7],[11,-26],[12,-15],[-11,-28],[1,-21],[4,-29],[3,-7],[6,-1],[9,14],[7,-13],[-2,-5],[3,-24],[7,-3],[14,27],[2,18],[2,14],[3,2],[2,-5],[3,-10],[1,-13],[2,-10],[2,-24],[12,13],[9,1],[5,-15]],[[324939,654391],[-4,-54],[-5,-46],[-1,-5],[0,-154],[13,-40],[5,-2],[6,-4],[5,23],[13,15],[26,-31],[-6,-35],[48,-2],[-2,-19],[20,0],[-13,-55],[-9,-8],[1,-46],[-3,-10],[2,-15],[5,-88],[10,3],[16,14],[-5,-143],[-1,-12],[-6,-139]],[[325253,651922],[-1,-78]],[[325252,651844],[-2,-167]],[[325250,651677],[-1,-112],[-2,-135],[0,-42],[-3,-202],[-1,-64],[-1,-126],[-1,-110]],[[325241,650886],[-12,-16],[-7,22],[-10,-9],[-19,32],[-12,6],[-11,-6],[-11,-26],[-2,-23],[-10,-10],[-19,-32],[-9,7],[-9,-1],[-9,-27],[0,-13]],[[325000,650876],[-57,54],[-92,90],[-62,61]],[[324748,651708],[-9,116],[-5,54],[-9,146],[-6,101],[-4,65],[199,-98]],[[327813,660465],[23,-34]],[[327836,660431],[1,-17],[0,-27],[0,-30],[-2,-21],[-9,-26],[-10,-16],[-3,-21],[1,-10],[-4,-38],[-2,-29],[-6,-174],[-1,-2],[-5,-148],[-1,-2]],[[327646,659660],[1,17],[-3,1],[5,50],[3,55],[0,11],[-1,5],[4,36],[-2,21],[1,13],[-32,54],[-37,24],[-18,12],[-4,84],[-3,57]],[[328235,649049],[6,3],[19,-3],[13,7],[7,18],[4,2],[6,6],[4,21],[3,9],[0,-17],[7,-32],[21,-19],[4,-7],[-6,-60],[1,-36],[-3,-9],[-6,-2],[-10,-2],[-5,5],[-4,-1],[-3,7],[-2,6],[-4,1],[-7,-1],[-12,5],[-13,15],[-9,29],[-7,18],[-5,24],[1,13]],[[328606,650798],[20,-97],[27,-115],[20,-128],[3,-19],[17,-79],[8,19],[9,35],[5,11],[4,-7],[7,-27],[16,-10],[3,-57],[6,-69],[10,-22],[5,-38],[14,-34],[8,-24],[6,-36],[1,-33]],[[328795,650068],[-124,-29],[-58,-30],[-72,-65],[-29,-40],[-15,-33],[-3,-36],[-18,-23],[-31,-72],[-12,-79],[6,-35],[-8,-61],[-22,-32],[-75,142],[-7,13],[-53,151],[-41,160],[-15,57],[-4,17],[14,67],[1,5],[2,0],[41,2],[24,25],[13,0],[24,-23],[51,-67],[2,-2],[25,16],[19,47],[1,6],[31,154],[30,96],[12,16],[15,73],[10,102],[16,73],[8,-1],[15,14],[15,67],[22,49],[1,6]],[[325054,659563],[-22,-38],[-16,-21],[0,-60],[-2,7],[-10,10],[7,-26],[19,-54],[1,-21],[-11,-1],[-5,20],[-13,-25],[-12,-23],[-11,-34],[-6,1],[0,-6],[-5,-3],[-14,-33],[-13,-3],[-8,16],[-22,-22],[-4,-1]],[[324907,659246],[-5,88],[-9,161],[-13,248],[-4,83]],[[327473,661357],[2,-5],[5,-7],[4,0],[3,-14],[5,-4],[-3,-21],[-1,-7],[-2,-12],[-1,-9],[1,-2],[3,15],[4,-12],[0,-16],[4,-10],[4,1]],[[327501,661254],[1,-5],[-7,-5],[1,-10],[-4,-6],[0,-11]],[[323509,661227],[7,-9],[-3,-31],[1,-10],[12,-9],[-4,-4],[-2,-23],[8,-15],[4,-1],[0,-41],[-6,-59],[0,-15],[12,-13],[7,-14],[5,-10],[10,-6],[4,-19],[-1,-51],[6,-17],[12,-8],[4,-16],[0,-11],[-4,-33],[-5,-18],[3,-21],[-1,-22],[-6,1],[-5,-11],[-1,-15],[3,-12],[-5,-3],[5,-12],[2,-33],[4,-47],[0,-35],[4,-29],[-4,-8],[0,-21],[0,-22],[3,-11],[3,-39],[-1,-29],[-4,-29],[2,-26],[-5,-23],[0,-11],[-5,-38],[5,-17],[-1,-24]],[[323572,660257],[-2,-7],[-16,-4],[-5,-7],[-9,-31],[2,-33],[-3,-27],[-10,-8],[-8,-36]],[[323174,661282],[-3,63],[-11,220],[-3,61],[-5,107],[-3,56],[3,1],[192,84],[3,-66],[7,-4],[10,-14],[1,44],[3,22],[7,50],[3,60],[-4,81],[25,-11],[4,-20],[5,-47],[2,-98],[2,-25],[8,-53],[9,-23],[13,-47],[6,-1],[8,-12],[7,-33],[1,-14],[47,0]],[[328145,657163],[47,-143],[7,-23],[42,-152]],[[328241,656845],[19,-71],[1,0],[4,-15],[21,-78],[20,-226],[7,-70],[10,-111],[3,-40],[-7,-5],[-22,-15],[8,-57],[18,-55],[6,-20],[8,-13],[6,1],[10,-47],[1,-51],[-4,-24],[1,-19],[9,-34],[4,-2],[1,-19],[-3,-12],[8,-26],[1,-20],[-5,-22],[2,-13],[7,-6],[7,-26],[14,-2],[3,-21],[8,6],[4,-9],[9,1],[6,-68]],[[328426,655656],[22,-187],[-17,-6],[-10,-4],[-12,-5],[-70,-32]],[[328339,655422],[-143,-63],[-93,-41],[-68,-29]],[[328035,655289],[-7,240],[15,136],[0,23],[-77,273],[0,2],[5,43],[-1,38],[2,6],[7,3],[5,24],[-5,1],[-2,51],[-5,12],[11,30],[-4,25],[-6,6],[0,44],[0,6],[0,0],[-7,21],[-2,4],[-12,18],[-1,2],[-105,156],[-19,27],[-4,35],[-8,22],[-16,0],[-4,1],[-3,0],[-1,-2],[-1,2],[-1,-1],[-2,-2],[-1,3],[-1,6],[-6,24],[-18,36],[-8,-14]],[[327735,656597],[6,31],[-2,76],[-4,10],[-6,-18],[-6,20],[-1,20],[0,55],[3,8],[2,21],[-1,9],[-2,12],[-9,13],[-1,14]],[[327080,663123],[50,162],[3,-4],[6,7],[-3,12],[5,9],[6,4],[4,18],[21,21],[18,19],[-4,22],[-2,9],[6,9],[1,64],[0,17],[0,6],[-1,72],[-3,30],[2,7],[-1,2],[1,5],[-2,89]],[[327187,663703],[37,58],[27,44],[43,67],[9,15]],[[327303,663887],[2,-6],[-4,-8],[-3,-35],[13,-90],[3,-24],[15,-105],[5,-49],[5,-19],[3,-26],[5,2]],[[327366,663216],[-36,-5],[-17,-21],[-14,-19],[-13,-16],[-25,-32],[-14,-18],[-5,-7],[-3,-14],[-10,-65],[-25,33],[-35,-52],[-43,-64]],[[327126,662936],[-3,8],[-8,25],[-7,11],[-2,8],[-8,32],[-11,33],[-15,43],[8,27]],[[328156,673700],[222,-901],[79,-297]],[[328457,672502],[-93,-229],[-33,-81],[-2,-6],[-20,28],[6,21],[-10,-17],[-2,-11],[-1,-15],[-7,-30],[-4,-13],[-4,-8],[-8,-13]],[[328212,672205],[-5,38],[-1,13],[1,11],[4,9],[1,10],[0,2],[-12,33],[-27,30],[-10,-19],[-10,13],[-4,12],[-1,29],[-4,39],[-6,23],[-2,2],[-2,2],[-4,5],[-8,-2],[-6,7],[-3,15],[-5,12],[1,18],[-5,20],[-8,7],[-15,0],[-2,3],[-2,5],[-3,50],[0,5],[-8,57],[-12,16],[-19,13],[-7,22]],[[327951,673141],[2,16],[158,422],[45,121]],[[326921,663285],[11,62],[25,41],[10,17],[10,71]],[[326977,663476],[32,-118],[7,-30],[8,-39],[1,-12],[-1,-21],[-4,-15],[1,-4],[1,-2],[30,-95],[4,-11],[6,51],[18,-57]],[[327126,662936],[12,-56],[5,-9],[5,-8],[14,-39],[-13,-46]],[[327123,662673],[-3,-14],[-4,-13]],[[327116,662646],[1,6],[-6,-6],[-9,17],[-1,-4],[-5,9],[-12,-1],[-1,9],[-3,-1],[-8,20],[-1,-5],[-6,16],[5,4],[-1,12],[-1,-1],[-2,4],[-1,25],[-3,10],[-5,12],[-1,3],[-6,51],[-11,25],[-15,40],[0,1],[-10,9],[-2,2],[-11,22],[-2,16],[-1,7],[-4,8],[-6,8],[5,10],[-4,16],[-10,42],[-1,0],[-3,3],[-5,11],[5,6],[-3,20],[-14,23],[2,5],[-4,15],[9,-15],[2,1],[-1,6],[-1,-3],[-8,21],[2,7],[3,5],[-8,38],[-5,25],[-17,49],[-4,12],[-7,24]],[[328299,676678],[9,-148]],[[328339,676059],[56,-965],[-8,-2]],[[328139,674841],[-9,220],[-3,3],[-3,6],[1,9],[1,7],[0,9],[2,0],[0,9],[14,59],[2,32],[5,27],[4,9],[2,6],[-4,43],[-3,26],[-12,62],[-2,16],[-1,112],[-3,89],[-3,23],[-4,-1],[-11,-26],[-3,-32],[-4,-5],[-4,8],[-12,169],[-2,21],[-23,112],[-10,63],[-5,46],[-6,32],[-13,32],[-1,18],[-24,219],[-7,63]],[[328737,673919],[84,337],[1,4]],[[328822,674260],[97,383],[12,49]],[[328931,674692],[14,6],[10,-2],[-2,-17],[9,-8],[0,11],[10,-11],[2,9],[6,0],[5,-28],[-1,-21],[7,-6],[3,10],[9,3],[5,-7],[3,-17],[6,-3],[3,-30],[3,2],[4,-18],[7,18],[3,-3],[13,14],[7,4],[3,-8],[0,17],[15,-9],[-3,-8],[6,-22],[7,-10],[-3,-18],[4,-2],[-2,-20],[5,-2],[-1,-20],[5,-6],[-10,-9],[0,-7],[10,-3],[3,-10],[-7,-24],[1,-17],[7,-1],[0,-14],[1,-11],[9,-4],[3,9],[1,-27],[5,-3],[8,-8],[1,10],[5,-5],[3,-14],[-3,-22],[5,-10],[-2,-12],[-9,-14],[9,-25],[5,-6],[3,-14],[7,-6],[4,-26],[-6,-17],[5,-30],[0,-21],[3,-31],[5,-23],[7,-18],[4,1],[11,-17],[1,-7],[-2,-27],[9,-11],[5,-33],[-7,-15],[1,-33],[5,9],[3,-30],[9,-29],[4,-21],[7,-18],[-5,-21],[2,-10],[8,9],[4,-14],[5,0],[5,-21],[2,6],[4,-1],[-1,-25],[8,4],[-1,-18],[4,-10],[23,-23],[8,-24],[13,20],[5,0],[8,-6],[8,-9],[6,-9],[2,-11],[3,-2],[1,-7],[-3,-34],[2,-55],[5,-19],[2,-28],[9,-34],[1,-13],[-2,-35],[3,-26],[-6,-25]],[[329339,673405],[-22,2],[-3,0],[-8,-30],[-19,9],[-11,-18],[-12,-19],[-9,25],[-15,-11],[-7,10],[-14,-2],[-3,-1],[-7,-1],[-54,-85],[-5,-14]],[[329150,673270],[-10,0],[-2,6],[5,17],[-4,31],[-2,34],[-3,-1],[-5,-18],[5,-21],[-1,-21],[-2,-2],[-7,37],[-3,9],[1,15],[7,8],[-3,6],[3,22],[-4,-7],[2,20],[-3,-1],[0,18],[-2,9],[-5,-10],[-3,28],[-6,9],[2,10],[-7,28],[-4,3],[-2,21],[-16,39],[-3,29],[-10,20],[-5,34],[-11,12],[-11,24],[-10,17],[1,11],[-11,43],[-8,28],[-7,1],[-8,15],[-7,24],[-8,11],[-13,15],[-9,4],[-9,-7],[-16,22],[-16,5],[-3,-11],[-5,-7],[-15,12],[-9,1],[-5,8],[-10,-1],[-12,10],[-14,-1],[-13,-3],[-32,-32],[-8,-13],[-8,5],[-7,-19],[-12,54],[-29,42],[-1,7]],[[327431,674391],[3,5],[16,9],[5,-80]],[[327455,674325],[-6,-19],[23,-55],[4,12],[61,-146],[3,13],[59,-124],[116,-242],[26,-47]],[[327741,673717],[-85,-300],[-111,-405],[-35,-107],[-15,-58]],[[327495,672847],[-53,132],[-222,519]],[[326657,676667],[8,10],[15,-6],[6,7],[5,32],[-3,39],[-8,52],[-2,27],[5,21],[8,20],[18,25],[4,12],[-1,19],[-9,32],[2,17],[17,2],[11,27],[6,6],[19,5],[9,9],[7,16],[6,21],[3,31],[0,14],[-8,101],[-8,50],[-10,29],[-7,10],[-10,9],[-15,-9],[-12,3],[-10,18],[-4,13],[-6,25],[-2,26],[10,33]],[[326823,677306],[11,-18],[6,13],[12,5],[6,-4],[33,-36],[10,-32],[2,-29],[5,-16],[9,-38],[-12,-25],[-7,-16],[3,-57],[0,-16],[-6,-11],[-2,5],[-4,-4],[-7,-33],[-4,-11],[-10,-22],[-13,-13],[1,-11],[-1,-13],[19,-27],[5,2],[7,-14],[4,-47],[-1,-20],[4,-29]],[[326893,676789],[-6,-19],[0,-31],[15,-39],[1,-21],[-5,-15],[-9,32],[1,13],[-8,7],[-10,-9],[-4,-34],[-6,-4],[-4,-28],[9,-3],[14,-14],[5,-9],[4,-45],[3,-17],[13,-24],[-1,-4],[0,-44],[-3,-29],[-11,-55],[-3,-25],[1,-23],[2,-30],[0,-24],[-2,-9],[-14,-16],[-21,-10],[-8,-9],[-12,-30]],[[325980,662494],[25,-31],[20,-26],[32,-39],[20,-25],[1,-18],[2,-38],[0,-8],[9,8],[3,3],[16,14],[8,-3],[14,-5],[22,0],[4,-15],[6,-9],[23,11],[7,-14],[3,13],[9,-3],[-2,-13],[5,-19],[6,-6],[35,-32]],[[325844,661973],[-1,2],[-14,30],[62,142],[24,56],[-69,116],[-6,9]],[[325265,654482],[216,14],[61,4],[89,7]],[[325631,654507],[-1,-19],[7,-43],[2,-22],[13,-12],[-13,-2],[-1,-21],[-6,-19],[-3,-2],[-6,-26],[-1,-26],[-9,-15],[-6,-19],[-6,2],[-1,-27],[-5,-14],[9,-4],[2,-32],[26,9],[4,5],[6,-38],[-2,-33],[-8,-28],[3,-18],[-5,-16],[-7,-4],[-2,-33],[-4,-16],[-5,-9],[-5,-6],[-3,14],[-28,-30],[-14,-34],[3,86],[-1,29],[-53,-12],[-23,-23],[-1,-17],[-8,1],[-12,-19],[-9,-28],[2,-16],[6,9],[6,-6],[2,-15],[5,-3],[4,-13],[-23,-28],[-11,3],[-10,-1],[-25,3],[-5,1],[1,-37],[8,-45],[1,-27],[5,-19],[-2,-28],[3,-30],[-5,-24],[1,-19]],[[325421,653691],[-3,0],[-144,-14]],[[325274,653677],[-2,159]],[[325269,654169],[-4,308],[0,5]],[[330254,654785],[8,-45],[8,-16]],[[330270,654724],[1,-40],[3,-22],[-3,-5],[-2,-9],[1,-25],[5,3],[1,-22],[-4,0],[0,-29],[8,-1],[5,-9],[0,-19],[9,-2],[19,4],[4,-23],[3,-64],[4,7],[2,-22],[-5,-4],[6,-72],[2,-39],[-8,8],[-5,17],[-19,34],[-4,30],[-1,5],[-12,27],[-13,-28],[-8,4],[1,-24],[-6,-4],[-8,-25],[-15,-25]],[[330231,654350],[-9,15],[-23,40],[1,5],[3,30],[-10,24],[-6,9],[-4,-14],[-7,-3],[-8,12],[-3,-10],[-11,15],[-1,-13],[-6,22],[-6,-3],[-3,-28],[-5,-1],[-3,21],[0,17],[-4,5],[-5,-12],[-10,17],[-8,27],[-4,3],[-4,-10],[-5,-35],[-10,-2],[-8,11]],[[330072,654492],[0,10],[-4,8],[19,52],[57,128],[32,39],[51,66],[17,-16],[10,6]],[[323514,664514],[-7,-424]],[[323246,663643],[4,95],[-62,-25]],[[323168,664415],[13,16],[8,33],[7,9],[23,53],[12,36],[9,8],[5,28],[12,20],[1,13],[-2,32],[1,7],[11,16],[7,21],[4,34],[10,33],[3,4],[12,-2],[16,4],[6,-10]],[[326642,670732],[51,267],[36,251]],[[327054,670253],[-31,21],[-24,16]],[[326999,670290],[-56,38],[-6,6],[-76,47],[-122,77],[16,108],[-61,160],[1,-30],[-11,-6],[-18,-1],[-9,6],[-5,21],[-10,16]],[[328264,668160],[-18,8],[-7,-1],[-1,-48],[2,-3],[4,-18],[-1,-43],[-3,7],[-2,9],[-7,20],[-4,32],[-11,29],[-4,52],[-3,3],[-3,-22],[-6,15],[-4,-8],[-6,4],[2,19],[-7,4],[1,-17],[-5,6],[-3,-8],[-10,23],[-14,13],[-5,16],[1,-9],[-26,-16],[-1,1],[-16,-3],[-15,2],[-3,0],[-39,12],[-10,9],[-7,-14],[-8,-7],[-2,-1],[-2,-4],[-2,-3],[-4,-4],[-2,-1],[-2,2],[-9,9],[-1,-4],[-8,-1],[-8,3],[-16,28]],[[327969,668251],[0,15],[-2,147],[-14,221],[-10,261],[49,51],[26,26]],[[329629,675201],[-7,-51]],[[329622,675150],[-9,7],[-10,-14],[-13,7],[-7,-5],[-7,25],[-4,-3],[-9,12],[-3,-15],[-7,16],[-6,-3],[-10,18],[-8,26]],[[323198,662800],[-104,-50],[-60,-29],[-6,-3],[-16,-6],[-45,-20]],[[327787,665790],[27,72],[27,73],[0,1],[13,47],[51,178],[7,17],[37,97]],[[327949,666275],[6,-8],[37,41],[31,33],[5,10],[4,9],[2,10],[3,35],[3,-1],[3,-20],[-2,-13],[5,0],[0,10],[5,6],[-6,24],[6,5],[5,-11],[2,10],[-4,12],[5,5],[12,-23],[1,16],[5,11],[2,18],[8,-43],[7,15],[4,-15],[2,14],[8,17],[10,-18],[15,2]],[[328133,666426],[11,1],[18,13],[14,34],[8,-1],[0,-11],[8,-27],[10,8],[8,22],[5,-17],[10,16],[7,22],[5,-6],[1,-28],[4,-8],[18,12],[11,-8],[18,-3],[15,-6],[45,36]],[[328349,666475],[7,-70],[15,-96]],[[328371,666309],[-32,-62],[1,-23],[-5,-23],[4,-14],[-23,-16],[-29,-50],[-4,41],[-12,49],[-6,10],[-13,14],[-10,0],[-12,-9],[-15,-2],[-5,-6],[-8,-23],[-10,-6],[-10,-32],[-10,10],[-14,-32],[-3,-23],[-4,-4],[3,-25],[-1,-24],[-7,-23],[9,-22],[-4,-8],[-13,2],[0,-16],[-4,-15],[0,-16],[-34,44],[-17,-77],[-80,-114],[-23,-33],[-107,-152]],[[325245,656488],[5,-498]],[[325250,655990],[0,-61]],[[325250,655929],[-6,-4],[-16,2],[-5,6],[-5,18],[-4,-16],[-6,16],[-3,-27],[-6,2],[3,16],[-2,55],[8,23],[2,16],[-6,57],[-5,-20],[-3,-45],[-9,16],[7,-36],[-5,-19],[3,-37],[-8,-15],[-8,0],[-4,-9],[1,0],[3,-7],[2,-9],[9,-44],[9,-9],[8,-18],[7,-41],[5,-7],[9,10],[4,-1],[4,36],[0,18],[5,27],[8,-9],[3,-27],[2,-6]],[[325251,655841],[0,-6],[0,-12],[5,-367],[0,-19],[0,-28],[0,-7]],[[324859,655930],[-7,10],[-7,-7],[-5,8],[-1,37],[3,35],[8,31],[1,36],[4,27],[9,39],[5,17]],[[328748,652321],[17,28],[7,12],[2,11],[4,24],[4,19],[4,23],[-4,88],[5,89],[14,8],[2,47],[18,30],[4,38],[1,11],[1,8],[-3,64],[-1,10],[-14,111],[-9,75],[-9,66],[1,18],[1,40],[4,9],[12,29],[2,73],[10,29],[6,19]],[[328827,653300],[3,1],[3,0],[1,-7],[4,-22],[12,-1],[5,8],[18,-27],[0,-13],[10,-16],[2,4],[6,-8]],[[328891,653219],[-12,-89],[-4,-32],[-4,-54],[-3,-88],[5,-5],[8,-25],[9,6],[26,-24],[4,2],[3,-18],[13,-39],[4,-4],[9,-39],[-1,-19],[3,-35],[-1,-26],[3,-3],[0,-18],[4,-16],[-1,-28],[-6,-9],[-6,-20],[13,-42],[-3,-26],[3,-2],[4,-6],[12,-8],[5,4],[3,-68],[7,-42],[1,-62]],[[328989,652384],[-16,-3],[-25,-35],[-18,7],[-10,4],[-18,-14],[-4,-3],[-15,-13],[-33,-26],[-24,-52]],[[328826,652249],[4,37],[-2,-3],[-5,-3],[-3,-18],[-10,-34],[-6,6],[-5,-11],[-9,9],[-1,26],[-5,-18],[-1,11],[14,56],[4,-2],[3,60],[-4,3],[-5,-40],[-1,-6],[-11,5],[-1,-23],[-13,-3],[-15,-13],[1,27],[-7,6]],[[324978,649945],[-12,2],[-20,-37],[-3,1],[-13,2],[-21,-72],[-2,0],[-12,2],[-37,5],[-2,3],[-8,20],[-3,8],[-7,20],[-16,12],[-1,7],[-1,10],[-1,6],[1,6],[1,9],[-5,10],[-2,3],[-3,0],[-4,2],[-22,-1],[-3,0],[-7,-29],[-8,-36]],[[324037,654424],[23,-15],[10,-48],[10,-3],[4,14],[3,22],[5,6],[4,2],[1,-9],[7,2],[15,176],[39,-71],[45,-61],[7,21],[1,-11],[6,11],[6,31],[13,39],[10,-46]],[[324354,654103],[-5,-62],[-25,-125],[-7,-20],[5,-36],[-2,-18],[1,-17],[7,-21],[8,7],[7,-15],[-2,-52],[-5,-25],[-9,-30],[-35,25],[-20,10],[-30,19]],[[329392,653769],[54,206],[16,59],[38,143],[9,34],[7,28]],[[329535,654310],[14,-34],[64,-120],[6,-27],[-2,-14],[-2,-8],[0,-3],[-20,-25],[-24,-88],[-2,-17],[19,-36],[12,-4],[13,-12],[1,-1],[28,76],[5,-8],[17,19],[3,-8],[-2,-42],[-15,-1],[-2,14],[1,-34],[6,-22]],[[329655,653915],[-1,0],[0,-6],[-11,-35],[-8,-15],[1,-5],[4,-21],[-3,-5],[-5,22],[-13,-38],[0,-16],[1,-3],[4,-35],[6,-29]],[[329630,653729],[-4,7],[-24,-46],[-30,-31],[0,-6],[0,-12],[-12,-9],[-25,-12],[8,-32],[4,-1],[1,-17],[11,10],[-3,-16],[2,-11],[-5,-31],[6,-40],[-5,-32],[4,-69],[-15,-15]],[[329543,653366],[-1,28],[-7,21],[1,36],[-16,21],[-3,25],[-14,4],[3,26],[-10,24],[-4,-12],[-8,-19],[3,20],[-3,15],[1,13],[-4,-5],[-6,13],[3,6],[3,21],[-8,-2],[0,-19],[-4,35],[-10,35],[-5,28],[-12,7],[-2,-12],[1,7],[-2,7],[-9,-3],[-7,-29],[2,-8],[3,-9],[-2,-7]],[[329426,653633],[-10,53],[-23,80],[-1,3]],[[325250,651677],[9,-4],[-1,-108],[11,0],[5,-39],[16,0],[-6,-31],[-7,-6],[-3,-23],[2,-13],[12,-12],[1,-23],[-3,-10],[7,3],[9,-6],[-3,-49],[2,-33],[19,67],[10,32],[9,31],[18,46]],[[325357,651499],[3,-3],[9,-32],[-1,-36],[2,-16],[-1,-14],[13,-7],[10,0],[4,11],[1,16],[6,7],[8,2],[7,-2],[8,12],[11,-40],[5,-14],[4,-18],[4,1],[6,-27],[-20,-30],[-14,-30],[6,-31],[-2,-20],[13,-17],[3,-11],[10,-5],[6,3]],[[325458,651198],[2,-5],[8,-33],[1,-29],[-9,-37],[-13,-2]],[[325447,651092],[-21,-13],[-7,-1],[-9,8],[-34,2],[-3,-60],[0,-15],[-17,-2],[2,14],[-1,27],[-4,7],[-9,-2],[-8,-12],[4,-16],[-4,-27],[-3,-8],[-3,-23],[-6,-4],[0,7],[-3,1],[-5,-23],[3,-45],[22,-8],[-12,-44],[2,-5],[8,4],[1,-16],[4,-9],[2,-13],[2,-47],[-2,-20],[-11,-30],[0,-40],[-12,26],[-5,-12],[4,-39],[-9,-19],[-6,-22],[-5,-3],[-4,15],[-5,-12],[6,-45],[-1,-28]],[[325298,650540],[-4,-2],[0,19],[-5,-2],[-3,-23],[-3,0],[-4,34],[-4,2],[-7,16],[-4,18],[-7,-5],[-14,10],[-5,30],[1,13],[12,4],[-1,10],[-16,8],[0,9],[-2,3],[0,17],[-9,35],[14,11],[9,27],[-8,19],[5,31],[-1,25],[3,8],[-1,23],[-3,6]],[[326557,655242],[0,-20],[2,19],[6,-32],[3,-52],[-7,4]],[[326561,655161],[-29,23],[-4,-3],[-25,-16],[-4,-31],[2,-15],[0,-4],[4,-32],[0,-3],[5,-30],[9,-60],[0,-16],[-1,-82],[6,-21]],[[326436,654947],[-1,11],[0,18],[-1,61],[-2,1],[-4,18],[2,19],[-3,50],[-5,3],[-1,-3]],[[326421,655125],[-8,16],[2,31],[5,-2],[-1,26],[-6,-3],[-2,11],[8,30],[25,51],[-2,8],[-4,12],[-3,4],[-1,7],[-6,18],[-2,8],[-4,10],[1,12],[-3,-4],[-3,8],[-2,22],[1,9],[-2,-2],[0,6],[9,8],[5,9],[-3,8],[-1,9],[2,1],[-7,8],[6,18],[0,7],[1,22],[-1,2],[-3,5],[2,6],[2,18]],[[326177,656160],[10,6],[4,0],[14,7],[34,17]],[[328072,659482],[36,16],[66,31],[13,5],[1,-13],[13,-59],[1,-13],[7,-17],[0,-12],[9,-35],[2,-52],[9,-48],[-3,-27],[8,-17],[15,-13],[26,11],[7,-15],[1,-15],[1,-21],[7,-19],[6,-3],[9,-26],[0,-22],[2,-27],[-6,-25],[5,-39],[11,-4],[4,-34]],[[328322,658989],[-3,-4],[-12,-44],[-11,-41],[8,-56],[-6,-12],[-22,19],[-4,-1],[-10,11],[-11,-2],[-15,-21],[-20,-23],[-8,-24],[-9,3]],[[328199,658794],[-13,18],[-4,-6],[-5,-10],[-10,6],[-5,-35],[-20,-38],[-11,17],[-2,-12],[-6,-17],[-5,-9],[-11,9],[-2,2],[-3,5],[0,11],[-40,-20]],[[328199,658794],[-6,-22],[0,-12],[8,-38],[-3,-127],[0,-6],[3,-34],[14,-121],[-8,-41],[13,-13],[-28,-49],[1,-8],[-4,-25],[-1,-40],[4,-28],[15,-18],[-4,-16],[-8,-9],[35,-271]],[[328033,657912],[1,48],[-2,19],[-7,5],[-10,150],[-1,2],[1,9],[-11,171],[-1,21],[-5,72]],[[329625,654652],[26,-11],[37,-8],[132,-27],[78,-16],[22,-28],[17,-36],[24,-36],[4,-18],[-2,-9],[-13,-11],[-9,-2],[-11,31],[-6,28],[-3,20],[-7,4],[-5,-9],[0,-14],[-4,-26],[-9,-1],[-22,26],[-50,16],[-41,35],[-25,-12],[-17,15],[-8,-7],[-45,17],[-31,0],[-30,20],[-7,-9],[3,-34],[-15,-22],[-13,9]],[[329587,654495],[2,-14],[9,-15],[21,-37],[11,10],[60,-112],[5,-36],[-6,-43],[17,-30],[48,-14],[2,2]],[[329756,654206],[1,-14],[53,16],[-5,-15],[1,-37],[8,-25],[1,-22],[0,-30],[-21,-9],[-21,-25],[0,0]],[[329773,654045],[-16,-13],[-24,-27],[-16,-3],[-2,-9],[-6,-16],[-4,-11],[-23,-23],[-14,-26],[-2,1],[-11,-3]],[[329999,654277],[3,16],[12,13],[3,-1],[3,-7],[0,-13],[1,-4],[3,1],[5,0],[1,-7],[5,-1],[3,5],[0,8],[-1,9],[7,29],[13,7],[5,-13],[5,-8],[3,2],[-2,23],[-1,23],[5,19],[0,22],[4,23],[9,27],[-13,37],[0,5]],[[330231,654350],[7,-12],[3,1],[7,-10],[11,-35],[-10,-40]],[[330004,654040],[-61,1]],[[329943,654041],[0,41],[3,26],[6,1],[10,25],[-1,23]],[[328457,672502],[49,121],[15,36],[22,24],[25,36],[7,16],[24,68],[-10,17],[26,64]],[[328615,672884],[22,-219],[2,-6],[44,-81],[107,-180]],[[328475,671660],[-6,-4],[-167,-180],[-5,7],[-8,-1],[-17,-14],[-5,3],[-6,-11],[-4,-8]],[[328257,671452],[-11,81],[1,23],[3,10],[10,18],[10,7],[4,16],[1,25],[-3,19]],[[327611,662521],[2,15],[2,22],[2,16],[6,36],[3,27]],[[327634,662877],[18,53],[4,10],[12,-57],[5,-18],[4,-18],[7,-13],[-8,-15],[5,-16],[-1,-43],[15,-19],[12,-6],[5,-12],[2,-3],[8,-2],[0,-1],[17,36],[5,9],[20,-38],[5,-4],[8,18],[14,48],[11,67],[9,20]],[[327819,662862],[-1,-5],[0,-7],[20,-14],[0,-3],[1,-3],[-28,-60],[0,-1],[-21,-45],[-4,-14],[-20,-75],[0,-1],[-2,-12],[-9,-53],[0,-3],[-3,-16],[-9,-111],[0,-1],[4,-52],[0,-1],[5,-2],[8,-4],[5,-68],[1,-7],[1,-1],[4,-23],[3,-22]],[[327672,662325],[3,8],[10,32],[-5,11],[-7,12],[-14,1],[-1,5],[-9,2],[-2,20],[-7,2],[-8,9],[-1,2],[-1,12],[-6,34],[-5,16],[0,0],[-1,0],[-2,1],[1,9],[-5,15],[-1,5]],[[326820,657857],[56,83],[24,34],[12,18],[5,8],[45,66],[22,32],[36,53],[38,56],[9,14],[50,72],[43,65]],[[327160,658358],[31,44]],[[327210,658056],[3,-64],[7,-124],[2,-32]],[[327222,657836],[-30,-49],[-44,-71],[-26,-32],[-37,-46],[-12,-18],[-12,-16],[-34,-49],[-42,-60],[-75,-107]],[[326881,657540],[-20,104],[-41,213]],[[324973,660970],[16,37],[11,24],[9,21],[22,52]],[[325050,661148],[0,-12],[4,1],[-1,-31],[14,-70],[3,9],[10,-4],[12,-17],[-1,-8],[11,1],[2,-13],[-5,-1],[-6,-52],[6,-14],[2,-2],[2,16],[9,13],[2,44],[5,-9],[-3,29],[4,7],[8,-37],[2,5],[1,4],[15,-15],[4,-20],[1,-22],[3,-4],[3,7],[2,-36],[6,2],[4,26],[3,-60],[4,-5],[3,18],[10,7],[-4,-12],[9,-5],[-3,-11],[-1,0],[-1,-9],[-7,-26],[-1,-7],[-4,-39],[-4,-30],[-4,-27]],[[325169,660739],[-7,-52],[-4,3],[-4,-19],[2,-3],[-1,-2],[-4,-16],[-5,10]],[[324995,660800],[-17,133],[-5,37]],[[328132,654190],[68,17],[-3,12],[2,32],[11,4],[127,51]],[[328337,654306],[-8,-167],[-4,-101],[39,-111],[13,-37],[33,16],[25,12],[11,0]],[[328446,653918],[1,-4],[5,-41],[16,-71],[-17,10],[1,-26],[11,-50],[4,-97],[-17,-2],[1,-52],[-13,2],[-6,-31],[9,-49],[-12,-5],[-13,45],[-7,48],[-3,19],[-2,1],[-4,2],[-19,12],[-1,1],[-3,1],[-15,12],[-13,-27],[-22,56],[-10,14],[-11,17],[-4,-3],[-7,-6],[-3,-2],[-1,-1],[-3,-2],[-18,-23],[-3,-4],[-1,-7],[-4,-61],[7,-12],[14,-24],[1,-1],[13,-21],[22,-34],[11,-83],[3,-27],[-2,-26],[-10,-19],[-9,-16],[-8,-16],[-1,-1],[-1,-2],[-23,-17],[-14,47],[-17,-33],[-24,-1],[-24,46]],[[328200,653354],[-4,123],[-2,66],[-9,91],[-5,53],[-8,80],[-19,202]],[[328153,653969],[-4,41],[-17,180]],[[326858,662074],[3,0],[16,-15],[15,17],[6,-15],[15,19],[9,-1],[2,0],[4,0],[2,-20],[4,20],[7,0],[8,-1],[0,0],[0,-11],[9,11],[3,0],[3,0],[9,-1],[7,0],[3,2]],[[327111,662195],[1,-3]],[[327028,661951],[-16,-17],[-1,-2],[-15,-17],[-16,-17],[-3,-4],[-5,-6],[-12,-13]],[[326960,661875],[-29,-32],[-1,-2],[-3,-10],[-3,-10],[-4,-5],[-1,13],[-13,-15]],[[328426,655656],[34,-110],[19,-62],[38,-125],[7,1],[4,1]],[[328490,654630],[-8,12],[-10,39],[-11,-1],[-2,1],[-3,-15],[3,-14],[0,-2],[-3,-7],[2,1],[-2,-2],[-4,5],[-6,-7],[-5,-32],[-2,-5],[-4,-6],[-4,-14],[-2,-1],[-12,5],[2,11],[-8,-11],[3,55],[-3,21],[-9,29],[-4,19],[-7,59],[0,13],[2,37],[2,43],[5,38],[0,2]],[[328400,654903],[13,91],[-7,7],[-9,-9],[-7,6],[-3,12],[7,2],[6,26],[1,25],[9,12],[0,3],[-2,19],[-1,22],[-13,-6],[-3,8],[3,25],[-5,40],[-11,22],[-4,18],[5,17],[-10,23],[-4,3],[6,28],[9,27],[6,8],[-47,90]],[[326895,661124],[-7,-17],[-10,-25],[-1,-5],[-6,-16],[-16,-43],[-8,-20],[-26,-67],[-21,-57]],[[326800,660874],[-3,11],[-12,9],[-1,16],[6,36],[1,20],[-2,10],[-7,11],[-13,-51],[-15,-27],[3,-62]],[[324193,651902],[6,-14],[20,5],[13,-15],[9,11],[14,-24],[10,2],[2,12],[11,9],[5,-14],[0,-24],[14,-18],[7,-18],[0,-16],[5,-8],[2,9],[12,24],[30,-40],[9,-20]],[[324362,651763],[2,-34],[9,-48],[10,-38],[3,-40],[-1,-40],[7,-45],[4,-62],[0,-26]],[[324396,651430],[-2,-38],[-3,-18],[-6,-29],[-9,-28],[-20,-58],[-8,-44],[-7,-67],[-10,-23],[-4,-8],[-7,-45],[-6,-31],[3,-57]],[[324317,650984],[-34,19],[-11,-6],[0,-7],[-6,4],[-3,-2],[-22,-13],[-2,0],[-23,-11],[-10,-5],[2,11],[2,13],[-17,35],[-5,-4],[6,-32],[5,-11],[2,-15],[-63,-33]],[[324129,654813],[8,-4],[9,-4],[2,-1],[85,-47],[33,-33],[0,0]],[[323308,653582],[31,-10],[4,34],[6,34],[3,-2],[9,-26],[26,18],[5,-3],[1,-11],[11,8],[18,33],[5,-39],[-4,-26],[1,-21],[7,-15],[2,-26],[30,56],[13,38],[4,-18],[-3,-21],[-3,-58],[5,5],[26,15],[-7,58],[-9,40],[39,36],[-2,11],[-4,47],[5,9],[5,13],[2,-8],[6,3],[-1,4],[6,4],[3,-15],[-1,31],[-4,16],[1,9],[3,18]],[[323577,653530],[15,-163],[7,-52],[8,-77]],[[323341,653052],[3,70],[0,134],[1,30],[4,29],[-2,17],[-3,49],[-14,48],[0,23],[-6,28],[0,11],[-16,91]],[[325260,655058],[1,-50],[3,-367],[1,-159]],[[325201,653793],[-5,0],[-10,9],[-18,-7],[2,39],[-3,-6],[-9,74],[-5,18],[3,38],[4,11],[-3,38],[-4,27],[3,48],[4,14],[-22,-4],[-12,-8],[-19,1],[-1,27],[-7,92],[-16,39],[6,141],[7,181],[15,371]],[[325322,652420],[63,32],[21,0],[45,17],[46,19],[95,36]],[[325592,652524],[-7,-294],[2,-22],[-3,-3],[-1,-67],[-9,-25],[-5,3],[-21,-16],[-2,-26],[-11,11],[-10,-25],[7,-19],[-6,-16],[2,-3],[5,6],[0,-8],[-4,0],[-3,-23],[-6,-11],[-2,-19],[-13,-21],[3,-23],[-1,-12],[13,-26],[1,-19],[8,-35],[11,10],[11,-70],[19,24],[-1,-37],[2,-16],[4,0],[-2,-56],[16,-27],[-5,-38],[8,-12]],[[325574,651463],[-6,-1],[-8,-21],[-16,-24],[3,-63],[8,-56],[-24,5],[1,-26],[-34,7],[-4,-1],[-3,-12],[-1,-32],[3,-39],[-3,17],[-20,11],[-10,14],[-3,-10],[1,-34]],[[325357,651499],[-14,7],[-3,63],[4,28],[2,32],[3,20],[8,24],[7,1],[-10,39],[0,19],[-18,22],[-14,43],[-3,63],[-10,-14],[-10,-4],[-17,1],[1,16],[1,5]],[[325284,651864],[0,11],[-7,13],[-3,14],[1,15],[6,30],[4,8],[23,6],[8,26],[7,-4],[7,11],[2,16],[13,20],[3,14],[20,-14],[12,13],[-2,32],[9,8],[1,28],[-5,-1],[1,31],[-14,-3],[-6,24],[-1,23],[-6,9],[-8,44],[-9,20],[-3,26],[-7,29],[-5,15],[12,32],[-15,60]],[[325259,652393],[30,9],[33,18]],[[325284,651864],[-12,1],[-20,-21]],[[328799,654837],[24,-11],[17,-23],[29,-47],[2,8],[-18,29],[-5,16],[-7,5],[-4,46],[-12,-16],[-15,-4],[-5,1],[-5,3],[7,20],[-1,24],[8,43],[4,47],[20,-12],[2,-27],[6,-36],[2,12],[5,12]],[[329201,655046],[-1,-23]],[[329132,654961],[-13,44],[-17,10],[-15,-32],[-7,24],[-9,-24],[-9,-45],[4,-2],[11,-47],[-19,-75],[-13,23],[0,-129],[-2,-30],[-12,-58],[-1,-70],[-5,-35],[-8,-30],[0,-62]],[[329017,654423],[-4,-2],[-9,-12],[-1,7],[1,-27],[1,-64],[1,-23],[-4,16],[-41,-3],[-26,2],[-1,16],[-9,13],[0,18],[1,6]],[[328858,654348],[-9,5],[-3,7],[-12,23],[-3,8],[-8,2],[-3,1]],[[328832,654515],[21,66],[-2,21],[2,27],[20,84],[5,5],[8,8],[1,4],[-3,3],[-18,13],[-6,10],[-3,-3],[-1,-16],[15,-24],[-3,-12],[-5,0],[-13,8],[-8,-4],[-4,-9],[2,-10],[-4,-37],[7,-1],[0,-10],[-4,-16],[6,-31],[-19,12],[6,17],[-12,2],[-17,39],[-9,1],[-7,-9],[4,21],[-2,12],[3,3],[7,-4],[13,58],[-9,75],[0,16],[-4,3]],[[328819,654635],[3,10],[-1,5],[-3,-8],[1,-7]],[[328110,674828],[-86,-38],[-16,50],[-65,-170],[-30,97],[-23,-30],[-81,220]],[[327809,674957],[4,7],[2,22],[-5,15],[-2,26],[9,60],[2,12],[13,63],[8,19],[4,101],[10,20],[-2,19],[-1,5],[-3,11],[8,71],[0,44],[-8,19],[-2,9],[1,44],[-4,33],[-13,32],[-3,11],[0,17],[1,25],[3,25],[0,0]],[[327831,675667],[10,-5],[9,15],[2,-11],[2,-5],[4,1],[0,44],[8,78],[-3,14],[-5,5],[-5,18],[-2,65],[-5,18],[-14,19],[-21,69],[-5,-4],[-8,20],[-3,265]],[[327795,676273],[-2,123],[-2,127]],[[326345,659261],[-3,-4],[0,-39],[-5,-161],[-3,-74],[-4,-89],[-1,-14],[-4,-50],[-1,-18],[-9,-108],[-2,-37],[-6,-131],[-2,1],[-3,0],[-2,-110],[3,-2],[0,-11],[0,-37],[1,-174],[-3,-83],[-1,-24]],[[326300,658096],[-3,-81],[-1,-44],[-3,-75]],[[326293,657896],[0,0],[-79,-4],[0,0],[-18,-1],[-6,-1],[-21,-1]],[[326169,657889],[0,87],[1,80],[-1,1],[0,33],[0,277],[0,65],[0,13]],[[326913,658891],[9,12],[6,14],[45,13]],[[326973,658930],[0,-26],[42,-144],[6,-20],[54,-187],[14,43],[16,54],[2,-7],[38,-206],[15,-79]],[[326817,658214],[-1,164],[8,54],[-2,119],[0,35],[8,64]],[[325298,650540],[9,-14],[0,-7],[16,15],[21,61],[14,39],[21,38],[1,-51],[-8,-10],[-11,-34],[1,-18],[-2,-15],[-5,-9],[-4,-38],[-11,-29],[-3,-17],[12,-9],[12,-5],[0,18],[11,-9],[6,29],[7,15],[9,3],[0,-38],[5,-12],[1,-76],[3,-17],[16,21],[2,33],[6,22],[14,14],[8,0]],[[325449,650440],[1,-297],[0,-18],[-1,-104],[2,-129]],[[325451,649892],[-3,-1],[-50,-41],[-6,-14],[-9,-18],[-29,36],[-5,2],[-11,3],[-23,-11],[-38,-26],[-7,-5],[-26,-18],[-35,-25],[-20,-14],[-3,-2],[-14,-13],[-5,-5],[-38,-36],[-8,-9],[-28,-35],[-38,-64],[-7,36],[-9,4],[0,13],[2,67],[5,42]],[[325631,654507],[7,1],[3,1],[8,0],[65,4]],[[325714,654513],[2,0],[18,1],[3,-38],[8,-5],[12,6],[1,-12],[6,5],[25,-21],[6,3],[15,-6],[-6,-6],[-1,-64],[21,71],[9,26],[6,-4],[0,31],[4,1],[5,11],[11,13],[19,5],[18,0],[0,-2],[30,3],[42,4],[20,1],[-1,7],[4,6],[2,2],[0,-4],[1,-10],[14,1],[1,0]],[[326057,654540],[1,-63],[-1,-2],[-1,-2],[2,-5],[0,-20],[0,-13],[0,-40],[1,-18],[0,-28],[1,-62],[0,-36],[0,-51],[1,-15],[0,-48],[0,-3],[0,-80],[1,-76],[-1,-20],[0,-6],[0,-89],[0,-11],[-1,-105]],[[326017,653743],[-42,-3],[-37,-3],[-53,-9],[-41,-4],[-12,-1],[-48,-5],[-135,-11],[-90,-4],[-138,-12]],[[326064,656216],[4,20],[13,10],[2,-30],[-17,-14],[0,2],[-1,5],[0,4],[-1,3]],[[325910,656460],[10,26],[5,28],[12,22]],[[325937,656536],[10,14],[1,-20],[10,-5],[-1,-12],[5,-1],[3,-23],[-5,-50],[1,-22],[6,7],[4,17],[2,-17],[17,-27],[5,-54],[-5,-24],[15,-3],[8,-28],[-2,-28],[9,36],[12,24],[4,26],[1,-9],[1,-31],[-3,-31],[1,-16],[8,3],[5,-5],[2,-13],[5,-8],[2,-20],[-4,-42],[14,0],[-1,-26],[-1,-43]],[[325932,656041],[-3,56],[0,5],[-3,44],[-11,-9],[8,53],[-6,18]],[[325917,656208],[2,25],[3,-2],[-5,76],[0,3],[-1,34],[-6,112]],[[325909,656216],[-1,0],[-1,1],[-2,1],[-1,1]],[[325904,656219],[-2,24],[4,10],[6,-4],[3,-9],[-2,-10],[1,-18],[-5,4]],[[326313,676564],[14,36],[11,15],[12,-1],[10,-15],[16,-11],[21,9],[6,-2],[16,-14],[10,1],[6,10],[9,33],[6,37],[8,21],[20,16],[9,12],[6,-2],[4,-11],[5,-51],[8,-24],[6,-2],[10,9],[3,17],[1,53],[2,29],[0,18],[-5,25],[2,35],[4,9],[10,8],[16,4],[8,-1],[11,-9],[10,-17],[8,-24],[12,-54],[8,-23],[9,-14],[5,-2],[16,12]],[[326646,676696],[2,-5]],[[326730,675298],[-184,-212],[-44,-46],[-18,-70]],[[326322,675236],[17,193],[-15,4],[-16,5],[9,97],[2,18],[3,32],[-30,23],[4,57],[9,73],[5,48],[13,133],[0,18],[7,-3],[1,6],[-3,3],[-4,2],[2,35],[34,-15],[21,350],[5,66],[-5,13],[-14,45],[-54,125]],[[326162,675549],[-12,62],[-13,48],[-5,36],[-2,33],[2,79]],[[326132,675807],[0,11],[-2,53],[-3,39],[-5,32],[-6,18],[-11,22],[-14,45],[-16,35],[-9,38],[-5,39],[-3,57],[-3,21],[-1,46],[1,14],[6,8],[14,20],[-3,16],[60,80],[25,78],[7,22],[18,55],[29,56],[44,86],[8,-7],[11,-32],[12,-34],[27,-61]],[[325893,672736],[10,-8],[2,0],[5,0],[4,2],[19,22],[-2,13],[4,6],[24,35],[113,159],[14,-79]],[[326086,672886],[31,-169],[27,-148],[27,-54],[109,-221],[5,-11],[12,-24],[-7,-15],[2,-26],[-5,-17]],[[326287,672201],[-11,6],[3,-45],[9,2],[-8,-13],[0,-19],[1,-13],[-5,-24],[-6,-11],[0,-28],[-15,-6],[6,-19],[-7,-27],[0,-21],[-6,-12],[-10,-3],[0,-10],[-5,6],[-4,-14],[6,-18],[-5,-7],[-8,-32],[6,5],[1,-10],[-5,-13],[4,-1],[-3,-30],[4,-4],[-3,-45],[15,-2],[2,-25],[-6,-1],[-4,-14],[7,-22],[-10,-25],[-6,-1],[-3,-17],[-6,13],[-10,-26],[0,11],[-13,18],[-7,-27],[-5,3],[-9,25],[-8,-5],[8,-7],[5,-41],[4,-16],[1,-19],[1,-13],[2,-4],[0,-19],[8,-81],[-5,-16],[-6,-22],[-8,-3],[-4,-10],[-5,2],[-2,-15],[-4,-1],[-3,-20],[2,-8],[6,0],[3,-15],[7,-1],[2,12],[13,6],[4,-46],[2,8],[3,2],[1,-23],[3,-5],[0,-35],[-4,-6],[-2,28],[-22,-9],[1,-12],[6,-6],[-3,-15],[8,-7],[1,-26],[-5,-14],[0,-11],[4,-3],[-6,-27]],[[323881,672333],[-17,3],[-18,-16]],[[326132,675807],[-65,49],[-60,52],[-26,16],[-105,86],[5,32],[0,28],[3,24],[-4,47],[-71,73],[-4,16],[0,68]],[[328883,670923],[-6,-9],[-18,-4],[-2,-1],[-2,-1],[-5,-41]],[[327078,667766],[9,26],[14,8],[21,-126],[4,4],[18,19],[8,-22],[21,7],[37,-14],[22,6],[36,-29],[23,83]],[[327355,667228],[-1,1],[-51,42],[-48,-61],[0,0],[-5,-8],[-1,0],[-48,-78],[-1,-1],[-2,-5]],[[326751,673873],[17,-37],[6,-2],[1,-51],[4,-34],[-3,-34],[-3,-18],[35,-70],[-9,-40],[47,-133],[-7,-18],[-2,-22],[6,1],[7,30],[-1,-27],[6,3],[5,16],[5,-17],[5,22],[11,-25],[-3,-36],[-10,1],[7,-11],[10,3],[2,-3],[-7,-24],[16,4],[8,-35],[-6,-19],[5,-15],[0,-15],[-4,3],[-3,-18],[-5,0],[1,-22],[-2,-16],[22,-47],[8,36],[13,-41],[6,-9],[1,-22],[3,-24],[8,0],[39,-100],[3,14],[5,-12],[-9,-34],[-1,-19],[4,-43],[5,-33],[18,-29],[11,-8],[11,5]],[[327037,672848],[-55,-168]],[[326632,673398],[35,139]],[[327629,659239],[-24,32],[-15,18],[-43,163],[-8,31]],[[327507,659602],[-18,71],[-51,192],[-7,25]],[[327206,662422],[-33,42],[-5,5],[-5,5],[-12,8],[-7,6],[-2,3],[-31,43],[0,-4],[0,-19],[-25,17]],[[327086,662528],[8,34],[12,47],[1,3],[9,32],[0,2]],[[328011,667417],[20,-15],[10,-20],[14,-53],[16,-26],[13,-25],[10,-25],[12,-44],[1,-3],[0,-1],[3,-5],[4,-8],[14,-12],[9,-4],[2,-1],[40,-10],[23,7],[22,14],[23,24],[14,18],[11,22],[9,4],[20,-13]],[[328301,667241],[6,-45],[1,-38]],[[328308,667158],[-85,-154],[-16,-30],[-36,34],[-33,31],[-16,-18],[-22,-24],[-1,0],[-6,-6],[-41,-36],[-7,7],[-13,28],[-2,12],[-22,-10],[-38,-116]],[[323895,661647],[42,-59],[-6,-38],[-3,-30],[-2,-15],[17,8],[12,12],[8,-14],[11,26],[6,30],[-2,-18],[0,-9],[1,-19],[5,31],[1,22],[12,60],[7,15],[0,32],[11,42],[5,-6],[14,5],[10,-2],[20,-33],[7,8],[4,23],[8,4],[6,-16],[8,-6],[10,6],[7,35],[3,-20],[4,24],[-1,26],[-5,23],[-1,40],[3,-17],[10,-7],[1,-55],[14,-17],[25,91]],[[324189,661796],[2,-24],[-3,-24],[-5,7],[-5,-5],[2,-23],[-1,-16],[-3,-6],[-11,-1],[-8,18],[-6,-5],[-11,2],[-5,-19],[-13,-7],[-4,-28],[0,-27],[-6,-16],[-5,-4],[-2,-16],[5,-18],[-4,-15],[-12,-16],[-2,-20],[-8,-20],[-5,-22],[-1,-21],[2,-16],[-15,-41],[-1,-33],[-5,-5],[-5,-29],[-8,-9],[-7,-28],[1,-17],[-2,-13],[5,-12],[-10,-24],[-11,-1],[-7,6],[-4,12],[2,33],[-11,19],[-10,9],[-10,-7],[-11,9],[7,-63],[-28,-139]],[[323950,661121],[-9,-2],[2,61],[11,26],[1,12],[-2,15],[0,44],[3,31],[4,13],[-29,-17],[-2,147],[-9,39],[-3,-8],[-14,-44],[-20,29],[-2,33],[6,29],[-4,28],[4,9],[0,32],[4,7],[4,42]],[[324786,666886],[110,-5],[25,-1]],[[325167,666861],[3,-54],[-2,-6],[-4,-10],[2,-9],[2,-12],[2,-28],[4,-12],[6,-105],[26,-474],[11,-192]],[[325217,665959],[-57,6],[-233,23]],[[325560,667758],[6,-79],[0,-2],[-28,-22],[-1,1],[-9,12],[0,-17],[-32,-21],[-45,-18]],[[325071,667976],[-8,102],[64,25],[-15,187],[4,-1],[9,-22],[8,-7],[6,-15],[10,-4],[-5,34],[-2,36],[-3,12],[14,7],[-6,82],[27,11],[-4,66],[34,18],[-10,136],[31,13],[-7,56],[-6,-2],[-3,67]],[[326592,673477],[-289,576],[-31,61]],[[326272,674114],[-20,39]],[[325638,651398],[-7,4],[-8,-37],[-3,-52],[-4,-17],[-1,-38],[-13,-32],[-1,-36],[-8,-38],[-4,-8],[0,-16],[-4,-8],[4,-26],[-13,-13],[-8,-10],[-2,10],[-4,-8],[-9,0],[-8,-14],[-1,-15],[-2,5],[-3,-3],[-2,20],[-3,-7],[-8,21],[-6,21],[-22,-19],[-7,5],[2,-13],[-4,-21],[2,-10],[-7,-24],[-8,4],[-12,-20],[-2,5]],[[325462,651008],[-4,6],[2,27],[-10,27],[-3,24]],[[323927,660550],[10,39],[10,5],[1,-17],[13,-5],[-2,48]],[[323874,659727],[3,7],[2,32],[-10,-13],[-4,33],[9,4],[68,27],[-4,15],[25,92],[-3,23],[-8,3],[-3,43],[0,50],[3,11],[-2,0],[1,149],[-17,-5],[-11,-11],[2,11],[6,5],[0,20],[6,1],[-5,59],[-7,21],[-3,45],[-7,-49],[1,-22],[-10,9],[-2,32],[-18,3],[-10,-32],[-4,45]],[[330364,654711],[3,24],[13,11],[15,28],[7,5],[0,14],[6,-4],[0,19],[2,-4],[2,-3],[-1,10],[-2,2],[0,8],[3,5],[1,5],[8,15],[9,10],[4,6],[2,13]],[[330436,654875],[23,25],[40,45],[17,20],[41,28],[33,46],[8,0],[11,0],[4,-1],[2,0],[15,21],[36,49],[16,23],[19,26],[10,14],[27,37],[5,9]],[[330834,654541],[-17,2],[7,-20],[-30,-4],[-2,50],[4,43],[-17,0],[-11,-6],[-3,0],[-19,13],[-9,-46],[-13,-69],[-11,-35],[-11,29],[-7,1],[-7,-18],[-8,1],[0,-17],[-23,-24],[-20,3],[-25,16],[-4,0],[-11,-1],[-17,-16],[-19,37],[-10,12],[-5,2],[-23,-20],[-6,-74],[-4,0],[-7,-8],[-2,-5],[-8,-12],[-4,-4],[-12,-31],[-81,-80]],[[330399,654260],[-19,242],[-18,206],[2,3]],[[327344,662979],[-6,-56],[-9,-52],[0,-5],[7,-47],[-10,-6],[-6,-4],[-4,-25],[-2,-14],[-3,0],[-48,2],[-2,0],[-12,1]],[[323776,658768],[-1,-250],[2,16],[26,-2],[8,9],[14,3],[6,-19],[-5,-4],[31,-146],[-23,-3],[-20,4],[-8,-2],[-12,17],[0,-21],[-6,-30],[-2,-16],[6,-25],[-5,-32],[1,-12],[7,-15],[1,-15],[-6,-18],[-6,23],[0,-10],[-10,-4],[0,-158]],[[327198,665861],[-4,13],[2,16],[-6,17],[-7,18],[-7,18],[3,4],[-2,6],[5,7],[1,-7],[11,18],[-1,6],[7,3],[9,4],[8,3],[8,-1],[3,0],[3,0],[2,1],[0,4],[4,-1],[1,-4],[2,4],[5,-9],[-1,-19],[8,-11],[2,-10],[6,-17],[1,-5]],[[329266,654238],[13,-20],[-6,-76],[18,20],[17,25],[6,11]],[[329314,654198],[-16,-77],[-10,-17],[-11,-62],[-3,-40],[2,-5]],[[329276,653997],[-3,-1],[0,-24],[1,-39],[9,-15],[-1,-54],[-9,-18],[-17,25],[-21,29],[-6,10],[-7,-27],[-6,-58],[-2,-30]],[[329214,653795],[-26,-8],[-2,39],[-17,-5],[-1,-16],[-22,58],[7,53],[14,100],[16,-3],[7,9],[2,30],[-3,9],[2,19],[4,8],[3,29],[5,11],[18,-38],[20,105],[10,53],[13,-19],[2,9]],[[323172,666944],[7,11],[13,-12],[3,17],[28,-42],[39,18],[20,2],[4,-11],[10,2],[6,-12],[11,5],[-6,-28],[-2,-29],[-1,-67],[-4,-36],[4,-21],[6,0],[-8,-13],[-4,-18],[-2,-46],[5,-18],[6,-10],[1,-26],[-6,-43],[-34,18],[-41,1],[-12,-51],[-15,-15],[-3,26],[-3,-7]],[[323194,666539],[-21,382],[-1,23]],[[324931,654621],[9,-53],[-1,-45],[-3,-23],[-6,-11],[-4,-74],[6,0],[4,-8],[3,-16]],[[326610,670546],[32,186]],[[326999,670290],[-26,-205],[-2,-13],[-30,-233],[-38,-297]],[[326820,669604],[-120,86],[-199,143]],[[325694,651333],[4,-20],[-2,-24],[5,-16],[-1,-14],[12,-3],[9,-19],[11,-11],[4,12],[5,8],[12,12]],[[325753,651258],[1,-19],[6,-3],[4,12],[6,-15]],[[325808,651281],[7,15],[8,4],[3,-2],[14,-28],[2,-3]],[[325842,651267],[7,8],[10,-8],[6,-24],[4,-15],[-16,-160],[-20,-216],[-1,-7],[-14,-144],[-8,-85],[-28,-298],[4,19],[6,-24],[-7,9],[-5,-28],[-2,-23],[7,7],[12,-9],[5,15],[5,-1],[4,16],[5,2],[-1,-17],[6,-6],[6,11],[6,-21]],[[325833,650268],[-31,-11],[-23,-21],[-5,-5],[-23,-27],[-16,-35],[-14,2],[-27,-29],[-72,-76],[-42,-45],[-9,-7],[-17,-14],[-16,-47],[-11,-31],[-33,-37],[-6,2],[-9,3],[-11,6],[-17,-4]],[[325449,650440],[-1,91],[0,12],[0,32],[-1,96],[7,-5],[1,-16],[3,4],[0,54],[12,31],[1,39],[-4,17],[-7,8],[-4,18],[-1,24],[-5,13],[3,20],[0,17],[10,54],[1,33],[-2,26]],[[325266,652985],[89,14],[316,8],[16,0],[2,1],[28,25],[122,-1],[186,13]],[[326082,651984],[-9,-61],[-4,-24],[-83,80],[-92,89],[-17,19],[-15,15],[-19,18],[3,12],[-8,23],[-2,16],[0,43],[-4,28],[0,35],[2,35],[-5,22],[0,21],[-4,14],[-2,27],[22,20],[-9,103],[2,21],[1,4],[-13,-9],[-4,-17],[-5,28],[-3,17],[-25,42],[-3,43],[-4,15],[3,11],[-8,26],[-3,27],[-1,44],[-4,2],[-46,-172],[-6,-25]],[[325717,652576],[-54,-23],[-6,-2],[-65,-27]],[[323406,667582],[133,732]],[[323888,668271],[8,-15],[11,0],[-2,-12],[-23,-141],[41,-36],[-3,-185],[23,-12],[8,-13],[12,-35],[0,-8]],[[323875,667197],[-164,23],[-24,-133],[-32,16],[-36,17],[-71,46],[-16,331],[-2,45],[-1,16],[-123,24]],[[323572,660257],[6,6]],[[326314,657123],[-3,3],[5,-28],[7,-8],[-2,-20],[-3,14],[-4,4],[-2,-3],[2,-5],[0,-14],[-1,-17],[3,-14],[-2,-6],[-3,52],[-8,33],[-11,-1],[-5,-14],[-5,15],[0,-2],[-2,18],[7,-2],[9,24],[-18,36]],[[323995,669978],[-177,-68],[-3,-16],[-7,4],[31,-528]],[[328572,664317],[6,21],[2,-4],[0,-9],[0,-5],[-2,-8],[1,-7],[0,-5],[-1,-3],[-1,-1],[0,-3],[-4,5],[-3,6],[2,13]],[[328386,664145],[5,7],[3,-4],[-1,-15],[-4,-7],[-3,6],[0,13]],[[328289,664612],[42,22]],[[328331,664634],[85,34],[75,13],[11,2]],[[328596,664365],[-25,-5],[-19,-4],[-4,35],[-14,12],[-5,15],[-10,-24],[-12,-12],[-27,-25],[-9,-9],[-5,-4],[-4,-21],[-16,-82],[-26,-24],[-16,-3],[-32,43],[-2,3],[-5,3],[-5,4],[-5,5],[-1,0]],[[328354,664272],[-2,55],[-1,3],[-39,129],[-9,45]],[[324519,660549],[3,-57],[1,-17],[3,-85],[1,-25],[5,-99],[20,-434]],[[324552,659832],[4,-94],[-34,-15]],[[325140,658771],[58,71],[7,-41],[37,44]],[[325242,658845],[15,18],[48,-3],[7,-1],[20,-217],[25,18],[54,39],[16,11],[8,6],[3,2],[69,49],[47,34],[0,21],[12,8],[5,4],[6,4]],[[325577,658838],[6,-7],[-2,-19],[3,-14],[-9,-28],[-1,-27],[-10,-5],[8,-45],[7,-14],[-2,-18],[-8,-24],[2,-11],[-5,2],[-6,16],[2,22],[-8,9],[1,-114],[0,-43],[32,22],[18,-54],[-5,-157],[-2,-130],[4,-264],[1,-110]],[[325466,657813],[-28,-2],[-65,-6],[-1,0],[-33,-3],[-103,-19]],[[325236,657783],[-5,180],[-12,1]],[[324961,662296],[5,11],[169,419]],[[325178,662401],[-20,11],[20,-250]],[[324908,661432],[-19,145],[10,12],[13,16],[-7,56],[13,13],[-11,91],[-42,-17]],[[325581,661486],[6,77],[1,15],[2,21],[27,346]],[[325617,661945],[131,-75],[12,-40],[5,-16],[12,-37]],[[325915,661257],[-33,-13],[-49,-18],[-83,-31],[-3,-41],[-9,-10],[0,-20],[-1,-6],[-1,-16],[-15,-27],[0,-25],[-37,-47],[-12,-16],[-36,-46]],[[325723,659621],[11,-46],[32,-138],[70,-292],[10,9],[11,-34],[8,0],[11,-12]],[[325876,659021],[-10,-19],[-10,-9],[-7,-6],[-6,9],[-62,-81],[-1,-1]],[[325569,659444],[-2,45],[-4,80],[7,22]],[[325716,660332],[72,50],[13,-11],[28,-24],[13,-11],[14,-11]],[[325721,659720],[5,6],[-1,3],[-21,68],[3,14],[6,3],[1,1],[7,3],[17,8],[-20,455],[0,9]],[[325577,658838],[28,19],[1,38]],[[324635,658535],[78,66],[70,58],[16,13],[10,9],[11,9],[49,42],[13,10],[13,11]],[[324895,658753],[6,5],[19,15],[18,15],[3,-43],[10,-208],[29,36],[1,1]],[[324973,657972],[-21,1],[-32,3],[-61,6],[-1,0],[-24,2]],[[324728,657995],[-75,7],[-18,0]],[[325413,662202],[-36,-44],[-19,-144],[-11,-293],[-1,-17],[-1,-188]],[[325345,661516],[-5,0],[-21,29],[3,-16],[-5,-44],[20,-10],[-5,-58],[-6,13],[-15,13],[-1,0],[-14,83],[-11,81],[-9,60],[-8,-19],[-1,-20],[-1,1],[-13,-14],[-17,-41],[-9,-20]],[[325142,659378],[52,88],[36,58],[44,74],[3,5],[9,14],[14,24],[37,60],[29,48],[25,42],[16,26],[11,-38],[21,50],[-1,38],[32,55]],[[325470,659922],[3,-41],[9,-124]],[[325242,658845],[-24,151],[-25,154],[-6,-32],[-12,-20],[-18,6],[0,11],[-5,44],[-2,49],[-8,-10],[-7,168],[7,12]],[[325247,660798],[7,-8],[6,-15],[10,0],[-2,15],[2,21],[0,20],[-3,-1],[3,38],[11,2],[9,8],[4,0],[20,3],[20,2],[6,29],[12,-6],[8,16],[0,14],[3,18],[0,0]],[[325440,660465],[-37,-61],[-51,-84],[-42,-69]],[[325261,660523],[-4,55],[-7,-2],[0,2],[0,15],[-1,14],[0,19],[-6,22],[0,-2],[-1,6],[-1,5],[3,25],[-10,9]],[[325144,661363],[1,-3],[10,-33],[12,-86],[10,3],[5,-1],[0,-3],[-2,-9],[5,-17],[0,-53],[-5,-33],[7,-45],[9,-8],[0,19],[1,-1],[3,6],[0,-14],[12,-5],[0,-16],[9,1],[5,-10],[-4,-6],[-5,-23],[-1,-23],[-5,-6],[3,-15],[6,4],[-1,38],[2,10],[9,-2],[3,-19],[0,28],[-2,21],[5,56],[0,22],[-3,27],[5,3],[5,-36],[12,16],[3,-20],[5,8],[1,-1],[15,-7],[2,35],[3,2],[-3,25],[-6,21],[1,5],[4,-19],[2,4],[3,3],[-2,13],[1,4],[11,-12],[14,16],[3,-1],[1,-1],[2,14],[-6,37],[1,8],[-1,31],[-1,13],[14,23],[6,-15],[2,-3],[2,-13]],[[325234,660854],[2,6],[1,18],[-5,-1],[-1,24],[-4,-2],[0,13],[-2,-2],[-3,-18],[-5,6],[-6,9],[-7,20],[3,15],[0,32],[0,19],[1,6],[-16,36],[-5,45],[-3,6],[-8,-9],[-8,4],[3,27],[1,38],[-10,-15],[-2,1],[-1,28],[-27,12],[2,36],[2,-2],[6,1],[2,29],[-17,15],[-11,-2],[-7,34]],[[325215,660722],[-2,1],[-4,3],[-6,3],[-4,0],[-4,0],[-4,-6],[0,6],[-7,-1],[-4,1],[-1,1],[-4,-3],[-3,10],[-3,2]],[[324973,660970],[-1,2],[-4,36],[-23,-3],[-47,-8],[-162,-25]],[[324736,660972],[-21,341],[-32,-3],[-20,-1],[-17,-2]],[[326772,663224],[7,23],[3,-9],[15,4],[6,14],[6,-14],[8,5],[5,-17],[11,27],[5,-13],[-6,-21],[4,-12],[5,22],[8,-12],[1,-18],[9,-2],[4,-5],[26,-6],[1,12],[3,-14]],[[326893,663188],[-2,-9],[-7,-40],[4,-5],[-7,-36],[2,-22],[6,7],[9,-24],[-2,-22],[-8,-5],[0,-26],[6,-10],[-15,-36],[-6,3]],[[326411,660467],[9,-2],[7,-27],[1,-4],[5,-13],[0,-53],[2,-21],[9,-26],[2,-37],[1,-9],[-5,-35],[3,-1],[22,-38],[-5,-6],[20,-58],[0,-21],[10,-12],[7,31],[7,-13],[4,-50],[7,-8],[18,-22],[-13,-105],[-1,-8]],[[326521,659929],[-2,-1],[-23,-16],[-36,-25],[4,-68],[2,-45]],[[326769,663863],[16,66],[9,21],[2,56],[15,46],[12,29],[5,38],[3,8],[-21,69],[-2,-3],[-11,12],[-4,20],[0,19],[4,-8],[3,2],[2,4],[3,0],[-1,4],[2,19],[-14,30],[0,3],[1,2],[6,41],[9,23],[3,2],[1,5],[25,15],[4,7],[3,-6],[2,-3],[-3,-22],[-1,-56],[18,-17],[5,13],[1,15],[-1,42],[4,5],[9,6],[-14,8],[-1,13],[5,20],[23,72],[13,45],[10,23],[7,0],[5,-6],[41,-67],[-8,13],[-2,26],[4,31]],[[327059,664377],[-1,-2],[-11,-30],[0,-30],[2,-35],[-2,0],[-2,-28],[-7,-12],[-2,1],[2,-7],[20,-56],[8,-20],[-8,-17],[5,-19],[-2,-40],[-5,-7],[7,-16],[13,-8],[2,-10]],[[327078,664041],[-20,-122],[-2,-12],[-11,-63],[-7,-42],[-6,7],[-6,6],[-8,-56],[-11,-76],[-12,-87]],[[326995,663596],[-5,27],[-11,33],[-6,61],[-8,-22],[-10,43],[7,12],[1,7],[4,1],[-2,5],[0,1],[-3,-10],[-22,62],[-2,6],[-7,-19],[-7,-18],[-11,17],[-18,1],[-5,3],[-36,25],[-3,2],[-16,-12],[-19,-20],[-41,-43],[-4,-3],[-6,5],[-2,2]],[[324004,669040],[4,14],[16,8],[22,-9],[13,9],[1,118],[4,0],[2,350],[1,96],[4,250]],[[324095,668920],[-10,1],[0,-18],[-6,-9],[1,-28],[-4,-6],[-1,23],[-7,5],[-3,-20],[3,-42],[-5,-2],[-2,-24],[-5,-23],[-7,1],[-17,-27],[-5,-23],[-5,-3],[-4,25],[-9,25]],[[326793,664840],[6,-78],[1,-13],[-11,-50],[-39,-171],[-22,-96],[-5,-25],[-24,-105],[-16,-71]],[[326510,664104],[-7,95],[-20,258],[-1,2],[-1,2],[-1,5],[0,4],[2,3],[-1,13],[-1,5],[-7,93],[-6,102],[-10,124]],[[326457,664810],[4,9],[19,19],[4,19],[14,26],[2,-16],[0,-5],[6,7],[20,28],[-2,2],[-8,24],[3,3],[17,-1],[-1,23],[2,34],[44,-36],[0,2],[3,10],[14,33]],[[327361,667223],[3,-56],[0,-50],[0,-6],[9,-27],[4,0],[-5,-16],[12,-58],[13,-33],[20,-48],[3,-11],[9,-54],[-2,-2],[5,-30],[2,-38],[6,-36],[4,-9],[8,-23],[5,-12],[2,2],[0,-4],[0,-14]],[[327459,666698],[-6,-5],[-6,-12],[-23,-57],[-8,-29],[-4,-4],[-7,-8],[-13,2],[-3,8],[-8,15],[-8,25],[-13,18],[-21,2],[-5,7],[-6,18],[-6,31],[-6,11],[-5,-1],[-5,-15],[0,-24],[5,-56],[-2,-60]],[[327459,666698],[19,17],[14,-6],[8,-10],[7,-16],[1,-1],[14,-35],[14,-30],[11,-29],[17,-49],[7,-12],[13,-5]],[[327377,666267],[-11,35],[-6,20],[-5,13]],[[323736,666107],[246,-23]],[[324252,664999],[-70,-31]],[[324182,664968],[-3,14],[-7,13],[-2,9],[-10,-39],[-25,1],[-2,0],[0,-17],[-12,-11],[-12,16],[-7,4],[-14,-8],[-11,-27],[-10,-8],[-9,9],[1,28],[-1,6],[-11,4],[-7,-1],[-11,-9],[-2,-5],[-15,1],[-3,-5],[-2,39],[4,14],[-5,2],[-7,-12],[22,166],[9,22],[-2,16],[-7,5],[-28,-14],[-77,-38]],[[323916,665143],[-14,276],[-39,-11],[-5,88],[-43,-15],[-3,87],[-42,-8]],[[323770,665560],[-34,547]],[[323336,666152],[266,-30],[125,-15],[9,0]],[[323770,665560],[-42,-15],[7,-128],[-38,-19],[4,-62],[3,-58],[-31,-20],[4,-86],[-34,-8],[5,-93],[-32,-15],[8,-160],[2,-34],[-4,-2],[-140,-62]],[[323482,664798],[-38,349]],[[326174,665269],[1,0],[12,-8],[11,1],[20,22],[9,90],[15,-104],[47,86],[7,13],[-4,17],[11,4],[-1,13],[17,7],[6,10],[3,5],[-3,40],[-11,37],[-3,-4],[3,5],[6,3],[10,4],[-1,28],[-4,91],[-5,38],[-2,16],[-4,1],[-2,21],[-12,-9],[-3,50],[-8,-3],[-5,18],[15,46],[-4,56]],[[326567,665838],[-14,-60],[4,-6],[0,-5],[-1,-1],[-1,-7],[0,-2],[-1,-4],[0,-22],[-3,-17],[-12,-57],[3,-28],[4,-30],[10,-139],[6,-23],[6,60],[10,-31],[-8,-57]],[[326533,665260],[-14,7],[-12,-7],[-16,-6],[-8,13],[-6,33],[-3,-2],[-2,-3],[-5,-5],[3,-24],[9,-47],[-2,-6],[-12,21],[-4,19],[-18,5],[-7,-10],[-1,17],[-16,51]],[[326419,665316],[-14,-25],[-51,-92],[-60,-109],[-22,-40],[-44,-79],[-44,-80]],[[325217,665959],[101,-11]],[[325318,665948],[-5,-417],[-4,-327]],[[325309,665204],[1,-88]],[[325792,664134],[13,14],[13,2],[1,5],[-4,54],[3,33],[7,26],[2,17],[6,10],[-14,24],[-4,41],[-5,3],[-6,33],[4,2],[5,22],[11,13],[-1,17],[2,19]],[[326128,664331],[-29,-59],[-7,-52],[-15,-42],[-14,-28],[-2,-13],[-10,-10],[-19,-18],[11,-85]],[[326043,664024],[-53,36],[-50,33]],[[324225,652594],[2,-17],[17,-40],[15,-2],[3,14],[4,-8],[-2,-17],[-8,-21],[2,-20],[5,5],[8,-6],[2,-22],[-4,-18],[-13,36],[-2,27],[-8,27],[-7,-1],[-17,23],[-7,23],[-11,-21]],[[326043,664024],[15,-172],[1,-8],[7,-85],[3,-4],[2,-2]],[[326029,663130],[-17,-223]],[[324211,664841],[6,-6],[33,2],[0,-72],[-3,-28],[-2,-34],[5,-14],[4,-90],[-5,-12],[6,-6],[2,-71],[10,-36],[8,28],[20,53],[10,-1],[8,-28],[18,-26],[7,-20],[13,-1],[3,5],[7,1],[9,-9],[0,15],[0,26],[-1,24],[12,7],[0,15],[7,7],[0,-2],[0,-10],[-3,-19],[3,-11],[8,0],[0,33],[-4,0],[0,8],[0,79],[20,1],[0,-7],[1,-2],[7,4],[3,-24],[7,-13],[2,-2],[10,6],[29,-84],[11,-28]],[[324359,663471],[0,37],[5,5],[-6,10],[0,17],[-4,33],[-4,9],[3,16],[1,24],[-5,40],[-5,10],[-5,33],[-8,15],[-3,21],[4,21],[-5,9],[5,28],[-11,106],[-4,31],[-56,270],[-28,131],[-13,63],[16,37],[-10,369],[0,14],[-12,9],[-3,12]],[[325103,663693],[-17,0],[-6,38],[-23,13],[-13,-31],[-11,6],[-62,-168],[-78,-210],[-31,81]],[[325318,665948],[5,0],[78,-8],[48,-4]],[[325443,665055],[-134,149]],[[325717,652576],[-5,-21],[2,-14],[-2,-12],[3,-11],[0,-42],[2,-9],[-7,-52],[2,-26],[8,-14],[2,-38],[-6,-11],[-3,6],[-7,-8],[-6,-29],[-9,-20],[2,-16],[11,19],[5,-1],[15,19],[2,10],[6,-31],[1,-45],[-5,-35],[4,-13],[-5,-51],[0,-37],[-4,-18],[-5,-37],[-2,-36],[-45,20],[-5,-1],[3,-13],[-1,-7],[0,-23],[4,-74],[-3,-45],[21,21],[18,-6],[8,-8],[-2,-14],[-17,-12]],[[325805,676298],[-19,-1],[-4,7],[-61,-159],[-197,-518]],[[324902,674054],[-145,-99],[11,-52],[4,-28],[5,-15],[4,-49],[5,-75],[-35,41],[-15,25],[-17,43],[4,19],[-4,28],[-4,19],[-7,11],[-10,-8],[11,-17],[5,-22],[-1,-16],[-9,24],[-6,11],[-10,14],[-5,-4],[-114,-77]],[[325250,655929],[1,-88]],[[324804,673243],[11,-89],[12,6],[1,51],[19,-2],[12,-46],[31,-44],[0,-49]],[[324849,672656],[-14,-9],[-15,37],[-6,0],[-7,17],[-5,-3],[2,-16],[-12,17],[-18,-5],[2,46],[0,46],[2,12],[11,19],[11,42],[15,-34],[9,47],[-3,52],[5,40],[-8,98],[-6,-3],[-6,-15],[-36,71],[-2,11],[1,11],[8,-5],[-3,30],[19,13],[-6,38],[8,24],[9,6]],[[326421,655125],[1,-18],[-7,-34],[-2,5],[-6,6],[0,-6],[-5,3],[0,7],[-2,2],[5,53],[-2,1],[2,27],[-2,21],[-9,2],[-18,1],[-8,0],[-8,25],[-1,15],[6,3],[3,5],[0,8],[-3,7],[-2,13],[2,14],[-11,3],[-6,-6]],[[324607,668415],[6,-63],[-5,-21],[0,-24],[7,-6],[7,-154],[7,-139],[13,-227]],[[324187,667824],[-10,189],[-23,4],[-22,369],[13,8],[-1,37],[53,2],[19,11],[2,7]],[[323075,664639],[-1,13],[-2,8],[2,5],[17,70]],[[323482,664798],[8,-163]],[[326086,672886],[188,716],[29,129],[-2,13],[2,20],[-1,41],[4,8],[-6,14],[-12,20],[-23,17],[-14,54],[-9,57],[3,66],[4,20],[5,9],[18,44]],[[326318,672215],[-6,13],[-4,-13],[-4,-14],[-17,0]],[[326192,657026],[5,-50],[0,-5],[15,-158],[5,-70],[2,-15],[9,-27],[-6,-7],[13,-147],[11,-119],[21,-224]],[[325937,656536],[1,15],[-11,30],[-2,16],[-3,59],[-3,32],[-6,26],[-5,6],[-9,38],[-7,14],[-8,143]],[[323071,667654],[54,-12],[8,-1]],[[323133,667641],[37,-660],[2,-37]],[[323194,666539],[20,-373]],[[323191,668441],[-2,-92],[8,-2],[-4,-24],[0,-30],[-7,-65],[-4,-23],[5,-5],[33,-28],[8,-21],[-5,-23],[-1,-26],[20,34],[4,12],[9,4],[14,-2],[14,-106],[-2,-33],[0,-88],[-13,10],[-4,-23],[0,-21],[8,-35],[2,-20],[-2,-13],[3,-43],[11,-25],[5,-33],[3,-7],[5,-36],[-7,-19],[-9,-7],[-5,-27],[2,-15]],[[323280,667609],[-147,32]],[[327041,661621],[5,-2],[6,10]],[[327103,661696],[2,-1],[7,16],[7,-4],[4,-4],[-2,-17],[-3,-14],[6,-4],[5,-8],[3,7],[13,-7],[2,3],[0,10],[1,4],[14,-2],[1,-7]],[[327121,660990],[1,33],[-6,22],[-8,3],[-1,-21],[-3,-1],[-15,30],[-5,-1],[-7,12],[-3,55],[-5,33]],[[327222,657836],[5,-96],[2,-39],[86,-46],[16,-9],[60,-32],[6,-3],[4,-2]],[[327401,657609],[-77,-305]],[[327324,657304],[-1,-5],[-56,-203],[0,-1],[-34,-124],[-1,-3],[-11,-29],[-19,-52],[-89,-240]],[[327113,656647],[-45,-22]],[[327401,657609],[43,-28],[26,-17],[-14,171],[42,-64],[7,-7],[32,-26]],[[327537,657638],[7,-124],[2,-27]],[[327578,656352],[-6,1],[-7,16],[-2,25],[5,23],[7,6],[-8,23],[10,20],[2,-14],[5,13],[-8,29],[-3,25],[0,23],[-9,35],[-17,-1],[-4,-39],[-9,12],[-18,15],[-4,20],[-10,7],[0,3],[3,5],[2,6],[-28,130],[-12,55],[-19,88],[-20,92],[-2,7],[11,46],[9,38],[3,47],[6,51],[9,57],[0,5],[-60,14],[-2,14],[-14,12],[-1,32],[-5,9],[-9,-9],[-5,-15],[-7,-3],[1,-14],[-11,-9],[-3,20],[-12,23],[-2,19],[-10,-10]],[[327956,655253],[79,36]],[[328400,654903],[-4,18],[-21,-69],[-2,-82],[5,-29],[-23,-49],[-2,-99],[6,-24],[-5,-19],[-5,-28],[-3,-3],[-9,-213]],[[328132,654190],[-17,185],[-49,516],[-56,-26],[-8,65]],[[326781,656564],[1,-43],[2,-118],[3,-175],[1,-68],[6,-346],[1,-69],[1,-49],[4,-208],[2,-128],[1,-66],[-1,-23],[1,-16],[1,-7],[1,-79],[2,-107]],[[326807,655062],[-74,7]],[[326728,655077],[-31,51],[-5,24],[1,49],[-3,18],[-6,46],[-5,26],[-6,3],[-11,18],[-5,23],[0,15]],[[326807,655062],[28,-1],[11,4],[14,5],[22,7],[13,4],[11,4],[22,7],[11,3],[42,14],[42,14],[39,13],[70,23],[-2,26],[-1,26],[-15,337]],[[327114,655548],[35,-5],[14,-28],[7,-20],[13,-261],[0,-3],[56,2]],[[327135,654660],[-3,-33],[-13,-84],[0,-27],[-13,-82],[-2,-24],[-14,-131],[-16,-144],[0,-30],[-6,-27]],[[327068,654078],[-44,200],[-7,33]],[[327017,654311],[-3,14],[-2,6],[-59,253],[-21,91],[-8,35],[-21,89],[-14,22],[-15,24],[-42,67]],[[327377,655986],[4,41],[2,26],[2,3],[2,2],[3,2],[-2,37],[2,53],[4,37],[1,3],[10,10],[19,7],[-2,-5],[7,0],[10,1],[11,1],[7,1],[19,1],[12,-33],[38,-74],[7,-13],[8,-14],[19,-37]],[[327691,655804],[-11,-31],[-80,-225]],[[327343,655250],[0,52],[6,50],[-4,47],[0,40],[2,12],[10,30],[8,32],[-1,16],[-5,19],[-3,22],[-2,46],[-5,30],[7,28],[3,28],[15,23],[4,39]],[[327135,656281],[-13,203],[-6,100],[-3,63]],[[327344,653956],[1,8],[14,141]],[[327359,654105],[27,-1],[3,19],[4,-11],[-3,17],[4,2],[2,-22],[12,-6],[1,18],[6,14],[-2,36],[2,15],[-5,6],[7,36],[1,18],[-2,24],[2,22],[-2,10],[1,44],[-7,20],[4,26],[-3,18],[11,-1],[4,21],[-3,47],[4,9],[8,-9],[5,19],[4,-3],[1,55],[3,-10]],[[327611,652683],[3,-25],[2,-32],[7,-92],[-1,-34],[-4,-34],[2,-44],[-4,-24],[6,-86],[2,-31],[7,-71],[-11,-18],[10,-58],[12,-27],[0,-15],[7,-10],[-1,-10],[6,-20],[-2,-17],[-6,-29],[0,-14],[-4,-17],[6,-11],[-3,13],[16,7],[8,14],[-1,21],[6,10],[6,-2],[6,20],[3,-49],[16,10],[-2,-14]],[[327703,651994],[-49,-36],[-4,-19],[-5,-32],[-41,-63],[-9,-80],[15,-63],[-6,-60],[-9,-6],[-9,110],[0,4],[0,52],[1,25],[-24,60],[-30,39],[-32,28]],[[327445,651956],[-20,-52],[-13,-6],[-18,-9],[-11,-5],[-22,-28],[-6,-42],[-15,11]],[[327284,653062],[1,7],[9,246],[0,9],[4,33],[3,26],[-3,12],[0,23],[4,29],[24,286],[18,216],[0,4],[0,3]],[[323846,672320],[-1,-30],[-1,-38],[-3,-25],[-14,-6],[-10,-16],[-10,20],[4,-78],[12,-45],[9,-17],[3,-55],[7,-12],[7,-41],[-1,-21],[11,-44],[-11,1],[-19,-5],[-12,9],[-8,-4],[-1,-11],[-9,-9],[-16,-1],[-4,8],[4,-27],[-8,-3],[-7,-21],[-6,-45],[-9,-6],[-10,13],[-12,-1],[-7,5],[-6,12],[-10,10],[-3,10],[-4,-52],[4,-29],[7,-26],[7,-43],[-4,-21],[-15,13],[-17,58]],[[327136,677274],[-42,-156],[1,-5],[-1,-14],[-2,-1],[-3,1],[-91,-341],[-26,32],[-7,5],[18,59],[7,38],[-5,65],[-5,-10],[-13,19],[-6,2],[-10,20],[-3,-8],[5,-33],[-1,-31],[-7,-26],[-2,-36],[12,-49],[-3,-18],[-6,-8],[-6,3],[-7,-21],[-9,22],[-9,-4],[-9,12],[-8,-10],[-5,8]],[[327418,668271],[-1,-119],[-2,-1],[-31,-16],[-3,-7],[-8,-25],[-48,-175]],[[327302,667792],[-16,34],[-1,23],[-13,46],[-8,20],[-10,47],[-9,21],[8,52],[9,31],[-15,50],[-18,-24],[-8,58],[-3,3],[8,4],[2,11]],[[327671,669751],[130,-82],[44,-26],[-2,-10],[33,-54],[7,27],[9,-10],[2,8],[27,-4]],[[327969,668251],[4,-82]],[[327973,668169],[-110,30],[-77,-27],[-3,222],[-12,304],[-4,152],[-5,1],[-8,2],[-7,-43],[-12,-4],[-4,5],[4,47],[-12,4]],[[327723,668862],[-3,9],[-18,8],[-6,-8],[-1,-1],[-11,3],[-46,5],[-197,2]],[[327748,678596],[-5,-5],[-4,7],[-9,1],[-9,29],[-10,6],[-2,-29],[-3,-14],[-6,-13],[-10,-5],[-13,-17],[-10,-1],[-16,10],[-8,-6],[-14,1],[-6,10],[-17,53],[-8,43],[-6,12],[-15,10],[-4,8],[-10,-1],[-9,-11],[-14,-39],[-8,-13],[-3,-15],[-4,-2],[-11,7],[-12,27],[-1,42],[-8,8],[-10,-8],[-10,-20],[-8,-11]],[[328301,669415],[-11,-42],[-84,44],[-11,6],[-25,14],[-46,-20],[-2,-2]],[[327836,671256],[-11,-176],[-10,-150],[-1,-6],[-8,-110],[-7,-127],[-26,-371]],[[328425,668996],[-4,-14],[0,-18],[3,-10],[4,-14],[-1,-5],[-5,-31],[-12,-48],[-11,-5],[-4,-12],[-11,-43]],[[327741,673717],[1,2]],[[328008,672620],[-22,-89],[-17,-73],[-22,-91],[-9,-38]],[[327938,672329],[-14,-71],[-22,-90],[-32,-136]],[[327545,672735],[-37,79],[-13,33]],[[327655,677216],[11,-11],[-5,-29],[4,-24],[-2,-19],[11,-9],[8,-28],[9,-21],[-4,-35],[-9,-36],[-5,-4],[17,-5],[5,7],[11,-64],[26,-70],[-5,-21],[8,-14],[1,-38],[8,-6],[11,-25],[2,-24],[-3,-44],[0,-20],[-6,-21],[-11,-13],[1,22],[-6,1],[-8,-17],[-10,3],[-7,-12],[-5,20],[-6,-21],[-7,1],[-14,29],[-1,-9],[2,-17],[8,-14],[29,-15],[-1,-11],[8,-3],[-1,33],[7,1],[-2,-10],[3,-19],[0,-22],[-11,-9],[-7,9],[-11,-4],[-3,8],[-16,-4],[-11,14],[4,11],[-9,6],[-2,20],[-11,-7],[-10,23],[-2,-11],[-10,27],[1,-16],[-5,1],[1,-12],[6,3],[9,-15],[1,-34],[7,-14],[26,-11],[-37,-135],[8,-195],[37,-6],[18,5],[3,35],[7,2],[4,17],[4,-4],[-3,-32],[-9,-11],[8,-15],[3,12],[11,-20],[12,9],[5,23],[18,14],[11,-1],[21,8]],[[327831,675667],[-22,-64],[-93,-330]],[[327716,675273],[-49,-181]],[[327667,675092],[-14,41],[-5,-7],[-14,37],[3,17],[0,30],[4,10],[-3,19],[2,29],[2,89],[4,-12],[-2,47],[1,35],[-1,42],[2,12],[-1,25],[-7,18],[4,33],[-6,15],[-6,3],[-10,53],[-4,7],[16,-128],[1,-29],[-6,-79],[-1,-22],[-4,-163],[2,-16],[8,-29],[-2,-9],[-7,26],[-27,350],[-20,-58],[-6,57],[-19,-59],[-12,40],[-21,-46],[-14,36],[-53,-240],[-15,70],[-11,-62],[-12,51],[-16,-56],[-14,62],[-15,-64]],[[327318,676037],[6,27],[61,214],[68,232],[56,198]],[[327291,664133],[4,-72],[6,-79],[2,-34],[4,-55],[-4,-6]],[[327187,663703],[-1,1],[-23,73],[-47,147],[-7,14],[-8,32],[-7,13],[-16,58]],[[327915,663016],[0,-1],[-7,-192],[4,-32],[23,11],[2,-13],[-17,-44],[2,-5],[13,-49],[11,18],[9,-8],[12,-10],[16,-13],[0,-1],[15,-28],[1,-24],[1,-15],[15,-21],[-9,-45],[-14,3],[-2,1],[0,0],[-9,28],[-14,40],[-1,4],[-4,10],[-25,-34],[0,-41],[-22,10],[-4,1],[-1,16],[-2,69],[0,5],[2,23],[0,5],[1,11],[1,6],[2,22],[-13,81],[-1,10],[-1,31],[-1,21],[6,117],[0,3],[0,19]],[[327823,664684],[31,66],[38,55],[31,38],[4,-9],[0,0]],[[327955,664589],[43,-215],[0,-18],[-1,-123],[0,-41],[-1,-8],[-11,-118],[13,-13]],[[327754,663659],[-7,-1],[-11,6],[13,-31],[-21,-46],[-5,17],[-15,0],[-30,-63]],[[327678,663541],[-10,5],[-65,36]],[[327603,663582],[3,19],[-7,42],[1,16],[-1,11],[-8,21],[4,20],[-6,12],[-2,30],[0,22],[7,26],[-7,27],[-52,-24],[-2,-7],[-7,19],[-4,-11],[-12,6],[-4,-1],[-2,0],[-23,74]],[[327481,663884],[13,290]],[[328308,667158],[10,-349],[31,-334]],[[328133,666426],[-6,79],[-15,-1],[-13,-11],[-4,0],[2,3],[-8,4],[-1,16],[6,23],[-2,10],[-8,9],[-6,44],[9,36],[-20,62],[4,32],[-10,3],[4,40],[-1,28],[-9,-1],[-11,-9],[-14,-20],[-34,-44],[-37,-26],[-4,1],[-1,18],[-6,20],[-3,-12],[-5,-3],[-2,-11],[-10,-12],[11,64],[7,41]],[[327821,665527],[14,-15],[77,-83],[27,43],[21,34],[13,-109],[35,15],[5,-20],[0,-9]],[[328013,665383],[-7,-10],[2,-77],[10,9],[11,-56],[-6,-6],[7,-33],[5,-12],[1,-50],[-19,-10],[-8,-4],[-7,-34],[6,-26],[4,-4],[-7,-25],[-4,1],[-5,-12],[-7,4],[-8,-20],[-7,3],[0,-10],[-11,-20],[-1,-10],[6,-15],[-3,-12]],[[327247,660692],[12,-20],[1,-21],[1,-11],[6,-119],[1,-11],[1,-21],[2,-47],[11,-28],[8,-20],[18,-46],[0,0]],[[327308,660348],[-1,-5],[-4,-5],[-3,4],[-3,-1],[-1,-5],[-2,-1],[-3,2],[-5,-13],[-7,-23],[-2,-29],[-4,-27],[3,-9],[-5,-31],[-2,-30],[3,-17],[-6,-17],[-1,-4],[0,-3],[0,-2],[-2,-1],[0,0],[-2,-2]],[[327261,660129],[-4,10],[-60,158],[-13,12],[-18,18],[-17,17],[-12,12],[-61,168],[0,1],[-81,188]],[[326995,660713],[8,57],[11,0],[6,-14],[12,8],[5,48],[1,11],[21,-16],[9,6],[10,-9],[5,2],[10,5],[10,16],[1,2],[26,131]],[[326800,660874],[-3,-7],[-7,-3],[-6,-20],[0,-10],[0,-3],[-1,-15],[-2,-13],[17,-3],[1,-21],[6,21],[6,4],[1,-1],[3,-12],[7,-8],[3,9],[6,-15],[2,-25],[13,-27],[4,-3],[6,15],[2,-5],[12,14],[5,-13],[-3,-23],[3,-17],[9,-25],[7,-5],[2,4],[-2,54],[7,-10],[3,-18],[17,-31],[24,8],[6,29],[5,14],[15,0],[6,7],[5,0],[13,-18],[2,1]],[[326994,660703],[0,-17],[-12,-124],[-10,-105],[-5,-56],[-18,-193],[-2,-19],[-13,-137]],[[326934,660052],[-8,3],[-13,14],[-8,1],[-9,-9],[-12,-29],[-6,-4]],[[326878,660028],[0,1],[5,105],[-10,70],[-52,-1],[-54,-1],[-18,-1],[-22,0],[-62,-2],[-1,0]],[[326664,660199],[0,20],[-7,14],[-6,22],[-1,12],[4,11],[2,29],[14,36],[9,33],[7,16],[6,19],[-5,49],[1,34],[3,25],[1,31],[-9,29]],[[326878,660028],[-10,-122],[-9,-98],[0,-52],[1,-109],[0,-21],[0,-86],[1,-118],[-28,4],[-61,7]],[[326661,659431],[1,17],[10,28],[6,8],[-1,29],[6,14],[3,0],[-5,20],[6,28],[-4,5],[4,24],[-5,-7],[1,27],[-5,8],[8,14],[-5,7],[-1,13],[4,13],[5,3],[8,21],[6,3],[6,-13],[3,20],[11,8],[2,-5],[-1,23],[3,26],[-7,3],[1,15],[-8,19],[-9,6],[-1,30],[-11,9],[3,17],[-14,28],[-4,-4],[1,3],[-3,1],[-2,21],[-2,8],[-7,-2],[-1,-6],[-2,1],[1,31],[-4,20],[2,3],[5,1],[-6,29],[-8,3],[1,13],[-3,6],[-1,-15],[-4,7],[3,18]],[[326647,660030],[-9,33],[1,13],[-13,13],[-4,20],[2,47],[5,29],[5,10],[4,9],[12,-10],[9,-10],[5,15]],[[326521,659929],[20,17],[8,4],[42,22],[56,58]],[[328213,659961],[79,6],[51,-61],[44,-53],[12,-16],[4,-4],[55,-164],[23,-65],[0,-3]],[[328405,659051],[-3,-7],[-1,-3],[-3,-3],[-5,13],[-4,0],[-2,-12],[2,-15],[-2,-29],[-6,0],[-6,-8],[-6,0],[2,-13],[-5,6],[-3,-7],[1,-17],[-6,2],[8,-28],[-8,-3],[-6,12],[-3,26],[-12,36],[-3,-5],[-3,-29],[-9,22]],[[326994,660703],[1,10]],[[327261,660129],[-7,-33],[3,-4],[5,1],[-1,-19],[-22,-77],[-5,-11]],[[326975,659821],[-8,17],[1,23],[-6,44],[2,25],[-7,57],[-7,8],[-10,36],[-4,6],[-2,14],[0,1]],[[326300,658096],[87,29],[12,4],[25,9],[34,11],[26,9],[26,9],[2,10],[13,76],[16,94],[36,208],[4,23],[19,155]],[[326306,657896],[-13,0]],[[327526,661836],[4,13]],[[327535,661851],[1,0]],[[327558,661932],[1,-17],[0,-29],[1,-37],[4,-7]],[[327564,661842],[-4,-18],[-5,8],[-7,-18],[-9,-8]],[[327539,661806],[-5,-7],[-4,11],[2,10],[-1,4],[-3,-7],[-4,11],[2,8]],[[327486,661843],[0,-3],[3,-5],[1,-9],[3,-23],[2,-10],[9,8],[10,-1]],[[327514,661800],[6,0],[-1,-11],[-3,-23],[-1,-13],[-1,-14]],[[327514,661739],[-1,-7],[-4,3],[-5,5],[-4,-27],[-3,4],[-1,-5],[-4,-11],[-1,-1],[0,3],[-9,-15],[-2,4],[-1,4],[-1,5],[-5,-5],[-1,-7],[-2,4],[-5,11],[0,-2]],[[327465,661702],[-2,9],[-3,7]],[[327454,661753],[-3,22],[-1,10],[-2,15],[-1,1],[-12,-11]],[[327303,662533],[3,6],[0,10],[3,9],[12,8],[2,-5],[-3,-12],[-9,-38],[9,-12],[-3,-19],[6,-17],[1,9],[7,-10],[-2,-10],[-2,-15],[7,-12],[-3,-18],[7,-12],[2,-7],[9,-16],[2,-3],[0,5],[-1,49],[6,-8],[0,-26],[1,-9],[4,-13],[6,-12],[1,-4],[3,-4]],[[327371,662347],[5,-25],[-1,0],[-5,-28],[1,-1],[-1,-2],[-1,-6],[9,-1],[5,5],[2,-14],[2,-6],[4,-14]],[[327542,662205],[15,57],[2,17],[-10,20],[4,28],[11,-11],[4,9],[3,7],[0,0],[3,0],[2,6],[1,3],[-1,3],[-1,-2],[0,1],[12,32],[4,22],[2,8],[4,24],[2,11],[4,28],[1,6],[2,8],[4,29],[1,10]],[[327664,660953],[9,-14],[13,-21],[1,-1],[24,-37],[8,-13],[7,-64],[0,-1],[0,0]],[[327597,660759],[1,3],[-1,27],[9,-1],[0,5],[13,27],[5,13],[-4,20],[8,17],[7,-20],[1,1],[3,16],[5,-10],[7,24],[-6,20],[4,9],[6,10],[9,33]],[[327836,660431],[8,10],[5,5],[7,4],[10,-65],[8,-7]],[[327874,660378],[-4,-6],[0,-36],[7,-48],[2,3],[6,-15],[3,-11],[3,-1],[8,13],[4,5],[3,-16],[3,-19],[-6,-4],[-5,-36],[-9,-10],[2,-6],[-9,-19],[5,-37],[-6,6],[0,-16],[4,-19],[-4,-29],[2,-38],[2,-4],[4,-7],[-4,-18],[-8,-55],[-7,-2],[-1,-11],[15,-22],[20,-24],[18,-16],[-1,-6]],[[328241,656845],[59,70],[39,47],[83,98],[40,16]],[[328462,657076],[16,-166]],[[327777,657817],[-12,206],[-1,29],[-8,136],[0,6],[-2,38]],[[328311,657839],[25,8]],[[328336,657847],[12,-112],[0,-2],[0,-2],[10,-125],[6,-68],[9,-102],[6,-12],[35,-69],[26,-51],[22,-228]],[[327537,657638],[-12,181],[-9,159],[-18,290]],[[326893,663188],[4,26],[3,15],[3,16],[15,26],[3,14]],[[327086,662528],[-2,-6],[-14,-53],[-11,-43]],[[326992,662509],[-58,71],[-17,21],[-1,1],[-31,38]],[[326989,661637],[-1,1],[-8,10],[-1,7],[-5,12],[-4,12],[6,21],[-4,5],[7,-1],[0,7],[-3,21],[1,4],[-14,-5],[15,8],[-2,22],[-4,2],[2,25],[-1,-2],[-2,26],[5,6],[-6,28],[2,14],[-11,13],[-1,2]],[[327069,661155],[0,0],[-13,-18],[-11,-29],[-6,20],[-1,-7],[-2,-16],[3,-9],[-1,-10],[-2,-12],[-19,-17],[-10,-19],[-3,5],[-4,-10],[1,-15],[-16,1],[-2,-3],[2,25],[-4,1],[-6,14],[-10,-21],[-2,1],[-5,-14],[-4,10],[-6,10],[-1,1],[3,18],[-3,56],[0,-1],[-8,-1],[-1,27],[3,13],[-3,21],[5,4],[0,26],[-8,25]],[[328845,653824],[7,-9],[9,48],[7,20],[7,4],[13,-2],[11,4],[12,21],[1,-20],[1,7],[0,50],[5,-10],[5,14],[16,-11],[1,-14],[18,16],[2,-8],[7,6],[3,33],[4,5],[-10,-76],[2,-2]],[[328966,653900],[-5,-50],[18,-20],[-4,-43],[5,-155]],[[328980,653632],[-33,35],[-2,-32]],[[328945,653635],[-7,35],[-8,9],[-4,11],[-14,13],[-3,-1],[-4,-1],[-16,-9]],[[328889,653692],[-33,73],[-10,1],[-18,-51],[-11,0],[-5,0],[-5,12],[-14,30],[-1,6],[-5,42],[16,37],[19,10],[16,-21],[4,-18],[3,11]],[[328799,654837],[-11,2],[-72,15],[0,-3],[5,-32],[15,-34],[-2,-12],[-1,0],[6,-56],[-3,-19],[-11,19],[-7,21]],[[328966,653900],[17,107],[-1,1],[2,13],[1,-9],[17,118],[1,16],[3,29],[3,68],[-1,-1],[3,73],[-1,45],[7,63]],[[329183,654867],[-1,-12],[16,-28],[31,-125],[-5,-10],[-8,1],[-2,-15],[-6,-8],[-6,-29],[-18,8],[-2,-48],[41,-59],[42,-45],[30,-41],[1,7],[1,-20],[2,-37],[0,-9],[-1,-18],[-3,-30],[-2,-10],[-5,4],[-9,-65],[-13,-40]],[[329214,653795],[-1,-24],[-9,-87],[-5,-24],[-7,-50],[-23,-71],[-16,-35],[-12,-48]],[[329141,653456],[-88,97],[-34,37],[-39,42]],[[329392,653769],[-38,22],[-4,-23],[-10,-49],[-16,16],[-5,57],[23,144],[-2,47],[-8,32],[-56,-18]],[[329281,655100],[0,-5],[0,-10],[1,-2],[0,-14],[0,-14],[0,-5],[57,-116]],[[328780,651398],[1,-5],[-1,-4],[-1,-5],[2,-11],[1,-8],[5,2],[10,-43],[2,-12],[-7,-8],[-5,-37],[-13,-17],[-10,-35],[-3,-23],[13,2],[5,-10],[-2,-16],[-8,-14],[-7,11],[-5,-18],[2,-19],[-3,-12],[-10,9],[1,-25],[5,-74],[-1,-34],[2,-64],[6,12],[23,29],[17,11],[25,29],[3,9],[10,51],[10,39],[33,-142],[-12,6],[-20,28],[-11,-7],[18,-42],[6,-7],[14,-24],[10,-14],[10,-7],[12,-51]],[[328933,650093],[-130,-23],[-8,-2]],[[328606,650798],[2,71],[7,37],[9,6],[2,57],[14,80],[1,36],[9,19],[8,-7],[17,21],[10,53],[8,7],[15,-16],[23,21],[7,56],[12,46],[2,59],[17,52],[11,2]],[[329975,653348],[-9,43],[-3,15],[-21,26],[-29,0],[-7,-3]],[[329906,653429],[0,8],[-3,-5],[-14,9],[-1,-11],[-11,-3],[-7,11],[-6,-10],[-5,38]],[[329809,653475],[0,42],[2,4],[2,-1],[0,12],[-2,-1],[-1,18],[-2,1],[0,43],[-4,36],[-3,37],[1,6],[-4,39],[12,15],[3,32],[2,1],[10,77],[7,-5],[5,-4],[1,13],[1,42],[5,31],[-14,22],[-34,57]],[[329796,653992],[6,6],[27,-33],[22,-23],[8,-1],[6,58],[10,27],[46,-6],[12,7],[1,12],[9,2]],[[330850,654480],[-14,-130],[-1,-17],[-3,-6],[-2,-3],[-31,-79],[-3,-15],[-8,-8],[-15,-34],[-5,6],[-2,-2],[-9,-8],[-18,10],[-9,-7],[-1,-11]],[[330729,654176],[-13,-232],[-4,-22],[-3,-8],[-10,-50]],[[330415,654074],[-10,119],[-4,50],[-2,17]],[[327270,654185],[4,-3],[1,8],[-2,1],[1,16],[1,4],[1,-1],[1,3],[0,5],[-1,0],[0,2],[0,5],[2,-1],[1,10],[0,5],[11,-10],[4,29],[10,-3],[0,-4],[11,-8],[4,-2],[3,-6],[3,-1],[9,-9],[-3,-1],[0,-15],[2,-5],[0,-7],[-5,3],[-6,4],[-4,-53],[15,-10],[5,-5],[21,-31]],[[327344,653956],[-8,4],[-22,16],[-5,4],[-5,-15],[-7,-5],[-1,0],[-13,9],[4,34],[3,11],[-4,12],[-7,24],[-19,68],[-11,31],[9,6],[3,15],[6,-11],[3,26]],[[329630,653729],[14,-36],[11,-6],[1,-4],[7,-51],[-4,-1],[-9,2],[4,-50],[5,-23],[4,-6],[13,-11],[11,-58],[15,-40],[2,-13],[-24,-71],[-6,-27],[9,-31]],[[329683,653303],[-3,-25],[-7,-39],[-5,-32],[-29,-53],[-67,-58],[-2,1],[-22,10],[-51,-27],[-6,-3],[-15,12],[-3,-1]],[[329473,653088],[-1,36],[10,3],[2,33],[10,87],[0,9],[10,20],[18,39],[13,37],[8,14]],[[330729,654176],[11,-1],[11,-10],[14,18],[8,-64],[3,4],[6,-40],[-4,-15],[17,-23],[0,-18],[-14,-8],[-1,-13],[-7,-59],[2,-41],[5,-33],[-4,-13]],[[330776,653860],[-6,1],[-5,-5],[-17,-18],[-24,-25],[-9,-2],[-16,-2],[-1,0]],[[327270,654185],[-7,5],[-3,-18],[-3,4],[-8,6],[0,7],[-3,-5],[-4,2],[-3,1],[-7,19],[-6,9],[1,3],[0,2],[-8,14],[-6,5],[-21,47]],[[327192,654286],[17,85],[14,65],[9,30]],[[327125,654089],[49,125],[17,70],[1,2]],[[327798,653728],[74,23],[1,-10],[-10,-28],[-3,-16],[-2,-64],[14,-3],[17,4],[0,-2],[13,5],[6,3],[10,5],[6,2],[0,2],[36,13],[9,-2]],[[327969,653660],[-3,-21],[-4,-43],[0,-6],[2,-26],[7,-21],[16,-5],[6,-31],[-1,-21],[-11,-27],[2,-35],[9,-29],[8,-17],[3,-63],[2,-15],[1,-3]],[[328006,653297],[-10,0],[-13,-50]],[[327944,653184],[-15,-7],[2,-31],[1,-14],[-2,-12],[-1,-6]],[[327929,653114],[-5,4],[-2,31],[-5,-9],[-1,-1],[-3,31],[-2,19],[-4,7],[0,2],[-5,8],[-10,19]],[[328153,653969],[-89,-135],[-8,-13],[-7,-4],[-41,-27],[-2,0],[-29,-18],[-6,-8]],[[327971,653764],[-1,31],[0,4]],[[327970,653799],[2,32],[4,55],[-2,28],[-2,22],[-2,31],[-5,9],[-1,0],[-1,-1],[-2,31],[-7,16],[-4,5],[-2,29],[-4,43],[-3,29],[-7,82],[-9,102],[-5,58],[-4,45],[-8,98],[-6,63],[-4,52],[42,91],[-5,46],[1,5],[-7,11]],[[327970,653799],[-1,11],[1,20],[-10,-2],[-1,-6],[1,-29],[-5,-3],[0,4],[2,14],[-4,-1],[-8,0],[-9,-3],[-1,-4],[-6,1],[-1,-4],[-7,2],[-1,-5],[-7,-3],[-5,-1],[-17,-7],[-1,5],[-4,73],[-9,-5],[-4,36],[-6,26],[-6,18],[6,16],[-4,13],[8,9],[0,23],[-4,10],[-6,6],[-5,-29],[-15,-19],[0,-20],[-4,-3],[-9,25]],[[327090,653977],[-22,101]],[[327465,661702],[-6,-16],[-1,-7],[-2,-5],[-5,-16],[-11,-32]],[[327440,661626],[-7,-22],[0,1],[-10,15],[-4,-26],[-6,8],[-3,2],[-4,4],[-2,-7],[-1,-10],[-5,3],[-2,2],[-3,-10],[-4,0],[-2,-11],[-3,0],[-3,-11],[-6,5],[-1,5],[-4,-18]],[[325459,660132],[8,-141],[3,-69]],[[325142,659378],[14,123],[-17,8],[-11,-12],[-2,26],[28,31],[-1,69],[-17,-18]],[[327440,661626],[2,-13],[12,23],[2,-6],[1,-4],[4,-30]],[[326715,665409],[9,8],[18,14],[3,5],[0,-2],[28,21],[0,1],[9,6],[3,1],[16,-85],[5,-23],[5,-28],[10,-52],[3,-16],[3,8]],[[328300,668099],[-5,-35],[-3,-26],[-7,-30],[-1,-78],[-4,-65]],[[328280,667865],[-14,-5],[-4,-5],[0,0],[-3,-4],[-2,-3],[-15,-17],[-4,-5],[-20,-46],[-35,-47],[-1,1],[-46,100],[-27,60],[-34,73],[0,1],[-8,17],[-52,46],[-36,1]],[[327979,668032],[-6,137]],[[327723,668862],[-8,-7],[-3,-14],[-27,-37],[-78,-135],[15,-248],[9,-109],[1,-18],[2,-53],[5,-120]],[[327639,668121],[-35,-5],[-30,0],[-25,-1],[-7,-2],[-1,-1],[-2,-6],[-20,-89],[-4,-15],[-12,-54],[-1,-116],[-2,-9],[-32,-130]],[[327487,662507],[4,-13],[-5,-29],[7,-29],[-5,-36],[-10,-48],[0,-39]],[[327478,662313],[-3,4],[-20,38],[-7,8],[-23,-17],[-2,5],[-5,5],[-3,3],[-3,-6],[-3,-15],[-4,-17],[-1,-5],[-6,0],[-1,2],[-7,9],[-15,19],[-5,6],[1,-5]],[[327375,660889],[3,-10],[3,-15],[2,-5],[4,-21],[3,-8],[4,-14],[4,-8],[2,-7],[1,-4],[-2,-7],[7,-10],[1,-2],[3,-19],[0,-4]],[[326170,664418],[44,-35],[6,-95],[2,-31],[3,-58],[9,-17],[0,0],[26,-57],[10,-20],[65,-139],[50,-108]],[[326544,668738],[77,-50],[3,-2]],[[326682,667500],[-50,-20],[-2,-1],[9,-30],[-1,-25],[-1,1],[-2,-36],[4,-46],[-6,-36],[14,-21],[-2,-18],[-3,-3],[-2,-18],[2,-18],[3,-7],[-3,-21],[-10,-30],[5,-33],[-4,-23],[-5,-13],[-6,-2],[-6,-11],[-2,-21],[2,-21],[-2,-5],[-7,6],[-2,-34],[-10,-4]],[[326390,667311],[-14,229],[-4,63],[-4,59],[-24,383],[-2,31]],[[326342,668076],[-4,68],[-14,241],[12,4],[3,20],[-1,28],[-7,31],[2,43],[8,8],[-9,11],[9,30],[54,22],[37,15]],[[329473,653088],[-14,-4],[-14,-59],[-3,-14],[-3,-31],[-3,-25],[-2,-29],[-4,-18],[-11,-14],[-1,-17]],[[329418,652877],[-2,-3],[-6,-12],[-18,28],[-12,57],[-7,34],[0,3],[12,112],[11,51],[15,61],[7,9],[4,53],[-3,40],[-3,20],[0,7],[0,2],[-1,1],[0,2],[1,1],[0,3],[-5,65],[0,5],[-3,13],[-9,1],[-25,-29],[-10,20],[5,33],[24,5],[13,20],[5,-5],[-2,35],[5,8],[16,92],[-4,24]],[[327548,667408],[56,-90],[37,-58],[11,-16],[55,-88],[8,-11]],[[325909,656216],[6,-9],[2,1]],[[325984,655126],[-14,-4],[-8,19],[-6,-1],[-8,-27],[-1,-44],[4,-25],[2,-28],[-10,-95],[0,-9],[2,-19],[-14,-16],[-41,-92],[-2,-5],[-2,-3],[-4,10],[0,25],[-4,18],[-7,-7],[-6,5],[-8,-42],[-1,9],[-10,-7],[-7,-31],[-3,1],[-9,-21],[-4,-10],[0,30],[8,28]],[[325831,654785],[4,53],[-1,21],[8,9],[3,15],[-4,17],[1,12],[-19,-2],[-4,8],[5,28],[-2,39],[-4,18],[1,17],[-6,16],[-6,-10],[-5,-28],[-3,-9],[-14,-21],[-3,23],[-5,11],[-6,-4],[-2,10],[-7,-1],[-12,-24],[2,22]],[[325606,655269],[-9,191],[-9,191],[-1,28],[-1,5],[-16,26],[-5,21],[-2,31],[0,27],[-2,11],[-4,-3],[-1,-19],[-4,-6],[-2,-17],[5,-26],[-7,-22],[1,-19],[-3,-12],[-1,18],[-10,25],[-7,10],[-5,-9],[-1,23],[-6,-1],[1,13],[-10,-2],[-8,22],[1,12],[-8,4],[-9,36],[0,25],[-5,28],[4,36],[-6,25],[1,22],[-6,26],[-9,19]],[[325462,656008],[6,-1],[-2,16],[16,31],[0,23],[-10,59],[5,19],[-3,65],[6,7],[11,-22],[9,-7],[1,18],[-4,28],[-5,11],[3,10],[23,31],[3,2],[2,-22],[9,16],[3,-6],[1,-35],[8,-36],[6,3],[9,-13],[6,-2],[1,-38],[14,18],[18,19],[-5,56],[14,-7],[11,-38],[5,2],[10,17],[2,15],[10,-4],[-4,31],[-1,42],[2,13],[4,-6],[21,19],[5,-34],[11,12],[1,-7],[7,12],[7,-47],[14,14],[6,-18],[3,4],[1,-7],[-9,-11],[6,-47],[3,-4],[3,-33],[3,-1],[9,-25],[7,-13],[5,39],[-4,24],[1,18],[-13,38],[-4,20],[14,0],[8,9],[10,0],[1,31],[6,29],[5,-7],[11,-47],[1,36],[3,38],[-7,24],[10,18],[6,-7],[4,9],[0,17],[7,6],[8,-1],[2,-20],[8,-23],[13,-22],[14,-23],[-6,-18],[-8,10],[-10,-15],[8,-32],[7,-18],[2,-36],[0,-14],[-1,-5],[3,-5],[13,58],[8,-12],[3,0],[18,19],[2,5],[0,9],[2,-6],[-1,-19],[-10,-16],[-6,4],[12,-53],[5,31],[10,-11]],[[327526,661836],[-5,9],[-4,-12],[-2,-22],[-1,-11]],[[330356,658396],[-2,3],[-22,18],[-44,-32],[-22,-31],[-5,-7],[-14,-39],[-4,-11],[-3,-7],[-5,-13],[-2,-12],[-9,-49],[-13,-67],[-1,-36],[-4,-3],[-15,-13],[-15,-27],[29,-85],[13,-26],[9,12],[49,37],[21,84],[-13,-76],[-27,-73],[-22,-22],[-12,1],[-17,23],[-39,102],[-13,63],[-18,113],[-31,95],[-20,40],[-11,36],[-15,1],[-6,37],[23,107],[39,66],[58,39],[34,3],[20,2],[30,-14],[61,-29],[18,-17]],[[328371,666309],[49,-325],[5,-73],[-16,-48],[-1,-58],[0,-52],[36,-65],[36,-16],[26,-35],[37,-129],[6,-43],[17,-16]],[[328543,665318],[-59,196],[-25,49],[-6,9],[-3,1],[-20,-25],[-26,-7],[-11,-21],[-10,-13],[-3,-21],[-5,-7],[-8,1],[0,-24],[-5,-14],[1,-11],[6,-6],[-4,-14],[-9,-1],[0,18],[-4,-2],[2,-30],[7,2],[1,-14],[-5,-9],[-5,11],[-4,-7],[4,-8],[-6,-7],[7,-22],[-5,-10],[-3,10],[-10,4],[-3,9],[-8,-5],[-1,-17],[-7,-11],[-5,4],[-1,-25],[-7,-18],[-1,-15],[-18,-28],[5,-8],[-8,-62]],[[328281,665170],[-15,12],[0,-21],[-6,-26],[-1,-48],[-27,51],[-4,19],[5,0],[-1,13],[6,10],[-2,21],[2,25],[-2,25],[-6,7],[-10,-1],[-2,-9],[-18,-9],[-3,2],[-18,-39],[-22,-22],[-2,-5],[-17,53],[11,131],[-7,10],[-19,-9],[-6,20],[-7,-24],[-9,2],[-6,-12],[1,-11],[-8,-16],[-12,12],[-9,20],[2,17],[-4,11],[-8,-6],[-15,12],[-13,-3],[-8,10],[-8,-9]],[[323022,657051],[-1,-28],[-2,-121],[-1,-186],[-2,-200],[-5,-302],[-2,-43]],[[324396,651430],[12,20],[4,5],[6,21],[8,46]],[[324499,650682],[-27,1],[-48,4],[-27,0],[-25,3],[-8,1],[-20,1],[-9,37],[-6,-3],[2,56],[-1,22],[-5,-35],[2,41],[-8,14]],[[324319,650824],[3,27],[3,22],[-8,111]],[[323308,653582],[-20,136],[-6,31],[-25,50],[-33,62],[-11,177],[-2,20]],[[323211,654058],[-2,38],[-22,411]],[[323187,654507],[19,10],[57,25],[39,19],[4,-19]],[[324748,657787],[9,-97],[7,-77],[4,-47],[5,-9],[6,-33],[9,-34],[-10,-41],[35,-420]],[[324813,657029],[11,-131],[1,-8]],[[324818,656718],[-9,0],[-59,-8],[-3,-2],[-74,-8],[-26,-3],[-32,-2],[-18,-5],[-120,2],[-19,2],[-17,-3],[-15,1]],[[326821,653554],[5,23],[15,7],[10,-10],[5,-43],[1,-36],[11,-24],[2,-17],[-15,11],[-21,-2],[-5,-11],[-2,13],[2,28],[-9,30],[1,31]],[[326779,652854],[9,-8],[2,-21],[1,-16],[1,-23],[-6,0],[-5,10],[-1,28],[-1,30]],[[327042,653320],[-4,1],[-4,-2],[-3,-6],[1,-12],[-3,-5],[-10,-7],[-7,-3],[-27,-13],[-4,-2],[-5,-6],[-3,-3],[-6,-16],[-1,-143],[0,-12],[-1,-15],[-2,-64],[-1,-41],[-1,-7],[-1,-44],[-2,-44],[2,-8],[6,-38],[2,-16],[9,-54],[9,-12],[-4,-21],[-1,-93],[0,-21],[-4,-52],[-2,-20],[2,-26],[2,-20],[10,-12],[0,-17],[-3,-37],[-6,-50],[1,-4],[5,-33],[-6,-69],[5,-34],[1,-4],[17,-25],[4,-25],[-1,-9],[-4,-70],[-11,-79],[-1,-8]],[[326779,652579],[1,5],[11,43],[3,11],[7,50],[18,22],[11,45],[3,26],[-5,36],[-11,3],[6,50],[4,42],[1,7],[1,14],[14,5],[5,33],[10,72],[8,60],[0,15],[2,45],[1,34],[-5,33],[-3,15],[-1,4],[11,53],[14,9],[3,2],[5,3],[11,25],[7,68],[5,14],[4,10],[2,5],[8,21],[5,15],[9,7],[6,5],[4,-5],[8,-11],[18,0],[11,21],[3,37],[21,43],[3,21],[2,19],[5,43],[6,16],[3,-22],[6,-87],[1,-39],[1,-44],[8,0]],[[327471,663219],[25,-26],[3,-2],[6,3],[19,9],[0,18],[14,11],[10,9]],[[327548,663241],[18,-74],[2,-9],[0,-2],[17,-71],[5,-21],[38,-164],[6,-23]],[[325811,656906],[-25,-4],[0,5],[-24,-7],[-32,0],[-71,-7],[-12,-1],[-25,-1]],[[325622,656891],[4,29],[1,68],[-2,44]],[[325622,656891],[-2,-24],[-2,8],[0,8],[0,4],[-1,3],[-7,-1],[-35,-4],[-33,-2],[-21,-2],[-6,-1],[-41,-5],[-61,-6],[-38,-2],[-134,-11]],[[325241,656856],[-1,43],[0,36],[-3,484],[0,97],[-1,267]],[[325842,651267],[7,20],[13,-18],[5,-12],[-12,46],[59,164],[46,-9],[4,-23],[2,8],[12,-2],[1,-10],[9,-13],[6,7],[18,45]],[[326012,651470],[5,-31],[4,-38],[3,-8],[2,16],[6,-2],[0,22],[9,-2],[2,37],[18,6],[-1,13],[22,-1],[0,9],[18,5],[0,25],[16,5],[-1,4],[2,8],[7,4],[0,-17],[-4,-15],[1,-7],[6,-6],[6,6],[-3,14],[12,19],[-1,13],[-7,3],[0,25],[-14,-7],[1,33],[-12,0],[-2,26],[14,9],[24,12],[0,1]],[[326119,650401],[-18,14],[-8,2],[-6,1],[-5,1],[-16,-5],[-12,-18],[-6,-19],[-11,-3],[-14,12],[-19,4],[-35,-24],[-33,-22],[-39,-28],[-27,-33],[-10,-2],[-27,-13]],[[326483,669588],[2,-36],[12,-88],[1,-4],[2,1],[1,-4],[1,-5],[-3,-2],[-1,-4],[3,-47]],[[326370,669218],[0,6],[-3,2],[0,-4],[-2,1],[-1,-1],[0,3],[-1,0],[0,2],[-2,1],[0,4],[-3,2],[-2,-1],[-16,7],[-6,0],[-4,5],[-6,-1],[-15,1],[-11,0],[-2,-4],[0,4],[-6,0]],[[324600,673644],[15,-12],[28,6],[9,0],[13,11],[6,1],[11,-9],[40,10],[4,3],[0,-25],[7,-44],[22,-75],[7,-34],[4,-39],[14,-83],[10,-78],[-9,-41],[2,-4],[16,44],[8,15],[6,-26],[-9,-21]],[[324882,671771],[-150,-111],[-117,-87],[-30,-26]],[[328272,670785],[-21,53],[-4,23],[-4,40],[-2,69],[-9,57],[-3,42],[15,128],[4,99],[-2,30],[7,37],[3,7],[3,7],[2,15],[-4,59],[0,1]],[[327603,663582],[-9,-29],[-11,-4],[-5,-13],[5,-34],[5,-17],[2,-12],[-6,-30],[-10,-53],[-6,-9],[-10,-16],[-7,-6],[-5,-107],[2,-11]],[[327401,663548],[2,25],[6,7],[-2,9],[-1,4],[-1,3],[17,12],[-1,5],[-9,30],[5,26],[8,34],[6,24],[23,89],[8,3],[3,11],[2,4],[14,50]],[[325779,674837],[240,257],[64,71],[32,35],[7,14],[3,1],[2,-2],[5,6]],[[326209,674115],[-385,-403],[-113,-116]],[[323046,653570],[11,84],[0,3]],[[323057,653657],[14,93],[35,45],[27,29],[-5,55],[-11,91],[18,56],[21,8],[28,14],[27,10]],[[327514,661739],[4,-4],[0,-1],[8,-6],[1,-1]],[[327517,661548],[-9,-53]],[[328354,664272],[-3,2],[-25,-29],[-5,-5],[-30,-75]],[[328242,664124],[-5,-1],[-13,-2],[-4,-1],[0,-1],[-7,-9],[-3,-4],[-4,-5],[-13,-17],[-8,11],[0,6],[-1,3],[0,1],[-5,11],[-1,2],[0,0],[-1,-2],[-6,-9],[-7,-9],[-1,-22],[-5,-7],[-2,-3],[-1,-2],[0,0],[-5,-7],[-6,-9],[-4,7],[-19,33],[-6,-15],[-14,-34],[-3,-11],[-14,-70]],[[327298,666106],[-3,-24],[4,-49],[0,-45],[-4,-31],[-4,-18],[-3,-6]],[[327548,667408],[18,128],[10,55],[20,58],[10,29],[0,0],[11,33],[25,15],[21,12],[36,20]],[[324793,660025],[-3,48],[-10,175],[-5,84],[-3,51],[-5,77],[-3,48],[-10,165],[-3,40],[-15,259]],[[325665,662568],[-18,-222],[-5,-54],[-26,18],[-1,-18],[-6,-63]],[[325609,662229],[-25,28],[-43,49],[-78,-64]],[[328223,653049],[3,4],[6,-14],[4,6],[0,26],[2,6],[3,-2],[9,-30],[9,-28],[-4,-38],[6,-53],[11,-5],[5,-6],[-2,-18],[-9,-26],[-1,-41],[-3,-8],[-20,20],[-17,73],[-10,66],[8,68]],[[327969,653660],[1,16],[2,35],[1,6],[-2,43],[0,4]],[[328200,653354],[-3,6],[-26,-24],[-10,-16],[-12,-17],[14,-26],[1,-18],[2,-20],[-1,-30],[2,-24],[2,-6],[11,-37],[5,-86],[15,-74],[-1,-4],[-2,-14],[-10,4],[-9,-21],[-2,-3],[1,-14],[-8,-47],[-1,-30],[1,-30],[-5,-6],[-6,15],[-2,46],[-9,81],[-11,35],[1,39],[2,34],[-18,122],[-1,4],[2,93],[-4,35],[-9,25],[-7,7],[-9,12],[-4,4],[-9,11],[-8,8],[-8,10],[-2,2],[-5,6],[-4,-43],[-1,-9],[-11,-51],[-6,-1],[-21,-5],[-8,0]],[[327581,660921],[4,12],[3,44],[4,22],[1,2],[3,9]],[[327596,661010],[2,-7],[1,1],[13,25],[2,26],[-4,17],[-17,118],[7,15],[19,-11],[1,0],[14,-9],[0,-1],[8,-20],[-1,-40],[6,-2],[4,12],[5,16],[10,34],[2,7],[1,2],[1,2],[0,3],[1,27],[0,3],[9,13],[1,-2],[2,-9],[3,-15],[24,14],[20,22],[12,28],[1,3],[10,-23],[-7,-19],[-2,-4],[-46,-41],[-1,-13],[-2,-27],[4,-31],[-20,-40],[-5,-10],[-11,2],[-8,1],[-4,1],[-6,-27],[4,-22],[2,-13],[1,-3],[5,-27],[1,-2],[2,-12],[0,-1],[3,-12],[1,-6]],[[327478,662313],[1,-13],[7,-41]],[[324362,651763],[9,-16],[16,13],[3,25],[1,46],[12,229],[28,-64],[7,20],[14,43],[14,62],[22,97],[-2,3],[-8,13],[-2,5],[-8,26],[6,63],[-2,0],[-15,15],[5,52],[6,21],[3,14],[-1,78]],[[325241,656856],[0,-14]],[[324813,657029],[8,1],[11,-4],[15,-25],[10,-5],[4,-57],[25,115],[19,-31],[15,22],[8,-34],[2,13],[9,1],[3,-7],[4,11],[2,0],[2,5],[0,7],[2,5],[2,8],[2,20],[1,-6],[0,8],[3,-1],[9,0],[10,73],[3,14],[9,36],[5,60],[8,45],[5,-13],[6,39],[4,19],[41,109],[4,19],[5,32],[1,29],[1,170],[-2,30],[-5,50],[15,14],[8,-7],[1,15],[-20,160]],[[323175,654720],[12,-213]],[[329756,654206],[40,28],[4,20],[-6,37],[5,29],[7,-5],[17,-14],[9,2],[32,6],[9,-11],[3,-3],[6,-7],[20,27],[32,-11],[12,1]],[[329796,653992],[-3,6],[-12,28],[-8,19]],[[323916,665143],[-13,-7],[5,-31],[2,-6],[3,-23],[0,-17],[1,-7],[0,-14],[-2,-7],[-5,-33],[-11,-8],[-1,-12],[8,-10],[-1,-23],[6,-3],[-3,-34],[2,-30],[-1,-9],[-3,-10],[-3,-3],[-1,5],[-2,-2],[-3,-8],[-4,5],[-7,-1],[-4,-2],[-5,6],[-5,-11],[-46,-24],[5,-73],[-9,-3],[-8,-16],[-4,-30],[-7,-11],[-10,9],[-5,-2],[13,-203],[5,-88],[-7,1],[-6,19],[-10,3],[-7,-20],[-7,37],[-2,-22],[-8,-1],[0,-16],[-1,-6],[0,-19],[1,-7],[-1,-33],[6,-68],[2,-23],[2,-19],[7,-160],[2,-44],[-6,-1],[-2,-12],[6,-35],[-4,-18],[4,-60],[3,-6],[-3,-16],[7,-14],[9,-8]],[[325723,651667],[8,-61],[13,2],[-3,-35],[1,-73],[3,-9],[8,-5],[6,8],[6,-15],[2,-44],[-1,-18],[4,-11],[2,-26],[-8,-55],[3,-21],[-5,-19],[0,-17],[-8,-23],[-1,13]],[[323873,662273],[1,27],[5,9],[1,14],[10,18],[8,3],[3,14],[33,-56],[41,247]],[[323977,662561],[132,-327],[36,-90],[18,-45]],[[323895,661647],[3,24],[-2,13],[4,47],[-6,20],[4,44],[-4,32],[1,14],[-16,55],[-8,8],[-8,-1],[-1,39],[6,47],[8,17],[9,28],[0,49],[3,25],[-1,51],[5,54],[0,41],[-8,3],[-5,18],[-6,-2]],[[327929,653114],[-1,-9],[-1,-3],[4,-75],[8,-74],[-1,-13],[-1,-9],[-10,-92],[0,-2],[-8,-44],[-12,-34],[-4,3],[-1,29],[-10,15],[-4,53],[-6,6],[-1,-2],[-2,-4],[-2,-2],[-9,-15],[3,-65],[2,-18],[5,-55],[29,-88],[6,-104],[1,-7],[0,-11],[2,-46],[1,-24],[18,-105],[-41,4],[-14,-30],[-5,-90],[-21,-26],[7,-110],[-2,-37],[-11,6],[-4,72],[-10,94],[-17,22],[-17,-10],[-14,-21],[-11,-16],[-14,-83],[10,-79],[-1,-42],[-6,-14],[-31,27],[-29,8],[-1,0]],[[327251,659306],[0,0],[-44,33],[2,49],[-6,14],[-22,54],[-12,48],[-7,91]],[[328931,674692],[118,453]],[[329574,674031],[-11,8],[-12,-7],[-12,-32],[-16,-3],[-15,-25],[-20,-76],[5,-19],[3,-13],[2,-80],[19,-83],[7,-134],[-25,-38],[-13,-34],[-34,-2],[-3,0],[-17,-10],[-13,-34],[-4,-49],[-9,-6],[-9,-5],[-5,-36],[-3,-5],[-2,3],[-4,23],[-3,0],[-7,-32],[-3,-11],[-21,22],[-5,52],[-5,0]],[[328900,669262],[8,10],[7,-12],[5,-33],[25,-66],[5,-27],[-20,-38],[-33,92],[3,74]],[[328784,670513],[-2,-15],[-2,-56],[-4,-19],[-11,-15],[-6,-22],[9,-31],[-12,-6],[-5,-22],[-2,-83],[-22,-69],[-16,-25],[-25,-32],[-54,-65]],[[330250,653789],[4,-4],[3,4],[10,-6],[6,19],[-10,0],[0,19],[6,4],[9,17],[9,28],[5,0],[4,-18],[13,11],[4,17],[4,2],[4,-14],[2,-26],[5,4],[6,-9],[1,-26],[13,11],[7,-13],[3,-2]],[[330326,653626],[-2,0],[-32,2],[-58,-29],[-25,-18],[0,-2]],[[323280,667609],[126,-27]],[[325714,654513],[-5,16],[5,43],[4,17],[0,19],[2,51],[8,6],[0,8],[17,6],[6,14],[7,0],[-1,-16],[8,-6],[9,27],[11,7],[-13,69],[13,41],[20,-15],[8,-11],[8,3],[10,-7]],[[325274,653677],[0,-2],[-2,-187]],[[326169,657889],[-5,0],[-3,-1],[-4,-1],[0,0],[-30,-9],[-40,-11],[-8,-2],[-1,-2],[0,0],[-5,0]],[[324988,667939],[-25,441],[-17,341],[-61,-24],[-102,-48]],[[328280,663685],[3,7],[4,-6],[5,-15],[4,-9],[1,-12],[0,-1],[-1,-7],[-1,-2],[-5,3],[-5,23],[-4,11],[-1,8]],[[328224,663333],[2,12],[2,6],[1,-1],[3,-13],[-1,-3],[-1,-3],[-1,-1],[-1,-4],[2,-4],[0,-4],[0,-6],[-3,-1],[-3,4],[0,8],[0,10]],[[328090,663584],[0,0],[12,-5],[4,17],[4,24],[3,14],[5,27],[9,39],[8,39],[14,21],[8,12],[26,-26],[9,-20],[11,23],[0,-34],[0,-10],[-1,-73],[0,-8],[-14,-50],[-1,-2],[-3,-12],[-5,-18],[-5,-18],[-1,-10],[-3,-29],[-1,-10],[0,-35],[18,10],[8,31],[13,33],[21,76],[8,-26],[-8,-50],[-7,-103],[0,-2],[-10,-19],[-7,-13],[-18,44],[0,2],[-29,-13],[-3,-1],[-10,-20],[-28,-56],[-4,-7],[-3,-6],[-23,-46],[0,0]],[[329289,676434],[-6,-23],[-27,-102],[-51,-196],[-89,-341]],[[323086,657076],[-40,-13],[-24,-12]],[[324902,674054],[20,-140],[52,-307]],[[322976,661205],[-10,26],[-12,7]],[[325345,661516],[-1,-178]],[[327949,666275],[-20,30],[-37,69],[-16,30],[-31,67],[-3,5],[-3,7]],[[327558,661950],[0,-12],[0,-2],[0,0]],[[327542,661802],[-3,4]],[[327564,661842],[44,-70],[47,-73],[1,-1],[8,-12]],[[328945,653635],[-7,-91],[-3,-35],[-4,-31],[-40,-259]],[[328827,653300],[3,9],[-6,56],[-15,65],[2,5],[7,-7],[6,9],[-9,54],[-3,4],[-1,2],[-20,-34],[-2,14],[9,31],[-1,52],[8,3],[7,3],[3,1],[13,25],[21,1],[11,19],[13,24],[7,42],[8,-2],[2,14],[-1,2]],[[326995,663596],[-1,-4],[1,-14],[7,-35],[-1,0],[-14,-1],[-1,-12],[-1,-3],[-7,-47],[-1,-4]],[[326032,665886],[1,0]],[[326048,665429],[15,63],[-8,27],[-12,35],[-35,15],[-21,9],[-2,1],[6,24],[-1,24],[1,24],[-2,19],[-1,54],[1,9],[6,20],[4,19],[11,18],[5,20],[11,32],[6,44]],[[328561,654468],[-6,-13],[1,-1],[5,-27],[10,-51],[7,-36],[20,-31],[7,-31],[2,-8],[-7,-61],[-2,1],[-25,23],[-14,-16],[4,-21],[9,-54],[18,-24],[8,-24],[-11,-20],[10,-107],[-1,0],[-4,18],[0,-55],[4,-22],[0,-8],[-14,32],[-5,40],[-24,78],[-32,42],[-11,55],[-4,18],[-14,-6],[-11,-20],[-9,-16],[9,-49],[2,-47],[0,-5],[1,-2],[7,-54],[1,-6],[17,-66],[-5,-27],[-11,23],[-6,14],[-6,33],[-5,7],[-13,18],[-13,-33],[-1,-3],[-1,-2],[-2,-6]],[[327107,655714],[3,-74],[4,-92]],[[327809,674957],[-15,-32],[4,-28],[6,-13],[15,-12],[5,4],[9,-41],[3,-36],[-11,-115],[-7,-37],[-2,-37],[4,-34],[13,-52],[2,-30],[-1,-25],[-13,-23]],[[327821,674446],[6,53],[-13,40],[-8,19],[-2,24],[3,26],[1,29],[9,44],[1,21],[-10,9],[-15,31],[4,7],[-3,26],[-6,-2],[-2,27],[-12,19],[-5,38],[-8,9],[1,20],[-7,7],[-6,-7],[1,21],[-8,10],[-11,24],[-7,-2],[-1,15],[-6,6],[-2,12],[8,8],[5,-6],[4,20],[-1,18],[3,25],[-1,18],[-8,42],[-6,80],[1,71],[-4,25]],[[324310,662145],[-4,25],[-2,-36],[-19,-28],[-25,19],[8,9],[1,9],[13,1],[14,15],[3,37],[12,-6],[-3,19],[7,2],[9,24],[15,-25]],[[327465,678660],[-157,-554],[-1,-8],[0,-8]],[[324895,658753],[-9,117],[2,2],[10,8],[27,23],[-9,171],[-1,22],[0,2],[-8,148]],[[324211,664841],[-9,44],[-5,4],[-6,23],[2,15],[-11,41]],[[325497,666757],[5,-101]],[[324887,669954],[7,23],[0,19],[-6,41],[8,23],[1,39],[-5,24],[-4,-2],[-2,25],[3,19],[1,24],[4,3],[-13,16],[1,15],[-5,4],[0,64],[6,11],[2,13],[-9,-7],[2,14],[-3,24],[7,5],[-1,28],[-5,-4],[4,17],[3,-4],[-2,15],[3,33],[-3,22],[-4,10],[4,12],[4,0],[1,14],[-4,9],[4,16],[-1,10],[11,10],[1,26],[-5,10],[-44,-28],[-3,112],[-2,9],[-13,-41],[-8,23],[-7,1],[-11,12],[-10,-9],[-6,6],[27,-79],[-13,-41],[2,-22],[-13,-9],[0,34],[3,24],[-3,11],[-12,19],[-5,27],[2,10],[-4,23],[-8,17],[-3,-15],[6,-49],[0,-41],[-4,3],[-2,18],[-14,20],[0,-41],[-22,-104],[-61,-40],[-49,-34],[-132,-77]],[[326258,662386],[-15,221],[0,6],[2,8],[13,23],[-11,-8],[-5,-9],[-1,9],[-8,117],[-2,35],[43,154]],[[328806,658540],[-1,-53],[7,-94],[8,-112],[38,-172],[33,-105],[29,-132],[8,-25]],[[328906,657846],[-7,47],[-82,331],[-19,4],[-2,0],[-9,-28],[-7,-21],[-8,-3],[-18,-7],[-15,-48],[-4,-111],[-2,-32],[-1,-40],[13,-106],[-11,-53],[-24,-26],[-22,75],[-3,9],[-28,7],[-3,-4],[-9,-12],[-39,-51],[4,-51]],[[328610,657726],[-1,-10],[-20,3],[-13,2],[-8,54],[1,23],[-7,29],[-4,20],[-1,3],[-10,45],[-57,25],[-62,26]],[[328428,657946],[3,40],[6,31],[2,4],[2,33],[12,1],[6,18],[1,15],[-4,13],[-2,17],[-5,16],[-6,-1],[0,18],[-12,64],[-40,19],[19,112],[11,63],[32,195],[15,87],[19,113],[1,4],[2,12]],[[330254,654785],[95,68],[26,36],[57,-13],[4,-1],[0,0]],[[330364,654711],[-10,-5],[4,18],[-5,35],[3,8],[-7,27],[-2,19],[-9,-49],[-4,-12],[-6,0],[-7,-13],[-6,-21],[-11,-8],[-10,4],[-9,-6],[-9,5],[-6,11]],[[327678,663541],[26,-61],[3,-25],[1,-17],[39,11],[29,-8],[2,1],[4,-1],[-19,-10],[-6,-36],[-4,-13],[4,-53],[13,4],[-2,-22]],[[323145,655335],[4,-85]],[[323341,654953],[-3,51],[-1,31],[-14,271],[-1,14],[-8,112]],[[328435,674851],[9,-35],[12,-22],[5,-54],[5,-23],[8,-9],[8,2],[9,-14],[12,8],[6,-11],[4,-15],[7,-3],[4,-24],[5,-9],[0,-33],[3,-16],[-2,-12],[10,-21],[1,-15],[7,-16],[14,2],[2,3],[4,21],[4,-1],[12,16],[5,21],[12,24],[7,-6],[7,2],[-3,-21],[1,-18],[11,-12],[5,-20],[4,-42],[9,-26],[14,-45],[13,-2],[10,-29],[8,-14],[12,-36],[15,-28],[12,-13],[12,-5],[14,-17],[12,-23],[4,-18],[13,-21],[16,5],[4,22],[8,13],[13,-1]],[[328737,673919],[-39,-155],[-85,-329],[-44,-173]],[[328569,673262],[-32,285],[-7,12],[-6,54],[-8,28],[0,40],[2,12],[-2,40],[-5,27],[-5,7],[-6,15],[-4,-3],[-7,24],[1,34],[5,16],[-3,25],[-9,3],[-1,10],[-6,-7],[-10,3],[2,21],[-8,4],[-9,24],[-4,35],[-58,162],[-29,83],[-48,-125],[-20,-51]],[[328292,674040],[-99,284],[-7,20],[39,100],[-29,79]],[[328331,664634],[0,78],[-26,62],[-10,61],[2,1],[4,-5],[0,7],[-1,6],[1,6],[-7,23],[-3,1],[-1,-6],[-6,40],[-8,34],[0,37],[21,5],[-2,120],[-2,57],[-12,9]],[[327938,672329],[34,-94],[9,-26],[68,-195],[2,0],[1,-2],[0,-4],[2,-3],[-1,-3],[14,-38],[1,-2],[12,-1],[7,33],[19,31]],[[328188,670826],[-6,16],[-11,27],[-4,11],[-16,40]],[[325609,662229],[26,-30],[-23,-250],[5,-4]],[[326419,665316],[10,-134],[11,-145],[12,-157],[5,-70]],[[324304,663341],[-4,-10]],[[328569,673262],[21,-175],[23,-181],[2,-22]],[[328156,673700],[34,73],[28,72],[74,195]],[[327777,677209],[-3,130]],[[327774,677339],[-4,194],[0,12],[-1,115],[0,37],[-8,443],[-1,34],[-12,422]],[[327501,661254],[2,-1],[3,8],[-2,5],[8,17],[-2,6],[3,7],[-2,6],[-2,4],[11,12],[2,-6],[3,-5],[2,-13],[6,-11],[0,-5],[3,-26],[4,-11],[2,-2],[1,15],[5,-3],[3,-13],[10,-36],[3,25],[3,5]],[[327567,661232],[-1,-4],[10,-22],[-5,-26],[-2,-14],[5,-35],[1,-2],[3,-23],[12,-6],[6,-44],[-4,-37],[4,-9]],[[327046,659326],[-14,-26],[-8,-36],[-1,-27],[-22,-123],[-6,-53],[0,-86],[-14,12],[-6,30],[1,-11],[-3,-8],[0,-68]],[[328428,657946],[-18,13],[-55,-26],[-11,-4],[-11,-53],[3,-29]],[[324230,661934],[35,-87]],[[323960,661124],[-10,-3]],[[326342,668076],[-34,166]],[[325724,666718],[45,45],[14,97],[15,6],[14,26],[23,31],[-4,83]],[[325831,667006],[15,6],[48,18],[71,26],[15,6],[4,1]],[[326032,665886],[-32,3],[-45,4],[-58,5],[-105,10],[-33,3]],[[329791,653426],[-8,6],[-4,3],[-13,11],[-39,-18],[-3,-2],[-27,-42],[-14,-50],[0,-9],[0,-22]],[[327722,667771],[-14,44],[5,26],[0,12],[-19,45],[2,19],[10,28],[-14,16],[-27,41],[22,74],[-21,41],[8,0],[4,13],[-26,7],[0,-14],[-13,-2]],[[327831,660564],[0,-1],[0,0],[8,-12],[7,23],[6,1],[2,2],[11,17],[6,8],[4,5],[11,16],[4,7],[2,5],[7,3],[8,11],[2,7],[1,5],[-1,18],[3,6],[27,6],[0,1],[3,-3],[2,0],[2,4],[1,2],[2,6],[0,4],[-2,3],[-5,3],[1,14],[4,2],[4,7],[0,7],[0,3],[-2,9],[-2,5],[0,3],[0,2],[0,9],[23,-10],[-2,-25],[-1,-14],[4,-53],[-7,-10],[-41,-24],[-3,-31],[7,-16],[1,-18]],[[327927,660563],[-6,-6],[-1,-76],[7,-8],[2,-30],[-1,1],[-4,-30],[-14,-1],[-8,-25],[-11,-4],[-6,8],[2,-14],[-13,0]],[[324674,649871],[-6,-1],[-6,-39],[-7,-40],[-5,-29],[-3,-53],[-2,2],[-3,11],[-9,28],[-17,-12],[-2,-1],[-3,-2],[-9,-90],[-5,-45],[-16,3],[-4,8],[-27,91],[-5,16],[-17,-9],[-9,-46],[-15,8],[-2,14],[-2,22],[-15,31],[-2,0],[-22,7],[-12,-44],[-2,-11],[-3,12],[-27,-5],[-5,3],[-6,42],[-23,1],[-24,-20]],[[324325,650537],[0,22],[-4,44],[-9,41],[2,33],[2,16],[1,21],[-1,77],[3,33]],[[324465,652961],[-19,100],[-4,15],[-9,15],[-15,26],[-3,2],[-4,-4],[-5,-4],[-10,-7],[-15,-12],[-41,-26],[-48,-34],[-2,-1]],[[326611,654714],[-1,0],[-12,0],[1,19],[-2,33],[-1,3],[-6,13],[1,3],[4,47],[-1,28],[-2,36],[-9,48],[-15,-2],[2,17],[8,51],[1,8],[-1,48],[4,27],[-3,12],[-6,25],[-8,2],[-3,29],[-1,0]],[[330701,657929],[9,-34],[67,-326],[5,-26],[15,-87],[26,-155]],[[330575,657197],[-1,322],[-4,74],[-1,7],[-12,191],[-1,13]],[[327569,661458],[21,-40],[8,-17],[10,-19],[3,-6],[1,-18],[0,-12],[-1,-4],[-13,-35],[-2,-1],[-4,-2],[-3,-2],[-14,-6],[-8,-58],[0,-6]],[[327774,677339],[-51,109],[-8,-19],[-44,-155]],[[329622,675150],[-1,-8],[0,-8],[-2,-97],[1,-22],[7,-181],[8,-63],[8,-35]],[[324801,659896],[-110,-28],[-54,-14],[-85,-22]],[[327037,672848],[33,100],[23,93],[22,96],[105,361]],[[328078,660893],[-2,17],[-4,-2],[-14,7],[1,6],[5,5],[8,-4],[21,8],[2,27],[-8,23],[0,2],[-3,17],[-1,7],[-7,44],[0,4],[-5,19],[4,11],[-2,15],[-2,5],[-7,9],[0,15],[-1,33],[-11,8],[-2,1],[-5,3],[-33,35],[-20,-31],[-17,40],[-24,-1],[-1,31],[12,5],[8,3],[1,1],[20,16],[9,8],[37,-22],[16,42],[4,11],[19,-1],[2,0],[0,-20],[2,-42],[1,-39],[1,-13],[6,-33],[8,-44],[3,-14],[12,-67],[3,-17],[10,-41],[0,0],[4,-15],[14,-57],[14,-36],[0,-1],[19,-53],[5,-1],[41,-6],[15,-2],[2,-1],[11,-9],[8,-8],[-3,-15]],[[327865,661069],[8,22],[22,7],[18,50],[1,65],[19,14],[9,-22],[-1,-26],[-10,-28],[-17,-57],[-6,-82],[-16,31],[-20,-19],[-7,45]],[[325647,667798],[4,-86],[-2,-18],[1,-12],[3,-64],[38,15],[4,-39],[6,-66],[5,3],[27,-19],[8,-85],[2,-30],[11,-6],[6,5],[13,-38],[4,-3],[6,-8],[5,-21],[13,4],[3,16],[1,-37],[5,-108],[8,-200],[13,5]],[[326842,674236],[137,-267],[169,-328],[72,-143]],[[327455,674325],[88,316],[96,348],[25,94],[3,9]],[[327821,674446],[-4,-6],[-6,-11],[-2,-26],[3,-40],[-8,-43],[-12,-30],[-10,-12],[-15,-31],[-6,-26],[-4,-20],[-2,-13],[-2,-28],[2,-97],[3,-22],[9,-27],[1,-18],[-1,-35],[-14,-16],[-1,-22],[0,-24],[8,-32],[-3,-29],[0,-46],[2,-13],[0,-4]],[[331012,654460],[1,-52],[-1,-158],[-29,-19]],[[330983,654231],[-5,23],[-10,18],[-14,10],[-14,24],[-3,-15],[-11,7],[-4,11],[-12,-2],[-12,6],[-13,-2],[-6,11],[-22,4],[1,-11],[-4,-13],[-5,0],[8,-15],[5,-24],[-2,-23],[7,-17],[-6,-22],[10,15],[11,9],[5,-1],[12,-70],[17,-45],[2,11],[1,13],[3,7],[-2,13],[2,7],[6,4],[8,-9],[13,-38],[2,9],[7,-6],[3,23],[5,-3]],[[330966,654140],[35,1],[-4,-25],[-1,-39],[3,-61],[-2,-74],[-2,-44],[-7,-63],[-20,-90],[-18,-88],[-6,-35],[-24,33],[-2,4],[-28,-12],[-24,43],[-6,11],[-34,105],[-7,10],[-26,41],[-17,3]],[[324235,650354],[-4,18],[-6,9],[-6,24],[5,29],[-7,16],[8,3],[-6,61],[-3,42],[-1,38],[-10,46],[-7,48],[-7,20],[0,12],[-3,-9],[-15,43],[-2,-29],[-4,-16],[-3,0],[3,-50],[-9,-42],[-14,-8],[-15,10],[-9,-6],[-7,9],[-8,-4],[-7,19],[20,37],[-2,24],[-8,23],[-1,24],[-4,25],[-6,5],[-2,30],[-4,12],[-4,-8],[-1,36],[10,27],[-9,30]],[[328610,657726],[3,-43],[11,14],[20,-29],[2,-49],[2,-25],[-1,-28],[0,-28],[17,-47]],[[329141,653456],[19,-121],[9,-114],[1,-10],[4,-51],[11,-139],[9,-8],[60,-50],[16,-14],[-1,-5],[-3,-26],[-9,-74],[-10,-59],[2,-15],[-4,-6],[-3,-20],[-7,-25],[-10,-50],[0,-19],[-8,8],[-7,-40],[-32,-175],[-1,-34],[-2,-7]],[[329175,652402],[-11,28],[-20,23],[-25,2],[-4,-3],[-36,-33],[-4,-1],[-29,-12],[-11,-4],[-2,-3],[-19,-28],[-18,14],[-7,-1]],[[328845,653824],[7,20],[0,60],[-11,51],[-8,-2],[-19,18],[-38,1],[-3,-7],[-1,0],[-5,-10],[-5,11],[4,25],[9,16],[7,27],[11,12],[5,28],[4,5],[10,-5],[3,15],[-4,27],[10,15],[1,2],[18,16],[5,-1],[11,-3],[19,28],[6,10],[8,12],[5,3],[5,4]],[[330983,654231],[-9,-27],[-3,-16],[-5,-48]],[[325609,663877],[4,105],[3,66],[0,4],[6,118],[4,96],[2,38],[3,51],[12,248],[10,221]],[[325462,656008],[-35,-3],[-31,-5],[-33,-2],[-113,-8]],[[329906,653429],[-9,-6],[-14,-22],[-1,-35],[-7,-5],[-19,-14],[-8,-5],[-15,-23],[-16,59],[-2,4]],[[328780,651398],[21,3],[22,15],[29,57],[2,2],[38,84],[51,91],[16,-15],[7,-108],[1,-37],[-9,-64],[-4,-21],[0,-14],[0,-19],[3,-38],[4,-7],[4,-7],[14,21],[5,22],[6,25],[0,1]],[[329418,652877],[-1,-30],[-33,-154],[-7,-25],[-5,-15],[-34,-115],[-29,-50],[-24,-26],[-6,-2],[-15,-6],[-68,-27],[-21,-27],[0,2]],[[323639,661698],[6,-10],[12,16],[4,1],[2,19],[8,-2],[8,29],[8,13],[6,0],[4,14],[11,15],[4,-9],[1,13],[5,-2],[7,8],[-3,31],[10,15],[-5,14],[5,40],[-3,60],[0,78],[10,-14],[8,31],[-6,25],[-1,23],[5,7],[4,34],[15,28],[1,24],[4,24],[-2,8],[8,12],[6,-1],[8,-37],[5,-6],[19,81],[43,-62],[6,-2],[12,28],[2,8],[-3,21]],[[326012,651470],[11,29],[3,18],[1,14],[7,19],[4,21],[3,31],[4,14],[-15,8],[2,30],[5,55],[-1,24],[5,-2],[2,27],[3,3],[5,-2],[1,13],[4,53],[5,32],[39,-20],[3,43],[5,-3]],[[327097,675874],[112,-231]],[[328391,660590],[16,3],[6,48],[2,13],[4,1],[18,5],[-2,-46],[12,4],[1,-1],[1,-8],[-6,-73],[7,-19],[6,-14],[1,-73],[4,-16],[14,-58],[15,-55],[3,-8],[4,-17],[7,-7],[1,0],[18,-18],[16,-64],[10,-38],[26,-34],[10,9],[3,3],[9,-30],[7,-24],[-1,-14],[-1,-10],[-2,-44],[-3,-14],[-2,-17],[0,-44],[-1,-23],[-1,-8],[-7,-54],[0,-2],[12,-94],[1,-33],[1,-58],[8,-24],[15,-37]],[[329150,673270],[-53,-160],[-6,-30],[-5,-20],[-17,-81],[-10,-108],[-1,-4],[-6,-40],[2,-43],[-10,-41],[3,-56],[-2,-9],[-1,-8],[-18,-26],[-26,-138],[-3,-30]],[[328280,667865],[-1,-253],[4,-91],[7,-134],[2,-46],[3,-52],[0,-6],[6,-42]],[[327017,654311],[-6,-34],[-4,-24],[-15,-40],[-1,-2],[-3,-6],[-21,-43],[-8,7],[-1,1],[0,0]],[[326698,651305],[4,22],[4,0],[2,-9],[-4,-22],[-4,-1],[-2,10]],[[326694,651766],[3,4],[3,5],[4,-36],[1,-24],[-3,-49],[-3,-5],[-2,-4],[-2,29],[-1,19],[0,61]],[[326730,652085],[8,1],[6,19]],[[326828,651726],[-18,-12],[-5,-10],[-7,-10],[-5,-8],[-1,-8],[1,-25],[1,-33],[0,-12],[-1,-33],[-1,-30],[1,-50],[-4,-19],[-10,-3],[-8,-41],[4,-46],[-1,-8],[-3,-5],[-1,-49],[-10,-24],[-8,-15],[-3,1],[-3,2],[1,17],[3,26],[-5,17],[-7,-2],[-7,-18],[-5,11],[-3,31],[-2,16],[-11,4],[-10,-14],[-2,-22],[-12,-49],[-4,-15],[-6,-24],[-9,-2],[0,19],[-1,9],[-3,2],[-2,8],[-14,17],[-9,-14],[-6,-12],[-8,-13],[-7,-11],[-8,9],[-2,53],[-1,7],[-4,21],[-1,26],[-4,9],[-5,-3],[-3,18],[5,33],[5,-4],[3,2],[4,20],[14,36],[15,16],[5,18],[14,45],[13,56],[4,14],[6,-44],[-4,-49],[-2,-27],[1,-24],[5,9],[33,62],[14,14],[8,7],[0,16],[-1,12],[-1,29],[-1,20],[0,14],[-1,28],[-5,2],[-5,3],[-1,9],[-4,26],[0,24],[0,14],[-1,58]]],"objects":{"cb_2020_us_zcta520_500k":{"type":"GeometryCollection","geometries":[{"arcs":[[0,1,2,3,4]],"type":"Polygon","properties":{"ZCTA5CE20":"01585"}},{"arcs":[[5,6,7]],"type":"Polygon","properties":{"ZCTA5CE20":"03101"}},{"arcs":[[8,9,10,11,12,13,14]],"type":"Polygon","properties":{"ZCTA5CE20":"01741"}},{"arcs":[[15,16,17,18]],"type":"Polygon","properties":{"ZCTA5CE20":"06232"}},{"arcs":[[22,23,24,25,26,27]],"type":"Polygon","properties":{"ZCTA5CE20":"03043"}},{"arcs":[[28,29,30,31,32]],"type":"Polygon","properties":{"ZCTA5CE20":"01570"}},{"arcs":[[33,34,35,36]],"type":"Polygon","properties":{"ZCTA5CE20":"01608"}},{"arcs":[[37,38,39,40,41,42]],"type":"Polygon","properties":{"ZCTA5CE20":"03447"}},{"arcs":[[43,44,45,46,47,48,49]],"type":"Polygon","properties":{"ZCTA5CE20":"02717"}},{"arcs":[[50,51,52,53,54,55]],"type":"Polygon","properties":{"ZCTA5CE20":"06066"}},{"arcs":[[56,57]],"type":"Polygon","properties":{"ZCTA5CE20":"02876"}},{"arcs":[[58,59,60,61]],"type":"Polygon","properties":{"ZCTA5CE20":"02762"}},{"arcs":[[62,63,64]],"type":"Polygon","properties":{"ZCTA5CE20":"02823"}},{"arcs":[[65,66,67,68,69,70,71]],"type":"Polygon","properties":{"ZCTA5CE20":"03042"}},{"arcs":[[72,73,74,75,76,77,-25]],"type":"Polygon","properties":{"ZCTA5CE20":"03070"}},{"arcs":[[78,79,80,81,82,83,-3]],"type":"Polygon","properties":{"ZCTA5CE20":"01506"}},{"arcs":[[84,85,86,87]],"type":"Polygon","properties":{"ZCTA5CE20":"02646"}},{"arcs":[[88,89,90]],"type":"Polygon","properties":{"ZCTA5CE20":"06262"}},{"arcs":[[91,92,93,94]],"type":"Polygon","properties":{"ZCTA5CE20":"02863"}},{"arcs":[[95,96,97,98,99]],"type":"Polygon","properties":{"ZCTA5CE20":"02141"}},{"arcs":[[100,101,102,103,104]],"type":"Polygon","properties":{"ZCTA5CE20":"02351"}},{"arcs":[[105,106,107,108,109,110]],"type":"Polygon","properties":{"ZCTA5CE20":"02726"}},{"arcs":[[111,112,113,114]],"type":"Polygon","properties":{"ZCTA5CE20":"03060"}},{"arcs":[[115,116,117,118,119,120,121,122]],"type":"Polygon","properties":{"ZCTA5CE20":"03825"}},{"arcs":[[123,124,125,126]],"type":"Polygon","properties":{"ZCTA5CE20":"02025"}},{"arcs":[[127]],"type":"Polygon","properties":{"ZCTA5CE20":"06258"}},{"arcs":[[[128,129,130]],[[131,132]]],"type":"MultiPolygon","properties":{"ZCTA5CE20":"06264"}},{"arcs":[[133]],"type":"Polygon","properties":{"ZCTA5CE20":"06350"}},{"arcs":[[134,135,-14,136,137,138,139],[140]],"type":"Polygon","properties":{"ZCTA5CE20":"01720"}},{"arcs":[[141,142,143,144,145,146]],"type":"Polygon","properties":{"ZCTA5CE20":"03873"}},{"arcs":[[-22,147,148,149,150,151,152]],"type":"Polygon","properties":{"ZCTA5CE20":"01056"}},{"arcs":[[153,154,155,156,157,158]],"type":"Polygon","properties":{"ZCTA5CE20":"01740"}},{"arcs":[[160]],"type":"Polygon","properties":{"ZCTA5CE20":"02350"}},{"arcs":[[161,162,163,164,165]],"type":"Polygon","properties":{"ZCTA5CE20":"01960"}},{"arcs":[[166,167,168,169,170,171,172,-97,173]],"type":"Polygon","properties":{"ZCTA5CE20":"02129"}},{"arcs":[[174,175,176,-39,177,178]],"type":"Polygon","properties":{"ZCTA5CE20":"03452"}},{"arcs":[[179,180,181,182,183,184,185]],"type":"Polygon","properties":{"ZCTA5CE20":"01564"}},{"arcs":[[186,187,188,189,190]],"type":"Polygon","properties":{"ZCTA5CE20":"02916"}},{"arcs":[[191,192,193,194,195]],"type":"Polygon","properties":{"ZCTA5CE20":"03033"}},{"arcs":[[196,197,198,199]],"type":"Polygon","properties":{"ZCTA5CE20":"02858"}},{"arcs":[[201,202,203,204]],"type":"Polygon","properties":{"ZCTA5CE20":"02462"}},{"arcs":[[205,206,207,208,209,210,211]],"type":"Polygon","properties":{"ZCTA5CE20":"03865"}},{"arcs":[[[212,213]],[[214]]],"type":"MultiPolygon","properties":{"ZCTA5CE20":"03910"}},{"arcs":[[215,216]],"type":"Polygon","properties":{"ZCTA5CE20":"02744"}},{"arcs":[[217,218,219,220,221]],"type":"Polygon","properties":{"ZCTA5CE20":"02357"}},{"arcs":[[[222,223]],[[224,225]]],"type":"MultiPolygon","properties":{"ZCTA5CE20":"06353"}},{"arcs":[[226,227,228,229]],"type":"Polygon","properties":{"ZCTA5CE20":"03086"}},{"arcs":[[230,231,232]],"type":"Polygon","properties":{"ZCTA5CE20":"02205"}},{"arcs":[[234,235,236,237,238,239,240]],"type":"Polygon","properties":{"ZCTA5CE20":"01520"}},{"arcs":[[241,242,243,244,245,246,-102]],"type":"Polygon","properties":{"ZCTA5CE20":"02370"}},{"arcs":[[248]],"type":"Polygon","properties":{"ZCTA5CE20":"02366"}},{"arcs":[[249,250]],"type":"Polygon","properties":{"ZCTA5CE20":"02815"}},{"arcs":[[251,252,253,254,255]],"type":"Polygon","properties":{"ZCTA5CE20":"01036"}},{"arcs":[[256,257,258,259,260,261,262]],"type":"Polygon","properties":{"ZCTA5CE20":"01068"}},{"arcs":[[263,264,265,266]],"type":"Polygon","properties":{"ZCTA5CE20":"01094"}},{"arcs":[[267,268,269,270,271]],"type":"Polygon","properties":{"ZCTA5CE20":"03234"}},{"arcs":[[272,273,274,275,276]],"type":"Polygon","properties":{"ZCTA5CE20":"03255"}},{"arcs":[[277,278,279,280,-73,-24,281]],"type":"Polygon","properties":{"ZCTA5CE20":"03281"}},{"arcs":[[282,283]],"type":"Polygon","properties":{"ZCTA5CE20":"03291"}},{"arcs":[[284,285,286]],"type":"Polygon","properties":{"ZCTA5CE20":"06336"}},{"arcs":[[287,288,-28,289,290]],"type":"Polygon","properties":{"ZCTA5CE20":"03442"}},{"arcs":[[291,292,293,294,295]],"type":"Polygon","properties":{"ZCTA5CE20":"03450"}},{"arcs":[[296,297,298,299,300]],"type":"Polygon","properties":{"ZCTA5CE20":"01366"}},{"arcs":[[304,305]],"type":"Polygon","properties":{"ZCTA5CE20":"01438"}},{"arcs":[[306,307]],"type":"Polygon","properties":{"ZCTA5CE20":"01525"}},{"arcs":[[308,309,-79,-2,310]],"type":"Polygon","properties":{"ZCTA5CE20":"01535"}},{"arcs":[[311,312,313,314,315,-259]],"type":"Polygon","properties":{"ZCTA5CE20":"01543"}},{"arcs":[[316]],"type":"Polygon","properties":{"ZCTA5CE20":"01561"}},{"arcs":[[317,318,319,320]],"type":"Polygon","properties":{"ZCTA5CE20":"01611"}},{"arcs":[[321,-140,322,323]],"type":"Polygon","properties":{"ZCTA5CE20":"01719"}},{"arcs":[[324,325,326]],"type":"Polygon","properties":{"ZCTA5CE20":"01745"}},{"arcs":[[327,328,329,330,331,332]],"type":"Polygon","properties":{"ZCTA5CE20":"01834"}},{"arcs":[[333]],"type":"Polygon","properties":{"ZCTA5CE20":"01937"}},{"arcs":[[334,335,336,337,338,-330,339]],"type":"Polygon","properties":{"ZCTA5CE20":"01985"}},{"arcs":[[340,341,342]],"type":"Polygon","properties":{"ZCTA5CE20":"02071"}},{"arcs":[[-99,343,344,345]],"type":"Polygon","properties":{"ZCTA5CE20":"02142"}},{"arcs":[[346,347]],"type":"Polygon","properties":{"ZCTA5CE20":"02203"}},{"arcs":[[348,349,-105,350,351,352]],"type":"Polygon","properties":{"ZCTA5CE20":"02343"}},{"arcs":[[353,354,355,356,-205,357,358,359,360]],"type":"Polygon","properties":{"ZCTA5CE20":"02493"}},{"arcs":[[361,362,363,364]],"type":"Polygon","properties":{"ZCTA5CE20":"02562"}},{"arcs":[[365,366,367]],"type":"Polygon","properties":{"ZCTA5CE20":"02637"}},{"arcs":[[368,369]],"type":"Polygon","properties":{"ZCTA5CE20":"02763"}},{"arcs":[[370,371]],"type":"Polygon","properties":{"ZCTA5CE20":"02791"}},{"arcs":[[372,373,374,375,376]],"type":"Polygon","properties":{"ZCTA5CE20":"03605"}},{"arcs":[[378,379,380,381,382,383]],"type":"Polygon","properties":{"ZCTA5CE20":"02338"}},{"arcs":[[384,385,386,387,-40,-177]],"type":"Polygon","properties":{"ZCTA5CE20":"03461"}},{"arcs":[[388,389,390,391,392,393,394,-129,-132,395]],"type":"Polygon","properties":{"ZCTA5CE20":"06247"}},{"arcs":[[396,397,398,399,400,401]],"type":"Polygon","properties":{"ZCTA5CE20":"01864"}},{"arcs":[[402,403,404,405,406,407,408]],"type":"Polygon","properties":{"ZCTA5CE20":"01852"}},{"arcs":[[409,410,411,412,413,414,415,416]],"type":"Polygon","properties":{"ZCTA5CE20":"03106"}},{"arcs":[[417,418,419,420,421]],"type":"Polygon","properties":{"ZCTA5CE20":"01984"}},{"arcs":[[422,-57]],"type":"Polygon","properties":{"ZCTA5CE20":"02824"}},{"arcs":[[423,424]],"type":"Polygon","properties":{"ZCTA5CE20":"02841"}},{"arcs":[[427]],"type":"Polygon","properties":{"ZCTA5CE20":"03231"}},{"arcs":[[428]],"type":"Polygon","properties":{"ZCTA5CE20":"02918"}},{"arcs":[[429,-178,-38,430,431]],"type":"Polygon","properties":{"ZCTA5CE20":"03465"}},{"arcs":[[-141]],"type":"Polygon","properties":{"ZCTA5CE20":"01718"}},{"arcs":[[432,433,434,435,436,437,-68]],"type":"Polygon","properties":{"ZCTA5CE20":"03857"}},{"arcs":[[438,439,440]],"type":"Polygon","properties":{"ZCTA5CE20":"02561"}},{"arcs":[[441,442,443,444],[445]],"type":"Polygon","properties":{"ZCTA5CE20":"02047"}},{"arcs":[[446,447,448,449]],"type":"Polygon","properties":{"ZCTA5CE20":"02672"}},{"arcs":[[450,451,452,453,-219,454,455]],"type":"Polygon","properties":{"ZCTA5CE20":"02301"}},{"arcs":[[456,457,458,459,460,461,462]],"type":"Polygon","properties":{"ZCTA5CE20":"02180"}},{"arcs":[[463,464,465,466,467,468]],"type":"Polygon","properties":{"ZCTA5CE20":"01748"}},{"arcs":[[469,470,471,472,473,474,475]],"type":"Polygon","properties":{"ZCTA5CE20":"06415"}},{"arcs":[[476,477]],"type":"Polygon","properties":{"ZCTA5CE20":"06387"}},{"arcs":[[478,479,480,481,482]],"type":"Polygon","properties":{"ZCTA5CE20":"03855"}},{"arcs":[[483,-255,484,485,486],[487]],"type":"Polygon","properties":{"ZCTA5CE20":"06071"}},{"arcs":[[488,489,490,491,492,493]],"type":"Polygon","properties":{"ZCTA5CE20":"03076"}},{"arcs":[[494,495,496,497,498,499,500]],"type":"Polygon","properties":{"ZCTA5CE20":"01756"}},{"arcs":[[501,502]],"type":"Polygon","properties":{"ZCTA5CE20":"02829"}},{"arcs":[[503,504,505,506,507,-279,508]],"type":"Polygon","properties":{"ZCTA5CE20":"03229"}},{"arcs":[[509,510,-509,-278,511]],"type":"Polygon","properties":{"ZCTA5CE20":"03242"}},{"arcs":[[512,513,514,-302,-426,515]],"type":"Polygon","properties":{"ZCTA5CE20":"03467"}},{"arcs":[[516]],"type":"Polygon","properties":{"ZCTA5CE20":"06263"}},{"arcs":[[517,518,519,520,-313,521,522]],"type":"Polygon","properties":{"ZCTA5CE20":"01452"}},{"arcs":[[523,524,525]],"type":"Polygon","properties":{"ZCTA5CE20":"02457"}},{"arcs":[[-387,526,527,528,529,530,531]],"type":"Polygon","properties":{"ZCTA5CE20":"01430"}},{"arcs":[[-508,532,-410,533,-280]],"type":"Polygon","properties":{"ZCTA5CE20":"03046"}},{"arcs":[[534,535,536,537,-242,-101,-350]],"type":"Polygon","properties":{"ZCTA5CE20":"02190"}},{"arcs":[[538,-375,539,540,541,542]],"type":"Polygon","properties":{"ZCTA5CE20":"03456"}},{"arcs":[[543,544,545,546,-162,547,-399]],"type":"Polygon","properties":{"ZCTA5CE20":"01949"}},{"arcs":[[548,549,550,551,552]],"type":"Polygon","properties":{"ZCTA5CE20":"04083"}},{"arcs":[[553,554,555,-143]],"type":"Polygon","properties":{"ZCTA5CE20":"03819"}},{"arcs":[[-461,556,557,558,559]],"type":"Polygon","properties":{"ZCTA5CE20":"02148"}},{"arcs":[[560,561,-268,562]],"type":"Polygon","properties":{"ZCTA5CE20":"03258"}},{"arcs":[[-499,563,564,565]],"type":"Polygon","properties":{"ZCTA5CE20":"01529"}},{"arcs":[[566,567,568,569,570]],"type":"Polygon","properties":{"ZCTA5CE20":"02062"}},{"arcs":[[571,572,573,-543,574,575,576,577,578]],"type":"Polygon","properties":{"ZCTA5CE20":"03602"}},{"arcs":[[580,581,582,583,584,585,586,587]],"type":"Polygon","properties":{"ZCTA5CE20":"06339"}},{"arcs":[[588,589,590,591],[592],[593]],"type":"Polygon","properties":{"ZCTA5CE20":"06268"}},{"arcs":[[-17,594,595,596,597,598]],"type":"Polygon","properties":{"ZCTA5CE20":"06237"}},{"arcs":[[599,600,601,-53,602]],"type":"Polygon","properties":{"ZCTA5CE20":"06084"}},{"arcs":[[604,605,606,607,608,609,-285,610]],"type":"Polygon","properties":{"ZCTA5CE20":"06254"}},{"arcs":[[612,613,614,615,616]],"type":"Polygon","properties":{"ZCTA5CE20":"01843"}},{"arcs":[[617,-191,618,619,620,621,622],[623],[624]],"type":"Polygon","properties":{"ZCTA5CE20":"02906"}},{"arcs":[[625,626,627,628]],"type":"Polygon","properties":{"ZCTA5CE20":"02842"}},{"arcs":[[629,630,-62,631,632,-92,633,634,635]],"type":"Polygon","properties":{"ZCTA5CE20":"02864"}},{"arcs":[[636,637,638,639,640,641]],"type":"Polygon","properties":{"ZCTA5CE20":"02806"}},{"arcs":[[642,643,644,-297,645,646,647,648,649]],"type":"Polygon","properties":{"ZCTA5CE20":"01355"}},{"arcs":[[[-221,650]],[[651,-455,-218,652,653,654]]],"type":"MultiPolygon","properties":{"ZCTA5CE20":"02356"}},{"arcs":[[655,656,657,658,-490,659]],"type":"Polygon","properties":{"ZCTA5CE20":"03079"}},{"arcs":[[660,661,662,-112,663]],"type":"Polygon","properties":{"ZCTA5CE20":"03064"}},{"arcs":[[664,665,666,667,668,669]],"type":"Polygon","properties":{"ZCTA5CE20":"03235"}},{"arcs":[[-507,670,671,-411,-533]],"type":"Polygon","properties":{"ZCTA5CE20":"03304"}},{"arcs":[[672,-117,673]],"type":"Polygon","properties":{"ZCTA5CE20":"03839"}},{"arcs":[[674,675,676]],"type":"Polygon","properties":{"ZCTA5CE20":"02152"}},{"arcs":[[-41,-388,-532,677,678,679]],"type":"Polygon","properties":{"ZCTA5CE20":"01475"}},{"arcs":[[680,681,682,683,684,685,686]],"type":"Polygon","properties":{"ZCTA5CE20":"02537"}},{"arcs":[[687,-127,688,689,-243,-538,690,691,692]],"type":"Polygon","properties":{"ZCTA5CE20":"02043"}},{"arcs":[[693,694,695,696,697]],"type":"Polygon","properties":{"ZCTA5CE20":"02124"}},{"arcs":[[698,699,700,701,702,-406]],"type":"Polygon","properties":{"ZCTA5CE20":"01876"}},{"arcs":[[703,704,705,706,707,708,709]],"type":"Polygon","properties":{"ZCTA5CE20":"02132"}},{"arcs":[[710,711,712,713,714,715]],"type":"Polygon","properties":{"ZCTA5CE20":"01701"}},{"arcs":[[716,717,718,-318,719]],"type":"Polygon","properties":{"ZCTA5CE20":"01603"}},{"arcs":[[[-358,-204,720,721,722,723,-524,724]],[[725]]],"type":"MultiPolygon","properties":{"ZCTA5CE20":"02481"}},{"arcs":[[726,727,728,729,730,731]],"type":"Polygon","properties":{"ZCTA5CE20":"01536"}},{"arcs":[[-529,732,733,734,735,736]],"type":"Polygon","properties":{"ZCTA5CE20":"01420"}},{"arcs":[[737,738,739,740,741,742]],"type":"Polygon","properties":{"ZCTA5CE20":"02888"}},{"arcs":[[743,744,745,746,747,748,749,750]],"type":"Polygon","properties":{"ZCTA5CE20":"01450"}},{"arcs":[[-394,751,752,753,754,755,756,757]],"type":"Polygon","properties":{"ZCTA5CE20":"06331"}},{"arcs":[[[758]],[[759]],[[-164,760,761,762,763,764,765,766]]],"type":"MultiPolygon","properties":{"ZCTA5CE20":"01970"}},{"arcs":[[767,768,769]],"type":"Polygon","properties":{"ZCTA5CE20":"02557"}},{"arcs":[[770,771,772,773,774,775]],"type":"Polygon","properties":{"ZCTA5CE20":"02445"}},{"arcs":[[-374,-427,776,777,778,-540]],"type":"Polygon","properties":{"ZCTA5CE20":"03280"}},{"arcs":[[780]],"type":"Polygon","properties":{"ZCTA5CE20":"02325"}},{"arcs":[[781,782,783,784,785,786,-504,-511,787]],"type":"Polygon","properties":{"ZCTA5CE20":"03278"}},{"arcs":[[788,789]],"type":"Polygon","properties":{"ZCTA5CE20":"02836"}},{"arcs":[[790,791]],"type":"Polygon","properties":{"ZCTA5CE20":"02199"}},{"arcs":[[795,796,797,798]],"type":"Polygon","properties":{"ZCTA5CE20":"04030"}},{"arcs":[[799,-795,800,801,802,803,804]],"type":"Polygon","properties":{"ZCTA5CE20":"04048"}},{"arcs":[[-77,805,806,807]],"type":"Polygon","properties":{"ZCTA5CE20":"03057"}},{"arcs":[[-541,-779,808,809,810,811,812,813]],"type":"Polygon","properties":{"ZCTA5CE20":"03464"}},{"arcs":[[814,815,816,817,-154,818,-181,819],[-317]],"type":"Polygon","properties":{"ZCTA5CE20":"01523"}},{"arcs":[[820,821,822]],"type":"Polygon","properties":{"ZCTA5CE20":"03907"}},{"arcs":[[823,824,-496,825]],"type":"Polygon","properties":{"ZCTA5CE20":"01747"}},{"arcs":[[[-741,826,827]],[[828]]],"type":"MultiPolygon","properties":{"ZCTA5CE20":"02889"}},{"arcs":[[829,830,-146,831,832,-656,833,834]],"type":"Polygon","properties":{"ZCTA5CE20":"03038"}},{"arcs":[[835,836,837,838,839]],"type":"Polygon","properties":{"ZCTA5CE20":"03868"}},{"arcs":[[840,841,842,843,844,845]],"type":"Polygon","properties":{"ZCTA5CE20":"03864"}},{"arcs":[[846,847,848,-494,849,-113,-663]],"type":"Polygon","properties":{"ZCTA5CE20":"03051"}},{"arcs":[[850,851,852,853,854,855,856,-435]],"type":"Polygon","properties":{"ZCTA5CE20":"03801"}},{"arcs":[[857,858,859,860,861,862]],"type":"Polygon","properties":{"ZCTA5CE20":"01905"}},{"arcs":[[863,864,-384,865,866],[-781]],"type":"Polygon","properties":{"ZCTA5CE20":"02324"}},{"arcs":[[-108,867,868,-44,869]],"type":"Polygon","properties":{"ZCTA5CE20":"02702"}},{"arcs":[[870,-81,871,872,873,874,875,876]],"type":"Polygon","properties":{"ZCTA5CE20":"01566"}},{"arcs":[[-715,877,878,879,-325]],"type":"Polygon","properties":{"ZCTA5CE20":"01702"}},{"arcs":[[880,881,882,883,884]],"type":"Polygon","properties":{"ZCTA5CE20":"02460"}},{"arcs":[[885,-617,886,-397,887,-700,888]],"type":"Polygon","properties":{"ZCTA5CE20":"01810"}},{"arcs":[[889,890,-772,891]],"type":"Polygon","properties":{"ZCTA5CE20":"02446"}},{"arcs":[[-633,892,-369,893,894,895,896,897,898,899,-93]],"type":"Polygon","properties":{"ZCTA5CE20":"02703"}},{"arcs":[[900,-351,-104,901,902,903,-452]],"type":"Polygon","properties":{"ZCTA5CE20":"02302"}},{"arcs":[[904,905,906]],"type":"Polygon","properties":{"ZCTA5CE20":"02643"}},{"arcs":[[907,908,909,910,911,912,913]],"type":"Polygon","properties":{"ZCTA5CE20":"02818"}},{"arcs":[[914,-768,915,916]],"type":"Polygon","properties":{"ZCTA5CE20":"02539"}},{"arcs":[[917,-286,-610,918,919,920,921,922]],"type":"Polygon","properties":{"ZCTA5CE20":"06334"}},{"arcs":[[923,924,925,926,-590,927]],"type":"Polygon","properties":{"ZCTA5CE20":"06278"}},{"arcs":[[[-594]],[[-591,-927,928,929,930,931]]],"type":"MultiPolygon","properties":{"ZCTA5CE20":"06250"}},{"arcs":[[932,933,934,935]],"type":"Polygon","properties":{"ZCTA5CE20":"06379"}},{"arcs":[[936,-756,937,938,939,940,941,942,943]],"type":"Polygon","properties":{"ZCTA5CE20":"06351"}},{"arcs":[[-570,944,945]],"type":"Polygon","properties":{"ZCTA5CE20":"02032"}},{"arcs":[[-799,947,948,949]],"type":"Polygon","properties":{"ZCTA5CE20":"04087"}},{"arcs":[[[950,-804,951]],[[952,953,-802,954,955,956,957]]],"type":"MultiPolygon","properties":{"ZCTA5CE20":"04095"}},{"arcs":[[958,959,960,-119]],"type":"Polygon","properties":{"ZCTA5CE20":"03823"}},{"arcs":[[961,962,-670,963,-785,964],[-428]],"type":"Polygon","properties":{"ZCTA5CE20":"03216"}},{"arcs":[[-943,965]],"type":"Polygon","properties":{"ZCTA5CE20":"06380"}},{"arcs":[[-931,966,967,968,969,-596,970]],"type":"Polygon","properties":{"ZCTA5CE20":"06226"}},{"arcs":[[971,972,-877,973,974]],"type":"Polygon","properties":{"ZCTA5CE20":"01521"}},{"arcs":[[977,978,979,980,981]],"type":"Polygon","properties":{"ZCTA5CE20":"02718"}},{"arcs":[[982,-437,983,984,985]],"type":"Polygon","properties":{"ZCTA5CE20":"03885"}},{"arcs":[[986,-409,987,988]],"type":"Polygon","properties":{"ZCTA5CE20":"01851"}},{"arcs":[[989,990,991,992,993]],"type":"Polygon","properties":{"ZCTA5CE20":"02639"}},{"arcs":[[994,995,996,997,998]],"type":"Polygon","properties":{"ZCTA5CE20":"02664"}},{"arcs":[[999,1000,1001,-711,1002,1003]],"type":"Polygon","properties":{"ZCTA5CE20":"01752"}},{"arcs":[[1004,1005,1006,-456,-652,1007]],"type":"Polygon","properties":{"ZCTA5CE20":"02072"}},{"arcs":[[1008,1009,-403,-987,1010,1011]],"type":"Polygon","properties":{"ZCTA5CE20":"01854"}},{"arcs":[[1012,1013,-817,1014]],"type":"Polygon","properties":{"ZCTA5CE20":"01434"}},{"arcs":[[1015,1016,-776,1017,-704,1018]],"type":"Polygon","properties":{"ZCTA5CE20":"02467"}},{"arcs":[[[-446]],[[1019,-444,-443,1020,1021,1022,1023]]],"type":"MultiPolygon","properties":{"ZCTA5CE20":"02050"}},{"arcs":[[-899,1024,-188,1025]],"type":"Polygon","properties":{"ZCTA5CE20":"02861"}},{"arcs":[[[-625]],[[-624]],[[-621,1026]]],"type":"MultiPolygon","properties":{"ZCTA5CE20":"02912"}},{"arcs":[[1027,-284,1028,-121,1029,-66,1030,1031]],"type":"Polygon","properties":{"ZCTA5CE20":"03290"}},{"arcs":[[1032,1033,1034,1035,1036,1037,-198,1038,-200,1039,1040]],"type":"Polygon","properties":{"ZCTA5CE20":"02830"}},{"arcs":[[1041,1042,1043,1044,1045,1046]],"type":"Polygon","properties":{"ZCTA5CE20":"02909"}},{"arcs":[[-197,-1039]],"type":"Polygon","properties":{"ZCTA5CE20":"02826"}},{"arcs":[[1047,1048,1049,-854,1050]],"type":"Polygon","properties":{"ZCTA5CE20":"03904"}},{"arcs":[[1051,1052,1053,-214,1054,1055,1056,1057,-1048,1058],[-215]],"type":"Polygon","properties":{"ZCTA5CE20":"03909"}},{"arcs":[[1063,1064,1065,1066,1067,1068]],"type":"Polygon","properties":{"ZCTA5CE20":"03220"}},{"arcs":[[1069,1070,1071,1072,1073,-75]],"type":"Polygon","properties":{"ZCTA5CE20":"03110"}},{"arcs":[[1074,1075,1076,1077,1078]],"type":"Polygon","properties":{"ZCTA5CE20":"03842"}},{"arcs":[[-775,1079,1080,1081,1082,1083,-705,-1018]],"type":"Polygon","properties":{"ZCTA5CE20":"02130"}},{"arcs":[[-678,-531,1084,-519,1085,-305,1086,1087]],"type":"Polygon","properties":{"ZCTA5CE20":"01440"}},{"arcs":[[1088,1089,1090,1091]],"type":"Polygon","properties":{"ZCTA5CE20":"02452"}},{"arcs":[[1092]],"type":"Polygon","properties":{"ZCTA5CE20":"02163"}},{"arcs":[[1093,-664,1094,1095]],"type":"Polygon","properties":{"ZCTA5CE20":"03063"}},{"arcs":[[1096,1097,1098,-336,1099,1100]],"type":"Polygon","properties":{"ZCTA5CE20":"01913"}},{"arcs":[[1101,1102,-860]],"type":"Polygon","properties":{"ZCTA5CE20":"01901"}},{"arcs":[[1103,1104,1105,1106,1107,1108]],"type":"Polygon","properties":{"ZCTA5CE20":"02812"}},{"arcs":[[1109,1110,1111,1112,-147,-831]],"type":"Polygon","properties":{"ZCTA5CE20":"03036"}},{"arcs":[[-416,1113,-8,1114,-1071,1115]],"type":"Polygon","properties":{"ZCTA5CE20":"03102"}},{"arcs":[[1116,1117,1118,1119,1120,1121,-780]],"type":"Polygon","properties":{"ZCTA5CE20":"01360"}},{"arcs":[[1122,1123,1124,1125,-342,1126,1127,1128]],"type":"Polygon","properties":{"ZCTA5CE20":"02056"}},{"arcs":[[1129,1130,1131,1132]],"type":"Polygon","properties":{"ZCTA5CE20":"02764"}},{"arcs":[[[1133]],[[-856,1134,1135,1136,1137],[1138]]],"type":"MultiPolygon","properties":{"ZCTA5CE20":"03870"}},{"arcs":[[1141,1142,1143,1144,1145,1146,-477,1147,1148]],"type":"Polygon","properties":{"ZCTA5CE20":"06239"}},{"arcs":[[-586,1149,1150,1151]],"type":"Polygon","properties":{"ZCTA5CE20":"06355"}},{"arcs":[[-922,1152,-223,-226,1153,1154,1155,-1141,1156]],"type":"Polygon","properties":{"ZCTA5CE20":"06370"}},{"arcs":[[1157,1158,1159,1160]],"type":"Polygon","properties":{"ZCTA5CE20":"02652"}},{"arcs":[[1161,-320,1162,1163,1164,1165]],"type":"Polygon","properties":{"ZCTA5CE20":"01542"}},{"arcs":[[1167,1168,1169,1170,1171,1172,1173]],"type":"Polygon","properties":{"ZCTA5CE20":"02874"}},{"arcs":[[1174,1175,1176,1177,1178,-882]],"type":"Polygon","properties":{"ZCTA5CE20":"02472"}},{"arcs":[[1179,1180,1181,1182],[1183]],"type":"Polygon","properties":{"ZCTA5CE20":"02461"}},{"arcs":[[[1184,1185,1186]],[[1187,1188,1189,1190]]],"type":"MultiPolygon","properties":{"ZCTA5CE20":"02667"}},{"arcs":[[1191,-742,-828,1192,-910,1193],[-829]],"type":"Polygon","properties":{"ZCTA5CE20":"02886"}},{"arcs":[[-735,1194,-820,-180,1195]],"type":"Polygon","properties":{"ZCTA5CE20":"01453"}},{"arcs":[[1196,1197,1198,1199]],"type":"Polygon","properties":{"ZCTA5CE20":"02724"}},{"arcs":[[-137,-13,1200,1201,1202,1203]],"type":"Polygon","properties":{"ZCTA5CE20":"01742"}},{"arcs":[[1204,1205,1206,-773,-891,1207]],"type":"Polygon","properties":{"ZCTA5CE20":"02215"}},{"arcs":[[-49,1208,1209,1210,1211,1212,1213]],"type":"Polygon","properties":{"ZCTA5CE20":"02747"}},{"arcs":[[1214,-766,1215,1216,1217,1218,-1102,-859]],"type":"Polygon","properties":{"ZCTA5CE20":"01902"}},{"arcs":[[1219,1220,-100,-346,1221,-1205,1222]],"type":"Polygon","properties":{"ZCTA5CE20":"02139"}},{"arcs":[[-765,1223,1224,-1216]],"type":"Polygon","properties":{"ZCTA5CE20":"01907"}},{"arcs":[[1225,1226,1227,1228,1229,-939,1230]],"type":"Polygon","properties":{"ZCTA5CE20":"06384"}},{"arcs":[[-485,-254,1232,1233,-974,-876,1234,1235,1236,-924,1237,-600,1238]],"type":"Polygon","properties":{"ZCTA5CE20":"06076"}},{"arcs":[[-1237,1239,1240,1241,-391,1242,-925]],"type":"Polygon","properties":{"ZCTA5CE20":"06242"}},{"arcs":[[1243,-1240,-1236],[1244]],"type":"Polygon","properties":{"ZCTA5CE20":"06282"}},{"arcs":[[1245,1246,-622,-1027,-620,1247,1248,1249,-1044]],"type":"Polygon","properties":{"ZCTA5CE20":"02903"}},{"arcs":[[1250,1251,1252,1253,-63,1254,1255]],"type":"Polygon","properties":{"ZCTA5CE20":"02921"}},{"arcs":[[-150,1256,1257,1258,-252,1259,-234,1260,1261]],"type":"Polygon","properties":{"ZCTA5CE20":"01095"}},{"arcs":[[-1203,1262,1263,1264,-354,1265]],"type":"Polygon","properties":{"ZCTA5CE20":"01773"}},{"arcs":[[1267,1268,1269,1270]],"type":"Polygon","properties":{"ZCTA5CE20":"03109"}},{"arcs":[[-1073,1271,1272,-661,-1094,1273,1274]],"type":"Polygon","properties":{"ZCTA5CE20":"03054"}},{"arcs":[[1275,1276,-122,-1029,-283,-1028,1277,-270]],"type":"Polygon","properties":{"ZCTA5CE20":"03261"}},{"arcs":[[1278,-1246,-1043,1279],[-429]],"type":"Polygon","properties":{"ZCTA5CE20":"02908"}},{"arcs":[[1280,1281,-623,-1247,-1279,1282,1283]],"type":"Polygon","properties":{"ZCTA5CE20":"02904"}},{"arcs":[[-1060,1284,1285,1286,1287,1288,1289,1290]],"type":"Polygon","properties":{"ZCTA5CE20":"04074"}},{"arcs":[[1291,-952,-803,-954]],"type":"Polygon","properties":{"ZCTA5CE20":"04056"}},{"arcs":[[1292,1293,1294,1295]],"type":"Polygon","properties":{"ZCTA5CE20":"01560"}},{"arcs":[[-1190,1296,1297,-1185,1298]],"type":"Polygon","properties":{"ZCTA5CE20":"02663"}},{"arcs":[[1299,1300,1301,-1276,-269,-562,1302]],"type":"Polygon","properties":{"ZCTA5CE20":"03263"}},{"arcs":[[1303,1304,1305,1306,1307]],"type":"Polygon","properties":{"ZCTA5CE20":"03837"}},{"arcs":[[1308,1309,-230,1310,1311,1312]],"type":"Polygon","properties":{"ZCTA5CE20":"03084"}},{"arcs":[[[-1184]],[[1313,-1183,1314,-722]]],"type":"MultiPolygon","properties":{"ZCTA5CE20":"02464"}},{"arcs":[[1315,1316,-1123,1317,1318,1319]],"type":"Polygon","properties":{"ZCTA5CE20":"02053"}},{"arcs":[[1320,1321,1322]],"type":"Polygon","properties":{"ZCTA5CE20":"01380"}},{"arcs":[[-640,1323,1324]],"type":"Polygon","properties":{"ZCTA5CE20":"02809"}},{"arcs":[[1325,1326,1327]],"type":"Polygon","properties":{"ZCTA5CE20":"02837"}},{"arcs":[[-1170,1328,1329]],"type":"Polygon","properties":{"ZCTA5CE20":"02882"}},{"arcs":[[1330,1331,1332,1333,1334,1335,1336]],"type":"Polygon","properties":{"ZCTA5CE20":"02474"}},{"arcs":[[1337,1338,-1257,-149]],"type":"Polygon","properties":{"ZCTA5CE20":"01080"}},{"arcs":[[-1003,-716,-327,1339,-465,1340,1341]],"type":"Polygon","properties":{"ZCTA5CE20":"01772"}},{"arcs":[[-1238,-928,-589,1342,-601]],"type":"Polygon","properties":{"ZCTA5CE20":"06279"}},{"arcs":[[1343,1344,1345,1346]],"type":"Polygon","properties":{"ZCTA5CE20":"06320"}},{"arcs":[[-1186,-1298,1347,-905,1348,1349]],"type":"Polygon","properties":{"ZCTA5CE20":"02642"}},{"arcs":[[1351,1352,1353,1354,1355,1356],[-248]],"type":"Polygon","properties":{"ZCTA5CE20":"04005"}},{"arcs":[[1357,1358,-677,1359,-170]],"type":"Polygon","properties":{"ZCTA5CE20":"02128"}},{"arcs":[[1361,-582]],"type":"Polygon","properties":{"ZCTA5CE20":"06338"}},{"arcs":[[1362,1363,1364,-1204,1365,-712,-1002]],"type":"Polygon","properties":{"ZCTA5CE20":"01776"}},{"arcs":[[-1063,1366,-1357,1367,-797,1368,-793]],"type":"Polygon","properties":{"ZCTA5CE20":"04042"}},{"arcs":[[1369,-94,-900,-1026,-187,-618,-1282]],"type":"Polygon","properties":{"ZCTA5CE20":"02860"}},{"arcs":[[1370,-1046,1371,1372,-743,-1192,1373,-1252]],"type":"Polygon","properties":{"ZCTA5CE20":"02920"}},{"arcs":[[1374,-565,1375,1376,1377,1378,1379,-1035],[-423,-58]],"type":"Polygon","properties":{"ZCTA5CE20":"02896"}},{"arcs":[[1380,1381,-1198,1382,1383,-1326,1384]],"type":"Polygon","properties":{"ZCTA5CE20":"02878"}},{"arcs":[[-619,-190,1385,1386,1387,-1248]],"type":"Polygon","properties":{"ZCTA5CE20":"02914"}},{"arcs":[[1388,1389,1390,1391]],"type":"Polygon","properties":{"ZCTA5CE20":"01607"}},{"arcs":[[-491,-659,1392,1393,1394,1395,-886,1396]],"type":"Polygon","properties":{"ZCTA5CE20":"01844"}},{"arcs":[[1397,-232,1398,1399,1400,1401]],"type":"Polygon","properties":{"ZCTA5CE20":"02127"}},{"arcs":[[1402,1403,-947,1404,-579,-580,-577,1405,-513,-1167]],"type":"Polygon","properties":{"ZCTA5CE20":"03608"}},{"arcs":[[1406,-71,1407,1408,-554,-142,-1113]],"type":"Polygon","properties":{"ZCTA5CE20":"03044"}},{"arcs":[[1409,-696,1410,1411,1412,1413,1414,1415,1416]],"type":"Polygon","properties":{"ZCTA5CE20":"02186"}},{"arcs":[[1417,1418,-174,-96,-1221,1419,1420]],"type":"Polygon","properties":{"ZCTA5CE20":"02143"}},{"arcs":[[[1421,1422]],[[1423,1424,-362,1425,1426,1427,1428],[-249]]],"type":"MultiPolygon","properties":{"ZCTA5CE20":"02360"}},{"arcs":[[-103,-247,1429,1430,-902]],"type":"Polygon","properties":{"ZCTA5CE20":"02382"}},{"arcs":[[1431,-668,1432,1433,1434,-505,-787]],"type":"Polygon","properties":{"ZCTA5CE20":"03303"}},{"arcs":[[-1178,1435,1436,-892,-771,-1017,1437]],"type":"Polygon","properties":{"ZCTA5CE20":"02135"}},{"arcs":[[1438,1439,1440,-874]],"type":"Polygon","properties":{"ZCTA5CE20":"01550"}},{"arcs":[[[1441,1442,1443,1444,1445]],[[1446,1447]],[[-172,1448,1449,1450]]],"type":"MultiPolygon","properties":{"ZCTA5CE20":"02109"}},{"arcs":[[1451,-999,1452,1453]],"type":"Polygon","properties":{"ZCTA5CE20":"02673"}},{"arcs":[[1454,-1428,1455,1456,1457,1458,1459,1460]],"type":"Polygon","properties":{"ZCTA5CE20":"02571"}},{"arcs":[[1461,1462,1463]],"type":"Polygon","properties":{"ZCTA5CE20":"02553"}},{"arcs":[[-912,1464,-1168,1465]],"type":"Polygon","properties":{"ZCTA5CE20":"02852"}},{"arcs":[[1466,-605,1467,-969]],"type":"Polygon","properties":{"ZCTA5CE20":"06266"}},{"arcs":[[-319,-719,1468,-1391,1469,1470,1471,-1163]],"type":"Polygon","properties":{"ZCTA5CE20":"01501"}},{"arcs":[[1472,1473,1474]],"type":"Polygon","properties":{"ZCTA5CE20":"06373"}},{"arcs":[[-333,1475,1476,1477,1478,-545,1479,1480]],"type":"Polygon","properties":{"ZCTA5CE20":"01921"}},{"arcs":[[-1349,-907,1481,1482,1483,1484]],"type":"Polygon","properties":{"ZCTA5CE20":"02653"}},{"arcs":[[1485,-82,-871,-973]],"type":"Polygon","properties":{"ZCTA5CE20":"01518"}},{"arcs":[[1486,1487,1488,-728,1489,1490,1491]],"type":"Polygon","properties":{"ZCTA5CE20":"01545"}},{"arcs":[[1492,1493,-308,1494,1495]],"type":"Polygon","properties":{"ZCTA5CE20":"01588"}},{"arcs":[[1496,-811,1497,-291,1498,1499,-293]],"type":"Polygon","properties":{"ZCTA5CE20":"03449"}},{"arcs":[[-636,1500,1501,-1378]],"type":"Polygon","properties":{"ZCTA5CE20":"02838"}},{"arcs":[[-1050,1502,1503,-1135,-855]],"type":"Polygon","properties":{"ZCTA5CE20":"03854"}},{"arcs":[[1504,1505,1506,-1047,-1371,-1251,1507]],"type":"Polygon","properties":{"ZCTA5CE20":"02919"}},{"arcs":[[1508,1509,-822,1510,-1053]],"type":"Polygon","properties":{"ZCTA5CE20":"03902"}},{"arcs":[[-1289,1511,1512,1513]],"type":"Polygon","properties":{"ZCTA5CE20":"04064"}},{"arcs":[[-1095,-115,1514,1515,1516]],"type":"Polygon","properties":{"ZCTA5CE20":"03062"}},{"arcs":[[-1406,-576,1517,1518,1519,1520,1521,1522,-514]],"type":"Polygon","properties":{"ZCTA5CE20":"03431"}},{"arcs":[[1523,1524,1525,1526,1527,-1414]],"type":"Polygon","properties":{"ZCTA5CE20":"02169"}},{"arcs":[[-1334,1528,-1421,1529,1530]],"type":"Polygon","properties":{"ZCTA5CE20":"02140"}},{"arcs":[[-1084,1531,-698,1532,1533,-706]],"type":"Polygon","properties":{"ZCTA5CE20":"02131"}},{"arcs":[[1534,1535,1536,1537,-1082]],"type":"Polygon","properties":{"ZCTA5CE20":"02119"}},{"arcs":[[-714,1538,-360,1539,1540,1541,-878]],"type":"Polygon","properties":{"ZCTA5CE20":"01760"}},{"arcs":[[-1530,-1420,-1220,1542,-1436,-1177,1543]],"type":"Polygon","properties":{"ZCTA5CE20":"02138"}},{"arcs":[[1544,1545,-83,-1486,-972,1546,1547,1548]],"type":"Polygon","properties":{"ZCTA5CE20":"01010"}},{"arcs":[[[1549]],[[1550]],[[1551]],[[1552,1553]]],"type":"MultiPolygon","properties":{"ZCTA5CE20":"01966"}},{"arcs":[[1554,1555]],"type":"Polygon","properties":{"ZCTA5CE20":"02133"}},{"arcs":[[1556,1557,-650,1558]],"type":"Polygon","properties":{"ZCTA5CE20":"01072"}},{"arcs":[[1559,1560,1561,-1304,1562,1563,1564]],"type":"Polygon","properties":{"ZCTA5CE20":"03810"}},{"arcs":[[1565,1566,1567,1568]],"type":"Polygon","properties":{"ZCTA5CE20":"03869"}},{"arcs":[[1569,1570,1571,-1180,-1314,-721,-203]],"type":"Polygon","properties":{"ZCTA5CE20":"02468"}},{"arcs":[[1572,-195,1573,-744,1574,1575,1576]],"type":"Polygon","properties":{"ZCTA5CE20":"01469"}},{"arcs":[[1577,1578]],"type":"Polygon","properties":{"ZCTA5CE20":"01965"}},{"arcs":[[-468,1579,-1320,1580,-824,1581]],"type":"Polygon","properties":{"ZCTA5CE20":"01757"}},{"arcs":[[-1340,-326,-880,1582,1583,-466]],"type":"Polygon","properties":{"ZCTA5CE20":"01721"}},{"arcs":[[1587,1588,-1554,1589,1590,1591]],"type":"Polygon","properties":{"ZCTA5CE20":"01930"}},{"arcs":[[-98,-173,-1451,1592,-1442,1593,-348,1594,-1555,1595,1596,-344]],"type":"Polygon","properties":{"ZCTA5CE20":"02114"}},{"arcs":[[-88,1597,-992,1598]],"type":"Polygon","properties":{"ZCTA5CE20":"02671"}},{"arcs":[[-1339,1599,1600,1601,1602,1603,-1549,1604,-1258],[1605]],"type":"Polygon","properties":{"ZCTA5CE20":"01069"}},{"arcs":[[-593]],"type":"Polygon","properties":{"ZCTA5CE20":"06269"}},{"arcs":[[1606,1607,-1149,1608,-752,-393]],"type":"Polygon","properties":{"ZCTA5CE20":"06234"}},{"arcs":[[1609,1610,1611,1612,1613]],"type":"Polygon","properties":{"ZCTA5CE20":"06260"}},{"arcs":[[[-1609,-1148,-478,-1147,1614,-753]],[[1615,1616,-1231,-938,-755]]],"type":"MultiPolygon","properties":{"ZCTA5CE20":"06374"}},{"arcs":[[-940,-1230,1617,1618,1619,1620,-933,1621,-584,1622]],"type":"Polygon","properties":{"ZCTA5CE20":"06359"}},{"arcs":[[-1543,-1223,-1208,-890,-1437],[-1093]],"type":"Polygon","properties":{"ZCTA5CE20":"02134"}},{"arcs":[[-1527,1623,1624,-535,-349,1625]],"type":"Polygon","properties":{"ZCTA5CE20":"02184"}},{"arcs":[[[1626]],[[1627,1628]]],"type":"MultiPolygon","properties":{"ZCTA5CE20":"02535"}},{"arcs":[[-1164,-1472,1629,1630]],"type":"Polygon","properties":{"ZCTA5CE20":"01537"}},{"arcs":[[-1538,1631,1632,-694,-1532,-1083]],"type":"Polygon","properties":{"ZCTA5CE20":"02121"}},{"arcs":[[-648,1633,1634,-1600,-1338,-148,-21,1635]],"type":"Polygon","properties":{"ZCTA5CE20":"01007"}},{"arcs":[[-866,-383,1636,1637,1638,1639,1640,-979,1641]],"type":"Polygon","properties":{"ZCTA5CE20":"02346"}},{"arcs":[[1642,1643,1644,-457,1645,1646]],"type":"Polygon","properties":{"ZCTA5CE20":"01801"}},{"arcs":[[1647,1648,-1567,1649,-837,1650]],"type":"Polygon","properties":{"ZCTA5CE20":"03901"}},{"arcs":[[1651,1652,-1647,1653,-1337,1654,1655]],"type":"Polygon","properties":{"ZCTA5CE20":"02420"}},{"arcs":[[1656,-949,1657,-549,1658,-956]],"type":"Polygon","properties":{"ZCTA5CE20":"04076"}},{"arcs":[[-794,-1369,-796,-950,-1657,-955,-801]],"type":"Polygon","properties":{"ZCTA5CE20":"04061"}},{"arcs":[[1659,1660,1661,1662,1663]],"type":"Polygon","properties":{"ZCTA5CE20":"04043"}},{"arcs":[[1664,1665,1666,1667,-482]],"type":"Polygon","properties":{"ZCTA5CE20":"03835"}},{"arcs":[[1668,-378,1669,1670,-1560]],"type":"Polygon","properties":{"ZCTA5CE20":"03853"}},{"arcs":[[-281,-534,-417,-1116,-1070,-74]],"type":"Polygon","properties":{"ZCTA5CE20":"03045"}},{"arcs":[[-157,1671,-1363,-1001,1672]],"type":"Polygon","properties":{"ZCTA5CE20":"01749"}},{"arcs":[[-473,-923,-1157,-1140,-1267,-1351]],"type":"Polygon","properties":{"ZCTA5CE20":"06420"}},{"arcs":[[1673,1674,1675,1676,-1473,1677]],"type":"Polygon","properties":{"ZCTA5CE20":"02827"}},{"arcs":[[1678,1679,1680,1681]],"type":"Polygon","properties":{"ZCTA5CE20":"02638"}},{"arcs":[[-1323,1682,-643,-1558,1683,-1361,-1587,1684]],"type":"Polygon","properties":{"ZCTA5CE20":"01379"}},{"arcs":[[1685,-271,-1278,-1032,1686,1687]],"type":"Polygon","properties":{"ZCTA5CE20":"03037"}},{"arcs":[[-1078,1688,1689]],"type":"Polygon","properties":{"ZCTA5CE20":"03844"}},{"arcs":[[-1513,1690,1691]],"type":"Polygon","properties":{"ZCTA5CE20":"04063"}},{"arcs":[[1693,1694,1695,1696,1697,-1477]],"type":"Polygon","properties":{"ZCTA5CE20":"01969"}},{"arcs":[[-1613,1698,1699,1700,1701,-1142,-1608,1702],[-517]],"type":"Polygon","properties":{"ZCTA5CE20":"06241"}},{"arcs":[[1703,1704,1705,1706,1707]],"type":"Polygon","properties":{"ZCTA5CE20":"02540"}},{"arcs":[[-585,-1622,-936,1708,-1150]],"type":"Polygon","properties":{"ZCTA5CE20":"06378"}},{"arcs":[[1709,-396,-133,-131,1710,-606,-1467,-968]],"type":"Polygon","properties":{"ZCTA5CE20":"06280"}},{"arcs":[[1711,-685,1712,1713,1714,1715,1716]],"type":"Polygon","properties":{"ZCTA5CE20":"02648"}},{"arcs":[[-1620,1717,1718,1719,1720,1721]],"type":"Polygon","properties":{"ZCTA5CE20":"02804"}},{"arcs":[[-1249,-1388,1722,1723,-739,1724,1725]],"type":"Polygon","properties":{"ZCTA5CE20":"02905"}},{"arcs":[[1726,-1283,-1280,-1042,-1507]],"type":"Polygon","properties":{"ZCTA5CE20":"02911"}},{"arcs":[[1727,1728,1729,-245]],"type":"Polygon","properties":{"ZCTA5CE20":"02339"}},{"arcs":[[-246,-1730,1730,-380,1731,-1430],[-161]],"type":"Polygon","properties":{"ZCTA5CE20":"02341"}},{"arcs":[[[1732,-682]],[[1733,1734,1735,-1713,-684]]],"type":"MultiPolygon","properties":{"ZCTA5CE20":"02668"}},{"arcs":[[-367,1736,-1681,1737,-995,-1452,1738,1739]],"type":"Polygon","properties":{"ZCTA5CE20":"02675"}},{"arcs":[[-1568,-1649,1740,1741,-1509,-1052,1742,1743]],"type":"Polygon","properties":{"ZCTA5CE20":"03908"}},{"arcs":[[1744,-558,1745,-862,1746,-675,-1359,1747]],"type":"Polygon","properties":{"ZCTA5CE20":"02151"}},{"arcs":[[1748,1749,-654,1750,1751,-895,1752]],"type":"Polygon","properties":{"ZCTA5CE20":"02048"}},{"arcs":[[1753,-239,1754,1755,-717,1756]],"type":"Polygon","properties":{"ZCTA5CE20":"01602"}},{"arcs":[[1757,1758,1759,1760,1761]],"type":"Polygon","properties":{"ZCTA5CE20":"02739"}},{"arcs":[[1762,-1091,1763,-1175,-881,1764,1765,-356]],"type":"Polygon","properties":{"ZCTA5CE20":"02453"}},{"arcs":[[-1639,1766,-1461,1767,1768]],"type":"Polygon","properties":{"ZCTA5CE20":"02576"}},{"arcs":[[-359,-725,-526,1769,1770,-1540],[-726]],"type":"Polygon","properties":{"ZCTA5CE20":"02482"}},{"arcs":[[-225,-224,-1153,-921,1771,1772,1773,1774,-1154]],"type":"Polygon","properties":{"ZCTA5CE20":"06382"}},{"arcs":[[-930,1775,-389,-1710,-967]],"type":"Polygon","properties":{"ZCTA5CE20":"06256"}},{"arcs":[[1776,-598,1777,-471,1778]],"type":"Polygon","properties":{"ZCTA5CE20":"06231"}},{"arcs":[[-1144,1779,-1678,-1475,1780]],"type":"Polygon","properties":{"ZCTA5CE20":"06377"}},{"arcs":[[1781,1782,-1109,1783,-1719,1784,1785]],"type":"Polygon","properties":{"ZCTA5CE20":"02832"}},{"arcs":[[-1229,1786,-1786,1787,-1618]],"type":"Polygon","properties":{"ZCTA5CE20":"02873"}},{"arcs":[[1788,-1426,-365,1789,-441,1790,1791,-1464,1792,-1458,1793],[1794]],"type":"Polygon","properties":{"ZCTA5CE20":"02532"}},{"arcs":[[-957,-1659,-553,1795,1796,1797,1798]],"type":"Polygon","properties":{"ZCTA5CE20":"04001"}},{"arcs":[[-1581,-1319,1799,1800,1801,1802,-497,-825]],"type":"Polygon","properties":{"ZCTA5CE20":"02019"}},{"arcs":[[-1127,-341,1803,1804,-1749,-60,1805]],"type":"Polygon","properties":{"ZCTA5CE20":"02035"}},{"arcs":[[-934,-1621,-1722,1806,1807,1808]],"type":"Polygon","properties":{"ZCTA5CE20":"02891"}},{"arcs":[[1809,1810,-64,-1254,1811,-908,1812,-1675]],"type":"Polygon","properties":{"ZCTA5CE20":"02816"}},{"arcs":[[[1813]],[[1814,1815,-1505,1816,1817,-502]],[[1818,1819]]],"type":"MultiPolygon","properties":{"ZCTA5CE20":"02828"}},{"arcs":[[1820,1821,-1564,1822,-1066,1823]],"type":"Polygon","properties":{"ZCTA5CE20":"03249"}},{"arcs":[[-1824,-1065,1824,1825]],"type":"Polygon","properties":{"ZCTA5CE20":"03246"}},{"arcs":[[1826,1827,1828,-671,-506,-1435]],"type":"Polygon","properties":{"ZCTA5CE20":"03301"}},{"arcs":[[1831,-1056]],"type":"Polygon","properties":{"ZCTA5CE20":"03911"}},{"arcs":[[1832,-211,1833,-657,-833]],"type":"Polygon","properties":{"ZCTA5CE20":"03811"}},{"arcs":[[-1307,1834,1835,-1301,1836]],"type":"Polygon","properties":{"ZCTA5CE20":"03218"}},{"arcs":[[-1415,-1528,-1626,-353,1837,-1006,1838]],"type":"Polygon","properties":{"ZCTA5CE20":"02368"}},{"arcs":[[-1655,-1336,1839,1840]],"type":"Polygon","properties":{"ZCTA5CE20":"02476"}},{"arcs":[[-1099,1841,1842,1843,-337]],"type":"Polygon","properties":{"ZCTA5CE20":"01950"}},{"arcs":[[-1788,-1785,-1718,-1619]],"type":"Polygon","properties":{"ZCTA5CE20":"02833"}},{"arcs":[[1844,-266,1845,1846]],"type":"Polygon","properties":{"ZCTA5CE20":"01031"}},{"arcs":[[1847,-1312,1848,1849,-527,-386]],"type":"Polygon","properties":{"ZCTA5CE20":"03071"}},{"arcs":[[-26,-78,-808,1850,-227,-1310,1851]],"type":"Polygon","properties":{"ZCTA5CE20":"03082"}},{"arcs":[[-1067,-1823,-1563,-1308,-1837,-1300,1852,1853]],"type":"Polygon","properties":{"ZCTA5CE20":"03237"}},{"arcs":[[-1606]],"type":"Polygon","properties":{"ZCTA5CE20":"01079"}},{"arcs":[[-1720,-1784,-1108,1854,1855]],"type":"Polygon","properties":{"ZCTA5CE20":"02894"}},{"arcs":[[-1603,1856,-4,-84,-1546,1857]],"type":"Polygon","properties":{"ZCTA5CE20":"01083"}},{"arcs":[[1858,1859,-1484,1860,1861]],"type":"Polygon","properties":{"ZCTA5CE20":"02631"}},{"arcs":[[-1646,-463,1862,-1331,-1654]],"type":"Polygon","properties":{"ZCTA5CE20":"01890"}},{"arcs":[[-1605,-1548,1863,-1233,-253,-1259]],"type":"Polygon","properties":{"ZCTA5CE20":"01057"}},{"arcs":[[-614,1864]],"type":"Polygon","properties":{"ZCTA5CE20":"01840"}},{"arcs":[[1865,1866,1867,1868]],"type":"Polygon","properties":{"ZCTA5CE20":"02644"}},{"arcs":[[1869,1870]],"type":"Polygon","properties":{"ZCTA5CE20":"03441"}},{"arcs":[[-1615,-1146,1871,-1616,-754]],"type":"Polygon","properties":{"ZCTA5CE20":"06332"}},{"arcs":[[1872,-1688,1873,-1111,1874,-413]],"type":"Polygon","properties":{"ZCTA5CE20":"03034"}},{"arcs":[[-1855,-1107,1875,1876,-790,1877,1878,1879,-1808,1880]],"type":"Polygon","properties":{"ZCTA5CE20":"02813"}},{"arcs":[[1881,-913,-1466,-1174,1882,1883,-1782,-1787,-1228]],"type":"Polygon","properties":{"ZCTA5CE20":"02822"}},{"arcs":[[1884,-1522,1885,-432,1886]],"type":"Polygon","properties":{"ZCTA5CE20":"03446"}},{"arcs":[[-1635,1887,-1601]],"type":"Polygon","properties":{"ZCTA5CE20":"01009"}},{"arcs":[[-635,1888,-1501]],"type":"Polygon","properties":{"ZCTA5CE20":"02802"}},{"arcs":[[-1856,-1881,-1807,-1721]],"type":"Polygon","properties":{"ZCTA5CE20":"02808"}},{"arcs":[[-575,-542,-814,1889,-1518]],"type":"Polygon","properties":{"ZCTA5CE20":"03448"}},{"arcs":[[[1890]],[[1891]],[[1892,1893,-1591,1894,1895,-420]]],"type":"MultiPolygon","properties":{"ZCTA5CE20":"01944"}},{"arcs":[[-310,1896,1897,-872,-80]],"type":"Polygon","properties":{"ZCTA5CE20":"01515"}},{"arcs":[[1898,1899,1900,-1033,1901,1902,-30]],"type":"Polygon","properties":{"ZCTA5CE20":"01516"}},{"arcs":[[1903,-185,1904,-241,1905,-315]],"type":"Polygon","properties":{"ZCTA5CE20":"01522"}},{"arcs":[[1906,1907,-1004,-1342,1908,-1488]],"type":"Polygon","properties":{"ZCTA5CE20":"01532"}},{"arcs":[[-1295,1909,-501,1910,-1493,1911]],"type":"Polygon","properties":{"ZCTA5CE20":"01534"}},{"arcs":[[-730,1912,-469,-1582,-826,-495,-1910,-1294,1913]],"type":"Polygon","properties":{"ZCTA5CE20":"01568"}},{"arcs":[[1914,-1495,-307,-1494,-1911,-500,-566,-1375,-1034,-1901]],"type":"Polygon","properties":{"ZCTA5CE20":"01569"}},{"arcs":[[1915,1916,-33,1917,-91,1918,-1440]],"type":"Polygon","properties":{"ZCTA5CE20":"01571"}},{"arcs":[[-184,1919,1920,-235,-1905]],"type":"Polygon","properties":{"ZCTA5CE20":"01583"}},{"arcs":[[1921,1922,-1296,-1912,-1496,-1915,-1900,1923]],"type":"Polygon","properties":{"ZCTA5CE20":"01590"}},{"arcs":[[1924,-1490,-727,1925,-1389,1926,-36]],"type":"Polygon","properties":{"ZCTA5CE20":"01604"}},{"arcs":[[-237,1927,-1491,-1925,-35,1928]],"type":"Polygon","properties":{"ZCTA5CE20":"01605"}},{"arcs":[[-238,-1929,-34,1929,-1755]],"type":"Polygon","properties":{"ZCTA5CE20":"01609"}},{"arcs":[[-316,-1906,-240,-1754,1930,1931,-260]],"type":"Polygon","properties":{"ZCTA5CE20":"01612"}},{"arcs":[[1932,1933,-1263,-1202]],"type":"Polygon","properties":{"ZCTA5CE20":"01731"}},{"arcs":[[-1584,1934,1935,-1316,-1580,-467]],"type":"Polygon","properties":{"ZCTA5CE20":"01746"}},{"arcs":[[-1266,-361,-1539,-713,-1366]],"type":"Polygon","properties":{"ZCTA5CE20":"01778"}},{"arcs":[[1936,-702,1937,1938,1939,-11]],"type":"Polygon","properties":{"ZCTA5CE20":"01821"}},{"arcs":[[1940,-812,-1497,-292,1941,-1520]],"type":"Polygon","properties":{"ZCTA5CE20":"03457"}},{"arcs":[[-988,-408,1942,-9,1943,1944]],"type":"Polygon","properties":{"ZCTA5CE20":"01824"}},{"arcs":[[-1834,-210,1945,1946,-1393,-658]],"type":"Polygon","properties":{"ZCTA5CE20":"01832"}},{"arcs":[[1947,-328,-1481,1948,-1394,-1947]],"type":"Polygon","properties":{"ZCTA5CE20":"01835"}},{"arcs":[[1949,-42,-680,1950,1951,1952,1953]],"type":"Polygon","properties":{"ZCTA5CE20":"01368"}},{"arcs":[[1954,-1954,1955,1956,-1120]],"type":"Polygon","properties":{"ZCTA5CE20":"01378"}},{"arcs":[[1957,-1515,-114,-850,-493,1958,-1012,1959,1960,-747]],"type":"Polygon","properties":{"ZCTA5CE20":"01879"}},{"arcs":[[-1850,1961,1962,1963,-733,-528]],"type":"Polygon","properties":{"ZCTA5CE20":"01431"}},{"arcs":[[1964,-750,1965,1966,-1013]],"type":"Polygon","properties":{"ZCTA5CE20":"01432"}},{"arcs":[[-609,1967,-919]],"type":"Polygon","properties":{"ZCTA5CE20":"06389"}},{"arcs":[[-1014,-1967,1968,-324,1969,-155,-818]],"type":"Polygon","properties":{"ZCTA5CE20":"01451"}},{"arcs":[[1970,-1087,-306,-1086,-518,1971]],"type":"Polygon","properties":{"ZCTA5CE20":"01468"}},{"arcs":[[-530,-737,1972,-520,-1085]],"type":"Polygon","properties":{"ZCTA5CE20":"01473"}},{"arcs":[[1973,-1577,1974,-1963]],"type":"Polygon","properties":{"ZCTA5CE20":"01474"}},{"arcs":[[-1884,1975,-1104,-1783]],"type":"Polygon","properties":{"ZCTA5CE20":"02898"}},{"arcs":[[-964,-669,-1432,-786]],"type":"Polygon","properties":{"ZCTA5CE20":"03268"}},{"arcs":[[1978,-1701]],"type":"Polygon","properties":{"ZCTA5CE20":"06243"}},{"arcs":[[1979,-782,1980]],"type":"Polygon","properties":{"ZCTA5CE20":"03273"}},{"arcs":[[-1045,-1250,-1726,1981,-1372]],"type":"Polygon","properties":{"ZCTA5CE20":"02907"}},{"arcs":[[-295,1982,-175,1983]],"type":"Polygon","properties":{"ZCTA5CE20":"03444"}},{"arcs":[[-813,-1941,-1519,-1890]],"type":"Polygon","properties":{"ZCTA5CE20":"03445"}},{"arcs":[[1984,-1121,-1957,1985,-1321,-1685,-1586]],"type":"Polygon","properties":{"ZCTA5CE20":"01344"}},{"arcs":[[1986,-1853,-1303,-561,1987,-1828]],"type":"Polygon","properties":{"ZCTA5CE20":"03307"}},{"arcs":[[-1036,-1380,1988,-1284,-1727,-1506,-1816,1989],[-1814]],"type":"Polygon","properties":{"ZCTA5CE20":"02917"}},{"arcs":[[1993,1994,-1991,-304]],"type":"Polygon","properties":{"ZCTA5CE20":"03443"}},{"arcs":[[1995,-884,1996,-1019,-710,1997,-1181,-1572]],"type":"Polygon","properties":{"ZCTA5CE20":"02459"}},{"arcs":[[-1752,1998,1999,2000,2001,-896]],"type":"Polygon","properties":{"ZCTA5CE20":"02766"}},{"arcs":[[-2000,2002,2003,-867,-1642,-978,2004]],"type":"Polygon","properties":{"ZCTA5CE20":"02767"}},{"arcs":[[2005,-1640,-1769,2006,-1758,2007,-46]],"type":"Polygon","properties":{"ZCTA5CE20":"02770"}},{"arcs":[[-189,-1025,-898,2008,2009,-637,2010,-1386]],"type":"Polygon","properties":{"ZCTA5CE20":"02771"}},{"arcs":[[-2010,2011,2012,-111,2013,2014,2015,-638]],"type":"Polygon","properties":{"ZCTA5CE20":"02777"}},{"arcs":[[-1131,2016,-981,2017,-868,-107,2018]],"type":"Polygon","properties":{"ZCTA5CE20":"02779"}},{"arcs":[[-2001,-2005,-982,-2017,-1130,2019]],"type":"Polygon","properties":{"ZCTA5CE20":"02780"}},{"arcs":[[2020,2021,-1213,2022,2023,-372,2024,-1327,-1384,2025]],"type":"Polygon","properties":{"ZCTA5CE20":"02790"}},{"arcs":[[-2027,-1830,-376,-539,-574]],"type":"Polygon","properties":{"ZCTA5CE20":"03607"}},{"arcs":[[-144,-556,2028,-206,2029]],"type":"Polygon","properties":{"ZCTA5CE20":"03826"}},{"arcs":[[-70,2030,-986,-1079,-1690,2031,2032,2033,-1408]],"type":"Polygon","properties":{"ZCTA5CE20":"03833"}},{"arcs":[[-857,-1138,2035,-984,-436]],"type":"Polygon","properties":{"ZCTA5CE20":"03840"}},{"arcs":[[-145,-2030,-212,-1833,-832]],"type":"Polygon","properties":{"ZCTA5CE20":"03841"}},{"arcs":[[-438,-983,-2031,-69]],"type":"Polygon","properties":{"ZCTA5CE20":"03856"}},{"arcs":[[-1030,-120,-961,2036,-433,-67]],"type":"Polygon","properties":{"ZCTA5CE20":"03861"}},{"arcs":[[-2036,-1137,2037,-1075,-985]],"type":"Polygon","properties":{"ZCTA5CE20":"03862"}},{"arcs":[[-1667,2038,-839,2039,2040,-674,-116,2041]],"type":"Polygon","properties":{"ZCTA5CE20":"03867"}},{"arcs":[[-844,2042,-1798,2043,2044,2045,-480,2046]],"type":"Polygon","properties":{"ZCTA5CE20":"03872"}},{"arcs":[[-701,-888,-402,2047,-1644,2048,-1938]],"type":"Polygon","properties":{"ZCTA5CE20":"01887"}},{"arcs":[[-1218,2049]],"type":"Polygon","properties":{"ZCTA5CE20":"01908"}},{"arcs":[[2050,-422,2051,-761,-163,-547],[-334]],"type":"Polygon","properties":{"ZCTA5CE20":"01923"}},{"arcs":[[-400,-548,-166,2052,2053,2054,2055]],"type":"Polygon","properties":{"ZCTA5CE20":"01940"}},{"arcs":[[-338,-1844,2056,-1696,2057]],"type":"Polygon","properties":{"ZCTA5CE20":"01951"}},{"arcs":[[-1479,2058,2059,-418,-2051,-546]],"type":"Polygon","properties":{"ZCTA5CE20":"01983"}},{"arcs":[[-708,2060,2061,2062,2063]],"type":"Polygon","properties":{"ZCTA5CE20":"02026"}},{"arcs":[[-1541,-1771,2064,2065,2066,2067,2068]],"type":"Polygon","properties":{"ZCTA5CE20":"02030"}},{"arcs":[[-2068,2069,-1125,2070,2071]],"type":"Polygon","properties":{"ZCTA5CE20":"02052"}},{"arcs":[[2072,-2071,-1124,-1317,-1936]],"type":"Polygon","properties":{"ZCTA5CE20":"02054"}},{"arcs":[[-690,2073,-1024,2074,-1728,-244]],"type":"Polygon","properties":{"ZCTA5CE20":"02061"}},{"arcs":[[-2066,2075,-2063,2076,-567,2077]],"type":"Polygon","properties":{"ZCTA5CE20":"02090"}},{"arcs":[[2078,-1128,-1806,-59,-631,2079,-1801]],"type":"Polygon","properties":{"ZCTA5CE20":"02093"}},{"arcs":[[2080,-1447,2081,-1445,2082,2083,2084]],"type":"Polygon","properties":{"ZCTA5CE20":"02110"}},{"arcs":[[-1222,-345,-1597,2085,2086,2087,2088,-791,2089,-1206]],"type":"Polygon","properties":{"ZCTA5CE20":"02116"}},{"arcs":[[2090,2091,-1418,-1529,-1333]],"type":"Polygon","properties":{"ZCTA5CE20":"02144"}},{"arcs":[[-1748,-1358,-169,2092]],"type":"Polygon","properties":{"ZCTA5CE20":"02150"}},{"arcs":[[2093,-1524,-1413,2094]],"type":"Polygon","properties":{"ZCTA5CE20":"02170"}},{"arcs":[[2095,2096,-536,-1625]],"type":"Polygon","properties":{"ZCTA5CE20":"02188"}},{"arcs":[[-1838,-352,-901,-451,-1007]],"type":"Polygon","properties":{"ZCTA5CE20":"02322"}},{"arcs":[[2097,2098,-1429,-1455,-1767,-1638]],"type":"Polygon","properties":{"ZCTA5CE20":"02330"}},{"arcs":[[-1431,-1732,-379,-865,2099,-903]],"type":"Polygon","properties":{"ZCTA5CE20":"02333"}},{"arcs":[[2100,2101,-2098,-1637,-382]],"type":"Polygon","properties":{"ZCTA5CE20":"02367"}},{"arcs":[[-453,-904,-2100,-864,-2004,2102]],"type":"Polygon","properties":{"ZCTA5CE20":"02379"}},{"arcs":[[-1934,2103,-1656,-1841,2104,-1089,2105,-1264]],"type":"Polygon","properties":{"ZCTA5CE20":"02421"}},{"arcs":[[-2106,-1092,-1763,-355,-1265]],"type":"Polygon","properties":{"ZCTA5CE20":"02451"}},{"arcs":[[-1765,-885,-1996,-1571,2106]],"type":"Polygon","properties":{"ZCTA5CE20":"02465"}},{"arcs":[[-1315,-1182,2107,-723]],"type":"Polygon","properties":{"ZCTA5CE20":"02494"}},{"arcs":[[2108,2109,2110,2111,2112]],"type":"Polygon","properties":{"ZCTA5CE20":"02534"}},{"arcs":[[-1427,-1789,2113,-1456]],"type":"Polygon","properties":{"ZCTA5CE20":"02538"}},{"arcs":[[2114,-1791,-440,2115,-1869,2116,2117,-2110]],"type":"Polygon","properties":{"ZCTA5CE20":"02542"}},{"arcs":[[[-686,-1712,2118,-1867]],[[-439,-1790,-364,2119,-687,-1866,-2116]]],"type":"MultiPolygon","properties":{"ZCTA5CE20":"02563"}},{"arcs":[[2120,-917,2121,-1628,2122]],"type":"Polygon","properties":{"ZCTA5CE20":"02575"}},{"arcs":[[-1739,-1454,2123,2124,-447,2125,2126]],"type":"Polygon","properties":{"ZCTA5CE20":"02601"}},{"arcs":[[-1861,-1483,2127,2128,-85,-1599,-991,2129]],"type":"Polygon","properties":{"ZCTA5CE20":"02645"}},{"arcs":[[2130,-2021,2131]],"type":"Polygon","properties":{"ZCTA5CE20":"02723"}},{"arcs":[[-1715,2132,2133,2134]],"type":"Polygon","properties":{"ZCTA5CE20":"02655"}},{"arcs":[[-2129,2135,2136,-86]],"type":"Polygon","properties":{"ZCTA5CE20":"02659"}},{"arcs":[[-109,-870,-50,-1214,-2022,-2131,2137,2138]],"type":"Polygon","properties":{"ZCTA5CE20":"02720"}},{"arcs":[[2139,-2138,-2132,-2026,-1383,-1197]],"type":"Polygon","properties":{"ZCTA5CE20":"02721"}},{"arcs":[[2140,2141,2142,-217,2143,2144,-1211]],"type":"Polygon","properties":{"ZCTA5CE20":"02740"}},{"arcs":[[-47,-2008,-1762,2145,2146,2147]],"type":"Polygon","properties":{"ZCTA5CE20":"02743"}},{"arcs":[[-48,-2148,2148,-1209]],"type":"Polygon","properties":{"ZCTA5CE20":"02745"}},{"arcs":[[-61,-1753,-894,-370,-893,-632]],"type":"Polygon","properties":{"ZCTA5CE20":"02760"}},{"arcs":[[-110,-2139,-2140,-1200,2149,-2014]],"type":"Polygon","properties":{"ZCTA5CE20":"02725"}},{"arcs":[[-1207,-2090,-792,-2089,2150,2151,-1080,-774]],"type":"Polygon","properties":{"ZCTA5CE20":"02115"}},{"arcs":[[-1470,-1390,-1926,-732,2152,-1922,2153]],"type":"Polygon","properties":{"ZCTA5CE20":"01527"}},{"arcs":[[2154,-1535,-1081,-2152]],"type":"Polygon","properties":{"ZCTA5CE20":"02120"}},{"arcs":[[2155,-404,-1010]],"type":"Polygon","properties":{"ZCTA5CE20":"01850"}},{"arcs":[[-1689,-1077,2156,2157,2158,-2032]],"type":"Polygon","properties":{"ZCTA5CE20":"03874"}},{"arcs":[[-2029,-555,-1409,-2034,2159,2160,-207]],"type":"Polygon","properties":{"ZCTA5CE20":"03848"}},{"arcs":[[-1863,-462,-560,2161,2162,-2091,-1332]],"type":"Polygon","properties":{"ZCTA5CE20":"02155"}},{"arcs":[[-1534,2163,-1417,-2061,-707]],"type":"Polygon","properties":{"ZCTA5CE20":"02136"}},{"arcs":[[-749,2164,-135,-322,-1969,-1966]],"type":"Polygon","properties":{"ZCTA5CE20":"01460"}},{"arcs":[[-1270,2165,-835,2166,-848,2167,2168]],"type":"Polygon","properties":{"ZCTA5CE20":"03053"}},{"arcs":[[-1716,-2135,2169,2170]],"type":"Polygon","properties":{"ZCTA5CE20":"02635"}},{"arcs":[[-209,2171,-340,-329,-1948,-1946]],"type":"Polygon","properties":{"ZCTA5CE20":"01830"}},{"arcs":[[-1819,2172,-1817,-1508,-1256,2173,2174,-250,2175,2176]],"type":"Polygon","properties":{"ZCTA5CE20":"02857"}},{"arcs":[[-1596,-1556,-1595,-347,-1594,-1446,-2082,-1448,-2081,2177,-2086]],"type":"Polygon","properties":{"ZCTA5CE20":"02108"}},{"arcs":[[-1161,2178]],"type":"Polygon","properties":{"ZCTA5CE20":"02657"}},{"arcs":[[-1698,2179,-1588,2180,2181,-2059,-1478]],"type":"Polygon","properties":{"ZCTA5CE20":"01938"}},{"arcs":[[2183,-588,2184,2185,-1774]],"type":"Polygon","properties":{"ZCTA5CE20":"06335"}},{"arcs":[[-18,-599,-1777,2186,2187,2188]],"type":"Polygon","properties":{"ZCTA5CE20":"06248"}},{"arcs":[[[-1245]],[[-875,-1441,-1919,-90,2189,2190,-1610,2191,-1241,-1244,-1235]]],"type":"MultiPolygon","properties":{"ZCTA5CE20":"06281"}},{"arcs":[[[2192]],[[2193]],[[-1381,2194,-626,2195]]],"type":"MultiPolygon","properties":{"ZCTA5CE20":"02871"}},{"arcs":[[-460,2196,2197,-557]],"type":"Polygon","properties":{"ZCTA5CE20":"02176"}},{"arcs":[[-1040,-199,-1038,2198,2199]],"type":"Polygon","properties":{"ZCTA5CE20":"02839"}},{"arcs":[[-1902,-1041,-2200,2200,2201]],"type":"Polygon","properties":{"ZCTA5CE20":"02859"}},{"arcs":[[2202,2203,-1171,-1330,2204,-1879]],"type":"Polygon","properties":{"ZCTA5CE20":"02879"}},{"arcs":[[-415,2205,-1268,2206,-6,-1114]],"type":"Polygon","properties":{"ZCTA5CE20":"03104"}},{"arcs":[[-276,2207,-1981,-788,-510,2208,-777]],"type":"Polygon","properties":{"ZCTA5CE20":"03221"}},{"arcs":[[-1743,-1059,-1051,-853,2209]],"type":"Polygon","properties":{"ZCTA5CE20":"03903"}},{"arcs":[[-2055,2210,-2197,-459,2211]],"type":"Polygon","properties":{"ZCTA5CE20":"01880"}},{"arcs":[[-667,2212,-1069,2213,-1433]],"type":"Polygon","properties":{"ZCTA5CE20":"03276"}},{"arcs":[[2214,2215,-2187,-1779,-470,-1232]],"type":"Polygon","properties":{"ZCTA5CE20":"06447"}},{"arcs":[[-2151,-2088,2216,-1402,2217,-1536,-2155]],"type":"Polygon","properties":{"ZCTA5CE20":"02118"}},{"arcs":[[-421,-1896,2218,-1579,2219,-762,-2052]],"type":"Polygon","properties":{"ZCTA5CE20":"01915"}},{"arcs":[[2220,-615,-1865,-613,-1396]],"type":"Polygon","properties":{"ZCTA5CE20":"01841"}},{"arcs":[[-2018,-980,-1641,-2006,-45,-869]],"type":"Polygon","properties":{"ZCTA5CE20":"02347"}},{"arcs":[[2221,-1100,-335,-2172]],"type":"Polygon","properties":{"ZCTA5CE20":"01860"}},{"arcs":[[-1931,-1757,-720,-321,-1162,2222]],"type":"Polygon","properties":{"ZCTA5CE20":"01524"}},{"arcs":[[-819,-159,2223,2224,-182]],"type":"Polygon","properties":{"ZCTA5CE20":"01510"}},{"arcs":[[[2225]],[[2226,-2146,-1761,2227,-2142]]],"type":"MultiPolygon","properties":{"ZCTA5CE20":"02719"}},{"arcs":[[2228,2229,-2095,-1412]],"type":"Polygon","properties":{"ZCTA5CE20":"02171"}},{"arcs":[[-2163,2230,-167,-1419,-2092]],"type":"Polygon","properties":{"ZCTA5CE20":"02145"}},{"arcs":[[2231,-941,-1623,-583,-1362,-581,-2184,-1773]],"type":"Polygon","properties":{"ZCTA5CE20":"06365"}},{"arcs":[[-31,-1903,-2202,2232,-1611,-2191,2233]],"type":"Polygon","properties":{"ZCTA5CE20":"06277"}},{"arcs":[[2235,-368,-1740,-2127,2236,-1735]],"type":"Polygon","properties":{"ZCTA5CE20":"02630"}},{"arcs":[[-1956,-1953,2237,-644,-1683,-1322,-1986]],"type":"Polygon","properties":{"ZCTA5CE20":"01364"}},{"arcs":[[-1547,-975,-1234,-1864]],"type":"Polygon","properties":{"ZCTA5CE20":"01081"}},{"arcs":[[-1106,2238,-1876]],"type":"Polygon","properties":{"ZCTA5CE20":"02875"}},{"arcs":[[2239,-300,2240,-267,-1845,2241]],"type":"Polygon","properties":{"ZCTA5CE20":"01037"}},{"arcs":[[-1212,-2145,2242,-2023]],"type":"Polygon","properties":{"ZCTA5CE20":"02748"}},{"arcs":[[-2077,-2062,-1416,-1839,-1005,2243,-568]],"type":"Polygon","properties":{"ZCTA5CE20":"02021"}},{"arcs":[[2244,-1355,2245,-1662]],"type":"Polygon","properties":{"ZCTA5CE20":"04046"}},{"arcs":[[[2246]],[[-1058,2247,-1503,-1049]]],"type":"MultiPolygon","properties":{"ZCTA5CE20":"03905"}},{"arcs":[[2248,-994,2249,-997]],"type":"Polygon","properties":{"ZCTA5CE20":"02670"}},{"arcs":[[-1995,2250,-1887,-431,-43,-1950,-1955,-1119,-1993,-1870,-1992]],"type":"Polygon","properties":{"ZCTA5CE20":"03470"}},{"arcs":[[-1874,-1687,-1031,-72,-1407,-1112]],"type":"Polygon","properties":{"ZCTA5CE20":"03077"}},{"arcs":[[-1875,-1110,-830,-2166,-1269,-2206,-414]],"type":"Polygon","properties":{"ZCTA5CE20":"03032"}},{"arcs":[[-2174,-1255,-65,-1811,2251]],"type":"Polygon","properties":{"ZCTA5CE20":"02831"}},{"arcs":[[-1145,-1781,-1474,-1677,2252,-1226,-1617,-1872]],"type":"Polygon","properties":{"ZCTA5CE20":"06354"}},{"arcs":[[-2221,-1395,-1949,-1480,-544,-398,-887,-616]],"type":"Polygon","properties":{"ZCTA5CE20":"01845"}},{"arcs":[[-498,-1803,2253,-1376,-564]],"type":"Polygon","properties":{"ZCTA5CE20":"01504"}},{"arcs":[[-290,-27,-1852,-1309,2254,-1499]],"type":"Polygon","properties":{"ZCTA5CE20":"03047"}},{"arcs":[[[2255]],[[2256]],[[-764,2257,-1224]]],"type":"MultiPolygon","properties":{"ZCTA5CE20":"01945"}},{"arcs":[[-879,-1542,-2069,-2072,-2073,-1935,-1583]],"type":"Polygon","properties":{"ZCTA5CE20":"01770"}},{"arcs":[[-1062,-1061,-1291,2258,-1352,-1367]],"type":"Polygon","properties":{"ZCTA5CE20":"04093"}},{"arcs":[[-1500,-2255,-1313,-1848,-385,-176,-1983,-294]],"type":"Polygon","properties":{"ZCTA5CE20":"03458"}},{"arcs":[[-1978,2260,-783,-1980,-2208,-275]],"type":"Polygon","properties":{"ZCTA5CE20":"03260"}},{"arcs":[[-1977,-1831,-1825,-1064,-2213,-666,-1585]],"type":"Polygon","properties":{"ZCTA5CE20":"03269"}},{"arcs":[[-201,-1693,-1559,-649,-1636,-20,2261,-977,-160,-976]],"type":"Polygon","properties":{"ZCTA5CE20":"01002"}},{"arcs":[[-236,-1921,2262,-1492,-1928]],"type":"Polygon","properties":{"ZCTA5CE20":"01606"}},{"arcs":[[-1766,-2107,-1570,-202,-357]],"type":"Polygon","properties":{"ZCTA5CE20":"02466"}},{"arcs":[[-2058,-1695,2263,-331,-339]],"type":"Polygon","properties":{"ZCTA5CE20":"01922"}},{"arcs":[[-1450,2264,-1443,-1593]],"type":"Polygon","properties":{"ZCTA5CE20":"02113"}},{"arcs":[[-231,2265,-2084,2266,-1399]],"type":"Polygon","properties":{"ZCTA5CE20":"02210"}},{"arcs":[[-1179,-1438,-1016,-1997,-883]],"type":"Polygon","properties":{"ZCTA5CE20":"02458"}},{"arcs":[[-2112,2267,-1705,2268]],"type":"Polygon","properties":{"ZCTA5CE20":"02556"}},{"arcs":[[-12,-1940,2269,-1652,-2104,-1933,-1201]],"type":"Polygon","properties":{"ZCTA5CE20":"01730"}},{"arcs":[[-1521,-1942,-296,-1984,-179,-430,-1886]],"type":"Polygon","properties":{"ZCTA5CE20":"03455"}},{"arcs":[[-1973,-736,-1196,-186,-1904,-314,-521]],"type":"Polygon","properties":{"ZCTA5CE20":"01541"}},{"arcs":[[2270,-1516,-1958,-746,2271]],"type":"Polygon","properties":{"ZCTA5CE20":"01827"}},{"arcs":[[-2007,-1768,-1460,2272,-1759]],"type":"Polygon","properties":{"ZCTA5CE20":"02738"}},{"arcs":[[-897,-2002,-2020,-1133,2273,-2012,-2009]],"type":"Polygon","properties":{"ZCTA5CE20":"02769"}},{"arcs":[[-2044,-1797,2274,2275]],"type":"Polygon","properties":{"ZCTA5CE20":"03852"}},{"arcs":[[-257,2276]],"type":"Polygon","properties":{"ZCTA5CE20":"01074"}},{"arcs":[[-1630,-1471,-2154,-1924,-1899,-29,-1917,2278]],"type":"Polygon","properties":{"ZCTA5CE20":"01540"}},{"arcs":[[-1951,-679,-1088,-1971,2279]],"type":"Polygon","properties":{"ZCTA5CE20":"01436"}},{"arcs":[[-1311,-229,2280,-196,-1573,-1974,-1962,-1849]],"type":"Polygon","properties":{"ZCTA5CE20":"03048"}},{"arcs":[[-2209,-512,-282,-23,-289,2281,-809,-778]],"type":"Polygon","properties":{"ZCTA5CE20":"03244"}},{"arcs":[[-138,-1365,2282]],"type":"Polygon","properties":{"ZCTA5CE20":"01754"}},{"arcs":[[-1022,2283,-1422,2284,2285,2286]],"type":"Polygon","properties":{"ZCTA5CE20":"02332"}},{"arcs":[[2287,-1859,2288,-1679]],"type":"Polygon","properties":{"ZCTA5CE20":"02641"}},{"arcs":[[-2054,2289,-863,-1746,-2198,-2211]],"type":"Polygon","properties":{"ZCTA5CE20":"01906"}},{"arcs":[[-2167,-834,-660,-489,-849]],"type":"Polygon","properties":{"ZCTA5CE20":"03087"}},{"arcs":[[-1982,-1725,-738,-1373]],"type":"Polygon","properties":{"ZCTA5CE20":"02910"}},{"arcs":[[-602,-1343,-592,-932,-971,-595,-16,2291,-54]],"type":"Polygon","properties":{"ZCTA5CE20":"06238"}},{"arcs":[[-551,2292,-1660,2293,2294,2295]],"type":"Polygon","properties":{"ZCTA5CE20":"04073"}},{"arcs":[[-926,-1243,-390,-1776,-929]],"type":"Polygon","properties":{"ZCTA5CE20":"06235"}},{"arcs":[[-2181,-1592,-1894,2296]],"type":"Polygon","properties":{"ZCTA5CE20":"01929"}},{"arcs":[[-673,-2041,2297,-1569,-1744,-2210,-852,2298,-959,-118]],"type":"Polygon","properties":{"ZCTA5CE20":"03820"}},{"arcs":[[-2192,-1614,-1703,-1607,-392,-1242],[-128]],"type":"Polygon","properties":{"ZCTA5CE20":"06259"}},{"arcs":[[-1920,-183,-2225,2299,-1907,-1487,-2263]],"type":"Polygon","properties":{"ZCTA5CE20":"01505"}},{"arcs":[[-1961,2300,-1944,-15,-136,-2165,-748]],"type":"Polygon","properties":{"ZCTA5CE20":"01886"}},{"arcs":[[-1952,-2280,-1972,-523,2301,-298,-645,-2238]],"type":"Polygon","properties":{"ZCTA5CE20":"01331"}},{"arcs":[[-2295,2302,-1741,-1648,2303]],"type":"Polygon","properties":{"ZCTA5CE20":"03906"}},{"arcs":[[-559,-1745,-2093,-168,-2231,-2162]],"type":"Polygon","properties":{"ZCTA5CE20":"02149"}},{"arcs":[[-1633,2306,2307,-2229,-1411,-695]],"type":"Polygon","properties":{"ZCTA5CE20":"02122"}},{"arcs":[[-2070,-2067,-2078,-571,-946,2308,-1804,-343,-1126]],"type":"Polygon","properties":{"ZCTA5CE20":"02081"}},{"arcs":[[-1729,-2075,-1023,-2287,2309,-2101,-381,-1731]],"type":"Polygon","properties":{"ZCTA5CE20":"02359"}},{"arcs":[[-1846,-265,2310,-262,-311,-1,2311]],"type":"Polygon","properties":{"ZCTA5CE20":"01531"}},{"arcs":[[-7,-2207,-1271,-2169,2312,-1272,-1072,-1115]],"type":"Polygon","properties":{"ZCTA5CE20":"03103"}},{"arcs":[[2313,2314,-1274,-1096,-1517,-2271,2315,-193]],"type":"Polygon","properties":{"ZCTA5CE20":"03049"}},{"arcs":[[-1736,-2237,-2126,-450,2316,-2133,-1714]],"type":"Polygon","properties":{"ZCTA5CE20":"02632"}},{"arcs":[[-158,-1673,-1000,-1908,-2300,-2224]],"type":"Polygon","properties":{"ZCTA5CE20":"01503"}},{"arcs":[[-2033,-2159,-1097,2317,-2160]],"type":"Polygon","properties":{"ZCTA5CE20":"03827"}},{"arcs":[[-2183,-2260,-486,-1239,-603,-52,-612]],"type":"Polygon","properties":{"ZCTA5CE20":"06029"}},{"arcs":[[-2085,-2266,-233,-1398,-2217,-2087,-2178]],"type":"Polygon","properties":{"ZCTA5CE20":"02111"}},{"arcs":[[-653,-222,-651,-220,-454,-2103,-2003,-1999,-1751]],"type":"Polygon","properties":{"ZCTA5CE20":"02375"}},{"arcs":[[2318,-692,2319,-2096,-1624,-1526]],"type":"Polygon","properties":{"ZCTA5CE20":"02191"}},{"arcs":[[[-1795]],[[-2114,-1794,-1457]]],"type":"MultiPolygon","properties":{"ZCTA5CE20":"02558"}},{"arcs":[[-1914,-1293,-1923,-2153,-731]],"type":"Polygon","properties":{"ZCTA5CE20":"01519"}},{"arcs":[[-798,-1368,-1356,-2245,-1661,-2293,-550,-1658,-948]],"type":"Polygon","properties":{"ZCTA5CE20":"04002"}},{"arcs":[[-2185,-587,-1152,2320,-1345,2321]],"type":"Polygon","properties":{"ZCTA5CE20":"06340"}},{"arcs":[[-1711,-130,-395,-758,-757,-937,2322,-607],[-134]],"type":"Polygon","properties":{"ZCTA5CE20":"06330"}},{"arcs":[[-89,-1918,-32,-2234,-2190]],"type":"Polygon","properties":{"ZCTA5CE20":"06255"}},{"arcs":[[-597,-970,-1468,-611,-287,-918,-472,-1778]],"type":"Polygon","properties":{"ZCTA5CE20":"06249"}},{"arcs":[[-1387,-2011,-642,2323,-1723]],"type":"Polygon","properties":{"ZCTA5CE20":"02915"}},{"arcs":[[-1159,2324,-1188,2325]],"type":"Polygon","properties":{"ZCTA5CE20":"02666"}},{"arcs":[[-2218,-1401,2326,-2307,-1632,-1537]],"type":"Polygon","properties":{"ZCTA5CE20":"02125"}},{"arcs":[[-2035,-2306,2327,-842,-2278]],"type":"Polygon","properties":{"ZCTA5CE20":"03882"}},{"arcs":[[-2259,-1290,-1514,-1692,2328,-1353]],"type":"Polygon","properties":{"ZCTA5CE20":"04072"}},{"arcs":[[-1858,-1545,-1604]],"type":"Polygon","properties":{"ZCTA5CE20":"01092"}},{"arcs":[[-303,-515,-1523,-1885,-2251,-1994]],"type":"Polygon","properties":{"ZCTA5CE20":"03462"}},{"arcs":[[-2214,-1068,-1854,-1987,-1827,-1434]],"type":"Polygon","properties":{"ZCTA5CE20":"03224"}},{"arcs":[[-261,-1932,-2223,-1166,2329,-1897,-309]],"type":"Polygon","properties":{"ZCTA5CE20":"01562"}},{"arcs":[[-1836,2330,-1668,-2042,-123,-1277,-1302]],"type":"Polygon","properties":{"ZCTA5CE20":"03884"}},{"arcs":[[-401,-2056,-2212,-458,-1645,-2048]],"type":"Polygon","properties":{"ZCTA5CE20":"01867"}},{"arcs":[[-492,-1397,-889,-699,-405,-2156,-1009,-1959]],"type":"Polygon","properties":{"ZCTA5CE20":"01826"}},{"arcs":[[[-124,-688,2331]],[[2332]]],"type":"MultiPolygon","properties":{"ZCTA5CE20":"02045"}},{"arcs":[[-1988,-563,-272,-1686,-1873,-412,-672,-1829]],"type":"Polygon","properties":{"ZCTA5CE20":"03275"}},{"arcs":[[-2037,-960,-2299,-851,-434]],"type":"Polygon","properties":{"ZCTA5CE20":"03824"}},{"arcs":[[-1851,-807,2333,-2314,-192,-2281,-228]],"type":"Polygon","properties":{"ZCTA5CE20":"03055"}},{"arcs":[[-2053,-165,-767,-1215,-858,-2290]],"type":"Polygon","properties":{"ZCTA5CE20":"01904"}},{"arcs":[[-1898,-2330,-1165,-1631,-2279,-1916,-1439,-873]],"type":"Polygon","properties":{"ZCTA5CE20":"01507"}},{"arcs":[[-1306,2334,-2331,-1835]],"type":"Polygon","properties":{"ZCTA5CE20":"03225"}},{"arcs":[[2335,-2045,-2276,2336,-840,-2039,-1666]],"type":"Polygon","properties":{"ZCTA5CE20":"03851"}},{"arcs":[[-810,-2282,-288,-1498]],"type":"Polygon","properties":{"ZCTA5CE20":"03440"}},{"arcs":[[-1482,2337,2338,2339,-2136,-2128]],"type":"Polygon","properties":{"ZCTA5CE20":"02633"}},{"arcs":[[-1155,-1775,-2186,-2322,-1344,2340]],"type":"Polygon","properties":{"ZCTA5CE20":"06375"}},{"arcs":[[-2286,2341,-1424,-2099,-2102,-2310]],"type":"Polygon","properties":{"ZCTA5CE20":"02364"}},{"arcs":[[-1770,-525,-724,-2108,-1998,-709,-2064,-2076,-2065]],"type":"Polygon","properties":{"ZCTA5CE20":"02492"}},{"arcs":[[-2268,-2111,-2118,2342,2343,-1706]],"type":"Polygon","properties":{"ZCTA5CE20":"02536"}},{"arcs":[[-1462,-1792,-2115,-2109,2344]],"type":"Polygon","properties":{"ZCTA5CE20":"02559"}},{"arcs":[[2345,-2339]],"type":"Polygon","properties":{"ZCTA5CE20":"02650"}},{"arcs":[[-1132,-2019,-106,-2013,-2274]],"type":"Polygon","properties":{"ZCTA5CE20":"02715"}},{"arcs":[[-1575,-751,-1965,-1015,-816,2346]],"type":"Polygon","properties":{"ZCTA5CE20":"01464"}},{"arcs":[[-1970,-323,-139,-2283,-1364,-1672,-156]],"type":"Polygon","properties":{"ZCTA5CE20":"01775"}},{"arcs":[[-2201,-2199,-1037,-1990,-1815,-503,-1818,-2173,-1820,-2177,2347,-1699,-1612,-2233]],"type":"Polygon","properties":{"ZCTA5CE20":"02814"}},{"arcs":[[-1939,-2049,-1643,-1653,-2270]],"type":"Polygon","properties":{"ZCTA5CE20":"01803"}},{"arcs":[[-2264,-1694,-1476,-332]],"type":"Polygon","properties":{"ZCTA5CE20":"01833"}},{"arcs":[[-2125,2348,-448]],"type":"Polygon","properties":{"ZCTA5CE20":"02647"}},{"arcs":[[-1960,-1011,-989,-1945,-2301]],"type":"Polygon","properties":{"ZCTA5CE20":"01863"}},{"arcs":[[-843,-2328,-2305,-958,-1799,-2043]],"type":"Polygon","properties":{"ZCTA5CE20":"03830"}},{"arcs":[[2349,-769,-915,-2121]],"type":"Polygon","properties":{"ZCTA5CE20":"02568"}},{"arcs":[[-1868,-2119,-1717,-2171,2350,-2343,-2117]],"type":"Polygon","properties":{"ZCTA5CE20":"02649"}},{"arcs":[[2351,-2242,-1847,-2312,-5,-1857,-1602,-1888,-1634,-647]],"type":"Polygon","properties":{"ZCTA5CE20":"01082"}},{"arcs":[[-1840,-1335,-1531,-1544,-1176,-1764,-1090,-2105]],"type":"Polygon","properties":{"ZCTA5CE20":"02478"}},{"arcs":[[-2182,-2297,-1893,-419,-2060]],"type":"Polygon","properties":{"ZCTA5CE20":"01982"}},{"arcs":[[2352,-1172,-2204]],"type":"Polygon","properties":{"ZCTA5CE20":"02881"}},{"arcs":[[-1964,-1975,-1576,-2347,-815,-1195,-734]],"type":"Polygon","properties":{"ZCTA5CE20":"01462"}},{"arcs":[[-2348,-2176,-251,-2175,-2252,-1810,-1674,-1780,-1143,-1702,-1979,-1700]],"type":"Polygon","properties":{"ZCTA5CE20":"02825"}},{"arcs":[[2353,-483,-2335,-1305,-1562]],"type":"Polygon","properties":{"ZCTA5CE20":"03809"}},{"arcs":[[-2161,-2318,-1101,-2222,-208]],"type":"Polygon","properties":{"ZCTA5CE20":"03858"}},{"arcs":[[-1139]],"type":"Polygon","properties":{"ZCTA5CE20":"03871"}},{"arcs":[[-2028,-845,-2047,-479,-2354,-1561,-1671]],"type":"Polygon","properties":{"ZCTA5CE20":"03894"}},{"arcs":[[-1943,-407,-703,-1937,-10]],"type":"Polygon","properties":{"ZCTA5CE20":"01862"}},{"arcs":[[-1379,-1502,-1889,-634,-95,-1370,-1281,-1989]],"type":"Polygon","properties":{"ZCTA5CE20":"02865"}},{"arcs":[[-126,2354,-445,-1020,-2074,-689]],"type":"Polygon","properties":{"ZCTA5CE20":"02066"}},{"arcs":[[-1968,-608,-2323,-944,-966,-942,-2232,-1772,-920]],"type":"Polygon","properties":{"ZCTA5CE20":"06360"}},{"arcs":[[-2275,-1796,-552,-2296,-2304,-1651,-836,-2337]],"type":"Polygon","properties":{"ZCTA5CE20":"04027"}},{"arcs":[[-2292,-19,-2189,-2235,-604,-2291,-55]],"type":"Polygon","properties":{"ZCTA5CE20":"06043"}},{"arcs":[[-1680,-2289,-1862,-2130,-990,-2249,-996,-1738]],"type":"Polygon","properties":{"ZCTA5CE20":"02660"}},{"arcs":[[-2149,-2147,-2227,-2141,-1210]],"type":"Polygon","properties":{"ZCTA5CE20":"02746"}},{"arcs":[[-2254,-1802,-2080,-630,-1377]],"type":"Polygon","properties":{"ZCTA5CE20":"02895"}},{"arcs":[[-2294,-1664,2355,-823,-1510,-1742,-2303]],"type":"Polygon","properties":{"ZCTA5CE20":"04090"}},{"arcs":[[-2336,-1665,-481,-2046]],"type":"Polygon","properties":{"ZCTA5CE20":"03887"}},{"arcs":[[-2313,-2168,-847,-662,-1273]],"type":"Polygon","properties":{"ZCTA5CE20":"03052"}},{"arcs":[[-806,-76,-1074,-1275,-2315,-2334]],"type":"Polygon","properties":{"ZCTA5CE20":"03031"}},{"arcs":[[-1883,-1173,-2353,-2203,-1878,-789,-1877,-2239,-1105,-1976]],"type":"Polygon","properties":{"ZCTA5CE20":"02892"}},{"arcs":[[-2320,-691,-537,-2097]],"type":"Polygon","properties":{"ZCTA5CE20":"02189"}},{"arcs":[[-945,-569,-2244,-1008,-655,-1750,-1805,-2309]],"type":"Polygon","properties":{"ZCTA5CE20":"02067"}},{"arcs":[[-2158,2356,-1842,-1098]],"type":"Polygon","properties":{"ZCTA5CE20":"01952"}},{"arcs":[[-838,-1650,-1566,-2298,-2040]],"type":"Polygon","properties":{"ZCTA5CE20":"03878"}},{"arcs":[[-2302,-522,-312,-258,-2277,-263,-2311,-264,-2241,-299]],"type":"Polygon","properties":{"ZCTA5CE20":"01005"}},{"arcs":[[-697,-1410,-2164,-1533]],"type":"Polygon","properties":{"ZCTA5CE20":"02126"}},{"arcs":[[-1574,-194,-2316,-2272,-745]],"type":"Polygon","properties":{"ZCTA5CE20":"01463"}},{"arcs":[[-2016,2357,-1324,-639]],"type":"Polygon","properties":{"ZCTA5CE20":"02885"}},{"arcs":[[[2358]],[[2359]],[[-424,2360,-628,2361]]],"type":"MultiPolygon","properties":{"ZCTA5CE20":"02840"}},{"arcs":[[-1756,-1930,-37,-1927,-1392,-1469,-718]],"type":"Polygon","properties":{"ZCTA5CE20":"01610"}},{"arcs":[[-1909,-1341,-464,-1913,-729,-1489]],"type":"Polygon","properties":{"ZCTA5CE20":"01581"}},{"arcs":[[-1318,-1129,-2079,-1800]],"type":"Polygon","properties":{"ZCTA5CE20":"02038"}},{"arcs":[[-2253,-1676,-1813,-914,-1882,-1227]],"type":"Polygon","properties":{"ZCTA5CE20":"02817"}},{"arcs":[[-1253,-1374,-1194,-909,-1812]],"type":"Polygon","properties":{"ZCTA5CE20":"02893"}}]}}}