{"type":"Topology","transform":{"scale":[0.0003225274165274166,8.571496299999999e-05],"translate":[-176.696676,-14.37374]},"arcs":[[[164329,722061],[197,0],[311,0],[82,0],[0,-167]],[[164919,721894],[-1,-1682],[3,-177]],[[164921,720035],[0,-171],[-1,-564]],[[164920,719300],[-13,-57],[-1,-208],[6,-28],[0,-62],[-5,-35],[0,-16],[-6,-64],[0,-72],[-2,-89],[-7,-33],[13,-8],[-16,-72],[0,-50],[4,-74],[-1,-35],[-7,-89],[0,-91],[7,-53],[9,-22],[5,-30],[1,-37],[-1,-97],[-6,-11],[-7,0],[-6,11],[-4,-14],[2,-16],[13,5],[7,-21],[4,-18],[-6,-26],[5,-14],[20,-8],[7,-13],[-3,-28],[5,-21],[0,-15],[15,-12],[2,-23],[-8,-21],[5,1],[5,-12],[-3,-28],[2,-12],[13,-45],[0,-40],[-8,-1],[-7,-34],[1,-20],[-4,-19],[-7,-7],[-3,-31],[-9,-23],[-10,-13],[-7,-32],[-11,-28],[5,-31],[-1,-27],[4,-9],[14,-7],[0,-15],[-10,9],[-2,-20],[6,-32],[8,-36],[7,-17],[3,-22],[6,4],[5,24],[5,-16],[1,-40],[15,1],[0,-75],[1,27],[20,27],[17,11],[3,6],[9,2],[-9,-40],[-6,-56],[-13,-52],[-2,-21],[-2,-62],[8,-66],[10,-28],[-10,-14],[-5,-13],[-2,-3],[-18,-23],[-17,-32],[-13,-12],[-8,-25],[5,-26],[-1,-12],[-5,-5],[-6,17],[-6,2],[-17,-19],[-1,-35],[-3,-30],[-4,-17],[0,-17],[1,-5],[5,-25],[-6,-15],[-16,-3],[-13,-19],[-3,-35],[-8,-17],[10,-35],[3,-36],[13,-74],[7,5],[11,30],[7,0],[4,-34],[0,-19],[-5,-29],[0,-21],[4,-34],[5,-23],[10,-17],[13,7],[4,-5],[3,-51],[7,-42],[1,-24],[2,-7]],[[164953,716036],[5,-18]],[[164958,716018],[7,-33],[10,-15],[9,-13],[2,-14],[-2,-27],[-7,-17],[-11,-21],[-4,-32],[3,-8],[6,1],[9,-17],[0,-16],[-5,-20],[4,-15],[8,2],[3,-10],[-10,-19],[-6,-28],[-10,-23],[-14,-26],[-14,-18],[-16,-15],[-19,-13],[-2,-159],[32,1],[0,-21],[-5,-20],[3,-38],[-1,-19],[-5,-13],[1,-17],[-11,13],[-20,-11],[-8,-11],[-11,-5],[4,-13],[0,-27],[5,-16],[2,-27],[-9,-31],[1,-19],[6,-26],[20,-21],[0,-11],[-8,-32],[13,-22],[9,-22],[5,5],[12,-48],[-3,-37],[7,-16],[7,-2],[19,18],[2,0],[4,-3],[2,-4],[2,-9],[11,-10],[2,-15],[27,-40],[21,9],[7,-7],[15,-26],[3,-31],[7,-8]],[[165067,714830],[11,-33],[20,-31],[13,-38],[3,-1],[7,-12],[1,-21],[-7,-24],[-8,-15],[0,-27],[12,-9],[14,-16],[-4,-7],[4,-10],[-3,-20],[9,0],[-9,-19],[-12,-3],[-8,-21],[5,-37],[-19,-37],[-6,-23],[-1,-27],[3,-17],[-1,-15],[-8,-14],[-1,-29],[3,-10],[-7,-2],[-12,-15],[-23,-3],[-3,-5],[-23,-26],[-11,3],[-1,-10],[-17,-28]],[[164988,714228],[0,65],[1,183],[-324,-1],[0,480],[-90,0],[-7,-33],[-4,-7],[-24,-14],[-8,9],[-8,25],[0,17],[-6,26],[-1,30],[1,54],[-17,17],[-15,6],[-9,9],[-6,-5],[-17,3],[-2,3],[-11,-11],[-12,6],[-6,11],[-4,1],[-2,9],[7,3],[-1,4],[-2,1],[1,82],[-32,-2],[0,83],[2,2],[2,1],[4,3],[10,5],[-19,-2],[-12,-23],[-9,-7],[-9,2],[-10,-5],[-17,-2],[-16,11],[-19,29],[-35,21],[-20,9],[-22,18],[-13,6],[-14,1],[-32,20],[-17,25],[-19,43],[-2,4],[-7,8],[5,50],[0,15]],[[164121,715516],[21,19],[5,6],[4,4],[5,4],[0,14],[23,8],[9,-16],[1,-37],[-4,-18],[-2,-38],[6,-31],[22,-46],[5,0],[5,18],[-3,47],[5,16],[6,0],[20,-40],[8,-7],[4,5],[11,44],[16,27],[29,13],[14,10],[11,13],[17,11],[17,-14],[14,-5],[0,16],[50,0],[-4,34],[-9,8],[-8,40],[-10,24],[-13,7],[-3,14],[4,10],[-1,54],[5,1],[5,1],[-7,67],[-7,0],[-2,163],[-185,-4],[-1,171],[1,64],[1,268],[1,327],[1,170],[34,-1],[-2,44],[14,21],[14,40],[7,26],[6,9],[10,79],[5,20],[-1,21],[9,22],[2,22],[-2,17],[10,60],[10,34],[7,34],[-2,45],[1,32],[6,26],[-1,38],[5,25],[0,18],[7,8],[10,26],[6,65],[5,26],[10,19],[8,25],[0,19],[4,15],[13,10],[9,23],[4,22],[9,14],[16,10],[8,0],[6,23],[-4,22],[-7,19],[-11,11],[7,35],[10,37],[11,18],[10,-1],[2,14],[-7,35],[4,32],[7,141],[-3,18],[-11,10],[-11,40],[7,34],[1,10],[-6,38],[11,25],[12,51],[2,17],[-8,33],[-18,18],[-14,-3],[-4,7],[-2,41],[-7,8],[-12,-20],[-7,-3],[-2,11],[-7,-8],[-5,10],[-3,26],[6,58],[1,29],[7,51],[0,23],[15,39],[9,30],[12,7],[8,-11],[10,13],[3,-5],[-3,-49],[13,-38],[4,-26],[2,-28],[9,-37],[15,-36],[5,-26],[-2,21],[1,37],[5,13],[1,38],[6,17],[1,17],[-12,17],[-16,35],[-13,7],[-7,31],[1,20],[4,9],[8,7],[3,10],[-1,31],[-8,5],[-6,17],[-2,52],[3,23],[9,14],[10,-9],[8,1],[-1,31],[-4,19],[-8,18],[-11,7],[-7,-8],[0,-12],[-5,-14],[-7,8],[-3,17],[-10,33],[2,8],[13,0],[5,11],[3,33],[-5,35],[3,36],[8,22],[-2,17],[-15,19],[-14,26],[-2,17],[3,9],[11,-1],[9,17],[19,-8],[5,26],[0,20],[-4,12],[-10,1],[-5,-15],[-3,6],[0,35],[3,14],[-4,24],[-1,27],[12,46],[7,10],[6,23],[1,23],[9,16],[3,16],[7,21],[-3,20],[-5,11],[1,39],[-5,20],[3,15],[-4,37],[-9,8],[9,28],[0,7],[-6,4],[-9,-11],[-8,44],[2,25],[-7,-4],[-6,-23],[-5,5],[-1,21],[2,12],[7,5],[12,-4],[9,3],[4,18],[11,13],[3,10],[-4,40],[-9,11],[-2,19],[-42,4],[-38,-7],[-9,-23],[-32,9],[-7,13],[-32,-1],[3,-528],[-63,-4],[0,31],[-6,2],[-63,-1]],[[164198,719541],[-4,4],[-47,2],[1,289],[-38,3],[-80,18],[-50,4],[-18,4],[-37,5]],[[163925,719870],[3,13],[-5,13],[-3,28],[5,20],[-5,19],[-1,32],[10,18],[-10,28],[16,0],[3,0],[11,24],[8,46],[-1,22],[12,38],[-7,30],[4,31],[9,12],[1,10],[12,36],[0,8],[-12,17],[6,15],[7,37],[7,10],[5,25],[14,15],[0,7],[14,19],[6,29],[14,8],[6,16],[15,4],[-1,15],[-9,-2],[0,12],[11,30],[10,21],[-9,12],[3,38],[6,25],[14,-7],[-3,52],[8,24],[-2,25],[11,9],[1,26],[-3,7],[9,61],[12,-18],[3,21],[0,31],[-4,40],[-1,37],[6,43],[14,3],[13,41],[-4,24],[2,14],[-2,28],[5,-10],[16,6],[-1,25],[6,4],[1,13],[11,15],[8,1],[18,38],[8,6],[8,23],[3,24],[9,-1],[8,13],[4,44],[5,-15],[11,10],[2,37],[8,-11],[4,8],[-5,28],[7,8],[3,26],[-7,-4],[-5,10],[9,24],[15,-3],[7,13],[4,28],[-2,14],[7,18],[5,36],[4,250],[-2,62],[1,209]],[[170054,725086],[28,5],[62,-4],[4,-1],[198,1],[34,8],[241,-6]],[[170621,725089],[-1,-21],[3,-101],[-14,-196],[-2,-7],[-18,-3],[-19,-14],[-14,2],[-11,-2],[-13,-16],[-7,-14],[-15,-19],[-21,-47],[-14,-18],[-10,-52],[-4,-15],[0,-24],[-5,-50],[8,-33],[16,-26],[2,-20],[0,-51],[-2,-21],[2,-44],[9,-46],[-5,-33],[-1,-28],[-7,-53],[-1,-39],[-9,-32],[2,-7]],[[170470,724059],[-13,-6],[-7,3],[-1,29],[-7,3],[-6,14],[-15,-4],[-6,-6],[-15,0],[-5,7],[-21,4],[-3,15],[0,28],[-16,2],[-3,26],[-4,6],[-6,-9],[-5,12],[-15,-10],[-12,20],[-12,3],[-8,-8],[-6,-23],[-5,-1],[-12,14],[-7,-13],[-7,1],[-10,-26],[-1,-8],[-6,-7],[-2,-12],[-1,-34],[-16,-35],[-1,-16],[-9,0],[-7,-37],[-8,-2],[0,-17],[-14,-21],[-9,-29],[14,-27],[1,-11],[-10,-26],[-6,8],[0,-17],[-3,-16],[2,-32],[1,-47],[-7,-34],[-12,-24],[-8,3],[-4,-21],[-12,-13],[-11,-42],[1,-25],[-3,-27],[2,-66],[3,-29],[8,4],[-5,-8],[-6,-4],[-3,-19],[-3,-40],[1,-41],[2,-35],[-18,-29],[-20,-14],[-3,-13],[0,-13],[11,-23],[1,-12],[-8,-20],[-2,1],[-14,-14],[-2,0],[-16,1],[-16,-12],[-12,-30],[-12,-38],[-5,-37]],[[169995,723080],[-11,-38],[-8,7],[-8,-4],[-10,8],[-12,1],[-4,26],[0,-51],[-67,3],[-2,-77],[7,-11],[3,-7],[0,-8],[-3,-9],[-8,-6],[-17,-26],[-3,6],[1,13],[6,0],[3,12],[-9,-2],[0,23],[-4,25],[-11,-28],[-8,-6],[-3,-11],[2,-10],[8,-13],[2,-27],[25,-24],[7,8],[0,-25],[-11,16],[-17,14],[-5,11],[-4,28],[-8,17],[0,6],[4,12],[10,11],[11,28],[3,16],[-4,22],[-7,15],[2,17],[9,9],[-1,18],[-5,5],[-9,-21],[-9,-14],[-4,-20],[6,-33],[-1,-16],[-10,3],[-10,22],[0,33],[-2,0],[1,77],[-3,10],[-12,2],[-1,4],[-1,22],[-16,-15],[-3,4],[-8,3],[-4,30],[-1,36],[-17,-1],[0,-87],[-27,2],[-4,-1],[1,4]],[[169714,723118],[6,61],[-4,60],[-6,24],[-12,19],[-8,5],[-7,3],[-4,3],[0,78],[7,-1],[-1,-20],[7,-6],[19,16],[0,10],[12,18],[2,16],[-2,27],[4,11],[6,2],[11,1],[0,93],[-15,0],[1,15],[-4,27],[3,10],[0,5],[-3,12],[-2,10],[-3,8],[-2,3],[-5,3],[-4,0],[-1,4],[-7,-1],[-3,41],[-5,33],[-7,2],[-51,-1],[0,42],[9,0],[0,128],[-16,0],[0,67],[-9,-3],[0,33],[-2,21],[-6,-2],[0,61],[-12,-13],[0,55],[-4,0],[-1,19],[-17,40],[0,47],[3,6],[-1,13],[-4,26]],[[169576,724249],[-5,30],[-2,14],[33,0],[34,0],[0,-38],[2,-18],[13,-51],[21,-57],[23,-25],[9,-12],[53,-10],[2,40],[-8,45],[-12,23],[-6,4],[14,10],[16,72],[1,13],[8,38],[14,-4],[33,-35],[13,0],[9,-28],[9,-16],[5,5],[5,-8],[10,-26],[9,-21],[13,-46],[4,-28],[1,3],[-1,30],[4,48],[8,1],[0,-8],[1,24],[1,18],[-4,15],[3,41],[8,51],[4,13],[85,-23],[-5,32],[-9,35],[-5,25],[23,0],[3,6],[0,18],[13,-1],[7,7],[1,42],[6,42],[1,23],[7,22],[5,28],[4,28],[0,34],[2,19],[-2,30],[-4,23],[-3,62],[-9,67],[-1,48],[7,57],[0,24],[4,26],[-1,29],[4,27]],[[169835,735210],[69,0],[69,-6],[-1,18],[9,30],[8,4],[3,24],[15,44],[9,2],[1,43],[10,36],[2,33],[10,39],[9,6],[0,565],[128,0],[3,-13],[8,-12],[2,-6],[2,8],[6,16],[0,7],[42,0],[10,-30],[8,-36],[23,-80],[8,-20],[16,-32],[5,-1],[23,-42],[12,-32],[3,1],[11,-24],[15,-14],[9,4],[9,-6],[12,-19],[9,10],[5,-27],[0,-31],[6,-13],[6,3],[10,-24],[7,-6],[19,13],[7,21],[14,14],[6,-5],[10,80],[2,60],[22,114],[1,36],[12,44],[-6,44],[11,-4],[23,5],[6,5],[8,21],[52,169],[8,21],[10,5],[14,-3],[14,-10],[9,4],[16,-14],[9,9]],[[170713,736258],[2,-4],[3,3],[12,-3],[23,-18],[16,-4],[19,13],[9,19],[0,25],[9,14],[17,7],[10,-18],[11,15],[6,18],[12,20],[3,21],[10,18],[7,0],[5,-9],[16,-1],[8,-8],[7,-13],[-7,-3],[3,-12],[7,-7],[-1,-19],[5,-7],[1,14],[14,15],[11,-1],[16,14],[6,14],[1,14],[-7,36],[10,23],[4,25],[6,8],[5,37],[8,16],[-1,53],[-5,21],[10,12]],[[171004,736606],[1,-345],[-2,-242],[4,-55],[-2,-33],[-3,-20],[1,-34],[-64,-184],[-1,-40],[-29,-255],[29,-26],[-1,-30],[2,-27],[4,-19],[10,6],[15,-3],[6,10],[63,-127]],[[171037,735182],[-106,0],[11,-19],[5,-16],[24,-14],[20,-18],[35,-52],[23,-41],[20,-11],[5,-12],[11,-10],[6,-15],[10,-14],[0,-30],[4,-14],[0,-16],[9,-40],[0,-17],[5,-18],[-1,-38],[17,-63],[9,-4],[6,-15],[6,2],[16,-15],[11,-4],[3,-11],[9,-10],[11,9],[20,-3],[16,-13],[10,2],[19,-13],[11,-32],[15,-32],[4,-17],[9,-33],[5,-11],[6,-24],[1,-33],[4,-25],[6,-21],[9,-2],[9,-15],[8,-31],[9,10],[4,-7],[-3,-22],[4,-18],[-116,-408],[-31,-175]],[[171225,733753],[-32,0],[0,-12],[-7,-1],[0,-72],[-63,1],[-1,-73],[-69,-6],[-17,2],[0,-45],[-69,-12],[-116,2],[-2,-116],[-95,19],[-23,-2],[0,-27],[10,-17],[-6,-18],[3,-70],[9,6],[6,19],[-2,-20],[12,-7],[13,20],[2,-8],[21,-7],[13,0],[17,7],[9,8],[11,20],[23,-271],[1,-10],[-5,-16],[-10,-21],[-4,-34],[4,26],[9,2],[4,11],[4,-16],[6,-5],[9,11],[1,-16],[7,35],[12,3],[7,9],[19,-6],[3,3],[4,-14],[0,-42],[-6,-32],[2,-13],[-2,-42],[9,-42],[15,-43],[6,-14],[3,1],[20,36],[9,38],[9,8],[9,-8],[21,20],[12,16],[11,-2],[5,-36],[1,-19]],[[171067,732861],[9,-18],[11,-35],[20,-14],[28,-51],[9,-34],[0,-171],[-13,15],[-15,3],[-6,-6],[-8,1],[-18,-7],[-24,-15],[-5,7],[-8,0],[-6,-8],[-9,1],[-3,-62],[1,-27],[-4,-28],[-6,-21],[-11,-12],[-10,-5],[-2,-12],[-15,-33],[-7,-4],[6,-25],[1,-30],[-4,-22],[-8,-22],[-12,-44],[-6,-16]],[[170952,732166],[-3,0],[-1,-21],[2,-11],[11,-7],[7,-23],[-2,-22],[-10,-28],[-2,-15],[4,-17],[-14,-16],[-8,-17],[-8,12],[-10,-5],[-10,8],[-11,-828],[-7,-2],[-175,-4]],[[170715,731170],[-4,53],[2,18],[-6,9],[0,20],[-3,2],[-11,-17],[-9,6],[-8,13],[6,14],[-4,19],[0,18],[-10,62],[4,11],[-2,29],[-6,21],[-5,8],[-6,33],[-3,5],[-8,-8],[-14,17],[-5,0],[-18,17],[10,-20],[14,-18],[4,-12],[1,-25],[-2,-32],[-8,-31],[-14,-13],[-12,-17],[-17,10],[-18,21],[-8,-35],[-12,-7],[-10,4],[-5,9],[-3,20],[-10,2],[-6,24],[-2,30],[-12,13],[-3,24],[3,37],[-4,1],[-10,24],[-2,11],[-13,19],[-7,44],[-4,2],[-7,30],[-2,19],[-4,12],[-1,20],[-4,35],[-7,21],[-11,19],[-5,19],[-7,12],[-9,7],[9,14],[6,17],[-7,6],[-11,17],[-6,17],[-3,22],[-7,11],[-11,32],[-2,12],[-4,-3],[-8,20],[-9,6],[2,16],[-6,-1],[-25,25],[-14,7],[-14,1],[-14,6],[-11,11],[-12,-12],[-18,5],[-8,-4],[-8,16],[-8,-3],[-2,-14],[-8,5],[-9,-12],[-4,2],[-11,-17],[-15,0],[-1,13],[-16,6],[-7,15],[-9,31],[0,16],[-10,12],[-1,16],[-8,55],[-5,-1],[-2,15],[-2,17],[2,34],[14,22],[16,35],[-26,40],[-12,-21],[-9,-5],[-9,2],[-12,10],[-10,0],[-11,19],[-7,-3],[1,-13],[-11,-28],[-3,2],[-7,21],[-11,56],[-15,46],[-11,43],[0,16],[-7,31],[-13,27],[-6,20],[-6,8],[-4,24],[-7,-13],[-15,22],[-11,45],[-15,38],[-11,17],[-5,24],[-21,43],[-9,22]],[[169848,732780],[2,16],[9,31],[7,33],[2,19],[-7,11],[-6,72],[16,-23],[6,5],[14,-3],[0,12],[7,8],[7,-7],[17,1],[-3,55],[15,31],[2,14],[10,28],[4,19],[4,38],[9,38],[9,26],[1,35],[4,40],[0,38],[2,26],[7,31],[8,51],[-4,60],[-6,16],[-5,35],[-7,24],[0,37],[-5,12],[-1,21],[-7,11],[-5,23],[-26,-38],[-11,-2],[-1,6],[-8,0],[-16,10],[-6,14],[-38,14],[-12,15],[1,24],[-8,2],[-10,18],[-22,3],[-43,14],[-19,0],[-6,9],[5,10],[19,-7],[26,-17],[23,-7],[18,0],[9,16],[2,11],[-11,1],[0,65],[-8,0],[0,8],[26,11],[-1,107],[4,259],[-3,167],[1,162],[-2,1],[-7,174],[5,337],[0,159]],[[165129,729121],[4,-5],[21,-28],[8,-12],[8,-11],[10,-5],[19,-8],[12,-6],[6,12],[7,13],[6,-17],[2,-1],[14,-16],[5,-4],[11,-12],[21,3],[4,1],[19,3],[3,-1],[17,-8],[22,11],[13,6],[7,4],[17,17],[4,4],[21,-1],[5,0],[4,0],[2,-8],[12,-29],[3,-10],[20,-7],[15,2],[29,5],[12,2],[40,42],[37,39],[4,4],[2,-3],[5,-8],[18,-33],[31,-12],[4,-2],[37,11],[8,2],[18,-17],[30,29],[57,88]],[[165803,729155],[6,-13],[0,-50],[-6,-20],[7,-30],[-3,-29],[-1,-46],[-5,-21],[-1,-31],[-15,-58],[1,-17],[-11,-19],[-15,-52],[-3,-26],[-4,-13],[3,-14],[0,-21],[2,-26],[7,-9],[4,-21],[-4,-6],[-6,-24],[-1,-19],[-5,-9],[-16,-6],[-1,-34],[-3,-14],[-5,-3],[-5,-13],[0,-21],[3,-27],[-3,-21],[2,-19],[-1,-8],[0,-33],[-3,-2],[-3,-31],[0,-17],[-4,-19],[1,-28],[3,-28],[13,-48],[0,-23],[6,-21],[-1,-23],[-6,-20],[11,-27],[7,-20],[6,-8],[8,-29],[10,-53],[-5,-30],[2,-16],[-2,-40],[-7,-8],[-9,-20],[-3,1],[-11,-43],[1,-23],[-4,-27],[-7,-24],[1,-27],[-4,-12],[-6,-35],[-8,-23],[4,-25],[-4,-24],[1,-17],[5,-32],[10,-23],[6,-40],[10,-19],[-3,-17],[-6,-12],[-4,-19],[-7,-17],[-5,-33],[-11,-52],[-4,-7],[70,0],[0,-79]],[[165772,727242],[0,-85],[-4,-5],[1,-342],[11,0],[34,0],[2,-4],[2,-3],[6,-14],[2,-11],[5,-17],[4,-7],[0,-116],[8,-1],[17,1],[2,-18],[15,-39],[6,-37],[8,-31],[3,-26],[8,-26],[18,-11],[18,0],[7,-34],[10,-27],[10,-16],[4,-11],[0,-227],[-388,0],[0,1017],[-16,0],[0,106],[-7,-20],[-10,3],[-21,30],[-7,5],[-5,16],[-6,37],[-1,18],[-8,24],[-11,17],[-10,-13],[-29,5],[-12,17],[-1,15],[-8,21],[-2,17],[-9,16],[-1,31],[-8,21],[-7,5],[-12,23],[-12,2],[-1,11],[-12,17],[-4,-6],[-7,27],[-9,-11],[-10,-23],[-8,-10],[-4,-22],[-10,-13],[-11,3],[-12,-18],[-6,-21],[-15,-7],[-18,2],[-5,-6],[-7,-22],[-19,-2],[-5,13],[-30,-2],[-11,13],[-21,-3],[-3,-5],[-17,-6],[-5,-6],[-11,-2],[-18,-27]],[[165099,727422],[0,774],[9,0],[-2,104],[-16,15],[-3,26],[5,34],[4,12],[-2,29],[-3,17],[-13,20],[-3,15],[3,32],[10,36],[-1,25],[6,24],[0,11],[5,15],[1,27],[6,25],[1,5],[1,21],[-1,5],[0,11],[-2,4],[0,8],[-4,11],[-3,21],[-6,13],[-1,4],[-6,19],[-3,29],[1,32],[2,18],[-2,55],[3,9],[3,19],[-3,-1],[-32,-13],[0,11],[9,28],[7,20],[4,26],[15,46],[14,32],[6,21],[6,-10],[10,-1],[5,15]],[[164919,721894],[3,8],[396,2],[0,25],[110,0],[33,0],[49,-6],[0,53],[16,0],[5,40],[13,38],[22,25],[4,21],[-6,47],[-9,35],[-3,28],[2,12],[13,25],[4,19],[3,50],[-4,40],[-8,31],[-17,0],[-13,34],[-12,10],[-16,0],[-22,16],[-11,-10],[-2,13],[2,31],[5,31],[12,12],[5,25],[1,25],[11,16],[3,12],[-18,28],[-14,0],[-5,44],[-8,6],[-7,38],[4,0],[8,19],[13,12],[2,19],[8,18],[10,35],[3,24],[8,7],[11,27],[11,12],[16,0],[13,31],[9,6],[8,-10],[16,28],[10,-6],[7,-25],[16,-10],[17,18],[19,44],[6,-3],[0,-10],[5,-22],[7,-9],[10,-54],[9,-19],[11,-17],[5,-26],[13,-9],[6,7],[3,-10],[8,9],[8,15],[10,1],[27,-12],[5,2],[8,-10],[14,8],[6,-5],[5,9],[11,-7],[3,-10],[5,2],[7,35],[11,18],[17,6],[20,21],[7,28],[-3,17],[9,7],[7,12],[9,-9],[14,27],[7,-5],[3,17],[5,-3],[8,19],[29,14],[15,-12],[2,-10],[10,6],[7,11],[0,15],[9,13],[9,-6],[11,-39],[16,-7],[8,-14],[7,8],[8,-10],[9,2],[5,-20],[-6,-15],[20,-55],[3,16],[11,3],[4,-20],[6,-8],[9,0],[9,-17],[10,2],[12,-17],[4,-20],[13,3],[6,-9],[3,-22],[-3,-16],[17,13],[5,0],[-5,-31],[14,1],[-2,-24],[4,-13],[2,-23],[-1,-30],[5,-48],[10,-38],[5,-6]],[[166271,722564],[-33,-228],[-9,-3],[-7,-31],[-12,-11],[-12,1],[-13,13],[-14,-5],[-13,-30],[-13,-13],[13,-1],[14,11],[3,8],[5,-2],[4,-7],[-1,-24],[-16,-54],[-1,-16],[5,-4],[-12,-11],[-16,-6],[-1,-9],[-10,-8],[2,-3],[10,9],[18,-6],[8,-12],[7,0],[1,-11],[7,-6],[8,-18],[-109,-452],[-2,-158],[8,3],[8,-26],[8,1],[8,-14],[5,-33],[-4,-26],[23,-18]],[[166138,721364],[-2,-8],[8,-27],[-7,-25],[4,-27],[-7,-25],[-2,-35],[-5,-15],[-2,-29],[-13,-26],[1,-62],[-10,-17],[-3,-35],[-17,-96],[-3,-51],[-12,-69],[-4,-11],[-7,-24],[-1,-18],[-7,-34],[-4,-68],[-3,-50],[-3,-38],[-3,-35],[-5,-40]],[[166031,720499],[-19,-97],[-6,14],[-10,1],[-12,16],[-7,-4],[-17,-24],[-13,4],[-9,10],[-12,-1],[2,21],[-3,16],[-18,56],[-5,37],[-38,-2],[-38,0],[5,21],[7,8],[9,-8],[6,13],[0,52],[2,20],[7,18],[-5,34],[-12,-11],[-6,17],[5,21],[8,19],[-1,22],[-8,36],[-5,4],[-4,23],[-5,3],[-10,40],[-7,8],[2,29],[-8,30],[-8,5],[0,-9],[-6,-37],[-8,-28],[-16,-2],[-2,-13],[-20,-11],[-15,26],[6,0],[4,28],[8,14],[1,25],[9,43],[-2,29],[3,13],[-4,10],[4,8],[6,33],[1,25],[7,6],[1,19],[-7,7],[6,6],[1,20],[-6,15],[-2,54],[-2,48],[-6,19],[-1,19],[4,30],[-2,16],[-5,15],[-7,33],[-16,40],[-29,55],[-12,36],[-1,19],[-14,21],[-6,17],[5,2],[-3,17],[-7,13],[-17,-8],[-30,0],[0,18],[-18,-7],[-9,11],[-6,-5],[-14,10],[-25,7],[-10,32],[-4,-25],[-6,-14],[-3,-20],[-12,-10],[-12,-21],[-11,-2],[-10,-19],[-13,-4],[-7,-14],[-16,-6],[-10,7],[-15,-12],[-4,3],[-12,-12],[2,-15],[-8,-5],[-4,-26],[-7,6],[-11,-6],[-25,2],[-7,-4],[-10,14],[-25,0],[-10,3],[-4,-14],[-10,-6],[0,-31],[-5,-24],[-1,25],[-6,29],[-5,41],[-5,-28],[3,-16],[2,-24],[-4,-10],[-2,-31],[5,-32],[17,-28],[19,-18],[31,-10],[4,-12],[9,-7],[33,8],[14,11],[19,-11],[5,-13],[14,-15],[2,-18],[30,-33],[10,-27],[6,-10],[17,7],[15,-1],[12,-26],[5,-22],[-1,-22],[-6,-22],[-10,-43],[-6,-12],[1,-18],[-6,-5],[4,-15],[-11,-25],[-3,-37],[8,-29],[-9,2],[-4,8],[-6,-14],[-10,-13],[1,-16],[-4,-17],[3,-14],[11,-26],[6,-24],[7,-8],[8,7],[-2,-33],[-5,-34],[6,-3],[9,22],[3,24],[8,9],[6,-1],[6,-11],[-2,-14],[-6,2],[-7,-10],[-4,-14],[13,-29],[0,-15],[4,-16],[-2,-27],[2,-29],[-3,-25],[6,-19],[13,-13],[2,-12],[-7,-39],[-10,-10],[-9,-24],[0,-19],[-8,-12],[0,-7],[7,-25],[8,-4],[11,0],[12,21],[5,-6],[12,4],[15,23],[4,-25],[5,-12],[3,-23],[8,5],[5,-5],[1,-25],[0,-34],[3,-17],[8,-22],[-6,-28],[-3,-44],[-6,-38],[-3,-21],[-10,-23],[-3,-18],[-3,-6],[-5,-3],[-5,-8],[-9,-59],[-2,-25],[-113,-5]],[[165451,720038],[-22,32],[-20,15],[-12,-1],[-11,5],[-10,20],[-5,4],[-5,18],[-16,46],[-11,24],[-7,-9],[-12,-4],[0,25],[-120,2],[-5,9],[-7,-5],[-19,3],[-6,-10],[-189,0],[4,-14],[-10,-38],[-3,-43],[-6,-6],[0,-24],[-17,-49],[-21,-3]],[[170381,726797],[-3,-16],[-1,-31],[4,-27],[-4,-31],[1,-7],[8,-11],[0,-20],[11,-36],[12,-14],[14,-2],[9,6],[15,-8],[1,-17],[9,-10],[0,-10],[7,-12],[-3,-8],[7,-13],[-2,-21],[6,-9],[-10,-7],[-22,-55],[-3,-18],[-9,-11],[-14,11],[-6,-33],[0,-23],[14,-20],[7,-23],[4,-8],[6,-37],[2,-33],[2,-16],[-7,-20],[-1,-30],[10,-32],[-2,-7],[-3,-10],[15,-4],[6,-8],[22,-44],[4,-13],[22,-41],[-1,-3],[-2,-7],[2,-2],[13,-20],[8,-21],[3,-11],[0,-54],[6,-47],[4,-31],[5,-8],[12,0],[20,13],[13,5],[11,-4],[8,-14],[17,-49],[9,-11],[3,13],[9,-9],[14,-27],[2,-13],[8,-13],[6,1],[3,12],[6,-1],[1,-20],[-10,-16],[2,-41],[-9,-35],[-11,-18],[-6,-26],[2,-29],[-8,-28],[7,-22],[-1,-10],[-8,-6],[-6,-16],[0,-22],[7,-25],[6,-15],[-3,-32],[7,-36],[-1,-29],[-8,-20],[-5,-30],[-6,-5],[-6,-30],[-9,-67],[0,-27],[-2,-23]],[[170054,725086],[-6,-1],[-32,5]],[[170016,725090],[-4,165],[2,320],[-3,199],[5,14],[12,-22],[-1,22],[5,-3],[6,12],[3,-16],[8,-3],[1,-13],[4,-4],[3,-22],[3,-6],[0,-33],[-1,-21],[-8,-10],[-4,4],[-4,-8],[7,-61],[-3,-7],[6,-19],[-3,-20],[-9,-20],[0,-11],[7,-9],[4,-19],[-3,-11],[2,-22],[3,-5],[7,9],[3,-19],[5,1],[4,15],[8,2],[1,12],[7,12],[7,-22],[4,-24],[7,9],[6,0],[14,22],[5,-5],[-1,-16],[2,-23],[9,-26],[-1,-21],[1,-27],[-7,-10],[2,-21],[4,-15],[4,-36],[5,-4],[7,-16],[9,-1],[1,-9],[20,-8],[7,12],[10,9],[8,-11],[4,7],[2,-12],[12,3],[10,-22],[2,-11],[11,-16],[14,-42],[7,-11],[12,9],[14,2],[3,-6],[14,0],[14,9],[14,-5],[10,31],[1,22],[12,37],[0,23],[6,-1],[5,-16],[7,4],[15,-3],[9,14],[16,1],[-12,40],[4,4],[16,4],[15,-16],[5,9],[5,-6],[8,5],[1,21],[-6,26],[-11,11],[-9,17],[-14,5],[-6,12],[-16,17],[-3,19],[-7,6],[-12,-17],[-10,1],[-3,8],[-18,19],[1,5],[14,1],[5,4],[9,-4],[8,11],[5,14],[16,15],[-5,26],[1,13],[-8,-10],[-3,9],[10,22],[1,11],[-9,13],[12,16],[12,37],[6,10],[-1,13],[-12,2],[-7,-24],[-11,13],[-7,21],[-7,2],[-6,16],[-2,17],[1,26],[-7,-20],[-9,6],[-15,-3],[-7,-8],[-4,5],[-9,-9],[-8,5],[-9,-16],[-3,-36],[-5,-4],[-31,41],[-7,22],[-4,2],[-11,-8],[-18,0],[-16,7],[-10,13],[-12,10],[-4,11],[-1,25],[-9,27],[-12,4],[-14,-1],[-9,6],[6,35],[-5,2],[-5,12],[2,13],[0,32],[-9,13],[10,51],[0,59],[4,30],[-1,4],[-32,-33],[0,3],[-1,15],[-1,40],[0,52],[6,0],[0,23],[14,41],[-1,21],[-5,12],[-4,37],[-2,40],[-10,7],[-7,16],[-3,30],[1,20],[7,23],[7,23],[6,19],[-3,27],[2,44],[2,12],[11,-5],[1,40],[10,26],[5,18],[6,-10],[3,2],[7,21],[-1,31],[11,30],[3,0],[2,34],[0,90],[24,1],[2,42],[8,0],[0,27],[2,10],[2,23],[7,-3],[10,17],[6,-20],[3,6],[-2,17],[13,-7],[6,10],[12,-20],[4,-16],[-8,-53],[-3,-15],[8,-1],[7,-7],[6,-19],[13,-13],[15,-2],[21,3],[11,-9],[23,-1],[13,17]],[[171004,736606],[0,158],[-21,58],[-3,47],[-39,3],[0,355],[402,0],[0,2123],[119,3],[156,11],[274,-9],[17,1],[7,9],[59,3],[322,3],[100,-5],[-1,-54],[-4,-56],[-9,-46],[-7,-36],[-8,-64],[-6,-21],[1,-27],[1,-46],[7,-12],[8,-22],[3,-28],[-5,-37],[-9,-24],[9,-37],[13,-10],[7,-20],[7,-34],[20,-36],[2,-37],[5,-28],[1,-26],[7,-23],[8,-49],[5,-28],[18,-35],[7,-21],[-10,-79],[-5,-21],[-3,-49],[-6,-15],[-3,-52],[1,-37],[4,-33],[8,-27],[17,-32],[13,-35],[3,-26],[10,-27],[1,-37],[11,-29],[7,-8],[11,-59],[9,-55],[6,-11],[3,-20],[9,-29],[7,-28],[8,-18],[5,-46],[-2,-116],[5,-37],[-4,-24],[-15,-43],[-11,-9],[-7,-10],[-11,-42],[-18,-50],[-2,-23],[-2,-30],[5,-30],[-5,-42],[0,-39],[-1,-38],[-4,-28],[1,-57],[-9,-71],[1,-40],[0,-61],[14,-63],[9,-27],[8,-58],[-3,-19],[-12,-33],[-8,-5],[-6,-16],[-10,11],[-7,-3],[-6,-37],[14,3],[22,-40],[12,-8],[18,-14],[5,-32],[5,-19],[10,-27],[9,-5],[8,-24],[9,-21],[-5,-60],[-9,-19],[-12,-38],[-4,-16],[-9,-19],[-24,-24],[-8,-27],[-10,1],[-4,15],[11,7],[-12,2],[-9,-14],[-14,-8],[-6,-18],[-8,-53],[6,-14],[-8,-9],[-6,-14],[1,-28],[-3,-28],[3,-21],[-9,-36],[-14,-18],[-9,-22],[-10,-65],[-10,-1],[-7,13],[-13,-3],[-6,7],[-5,-11],[-11,6],[8,-24],[5,-22],[1,-52],[-1,-27],[3,-19],[4,-49],[3,-42],[-8,-15],[-7,-15],[-9,3],[-9,3],[-9,-45],[-10,-26],[-4,-27],[-10,-26],[-6,-8],[-25,50],[-127,42],[-110,-118],[-100,-279],[-10,40],[-22,39],[-6,14],[-15,26],[-11,30],[-1,40],[-1,34],[-14,10],[-17,-2],[-9,-10],[-10,-23],[-3,-29],[-10,-26],[-25,-39],[-7,-14],[-4,-15],[-1,-27],[2,-48],[-6,-11],[-19,-11],[-21,-26],[-3,-22],[-11,-28],[-6,-33]],[[171730,735167],[-401,9],[-292,6]],[[171225,733753],[3,-4],[10,28],[48,99],[1,-25],[4,-12],[-24,-32],[-15,-40],[-2,-13],[-8,-73],[-2,-29],[-4,-22],[-1,-31],[-8,-31],[-7,-13],[-9,2],[-14,19],[-21,0],[-1,-7],[10,4],[27,-25],[9,5],[4,-23],[-6,-8],[4,-24],[1,-13],[0,-24],[1,-4],[-6,-24],[-11,-33],[-15,-17],[-12,-25],[-7,-8],[-15,-6],[-27,-43],[8,-7],[2,-9],[11,-35],[0,-26],[-3,-18],[9,-3],[1,-26],[2,-12],[-10,-16],[-1,-22],[-5,-16],[-2,-32],[2,-15],[5,-9],[1,-40],[-2,-20],[-2,0],[-1,-21],[-6,10],[-4,-12],[-6,-4],[-13,14],[-6,-1],[-4,-13],[-3,-24],[-4,-1],[-2,-16],[-8,-5],[-5,-38],[-8,-11],[-1,-11],[-5,16],[-5,-17]],[[165730,717096],[-1,-85],[40,4],[26,0],[32,-2],[34,1]],[[165861,717014],[3,-198],[0,-622],[3,0]],[[165867,716194],[-3,-2]],[[165864,716192],[-56,-25],[-11,-11]],[[165797,716156],[-39,-42],[-90,-95],[-3,0],[-129,-129],[-68,-7],[3,28],[-8,15],[-1,20],[7,15],[0,24],[1,8],[-3,6],[3,7],[9,13],[8,28],[13,15],[4,33],[9,2],[-1,16],[12,11],[-4,35],[2,15],[-4,-15],[-13,-44],[-1,14],[-6,2],[-12,-17],[-6,-20],[-1,10],[-9,2],[6,34],[-5,7],[0,23],[-2,-1],[-2,333],[1,174],[-2,157],[1,140],[0,26],[164,12],[0,84],[49,1],[0,21],[4,0],[0,-20],[46,-1]],[[169055,727009],[10,19],[6,4],[7,20],[4,-1],[8,14],[3,45],[8,2],[8,17],[12,-2],[15,11],[6,21],[12,3],[13,16],[5,19],[9,42],[1,25],[-4,38],[-12,44],[-1,3],[7,0]],[[169172,727349],[2,0],[10,-43],[15,-47],[0,12],[14,-6],[14,2],[3,6],[0,28],[13,6],[7,17],[0,-59],[21,-1],[2,-121],[11,-10],[14,-2],[0,6],[9,0],[8,3],[0,39],[0,72],[10,2],[0,10],[23,0],[0,50],[1,28],[14,-27],[12,12],[4,22],[4,-1],[7,57],[10,16],[1,12],[-3,0],[0,6],[4,4],[11,-6],[17,27],[-4,29],[7,-20],[5,13],[2,22],[-5,13],[0,130],[16,-22],[1,-40],[5,-13],[5,38],[6,70],[-8,54],[10,0],[1,130],[17,-3],[5,25],[10,31],[1,15],[-3,22],[-10,12],[-1,12],[0,21],[10,19],[5,52],[0,20],[3,16],[26,1],[-2,34],[-10,4],[-3,28],[-11,-7],[-3,15],[3,31],[-9,17],[-3,15],[6,13],[9,1],[-1,18],[4,30],[9,13],[1,16],[8,21],[0,15],[-7,17],[0,17],[7,-5],[14,11],[2,7],[-6,50],[3,8],[12,-1],[5,36]],[[169562,728514],[0,12],[6,5],[10,-2],[7,45],[10,21],[20,6],[6,16],[6,-13],[5,11],[3,-33],[6,-4],[5,-2],[4,-3],[1,-43],[-34,-3],[0,-43],[-17,1],[0,-19],[-8,-1],[-9,-18],[0,-25],[9,0],[1,10],[11,0],[2,-28],[11,-2],[9,-31],[-5,-11],[1,-42],[29,2],[17,-6],[0,-15],[5,0],[1,21],[14,-15],[10,-27],[5,-7],[8,4],[1,-3],[6,-35],[0,-43],[-2,-16],[0,-49],[4,-17],[32,1],[-1,-35],[-9,1],[-1,-43],[27,-1],[0,-42],[16,0],[0,-57],[8,0],[0,-35],[12,-34],[5,1],[2,-5],[1,45],[5,0],[0,21],[16,0],[1,-78],[7,2],[3,-28],[24,-79],[7,-12],[9,18],[0,29],[100,0],[35,-4],[67,0],[65,8],[66,-4],[1,-337],[125,0],[21,-20],[9,-26],[5,-3],[12,-25],[14,-11],[19,-10],[14,-15],[10,5]],[[170447,727339],[-6,-21],[-14,7],[-23,-3],[-14,13],[-6,15],[-25,15],[-7,-2],[-11,17],[-7,3],[-16,-5],[-17,-41],[-5,-15],[-7,-39],[-14,-30],[-18,40],[0,-35],[7,-35],[-2,-21],[3,-20],[7,-21],[2,-37],[5,-19]],[[170279,727105],[-80,0],[-4,0],[-44,0],[-9,-2],[-43,2],[-1,0],[-7,36],[-30,43],[-6,0],[-10,9],[-5,11],[-5,25],[-11,25],[-7,-17],[-7,0],[-6,16],[-7,4],[-14,-8],[-5,3],[-3,1],[0,-7],[-1,-7],[-2,-6],[0,-2],[-8,-29],[-12,-10],[-23,-65],[3,-24],[-14,-38],[-4,-32],[-3,44],[-4,25],[-9,20],[-6,43],[-8,22],[0,-83],[-8,0],[-72,-1],[0,-41],[-50,-4],[-1,-26],[-2,-5],[-1,-15],[2,-3],[26,4],[-1,-89],[34,7],[2,-168],[-35,0],[1,-38],[0,-15],[0,-73],[17,0],[0,-42],[16,-9],[0,-41],[-16,1],[0,-93],[-14,-1],[0,-20],[-2,0],[-4,0],[0,-21],[-12,-1],[0,-78],[7,-27],[-6,9],[-17,0],[0,-3],[-9,6],[0,16],[-14,1],[-1,26],[-8,26],[-21,3],[0,-42],[6,0],[0,-20],[-7,-29],[3,-13],[-2,-7],[0,-18],[-5,0],[-7,0],[-9,0],[-8,0],[-31,-1],[-2,-15],[-6,-20],[-2,-5],[-8,-13],[0,12],[-18,19],[-12,23],[-8,20],[-12,0],[-2,37],[1,-55],[-8,0],[0,6],[-9,5],[0,-10],[0,-3],[0,-9],[0,-5],[0,-25],[0,-4],[1,-21],[-1,-105],[1,-82],[0,-6],[0,-5],[-1,-75],[1,-44],[0,-21],[0,-65],[34,1],[0,42],[17,1],[7,0],[6,0],[0,-12],[-2,-9],[4,-2],[1,-1],[-4,-5],[-7,-29],[0,-56],[-3,-25],[-9,-25],[-9,-11],[-8,7],[-28,-22],[-16,-11],[-11,6],[-15,-21],[-11,-4],[-7,3],[-38,96],[-9,5],[-2,-1]],[[169440,725720],[-14,37],[-37,85],[-14,40],[-14,24],[-3,10],[-5,26],[-34,85],[-1,19],[12,20],[16,14],[4,15],[-5,30],[-24,45],[-4,40],[7,26],[1,9],[-2,35],[-2,29],[-1,11],[-2,22],[-4,20],[-3,41],[-9,44],[1,53],[-5,52],[9,24],[1,15],[-10,37],[-4,10],[-8,9],[-4,-2],[-32,16],[-7,2],[-7,0],[-15,18],[-7,35],[-3,17],[-14,18],[-10,0],[-8,20],[-14,11],[-4,1],[-18,-8],[-3,0],[-15,5],[-18,34],[-27,10],[-8,10],[-6,17],[-1,0],[0,4],[-5,28],[3,45],[-1,48],[-4,18],[-3,15]],[[169975,727274],[2,0],[-2,8],[0,-8]],[[168082,719086],[5,0],[0,33],[14,-1],[0,-60],[-10,-5],[-4,1],[0,22],[-5,0],[0,10]],[[168955,731160],[9,0],[21,1],[34,-5],[25,0],[42,0],[67,6],[4,0],[332,-2],[103,-1],[8,0],[91,-1],[68,0],[28,0]],[[169787,731158],[40,1],[56,1],[145,-2],[4,1],[67,5],[225,11],[217,1],[20,0],[154,-6]],[[170715,731170],[1,-23],[-2,-23],[10,-34],[-2,-25],[3,-15],[-8,-22],[-8,-4],[-3,-8],[-3,-23],[-10,-66],[-3,-24],[-10,10],[-10,-33],[-1,-8],[0,-7],[-11,-28],[-7,-13],[-13,-23],[13,-25],[0,-25],[-6,-27],[0,-8],[8,-36],[16,-10],[6,-13],[6,-1],[6,-17],[1,-22],[10,-6],[0,-10],[9,-14],[3,0],[3,-16],[7,-22],[-5,-23],[-3,-44],[-5,-18],[3,-38],[0,-32],[15,-19],[5,-47],[5,-14],[0,-19],[4,-36],[3,-16],[2,-53],[-6,-29],[-3,-42],[4,-31],[-4,-24],[1,-10],[-10,-41],[-2,-23],[-5,-18],[-8,-16],[-3,-28],[-9,-9],[-8,-21],[-5,-37],[-11,-25],[-5,-20],[-4,-40],[1,-25],[-2,-22],[-6,-19],[-7,-6],[-97,-34],[-1,-60],[11,-33],[5,-55],[9,-50],[1,-36],[5,-42]],[[170585,729394],[-31,-67],[-22,-22],[-4,-8],[-8,-2],[-7,-12],[-8,-1],[-4,-10],[-6,23],[-15,15],[-9,19],[-4,-4],[-5,16],[-9,7],[-3,-14],[-11,16],[-8,-4],[-12,25],[-5,0],[-10,14],[-7,-6],[-8,11],[-5,18],[-8,5],[-10,22],[-12,1],[-12,10],[-4,-8],[-11,-1],[-9,-9],[0,-10],[-7,-7],[-13,7],[1,25],[-7,9],[-4,-3],[-16,15],[-9,14],[-12,7],[-14,-17],[-9,4],[-7,15],[-19,-7],[-8,12],[-6,-1],[-6,11],[-17,4],[-9,25],[-7,-36],[-13,-20],[-6,5],[-22,-31],[-2,-16],[-14,-7],[-5,-14],[-15,-19],[-7,-20],[-7,-6],[-1,-51],[-12,-34],[-6,-24],[3,-19],[-4,-27],[-4,-10],[-8,-41],[-9,-16],[4,7],[-5,-25],[-8,-2],[-8,8],[-5,-10],[-8,24],[-5,0],[-1,-20],[-10,5],[-8,26],[-6,-1],[-6,-18],[-20,5],[-1,-20],[-14,7],[-3,12],[-5,10],[-2,3],[-2,1],[-5,-8],[-6,-15],[-6,-22],[-2,-9],[-2,-2],[1,29],[-103,4],[-28,2],[-6,0],[-21,3],[-9,-23],[-21,-35],[-14,-19],[-9,4],[7,-27],[6,-50],[1,-4],[-8,-17],[-4,-32],[3,-25],[-1,-25],[0,-64],[-4,-14],[-6,-6],[-11,0],[-11,12],[-3,20],[0,19],[-2,17],[-8,8],[-21,0],[-21,-15],[-6,2],[-15,0],[-23,70],[-18,17],[1,-46],[6,-31],[-4,-5],[-35,2],[-8,10]],[[169488,728882],[-2,74],[-19,0],[-4,-2],[-10,1],[-33,0],[-1,173],[-63,0],[1,-13],[8,-162],[-12,-1],[0,86],[-2,90],[-8,0],[-1,-83],[-4,-8],[0,-14],[9,-34],[-3,-22],[19,-50],[3,-31],[5,-15],[-17,0],[0,-85],[-70,-5],[0,-254],[-42,0]],[[169242,728527],[0,72],[-1,160]],[[169241,728759],[-1,96],[-5,-1],[-1,44],[-16,-3],[-1,45],[-16,-4],[-16,-6],[-6,0],[0,-66],[4,-13],[3,-3],[13,0],[3,-87]],[[169202,728761],[-50,0],[-30,-1],[-3,0]],[[169119,728760],[-1,87],[0,38],[-1,124],[0,13],[4,-1],[2,43],[-7,1],[6,28],[1,36],[10,34],[17,-1],[0,42],[0,43],[-15,1],[-17,0],[1,49],[25,100],[-58,2],[0,-22],[-16,1],[-4,22],[-12,0],[-1,0],[0,-21],[-33,3],[0,-86],[-10,-1],[-3,86],[-4,85],[-6,127],[-1,0],[-2,0],[-16,-2],[0,-43],[-8,-1],[0,-42],[-1,0],[-16,-2],[-14,0],[-20,-1],[1,-43],[14,1],[9,-5],[0,-17],[0,-14],[4,0],[4,5],[2,-11],[3,0],[27,-128],[18,-91],[-17,-2],[-1,-35],[-3,-3],[-1,-37],[-13,0],[0,39],[0,4],[-50,-1],[-1,-42],[-17,0],[-14,1],[-2,0],[1,168],[-54,0],[-4,7],[-3,10],[-7,47],[-10,0],[-5,-4],[-1,-32],[-31,1],[-3,-2]],[[168765,729318],[-6,-6],[-4,0],[4,13],[-29,97],[1,39],[2,44],[1,0],[0,29],[11,11],[20,0],[7,24],[11,4],[-12,23],[-6,33],[1,0],[0,41],[16,14],[11,33],[-7,40],[15,1],[0,20],[-8,0],[1,108],[-17,0],[1,42],[5,-7],[10,20],[20,21],[11,-4],[6,19],[4,35],[7,0],[9,-25],[16,8],[10,-7],[18,13],[15,-9],[8,8],[-2,19],[-22,30],[22,-24],[2,-11],[1,-12],[16,-10],[-5,29],[-14,101],[-4,8],[-25,7],[0,83],[18,0],[-5,44],[-30,-2],[0,42],[-8,28],[0,26],[-9,0],[0,39],[1,32],[-12,45],[-33,132],[-29,130],[-24,76],[6,7],[5,-36],[19,-64],[13,-28],[1,-31],[3,-16],[17,-2],[1,38],[36,4],[-8,32],[0,10],[22,1],[0,-22],[8,0],[0,-20],[57,4],[0,-43],[17,-1],[49,2],[7,-13],[16,10],[-2,39],[8,11],[7,-19],[18,44],[-1,23],[0,26],[-4,13],[2,15],[-4,-1],[-6,34],[1,14],[-8,15],[-7,30],[-8,19],[-13,20],[-15,69],[-5,26],[-5,17],[-2,19],[-8,19],[-7,45],[-10,38]],[[164920,719300],[1,-262],[44,-4],[1,-26],[7,-2],[5,12],[15,-5],[1,13],[5,-7],[6,40],[19,39],[7,45],[3,4],[-3,-16],[2,-28],[3,-4],[36,11],[13,-3],[16,4],[-4,-51],[-1,-16],[0,-365],[70,-1],[-3,-22],[-1,-62],[17,-1],[1,63],[3,21],[-4,0],[5,6],[36,114],[2,3]],[[165222,718800],[5,1],[46,-25],[10,11],[-6,-53],[4,-9],[10,0],[-19,-65],[-1,-102],[12,-10],[2,-30],[4,-1],[2,-43],[7,-39],[-2,-30],[4,-21],[-2,-51],[-3,-42],[1,-23],[-2,-59],[-2,-39],[-2,-21],[2,-24],[-2,-20],[0,-35],[-3,-42],[-3,-3],[-3,-34],[3,-6],[-2,-29],[-17,-32],[-8,-22],[-6,-5],[-12,-27],[-2,-5],[6,-23],[-9,-21],[8,-28],[-8,-37],[9,-40],[-2,-28],[7,21],[1,16],[14,67],[7,25],[9,5],[18,36],[5,-1],[6,14],[7,-8],[20,5],[0,23],[-4,7],[-2,22],[6,19],[5,-7],[4,-24],[9,-4],[5,-31],[6,-8],[18,22],[10,19],[3,17],[13,14],[5,13],[9,6],[15,22],[2,7],[14,11],[7,-5],[8,7],[-1,18],[-16,34],[-6,25],[0,19],[3,19],[16,33],[4,21],[2,28],[4,10],[13,3],[12,12],[13,23],[7,0],[11,25],[3,22],[1,-286],[-2,-71],[0,-83],[13,44],[13,20],[18,10],[12,3],[7,-11],[4,-19],[4,-2],[20,14],[6,11],[1,-54],[42,-5],[4,16],[6,2],[10,-19],[-1,-25],[4,-41],[-5,-21],[-11,-57],[-11,-19],[2,-10],[-32,-48],[-12,-7],[-7,-13],[-12,-35],[-5,-26],[-11,11],[-1,-26],[-8,16],[-11,8],[-5,-10],[-4,10],[-13,-3],[-20,-37],[-10,19],[-5,20],[-12,3],[1,-23],[-6,-32],[-6,-17],[-14,0],[-6,-9],[-3,-66],[1,-21],[0,-12],[2,-50],[-1,-169],[87,4],[106,5],[66,0],[1,-83]],[[165797,716156],[-4,-170],[1,-36],[-14,-23],[-18,-1],[-11,18],[-13,-25],[2,-19],[-8,-16],[-5,-35],[-8,-16],[-11,-46],[-9,-16],[-8,-8],[-10,-27],[-15,8],[-10,-6],[-3,-26],[4,-25],[13,3],[13,17],[5,-3],[7,-33],[10,-12],[3,5],[20,56],[5,3],[9,20],[5,-4],[3,-16],[4,-31],[-1,-39],[-1,-50],[6,-41],[-3,-36],[-4,-16],[0,-38],[2,-22],[-20,-58],[-15,3],[-8,-10],[-4,-26],[1,-51],[-12,-36],[0,-15],[-7,-33],[-1,-13],[-9,-44],[-8,-22],[-6,-6],[-4,-32],[-5,-6],[-16,-42],[-4,-4],[-3,23],[-7,15],[2,22],[-5,36],[-18,18],[-12,22],[-3,27],[-6,7],[-1,-12],[4,-18],[-19,-3],[-9,-23],[-14,-4],[-15,80],[-8,68],[-95,2],[-2,37],[-2,4],[-21,1],[-12,-15],[-2,15],[-9,8],[-6,-23],[-15,-20],[-26,-63],[-11,1],[-9,-11],[-6,-32],[-10,-17],[-4,15],[12,22],[3,22],[-2,8],[-9,11],[-11,27],[-7,10],[-13,-10],[-9,2],[-2,-23],[-10,1],[-12,-26],[-6,1],[-7,-12],[-6,-2],[-5,-27],[-6,-5],[-19,1],[-10,12],[-8,-2],[-11,-33],[-4,-19],[-11,-23],[-8,-8],[-20,-33],[-7,-2],[-8,-25],[1,-9],[11,-42],[0,-38],[-6,-9],[-5,-16],[-15,1],[-16,-2],[1,-42],[10,-20],[2,-20],[-8,-37],[-3,-18]],[[164958,716018],[10,6],[26,-8],[0,37],[-12,-1],[-17,0],[-5,-5],[-7,-11]],[[165467,715549],[2,-12],[2,-9],[7,1],[-4,23],[-6,6],[-2,-1],[1,-8]],[[168337,719784],[0,-40],[-18,-15],[-13,24],[-3,-22],[12,-32],[12,-30],[22,-58],[9,-24],[5,-11],[4,-10],[7,-19],[6,-18],[0,-1],[13,-33],[2,-3],[9,-23],[1,-2],[8,-21],[8,-21],[14,-38],[10,-25],[4,-10],[12,-32],[16,-39],[1,-4],[7,-19],[26,-68],[2,2],[19,-46],[15,-44]],[[168547,719102],[-1,-3],[3,-7],[0,-65]],[[168549,719027],[-4,-3],[0,-1]],[[168545,719023],[-8,-4],[-4,20],[-4,0],[0,-12],[-14,-3],[-5,-44],[-7,1],[0,0],[0,4],[2,35],[-3,4],[-8,0],[0,0],[-10,1],[-2,0],[-8,0]],[[168474,719025],[6,18],[-15,34],[-3,-7],[-34,88],[-24,49],[-5,14],[-31,29],[-6,3],[-49,94],[9,-3],[-8,30]],[[168314,719374],[5,14],[0,0],[-14,62],[-10,12],[-23,30],[-25,-6],[-1,1],[-11,16],[-2,0],[-9,3],[-8,11],[-7,9],[1,63],[0,3],[5,3],[3,2],[3,1],[17,10],[2,1],[1,4],[4,26],[2,18],[2,24],[1,14],[5,56],[2,-1],[12,-4],[6,-2],[16,14],[1,1],[10,8],[35,16],[0,1]],[[164988,714228],[2,-623],[90,-1],[66,-3],[191,-5],[-5,-670],[7,0]],[[165339,712926],[4,-273]],[[169231,712153],[0,6],[11,-13],[13,-30],[9,-21],[1,-32],[4,-25],[4,-8],[5,-27],[7,-11],[0,-27],[7,-29],[2,-50],[4,-16],[8,6],[4,-36],[5,-30],[16,-35],[3,-34],[10,-26],[13,-8],[30,-51],[15,-2],[7,-8],[10,-27],[10,-7],[3,-12],[18,-21],[4,9],[10,-4],[7,-17],[9,-1],[6,26],[15,7],[3,-18],[13,-12],[23,-30],[3,-17],[17,-37],[13,-4],[3,-30],[9,-16]],[[169585,711435],[1,-25],[10,-12],[12,-25],[0,-81],[2,-10],[-6,-12],[-13,13],[-5,-34],[1,-24],[-3,-7],[-18,-4],[-4,-26],[-5,6],[-9,-10],[-8,6],[3,11],[8,5],[3,13],[-6,3],[-12,-25],[-1,-36],[-18,-11],[-9,-10],[-3,-21],[2,-25],[-6,10],[-3,-13],[-9,0],[-21,-82],[-2,-33],[-3,13],[-14,-17],[-8,10],[-4,-8],[-2,-23],[-3,3],[-10,-28],[-7,-4],[-2,-16],[4,-13],[-7,-33],[-1,-62],[6,18],[4,-40],[5,-13],[0,-57],[18,-17],[8,-26],[0,-22],[-4,-1],[-22,20],[-1,-266],[-7,-19],[-24,-45],[-7,-28],[-7,-18],[-5,7],[-4,-46],[-10,-8],[-14,-67],[-13,-28],[-6,2],[-2,-9],[-14,-25],[-9,-30],[0,-8],[-10,-6],[-11,2],[-6,-13],[-12,-4],[-6,3],[-7,15],[-15,-2],[-4,-10],[-3,7],[-9,1],[-12,-6],[-9,-14],[0,-67],[0,-79],[-20,0],[-20,-4],[-20,0],[-57,-3],[-2,-65],[-2,-53]],[[169076,709774],[-11,41],[-5,47],[9,40],[2,20],[-3,37],[-3,8],[-10,-5],[-7,4],[-13,23],[-6,17],[-11,16],[-1,15],[2,25],[10,23],[7,48],[-2,23],[-21,32]],[[169013,710188],[14,22],[2,18],[7,5],[1,24],[11,9],[-2,39],[2,38],[-7,-10],[-13,-26],[-9,-10],[-20,0],[-16,-13],[10,34],[2,22],[-7,3],[13,20],[7,35],[0,52],[2,27],[6,5],[5,71],[-2,15],[7,18],[-15,5],[-2,19],[-5,19],[10,20],[-13,0],[-2,9],[-6,-7],[2,33],[8,-11],[5,5],[5,36],[0,22],[4,24],[11,4],[6,-7],[23,-9],[4,13],[24,20],[18,8],[7,11],[3,19],[5,7],[0,-19],[6,17],[8,6],[-1,18],[-11,21],[-19,55],[-13,11],[-15,30],[-15,20],[-6,1],[-7,19],[-13,4],[-12,10],[-8,-4],[-4,6],[-7,-4],[-8,17],[-8,3],[-14,15],[-11,12],[-6,-2],[-19,31],[-5,18],[-22,44],[-9,25],[30,24],[10,16],[4,33],[20,-17],[8,7],[9,2],[7,-17],[9,-1],[5,10],[3,-11],[10,4],[5,-5],[12,4],[18,33],[1,15],[8,5],[5,16],[6,2],[6,18],[15,7],[9,20],[5,27],[11,22],[27,7],[5,13],[13,13],[6,-2],[17,4],[9,12],[12,-3],[-10,14],[-18,-12],[-4,29],[-14,10],[-8,-9],[-7,-29],[-3,8],[-12,10],[-1,44],[-3,12],[2,43],[3,16],[-4,-2],[11,51],[0,37],[7,51],[18,63],[13,33],[13,58],[4,8],[8,32],[12,14],[6,8],[9,23],[5,36],[11,49],[-1,38],[-10,80]],[[168555,723092],[4,6],[2,-9],[-3,-5],[-3,8]],[[168549,719027],[0,-3],[11,0],[5,0],[6,26],[16,58],[10,0],[10,-1],[8,0],[0,-20],[0,-22],[4,0],[9,33],[13,-4],[6,-5],[9,-23],[3,-1],[5,12]],[[168664,719077],[10,-55],[3,1]],[[168677,719023],[-1,-11]],[[168676,719012],[0,-5],[1,-8],[0,-25],[0,-28]],[[168677,718946],[0,-8],[-1,-58],[0,-27]],[[168676,718853],[-7,0],[0,10],[-13,0],[0,-9],[-21,0],[0,-21],[-8,1],[-8,0],[-5,-4],[0,-18],[-4,0],[-4,-1],[-4,0],[-19,0],[-5,-1],[-3,-14]],[[168575,718796],[-3,14],[-4,0],[-23,0],[0,26],[2,16],[0,3],[-1,4],[0,8],[-1,10],[2,17],[-2,0],[0,22],[0,42],[1,37],[-1,28]],[[168628,719069],[10,0],[-1,14],[-1,1],[-7,-6],[-1,-9]],[[168873,727508],[4,0],[7,22],[5,42],[4,49],[8,0],[24,1],[0,-30],[-1,-24],[-8,-4],[-3,0],[-3,-5],[-9,-64],[-12,-3],[-3,0],[0,-28],[-11,-12],[-2,0]],[[168873,727452],[-1,4],[-9,17],[6,19],[4,16]],[[166371,726135],[209,0],[27,-3],[38,2],[2,100],[1,70],[-2,162],[-6,177],[-2,172],[2,337]],[[166640,727152],[4,-27],[13,-7],[6,14],[0,23],[171,1],[11,19],[3,18],[2,-11],[-3,-36],[1,-26],[-3,-33],[0,-9],[2,-19],[10,-20],[50,-24],[31,-16],[7,-8],[95,-168]],[[167040,726823],[13,-21],[14,-16],[48,-49],[7,-9],[3,-5],[108,-258],[5,-9],[7,-6],[60,-39]],[[167305,726411],[1,-10],[-12,-10],[-2,-8],[-12,-102],[0,-27],[3,-77],[4,-33],[1,-62],[-8,-30],[-8,-2],[-11,24],[-9,1],[-3,-14],[4,-13],[0,-24],[9,-23],[2,-21],[8,-21],[-1,-43],[-6,-32],[-1,-50],[2,-26],[-2,-34],[3,-19],[2,-48],[0,-75],[7,-20],[0,-23],[3,-27],[-2,-26],[-11,-25],[0,-92],[8,0]],[[167274,725419],[-8,-45],[15,-90],[-17,-59],[1,-59],[-2,-27],[6,-43],[0,-29],[-10,-14],[-2,-20],[3,-30],[0,-24],[-9,-13],[-2,-33],[-11,-71],[4,-76],[-7,-29],[-1,-31],[-19,-17],[-21,-56],[-14,-61],[-9,-63],[-13,-80],[2,-43],[6,-56],[-3,-72],[-1,-6],[-2,-41],[12,-36],[0,-2],[21,-65],[0,-37],[-39,-51],[-50,-23],[-25,-36],[-14,3],[-3,6],[-14,24],[-33,47],[-8,28],[-3,11],[13,30],[6,58],[-1,61],[8,66],[14,22],[8,11],[13,23],[4,48],[-8,72],[21,76],[2,54],[-10,70],[3,50],[30,126],[0,45],[7,37],[7,63],[-5,30],[6,48],[17,159],[5,154],[-3,25],[-23,50],[-3,67],[0,112],[-17,33],[-11,42],[-10,96],[-21,-2],[-9,-19],[-4,-9],[0,-121],[-14,-69],[5,-26],[0,-28],[14,-70],[11,-2],[2,-40],[-22,-216],[-17,-48],[-44,-68],[-16,1],[-21,11],[-5,26],[11,32],[3,138],[11,48],[-17,37],[-14,2],[-3,1],[-20,3],[-10,-67],[-2,-91],[5,-28],[1,-69],[4,-20],[1,-6]],[[166906,725128],[-4,-4],[-16,7],[-7,-3],[-5,9],[-3,8],[-2,31],[-5,18],[-7,38],[-4,9],[-8,50],[-15,30],[-9,3],[-6,-19],[-13,-22],[-5,-25],[-7,42],[-6,-19],[-8,9],[-7,-7],[-3,16],[-13,-9],[-8,-29],[5,-23],[-3,-40],[0,-62],[4,-28],[-2,-25],[8,-20],[-9,-21],[7,-6],[-13,-30],[-3,25],[-9,12],[-11,-4],[-10,14],[-15,30],[-10,-6],[-12,5],[-8,11],[1,27],[-14,-3],[-8,-7],[-17,14],[-6,-4],[-5,16],[-6,-1],[-24,0],[-1,15],[-7,4]],[[166577,725154],[0,12],[2,14],[12,-17],[21,13],[-6,6],[-10,2],[-12,22],[-9,3],[-8,11],[-7,19],[-6,24],[5,36],[19,37],[7,24],[-5,1],[-17,-13],[-2,7],[4,37],[0,34],[7,23],[7,7],[15,-4],[4,3],[-13,37],[4,37],[7,8],[1,8],[-18,12],[-7,16],[3,50],[-13,-17],[-9,18],[-3,12],[-5,104],[1,44],[-2,19],[-6,27],[-2,25],[0,19],[-2,45],[-5,11],[-9,49],[-18,10],[-19,-19],[-11,9],[-4,8],[-8,40],[-7,22],[-13,12],[-18,4],[-9,15],[-5,13],[-17,32],[-9,5],[-11,-6],[0,11]],[[170464,724042],[43,-2],[11,28],[5,4],[-1,11],[10,9],[2,8],[14,-1],[5,6],[4,-9],[5,21],[4,-8],[5,46],[6,-37],[7,-6],[16,13],[19,22],[32,17],[19,15],[18,-3],[17,7],[5,-2],[10,18],[20,-1],[4,14],[3,-6],[8,28],[10,-1],[13,18],[9,31],[8,9],[6,-5],[8,-20],[7,5],[13,-6],[8,10],[8,0],[5,-11],[9,5],[9,-14],[6,-1],[10,-20],[12,-14],[8,8],[13,-9],[4,8],[7,-4],[9,5],[8,-11],[9,-21],[9,-9],[19,-3],[3,-5],[9,6],[11,-11],[18,1],[16,14],[5,-4],[21,2],[13,12],[20,10],[5,-5],[18,10],[6,0],[13,-22],[7,1],[19,-9],[9,-9],[10,-22],[16,-14],[8,2],[20,27],[3,15],[10,6],[2,17],[19,20],[5,10],[13,12],[8,-6],[5,9],[12,4],[12,15],[4,-2],[12,14],[18,10],[5,-2],[11,12],[4,12],[7,1],[4,20],[7,0],[4,18],[6,-1],[17,21],[2,26],[5,11],[-1,32],[-5,8],[-3,20],[-15,10],[-3,-4],[-9,11],[-3,18],[-8,17],[-10,0],[7,25],[28,-24],[10,5],[-21,40],[13,30],[4,22],[-9,18],[-55,49],[-31,58],[-22,39],[-59,172],[13,52],[12,18],[19,16],[-4,24],[-17,30],[0,6]],[[171255,725102],[21,1],[0,25],[645,-13]],[[171921,725115],[161,-4],[0,11],[237,-2]],[[172319,725120],[1,-22],[-2,-25],[16,-49],[1,-17],[15,-40],[4,-1],[-8,-59],[-2,-38],[5,-14],[9,-4],[17,6],[6,19],[15,-7],[4,-30],[1,-32],[9,-81],[11,-21],[10,-11],[4,-9],[8,-40],[-5,-25],[-4,-34],[-9,-21],[0,-28],[-8,-17],[4,-11],[8,-56],[17,-32],[15,-10],[11,-17],[12,-47],[0,-51],[-4,-35],[-6,0],[-18,-29],[-7,-1],[-7,-20],[-16,3],[-12,11],[-6,-4],[-3,-18],[1,-30],[-10,-39],[-16,-32],[-19,-45],[-11,1],[-11,-26],[-5,4],[-15,-19],[-8,-2],[-3,-15],[-3,-43],[-9,-22],[0,-11],[-7,-14],[-2,-34],[6,-24],[6,-52],[6,-25],[1,-15],[-5,-23],[1,-25],[-3,-24],[-9,-17],[-11,0],[3,-17],[-2,-38],[-3,-14],[0,-18],[-3,-31],[7,-13],[8,-54],[7,-16],[-1,-51],[-3,-19],[3,-12],[7,-48],[14,1],[4,-5],[4,-25],[4,-8],[8,-31],[1,-32],[-1,-9],[-20,-26],[-1,-29],[1,-20],[13,-84],[11,-18],[4,-33],[-8,-31]],[[172336,722990],[-7,6],[-7,-13],[-4,-57],[-2,-6],[-10,10],[-9,3],[-11,10],[-14,25],[-12,4],[-9,-21],[-2,-22],[-7,2],[-9,14]],[[172233,722945],[-5,2],[-8,20],[-4,2],[-8,-5],[-3,-15],[-15,-12],[-10,-2],[-10,-11],[-4,-13],[-12,-6],[5,-47],[-3,-22],[-4,-9],[2,-31],[7,-17],[-2,-38],[-5,-27],[-9,-15],[-5,-31],[1,-33],[-11,-23],[-7,3],[-6,18],[-6,6],[-7,17],[-19,-30],[-12,4],[-18,-2],[-14,-4],[-4,15],[-9,19],[-5,0],[-8,10],[-13,-22],[-10,-7],[-15,-24],[-2,-24],[-6,-8],[-3,-23],[2,-21],[-1,-18],[-4,-9],[-1,-50],[3,-17],[-7,-29],[4,-17],[-4,-24],[-16,-8],[-8,-10],[1,-31],[-9,-23],[-11,37],[-1,15],[-5,9],[-12,-10],[-8,20],[-4,-10],[-21,6],[-16,-4],[-12,6],[-10,11],[-13,-5],[-6,-21],[-11,0],[-7,-25],[-11,-24],[-1,-10],[-12,-20],[-37,-32],[-9,-19],[-6,-5],[-6,-35],[-11,-16],[1,-18],[-9,-20],[1,-22],[-7,-38],[-8,-28],[-11,-4],[-4,7],[-9,-14],[-21,-25],[-11,-29],[-1,-10],[-12,-24],[-14,7],[-17,-2],[-4,-11],[-8,-8],[-4,-19],[-6,-6],[-10,-32],[-13,-14],[-12,-31],[-6,-10],[-11,-32],[-14,-65],[-6,-12],[-21,-5],[-4,-7],[-20,-15],[-4,-7],[-20,27],[-11,6],[-7,-3],[-28,17],[-15,23],[-4,0],[-8,16],[-9,2],[-13,15],[-12,26],[1,37],[-20,50],[-4,23],[-5,17],[-6,26],[5,23],[1,36],[4,18],[-5,7],[-4,22],[-13,7],[-7,13],[-11,-11],[-6,3],[-7,39],[-4,8],[-8,-5],[-12,21],[-11,7],[-7,15],[-2,12],[2,47],[-6,2],[-16,-17],[-9,10],[0,25],[-6,-8],[-5,16],[-7,2],[-7,24],[-6,7],[-6,-16],[-12,5],[-7,16],[-9,50],[-12,-8],[-7,27],[-11,7],[-3,31],[-5,7],[-14,-8],[-7,9]],[[171030,722402],[2,13],[-2,21],[4,33],[-5,18],[-3,25],[1,12],[10,28],[1,20],[5,14],[2,39],[-10,7],[-5,-19],[-4,7],[-10,-18],[-8,10],[-13,38],[-9,10],[-12,25],[7,6],[-36,40],[-6,9],[-20,20],[-21,2],[26,134],[1,13],[10,21],[2,19],[-1,33],[-23,87],[-12,29],[-6,22],[-4,28],[0,61],[-2,19],[-1,37],[-5,63],[1,24],[3,7],[-6,23],[0,25],[-11,45],[-14,37],[-1,25],[-5,27],[-14,23],[-11,39],[-7,7],[1,15],[-12,21],[0,24],[-6,30],[-6,15],[-13,2],[-6,21],[-2,42],[-15,-3],[-7,-26],[-8,22],[-10,-56],[-5,12],[-7,-6],[7,-24],[-13,-13],[-2,13],[-11,-14],[-5,-15],[-10,-11],[-6,6],[-6,-23],[4,-15],[7,-3],[-2,-14],[-16,12],[-4,-16],[-9,9],[-3,16],[3,25],[-5,32],[-4,-12],[-13,-7],[-3,-17],[2,-11],[5,-4],[4,20],[5,-13],[-9,-27],[-11,-2],[-14,-40],[-14,6],[0,-27],[-4,-8],[-10,1],[-3,-7],[3,-21],[-9,-13],[-9,-19],[-7,2],[-6,-13],[-14,-16],[-16,-9],[-2,-14]],[[170522,723437],[-3,36],[-11,32],[-7,33],[-10,21],[-5,17],[-12,21],[-3,22],[-6,2],[0,-18],[7,-32],[1,-41],[-3,-10],[-28,-7],[-2,-8],[-7,31],[-16,27],[-16,47],[-8,11],[-2,10],[-2,44],[7,34],[-1,30],[0,36],[-8,58],[-17,61],[-1,5],[13,49],[13,19],[5,32],[9,17],[7,27],[12,10],[9,4],[6,-4],[8,-11],[13,0]],[[166762,711163],[0,12],[3,2],[8,-3],[3,-18],[-2,-35],[11,4],[3,-1],[4,-1],[0,-38],[-4,-37],[-2,3],[-3,-15],[-6,10],[-5,12],[-7,9],[-2,-9],[1,52],[7,1],[-6,25],[-11,27],[8,0]],[[166544,716909],[24,0],[7,0],[2,0],[1,0],[6,-5],[14,0],[-4,-34],[-15,-20],[-1,-12],[-6,0],[-5,-9],[-2,5],[-4,-9],[-5,-3],[-2,28],[-2,14],[-4,-3],[-2,7],[-2,32],[0,9]],[[165343,712653],[4,-222],[8,-632],[1,-75],[0,-46],[-2,-95]],[[165354,711583],[0,-162],[3,-172],[-3,-161],[1,-166],[18,-3],[1,-123],[2,-125],[0,-334]],[[168672,711937],[0,-18],[288,0],[5,36],[2,28],[0,72],[2,34],[7,77],[1,20],[3,99],[-1,125],[-3,34],[-8,46],[1,32],[1,1],[8,31],[14,86],[17,25],[8,9],[3,4],[4,3],[3,1],[4,2],[0,-4],[9,-5],[4,-15],[13,1],[3,16],[10,29],[8,-1],[3,-6],[11,-48],[5,-14],[10,-4],[-5,-30],[0,-11],[-4,-10],[-6,-58],[11,-30],[2,-15],[10,-12],[0,-23],[6,-7],[3,-23],[6,-16],[15,-54],[2,-22],[13,-4],[17,-47],[3,-16],[6,0],[12,-12],[10,-33],[12,3],[8,-9],[-2,-13],[4,-13],[-1,-23],[2,-2]],[[169013,710188],[-10,-24],[-45,-137],[-65,-138],[-49,-68],[-6,-1],[-10,-2]],[[168828,709818],[-19,-6],[0,-23],[-34,5],[-14,10],[-29,27],[-18,26],[-32,58],[-38,58],[-22,36],[-28,37],[-13,23],[-27,68],[-8,30],[-3,19],[-13,0],[-42,148],[-13,40],[-9,20],[-17,29],[-4,13],[-24,17],[-38,35]],[[168383,710488],[2,74],[-32,0],[2,337],[-92,5],[-1,161],[-63,-1],[-1,164],[-31,6],[-33,2],[0,48],[0,2]],[[168134,711286],[-1,111],[36,1],[88,-4],[6,-1],[145,-7],[13,23],[6,10],[5,3],[2,-10],[6,3],[5,-11],[2,-19],[1,0],[-2,17],[-6,16],[-5,-5],[-5,36],[-8,18],[-2,24],[-7,17],[-6,3],[16,29],[2,20],[6,15],[1,24],[3,2],[13,30],[5,6],[7,4],[9,-5],[10,4],[7,18],[17,9],[6,13],[5,68],[10,19],[6,3],[6,38],[3,0],[11,29],[11,13],[1,17],[5,12],[9,9],[3,19],[-8,39],[4,4],[9,-16],[18,-15],[3,-16],[7,-4],[-2,27],[8,18],[1,-15],[16,3],[-1,-21],[-4,-12],[3,-22],[-1,-17],[10,33],[11,19],[3,17],[7,8],[9,0]],[[167875,724703],[6,-16],[1,-28],[3,-41],[-1,-40],[0,-11],[-1,-18],[-3,-12],[0,-1],[-13,-53],[-9,-16],[-9,-16],[-5,-39],[-18,-67]],[[167826,724345],[-8,6],[3,88],[3,14],[8,24],[0,59],[-8,0],[-1,43],[17,0],[0,14],[-8,13],[-7,9],[-2,4],[1,44],[-34,5],[0,39],[1,82],[2,0],[34,-2],[-3,-23],[5,-19],[11,0],[0,-42],[16,0],[2,0],[16,0],[1,0]],[[165600,711778],[16,67],[13,-4],[9,3],[4,8],[5,2],[13,-36],[8,-24],[4,-4],[18,-38],[9,-14],[3,-6],[2,-3],[4,-11],[2,-3],[2,0],[-8,9],[-18,31],[-62,3],[-2,10],[-12,-7],[-10,17]],[[167761,726001],[10,2],[6,5],[0,-56],[-4,35],[-12,-11],[0,25]],[[167850,715245],[-9,22],[-1,5]],[[167840,715272],[-2,12],[5,4],[8,4],[14,-15],[-4,-14],[-7,-11],[-3,-6],[-1,-1]],[[170050,712863],[18,-10],[10,0],[11,13],[16,0],[4,8],[1,14],[5,44],[12,32],[11,47],[6,34],[10,28],[11,-3],[12,9],[12,31],[6,8],[2,21],[-6,23],[0,14],[9,20],[10,37],[14,26],[13,11],[0,28],[9,38],[8,13],[4,18],[23,48],[10,6],[20,39],[19,21],[6,15],[941,3]],[[171277,713499],[0,-37],[8,-46],[9,-33],[6,-9],[1,-37],[2,-25],[4,5],[7,-7],[8,-27],[6,-32],[-1,-22],[-10,-14],[2,-14],[25,11],[9,-12],[17,-9],[3,-9],[-2,-27],[3,-23],[-7,-34],[-1,-16],[-8,-22],[-5,-27],[-2,-23],[2,-15],[4,-15],[25,-15],[13,-21],[14,-8],[8,-32],[2,-30],[4,-23],[6,-10],[12,10],[7,-11],[16,-5],[6,9],[18,-5],[12,15],[6,-1],[7,-14],[14,0],[18,-12],[11,-28],[6,-10],[11,-58],[4,-14],[11,-17],[5,-39],[-3,-8],[-12,10],[-6,-3],[-8,-13],[-19,-22],[-2,-24],[-13,-8],[-7,-10],[-12,-41],[-2,-10],[0,-20],[6,-34],[12,-40],[-2,-47],[-5,-27],[-6,-7],[-14,1],[-11,15],[-8,-4],[-8,6],[-10,-3],[-12,10],[-6,-26],[-8,-15],[-16,-12],[1,-8],[-2,-26],[-8,-38],[-5,-17],[0,-16],[4,-25],[-1,-46],[2,-33],[-9,-29],[-6,-42],[-1,-52],[1,-37],[8,-37],[6,-6],[11,3],[11,-12],[6,-2],[7,-13],[14,3],[3,-7],[-6,-26],[-3,-21],[6,-19],[12,-2],[9,-15],[9,-31],[-2,-33],[-5,-26],[-3,-26],[2,-36],[3,-10],[4,-46],[-5,-34],[-4,-14],[-19,-26],[-2,-15],[-10,-16],[-3,-10],[-1,-38],[1,-13],[-9,-3],[-6,-13],[-7,-44],[9,-38],[0,-12],[8,-34],[-1,-56],[-1,-19],[-7,-33],[-2,-31],[-9,-16],[-9,-1],[-4,-27],[-5,-24],[-8,-8],[-8,6],[-8,-45],[-7,-22],[9,-44],[0,-20],[17,-52],[5,-5],[6,-19],[-12,-38],[-9,-14],[-5,-34],[12,-23],[1,-12],[-3,-15],[-7,-26],[-21,-41],[-2,-14],[-8,-10],[-12,2],[-19,-39],[-19,-8],[-15,-17],[1,-38],[-5,-16],[-1,-41],[-6,-19],[0,-43],[-5,-43],[1,-21],[1,-26],[10,-26],[2,-17],[-3,-28],[5,-7],[3,-29],[10,-11],[7,-19],[18,-12],[17,-18],[10,0],[8,-16],[3,-24],[10,-26]],[[171376,710103],[-1,-15],[-15,-22],[-5,-22],[-6,-12],[0,-19],[-10,-32],[0,-22],[-4,-25],[2,-27],[4,-18],[15,-39],[6,-35],[5,-14],[2,-32],[20,-18],[11,-32],[10,0],[-3,-34],[-5,-21],[1,-43],[3,-9],[4,-42],[5,-11],[2,-49],[6,-36],[1,-49],[-1,-15],[2,-40],[8,-9],[9,-51],[16,-26],[11,-62],[7,-12],[2,-16],[12,-49],[-3,-24],[-11,-41],[7,-36],[-4,-6],[-5,-50],[0,-22],[-4,-12],[-3,-40],[0,-7],[-2,-9],[-3,-6],[-2,-3],[-1,-5],[-10,5],[-9,-7],[-134,0],[-4,-39],[-6,2],[-14,20],[-9,24],[-9,-2],[-85,-4],[-110,1],[-14,5],[-75,0]],[[170980,708889],[-4,26],[4,62],[9,61],[-2,22],[7,24],[2,29],[0,52],[2,18],[-2,29],[-6,51],[4,43],[11,19],[1,16],[9,31],[-4,52],[3,18],[-5,31],[0,20],[-3,32],[4,23],[1,28],[2,8],[-9,-12],[-17,53],[-4,24],[-7,18],[-4,22],[-4,4],[-1,25],[-8,43],[-3,10],[-6,39],[0,33],[-5,31],[-9,17],[-9,7],[-6,23],[-4,26],[-4,47],[-4,22],[1,18],[-4,12],[-2,21],[-7,17],[-4,18],[-1,24],[-12,19],[-10,5],[-7,-31],[2,-6],[-7,-1],[-5,10],[-2,16],[8,26],[-2,10],[8,27],[1,16],[-11,21],[1,13],[-4,24],[-5,47],[-11,36],[-1,17],[-5,10],[0,18],[-12,29],[-14,12],[-2,9],[-12,6],[-8,23],[1,36],[-7,14],[-3,27],[-6,29],[0,34],[-5,4],[-8,33],[1,11],[-2,24],[-10,4],[-10,50],[-1,15],[-6,11],[-3,20],[-12,22],[-10,26],[-1,14],[-7,15],[-8,10],[-9,2],[-4,14],[-7,-7],[-8,9],[-5,-4],[-34,20],[-9,10],[-11,34],[-10,7],[-8,14],[-36,21],[-12,-2],[-10,28],[24,49],[7,34],[12,11],[-5,19],[4,29],[22,31],[-28,24],[3,20],[2,16],[27,101],[2,7],[-2,-1],[-16,-1],[0,22],[-5,-17],[-7,-12],[-8,-5],[-10,5],[-7,-6],[-3,-14],[3,-14],[-2,-26],[-5,-26],[-5,-10],[0,-32],[3,-24],[7,-12],[1,-28],[-3,-9],[-21,-9],[-11,-50],[-5,-47],[-5,-26],[-9,-25],[-44,-36],[1,26],[-4,32],[1,23],[-4,33],[-11,27],[-6,22],[6,38],[0,24],[5,17],[8,3],[7,12],[3,22],[-1,16],[5,39],[-3,26],[3,33],[-11,26],[2,20],[-3,22],[2,17],[-6,20],[-10,52],[-6,12]],[[170416,711527],[8,44],[16,24],[7,44],[2,36],[5,10],[-7,32],[0,12],[16,-14],[8,1],[6,20],[4,-4],[-5,26],[5,19],[2,20],[-5,18],[-5,2],[-4,23],[3,16],[-10,16],[-1,54],[-6,39],[-7,19],[-5,21],[-2,61],[-6,16],[-20,25],[-12,4],[-6,17],[-2,19],[-7,13],[-6,2],[-6,19],[-16,23],[-10,25],[-11,16],[-8,17],[-18,22],[-4,20],[-13,13],[-12,24],[-13,14],[-16,-9],[-10,6],[-19,21],[-9,28],[-11,13],[-3,7],[-16,90],[-15,39],[-7,38],[0,45],[-8,19],[-21,74],[-3,22],[-5,16],[-9,17],[-6,27],[-1,25],[-3,8],[-13,-13],[-14,5],[-8,-9],[-8,5],[-15,24],[-1,10]],[[165339,712926],[123,18]],[[165462,712944],[66,3],[16,-3],[50,4],[17,0],[-1,-349],[52,-5],[0,13],[66,-15],[63,2],[0,169],[74,3],[58,7],[64,-1],[61,8]],[[166048,712780],[3,0],[66,-18],[147,1],[0,-337],[82,-1],[52,-1],[0,-31],[6,-102],[8,-46],[-2,-75],[34,3],[5,4],[8,-9],[12,-3],[21,86],[6,40],[3,14],[2,38],[3,0],[3,35],[4,8],[24,2],[5,18],[7,-25],[5,4],[7,13],[-11,23],[-5,0],[4,48],[5,6],[9,-40],[8,-12],[12,-5],[4,-6],[8,15],[4,-2],[2,0],[13,2],[4,-1],[4,-1],[0,32],[6,0],[1,-7],[0,11],[7,0],[0,-11],[0,-26],[8,-1],[65,1],[-1,-84],[28,1],[5,-7],[6,-15],[10,-58],[0,13],[4,-14],[29,-3],[0,-84],[37,1],[7,35],[26,-34],[8,-3],[11,7],[7,11],[14,7],[6,-8],[2,9],[12,8],[6,16],[17,-8],[4,14],[14,13],[8,3],[1,-15],[8,7],[9,-5],[6,4],[10,-19],[21,-18],[10,-22],[17,-10],[6,3],[14,-10],[4,-10],[9,-4],[0,22],[8,19],[4,21],[-1,18],[3,9],[-5,30],[73,-4],[0,166],[66,-4],[1,88],[-2,81],[189,-4],[2,677]],[[167420,713264],[46,0]],[[167466,713264],[19,-1],[95,-4]],[[167580,713259],[-1,-23],[3,-12],[-2,-23],[8,-7],[4,-23],[4,-4],[6,11],[6,-10],[1,-15],[-5,-14],[-6,-36],[4,-23],[-3,-10],[-5,12],[-5,-3],[1,-15],[-4,-11],[3,-15],[-1,-28],[-6,-8],[3,-17],[3,-34],[2,-8],[11,-4],[1,-11],[14,-22],[1,-18],[-5,-32],[6,-13],[13,-3],[5,4],[1,-20],[7,-15],[0,-47],[-6,-8],[4,-13],[18,8],[4,-3],[11,8],[-1,-21],[-3,-8],[3,-19],[-10,-24],[-4,-20],[-10,-15],[-17,-36],[-3,-23],[-7,-14],[8,-58],[-2,-18],[-8,-22],[-7,-34],[-13,-23],[-18,2],[-4,-4],[-28,-49],[-7,-5],[-15,-24],[-6,7],[-4,-21],[-1,-25],[-5,-23],[2,-14],[10,-25],[3,-17],[13,-25],[11,7],[10,-7],[-1,-35],[3,-34],[5,-15],[1,-48],[-11,21],[-7,32],[-8,5],[-16,-3],[-2,19],[-9,11],[-23,14],[-1,-18],[11,-24],[8,-3],[3,-15],[6,-2],[3,-22],[5,0],[-15,-45],[-2,-12],[-16,-27],[-6,-4],[-2,-26],[-12,-28],[-16,-21],[-8,-12],[-2,-23],[-26,-35],[-17,15],[-21,11],[-7,22],[-13,23],[-12,0],[-1,-247],[20,-33],[1,-28],[-6,-2],[-15,-29],[-125,-1],[-1,-168],[-64,5],[-24,-1],[-1,-11],[-11,-26],[-7,1],[-36,-31],[-18,5],[-10,6],[-8,21],[0,-26],[7,-27],[10,-68],[-1,-163],[33,4],[24,18],[9,0],[0,42],[16,-2],[0,-40],[43,-2],[0,23],[13,0],[0,-21],[9,0],[0,42],[97,-2],[2,-4],[0,-43],[14,-1],[1,-25],[6,4],[7,0],[0,-23],[2,4],[17,2],[0,-11],[0,-43],[-13,19],[-15,-38],[-13,-11],[-16,24],[-25,10],[-7,-2],[-8,-12],[-7,11],[-3,-5],[-2,31],[-7,1],[-7,-11],[-4,-18],[-11,9],[-4,-9],[-6,12],[-4,29],[-8,-7],[-2,11],[-6,0],[-1,-9],[-10,6],[-3,-3],[2,-13],[-15,7],[-3,11],[-1,27],[-3,0],[-6,-18],[1,-10],[-6,-8],[-7,17],[-6,3],[-12,-7],[-8,9],[-6,-23],[-6,5],[-8,-8],[-6,20],[-3,0],[-7,-24],[-5,2],[-10,-13],[2,-20],[-8,-7],[-3,-21],[2,-34],[35,-62],[15,-12],[5,-15],[21,0]],[[167129,710860],[0,-19],[-16,-2],[0,-21],[-16,0],[0,-16],[20,0],[0,-35],[-17,11],[0,-26],[8,-11],[0,-8],[9,-14],[0,-26],[61,-51],[0,7],[49,0],[0,-18],[5,-21],[8,-1],[3,-21],[26,-22],[3,-2],[-94,0],[-82,1],[1,-86],[-39,1]],[[167058,710480],[-124,1],[0,236],[-16,5],[0,-31],[-14,8],[0,-7],[0,-126],[-23,0],[0,127],[-9,0],[-2,0],[0,47],[-1,168],[-32,0],[-16,13],[-6,-13],[0,14],[-7,0],[0,9],[-7,0],[0,12],[-29,6],[0,-40],[-17,0],[0,78],[1,6],[-1,28],[0,15],[-16,0],[0,42],[-44,0],[-9,7],[-12,-7],[-57,1],[-8,0],[0,87],[-11,-45],[3,0],[-1,-43],[1,-41],[-20,-1],[-2,6],[-23,-103],[-9,-33],[-1,4],[-128,1],[1,-183],[-32,0],[0,-128],[-16,35],[-8,-20],[-6,-34],[0,-50],[-3,16],[-4,0],[-2,16],[-6,-8],[-4,8],[-16,3],[-8,13],[-5,19],[-1,30],[-12,0],[-9,-7],[-13,-1],[-5,5],[-11,-19]],[[166258,710606],[-1,11],[-6,0],[-13,22],[-1,15],[-6,2],[-11,40],[-8,8],[1,5],[-1,28],[-8,24],[5,5],[-5,10],[4,5],[-4,39],[3,7],[-6,37],[5,15],[-6,14],[3,20],[-4,0],[-60,1],[0,38],[-14,5],[-1,62],[7,20],[-1,21],[-5,2],[0,23],[11,-4],[9,-25],[14,-2],[4,15],[-5,-2],[-4,26],[-5,-4],[4,17],[-1,13],[4,17],[-1,14],[-5,22],[1,14],[-8,4],[0,16],[-18,-1],[-7,4],[2,-29],[13,-2],[-2,-32],[-37,1],[-8,-62],[-90,5],[-1,84],[-64,-1],[-1,-85],[-64,0],[-66,7],[3,-170],[3,0],[0,-61],[4,-34],[8,-42],[0,-15],[15,-16],[2,-15],[10,-17],[10,16],[6,2],[3,-26],[-4,-25],[-1,-23],[5,-22],[9,-6],[28,8],[6,-10],[19,3],[12,-9],[4,-10],[17,-23],[8,-26],[12,-14],[12,-43],[13,6],[11,-6],[1,12],[9,3],[4,-24],[5,6],[1,18],[5,0],[3,33],[-7,3],[2,22],[4,13],[-9,5],[5,27],[9,-1],[5,12],[-1,16],[7,30],[-3,37],[23,-2],[3,-28],[2,15],[7,-11],[1,-49],[-16,-37],[-3,-27],[4,-31],[4,-5],[0,-38],[-8,-9],[0,-32],[-21,-1],[-1,-21],[-12,0],[0,-19],[-15,-1],[-7,-17],[-1,38],[-6,1],[-7,-13],[1,-11],[-12,-25],[-10,-3],[-2,9],[4,16],[-4,20],[-8,4],[6,23],[-2,25],[-6,20],[0,11],[-10,28],[-10,-9],[-10,-8],[-8,-21],[-9,-1],[-5,-21],[-7,1],[-7,-14],[-18,-20],[1,23],[-7,-19],[-7,7],[-6,-18],[-11,-19],[17,71],[5,48],[-13,10],[-9,28],[-8,2],[-23,-12],[-11,-17],[-8,-23],[1,-158],[-61,4],[1,-213],[-12,33],[-3,23],[-9,8],[-7,18],[-10,-2],[-5,8],[-18,6],[-12,28],[-10,35],[-14,26],[-5,1],[-1,20],[-3,23],[-8,7],[-8,17],[-5,18],[7,13],[6,0],[2,7],[1,19],[-3,8],[-4,5],[-3,4],[-3,3],[-11,4],[-6,-10],[0,-32],[-21,-3],[0,20],[2,3],[10,34],[3,13],[-2,9],[-3,6],[-13,3],[-3,14],[2,39],[11,20],[-3,11],[-26,33],[8,17],[0,20],[-10,13],[-7,22],[-7,12],[-1,18],[1,28],[-2,25],[-1,55]],[[165540,710882],[13,2],[0,-13],[-5,-28],[2,-16],[9,-15],[26,0],[11,-3],[11,10],[7,21],[1,78],[-6,-1],[-5,4],[-9,30],[-9,3],[-7,13],[0,18],[0,56],[7,4],[3,0],[-1,25],[-13,0],[-1,32],[0,28],[-16,0],[10,53],[7,10],[5,-3],[14,9],[-8,28],[-1,17],[4,14],[6,-1],[4,28],[21,43],[4,14],[3,19],[1,6],[1,6],[-2,9],[-4,0],[-2,1],[-9,20],[-10,10],[-7,21],[3,27],[4,11],[11,2],[3,11],[1,36],[6,27],[7,18],[4,26],[-31,8],[-110,-10],[-3,27],[0,49],[3,17],[-22,-2],[-21,2],[-7,17],[-6,0],[-8,-27],[-1,-52],[-4,2],[-8,-10],[-9,7],[-3,-5],[-16,3],[-14,-18],[-20,-17]],[[168913,721168],[7,103],[0,23],[-5,82],[0,3],[-3,32],[0,52],[0,18],[28,10],[8,12],[3,9],[2,11],[1,-1],[15,-18],[8,1],[2,-11],[15,14],[-2,8],[-1,3],[-2,3],[2,15],[6,11],[15,-2]],[[169012,721546],[0,-10],[-10,-10],[11,-17],[5,-20],[-6,-21],[-1,-6],[0,-34],[0,-33],[0,-42],[0,-8],[0,-45],[0,-16],[-4,0],[0,-6],[1,1],[1,-2],[0,-5],[0,-2],[0,-9],[2,0],[0,-3],[-1,-32],[0,-11],[0,-27],[-4,-5],[0,-10],[4,0],[0,-22],[0,-21],[0,-18],[0,-72]],[[169010,721040],[-19,1],[-14,0],[0,-84],[-15,1],[-17,0],[0,8],[-12,-9],[-11,0],[-10,-1],[-1,27],[0,58],[-6,-1]],[[168905,721040],[5,79],[3,49]],[[169835,735210],[-68,0],[-70,-5],[-58,5],[-34,3],[-100,4],[-211,-2],[-2,1],[-80,1]],[[169212,735217],[4,23],[-2,20],[-7,1],[-7,36],[11,63],[-10,14],[-13,41],[-11,16],[-7,24],[-4,24],[-5,14],[-13,14],[1,14],[14,28],[-7,28],[-19,25],[-14,28],[-7,25],[-1,-35],[-6,-19],[-28,2],[-7,-6],[-4,14],[-8,53],[2,24],[17,-9],[3,28],[-4,22],[1,42],[-19,39],[-3,16],[2,15],[6,10],[-2,22],[-5,12],[-22,10],[-7,35],[-12,20],[-11,9],[-2,-7],[-13,7],[7,49],[-13,26],[-11,6],[-4,11],[-2,33],[-13,3],[-2,6],[-8,4],[-1,8],[-1,24],[1,8],[6,31],[5,17],[0,7],[-4,12],[-3,3],[-1,-6],[-19,-2],[-4,34],[3,17],[-16,0],[-1,-32],[-6,-1],[-5,-1],[-13,15],[-25,-2],[-40,0],[-33,-16]],[[170585,729394],[1,-30],[-9,-60],[14,-19],[14,-13],[10,-19],[0,-25],[-4,-17],[2,-23],[23,-47],[226,2],[18,-3],[403,3],[-2,-964],[9,-8],[6,-56],[1,-26],[9,-42],[5,-54]],[[171311,727993],[1,-38],[-3,-33],[3,-18],[0,-25],[2,-10],[1,-48],[2,-14],[2,-27],[-4,-28],[6,-27],[4,-3],[4,-20],[-1,-34],[2,-10],[-4,-18],[1,-33],[-9,-52],[-5,-17],[-1,-10],[-13,-11],[-9,1],[-21,13],[-15,1],[-13,20],[-18,3],[-7,-5],[-19,31],[-4,12],[-15,38],[-13,-16],[-13,-24],[-2,-11],[-8,-24],[-12,-24],[-2,-17],[-4,-1],[-10,12],[-9,-2],[-21,26],[-2,12],[-8,33],[-12,13],[-9,-3],[-4,-8],[-18,30],[-9,2],[-1,11],[-20,8],[-5,-8],[-11,-7],[-7,14],[-12,-10],[-5,-18],[-5,-5],[1,-10],[-10,-20],[-3,-34],[-3,-4],[2,-39],[-4,-22],[0,-15],[-5,-21],[-10,0],[-10,9],[-13,-10]],[[170901,727448],[-13,-2],[-16,-1],[-9,0],[-120,3],[-19,-43],[-26,-40],[-24,-5],[-49,19],[-31,23],[-15,7],[-8,-1],[-8,-16],[-13,-13],[-8,7],[-15,-3],[1,-12],[-4,-19],[-6,-3],[-5,9],[-14,-4],[-11,-18],[-5,-3],[-6,13],[-9,-7],[-21,0]],[[169562,728514],[-5,9],[-2,4],[-7,1],[-17,1],[-33,3],[-10,1],[1,54],[-6,20],[-12,36],[-14,89],[-9,27],[-4,27],[11,0],[35,1],[-2,95]],[[169953,721904],[10,-1],[8,12],[0,-58],[36,-2],[14,26],[44,-20],[30,-24],[18,-13],[-4,20],[-6,12],[-7,32],[-11,37],[-7,11],[-9,0],[0,41],[2,0],[-14,6],[-2,22],[20,19],[15,-3],[16,-26],[27,-93],[3,6],[5,2],[4,16],[2,42],[35,-52],[-4,19],[4,11],[8,7],[0,19],[-9,-2],[-5,13],[10,11],[40,6],[5,-24],[10,1],[-3,17],[7,0],[-3,27],[1,24],[7,30],[-3,49],[4,25],[6,-4],[2,-4],[5,-26],[15,-11],[1,-12],[8,3],[14,15],[14,5],[2,11],[10,12],[-1,27],[6,31],[14,8],[17,-2],[-1,20],[7,21],[10,12],[7,24],[9,13],[15,2],[5,11],[12,2],[12,14],[-2,34],[7,8],[12,-24],[7,7],[7,37],[8,13],[6,31],[-1,29],[-3,4],[-6,45],[-8,-2],[-4,8],[10,24],[0,81],[-3,27],[1,42],[-9,60],[6,14],[2,16],[-3,42],[3,37],[-6,67],[1,45],[-1,15],[7,30],[1,49],[-2,26],[3,26],[-2,29],[5,18],[0,30],[10,50],[-2,13],[4,50],[8,17],[4,40],[16,25],[8,25],[-2,28]],[[171030,722402],[-17,4],[-7,-14],[-3,-22],[-14,-11],[-1,-26],[-5,-7],[-11,-1],[-11,-22],[-5,-1],[-11,19],[-6,-10],[-1,-19],[-8,-14],[-14,-4],[-9,11],[-9,-4],[-6,-34],[0,-29],[-3,-20],[-8,-5],[-9,11],[-6,-12],[1,-33],[-17,8],[-17,-20],[0,-3],[-2,-26],[2,-18],[-1,-15],[-3,-19],[-4,-8],[-3,-3],[-14,3],[-1,-28],[3,-10],[0,-12],[-2,-8],[-8,-12],[-12,-29],[-3,-2],[-16,-7],[-6,2],[-4,-7],[7,-14],[5,1],[2,-6],[1,-7],[-1,-13],[-1,-6],[-8,-1],[-5,8],[-7,-2],[-5,-14],[4,-31],[-1,-7],[-3,-5],[-11,2],[-4,-11],[-3,-24],[9,-15],[-14,0],[-16,-7],[-6,-7],[-2,9],[-13,-2],[-1,-40],[-6,-28],[5,-22],[-2,-7],[-14,-31],[-32,-39],[-6,-22],[1,-13],[7,-17],[-9,-19],[-9,-11],[-11,-6],[-5,-20],[-7,-13],[11,-12],[-12,-17],[6,-4],[-3,-32],[-1,-27],[-7,-12],[-13,12],[1,28],[-6,30],[6,12],[-15,-6],[-4,4],[-4,20],[-2,28],[-6,25],[-15,26],[-10,-2],[-5,6],[-20,-25],[0,-18],[1,-3],[-2,-42],[-15,0],[-5,0],[0,-24],[19,-27],[11,-11],[5,-14],[4,-29],[5,0],[8,-22],[7,-12],[-3,-35],[2,-36],[-2,-13],[10,-14],[4,3],[5,25],[9,15],[5,1],[11,-14],[19,-15],[18,-5],[8,8],[8,20],[10,5],[4,13],[14,-18],[0,-29],[7,-50],[9,-31],[-2,-36],[-3,-10],[23,-41],[25,-54],[18,-14],[0,-9],[20,-10],[11,-17],[6,-17],[13,3],[10,-25],[16,-3],[8,-8],[8,6],[8,-10],[7,-20],[-1,-21],[13,-1],[11,-19],[2,-22],[-1,-23],[10,-16],[10,-22],[8,-2],[7,-14],[2,-35],[3,-9],[17,-2],[20,-23],[6,-17],[10,-9],[15,-35],[8,-12],[5,5],[18,-10],[2,-29],[4,-7],[10,1],[5,-9],[11,-3],[10,4],[13,22],[10,5],[9,-12],[9,8],[8,-5],[6,6],[17,-5],[6,5],[9,-4],[2,-21],[39,15],[41,-25],[14,-10],[43,27],[3,-6],[22,-37],[39,57],[7,-1],[22,-39]],[[171367,720572],[-11,-34],[-18,-5],[-15,-10],[-3,-17],[0,-48],[3,-28],[1,-35],[7,-34],[-11,0],[-3,15],[-8,6],[-12,-7],[-11,-15],[-5,-1],[-17,15],[-4,-5],[-6,-23],[-4,-1],[-6,-31],[0,-16],[9,-49],[4,-8],[0,-30],[-4,-19],[-4,-36],[4,-16],[7,-2],[14,-37],[13,-20],[6,0],[4,-19],[13,-30],[18,0],[2,-17],[4,-16]],[[171334,719999],[-20,-27],[0,-14],[6,-21],[14,-5],[0,-18],[-11,-14],[-14,-24],[-14,-35],[-7,-21],[6,-15],[-5,-21],[-5,-6],[-16,15],[-8,15],[-14,5],[-26,-14],[-12,-19],[-11,-7],[-8,-14],[-14,-8],[-9,-12],[-20,-12],[-25,-9],[-4,-6],[-12,1],[-22,-33],[-11,-4],[-18,31],[-10,31],[-2,31],[-9,18],[-6,33],[-9,15],[-9,48],[-1,15],[-7,42],[-13,29],[0,13],[1,21],[-8,20],[3,19],[-6,12],[-10,-3],[-7,25],[-5,2],[-6,13],[-7,3],[-7,-8],[-13,7],[-6,-4],[-14,5],[-10,-8],[-19,10],[-10,17],[-9,3],[-6,14],[2,20],[-5,12],[-4,23],[-13,12],[-14,-12],[-8,22],[-8,-11],[-5,6],[-21,0],[-6,17],[-13,23],[0,35],[6,8],[-5,22],[-5,5],[1,20],[-11,14],[-27,21],[-5,-16],[-12,-4],[-5,13],[-23,9],[-2,12],[-26,40],[-43,48],[-81,64],[-47,103],[-15,123],[-8,36],[-15,7],[-2,20],[-5,3],[-10,-12],[-10,-3],[-5,12],[-9,-4],[-22,-1],[-9,10],[-4,-3],[-6,17],[-12,-2],[-20,42],[-7,31],[-15,-12],[-11,-31],[-4,18],[-20,31],[-7,5],[-4,-3],[-6,-30],[-9,-28],[-4,-6],[-8,-1],[-14,-24],[-23,-15],[-12,-3],[-18,10],[-8,-11]],[[170147,720812],[-3,32],[2,20],[-8,13],[-8,31],[-1,25],[5,17],[-4,22],[4,35],[6,30],[2,26],[11,6],[12,21],[4,21],[6,14],[2,-10],[13,-10],[-8,27],[2,9],[-10,11],[3,20],[6,11],[-4,22],[-5,-11],[-25,6],[-12,-4],[-8,10],[-9,3],[-1,3],[3,8],[9,13],[3,-1],[3,6],[0,4],[-12,12],[-13,-4],[-4,-8],[-8,8],[-11,19],[-7,29],[-9,22],[-2,64],[-7,38],[-3,50],[3,33],[0,31],[-3,18],[-6,14],[-15,15],[-5,16],[-15,-6],[-4,6],[-4,53],[-11,35],[-11,40],[-3,35],[-7,47],[-8,27],[-3,19],[-2,26],[-4,18],[-10,5]],[[169231,718690],[1,-5],[3,0],[-7,19],[17,9],[2,-12],[14,46],[6,3],[3,20],[-14,0],[-16,85],[33,-2],[-1,21],[32,0],[-2,26],[4,0],[0,38],[33,1],[0,-85],[16,0],[1,27],[29,33],[20,2],[0,98],[-2,159],[2,14],[9,-1],[2,24],[-4,8],[0,20],[-1,11],[23,2],[0,-22],[18,2],[0,-13],[18,4],[0,10],[16,-3],[0,-28],[5,-15],[10,0],[35,-6],[-2,10],[2,130],[7,13],[13,-6],[4,-12],[2,-40],[7,-15],[12,0],[13,37],[6,-8]],[[169600,719289],[12,-33],[2,-4],[8,-13],[1,-35],[5,2],[8,35],[-10,34],[8,11],[13,-8],[0,22],[7,11],[4,18],[7,-11],[2,8],[1,36],[3,20],[-1,29],[5,-3],[5,-27],[9,-1],[3,33],[4,19],[9,24],[7,15],[11,7],[6,14],[4,18],[9,22],[0,7],[-3,22],[2,11],[13,25],[10,5],[4,18],[-4,51],[2,16],[-5,14],[-3,25],[-8,3],[-5,11],[1,27],[6,5],[9,-6],[13,-18],[6,-17],[5,0],[7,15]],[[169792,719746],[0,-46],[3,-99],[-1,-111],[7,-18],[1,-55],[-1,-62],[20,-4],[1,2],[6,1],[13,41],[8,19],[29,-2],[1,60],[3,-2],[0,33],[5,12],[40,-4],[7,-7],[0,-16],[6,-13],[2,-18],[5,-16],[8,-9],[4,6],[3,33],[8,32],[32,49],[2,16],[15,8],[7,-20],[29,-30],[0,-87],[2,-113],[8,16],[3,23],[11,60],[5,9],[10,30],[35,-42],[16,-7],[27,-23],[2,8],[13,-20],[1,-12],[0,18],[8,-4],[9,-36],[14,-29],[17,9],[6,-17],[5,-43],[4,-12],[6,3],[27,-35],[14,7],[11,14],[9,38],[2,50],[5,15],[0,28],[-7,31],[-3,25],[-11,27],[-1,17],[-5,16],[0,10],[-6,8],[-2,43],[-9,72],[-10,31],[-16,39],[-16,34],[-9,33],[-18,96],[-9,25],[-16,24],[-3,46],[1,35],[-4,39],[-2,45],[3,32],[4,23],[-1,52],[-6,23],[1,9],[-18,35],[-14,14],[-15,42],[-1,27],[-3,7],[0,28],[-5,16],[-5,-2],[-25,16],[-4,6],[0,28],[-7,7],[-1,40],[-4,13],[0,13],[-10,6],[-4,25],[-5,3],[-1,22],[-16,29]],[[170042,720584],[8,17],[9,13],[12,21],[7,32],[3,21],[7,17],[6,3],[7,21],[20,39],[8,8],[6,17],[12,19]],[[171334,719999],[12,-35],[7,-39],[0,-20],[-3,-37],[-13,-12],[-5,-22],[0,-14],[-5,-17],[-3,-25],[2,-27],[3,-23],[-8,-20],[-3,-22],[-9,-38],[-2,-12],[3,-19],[12,-15],[15,-1],[3,-14],[7,-8],[0,-32],[2,-44],[4,-25],[-7,-25],[2,-13],[6,-12],[9,-34],[6,-9],[10,-5],[8,-14],[1,44],[8,35],[6,-3],[10,-38],[8,-9],[5,5],[12,-13],[18,5],[12,-3],[4,-16],[6,-14],[10,-1],[8,-10],[6,8],[13,6],[17,-16],[8,2],[4,16],[-4,20],[11,31],[17,12],[4,-12],[-1,-54],[5,-11],[16,-17],[8,9],[5,-18],[19,-5],[7,-16],[1,-42],[7,-16],[1,-6],[-3,-26],[4,-40],[-2,-22],[2,-6],[3,-32],[5,-21],[-1,-31],[12,-20],[0,-16],[-7,-39],[-7,-5],[-4,-14],[-1,-29],[-5,-33],[-18,-5],[-14,-26],[-6,-22],[-23,-18],[-4,-7],[4,-17],[3,-23],[0,-31],[-5,-26],[-12,-36],[-5,-26],[1,-27],[16,-19],[13,-9],[7,-19],[8,0],[15,-21],[26,-6],[8,11],[32,-37],[12,-35],[10,-10],[15,-47],[5,-5],[0,-28],[5,-10],[2,-19],[-8,-39],[10,-40],[6,-38],[1,-20]],[[171739,718250],[0,-39],[-6,-21],[-6,-7],[0,-33],[-8,-44],[-7,-16],[-9,-37],[0,-14],[11,-57],[3,-27],[4,-20],[5,-10],[13,-14],[5,-29],[8,-39],[2,-25],[7,-30],[0,-21],[4,-9],[-7,-21],[-4,-26],[-3,-41],[-3,-28],[-16,-26],[-10,-8],[-12,-25],[-16,17],[-14,-18],[-7,-5],[-15,-1],[-8,-7],[-10,27],[-6,8],[-10,4],[-5,14],[-10,10],[-5,-6],[-13,35],[-12,-6],[-15,17],[-6,3],[-9,-21],[-19,-21],[-15,-11],[-9,1],[-10,-21],[-13,-23],[-16,-9],[-3,-48],[-10,-17]],[[171454,717505],[-5,-14],[0,-17],[-9,-32],[-9,-6],[-8,-37],[3,-13],[3,-58],[4,-17],[2,-22],[4,-26],[10,-15],[2,-14],[-2,-26],[-10,-26],[0,-11],[13,-31],[9,-12],[6,-28],[9,-4],[13,26],[10,9],[5,-28],[7,-27],[9,-6],[0,-14],[-9,-14]],[[171511,717042],[-11,-31],[2,-31],[9,-42],[0,-20],[2,-14],[11,-28],[-1,-28],[2,-26],[0,-18],[-5,-38],[0,-27],[8,-53],[-7,-25],[-9,-11],[1,-16],[-6,-25],[-6,-9],[-9,-4],[-2,-9],[0,-28],[-19,-60],[-14,-63],[-5,-9],[-3,-15],[0,-20],[10,-33],[-2,-31],[7,-35],[-4,-45],[-3,-13],[-14,-34],[-7,-5],[-7,-33],[0,-37],[-5,-38],[-5,-19],[0,-14],[8,-25],[1,-23],[-8,-42],[-14,0],[-18,-38],[-2,-31],[-3,-8],[-19,-6],[-13,-19],[-7,-19],[-14,-9],[-12,-20],[-4,-19],[-8,-5],[-1,-22],[7,-43],[6,-11],[-3,-17],[-4,-3],[-3,-16],[-10,-12],[-13,-32],[-8,-25],[-8,-6],[-2,-43],[1,-11],[7,-19],[8,-11],[2,-15],[-3,-23],[1,-25],[9,-38],[-6,-36],[1,-18],[-1,-29],[5,-28],[4,-53],[-4,-17],[-13,-45],[-7,-12],[2,-45],[-1,-11],[-11,-20],[-13,-8],[-4,-7],[-7,-27],[-7,-2],[-10,-29],[-6,-23],[-9,3],[-8,-10],[-12,2],[-10,-11],[-5,-22],[-6,-10],[-8,-4]],[[171156,714957],[-17,6],[-8,10],[-4,31],[0,41],[-10,12],[-1,16],[-1,62],[2,19],[11,52],[6,23],[4,28],[-2,25],[2,20],[-1,47],[4,25],[-5,23],[0,67],[-9,26],[-3,17],[1,33],[-10,43],[-10,26],[-10,50],[-7,58],[-8,49],[-70,4],[-1,11],[0,17],[6,13],[5,28],[2,40],[-2,26],[9,30],[2,25],[-604,17],[-361,-2],[-27,0],[-4,5],[-5,17],[-8,10],[-19,-9],[-16,15],[-12,-11],[-9,15],[-20,-11],[-6,10],[-16,5],[-11,-20],[-14,7],[-12,22],[-17,-19],[-1,1]],[[169869,716012],[2,5],[-2,6],[1,38],[4,88],[-160,3],[-14,35],[-7,48],[-10,27],[-1,31],[-5,12],[-2,212],[1,97],[-2,170]],[[169674,716784],[1,-1],[-6,720],[0,12],[-2,70]],[[169667,717585],[69,74],[3,9],[11,19],[-9,33],[2,62],[-7,42],[-20,32],[-14,-9],[-5,-6],[-16,6],[-4,10],[-7,40],[-3,9],[-14,27],[-4,7],[-3,2],[-3,1],[-3,0],[-3,-1],[-14,-19],[-6,-1],[-3,4],[-7,59],[-1,50],[-2,1],[-8,-6],[-10,-23],[-11,-1],[-8,10],[0,22],[-10,30],[-6,6],[-16,-15],[-19,-7],[-18,10],[-11,0],[-6,-8],[-9,-18],[-16,-3],[-2,-5],[-7,-10],[-8,3],[-18,50],[-6,40],[-8,9],[-10,39],[-6,31],[-8,14],[-8,9],[-5,-3],[-25,18],[-11,16],[-5,23],[-14,18],[-18,7],[-4,6],[3,18],[-2,18],[-8,17],[-10,3],[-3,13],[-20,86],[-7,18],[-4,35],[-3,9],[-11,29],[7,28],[-5,16],[-1,10],[5,19],[3,10],[0,5],[-11,16],[-3,17],[7,20],[1,5]],[[168766,723037],[1,27],[0,18],[2,54],[1,38]],[[168770,723174],[53,-48],[37,-25],[5,-4],[15,-23],[24,-90]],[[168904,722984],[1,-6],[14,-85],[3,-23],[13,-39],[3,-7],[25,-50],[2,-3],[2,-4],[3,-42],[0,-7]],[[168970,722718],[0,-81],[0,-10],[-6,-99],[-1,-65],[0,-32],[-2,-39]],[[168961,722392],[-4,-60],[-3,-18],[-1,-12],[-11,-75],[-5,-17],[-28,-76],[-20,-30]],[[168889,722104],[-6,-8],[-26,-34],[-14,24]],[[168843,722086],[-13,23],[-5,9],[-4,7],[-6,14],[-6,18],[-6,29],[-4,26],[-1,18],[-1,19],[0,17],[2,27],[2,11],[5,23],[22,65],[5,22],[3,17],[4,30],[2,24],[1,47],[-1,23],[-1,22],[-4,33],[-2,11],[-4,20],[-5,19],[-6,18],[-11,25],[-23,26],[-8,14]],[[168778,722743],[-11,38],[-6,51],[-1,42],[1,30],[1,22],[1,38],[2,48],[1,25]],[[169871,722199],[2,-3],[38,-2],[18,-2],[8,2],[4,-1],[13,-2],[0,88],[-27,0],[-4,18],[-1,45],[-2,14],[-3,8],[20,1],[0,41],[33,-1],[1,0],[34,-1],[3,-40],[10,16],[4,-10],[8,-8],[21,-1],[0,-51],[20,0],[1,105],[1,3],[1,-16],[1,0],[3,-19],[1,-25],[9,-9],[8,-20],[11,-16],[-9,30],[-4,18],[4,23],[-2,18],[-14,53],[18,19],[1,5],[-3,7],[-8,-3],[-17,14],[0,462],[-6,7],[-17,38],[-12,18],[-8,2],[-28,52],[-7,4]],[[170470,724059],[1,-7],[-7,-10]],[[169953,721904],[-7,4]],[[169946,721908],[2,35],[1,17],[-12,-5],[0,36],[-15,3],[-13,19],[-11,-14],[-3,7],[-2,44],[-4,19],[5,13],[10,-1],[1,28],[-34,1],[0,89]],[[172233,722945],[0,-2619],[4,-19],[6,-10],[5,-22],[8,-16],[2,-16],[0,-8],[-25,-41],[0,-618]],[[172233,719576],[-228,2],[-8,57],[-5,25],[1,19],[-6,37],[-7,27],[-7,15],[-11,58],[-7,48],[0,23],[-7,25],[-5,73],[0,50],[9,64],[1,34],[-9,14],[2,6],[-6,23],[3,19],[-10,19],[-1,9],[-7,-13],[-4,9],[-7,58],[-12,27],[-7,34],[0,10],[-5,11],[-3,23],[1,29],[-6,30],[0,29],[-5,20],[-10,14],[-7,18],[-4,39],[-6,6],[-2,17],[-8,15],[-4,33],[-5,5],[-9,-13],[-2,13],[-8,16],[-4,17],[-10,22],[-14,-11],[-11,-2],[-9,7],[-13,2],[-12,-9],[-9,5],[-6,-17],[-10,-4],[-20,41],[-10,27],[1,13],[-11,29],[-5,4],[-4,2],[-15,-11],[-11,-14],[-2,-494],[-16,-35],[-3,-23],[-6,-41],[1,-23],[-3,-23],[-13,-20],[-2,-20],[2,-27],[-9,-37],[-1,-10],[-14,-12],[-5,6],[-9,25],[-2,28],[3,42],[-9,89],[-19,54],[-2,27],[2,29],[-3,37],[-11,31],[-2,128],[-9,68],[-6,18],[-12,22],[-3,-9],[-2,-15],[4,-24],[-3,-34],[6,-7],[-7,-15],[-4,-53],[6,-27],[-6,-4],[0,18],[-6,-7],[-1,-20],[-5,-13],[1,-16],[-12,-8],[-5,7],[-5,24],[-19,73],[-61,109]],[[168515,723135],[4,17],[3,-10],[1,1],[2,7],[6,16],[9,28],[4,11],[5,15],[3,8],[3,9]],[[168555,723237],[3,0],[7,-1],[4,1]],[[168569,723237],[2,0]],[[168571,723237],[0,-22],[-2,-3],[2,-13],[0,-14],[0,-1],[3,-12],[8,1],[2,0],[1,0],[4,0],[0,-3],[2,-10]],[[168591,723160],[-3,-5],[-4,-6],[-3,-5],[-1,4],[-3,-5],[1,-4],[-7,-11],[-4,-6],[-3,-5],[3,-18],[-1,-2],[-2,8],[-2,9],[-5,-8],[-4,-5]],[[168553,723101],[-3,-6]],[[168550,723095],[-3,-5],[-4,-6],[-7,-10],[0,0],[-3,1],[-7,-4]],[[168526,723071],[-4,29],[-1,12],[-2,8],[-1,8],[0,0],[-3,7]],[[168407,722525],[-1,-19],[-1,0],[0,-2],[2,0],[0,-42],[-1,-43],[0,-21],[-1,0],[1,-21],[-2,-42],[0,-1],[0,-11],[0,-5],[-1,-26],[0,-21],[0,-8],[0,-17],[0,-17],[0,-9],[0,-25],[0,-9],[0,-25],[1,-1],[-1,-2],[3,-11],[1,-46],[-4,0],[2,-48],[-2,-5],[0,0],[1,-28]],[[168404,722020],[0,-5],[-5,0],[-12,0],[-11,1],[-2,13],[1,-14],[-2,0],[0,1],[-13,-1]],[[168360,722015],[-2,17],[0,3],[-7,23],[11,31],[0,1],[3,35],[0,2],[1,17],[-2,6],[0,1],[-7,19],[-13,34],[6,27],[8,38],[-1,4],[-3,47],[0,0],[-4,60],[-1,9],[4,50],[-1,3],[-12,81]],[[168340,722523],[10,0],[0,11],[4,-9],[1,0],[8,1],[4,0],[8,0],[3,-5],[1,5],[9,-1],[0,1],[4,-1],[5,0],[8,0],[2,0]],[[168553,723101],[2,-9]],[[168555,723092],[-3,-5],[-2,8]],[[168549,723081],[2,-8],[-6,3],[4,5]],[[167682,734841],[4,14],[8,16],[12,-24],[16,4],[9,-30],[1,-44],[-5,-15],[-5,-8],[-3,-4],[-11,6],[-5,13],[-11,18],[-10,29],[0,25]],[[167561,734093],[9,58],[4,13],[6,23],[2,6],[5,39],[-4,46],[-16,51],[0,32],[-1,30],[3,22],[-1,32],[-3,50],[2,10],[7,48],[12,5],[9,-6],[17,-47],[5,-66],[19,-76],[28,-51],[14,-36],[12,-32],[4,-9],[26,-34],[16,-46],[13,-8],[28,-25],[16,-39],[4,-41],[2,-13],[8,-58],[-9,-51],[10,-14],[4,-23],[-1,-23],[-9,3],[-24,35],[-8,9],[-10,9],[-2,28],[-30,8],[-62,-90],[-34,-26],[-15,-11],[-15,-2],[-27,34],[-6,18],[-3,12],[-7,77],[2,129]],[[167420,734934],[3,23],[20,21],[20,33],[8,8],[10,9],[16,9],[4,-8],[5,-52],[16,-33],[10,-18],[2,-35],[0,-36],[14,-23],[3,-29],[-29,-21],[-3,3],[-26,18],[-4,2],[-24,31],[-5,7],[-17,39],[-2,3],[-7,7],[-11,-8],[-1,6],[-2,44]],[[167992,733034],[-1,-32],[0,-9]],[[167991,732993],[-2,1],[-20,10],[-17,20],[-1,7],[0,-36],[-56,0],[-6,0],[0,-7],[-2,-27],[-3,-19],[-5,-12],[-1,-9]],[[167878,732921],[-4,1],[-5,-47],[-1,-7],[-8,5],[-14,20],[-2,3],[-11,-10],[-5,4],[-6,21],[-9,-1],[-16,-13],[-2,-66],[-2,-29],[1,-31],[1,-17],[-11,-58],[-1,-6],[-12,-35],[-31,-39],[-19,2],[-7,23],[-16,-8],[-14,-53],[0,-48],[-2,-17],[-12,-13],[-14,0],[-2,17],[-8,12],[-15,-18],[-8,-37],[-8,-7],[-15,-13],[-3,0],[-10,0],[-10,-1],[-4,-1],[-9,-13],[-6,2],[-5,2],[-5,31],[3,21],[16,3],[2,37],[-9,26],[-7,-22],[-10,2],[-13,-11],[-5,14],[2,6],[3,7],[-6,30],[-10,1],[-9,28],[-8,25],[-5,138],[-9,34],[5,54],[8,-8],[1,-5],[1,-12],[20,6],[9,42],[5,5],[5,18],[-1,53],[9,6],[12,12],[2,40],[-6,56],[-4,107],[-1,16],[-21,61],[-3,31],[-1,7],[-4,31],[-3,26],[-25,39],[-2,1],[-21,16],[-12,9],[-13,-15],[-14,5],[-21,12],[2,28],[5,18],[-3,19],[3,13],[3,17],[21,0],[3,0],[2,34],[4,7],[4,8],[0,23],[13,33],[17,-16],[3,-15],[4,-24],[17,-5],[31,36],[10,11],[4,5],[30,36],[9,9],[23,28],[22,25],[19,22],[15,17],[10,13],[15,6],[6,2],[6,2],[9,-6],[13,-8],[6,-76],[-2,-27],[-18,-4],[-3,-26],[-3,-31],[6,-10],[7,-14],[0,-28],[2,-53],[1,-24],[1,-14],[0,-18],[1,-7],[15,-83],[3,-3],[10,-11],[2,-11],[-2,-6],[-4,-12],[10,-68],[1,-6],[8,-81],[3,-25],[16,-30],[17,-5],[10,35],[0,23],[0,24],[-6,83],[-3,83],[-10,34],[5,20],[0,21],[-7,5],[-1,11],[21,56],[14,25],[27,6],[6,-12],[8,-57],[19,-94],[15,-126],[19,-102],[2,0],[8,-5],[2,-3],[10,-16],[8,-33],[8,-36],[9,-5],[4,33],[8,-6],[6,-19],[5,-4],[0,0]],[[167292,734513],[21,20],[13,35],[-4,37],[3,33],[16,15],[-3,59],[2,14],[16,20],[5,27],[11,17],[11,6],[5,-25],[16,-31],[4,-21],[5,-16],[10,-13],[13,-49],[2,-4],[-4,-26],[7,-26],[3,-11],[-11,-9],[-5,-16],[30,-96],[28,-37],[19,-88],[8,2],[3,-34],[-2,-3],[-5,-6],[-1,-14],[-7,-6],[-6,29],[-5,-1],[-3,-25],[-17,-43],[-12,-29],[-29,-43],[-1,-14],[4,-11],[9,2],[9,17],[23,-19],[1,-18],[1,-27],[-3,-35],[-5,-13],[-6,-13],[-11,9],[-12,-4],[-6,-1],[-11,0],[-22,-30],[-33,-12],[-2,-1],[-16,10],[2,79],[-7,29],[1,36],[7,70],[8,34],[-12,31],[-11,13],[-5,-11],[-8,11],[-18,39],[-7,39],[-3,18],[0,26],[6,25],[-1,39],[-8,40]],[[167050,733285],[-12,0],[-22,5],[-13,-5]],[[167003,733285],[-1,63],[-9,48],[-12,161],[5,102],[7,58],[15,17],[10,59],[40,18],[39,-7],[32,13],[15,-11],[5,-22],[28,-56],[9,3],[16,-69],[1,-29],[-2,-20],[-19,-2],[-27,29],[-17,-26],[-9,-32],[1,-39],[-12,-61],[-9,-27],[-52,-76],[-4,-39],[4,-26],[-6,-19],[-1,-10]],[[168790,736213],[-7,-17],[1,-25],[5,-16],[-7,-28],[-1,-43],[8,-37],[4,-8],[-4,-31],[-4,-11],[-2,-28],[3,-9],[-8,-17],[-4,21],[-8,-15],[-10,-4]],[[168756,735945],[-13,6],[-5,29],[6,16],[1,39],[-2,21],[-53,3],[-29,0],[-1,-4],[-3,4],[-18,-32]],[[168639,736027],[-3,39],[-13,29],[-12,22],[-13,30],[-31,76],[-24,41],[-18,25],[-17,24],[-31,55],[-7,21],[-4,12],[-21,-24],[-13,-7],[-23,2],[-14,22],[-8,24],[-4,9],[-3,10],[-30,43],[-13,20],[-13,22],[-11,48],[-9,13],[-7,3],[-7,-3],[-7,-15],[0,21],[-25,1],[-9,0],[-2,0],[-2,0],[-4,0],[-26,0],[-8,0],[-20,0],[-5,0],[-9,0],[-16,0]],[[168501,731670],[10,0],[8,14],[6,1],[10,-11],[-3,-8],[2,-5],[-6,-23],[-2,-28],[-4,-156],[-8,23],[2,18],[0,33],[3,25],[-1,29],[-9,63],[-8,25]],[[170952,732166],[311,0],[-20,-45],[-1,-34],[-3,-37],[3,-29],[-2,-39],[2,-19],[-7,-51],[-6,-19],[6,-27],[5,-2],[4,-14],[12,-20],[1,-25],[4,-18],[2,-29],[6,-18],[18,-2],[2,-7],[0,-28],[-3,-17],[0,-27],[7,-17],[2,-19],[-3,-30],[3,-17],[5,-11],[6,-21],[4,-6],[0,-22],[-3,-10],[-1,-4],[0,-9],[1,-5],[1,-5],[2,-4],[11,-13],[5,-9],[4,-33],[-2,-39],[2,-50],[8,-9],[13,-26],[5,-35],[5,-10],[15,-9],[8,-24],[9,-21],[7,-60],[1283,0]],[[172683,731141],[3,-18],[0,-46],[-7,-42],[1,-7],[-5,-11],[-13,-5],[-10,-17],[-1,-42],[2,-20],[7,-15],[9,-30],[5,-5],[-3,-19],[3,-13],[-3,-12],[17,-83],[15,-30],[15,-56],[14,-23],[10,-27],[4,-54],[10,-32],[1,-22],[11,-39],[3,-40],[17,-28],[9,-26],[7,-6],[9,-28],[-2,-16],[-5,-16],[0,-15],[-5,-42],[-7,-27],[3,-76],[4,-7]],[[172801,730146],[8,-9],[7,4],[6,-8],[14,-5],[2,-22],[6,-16],[4,-41],[4,-16],[15,-9],[14,-20],[3,2],[13,-18],[12,-41],[10,-22],[13,-3],[6,-13],[-4,-36],[4,-20],[6,-68],[7,-15],[15,-57],[2,-40],[7,-53],[0,-28]],[[172975,729592],[-16,-17],[-8,-24],[-7,0],[-12,13],[-6,-5],[-12,9],[-15,5],[-7,-24],[3,-32],[-10,-9],[-5,-11],[-17,5],[-15,-5],[-9,-17],[-8,-6],[-5,-13],[-1,-50],[-14,-25],[-12,-30],[-4,-31],[4,-26],[1,-29]],[[172800,729270],[-632,0],[0,-118],[-484,-2],[-1,-400],[-7,-7],[-7,11],[-16,-14],[-6,7],[-6,24],[-5,-4],[-8,9],[-4,-2],[-10,11],[-7,-8],[-2,22],[-3,7],[-14,-6],[-12,2],[-8,14],[0,15],[-11,7],[-16,-14],[-3,-15],[-22,-6],[-3,26],[-6,-20],[-9,1],[-9,-9],[-4,-22],[2,-38],[-2,-42],[-6,-49],[-11,-10],[-1,-37],[-10,-45],[-4,-15],[-15,-30],[-2,-8],[-10,-15],[-4,-16],[-8,-43],[-7,-22],[-4,-68],[-7,-8],[-10,2],[-2,9],[-17,4],[-10,-11],[-2,-12],[8,-22],[-1,-17],[-15,-46],[-3,-40],[-8,-43],[0,-43],[4,-27],[-14,-34],[-9,-60],[-6,0]],[[169569,733876],[16,-5],[17,-1],[14,-1],[1,-4],[2,-3],[0,-22],[5,-5],[4,1],[-1,-27],[5,-22],[20,-1],[1,-72],[-11,-1],[-14,-2],[-8,10],[4,1],[3,-3],[3,1],[-10,8],[-15,20],[-20,42],[1,30],[-17,6],[0,50]],[[169365,733777],[0,63],[8,0],[7,-14],[3,-2],[33,14],[0,-40],[-30,-23],[-3,-6],[0,-26],[6,-16],[-6,7],[-2,-10],[-7,-13],[-8,-6],[-2,0],[1,72]],[[170279,727105],[71,-2],[9,-2],[71,8],[129,-2],[-1,-43],[-13,0],[-9,8],[-4,-11],[-11,-7],[-2,8],[-13,-19],[-14,-41],[-4,-16],[-6,-10],[-3,-14],[1,-20],[-1,-27],[1,-36],[-4,-28],[-4,-13],[-6,-2],[-22,14],[-19,-23],[-15,-4],[-5,-21],[-7,-6],[-4,7],[-13,-6]],[[170016,725090],[-8,0],[-62,-1],[-120,-3],[-15,0],[-123,-9],[-75,-10],[-26,0],[-23,1]],[[169564,725068],[-33,1]],[[169531,725069],[0,64],[-4,-1],[0,65],[21,-1],[0,21],[-8,0],[0,20],[-9,2],[1,84],[-17,0],[0,-20],[-30,1],[0,39],[3,47],[-2,17],[-4,0],[0,33],[-4,37],[1,65],[-8,34],[6,0],[-3,2],[-7,22],[-12,39],[5,9],[-7,22],[-6,33],[-7,17]],[[168756,735945],[1,-12],[74,-114],[87,-341],[-1,-72],[-1,-73],[9,0],[3,-2],[0,-26],[-5,-41],[12,0],[1,-43],[150,-2],[4,-2],[122,0]],[[169848,732780],[3,-15],[-3,-19],[-1,-32],[-17,26],[0,-66],[-132,4],[-1,-12]],[[169697,732666],[-97,1],[-6,-21],[-24,-12],[-11,-34],[1,25],[-14,44],[-252,0],[-36,6],[-169,4],[-94,2]],[[168995,732681],[-3,1],[-22,0],[0,33],[6,62],[8,31],[11,8],[-1,143],[-14,-23],[-3,-18],[6,-7],[-7,-19],[-2,-20],[3,-19],[-40,-1],[0,42],[-6,0],[-1,-45],[-23,1],[-6,39],[-13,42],[0,30]],[[168888,732961],[9,8],[6,17],[-10,5],[6,36],[9,30],[-2,38],[3,17],[-3,13],[-8,4],[-11,-17],[0,22],[-12,11],[-21,1]],[[168854,733146],[0,40],[-7,62],[-6,28],[-7,57],[-12,-40],[-21,-25],[-24,-11],[-19,-7],[-12,-10],[0,-15],[-12,-13],[-24,-2],[-6,-10],[-15,-2],[-6,17],[0,15]],[[168683,733230],[1,53],[-2,5],[2,3],[0,90],[6,13],[-2,9],[5,37],[8,-2],[0,170],[0,295],[-3,6],[-12,-1],[-41,-1],[-5,-1],[-26,-3],[-1,42],[4,125],[-24,3],[0,29],[-13,4],[-22,-19],[-1,35],[5,69],[6,8],[2,5],[-8,32],[0,8],[18,3],[0,38],[7,0],[0,84],[-1,97],[8,0],[-10,27],[19,4],[-1,86],[-9,1],[0,18],[-6,0],[-4,14],[-3,46],[-8,52],[27,2],[-12,51],[3,12],[-10,28],[2,29],[-16,1],[-1,41],[-10,1],[7,47],[-4,-4],[1,42]],[[168559,734964],[-2,24],[2,24],[-2,35],[-52,5],[-12,55],[-3,48],[-7,59],[13,0],[7,0],[-7,11],[-7,12],[-3,12],[-1,4],[-3,2],[-2,0],[2,126],[16,0],[-15,68],[5,46],[6,34],[0,18],[-10,62],[-5,5],[-6,47],[-10,31],[0,17],[4,13],[5,-2],[13,1],[30,-10],[34,7],[65,-6],[2,35],[-4,25],[2,38],[-3,36],[-5,-2],[7,13],[2,32],[24,22],[6,22],[1,17],[-7,77]],[[169841,714367],[1,578],[5,0],[0,80],[0,447],[2,95],[-1,396],[0,15],[12,23],[9,11]],[[171156,714957],[-9,-5],[-2,-11],[-16,-72],[-23,-54],[-12,-65],[3,-73],[-22,-65],[-9,-75],[25,-21],[24,-72],[31,-23],[6,-92],[14,-83],[17,-80],[4,-78],[29,-34],[11,-49],[3,-9],[-2,-28],[-5,-10],[4,-15],[-10,-17],[8,-24],[7,-6],[16,-36],[3,-17],[9,-15],[8,0],[3,-15],[-3,-34],[4,-11],[0,-16],[5,-40],[14,-17],[4,-36],[16,-31],[5,-22],[-11,-12],[-7,-1],[-6,-23],[-11,-20],[-5,-27],[1,-24]],[[170050,712863],[-11,13],[-2,-13],[0,-9],[-9,6],[-5,-6],[-10,5],[-32,-6],[-12,-30],[-7,-4],[-9,12],[-7,-5],[-9,13],[-2,17],[-8,6],[-23,53],[-9,23],[-13,-13],[-27,-1],[0,-40],[-23,3],[-11,-10],[-18,14],[-7,-3],[-9,7],[-9,15],[-15,-4],[-25,7],[-17,-10],[-18,8],[-10,19],[-11,7],[-4,0],[-4,-1],[-2,-7],[-12,-2],[-9,-6],[-5,5],[0,11],[-32,-1],[0,6],[0,2],[-9,0],[-2,-4],[0,-4],[-22,-2],[0,13],[-13,6],[-22,-1],[-17,-17],[-15,-2],[-7,4],[-3,13],[-10,14],[-9,42],[-8,-6],[-9,15],[-7,0],[-20,29],[-8,18],[-20,7],[-4,3],[-8,18],[-5,-1],[-2,-16],[-7,-6],[-19,20],[-12,23],[-15,9],[-5,7],[-8,3],[-25,-7],[-16,-19],[-8,12],[-30,-13],[-4,-8],[-15,-4],[-5,4],[-3,5],[-2,8],[-17,16],[-4,14]],[[169199,713137],[-3,12],[-1,0],[-3,3],[-2,5],[-4,4],[8,10],[0,40]],[[169194,713211],[27,-12],[5,13],[10,16],[9,2],[25,23],[24,-22],[8,20],[-4,28],[1,49],[18,23],[-4,27],[-9,30],[12,18],[11,22],[6,4],[8,26],[1,47],[0,13],[-5,15],[-6,4],[-12,23],[-12,3],[-6,-14],[-10,13],[-19,4],[-3,-19],[-4,-6],[-14,43],[-7,10],[-9,-1],[-6,9],[-4,21],[-4,0],[-12,21],[-8,30],[-6,10],[-2,28],[5,15],[-15,36],[-2,16],[-17,31],[-3,51],[-5,13],[2,37],[31,5],[0,164],[44,-2],[6,-30],[-1,-18],[3,-16],[-2,-8],[3,-40],[0,-36],[4,-3],[3,-20],[3,-4],[11,-40],[13,-33],[8,-7],[1,-17],[5,-5],[6,-22],[9,-11],[4,-13],[5,-3],[12,-28],[11,-5],[4,-12],[11,-22],[3,-14],[9,-26],[6,1],[6,-19],[8,1],[17,-6],[11,16],[5,12],[9,-2],[6,8],[15,-1],[2,-60],[-1,-347],[10,0],[44,-1],[33,3],[79,6],[8,0],[81,3],[10,-4],[-4,19],[5,-12],[15,-18],[6,-2],[8,11],[7,-21],[15,14],[2,20],[10,-5],[5,-9],[12,-1],[10,4],[19,-6],[7,4],[9,13],[2,-4],[2,650],[0,269],[-10,0],[0,64],[8,-1],[0,103]],[[167181,723699],[2,-2],[5,7],[5,-10],[16,-1],[0,-10],[14,-1],[4,11],[10,7],[3,19],[-2,-22],[-13,-18],[-2,-32],[-13,4],[0,-14],[-8,5],[-1,-72],[-9,-1],[0,-34],[8,0],[0,-33],[-8,0],[0,-26],[7,-17],[4,0],[0,-19],[-5,0],[11,-85],[99,-1],[0,42],[29,-1],[0,36],[4,0],[0,-79],[0,-48],[6,-26],[0,-10],[26,-1],[0,-53],[3,-2],[0,39],[4,58],[-23,1],[0,84],[25,0],[2,42],[1,0],[5,0],[4,17],[16,4],[-2,-22],[4,-1],[7,1],[27,-23]],[[167446,723412],[-3,-98],[-1,-36],[13,-63],[5,-32],[2,-18],[3,-18],[1,-14],[6,-60],[0,-93],[1,4],[10,10],[16,-18],[2,0],[0,105],[23,-5],[12,-50]],[[167536,723026],[5,-22],[2,-14],[4,-20],[8,-45],[6,-21],[4,-13],[7,-29],[5,-17],[6,-14],[9,-18]],[[167592,722813],[-1,-52],[-7,-6],[0,-29],[3,-32],[-2,-11],[-1,0],[0,-8],[4,-1],[-4,-8],[0,-25],[0,-43],[-19,0],[-3,1],[0,-61],[-6,-1],[0,-24],[0,-23]],[[167556,722490],[-6,-10],[-34,-59],[-13,-23],[-11,-51],[0,-3],[0,0],[0,-1],[0,-39],[-44,-83],[-11,-10],[-2,-1],[-2,-5],[-10,-20],[-1,-12],[0,-7],[7,-5],[21,2],[2,0],[15,8]],[[167467,722171],[1,-21],[5,0],[10,0],[0,-64],[-9,0],[0,-24],[-5,0],[0,-11],[14,0],[-1,-52],[-38,-1],[-11,0],[0,54],[-8,0],[1,77],[4,13],[-8,5],[-9,2],[-9,2],[-3,-2],[-4,-5],[-3,-5],[-2,-1],[-5,-2],[-10,-1],[-5,-1],[-1,0],[-17,-2],[-6,-6],[-28,-57],[-11,-31],[-4,-10],[0,7],[-18,-47],[1,-3],[1,-23],[7,0],[9,-28],[0,-59],[-15,3],[-1,-79],[1,-4],[-16,0],[1,-42],[-17,-47],[-7,-3],[-3,-19],[-1,133],[-8,-38],[-26,-101],[-3,-23],[13,-4],[35,1],[0,-70],[-16,2],[-33,-2],[-33,2],[-2,85],[-8,-1],[-34,-89],[7,-25],[-11,-31],[-10,23],[-7,-18],[10,-23],[-9,-23],[-7,17]],[[167105,721499],[0,12],[0,67],[-1,91],[-1,79],[1,342],[0,3],[-47,3],[-28,1],[-4,1],[-1,7],[-2,12],[-8,9],[-5,-2],[-7,-6],[-1,-3],[-1,-14],[-14,2],[-2,0],[-9,0],[-5,-5],[-6,-21],[-4,-4],[-16,-6],[-5,-5],[-6,12],[-2,29],[-25,0]],[[166906,722103],[1,92],[-4,6],[2,48],[-4,32],[-7,20],[-7,37],[4,8],[15,8],[7,28],[14,13],[6,-11],[7,8],[1,24],[9,23],[10,10],[0,34],[-9,0],[1,43],[-25,1],[0,88],[-4,81],[19,-2],[-1,42],[17,-2],[-1,40],[0,85],[17,-3],[1,71],[5,7],[12,6],[-2,1],[-1,2],[0,18],[-6,0],[1,20],[-9,1],[1,42],[34,0],[1,75],[8,1],[0,41],[9,1],[0,84],[16,3],[17,9],[0,-138],[-1,-56],[5,19],[6,-12],[23,-4],[9,19],[6,-3],[1,291],[23,1],[1,81],[6,14],[10,28],[5,23],[2,43],[6,15],[-1,21],[4,12],[-1,29],[5,42],[-4,19],[12,17],[3,0]],[[167584,722575],[6,0],[2,23],[14,-1],[5,0],[6,1],[0,10],[23,4],[3,-16],[-27,-2],[-4,-2],[-13,-41],[-5,-1],[-8,-1],[-1,-4],[-1,30]],[[167988,726360],[-7,-13],[-1,4],[-54,6],[0,21],[-15,3],[4,18],[-23,2],[0,-54],[-84,0],[-8,-11],[-3,-7]],[[167797,726329],[-20,161],[-7,55],[-6,127],[-22,57],[-3,28],[-28,25],[-5,12],[-34,22],[7,30],[-2,26],[-13,17],[11,87],[15,21],[25,-4],[8,-102],[9,-51],[20,-56],[32,-26],[59,0],[42,-14],[28,-64],[24,-18],[15,2],[7,1],[-7,-75],[4,-69],[28,-140],[4,-21]],[[168885,717657],[5,5],[15,67],[-1,-75],[-7,0],[-2,-18],[-5,-1],[3,-13],[12,1],[0,-113],[0,-3],[1,-22],[-1,-43],[1,-45],[15,-82],[12,-38],[5,-4],[0,-3],[4,-3],[5,-13],[7,-13],[1,-2],[6,-8],[33,-72],[2,-13],[2,-18],[-1,-20],[1,-29],[8,2],[12,-26],[14,-4],[12,8],[21,51],[6,7],[0,33],[16,-1],[0,42],[16,-1],[0,43],[14,-1],[-5,27],[-6,0],[0,11],[14,4],[0,16],[8,23],[9,45],[0,42],[8,0],[0,42],[4,0],[21,0],[3,-16],[1,11],[-1,17],[0,1],[0,1],[-10,14],[0,7],[2,40],[5,1],[0,2],[1,48],[1,28],[15,6],[9,21],[10,4],[-12,-41],[-2,-36],[3,3]],[[169195,717553],[1,12],[10,25],[6,0],[4,5],[3,8]],[[169219,717603],[4,-3],[13,2],[18,22],[18,13],[-3,-4],[3,-31]],[[169272,717602],[-42,-13],[-45,-57],[-8,-13],[-3,-14],[0,-21],[35,2],[3,9],[4,5],[-2,19],[5,-2],[3,10],[6,-9],[3,3],[-3,-33],[10,1],[-2,-168],[34,3],[0,-85],[68,0],[-1,-83]],[[169337,717156],[4,-96],[5,-32],[8,-6],[18,-35],[9,-23],[-2,-38],[3,-12],[-9,-21],[-2,-27],[-8,-25],[-1,-14],[4,-9],[-5,0],[-14,-6],[0,-155],[-32,-3],[-51,0],[1,-84],[-2,-84],[0,-73],[11,-31],[0,-36],[-3,-23],[2,-17],[-10,-44],[-2,-44],[-1,-597],[4,-6],[3,-18]],[[169267,715597],[0,-348],[-5,18],[-3,0],[-10,16],[-6,4],[-9,0],[-4,8],[-5,4],[-4,-4],[-5,2],[-5,8],[-9,-3],[-5,-10],[-3,-2],[-8,3],[-5,-5],[-6,-2],[-8,0],[-9,12],[-11,-1],[-7,8],[-11,6],[-6,8],[-11,24],[-15,-5],[-15,-17],[-9,-17],[-3,2],[-15,-18],[-27,34],[-10,22],[-6,0],[-10,27],[-13,10],[0,9],[-18,4],[-13,-7],[-7,1],[-5,12],[-2,19],[3,11],[-18,14],[-9,12],[-5,-5],[-18,3],[-21,10],[-9,-15],[-6,35],[-4,0],[-1,0]],[[168856,715484],[-2,57],[0,1],[1,0],[3,40],[6,44],[8,114],[8,40],[2,50],[-1,24],[4,0],[7,5],[22,-3],[11,16],[25,27],[19,6],[15,25],[0,11],[-11,36],[-13,30],[-4,36],[-4,15],[-8,5],[-10,40],[-1,16],[-8,23],[-2,21],[-8,47],[1,18],[0,36],[2,3],[8,33],[8,15],[1,114],[-5,13],[4,25],[7,10],[-3,10],[0,22],[1,6],[2,11],[0,3],[9,16],[3,20],[1,1],[0,1],[4,16],[0,2],[0,3],[13,64],[2,-1],[15,75],[-11,94],[-1,30],[-7,21],[-2,20],[-23,0],[-3,-1],[-22,0],[-2,13],[1,4],[5,9],[0,12],[-8,6],[-8,34],[-7,6],[-5,0],[-13,-14],[7,-28],[-3,-11],[-12,16],[-3,3],[-25,-36],[-14,-14],[-2,0],[0,1],[-17,85]],[[168813,716976],[9,0],[0,6],[4,14],[24,12],[8,8],[0,84],[-9,42],[-7,0],[0,88],[-3,40],[-2,44],[0,0],[2,33],[-4,67],[13,23],[-3,35],[0,1],[-3,10],[-4,0],[-8,1],[-2,0],[0,137],[19,-11],[4,1],[3,42],[-1,-28],[7,19],[15,-6],[7,13],[1,5],[2,1]],[[169585,711435],[5,-9],[2,28],[5,14],[-1,32],[10,-7],[4,7],[-2,14],[16,8],[10,13],[8,-41],[4,1],[3,42],[6,8],[7,-4],[1,32],[8,11],[12,-1],[11,10],[16,-29],[-3,16],[6,14],[-4,15],[5,-1],[4,-23],[7,11],[4,-20],[4,23],[7,12],[-6,22],[-11,11],[-1,9],[16,-3],[2,34],[6,27],[-3,32],[7,37],[-2,25],[2,25],[-3,21],[2,13],[-1,39],[11,25],[4,58],[-2,25],[-6,20],[7,53],[-6,-20],[-8,-5],[-11,11],[-13,23],[-8,19],[5,28],[-1,17],[11,3],[-2,-37],[3,-8],[19,1],[-8,19],[9,25],[6,36],[9,-2],[9,-25],[13,-17],[12,-8],[15,-18],[13,-23],[26,-36],[2,-45],[2,-9],[29,-29],[5,15],[6,3],[7,-16],[19,-19],[4,-13],[15,23],[13,38],[15,-23],[15,-3],[9,9],[12,-16],[8,-24],[6,20],[8,2],[9,-28],[2,-22],[5,-18],[9,-7],[3,-13],[11,-17],[3,-26],[18,-20],[4,13],[9,2],[10,-24],[-3,-16],[2,-17],[18,-38],[8,-5],[18,1],[26,41],[11,-20],[15,2],[1,24],[4,12],[8,-1],[7,14],[7,3],[6,2],[16,-14],[13,3],[4,-13],[7,0],[13,-20],[33,-33],[8,-23],[10,-9],[8,-27],[5,-34],[9,-12],[5,-24],[4,7],[7,-19],[2,-17],[9,-27],[7,-7],[15,-26]],[[170980,708889],[-551,0],[-8,0],[-239,0],[-12,0],[-249,0],[-13,18],[-11,36],[-23,49],[-2,35],[-5,19],[4,23],[1,49],[3,61],[6,16],[-1,24],[2,83],[-2,42],[2,20],[-9,40],[-6,59],[-13,31],[-10,4],[-2,12],[-10,-9],[-3,-12],[-2,-26],[-5,-17],[-5,-7],[-7,-28],[-4,-5],[-9,20],[-6,5],[-13,-6],[-17,6],[-13,19],[-7,5],[-11,-29],[-13,-23],[-11,-40],[-5,-10],[-26,-32],[-7,6],[-5,17],[-5,7],[-8,23],[-9,30],[-10,19],[-2,-1],[-12,-18],[-6,3],[-14,35],[-1,22],[-2,11],[-3,10],[-10,22],[-16,35],[-4,24],[8,17],[-1,22],[-12,22],[-5,16],[-5,33],[-12,-16],[-7,-1],[-14,10],[-12,24],[-8,8],[-20,-22],[-3,2],[-15,64],[-6,20],[-8,40],[-8,19],[-9,0],[-19,-17],[-11,9],[-1,19],[5,9],[3,18],[-8,19],[-7,1],[-16,-29],[-12,-3],[-5,7],[-3,20],[-10,14],[-5,1],[-14,-8],[-21,25],[-6,3],[1,-32],[-12,-104],[-5,-9],[-12,18],[-17,5],[-17,13],[-13,-14],[-16,-7],[-5,-15],[-18,-27],[-10,-20],[-23,-17],[-13,7],[-15,22],[-8,-15],[-22,17],[-13,31],[0,9]],[[165803,729155],[11,17],[16,40],[4,8],[50,122],[9,24],[30,91],[26,79],[28,87],[15,29],[46,89],[31,0],[56,57],[46,48],[6,-12],[-2,-18],[-31,-29],[-44,-50],[-23,-11],[-22,-96],[-9,-110],[15,-22],[19,-28],[10,4],[10,4],[3,-4],[20,-29],[3,-5],[15,-21],[16,-76],[17,-45],[35,-89],[14,-38],[13,-17],[18,-24],[28,-37],[22,-75],[12,-55],[13,-69],[2,-7],[11,-59],[19,-157],[-17,-17],[0,-123],[3,-26],[6,-39],[1,-5],[3,-25],[3,-22],[-11,-17],[-7,-37],[2,-3],[12,-22],[12,-23],[22,-92],[7,-31],[6,-22],[1,-4],[21,-52],[-2,-41],[22,-72],[12,-13],[4,-4],[4,-23],[23,-5],[8,14],[1,7],[1,15],[1,14],[-3,23],[-3,13],[-7,123],[-8,57],[-16,50],[-7,53],[10,36],[9,73],[-9,72],[-11,24],[-16,39],[-18,40],[0,63],[24,21],[30,54],[77,63],[16,5],[21,6],[52,16],[14,4],[2,-2],[2,-3],[18,-21],[26,-1],[5,0],[13,-3],[27,-7],[4,-16],[-10,-28],[-9,-40],[-12,-89],[-7,-97],[-1,-11],[-4,-44],[3,-26],[1,-9],[11,-34],[9,-27],[5,-16],[53,-48],[33,-50],[18,-13],[33,-24],[0,-11]],[[166874,728218],[-3,-5],[-3,-32],[-9,-13],[7,-27],[-1,-32],[-13,-86],[1,-17],[9,-26],[1,-29],[-4,-28],[3,-32],[-4,-77],[-6,-18],[-36,-75],[-16,-22],[-4,5],[-8,-26],[-9,38],[2,-29],[-1,-24],[4,-36],[-6,15],[-7,3],[-8,-7],[-2,-21],[-19,-2],[-7,-29],[0,-33],[-2,-23],[11,-27],[2,-16],[6,-11],[7,-41],[-7,-3],[-89,161],[-18,9],[-2,-104],[1,-168],[-6,-175],[2,-3]],[[166371,726135],[-354,0],[2,17],[9,19],[3,20],[15,20],[2,19],[8,15],[2,11],[14,13],[12,27],[0,10],[7,16],[0,31],[9,21],[11,13],[2,11],[6,1],[4,17],[6,7],[7,42],[4,11],[-1,26],[4,19],[-2,29],[10,21],[5,32],[-2,19],[14,35],[0,12],[9,32],[6,1],[6,26],[-3,18],[4,8],[-1,26],[2,27],[8,30],[-2,20],[3,40],[4,13],[1,30],[6,25],[-9,11],[-2,29],[-6,1],[-11,33],[-2,30],[-10,17],[-4,39],[-11,19],[4,21],[-4,15],[4,19],[-3,14],[8,11],[2,23],[-6,4],[-1,16],[-5,2],[1,31],[-1,28],[5,13],[-1,17],[-7,28],[-12,19],[-7,-20],[4,-42],[-3,-30],[4,-20],[-9,-22],[0,-22],[-5,16],[-7,-25],[-17,-7],[-4,-11],[-5,0],[2,-43],[-9,-8],[-9,13],[-4,-22],[-7,-5],[-3,-10],[-13,-22],[-11,5],[-6,-17],[-6,-3],[-5,-28],[-5,-6],[-11,-25],[-28,-22],[-7,0],[0,123],[4,7],[-1,525],[5,0],[0,33],[-2,-10],[-2,-11],[2,-9],[-3,-2],[-1,-16],[-10,-19],[0,-11],[-11,-16],[-5,-32],[-4,-8],[-1,-21],[-18,-67],[-12,-26],[-4,-23],[0,-8],[0,-88],[-14,-61],[-10,-3],[-5,5],[-10,1],[-9,9],[-7,-13],[-6,4],[-15,-4],[-13,-14],[-22,-16],[-14,9],[-5,-7],[-4,-18]],[[166258,710606],[-2,-6],[2,-12],[7,-9],[-4,-20],[9,-24],[7,-35],[-5,-27],[8,-49],[-1,-25],[7,-40],[3,-49],[5,-10],[-3,-18],[3,-18],[10,-27],[3,-22],[2,-28],[6,-31],[-3,-40],[2,-21],[6,-11],[4,-24],[8,-23],[5,-29],[18,-17],[23,-5],[13,5],[8,-43],[-10,-2],[-8,-20],[-16,-14],[-12,-22],[-29,0],[-2,-175],[3,-162],[0,-168]],[[166325,709385],[2,-174],[-65,7],[-25,0],[1,-16],[-2,-37],[5,-10],[-3,-15],[5,-53],[14,-4],[4,-12],[4,-30],[17,-17],[15,3],[13,-6],[15,7],[15,-18],[5,0],[5,-16],[9,-6],[7,-25],[-1,-9],[-9,-11],[4,-28],[-9,-18],[-8,-4],[-2,-16]],[[166341,708877],[-208,5],[-63,-16],[-15,-1]],[[166055,708865],[-49,-3],[-66,-13],[-129,5],[-66,-10],[-2,145],[-1,38],[-3,131],[-3,351],[1,11],[1,40],[-11,28],[-4,-7],[-11,9],[-19,-8],[-9,14],[-28,-10],[-9,-21],[1,-13],[-8,-14],[-7,0],[-4,-9],[-7,6],[-15,1],[-4,-13],[-3,55],[-6,5],[-4,25],[-8,8],[3,10],[7,-7],[7,19],[14,25],[-10,27],[-8,10],[0,13],[11,29],[-3,20],[7,15],[-6,12],[-13,44],[-11,12],[-6,-10],[-6,6],[-2,16],[3,26],[-10,14]],[[165559,709897],[-3,4],[2,41],[4,4],[8,-26],[4,2],[0,21],[-11,30],[3,13],[12,-14],[3,11],[-1,57],[-3,17],[7,26],[-6,16],[-9,10],[4,22],[10,19],[5,36],[0,28],[10,1],[6,27],[7,10],[4,17],[17,49],[9,11],[-2,15],[1,41],[-4,20],[-5,3],[-10,22],[-5,19],[1,7],[3,5],[3,2],[6,0],[2,26],[-9,15],[-14,7],[-5,-9],[1,-22],[0,-7],[-3,-5],[-9,0],[-5,-8],[-2,0],[-5,8],[-1,6],[0,7],[15,49],[1,7],[-3,12],[-15,6],[-3,15],[2,36],[2,5],[2,2],[1,5],[5,8],[-2,10],[-12,17],[-13,8],[-1,4],[2,13],[5,7],[1,21],[-12,17],[-5,21],[-7,8],[-2,19],[2,30],[-2,19],[-1,62],[1,0]],[[166031,720499],[-8,-51],[8,-23],[-1,-26],[-10,-21],[-22,-28],[-2,-41],[5,-23],[1,-7],[3,-44],[-5,-12],[-6,-52],[-2,-15],[11,-39],[3,-10],[29,-47],[17,-51],[28,-1],[11,-23],[1,-19],[13,-4],[12,23],[3,9]],[[166120,719994],[2,-14],[11,-29],[-7,-31],[0,-26],[-8,-35],[-7,-17],[-8,5],[-9,16],[-4,1],[-13,-13],[-7,-25],[-1,-25],[-9,-18],[-8,-45],[-5,-14],[-1,-32],[7,-13],[-4,-41],[-9,2],[-14,-32],[0,-7],[-19,-28],[-13,-10],[-12,-19],[28,-1],[0,-21],[4,14],[4,-9],[5,3],[3,-1],[3,2],[4,6],[5,4],[5,2],[39,-1],[10,-26],[1,-28],[-9,-34],[4,-73],[20,21],[0,-29],[0,-39],[70,-5],[-1,44],[53,0],[12,37],[0,72],[0,59],[-63,1],[3,26],[7,25],[9,84],[5,34],[6,0],[99,0],[0,170],[198,1]],[[166506,719882],[0,-169],[0,-123],[-21,-19],[-21,-13],[-10,-16],[-7,-13],[1,-9],[-9,-2],[1,-146],[-54,1],[-3,-11],[-3,-25],[-9,-55],[-5,-15],[36,-21],[12,-2],[26,33],[0,11],[15,0],[-2,8],[9,17],[8,42],[6,19],[7,12],[23,22],[-1,-34],[34,-5],[22,2],[2,-16],[22,-22],[11,-2],[3,16],[21,-1],[-9,-33],[33,17],[6,8],[10,32],[73,-111],[3,27],[6,25],[13,30],[23,28],[26,22],[30,17],[10,12],[27,45],[6,-2],[13,14],[9,20],[7,22],[5,24],[2,29],[-1,28],[32,0]],[[166944,719600],[9,-55],[11,-23],[-4,-36],[-11,-26],[-12,-13],[-4,-49],[-9,-47],[-11,-28],[-18,-32],[-9,-40],[3,-43],[20,-13],[2,-23],[-6,-52],[-2,-59],[-6,-47],[-2,-60],[-6,-32],[8,-30],[13,38],[12,13],[-13,-81],[-3,-49],[11,-32],[15,-16],[5,-29],[-4,-53],[8,-28],[4,-38],[16,-32],[4,-49],[11,-28],[10,-40],[-1,-37],[-9,-74],[-10,-30],[-4,-63],[-7,-22],[-1,-39],[-5,-36],[-22,-113],[-16,-44],[15,-31]],[[166926,717979],[-1,-2],[-19,-26],[-17,-42],[-3,-8],[-18,-25],[-9,-7],[-24,-5],[-16,-2],[-8,-7],[-25,4]],[[166786,717859],[-12,86],[-6,46],[-1,28],[-4,27],[-1,28],[-22,17],[-12,24],[-24,6],[-15,23],[-4,17],[2,45],[-2,26],[-3,10],[-8,-5],[-15,-23],[-8,-27],[-1,-18],[1,-30],[-1,-42],[-5,-47],[-7,-21],[-5,-23],[-26,-66],[-24,-34],[-21,-16],[-27,-15],[-20,-26],[-14,-20],[-21,-43],[-10,-27],[-9,-30],[-6,-36],[-7,-111],[-9,-116],[-3,-19],[-15,-48],[-18,-27],[-22,-9],[-18,9],[-25,3],[-23,-9],[-10,-9],[-6,-5],[-18,-35],[-22,-56],[-4,-21],[0,-159],[0,-2],[0,-15],[-18,14],[-14,21],[-17,34],[-7,-12],[10,-105],[-20,1],[-261,-10],[-67,7]],[[165222,718800],[-10,49],[-32,88],[6,26],[24,65],[6,24],[0,24],[5,47],[7,6],[9,19],[12,10],[8,17],[16,36],[3,40],[16,6],[10,14],[15,6],[3,6],[-1,34],[-3,10],[2,23],[4,23],[-6,-1],[0,158],[3,163],[1,351],[131,-6]],[[167542,715298],[18,86],[0,252],[33,0],[0,59],[0,27],[-5,0],[0,42],[-27,179],[-13,32],[72,0],[11,-6],[2,5]],[[167633,715974],[-1,-66],[-2,-26],[-16,-58],[-5,-27],[-1,-20],[3,-23],[7,-17],[19,-49],[6,-6],[27,-8],[21,-35],[4,50],[-3,38],[1,22],[21,-1],[10,-5],[8,-18],[8,-7],[18,0],[17,3],[6,15],[3,19],[5,4],[4,-8],[8,-32],[3,-29],[-5,-13],[-24,12],[-7,-11],[-3,-23],[2,-20],[7,-10],[14,29],[16,-17],[7,-31],[22,28],[2,-3],[2,-2],[5,-23],[-6,-12],[-15,-10],[-6,-17],[0,-33],[6,-51],[3,-49],[6,-24],[2,-39],[0,-52],[6,-36],[2,-11]],[[167850,715245],[11,-18],[20,-14],[12,1],[11,-16],[22,-25],[10,-8],[15,-19],[2,-17],[5,-40],[6,-26],[9,-26],[6,-4],[12,4],[10,-3],[17,-23],[5,-13],[21,-40],[12,-47],[-6,-13],[-4,-51],[0,-26],[4,-38],[5,-16],[5,-41],[5,-10],[0,-36],[-3,-31],[-5,-27],[8,2],[10,-15],[-3,-23],[-6,-10],[-2,-12],[-1,-41],[1,-34],[2,-16],[13,-4],[7,14],[15,-24],[13,-8],[0,-24],[5,-16],[7,6],[10,39],[5,2],[26,-28],[-3,-28],[1,-24],[10,-28],[12,-48],[9,9],[-3,22],[5,13],[7,-3],[6,-18],[1,-18],[4,-7],[8,-1],[23,-28],[18,9]],[[168265,714280],[9,-17],[7,-5],[8,0],[6,-11],[-2,-21],[3,-10],[11,-1],[5,11],[11,-6],[-5,-24],[4,-12],[7,0],[13,18],[23,15],[11,4],[7,-5],[1,-14],[8,-22],[2,-15],[6,-11],[14,-7],[11,51],[6,17],[6,3],[7,-20],[15,-24],[2,14],[9,5],[9,-39],[5,-11],[12,-6],[7,-12],[9,-6],[8,1],[19,11],[13,48],[11,15],[9,11],[6,-22],[0,-12],[-8,-12],[-4,-17],[15,-34],[2,-19],[-5,-26],[2,-19],[11,-18],[9,-7],[9,10],[17,7],[14,-8],[6,-12],[3,-29],[-4,-33],[-1,-25],[1,-63],[4,-48],[0,-28],[-11,-28],[-5,-41],[-7,-23],[-3,-31],[-4,-26],[3,-32],[5,-19],[4,-28],[11,-2],[5,-6],[9,-30],[12,-4],[4,-14],[7,-45],[14,-27],[4,-16],[5,-32],[3,-5],[12,30],[3,2],[6,-17],[26,-95],[11,-16],[11,-3],[3,9],[-2,33],[4,29],[4,10],[8,6],[17,-13],[5,2],[6,39],[23,10],[7,-7],[7,-28],[7,5],[10,-12],[3,-29],[9,-12],[12,15],[9,-3],[6,-14],[6,1],[7,13],[8,4],[5,-14],[5,-40],[14,-20],[1,-9]],[[168958,713257],[-197,-1],[-156,0]],[[168605,713256],[-509,1]],[[168096,713257],[-17,0],[-1,-12],[-70,7]],[[168008,713252],[4,15],[8,44],[21,15],[12,-8],[10,21],[10,10],[18,6],[29,38],[12,32],[0,15],[5,5],[0,33],[-4,16],[1,12],[0,53],[5,44],[-6,-1],[-6,13],[-3,0],[-1,-12],[-3,-9],[-7,3],[-3,11],[-1,8],[3,9],[6,8],[-6,9],[-9,-9],[-1,3],[1,18],[-8,-6],[-16,19],[-9,20],[-8,33],[-7,6],[-2,-7],[-8,5],[3,21],[-10,9],[-9,25],[-5,-14],[-8,-4],[-7,17],[-2,15],[-6,-5],[-2,5],[-1,16],[-19,15],[-1,14],[-8,-10],[-3,7],[-3,34],[-10,20],[-1,17],[-7,31],[-3,3],[-64,-1],[1,140],[-14,-24],[-9,12],[1,-1],[-24,32],[-2,22],[-7,1],[-13,32],[-4,0],[-5,-21],[-7,3],[-9,17],[-5,22],[-11,-9],[-12,9],[-23,46],[-2,-6],[-15,-10],[-20,14],[-4,-12],[-10,8],[-22,4],[-10,15],[-16,15],[-1,0],[0,29],[-16,1],[0,84],[-33,1],[1,42],[-16,1],[0,42],[-8,1],[0,21],[-8,0],[0,65],[-1,3],[0,250],[30,-2],[4,8],[0,24],[-7,0],[-1,11],[8,0],[1,78],[-31,-11],[12,14],[8,16],[4,31],[6,1],[0,22],[5,15],[-7,6],[-6,0],[-20,-1],[-1,1],[0,36],[0,90],[-1,171],[-17,0]],[[167152,707229],[3,-13],[16,-17],[6,-4],[29,3],[12,3],[24,-35],[13,12],[10,-13],[7,-43]],[[171739,718250],[472,-3],[30,-3],[9,0],[3,14],[12,2],[8,8],[2,12],[15,-1],[4,11],[6,1],[12,-14],[-72,183],[-10,16],[-19,60],[-22,56],[23,9],[4,16],[15,-26],[36,-23],[14,-4],[19,-17],[41,-25],[0,98],[1,265]],[[168875,719123],[3,5],[8,8],[2,14],[4,12],[4,14],[4,4],[3,4],[7,17],[2,12],[3,7],[7,5],[4,0],[12,1],[5,3],[9,3],[13,19],[7,44],[3,7],[8,12],[9,18],[0,1],[0,11],[-2,0],[0,19],[0,23],[1,-1],[1,7],[0,92],[0,34],[-16,15],[-1,0],[-21,21],[-13,7],[1,4],[33,-11],[0,13],[-7,14],[1,15],[-4,14],[0,7],[-1,25],[-5,18],[-3,6],[-6,36],[-8,23],[-2,31],[2,8],[15,3],[2,31],[-1,22],[-2,7],[-5,11],[-8,2],[-7,2],[-5,26],[0,6],[-2,32],[0,6],[12,36],[-1,21],[1,14],[5,13],[1,3],[3,14],[0,16]],[[168950,720029],[2,0],[2,0],[6,13],[0,17],[0,55],[17,0],[32,-1],[8,-5],[8,0],[2,-16],[15,0],[32,0]],[[169074,720092],[1,-64],[33,1],[16,0],[12,0],[-8,-62],[-2,-17],[-5,-19],[-17,-32],[-7,-23],[-1,-10],[11,0],[-5,-35],[-2,-21],[-6,-18],[-6,-46],[3,-13],[11,12],[8,7],[16,-12],[17,-4],[8,1],[27,15],[11,14],[5,22],[3,36],[-5,41],[14,-1],[16,0],[57,-3],[4,1],[1,-33],[6,-29],[2,-26],[11,7],[-2,-87],[2,-1],[6,1],[5,0],[4,-6],[1,-100],[14,13],[1,4],[0,-6],[5,6],[9,30],[10,29],[5,20],[9,29],[5,6],[0,14],[-5,16],[5,15],[0,31],[4,28],[3,6],[7,3],[10,-10]],[[169401,719822],[1,-234],[0,-9],[0,-43],[23,0],[1,2],[12,46],[4,30],[9,-1],[0,-19],[17,-1],[0,-57],[1,-170],[3,0],[17,0],[30,1],[0,-10],[2,8],[2,2],[4,-1],[0,20],[0,21],[8,-1],[0,-39],[67,0],[-2,-78]],[[169231,718690],[1,3],[-2,4],[-2,4],[0,6],[0,7],[0,2],[0,4],[-14,-6],[-8,14],[-5,1],[-3,5]],[[169198,718734],[-1,18],[9,25],[2,20],[-2,14],[-2,9],[-5,7],[-2,1],[-5,5],[-4,7],[-5,14],[-2,4],[-10,10],[-3,30],[-7,3],[-2,44],[4,45],[-22,36],[0,0],[-1,0],[-66,0],[-27,0],[-38,-3],[-67,1],[0,-43],[20,1],[46,3],[0,-38],[-1,-4],[-1,1],[-7,-3],[0,-31],[0,-8],[-15,-2],[-2,-4],[0,-38],[-4,-1],[1,29],[-5,11],[-8,1],[-7,0],[-9,0],[-11,-15],[2,-8],[1,-34],[-32,1]],[[168910,718842],[0,10],[-14,1],[-3,13],[-6,-6],[0,4],[-5,32],[-2,10],[-1,39],[-2,14],[-1,0],[-1,67]],[[168875,719026],[1,0],[-1,97]],[[172233,719576],[0,-335],[10,-12],[11,-25],[24,-16],[3,-6],[8,-52],[5,-6],[7,-22],[8,-15],[9,-22],[5,-12],[5,-1],[4,4],[5,-3],[2,-6],[3,-7],[0,-155]],[[168958,713257],[9,-27],[18,15],[7,2]],[[168992,713247],[10,-28],[11,-19],[15,-14],[8,-21],[10,14],[10,-12],[9,2],[5,17],[7,6],[15,-12],[8,-31],[7,-4],[11,7],[12,-15],[6,16],[13,-1],[7,8],[3,-15],[8,-10],[6,4],[6,17],[9,3],[11,-22]],[[168672,711937],[-2,152],[3,172],[-2,291],[0,12],[-4,17],[1,27],[-3,22],[-7,-3],[-4,19],[-7,9],[-2,23],[-7,-3],[-10,23],[-3,14],[-1,11],[3,13],[0,23],[-3,28],[2,13],[-7,21],[-2,18],[-5,8],[-1,27],[-3,13],[0,18],[-2,11],[0,10],[5,-1],[2,32],[-4,23],[3,20],[-2,46],[7,25],[8,-6],[-2,23],[3,0],[-1,19],[4,20],[-4,41],[3,10],[-5,25],[-1,15],[-6,6],[-3,17],[-8,15]],[[166476,721762],[14,24],[7,23],[6,5],[17,24],[11,2],[10,12],[2,10],[1,32],[4,24],[2,32],[-1,47],[3,17],[9,18],[9,31],[3,42],[82,9],[19,3],[122,-8],[71,-4],[39,-2]],[[167105,721499],[0,-88],[1,-171],[-1,-28],[-2,-143],[1,-40],[0,-299]],[[167104,720730],[0,-166],[-1,-7],[1,-352]],[[167104,720205],[-10,1],[-5,-2],[-3,-8],[-1,10],[1,25],[0,28],[-6,33],[-5,15],[-6,2],[-3,13],[1,12],[-7,24],[0,7],[-2,36],[-3,27],[-1,29],[3,22],[7,19],[2,25],[0,23],[2,42],[-2,19],[0,23],[-2,13],[-5,14],[1,17],[-4,30],[-5,12],[-2,14],[1,11],[-4,9],[-1,1]],[[167045,720751],[2,16],[-2,3],[-6,4],[-5,0],[-2,28],[0,14],[-8,-2],[-7,21],[-4,1],[-11,-21],[-23,0],[-9,25],[-8,58],[-4,-16],[-2,-14],[-4,-96],[-12,-76],[-1,-19],[3,-30],[11,-68],[1,-12],[0,-44],[0,-4],[-1,-1],[-1,-4],[0,-1],[-1,0],[-2,0],[-1,0],[-21,-23],[-15,-9],[-8,-12]],[[166904,720469],[-12,-15],[-5,2],[-6,-13],[-16,-19],[-11,-3],[-18,-21],[-38,-36],[-22,-23],[-5,-5],[-9,-7],[-27,-31],[-10,-9],[-50,-50],[-10,-5],[-18,-23],[-94,-94],[-7,-11],[-18,-18],[-6,-3],[-16,-16]],[[166506,720069],[0,86],[0,77],[0,105],[22,41],[4,2],[17,20],[11,20],[11,10],[-4,7],[-5,-12],[-7,-9]],[[166555,720416],[5,6],[1,26],[9,12],[3,-4],[8,-14],[32,8],[33,45],[11,-7],[4,1],[4,1],[12,3],[5,10],[8,15],[19,36],[5,9],[23,7],[21,-8],[4,-1],[24,83],[1,0],[1,5],[38,128],[25,35],[15,4],[4,16],[3,7],[3,11],[6,39],[1,6],[14,50],[-14,17],[-3,-2],[-13,-15],[-11,12],[-4,4],[-14,5],[-5,2],[-19,-32],[-21,4],[-7,-21],[6,-39],[-8,-25],[-10,-7],[-6,-4],[-11,13],[-11,-9],[-26,-36],[-22,-28],[-12,-32],[-16,-28],[-8,-5],[-1,0],[-5,1],[-29,-18],[-3,-1],[-1,-6],[-3,-10],[-16,0],[-1,0],[-7,-35],[-1,-7],[-13,2],[-9,8],[-16,-10],[-17,-36],[-1,-24],[0,-13],[-5,-20],[-11,5],[-12,-21],[-36,-43],[-2,-2],[-2,-4],[-25,-46],[-8,-38],[-2,-34],[-9,-30],[-1,-14],[-2,-10],[-5,-43],[-7,-34],[-16,-28],[-40,-2],[-16,34],[-11,24],[-2,4],[-5,15]],[[166322,720283],[3,43],[6,45],[8,19],[4,0],[5,-6],[0,4],[9,-5],[12,27],[6,30],[3,-2],[4,30],[10,15],[3,-4],[9,8],[2,11],[14,15],[3,18],[0,24],[3,18],[4,-1],[8,22],[28,59],[0,28],[5,32],[-2,8],[4,34],[-1,18],[6,57],[4,18],[9,7],[6,15],[4,-5],[2,20],[3,-12],[7,5],[3,20],[11,-15],[11,6],[5,25],[5,-1],[8,-16],[9,11],[12,46],[5,-5],[5,11],[2,24],[4,-7],[9,-3],[0,23],[6,-4],[2,10],[10,17],[14,10],[5,12],[0,23],[-3,6],[1,32],[-6,7],[9,22],[16,8],[11,-4],[5,-14],[13,33],[10,2],[16,15],[19,-17],[23,-2],[11,109],[0,42],[2,22],[4,67],[3,19],[-3,32],[-6,10],[-3,16],[-8,10],[-1,11],[6,39],[0,60],[-4,22],[2,18],[-15,1],[-9,-29],[-2,-14],[-10,-9],[-8,9],[-7,-25],[-5,-1],[-5,-25],[-20,-47],[-7,-1],[-4,27],[0,31],[-10,45],[-7,-22],[-45,6],[-3,3],[-28,0],[8,14],[0,19],[5,34],[-6,18],[-5,-6],[-25,-52],[-7,8],[-12,-15],[1,25],[-8,19],[-16,9],[-27,-34],[-4,-22],[-10,-5],[-8,-20],[-11,-14],[-15,-27],[-4,10],[8,8],[10,21],[5,22],[7,4],[4,28],[13,-6],[9,8],[16,32],[7,4],[0,36],[6,32],[-9,22],[-17,3],[-10,8]],[[168134,711286],[-22,44],[-6,4],[-5,-10],[3,-23],[-2,-21],[-5,-2],[-3,21],[-6,14],[-12,-27],[-9,-9],[-9,8],[-5,-20],[1,-50],[-2,-13],[-33,-26],[-11,16],[-7,-46],[-18,-44],[-16,-31],[-4,-29],[-7,-32],[-20,-24],[-17,-58],[-2,-25],[1,-32],[7,-31],[-8,-18],[-47,-2],[0,-9],[-9,-14],[1,-31],[-4,-23],[-17,-44],[-7,-1],[-1,-10],[-7,-24],[0,39],[-20,1],[0,43],[9,40],[0,18],[4,39],[-6,15],[0,29],[13,38],[13,7],[8,-2],[24,47],[2,6],[-62,-1],[0,-84],[-66,0]],[[167745,710899],[1,138],[10,8],[15,6],[6,10],[17,11],[4,-2],[4,14],[8,5],[12,19],[2,9],[13,8],[5,32],[5,6],[7,17],[12,8],[9,18],[1,36],[35,151],[2,20],[10,-5],[-3,210],[-14,3],[-1,204],[-144,22],[2,16],[13,15],[4,43],[14,28],[9,28],[8,14],[2,18],[22,44],[4,14],[9,13],[7,18],[15,5],[14,18],[13,27],[8,31],[4,34],[9,12],[7,41],[11,21],[8,5],[5,20],[16,0],[16,-9],[-5,10],[-6,38],[-5,14],[-2,20],[-6,13],[5,43],[-5,7],[-1,39],[3,10],[11,6],[-8,17],[-2,15],[15,-5],[5,3],[8,20],[4,1],[8,33],[12,13],[-2,-10],[29,39],[5,27],[15,17],[8,24],[-7,57],[12,1],[10,33],[-8,-19],[-2,19],[4,26],[10,16],[7,-5],[-10,19],[0,25],[3,21],[16,27],[-2,7],[-9,-4],[-9,5],[-1,2],[-2,17],[-7,11],[-1,34],[-6,-8],[-1,-13],[-6,5],[2,11],[0,28],[-2,19],[4,16],[7,0],[10,-13],[6,4],[6,27],[9,18],[-6,13],[-2,29],[3,14],[-4,-3],[-6,-28],[-6,-12],[-2,-2],[-2,13],[-1,24],[-4,10],[-2,19],[5,24],[-1,17],[6,20],[12,17],[6,19]],[[166394,713007],[11,4],[10,-49],[3,-26],[-11,11],[2,16],[-15,-16],[0,60]],[[167580,713259],[33,-5],[65,-8],[139,14],[191,-8]],[[167745,710899],[-34,1],[-1,-76],[-2,-6],[-6,-22],[-9,-12],[-11,-5],[-6,-18],[2,-29],[-30,-1],[-1,-52],[7,-14],[16,-70]],[[167670,710595],[-6,-6],[-4,29],[-14,31],[0,-43],[-31,-1],[0,42],[-16,-1]],[[167599,710646],[0,21],[-16,0],[-1,-20],[-16,-1],[0,-53],[-16,1],[0,-34],[-183,1],[-3,-12],[-1,-29],[24,0],[1,-63],[10,1],[0,-22],[20,1],[2,-42],[65,0],[0,-85]],[[167485,710310],[-7,-1],[-5,1],[-9,-36],[-2,-37],[-7,-60]],[[167455,710177],[-5,-39],[-7,-16],[-14,-23],[-31,-36],[-11,90],[0,119],[-9,-15],[-23,-5],[-5,-22],[-17,-20],[-11,-4],[0,18],[-19,1],[4,85],[0,84],[-15,1]],[[167292,710395],[0,169],[53,-2],[0,83],[-37,3],[-1,85],[-129,0],[0,127],[-49,0]],[[169329,720580],[3,25],[3,16],[4,0],[8,-1],[-1,15],[9,9],[1,18],[-9,-1],[0,43],[9,0],[0,21],[-9,0],[1,21],[4,0],[0,21],[-13,1],[1,104],[-6,33],[13,30],[-3,1],[4,2],[19,34],[23,58],[8,20],[0,30],[-25,1],[0,41],[-16,1],[0,50],[-12,1],[3,34],[1,37],[6,0],[-3,52],[3,3],[-6,18],[25,1]],[[169374,721319],[0,-70],[16,-2],[0,-41],[16,-1],[1,170],[0,169]],[[169407,721544],[0,41],[50,0],[2,-74],[12,-1],[0,-108],[3,-25],[16,-2],[0,-23],[11,0],[0,-16],[-12,-49],[17,0],[1,-33],[5,13],[13,0],[0,21],[48,-2],[0,-43],[9,0],[-1,-42],[24,-1],[0,-83],[12,-2],[6,-36],[10,-25],[-9,-24],[1,0],[23,-1],[4,-19],[19,-8]],[[169671,721002],[4,9],[6,-15],[5,-27],[29,-18],[5,2],[17,43],[8,5],[23,-17],[12,-21],[11,-10],[10,-4],[7,9],[-3,25],[-5,15],[-11,21],[8,6],[-2,17],[-13,42],[2,38],[-3,29],[-10,35],[0,20],[-7,21],[-3,18],[-4,-24],[0,-14],[-8,-8],[-10,-1],[0,128]],[[169739,721326],[2,22],[2,10],[8,33],[11,24],[22,36],[7,6],[9,2],[19,-6],[7,4],[7,13],[15,35],[10,15],[10,14],[3,3],[1,0],[30,12],[9,12],[12,37],[8,52],[2,38],[13,220]],[[170042,720584],[-8,-23],[-24,-8],[-11,-17],[-12,-17],[-4,-3],[-6,0],[-2,3],[-6,8],[-3,11],[-3,17],[-8,-3],[-11,16],[-28,-5],[-10,-15],[-1,-10],[-2,-39],[1,-18],[-5,-15],[-9,-8],[-10,17],[-7,3],[-13,26],[-19,35],[-5,24],[-1,21],[-6,18],[-10,4],[-13,-19],[-23,-1],[-6,8],[-14,3],[-9,9],[-22,8],[-4,-2],[-10,-15],[-5,-18],[6,-27],[-1,-23],[13,-47],[-2,-9],[-10,0],[-5,-10],[5,-25],[-5,-18],[-11,-28],[-18,-14],[-9,14],[-22,20],[-11,20],[-5,15],[-3,23],[-5,12],[-8,-12],[-12,-8],[-5,16],[7,30],[-2,14],[-7,-7],[-7,-3],[-9,-9],[-5,-5],[-2,-4],[0,-9],[-14,-43],[4,0],[4,3],[-20,-26],[-6,-1],[-14,21],[-13,0],[0,-31],[9,-20],[7,3],[0,-25],[0,-83],[0,-27],[0,-14],[0,-44],[6,0],[58,2],[2,0],[0,-62],[0,-40],[0,-9],[-42,-47],[-6,-2],[-7,1],[-11,11],[0,-23],[-7,0],[0,-19],[1,-11]],[[169531,719999],[-5,2],[-6,28],[-1,0],[-7,0],[-8,0],[-33,0],[-15,0],[-2,1],[-33,0]],[[169421,720030],[0,13],[1,36],[-1,1],[-16,14],[0,2],[0,2],[-1,18],[-3,9],[0,31],[-17,0],[0,42],[21,0],[0,78],[-1,17],[-2,2],[-8,-23],[0,24],[0,73],[-23,0],[0,42],[-6,0],[-27,-1],[0,15],[0,87],[0,24],[-16,0],[5,35],[2,9]],[[168467,723238],[7,0],[6,0]],[[168480,723238],[2,0],[4,0],[4,0],[1,-10],[3,10],[4,0],[3,0],[5,0],[11,0],[1,0],[2,-7],[2,7],[0,0],[12,0],[4,-1],[4,0],[4,0],[5,0],[4,0]],[[168515,723135],[-1,1],[0,1],[-8,15],[0,1],[-8,14],[-3,6],[0,0],[0,2],[-1,2],[-1,1],[0,0],[-5,11],[-4,8],[-12,29],[-5,12]],[[168265,714280],[9,-3],[2,83],[-1,176],[2,11],[-1,30],[0,35],[33,0],[0,80],[-14,4],[8,34],[3,3],[-1,18],[7,18],[14,2],[15,16],[7,3],[8,13],[9,4],[7,13],[16,12],[9,14],[15,26],[9,23],[2,19],[-3,2],[-4,-15],[-4,16],[-8,14],[-1,38],[1,112],[2,8],[0,110],[-3,12],[8,16],[3,21],[0,36],[-17,1],[0,20],[-7,1],[-4,45],[1,20],[-8,16],[0,22],[6,-1],[-1,19],[4,6],[-1,18],[-5,5],[5,57],[-18,3],[-6,-26],[-4,-69],[-10,4],[-1,155]],[[168348,715580],[43,42],[33,79],[9,6],[28,0],[0,27],[17,3],[0,-30],[78,-1],[5,-2],[8,-1],[3,46],[10,0],[0,9],[17,0],[0,12],[10,0],[0,-11],[22,-2],[1,-51],[19,-1],[5,20],[8,11],[0,-116],[0,-3],[-8,1],[1,-41],[-7,-21],[4,-18],[-4,-13],[16,0],[-1,38],[59,2],[0,-5],[52,-4],[4,12],[3,-17],[14,10],[1,-5],[0,-20],[1,-52],[57,0]],[[169267,715597],[15,-6],[17,7],[13,-29],[0,-14],[8,-33],[-1,-17],[4,-5],[15,9],[10,17],[12,-7],[5,-24],[9,-14],[2,-17],[7,-18],[5,-41],[-3,-23],[7,-18],[1,-15],[-2,-48],[4,-12],[1,-35],[3,-20],[7,-6],[0,-29],[10,-40],[-1,-20],[6,-31],[-2,-11],[4,-29],[12,-23],[2,-24],[7,-19],[7,-10],[13,-44],[2,-26],[12,-12],[3,-23],[8,-14],[5,-21],[12,-20],[3,-18],[7,-1],[12,-13],[4,-19],[17,-39],[7,-42],[6,2],[14,-40],[9,1],[3,-18],[11,-18],[4,-12],[36,-32],[7,-16],[9,-5],[5,-17],[10,-4],[5,-14],[16,-18],[8,-1],[8,-17],[4,-34],[4,-12],[7,-8],[10,-4],[10,1],[9,-6],[3,10],[9,-5],[3,-9],[9,0],[6,-10],[13,0],[4,-6],[8,1],[11,-25],[13,-14],[11,-3]],[[169194,713211],[-28,17],[-16,7],[-28,-2],[-99,44],[-4,0],[-27,-19],[0,-11]],[[168776,715454],[7,-1],[15,36],[-1,39],[-5,-26],[-3,-6],[-1,-9],[-5,-12],[-5,-10],[-2,-11]],[[167108,728062],[16,0],[0,-30],[8,10],[10,-11],[16,-1],[0,-19],[10,-1],[0,7],[16,-6],[3,-12],[5,-26],[6,-40],[-6,-16],[1,-23],[-9,-32],[2,-36],[13,-1],[6,-6],[23,-34],[7,-15],[11,-42],[20,-97],[18,-109],[2,-19],[21,-2]],[[167307,727501],[0,-318],[-1,-21],[-16,2],[1,-16],[3,-18],[-1,-10],[-8,-7],[-6,-9],[-6,0],[0,-281],[33,1],[-1,-338],[0,-75]],[[167040,726823],[1,174],[-1,343],[0,169],[0,166],[33,2],[1,181],[0,113],[34,4],[0,87]],[[168970,722718],[4,3],[21,24],[4,9],[3,11],[3,13]],[[169005,722778],[30,10],[11,3],[1,0],[17,-2],[22,-4],[19,-3],[14,-2]],[[169119,722780],[34,-7]],[[169153,722773],[15,-3],[4,-2],[9,-8],[28,-37],[2,-3],[32,-43],[2,-2],[12,-17],[5,-7],[18,-39]],[[169280,722612],[1,-16],[-4,-50],[-1,-3],[0,-93],[0,-30],[0,-41],[-10,-2],[-2,25],[-3,0],[0,-23],[-1,3],[-1,2],[-3,0],[-3,-8],[-4,-3],[0,-12],[-2,-6],[1,-16],[1,-1],[1,-10],[2,-12],[-8,0],[-1,-41],[-13,1],[3,-19],[5,-10],[2,-16],[5,-7],[14,-3],[2,-13],[-8,-16],[-2,-35],[-9,-13],[-16,7],[-15,14],[-11,19]],[[169200,722184],[-11,63],[-5,16],[-18,60],[-40,39],[-4,12],[-10,0],[-16,1],[-4,10],[-14,0],[0,-18],[0,-12],[-4,-34]],[[169074,722321],[-13,1],[0,0],[-3,8],[-13,3],[-6,0],[-23,7],[-4,5],[-8,1],[0,0],[-8,3],[0,40],[-6,0],[-6,-1],[-3,4],[-2,0],[-18,0]],[[168377,718131],[89,1],[0,10],[6,0]],[[168472,718142],[6,-10],[2,0],[0,-63],[0,-22],[-7,14],[-9,-14],[0,-21],[14,-6],[0,-15],[0,0]],[[168478,718005],[-6,-31],[8,-23],[0,-33],[-6,1],[0,-12],[6,0],[0,-42],[0,-43],[0,-42],[-4,0],[-4,-111],[2,-16],[6,0],[0,-38],[-9,-4],[2,-39],[3,-25],[3,-1],[0,-62]],[[168479,717484],[0,-42],[0,-43],[-3,0],[0,-10],[-5,0],[0,-42],[0,-28],[2,-4],[6,0],[0,-63],[0,-24],[0,-17],[1,-11],[-14,-37],[3,-17],[3,-12],[4,-14],[5,-16]],[[168481,717104],[-4,-64],[-1,-77],[2,-72],[-27,4],[-22,2],[-15,3],[-2,6],[0,87],[-18,-47],[-6,15],[-9,-3],[0,22]],[[168379,716980],[0,0],[-1,73],[-4,36],[5,-1],[0,62],[2,0],[0,20],[-2,18],[1,67],[1,13],[0,136],[0,86],[0,20],[-15,22],[-4,0],[0,5],[-4,0],[-2,3],[0,32],[8,3],[2,24],[2,1],[-2,17],[7,-1],[0,31],[8,0],[0,11],[0,11],[-4,0],[-1,53],[4,22],[2,0],[0,9],[-4,0],[0,60],[4,0],[0,15],[-13,0],[0,28],[1,10],[12,0],[0,5],[-12,0],[1,43],[11,0],[0,36],[-10,1],[1,47],[5,0],[0,6],[4,0],[-1,42],[0,8],[-4,24],[-4,1],[0,31],[4,21]],[[168382,718755],[37,-54],[51,-74],[10,-17],[28,-55]],[[168508,718555],[-27,2],[0,-43],[-16,-1],[1,-25],[6,-16],[11,-36],[-5,-26],[-3,5],[-2,-72],[8,-40],[-1,-36],[0,-8],[0,-85],[-3,0],[-5,-8],[0,-24]],[[168377,718131],[-4,30],[4,13],[4,0],[-5,32],[-11,0],[0,52],[15,1],[-14,39],[-1,15],[4,29],[12,1],[0,28],[-17,9],[1,48],[0,54],[0,2],[0,24],[0,20],[0,60],[20,-6],[-3,20],[0,39],[-16,1],[3,16],[1,25],[8,0],[-8,11],[0,16],[0,11],[7,-8],[0,31],[5,11]],[[166519,708875],[107,0],[36,-1],[34,0],[1,0]],[[166697,708874],[713,-3]],[[167410,708871],[0,-66],[-4,-46],[7,-64],[9,-10],[7,-3],[-1,-23],[17,-48],[9,-16],[1,-22],[-23,-25],[-3,12],[-7,-6],[0,-39],[-21,-62],[-3,-10],[-1,-7],[-1,-39],[-5,-34],[-36,-1],[2,-142],[-4,-2],[-1,-13],[-3,-10],[-1,-14],[-6,6],[-4,19]],[[167338,708206],[-1,34],[4,24],[-5,13],[-9,36],[-9,2],[-9,22],[-5,21],[-11,9],[-7,-11],[-13,8],[-4,29],[1,31],[-4,27],[-7,12],[-4,33],[0,16],[5,19],[1,15],[-4,9],[-14,11],[-8,11],[-8,20],[-2,31],[5,39],[0,29],[-12,28],[-17,5],[-18,-44],[-12,-20],[-24,-65],[-2,-18],[-7,-21],[-14,2],[-10,-9],[4,-25],[-4,-24],[-16,-58],[-8,4],[-16,-5],[-15,-43],[-9,-15],[4,-22],[-1,-7],[-1,-6],[-6,-24],[-16,-29],[1,-77],[6,7],[3,21],[4,5],[11,-4],[10,22],[7,2],[23,-17],[8,-11],[12,-8],[10,-14],[-7,-12],[0,-34],[-16,6],[2,-49],[-8,0],[-8,-8],[-10,3],[-2,11],[-6,-2],[-6,-11],[0,-8],[0,-243],[1,-25],[7,-35],[-20,-14],[-14,1],[-6,-10],[-11,-34],[-6,-6],[-10,4],[-8,14],[-7,6],[-23,0],[0,-125],[19,-3],[4,49],[14,7],[31,20],[10,10],[13,3],[11,-13],[-3,-7],[-3,-36],[10,-98],[2,-40],[-3,-28],[4,-6],[7,10],[6,20],[7,81],[8,36],[16,24],[24,55],[6,5],[16,29],[10,1],[10,-6],[1,-2]],[[167187,707766],[1,-6],[6,-31],[2,-4],[6,-23],[11,-18],[2,-23],[-3,-24],[-4,-11],[-10,-11],[2,-37],[2,-7],[-3,-25],[1,-30],[5,-43],[8,-17],[9,5],[-2,-27],[-5,-12],[-5,-26],[3,-14],[16,-29],[0,-31],[-9,-4],[-11,9],[-10,-4],[-18,18],[-8,-4],[-11,18],[-4,3],[-2,-1],[4,-46],[16,-43],[4,-20],[-22,-25],[-6,6]],[[168565,725093],[8,1]],[[168573,725094],[8,0],[22,-1],[13,0],[16,-1],[12,0],[4,0],[0,0],[17,-1],[17,0],[6,-1]],[[168688,725090],[6,0],[4,0],[8,0],[33,-2],[8,-1]],[[168747,725087],[3,-12],[2,-24],[0,-12],[-1,-32],[3,-14],[4,-6],[-9,1],[0,-27],[0,-42],[3,-18],[-3,0],[0,-21],[-1,-30],[3,5],[2,2],[1,0],[3,-24],[-1,-2],[0,-5],[4,-30],[-8,-28],[-5,-16],[-9,-39],[-1,-6],[-4,-40],[-1,-16],[5,-70]],[[168737,724581],[-32,1],[-6,-1],[-10,0],[-8,1],[-13,0],[-8,0],[-9,1],[-13,0],[-3,0],[0,-4],[-1,1],[-1,0],[0,-2],[-1,0],[0,2],[0,1],[-1,0],[0,2],[-5,1],[-8,0],[-8,0],[-17,1],[-9,0],[-3,0],[-13,1]],[[168568,724586],[-2,4],[2,11],[-1,52],[-2,18],[3,0],[-3,27],[3,57],[-4,45],[1,30],[2,17],[4,15],[-5,0],[0,11],[0,10],[-2,0],[0,6],[-1,0],[0,8],[0,8],[1,0],[0,10],[-2,0],[0,2],[4,0],[0,9],[-1,84],[0,83]],[[168888,732961],[-18,7],[-9,41],[-3,4],[1,22],[2,14],[-5,-29],[-10,0],[0,29],[4,0],[0,22],[7,-3],[4,10],[0,21],[-7,47]],[[170901,727448],[23,1],[2,-3],[19,-62],[13,-17],[12,-31],[3,-15],[5,-8],[8,-2],[5,-12],[10,-14],[6,0],[12,-16],[1,-16],[15,-32],[8,-12],[5,-18],[10,-19],[2,-11],[-1,-26],[5,-7],[6,-22],[219,3],[-1,170],[5,-1],[197,0],[85,0],[78,0],[9,1],[53,-1],[4,-15],[0,-30],[3,-29],[4,-13],[1,-33],[-10,-36],[1,-38],[-3,-56],[2,-39],[2,-11],[-4,-56],[2,-9],[3,-65],[3,-7],[-2,-56],[2,-21],[4,-18],[5,-6],[2,-25],[-4,-14],[0,-25],[-7,-13],[3,-16],[-2,-18],[-14,-46],[-4,-32],[-6,-21],[-4,-31],[2,-19],[-7,-16],[-7,-3],[-1,-16],[-5,-23],[2,-18],[-5,-14],[-13,-13],[-16,8],[-9,-14]],[[171637,726371],[-7,4],[-6,13],[-13,-14],[-5,5],[-8,-13],[-13,1],[-11,12],[-14,3],[-13,17],[-7,-6],[-8,18],[-3,-3],[-7,15],[-8,-4],[-17,20],[-15,-4],[-9,27],[-13,10],[-19,4],[-15,22],[-11,-20],[-8,-1],[-14,16],[-13,-8],[-6,11],[-9,1],[-9,-10],[-16,2],[-4,-5],[-4,-42],[-13,-18],[2,-7],[-12,-18],[-9,-13],[-3,-24],[-9,-3],[-3,-18],[-12,-23],[-6,-35],[-7,-21],[-13,-19],[-13,-47],[-10,-30],[-15,-7],[-10,-21],[-23,-33],[2,-12],[-12,-3],[-9,-27],[-24,-54],[-6,-51],[-1,-51],[-5,-40],[-2,-32],[-7,3],[-6,26],[-5,69],[8,31],[9,16],[7,30],[10,12],[6,27],[-6,-24],[-12,-18],[-6,-28],[-12,-22],[-5,-23],[3,-33],[-6,-20],[-8,-6],[-7,7],[-14,34],[-19,19],[-6,0],[0,-17],[13,-60],[2,-15],[-4,-29],[-6,-25],[-8,-6],[-6,-24],[-26,-39],[-6,14],[-10,8],[-16,33],[4,-29],[-17,38],[-24,-38],[-3,-13],[-12,-9],[-4,3],[-17,-8],[-4,-10],[-12,-56],[-8,-19],[-2,-20],[5,-19],[3,-29],[-5,-26],[-5,6],[0,-24],[20,-20],[8,10],[8,4],[8,-5],[6,-25],[-14,-4],[11,-39],[5,-3],[4,-20],[-2,-19],[5,-5],[5,-3],[13,6],[-1,8],[15,14],[5,-21],[11,-16],[1,17],[10,14],[10,2],[9,-7],[24,-30],[12,3],[23,14],[13,-10],[4,-10],[3,-42],[8,-64],[42,-87],[9,-51],[11,-36]],[[171161,725097],[-23,-1],[-126,0],[-136,-9],[-190,0],[-65,2]],[[167104,735637],[-73,-3],[0,-168],[-41,-2],[3,-23],[-2,-13],[8,-68],[6,-4],[-9,-6],[6,-7],[8,3],[-7,-24],[5,-1],[14,17],[-1,-11],[6,-1],[11,16],[1,-22],[5,-28],[-5,-15],[-19,-7],[-12,-15],[-17,2],[-12,8],[-12,2],[-9,-3],[-3,17],[-6,15],[-5,33],[1,-21],[6,-29],[4,-4],[8,-38],[-11,-2],[-1,-13],[-12,32],[-6,6],[0,-117],[11,-28],[1,-16],[19,-1],[0,-161],[1,-2]],[[166859,735086],[-10,-6],[-13,20],[-8,-2],[-12,-9],[0,-16],[-5,-13],[0,-27],[-4,-32],[-2,-32],[3,-39],[-1,-28],[2,-31],[-3,-62],[-2,-20],[2,-19],[-3,-27],[-13,-19],[-7,5],[-13,-18],[-5,1],[-12,-21],[-13,-7],[-12,6],[-4,18],[-15,-1],[1,49],[23,45],[1,20],[-4,11],[-11,9],[-2,17],[-2,-38],[-6,-30],[-10,-6],[-7,20],[1,23],[-11,22],[-4,49],[-3,7],[-16,-7],[4,31],[-5,39],[0,80],[-16,0],[-19,-11],[-1,17],[-2,5],[-13,1]],[[166837,713853],[2,21],[11,15],[17,39],[23,-7],[6,-12],[1,7],[17,0],[0,-126],[-1,-15],[-2,-16],[-4,-20],[4,-13],[6,0],[0,47],[5,43],[15,6],[1,-12],[21,-53],[6,-9],[0,-63],[4,0],[-1,-60]],[[166968,713625],[-4,3],[-16,-22],[-13,3],[0,34],[-12,0],[-3,-17],[-10,2],[4,-27],[-12,-1],[-5,-11],[-6,-13],[-2,-1],[-2,-1],[-10,-3],[-2,3],[-9,40],[-2,3],[5,8],[0,11],[0,49],[-9,0],[-7,1],[-16,-1],[0,168]],[[168539,723482],[2,3],[15,55],[4,14],[5,18],[9,31]],[[168574,723603],[1,5],[13,31],[7,-1],[13,-39],[8,-25],[3,-2]],[[168619,723572],[6,-1]],[[168625,723571],[0,-6],[-1,-17],[0,-12],[0,-12],[-11,-1],[2,-39],[-6,24],[-4,4],[-3,6],[0,-20],[6,-15],[2,-15],[2,-1],[-2,-26],[-8,0],[-2,-43],[0,-42],[2,-3],[10,0],[0,-18],[-2,-4],[1,-5],[-1,-22],[2,0],[0,-6],[-1,0],[0,3],[-1,0],[0,-3],[0,-3],[0,-15],[0,-3],[2,0],[0,-3],[-2,1],[0,-5],[0,-2],[1,0],[0,-6],[0,-5],[2,0],[0,-3],[0,-4],[-4,-10]],[[168609,723240],[-4,0],[-4,2],[-3,3],[-5,-5],[-6,0],[-2,5],[0,-3],[-2,9],[-4,-9],[-1,-5],[-3,0],[-4,0]],[[168569,723237],[0,13],[0,8],[0,33],[0,13],[0,9],[-2,3],[0,42],[10,40],[-6,2],[-22,50],[-10,0],[-1,15],[1,17]],[[166048,712780],[6,149],[64,3],[0,273],[7,-13],[0,-15],[10,4],[4,24],[7,13],[9,1],[-1,14],[8,16],[3,-14],[11,-14],[7,2],[0,24],[-4,24],[2,27],[8,31],[-5,18],[0,48],[32,1],[1,41],[16,0],[1,42],[48,2],[0,53],[1,18],[12,35],[-17,-2],[-11,19],[-28,24],[-4,11],[-10,0],[-7,13],[6,-7],[7,8],[22,-12],[14,-21],[8,-26],[21,-1],[8,-7],[11,-20],[5,-3],[7,34],[7,12],[13,3],[15,-13],[3,-7],[8,11],[8,1],[8,-8],[-1,39],[6,0],[2,-1],[1,21],[21,0],[0,21],[20,0],[5,5],[7,-26],[2,0],[-1,-16],[3,-26],[2,0],[87,-3],[0,-169],[17,-6],[6,-49],[6,-8],[4,8],[0,221],[130,-3],[1,146],[4,9],[21,0],[2,7]],[[166734,713766],[3,-4],[2,8],[33,1],[0,83],[65,-1]],[[166968,713625],[2,-4],[7,-14],[2,-5],[4,-15],[2,-29],[3,-14],[16,-20],[20,-37],[0,-54],[7,-38],[18,7],[9,-1],[10,-21],[5,-3],[18,-25],[13,0],[7,-7],[10,8],[17,-12],[6,-8],[11,-1],[10,-12],[-22,-57],[21,2],[66,-1],[190,0]],[[169074,722321],[-1,-13],[-5,-9],[6,-5],[1,-6],[-8,0],[-1,-4],[0,-15],[5,0],[0,8],[5,-1],[0,-3],[2,0],[1,-15],[5,-60],[-5,-20],[-1,-6],[7,-38],[-2,-3],[-5,-5],[-7,-20],[-2,-1],[-24,42],[5,-62],[4,14],[8,-4],[15,-20],[1,-6],[0,-22],[-17,0],[0,-15],[16,-1],[0,-79],[0,-16],[0,-5],[-12,1],[0,-4],[8,-13],[3,0],[1,-6],[0,-9],[0,-32],[0,-21],[1,-18],[0,-3],[0,-21],[0,-12],[0,-3],[-2,0],[0,-4],[2,0],[0,-7],[-1,0],[0,-13],[1,0],[0,-3],[0,-6],[1,-36],[0,-42],[-9,0],[0,11],[-8,0],[0,-11],[0,0],[0,-46],[1,-2],[-1,-15],[0,-22]],[[169062,721594],[-12,0],[-5,1],[-16,1],[-1,-5]],[[169028,721591],[-13,-6],[-3,3],[-11,18],[-23,63],[6,24],[3,14],[4,33],[0,3],[2,17],[-1,20],[-9,58],[-6,48],[-8,-9],[-8,-23],[-2,-4],[-6,-7],[-5,-15],[-2,-13],[-2,-53],[0,-26],[-5,-48],[0,-1],[-4,14],[-18,160]],[[168917,721861],[-10,106],[-2,20],[-16,117]],[[167405,716858],[12,17],[36,51],[41,45],[1,9],[-1,50],[0,43],[16,-2],[1,53],[0,33],[16,-1],[0,-42],[7,-1],[49,0],[0,-66],[0,-5],[30,25],[21,20],[20,12],[-1,13],[-4,5],[6,26],[1,6],[2,13],[0,123],[0,38],[-2,18],[-4,20],[-1,7],[-1,1],[-26,1],[-8,10],[-4,87],[-18,9],[-1,19],[0,103]],[[167593,717598],[22,5],[2,7],[9,33],[16,27],[4,7],[13,69],[16,106],[0,4]],[[167675,717856],[2,0],[41,-1]],[[167718,717855],[0,-102],[0,-64],[-7,-26],[7,-17],[4,-10],[7,26],[11,-30],[3,8],[47,48],[35,36],[0,-21],[0,-55],[16,0],[-2,-21],[-8,-83],[-5,-46],[-7,-19]],[[167819,717479],[-3,0],[-9,-68],[-9,-62],[-12,-21],[22,1],[17,0],[1,0],[19,42],[16,32]],[[167861,717403],[13,31],[20,43],[10,17]],[[167904,717494],[1,-59],[8,0],[4,0],[0,-21],[79,2],[26,0],[15,0]],[[168037,717416],[-1,-32],[0,0],[-11,-277],[-4,-29],[-20,2],[-52,36],[-33,26],[-12,18],[-20,26],[-10,-35],[-1,-5],[-6,-41],[-20,-46],[-4,-3],[0,-65],[-12,0],[0,-16],[-1,-17],[-3,-38],[-2,-21],[0,-91],[-5,5],[-2,-6],[-1,1],[-21,-33],[-2,-3],[-18,-10],[-15,1],[-8,-80],[-3,-13],[-11,-16],[-50,-21],[-6,-8],[-2,-7],[-31,-169],[-2,-19],[3,-21],[-3,6],[-52,14],[-34,41],[-12,-5],[-3,4],[-4,2],[-9,6],[-6,0],[-12,35],[-28,14]],[[167488,716526],[-9,27],[-13,60],[-3,6],[-4,7],[-21,17],[11,48],[-5,7],[-14,22],[-1,23],[-16,17],[-4,9],[-1,7],[-1,8],[2,10],[5,7],[1,12],[-1,9],[-4,11],[-5,25]],[[168882,725083],[5,0],[9,0],[19,-1],[14,-1],[17,-1],[17,0],[16,0],[15,-1],[1,0],[14,0],[3,0],[48,-1],[2,0]],[[169062,725078],[1,-69],[8,0],[1,-17],[4,-24],[4,-19],[-8,1],[0,-42],[8,-1],[1,-20],[-1,-5],[-1,-14],[-2,-2],[-10,-7],[-21,6],[0,-11],[-4,3],[-12,5],[-2,-6],[0,-4],[1,-4],[2,1],[13,-14],[-2,-11],[1,0],[0,-4],[3,-1],[0,-15],[1,-6],[1,-7],[0,-2],[-1,-7],[-1,-41],[0,-22],[-1,-24],[-1,-74]],[[169044,724621],[-21,25],[-14,18],[0,2],[-1,22],[-1,-2],[-4,-12],[-8,-44],[-4,-17],[-8,-40],[-18,0],[-4,0],[-18,0],[-16,0],[-7,0],[-7,6],[-3,6]],[[168910,724585],[-13,54],[12,-1],[0,22],[0,21],[-1,23],[0,41],[-15,0],[0,32],[1,10],[9,4],[0,9],[1,2],[-14,3],[-10,12],[0,46],[0,51],[1,38],[-3,5],[3,8],[1,118]],[[167819,717479],[18,-47],[12,-19],[9,0],[3,-9],[0,-1]],[[167307,727501],[35,-2],[33,2]],[[167375,727501],[40,-124],[13,5],[40,-18],[1,0],[11,-40],[3,-10],[3,-41],[-6,-12],[-1,-16],[5,-14],[5,-1],[2,-19],[0,-4],[-10,-89],[-16,-83],[0,-7],[1,-44],[7,-38],[5,-57],[-1,-58],[-4,-60],[-12,2],[-13,12],[-8,-10],[-7,-9],[-6,-18],[-7,-9],[1,-9],[1,-6],[14,10],[15,-6],[3,-30],[17,-2],[17,15],[13,30],[5,21],[3,16],[14,54],[11,47],[5,10],[2,4],[7,-7],[0,-2],[6,-78],[8,-16],[7,-24],[-4,-27],[-5,-32],[2,-68],[-5,-59],[7,-33],[11,-19],[5,-17],[-1,-37],[11,-28],[1,-3],[20,-39],[28,-5],[30,8],[26,-33],[0,-2],[-23,-49],[-5,-63],[-10,-6],[-7,19],[-2,1],[-9,8],[-10,-55],[-7,-73],[-2,-7],[-7,-19],[-4,-10],[-37,-18],[-1,0],[-47,31],[-33,6],[-26,9],[-28,2],[3,-39],[14,-56],[9,-85],[11,-25],[2,-78],[-2,-11],[-4,-12],[-5,-49],[-4,-28],[-7,-30],[3,-2],[-20,-52],[-7,-10],[-9,-2],[-17,-21],[-11,-49],[-11,-25],[-6,-22],[-18,-52],[-19,-20],[-20,-12],[-13,9],[-1,1],[-21,-8],[-10,-51]],[[168672,725912],[4,1],[3,27],[1,2],[1,-14],[11,19],[3,2],[6,-9],[-1,-1],[-3,-26],[3,-1],[2,27],[3,0],[9,-1],[7,0],[7,0],[0,-29],[7,-12],[0,-27],[3,-62],[1,-12],[2,-16],[2,14],[5,-9],[0,8],[0,24],[9,32],[1,32],[16,24],[5,31],[9,0],[2,0],[9,-1],[8,0],[15,-2],[12,0],[5,0],[17,-2],[1,0]],[[168857,725931],[-1,-6],[-5,-1],[-3,-12],[0,-39],[-4,-9],[-1,0],[2,-17],[-14,1],[-8,-15],[1,-18],[4,6],[8,-2],[-1,-4],[-1,-18],[1,-4],[-1,-16],[1,-3],[3,-2],[1,12],[3,11],[0,4],[4,1],[9,-2],[-2,-5],[1,-19],[0,-13],[-4,-54],[0,-10],[0,-6],[0,-11],[-1,-15]],[[168849,725665],[-2,27],[-23,7],[-16,-16],[0,-25],[-6,-1],[-2,-3],[-7,29],[-18,41],[-2,5],[-8,-35],[-9,-25],[-3,-4],[2,23],[-8,-14],[0,9],[-20,0],[0,-16],[-13,0],[0,17],[0,0],[-2,0],[0,-6],[-2,0],[0,-5],[-9,0],[0,7],[-2,0],[0,4],[-1,0],[-17,0],[-8,0],[-9,1],[-17,0],[0,-6],[-11,6],[-6,0],[-33,2],[-17,1],[-21,1]],[[168559,725689],[0,7],[-2,12],[6,9],[4,21],[12,34],[1,20],[1,20],[3,20],[1,5],[5,18],[6,16],[1,6],[0,-1],[-34,2],[0,41],[9,0],[0,17],[1,-5],[8,-6],[0,15],[-1,21],[9,0],[0,22],[7,0],[3,0],[0,-6],[2,-6],[2,-5],[3,-6],[3,-3],[4,1],[9,0],[6,-10],[5,-9],[13,-19],[17,-1],[8,-13],[1,6]],[[168479,724200],[7,5],[16,0],[0,-6],[7,1],[2,1],[8,4],[0,-11],[8,0],[0,10],[7,0],[2,0],[12,0],[3,15],[1,6],[11,0],[0,-20],[1,0]],[[168564,724205],[2,-65],[0,-63],[1,-11],[2,-11],[3,-11],[-4,1],[1,-32],[1,-21],[-4,-7],[3,-3],[6,-14],[3,-16],[-2,-10],[-4,-6],[-2,-1],[0,-9],[-4,0],[0,-19],[4,0],[0,-9],[0,-18],[0,-15]],[[168570,723865],[0,-35],[0,-17],[0,-7],[-1,-9],[1,-17],[0,-2],[-1,-26],[1,0],[0,-3],[-1,0],[0,-8],[0,-1],[1,0],[0,-3],[0,-13],[0,-14],[1,-16],[0,-2],[-2,-23],[2,0],[0,-1],[-1,0],[0,-2],[-1,0],[0,-17],[2,0],[0,-2],[-6,-20],[-5,0],[0,-17],[11,31],[3,6],[0,-44]],[[168539,723482],[-1,1],[-6,19],[-8,26],[-12,38],[-1,1],[-4,6],[-4,6],[-5,9],[-9,16]],[[168489,723604],[0,6],[-10,19],[1,50],[-1,0],[0,3],[2,1],[0,10],[-2,0],[1,2],[0,2],[2,0],[0,18],[-2,0],[-2,24],[1,19],[0,1],[-1,4],[2,0],[0,17],[0,9],[0,6],[0,27],[1,0],[0,8],[2,0],[0,3],[0,3],[-1,0],[0,1],[-2,0],[2,4],[-3,24],[0,0],[0,22],[2,21]],[[168481,723908],[-2,18],[0,3],[0,3],[2,17],[-2,0],[-1,35],[0,26],[0,17],[0,51],[0,22],[2,0],[0,21],[0,42],[-1,0],[0,4],[-2,17],[3,0],[-1,16]],[[167851,718879],[12,-6],[7,25],[5,20],[-2,13],[-1,29],[3,28],[2,9]],[[167877,718997],[4,-11],[2,-2],[6,-31],[1,6],[24,20],[4,22],[5,2],[0,-23],[5,0],[4,0],[4,22],[4,0],[16,0],[0,-6],[1,-8],[24,-1],[7,-6],[0,20],[6,0],[1,0],[11,0],[-1,-18],[18,12]],[[168023,718995],[1,-50],[-2,-5],[0,-69],[4,-16],[-3,0]],[[168023,718855],[-2,9],[0,-9]],[[168021,718855],[-1,0],[-12,0],[-20,-1],[1,6],[-3,0],[-1,-5],[-3,3],[0,23],[7,0],[-1,57],[-16,0],[-16,-1],[0,-84],[-19,0],[-6,0],[-4,0],[-4,0],[-9,0],[-5,0],[-3,0],[-8,0],[-6,0],[-4,0],[-16,6],[0,-6],[-1,0],[-20,0],[0,26]],[[167177,723721],[4,12],[15,-1],[31,52],[11,-1],[3,6],[14,23],[0,5],[8,62],[15,108],[-5,73],[4,32],[0,2],[-4,108],[-8,86],[2,80],[0,29],[7,41]],[[167274,724438],[8,-2],[1,-20],[8,-3],[0,-13],[-7,-26],[-1,-16],[1,-16],[15,-95],[3,-21],[6,-109],[2,-47],[2,-10],[6,-20],[7,-35],[16,-39],[0,-46],[16,-2],[31,27],[14,4],[5,-1],[0,32],[0,13],[-1,4],[1,7],[0,41],[2,48],[8,1],[0,22],[0,19],[24,2],[0,65]],[[167441,724202],[19,1],[-6,-86],[3,0],[51,0],[0,35],[12,-1],[0,-34],[16,0],[-3,-18],[-10,-22],[1,-43],[33,0],[-4,-14],[-2,-2],[-8,14],[-8,-30],[-8,-5],[-3,-41],[-6,20],[-2,-6],[2,-20],[5,0],[0,-43],[8,0],[4,-42],[4,-1],[0,-50],[-1,-1],[0,-2],[0,-5],[0,-5],[1,-3],[0,0]],[[167539,723798],[0,-19],[-1,-84],[-8,0],[0,-22],[8,-1],[0,-55],[7,-7],[-3,0],[-37,0],[0,41],[-10,1],[0,-42],[-6,1],[-3,-1],[-6,-30],[3,-12],[-12,-10],[-10,41],[2,9],[-3,-6],[-2,-26],[-9,-75],[-3,-47],[0,-42]],[[167181,723699],[-3,18],[-1,4]],[[168318,723906],[10,0],[0,13],[3,-20],[12,1],[1,6],[0,-6],[9,0],[0,6],[8,-4],[0,2],[8,-1],[9,0],[0,1],[8,0],[0,3],[10,1],[7,-4],[0,4],[1,0],[15,0],[3,0],[6,-4],[1,4],[2,0],[5,-4],[7,4],[1,0],[0,-5],[7,1],[0,4],[2,0],[14,0],[2,0],[10,0],[2,0]],[[168489,723604],[-7,13]],[[168482,723617],[-12,22],[-1,1],[-16,32],[-4,7],[-14,17],[-14,18]],[[168421,723714],[-13,8],[-22,37],[-10,6],[-1,1],[-25,19],[-9,12],[-5,3],[-5,15],[-1,6],[-3,26],[-6,16],[-2,6]],[[168319,723869],[-1,37]],[[167392,731356],[18,-32],[8,2],[10,73],[5,22],[3,7],[9,0],[0,54],[1,8],[2,3],[31,-2],[0,148],[39,0],[4,6],[18,-68],[18,31],[56,8],[-12,38],[-7,41],[9,45],[0,15],[10,19],[25,0],[5,-12],[6,5],[22,-7],[0,67],[-8,-1],[0,12],[-18,3],[-7,-7],[-17,0],[-8,-7],[-50,0],[-1,7],[-16,79],[-1,84],[-19,-3],[-7,2]],[[167520,731996],[1,7],[5,58],[1,311],[10,12],[12,-9],[20,13],[19,31],[1,-1],[30,-14],[13,-14],[11,14],[3,-33],[6,-11],[13,37],[9,41],[23,51],[24,-19],[17,-50],[4,-98],[15,-26],[17,2],[-1,-25],[-2,-47],[0,-41],[6,-31],[0,-33],[12,-60],[0,-38],[-8,-27],[-19,-73],[-18,-49],[-9,-15],[1,-17],[0,-5],[10,-13],[27,-14],[61,-60],[23,-36],[21,-35],[8,-26],[13,-45],[28,-44],[14,-42],[12,-41],[15,-24],[20,-31],[6,-24],[23,-97],[6,-113],[-4,-31],[-15,-48],[-27,-61],[-10,-33],[-26,-36],[-64,-11],[-12,-16],[-6,-9],[-4,-26],[3,-43],[-2,-15],[-6,12],[-2,48],[9,56],[-52,149],[-28,36],[-48,4],[-54,-44],[-5,-4],[-26,-61],[1,-2],[2,-35],[16,-33],[-2,-35],[-9,-21],[-2,-3],[-3,-76],[6,-21],[1,-2],[-23,-27],[-22,41],[-4,14],[-13,51],[-1,40],[8,1],[19,1],[0,2],[13,31],[-4,35],[-12,34],[-21,3],[-10,-27],[-5,-6],[-26,-31],[-4,-12],[-1,-4],[-11,-38],[-4,-13],[0,-7],[-2,-34],[0,-3],[5,-24],[4,-18],[24,-60],[-2,-67],[1,-91],[-18,-82],[-32,-45],[-25,-23],[-11,14],[-4,5],[-14,-4],[-11,-18],[-9,-1],[-35,-3],[-20,-13]],[[167384,730452],[-1,16],[-27,-25],[0,18],[14,27],[3,8],[1,11],[-6,24],[-12,-7],[0,34],[-31,2],[-4,65],[0,24],[-41,-2],[-6,0],[-31,1]],[[167243,730648],[11,74],[13,51],[30,116],[21,59],[6,39],[4,28],[1,15],[4,85],[14,123],[19,44],[13,30],[13,44]],[[169837,722363],[-28,2],[-8,-2],[13,-20],[3,-15],[2,-43],[-6,-17],[-13,-16],[0,-16],[-9,-5],[-3,27],[-5,0],[0,21],[-16,1],[0,84],[-34,1],[0,71]],[[169733,722436],[0,99],[67,-4],[0,-42],[37,0],[0,-126]],[[167485,710310],[14,-15],[7,-2],[15,6],[10,10],[18,0],[0,64],[32,2],[1,17],[27,0],[-1,85],[-10,0],[0,42],[19,1],[0,20],[5,2],[1,22],[-13,4],[-12,-6],[1,84]],[[167670,710595],[10,10],[1,41],[28,-3],[0,-78],[17,0],[0,-38],[15,-2],[-1,-39],[18,-35],[1,-141],[8,-35],[-2,-21],[6,4],[-6,-13],[-1,-19]],[[167764,710226],[-1,-11],[-25,9],[-19,39],[-14,1],[-3,9],[-13,13],[-5,16],[-5,2]],[[167679,710304],[-15,-20],[-9,-7],[-13,5],[-12,20],[-6,15],[0,14],[-9,20],[-8,26],[-4,-1],[-9,-14],[-4,-19],[2,-85],[-1,-17],[-7,-58],[6,-25],[-1,-10],[-3,-8],[-14,-10],[-25,24],[-6,0],[-13,16],[-22,51],[-13,62],[-8,14],[-12,-9],[-5,-35],[1,-22],[8,-20],[6,-25],[-2,-34],[-7,-23],[-3,26],[-16,22]],[[168747,725087],[13,0]],[[168760,725087],[4,0],[15,0],[24,0],[10,0],[1,0],[1,0],[11,-1],[6,0],[7,0],[10,-1],[16,-1],[17,-1]],[[168910,724585],[-1,-10],[-16,0],[-16,1],[-12,1],[-13,0],[-10,1],[-8,-16],[-7,-3],[4,-44],[-9,6],[-3,-13],[-7,4],[-1,-26],[-29,1],[1,9],[-43,2]],[[168740,724498],[-3,81],[0,2]],[[168145,719239],[12,-9],[19,-28],[13,-24],[19,-52],[11,-58],[2,-21],[0,-10],[-2,14],[-13,58],[-3,-3],[-1,-3],[-3,-4]],[[168199,719099],[-2,-4],[-8,-16],[-12,-23],[1,-12],[-9,-4],[-4,-8],[-13,-23],[-9,-7],[-4,0],[0,-1],[0,-8],[-3,0],[0,8]],[[168136,719001],[0,21],[0,30],[0,28],[5,7],[-5,6],[0,12],[1,0],[1,11],[-2,2],[0,24],[0,15],[1,-2],[-2,50],[-4,2]],[[168131,719207],[4,31],[5,0],[0,-11],[5,0],[0,12]],[[168871,720532],[7,0],[10,0],[32,2],[25,2],[16,0],[16,0],[16,0],[16,-1],[16,0],[0,-42],[0,-42],[6,0],[11,0],[16,0],[0,84],[8,0],[1,-5],[8,-12]],[[169075,720518],[0,-57],[0,-10],[0,-42],[0,-43],[0,-80],[0,-4],[0,-84],[-1,-72],[0,-8],[0,-5],[0,-21]],[[168950,720029],[-2,12],[-11,56],[2,19],[2,10],[0,18],[-1,4],[-2,4],[-3,-1],[-7,-1],[-1,0],[-50,-1]],[[168877,720149],[-2,23],[0,63],[0,104],[9,0],[-4,29],[0,34],[-3,-1],[0,28],[3,0],[0,3],[-7,9],[0,11],[-2,0],[0,22],[4,19],[-2,0],[0,18],[-2,0],[0,21]],[[167536,723026],[7,15],[-4,12],[0,52],[27,-4],[6,0],[33,0],[7,0],[1,0],[0,22],[9,-11],[16,0],[0,-10],[17,-1],[8,0],[16,1],[8,-1],[33,-2],[-1,-8],[11,8],[-5,-23],[-3,-27],[2,-1],[9,0]],[[167733,723048],[1,-13],[14,-35],[3,-22],[2,-19],[0,-1],[0,-1],[-11,-57],[-5,-21],[2,-24],[-14,-97],[-4,-22],[-2,-14],[-1,-5],[-12,-46],[-2,-9],[-9,-19],[-11,-2],[-11,39],[-12,7],[0,-1]],[[167661,722686],[-6,31],[-1,4],[-1,8],[-14,39],[-12,15],[-2,1],[-8,4],[-19,12],[-6,13]],[[169200,722184],[2,-35],[-4,-47],[-10,-27],[-13,-5],[-11,-26],[111,-1],[0,-182],[5,-8],[3,0],[-1,-12],[2,-1],[-9,-15],[0,-32],[14,0],[2,-41],[26,2],[-1,-12],[0,-6],[1,-3],[0,-3],[1,-2],[16,-16],[12,-51],[-3,-4],[1,-18],[2,-10],[28,0],[0,-43],[17,0],[0,-40],[16,-2]],[[169374,721319],[0,13],[-17,1],[1,103],[-1,23],[-15,1],[0,-16],[-16,43],[-19,-10],[-17,15],[-9,-12],[-14,-1],[-1,-6],[-5,7],[6,17],[-1,3],[-8,-2],[-7,-20],[-14,8],[-10,-9],[-11,5],[-5,6],[0,1],[-1,-7],[-16,8],[-6,1],[0,16],[-2,0],[-10,0],[-6,0],[-9,0],[-2,1],[-6,17],[-15,3],[0,-17],[5,-6],[-1,-30],[5,-3],[-1,-13],[-38,23],[-5,4],[-9,11],[0,1],[8,22],[10,4],[0,27],[-3,0],[-22,1],[0,26],[-8,1],[0,16],[-17,-1]],[[169671,721002],[1,26],[0,58],[0,18],[6,0],[6,3],[8,11],[6,16],[4,21],[4,39],[5,48],[27,73],[1,11]],[[168685,727128],[6,6],[35,47],[56,22],[34,12],[0,2],[26,51],[1,2],[10,20],[1,2],[18,51],[0,0]],[[168872,727343],[7,-45],[6,-15],[2,-25],[0,-44],[13,31],[7,1],[5,1],[1,18],[2,-1],[7,-5],[4,0],[8,0],[5,0],[4,1],[9,2],[13,11],[5,-1],[8,-3],[13,-16],[4,26],[2,15],[3,0],[2,-6],[9,-67],[-3,-30],[-14,-87],[0,-19],[11,-2]],[[169005,727083],[0,-9],[-1,-15]],[[169004,727059],[-7,3],[-5,11],[11,-36],[-26,-3],[1,-17],[1,-74],[1,-20],[8,-2],[5,-21],[0,-47],[4,-2],[0,-52],[0,-24],[-44,1],[-1,0],[-4,-26],[0,-8],[-6,14],[-1,-6],[-11,22],[-4,5],[-8,3],[-20,6],[-14,4],[-21,4]],[[168863,726794],[-8,1],[-1,-14],[-7,-5],[-5,0],[0,19],[-29,-1],[-26,-6],[-8,-4],[-1,-1],[-4,-2],[-4,-1],[-3,0],[-23,-1],[-20,0],[-9,17]],[[168715,726796],[2,30],[-12,6],[0,13],[-8,12],[-3,66],[2,38],[-6,44],[1,27],[5,0],[0,32],[16,4],[0,31],[-10,1],[0,20],[-3,-5],[-8,6],[-6,7]],[[168406,722915],[0,-6],[2,-8],[8,-26],[0,0],[0,-1],[3,-11],[2,-6],[0,-1],[3,-8],[4,-6],[12,-18],[5,21]],[[168445,722845],[-3,-36],[-10,-6],[1,-30],[4,-48],[1,-36],[0,-1],[0,-45],[14,9],[3,-34],[0,-8],[-3,0],[-3,0],[1,-48],[-7,-39],[7,-41],[-5,0],[0,-34],[0,-10],[9,0],[0,-41],[0,-77],[-11,7],[-2,6],[2,-21],[2,0],[6,-29],[-6,-14],[0,-21],[8,0],[0,-21],[-4,0],[0,-42],[-4,0],[-8,0],[0,-22],[4,0],[0,-21],[16,1],[0,-43],[-4,0],[0,-43],[-4,-14],[1,-24]],[[168450,722019],[-5,-4],[0,-17],[-8,0],[0,16],[-16,1],[-9,5],[0,-5],[-1,0],[-7,5]],[[168407,722525],[2,0],[0,1],[0,20],[0,21],[-4,1],[1,3],[-1,17],[1,0],[1,40],[-2,2],[2,0],[0,22],[-1,22],[1,11],[0,23],[-2,0],[0,3],[2,25],[0,22],[-1,40],[0,3],[-3,0],[3,22],[2,9],[-2,3],[1,32],[-2,10],[1,2],[-3,4],[2,4],[-2,3],[0,6],[-2,16],[5,3]],[[168032,717645],[13,0],[1,25],[1,17],[4,109],[21,43],[17,0]],[[168089,717839],[-1,-36],[-4,-7],[-21,0],[-5,-6],[-1,-56],[3,0],[0,-51],[4,-14],[1,-21],[13,-41],[-1,-33],[-8,0],[-1,-23],[15,-20],[4,10],[2,-7],[0,-75],[0,-14],[0,-29],[-11,4],[-1,36],[-21,-2],[0,33],[-19,0],[3,112],[-8,46]],[[168192,717728],[11,8],[5,8],[16,-1],[0,-16],[0,-9],[0,-25],[0,-16],[-8,0],[0,17],[-1,8],[-16,1],[-7,8],[0,17]],[[168884,720063],[-5,0],[0,32]],[[168879,720095],[0,9],[6,0],[0,-11],[5,-4],[0,-21],[-5,0],[-1,-5]],[[168715,720949],[0,5],[0,16],[12,32],[3,7],[3,-8],[2,3],[-7,-33],[0,-15],[33,-2],[4,3],[0,0],[-5,31],[6,34],[5,7],[10,1],[3,2],[2,4],[1,8],[0,8],[-2,7],[-2,3],[-10,18],[5,10],[4,-2],[6,-12],[3,-1],[2,4],[24,-1],[3,42],[7,28],[-1,21],[15,0]],[[168841,721169],[65,-1],[7,0]],[[168905,721040],[-3,-58],[1,-113],[0,-40],[-20,0],[1,-41],[12,-8],[1,-15],[-16,4],[0,-8],[10,0],[0,-17],[5,-8],[-9,0],[-2,-17],[-4,-1],[0,-49],[0,-13],[4,3],[10,1],[0,-43],[0,-6],[0,-5],[-1,-2],[-3,-11],[-2,-8],[-7,2],[-6,15],[-5,-21],[0,-34],[0,-15]],[[168877,720149],[-2,-1]],[[168875,720148],[-28,-1],[-14,0],[-19,0],[0,-76],[-29,0],[0,73],[1,3],[0,3],[-6,47],[-15,1],[0,-49],[0,-29],[-7,16],[-12,6],[-6,11],[1,17],[-17,5],[0,21],[-8,0],[0,-23],[-11,-6],[-3,-30],[-19,23],[4,35],[-5,0],[-8,1],[-6,0]],[[168668,720196],[-3,0],[-3,1],[-4,-11],[-10,6],[0,5],[-5,0],[-15,0]],[[168628,720197],[6,42],[12,84],[5,42],[4,25],[0,4],[-5,0],[0,13],[-17,1],[0,21],[0,20],[23,-1],[0,20],[6,0],[3,20],[2,16],[-5,27],[6,0],[2,29],[2,35],[-1,0],[0,2],[-2,0],[0,1],[4,0],[-7,2],[-5,15],[0,21],[6,-5],[6,-17],[5,-14],[2,-3],[3,-4],[2,-2],[-1,24],[1,0],[-1,27],[15,-4],[0,9],[12,11],[-4,42],[-8,0],[-11,-1],[6,15],[-1,18],[6,0],[0,52],[4,0],[4,-13],[4,4],[4,11],[1,38],[0,11],[1,1],[-1,2],[-1,5],[-2,17],[-1,9],[1,9],[2,23],[0,11],[0,37]],[[166506,719882],[0,187]],[[166904,720469],[0,-244],[62,-1],[-3,-35],[-6,-36],[-9,-51],[-32,-84],[8,-22],[12,-57],[14,16],[-6,-25],[52,-5],[0,-8],[11,-1],[0,-4],[10,8]],[[167017,719920],[2,-26],[24,-32],[3,-16],[-10,-89],[-27,-69],[-9,15],[1,20],[11,32],[-1,41],[-7,9],[-14,-12],[-6,-26],[-1,-38],[-9,-55],[-14,-30],[-21,-11],[5,-33]],[[166799,719789],[40,-1],[0,-41],[33,-1],[-1,43],[32,0],[0,193],[-19,-63],[-22,-23],[-13,-5],[-5,-6],[-15,-44],[-19,-39],[-11,-13]],[[167408,727892],[6,12],[-3,25],[-1,31],[-5,53],[-7,27],[2,35],[-9,38],[-9,4],[-14,47],[10,58],[-7,9],[-5,72],[-6,35],[-5,59],[3,36],[-1,36],[5,14],[-1,39],[-16,41],[-5,17],[-8,70],[6,40],[-1,24],[-11,-19],[-18,-46],[-11,-10]],[[167297,728639],[5,55],[5,22],[7,36],[11,17],[14,22],[22,33],[66,67],[20,-5],[9,-17],[-13,-44],[-4,-63],[1,-56],[5,-63],[17,-103],[-3,-68],[5,-46],[-1,-51],[6,-37],[-4,-76],[6,-74],[16,-77],[26,-54],[-10,-132],[6,-32],[-50,-101],[-12,0],[-19,72],[-3,3],[-5,8],[-12,16],[0,1]],[[168643,723574],[-18,-3]],[[168619,723572],[1,66],[-1,3],[1,26],[0,17],[0,35],[0,17],[4,0],[4,0],[4,0],[3,0],[2,0],[4,0],[2,-1],[7,1],[1,0],[0,0],[2,-38],[-10,-105],[0,-19]],[[168643,723574],[12,0],[44,2],[5,0],[25,-2],[3,0],[15,-1],[35,-1],[9,0]],[[168791,723572],[-7,-53],[-1,-27],[-1,-20],[-1,-19],[-2,-58],[-1,-31],[0,-8],[-3,-46],[-2,-42],[-3,-94]],[[168770,723174],[-50,38],[-6,1],[2,1],[-1,13],[0,21],[-2,14],[-3,7],[2,-27],[-1,-15],[-1,0],[0,0],[-5,4],[-3,4],[-3,5],[-6,0],[-1,-5],[-7,1],[-4,5],[-11,6],[0,-5],[-4,3],[-4,-3],[-8,0],[-4,0],[0,3],[-5,-13],[-6,5],[-4,0],[0,2],[-3,-2],[-2,0],[-4,0],[-4,0],[-4,0],[-5,3],[-4,0]],[[169241,728759],[-23,1],[-16,1]],[[168461,729126],[27,0],[12,-48],[81,1],[2,-1],[16,1],[50,1],[0,46],[20,0],[11,-1],[1,35],[4,8],[12,0],[-1,42],[16,47],[2,14],[1,-13],[5,-5],[3,-14],[4,-16],[2,3],[-3,8],[15,4],[7,23],[0,31],[17,1],[0,25]],[[169119,728760],[-6,1],[-11,3],[-6,1],[0,-9],[-6,1],[1,10],[-7,0],[0,2],[-2,-3],[-8,4],[-12,-51],[-10,-20],[-2,13],[-1,18],[-3,-46],[-5,-12],[1,31],[-14,7],[-6,32],[7,29],[-2,8],[-1,25],[-9,0],[0,-32],[1,-99],[0,-60],[0,-42],[0,-88],[-1,-80],[0,-110],[0,-31],[0,-2]],[[169017,728260],[0,-15],[0,-19],[-1,-117],[-1,-5],[-19,-13],[-2,-2],[-4,4],[-37,-24],[-15,0],[-33,-76],[-9,-18]],[[168896,727975],[-5,18],[-8,56],[-8,-7],[-6,-6],[-20,9],[-27,42],[-9,17],[-5,9],[-30,58],[-14,27],[-15,30],[-12,23],[-20,22],[-17,14],[-11,13],[-3,12],[-1,15],[5,8],[3,-5],[4,-13],[15,-23],[6,-2],[7,0],[1,0],[2,-8],[7,-8],[4,5],[2,14],[3,7],[0,7],[0,3],[0,2],[-6,3],[-1,11],[1,14],[1,5],[1,2],[-6,10],[-1,0],[-4,12],[-4,34],[-5,19],[-4,3],[-4,3],[-5,11],[-5,-1],[-3,-1],[-9,7],[-6,1],[-4,-11],[-2,-26],[-15,40],[0,37],[-9,33],[-12,20],[-3,4],[-37,68],[-11,21],[-1,52],[-13,86],[-25,30],[-29,26],[-4,38],[2,24],[-2,23],[-8,21],[-1,46],[-13,44],[-22,36],[-9,31],[-5,36]],[[167402,725027],[10,34],[8,5],[2,1],[17,8],[11,35],[1,17],[8,115],[4,51],[1,13],[3,32],[6,27],[14,26],[8,15],[5,32],[9,24],[4,9],[13,37],[9,3],[12,4],[9,17],[1,2],[4,8],[0,13],[4,57],[7,19],[6,17],[54,117],[10,5],[13,7],[1,2],[24,157],[2,11],[5,16],[15,53],[83,8],[11,-15]],[[167796,726009],[1,-206],[1,-188],[0,-44],[-22,67],[-3,0],[5,-125],[-1,-18],[1,-8],[-14,-2],[-7,-18],[-51,0],[0,-185],[2,2],[4,14],[15,10],[22,-6],[16,23],[12,39],[1,2],[0,-2],[0,-27],[29,3],[0,20],[-7,-1],[0,13],[31,41],[0,-34],[-21,2],[-2,-59],[-3,-11],[-11,-10],[9,0],[39,-11],[0,-85],[67,6],[-1,-172],[-1,-85],[17,0]],[[167924,724954],[1,-101],[0,-26],[-5,0],[-5,-20],[0,7],[-4,-17],[-3,-4],[0,-8],[-17,-1],[-1,-7],[-4,-20],[-22,0],[-1,-8],[6,-28]],[[167869,724721],[6,-18]],[[167826,724345],[-9,-31],[-7,1],[-1,0],[-30,-95],[3,-56],[-11,-21],[-6,-58],[-10,-5],[-6,42],[-31,21],[-4,19],[0,43],[1,22],[0,13],[-9,27],[-18,59],[-18,3],[-26,-45],[-8,-6]],[[167636,724278],[-3,24],[-12,-32],[0,-66],[11,0],[6,-31],[3,-30],[0,-44],[0,-17],[28,0]],[[167669,724082],[9,-194],[1,-69],[0,0],[7,-55],[-5,-115]],[[167681,723649],[-7,1],[0,-5],[1,-10],[0,-6]],[[167675,723629],[-6,-12]],[[167669,723617],[-2,7],[-2,-4],[-30,13],[-11,18],[-12,-13],[-7,1],[-5,13],[1,42],[-17,1],[4,-8],[-5,-14],[-1,-50],[-11,-13],[0,43],[-22,-1],[-2,12],[4,31],[0,16],[-2,37],[-1,31],[-9,19]],[[167441,724202],[-6,0],[0,20],[0,7],[0,2],[0,90],[1,174],[0,4],[0,85],[6,0],[0,122],[1,15],[0,74],[0,143],[0,25],[-1,2],[-25,38],[-2,2],[-1,0],[-4,1],[-1,1],[-2,13],[-5,7]],[[167798,718514],[20,-2],[6,-2],[1,7],[6,-4],[2,-2],[8,0],[15,-1],[3,1],[23,0],[0,9],[-1,7],[8,0],[0,-16],[17,1],[6,1],[10,0],[0,11],[5,-10],[12,0],[13,0],[3,-11],[0,8],[2,3],[0,-1],[2,2],[0,-3],[2,2],[2,-8],[1,6],[1,-1],[1,4],[22,0],[2,0],[11,0],[5,27],[0,16],[15,0],[0,-42]],[[168021,718516],[0,-9],[6,-8],[4,-26],[-7,-42],[-1,0],[-2,-55],[0,-30],[2,0],[0,-21],[-2,0],[0,-36],[-10,0],[-1,-28]],[[168010,718261],[-18,0],[-4,8],[0,34],[-16,-1],[-2,21],[-3,11],[-8,1],[-4,-4],[-1,0]],[[167954,718331],[-3,-6],[-10,6],[-9,-9],[-12,4],[-16,-11],[-3,-5],[-8,2],[-21,-20],[-13,15],[-5,-3],[-5,2],[-8,-1],[-13,-11],[-4,3],[-6,-3],[-9,-33],[1,-12],[-4,-20],[0,-18],[-1,-1],[-2,2],[-1,-6],[-1,-9]],[[167801,718197],[-2,-7],[-12,-12],[-1,9],[-7,18],[-2,0],[-3,3]],[[167774,718208],[0,27],[7,32],[-2,36],[0,3],[-1,12],[-1,32],[1,15],[10,111],[9,33],[1,5],[0,0]],[[168791,723572],[11,49],[7,23],[16,32],[12,19],[6,8],[2,4],[11,22],[13,36]],[[168869,723765],[1,8],[4,18],[2,32]],[[168876,723823],[21,-8],[41,-15],[1,0],[-3,-34],[-3,-40],[-1,-11],[-2,-23]],[[168930,723692],[-15,0],[-5,0],[-28,-27],[-12,-22],[-11,-37],[7,-102],[0,-21],[-2,-47],[17,0],[0,-42],[0,-22],[0,-41],[0,-64],[10,0],[5,0],[2,0],[-1,-14],[3,-7],[-3,-25],[5,-1],[4,-6],[-1,-75],[-1,-143],[0,-12]],[[168467,721634],[19,0],[22,1],[1,0],[0,4],[2,1],[7,0],[0,-5],[2,0],[8,0],[8,1],[14,0]],[[168550,721636],[0,-83],[3,0],[0,-22],[0,-42],[0,-21]],[[168553,721468],[-1,-31],[0,-11],[0,-10],[-9,0],[3,-11],[4,1],[0,-16],[2,-6],[0,-26],[-8,0],[0,-16],[7,0],[1,-4],[0,-38],[0,-25],[0,-33],[0,-26],[-7,-1],[0,-20],[7,0],[-1,-21],[-1,-20],[-8,0],[3,-20],[4,0],[0,-22],[-3,0],[0,-14],[-2,0],[-1,-5],[1,-4],[4,-1],[0,-4],[-1,-31],[-8,-12],[6,-12],[0,-42],[-5,-5],[0,-23],[6,0]],[[168546,720959],[-3,-10],[5,-15],[0,-6],[-5,-1],[0,-21],[1,0],[1,-4],[0,-6],[3,0],[0,-21],[2,-39],[0,-6],[6,-44],[9,-1],[1,-15],[-11,-1],[-5,0]],[[168550,720769],[-2,17],[-19,42],[-20,46],[-7,57],[-3,26],[0,44],[0,46],[-2,14],[-8,52],[-1,33],[-1,31],[-3,1],[-1,1],[-9,4],[-4,1],[-6,31],[0,3],[-14,26],[-23,15],[-27,18],[28,53],[5,9],[7,19],[7,21],[-4,60],[-3,40],[2,24],[0,1],[2,33],[7,22],[8,29],[0,4],[8,42],[0,0]],[[169288,723048],[106,-4],[17,0],[25,-1],[42,-1],[41,-1],[9,-1],[2,0],[4,-2],[2,0],[1,0],[2,0],[1,2],[5,15],[5,-14],[1,-3],[2,-8],[5,-8],[3,-11],[0,-12],[2,24],[8,-11],[5,12],[-2,15],[1,0],[36,-2],[39,-1]],[[169650,723036],[26,-1],[3,0],[0,-77],[1,0],[5,-52],[12,-30],[-1,-34],[6,-5],[25,12],[4,14],[1,16]],[[169732,722879],[0,-39],[-17,1],[-11,-11],[-12,-2],[-4,-23],[2,-15]],[[169690,722790],[-6,0],[-7,0],[-7,0],[0,49],[-9,-2],[0,39],[-17,1],[0,-69],[-3,-8],[-7,-18],[-9,-47],[-11,6],[-10,22],[-11,7],[-18,23],[-13,2],[-18,1],[-13,1],[-12,0],[-2,-1],[-8,-10],[-7,-7],[-2,-4],[4,-6],[14,-40],[2,-18],[-1,-13],[-4,-28],[-4,-26],[-1,-9],[0,-64],[0,-6],[3,-22],[-3,0],[-27,1],[-8,-1],[-20,3],[0,25],[2,16],[19,0],[1,73],[0,56],[0,12],[0,29],[-17,0],[0,-42],[-16,0],[-1,-61],[-12,28],[-7,-8],[-14,0],[0,-21],[0,-34],[-20,1],[-25,0]],[[169365,722620],[-2,9],[-14,56],[-16,47],[-20,23],[-17,17],[-6,10],[-2,8],[-2,11]],[[169286,722801],[-4,42],[0,36],[0,48],[1,9],[5,112]],[[166476,721762],[-3,-40],[-4,-28],[-7,-7],[-13,-1],[-3,10],[-7,10],[-2,26],[7,33],[5,36],[-5,24],[-11,-17],[-3,12],[3,12],[-1,39],[-8,30],[1,9],[7,1],[6,17],[1,46],[6,25],[7,25],[-4,12],[5,11],[-1,21],[-6,23],[-32,1]],[[166414,722092],[18,80],[11,17],[8,30],[10,11],[37,142],[23,95],[16,72],[12,-6],[15,17],[-1,33],[-3,45],[5,16],[11,41],[6,78],[13,86],[50,17],[16,13],[23,26],[14,49],[10,28],[18,15],[4,52],[12,56],[6,25],[-10,50],[-2,47],[8,36],[24,27],[41,28],[14,34],[52,58],[17,-2],[3,0],[11,18],[5,6],[12,41],[8,71],[5,32],[45,58],[30,32],[9,-2],[3,-22],[-8,-25],[-9,-37],[-16,-94],[4,-30],[10,6],[13,39],[17,14],[48,94],[34,48],[28,29],[7,-10],[1,-1],[13,20],[10,17],[2,9]],[[169005,727083],[1,0],[21,-1],[7,-7],[3,-8],[11,-37],[7,-21]],[[169531,725069],[-16,1],[-16,0],[-17,1],[-48,0],[-14,0],[-2,0],[-1,0],[-33,2],[-1,170],[-11,-1],[-22,0],[0,-38],[-35,58],[-20,13],[-5,8],[-4,0],[0,-18],[-8,-12],[-8,2],[0,26],[-4,8],[4,17],[-1,17],[-9,5],[0,17],[-6,-1],[0,-19],[-15,-1],[-5,-22],[-8,-11]],[[169226,725291],[0,2],[6,11],[3,10],[1,5],[6,60],[1,7],[-2,25],[-15,3],[-42,1],[-6,-1],[-35,-3],[-3,0],[0,16],[-5,4],[0,23],[-8,0],[0,54],[-8,1],[0,-11],[-9,1],[1,10],[-9,0],[1,53]],[[169103,725562],[8,0],[0,53],[-16,1],[0,21],[16,0],[1,32],[-9,0],[0,21],[-8,1],[0,21],[5,0],[0,21],[8,1],[0,20],[5,0],[-1,24],[-12,0],[2,14],[2,45],[2,-4],[5,-29],[2,3],[0,31],[-4,1],[2,9],[2,28],[-7,-18],[-10,16],[0,157]],[[169096,726031],[17,0],[0,6],[0,55],[15,-1],[2,0],[0,79],[0,52],[2,-2],[-1,24],[4,16],[-23,1],[-9,0],[1,1],[-1,43],[-9,-11],[-1,19],[-7,-14],[2,-6],[-8,-31],[0,-59],[-8,0],[0,-4],[0,-10],[8,-1],[0,-10],[-16,-55],[-2,-3],[0,-5]],[[169062,726115],[-7,0],[-10,-9],[0,-11],[-5,0],[0,7],[-5,14],[3,15],[6,51],[5,15],[2,8],[9,21],[7,18],[4,4],[2,14]],[[169073,726262],[2,7],[-3,3],[0,10],[8,0],[0,17],[0,12],[7,23],[5,-11],[0,25],[5,27],[0,14],[3,-1],[1,43],[12,-1],[0,16],[8,2],[13,-18],[2,-1],[28,296],[-41,42],[-20,33],[-21,13],[-13,14],[-5,11],[-3,13],[-1,4],[-3,0],[-10,31],[-13,48],[-2,9],[1,10],[-3,19],[0,91],[-24,-4],[-2,0]],[[167187,707766],[28,5],[13,15],[7,43],[17,32],[24,31],[3,30],[-1,55],[3,32],[-3,33],[4,52],[-3,21],[21,16],[16,9],[22,66]],[[167410,708871],[13,0],[366,8]],[[167789,708879],[19,1],[262,-7],[185,0],[8,-2],[197,3],[0,-13],[56,-7],[68,0],[67,-1]],[[168651,708853],[0,-343],[-1,-22],[1,-373],[-4,-127],[0,-150],[-64,0],[-1,-340],[-126,8],[0,-128],[0,-58],[-128,17],[-166,-2],[-31,8],[-224,1],[-35,0],[0,-87],[-12,17],[-5,-9],[-21,10],[-6,20],[-28,3],[7,-29],[3,-40],[-1,-9],[-10,-30],[-3,-34],[2,-19],[-2,-11],[1,-15],[-11,-27],[-7,-8],[3,-41],[-3,-32],[-47,-3],[-10,42],[-8,16],[-1,34],[-6,20],[-1,-50],[5,-31],[-4,-31],[-159,10],[-32,-4],[-1,170],[-214,5],[-12,0],[0,-18],[-6,-5],[-11,-36]],[[167392,731356],[3,10],[14,75],[8,67],[16,26],[14,63],[3,16],[7,57],[14,28],[28,128],[16,117],[5,52],[0,1]],[[166120,719994],[8,25],[14,-8],[5,5],[13,167],[8,10],[15,-10],[49,-12],[6,-37],[16,4],[7,-11],[3,-4],[5,-22],[5,-1],[32,-1],[1,0],[7,0],[10,0],[1,0],[16,0],[14,9],[10,-5],[22,22],[6,-9],[31,39],[10,23],[35,92],[1,2],[15,30],[4,6],[12,24],[5,8],[5,10],[1,2],[10,38],[15,2],[16,21],[2,3]],[[166777,716267],[3,16],[7,16],[-5,17],[-9,42],[-1,31],[-3,70],[-1,68],[1,2],[-1,9],[0,81],[0,30],[0,66]],[[166768,716715],[7,26],[19,9],[1,-8],[14,-105],[5,-37],[6,0],[-1,-28],[-7,-1],[-3,31],[2,-52],[4,1],[5,-8],[-1,9],[9,2],[1,-9],[13,7],[12,-3],[0,10],[8,0],[0,-10],[5,10],[6,0],[0,-10],[5,0],[0,10],[2,-1],[8,0],[5,-4],[4,4],[20,2],[-2,-15],[-1,-4],[0,-8],[-2,2],[1,-3],[6,-5],[0,33],[5,2],[0,-39],[21,-18],[1,0],[1,50],[9,6],[14,4],[0,8],[16,3],[0,-24]],[[166986,716552],[0,-1]],[[166986,716551],[0,-64],[-1,-9],[1,-47],[1,-10],[-1,0],[0,-26],[-1,-1],[-1,-9],[2,-16],[0,-11],[0,-48],[3,-5],[-1,-32],[13,1],[1,-12],[0,-73],[1,-73],[2,-16],[2,-18],[-4,-52],[0,-52]],[[167003,715978],[1,-30],[2,-14],[9,-44],[14,-64],[4,-21],[1,-3],[1,-4],[1,-3],[4,-10],[4,-5],[18,-6],[2,-6],[3,-14],[1,-115],[0,-4],[0,-27],[0,-10],[3,-27],[-1,-35],[-1,-24],[-7,-15],[-12,-1],[-15,-11],[0,-102],[-65,0],[0,-41],[-9,0],[-2,-21],[-5,-9],[-5,-34],[2,-8],[6,7],[-1,-15],[5,-34],[6,-9],[8,-26],[3,-39],[2,-7],[6,-4],[9,31],[7,7],[10,-4],[6,-23],[6,12],[-1,67],[2,-3],[5,-34],[19,-27],[5,8],[12,3],[4,-17],[-6,-11],[5,-13],[1,-20],[6,-29]],[[167076,715090],[-5,-2],[-7,1],[-12,-3],[-4,-19],[0,-12],[-4,-26],[-15,-13],[-6,23],[-4,-16],[-10,-5],[-20,-28],[-1,-21],[2,-21],[-40,-39],[-7,0],[-4,-11],[-12,-11],[-5,61],[-4,-74],[-8,-7],[-8,-9]],[[166902,714858],[0,9],[0,95],[2,0],[0,85],[-66,1],[-52,0],[-11,46],[-2,3],[0,34],[0,148],[4,37],[6,18],[6,65],[-3,21],[18,29],[2,8],[-33,3],[0,11],[-20,0],[7,27],[3,19],[4,33],[-2,5],[-9,0],[0,82],[-1,2],[-31,1],[0,23],[-16,0],[-1,101],[7,34],[29,133],[0,2],[6,26],[10,62],[5,34],[8,48],[5,37],[1,28],[1,46],[-2,44],[0,9]],[[168575,718796],[5,-8],[3,-21],[0,-39],[11,-38],[0,-48],[0,-47],[0,-9],[0,-141],[0,-3],[-44,41],[-6,9],[0,-5],[-5,8],[-6,14],[-5,9],[-1,-5],[-19,42]],[[168382,718755],[-11,16],[-6,8]],[[168365,718779],[0,11],[0,5],[-9,23],[-7,8],[0,7],[3,5],[0,21],[-3,4],[0,15],[0,28],[43,-4],[15,1],[10,-14],[0,-5],[14,-1],[0,12],[42,-1],[0,87],[-4,0],[0,10],[10,14],[-4,9],[-3,5],[2,6]],[[166607,735060],[0,-9]],[[168450,722019],[12,-5],[8,0],[13,9],[4,-9],[9,11],[2,-10],[19,1],[5,4],[4,-6],[17,3]],[[168543,722017],[8,0]],[[168551,722017],[1,-4],[-3,-1],[2,-16],[0,0],[-1,-4],[3,-38],[0,-20],[0,-19],[0,-24],[0,-4],[-1,1],[0,-3],[-3,0],[0,-11],[2,1],[0,-6],[2,1],[0,-21],[-2,-1],[-4,-21],[6,-7],[0,-57],[0,-19],[0,-24],[0,-31],[-2,0],[2,-29],[0,-24],[-3,0]],[[168467,721634],[0,4],[-1,45],[-3,10],[-7,23],[-1,3],[0,4],[-10,42],[-22,48],[-2,4],[-19,38],[-9,18],[-4,7],[-12,47],[0,1],[-11,40],[-6,47]],[[168340,722523],[-6,27],[-1,8],[-1,4],[0,2],[-15,67],[0,3],[0,8],[0,17],[-2,5],[-4,8],[-6,15],[-1,2],[-4,10],[-18,42],[7,11],[12,19],[5,8],[0,0],[4,6],[0,0],[18,27],[0,0],[7,11],[0,0],[3,5],[4,6],[1,2],[17,52],[14,44],[13,39],[12,-14],[5,-7],[2,-35]],[[169138,727942],[2,0],[12,0],[17,-1],[1,-1],[12,-18],[4,-1],[13,19],[3,1],[6,0],[10,-1],[11,0],[20,-2],[-3,76],[-1,72],[-1,186],[0,39],[-1,71],[0,61],[0,25],[-1,59]],[[169172,727349],[-4,18],[-2,12],[-2,12],[-3,30],[0,8],[-3,4],[-1,-1],[-15,2],[0,2],[0,32],[-4,39],[15,35],[3,14],[1,46],[-2,21],[8,19],[-3,85],[-4,20],[-17,26],[-2,9],[14,4],[5,9],[-9,33],[6,22],[-12,-1],[-17,15],[-1,10],[6,16],[-4,27],[0,22],[13,3]],[[168331,730628],[26,14],[5,46],[2,28],[10,96],[13,31],[0,38],[61,210],[-3,7],[16,54],[6,8]],[[168467,731160],[26,0],[15,127],[55,0],[0,-23],[9,-28],[11,-77],[62,1]],[[168645,731160],[105,-1],[57,-1],[148,2]],[[168461,729126],[-1,8],[-4,22],[9,47],[-5,41],[-13,18],[1,19],[4,14],[3,12],[4,14],[1,32],[-4,36],[1,64],[-2,10],[-6,38],[-9,101],[0,6],[0,3],[13,68],[8,44],[14,57],[4,35],[-13,12],[-5,11],[-1,2],[-11,55],[-9,21],[0,10],[0,3],[0,10],[3,23],[4,25],[-6,45],[-6,50],[9,64],[2,46],[-9,59],[-16,52],[-18,25],[-6,14],[-4,-9]],[[168393,730333],[10,40],[15,28],[3,12],[-2,51],[0,3],[-3,-1],[-8,6],[-9,21],[-8,-7],[-30,0],[-11,26],[-5,30],[0,20],[-5,12],[-9,54]],[[168879,720095],[-7,0],[3,18],[0,35]],[[168875,719123],[0,5],[-1,5],[0,18],[-1,43]],[[168873,719194],[2,52],[3,31],[-4,92],[-2,110],[-3,57],[1,26],[9,-5],[0,20],[-4,0],[0,31],[4,-1],[3,20],[-6,13],[4,32],[-8,1],[0,20],[-5,0],[0,76],[1,-1],[0,23],[6,9],[0,45],[8,0],[0,26],[-14,6],[0,39],[6,0],[0,12],[5,0],[0,52],[-5,8],[11,2],[-1,73]],[[168482,723617],[-4,-1],[4,-7],[-3,-30],[0,-11],[2,0],[0,-12],[-2,-4],[1,-26],[1,0],[0,-21],[-2,0],[0,-22],[1,0],[-1,-4],[2,-21],[0,-3],[0,-2],[-2,-1],[0,-9],[1,0],[1,0],[0,-2],[-2,0],[2,-12],[0,-2],[-2,0],[0,-11],[2,0],[0,-4],[-2,0],[0,-14],[1,0],[1,-12],[-2,0],[1,-10],[2,-10],[-2,-10],[0,0],[2,-15],[0,-3],[0,-20],[0,-10],[0,-15],[-2,0],[0,-14],[2,0],[0,-13],[-4,0],[0,-23],[2,-5]],[[168467,723238],[-9,21],[-6,16],[0,2],[-9,29],[-3,9],[-1,1],[-23,15],[-18,-3],[-1,65],[-3,-1],[-1,0]],[[168393,723392],[0,13],[0,7],[1,0],[14,0],[1,-3],[1,1],[2,0],[0,1],[-4,25],[-1,66],[0,85],[0,26],[-9,38],[10,0],[-2,2],[-3,9],[0,35],[18,-1],[0,18]],[[169012,721546],[0,6],[31,0],[-1,14],[2,2],[-6,8],[-10,15]],[[169329,720580],[-7,0],[0,9],[-16,0],[0,59],[-8,5],[0,53],[-25,-1],[0,8],[0,76],[-33,0],[0,-31],[-15,-1],[1,-53],[-19,0],[-3,0],[-3,18],[-5,6],[-5,79],[-4,27],[-5,7],[-6,-16],[-12,21],[0,16],[4,12],[7,5],[9,-6],[9,-24],[3,1],[0,21],[-10,57],[-11,32],[1,28],[-1,55],[6,25],[-19,54],[-2,0],[-18,-7],[0,0],[-1,-73],[0,-68],[-14,-3],[-1,-12],[-5,0],[-13,0],[-6,0],[-7,-1],[-10,2],[-1,-35],[3,-12],[-1,-2],[-3,-4]],[[169083,720907],[-6,24],[-10,6],[-8,20],[-6,0],[-10,74],[0,10],[-7,0],[-10,0],[-16,-1]],[[166605,714775],[0,3],[3,37],[43,-5],[10,-32],[11,-40],[19,-3],[15,10],[25,-1],[0,-10],[10,0],[-1,14],[-11,38],[-23,1],[0,36],[-3,7],[33,18],[14,2],[20,-5],[-2,-22],[24,5],[22,-12],[14,0],[12,10],[13,-6],[7,0],[8,5],[34,33]],[[167076,715090],[5,5],[8,10],[2,3],[13,-14],[11,-28],[16,-30],[3,-1]],[[167134,715035],[15,3],[4,-5],[13,-44],[7,-8],[18,-46],[16,-22],[38,-53],[10,-26],[18,-27],[13,-31],[7,-35],[3,-27],[-6,-12],[-14,-18],[-14,-28],[-7,-28],[1,-11],[12,-10],[18,-39],[7,-6],[2,12],[8,-19],[8,0],[13,-17],[-27,-16],[0,-41],[8,-22],[11,-11],[9,-16],[10,-31],[9,-16],[4,-17],[1,-20],[-4,-68],[79,-1],[-1,-166],[0,-172],[-7,-334],[4,-116],[10,-1],[12,-13],[10,8],[6,-1],[11,-44],[7,-11],[15,-81],[-24,0],[-3,-33],[4,-23],[-2,-28]],[[166734,713766],[-2,4],[-88,167],[-2,9],[-31,1],[-2,9],[0,24],[-6,9],[-8,39],[-1,28],[-1,5],[0,224],[-37,0],[7,42],[6,42],[4,23],[4,65],[28,318]],[[168459,727586],[-6,-7],[-5,-12],[-2,38],[-6,12],[-2,25],[-8,38],[-3,-9],[-14,-10],[-7,-14],[-17,-11],[-20,-67],[-6,-4],[-5,20],[-16,61],[-3,9],[-16,2],[1,-18],[-20,3],[-1,-9],[-8,2],[0,-14],[-8,4],[0,19],[-8,1],[0,-67],[8,-3],[0,-38],[-15,9],[-6,-25],[-1,-23],[-15,4],[0,20],[-44,1],[2,107],[0,16],[-31,3],[-21,-2],[0,32],[-33,5],[-2,-85],[-20,2],[-4,11],[-1,-25],[-11,20]],[[168085,727607],[-5,33],[-16,-6],[-2,-35],[-21,-1],[-22,10],[-2,25],[10,21],[-4,2],[0,20],[-8,0],[0,21],[4,0],[0,42],[13,0],[0,37],[-16,16],[0,64],[0,125],[11,8],[22,1],[2,-43],[24,0],[-1,44],[30,-4],[-4,16],[0,27],[-10,1],[-6,19],[-3,21],[-16,-1],[0,9],[16,5],[-1,40],[-32,-4],[0,21],[8,0],[0,22],[-8,-1],[1,24],[31,2],[1,100],[-16,-1],[1,85],[-45,0],[0,42],[4,1],[0,42],[-8,0],[0,15],[-9,4],[-3,14],[-9,0]],[[167996,728490],[7,76],[-18,68],[-18,101],[-8,79],[37,12],[15,-8],[10,-16],[29,1],[13,18],[2,-34],[11,-35],[11,-52],[8,-25],[9,-26],[18,-56],[12,-6],[22,-100],[41,-165],[11,-31],[12,-16],[12,-15],[19,-47],[18,-19],[17,1],[11,0],[13,-22],[17,-9],[10,-48],[9,-2],[25,-9],[14,-18],[2,-2],[13,2],[8,-6],[13,9],[0,-4],[1,-40],[3,-18],[3,-26],[1,-8],[4,-72],[-1,-117],[3,-43],[0,-7],[1,-63],[7,-59],[9,-26],[7,-21]],[[167134,715035],[0,12],[0,82],[0,127],[0,43],[-17,-1],[-16,1],[0,62],[3,4],[4,49],[3,11],[7,4],[35,-2],[18,28],[34,-81],[4,-24],[5,90],[-3,25],[47,-2],[23,4],[18,-1],[39,1],[90,-1],[0,-170],[66,2],[48,0]],[[168472,722849],[4,11],[8,13],[36,41],[4,4]],[[168524,722918],[1,-4],[17,1],[4,-7],[2,26],[3,-1],[1,45],[2,-12],[0,-33],[13,1],[0,46],[5,-8],[12,1],[10,0],[1,0],[9,-1]],[[168604,722972],[0,-13],[2,-4],[-2,-6],[0,-48],[-2,-51],[2,0],[0,-9],[0,-10],[-6,25],[-3,3],[4,-80],[-3,-78],[-1,-30]],[[168595,722671],[-3,-69],[-1,2],[-4,7],[0,16],[4,1],[0,41],[-8,0],[0,19],[-5,1],[-3,-41],[-5,1],[0,-72],[1,-16],[17,-48],[1,-18],[-18,40],[-5,6],[0,-37],[-18,0],[0,-26],[-5,0],[5,-39],[-9,-3],[-1,10],[2,38],[2,3],[-3,18],[-11,2],[-5,1]],[[168523,722508],[-5,37],[-4,48],[-2,43],[5,45],[-4,-18],[-23,19],[-12,31],[-5,12],[-1,124]],[[167050,733285],[-1,-29],[6,-26],[11,-29],[0,-22],[-4,-15],[-9,-64],[-5,-43],[2,-32],[9,-30],[11,-27],[22,-1],[5,-11],[5,-12],[5,-39],[-9,-33],[-15,-9],[0,-28],[-4,-27],[4,-26],[-10,-39],[-9,-29],[5,-8],[11,11],[12,6],[3,5],[7,14],[3,-8],[-6,-19],[-2,-8],[4,-46],[-17,3],[-5,-33],[-11,-32],[-14,-2],[-10,-1],[-9,0],[-13,21],[0,21],[0,15],[-15,16],[-13,19],[-8,37],[-13,-17],[13,-60],[-10,-5],[-7,20],[-12,14],[-15,9],[-23,24],[-6,-48],[19,-15],[22,-23],[2,-11],[-15,-28],[-59,-20],[-36,7],[-34,27],[5,28],[6,23],[6,21],[3,8],[7,-3],[12,-5],[9,-9],[8,28],[0,37],[-23,18],[-15,28],[2,14],[15,19],[21,5],[10,-20],[-4,-44],[11,-17],[8,11],[0,24],[10,6],[12,46],[-7,31],[-13,9],[-25,26],[-44,1],[-20,7],[-22,3],[-1,-17],[-1,-27],[2,-31],[-14,9],[-54,-41],[-14,66],[17,6],[17,-4],[6,40],[5,36],[-2,33],[-2,44],[-12,31],[-15,22],[-12,-20],[-13,-9],[-1,-37],[-20,23],[-10,12],[3,28],[1,5],[2,33],[-9,24],[2,37],[9,22],[-4,35],[-8,26],[-1,22],[5,24],[-2,35],[7,115],[5,63],[13,66],[8,35],[2,83],[5,42],[15,44],[21,17],[13,3],[-4,59],[-5,21],[1,32],[-10,74],[5,137],[5,9],[19,-20],[21,6],[15,53],[8,20],[24,20],[-3,77],[5,50],[17,48],[4,-14],[1,-10],[1,-17],[-3,-36],[2,-33],[-2,-35],[5,-29],[-3,-36],[14,-20],[20,8],[1,29],[-5,29],[3,44],[10,17],[9,-6],[4,-29],[-2,-37],[3,-33],[-5,-14],[-12,-13],[-11,-46],[0,-52],[11,-27],[24,11],[13,-11],[5,-42],[13,-11],[3,5],[8,11],[13,44],[9,-35],[-4,-16],[-5,-31],[1,-26],[-7,-2],[-6,33],[-5,-5],[-13,-13],[-15,-24],[-7,-89],[-16,-161],[-21,-62],[-1,-39],[8,-44],[15,-20],[4,-30],[7,-25],[7,-41],[8,-20],[13,-13],[-3,-27],[2,-26],[10,1],[0,-47],[-4,-29],[-7,-13],[4,-35],[-14,-87],[-6,-40],[6,-24],[18,20],[14,2],[11,14],[-1,-42],[-14,-47],[-8,-50],[6,-24],[15,7],[9,26],[14,7],[17,74],[15,44],[-10,44],[-13,61],[0,18],[2,41],[-1,58]],[[171637,726371],[-6,-12],[-5,-19],[-5,-51],[3,-27],[1,-31],[-3,-16],[-3,-42],[-8,-14],[-2,-26],[-5,-10],[-2,-36],[69,0],[0,46],[48,0],[5,-24],[14,-37],[7,-47],[-2,-34],[5,-31],[-3,-39],[8,-74],[-2,-58],[7,-47],[-4,-44],[8,-49],[-1,-53],[6,-18],[9,-98],[0,-42],[5,-70],[-8,-44],[0,-39],[-3,-13],[7,-11],[10,-1],[12,11],[14,-9],[22,-22],[6,-16],[12,-19],[8,-5],[17,-22],[11,-4],[10,-16],[15,-33],[7,-10]],[[171255,725102],[-69,-4],[-25,-1]],[[166710,709156],[9,43],[13,22],[10,8],[5,10],[0,-12],[8,5],[2,7],[12,16],[1,18],[8,3],[8,55],[5,7],[2,48],[2,20],[6,5],[1,21],[6,13],[-1,14],[10,20],[-3,13],[4,14],[8,13],[10,36],[6,172],[6,158],[2,19],[54,-56],[7,-6],[1,17],[4,99],[1,73],[7,3],[11,28],[6,-3],[12,16],[10,39],[8,36],[4,8],[18,-22],[3,9],[8,11],[7,16],[4,2],[3,28],[8,14],[4,18],[13,8],[5,33],[6,12]],[[167054,710287],[4,2],[7,32],[7,4],[6,18],[3,20],[13,28],[80,4],[0,-42],[20,-1],[0,-42],[16,0],[0,43],[12,1],[0,13],[27,-1],[0,28],[43,1]],[[167679,710304],[0,-575],[67,-8],[2,-169],[-1,-46],[0,-122],[36,1],[-5,-7],[-8,-47],[4,-17],[6,-54],[-3,-13],[-6,-3],[-4,-33],[-7,-8],[7,-21],[11,-5],[6,31],[6,10],[-1,-32],[5,-20],[6,-53],[-10,-8],[-6,-21],[5,-24],[0,-90],[-3,-18],[-1,-33],[4,-23],[0,-17]],[[166697,708874],[3,22],[0,45],[-7,57],[-1,76],[2,22],[7,26],[3,4],[6,-9],[0,39]],[[169044,724621],[0,-5],[0,-8],[-1,-24],[13,-1],[24,1],[0,-11],[0,-3],[0,-28],[0,-2],[4,-5],[10,-1],[0,-45],[10,-1],[0,-21],[9,0],[0,21],[0,15],[3,-15],[8,-1]],[[169124,724487],[-6,-82],[-8,-84],[-1,0],[-10,3],[-17,-2],[0,-42],[-4,0],[0,-20],[0,-24]],[[169078,724236],[-3,0],[-15,0],[0,-13],[-12,1],[-1,11],[-1,-1],[-3,0],[-13,0],[-7,0],[-1,-11],[-12,-9],[0,21],[-24,-1],[-10,0],[0,-4],[-8,-3],[0,7],[-9,0],[-12,1],[-4,0],[0,-6],[-3,0],[-1,6],[-4,0],[0,-10],[-4,-19],[-9,-20],[-6,-4],[-8,-18],[-12,-28],[-8,-19],[-14,-33],[-11,-20],[-5,-10],[-25,12]],[[168833,724066],[-24,47],[-12,38],[-18,63],[-5,24]],[[168774,724238],[-16,87],[-1,6],[-4,22],[-4,33],[-2,22],[-2,18],[-5,71],[0,1]],[[167467,722171],[0,0],[1,1],[4,5]],[[167472,722177],[21,6],[22,14],[11,-9],[6,-14],[2,-7],[2,-11],[1,-6],[1,-23],[4,-41],[2,-15],[5,-25],[15,-58],[3,-13],[2,-8],[4,-25],[2,-10],[1,0],[6,-39],[4,-24],[11,40],[8,3],[12,0],[0,-11],[10,0],[0,11],[3,0],[0,-16],[0,-11],[8,0],[0,-15],[12,-1],[1,43],[12,-1],[15,0],[18,0],[15,0],[0,-96],[11,1],[-5,6],[3,52],[7,37],[2,0],[15,1],[16,1],[0,0],[52,3],[14,1],[4,0],[0,-43],[3,-21],[13,-1],[0,43],[-4,11],[4,10],[33,-1],[0,-22],[8,12],[9,0],[0,9],[8,0],[58,-3],[33,0],[20,1],[14,0]],[[168029,721912],[-4,-13],[-1,-30],[0,-18],[-21,-88],[-11,-26],[-4,-30],[-9,-19],[0,-52],[-6,-43],[-6,-23],[-1,-3],[-18,-36],[-11,-36],[5,-77]],[[167942,721418],[-19,1],[-9,-19],[-19,6],[0,42],[-16,0],[-1,-21],[-12,0],[-4,-10],[0,-10],[-17,0],[0,10],[4,0],[0,11],[-4,0],[0,21],[-13,0],[0,6],[-6,-19],[-6,-27],[-2,-2],[-7,0],[-9,-1],[2,-44],[-4,-18],[-4,-30],[-3,-58],[2,-19],[-33,0],[-1,-95],[-16,0],[0,34],[-4,16],[-1,43],[-1,1],[-11,0],[-68,-1],[-4,-169],[-1,-42],[-1,-52],[3,-70],[0,-15],[-6,-74],[-1,-59],[1,-25]],[[167651,720729],[-3,0],[-1,0],[-4,0],[-11,-2]],[[167632,720727],[-10,-1],[-3,0],[-7,0],[-16,-1],[4,12],[0,19],[-4,3],[-1,52],[-29,-2],[-2,20],[-1,-105],[-34,3],[-96,2],[-57,-3],[-10,0],[-4,-1],[-4,2],[-139,1],[-1,0],[-114,2]],[[168567,724205],[2,-1],[17,-1],[8,0],[7,-5],[2,1],[0,4],[2,0],[0,-5],[13,-1],[0,5],[2,0],[8,0],[8,0],[0,-5],[8,-1],[0,6],[6,0],[8,-1],[0,0],[0,-5],[18,0],[1,5],[9,0],[17,-1],[0,1],[3,18],[6,-9],[3,-8],[12,-1],[7,0],[5,0],[3,-1],[-2,18],[-1,3],[35,17]],[[168833,724066],[16,-28],[17,-36],[7,-37],[2,-43],[1,-99]],[[168869,723765],[-56,109],[-5,4],[-7,-30],[-8,14],[-22,0],[-14,1],[-1,0],[-10,0],[-4,0],[-3,13],[-3,0],[-8,-4],[-7,-9],[-1,0],[0,-6],[-2,1],[-3,-1],[0,3],[-4,-3],[-4,0],[-1,3],[-2,0],[0,3],[-2,0],[-14,0],[-4,0],[0,-21],[-4,0],[0,21],[-2,0],[-9,0],[0,0],[-13,0],[-8,-1],[-2,7],[-9,-1],[-12,16],[-4,0],[-8,-7],[1,-14],[-10,7],[0,-9],[-2,2],[0,-4],[-5,1],[0,4],[-6,0],[-2,-34],[-2,0],[0,30],[-7,4],[-2,0],[-8,1]],[[168564,724205],[1,0],[2,0]],[[168377,724219],[1,-13],[8,0],[0,-4],[7,0],[0,4],[9,-3],[17,3],[9,0],[16,0],[9,0],[4,-14],[4,8],[3,6],[5,0],[4,-1],[4,0]],[[168477,724205],[2,-5]],[[168318,723906],[0,5],[5,45],[9,77],[4,31],[-8,42],[9,55],[1,2],[4,6],[26,38],[4,5],[5,7]],[[168682,722664],[4,5],[18,0],[7,-1],[6,0],[0,11],[3,0],[1,-6],[6,-1],[10,17],[41,54]],[[168843,722086],[-32,-77],[7,-19],[-2,-2],[-2,5],[-2,-3],[-2,5],[-1,-2],[-2,7],[-2,-4],[-3,-5],[-11,0],[-8,0],[0,-18],[-8,20],[0,-25],[-8,-1],[0,21],[-8,0],[-5,-21],[-4,14],[0,1],[-16,-3],[4,-11],[-4,-30],[-9,10],[0,22],[-15,1],[-8,0]],[[168702,721971],[-18,2],[0,38]],[[168684,722011],[1,69],[0,57],[-1,3],[-6,61],[5,1],[3,38],[0,0],[0,16],[3,0],[-3,9],[-3,6],[1,2],[-3,30],[1,5],[2,0],[4,15],[-5,28],[1,0],[-4,12],[0,9],[0,21],[4,0],[0,24],[-3,31],[3,1],[0,29],[0,42],[-3,10],[3,0],[-2,32],[2,2],[1,-1],[0,10],[-2,15],[2,0],[-3,18],[0,16],[2,5],[-2,37]],[[168567,724205],[-1,42],[-1,42],[1,21],[4,22],[3,14],[-5,6],[0,21],[0,14],[0,5],[-3,0],[1,5],[0,4],[1,0],[-1,4],[2,0],[0,22],[-1,0],[-1,4],[0,4],[0,3],[-2,0],[0,3],[4,-1],[0,5],[0,13],[0,35],[-2,12],[0,35],[2,3],[-2,5],[2,38]],[[168459,727586],[13,-40],[17,-39],[2,-36],[3,-31],[3,-41],[0,-5],[5,-64],[1,-70],[1,-53],[-3,-54],[-1,-11],[-18,-101],[-3,-61],[-1,-6],[-3,-16],[-20,-29],[-8,-30],[-28,-101],[3,-79],[1,-78],[-5,-50],[-10,-23],[-31,20],[-21,78],[6,19],[2,37],[5,31],[-4,12],[-3,14],[-10,5],[-15,-4],[-4,-5],[-2,-11],[-4,-4],[-3,-31],[-1,-13],[-6,-20],[-8,-23],[-21,-10],[-37,30],[1,34],[-46,147],[0,69],[3,37],[8,32],[3,11],[1,42],[0,61],[-5,40],[-13,92],[-27,99],[-20,50],[-2,6],[-20,76],[-1,35],[0,10],[-11,19],[-19,16],[-21,-1]],[[168082,727568],[3,22],[-5,20],[5,-3]],[[167384,730452],[-16,-9],[-38,-43],[-4,-10],[-9,-25],[0,-12],[0,-27],[8,-29],[11,-11],[-1,-45],[6,-33],[3,-11],[8,-15],[17,13],[14,-9],[17,28],[6,6],[8,8],[2,1],[3,3],[20,49],[15,4],[2,0],[28,-20],[14,31],[17,5],[10,-3],[18,-6],[18,23],[17,20],[8,-46],[24,-15],[10,-22],[10,11],[9,20],[10,-23],[27,-94],[13,-7],[19,-41],[4,-22],[-3,-54],[16,-65],[2,-4],[23,-63],[14,-53],[7,-42],[1,-17],[2,-77],[7,-45],[5,-32],[0,-94],[9,-33],[10,-14],[6,-12]],[[167811,729491],[-8,-1],[-15,-30],[15,-7],[15,-42],[5,-83],[-2,-57],[-13,0],[1,-63],[6,0],[0,-56],[14,0],[-1,-64],[-13,0],[0,-82],[-17,-2],[-1,-84],[-2,0],[-7,28],[-2,13],[-56,-1]],[[167730,728960],[3,18],[-12,288],[-10,104],[-13,90],[-7,31],[-3,16],[-15,37],[-2,3],[-19,28],[-27,18],[-41,9],[-30,-18],[-29,-29],[-18,-32],[-4,-8],[-14,-30],[-8,13],[-11,76],[-4,83],[-7,68],[-20,80],[-14,33],[-11,12],[-12,48],[-20,48],[-14,14],[-59,61],[-18,83],[-12,30],[-5,6],[-52,60],[-22,106],[0,37],[12,60],[12,66],[15,154],[4,25]],[[167735,728370],[8,9],[5,9],[7,-31],[2,-36],[5,-29],[-1,-13],[19,1],[0,42],[33,1],[1,43],[17,0],[-1,-143],[6,-46],[2,-64],[41,2],[2,0],[0,9],[16,1],[1,-9],[3,0],[7,19],[10,0],[5,-8]],[[167923,728127],[0,-10],[0,-34],[0,-7],[1,-83],[-7,-43],[-6,-17],[-2,-8],[0,-4],[0,-26],[7,-13],[4,-7],[4,1],[10,1],[11,-1],[5,-1],[15,32],[2,4],[15,39],[8,79],[6,56],[2,15],[0,2],[9,47],[0,3],[-5,26],[0,3],[-6,47],[0,5],[3,27],[0,7],[0,2],[-11,42],[-1,40],[0,4],[7,22],[-2,25],[-8,21],[-2,5],[12,39],[2,23]],[[168082,727568],[-6,0],[-42,-31],[-43,-69],[-9,-73],[-10,-22],[-80,-68],[-3,39],[-6,15],[-6,6],[-1,15],[3,35],[0,9],[17,69],[8,31],[5,82],[-1,1],[-4,39],[-14,45],[-19,35],[-12,23],[-8,15],[-18,12],[-13,9],[-5,3],[-25,17],[-6,4],[-20,77],[-17,35],[-9,67],[-13,32],[-20,29],[10,30],[10,28],[12,34],[10,98],[-4,106],[-8,25]],[[168476,725095],[8,0]],[[168484,725095],[14,0],[16,1],[0,0],[24,-1],[10,0],[17,-2]],[[168477,724205],[0,9],[-8,0],[0,2],[8,16],[0,15],[2,43],[0,42],[0,21],[-2,21],[0,43],[0,21],[4,0],[-4,21],[0,21],[0,43],[2,21],[0,10],[-5,32],[11,0],[0,42],[0,43],[-8,0],[0,42],[8,0],[-7,15],[-11,5],[-8,20],[-10,8],[-11,21],[4,22],[14,16],[2,21],[2,0],[8,0],[1,-31],[3,-9],[0,14],[8,2],[-4,24],[0,38],[0,31],[0,9],[0,7],[0,20],[8,-8],[0,0],[0,9],[-5,0],[-3,26],[0,16],[0,21],[2,0],[2,32],[-4,11],[-1,0],[2,24],[-1,18]],[[168604,722972],[0,20],[0,20],[1,19]],[[168605,723031],[25,0],[0,-10],[8,0],[0,10],[6,0],[2,10],[4,0],[8,0],[0,-4],[0,0],[1,-1],[4,0],[1,2],[0,3],[4,0],[2,0],[3,-10],[0,10],[8,-1],[3,0],[12,0],[5,2],[15,-3],[50,-2]],[[168682,722664],[-5,5],[-6,1],[-3,19],[0,5],[-1,0],[0,-21],[-3,0],[-4,0],[-8,1],[-5,20],[-15,-1],[-10,1],[-3,-4],[-3,0],[0,-28],[-2,-3],[-6,11],[0,4],[-13,-3]],[[167811,729491],[3,-6],[13,-63],[3,-52],[2,-132],[11,-46],[8,-52],[1,-35],[5,-32],[2,-10],[-8,-55],[-36,-94],[0,-34],[0,-3],[14,-75],[4,-16],[5,-19],[2,-8],[28,-168],[11,-13],[15,-4],[-2,-34],[4,-46],[1,-77],[-5,-56],[0,-4],[-6,-42],[12,-14],[19,-27],[6,-93],[0,-54]],[[167735,728370],[-11,36],[-14,31],[-1,35],[-20,34],[-5,31],[2,78],[19,100],[8,100],[17,145]],[[168013,731905],[6,6],[1,1],[3,9],[0,9],[-5,2],[0,10],[15,27],[14,8],[8,12],[4,-16],[1,-21],[-2,-7],[-13,-22],[-1,-22],[-8,-21],[-17,1],[-6,12],[0,12]],[[167991,732993],[77,-44],[58,-39],[1,-312],[56,-1],[12,-25],[7,-7],[1,-14],[5,-15],[4,2],[0,-70],[-10,0],[-4,-23],[-14,-13],[-10,2],[0,-47],[-12,16],[-7,1],[-5,-20],[-4,-9],[-5,1],[-3,15],[-7,17],[-6,1],[-2,-34],[-5,-21],[-5,-64],[-7,-16],[-15,5],[-2,-18],[-6,2],[-2,-32],[8,-37],[-6,-37],[3,-10],[-3,-17],[-8,-13],[-5,9],[-9,-31],[6,-36],[1,-34],[4,-9],[14,11],[9,-6],[12,-22],[7,-38],[6,-19],[1,-15],[-1,-1]],[[168120,731926],[-20,31],[-7,3],[1,11],[-8,20],[-22,11],[0,28],[-13,23],[-9,-2],[-4,-1],[-6,-11],[-7,-10],[-19,-9],[-26,-13],[-3,4],[-6,38],[1,13],[0,9],[-6,15],[-27,-21],[-3,-2],[-4,9],[4,15],[-1,8],[-1,66],[-13,110],[-6,51],[-25,31],[-1,6],[-4,27],[-1,10],[-7,18],[-6,15],[5,47],[-4,70],[-7,43],[-21,-8],[-6,-15],[-9,-8],[-11,2],[-2,13],[1,12],[10,20],[31,6],[-1,45],[22,159],[7,27],[2,43],[-7,35],[-3,1]],[[169138,727942],[-11,41],[-7,45],[-12,1],[-5,3],[-1,6],[6,34],[-2,14],[-21,18],[-4,15],[-3,7],[-5,10],[-7,2],[-9,-14],[-6,4],[-5,61],[-4,16],[-8,20],[-12,12],[-1,6],[-4,17]],[[168930,723692],[7,-88],[-12,-63],[0,-21],[0,-1],[5,-3],[7,10],[7,3],[2,0],[9,-6],[3,1],[4,8],[5,-11],[1,-5],[2,-5],[9,-8],[0,18],[0,1],[0,29],[0,12],[28,0],[5,0]],[[169012,723563],[0,-18],[16,1],[0,-19],[-14,0],[0,-11],[6,0],[-3,-28],[6,-10],[-11,-1],[0,-19],[16,-3],[0,-18],[-4,0],[-5,-35],[7,-5],[-10,-4],[5,-113],[-6,6],[6,-7],[-3,-43],[-1,-13],[3,-48],[-4,-46],[-3,-12],[0,-31],[8,-13],[3,-13],[-6,-2],[-1,-1],[-8,-13],[1,-10],[-8,-86],[2,-29],[7,-40],[1,-67],[-6,-30],[-3,0],[-2,-5],[4,1]],[[169078,724236],[0,-35],[-1,-49],[17,0],[-1,-33],[9,0],[0,-32],[8,0],[1,-61],[-16,5],[-9,20],[-9,-2],[0,-6],[6,2],[8,-21],[-5,-4],[-8,-3],[1,-27],[0,-41],[0,-49],[0,-11],[5,-5],[-1,-69],[-4,0],[0,-16],[7,-1],[0,-13],[10,0],[-1,-56]],[[169095,723729],[-16,1],[-1,-86],[0,-79],[0,-5],[-24,2],[-9,0],[-16,0],[-17,1]],[[169697,732666],[0,-174],[-13,-14],[-11,-26],[-2,-15],[7,-22],[9,-21],[8,-13],[0,-217],[-2,-621],[-1,-18],[1,-49],[7,-22],[9,-13],[-2,-16],[10,-10],[2,-30],[-2,-10],[6,-21],[5,-7],[1,-24],[4,-24],[8,-8],[4,-18],[7,-23],[14,-10],[11,-24],[7,-6],[0,-30],[3,-22]],[[168645,731160],[-32,102],[-18,47],[-5,21],[-15,79],[-18,118],[-4,27],[-6,114],[-2,36],[1,304],[2,94],[0,8],[3,25],[4,16],[3,14],[2,12],[2,18],[1,151],[-2,85],[-2,94],[-4,34],[-6,41],[6,2],[4,4],[4,0],[6,-5],[10,-1],[7,0],[13,0],[0,21],[4,0],[0,-13],[3,1],[0,-9],[6,0],[4,-1],[2,0],[0,11],[7,1],[0,-12],[15,0],[10,0],[22,0],[26,-1],[11,0],[7,0],[10,0],[25,-1],[1,43],[8,-1],[2,47],[-2,17],[4,0],[4,9],[1,-9],[7,-5],[5,-11],[4,1],[6,-9],[-1,-13],[10,-27],[-3,-6],[8,-19],[2,-18],[6,-10],[4,-26],[4,-8],[10,-39],[4,-22],[12,-28],[1,-15],[17,-22],[11,-18],[2,-20],[6,18],[3,33],[18,22],[16,-40],[8,11],[5,-16],[1,-29],[6,-39],[13,-48],[3,-20],[13,-35],[4,-21],[12,-40],[9,-23],[0,520]],[[168715,726796],[-3,8],[0,-14],[-1,7],[-11,7],[-7,-4],[-2,-42],[4,-3],[0,-29],[2,-8],[1,-129],[-2,-17],[0,-33],[3,-11],[1,-68],[-1,-22],[7,-4],[1,40],[5,7],[0,29],[19,1],[0,-29],[-7,-11],[2,-7],[11,1],[0,-17],[5,-13],[-13,-37],[-4,-16]],[[168725,726382],[-18,4],[13,-67],[-15,-30],[-6,-16],[-11,-39],[-4,-11],[-1,-5],[-4,10]],[[168679,726228],[1,2],[-17,1],[0,42],[-12,27],[-1,2],[-2,6],[-13,10],[-9,-14],[-9,-1],[-9,-17],[-3,15],[-8,1],[3,29],[-4,-7],[0,19],[0,67],[3,9],[-4,24],[-24,3]],[[168571,726446],[0,5],[-2,46],[3,23],[1,6],[9,65],[6,37],[1,23],[0,5],[0,3],[0,2],[0,13],[9,40],[0,3],[1,3],[1,2],[0,4],[20,72],[4,16],[3,47],[-4,89],[8,112],[5,32],[7,4],[1,1],[17,9],[2,1],[4,2],[12,11],[6,6]],[[168564,725350],[1,0],[0,11],[4,17],[2,6],[5,8],[5,0],[0,8],[24,33],[8,-1],[8,8],[16,-9],[3,0],[8,0],[16,-1],[6,0],[3,0],[8,0],[0,21],[9,-1],[0,-15],[8,-4],[0,-2],[0,-21],[0,0],[1,-1],[0,-1],[1,0],[1,-1],[1,0],[0,-1],[7,1],[6,-2],[0,-16],[-11,0],[-3,-42],[14,-4],[0,-35],[0,-4],[0,-22],[-8,0],[0,-21],[-7,0],[-2,-42],[0,-74],[0,-11],[-6,-11],[-3,0],[0,-11],[0,-9],[-1,-11]],[[168573,725094],[-1,11],[-6,33],[-2,8],[-1,2],[-1,3],[-1,3],[-1,11],[-2,23],[-1,-5],[-3,0],[0,0],[0,5],[0,28],[1,10],[5,39],[-4,0],[0,21],[7,0],[1,12],[0,10],[0,10],[0,32]],[[168875,719026],[-28,-1],[-4,0],[-6,-20],[-5,-66],[-5,0],[-3,-84],[-26,0],[-8,88],[-4,2],[-1,1]],[[168785,718946],[-4,48],[-3,12],[-3,18]],[[168775,719024],[-3,19],[0,74],[-1,35],[0,12],[5,-5],[2,43],[2,18],[14,-2],[8,-10],[3,-3],[7,0],[9,0],[3,1],[0,-55],[4,-1],[9,1],[8,0],[0,42],[8,0],[20,1]],[[169124,724487],[3,54],[-5,31],[15,-1],[0,-7],[8,-42],[2,0],[9,12],[-3,37],[11,7],[2,2],[0,-23],[14,-71],[16,-1],[0,-28],[2,6],[6,1],[-5,-21],[30,-1],[0,43],[17,-1],[0,43],[-4,0],[1,43],[5,-1],[15,-1],[-1,-42],[12,0],[4,-1],[0,-41],[1,-16],[0,15],[8,1],[1,-43],[8,-1],[0,-38],[12,7],[8,-6]],[[169316,724403],[-1,-9],[15,-2],[5,10],[13,-7],[2,-17],[-13,-12],[8,-15],[-12,-6],[-11,-37],[6,-1]],[[169328,724307],[-2,-88],[1,-48],[0,-34],[-5,-24],[-6,-2],[1,-46],[0,-3],[16,-7],[6,-7],[-1,-28],[-20,0],[0,-20],[18,6],[5,-14],[1,-10],[-16,-1],[0,-43],[8,1],[0,-42],[9,-1],[0,-21],[-10,-4],[0,-18],[8,-61],[1,-24],[-15,-13],[-5,-11],[-5,-43],[1,-11]],[[169318,723690],[-4,2],[-8,-38],[-1,-4],[-3,-3],[-15,-44],[-4,-17],[5,-15],[10,-31],[28,-76],[8,-32],[7,-48],[0,-6],[1,-35]],[[169342,723343],[-24,-1],[-4,0],[-11,-2],[-1,-2],[-19,5],[-23,0],[-9,1],[-7,0],[0,42],[0,64],[0,45],[0,8],[0,56],[-11,0],[0,-9],[-23,-73],[-4,-13],[-6,-11],[-9,-21],[-5,-1],[-9,0],[0,-28]],[[169177,723403],[-5,-13],[-3,-31],[-7,-13],[-16,0],[-2,0],[0,43],[0,83],[0,1],[0,32],[0,42],[0,10],[0,32],[-1,56],[0,19],[0,65],[-15,-1],[-16,0]],[[169112,723728],[-17,1]],[[168617,721468],[18,-1],[7,-16],[8,-3],[15,-19],[2,-19],[-5,-19],[5,-7],[12,0],[3,-7],[-12,-98],[-16,0],[11,-37],[-1,-13],[-12,-28],[1,-9],[14,-39],[0,-21],[3,0],[1,-41],[-56,1],[-3,2]],[[168612,721094],[-23,48],[5,32],[-1,41],[8,3],[0,166],[0,21],[-4,61],[3,3],[17,-1]],[[168917,721861],[-8,-1],[0,-9],[-2,-23],[-2,0],[-3,0],[0,-8],[-2,1],[-2,-4],[0,-13],[1,-4],[8,-1],[1,-6],[-2,-5],[-10,-8],[0,-21],[0,-5],[-4,0],[-6,-5],[-4,0],[0,-18],[4,-1],[0,-5],[3,0],[0,-8],[-7,0],[0,-22],[0,-20],[5,-12],[10,-4],[0,-21],[-15,9],[-10,5],[-1,1],[-3,-26],[-4,3],[-1,-5],[-5,6],[-23,5],[-9,9],[0,-25],[-19,-5],[-6,0],[-1,-7],[9,-36],[2,-2],[-1,-8]],[[168810,721562],[-2,-1]],[[168808,721561],[-7,19],[-16,14],[2,14],[7,3],[-6,23],[-9,3],[4,25],[-3,8],[-5,5],[-17,-26],[-3,7],[4,32],[6,12],[0,14],[0,2],[-5,12],[-10,-5],[-3,21],[-7,11],[-21,-15],[4,52],[0,64],[3,13],[-17,66],[-7,36]],[[169328,724307],[17,-3],[-1,-16],[6,-1],[-2,-27],[29,-2],[1,43],[17,0],[0,19],[16,1],[2,65],[67,-4],[1,23],[2,92],[2,-2],[13,-20],[-1,-37],[5,-10],[26,-1],[0,-47],[16,-1],[0,-26]],[[169544,724353],[0,-60],[5,0],[6,-46],[7,-32],[12,-2],[2,36]],[[169714,723118],[-10,-4],[-1,-3],[0,-46],[-3,-31],[6,-76],[0,-47],[17,0],[1,-6],[9,-20],[-1,-6]],[[169650,723036],[2,50],[-6,24],[-3,26],[-14,25],[-17,2],[0,7],[0,40],[0,33],[-17,7],[-16,3],[-1,83],[0,43],[-12,3],[2,19],[-6,3],[0,56],[-17,8],[5,3],[6,15],[-11,17],[0,-32],[-17,0],[-4,11],[0,-11],[-29,-1],[-55,0],[-7,29],[-6,0],[0,13],[-7,0],[-5,17],[0,-9],[-2,14],[-1,6],[3,48],[0,8],[-27,1],[-6,13],[1,-13],[-40,0],[0,43],[0,32],[-18,13],[-7,5]],[[168841,721169],[1,256],[-2,24],[-30,113]],[[168546,720959],[2,0],[14,0],[7,0],[0,1],[2,-2],[0,5],[10,0],[0,-6],[14,-1],[7,-1],[23,-1]],[[168625,720954],[32,-1],[6,23],[6,-23],[13,-1],[0,5],[9,5],[1,-4],[5,4],[0,-8],[1,-1],[8,1],[1,-13],[4,-2],[4,10]],[[168628,720197],[-12,0],[1,-56],[3,-10],[-1,-6],[-2,-2],[-1,-10],[-1,-22],[-7,0],[0,-21],[-8,0],[-1,-41],[-2,22],[-7,17],[-9,-7],[-7,-27],[-10,-6],[0,-6],[-2,-9],[5,-20],[-8,0],[-7,0]],[[168552,719993],[-1,3],[1,22],[2,5]],[[168554,720023],[9,15],[6,10],[4,6],[8,33],[0,2],[0,4],[0,2],[-1,147],[0,39],[0,18],[0,11],[4,35],[-4,10],[-2,7],[-1,2],[2,19],[-1,24],[-3,78],[0,6],[-1,42],[0,1],[-1,11],[5,44],[-1,11],[-4,37],[-10,9],[-2,17],[-3,35],[-4,35],[-4,36]],[[168863,726794],[0,-17],[2,0],[0,-41],[-5,-2],[6,-16],[-1,-5],[-4,-15],[-5,-18],[7,-11],[-4,-38],[6,-24],[0,-4],[-2,-2],[0,-36],[0,-11],[-4,-53],[4,-21],[0,-11],[-12,-10],[0,-22],[13,1],[0,-21],[-4,-16],[2,0],[0,-6],[2,0],[0,-42],[-4,-21],[4,-16],[-2,-6],[-17,-50],[-2,-7],[-10,-30],[-3,-23]],[[168830,726200],[-9,0],[-7,1],[0,48],[-7,-4],[-1,3],[-1,2],[1,19],[-13,1],[1,-4],[-4,-15],[-10,-8],[-4,9],[-1,10],[-5,7],[-8,-5],[0,-21],[-9,-11],[-8,-1],[-6,-25],[-5,3],[-6,63],[-1,5],[19,-6],[0,23],[3,22],[-20,3],[-4,6],[8,50],[-8,2],[0,5]],[[169062,725078],[0,6],[-6,4],[0,6],[0,26],[7,-1],[7,1],[-1,30],[9,3],[-1,9],[9,2],[7,-3],[0,75],[4,9],[28,-2],[1,7],[0,56],[-8,1],[0,21],[-16,1],[0,-25],[-12,-2],[-5,9],[0,19],[-8,1],[0,42],[-14,0],[0,11],[6,2],[4,29],[4,0],[0,31],[1,3],[-1,5]],[[169077,725454],[0,86],[1,45],[11,-3],[-1,-19],[15,-1]],[[169226,725291],[0,-2],[-13,-3],[-4,-5],[0,-23],[-1,-21],[17,-1],[15,-71],[1,-10],[7,-31],[0,-50],[23,-1],[8,0],[0,-66],[-10,1],[0,-19],[-6,0],[6,-66],[5,-18],[8,-1],[22,-20],[1,-2],[33,-52],[-4,-88],[3,-53],[2,-49],[1,-11],[-2,-16],[-3,-31],[-1,-10],[-5,-43],[-13,-126]],[[169564,725068],[0,-75],[-1,-104],[-1,-181],[-2,-9],[-14,12],[-2,28],[-33,1],[3,-147],[1,-26],[30,1],[4,0],[6,-36],[1,-5],[-1,-20],[4,-54],[1,-39],[4,-70],[-9,-4],[-11,13]],[[169096,726031],[-16,1],[-17,0],[0,5],[0,17],[-14,0],[10,35],[5,1],[-2,25]],[[169073,726262],[-14,0],[-13,1],[-33,1],[-25,1],[-6,0],[-11,0],[-13,1],[-12,1],[-16,0],[-9,0],[-3,1],[-4,5],[-7,19],[-7,15],[-4,4],[-3,0],[0,-51],[-4,-28],[5,-49],[-9,0],[0,-20],[0,-17],[-4,-8]],[[168881,726138],[-7,0],[0,12],[0,5],[-6,13],[-9,-1],[-4,-17],[-17,0],[3,31],[-10,4],[-2,-1],[1,16]],[[168881,726138],[0,-39],[0,-1],[0,-51],[-3,0],[-5,0],[0,-21],[-1,0],[-9,-11],[2,-13],[-8,-71]],[[168672,725912],[0,6],[-6,22],[-3,0],[0,36],[0,18],[0,30],[4,0],[-4,18],[0,5],[2,0],[-2,38],[6,0],[-5,20],[3,0],[-2,26],[-4,0],[0,4],[2,0],[0,12],[6,-1],[1,5],[-4,11],[4,15],[1,2],[2,5],[-3,5],[9,39]],[[168591,723160],[2,-7],[0,-1],[0,-12],[-8,-13],[2,-8],[2,-8],[2,-9],[2,3],[0,-11],[-3,-5],[3,-15],[0,-3],[0,-30],[12,0],[0,-10]],[[168524,722918],[0,1],[11,92],[0,1],[-5,35],[-4,24]],[[168157,736590],[0,-16],[0,-14],[-1,-63],[-1,-13],[-3,-25],[-1,-16],[-5,-40],[-3,-24],[-4,-23],[0,-57],[0,-31],[-2,-25],[-3,-16],[-13,-54],[-2,-32],[0,-86],[0,-14],[-2,-24],[-4,-33],[-4,-47],[3,-27],[-7,0],[1,-14],[7,-17],[-22,7],[-10,-4],[1,28],[0,7],[-1,56],[-18,1],[0,32],[-14,8],[-3,15],[-15,18],[7,-24],[0,-48],[3,-14],[-12,-4],[0,-23],[1,-19],[-10,1],[0,-17],[-10,-6],[4,-49]],[[168559,734964],[-25,0],[1,-35],[-7,-20],[4,-3],[-16,-33]],[[168516,734873],[-3,11],[-2,18],[6,6],[-10,7],[-3,2],[5,-41],[3,-28],[-3,-49],[-20,91],[-4,20],[-2,22],[-1,5],[-16,51],[-2,12],[-4,-14],[-15,-14],[-2,6],[-10,82],[-7,8],[-3,-9],[-3,64],[-10,-5],[-15,29],[-7,31],[-8,10],[-6,25],[-5,2],[-224,2],[-73,1]],[[168072,735218],[-16,72],[3,5],[0,14],[-3,9],[-4,-16],[-16,41],[-9,6],[-7,31],[-13,59],[-5,40],[7,16],[18,-41],[17,20],[12,33],[12,11],[-2,59],[-1,86],[-17,117],[-4,25],[-4,25],[1,8],[5,25],[-7,18],[-2,5],[-13,-23],[-10,-19]],[[168684,722011],[-8,-10],[5,-28],[-4,0],[-18,23],[-14,10],[-11,0],[-7,18],[-3,-11],[-1,9],[-4,-4],[0,1],[-13,2],[0,-5],[-21,0],[-12,2],[-3,0],[-6,0],[-1,6],[-4,-5],[-8,-2]],[[168543,722017],[-2,39],[16,0],[-4,30],[-2,11],[9,2],[-5,34],[-4,95],[-1,68],[0,8],[-1,4],[0,18],[1,23],[-6,17],[-5,31],[-16,111]],[[168516,734873],[6,-23],[2,-54],[15,7],[2,-18],[0,-19],[8,-39],[-2,-14],[-28,-1],[4,-85],[-2,-56],[-10,-185],[-2,-44],[1,-33],[5,0],[0,-17],[5,0],[32,-4],[4,-21],[-21,0],[1,-62],[6,0],[-14,-20],[-9,-4],[-12,8],[-3,3],[-2,-49],[3,-40],[-1,-31],[-7,-58],[0,-107],[2,-44],[3,-32],[22,-140],[12,-80],[-53,5],[-28,3],[0,28],[-7,13],[-15,1],[-2,21],[-7,10],[0,-11],[23,-61],[-30,3],[-1,-174],[-22,2],[-31,-14],[-4,2],[-11,19],[-18,18],[-5,15],[-14,9],[-85,-5],[0,41],[-16,-4],[0,-81]],[[168210,733451],[-51,-1],[-1,84],[-69,-2]],[[168089,733532],[-5,101],[-10,46],[18,56],[-2,20],[-3,22],[-4,72],[-8,46],[-1,32],[0,15],[-7,15],[-3,5],[-13,27],[-4,17],[-3,14],[0,36],[-8,56],[6,48],[-5,34],[-11,68],[-2,15],[-19,8],[-5,3],[-32,15],[-17,32],[-12,27],[-15,27],[-34,8],[-14,9],[-10,-11],[-12,-6],[8,32],[-3,30],[-10,23],[2,17],[10,26],[1,26],[6,9],[6,-16],[5,-22],[-2,-22],[2,-18],[11,-10],[16,-20],[7,-32],[17,-5],[34,-3],[3,0],[56,9],[2,0],[25,-6],[2,-36],[2,-4],[8,-20],[17,-7],[-15,-28],[1,-4],[8,-32],[19,-59],[12,-4],[12,-29],[18,5],[9,35],[1,36],[1,30],[8,16],[7,-12],[20,-6],[1,5],[4,25],[6,8],[5,3],[16,7],[5,20],[-3,11],[-2,12],[2,27],[5,4],[12,10],[14,53],[1,7],[11,138],[11,2],[5,18],[-8,23],[4,21],[-5,13],[-17,46],[-5,47],[-13,52],[-14,19],[-6,5],[0,19],[1,17],[-14,52],[-48,36],[-11,36],[-30,100],[-29,67],[-6,27]],[[168683,733230],[-4,48],[-6,5],[-6,-11],[-1,-40],[0,-49],[-2,-18],[-11,-17],[-21,-10],[-6,-6],[-5,-27],[-3,-39],[-11,-25],[-11,-38],[-4,-29],[2,-50],[-2,-28],[-3,-8],[-8,-3],[-38,-10],[-13,2],[-18,9],[0,13],[-2,43],[-1,83],[-20,5],[-8,12],[0,-15],[-33,-4],[-42,0],[75,98],[-76,-91],[-2,7],[-12,7],[-7,-21],[-8,0],[-12,1],[-51,2],[-7,0],[-95,0],[1,172],[0,85],[-2,61],[0,22],[6,0],[0,22],[11,6],[-1,57],[-16,0]],[[168668,720196],[0,-35],[2,-31],[6,-43],[2,-27],[1,-33],[-1,-77],[-1,-22],[-1,-63],[-2,-47],[-1,-41],[-9,-79],[-9,-86],[-6,-71],[-1,-13],[1,0],[5,2],[1,-9],[-3,-36],[3,-44],[3,-2],[10,12],[3,32],[-1,22],[2,10],[2,-3],[6,-5],[1,-106],[-3,-15],[3,2],[0,-25],[-1,9],[-4,-22],[3,-38],[-4,-8],[0,-29],[6,0],[-2,-80],[2,-4],[0,-12],[0,-23],[0,-50],[0,-8],[0,0],[0,-2],[1,-1],[-1,-13],[1,0],[0,-3],[-2,0],[-16,13],[0,-13],[0,-2]],[[168547,719102],[3,24],[3,19],[-4,2],[1,44],[0,128],[0,7],[-3,0],[-2,9],[-2,3],[0,13],[2,0],[0,10],[5,1],[0,41],[-5,3],[-6,35],[-14,10],[-4,10],[-3,22],[39,75],[-5,18],[-2,18],[0,22],[0,24],[0,58],[0,25],[0,60],[0,24],[-5,0],[0,18],[5,0],[0,42],[0,14],[1,70],[0,34],[1,8]],[[169177,723403],[0,-13],[0,-35],[11,-5],[-2,-14],[-4,5],[-5,-14],[0,-22],[0,-2],[0,-28],[0,-24],[0,-12],[0,-19],[0,-42],[0,-13],[1,-29],[2,-26],[-2,-3],[2,-15],[4,-27],[-2,-5],[1,-6],[-3,-27],[-1,-5],[0,-44],[0,-43],[0,-19],[-2,-21],[0,-2],[0,-16],[2,0],[1,-35],[-3,-17],[-15,-33],[-4,-12],[-5,0],[0,-3],[0,-4]],[[169119,722780],[0,4],[1,110],[-9,1],[1,2],[0,35],[0,0],[0,88],[3,0],[0,2],[3,-1],[-5,12],[-1,19],[0,21],[0,64],[-1,84],[0,33],[0,22],[0,30],[0,62],[0,22],[8,-1],[-3,15],[0,6],[-5,-1],[0,34],[6,-1],[-1,16],[1,24],[-6,0],[0,8],[9,0],[-1,68],[-7,0],[0,87],[0,83]],[[169342,723343],[0,-53],[-2,-23],[-3,-30],[-3,-12],[-14,-46],[-10,-25],[-9,-26],[-4,-16],[-6,-37],[-3,-27]],[[169286,722801],[-3,-37],[2,-66],[-1,-29],[-5,1],[-2,-18],[3,-40]],[[168482,725792],[0,-37],[-1,-16],[2,-34],[-1,-6],[0,-10],[0,-21],[1,-60],[0,-46],[0,-18],[0,-18],[2,-4],[-2,-10],[0,-35],[-10,0],[-7,0],[0,-2],[17,-21],[0,-35],[0,-5],[4,-7],[-2,-15],[-2,0],[0,-42],[0,-15],[0,-28],[2,0],[0,-16],[1,-13],[-1,-5],[-2,1],[1,-9],[0,-4],[1,-25],[7,0],[-5,-13],[-3,0],[0,-22],[1,-21],[-1,-43],[0,-42]],[[168476,725095],[-9,0],[-1,0],[-15,0],[-5,1],[-12,0],[-16,0],[-1,0],[-16,0],[-17,1],[-15,0],[-6,-3]],[[168363,725094],[-1,3],[-5,21],[0,31],[14,33],[1,2],[2,63],[0,19],[-8,98],[-3,29],[0,0],[-2,36],[0,5],[11,11],[3,6],[12,25],[12,27],[6,14],[1,2],[11,42],[0,3],[11,39],[30,103],[0,2],[12,43],[1,1],[11,40]],[[168337,719784],[2,0],[15,38],[5,13],[16,17],[16,-12],[6,-20],[1,1],[8,5],[1,2],[3,3],[6,9],[0,1],[1,0],[1,3],[2,13],[1,6],[1,5],[5,39],[2,2],[30,32],[27,20],[4,4],[53,40],[7,12],[4,6]],[[169449,719697],[18,0],[0,-48],[-6,-3],[-12,9],[0,42]],[[169421,720030],[0,-35],[5,-43],[10,-2],[9,-5],[1,-5],[1,-13],[-6,-2],[3,-25],[-9,0],[-1,-20],[-5,-14],[-3,-4],[-7,-33],[-5,-7],[-13,0]],[[169075,720518],[0,17],[0,12],[-5,1],[-2,-7],[-2,-1],[-3,16],[12,1],[0,21],[0,21],[0,10],[0,95],[0,31],[0,27],[0,27],[0,84],[-4,0],[3,38],[2,-16],[7,12]],[[168482,725792],[0,1],[10,35],[16,16],[5,5],[16,38],[0,2],[5,11],[0,2],[1,2],[6,35],[1,4],[4,22],[4,46],[-1,34],[0,9],[0,16],[5,36],[1,4],[8,23],[1,17],[2,14],[-1,27],[0,1],[-1,41],[-7,41],[-1,6],[-2,8],[0,3],[17,152],[0,3]],[[168559,725689],[-18,0],[5,-32],[0,-9],[0,-39],[-4,-4],[1,-32],[3,-10],[1,-64],[0,-21],[8,0],[9,-1],[4,-21],[8,8],[2,-12],[-3,-18],[-10,-52],[-5,-31],[4,-1]],[[168849,725665],[0,-24],[-1,-5],[6,-9],[6,-12],[2,-6],[-8,0],[0,-16],[0,-10],[0,-16],[-5,-11],[-1,3],[0,-4],[15,-33]],[[168863,725522],[4,-46],[-2,-34],[-6,3],[1,7],[-1,3],[-1,-16],[-2,-11],[-7,5],[1,4],[-2,-5],[-14,12],[-3,-13],[1,-4],[0,-2],[0,-1],[4,-8],[-2,-28],[-8,-1],[-3,-3],[-7,-1],[-1,0],[0,-12],[-6,0],[-5,-40],[-3,0],[-3,11],[0,-7],[0,-11],[-8,3],[0,-23],[-6,0],[1,-7],[9,-31],[1,-8],[-16,1],[-10,0],[-2,0],[2,-19],[9,-24],[2,-11],[-3,-13],[-5,-19],[-5,-2],[-2,0],[-2,-61],[-3,-23]],[[169667,717585],[-92,-97],[-24,-24],[-6,42],[-4,15],[0,16],[-4,29],[-8,1],[-13,4],[-6,-11],[-14,-44],[-17,-9],[-6,-10],[1,-124],[1,-33],[-7,-13],[-3,1],[0,28],[-10,13],[-9,44],[3,31],[-17,23],[-2,-11],[-13,-37],[-1,-85],[1,-6],[5,-11],[6,-12],[-18,23],[-31,-2],[8,-21],[-7,-22],[28,1],[1,-43],[0,-85],[-49,0]],[[169360,717156],[-23,0]],[[169272,717602],[0,-21],[32,0],[18,0],[0,41],[8,0],[13,-22],[6,0],[14,25],[8,4],[13,17],[-25,-16],[-5,0],[-7,16],[-4,17],[-22,4],[-12,0],[-6,0],[-2,0],[-13,-1],[-6,0],[-1,0],[-5,10],[-5,0],[-6,7],[-11,3],[-2,-25],[-9,-19],[-12,-1],[-5,-8],[-7,-30]],[[169195,717553],[-1,6],[1,6],[10,24],[2,3],[5,0],[4,7],[9,32],[4,10],[3,2],[11,0],[8,18],[-28,-4],[-19,-3],[2,46],[5,24],[5,4],[-2,3],[3,11],[-10,7],[0,50],[-24,-12],[-1,2],[-20,37],[-22,41],[0,33],[17,1],[0,10],[17,1],[0,21],[15,0],[0,20],[18,1],[1,-9],[14,-1],[2,12],[-3,1],[-10,3],[-1,0],[-3,38],[-10,0],[-4,-17],[-6,0],[0,12],[-12,-3],[-34,0],[0,16],[8,0],[0,34],[8,0],[17,9],[0,20],[-33,1],[0,20],[0,1],[0,7],[0,36],[0,52],[0,12],[16,10],[1,102],[-7,3],[1,6],[11,-7],[6,13],[5,-7],[-1,114],[1,84],[0,42],[-10,1],[-6,11],[1,18],[-6,1],[-2,10],[-2,5],[1,33],[9,6],[23,2],[0,47],[5,-2],[1,47],[10,-3]],[[169360,717156],[0,-13],[-3,-22],[10,-29],[11,-80],[10,-33],[4,-30],[0,38],[7,1],[-10,42],[9,1],[1,12],[10,47],[1,29],[14,24],[2,14],[5,18],[11,-3],[4,5],[0,12],[3,-7],[10,13],[8,-6],[17,32],[6,-17],[1,-23],[15,-29],[6,0],[5,-13],[11,-63],[7,-8],[4,4],[14,-12],[7,4],[8,-16],[3,-21],[12,-9],[14,-22],[15,2],[12,13],[-1,-21],[14,-30],[7,-2],[18,-32],[-1,-18],[-5,-9],[-3,-18],[-1,-39],[7,-5],[2,-21],[6,-9],[7,-23]],[[167472,722177],[25,26],[22,22],[13,79],[6,10],[15,-10],[12,-9],[15,-10],[23,49],[7,15],[32,10],[9,3],[7,44],[7,8],[11,-6],[3,-1],[9,-5],[15,-8],[5,8],[4,17],[30,145],[7,7],[3,17],[7,35],[24,62],[4,28],[14,12],[7,33],[14,62],[-1,11],[5,11],[3,-5],[38,67],[14,-10],[6,-28],[-3,-66],[-2,-28],[3,-7],[12,0],[3,-12],[-4,-16],[-18,-40],[-4,-25],[0,-2],[15,-21],[14,3],[33,-33],[-1,-16],[-6,-4],[-2,-2],[-8,-7],[-1,-2],[-6,-32],[-6,-28],[-5,-24],[11,-78],[2,-60],[-3,-31],[-5,-39],[0,-1],[-15,-106],[-2,-10],[1,-31],[1,-15],[0,-4],[4,-4],[1,-1],[2,-2],[49,-12],[12,18],[2,-1],[11,0],[4,-17],[6,-54],[1,0],[2,-1],[3,0],[2,16],[37,-6],[7,-37],[13,-32],[5,-13],[-23,-71]],[[166874,728218],[-1,-10],[14,-75],[9,-4],[12,-98],[6,-98],[12,-39],[-7,-25],[-4,-81],[-17,-66],[-60,-94],[-5,-30],[12,-30],[9,10],[16,35],[21,-7],[64,40],[30,63],[6,59],[12,32],[-1,56],[5,42],[7,46],[1,23],[2,31],[6,111],[1,117],[-7,26],[-51,55],[-13,15],[-5,26],[-3,22],[-14,30],[-3,55],[-52,106],[-30,29],[-3,3],[-12,-6],[-3,13],[29,104],[6,54],[0,7],[-4,79],[-13,39],[-2,31],[10,38],[52,94],[52,123],[15,52],[17,59],[6,-11],[8,-13],[21,10],[15,7],[11,6],[6,3],[15,7],[24,19],[25,20],[9,6],[12,9],[14,11],[6,0],[3,0],[4,0],[7,0],[47,-1],[25,19],[2,-13],[-5,-12],[-11,-25],[-8,-43],[-2,-57],[5,-43],[10,-32],[3,-9],[12,-41],[12,-44],[-17,-24],[-19,-28],[-36,-51],[-6,-8],[-13,-15],[-9,-11],[-34,-83],[-7,-17],[1,-27],[-6,-22],[-8,-1],[-9,-57],[5,-23],[3,-12],[20,-39],[13,-36],[5,-48],[7,-62],[31,-97],[28,-33],[-5,-13],[-11,-35],[0,-7],[0,-53]],[[167199,728251],[-7,7],[-11,-7],[-22,18],[-2,10],[-9,-16],[-7,-1],[0,-42],[0,-21],[-8,0],[0,-15],[-5,10],[-1,5],[-2,-2],[-17,23],[0,-116],[0,-42]],[[168676,719012],[8,1],[5,-21],[5,-1],[-17,-45]],[[168676,718853],[0,-84],[2,0],[3,-37],[-5,-8],[0,-79],[5,-14],[1,-49],[-6,0],[5,-29],[-4,0],[-1,-51],[0,-2],[1,-3],[2,-30],[-3,0],[0,-81],[13,-18],[9,-27],[-1,-3],[-5,20],[-14,-19],[4,-10],[1,-67],[-6,3],[0,-6],[4,-10],[0,-6],[0,-23],[-4,-26],[6,-1],[-6,-14],[1,-61],[0,-6],[-1,-6],[1,-31],[7,0],[0,-28],[-7,0],[0,-45],[0,-7]],[[168678,717995],[0,-10],[-10,0],[0,18],[-1,0],[-22,0],[-17,0],[-17,1],[-6,0],[-10,-1],[-25,0],[-8,0],[-2,0],[0,-6],[-4,-3],[-6,-7],[-3,16],[-2,0],[-3,0],[-18,-6],[1,-30],[-13,31],[0,-10],[-5,10],[-13,-10],[-9,2],[-4,5],[0,10],[-3,0]],[[168677,719023],[8,-1],[28,1],[4,0],[27,1],[2,0],[29,0]],[[168785,718946],[1,-24],[6,-38],[0,-29],[3,-21],[0,0],[4,-33],[1,-55],[-3,-59],[-3,-28],[4,-57],[5,-35],[0,-46],[3,-37],[6,-34],[6,-18],[3,-10],[-5,-21],[-6,-2],[-2,0],[-6,2],[-20,16],[0,-17],[19,-5],[-21,-23],[1,-24],[4,0],[1,0],[16,-21],[1,-2],[7,-9],[0,1],[1,-1],[1,-2],[1,2],[1,1],[1,-1],[2,-3],[1,0],[1,-4],[7,-12],[5,-17],[2,-14],[3,-11],[6,-22],[19,-41],[9,-10],[7,-2],[0,-3],[7,-1],[4,5],[2,6],[-2,26],[15,-3],[10,7],[4,-3],[1,-14],[-4,-53],[1,-29],[8,-21],[-2,-23],[-11,-26],[-1,-7],[1,-17],[2,-10],[6,-13]],[[168918,718001],[-42,-64],[1,64],[-5,1],[-7,-1],[-10,-2],[0,-1],[-6,-1],[0,5],[-25,0],[0,21],[-6,2],[-5,-20],[-9,-3],[-39,-1],[-21,0],[-24,0],[-18,1],[1,-11],[-9,0],[0,-8]],[[168694,717983],[-10,8],[-6,4]],[[168694,717983],[0,-17],[-16,-1],[1,-24],[4,-3],[0,-25],[-4,0],[-1,-12],[-2,-7],[3,-10],[0,-56],[16,-10],[-3,-34],[-13,1],[0,-22],[0,-21],[0,-57],[5,-6],[-5,-2],[0,-20],[11,-1],[0,-41],[-11,0],[0,-42],[0,-86]],[[168679,717487],[-34,0],[-34,0],[-41,2],[-8,0],[-1,-6],[-2,-2],[-2,-2],[0,9],[-5,0],[-6,0],[-2,30],[-2,16],[-2,-5],[-1,-4],[-2,-38],[-58,-3]],[[168910,718842],[-1,-42],[0,-67],[0,-51],[0,0],[0,-127],[16,0],[1,-34],[2,-8],[14,0],[0,-84],[17,0],[0,-84],[-2,-17],[1,-5],[3,-22],[-2,-5],[1,-51],[7,-2],[0,-3],[1,-24],[2,-41],[5,-16],[1,-89],[-2,-9],[3,-11],[-1,-67],[-43,1],[-1,-23],[-8,-1],[3,15],[2,26],[-9,0]],[[168920,718001],[-2,0]],[[168885,717657],[4,48],[-3,9],[4,21],[13,37],[-1,39],[3,26],[7,8],[13,-3],[4,13],[-1,14],[-4,35],[-7,47],[3,50]],[[168679,717487],[0,-85],[-1,-84],[8,9],[24,-9],[0,-151],[-5,-1],[-1,-7],[-7,-4],[-19,16],[-1,-24],[0,-2],[0,-43],[0,-41],[0,-3],[0,-29],[0,-53]],[[168677,716976],[-42,1],[-10,0],[-1,0]],[[168624,716977],[-13,0],[-3,0],[0,11],[-13,1],[0,-12],[-17,0],[-28,-2],[-3,2],[-2,0],[0,-20],[0,-9],[-2,-6],[-33,-5],[-12,61],[-5,67],[-12,39]],[[167135,720134],[2,-17],[32,2],[0,-24],[17,-2],[0,-20],[16,0],[0,-20],[12,0],[5,-10],[2,-8]],[[167221,720035],[0,-2],[-2,-24],[0,-13],[5,-22],[11,-20],[-8,-28],[0,-58],[2,-28],[6,-1],[-1,-138],[-1,-1],[-11,-1],[4,-19],[23,-8],[0,-34],[-15,-1],[0,-20],[-16,-1],[0,-63],[-17,-1],[2,-43],[15,-44],[-29,-45],[-15,-16],[-8,-20],[-4,-24],[-11,-2],[-15,5],[-1,34],[0,8],[-9,7]],[[167126,719412],[14,71],[5,21],[2,14],[0,3],[-4,68],[-1,1],[-7,10],[-7,10],[2,33],[0,6],[-7,97],[3,32],[15,191],[28,4],[5,-9],[26,13],[3,17],[-3,5],[-2,4],[-29,5],[-47,52],[-3,9],[-2,15],[5,28],[2,4],[10,10],[1,8]],[[168251,718744],[8,8],[33,49],[4,2],[3,1],[36,12],[6,6],[7,-11],[1,-39],[6,3],[0,23],[10,-19]],[[168377,718131],[-11,1],[-10,0],[-8,-1],[-8,-5],[-16,-5],[0,11],[-25,0],[0,-11],[-8,0],[-4,16],[-5,-1],[-2,7],[-14,-11],[-16,0]],[[168250,718132],[0,21],[4,98],[-4,9],[4,5],[-4,65],[2,19],[-2,38],[2,42],[-2,0],[5,6],[-3,12],[0,66],[-2,14]],[[168250,718527],[0,5],[0,69],[3,23],[-3,0],[3,58],[-3,4],[0,10],[0,2],[4,2],[0,11],[4,2],[0,0],[-1,8],[-6,23]],[[167440,717203],[8,-5],[9,-41],[8,-4],[11,26],[8,19],[6,14],[5,53],[9,49],[1,5],[2,16],[4,23],[15,59],[21,88],[23,65],[18,27],[5,1]],[[167405,716858],[0,2]],[[167405,716860],[-5,34],[-8,33],[1,14],[5,22],[1,24],[-5,30],[2,8],[14,18],[11,8],[5,16],[-1,27],[2,27],[12,25],[2,41],[-1,16]],[[167632,720727],[-3,-27],[-3,-70],[1,-50],[2,-43],[5,-28],[3,-11],[3,3],[-1,-20]],[[167639,720481],[-25,-17],[-42,-73],[-28,-31],[-21,-7],[-9,-32],[-10,-11],[-2,-2],[-30,-23],[-5,-4],[-9,-47],[-2,-5],[-6,-22],[-8,-30],[-8,-24],[-29,-40],[-8,-12],[-14,-62],[-25,-27],[-20,-44],[-9,3],[-4,2]],[[167325,719973],[1,30],[-10,37],[4,12],[-2,-5],[-13,5],[19,-55],[0,-17],[-8,0],[1,-58],[-6,-2],[-5,-18],[-16,10],[-30,0],[12,62],[9,-4],[2,25],[-3,2],[-3,0],[-6,0],[1,40],[-1,6],[-13,9],[-25,-1],[-12,-16]],[[167135,720134],[1,5],[-2,31],[16,28],[-6,27],[-3,14],[-5,-7],[-9,-3],[-6,2],[-6,-2],[-9,-24],[-2,0]],[[167661,722686],[-4,-22],[-1,-9],[-2,-54],[-6,-26],[-2,-9],[-31,-13],[-19,-39],[-7,-2],[-24,-6],[-9,-16]],[[167542,719888],[10,-11],[2,-1],[9,1],[7,0],[1,12],[13,-1],[2,12],[9,-7],[0,-18],[13,12],[0,7],[13,5],[9,-13],[0,12],[9,0],[3,-18],[8,6],[17,-1],[4,6],[0,-21],[8,0],[15,0],[1,0],[36,6],[29,4],[23,0],[1,4],[10,-18],[7,-28],[-1,-18],[2,3]],[[167802,719823],[3,-35],[1,-10],[2,-36],[1,-6],[1,-4],[4,-18],[1,-3],[2,-7],[11,-80],[4,-27],[19,-63],[9,-30],[0,-1],[1,-3],[4,-14],[17,-76],[8,-60],[-9,-61],[-15,-59],[-4,-17],[-4,-14],[-3,-10],[-21,-71],[-20,-57],[-15,-44],[-4,-10],[-24,-24],[-6,11],[-10,17],[-4,12],[-11,34],[-1,4],[-2,3],[-10,19],[4,52],[1,2],[13,22],[6,36],[-13,0],[-11,0],[-16,-10],[-7,-3],[-21,-15],[-13,11],[-2,2],[-5,10],[-4,9],[-1,3],[-21,42],[-1,4],[-4,7],[-3,1],[-18,5],[-33,26],[-1,0],[-19,32],[-16,-4],[0,0],[-12,20],[-7,7],[-17,18],[-22,-3],[-3,-34],[-4,-34],[-17,-8],[-19,7],[-11,16],[-5,30],[4,34],[1,6],[2,13],[3,30],[10,82],[13,15],[8,44],[-18,50],[2,31],[16,46],[11,51],[3,20],[4,31],[1,6],[-4,53],[5,43],[8,17],[17,-6],[11,13],[4,-8],[5,-13],[8,-20],[3,16]],[[168380,715795],[15,13],[8,40],[-3,36],[6,10],[-5,25],[11,-1],[-1,61],[17,-26],[16,17],[17,-9],[0,43],[13,-1],[16,2],[-1,19],[-11,106],[0,31],[0,96],[-29,1],[-3,84],[-3,86],[2,2],[0,41],[3,-1],[-1,21],[21,20],[11,-2],[0,44],[45,3],[1,45],[14,1],[2,0],[1,43],[33,-1],[0,53],[8,0],[0,-42],[8,-1],[0,-11],[8,0],[1,42],[7,1],[-10,50],[-5,10],[0,5],[9,14],[11,29],[1,19],[9,41],[-3,85],[3,0],[2,38]],[[168677,716976],[66,-1],[35,1],[0,-40],[28,-2],[1,43],[6,-1],[0,3],[0,-3]],[[168348,715580],[-1,212],[33,0],[0,3]],[[167199,728251],[0,-4],[10,-37],[2,-5],[3,-33],[2,-11],[11,-18],[7,-10],[7,-12],[6,-9],[3,-4],[3,-10],[3,-15],[11,-44],[27,13],[5,12],[5,15],[5,12],[2,5],[-2,29],[-6,69],[-4,17],[-10,39],[-3,13],[7,56],[1,70],[2,106],[-6,21],[-20,-2],[-3,15],[30,104],[0,6]],[[167408,727892],[-18,26],[-14,43],[-1,22],[-26,11],[-8,-16],[-2,-6],[-13,-26],[-5,-10],[0,-40],[10,-11],[-1,-30],[3,-14],[19,-131],[5,-28],[2,-16],[2,-121],[14,-44]],[[167636,724278],[-5,-4],[0,-25],[17,-16],[18,8],[6,-30],[10,-5],[0,-33],[-5,-1],[-4,-1],[-4,-2],[5,-44],[-6,-21],[1,-22]],[[167796,726009],[2,-2],[11,19],[0,0],[0,2],[1,116],[1,75],[-12,95],[-2,15]],[[167988,726360],[4,-17],[2,-11],[4,-23],[3,-49],[-8,-136],[5,-24],[0,-7],[2,-41],[13,-55],[-1,-33],[7,-38],[-2,-88],[0,-35],[1,-78],[4,-16],[9,-46],[11,-25],[50,-102],[0,-73],[-9,-60],[-7,-19],[-24,-64],[-4,-5],[-12,-15],[-4,-4],[0,-50],[20,-47],[2,-4],[17,-36],[17,-16],[4,-32],[-2,-23],[7,-35],[8,-34],[0,-26],[21,-36],[0,-3],[3,-100],[-7,-50],[3,-35],[-17,-42],[0,-2],[-35,-28],[-15,9],[-5,3],[-6,4],[-6,-6]],[[168041,724707],[0,7],[1,240],[-66,1],[-5,0],[-47,-1]],[[167085,718613],[6,3],[1,-6],[1,2],[10,30],[33,-1],[0,-33],[8,12],[27,-3],[4,-13],[12,80],[47,-1],[0,-86],[10,7],[11,56],[12,11],[1,60],[3,38],[29,1],[0,-147],[1,-1],[30,-2],[2,0],[1,-77]],[[167334,718543],[-3,-9],[-27,-55],[-1,-3],[0,-5],[-2,-20],[-11,-24],[-14,4],[-8,50],[-1,104],[-7,-37],[-10,-57],[-4,-23],[7,-15],[2,-4],[6,-82],[2,-21],[12,0],[1,0],[16,11],[6,-11],[-18,-77],[-9,-40],[3,-43],[-5,-25],[1,-28],[11,-28],[-22,-36],[-3,-35],[-14,-33],[-23,-42],[-15,8],[-9,4],[-8,52],[-2,10],[-1,20],[-1,29],[-2,23],[-5,45],[-4,34],[-16,-2],[-17,28],[-24,138],[-28,130],[-3,77],[0,10],[0,29],[1,19]],[[167681,723649],[0,-7],[-6,-13]],[[167669,723617],[0,-1],[2,-7],[1,-6],[20,-36],[24,-41],[4,-45],[0,-7],[10,-23],[12,17],[9,-4],[4,-28],[-8,-139],[-1,-27],[-8,-132],[0,-6],[-5,-80],[0,-4]],[[167040,734582],[11,20],[10,86],[5,7],[11,-20],[16,-13],[0,-18],[-11,-37],[-22,-37],[-16,-13],[-4,5],[0,20]],[[167104,735637],[0,-18],[19,-11],[22,-35],[46,-56],[96,-103],[2,-22],[-12,-9],[-17,-26],[-13,-11],[0,-82],[-14,-31],[-14,-30],[-16,-31],[-21,-24],[-9,-3],[-14,-40],[-3,-22],[-2,-13],[-13,-16],[-8,-10],[-11,-13],[-14,-55],[-12,-34],[-16,-22],[-2,-44],[13,-41],[8,-60],[12,-55],[-4,-11],[-13,8],[-18,37],[-10,14],[-14,-14],[-5,-42],[-14,-15],[-9,10],[-9,-5],[-3,11],[1,45],[7,70],[1,44],[-7,9],[-3,28],[0,10],[-3,8],[-4,-4],[-2,-11],[-7,0],[-6,-12],[-24,35]],[[166859,735086],[2,-38],[6,-46],[5,-50],[24,-76],[10,-14],[9,-31],[-1,-94],[-8,-32],[-17,-28],[-3,-51],[-29,-33],[-11,-37],[-14,-4],[-7,30],[-17,-2],[-14,15],[-14,11],[-17,-15],[-12,-5],[-16,12],[-20,-11],[-23,19],[-9,6],[0,41],[-9,6],[-12,-2],[-12,-2],[-2,5],[-4,9],[-5,36],[-7,14],[-2,39],[8,18],[-15,127],[8,29],[2,51],[-15,26],[-8,46],[-3,-4]],[[168393,730333],[-4,-7],[-2,-1],[-2,3],[-1,10],[-5,19],[-3,13],[-5,8],[-2,-5],[-3,-1],[-2,-2],[-4,-8],[-26,1],[-14,-11],[-10,-15],[-10,-6],[-9,4],[-18,15],[-3,19],[0,17],[-2,19],[-10,19],[-5,20],[-10,4],[-23,-14],[-26,-32],[-13,-44],[0,-24],[3,-16],[6,-33],[4,-92],[15,-2],[9,-32],[-1,-29],[-40,-148],[-21,-41],[-9,19],[-4,-1],[-13,-8],[-26,-69],[1,-99],[-2,-45],[8,-20],[6,-31],[-5,-53],[31,-53],[5,-78],[7,-37],[19,-75],[18,-35],[5,-36],[4,-22],[6,-26],[9,-58],[10,-19],[19,-36],[12,-8],[10,-19],[9,-17],[5,-76],[17,-26],[5,4],[8,-8],[60,-181],[40,-121],[19,-75],[15,-84],[14,-86],[14,-42],[5,-37],[3,-33],[-6,-22],[-13,-4],[-29,17],[-15,19],[-24,67],[-11,3],[3,18],[-10,50],[-8,105],[-23,80],[-27,60],[-19,26],[0,5],[-2,18],[-11,45],[-12,52],[-18,29],[-14,1],[-6,0],[-22,17],[-12,26],[-8,56],[-26,79],[-30,112],[-32,-16],[-12,-48],[-15,-46],[-11,-4],[-9,7],[-5,17],[-2,27],[-29,62],[-13,10],[-5,12],[-5,20],[-8,67],[-3,27],[7,47],[-1,28],[-8,32],[-6,49],[-9,25],[-9,59],[4,36],[-2,7],[-10,29],[-2,4],[-9,14],[-1,50],[-21,108],[13,36],[3,44],[-3,56],[-4,14],[-5,15],[-1,24],[0,7],[-7,25],[-1,81],[2,44],[12,112],[-1,30],[0,42],[-2,128],[13,112],[13,23],[15,-6],[14,20],[12,18],[21,11],[8,15],[2,4],[13,-5],[5,-38],[14,-16],[22,-12],[8,4],[9,4],[11,19],[5,13],[4,10],[13,81],[10,86],[9,11],[17,-12],[8,-37],[15,3],[28,-33],[42,-49],[37,-43],[31,-47],[4,2]],[[166325,709385],[64,-1],[0,79],[98,3],[3,-17],[0,-32],[4,-24],[6,-16],[2,-19],[-1,-33],[1,-16],[-3,-19],[0,-26],[2,-28],[6,-10],[7,-23],[1,-29],[11,2],[5,23],[5,-12],[-2,-35],[-6,-20],[11,-21],[3,-19],[16,-9],[10,-10],[10,-28],[3,-1],[17,0],[4,0],[0,127],[43,-1],[0,-84],[15,0],[6,42],[18,4],[26,24]],[[166519,708875],[-13,-1],[-165,3]],[[167058,710480],[11,-46],[-6,-82],[-9,-65]],[[168021,718855],[1,0],[0,-37],[0,-90],[0,-14],[12,1],[1,-18],[-1,-144],[1,-37],[-14,0]],[[167798,718514],[5,16],[10,38],[1,1],[1,2],[14,38],[7,63],[0,9],[1,77],[2,12],[2,11],[-2,30],[0,51],[5,20],[0,0],[7,-3]],[[166322,720283],[-11,37],[-39,36],[-6,-6],[-8,19],[-14,3],[-10,22],[-12,0],[-17,-40],[-5,11],[-7,14],[-18,0],[-16,-14],[-15,6],[-8,22],[0,10],[0,16],[-1,62],[0,4],[-9,1],[-10,33],[-2,70],[9,9],[16,65],[5,56],[10,38],[20,118],[-2,18],[31,180],[7,16],[11,55],[1,25],[10,33],[3,23],[13,20],[7,46],[17,21],[7,20],[-4,36],[29,146],[12,22],[30,94],[22,88],[14,68],[8,94],[-1,107],[25,105]],[[166271,722564],[5,32],[60,70],[6,6],[-17,30],[-9,9],[-11,19],[-15,6],[-11,11],[-11,27],[-28,38],[-10,4],[-14,21],[-21,7],[-7,9],[-15,2],[-10,10],[-18,34],[-12,-2],[-5,13],[2,8],[9,10],[5,14],[22,34],[14,8],[8,11],[14,38],[4,30],[3,14],[11,26]],[[166220,723103],[279,-2],[42,-2]],[[166541,723099],[2,0],[1,-6],[-3,-37],[-17,-54],[-25,-98],[-14,-61],[-11,-15],[-6,-81],[-11,-59],[-19,-81],[-18,-50],[-1,-44],[-17,-17],[-8,-26],[15,-49],[-17,-100],[-29,-17],[-10,-60],[-17,-49],[7,-63],[-15,-45],[-15,-122],[9,-28],[-13,-73],[-29,-70],[-28,-84],[5,-17],[-5,-47],[-17,-7],[-21,-60],[-2,-39],[-10,-16],[-29,-97],[-14,-22],[-11,2],[-11,22],[-4,-2],[-1,-13],[10,-39],[-4,-11]],[[167764,710226],[11,-1],[12,11],[14,23],[12,37],[20,79],[2,23],[12,213],[12,36],[12,13],[-1,-33],[23,-4],[12,13],[14,-11],[14,21],[8,19],[12,60],[9,16],[1,17],[9,15],[10,27],[8,35],[9,5],[5,13],[10,3],[14,-4],[7,-34],[6,-12],[7,-27],[11,-6],[20,30],[7,2],[15,-17],[5,-13],[3,-24],[15,-44],[3,-27],[16,-33],[13,-39],[18,-15],[11,10],[1,12],[-9,21],[6,20],[18,10],[23,-11],[27,-41],[7,-17],[9,3],[5,-10],[111,-102]],[[168828,709818],[2,-5],[8,-107],[9,-14],[5,-28],[0,-16],[4,-43],[1,-15],[5,-10],[4,-40],[-2,-37],[-3,-9],[-7,-83],[-5,-82],[1,-28],[2,-13],[-4,-12],[1,-6],[1,-13],[2,-10],[2,-4],[5,-3],[20,-51],[6,5],[-3,-15],[-4,-2],[-2,-15],[9,-31],[-1,-18],[-4,-25],[-14,-21],[-16,-19],[-3,18],[1,42],[-6,3],[-4,-11],[-2,-10],[-26,-5],[-4,8],[-12,-16],[-10,-21],[-12,-35],[-12,-49],[-7,-22],[-25,-50],[-6,-3],[-12,-15],[-7,4],[-6,-5],[-11,-28],[-35,0]],[[165559,709897],[-28,-23],[-10,-4],[-10,6],[-7,13],[-6,0],[-9,16],[-14,15],[-2,8],[-6,-2],[-30,20],[-6,-4],[-16,7],[-8,-1],[-6,-8],[-8,16],[-10,24],[-5,20],[-2,90],[1,89],[-1,158]],[[165989,714301],[15,7],[5,9],[9,-8],[7,4],[1,10],[14,0],[16,12],[24,-11],[10,-12],[13,-7],[1,-22],[-7,0],[3,-10],[-4,-11],[0,-60],[-20,-11],[9,-17],[16,-66],[4,16],[5,0],[-1,-30],[11,-20],[-1,-23],[4,-3],[2,4],[5,36],[4,7],[6,36],[11,18],[6,19],[9,13],[13,47],[2,17],[1,30],[5,9],[15,22],[10,4],[2,11],[7,-7],[8,13],[17,-7],[19,-26],[9,-21],[16,-11],[8,10],[9,-14],[37,50],[10,6],[5,42],[6,13],[4,9],[5,3],[7,18],[5,32],[13,39],[4,25],[1,17],[9,27],[1,18],[-7,13],[2,12],[-6,-2],[2,15],[-3,11],[6,4],[2,14],[-3,19],[4,15],[-3,29],[5,116],[4,16],[9,9],[3,7],[1,28],[5,3],[13,-17],[3,4],[-2,21],[3,2],[26,-34],[4,3],[6,-14],[13,-4],[10,-12],[11,-7],[22,1],[4,6],[2,-10],[-2,-20],[2,-12],[-4,-20],[2,-31],[5,-1],[9,-19],[5,-3],[9,12],[0,-12],[2,14],[13,19],[-1,12],[15,31]],[[165462,712944],[1,161],[32,7],[35,0],[65,6],[0,164],[33,0],[0,165],[33,1],[0,84],[32,-1],[0,73],[10,0],[5,9],[80,-2],[70,12],[65,-5],[0,91],[0,8],[31,-35],[11,1],[3,-13],[12,-1],[3,2],[6,7],[1,6],[-1,42],[0,221],[0,22],[11,-1],[1,34],[-11,3],[-1,120],[0,176]],[[168023,718995],[12,0],[15,1],[22,-2],[0,6],[7,0],[9,-6],[0,-5],[5,0],[0,10],[4,0],[6,-4],[16,-1],[0,7],[4,0],[6,-4],[1,4],[6,0]],[[168199,719099],[3,-46],[1,-12],[1,-12],[0,-12],[3,1],[1,-24],[-9,-3],[2,-24],[9,3],[3,-48],[-3,-1],[3,-48],[2,-24],[3,-48],[1,-24]],[[168219,718777],[-29,-11],[-26,2],[0,-5],[-11,6],[-5,-15],[-6,9],[-2,2],[-26,-2],[-2,0],[-11,2],[-9,4],[-1,0],[-12,-6],[-8,-1],[-19,-1],[-5,3],[-4,6],[-3,9],[-17,76]],[[167939,719224],[9,-18],[1,-11],[-6,-10],[-10,13],[6,26]],[[168041,719460],[0,-1],[18,-44],[9,-20],[4,-15],[0,-2],[1,-1],[6,-22],[21,-38],[7,-16],[1,-2],[8,-19],[9,-23],[9,-6],[4,-3],[9,-6]],[[168147,719242],[-2,-3]],[[168131,719207],[-6,-1],[-5,-28],[-4,4],[0,1],[-9,1],[-6,0],[-5,-11],[0,11],[-5,0],[-4,0],[-10,0],[-5,-11],[0,11],[-13,0],[-5,-11],[-5,11],[-2,0],[0,-6],[-7,0],[0,6],[-10,0],[-4,0],[-5,-1],[-20,1],[-4,0],[-9,0],[-2,0],[-6,-14],[-8,17],[-3,4],[0,-10],[-6,0],[0,10],[0,5],[0,1],[0,2],[-28,47]],[[167935,719246],[1,8],[9,73],[3,84],[0,4],[0,26],[-14,75],[-11,57],[-16,73],[-2,9],[-16,58],[1,15],[19,14],[25,-27],[42,-101],[5,-7],[10,-15],[3,-3],[3,7],[3,7],[15,-42],[1,-7],[0,0],[4,-12],[0,-1],[1,-4],[1,-2],[1,-4],[17,-50],[0,-12],[0,-7],[1,-2]],[[168041,719460],[-18,32],[-1,1]],[[168022,719493],[0,-4],[2,-4],[15,-30],[2,5]],[[168022,719493],[-1,16],[-3,11],[-6,-13],[2,-2],[8,-12]],[[168150,718176],[4,71],[1,66],[3,73],[0,11],[-1,34],[-3,86],[-1,9]],[[168153,718526],[2,11],[12,-11],[12,-1],[0,11],[6,0],[0,-3],[14,-1],[19,0],[8,0],[5,0],[0,-3],[3,0],[0,-2],[6,0],[0,5],[2,0],[4,0],[4,-5]],[[168250,718132],[-8,1],[0,5],[-2,15],[-6,-20],[-17,0],[-6,0],[-2,0],[-10,0],[0,5],[-3,0],[-3,2],[-7,-2],[0,-5],[-10,0],[-8,0],[0,22],[-17,0],[1,21],[-2,0]],[[168219,718777],[2,1],[1,-11],[-4,-9],[-4,-5],[1,-22],[-1,-17]],[[168214,718714],[-16,-8],[-8,2],[-22,8],[-9,-7],[-2,-4],[-5,-21],[0,-6],[-1,-55],[0,-23],[2,-74]],[[168150,718176],[-3,0],[-29,1],[-30,0],[0,63],[-5,2],[-6,-66],[-31,0],[0,-22],[-12,0],[0,23],[-12,-1],[0,9],[0,59],[-12,1],[0,16]],[[168214,718714],[7,7],[13,16],[8,4],[6,2],[3,1]],[[168251,718744],[-2,12],[0,18],[-5,18],[-2,31],[3,1],[-5,36],[1,0],[10,3],[-1,97],[-2,25],[-10,70],[-4,1],[-3,21]],[[168231,719077],[3,-1],[10,18],[1,1],[11,58],[11,23],[14,-2],[2,13],[2,15],[1,5],[4,33],[2,7],[9,33],[10,37],[-6,29],[9,28]],[[168250,718132],[0,-37],[3,0],[1,-5],[-4,-43],[0,-42],[0,-9],[7,-25],[-7,0],[0,-73],[3,-8],[12,6],[2,-9],[0,7],[7,1],[0,-24],[-24,-3],[0,-2],[0,-2],[0,-8],[16,-1],[0,-22],[-17,1],[0,-42],[0,-8],[0,-17],[5,0],[-3,-26],[-2,1],[0,-41],[1,-15],[0,-11],[0,-18],[-2,0],[0,-9],[0,-12],[0,-24],[0,-57],[0,-12],[8,0],[-1,-27],[-5,-10],[-10,1],[0,-13],[7,0],[6,-12],[3,-39],[-12,-2],[4,-31],[1,0],[0,-14],[8,1],[-1,-54],[1,-11],[-9,0]],[[168248,717332],[-8,0],[-1,84],[-30,31],[-4,1],[-2,10],[-13,16],[-4,15],[-14,0],[-1,-13],[-2,-10],[-3,4],[-11,14],[4,28],[-26,1],[0,-4]],[[168133,717509],[-1,2],[0,54],[10,-1],[1,44],[7,2],[0,30],[-13,1],[1,29],[-5,0],[-1,0],[0,15],[4,20],[3,55],[-2,2],[-1,0],[0,38],[1,6],[0,14]],[[168137,717820],[0,63],[0,6],[2,30],[-6,27],[-8,40],[0,21],[-1,0],[-1,0],[17,66],[3,18],[4,42],[3,43]],[[168379,716980],[-16,0],[0,-7],[-13,1],[0,7],[-3,0],[0,85],[0,6],[0,79],[0,21],[0,22],[-1,0],[1,37],[0,5],[1,48],[-19,2],[0,-7],[-1,2],[-14,-7],[-11,6],[-15,7],[-8,2],[-6,-50],[-17,1],[0,36],[-9,0],[0,56]],[[167718,717855],[0,28],[31,-2],[0,3],[0,17],[10,0],[22,-1],[0,4],[0,99],[5,0],[6,46],[4,1],[2,19],[9,0],[0,15],[0,21],[0,2],[0,3],[0,9],[0,1],[-1,0],[-5,-1],[1,51],[-4,9],[2,8],[1,10],[0,0]],[[167954,718331],[-1,-12],[3,-12],[-8,-22],[3,-41],[-6,-44],[-3,0],[2,-3],[-3,-30],[-6,-11],[0,-17],[-8,-44],[2,-61],[-6,-28],[-12,-17],[1,-28],[37,-90],[1,-19],[-1,5],[-8,-17],[-8,8],[-1,-43],[-3,-2],[0,20],[-13,0],[0,-41],[2,-5],[-2,-18],[-8,-4],[0,-43],[9,0],[3,-17],[10,-21],[26,-6],[0,-6],[1,-37],[2,-10]],[[167959,717615],[-16,-28],[-23,-51],[-13,-36],[-3,-6]],[[168137,717820],[-16,0],[0,19],[-22,0],[-4,0],[-6,0]],[[168032,717645],[-9,0],[-2,0],[-8,0],[-6,0],[-16,26],[-21,-31],[-11,-25]],[[166786,717859],[-6,-22],[-14,-67],[-9,-66],[-6,-69],[-3,-52],[1,-57],[1,-45],[-2,-30],[-1,-119],[0,-65],[-1,-104],[0,-134],[0,-2],[1,-51],[13,-146],[0,-5],[6,-88],[2,-22]],[[166777,716267],[-9,14],[-9,35],[-7,6],[-26,2],[-12,2],[-12,17],[-31,57],[-27,50],[-35,42],[-15,19],[-11,8],[-8,1],[-32,-6],[-10,3],[-16,29],[-14,26],[-14,35],[-8,22],[-11,31],[-3,5],[-2,3],[-3,2],[-11,6],[-3,3],[-16,21],[-8,2],[-8,-6],[-23,-50],[-26,-41],[-29,-29],[-11,-44],[-4,2],[-2,-25],[-6,-9],[-3,5],[-8,-10],[-29,4],[-10,-1],[-12,-5],[0,-4],[0,-2],[-6,2],[-16,-13],[-18,-21],[-33,-45],[-18,-12],[-20,-1],[-16,6],[-10,-61],[-5,-20],[-49,-42],[-68,-31],[-21,-4],[-8,-8],[-34,-14],[-25,-14],[-3,0],[-36,-15]],[[166986,716551],[49,16],[0,2],[0,19],[14,4],[-4,-13],[-3,-6],[13,18],[8,4],[55,15],[0,-10],[4,4],[12,0],[0,4],[7,0],[1,19],[19,14],[16,13],[1,-9],[5,5],[1,-14],[16,0],[1,15],[16,0]],[[167217,716651],[0,-20],[0,-60],[-1,-4],[0,-42],[0,-2],[3,0],[0,-34],[-3,0],[0,-9],[0,-95],[0,-25],[-4,-16],[-3,-38],[7,-32],[3,-4],[14,-7],[15,-34],[1,-4],[0,-86],[0,-14],[0,-66],[-17,0],[-28,3],[-4,1],[-15,-1],[-17,12],[-10,8],[-4,2],[-3,1],[-7,-6],[-10,-7],[-2,-1],[-13,2],[0,-6],[-9,-6],[-9,-1],[-18,1],[2,-22],[0,-20],[0,-42],[-7,0],[-10,0],[-33,0],[-32,1]],[[166926,717979],[5,-10],[15,-30],[13,-21],[11,23],[8,-16],[0,-22],[3,-34],[2,-34],[-2,-22],[7,-27],[-18,-42],[1,-54],[0,-4],[3,-24],[-5,-47],[-6,-8],[0,-14],[4,-23],[-6,-8],[-2,-17],[2,-3],[2,-4],[7,4],[4,2],[3,-13],[6,-52],[1,-6],[8,-54],[1,-8],[14,-48],[2,5]],[[167009,717368],[-1,-16],[4,-20],[-8,-1],[6,-25],[0,-26],[11,0],[-2,-11],[3,-72],[-7,-1],[7,-12],[-3,-24],[0,-33],[10,10],[6,-17],[-26,0],[0,-53],[-6,-13],[0,-15],[0,-50],[3,-17],[7,0],[7,-7],[-1,-37],[-9,0],[0,-14],[-7,-2],[0,-5],[0,-84],[0,-128],[0,-42],[30,0],[3,-7],[-1,-36],[-5,12],[-3,-11],[-24,0],[0,-53],[-4,-1],[-13,-5]],[[165989,714301],[0,499],[0,168],[2,342],[2,333],[0,161],[3,169],[-69,10],[-70,3],[7,157],[0,49]],[[166043,714650],[2,-2],[3,10],[2,-3],[4,9],[-2,5],[8,14],[4,6],[6,12],[-9,15],[-10,7],[-6,-7],[-1,-17],[-10,-35],[9,-14]],[[167045,720751],[-5,1],[-4,-6],[-2,-5],[-3,2],[0,9],[-6,4],[-6,-8],[-1,-9],[2,-23],[7,-29],[5,-12],[3,-25],[0,-2],[-2,-48],[0,-10],[-2,-11],[-3,-22],[-1,-27],[-6,-42],[-1,-11],[-1,0],[-1,-5],[-1,-5],[-6,-28],[-1,-6],[-3,-12],[-2,-9],[2,-2],[7,-10],[5,-13],[1,-19],[-2,-34],[4,-4],[4,7],[5,-2],[-2,-36],[2,-38],[-2,-36],[-1,-1],[-4,-31],[1,-2],[6,-27],[-2,-20],[11,-77],[0,-37],[-8,-54],[-16,-50],[1,-6]],[[167009,717368],[2,5],[4,11],[-3,45],[8,57],[-5,26],[1,28],[1,32],[6,32],[-4,44],[0,22],[4,90],[-2,139],[5,55],[15,127],[19,30],[8,-95],[11,-68],[14,-6],[18,-62],[6,-64],[11,-15],[6,-87],[11,-26],[1,-20],[1,-24],[-6,-24],[4,-52],[5,-64],[3,-6],[4,-7],[16,-2],[6,-14],[1,-20],[-2,-19],[8,-10],[29,-1],[6,-4],[2,-13],[1,-4],[0,-2],[2,-1],[7,-5],[11,-25],[7,-44],[24,-40],[11,-17],[4,-7],[11,-9],[6,-7],[24,-47],[3,-6],[-2,-39],[3,-21],[3,-17],[38,-5],[7,26],[24,0],[11,61],[17,7],[5,-3]],[[167405,716860],[-31,-42],[-18,-2],[0,-3],[-9,-17],[7,-6],[-4,-6],[-8,-6],[-50,-38],[1,-21],[-18,-13],[0,21],[-10,-7],[-3,-3],[0,-24],[3,0],[0,-42],[-16,0],[-32,0]],[[168377,724219],[15,22],[15,51],[1,2],[-2,35],[4,14],[1,4],[10,34],[0,37],[0,33],[10,78],[-1,6],[-5,51],[-4,50],[-20,110],[1,12],[7,112],[0,1],[-15,44],[-4,12],[0,1],[-5,13],[-3,28],[-9,31],[-8,30],[2,20],[0,1],[-2,36],[-2,7]],[[168037,717416],[3,0],[16,-3],[0,-56],[72,0],[7,7],[14,42]],[[168149,717406],[0,-214],[6,-6],[14,-20],[2,-8],[1,-5],[1,-2],[2,-1],[2,0],[2,2],[3,6],[6,0],[7,0],[22,-1],[7,0],[14,-1],[1,0],[-1,-139],[-3,0],[4,-9],[0,-4],[5,-20],[0,-5],[-1,-36],[4,0],[-1,-128],[34,-1],[0,-517],[0,-42],[0,-208],[65,0],[0,-62],[29,5],[5,1],[0,-72],[1,-124]],[[167633,715974],[0,28],[-7,10],[-10,-11],[-7,-1],[-7,20],[4,18],[-10,18],[-13,11],[-7,31],[-10,9],[-5,-27],[-10,-24],[-9,3],[1,13],[8,21],[-6,39],[-6,11],[-13,16],[-5,21],[-16,15],[-2,6],[-6,43],[0,18],[5,35],[-2,12],[-7,17],[-8,10],[-5,14],[-2,28],[3,26],[8,27],[4,24],[0,13],[-5,58]],[[167274,724438],[2,11],[3,18],[13,79],[5,30],[1,7],[0,32],[9,6],[8,6],[22,101],[10,30],[3,49],[6,92],[15,77],[23,21],[8,30]],[[168041,724707],[-14,-15],[-13,-2],[-24,10],[-12,27],[-21,4],[-21,4],[-14,3],[-43,-14],[-10,-3]],[[167325,719973],[-2,-20],[1,-43],[5,-19],[1,-34],[-16,-128],[-11,-43],[0,-2],[-13,-52],[-4,-18],[-5,-35],[-13,-104],[-12,-63],[-1,-115],[-5,-16],[-11,-32],[0,-4],[0,-28],[2,-2],[1,-2],[12,-16],[5,8],[6,11],[8,-16],[-11,-65],[0,-44],[0,-6],[2,-33],[0,-2],[11,9],[1,4],[14,62],[19,-2],[-4,-23],[-5,-31],[0,-39],[0,-29],[12,-62],[28,-15],[8,25],[3,9],[9,-2],[1,-8],[1,-4],[3,-30],[-17,-39],[-1,-65],[-1,-20],[-5,-16],[-1,-1],[5,-44],[4,-35],[10,-30],[-1,-6],[-2,-60],[-22,-55]],[[167085,718613],[-11,42],[-25,24],[-16,38],[-12,90],[-15,54],[6,26],[6,29],[2,42],[10,69],[0,3],[19,131],[11,70],[12,12],[25,91],[24,54],[2,10],[3,14]],[[166978,719032],[4,27],[0,5],[-3,41],[1,16],[3,28],[14,21],[10,35],[11,-22],[11,-6],[-9,-53],[-13,-48],[-5,-59],[-8,-10],[-5,-7],[-12,27],[1,5]],[[167942,721418],[0,-7],[3,-69],[-10,-28],[-8,-51],[1,-27],[6,-91],[-6,-41],[11,-62],[0,-18],[-11,-54],[-14,-41],[-1,-4],[1,-28],[-15,-74],[-7,-12],[-1,-32],[-9,-13],[-1,0],[-1,-38]],[[167880,720728],[-19,0],[-40,0],[-26,1],[-33,2],[-67,-3],[-13,0],[-20,1],[-11,0]],[[167675,717856],[4,49],[0,33],[6,61],[29,30],[3,5],[0,0],[20,33],[12,5],[0,1],[1,0],[6,26],[14,82],[4,25],[0,0],[0,2]],[[167601,717764],[7,70],[8,100],[4,10],[11,34],[1,-7],[0,-6],[2,-10],[3,-42],[1,-49],[0,-2],[-5,-49],[-15,-41],[-4,-28],[-8,-16],[-4,28],[-1,8]],[[167334,718441],[22,41],[10,68],[21,64],[8,31],[8,71],[7,2],[33,0],[20,14],[17,-14],[12,-58],[26,-32],[-4,-89],[13,-21],[8,2],[-1,38],[8,22],[34,-43],[14,-75],[8,-49],[-2,-48],[-17,-42],[-29,-44],[-64,-28],[-31,17],[-15,5],[-13,36],[-16,21],[-41,13],[-21,29],[-15,34],[0,35]],[[168445,722845],[2,-1],[2,-2],[16,-10],[7,17]],[[168553,721468],[4,0],[2,41],[15,-6],[11,1],[14,2],[0,1],[18,2],[2,-1],[0,-2]],[[168619,721506],[-2,-5],[0,-33]],[[168612,721094],[-3,-2],[1,-41],[3,1],[2,-51],[7,-6],[3,-41]],[[168808,721561],[-5,2],[0,-17],[-7,2],[6,-46],[2,-11],[-8,-1],[-5,0],[0,11],[-8,0],[0,20],[-9,0],[0,-25],[0,-8],[-3,8],[0,3],[-9,0],[0,-2],[-2,-1],[0,-3],[-4,0],[-5,59],[-2,0],[0,-21],[-10,0],[0,-21],[-7,-16],[-15,6],[-1,-10],[-5,10],[-6,-5],[-8,-5],[-6,1],[-41,-1],[0,-28],[-27,39],[-4,5]],[[168393,723392],[-2,-1],[-11,-12],[-7,-8],[-6,4],[-5,3],[-12,16],[-3,6],[-13,17],[-25,54],[-7,14],[-1,7],[-6,25],[-4,23],[0,6],[1,40],[-7,33],[0,1],[-4,19],[0,0],[0,0],[-26,70],[-22,32],[35,35],[9,22],[21,47],[21,13],[0,11]],[[169531,719999],[2,-14],[15,-54],[1,-9],[8,-55],[44,-1],[50,-5],[16,-2],[0,-18],[107,0],[1,-7],[9,-32],[7,-12],[1,-44]],[[169077,725454],[-4,9],[-29,26],[-21,18],[0,-7],[-6,5],[-6,1],[0,-44],[-17,0],[-9,28],[-8,4],[-9,-6],[-8,-23],[-16,-1],[-19,1],[-4,-1],[-17,0],[-7,1],[-2,1],[-13,-3],[-3,0],[-3,1],[-7,40],[-6,18]],[[169871,722199],[-19,9],[-3,-10],[-7,12],[1,18],[9,13],[0,17],[8,34],[5,-6],[5,31],[1,4],[1,-1],[1,1],[2,3],[2,7],[2,8],[-1,0],[-8,-8],[0,30],[-33,2]],[[169733,722436],[-5,66],[-11,33],[-2,0],[-40,1]],[[169675,722536],[1,157],[-4,2],[1,8],[2,4],[1,8],[11,32],[3,43]],[[166906,725128],[1,-4],[-5,-35],[9,-101],[26,-63],[14,-25],[2,-3],[4,-105],[-7,-24],[-1,-2],[-5,-45],[5,-83],[-2,-10],[-4,-17],[-13,-1],[-14,100],[-18,-4],[-12,-11],[-2,-33],[-1,-54],[0,-34],[-1,-9],[-3,-22],[0,-2],[-11,1],[-3,11],[2,12],[-12,7],[-4,-8],[-4,-34],[-3,-107],[-4,-42],[2,-27],[-3,-35],[-7,-23],[-9,-15],[-12,-34],[2,-35],[-3,-43],[3,-16],[-5,-10],[-2,-18],[5,18],[11,-4],[-3,-20],[6,-8],[-3,-13],[9,-25],[-6,-13],[-9,0],[-6,10],[5,-28],[8,1],[-2,-14],[-9,-3],[3,12],[-12,19],[4,-46],[-5,9],[-3,-15],[7,-62],[-12,-63],[-9,-17],[-7,-13],[-8,-71],[16,-6],[2,-24],[2,-13],[-10,-28],[13,-58],[0,-10],[-1,-22],[0,-5],[-3,-22],[-7,1],[-1,-5],[0,-8],[0,-5],[5,-12],[-2,-9],[-28,5],[-16,3],[-10,42],[-16,12],[-2,2],[0,-3],[-10,18],[2,-32],[-6,8],[-7,-8],[4,-29],[-8,10],[-2,-10],[3,-45],[-4,-63],[-9,-12],[-8,-12],[0,-30],[1,-18],[-40,-55],[-3,-33],[-10,-20],[-11,9],[-12,-45],[-18,-21],[-6,5],[-10,-15],[-12,-10],[-7,-24],[-4,-32],[6,-51]],[[166220,723103],[-383,5],[220,556],[3,28],[10,31],[7,35],[3,25],[1,40],[9,31],[-5,38],[0,12],[5,19],[-4,40],[4,31],[-5,56],[0,41],[-7,10],[-10,0],[-14,-18],[4,202],[44,0],[0,851],[212,0],[7,0],[6,-1],[13,1],[18,20],[5,14],[23,51],[10,11],[21,-9],[8,-13],[24,8],[4,-6],[10,1],[12,-8],[13,0],[9,-13],[13,3],[7,-13],[10,-1],[10,-10],[10,7],[15,-9],[5,-18],[10,3]],[[168872,727343],[2,6],[1,29],[3,10],[0,2],[2,7],[-7,55]],[[168873,727508],[1,3],[1,25],[1,17],[0,3],[1,124],[-5,70],[-1,40],[7,43],[9,67],[0,2],[8,23],[14,-1],[-8,32],[-3,10],[-2,9]],[[168559,727928],[11,9],[18,-4],[3,-26],[4,-22],[12,-15],[4,-25],[16,-8],[3,-34],[17,-50],[-10,-14],[-33,33],[-12,15],[-15,21],[-27,101],[9,19]],[[169365,722620],[-4,-11],[0,-99],[7,19],[11,-3],[7,25],[0,26],[4,-18],[14,-23],[4,9],[8,-18],[12,-46],[12,-20],[12,0],[3,-26],[11,2],[7,-18],[-5,-9],[-6,20],[-5,-9],[16,-49],[4,-17],[-1,-31],[5,-17],[6,-22],[10,-44],[5,-10],[8,-7],[6,-1],[1,0],[8,8],[11,23],[19,26],[12,-3],[0,4],[25,-37],[9,-8],[24,-9],[0,16],[17,0],[0,21],[9,-1],[2,22],[6,-2],[0,47],[17,-2],[0,13],[-1,195]],[[167880,720728],[-4,-78],[-1,-25],[3,-49],[0,-9],[5,-23],[9,-50],[17,-34],[5,-30],[4,-23],[-17,-92],[-13,-26],[-10,-73],[-8,-83],[-6,-57],[-29,-122],[-8,-31],[-11,-84],[-7,-5],[-5,-3],[-2,-1],[0,-2],[0,-5]],[[167542,719888],[4,20],[-10,47],[-14,9],[-16,39],[0,29],[13,20],[1,3],[22,80],[10,2],[9,28],[16,39],[21,23],[11,24],[5,44],[11,43],[12,26],[2,9],[7,30],[-4,47],[-1,32],[-2,-1]],[[168133,717509],[13,-14],[3,-4],[0,-85]],[[168467,731160],[-31,1],[6,4],[9,22],[-6,-8],[-10,0],[-10,11],[6,36],[-10,-23],[2,26],[-4,23],[-3,-4],[4,30],[0,29],[-5,-19],[4,-9],[-6,-25],[-12,-2],[1,13],[-5,2],[-8,-12],[-6,9],[1,39],[-6,18],[-4,11],[5,0],[1,3],[0,5],[-3,2],[2,4],[-3,4],[-3,-4],[-4,0],[-2,2],[-15,24],[3,32],[-1,3],[-12,29],[-10,24],[-2,6],[-10,30],[-7,6],[-11,9],[-12,14],[-13,28],[-4,36],[-2,1],[-26,15],[-12,23],[-18,2],[-23,52],[-13,45],[-24,66],[-33,11],[1,45],[-8,32],[-7,-5],[-2,14],[-4,4],[3,5],[15,27]],[[167992,733034],[2,8],[-2,32],[-2,14],[5,-17],[8,3],[0,-33],[6,-13],[12,15],[7,-15],[11,9],[6,-16],[7,17],[17,-16],[7,20],[-8,45],[36,43],[7,-3],[5,-3],[5,23],[9,10],[5,52],[-4,20],[-1,22],[-9,27],[-2,7],[-16,23],[-1,43],[-9,34],[-4,48],[1,61],[1,14],[-2,24]],[[168147,719242],[11,-7],[25,-36],[13,-32],[7,-17],[7,-17],[12,-55],[2,0],[7,-1]],[[167877,718997],[16,73],[6,29],[1,4],[14,59],[18,69],[3,15],[0,0]]],"objects":{"cb_2020_us_zcta520_500k":{"type":"GeometryCollection","geometries":[{"arcs":[[0,1,2,3,4,5,6,7,8,9,10]],"type":"Polygon","properties":{"ZCTA5CE20":"98563"}},{"arcs":[[11,12,13,14,15,16]],"type":"Polygon","properties":{"ZCTA5CE20":"98014"}},{"arcs":[[17,18,19,20,21,22,23,24,25]],"type":"Polygon","properties":{"ZCTA5CE20":"98237"}},{"arcs":[[26,27,28,29]],"type":"Polygon","properties":{"ZCTA5CE20":"98362"}},{"arcs":[[30,31,32,33,34,-2]],"type":"Polygon","properties":{"ZCTA5CE20":"98548"}},{"arcs":[[35,-12,36,37]],"type":"Polygon","properties":{"ZCTA5CE20":"98294"}},{"arcs":[[[38,39,-20]],[[40,-22]]],"type":"MultiPolygon","properties":{"ZCTA5CE20":"98283"}},{"arcs":[[41,42,43,44,45]],"type":"Polygon","properties":{"ZCTA5CE20":"98557"}},{"arcs":[[46,47,48,49,50,51],[52]],"type":"Polygon","properties":{"ZCTA5CE20":"98290"}},{"arcs":[[53]],"type":"Polygon","properties":{"ZCTA5CE20":"98416"}},{"arcs":[[54,55,56,57,58,59,60,61,62,63]],"type":"Polygon","properties":{"ZCTA5CE20":"98223"}},{"arcs":[[64,65,-46,66,-6,67,-4],[68]],"type":"Polygon","properties":{"ZCTA5CE20":"98541"}},{"arcs":[[69,70,71,72,73,74]],"type":"Polygon","properties":{"ZCTA5CE20":"98422"}},{"arcs":[[77,78,79,80]],"type":"Polygon","properties":{"ZCTA5CE20":"98336"}},{"arcs":[[81]],"type":"Polygon","properties":{"ZCTA5CE20":"98164"}},{"arcs":[[-72,82,83,84,85,86,87,88],[89]],"type":"Polygon","properties":{"ZCTA5CE20":"98354"}},{"arcs":[[90,91]],"type":"Polygon","properties":{"ZCTA5CE20":"98207"}},{"arcs":[[92,93,94,95,96,97,98]],"type":"Polygon","properties":{"ZCTA5CE20":"98376"}},{"arcs":[[99,100,101,102,103,104,105,106]],"type":"Polygon","properties":{"ZCTA5CE20":"98288"}},{"arcs":[[107]],"type":"Polygon","properties":{"ZCTA5CE20":"98565"}},{"arcs":[[108]],"type":"Polygon","properties":{"ZCTA5CE20":"98505"}},{"arcs":[[111,-81,112,113,114,115]],"type":"Polygon","properties":{"ZCTA5CE20":"98356"}},{"arcs":[[116,117]],"type":"Polygon","properties":{"ZCTA5CE20":"98392"}},{"arcs":[[118]],"type":"Polygon","properties":{"ZCTA5CE20":"98539"}},{"arcs":[[119]],"type":"Polygon","properties":{"ZCTA5CE20":"98364"}},{"arcs":[[120,121]],"type":"Polygon","properties":{"ZCTA5CE20":"98558"}},{"arcs":[[122,123,124,125,126]],"type":"Polygon","properties":{"ZCTA5CE20":"98361"}},{"arcs":[[127,128,129,130,131,132,133,134,135,136,-110,-77],[-119],[-108]],"type":"Polygon","properties":{"ZCTA5CE20":"98532"}},{"arcs":[[137,138,139,140]],"type":"Polygon","properties":{"ZCTA5CE20":"98055"}},{"arcs":[[-58,143,144,145,-49,146]],"type":"Polygon","properties":{"ZCTA5CE20":"98252"}},{"arcs":[[147,-106,148,149,150,151]],"type":"Polygon","properties":{"ZCTA5CE20":"98045"}},{"arcs":[[152,153,154,155,-151,156,157,158,159,160,161,162,163]],"type":"Polygon","properties":{"ZCTA5CE20":"98022"}},{"arcs":[[164,165,166,167,168,169,170,171]],"type":"Polygon","properties":{"ZCTA5CE20":"98040"}},{"arcs":[[172,-14,173,-107,-148,174,175]],"type":"Polygon","properties":{"ZCTA5CE20":"98065"}},{"arcs":[[-105,176,177,-149]],"type":"Polygon","properties":{"ZCTA5CE20":"98068"}},{"arcs":[[178,179,180,181,182,183,184,185]],"type":"Polygon","properties":{"ZCTA5CE20":"98101"}},{"arcs":[[186,187,188,189]],"type":"Polygon","properties":{"ZCTA5CE20":"98136"}},{"arcs":[[-184,190,191]],"type":"Polygon","properties":{"ZCTA5CE20":"98154"}},{"arcs":[[192]],"type":"Polygon","properties":{"ZCTA5CE20":"98174"}},{"arcs":[[[193]],[[194]],[[195]],[[196,197,198]],[[199]],[[200,201]]],"type":"MultiPolygon","properties":{"ZCTA5CE20":"98221"}},{"arcs":[[205]],"type":"Polygon","properties":{"ZCTA5CE20":"98238"}},{"arcs":[[-24,206,207,208,209,210,-144,-57]],"type":"Polygon","properties":{"ZCTA5CE20":"98241"}},{"arcs":[[211]],"type":"Polygon","properties":{"ZCTA5CE20":"98255"}},{"arcs":[[212]],"type":"Polygon","properties":{"ZCTA5CE20":"98263"}},{"arcs":[[[-53]],[[213,-38,214,215,216,-51]]],"type":"MultiPolygon","properties":{"ZCTA5CE20":"98272"}},{"arcs":[[-204,217,-142,-26,218,219,220,221,222,223,224],[-213],[-212]],"type":"Polygon","properties":{"ZCTA5CE20":"98284"}},{"arcs":[[225,-161,226,-123,227,228,229]],"type":"Polygon","properties":{"ZCTA5CE20":"98304"}},{"arcs":[[230,231,232,233,234,235,236,237]],"type":"Polygon","properties":{"ZCTA5CE20":"98312"}},{"arcs":[[238]],"type":"Polygon","properties":{"ZCTA5CE20":"98314"}},{"arcs":[[239,240]],"type":"Polygon","properties":{"ZCTA5CE20":"98340"}},{"arcs":[[241,242,243,244,245,246,247,248]],"type":"Polygon","properties":{"ZCTA5CE20":"98360"}},{"arcs":[[-79,249,-126,250]],"type":"Polygon","properties":{"ZCTA5CE20":"98377"}},{"arcs":[[251,252,-93,253,-28]],"type":"Polygon","properties":{"ZCTA5CE20":"98382"}},{"arcs":[[-136,254,255,256,257,258]],"type":"Polygon","properties":{"ZCTA5CE20":"98538"}},{"arcs":[[-69]],"type":"Polygon","properties":{"ZCTA5CE20":"98559"}},{"arcs":[[-34,259,260,261,262,263,264,-42,-66,265]],"type":"Polygon","properties":{"ZCTA5CE20":"98584"}},{"arcs":[[266,267,-121,268,269,270,271,272,273]],"type":"Polygon","properties":{"ZCTA5CE20":"98597"}},{"arcs":[[276,277,278,279,-153,280,281,282,283]],"type":"Polygon","properties":{"ZCTA5CE20":"98092"}},{"arcs":[[-178,284,-276,-157,-150]],"type":"Polygon","properties":{"ZCTA5CE20":"98925"}},{"arcs":[[-271,285,286,-228,-127,-250,-78,-112,287]],"type":"Polygon","properties":{"ZCTA5CE20":"98355"}},{"arcs":[[288,-237,289,290,291,292,293,294,295,296]],"type":"Polygon","properties":{"ZCTA5CE20":"98528"}},{"arcs":[[-272,-288,-116,297,298]],"type":"Polygon","properties":{"ZCTA5CE20":"98533"}},{"arcs":[[299]],"type":"Polygon","properties":{"ZCTA5CE20":"98544"}},{"arcs":[[300,-273,-299,301,302,303,304,305,306,-133]],"type":"Polygon","properties":{"ZCTA5CE20":"98570"}},{"arcs":[[307,308,309,310,311,-175,-152,-156,312,313,314]],"type":"Polygon","properties":{"ZCTA5CE20":"98038"}},{"arcs":[[315,316,-179,317]],"type":"Polygon","properties":{"ZCTA5CE20":"98121"}},{"arcs":[[318,319,-247,320,-230,321,-286,-270],[322]],"type":"Polygon","properties":{"ZCTA5CE20":"98328"}},{"arcs":[[323,324,-95,325]],"type":"Polygon","properties":{"ZCTA5CE20":"98325"}},{"arcs":[[326,327,328,329,330,331,332,-168]],"type":"Polygon","properties":{"ZCTA5CE20":"98006"}},{"arcs":[[333,334,335,336,337,338]],"type":"Polygon","properties":{"ZCTA5CE20":"98446"}},{"arcs":[[339,340,-334,341]],"type":"Polygon","properties":{"ZCTA5CE20":"98443"}},{"arcs":[[347,348,349,350,351,352]],"type":"Polygon","properties":{"ZCTA5CE20":"98155"}},{"arcs":[[-222,353]],"type":"Polygon","properties":{"ZCTA5CE20":"98235"}},{"arcs":[[-146,354,355,356,-36,-214,-50]],"type":"Polygon","properties":{"ZCTA5CE20":"98251"}},{"arcs":[[359,360]],"type":"Polygon","properties":{"ZCTA5CE20":"98530"}},{"arcs":[[361,362,363,364,365,-181,366]],"type":"Polygon","properties":{"ZCTA5CE20":"98102"}},{"arcs":[[367,368,-361,369,-130],[-300]],"type":"Polygon","properties":{"ZCTA5CE20":"98531"}},{"arcs":[[-169,-333,370,371,372,373]],"type":"Polygon","properties":{"ZCTA5CE20":"98056"}},{"arcs":[[374,375,376,377,378,379,380,381,382]],"type":"Polygon","properties":{"ZCTA5CE20":"98433"}},{"arcs":[[383,384,385,386]],"type":"Polygon","properties":{"ZCTA5CE20":"98011"}},{"arcs":[[387,-379]],"type":"Polygon","properties":{"ZCTA5CE20":"98430"}},{"arcs":[[-325,388,389,-96]],"type":"Polygon","properties":{"ZCTA5CE20":"98365"}},{"arcs":[[390,391,392,393]],"type":"Polygon","properties":{"ZCTA5CE20":"98037"}},{"arcs":[[394,395,396,-362,397,398,399]],"type":"Polygon","properties":{"ZCTA5CE20":"98103"}},{"arcs":[[400,401,402,403,404]],"type":"Polygon","properties":{"ZCTA5CE20":"98465"}},{"arcs":[[405,406,407,408,-231,409]],"type":"Polygon","properties":{"ZCTA5CE20":"98383"}},{"arcs":[[410,-399,411,412,413,414]],"type":"Polygon","properties":{"ZCTA5CE20":"98107"}},{"arcs":[[415,416,417,418]],"type":"Polygon","properties":{"ZCTA5CE20":"98277"}},{"arcs":[[419,420]],"type":"Polygon","properties":{"ZCTA5CE20":"98050"}},{"arcs":[[421,-303,422,423,424,-305]],"type":"Polygon","properties":{"ZCTA5CE20":"98582"}},{"arcs":[[425,426,-387,427,428,-351]],"type":"Polygon","properties":{"ZCTA5CE20":"98028"}},{"arcs":[[429,430,431,432]],"type":"Polygon","properties":{"ZCTA5CE20":"98403"}},{"arcs":[[433,434,-278,435,436]],"type":"Polygon","properties":{"ZCTA5CE20":"98030"}},{"arcs":[[437,438,439,-233]],"type":"Polygon","properties":{"ZCTA5CE20":"98310"}},{"arcs":[[-332,440,-309,441,-371]],"type":"Polygon","properties":{"ZCTA5CE20":"98059"}},{"arcs":[[-311,442]],"type":"Polygon","properties":{"ZCTA5CE20":"98025"}},{"arcs":[[443,444,445,446,447,448]],"type":"Polygon","properties":{"ZCTA5CE20":"98203"}},{"arcs":[[449,450,451,-187,452]],"type":"Polygon","properties":{"ZCTA5CE20":"98126"}},{"arcs":[[453,454]],"type":"Polygon","properties":{"ZCTA5CE20":"98438"}},{"arcs":[[455]],"type":"Polygon","properties":{"ZCTA5CE20":"98447"}},{"arcs":[[[456,457]],[[458,459,-141,460,-437,461,462,463,464]]],"type":"MultiPolygon","properties":{"ZCTA5CE20":"98032"}},{"arcs":[[465,-294,466,467,-262],[468]],"type":"Polygon","properties":{"ZCTA5CE20":"98546"}},{"arcs":[[469,470]],"type":"Polygon","properties":{"ZCTA5CE20":"98358"}},{"arcs":[[471,-364,472]],"type":"Polygon","properties":{"ZCTA5CE20":"98195"}},{"arcs":[[-472,473,474,475,-365]],"type":"Polygon","properties":{"ZCTA5CE20":"98112"}},{"arcs":[[[476,-61]],[[477,-63,478,479,480]]],"type":"MultiPolygon","properties":{"ZCTA5CE20":"98271"}},{"arcs":[[481,482,483,484,-118,485,486,487,488,489,490,-408,491],[-120]],"type":"Polygon","properties":{"ZCTA5CE20":"98370"}},{"arcs":[[492,493,494,495,496,497]],"type":"Polygon","properties":{"ZCTA5CE20":"98467"}},{"arcs":[[498,499,500,501,-166,-475]],"type":"Polygon","properties":{"ZCTA5CE20":"98039"}},{"arcs":[[502,503,504,505,506]],"type":"Polygon","properties":{"ZCTA5CE20":"98166"}},{"arcs":[[507,508,509,510,511,512]],"type":"Polygon","properties":{"ZCTA5CE20":"98075"}},{"arcs":[[-410,-238,-289,513,514]],"type":"Polygon","properties":{"ZCTA5CE20":"98380"}},{"arcs":[[515,-52,-217,516,517,518,519,520,521,-446]],"type":"Polygon","properties":{"ZCTA5CE20":"98296"}},{"arcs":[[-347,522,-345,523,524,525,-275]],"type":"Polygon","properties":{"ZCTA5CE20":"98649"}},{"arcs":[[-416,526]],"type":"Polygon","properties":{"ZCTA5CE20":"98278"}},{"arcs":[[527,-295,-466,-261]],"type":"Polygon","properties":{"ZCTA5CE20":"98592"}},{"arcs":[[528,529,530,531,532,533,534]],"type":"Polygon","properties":{"ZCTA5CE20":"98501"}},{"arcs":[[-73,-89,535,-340,536,537]],"type":"Polygon","properties":{"ZCTA5CE20":"98424"}},{"arcs":[[-188,-452,539,540,541,-503,542]],"type":"Polygon","properties":{"ZCTA5CE20":"98146"}},{"arcs":[[-453,-190,543]],"type":"Polygon","properties":{"ZCTA5CE20":"98116"}},{"arcs":[[544,-59,-147,-48,545]],"type":"Polygon","properties":{"ZCTA5CE20":"98258"}},{"arcs":[[546,547,548,-64,-478,549,550]],"type":"Polygon","properties":{"ZCTA5CE20":"98292"}},{"arcs":[[-458,551,-462,-436,-277,552,553]],"type":"Polygon","properties":{"ZCTA5CE20":"98002"}},{"arcs":[[-413,554,-316,555,556]],"type":"Polygon","properties":{"ZCTA5CE20":"98119"}},{"arcs":[[557,-372,-442,-308,558,559,-139]],"type":"Polygon","properties":{"ZCTA5CE20":"98058"}},{"arcs":[[560,-534,561,562,-131,-370,-360,-369,563]],"type":"Polygon","properties":{"ZCTA5CE20":"98589"}},{"arcs":[[564,565,566]],"type":"Polygon","properties":{"ZCTA5CE20":"98260"}},{"arcs":[[-274,-301,-132,-563,567]],"type":"Polygon","properties":{"ZCTA5CE20":"98576"}},{"arcs":[[568,569,570,571,572]],"type":"Polygon","properties":{"ZCTA5CE20":"98134"}},{"arcs":[[-68,-5]],"type":"Polygon","properties":{"ZCTA5CE20":"98583"}},{"arcs":[[-201,573]],"type":"Polygon","properties":{"ZCTA5CE20":"98261"}},{"arcs":[[574,-101,575,-356]],"type":"Polygon","properties":{"ZCTA5CE20":"98256"}},{"arcs":[[576,577,-306,-425,578,-524,-344,579]],"type":"Polygon","properties":{"ZCTA5CE20":"98591"}},{"arcs":[[-428,-386,580,581,582,583,584]],"type":"Polygon","properties":{"ZCTA5CE20":"98034"}},{"arcs":[[-236,585,586,587,588,589,590,-290]],"type":"Polygon","properties":{"ZCTA5CE20":"98367"}},{"arcs":[[591,-584,592,-500,593,-396,594]],"type":"Polygon","properties":{"ZCTA5CE20":"98115"}},{"arcs":[[595,596,-400,-411,597]],"type":"Polygon","properties":{"ZCTA5CE20":"98117"}},{"arcs":[[598,-171,599,600,601]],"type":"Polygon","properties":{"ZCTA5CE20":"98118"}},{"arcs":[[-352,-429,-585,-592,602]],"type":"Polygon","properties":{"ZCTA5CE20":"98125"}},{"arcs":[[-565,603,604]],"type":"Polygon","properties":{"ZCTA5CE20":"98236"}},{"arcs":[[-418,605,606,607]],"type":"Polygon","properties":{"ZCTA5CE20":"98239"}},{"arcs":[[608,609,-566,-605,610]],"type":"Polygon","properties":{"ZCTA5CE20":"98249"}},{"arcs":[[611,612,-353,-603,-595,-395,-597,613]],"type":"Polygon","properties":{"ZCTA5CE20":"98133"}},{"arcs":[[614,615,-172,-599,616,-571]],"type":"Polygon","properties":{"ZCTA5CE20":"98144"}},{"arcs":[[-607,617,-609,618]],"type":"Polygon","properties":{"ZCTA5CE20":"98253"}},{"arcs":[[[619]],[[-198,620,621]]],"type":"MultiPolygon","properties":{"ZCTA5CE20":"98257"}},{"arcs":[[-62,-477,-60,-545,622,-479]],"type":"Polygon","properties":{"ZCTA5CE20":"98270"}},{"arcs":[[623,624,-327,-167,-502]],"type":"Polygon","properties":{"ZCTA5CE20":"98004"}},{"arcs":[[-583,625,626,-624,-501,-593]],"type":"Polygon","properties":{"ZCTA5CE20":"98033"}},{"arcs":[[-220,627,-55,-549,628]],"type":"Polygon","properties":{"ZCTA5CE20":"98274"}},{"arcs":[[-449,629,630,631,632]],"type":"Polygon","properties":{"ZCTA5CE20":"98275"}},{"arcs":[[633,-349,634]],"type":"Polygon","properties":{"ZCTA5CE20":"98043"}},{"arcs":[[-553,-284,635,636,637]],"type":"Polygon","properties":{"ZCTA5CE20":"98047"}},{"arcs":[[-582,638,639,640,641,642,643,644,-626]],"type":"Polygon","properties":{"ZCTA5CE20":"98052"}},{"arcs":[[645,646]],"type":"Polygon","properties":{"ZCTA5CE20":"98158"}},{"arcs":[[-600,-170,-374,647,648,649]],"type":"Polygon","properties":{"ZCTA5CE20":"98178"}},{"arcs":[[650,651,-16,652,-509,653,-641]],"type":"Polygon","properties":{"ZCTA5CE20":"98053"}},{"arcs":[[-373,-558,-138,-460,654,-648]],"type":"Polygon","properties":{"ZCTA5CE20":"98057"}},{"arcs":[[655,656,-465,657,658,659,-506]],"type":"Polygon","properties":{"ZCTA5CE20":"98198"}},{"arcs":[[-448,660,661,-630]],"type":"Polygon","properties":{"ZCTA5CE20":"98204"}},{"arcs":[[662,663,-518,664,-639,-581,-385]],"type":"Polygon","properties":{"ZCTA5CE20":"98072"}},{"arcs":[[-517,-216,665,-651,-640,-665]],"type":"Polygon","properties":{"ZCTA5CE20":"98077"}},{"arcs":[[[-520,666]],[[-661,-447,-522,667,668]]],"type":"MultiPolygon","properties":{"ZCTA5CE20":"98208"}},{"arcs":[[-203,-143,-218]],"type":"Polygon","properties":{"ZCTA5CE20":"98220"}},{"arcs":[[-631,-662,-669,669,-391,670]],"type":"Polygon","properties":{"ZCTA5CE20":"98087"}},{"arcs":[[-185,-192,-191,-183,671,-615,-570,672],[-193],[-82]],"type":"Polygon","properties":{"ZCTA5CE20":"98104"}},{"arcs":[[-674,-205,-225,674,675,676]],"type":"Polygon","properties":{"ZCTA5CE20":"98229"}},{"arcs":[[-617,-602,677,-541,678,-572]],"type":"Polygon","properties":{"ZCTA5CE20":"98108"}},{"arcs":[[-412,-398,-367,-180,-317,-555]],"type":"Polygon","properties":{"ZCTA5CE20":"98109"}},{"arcs":[[-676,679,680,681]],"type":"Polygon","properties":{"ZCTA5CE20":"98232"}},{"arcs":[[-675,-224,682,-680]],"type":"Polygon","properties":{"ZCTA5CE20":"98233"}},{"arcs":[[[-90]],[[-658,-464,683,-83,-71,684]]],"type":"MultiPolygon","properties":{"ZCTA5CE20":"98003"}},{"arcs":[[-644,685,-329,686]],"type":"Polygon","properties":{"ZCTA5CE20":"98007"}},{"arcs":[[-643,687,-513,688,-330,-686]],"type":"Polygon","properties":{"ZCTA5CE20":"98008"}},{"arcs":[[-215,-37,-17,-652,-666]],"type":"Polygon","properties":{"ZCTA5CE20":"98019"}},{"arcs":[[689,-612,690,691]],"type":"Polygon","properties":{"ZCTA5CE20":"98020"}},{"arcs":[[692,-659,-685,-70]],"type":"Polygon","properties":{"ZCTA5CE20":"98023"}},{"arcs":[[[693]],[[-559,-315,694,-279,-435,695]]],"type":"MultiPolygon","properties":{"ZCTA5CE20":"98042"}},{"arcs":[[696,-632,-671,-394,697,-635,-348,-613,-690]],"type":"Polygon","properties":{"ZCTA5CE20":"98026"}},{"arcs":[[-393,698,699,-426,-350,-634,-698]],"type":"Polygon","properties":{"ZCTA5CE20":"98036"}},{"arcs":[[-281,-164,700,701,-245,702,-243,703]],"type":"Polygon","properties":{"ZCTA5CE20":"98321"}},{"arcs":[[-702,704,-162,-226,-321,-246]],"type":"Polygon","properties":{"ZCTA5CE20":"98323"}},{"arcs":[[705,-587]],"type":"Polygon","properties":{"ZCTA5CE20":"98366"}},{"arcs":[[706,707,-326,-94,-253]],"type":"Polygon","properties":{"ZCTA5CE20":"98368"}},{"arcs":[[[708,-86]],[[-341,-536,-88,709,710,-335]]],"type":"MultiPolygon","properties":{"ZCTA5CE20":"98371"}},{"arcs":[[-87,-709,-85,711,-637,712,713,714,-710]],"type":"Polygon","properties":{"ZCTA5CE20":"98372"}},{"arcs":[[-711,-715,715,716,-336]],"type":"Polygon","properties":{"ZCTA5CE20":"98373"}},{"arcs":[[-636,-283,717,718,-713]],"type":"Polygon","properties":{"ZCTA5CE20":"98390"}},{"arcs":[[-718,-282,-704,-242,719]],"type":"Polygon","properties":{"ZCTA5CE20":"98391"}},{"arcs":[[-717,720,721,722,-337]],"type":"Polygon","properties":{"ZCTA5CE20":"98375"}},{"arcs":[[723,724,725]],"type":"Polygon","properties":{"ZCTA5CE20":"98394"}},{"arcs":[[-701,-163,-705]],"type":"Polygon","properties":{"ZCTA5CE20":"98396"}},{"arcs":[[726,-537,-342,727,728,729]],"type":"Polygon","properties":{"ZCTA5CE20":"98404"}},{"arcs":[[730,-375,731,732]],"type":"Polygon","properties":{"ZCTA5CE20":"98327"}},{"arcs":[[-591,733,734,735,-724,736,-291]],"type":"Polygon","properties":{"ZCTA5CE20":"98329"}},{"arcs":[[-229,-287,-322]],"type":"Polygon","properties":{"ZCTA5CE20":"98330"}},{"arcs":[[-440,737,-234],[-239]],"type":"Polygon","properties":{"ZCTA5CE20":"98337"}},{"arcs":[[738,739]],"type":"Polygon","properties":{"ZCTA5CE20":"98335"}},{"arcs":[[[-323]],[[740,-722,741,-248,-320,742]]],"type":"MultiPolygon","properties":{"ZCTA5CE20":"98338"}},{"arcs":[[743,-470,744,-389,-324,-708]],"type":"Polygon","properties":{"ZCTA5CE20":"98339"}},{"arcs":[[745,-487]],"type":"Polygon","properties":{"ZCTA5CE20":"98345"}},{"arcs":[[746,-240,747,748,-483]],"type":"Polygon","properties":{"ZCTA5CE20":"98346"}},{"arcs":[[749,750]],"type":"Polygon","properties":{"ZCTA5CE20":"98351"}},{"arcs":[[[751,-489]],[[-409,-491,752,-438,-232]]],"type":"MultiPolygon","properties":{"ZCTA5CE20":"98311"}},{"arcs":[[[753]],[[754,-358]]],"type":"MultiPolygon","properties":{"ZCTA5CE20":"98279"}},{"arcs":[[-359,755,-539]],"type":"Polygon","properties":{"ZCTA5CE20":"98280"}},{"arcs":[[-551,756]],"type":"Polygon","properties":{"ZCTA5CE20":"98282"}},{"arcs":[[757,-580,-343,758,-256]],"type":"Polygon","properties":{"ZCTA5CE20":"98593"}},{"arcs":[[-135,759,-577,-758,-255]],"type":"Polygon","properties":{"ZCTA5CE20":"98596"}},{"arcs":[[-405,760,-493,761]],"type":"Polygon","properties":{"ZCTA5CE20":"98466"}},{"arcs":[[-514,-297,762]],"type":"Polygon","properties":{"ZCTA5CE20":"98588"}},{"arcs":[[763,764,765,-32]],"type":"Polygon","properties":{"ZCTA5CE20":"98555"}},{"arcs":[[-35,-266,-65,-3]],"type":"Polygon","properties":{"ZCTA5CE20":"98560"}},{"arcs":[[-424,766,-114,767,-525,-579]],"type":"Polygon","properties":{"ZCTA5CE20":"98564"}},{"arcs":[[-137,-259,768,-111]],"type":"Polygon","properties":{"ZCTA5CE20":"98572"}},{"arcs":[[769,-564,-368,-129,770]],"type":"Polygon","properties":{"ZCTA5CE20":"98579"}},{"arcs":[[771,-431,772,773,-403]],"type":"Polygon","properties":{"ZCTA5CE20":"98405"}},{"arcs":[[[774]],[[775,776,-433,777,778],[779,780],[781]]],"type":"MultiPolygon","properties":{"ZCTA5CE20":"98407"}},{"arcs":[[782,783,-729,784]],"type":"Polygon","properties":{"ZCTA5CE20":"98408"}},{"arcs":[[-494,-761,-404,-774,785,786,-783,787]],"type":"Polygon","properties":{"ZCTA5CE20":"98409"}},{"arcs":[[788,-730,-784,-787]],"type":"Polygon","properties":{"ZCTA5CE20":"98418"}},{"arcs":[[-74,-538,-727,789,790]],"type":"Polygon","properties":{"ZCTA5CE20":"98421"}},{"arcs":[[-785,791,792,793,794],[-456]],"type":"Polygon","properties":{"ZCTA5CE20":"98444"}},{"arcs":[[-728,-339,795,-792]],"type":"Polygon","properties":{"ZCTA5CE20":"98445"}},{"arcs":[[796,-496,797,798,-380,-388,-378]],"type":"Polygon","properties":{"ZCTA5CE20":"98498"}},{"arcs":[[-495,-788,-795,799,-454,800,-798]],"type":"Polygon","properties":{"ZCTA5CE20":"98499"}},{"arcs":[[-265,801,-529,802,-43],[-109]],"type":"Polygon","properties":{"ZCTA5CE20":"98502"}},{"arcs":[[803,804,-532]],"type":"Polygon","properties":{"ZCTA5CE20":"98503"}},{"arcs":[[-264,805,806,-530,-802]],"type":"Polygon","properties":{"ZCTA5CE20":"98506"}},{"arcs":[[-44,-803,-535,-561,-770,807],[808]],"type":"Polygon","properties":{"ZCTA5CE20":"98512"}},{"arcs":[[[-293,809,-467]],[[-469]]],"type":"MultiPolygon","properties":{"ZCTA5CE20":"98524"}},{"arcs":[[-7,-67,-45,-808,-771,-128,-76]],"type":"Polygon","properties":{"ZCTA5CE20":"98568"}},{"arcs":[[-807,810,-733,811,-804,-531]],"type":"Polygon","properties":{"ZCTA5CE20":"98516"}},{"arcs":[[-691,-614,-596,812]],"type":"Polygon","properties":{"ZCTA5CE20":"98177"}},{"arcs":[[-382,813,814,-743,-319,-269,-122,-268,815]],"type":"Polygon","properties":{"ZCTA5CE20":"98580"}},{"arcs":[[-654,-508,-688,-642]],"type":"Polygon","properties":{"ZCTA5CE20":"98074"}},{"arcs":[[-523,-346]],"type":"Polygon","properties":{"ZCTA5CE20":"98645"}},{"arcs":[[-492,-407,816]],"type":"Polygon","properties":{"ZCTA5CE20":"98315"}},{"arcs":[[-749,817,-484]],"type":"Polygon","properties":{"ZCTA5CE20":"98342"}},{"arcs":[[-703,-244]],"type":"Polygon","properties":{"ZCTA5CE20":"98385"}},{"arcs":[[[-725,-736,818,-750,819]],[[820]]],"type":"MultiPolygon","properties":{"ZCTA5CE20":"98349"}},{"arcs":[[821,822,-589]],"type":"Polygon","properties":{"ZCTA5CE20":"98359"}},{"arcs":[[[823,-497,-797,-377]],[[824]],[[825]]],"type":"MultiPolygon","properties":{"ZCTA5CE20":"98388"}},{"arcs":[[826,-573,-679,-540,-451]],"type":"Polygon","properties":{"ZCTA5CE20":"98106"}},{"arcs":[[827,828,-647,829,-656,-505]],"type":"Polygon","properties":{"ZCTA5CE20":"98148"}},{"arcs":[[-678,-601,-650,830,-828,-504,-542]],"type":"Polygon","properties":{"ZCTA5CE20":"98168"}},{"arcs":[[-414,-557,831]],"type":"Polygon","properties":{"ZCTA5CE20":"98199"}},{"arcs":[[-695,-314,832,-154,-280],[-694]],"type":"Polygon","properties":{"ZCTA5CE20":"98010"}},{"arcs":[[-670,-668,-521,-667,-519,-664,833,-699,-392]],"type":"Polygon","properties":{"ZCTA5CE20":"98012"}},{"arcs":[[-834,-663,-384,-427,-700]],"type":"Polygon","properties":{"ZCTA5CE20":"98021"}},{"arcs":[[-809]],"type":"Polygon","properties":{"ZCTA5CE20":"98556"}},{"arcs":[[-510,-653,-15,-173,834,-421,835,836]],"type":"Polygon","properties":{"ZCTA5CE20":"98024"}},{"arcs":[[-98,837,-765,838]],"type":"Polygon","properties":{"ZCTA5CE20":"98320"}},{"arcs":[[[-480,-623,-546,-47,-516,-445,839,-91,840]],[[841]]],"type":"MultiPolygon","properties":{"ZCTA5CE20":"98201"}},{"arcs":[[-594,-499,-474,-473,-363,-397]],"type":"Polygon","properties":{"ZCTA5CE20":"98105"}},{"arcs":[[-331,-689,-512,842,-836,-420,-835,-176,-312,-443,-310,-441]],"type":"Polygon","properties":{"ZCTA5CE20":"98027"}},{"arcs":[[-646,-829,-831,-649,-655,-459,-657,-830]],"type":"Polygon","properties":{"ZCTA5CE20":"98188"}},{"arcs":[[-734,-590,-823,843,-739,844]],"type":"Polygon","properties":{"ZCTA5CE20":"98332"}},{"arcs":[[-463,-552,-457,-554,-638,-712,-84,-684]],"type":"Polygon","properties":{"ZCTA5CE20":"98001"}},{"arcs":[[-799,-801,-455,-800,-794,845,-814,-381]],"type":"Polygon","properties":{"ZCTA5CE20":"98439"}},{"arcs":[[-511,-837,-843]],"type":"Polygon","properties":{"ZCTA5CE20":"98029"}},{"arcs":[[-714,-719,-720,-249,-742,-721,-716]],"type":"Polygon","properties":{"ZCTA5CE20":"98374"}},{"arcs":[[-627,-645,-687,-328,-625]],"type":"Polygon","properties":{"ZCTA5CE20":"98005"}},{"arcs":[[-140,-560,-696,-434,-461]],"type":"Polygon","properties":{"ZCTA5CE20":"98031"}},{"arcs":[[-155,-833,-313]],"type":"Polygon","properties":{"ZCTA5CE20":"98051"}},{"arcs":[[-681,-683,-223,-354,-221,-629,-548,846,-621,-197,847],[-206]],"type":"Polygon","properties":{"ZCTA5CE20":"98273"}},{"arcs":[[-366,-476,-165,-616,-672,-182]],"type":"Polygon","properties":{"ZCTA5CE20":"98122"}},{"arcs":[[-357,-576,-100,-174,-13]],"type":"Polygon","properties":{"ZCTA5CE20":"98224"}},{"arcs":[[-796,-338,-723,-741,-815,-846,-793]],"type":"Polygon","properties":{"ZCTA5CE20":"98387"}},{"arcs":[[[848,-790,-789,-786,-773,-430,-777]],[[-780,-781]],[[-782]]],"type":"MultiPolygon","properties":{"ZCTA5CE20":"98402"}},{"arcs":[[849,-778,-432,-772,-402],[-775],[-54]],"type":"Polygon","properties":{"ZCTA5CE20":"98406"}},{"arcs":[[-805,-812,-732,-383,-816,-267,-568,-562,-533]],"type":"Polygon","properties":{"ZCTA5CE20":"98513"}},{"arcs":[[[-422,-304]],[[-760,-134,-307,-578]]],"type":"MultiPolygon","properties":{"ZCTA5CE20":"98542"}},{"arcs":[[-298,-115,-767,-423,-302]],"type":"Polygon","properties":{"ZCTA5CE20":"98585"}}]}}}